ac_year,st_code,state_name,dt_code,district_name,block_cd,udise_block_name,loc_name,sch_category_id,tr_cat_name,school_category,sch_mgmt_id,sch_mgmt_name,caste_id,caste_name,pre_primary_boy,pre_primary_girl,class1_boy,class2_boy,class3_boy,class4_boy,class5_boy,class6_boy,class7_boy,class8_boy,class9_boy,class10_boy,class11_boy,class12_boy,class1_girl,class2_girl,class3_girl,class4_girl,class5_girl,class6_girl,class7_girl,class8_girl,class9_girl,class10_girl,class11_girl,class12_girl
2019-20,33,Tamilnadu,3331,KRISHNAGIRI,333110,KRISHNAGIRI,Urban,2,cat2,"UPS (I-VIII)",3,"Local body",4,OBC,42,52,54,62,69,55,55,71,85,68,0,0,0,0,42,60,57,63,79,75,71,81,0,0,0,0
2019-20,33,Tamilnadu,3331,KRISHNAGIRI,333112,BARGUR,Rural,2,cat2,"UPS (I-VIII)",4,"Government Aided",4,OBC,0,0,4,3,2,2,4,8,1,4,0,0,0,0,1,2,2,5,2,5,4,4,0,0,0,0
2019-20,33,Tamilnadu,3331,KRISHNAGIRI,333117,THALLY,Rural,2,cat2,"UPS (I-VIII)",4,"Government Aided",4,OBC,0,0,14,5,8,7,13,14,19,16,0,0,0,0,13,8,16,9,11,9,13,6,0,0,0,0
2019-20,33,Tamilnadu,3331,KRISHNAGIRI,333110,KRISHNAGIRI,Urban,2,cat2,"UPS (I-VIII)",4,"Government Aided",4,OBC,0,0,17,6,10,9,17,16,25,23,0,0,0,0,19,13,11,14,10,17,8,18,0,0,0,0
2019-20,33,Tamilnadu,3331,KRISHNAGIRI,333111,KAVERIPATINAM,Urban,2,cat2,"UPS (I-VIII)",4,"Government Aided",4,OBC,0,0,13,8,6,6,13,0,0,0,0,0,0,0,14,5,1,5,10,0,0,0,0,0,0,0
2019-20,33,Tamilnadu,3331,KRISHNAGIRI,333110,KRISHNAGIRI,Rural,2,cat2,"UPS (I-VIII)",5,"Private Unaided (Recognized)",4,OBC,63,45,39,38,34,33,33,14,12,15,0,0,0,0,26,24,24,19,15,17,7,10,0,0,0,0
2019-20,33,Tamilnadu,3331,KRISHNAGIRI,333111,KAVERIPATINAM,Rural,2,cat2,"UPS (I-VIII)",5,"Private Unaided (Recognized)",4,OBC,64,41,22,23,36,23,18,12,6,1,0,0,0,0,19,13,18,12,10,7,6,0,0,0,0,0
2019-20,33,Tamilnadu,3331,KRISHNAGIRI,333112,BARGUR,Rural,2,cat2,"UPS (I-VIII)",5,"Private Unaided (Recognized)",4,OBC,237,198,130,136,71,168,105,81,62,47,0,0,0,0,106,97,48,113,63,48,59,32,0,0,0,0
2019-20,33,Tamilnadu,3331,KRISHNAGIRI,333115,HOSUR,Rural,2,cat2,"UPS (I-VIII)",5,"Private Unaided (Recognized)",4,OBC,5,6,10,8,9,9,15,4,0,1,0,0,0,0,3,6,9,3,4,3,0,1,0,0,0,0
2019-20,33,Tamilnadu,3331,KRISHNAGIRI,333117,THALLY,Rural,2,cat2,"UPS (I-VIII)",5,"Private Unaided (Recognized)",4,OBC,28,12,11,2,16,9,12,10,5,6,0,0,0,0,10,4,12,8,10,6,13,8,0,0,0,0
2019-20,33,Tamilnadu,3331,KRISHNAGIRI,333118,MATHUR,Rural,2,cat2,"UPS (I-VIII)",5,"Private Unaided (Recognized)",4,OBC,3,7,9,5,6,4,4,4,0,1,0,0,0,0,4,6,5,3,1,1,1,1,0,0,0,0
2019-20,33,Tamilnadu,3331,KRISHNAGIRI,333111,KAVERIPATINAM,Urban,2,cat2,"UPS (I-VIII)",5,"Private Unaided (Recognized)",4,OBC,44,36,16,6,10,3,2,2,0,0,0,0,0,0,18,3,9,2,4,3,0,0,0,0,0,0
2019-20,33,Tamilnadu,3331,KRISHNAGIRI,333112,BARGUR,Urban,2,cat2,"UPS (I-VIII)",5,"Private Unaided (Recognized)",4,OBC,0,0,5,11,3,11,3,7,8,10,0,0,0,0,7,3,6,4,6,12,6,9,0,0,0,0
2019-20,33,Tamilnadu,3331,KRISHNAGIRI,333115,HOSUR,Urban,2,cat2,"UPS (I-VIII)",5,"Private Unaided (Recognized)",4,OBC,91,116,143,133,103,84,95,78,121,96,0,0,0,0,141,110,86,95,98,107,99,95,0,0,0,0
2019-20,33,Tamilnadu,3331,KRISHNAGIRI,333117,THALLY,Urban,2,cat2,"UPS (I-VIII)",5,"Private Unaided (Recognized)",4,OBC,29,29,13,20,15,11,8,8,11,2,0,0,0,0,7,16,12,7,13,6,9,5,0,0,0,0
2019-20,33,Tamilnadu,3331,KRISHNAGIRI,333113,VEPPANAPALLI,Rural,2,cat2,"UPS (I-VIII)",6,"Other Govt. managed schools",4,OBC,0,0,0,0,0,0,0,0,0,0,0,0,0,0,0,0,0,0,0,15,21,19,0,0,0,0
2019-20,33,Tamilnadu,3331,KRISHNAGIRI,333114,SHOOLAGIRI,Rural,2,cat2,"UPS (I-VIII)",6,"Other Govt. managed schools",4,OBC,0,0,1,3,3,2,6,8,3,4,0,0,0,0,0,1,1,1,20,13,16,17,0,0,0,0
2019-20,33,Tamilnadu,3331,KRISHNAGIRI,333117,THALLY,Rural,2,cat2,"UPS (I-VIII)",6,"Other Govt. managed schools",4,OBC,0,0,0,2,4,5,11,11,6,4,0,0,0,0,0,0,2,2,10,16,13,19,0,0,0,0
2019-20,33,Tamilnadu,3331,KRISHNAGIRI,333116,KELAMANGALAM,Urban,2,cat2,"UPS (I-VIII)",6,"Other Govt. managed schools",4,OBC,0,0,0,0,1,5,5,5,6,6,0,0,0,0,0,0,1,1,3,29,36,30,0,0,0,0
2019-20,33,Tamilnadu,3331,KRISHNAGIRI,333113,VEPPANAPALLI,Rural,2,cat2,"UPS (I-VIII)",8,Unrecognized,4,OBC,29,22,27,22,36,20,30,26,21,14,0,0,0,0,13,15,24,15,20,17,7,9,0,0,0,0
2019-20,33,Tamilnadu,3331,KRISHNAGIRI,333112,BARGUR,Urban,2,cat2,"UPS (I-VIII)",90,"Social welfare Department",4,OBC,0,0,0,4,2,0,1,0,3,4,0,0,0,0,2,1,2,1,2,4,1,2,0,0,0,0
2019-20,33,Tamilnadu,3331,KRISHNAGIRI,333109,UTHANGARAI,Rural,3,cat3,"HSS (I-XII)",1,"Department of Education",1,General,0,0,0,0,0,0,0,0,0,0,0,0,0,0,0,0,0,0,0,0,1,0,0,0,0,0
2019-20,33,Tamilnadu,3331,KRISHNAGIRI,333109,UTHANGARAI,Rural,3,cat3,"HSS (I-XII)",5,"Private Unaided (Recognized)",1,General,1,4,4,1,4,3,1,3,6,5,2,2,5,12,3,1,1,3,6,3,5,4,2,4,3,3
2019-20,33,Tamilnadu,3331,KRISHNAGIRI,333110,KRISHNAGIRI,Rural,3,cat3,"HSS (I-XII)",5,"Private Unaided (Recognized)",1,General,88,59,23,26,8,18,16,12,17,30,21,28,25,27,31,13,8,17,17,11,22,15,15,25,17,30
2019-20,33,Tamilnadu,3331,KRISHNAGIRI,333111,KAVERIPATINAM,Rural,3,cat3,"HSS (I-XII)",5,"Private Unaided (Recognized)",1,General,1,2,2,1,0,3,2,1,3,2,0,3,1,2,0,1,1,2,3,2,2,2,0,1,0,1
2019-20,33,Tamilnadu,3331,KRISHNAGIRI,333112,BARGUR,Rural,3,cat3,"HSS (I-XII)",5,"Private Unaided (Recognized)",1,General,1,0,1,4,2,1,2,0,0,1,0,3,0,0,1,0,1,0,0,1,2,2,0,1,0,1
2019-20,33,Tamilnadu,3331,KRISHNAGIRI,333113,VEPPANAPALLI,Rural,3,cat3,"HSS (I-XII)",5,"Private Unaided (Recognized)",1,General,0,0,4,1,3,3,6,4,10,10,14,22,12,15,2,3,1,1,3,3,3,4,9,10,12,8
2019-20,33,Tamilnadu,3331,KRISHNAGIRI,333114,SHOOLAGIRI,Rural,3,cat3,"HSS (I-XII)",5,"Private Unaided (Recognized)",1,General,13,9,7,6,4,10,10,9,8,5,2,6,5,3,4,5,6,4,5,4,7,2,9,9,3,3
2019-20,33,Tamilnadu,3331,KRISHNAGIRI,333115,HOSUR,Rural,3,cat3,"HSS (I-XII)",5,"Private Unaided (Recognized)",1,General,188,190,164,129,159,156,152,168,154,100,77,82,92,74,131,149,126,122,152,148,127,91,67,82,97,71
2019-20,33,Tamilnadu,3331,KRISHNAGIRI,333116,KELAMANGALAM,Rural,3,cat3,"HSS (I-XII)",5,"Private Unaided (Recognized)",1,General,3,3,1,1,3,2,1,1,2,3,1,3,4,2,3,1,2,1,3,1,1,0,1,2,4,2
2019-20,33,Tamilnadu,3331,KRISHNAGIRI,333117,THALLY,Rural,3,cat3,"HSS (I-XII)",5,"Private Unaided (Recognized)",1,General,6,4,9,5,16,11,20,11,15,12,12,10,13,9,8,15,12,13,12,10,8,10,9,6,11,9
2019-20,33,Tamilnadu,3331,KRISHNAGIRI,333118,MATHUR,Rural,3,cat3,"HSS (I-XII)",5,"Private Unaided (Recognized)",1,General,0,0,0,0,0,0,0,0,0,0,0,0,0,0,0,0,0,2,0,0,1,0,0,0,0,0
2019-20,33,Tamilnadu,3331,KRISHNAGIRI,333109,UTHANGARAI,Urban,3,cat3,"HSS (I-XII)",5,"Private Unaided (Recognized)",1,General,0,1,1,0,2,1,0,0,2,0,2,2,1,0,0,0,1,0,0,0,0,0,2,1,1,1
2019-20,33,Tamilnadu,3331,KRISHNAGIRI,333110,KRISHNAGIRI,Urban,3,cat3,"HSS (I-XII)",5,"Private Unaided (Recognized)",1,General,1,2,0,0,0,1,4,1,3,2,6,4,2,4,2,0,1,0,2,1,4,1,4,4,4,4
2019-20,33,Tamilnadu,3331,KRISHNAGIRI,333112,BARGUR,Urban,3,cat3,"HSS (I-XII)",5,"Private Unaided (Recognized)",1,General,2,0,0,0,0,2,0,1,2,2,2,1,1,1,0,0,0,1,1,1,0,0,4,2,1,2
2019-20,33,Tamilnadu,3331,KRISHNAGIRI,333115,HOSUR,Urban,3,cat3,"HSS (I-XII)",5,"Private Unaided (Recognized)",1,General,139,128,80,81,70,83,91,87,70,66,66,67,78,73,65,63,73,65,70,76,72,58,54,61,101,93
2019-20,33,Tamilnadu,3331,KRISHNAGIRI,333116,KELAMANGALAM,Urban,3,cat3,"HSS (I-XII)",5,"Private Unaided (Recognized)",1,General,4,2,4,4,3,9,7,5,4,5,15,7,9,13,2,2,2,4,5,2,6,8,7,9,15,10
2019-20,33,Tamilnadu,3331,KRISHNAGIRI,333109,UTHANGARAI,Rural,5,cat5,"HSS (VI-XII)",1,"Department of Education",1,General,0,0,0,0,0,0,0,0,0,0,0,4,0,1,0,0,0,0,0,0,0,1,1,3,1,1
2019-20,33,Tamilnadu,3331,KRISHNAGIRI,333110,KRISHNAGIRI,Rural,5,cat5,"HSS (VI-XII)",1,"Department of Education",1,General,0,0,0,0,0,0,0,0,0,0,0,0,0,0,0,0,0,0,0,0,0,0,0,0,0,0
2019-20,33,Tamilnadu,3331,KRISHNAGIRI,333111,KAVERIPATINAM,Rural,5,cat5,"HSS (VI-XII)",1,"Department of Education",1,General,0,0,0,0,0,0,0,0,0,0,0,0,0,0,0,0,0,0,0,0,2,0,1,0,0,1
2019-20,33,Tamilnadu,3331,KRISHNAGIRI,333112,BARGUR,Rural,5,cat5,"HSS (VI-XII)",1,"Department of Education",1,General,0,0,0,0,0,0,0,1,1,2,0,0,1,1,0,0,0,0,0,0,0,0,0,0,0,1
2019-20,33,Tamilnadu,3331,KRISHNAGIRI,333113,VEPPANAPALLI,Rural,5,cat5,"HSS (VI-XII)",1,"Department of Education",1,General,0,0,0,0,0,0,0,0,0,0,0,0,0,0,0,0,0,0,0,0,0,3,0,0,2,0
2019-20,33,Tamilnadu,3331,KRISHNAGIRI,333114,SHOOLAGIRI,Rural,5,cat5,"HSS (VI-XII)",1,"Department of Education",1,General,0,0,0,0,0,0,0,10,8,9,11,6,6,11,0,0,0,0,0,14,8,7,12,13,19,10
2019-20,33,Tamilnadu,3331,KRISHNAGIRI,333115,HOSUR,Rural,5,cat5,"HSS (VI-XII)",1,"Department of Education",1,General,0,0,0,0,0,0,0,10,5,5,14,17,9,9,0,0,0,0,0,19,17,26,40,42,44,53
2019-20,33,Tamilnadu,3331,KRISHNAGIRI,333116,KELAMANGALAM,Rural,5,cat5,"HSS (VI-XII)",1,"Department of Education",1,General,0,0,0,0,0,0,0,2,0,1,2,6,4,2,0,0,0,0,0,0,0,5,1,3,3,4
2019-20,33,Tamilnadu,3331,KRISHNAGIRI,333117,THALLY,Rural,5,cat5,"HSS (VI-XII)",1,"Department of Education",1,General,0,0,0,0,0,0,0,14,5,6,12,13,11,14,0,0,0,0,0,4,3,4,8,6,11,15
2019-20,33,Tamilnadu,3331,KRISHNAGIRI,333118,MATHUR,Rural,5,cat5,"HSS (VI-XII)",1,"Department of Education",1,General,0,0,0,0,0,0,0,0,0,1,0,1,1,0,0,0,0,0,0,0,0,0,0,0,0,1
2019-20,33,Tamilnadu,3331,KRISHNAGIRI,333109,UTHANGARAI,Urban,5,cat5,"HSS (VI-XII)",1,"Department of Education",1,General,0,0,0,0,0,0,0,1,4,5,1,0,3,0,0,0,0,0,0,3,2,1,6,4,1,0
2019-20,33,Tamilnadu,3331,KRISHNAGIRI,333110,KRISHNAGIRI,Urban,5,cat5,"HSS (VI-XII)",1,"Department of Education",1,General,0,0,0,0,0,0,0,0,1,0,0,0,0,2,0,0,0,0,0,1,0,1,4,1,4,2
2019-20,33,Tamilnadu,3331,KRISHNAGIRI,333111,KAVERIPATINAM,Urban,5,cat5,"HSS (VI-XII)",1,"Department of Education",1,General,0,0,0,0,0,0,0,0,1,0,1,0,0,0,0,0,0,0,0,0,0,0,0,0,0,0
2019-20,33,Tamilnadu,3331,KRISHNAGIRI,333112,BARGUR,Urban,5,cat5,"HSS (VI-XII)",1,"Department of Education",1,General,0,0,0,0,0,0,0,0,0,0,0,0,0,0,0,0,0,0,0,0,0,0,1,0,0,1
2019-20,33,Tamilnadu,3331,KRISHNAGIRI,333115,HOSUR,Urban,5,cat5,"HSS (VI-XII)",1,"Department of Education",1,General,0,0,0,0,0,0,0,6,3,10,16,19,19,12,0,0,0,0,0,1,2,4,6,6,5,2
2019-20,33,Tamilnadu,3331,KRISHNAGIRI,333116,KELAMANGALAM,Urban,5,cat5,"HSS (VI-XII)",1,"Department of Education",1,General,0,0,0,0,0,0,0,1,2,3,4,4,10,10,0,0,0,0,0,1,1,1,7,2,22,16
2019-20,33,Tamilnadu,3331,KRISHNAGIRI,333110,KRISHNAGIRI,Urban,5,cat5,"HSS (VI-XII)",3,"Local body",1,General,0,0,0,0,0,0,0,0,0,0,0,0,0,0,0,0,0,0,0,0,0,0,0,0,0,0
2019-20,33,Tamilnadu,3331,KRISHNAGIRI,333112,BARGUR,Rural,5,cat5,"HSS (VI-XII)",4,"Government Aided",1,General,0,0,0,0,0,0,0,1,0,0,1,2,0,1,0,0,0,0,0,1,0,0,0,0,1,0
2019-20,33,Tamilnadu,3331,KRISHNAGIRI,333116,KELAMANGALAM,Rural,5,cat5,"HSS (VI-XII)",4,"Government Aided",1,General,0,0,0,0,0,0,0,3,1,6,4,7,1,6,0,0,0,0,0,1,3,1,3,7,0,4
2019-20,33,Tamilnadu,3331,KRISHNAGIRI,333117,THALLY,Rural,5,cat5,"HSS (VI-XII)",4,"Government Aided",1,General,0,0,0,0,0,0,0,1,1,2,0,0,0,0,0,0,0,0,0,2,2,1,2,0,2,1
2019-20,33,Tamilnadu,3331,KRISHNAGIRI,333110,KRISHNAGIRI,Urban,5,cat5,"HSS (VI-XII)",4,"Government Aided",1,General,0,0,0,0,0,0,0,0,0,0,0,0,0,0,0,0,0,0,0,0,1,0,1,0,1,1
2019-20,33,Tamilnadu,3331,KRISHNAGIRI,333112,BARGUR,Urban,5,cat5,"HSS (VI-XII)",4,"Government Aided",1,General,0,0,0,0,0,0,0,0,0,0,0,0,0,0,0,0,0,0,0,0,0,0,0,0,0,0
2019-20,33,Tamilnadu,3331,KRISHNAGIRI,333115,HOSUR,Urban,5,cat5,"HSS (VI-XII)",4,"Government Aided",1,General,0,0,0,0,0,0,0,0,0,0,0,0,0,0,0,0,0,0,0,4,3,4,11,4,3,7
2019-20,33,Tamilnadu,3331,KRISHNAGIRI,333110,KRISHNAGIRI,Rural,5,cat5,"HSS (VI-XII)",5,"Private Unaided (Recognized)",1,General,0,0,0,0,0,0,0,0,0,0,1,0,0,0,0,0,0,0,0,0,0,0,0,0,0,0
2019-20,33,Tamilnadu,3331,KRISHNAGIRI,333111,KAVERIPATINAM,Rural,5,cat5,"HSS (VI-XII)",5,"Private Unaided (Recognized)",1,General,0,0,0,0,0,0,0,0,0,0,0,1,0,0,0,0,0,0,0,0,0,0,0,0,0,0
2019-20,33,Tamilnadu,3331,KRISHNAGIRI,333112,BARGUR,Rural,5,cat5,"HSS (VI-XII)",5,"Private Unaided (Recognized)",1,General,0,0,0,0,0,0,0,0,0,0,1,1,0,0,0,0,0,0,0,0,0,0,0,0,0,0
2019-20,33,Tamilnadu,3331,KRISHNAGIRI,333115,HOSUR,Rural,5,cat5,"HSS (VI-XII)",5,"Private Unaided (Recognized)",1,General,0,0,0,0,0,0,0,2,13,9,13,6,18,47,0,0,0,0,0,5,7,11,8,2,13,42
2019-20,33,Tamilnadu,3331,KRISHNAGIRI,333117,THALLY,Rural,5,cat5,"HSS (VI-XII)",5,"Private Unaided (Recognized)",1,General,0,0,0,0,0,0,0,0,0,0,0,0,0,0,0,0,0,0,0,0,0,0,0,0,0,0
2019-20,33,Tamilnadu,3331,KRISHNAGIRI,333112,BARGUR,Urban,5,cat5,"HSS (VI-XII)",5,"Private Unaided (Recognized)",1,General,0,0,0,0,0,0,0,0,0,0,0,0,0,0,0,0,0,0,0,0,0,0,0,0,0,0
2019-20,33,Tamilnadu,3331,KRISHNAGIRI,333109,UTHANGARAI,Rural,1,cat1,"PS (I-V)",1,"Department of Education",1,General,0,0,4,1,1,2,2,0,0,0,0,0,0,0,5,1,0,1,0,0,0,0,0,0,0,0
2019-20,33,Tamilnadu,3331,KRISHNAGIRI,333110,KRISHNAGIRI,Rural,1,cat1,"PS (I-V)",1,"Department of Education",1,General,0,0,0,0,0,0,0,0,0,0,0,0,0,0,0,0,0,0,1,0,0,0,0,0,0,0
2019-20,33,Tamilnadu,3331,KRISHNAGIRI,333111,KAVERIPATINAM,Rural,1,cat1,"PS (I-V)",1,"Department of Education",1,General,0,0,1,0,0,1,1,0,0,0,0,0,0,0,1,1,1,0,0,0,0,0,0,0,0,0
2019-20,33,Tamilnadu,3331,KRISHNAGIRI,333112,BARGUR,Rural,1,cat1,"PS (I-V)",1,"Department of Education",1,General,0,0,0,0,0,1,2,0,0,0,0,0,0,0,0,0,0,1,0,0,0,0,0,0,0,0
2019-20,33,Tamilnadu,3331,KRISHNAGIRI,333113,VEPPANAPALLI,Rural,1,cat1,"PS (I-V)",1,"Department of Education",1,General,0,0,0,0,0,0,1,0,0,0,0,0,0,0,0,0,1,0,3,0,0,0,0,0,0,0
2019-20,33,Tamilnadu,3331,KRISHNAGIRI,333114,SHOOLAGIRI,Rural,1,cat1,"PS (I-V)",1,"Department of Education",1,General,0,0,7,11,10,13,9,0,0,0,0,0,0,0,11,11,13,14,14,0,0,0,0,0,0,0
2019-20,33,Tamilnadu,3331,KRISHNAGIRI,333115,HOSUR,Rural,1,cat1,"PS (I-V)",1,"Department of Education",1,General,0,0,42,42,33,31,24,0,0,0,0,0,0,0,48,35,29,41,20,0,0,0,0,0,0,0
2019-20,33,Tamilnadu,3331,KRISHNAGIRI,333116,KELAMANGALAM,Rural,1,cat1,"PS (I-V)",1,"Department of Education",1,General,0,0,4,5,5,8,4,0,0,0,0,0,0,0,4,7,6,10,7,0,0,0,0,0,0,0
2019-20,33,Tamilnadu,3331,KRISHNAGIRI,333117,THALLY,Rural,1,cat1,"PS (I-V)",1,"Department of Education",1,General,0,0,13,16,10,16,18,0,0,0,0,0,0,0,10,8,13,16,9,0,0,0,0,0,0,0
2019-20,33,Tamilnadu,3331,KRISHNAGIRI,333118,MATHUR,Rural,1,cat1,"PS (I-V)",1,"Department of Education",1,General,0,0,0,1,1,0,2,0,0,0,0,0,0,0,0,2,2,0,0,0,0,0,0,0,0,0
2019-20,33,Tamilnadu,3331,KRISHNAGIRI,333109,UTHANGARAI,Urban,1,cat1,"PS (I-V)",1,"Department of Education",1,General,0,0,0,0,0,0,0,0,0,0,0,0,0,0,0,0,0,0,0,0,0,0,0,0,0,0
2019-20,33,Tamilnadu,3331,KRISHNAGIRI,333111,KAVERIPATINAM,Urban,1,cat1,"PS (I-V)",1,"Department of Education",1,General,0,0,0,0,0,0,1,0,0,0,0,0,0,0,0,0,0,0,0,0,0,0,0,0,0,0
2019-20,33,Tamilnadu,3331,KRISHNAGIRI,333112,BARGUR,Urban,1,cat1,"PS (I-V)",1,"Department of Education",1,General,0,0,0,0,0,0,0,0,0,0,0,0,0,0,0,0,0,0,1,0,0,0,0,0,0,0
2019-20,33,Tamilnadu,3331,KRISHNAGIRI,333114,SHOOLAGIRI,Urban,1,cat1,"PS (I-V)",1,"Department of Education",1,General,0,0,0,0,0,1,0,0,0,0,0,0,0,0,0,0,0,0,1,0,0,0,0,0,0,0
2019-20,33,Tamilnadu,3331,KRISHNAGIRI,333115,HOSUR,Urban,1,cat1,"PS (I-V)",1,"Department of Education",1,General,0,0,12,5,7,5,3,0,0,0,0,0,0,0,21,7,2,4,10,0,0,0,0,0,0,0
2019-20,33,Tamilnadu,3331,KRISHNAGIRI,333116,KELAMANGALAM,Urban,1,cat1,"PS (I-V)",1,"Department of Education",1,General,0,0,0,0,0,0,0,0,0,0,0,0,0,0,0,1,2,0,0,0,0,0,0,0,0,0
2019-20,33,Tamilnadu,3331,KRISHNAGIRI,333118,MATHUR,Rural,1,cat1,"PS (I-V)",2,"Tribal Welfare Department",1,General,0,0,0,0,0,0,0,0,0,0,0,0,0,0,0,0,0,0,0,0,0,0,0,0,0,0
2019-20,33,Tamilnadu,3331,KRISHNAGIRI,333110,KRISHNAGIRI,Urban,1,cat1,"PS (I-V)",3,"Local body",1,General,0,0,0,0,0,0,0,0,0,0,0,0,0,0,0,0,0,1,0,0,0,0,0,0,0,0
2019-20,33,Tamilnadu,3331,KRISHNAGIRI,333112,BARGUR,Rural,1,cat1,"PS (I-V)",4,"Government Aided",1,General,0,0,0,1,2,0,0,0,0,0,0,0,0,0,0,0,0,0,0,0,0,0,0,0,0,0
2019-20,33,Tamilnadu,3331,KRISHNAGIRI,333117,THALLY,Rural,1,cat1,"PS (I-V)",4,"Government Aided",1,General,0,0,0,2,2,0,2,0,0,0,0,0,0,0,0,1,1,2,1,0,0,0,0,0,0,0
2019-20,33,Tamilnadu,3331,KRISHNAGIRI,333110,KRISHNAGIRI,Urban,1,cat1,"PS (I-V)",4,"Government Aided",1,General,0,0,0,0,0,0,0,0,0,0,0,0,0,0,0,0,0,0,0,0,0,0,0,0,0,0
2019-20,33,Tamilnadu,3331,KRISHNAGIRI,333112,BARGUR,Urban,1,cat1,"PS (I-V)",4,"Government Aided",1,General,0,0,0,0,0,1,0,0,0,0,0,0,0,0,0,0,0,0,0,0,0,0,0,0,0,0
2019-20,33,Tamilnadu,3331,KRISHNAGIRI,333115,HOSUR,Urban,1,cat1,"PS (I-V)",4,"Government Aided",1,General,0,0,3,1,3,2,0,0,0,0,0,0,0,0,3,7,5,3,1,0,0,0,0,0,0,0
2019-20,33,Tamilnadu,3331,KRISHNAGIRI,333116,KELAMANGALAM,Urban,1,cat1,"PS (I-V)",4,"Government Aided",1,General,0,0,0,0,0,1,0,0,0,0,0,0,0,0,0,0,1,0,0,0,0,0,0,0,0,0
2019-20,33,Tamilnadu,3331,KRISHNAGIRI,333109,UTHANGARAI,Rural,1,cat1,"PS (I-V)",5,"Private Unaided (Recognized)",1,General,0,3,0,1,0,0,0,0,0,0,0,0,0,0,0,0,0,0,0,0,0,0,0,0,0,0
2019-20,33,Tamilnadu,3331,KRISHNAGIRI,333110,KRISHNAGIRI,Rural,1,cat1,"PS (I-V)",5,"Private Unaided (Recognized)",1,General,1,1,1,0,0,0,1,0,0,0,0,0,0,0,2,0,0,0,1,0,0,0,0,0,0,0
2019-20,33,Tamilnadu,3331,KRISHNAGIRI,333111,KAVERIPATINAM,Rural,1,cat1,"PS (I-V)",5,"Private Unaided (Recognized)",1,General,2,0,0,2,1,0,0,0,0,0,0,0,0,0,0,1,0,0,2,0,0,0,0,0,0,0
2019-20,33,Tamilnadu,3331,KRISHNAGIRI,333112,BARGUR,Rural,1,cat1,"PS (I-V)",5,"Private Unaided (Recognized)",1,General,1,0,0,2,0,2,1,0,0,0,0,0,0,0,1,0,0,3,1,0,0,0,0,0,0,0
2019-20,33,Tamilnadu,3331,KRISHNAGIRI,333113,VEPPANAPALLI,Rural,1,cat1,"PS (I-V)",5,"Private Unaided (Recognized)",1,General,0,2,0,0,0,0,0,0,0,0,0,0,0,0,0,0,0,0,0,0,0,0,0,0,0,0
2019-20,33,Tamilnadu,3331,KRISHNAGIRI,333114,SHOOLAGIRI,Rural,1,cat1,"PS (I-V)",5,"Private Unaided (Recognized)",1,General,16,12,7,3,4,4,2,0,0,0,0,0,0,0,8,4,4,2,3,0,0,0,0,0,0,0
2019-20,33,Tamilnadu,3331,KRISHNAGIRI,333115,HOSUR,Rural,1,cat1,"PS (I-V)",5,"Private Unaided (Recognized)",1,General,23,19,5,11,3,6,7,0,0,0,0,0,0,0,9,14,7,5,7,0,0,0,0,0,0,0
2019-20,33,Tamilnadu,3331,KRISHNAGIRI,333116,KELAMANGALAM,Rural,1,cat1,"PS (I-V)",5,"Private Unaided (Recognized)",1,General,1,1,1,0,0,2,0,0,0,0,0,0,0,0,0,1,0,0,1,0,0,0,0,0,0,0
2019-20,33,Tamilnadu,3331,KRISHNAGIRI,333117,THALLY,Rural,1,cat1,"PS (I-V)",5,"Private Unaided (Recognized)",1,General,39,37,38,22,21,22,18,0,0,0,0,0,0,0,21,21,26,19,16,0,0,0,0,0,0,0
2019-20,33,Tamilnadu,3331,KRISHNAGIRI,333118,MATHUR,Rural,1,cat1,"PS (I-V)",5,"Private Unaided (Recognized)",1,General,0,0,0,0,0,0,0,0,0,0,0,0,0,0,0,0,0,0,0,0,0,0,0,0,0,0
2019-20,33,Tamilnadu,3331,KRISHNAGIRI,333109,UTHANGARAI,Urban,1,cat1,"PS (I-V)",5,"Private Unaided (Recognized)",1,General,0,0,0,0,0,0,0,0,0,0,0,0,0,0,0,0,0,0,0,0,0,0,0,0,0,0
2019-20,33,Tamilnadu,3331,KRISHNAGIRI,333110,KRISHNAGIRI,Urban,1,cat1,"PS (I-V)",5,"Private Unaided (Recognized)",1,General,8,15,6,6,4,4,1,0,0,0,0,0,0,0,3,3,3,3,5,0,0,0,0,0,0,0
2019-20,33,Tamilnadu,3331,KRISHNAGIRI,333111,KAVERIPATINAM,Urban,1,cat1,"PS (I-V)",5,"Private Unaided (Recognized)",1,General,1,2,0,0,0,1,0,0,0,0,0,0,0,0,0,0,2,0,0,0,0,0,0,0,0,0
2019-20,33,Tamilnadu,3331,KRISHNAGIRI,333112,BARGUR,Urban,1,cat1,"PS (I-V)",5,"Private Unaided (Recognized)",1,General,0,0,0,0,0,0,0,0,0,0,0,0,0,0,0,0,0,0,0,0,0,0,0,0,0,0
2019-20,33,Tamilnadu,3331,KRISHNAGIRI,333115,HOSUR,Urban,1,cat1,"PS (I-V)",5,"Private Unaided (Recognized)",1,General,32,33,28,10,6,4,6,0,0,0,0,0,0,0,25,5,7,6,6,0,0,0,0,0,0,0
2019-20,33,Tamilnadu,3331,KRISHNAGIRI,333116,KELAMANGALAM,Urban,1,cat1,"PS (I-V)",5,"Private Unaided (Recognized)",1,General,7,6,2,3,1,1,2,0,0,0,0,0,0,0,3,3,2,0,0,0,0,0,0,0,0,0
2019-20,33,Tamilnadu,3331,KRISHNAGIRI,333111,KAVERIPATINAM,Rural,1,cat1,"PS (I-V)",8,Unrecognized,1,General,1,0,0,0,1,0,0,0,0,0,0,0,0,0,0,0,0,0,0,0,0,0,0,0,0,0
2019-20,33,Tamilnadu,3331,KRISHNAGIRI,333114,SHOOLAGIRI,Rural,1,cat1,"PS (I-V)",8,Unrecognized,1,General,0,0,1,0,0,0,0,0,0,0,0,0,0,0,1,0,1,0,0,0,0,0,0,0,0,0
2019-20,33,Tamilnadu,3331,KRISHNAGIRI,333116,KELAMANGALAM,Rural,1,cat1,"PS (I-V)",8,Unrecognized,1,General,1,2,0,0,0,0,0,0,0,0,0,0,0,0,1,0,1,0,0,0,0,0,0,0,0,0
2019-20,33,Tamilnadu,3331,KRISHNAGIRI,333112,BARGUR,Urban,1,cat1,"PS (I-V)",90,"Social welfare Department",1,General,0,0,0,0,0,0,0,0,0,0,0,0,0,0,0,0,0,0,0,0,0,0,0,0,0,0
2019-20,33,Tamilnadu,3331,KRISHNAGIRI,333109,UTHANGARAI,Rural,6,cat6,"SS (I-X)",5,"Private Unaided (Recognized)",1,General,0,0,1,0,0,0,1,0,1,0,1,0,0,0,2,1,2,2,0,2,0,0,1,1,0,0
2019-20,33,Tamilnadu,3331,KRISHNAGIRI,333110,KRISHNAGIRI,Rural,6,cat6,"SS (I-X)",5,"Private Unaided (Recognized)",1,General,2,1,0,1,2,2,0,4,6,2,5,5,0,0,4,1,1,1,1,2,0,0,7,4,0,0
2019-20,33,Tamilnadu,3331,KRISHNAGIRI,333111,KAVERIPATINAM,Rural,6,cat6,"SS (I-X)",5,"Private Unaided (Recognized)",1,General,0,0,0,0,1,0,1,0,0,0,0,0,0,0,0,0,0,0,0,0,0,3,0,1,0,0
2019-20,33,Tamilnadu,3331,KRISHNAGIRI,333112,BARGUR,Rural,6,cat6,"SS (I-X)",5,"Private Unaided (Recognized)",1,General,1,0,0,0,2,0,0,1,0,1,0,0,0,0,0,1,2,2,2,0,0,0,0,0,0,0
2019-20,33,Tamilnadu,3331,KRISHNAGIRI,333114,SHOOLAGIRI,Rural,6,cat6,"SS (I-X)",5,"Private Unaided (Recognized)",1,General,29,31,19,14,16,18,14,14,18,7,6,11,0,0,17,20,18,18,17,10,19,11,16,4,0,0
2019-20,33,Tamilnadu,3331,KRISHNAGIRI,333115,HOSUR,Rural,6,cat6,"SS (I-X)",5,"Private Unaided (Recognized)",1,General,54,44,34,29,49,44,30,40,32,23,23,28,0,0,26,29,34,28,46,65,41,20,33,16,0,0
2019-20,33,Tamilnadu,3331,KRISHNAGIRI,333116,KELAMANGALAM,Rural,6,cat6,"SS (I-X)",5,"Private Unaided (Recognized)",1,General,12,12,8,4,9,7,5,6,9,1,6,5,0,0,1,4,5,7,8,4,8,6,4,4,0,0
2019-20,33,Tamilnadu,3331,KRISHNAGIRI,333117,THALLY,Rural,6,cat6,"SS (I-X)",5,"Private Unaided (Recognized)",1,General,5,7,1,3,2,0,0,2,0,0,0,1,0,0,0,3,2,3,0,0,1,1,1,1,0,0
2019-20,33,Tamilnadu,3331,KRISHNAGIRI,333118,MATHUR,Rural,6,cat6,"SS (I-X)",5,"Private Unaided (Recognized)",1,General,1,0,1,0,0,1,0,1,0,0,0,0,0,0,0,2,0,0,1,0,0,0,0,0,0,0
2019-20,33,Tamilnadu,3331,KRISHNAGIRI,333110,KRISHNAGIRI,Urban,6,cat6,"SS (I-X)",5,"Private Unaided (Recognized)",1,General,0,1,1,1,0,1,0,0,0,0,2,0,0,0,0,0,1,1,0,1,0,0,0,0,0,0
2019-20,33,Tamilnadu,3331,KRISHNAGIRI,333115,HOSUR,Urban,6,cat6,"SS (I-X)",5,"Private Unaided (Recognized)",1,General,51,35,48,57,37,37,38,34,33,42,56,42,0,0,23,55,40,41,33,38,41,28,39,50,0,0
2019-20,33,Tamilnadu,3331,KRISHNAGIRI,333116,KELAMANGALAM,Urban,6,cat6,"SS (I-X)",5,"Private Unaided (Recognized)",1,General,3,7,1,4,3,3,4,0,0,2,0,0,0,0,1,1,1,1,2,1,0,2,1,1,0,0
2019-20,33,Tamilnadu,3331,KRISHNAGIRI,333118,MATHUR,Rural,6,cat6,"SS (I-X)",8,Unrecognized,1,General,0,0,0,0,0,0,0,0,0,0,0,0,0,0,0,0,0,0,0,0,0,0,0,0,0,0
2019-20,33,Tamilnadu,3331,KRISHNAGIRI,333109,UTHANGARAI,Rural,7,cat7,"SS (VI-X)",1,"Department of Education",1,General,0,0,0,0,0,0,0,0,0,0,0,0,0,0,0,0,0,0,0,0,0,0,0,0,0,0
2019-20,33,Tamilnadu,3331,KRISHNAGIRI,333110,KRISHNAGIRI,Rural,7,cat7,"SS (VI-X)",1,"Department of Education",1,General,0,0,0,0,0,0,0,0,0,1,1,1,0,0,0,0,0,0,0,0,0,0,0,1,0,0
2019-20,33,Tamilnadu,3331,KRISHNAGIRI,333111,KAVERIPATINAM,Rural,7,cat7,"SS (VI-X)",1,"Department of Education",1,General,0,0,0,0,0,0,0,0,0,0,0,0,0,0,0,0,0,0,0,0,1,0,0,1,0,0
2019-20,33,Tamilnadu,3331,KRISHNAGIRI,333112,BARGUR,Rural,7,cat7,"SS (VI-X)",1,"Department of Education",1,General,0,0,0,0,0,0,0,0,0,0,0,0,0,0,0,0,0,0,0,0,0,0,0,0,0,0
2019-20,33,Tamilnadu,3331,KRISHNAGIRI,333113,VEPPANAPALLI,Rural,7,cat7,"SS (VI-X)",1,"Department of Education",1,General,0,0,0,0,0,0,0,0,0,0,0,0,0,0,0,0,0,0,0,0,0,0,0,0,0,0
2019-20,33,Tamilnadu,3331,KRISHNAGIRI,333114,SHOOLAGIRI,Rural,7,cat7,"SS (VI-X)",1,"Department of Education",1,General,0,0,0,0,0,0,0,6,10,8,6,6,0,0,0,0,0,0,0,9,13,11,7,7,0,0
2019-20,33,Tamilnadu,3331,KRISHNAGIRI,333115,HOSUR,Rural,7,cat7,"SS (VI-X)",1,"Department of Education",1,General,0,0,0,0,0,0,0,10,10,7,14,7,0,0,0,0,0,0,0,8,8,7,12,9,0,0
2019-20,33,Tamilnadu,3331,KRISHNAGIRI,333116,KELAMANGALAM,Rural,7,cat7,"SS (VI-X)",1,"Department of Education",1,General,0,0,0,0,0,0,0,4,11,4,5,8,0,0,0,0,0,0,0,2,7,4,14,12,0,0
2019-20,33,Tamilnadu,3331,KRISHNAGIRI,333117,THALLY,Rural,7,cat7,"SS (VI-X)",1,"Department of Education",1,General,0,0,0,0,0,0,0,6,2,7,5,7,0,0,0,0,0,0,0,9,10,12,15,12,0,0
2019-20,33,Tamilnadu,3331,KRISHNAGIRI,333118,MATHUR,Rural,7,cat7,"SS (VI-X)",1,"Department of Education",1,General,0,0,0,0,0,0,0,0,0,0,0,0,0,0,0,0,0,0,0,0,0,0,0,0,0,0
2019-20,33,Tamilnadu,3331,KRISHNAGIRI,333115,HOSUR,Urban,7,cat7,"SS (VI-X)",1,"Department of Education",1,General,0,0,0,0,0,0,0,0,14,3,2,2,0,0,0,0,0,0,0,5,5,6,6,3,0,0
2019-20,33,Tamilnadu,3331,KRISHNAGIRI,333116,KELAMANGALAM,Urban,7,cat7,"SS (VI-X)",1,"Department of Education",1,General,0,0,0,0,0,0,0,0,0,0,0,0,0,0,0,0,0,0,0,0,0,0,0,0,0,0
2019-20,33,Tamilnadu,3331,KRISHNAGIRI,333118,MATHUR,Rural,7,cat7,"SS (VI-X)",2,"Tribal Welfare Department",1,General,0,0,0,0,0,0,0,0,0,0,0,0,0,0,0,0,0,0,0,0,0,0,0,0,0,0
2019-20,33,Tamilnadu,3331,KRISHNAGIRI,333116,KELAMANGALAM,Rural,7,cat7,"SS (VI-X)",4,"Government Aided",1,General,0,0,0,0,0,0,0,0,0,0,1,0,0,0,0,0,0,0,0,0,0,0,0,0,0,0
2019-20,33,Tamilnadu,3331,KRISHNAGIRI,333110,KRISHNAGIRI,Urban,7,cat7,"SS (VI-X)",4,"Government Aided",1,General,0,0,0,0,0,0,0,0,0,0,0,0,0,0,0,0,0,0,0,0,0,0,0,0,0,0
2019-20,33,Tamilnadu,3331,KRISHNAGIRI,333117,THALLY,Rural,7,cat7,"SS (VI-X)",5,"Private Unaided (Recognized)",1,General,0,0,0,0,0,0,0,0,0,0,0,0,0,0,0,0,0,0,0,0,0,2,0,0,0,0
2019-20,33,Tamilnadu,3331,KRISHNAGIRI,333115,HOSUR,Urban,7,cat7,"SS (VI-X)",5,"Private Unaided (Recognized)",1,General,0,0,0,0,0,0,0,3,2,2,2,6,0,0,0,0,0,0,0,2,1,3,2,1,0,0
2019-20,33,Tamilnadu,3331,KRISHNAGIRI,333109,UTHANGARAI,Rural,2,cat2,"UPS (I-VIII)",1,"Department of Education",1,General,0,0,0,0,0,0,0,0,0,0,0,0,0,0,0,0,0,0,0,0,0,0,0,0,0,0
2019-20,33,Tamilnadu,3331,KRISHNAGIRI,333110,KRISHNAGIRI,Rural,2,cat2,"UPS (I-VIII)",1,"Department of Education",1,General,0,0,1,0,0,0,0,1,0,0,0,0,0,0,0,0,0,0,0,0,1,0,0,0,0,0
2019-20,33,Tamilnadu,3331,KRISHNAGIRI,333111,KAVERIPATINAM,Rural,2,cat2,"UPS (I-VIII)",1,"Department of Education",1,General,0,0,0,0,0,0,0,0,0,0,0,0,0,0,0,0,0,0,0,0,0,0,0,0,0,0
2019-20,33,Tamilnadu,3331,KRISHNAGIRI,333112,BARGUR,Rural,2,cat2,"UPS (I-VIII)",1,"Department of Education",1,General,0,0,0,0,0,0,0,0,0,0,0,0,0,0,0,1,0,1,0,0,0,0,0,0,0,0
2019-20,33,Tamilnadu,3331,KRISHNAGIRI,333113,VEPPANAPALLI,Rural,2,cat2,"UPS (I-VIII)",1,"Department of Education",1,General,0,0,1,2,0,0,0,0,0,0,0,0,0,0,0,1,0,0,1,0,0,0,0,0,0,0
2019-20,33,Tamilnadu,3331,KRISHNAGIRI,333114,SHOOLAGIRI,Rural,2,cat2,"UPS (I-VIII)",1,"Department of Education",1,General,0,0,1,5,3,1,4,3,2,0,0,0,0,0,1,1,4,3,2,1,3,4,0,0,0,0
2019-20,33,Tamilnadu,3331,KRISHNAGIRI,333115,HOSUR,Rural,2,cat2,"UPS (I-VIII)",1,"Department of Education",1,General,12,9,5,10,6,8,8,7,12,6,0,0,0,0,10,6,13,12,7,10,16,6,0,0,0,0
2019-20,33,Tamilnadu,3331,KRISHNAGIRI,333116,KELAMANGALAM,Rural,2,cat2,"UPS (I-VIII)",1,"Department of Education",1,General,4,3,2,1,7,3,4,8,6,2,0,0,0,0,6,3,3,6,3,3,5,5,0,0,0,0
2019-20,33,Tamilnadu,3331,KRISHNAGIRI,333117,THALLY,Rural,2,cat2,"UPS (I-VIII)",1,"Department of Education",1,General,4,4,4,5,3,5,4,3,7,4,0,0,0,0,3,2,2,5,4,4,6,6,0,0,0,0
2019-20,33,Tamilnadu,3331,KRISHNAGIRI,333118,MATHUR,Rural,2,cat2,"UPS (I-VIII)",1,"Department of Education",1,General,0,0,0,0,0,0,0,0,0,0,0,0,0,0,0,0,0,0,0,0,0,0,0,0,0,0
2019-20,33,Tamilnadu,3331,KRISHNAGIRI,333111,KAVERIPATINAM,Urban,2,cat2,"UPS (I-VIII)",1,"Department of Education",1,General,0,0,0,0,0,0,0,0,0,0,0,0,0,0,0,0,0,0,0,0,0,0,0,0,0,0
2019-20,33,Tamilnadu,3331,KRISHNAGIRI,333112,BARGUR,Urban,2,cat2,"UPS (I-VIII)",1,"Department of Education",1,General,0,0,0,0,0,0,0,0,0,0,0,0,0,0,0,0,0,0,0,0,0,0,0,0,0,0
2019-20,33,Tamilnadu,3331,KRISHNAGIRI,333113,VEPPANAPALLI,Urban,2,cat2,"UPS (I-VIII)",1,"Department of Education",1,General,0,0,0,0,0,0,0,0,0,0,0,0,0,0,0,0,0,0,0,0,0,0,0,0,0,0
2019-20,33,Tamilnadu,3331,KRISHNAGIRI,333115,HOSUR,Urban,2,cat2,"UPS (I-VIII)",1,"Department of Education",1,General,9,9,8,5,4,13,9,12,13,5,0,0,0,0,7,10,6,4,21,11,12,7,0,0,0,0
2019-20,33,Tamilnadu,3331,KRISHNAGIRI,333116,KELAMANGALAM,Urban,2,cat2,"UPS (I-VIII)",1,"Department of Education",1,General,0,0,0,0,0,0,0,1,0,0,0,0,0,0,0,0,0,0,0,0,0,0,0,0,0,0
2019-20,33,Tamilnadu,3331,KRISHNAGIRI,333110,KRISHNAGIRI,Urban,2,cat2,"UPS (I-VIII)",3,"Local body",1,General,0,0,0,1,0,0,0,0,0,0,0,0,0,0,0,0,0,0,0,0,0,0,0,0,0,0
2019-20,33,Tamilnadu,3331,KRISHNAGIRI,333112,BARGUR,Rural,2,cat2,"UPS (I-VIII)",4,"Government Aided",1,General,0,0,1,0,0,0,0,3,1,0,0,0,0,0,0,0,1,0,1,1,0,0,0,0,0,0
2019-20,33,Tamilnadu,3331,KRISHNAGIRI,333117,THALLY,Rural,2,cat2,"UPS (I-VIII)",4,"Government Aided",1,General,0,0,0,0,0,0,0,0,0,0,0,0,0,0,0,0,0,0,0,0,0,0,0,0,0,0
2019-20,33,Tamilnadu,3331,KRISHNAGIRI,333110,KRISHNAGIRI,Urban,2,cat2,"UPS (I-VIII)",4,"Government Aided",1,General,0,0,0,0,0,0,2,0,0,1,0,0,0,0,1,0,0,0,1,0,0,0,0,0,0,0
2019-20,33,Tamilnadu,3331,KRISHNAGIRI,333111,KAVERIPATINAM,Urban,2,cat2,"UPS (I-VIII)",4,"Government Aided",1,General,0,0,0,0,0,0,0,0,0,0,0,0,0,0,0,0,0,0,0,0,0,0,0,0,0,0
2019-20,33,Tamilnadu,3331,KRISHNAGIRI,333110,KRISHNAGIRI,Rural,2,cat2,"UPS (I-VIII)",5,"Private Unaided (Recognized)",1,General,2,0,1,0,0,1,0,0,1,0,0,0,0,0,0,0,0,0,1,0,0,0,0,0,0,0
2019-20,33,Tamilnadu,3331,KRISHNAGIRI,333111,KAVERIPATINAM,Rural,2,cat2,"UPS (I-VIII)",5,"Private Unaided (Recognized)",1,General,1,0,1,0,0,0,0,0,0,0,0,0,0,0,0,0,0,0,0,0,0,0,0,0,0,0
2019-20,33,Tamilnadu,3331,KRISHNAGIRI,333112,BARGUR,Rural,2,cat2,"UPS (I-VIII)",5,"Private Unaided (Recognized)",1,General,6,9,4,1,0,3,1,1,1,0,0,0,0,0,1,2,0,1,1,1,3,1,0,0,0,0
2019-20,33,Tamilnadu,3331,KRISHNAGIRI,333115,HOSUR,Rural,2,cat2,"UPS (I-VIII)",5,"Private Unaided (Recognized)",1,General,0,0,0,0,4,1,0,0,0,0,0,0,0,0,0,1,1,0,1,1,0,0,0,0,0,0
2019-20,33,Tamilnadu,3331,KRISHNAGIRI,333117,THALLY,Rural,2,cat2,"UPS (I-VIII)",5,"Private Unaided (Recognized)",1,General,7,7,7,2,5,3,2,1,2,4,0,0,0,0,3,2,3,1,4,1,2,2,0,0,0,0
2019-20,33,Tamilnadu,3331,KRISHNAGIRI,333118,MATHUR,Rural,2,cat2,"UPS (I-VIII)",5,"Private Unaided (Recognized)",1,General,0,0,0,0,0,0,0,0,0,0,0,0,0,0,0,0,0,0,0,0,0,0,0,0,0,0
2019-20,33,Tamilnadu,3331,KRISHNAGIRI,333111,KAVERIPATINAM,Urban,2,cat2,"UPS (I-VIII)",5,"Private Unaided (Recognized)",1,General,0,1,0,0,0,0,0,0,0,0,0,0,0,0,0,0,0,0,0,0,0,0,0,0,0,0
2019-20,33,Tamilnadu,3331,KRISHNAGIRI,333112,BARGUR,Urban,2,cat2,"UPS (I-VIII)",5,"Private Unaided (Recognized)",1,General,0,0,0,0,0,0,0,0,1,0,0,0,0,0,0,0,0,0,0,0,0,0,0,0,0,0
2019-20,33,Tamilnadu,3331,KRISHNAGIRI,333115,HOSUR,Urban,2,cat2,"UPS (I-VIII)",5,"Private Unaided (Recognized)",1,General,5,5,12,19,14,16,7,10,19,13,0,0,0,0,18,13,15,14,10,8,18,11,0,0,0,0
2019-20,33,Tamilnadu,3331,KRISHNAGIRI,333117,THALLY,Urban,2,cat2,"UPS (I-VIII)",5,"Private Unaided (Recognized)",1,General,7,5,3,1,5,2,0,3,1,0,0,0,0,0,0,2,1,2,1,2,3,0,0,0,0,0
2019-20,33,Tamilnadu,3331,KRISHNAGIRI,333113,VEPPANAPALLI,Rural,2,cat2,"UPS (I-VIII)",6,"Other Govt. managed schools",1,General,0,0,0,0,0,0,0,0,0,0,0,0,0,0,0,0,0,0,0,0,0,0,0,0,0,0
2019-20,33,Tamilnadu,3331,KRISHNAGIRI,333114,SHOOLAGIRI,Rural,2,cat2,"UPS (I-VIII)",6,"Other Govt. managed schools",1,General,0,0,0,0,0,0,0,0,0,0,0,0,0,0,0,0,0,0,0,0,1,0,0,0,0,0
2019-20,33,Tamilnadu,3331,KRISHNAGIRI,333117,THALLY,Rural,2,cat2,"UPS (I-VIII)",6,"Other Govt. managed schools",1,General,0,0,0,0,0,0,0,0,0,0,0,0,0,0,0,0,0,1,0,0,0,0,0,0,0,0
2019-20,33,Tamilnadu,3331,KRISHNAGIRI,333116,KELAMANGALAM,Urban,2,cat2,"UPS (I-VIII)",6,"Other Govt. managed schools",1,General,0,0,0,0,0,0,0,0,0,0,0,0,0,0,0,0,0,0,0,0,0,0,0,0,0,0
2019-20,33,Tamilnadu,3331,KRISHNAGIRI,333113,VEPPANAPALLI,Rural,2,cat2,"UPS (I-VIII)",8,Unrecognized,1,General,3,0,3,4,3,4,5,1,4,6,0,0,0,0,0,2,6,5,6,5,7,5,0,0,0,0
2019-20,33,Tamilnadu,3331,KRISHNAGIRI,333112,BARGUR,Urban,2,cat2,"UPS (I-VIII)",90,"Social welfare Department",1,General,0,0,0,0,0,0,0,0,0,0,0,0,0,0,0,0,0,0,0,0,0,0,0,0,0,0
2019-20,33,Tamilnadu,3331,KRISHNAGIRI,333109,UTHANGARAI,Rural,3,cat3,"HSS (I-XII)",1,"Department of Education",2,SC,1,3,0,0,0,0,0,11,11,9,16,14,19,18,0,0,0,0,0,6,13,8,6,11,24,14
2019-20,33,Tamilnadu,3331,KRISHNAGIRI,333109,UTHANGARAI,Rural,3,cat3,"HSS (I-XII)",5,"Private Unaided (Recognized)",2,SC,182,149,95,95,87,66,75,64,70,54,58,55,67,65,84,61,64,42,36,39,44,33,45,34,57,45
2019-20,33,Tamilnadu,3331,KRISHNAGIRI,333110,KRISHNAGIRI,Rural,3,cat3,"HSS (I-XII)",5,"Private Unaided (Recognized)",2,SC,101,91,63,51,73,68,42,51,63,48,55,58,43,58,41,33,53,50,38,49,45,42,54,45,49,40
2019-20,33,Tamilnadu,3331,KRISHNAGIRI,333111,KAVERIPATINAM,Rural,3,cat3,"HSS (I-XII)",5,"Private Unaided (Recognized)",2,SC,65,55,35,40,39,24,28,20,12,22,11,16,15,8,26,33,16,17,8,10,9,18,11,8,16,14
2019-20,33,Tamilnadu,3331,KRISHNAGIRI,333112,BARGUR,Rural,3,cat3,"HSS (I-XII)",5,"Private Unaided (Recognized)",2,SC,94,69,39,29,31,35,24,15,20,20,19,22,20,24,36,29,26,32,21,20,11,8,14,11,23,22
2019-20,33,Tamilnadu,3331,KRISHNAGIRI,333113,VEPPANAPALLI,Rural,3,cat3,"HSS (I-XII)",5,"Private Unaided (Recognized)",2,SC,67,38,28,23,19,31,30,31,24,22,28,16,26,20,31,31,28,21,13,16,9,16,14,17,16,21
2019-20,33,Tamilnadu,3331,KRISHNAGIRI,333114,SHOOLAGIRI,Rural,3,cat3,"HSS (I-XII)",5,"Private Unaided (Recognized)",2,SC,27,23,9,10,13,8,5,12,5,6,5,7,3,4,8,12,6,10,7,4,2,1,3,5,3,3
2019-20,33,Tamilnadu,3331,KRISHNAGIRI,333115,HOSUR,Rural,3,cat3,"HSS (I-XII)",5,"Private Unaided (Recognized)",2,SC,157,139,83,79,83,96,71,85,81,145,159,148,86,71,67,68,80,63,70,53,59,128,122,122,82,57
2019-20,33,Tamilnadu,3331,KRISHNAGIRI,333116,KELAMANGALAM,Rural,3,cat3,"HSS (I-XII)",5,"Private Unaided (Recognized)",2,SC,7,7,5,2,8,6,4,5,1,4,2,3,2,1,2,5,1,4,1,2,0,3,2,4,3,3
2019-20,33,Tamilnadu,3331,KRISHNAGIRI,333117,THALLY,Rural,3,cat3,"HSS (I-XII)",5,"Private Unaided (Recognized)",2,SC,5,6,4,5,2,6,5,4,4,10,9,3,6,1,3,6,0,3,1,3,2,3,2,1,5,5
2019-20,33,Tamilnadu,3331,KRISHNAGIRI,333118,MATHUR,Rural,3,cat3,"HSS (I-XII)",5,"Private Unaided (Recognized)",2,SC,67,44,27,37,18,26,25,17,29,13,8,12,12,8,29,19,19,22,15,10,10,14,12,10,10,13
2019-20,33,Tamilnadu,3331,KRISHNAGIRI,333109,UTHANGARAI,Urban,3,cat3,"HSS (I-XII)",5,"Private Unaided (Recognized)",2,SC,26,24,14,15,19,13,10,12,10,11,23,24,24,5,10,17,14,11,5,9,6,17,16,17,29,3
2019-20,33,Tamilnadu,3331,KRISHNAGIRI,333110,KRISHNAGIRI,Urban,3,cat3,"HSS (I-XII)",5,"Private Unaided (Recognized)",2,SC,8,5,16,10,16,10,10,4,13,14,18,13,21,19,8,4,6,8,7,11,8,8,7,20,9,9
2019-20,33,Tamilnadu,3331,KRISHNAGIRI,333112,BARGUR,Urban,3,cat3,"HSS (I-XII)",5,"Private Unaided (Recognized)",2,SC,16,14,10,13,7,8,11,17,16,25,32,27,27,35,13,5,1,8,7,14,16,8,11,18,28,19
2019-20,33,Tamilnadu,3331,KRISHNAGIRI,333115,HOSUR,Urban,3,cat3,"HSS (I-XII)",5,"Private Unaided (Recognized)",2,SC,236,192,124,109,132,103,88,100,108,127,128,105,87,58,91,91,85,85,91,79,96,92,74,78,88,64
2019-20,33,Tamilnadu,3331,KRISHNAGIRI,333116,KELAMANGALAM,Urban,3,cat3,"HSS (I-XII)",5,"Private Unaided (Recognized)",2,SC,18,16,10,21,24,10,10,12,8,17,8,14,12,9,7,16,17,6,8,10,5,8,5,6,12,6
2019-20,33,Tamilnadu,3331,KRISHNAGIRI,333109,UTHANGARAI,Rural,5,cat5,"HSS (VI-XII)",1,"Department of Education",2,SC,0,0,0,0,0,0,0,86,90,85,134,134,145,135,0,0,0,0,0,81,88,97,122,110,168,140
2019-20,33,Tamilnadu,3331,KRISHNAGIRI,333110,KRISHNAGIRI,Rural,5,cat5,"HSS (VI-XII)",1,"Department of Education",2,SC,0,0,0,0,0,0,0,19,24,22,50,37,61,58,0,0,0,0,0,14,17,15,30,18,51,46
2019-20,33,Tamilnadu,3331,KRISHNAGIRI,333111,KAVERIPATINAM,Rural,5,cat5,"HSS (VI-XII)",1,"Department of Education",2,SC,0,0,0,0,0,0,0,25,43,35,42,43,53,47,0,0,0,0,0,29,40,39,47,51,84,74
2019-20,33,Tamilnadu,3331,KRISHNAGIRI,333112,BARGUR,Rural,5,cat5,"HSS (VI-XII)",1,"Department of Education",2,SC,0,0,0,0,0,0,0,58,84,64,112,130,135,123,0,0,0,0,0,59,62,65,99,103,120,120
2019-20,33,Tamilnadu,3331,KRISHNAGIRI,333113,VEPPANAPALLI,Rural,5,cat5,"HSS (VI-XII)",1,"Department of Education",2,SC,0,0,0,0,0,0,0,28,38,32,54,37,45,22,0,0,0,0,0,33,38,30,45,45,58,44
2019-20,33,Tamilnadu,3331,KRISHNAGIRI,333114,SHOOLAGIRI,Rural,5,cat5,"HSS (VI-XII)",1,"Department of Education",2,SC,0,0,0,0,0,0,0,73,91,80,113,104,100,98,0,0,0,0,0,73,85,83,133,127,133,106
2019-20,33,Tamilnadu,3331,KRISHNAGIRI,333115,HOSUR,Rural,5,cat5,"HSS (VI-XII)",1,"Department of Education",2,SC,0,0,0,0,0,0,0,37,62,40,55,66,68,55,0,0,0,0,0,68,92,99,164,152,191,234
2019-20,33,Tamilnadu,3331,KRISHNAGIRI,333116,KELAMANGALAM,Rural,5,cat5,"HSS (VI-XII)",1,"Department of Education",2,SC,0,0,0,0,0,0,0,20,24,30,51,30,34,29,0,0,0,0,0,21,31,23,43,50,52,40
2019-20,33,Tamilnadu,3331,KRISHNAGIRI,333117,THALLY,Rural,5,cat5,"HSS (VI-XII)",1,"Department of Education",2,SC,0,0,0,0,0,0,0,52,61,79,107,121,125,89,0,0,0,0,0,41,34,47,53,95,126,91
2019-20,33,Tamilnadu,3331,KRISHNAGIRI,333118,MATHUR,Rural,5,cat5,"HSS (VI-XII)",1,"Department of Education",2,SC,0,0,0,0,0,0,0,65,68,53,66,91,74,93,0,0,0,0,0,42,59,59,54,50,96,77
2019-20,33,Tamilnadu,3331,KRISHNAGIRI,333109,UTHANGARAI,Urban,5,cat5,"HSS (VI-XII)",1,"Department of Education",2,SC,0,0,0,0,0,0,0,37,42,31,49,54,91,104,0,0,0,0,0,26,33,36,68,63,123,123
2019-20,33,Tamilnadu,3331,KRISHNAGIRI,333110,KRISHNAGIRI,Urban,5,cat5,"HSS (VI-XII)",1,"Department of Education",2,SC,0,0,0,0,0,0,0,19,19,30,64,61,73,65,0,0,0,0,0,28,25,33,55,68,115,113
2019-20,33,Tamilnadu,3331,KRISHNAGIRI,333111,KAVERIPATINAM,Urban,5,cat5,"HSS (VI-XII)",1,"Department of Education",2,SC,0,0,0,0,0,0,0,20,37,40,39,51,65,43,0,0,0,0,0,12,8,6,19,23,17,18
2019-20,33,Tamilnadu,3331,KRISHNAGIRI,333112,BARGUR,Urban,5,cat5,"HSS (VI-XII)",1,"Department of Education",2,SC,0,0,0,0,0,0,0,0,0,0,0,0,0,0,0,0,0,0,0,19,9,11,16,26,50,48
2019-20,33,Tamilnadu,3331,KRISHNAGIRI,333115,HOSUR,Urban,5,cat5,"HSS (VI-XII)",1,"Department of Education",2,SC,0,0,0,0,0,0,0,67,89,92,151,158,133,126,0,0,0,0,0,42,41,49,45,58,47,21
2019-20,33,Tamilnadu,3331,KRISHNAGIRI,333116,KELAMANGALAM,Urban,5,cat5,"HSS (VI-XII)",1,"Department of Education",2,SC,0,0,0,0,0,0,0,25,32,29,61,56,77,82,0,0,0,0,0,25,30,28,62,62,124,110
2019-20,33,Tamilnadu,3331,KRISHNAGIRI,333110,KRISHNAGIRI,Urban,5,cat5,"HSS (VI-XII)",3,"Local body",2,SC,0,0,0,0,0,0,0,4,6,4,7,7,8,8,0,0,0,0,0,6,1,4,6,11,4,5
2019-20,33,Tamilnadu,3331,KRISHNAGIRI,333112,BARGUR,Rural,5,cat5,"HSS (VI-XII)",4,"Government Aided",2,SC,0,0,0,0,0,0,0,15,20,19,32,18,21,14,0,0,0,0,0,23,17,12,20,18,15,22
2019-20,33,Tamilnadu,3331,KRISHNAGIRI,333116,KELAMANGALAM,Rural,5,cat5,"HSS (VI-XII)",4,"Government Aided",2,SC,0,0,0,0,0,0,0,20,22,28,37,16,22,22,0,0,0,0,0,14,7,9,19,12,16,8
2019-20,33,Tamilnadu,3331,KRISHNAGIRI,333117,THALLY,Rural,5,cat5,"HSS (VI-XII)",4,"Government Aided",2,SC,0,0,0,0,0,0,0,20,18,12,19,13,5,5,0,0,0,0,0,17,18,19,14,9,8,14
2019-20,33,Tamilnadu,3331,KRISHNAGIRI,333110,KRISHNAGIRI,Urban,5,cat5,"HSS (VI-XII)",4,"Government Aided",2,SC,0,0,0,0,0,0,0,0,0,0,0,0,0,0,0,0,0,0,0,44,53,44,52,40,41,39
2019-20,33,Tamilnadu,3331,KRISHNAGIRI,333112,BARGUR,Urban,5,cat5,"HSS (VI-XII)",4,"Government Aided",2,SC,0,0,0,0,0,0,0,11,18,18,19,16,10,2,0,0,0,0,0,5,3,1,2,6,3,3
2019-20,33,Tamilnadu,3331,KRISHNAGIRI,333115,HOSUR,Urban,5,cat5,"HSS (VI-XII)",4,"Government Aided",2,SC,0,0,0,0,0,0,0,0,0,0,0,0,0,0,0,0,0,0,0,46,66,50,37,32,27,26
2019-20,33,Tamilnadu,3331,KRISHNAGIRI,333110,KRISHNAGIRI,Rural,5,cat5,"HSS (VI-XII)",5,"Private Unaided (Recognized)",2,SC,0,0,0,0,0,0,0,0,1,0,0,1,4,0,0,0,0,0,0,0,1,0,0,0,0,1
2019-20,33,Tamilnadu,3331,KRISHNAGIRI,333111,KAVERIPATINAM,Rural,5,cat5,"HSS (VI-XII)",5,"Private Unaided (Recognized)",2,SC,0,0,0,0,0,0,0,0,1,0,3,0,1,5,0,0,0,0,0,0,0,1,2,1,2,2
2019-20,33,Tamilnadu,3331,KRISHNAGIRI,333112,BARGUR,Rural,5,cat5,"HSS (VI-XII)",5,"Private Unaided (Recognized)",2,SC,0,0,0,0,0,0,0,3,10,10,3,6,2,1,0,0,0,0,0,1,5,2,3,2,6,5
2019-20,33,Tamilnadu,3331,KRISHNAGIRI,333115,HOSUR,Rural,5,cat5,"HSS (VI-XII)",5,"Private Unaided (Recognized)",2,SC,0,0,0,0,0,0,0,1,2,2,3,6,18,11,0,0,0,0,0,1,0,3,1,1,5,11
2019-20,33,Tamilnadu,3331,KRISHNAGIRI,333117,THALLY,Rural,5,cat5,"HSS (VI-XII)",5,"Private Unaided (Recognized)",2,SC,0,0,0,0,0,0,0,5,5,7,2,5,5,5,0,0,0,0,0,4,8,8,4,9,3,2
2019-20,33,Tamilnadu,3331,KRISHNAGIRI,333112,BARGUR,Urban,5,cat5,"HSS (VI-XII)",5,"Private Unaided (Recognized)",2,SC,0,0,0,0,0,0,0,0,2,0,3,5,4,8,0,0,0,0,0,0,3,2,2,5,6,2
2019-20,33,Tamilnadu,3331,KRISHNAGIRI,333109,UTHANGARAI,Rural,1,cat1,"PS (I-V)",1,"Department of Education",2,SC,0,0,127,147,121,153,147,0,0,0,0,0,0,0,133,138,143,156,150,0,0,0,0,0,0,0
2019-20,33,Tamilnadu,3331,KRISHNAGIRI,333110,KRISHNAGIRI,Rural,1,cat1,"PS (I-V)",1,"Department of Education",2,SC,0,0,94,88,106,97,105,0,0,0,0,0,0,0,100,88,98,99,103,0,0,0,0,0,0,0
2019-20,33,Tamilnadu,3331,KRISHNAGIRI,333111,KAVERIPATINAM,Rural,1,cat1,"PS (I-V)",1,"Department of Education",2,SC,0,0,43,43,59,48,60,0,0,0,0,0,0,0,45,57,52,56,57,0,0,0,0,0,0,0
2019-20,33,Tamilnadu,3331,KRISHNAGIRI,333112,BARGUR,Rural,1,cat1,"PS (I-V)",1,"Department of Education",2,SC,0,0,108,104,105,101,100,0,0,0,0,0,0,0,92,88,108,118,109,0,0,0,0,0,0,0
2019-20,33,Tamilnadu,3331,KRISHNAGIRI,333113,VEPPANAPALLI,Rural,1,cat1,"PS (I-V)",1,"Department of Education",2,SC,0,0,54,60,64,71,61,0,0,0,0,0,0,0,56,66,65,63,78,0,0,0,0,0,0,0
2019-20,33,Tamilnadu,3331,KRISHNAGIRI,333114,SHOOLAGIRI,Rural,1,cat1,"PS (I-V)",1,"Department of Education",2,SC,0,0,102,148,135,127,164,0,0,0,0,0,0,0,128,128,152,133,135,0,0,0,0,0,0,0
2019-20,33,Tamilnadu,3331,KRISHNAGIRI,333115,HOSUR,Rural,1,cat1,"PS (I-V)",1,"Department of Education",2,SC,0,0,184,178,170,148,178,0,0,0,0,0,0,0,150,162,178,165,146,0,0,0,0,0,0,0
2019-20,33,Tamilnadu,3331,KRISHNAGIRI,333116,KELAMANGALAM,Rural,1,cat1,"PS (I-V)",1,"Department of Education",2,SC,1,1,78,71,100,84,76,0,0,0,0,0,0,0,68,81,71,83,86,0,0,0,0,0,0,0
2019-20,33,Tamilnadu,3331,KRISHNAGIRI,333117,THALLY,Rural,1,cat1,"PS (I-V)",1,"Department of Education",2,SC,0,0,131,116,136,112,101,0,0,0,0,0,0,0,119,139,153,126,128,0,0,0,0,0,0,0
2019-20,33,Tamilnadu,3331,KRISHNAGIRI,333118,MATHUR,Rural,1,cat1,"PS (I-V)",1,"Department of Education",2,SC,0,0,75,74,72,79,75,0,0,0,0,0,0,0,69,78,69,74,67,0,0,0,0,0,0,0
2019-20,33,Tamilnadu,3331,KRISHNAGIRI,333109,UTHANGARAI,Urban,1,cat1,"PS (I-V)",1,"Department of Education",2,SC,0,0,10,6,11,15,9,0,0,0,0,0,0,0,14,6,7,17,12,0,0,0,0,0,0,0
2019-20,33,Tamilnadu,3331,KRISHNAGIRI,333111,KAVERIPATINAM,Urban,1,cat1,"PS (I-V)",1,"Department of Education",2,SC,0,0,18,13,24,21,17,0,0,0,0,0,0,0,15,13,19,12,17,0,0,0,0,0,0,0
2019-20,33,Tamilnadu,3331,KRISHNAGIRI,333112,BARGUR,Urban,1,cat1,"PS (I-V)",1,"Department of Education",2,SC,0,0,4,6,10,4,3,0,0,0,0,0,0,0,5,4,7,5,3,0,0,0,0,0,0,0
2019-20,33,Tamilnadu,3331,KRISHNAGIRI,333114,SHOOLAGIRI,Urban,1,cat1,"PS (I-V)",1,"Department of Education",2,SC,0,0,8,4,5,8,2,0,0,0,0,0,0,0,6,9,5,10,5,0,0,0,0,0,0,0
2019-20,33,Tamilnadu,3331,KRISHNAGIRI,333115,HOSUR,Urban,1,cat1,"PS (I-V)",1,"Department of Education",2,SC,0,0,49,37,68,50,53,0,0,0,0,0,0,0,45,52,48,52,45,0,0,0,0,0,0,0
2019-20,33,Tamilnadu,3331,KRISHNAGIRI,333116,KELAMANGALAM,Urban,1,cat1,"PS (I-V)",1,"Department of Education",2,SC,0,0,16,14,22,13,26,0,0,0,0,0,0,0,23,20,17,11,18,0,0,0,0,0,0,0
2019-20,33,Tamilnadu,3331,KRISHNAGIRI,333118,MATHUR,Rural,1,cat1,"PS (I-V)",2,"Tribal Welfare Department",2,SC,0,0,1,1,3,2,1,0,0,0,0,0,0,0,5,1,3,2,0,0,0,0,0,0,0,0
2019-20,33,Tamilnadu,3331,KRISHNAGIRI,333110,KRISHNAGIRI,Urban,1,cat1,"PS (I-V)",3,"Local body",2,SC,0,0,3,2,6,5,3,0,0,0,0,0,0,0,7,3,6,4,6,0,0,0,0,0,0,0
2019-20,33,Tamilnadu,3331,KRISHNAGIRI,333112,BARGUR,Rural,1,cat1,"PS (I-V)",4,"Government Aided",2,SC,0,0,8,7,11,11,12,0,0,0,0,0,0,0,9,8,11,13,16,0,0,0,0,0,0,0
2019-20,33,Tamilnadu,3331,KRISHNAGIRI,333117,THALLY,Rural,1,cat1,"PS (I-V)",4,"Government Aided",2,SC,0,0,7,8,13,10,16,0,0,0,0,0,0,0,3,5,13,11,9,0,0,0,0,0,0,0
2019-20,33,Tamilnadu,3331,KRISHNAGIRI,333110,KRISHNAGIRI,Urban,1,cat1,"PS (I-V)",4,"Government Aided",2,SC,0,0,20,16,25,24,35,0,0,0,0,0,0,0,35,41,42,37,39,0,0,0,0,0,0,0
2019-20,33,Tamilnadu,3331,KRISHNAGIRI,333112,BARGUR,Urban,1,cat1,"PS (I-V)",4,"Government Aided",2,SC,0,0,1,0,1,2,1,0,0,0,0,0,0,0,2,1,0,1,1,0,0,0,0,0,0,0
2019-20,33,Tamilnadu,3331,KRISHNAGIRI,333115,HOSUR,Urban,1,cat1,"PS (I-V)",4,"Government Aided",2,SC,0,0,4,7,3,5,2,0,0,0,0,0,0,0,31,34,21,43,29,0,0,0,0,0,0,0
2019-20,33,Tamilnadu,3331,KRISHNAGIRI,333116,KELAMANGALAM,Urban,1,cat1,"PS (I-V)",4,"Government Aided",2,SC,0,0,14,9,14,20,18,0,0,0,0,0,0,0,20,13,18,19,8,0,0,0,0,0,0,0
2019-20,33,Tamilnadu,3331,KRISHNAGIRI,333109,UTHANGARAI,Rural,1,cat1,"PS (I-V)",5,"Private Unaided (Recognized)",2,SC,53,59,15,21,13,13,6,0,0,0,0,0,0,0,13,19,16,11,5,0,0,0,0,0,0,0
2019-20,33,Tamilnadu,3331,KRISHNAGIRI,333110,KRISHNAGIRI,Rural,1,cat1,"PS (I-V)",5,"Private Unaided (Recognized)",2,SC,31,30,27,13,10,10,8,0,0,0,0,0,0,0,21,8,10,8,10,0,0,0,0,0,0,0
2019-20,33,Tamilnadu,3331,KRISHNAGIRI,333111,KAVERIPATINAM,Rural,1,cat1,"PS (I-V)",5,"Private Unaided (Recognized)",2,SC,42,41,17,18,13,16,10,0,0,0,0,0,0,0,15,12,11,11,12,0,0,0,0,0,0,0
2019-20,33,Tamilnadu,3331,KRISHNAGIRI,333112,BARGUR,Rural,1,cat1,"PS (I-V)",5,"Private Unaided (Recognized)",2,SC,50,44,26,24,21,14,7,0,0,0,0,0,0,0,20,19,12,16,4,0,0,0,0,0,0,0
2019-20,33,Tamilnadu,3331,KRISHNAGIRI,333113,VEPPANAPALLI,Rural,1,cat1,"PS (I-V)",5,"Private Unaided (Recognized)",2,SC,33,23,10,14,6,5,2,0,0,0,0,0,0,0,6,3,5,5,3,0,0,0,0,0,0,0
2019-20,33,Tamilnadu,3331,KRISHNAGIRI,333114,SHOOLAGIRI,Rural,1,cat1,"PS (I-V)",5,"Private Unaided (Recognized)",2,SC,24,28,9,7,4,3,5,0,0,0,0,0,0,0,4,2,4,3,1,0,0,0,0,0,0,0
2019-20,33,Tamilnadu,3331,KRISHNAGIRI,333115,HOSUR,Rural,1,cat1,"PS (I-V)",5,"Private Unaided (Recognized)",2,SC,30,36,17,19,14,15,19,0,0,0,0,0,0,0,11,21,14,17,10,0,0,0,0,0,0,0
2019-20,33,Tamilnadu,3331,KRISHNAGIRI,333116,KELAMANGALAM,Rural,1,cat1,"PS (I-V)",5,"Private Unaided (Recognized)",2,SC,10,16,5,4,7,6,5,0,0,0,0,0,0,0,2,10,4,2,1,0,0,0,0,0,0,0
2019-20,33,Tamilnadu,3331,KRISHNAGIRI,333117,THALLY,Rural,1,cat1,"PS (I-V)",5,"Private Unaided (Recognized)",2,SC,58,57,22,22,17,19,15,0,0,0,0,0,0,0,13,22,24,15,7,0,0,0,0,0,0,0
2019-20,33,Tamilnadu,3331,KRISHNAGIRI,333118,MATHUR,Rural,1,cat1,"PS (I-V)",5,"Private Unaided (Recognized)",2,SC,5,8,1,0,2,0,2,0,0,0,0,0,0,0,5,1,2,1,2,0,0,0,0,0,0,0
2019-20,33,Tamilnadu,3331,KRISHNAGIRI,333109,UTHANGARAI,Urban,1,cat1,"PS (I-V)",5,"Private Unaided (Recognized)",2,SC,13,16,4,6,2,2,3,0,0,0,0,0,0,0,2,8,3,4,4,0,0,0,0,0,0,0
2019-20,33,Tamilnadu,3331,KRISHNAGIRI,333110,KRISHNAGIRI,Urban,1,cat1,"PS (I-V)",5,"Private Unaided (Recognized)",2,SC,96,62,43,32,29,22,17,0,0,0,0,0,0,0,26,25,20,22,14,0,0,0,0,0,0,0
2019-20,33,Tamilnadu,3331,KRISHNAGIRI,333111,KAVERIPATINAM,Urban,1,cat1,"PS (I-V)",5,"Private Unaided (Recognized)",2,SC,8,11,2,7,1,4,2,0,0,0,0,0,0,0,2,3,0,1,0,0,0,0,0,0,0,0
2019-20,33,Tamilnadu,3331,KRISHNAGIRI,333112,BARGUR,Urban,1,cat1,"PS (I-V)",5,"Private Unaided (Recognized)",2,SC,3,4,0,0,0,2,2,0,0,0,0,0,0,0,3,2,0,0,1,0,0,0,0,0,0,0
2019-20,33,Tamilnadu,3331,KRISHNAGIRI,333115,HOSUR,Urban,1,cat1,"PS (I-V)",5,"Private Unaided (Recognized)",2,SC,63,31,22,22,24,12,23,0,0,0,0,0,0,0,21,19,25,23,14,0,0,0,0,0,0,0
2019-20,33,Tamilnadu,3331,KRISHNAGIRI,333116,KELAMANGALAM,Urban,1,cat1,"PS (I-V)",5,"Private Unaided (Recognized)",2,SC,9,3,3,0,0,2,1,0,0,0,0,0,0,0,1,2,1,2,1,0,0,0,0,0,0,0
2019-20,33,Tamilnadu,3331,KRISHNAGIRI,333111,KAVERIPATINAM,Rural,1,cat1,"PS (I-V)",8,Unrecognized,2,SC,1,1,0,0,0,0,0,0,0,0,0,0,0,0,0,0,0,0,0,0,0,0,0,0,0,0
2019-20,33,Tamilnadu,3331,KRISHNAGIRI,333114,SHOOLAGIRI,Rural,1,cat1,"PS (I-V)",8,Unrecognized,2,SC,0,0,0,1,0,0,0,0,0,0,0,0,0,0,0,0,0,0,0,0,0,0,0,0,0,0
2019-20,33,Tamilnadu,3331,KRISHNAGIRI,333116,KELAMANGALAM,Rural,1,cat1,"PS (I-V)",8,Unrecognized,2,SC,16,11,10,4,0,1,0,0,0,0,0,0,0,0,6,1,3,2,0,0,0,0,0,0,0,0
2019-20,33,Tamilnadu,3331,KRISHNAGIRI,333112,BARGUR,Urban,1,cat1,"PS (I-V)",90,"Social welfare Department",2,SC,0,0,1,0,1,1,3,0,0,0,0,0,0,0,0,0,0,0,0,0,0,0,0,0,0,0
2019-20,33,Tamilnadu,3331,KRISHNAGIRI,333109,UTHANGARAI,Rural,6,cat6,"SS (I-X)",5,"Private Unaided (Recognized)",2,SC,28,23,16,21,22,7,19,12,18,6,12,3,0,0,12,12,9,16,11,12,14,9,6,3,0,0
2019-20,33,Tamilnadu,3331,KRISHNAGIRI,333110,KRISHNAGIRI,Rural,6,cat6,"SS (I-X)",5,"Private Unaided (Recognized)",2,SC,10,12,6,9,6,9,10,3,7,4,6,3,0,0,7,13,7,3,8,4,8,3,5,1,0,0
2019-20,33,Tamilnadu,3331,KRISHNAGIRI,333111,KAVERIPATINAM,Rural,6,cat6,"SS (I-X)",5,"Private Unaided (Recognized)",2,SC,23,12,8,8,16,5,4,10,5,4,4,2,0,0,11,6,6,7,5,5,6,3,3,4,0,0
2019-20,33,Tamilnadu,3331,KRISHNAGIRI,333112,BARGUR,Rural,6,cat6,"SS (I-X)",5,"Private Unaided (Recognized)",2,SC,47,37,33,46,25,24,23,23,18,19,8,6,0,0,16,20,29,19,21,14,8,6,6,2,0,0
2019-20,33,Tamilnadu,3331,KRISHNAGIRI,333114,SHOOLAGIRI,Rural,6,cat6,"SS (I-X)",5,"Private Unaided (Recognized)",2,SC,24,11,4,3,4,7,2,5,4,0,2,4,0,0,7,3,5,5,5,0,2,0,1,1,0,0
2019-20,33,Tamilnadu,3331,KRISHNAGIRI,333115,HOSUR,Rural,6,cat6,"SS (I-X)",5,"Private Unaided (Recognized)",2,SC,52,31,18,27,24,21,26,21,11,16,14,12,0,0,20,22,10,14,11,18,16,15,9,8,0,0
2019-20,33,Tamilnadu,3331,KRISHNAGIRI,333116,KELAMANGALAM,Rural,6,cat6,"SS (I-X)",5,"Private Unaided (Recognized)",2,SC,42,42,27,18,21,16,17,20,19,13,20,12,0,0,18,17,15,13,13,12,14,5,5,8,0,0
2019-20,33,Tamilnadu,3331,KRISHNAGIRI,333117,THALLY,Rural,6,cat6,"SS (I-X)",5,"Private Unaided (Recognized)",2,SC,11,14,7,6,2,4,4,3,1,1,3,2,0,0,5,3,3,4,1,3,3,1,2,2,0,0
2019-20,33,Tamilnadu,3331,KRISHNAGIRI,333118,MATHUR,Rural,6,cat6,"SS (I-X)",5,"Private Unaided (Recognized)",2,SC,28,18,14,12,16,11,5,6,7,8,1,2,0,0,19,9,7,5,4,8,7,1,1,1,0,0
2019-20,33,Tamilnadu,3331,KRISHNAGIRI,333110,KRISHNAGIRI,Urban,6,cat6,"SS (I-X)",5,"Private Unaided (Recognized)",2,SC,13,8,3,5,6,3,4,3,7,1,4,4,0,0,2,4,3,3,8,4,1,4,5,1,0,0
2019-20,33,Tamilnadu,3331,KRISHNAGIRI,333115,HOSUR,Urban,6,cat6,"SS (I-X)",5,"Private Unaided (Recognized)",2,SC,74,66,46,58,47,49,34,50,38,45,25,29,0,0,47,41,37,37,25,39,35,28,23,24,0,0
2019-20,33,Tamilnadu,3331,KRISHNAGIRI,333116,KELAMANGALAM,Urban,6,cat6,"SS (I-X)",5,"Private Unaided (Recognized)",2,SC,9,8,7,4,4,6,4,1,3,2,1,4,0,0,4,5,6,3,6,2,1,2,3,0,0,0
2019-20,33,Tamilnadu,3331,KRISHNAGIRI,333118,MATHUR,Rural,6,cat6,"SS (I-X)",8,Unrecognized,2,SC,3,1,0,0,0,0,2,0,1,0,0,1,0,0,0,2,1,0,1,0,0,0,0,0,0,0
2019-20,33,Tamilnadu,3331,KRISHNAGIRI,333109,UTHANGARAI,Rural,7,cat7,"SS (VI-X)",1,"Department of Education",2,SC,0,0,0,0,0,0,0,43,62,60,88,91,0,0,0,0,0,0,0,62,69,60,76,104,0,0
2019-20,33,Tamilnadu,3331,KRISHNAGIRI,333110,KRISHNAGIRI,Rural,7,cat7,"SS (VI-X)",1,"Department of Education",2,SC,0,0,0,0,0,0,0,61,59,55,63,57,0,0,0,0,0,0,0,51,64,52,69,72,0,0
2019-20,33,Tamilnadu,3331,KRISHNAGIRI,333111,KAVERIPATINAM,Rural,7,cat7,"SS (VI-X)",1,"Department of Education",2,SC,0,0,0,0,0,0,0,23,34,31,44,40,0,0,0,0,0,0,0,50,64,41,62,58,0,0
2019-20,33,Tamilnadu,3331,KRISHNAGIRI,333112,BARGUR,Rural,7,cat7,"SS (VI-X)",1,"Department of Education",2,SC,0,0,0,0,0,0,0,55,52,54,43,64,0,0,0,0,0,0,0,54,45,52,54,51,0,0
2019-20,33,Tamilnadu,3331,KRISHNAGIRI,333113,VEPPANAPALLI,Rural,7,cat7,"SS (VI-X)",1,"Department of Education",2,SC,0,0,0,0,0,0,0,40,38,28,44,38,0,0,0,0,0,0,0,58,40,35,53,45,0,0
2019-20,33,Tamilnadu,3331,KRISHNAGIRI,333114,SHOOLAGIRI,Rural,7,cat7,"SS (VI-X)",1,"Department of Education",2,SC,0,0,0,0,0,0,0,63,105,76,86,83,0,0,0,0,0,0,0,76,61,67,85,75,0,0
2019-20,33,Tamilnadu,3331,KRISHNAGIRI,333115,HOSUR,Rural,7,cat7,"SS (VI-X)",1,"Department of Education",2,SC,0,0,0,0,0,0,0,65,61,51,60,49,0,0,0,0,0,0,0,41,57,44,41,32,0,0
2019-20,33,Tamilnadu,3331,KRISHNAGIRI,333116,KELAMANGALAM,Rural,7,cat7,"SS (VI-X)",1,"Department of Education",2,SC,0,0,0,0,0,0,0,39,36,26,40,44,0,0,0,0,0,0,0,47,52,50,81,74,0,0
2019-20,33,Tamilnadu,3331,KRISHNAGIRI,333117,THALLY,Rural,7,cat7,"SS (VI-X)",1,"Department of Education",2,SC,0,0,0,0,0,0,0,46,53,38,43,58,0,0,0,0,0,0,0,64,72,84,106,102,0,0
2019-20,33,Tamilnadu,3331,KRISHNAGIRI,333118,MATHUR,Rural,7,cat7,"SS (VI-X)",1,"Department of Education",2,SC,0,0,0,0,0,0,0,22,28,29,22,25,0,0,0,0,0,0,0,33,35,25,36,40,0,0
2019-20,33,Tamilnadu,3331,KRISHNAGIRI,333115,HOSUR,Urban,7,cat7,"SS (VI-X)",1,"Department of Education",2,SC,0,0,0,0,0,0,0,43,40,27,44,43,0,0,0,0,0,0,0,46,34,42,51,47,0,0
2019-20,33,Tamilnadu,3331,KRISHNAGIRI,333116,KELAMANGALAM,Urban,7,cat7,"SS (VI-X)",1,"Department of Education",2,SC,0,0,0,0,0,0,0,6,3,1,1,3,0,0,0,0,0,0,0,1,3,1,2,2,0,0
2019-20,33,Tamilnadu,3331,KRISHNAGIRI,333118,MATHUR,Rural,7,cat7,"SS (VI-X)",2,"Tribal Welfare Department",2,SC,0,0,0,0,0,0,0,4,0,3,1,4,0,0,0,0,0,0,0,7,2,4,3,5,0,0
2019-20,33,Tamilnadu,3331,KRISHNAGIRI,333116,KELAMANGALAM,Rural,7,cat7,"SS (VI-X)",4,"Government Aided",2,SC,0,0,0,0,0,0,0,16,41,29,35,29,0,0,0,0,0,0,0,18,19,19,20,18,0,0
2019-20,33,Tamilnadu,3331,KRISHNAGIRI,333110,KRISHNAGIRI,Urban,7,cat7,"SS (VI-X)",4,"Government Aided",2,SC,0,0,0,0,0,0,0,32,34,36,26,19,0,0,0,0,0,0,0,0,0,0,0,0,0,0
2019-20,33,Tamilnadu,3331,KRISHNAGIRI,333117,THALLY,Rural,7,cat7,"SS (VI-X)",5,"Private Unaided (Recognized)",2,SC,0,0,0,0,0,0,0,1,5,5,0,1,0,0,0,0,0,0,0,4,1,1,2,1,0,0
2019-20,33,Tamilnadu,3331,KRISHNAGIRI,333115,HOSUR,Urban,7,cat7,"SS (VI-X)",5,"Private Unaided (Recognized)",2,SC,0,0,0,0,0,0,0,3,0,1,5,4,0,0,0,0,0,0,0,1,0,0,0,3,0,0
2019-20,33,Tamilnadu,3331,KRISHNAGIRI,333109,UTHANGARAI,Rural,2,cat2,"UPS (I-VIII)",1,"Department of Education",2,SC,15,16,40,34,37,40,32,74,45,60,0,0,0,0,46,38,45,49,39,61,70,67,0,0,0,0
2019-20,33,Tamilnadu,3331,KRISHNAGIRI,333110,KRISHNAGIRI,Rural,2,cat2,"UPS (I-VIII)",1,"Department of Education",2,SC,0,1,16,17,20,13,23,20,24,21,0,0,0,0,15,27,14,17,18,26,21,20,0,0,0,0
2019-20,33,Tamilnadu,3331,KRISHNAGIRI,333111,KAVERIPATINAM,Rural,2,cat2,"UPS (I-VIII)",1,"Department of Education",2,SC,7,7,16,23,14,21,18,20,24,25,0,0,0,0,23,10,17,15,16,14,14,17,0,0,0,0
2019-20,33,Tamilnadu,3331,KRISHNAGIRI,333112,BARGUR,Rural,2,cat2,"UPS (I-VIII)",1,"Department of Education",2,SC,15,16,18,22,25,28,33,30,49,38,0,0,0,0,22,31,36,31,35,42,38,33,0,0,0,0
2019-20,33,Tamilnadu,3331,KRISHNAGIRI,333113,VEPPANAPALLI,Rural,2,cat2,"UPS (I-VIII)",1,"Department of Education",2,SC,3,4,3,8,5,3,5,8,6,6,0,0,0,0,5,1,4,6,6,11,10,7,0,0,0,0
2019-20,33,Tamilnadu,3331,KRISHNAGIRI,333114,SHOOLAGIRI,Rural,2,cat2,"UPS (I-VIII)",1,"Department of Education",2,SC,17,24,37,34,40,28,33,47,48,52,0,0,0,0,32,37,27,37,38,54,42,50,0,0,0,0
2019-20,33,Tamilnadu,3331,KRISHNAGIRI,333115,HOSUR,Rural,2,cat2,"UPS (I-VIII)",1,"Department of Education",2,SC,41,48,49,54,54,54,33,74,78,59,0,0,0,0,31,52,51,48,38,76,89,57,0,0,0,0
2019-20,33,Tamilnadu,3331,KRISHNAGIRI,333116,KELAMANGALAM,Rural,2,cat2,"UPS (I-VIII)",1,"Department of Education",2,SC,22,13,37,35,39,33,26,44,58,43,0,0,0,0,45,26,45,39,32,42,55,49,0,0,0,0
2019-20,33,Tamilnadu,3331,KRISHNAGIRI,333117,THALLY,Rural,2,cat2,"UPS (I-VIII)",1,"Department of Education",2,SC,7,16,34,45,41,54,50,76,79,69,0,0,0,0,41,46,37,44,60,74,77,72,0,0,0,0
2019-20,33,Tamilnadu,3331,KRISHNAGIRI,333118,MATHUR,Rural,2,cat2,"UPS (I-VIII)",1,"Department of Education",2,SC,7,6,15,16,11,13,16,13,15,15,0,0,0,0,12,15,11,16,9,7,16,17,0,0,0,0
2019-20,33,Tamilnadu,3331,KRISHNAGIRI,333111,KAVERIPATINAM,Urban,2,cat2,"UPS (I-VIII)",1,"Department of Education",2,SC,0,0,0,1,2,2,0,1,1,4,0,0,0,0,1,3,1,1,2,0,2,1,0,0,0,0
2019-20,33,Tamilnadu,3331,KRISHNAGIRI,333112,BARGUR,Urban,2,cat2,"UPS (I-VIII)",1,"Department of Education",2,SC,0,0,7,3,6,4,3,3,1,4,0,0,0,0,1,1,4,5,5,8,6,3,0,0,0,0
2019-20,33,Tamilnadu,3331,KRISHNAGIRI,333113,VEPPANAPALLI,Urban,2,cat2,"UPS (I-VIII)",1,"Department of Education",2,SC,0,0,0,0,0,0,0,1,0,0,0,0,0,0,0,0,1,1,0,0,1,0,0,0,0,0
2019-20,33,Tamilnadu,3331,KRISHNAGIRI,333115,HOSUR,Urban,2,cat2,"UPS (I-VIII)",1,"Department of Education",2,SC,23,26,23,28,32,31,40,48,46,41,0,0,0,0,13,21,23,21,25,39,38,30,0,0,0,0
2019-20,33,Tamilnadu,3331,KRISHNAGIRI,333116,KELAMANGALAM,Urban,2,cat2,"UPS (I-VIII)",1,"Department of Education",2,SC,0,0,3,5,9,9,3,13,5,12,0,0,0,0,8,2,11,5,4,13,16,13,0,0,0,0
2019-20,33,Tamilnadu,3331,KRISHNAGIRI,333110,KRISHNAGIRI,Urban,2,cat2,"UPS (I-VIII)",3,"Local body",2,SC,8,10,7,13,13,10,7,8,10,15,0,0,0,0,16,8,11,11,8,10,16,21,0,0,0,0
2019-20,33,Tamilnadu,3331,KRISHNAGIRI,333112,BARGUR,Rural,2,cat2,"UPS (I-VIII)",4,"Government Aided",2,SC,0,0,2,2,2,3,4,5,9,7,0,0,0,0,4,3,7,4,4,4,4,8,0,0,0,0
2019-20,33,Tamilnadu,3331,KRISHNAGIRI,333117,THALLY,Rural,2,cat2,"UPS (I-VIII)",4,"Government Aided",2,SC,0,0,0,0,1,1,0,4,3,2,0,0,0,0,3,3,2,0,2,1,3,4,0,0,0,0
2019-20,33,Tamilnadu,3331,KRISHNAGIRI,333110,KRISHNAGIRI,Urban,2,cat2,"UPS (I-VIII)",4,"Government Aided",2,SC,0,0,2,3,0,4,2,2,6,3,0,0,0,0,3,2,2,1,3,0,3,2,0,0,0,0
2019-20,33,Tamilnadu,3331,KRISHNAGIRI,333111,KAVERIPATINAM,Urban,2,cat2,"UPS (I-VIII)",4,"Government Aided",2,SC,0,0,1,1,2,1,1,0,0,0,0,0,0,0,1,1,1,0,2,0,0,0,0,0,0,0
2019-20,33,Tamilnadu,3331,KRISHNAGIRI,333110,KRISHNAGIRI,Rural,2,cat2,"UPS (I-VIII)",5,"Private Unaided (Recognized)",2,SC,10,7,3,4,3,1,6,3,0,3,0,0,0,0,1,4,2,4,2,1,5,0,0,0,0,0
2019-20,33,Tamilnadu,3331,KRISHNAGIRI,333111,KAVERIPATINAM,Rural,2,cat2,"UPS (I-VIII)",5,"Private Unaided (Recognized)",2,SC,3,2,1,5,1,1,3,0,0,0,0,0,0,0,2,3,2,1,0,0,0,0,0,0,0,0
2019-20,33,Tamilnadu,3331,KRISHNAGIRI,333112,BARGUR,Rural,2,cat2,"UPS (I-VIII)",5,"Private Unaided (Recognized)",2,SC,20,13,9,8,11,13,1,2,6,3,0,0,0,0,6,7,2,11,2,4,3,1,0,0,0,0
2019-20,33,Tamilnadu,3331,KRISHNAGIRI,333115,HOSUR,Rural,2,cat2,"UPS (I-VIII)",5,"Private Unaided (Recognized)",2,SC,1,0,1,3,0,0,0,0,0,0,0,0,0,0,3,1,2,0,1,0,0,0,0,0,0,0
2019-20,33,Tamilnadu,3331,KRISHNAGIRI,333117,THALLY,Rural,2,cat2,"UPS (I-VIII)",5,"Private Unaided (Recognized)",2,SC,1,0,1,0,1,0,0,0,1,2,0,0,0,0,0,0,0,2,0,1,1,0,0,0,0,0
2019-20,33,Tamilnadu,3331,KRISHNAGIRI,333118,MATHUR,Rural,2,cat2,"UPS (I-VIII)",5,"Private Unaided (Recognized)",2,SC,3,3,2,2,0,2,0,1,0,1,0,0,0,0,2,2,1,0,0,0,0,0,0,0,0,0
2019-20,33,Tamilnadu,3331,KRISHNAGIRI,333111,KAVERIPATINAM,Urban,2,cat2,"UPS (I-VIII)",5,"Private Unaided (Recognized)",2,SC,0,1,1,1,0,0,0,0,0,0,0,0,0,0,0,0,0,0,0,0,0,0,0,0,0,0
2019-20,33,Tamilnadu,3331,KRISHNAGIRI,333112,BARGUR,Urban,2,cat2,"UPS (I-VIII)",5,"Private Unaided (Recognized)",2,SC,0,0,1,1,1,0,0,0,0,1,0,0,0,0,0,0,0,0,0,1,0,2,0,0,0,0
2019-20,33,Tamilnadu,3331,KRISHNAGIRI,333115,HOSUR,Urban,2,cat2,"UPS (I-VIII)",5,"Private Unaided (Recognized)",2,SC,12,5,26,13,10,6,6,6,19,11,0,0,0,0,11,9,9,8,8,10,1,14,0,0,0,0
2019-20,33,Tamilnadu,3331,KRISHNAGIRI,333117,THALLY,Urban,2,cat2,"UPS (I-VIII)",5,"Private Unaided (Recognized)",2,SC,3,3,2,1,3,0,0,2,1,2,0,0,0,0,0,3,2,0,1,0,0,2,0,0,0,0
2019-20,33,Tamilnadu,3331,KRISHNAGIRI,333113,VEPPANAPALLI,Rural,2,cat2,"UPS (I-VIII)",6,"Other Govt. managed schools",2,SC,0,0,0,0,0,0,0,0,0,0,0,0,0,0,0,0,0,0,0,3,6,6,0,0,0,0
2019-20,33,Tamilnadu,3331,KRISHNAGIRI,333114,SHOOLAGIRI,Rural,2,cat2,"UPS (I-VIII)",6,"Other Govt. managed schools",2,SC,0,0,0,1,1,1,2,2,2,2,0,0,0,0,2,0,0,0,6,7,6,3,0,0,0,0
2019-20,33,Tamilnadu,3331,KRISHNAGIRI,333117,THALLY,Rural,2,cat2,"UPS (I-VIII)",6,"Other Govt. managed schools",2,SC,0,0,0,0,2,0,3,7,7,2,0,0,0,0,0,0,1,2,1,3,3,2,0,0,0,0
2019-20,33,Tamilnadu,3331,KRISHNAGIRI,333116,KELAMANGALAM,Urban,2,cat2,"UPS (I-VIII)",6,"Other Govt. managed schools",2,SC,0,0,0,0,3,2,1,5,4,2,0,0,0,0,0,2,0,2,3,8,9,4,0,0,0,0
2019-20,33,Tamilnadu,3331,KRISHNAGIRI,333113,VEPPANAPALLI,Rural,2,cat2,"UPS (I-VIII)",8,Unrecognized,2,SC,4,3,2,4,5,2,2,1,1,0,0,0,0,0,1,0,1,0,1,2,2,3,0,0,0,0
2019-20,33,Tamilnadu,3331,KRISHNAGIRI,333112,BARGUR,Urban,2,cat2,"UPS (I-VIII)",90,"Social welfare Department",2,SC,0,0,0,1,0,2,1,1,1,0,0,0,0,0,0,1,3,1,1,0,3,1,0,0,0,0
2019-20,33,Tamilnadu,3331,KRISHNAGIRI,333109,UTHANGARAI,Rural,3,cat3,"HSS (I-XII)",1,"Department of Education",3,ST,0,0,0,0,0,0,0,0,0,0,0,0,0,1,0,0,0,0,0,0,0,0,0,0,0,0
2019-20,33,Tamilnadu,3331,KRISHNAGIRI,333109,UTHANGARAI,Rural,3,cat3,"HSS (I-XII)",5,"Private Unaided (Recognized)",3,ST,10,3,4,1,5,1,9,3,4,2,4,3,0,0,2,3,1,1,2,1,0,1,2,0,1,1
2019-20,33,Tamilnadu,3331,KRISHNAGIRI,333110,KRISHNAGIRI,Rural,3,cat3,"HSS (I-XII)",5,"Private Unaided (Recognized)",3,ST,4,2,2,3,2,1,0,2,4,4,3,2,2,3,2,0,0,0,0,1,2,1,4,3,1,2
2019-20,33,Tamilnadu,3331,KRISHNAGIRI,333111,KAVERIPATINAM,Rural,3,cat3,"HSS (I-XII)",5,"Private Unaided (Recognized)",3,ST,2,0,2,0,0,2,1,0,1,0,3,0,1,1,0,0,1,0,0,0,0,1,1,0,0,0
2019-20,33,Tamilnadu,3331,KRISHNAGIRI,333112,BARGUR,Rural,3,cat3,"HSS (I-XII)",5,"Private Unaided (Recognized)",3,ST,0,1,0,1,0,1,1,1,0,2,1,1,0,0,0,1,0,0,0,0,0,1,2,1,0,0
2019-20,33,Tamilnadu,3331,KRISHNAGIRI,333113,VEPPANAPALLI,Rural,3,cat3,"HSS (I-XII)",5,"Private Unaided (Recognized)",3,ST,1,2,1,1,0,0,0,0,1,1,0,0,0,0,0,0,0,0,0,0,0,1,0,0,0,1
2019-20,33,Tamilnadu,3331,KRISHNAGIRI,333114,SHOOLAGIRI,Rural,3,cat3,"HSS (I-XII)",5,"Private Unaided (Recognized)",3,ST,1,0,0,0,0,0,0,0,0,5,5,2,0,0,0,0,0,1,0,0,0,2,0,0,0,0
2019-20,33,Tamilnadu,3331,KRISHNAGIRI,333115,HOSUR,Rural,3,cat3,"HSS (I-XII)",5,"Private Unaided (Recognized)",3,ST,6,4,5,5,5,7,6,4,3,12,24,18,7,7,1,5,4,2,8,2,3,21,17,8,9,5
2019-20,33,Tamilnadu,3331,KRISHNAGIRI,333116,KELAMANGALAM,Rural,3,cat3,"HSS (I-XII)",5,"Private Unaided (Recognized)",3,ST,1,0,0,2,0,0,0,0,0,0,0,0,0,0,0,0,0,0,1,0,0,0,0,0,1,0
2019-20,33,Tamilnadu,3331,KRISHNAGIRI,333117,THALLY,Rural,3,cat3,"HSS (I-XII)",5,"Private Unaided (Recognized)",3,ST,1,0,0,1,0,1,0,0,0,1,0,0,0,1,0,0,1,1,1,0,1,0,0,1,0,2
2019-20,33,Tamilnadu,3331,KRISHNAGIRI,333118,MATHUR,Rural,3,cat3,"HSS (I-XII)",5,"Private Unaided (Recognized)",3,ST,1,1,0,0,0,0,2,0,0,0,0,1,0,0,1,0,1,0,0,0,0,0,0,0,0,0
2019-20,33,Tamilnadu,3331,KRISHNAGIRI,333109,UTHANGARAI,Urban,3,cat3,"HSS (I-XII)",5,"Private Unaided (Recognized)",3,ST,0,0,1,0,1,0,1,0,0,0,2,0,4,0,0,0,1,0,0,0,1,1,3,1,0,0
2019-20,33,Tamilnadu,3331,KRISHNAGIRI,333110,KRISHNAGIRI,Urban,3,cat3,"HSS (I-XII)",5,"Private Unaided (Recognized)",3,ST,0,0,0,1,0,0,0,0,0,0,2,0,0,0,0,0,1,0,0,0,1,0,1,0,1,1
2019-20,33,Tamilnadu,3331,KRISHNAGIRI,333112,BARGUR,Urban,3,cat3,"HSS (I-XII)",5,"Private Unaided (Recognized)",3,ST,0,0,0,0,0,1,1,1,1,3,3,4,3,2,0,0,0,0,1,0,0,0,1,0,2,4
2019-20,33,Tamilnadu,3331,KRISHNAGIRI,333115,HOSUR,Urban,3,cat3,"HSS (I-XII)",5,"Private Unaided (Recognized)",3,ST,15,11,8,4,3,6,5,6,1,17,19,6,3,5,7,3,4,2,2,3,2,14,9,4,7,4
2019-20,33,Tamilnadu,3331,KRISHNAGIRI,333116,KELAMANGALAM,Urban,3,cat3,"HSS (I-XII)",5,"Private Unaided (Recognized)",3,ST,0,2,1,1,0,2,1,0,2,1,1,0,0,1,0,0,0,1,0,0,2,1,0,0,0,0
2019-20,33,Tamilnadu,3331,KRISHNAGIRI,333109,UTHANGARAI,Rural,5,cat5,"HSS (VI-XII)",1,"Department of Education",3,ST,0,0,0,0,0,0,0,6,16,6,20,12,12,12,0,0,0,0,0,7,9,7,10,12,16,25
2019-20,33,Tamilnadu,3331,KRISHNAGIRI,333110,KRISHNAGIRI,Rural,5,cat5,"HSS (VI-XII)",1,"Department of Education",3,ST,0,0,0,0,0,0,0,2,2,3,8,2,4,1,0,0,0,0,0,1,0,0,3,2,2,1
2019-20,33,Tamilnadu,3331,KRISHNAGIRI,333111,KAVERIPATINAM,Rural,5,cat5,"HSS (VI-XII)",1,"Department of Education",3,ST,0,0,0,0,0,0,0,3,4,1,5,1,1,0,0,0,0,0,0,2,0,6,0,1,1,1
2019-20,33,Tamilnadu,3331,KRISHNAGIRI,333112,BARGUR,Rural,5,cat5,"HSS (VI-XII)",1,"Department of Education",3,ST,0,0,0,0,0,0,0,8,4,5,5,5,7,2,0,0,0,0,0,7,6,11,4,11,6,3
2019-20,33,Tamilnadu,3331,KRISHNAGIRI,333113,VEPPANAPALLI,Rural,5,cat5,"HSS (VI-XII)",1,"Department of Education",3,ST,0,0,0,0,0,0,0,5,5,3,8,3,0,0,0,0,0,0,0,2,1,5,4,4,1,1
2019-20,33,Tamilnadu,3331,KRISHNAGIRI,333114,SHOOLAGIRI,Rural,5,cat5,"HSS (VI-XII)",1,"Department of Education",3,ST,0,0,0,0,0,0,0,2,4,3,10,7,1,1,0,0,0,0,0,3,3,4,2,2,1,1
2019-20,33,Tamilnadu,3331,KRISHNAGIRI,333115,HOSUR,Rural,5,cat5,"HSS (VI-XII)",1,"Department of Education",3,ST,0,0,0,0,0,0,0,0,2,2,0,0,0,0,0,0,0,0,0,0,0,2,2,0,2,2
2019-20,33,Tamilnadu,3331,KRISHNAGIRI,333116,KELAMANGALAM,Rural,5,cat5,"HSS (VI-XII)",1,"Department of Education",3,ST,0,0,0,0,0,0,0,5,0,4,6,3,4,3,0,0,0,0,0,8,2,2,9,8,6,4
2019-20,33,Tamilnadu,3331,KRISHNAGIRI,333117,THALLY,Rural,5,cat5,"HSS (VI-XII)",1,"Department of Education",3,ST,0,0,0,0,0,0,0,14,14,13,22,15,8,9,0,0,0,0,0,11,14,6,6,5,14,10
2019-20,33,Tamilnadu,3331,KRISHNAGIRI,333118,MATHUR,Rural,5,cat5,"HSS (VI-XII)",1,"Department of Education",3,ST,0,0,0,0,0,0,0,0,3,0,7,1,6,3,0,0,0,0,0,0,0,0,0,0,2,1
2019-20,33,Tamilnadu,3331,KRISHNAGIRI,333109,UTHANGARAI,Urban,5,cat5,"HSS (VI-XII)",1,"Department of Education",3,ST,0,0,0,0,0,0,0,0,4,4,4,3,18,3,0,0,0,0,0,3,2,0,1,6,5,11
2019-20,33,Tamilnadu,3331,KRISHNAGIRI,333110,KRISHNAGIRI,Urban,5,cat5,"HSS (VI-XII)",1,"Department of Education",3,ST,0,0,0,0,0,0,0,0,0,0,0,0,3,3,0,0,0,0,0,1,0,2,0,0,5,1
2019-20,33,Tamilnadu,3331,KRISHNAGIRI,333111,KAVERIPATINAM,Urban,5,cat5,"HSS (VI-XII)",1,"Department of Education",3,ST,0,0,0,0,0,0,0,0,1,0,1,0,0,0,0,0,0,0,0,0,0,0,0,0,0,0
2019-20,33,Tamilnadu,3331,KRISHNAGIRI,333112,BARGUR,Urban,5,cat5,"HSS (VI-XII)",1,"Department of Education",3,ST,0,0,0,0,0,0,0,0,0,0,0,0,0,0,0,0,0,0,0,3,2,5,4,2,7,2
2019-20,33,Tamilnadu,3331,KRISHNAGIRI,333115,HOSUR,Urban,5,cat5,"HSS (VI-XII)",1,"Department of Education",3,ST,0,0,0,0,0,0,0,2,5,6,4,5,2,4,0,0,0,0,0,0,1,1,0,0,1,0
2019-20,33,Tamilnadu,3331,KRISHNAGIRI,333116,KELAMANGALAM,Urban,5,cat5,"HSS (VI-XII)",1,"Department of Education",3,ST,0,0,0,0,0,0,0,2,2,5,3,2,7,4,0,0,0,0,0,1,6,8,10,4,6,5
2019-20,33,Tamilnadu,3331,KRISHNAGIRI,333110,KRISHNAGIRI,Urban,5,cat5,"HSS (VI-XII)",3,"Local body",3,ST,0,0,0,0,0,0,0,0,0,0,0,0,0,0,0,0,0,0,0,0,0,0,0,0,0,0
2019-20,33,Tamilnadu,3331,KRISHNAGIRI,333112,BARGUR,Rural,5,cat5,"HSS (VI-XII)",4,"Government Aided",3,ST,0,0,0,0,0,0,0,1,0,3,0,0,1,0,0,0,0,0,0,2,0,2,1,0,1,0
2019-20,33,Tamilnadu,3331,KRISHNAGIRI,333116,KELAMANGALAM,Rural,5,cat5,"HSS (VI-XII)",4,"Government Aided",3,ST,0,0,0,0,0,0,0,0,1,1,4,2,2,4,0,0,0,0,0,0,0,0,1,1,1,1
2019-20,33,Tamilnadu,3331,KRISHNAGIRI,333117,THALLY,Rural,5,cat5,"HSS (VI-XII)",4,"Government Aided",3,ST,0,0,0,0,0,0,0,0,0,0,0,1,0,1,0,0,0,0,0,0,3,0,0,0,0,0
2019-20,33,Tamilnadu,3331,KRISHNAGIRI,333110,KRISHNAGIRI,Urban,5,cat5,"HSS (VI-XII)",4,"Government Aided",3,ST,0,0,0,0,0,0,0,0,0,0,0,0,0,0,0,0,0,0,0,0,0,0,0,0,1,0
2019-20,33,Tamilnadu,3331,KRISHNAGIRI,333112,BARGUR,Urban,5,cat5,"HSS (VI-XII)",4,"Government Aided",3,ST,0,0,0,0,0,0,0,0,0,0,0,0,0,0,0,0,0,0,0,0,0,0,0,0,0,0
2019-20,33,Tamilnadu,3331,KRISHNAGIRI,333115,HOSUR,Urban,5,cat5,"HSS (VI-XII)",4,"Government Aided",3,ST,0,0,0,0,0,0,0,0,0,0,0,0,0,0,0,0,0,0,0,0,0,0,1,2,0,0
2019-20,33,Tamilnadu,3331,KRISHNAGIRI,333110,KRISHNAGIRI,Rural,5,cat5,"HSS (VI-XII)",5,"Private Unaided (Recognized)",3,ST,0,0,0,0,0,0,0,0,0,0,0,0,0,0,0,0,0,0,0,0,0,0,0,0,0,0
2019-20,33,Tamilnadu,3331,KRISHNAGIRI,333111,KAVERIPATINAM,Rural,5,cat5,"HSS (VI-XII)",5,"Private Unaided (Recognized)",3,ST,0,0,0,0,0,0,0,0,0,0,0,0,0,0,0,0,0,0,0,0,0,0,0,0,0,0
2019-20,33,Tamilnadu,3331,KRISHNAGIRI,333112,BARGUR,Rural,5,cat5,"HSS (VI-XII)",5,"Private Unaided (Recognized)",3,ST,0,0,0,0,0,0,0,0,0,0,0,1,0,0,0,0,0,0,0,0,0,0,1,0,0,0
2019-20,33,Tamilnadu,3331,KRISHNAGIRI,333115,HOSUR,Rural,5,cat5,"HSS (VI-XII)",5,"Private Unaided (Recognized)",3,ST,0,0,0,0,0,0,0,0,0,0,0,0,0,0,0,0,0,0,0,0,0,0,0,0,0,0
2019-20,33,Tamilnadu,3331,KRISHNAGIRI,333117,THALLY,Rural,5,cat5,"HSS (VI-XII)",5,"Private Unaided (Recognized)",3,ST,0,0,0,0,0,0,0,0,1,1,1,1,0,1,0,0,0,0,0,0,0,1,1,1,0,0
2019-20,33,Tamilnadu,3331,KRISHNAGIRI,333112,BARGUR,Urban,5,cat5,"HSS (VI-XII)",5,"Private Unaided (Recognized)",3,ST,0,0,0,0,0,0,0,0,1,0,0,1,0,1,0,0,0,0,0,0,0,0,0,0,0,0
2019-20,33,Tamilnadu,3331,KRISHNAGIRI,333109,UTHANGARAI,Rural,1,cat1,"PS (I-V)",1,"Department of Education",3,ST,0,0,13,15,21,10,22,0,0,0,0,0,0,0,16,19,21,16,17,0,0,0,0,0,0,0
2019-20,33,Tamilnadu,3331,KRISHNAGIRI,333110,KRISHNAGIRI,Rural,1,cat1,"PS (I-V)",1,"Department of Education",3,ST,0,0,14,17,12,14,18,0,0,0,0,0,0,0,17,13,10,14,16,0,0,0,0,0,0,0
2019-20,33,Tamilnadu,3331,KRISHNAGIRI,333111,KAVERIPATINAM,Rural,1,cat1,"PS (I-V)",1,"Department of Education",3,ST,0,0,5,2,3,3,3,0,0,0,0,0,0,0,3,4,7,3,4,0,0,0,0,0,0,0
2019-20,33,Tamilnadu,3331,KRISHNAGIRI,333112,BARGUR,Rural,1,cat1,"PS (I-V)",1,"Department of Education",3,ST,0,0,23,27,24,21,17,0,0,0,0,0,0,0,16,24,25,24,19,0,0,0,0,0,0,0
2019-20,33,Tamilnadu,3331,KRISHNAGIRI,333113,VEPPANAPALLI,Rural,1,cat1,"PS (I-V)",1,"Department of Education",3,ST,0,0,5,7,13,10,7,0,0,0,0,0,0,0,13,8,9,6,6,0,0,0,0,0,0,0
2019-20,33,Tamilnadu,3331,KRISHNAGIRI,333114,SHOOLAGIRI,Rural,1,cat1,"PS (I-V)",1,"Department of Education",3,ST,0,0,18,14,11,16,5,0,0,0,0,0,0,0,19,14,12,19,17,0,0,0,0,0,0,0
2019-20,33,Tamilnadu,3331,KRISHNAGIRI,333115,HOSUR,Rural,1,cat1,"PS (I-V)",1,"Department of Education",3,ST,0,0,3,3,6,2,2,0,0,0,0,0,0,0,3,3,3,5,2,0,0,0,0,0,0,0
2019-20,33,Tamilnadu,3331,KRISHNAGIRI,333116,KELAMANGALAM,Rural,1,cat1,"PS (I-V)",1,"Department of Education",3,ST,1,0,33,30,40,45,35,0,0,0,0,0,0,0,27,42,29,39,37,0,0,0,0,0,0,0
2019-20,33,Tamilnadu,3331,KRISHNAGIRI,333117,THALLY,Rural,1,cat1,"PS (I-V)",1,"Department of Education",3,ST,0,0,35,52,54,36,53,0,0,0,0,0,0,0,32,51,53,53,31,0,0,0,0,0,0,0
2019-20,33,Tamilnadu,3331,KRISHNAGIRI,333118,MATHUR,Rural,1,cat1,"PS (I-V)",1,"Department of Education",3,ST,0,0,4,1,1,0,3,0,0,0,0,0,0,0,1,1,1,0,3,0,0,0,0,0,0,0
2019-20,33,Tamilnadu,3331,KRISHNAGIRI,333109,UTHANGARAI,Urban,1,cat1,"PS (I-V)",1,"Department of Education",3,ST,0,0,2,2,0,3,0,0,0,0,0,0,0,0,1,0,0,1,2,0,0,0,0,0,0,0
2019-20,33,Tamilnadu,3331,KRISHNAGIRI,333111,KAVERIPATINAM,Urban,1,cat1,"PS (I-V)",1,"Department of Education",3,ST,0,0,0,0,0,0,1,0,0,0,0,0,0,0,0,3,1,0,0,0,0,0,0,0,0,0
2019-20,33,Tamilnadu,3331,KRISHNAGIRI,333112,BARGUR,Urban,1,cat1,"PS (I-V)",1,"Department of Education",3,ST,0,0,0,0,2,1,1,0,0,0,0,0,0,0,1,1,0,1,1,0,0,0,0,0,0,0
2019-20,33,Tamilnadu,3331,KRISHNAGIRI,333114,SHOOLAGIRI,Urban,1,cat1,"PS (I-V)",1,"Department of Education",3,ST,0,0,0,0,0,0,0,0,0,0,0,0,0,0,0,0,0,0,0,0,0,0,0,0,0,0
2019-20,33,Tamilnadu,3331,KRISHNAGIRI,333115,HOSUR,Urban,1,cat1,"PS (I-V)",1,"Department of Education",3,ST,0,0,5,3,3,1,2,0,0,0,0,0,0,0,2,4,1,1,0,0,0,0,0,0,0,0
2019-20,33,Tamilnadu,3331,KRISHNAGIRI,333116,KELAMANGALAM,Urban,1,cat1,"PS (I-V)",1,"Department of Education",3,ST,0,0,0,0,0,0,0,0,0,0,0,0,0,0,1,0,0,0,1,0,0,0,0,0,0,0
2019-20,33,Tamilnadu,3331,KRISHNAGIRI,333118,MATHUR,Rural,1,cat1,"PS (I-V)",2,"Tribal Welfare Department",3,ST,0,0,0,0,0,0,0,0,0,0,0,0,0,0,0,0,0,0,0,0,0,0,0,0,0,0
2019-20,33,Tamilnadu,3331,KRISHNAGIRI,333110,KRISHNAGIRI,Urban,1,cat1,"PS (I-V)",3,"Local body",3,ST,0,0,0,0,0,0,0,0,0,0,0,0,0,0,0,0,0,0,0,0,0,0,0,0,0,0
2019-20,33,Tamilnadu,3331,KRISHNAGIRI,333112,BARGUR,Rural,1,cat1,"PS (I-V)",4,"Government Aided",3,ST,0,0,0,0,0,0,0,0,0,0,0,0,0,0,0,0,0,1,0,0,0,0,0,0,0,0
2019-20,33,Tamilnadu,3331,KRISHNAGIRI,333117,THALLY,Rural,1,cat1,"PS (I-V)",4,"Government Aided",3,ST,0,0,0,0,0,0,0,0,0,0,0,0,0,0,1,0,0,0,0,0,0,0,0,0,0,0
2019-20,33,Tamilnadu,3331,KRISHNAGIRI,333110,KRISHNAGIRI,Urban,1,cat1,"PS (I-V)",4,"Government Aided",3,ST,0,0,0,0,1,0,0,0,0,0,0,0,0,0,0,0,0,0,0,0,0,0,0,0,0,0
2019-20,33,Tamilnadu,3331,KRISHNAGIRI,333112,BARGUR,Urban,1,cat1,"PS (I-V)",4,"Government Aided",3,ST,0,0,0,0,0,0,0,0,0,0,0,0,0,0,0,0,0,0,0,0,0,0,0,0,0,0
2019-20,33,Tamilnadu,3331,KRISHNAGIRI,333115,HOSUR,Urban,1,cat1,"PS (I-V)",4,"Government Aided",3,ST,0,0,0,0,0,0,0,0,0,0,0,0,0,0,2,0,0,0,1,0,0,0,0,0,0,0
2019-20,33,Tamilnadu,3331,KRISHNAGIRI,333116,KELAMANGALAM,Urban,1,cat1,"PS (I-V)",4,"Government Aided",3,ST,0,0,0,0,0,0,0,0,0,0,0,0,0,0,0,0,0,0,0,0,0,0,0,0,0,0
2019-20,33,Tamilnadu,3331,KRISHNAGIRI,333112,BARGUR,Rural,1,cat1,"PS (I-V)",5,"Private Unaided (Recognized)",3,ST,5,2,6,4,3,2,0,0,0,0,0,0,0,0,4,2,2,1,2,0,0,0,0,0,0,0
2019-20,33,Tamilnadu,3331,KRISHNAGIRI,333109,UTHANGARAI,Rural,1,cat1,"PS (I-V)",5,"Private Unaided (Recognized)",3,ST,0,0,0,0,1,1,0,0,0,0,0,0,0,0,0,0,1,1,0,0,0,0,0,0,0,0
2019-20,33,Tamilnadu,3331,KRISHNAGIRI,333110,KRISHNAGIRI,Rural,1,cat1,"PS (I-V)",5,"Private Unaided (Recognized)",3,ST,0,0,0,0,0,0,0,0,0,0,0,0,0,0,0,0,0,0,0,0,0,0,0,0,0,0
2019-20,33,Tamilnadu,3331,KRISHNAGIRI,333111,KAVERIPATINAM,Rural,1,cat1,"PS (I-V)",5,"Private Unaided (Recognized)",3,ST,2,1,1,0,0,1,0,0,0,0,0,0,0,0,1,0,1,0,0,0,0,0,0,0,0,0
2019-20,33,Tamilnadu,3331,KRISHNAGIRI,333113,VEPPANAPALLI,Rural,1,cat1,"PS (I-V)",5,"Private Unaided (Recognized)",3,ST,1,1,0,0,0,0,1,0,0,0,0,0,0,0,0,0,0,0,0,0,0,0,0,0,0,0
2019-20,33,Tamilnadu,3331,KRISHNAGIRI,333114,SHOOLAGIRI,Rural,1,cat1,"PS (I-V)",5,"Private Unaided (Recognized)",3,ST,1,1,0,0,0,1,0,0,0,0,0,0,0,0,0,1,0,0,1,0,0,0,0,0,0,0
2019-20,33,Tamilnadu,3331,KRISHNAGIRI,333115,HOSUR,Rural,1,cat1,"PS (I-V)",5,"Private Unaided (Recognized)",3,ST,3,1,0,0,0,0,0,0,0,0,0,0,0,0,0,1,1,0,0,0,0,0,0,0,0,0
2019-20,33,Tamilnadu,3331,KRISHNAGIRI,333116,KELAMANGALAM,Rural,1,cat1,"PS (I-V)",5,"Private Unaided (Recognized)",3,ST,0,3,0,2,1,1,1,0,0,0,0,0,0,0,0,0,0,0,1,0,0,0,0,0,0,0
2019-20,33,Tamilnadu,3331,KRISHNAGIRI,333117,THALLY,Rural,1,cat1,"PS (I-V)",5,"Private Unaided (Recognized)",3,ST,4,3,4,4,2,0,0,0,0,0,0,0,0,0,1,0,1,2,0,0,0,0,0,0,0,0
2019-20,33,Tamilnadu,3331,KRISHNAGIRI,333118,MATHUR,Rural,1,cat1,"PS (I-V)",5,"Private Unaided (Recognized)",3,ST,0,0,0,0,0,0,0,0,0,0,0,0,0,0,0,0,0,0,0,0,0,0,0,0,0,0
2019-20,33,Tamilnadu,3331,KRISHNAGIRI,333109,UTHANGARAI,Urban,1,cat1,"PS (I-V)",5,"Private Unaided (Recognized)",3,ST,0,0,0,0,0,0,0,0,0,0,0,0,0,0,0,0,0,0,0,0,0,0,0,0,0,0
2019-20,33,Tamilnadu,3331,KRISHNAGIRI,333110,KRISHNAGIRI,Urban,1,cat1,"PS (I-V)",5,"Private Unaided (Recognized)",3,ST,3,1,0,0,0,0,0,0,0,0,0,0,0,0,1,0,1,1,1,0,0,0,0,0,0,0
2019-20,33,Tamilnadu,3331,KRISHNAGIRI,333111,KAVERIPATINAM,Urban,1,cat1,"PS (I-V)",5,"Private Unaided (Recognized)",3,ST,0,0,0,0,0,0,0,0,0,0,0,0,0,0,0,0,0,0,0,0,0,0,0,0,0,0
2019-20,33,Tamilnadu,3331,KRISHNAGIRI,333112,BARGUR,Urban,1,cat1,"PS (I-V)",5,"Private Unaided (Recognized)",3,ST,0,0,0,0,0,0,0,0,0,0,0,0,0,0,0,0,0,0,0,0,0,0,0,0,0,0
2019-20,33,Tamilnadu,3331,KRISHNAGIRI,333115,HOSUR,Urban,1,cat1,"PS (I-V)",5,"Private Unaided (Recognized)",3,ST,1,0,3,1,0,0,0,0,0,0,0,0,0,0,1,0,0,0,1,0,0,0,0,0,0,0
2019-20,33,Tamilnadu,3331,KRISHNAGIRI,333116,KELAMANGALAM,Urban,1,cat1,"PS (I-V)",5,"Private Unaided (Recognized)",3,ST,0,1,2,0,1,0,0,0,0,0,0,0,0,0,1,0,2,0,0,0,0,0,0,0,0,0
2019-20,33,Tamilnadu,3331,KRISHNAGIRI,333111,KAVERIPATINAM,Rural,1,cat1,"PS (I-V)",8,Unrecognized,3,ST,0,0,0,0,0,0,0,0,0,0,0,0,0,0,0,0,0,0,0,0,0,0,0,0,0,0
2019-20,33,Tamilnadu,3331,KRISHNAGIRI,333114,SHOOLAGIRI,Rural,1,cat1,"PS (I-V)",8,Unrecognized,3,ST,0,0,0,0,0,0,0,0,0,0,0,0,0,0,0,0,0,0,0,0,0,0,0,0,0,0
2019-20,33,Tamilnadu,3331,KRISHNAGIRI,333116,KELAMANGALAM,Rural,1,cat1,"PS (I-V)",8,Unrecognized,3,ST,0,0,0,1,0,0,0,0,0,0,0,0,0,0,0,0,0,0,0,0,0,0,0,0,0,0
2019-20,33,Tamilnadu,3331,KRISHNAGIRI,333112,BARGUR,Urban,1,cat1,"PS (I-V)",90,"Social welfare Department",3,ST,0,0,0,0,2,2,0,0,0,0,0,0,0,0,0,0,0,0,0,0,0,0,0,0,0,0
2019-20,33,Tamilnadu,3331,KRISHNAGIRI,333109,UTHANGARAI,Rural,6,cat6,"SS (I-X)",5,"Private Unaided (Recognized)",3,ST,0,1,0,2,1,1,2,0,0,0,1,0,0,0,1,1,0,0,2,0,0,1,0,0,0,0
2019-20,33,Tamilnadu,3331,KRISHNAGIRI,333110,KRISHNAGIRI,Rural,6,cat6,"SS (I-X)",5,"Private Unaided (Recognized)",3,ST,0,0,0,0,0,0,0,0,0,1,0,0,0,0,0,0,0,0,0,1,0,0,2,0,0,0
2019-20,33,Tamilnadu,3331,KRISHNAGIRI,333111,KAVERIPATINAM,Rural,6,cat6,"SS (I-X)",5,"Private Unaided (Recognized)",3,ST,2,0,0,0,1,0,0,0,0,1,0,0,0,0,0,0,0,1,0,0,0,0,0,0,0,0
2019-20,33,Tamilnadu,3331,KRISHNAGIRI,333112,BARGUR,Rural,6,cat6,"SS (I-X)",5,"Private Unaided (Recognized)",3,ST,0,1,1,0,0,0,0,0,0,0,0,0,0,0,0,0,0,1,1,1,0,0,0,0,0,0
2019-20,33,Tamilnadu,3331,KRISHNAGIRI,333114,SHOOLAGIRI,Rural,6,cat6,"SS (I-X)",5,"Private Unaided (Recognized)",3,ST,0,0,0,0,0,0,0,0,1,0,0,0,0,0,0,0,1,0,0,0,1,0,0,0,0,0
2019-20,33,Tamilnadu,3331,KRISHNAGIRI,333115,HOSUR,Rural,6,cat6,"SS (I-X)",5,"Private Unaided (Recognized)",3,ST,3,3,1,2,0,1,2,1,0,1,2,0,0,0,0,1,1,0,0,1,0,1,1,1,0,0
2019-20,33,Tamilnadu,3331,KRISHNAGIRI,333116,KELAMANGALAM,Rural,6,cat6,"SS (I-X)",5,"Private Unaided (Recognized)",3,ST,1,1,1,0,2,2,4,4,1,5,1,5,0,0,0,3,2,2,2,2,0,8,1,5,0,0
2019-20,33,Tamilnadu,3331,KRISHNAGIRI,333117,THALLY,Rural,6,cat6,"SS (I-X)",5,"Private Unaided (Recognized)",3,ST,0,1,0,0,0,1,0,0,0,1,1,0,0,0,0,0,0,0,1,0,0,0,0,0,0,0
2019-20,33,Tamilnadu,3331,KRISHNAGIRI,333118,MATHUR,Rural,6,cat6,"SS (I-X)",5,"Private Unaided (Recognized)",3,ST,0,0,0,0,0,0,2,1,0,0,0,0,0,0,0,0,0,0,0,0,0,0,1,0,0,0
2019-20,33,Tamilnadu,3331,KRISHNAGIRI,333110,KRISHNAGIRI,Urban,6,cat6,"SS (I-X)",5,"Private Unaided (Recognized)",3,ST,0,0,0,0,0,0,0,0,0,0,2,0,0,0,0,0,0,0,0,0,0,0,0,0,0,0
2019-20,33,Tamilnadu,3331,KRISHNAGIRI,333115,HOSUR,Urban,6,cat6,"SS (I-X)",5,"Private Unaided (Recognized)",3,ST,3,4,5,3,1,1,2,2,0,4,4,0,0,0,2,2,1,1,2,2,0,1,3,3,0,0
2019-20,33,Tamilnadu,3331,KRISHNAGIRI,333116,KELAMANGALAM,Urban,6,cat6,"SS (I-X)",5,"Private Unaided (Recognized)",3,ST,1,0,0,0,1,0,0,1,0,0,0,0,0,0,0,0,1,0,0,0,0,1,0,0,0,0
2019-20,33,Tamilnadu,3331,KRISHNAGIRI,333118,MATHUR,Rural,6,cat6,"SS (I-X)",8,Unrecognized,3,ST,0,0,0,0,0,0,0,0,0,0,0,0,0,0,0,0,0,0,0,1,0,0,0,0,0,0
2019-20,33,Tamilnadu,3331,KRISHNAGIRI,333109,UTHANGARAI,Rural,7,cat7,"SS (VI-X)",1,"Department of Education",3,ST,0,0,0,0,0,0,0,4,10,4,7,9,0,0,0,0,0,0,0,8,9,10,8,2,0,0
2019-20,33,Tamilnadu,3331,KRISHNAGIRI,333110,KRISHNAGIRI,Rural,7,cat7,"SS (VI-X)",1,"Department of Education",3,ST,0,0,0,0,0,0,0,10,14,8,11,1,0,0,0,0,0,0,0,12,17,9,9,10,0,0
2019-20,33,Tamilnadu,3331,KRISHNAGIRI,333111,KAVERIPATINAM,Rural,7,cat7,"SS (VI-X)",1,"Department of Education",3,ST,0,0,0,0,0,0,0,1,0,1,0,0,0,0,0,0,0,0,0,2,1,2,2,2,0,0
2019-20,33,Tamilnadu,3331,KRISHNAGIRI,333112,BARGUR,Rural,7,cat7,"SS (VI-X)",1,"Department of Education",3,ST,0,0,0,0,0,0,0,14,10,9,5,5,0,0,0,0,0,0,0,15,19,12,9,12,0,0
2019-20,33,Tamilnadu,3331,KRISHNAGIRI,333113,VEPPANAPALLI,Rural,7,cat7,"SS (VI-X)",1,"Department of Education",3,ST,0,0,0,0,0,0,0,1,2,0,2,1,0,0,0,0,0,0,0,2,0,0,2,3,0,0
2019-20,33,Tamilnadu,3331,KRISHNAGIRI,333114,SHOOLAGIRI,Rural,7,cat7,"SS (VI-X)",1,"Department of Education",3,ST,0,0,0,0,0,0,0,7,3,3,3,2,0,0,0,0,0,0,0,5,5,2,1,3,0,0
2019-20,33,Tamilnadu,3331,KRISHNAGIRI,333115,HOSUR,Rural,7,cat7,"SS (VI-X)",1,"Department of Education",3,ST,0,0,0,0,0,0,0,3,0,4,0,0,0,0,0,0,0,0,0,2,1,3,3,0,0,0
2019-20,33,Tamilnadu,3331,KRISHNAGIRI,333116,KELAMANGALAM,Rural,7,cat7,"SS (VI-X)",1,"Department of Education",3,ST,0,0,0,0,0,0,0,10,9,6,3,3,0,0,0,0,0,0,0,3,8,4,6,1,0,0
2019-20,33,Tamilnadu,3331,KRISHNAGIRI,333117,THALLY,Rural,7,cat7,"SS (VI-X)",1,"Department of Education",3,ST,0,0,0,0,0,0,0,20,17,12,16,15,0,0,0,0,0,0,0,27,21,25,33,29,0,0
2019-20,33,Tamilnadu,3331,KRISHNAGIRI,333118,MATHUR,Rural,7,cat7,"SS (VI-X)",1,"Department of Education",3,ST,0,0,0,0,0,0,0,0,0,0,0,0,0,0,0,0,0,0,0,0,1,0,0,1,0,0
2019-20,33,Tamilnadu,3331,KRISHNAGIRI,333115,HOSUR,Urban,7,cat7,"SS (VI-X)",1,"Department of Education",3,ST,0,0,0,0,0,0,0,0,1,1,1,1,0,0,0,0,0,0,0,1,3,1,3,1,0,0
2019-20,33,Tamilnadu,3331,KRISHNAGIRI,333116,KELAMANGALAM,Urban,7,cat7,"SS (VI-X)",1,"Department of Education",3,ST,0,0,0,0,0,0,0,4,6,7,4,5,0,0,0,0,0,0,0,3,2,3,6,5,0,0
2019-20,33,Tamilnadu,3331,KRISHNAGIRI,333118,MATHUR,Rural,7,cat7,"SS (VI-X)",2,"Tribal Welfare Department",3,ST,0,0,0,0,0,0,0,0,0,0,0,0,0,0,0,0,0,0,0,0,0,0,0,0,0,0
2019-20,33,Tamilnadu,3331,KRISHNAGIRI,333116,KELAMANGALAM,Rural,7,cat7,"SS (VI-X)",4,"Government Aided",3,ST,0,0,0,0,0,0,0,0,2,0,1,1,0,0,0,0,0,0,0,0,0,1,0,0,0,0
2019-20,33,Tamilnadu,3331,KRISHNAGIRI,333110,KRISHNAGIRI,Urban,7,cat7,"SS (VI-X)",4,"Government Aided",3,ST,0,0,0,0,0,0,0,0,0,0,0,0,0,0,0,0,0,0,0,0,0,0,0,0,0,0
2019-20,33,Tamilnadu,3331,KRISHNAGIRI,333117,THALLY,Rural,7,cat7,"SS (VI-X)",5,"Private Unaided (Recognized)",3,ST,0,0,0,0,0,0,0,0,2,0,0,0,0,0,0,0,0,0,0,0,0,0,0,0,0,0
2019-20,33,Tamilnadu,3331,KRISHNAGIRI,333115,HOSUR,Urban,7,cat7,"SS (VI-X)",5,"Private Unaided (Recognized)",3,ST,0,0,0,0,0,0,0,0,0,0,0,1,0,0,0,0,0,0,0,2,1,0,1,0,0,0
2019-20,33,Tamilnadu,3331,KRISHNAGIRI,333109,UTHANGARAI,Rural,2,cat2,"UPS (I-VIII)",1,"Department of Education",3,ST,0,0,7,4,2,6,7,8,9,2,0,0,0,0,5,7,8,3,5,1,9,13,0,0,0,0
2019-20,33,Tamilnadu,3331,KRISHNAGIRI,333110,KRISHNAGIRI,Rural,2,cat2,"UPS (I-VIII)",1,"Department of Education",3,ST,0,0,3,0,7,3,8,2,3,3,0,0,0,0,5,3,6,6,3,2,3,5,0,0,0,0
2019-20,33,Tamilnadu,3331,KRISHNAGIRI,333111,KAVERIPATINAM,Rural,2,cat2,"UPS (I-VIII)",1,"Department of Education",3,ST,1,0,6,2,3,3,1,2,1,1,0,0,0,0,7,1,2,4,2,0,4,2,0,0,0,0
2019-20,33,Tamilnadu,3331,KRISHNAGIRI,333112,BARGUR,Rural,2,cat2,"UPS (I-VIII)",1,"Department of Education",3,ST,0,0,1,10,1,3,2,4,5,1,0,0,0,0,2,2,2,5,3,8,7,3,0,0,0,0
2019-20,33,Tamilnadu,3331,KRISHNAGIRI,333113,VEPPANAPALLI,Rural,2,cat2,"UPS (I-VIII)",1,"Department of Education",3,ST,0,0,1,1,3,0,0,3,0,1,0,0,0,0,1,2,1,0,1,5,1,0,0,0,0,0
2019-20,33,Tamilnadu,3331,KRISHNAGIRI,333114,SHOOLAGIRI,Rural,2,cat2,"UPS (I-VIII)",1,"Department of Education",3,ST,6,0,2,1,2,0,1,4,1,4,0,0,0,0,0,0,2,1,2,2,0,4,0,0,0,0
2019-20,33,Tamilnadu,3331,KRISHNAGIRI,333115,HOSUR,Rural,2,cat2,"UPS (I-VIII)",1,"Department of Education",3,ST,1,3,5,4,1,2,2,0,2,1,0,0,0,0,1,1,0,0,1,0,1,1,0,0,0,0
2019-20,33,Tamilnadu,3331,KRISHNAGIRI,333116,KELAMANGALAM,Rural,2,cat2,"UPS (I-VIII)",1,"Department of Education",3,ST,0,0,27,17,15,27,10,14,14,16,0,0,0,0,18,12,19,15,17,18,13,24,0,0,0,0
2019-20,33,Tamilnadu,3331,KRISHNAGIRI,333117,THALLY,Rural,2,cat2,"UPS (I-VIII)",1,"Department of Education",3,ST,0,0,14,22,23,23,17,16,15,21,0,0,0,0,14,22,19,19,19,21,17,15,0,0,0,0
2019-20,33,Tamilnadu,3331,KRISHNAGIRI,333118,MATHUR,Rural,2,cat2,"UPS (I-VIII)",1,"Department of Education",3,ST,0,0,0,0,0,0,0,0,0,0,0,0,0,0,0,0,1,0,0,0,1,0,0,0,0,0
2019-20,33,Tamilnadu,3331,KRISHNAGIRI,333111,KAVERIPATINAM,Urban,2,cat2,"UPS (I-VIII)",1,"Department of Education",3,ST,0,0,0,0,0,1,1,0,0,0,0,0,0,0,0,0,0,0,0,1,1,1,0,0,0,0
2019-20,33,Tamilnadu,3331,KRISHNAGIRI,333112,BARGUR,Urban,2,cat2,"UPS (I-VIII)",1,"Department of Education",3,ST,0,0,0,0,0,0,0,0,0,0,0,0,0,0,0,0,0,0,0,0,0,0,0,0,0,0
2019-20,33,Tamilnadu,3331,KRISHNAGIRI,333113,VEPPANAPALLI,Urban,2,cat2,"UPS (I-VIII)",1,"Department of Education",3,ST,0,0,0,0,0,0,0,0,0,0,0,0,0,0,0,0,0,0,0,0,0,0,0,0,0,0
2019-20,33,Tamilnadu,3331,KRISHNAGIRI,333115,HOSUR,Urban,2,cat2,"UPS (I-VIII)",1,"Department of Education",3,ST,1,2,3,2,2,1,1,2,1,0,0,0,0,0,3,1,1,3,5,2,5,0,0,0,0,0
2019-20,33,Tamilnadu,3331,KRISHNAGIRI,333116,KELAMANGALAM,Urban,2,cat2,"UPS (I-VIII)",1,"Department of Education",3,ST,0,0,1,0,0,0,0,0,2,0,0,0,0,0,0,0,0,1,0,0,1,0,0,0,0,0
2019-20,33,Tamilnadu,3331,KRISHNAGIRI,333110,KRISHNAGIRI,Urban,2,cat2,"UPS (I-VIII)",3,"Local body",3,ST,2,0,0,1,0,0,0,0,0,0,0,0,0,0,0,0,0,1,0,0,0,1,0,0,0,0
2019-20,33,Tamilnadu,3331,KRISHNAGIRI,333112,BARGUR,Rural,2,cat2,"UPS (I-VIII)",4,"Government Aided",3,ST,0,0,0,0,0,0,0,0,0,0,0,0,0,0,0,0,0,0,0,0,0,0,0,0,0,0
2019-20,33,Tamilnadu,3331,KRISHNAGIRI,333117,THALLY,Rural,2,cat2,"UPS (I-VIII)",4,"Government Aided",3,ST,0,0,0,0,0,0,0,0,0,0,0,0,0,0,0,0,0,0,0,0,0,0,0,0,0,0
2019-20,33,Tamilnadu,3331,KRISHNAGIRI,333110,KRISHNAGIRI,Urban,2,cat2,"UPS (I-VIII)",4,"Government Aided",3,ST,0,0,1,0,1,0,0,0,0,1,0,0,0,0,1,0,0,0,0,1,0,0,0,0,0,0
2019-20,33,Tamilnadu,3331,KRISHNAGIRI,333111,KAVERIPATINAM,Urban,2,cat2,"UPS (I-VIII)",4,"Government Aided",3,ST,0,0,0,0,0,0,0,0,0,0,0,0,0,0,0,0,0,0,0,0,0,0,0,0,0,0
2019-20,33,Tamilnadu,3331,KRISHNAGIRI,333110,KRISHNAGIRI,Rural,2,cat2,"UPS (I-VIII)",5,"Private Unaided (Recognized)",3,ST,1,0,0,0,2,1,0,0,0,0,0,0,0,0,0,0,0,0,0,1,0,0,0,0,0,0
2019-20,33,Tamilnadu,3331,KRISHNAGIRI,333111,KAVERIPATINAM,Rural,2,cat2,"UPS (I-VIII)",5,"Private Unaided (Recognized)",3,ST,0,0,0,0,0,0,0,0,0,0,0,0,0,0,0,0,0,0,0,0,0,0,0,0,0,0
2019-20,33,Tamilnadu,3331,KRISHNAGIRI,333112,BARGUR,Rural,2,cat2,"UPS (I-VIII)",5,"Private Unaided (Recognized)",3,ST,0,1,1,0,0,1,0,1,1,1,0,0,0,0,1,0,0,2,1,0,0,0,0,0,0,0
2019-20,33,Tamilnadu,3331,KRISHNAGIRI,333115,HOSUR,Rural,2,cat2,"UPS (I-VIII)",5,"Private Unaided (Recognized)",3,ST,0,0,0,0,0,0,0,0,0,0,0,0,0,0,0,0,0,0,0,0,0,0,0,0,0,0
2019-20,33,Tamilnadu,3331,KRISHNAGIRI,333117,THALLY,Rural,2,cat2,"UPS (I-VIII)",5,"Private Unaided (Recognized)",3,ST,0,0,0,0,0,1,0,0,0,0,0,0,0,0,0,0,0,0,0,0,0,0,0,0,0,0
2019-20,33,Tamilnadu,3331,KRISHNAGIRI,333118,MATHUR,Rural,2,cat2,"UPS (I-VIII)",5,"Private Unaided (Recognized)",3,ST,0,1,0,0,0,0,0,0,0,0,0,0,0,0,0,0,0,0,0,0,0,0,0,0,0,0
2019-20,33,Tamilnadu,3331,KRISHNAGIRI,333111,KAVERIPATINAM,Urban,2,cat2,"UPS (I-VIII)",5,"Private Unaided (Recognized)",3,ST,0,0,0,0,0,0,0,0,0,0,0,0,0,0,0,0,0,0,0,0,0,0,0,0,0,0
2019-20,33,Tamilnadu,3331,KRISHNAGIRI,333112,BARGUR,Urban,2,cat2,"UPS (I-VIII)",5,"Private Unaided (Recognized)",3,ST,0,0,2,1,2,1,1,0,1,2,0,0,0,0,1,1,5,1,1,2,0,0,0,0,0,0
2019-20,33,Tamilnadu,3331,KRISHNAGIRI,333115,HOSUR,Urban,2,cat2,"UPS (I-VIII)",5,"Private Unaided (Recognized)",3,ST,0,1,2,0,1,0,0,1,3,3,0,0,0,0,1,0,2,2,0,0,0,3,0,0,0,0
2019-20,33,Tamilnadu,3331,KRISHNAGIRI,333117,THALLY,Urban,2,cat2,"UPS (I-VIII)",5,"Private Unaided (Recognized)",3,ST,0,0,1,0,0,0,0,0,0,0,0,0,0,0,0,0,0,0,0,0,0,0,0,0,0,0
2019-20,33,Tamilnadu,3331,KRISHNAGIRI,333113,VEPPANAPALLI,Rural,2,cat2,"UPS (I-VIII)",6,"Other Govt. managed schools",3,ST,0,0,0,0,0,0,0,0,0,0,0,0,0,0,0,0,0,0,0,4,4,1,0,0,0,0
2019-20,33,Tamilnadu,3331,KRISHNAGIRI,333114,SHOOLAGIRI,Rural,2,cat2,"UPS (I-VIII)",6,"Other Govt. managed schools",3,ST,0,0,1,2,2,8,1,8,5,1,0,0,0,0,1,7,3,2,4,9,4,1,0,0,0,0
2019-20,33,Tamilnadu,3331,KRISHNAGIRI,333117,THALLY,Rural,2,cat2,"UPS (I-VIII)",6,"Other Govt. managed schools",3,ST,0,0,0,0,1,2,0,2,1,4,0,0,0,0,0,0,1,1,4,2,4,3,0,0,0,0
2019-20,33,Tamilnadu,3331,KRISHNAGIRI,333116,KELAMANGALAM,Urban,2,cat2,"UPS (I-VIII)",6,"Other Govt. managed schools",3,ST,0,0,0,0,2,1,2,3,4,3,0,0,0,0,0,0,0,2,0,3,6,7,0,0,0,0
2019-20,33,Tamilnadu,3331,KRISHNAGIRI,333113,VEPPANAPALLI,Rural,2,cat2,"UPS (I-VIII)",8,Unrecognized,3,ST,0,0,0,0,0,0,0,0,0,0,0,0,0,0,0,0,0,0,0,0,0,0,0,0,0,0
2019-20,33,Tamilnadu,3331,KRISHNAGIRI,333112,BARGUR,Urban,2,cat2,"UPS (I-VIII)",90,"Social welfare Department",3,ST,0,0,0,0,0,0,0,0,0,0,0,0,0,0,0,0,0,0,0,0,0,0,0,0,0,0
2019-20,33,Tamilnadu,3331,KRISHNAGIRI,333109,UTHANGARAI,Rural,3,cat3,"HSS (I-XII)",1,"Department of Education",4,OBC,8,14,0,0,0,0,0,56,49,58,92,87,116,76,0,0,0,0,0,41,48,57,77,79,91,72
2019-20,33,Tamilnadu,3331,KRISHNAGIRI,333109,UTHANGARAI,Rural,3,cat3,"HSS (I-XII)",5,"Private Unaided (Recognized)",4,OBC,909,772,482,475,582,506,476,480,470,445,443,449,361,420,415,369,416,299,309,298,282,286,252,236,267,299
2019-20,33,Tamilnadu,3331,KRISHNAGIRI,333110,KRISHNAGIRI,Rural,3,cat3,"HSS (I-XII)",5,"Private Unaided (Recognized)",4,OBC,846,648,486,494,543,513,482,559,596,529,550,604,575,479,359,408,414,394,371,401,415,384,399,378,395,372
2019-20,33,Tamilnadu,3331,KRISHNAGIRI,333111,KAVERIPATINAM,Rural,3,cat3,"HSS (I-XII)",5,"Private Unaided (Recognized)",4,OBC,712,498,399,384,380,328,354,300,300,264,238,283,217,194,355,261,250,249,268,185,209,165,137,185,198,171
2019-20,33,Tamilnadu,3331,KRISHNAGIRI,333112,BARGUR,Rural,3,cat3,"HSS (I-XII)",5,"Private Unaided (Recognized)",4,OBC,521,493,305,299,283,265,239,232,210,186,187,206,209,229,219,217,238,198,193,154,138,170,131,145,176,168
2019-20,33,Tamilnadu,3331,KRISHNAGIRI,333113,VEPPANAPALLI,Rural,3,cat3,"HSS (I-XII)",5,"Private Unaided (Recognized)",4,OBC,519,410,318,297,323,342,308,280,263,226,257,229,207,169,267,231,206,203,202,168,146,156,123,123,153,120
2019-20,33,Tamilnadu,3331,KRISHNAGIRI,333114,SHOOLAGIRI,Rural,3,cat3,"HSS (I-XII)",5,"Private Unaided (Recognized)",4,OBC,249,209,121,109,76,65,83,78,62,65,60,65,45,38,78,67,71,70,49,52,46,49,49,46,29,35
2019-20,33,Tamilnadu,3331,KRISHNAGIRI,333115,HOSUR,Rural,3,cat3,"HSS (I-XII)",5,"Private Unaided (Recognized)",4,OBC,1018,916,644,702,630,647,638,621,549,528,487,489,396,319,590,619,567,552,548,550,487,455,371,419,323,276
2019-20,33,Tamilnadu,3331,KRISHNAGIRI,333116,KELAMANGALAM,Rural,3,cat3,"HSS (I-XII)",5,"Private Unaided (Recognized)",4,OBC,58,47,41,26,18,14,14,18,25,19,13,20,28,18,24,26,11,11,15,14,12,18,17,17,14,16
2019-20,33,Tamilnadu,3331,KRISHNAGIRI,333117,THALLY,Rural,3,cat3,"HSS (I-XII)",5,"Private Unaided (Recognized)",4,OBC,37,30,43,45,68,67,86,51,59,51,60,63,85,64,29,36,48,39,54,40,38,38,43,34,49,39
2019-20,33,Tamilnadu,3331,KRISHNAGIRI,333118,MATHUR,Rural,3,cat3,"HSS (I-XII)",5,"Private Unaided (Recognized)",4,OBC,343,264,166,160,194,135,141,134,113,103,103,77,84,64,166,111,116,97,94,74,84,65,61,55,63,45
2019-20,33,Tamilnadu,3331,KRISHNAGIRI,333109,UTHANGARAI,Urban,3,cat3,"HSS (I-XII)",5,"Private Unaided (Recognized)",4,OBC,42,47,28,44,41,45,61,62,69,86,98,132,180,21,29,22,44,38,38,53,43,49,78,73,150,31
2019-20,33,Tamilnadu,3331,KRISHNAGIRI,333110,KRISHNAGIRI,Urban,3,cat3,"HSS (I-XII)",5,"Private Unaided (Recognized)",4,OBC,93,74,71,71,55,56,65,91,101,118,114,120,125,146,38,42,31,42,41,64,60,49,69,87,70,69
2019-20,33,Tamilnadu,3331,KRISHNAGIRI,333112,BARGUR,Urban,3,cat3,"HSS (I-XII)",5,"Private Unaided (Recognized)",4,OBC,228,208,125,122,151,157,178,168,199,214,222,335,265,269,102,104,117,127,128,120,134,129,153,154,172,197
2019-20,33,Tamilnadu,3331,KRISHNAGIRI,333115,HOSUR,Urban,3,cat3,"HSS (I-XII)",5,"Private Unaided (Recognized)",4,OBC,1169,1053,678,598,623,626,649,657,673,604,574,575,575,529,550,568,541,523,553,566,595,562,547,588,585,596
2019-20,33,Tamilnadu,3331,KRISHNAGIRI,333116,KELAMANGALAM,Urban,3,cat3,"HSS (I-XII)",5,"Private Unaided (Recognized)",4,OBC,179,160,83,104,95,106,93,125,113,121,116,119,127,109,76,87,71,71,71,80,89,75,76,95,75,77
2019-20,33,Tamilnadu,3331,KRISHNAGIRI,333109,UTHANGARAI,Rural,5,cat5,"HSS (VI-XII)",1,"Department of Education",4,OBC,0,0,0,0,0,0,0,108,148,185,288,272,296,214,0,0,0,0,0,141,136,125,227,218,262,256
2019-20,33,Tamilnadu,3331,KRISHNAGIRI,333110,KRISHNAGIRI,Rural,5,cat5,"HSS (VI-XII)",1,"Department of Education",4,OBC,0,0,0,0,0,0,0,75,93,102,134,120,296,265,0,0,0,0,0,69,77,93,119,104,211,185
2019-20,33,Tamilnadu,3331,KRISHNAGIRI,333111,KAVERIPATINAM,Rural,5,cat5,"HSS (VI-XII)",1,"Department of Education",4,OBC,0,0,0,0,0,0,0,196,241,218,301,337,326,229,0,0,0,0,0,265,318,323,398,499,608,491
2019-20,33,Tamilnadu,3331,KRISHNAGIRI,333112,BARGUR,Rural,5,cat5,"HSS (VI-XII)",1,"Department of Education",4,OBC,0,0,0,0,0,0,0,277,317,304,462,473,559,522,0,0,0,0,0,310,348,315,452,492,517,535
2019-20,33,Tamilnadu,3331,KRISHNAGIRI,333113,VEPPANAPALLI,Rural,5,cat5,"HSS (VI-XII)",1,"Department of Education",4,OBC,0,0,0,0,0,0,0,147,171,184,286,277,284,250,0,0,0,0,0,199,182,200,291,306,326,295
2019-20,33,Tamilnadu,3331,KRISHNAGIRI,333114,SHOOLAGIRI,Rural,5,cat5,"HSS (VI-XII)",1,"Department of Education",4,OBC,0,0,0,0,0,0,0,314,368,352,652,581,585,480,0,0,0,0,0,307,331,353,598,605,612,552
2019-20,33,Tamilnadu,3331,KRISHNAGIRI,333115,HOSUR,Rural,5,cat5,"HSS (VI-XII)",1,"Department of Education",4,OBC,0,0,0,0,0,0,0,52,75,59,86,85,69,73,0,0,0,0,0,209,241,248,351,382,540,486
2019-20,33,Tamilnadu,3331,KRISHNAGIRI,333116,KELAMANGALAM,Rural,5,cat5,"HSS (VI-XII)",1,"Department of Education",4,OBC,0,0,0,0,0,0,0,101,162,146,215,240,274,246,0,0,0,0,0,130,152,142,252,228,303,279
2019-20,33,Tamilnadu,3331,KRISHNAGIRI,333117,THALLY,Rural,5,cat5,"HSS (VI-XII)",1,"Department of Education",4,OBC,0,0,0,0,0,0,0,138,185,177,351,284,343,291,0,0,0,0,0,110,114,94,216,239,319,264
2019-20,33,Tamilnadu,3331,KRISHNAGIRI,333118,MATHUR,Rural,5,cat5,"HSS (VI-XII)",1,"Department of Education",4,OBC,0,0,0,0,0,0,0,144,162,191,215,249,254,222,0,0,0,0,0,122,172,152,181,210,296,266
2019-20,33,Tamilnadu,3331,KRISHNAGIRI,333109,UTHANGARAI,Urban,5,cat5,"HSS (VI-XII)",1,"Department of Education",4,OBC,0,0,0,0,0,0,0,71,104,100,184,217,246,194,0,0,0,0,0,76,119,122,157,184,256,240
2019-20,33,Tamilnadu,3331,KRISHNAGIRI,333110,KRISHNAGIRI,Urban,5,cat5,"HSS (VI-XII)",1,"Department of Education",4,OBC,0,0,0,0,0,0,0,66,92,110,252,193,315,291,0,0,0,0,0,153,158,178,314,309,514,528
2019-20,33,Tamilnadu,3331,KRISHNAGIRI,333111,KAVERIPATINAM,Urban,5,cat5,"HSS (VI-XII)",1,"Department of Education",4,OBC,0,0,0,0,0,0,0,188,210,212,295,311,339,374,0,0,0,0,0,86,98,81,156,117,151,156
2019-20,33,Tamilnadu,3331,KRISHNAGIRI,333112,BARGUR,Urban,5,cat5,"HSS (VI-XII)",1,"Department of Education",4,OBC,0,0,0,0,0,0,0,0,0,0,0,0,0,0,0,0,0,0,0,67,87,87,99,102,167,170
2019-20,33,Tamilnadu,3331,KRISHNAGIRI,333115,HOSUR,Urban,5,cat5,"HSS (VI-XII)",1,"Department of Education",4,OBC,0,0,0,0,0,0,0,176,222,230,471,399,341,298,0,0,0,0,0,113,94,103,176,144,117,72
2019-20,33,Tamilnadu,3331,KRISHNAGIRI,333116,KELAMANGALAM,Urban,5,cat5,"HSS (VI-XII)",1,"Department of Education",4,OBC,0,0,0,0,0,0,0,116,123,121,173,221,304,227,0,0,0,0,0,97,96,104,235,229,441,416
2019-20,33,Tamilnadu,3331,KRISHNAGIRI,333110,KRISHNAGIRI,Urban,5,cat5,"HSS (VI-XII)",3,"Local body",4,OBC,0,0,0,0,0,0,0,0,1,3,17,18,3,14,0,0,0,0,0,0,1,3,2,2,0,4
2019-20,33,Tamilnadu,3331,KRISHNAGIRI,333112,BARGUR,Rural,5,cat5,"HSS (VI-XII)",4,"Government Aided",4,OBC,0,0,0,0,0,0,0,81,89,93,100,101,90,87,0,0,0,0,0,34,42,53,63,64,77,81
2019-20,33,Tamilnadu,3331,KRISHNAGIRI,333116,KELAMANGALAM,Rural,5,cat5,"HSS (VI-XII)",4,"Government Aided",4,OBC,0,0,0,0,0,0,0,70,86,75,135,106,92,99,0,0,0,0,0,30,39,49,83,63,63,54
2019-20,33,Tamilnadu,3331,KRISHNAGIRI,333117,THALLY,Rural,5,cat5,"HSS (VI-XII)",4,"Government Aided",4,OBC,0,0,0,0,0,0,0,74,53,52,50,49,30,37,0,0,0,0,0,53,54,51,76,56,61,49
2019-20,33,Tamilnadu,3331,KRISHNAGIRI,333110,KRISHNAGIRI,Urban,5,cat5,"HSS (VI-XII)",4,"Government Aided",4,OBC,0,0,0,0,0,0,0,0,0,0,0,0,0,0,0,0,0,0,0,247,259,258,249,249,217,207
2019-20,33,Tamilnadu,3331,KRISHNAGIRI,333112,BARGUR,Urban,5,cat5,"HSS (VI-XII)",4,"Government Aided",4,OBC,0,0,0,0,0,0,0,59,64,56,82,46,47,33,0,0,0,0,0,23,20,22,34,37,25,18
2019-20,33,Tamilnadu,3331,KRISHNAGIRI,333115,HOSUR,Urban,5,cat5,"HSS (VI-XII)",4,"Government Aided",4,OBC,0,0,0,0,0,0,0,0,0,0,0,0,0,0,0,0,0,0,0,139,136,133,137,121,121,124
2019-20,33,Tamilnadu,3331,KRISHNAGIRI,333110,KRISHNAGIRI,Rural,5,cat5,"HSS (VI-XII)",5,"Private Unaided (Recognized)",4,OBC,0,0,0,0,0,0,0,6,4,8,7,16,16,17,0,0,0,0,0,0,1,2,3,3,7,8
2019-20,33,Tamilnadu,3331,KRISHNAGIRI,333111,KAVERIPATINAM,Rural,5,cat5,"HSS (VI-XII)",5,"Private Unaided (Recognized)",4,OBC,0,0,0,0,0,0,0,9,9,11,13,17,43,33,0,0,0,0,0,0,6,5,3,8,17,21
2019-20,33,Tamilnadu,3331,KRISHNAGIRI,333112,BARGUR,Rural,5,cat5,"HSS (VI-XII)",5,"Private Unaided (Recognized)",4,OBC,0,0,0,0,0,0,0,63,60,48,56,65,41,49,0,0,0,0,0,37,40,41,25,34,34,30
2019-20,33,Tamilnadu,3331,KRISHNAGIRI,333115,HOSUR,Rural,5,cat5,"HSS (VI-XII)",5,"Private Unaided (Recognized)",4,OBC,0,0,0,0,0,0,0,4,17,19,32,37,64,105,0,0,0,0,0,13,4,14,18,32,70,104
2019-20,33,Tamilnadu,3331,KRISHNAGIRI,333117,THALLY,Rural,5,cat5,"HSS (VI-XII)",5,"Private Unaided (Recognized)",4,OBC,0,0,0,0,0,0,0,25,45,40,44,42,37,34,0,0,0,0,0,20,20,36,22,47,26,30
2019-20,33,Tamilnadu,3331,KRISHNAGIRI,333112,BARGUR,Urban,5,cat5,"HSS (VI-XII)",5,"Private Unaided (Recognized)",4,OBC,0,0,0,0,0,0,0,0,6,2,10,12,28,23,0,0,0,0,0,0,3,4,3,3,14,14
2019-20,33,Tamilnadu,3331,KRISHNAGIRI,333109,UTHANGARAI,Rural,1,cat1,"PS (I-V)",1,"Department of Education",4,OBC,0,0,210,199,215,249,238,0,0,0,0,0,0,0,202,241,241,282,258,0,0,0,0,0,0,0
2019-20,33,Tamilnadu,3331,KRISHNAGIRI,333110,KRISHNAGIRI,Rural,1,cat1,"PS (I-V)",1,"Department of Education",4,OBC,0,0,365,402,402,375,466,0,0,0,0,0,0,0,340,364,381,373,397,0,0,0,0,0,0,0
2019-20,33,Tamilnadu,3331,KRISHNAGIRI,333111,KAVERIPATINAM,Rural,1,cat1,"PS (I-V)",1,"Department of Education",4,OBC,0,0,273,360,398,413,414,0,0,0,0,0,0,0,305,365,339,367,432,0,0,0,0,0,0,0
2019-20,33,Tamilnadu,3331,KRISHNAGIRI,333112,BARGUR,Rural,1,cat1,"PS (I-V)",1,"Department of Education",4,OBC,0,0,316,347,382,390,427,0,0,0,0,0,0,0,319,348,403,406,383,0,0,0,0,0,0,0
2019-20,33,Tamilnadu,3331,KRISHNAGIRI,333113,VEPPANAPALLI,Rural,1,cat1,"PS (I-V)",1,"Department of Education",4,OBC,0,0,290,278,328,302,362,0,0,0,0,0,0,0,286,273,333,315,374,0,0,0,0,0,0,0
2019-20,33,Tamilnadu,3331,KRISHNAGIRI,333114,SHOOLAGIRI,Rural,1,cat1,"PS (I-V)",1,"Department of Education",4,OBC,7,5,484,480,587,564,616,0,0,0,0,0,0,0,499,524,610,595,587,0,0,0,0,0,0,0
2019-20,33,Tamilnadu,3331,KRISHNAGIRI,333115,HOSUR,Rural,1,cat1,"PS (I-V)",1,"Department of Education",4,OBC,0,0,325,325,342,333,282,0,0,0,0,0,0,0,317,313,323,316,312,0,0,0,0,0,0,0
2019-20,33,Tamilnadu,3331,KRISHNAGIRI,333116,KELAMANGALAM,Rural,1,cat1,"PS (I-V)",1,"Department of Education",4,OBC,26,25,395,412,495,431,465,0,0,0,0,0,0,0,411,421,482,411,432,0,0,0,0,0,0,0
2019-20,33,Tamilnadu,3331,KRISHNAGIRI,333117,THALLY,Rural,1,cat1,"PS (I-V)",1,"Department of Education",4,OBC,0,0,399,415,502,465,488,0,0,0,0,0,0,0,387,484,474,473,499,0,0,0,0,0,0,0
2019-20,33,Tamilnadu,3331,KRISHNAGIRI,333118,MATHUR,Rural,1,cat1,"PS (I-V)",1,"Department of Education",4,OBC,0,0,193,220,242,243,253,0,0,0,0,0,0,0,232,248,250,251,253,0,0,0,0,0,0,0
2019-20,33,Tamilnadu,3331,KRISHNAGIRI,333109,UTHANGARAI,Urban,1,cat1,"PS (I-V)",1,"Department of Education",4,OBC,0,0,11,11,14,14,17,0,0,0,0,0,0,0,16,11,17,14,24,0,0,0,0,0,0,0
2019-20,33,Tamilnadu,3331,KRISHNAGIRI,333111,KAVERIPATINAM,Urban,1,cat1,"PS (I-V)",1,"Department of Education",4,OBC,0,0,40,76,68,89,73,0,0,0,0,0,0,0,55,69,84,80,73,0,0,0,0,0,0,0
2019-20,33,Tamilnadu,3331,KRISHNAGIRI,333112,BARGUR,Urban,1,cat1,"PS (I-V)",1,"Department of Education",4,OBC,0,0,34,20,33,28,31,0,0,0,0,0,0,0,28,28,29,37,29,0,0,0,0,0,0,0
2019-20,33,Tamilnadu,3331,KRISHNAGIRI,333114,SHOOLAGIRI,Urban,1,cat1,"PS (I-V)",1,"Department of Education",4,OBC,0,0,9,6,6,6,9,0,0,0,0,0,0,0,5,8,5,3,7,0,0,0,0,0,0,0
2019-20,33,Tamilnadu,3331,KRISHNAGIRI,333115,HOSUR,Urban,1,cat1,"PS (I-V)",1,"Department of Education",4,OBC,0,0,188,212,172,196,186,0,0,0,0,0,0,0,193,195,187,174,197,0,0,0,0,0,0,0
2019-20,33,Tamilnadu,3331,KRISHNAGIRI,333116,KELAMANGALAM,Urban,1,cat1,"PS (I-V)",1,"Department of Education",4,OBC,0,0,50,48,53,45,39,0,0,0,0,0,0,0,68,77,75,73,83,0,0,0,0,0,0,0
2019-20,33,Tamilnadu,3331,KRISHNAGIRI,333118,MATHUR,Rural,1,cat1,"PS (I-V)",2,"Tribal Welfare Department",4,OBC,0,0,0,0,1,2,0,0,0,0,0,0,0,0,4,0,2,1,6,0,0,0,0,0,0,0
2019-20,33,Tamilnadu,3331,KRISHNAGIRI,333110,KRISHNAGIRI,Urban,1,cat1,"PS (I-V)",3,"Local body",4,OBC,0,0,14,14,26,14,17,0,0,0,0,0,0,0,29,21,23,12,26,0,0,0,0,0,0,0
2019-20,33,Tamilnadu,3331,KRISHNAGIRI,333112,BARGUR,Rural,1,cat1,"PS (I-V)",4,"Government Aided",4,OBC,0,0,5,13,15,24,32,0,0,0,0,0,0,0,8,7,10,20,17,0,0,0,0,0,0,0
2019-20,33,Tamilnadu,3331,KRISHNAGIRI,333117,THALLY,Rural,1,cat1,"PS (I-V)",4,"Government Aided",4,OBC,0,0,42,48,63,64,63,0,0,0,0,0,0,0,46,47,51,51,62,0,0,0,0,0,0,0
2019-20,33,Tamilnadu,3331,KRISHNAGIRI,333110,KRISHNAGIRI,Urban,1,cat1,"PS (I-V)",4,"Government Aided",4,OBC,0,0,60,78,111,109,140,0,0,0,0,0,0,0,187,194,196,199,216,0,0,0,0,0,0,0
2019-20,33,Tamilnadu,3331,KRISHNAGIRI,333112,BARGUR,Urban,1,cat1,"PS (I-V)",4,"Government Aided",4,OBC,0,0,4,5,3,9,11,0,0,0,0,0,0,0,6,6,8,6,4,0,0,0,0,0,0,0
2019-20,33,Tamilnadu,3331,KRISHNAGIRI,333115,HOSUR,Urban,1,cat1,"PS (I-V)",4,"Government Aided",4,OBC,0,0,21,15,14,14,17,0,0,0,0,0,0,0,136,129,123,113,127,0,0,0,0,0,0,0
2019-20,33,Tamilnadu,3331,KRISHNAGIRI,333116,KELAMANGALAM,Urban,1,cat1,"PS (I-V)",4,"Government Aided",4,OBC,0,0,14,15,19,19,28,0,0,0,0,0,0,0,14,19,17,4,20,0,0,0,0,0,0,0
2019-20,33,Tamilnadu,3331,KRISHNAGIRI,333109,UTHANGARAI,Rural,1,cat1,"PS (I-V)",5,"Private Unaided (Recognized)",4,OBC,122,106,48,58,39,37,30,0,0,0,0,0,0,0,48,38,38,28,21,0,0,0,0,0,0,0
2019-20,33,Tamilnadu,3331,KRISHNAGIRI,333110,KRISHNAGIRI,Rural,1,cat1,"PS (I-V)",5,"Private Unaided (Recognized)",4,OBC,318,282,141,141,96,81,68,0,0,0,0,0,0,0,100,64,74,59,58,0,0,0,0,0,0,0
2019-20,33,Tamilnadu,3331,KRISHNAGIRI,333111,KAVERIPATINAM,Rural,1,cat1,"PS (I-V)",5,"Private Unaided (Recognized)",4,OBC,634,456,214,221,171,134,124,0,0,0,0,0,0,0,182,154,124,120,91,0,0,0,0,0,0,0
2019-20,33,Tamilnadu,3331,KRISHNAGIRI,333112,BARGUR,Rural,1,cat1,"PS (I-V)",5,"Private Unaided (Recognized)",4,OBC,606,485,261,232,220,242,120,0,0,0,0,0,0,0,187,190,158,172,82,0,0,0,0,0,0,0
2019-20,33,Tamilnadu,3331,KRISHNAGIRI,333113,VEPPANAPALLI,Rural,1,cat1,"PS (I-V)",5,"Private Unaided (Recognized)",4,OBC,190,130,71,54,45,41,49,0,0,0,0,0,0,0,60,45,36,28,25,0,0,0,0,0,0,0
2019-20,33,Tamilnadu,3331,KRISHNAGIRI,333114,SHOOLAGIRI,Rural,1,cat1,"PS (I-V)",5,"Private Unaided (Recognized)",4,OBC,149,81,43,51,35,30,25,0,0,0,0,0,0,0,36,30,28,21,21,0,0,0,0,0,0,0
2019-20,33,Tamilnadu,3331,KRISHNAGIRI,333115,HOSUR,Rural,1,cat1,"PS (I-V)",5,"Private Unaided (Recognized)",4,OBC,156,132,66,66,77,71,59,0,0,0,0,0,0,0,60,51,58,47,46,0,0,0,0,0,0,0
2019-20,33,Tamilnadu,3331,KRISHNAGIRI,333116,KELAMANGALAM,Rural,1,cat1,"PS (I-V)",5,"Private Unaided (Recognized)",4,OBC,108,76,32,54,77,54,26,0,0,0,0,0,0,0,30,40,36,44,12,0,0,0,0,0,0,0
2019-20,33,Tamilnadu,3331,KRISHNAGIRI,333117,THALLY,Rural,1,cat1,"PS (I-V)",5,"Private Unaided (Recognized)",4,OBC,376,308,148,176,167,128,129,0,0,0,0,0,0,0,175,129,148,100,96,0,0,0,0,0,0,0
2019-20,33,Tamilnadu,3331,KRISHNAGIRI,333118,MATHUR,Rural,1,cat1,"PS (I-V)",5,"Private Unaided (Recognized)",4,OBC,11,11,5,3,7,5,2,0,0,0,0,0,0,0,12,5,7,2,2,0,0,0,0,0,0,0
2019-20,33,Tamilnadu,3331,KRISHNAGIRI,333109,UTHANGARAI,Urban,1,cat1,"PS (I-V)",5,"Private Unaided (Recognized)",4,OBC,48,52,22,24,21,23,23,0,0,0,0,0,0,0,18,23,28,14,10,0,0,0,0,0,0,0
2019-20,33,Tamilnadu,3331,KRISHNAGIRI,333110,KRISHNAGIRI,Urban,1,cat1,"PS (I-V)",5,"Private Unaided (Recognized)",4,OBC,436,403,194,179,150,149,128,0,0,0,0,0,0,0,176,150,148,127,132,0,0,0,0,0,0,0
2019-20,33,Tamilnadu,3331,KRISHNAGIRI,333111,KAVERIPATINAM,Urban,1,cat1,"PS (I-V)",5,"Private Unaided (Recognized)",4,OBC,92,85,47,41,24,15,6,0,0,0,0,0,0,0,31,23,25,12,15,0,0,0,0,0,0,0
2019-20,33,Tamilnadu,3331,KRISHNAGIRI,333112,BARGUR,Urban,1,cat1,"PS (I-V)",5,"Private Unaided (Recognized)",4,OBC,29,17,8,9,5,8,7,0,0,0,0,0,0,0,6,12,16,4,5,0,0,0,0,0,0,0
2019-20,33,Tamilnadu,3331,KRISHNAGIRI,333115,HOSUR,Urban,1,cat1,"PS (I-V)",5,"Private Unaided (Recognized)",4,OBC,232,206,141,124,137,99,85,0,0,0,0,0,0,0,131,134,125,104,74,0,0,0,0,0,0,0
2019-20,33,Tamilnadu,3331,KRISHNAGIRI,333116,KELAMANGALAM,Urban,1,cat1,"PS (I-V)",5,"Private Unaided (Recognized)",4,OBC,33,46,26,20,15,16,22,0,0,0,0,0,0,0,29,14,11,12,11,0,0,0,0,0,0,0
2019-20,33,Tamilnadu,3331,KRISHNAGIRI,333111,KAVERIPATINAM,Rural,1,cat1,"PS (I-V)",8,Unrecognized,4,OBC,16,6,5,4,5,3,2,0,0,0,0,0,0,0,2,5,6,3,1,0,0,0,0,0,0,0
2019-20,33,Tamilnadu,3331,KRISHNAGIRI,333114,SHOOLAGIRI,Rural,1,cat1,"PS (I-V)",8,Unrecognized,4,OBC,0,0,1,1,0,0,0,0,0,0,0,0,0,0,1,0,0,0,0,0,0,0,0,0,0,0
2019-20,33,Tamilnadu,3331,KRISHNAGIRI,333116,KELAMANGALAM,Rural,1,cat1,"PS (I-V)",8,Unrecognized,4,OBC,49,41,12,7,5,2,2,0,0,0,0,0,0,0,14,10,8,3,1,0,0,0,0,0,0,0
2019-20,33,Tamilnadu,3331,KRISHNAGIRI,333112,BARGUR,Urban,1,cat1,"PS (I-V)",90,"Social welfare Department",4,OBC,0,0,3,7,4,5,5,0,0,0,0,0,0,0,3,0,0,0,1,0,0,0,0,0,0,0
2019-20,33,Tamilnadu,3331,KRISHNAGIRI,333109,UTHANGARAI,Rural,6,cat6,"SS (I-X)",5,"Private Unaided (Recognized)",4,OBC,85,72,77,73,75,75,65,72,78,75,64,16,0,0,60,47,58,39,63,55,50,23,27,14,0,0
2019-20,33,Tamilnadu,3331,KRISHNAGIRI,333110,KRISHNAGIRI,Rural,6,cat6,"SS (I-X)",5,"Private Unaided (Recognized)",4,OBC,120,91,82,61,77,66,59,49,38,46,66,44,0,0,53,53,61,32,42,41,23,37,41,26,0,0
2019-20,33,Tamilnadu,3331,KRISHNAGIRI,333111,KAVERIPATINAM,Rural,6,cat6,"SS (I-X)",5,"Private Unaided (Recognized)",4,OBC,218,156,119,114,101,97,91,95,87,70,69,54,0,0,83,78,71,63,67,52,56,54,38,32,0,0
2019-20,33,Tamilnadu,3331,KRISHNAGIRI,333112,BARGUR,Rural,6,cat6,"SS (I-X)",5,"Private Unaided (Recognized)",4,OBC,183,169,131,193,153,108,139,113,86,78,58,49,0,0,103,99,117,102,91,80,51,50,39,37,0,0
2019-20,33,Tamilnadu,3331,KRISHNAGIRI,333114,SHOOLAGIRI,Rural,6,cat6,"SS (I-X)",5,"Private Unaided (Recognized)",4,OBC,150,116,73,67,60,63,40,46,36,27,11,8,0,0,66,59,43,34,40,36,24,19,15,26,0,0
2019-20,33,Tamilnadu,3331,KRISHNAGIRI,333115,HOSUR,Rural,6,cat6,"SS (I-X)",5,"Private Unaided (Recognized)",4,OBC,351,265,191,221,226,183,166,146,145,133,111,108,0,0,164,173,188,170,153,129,121,107,86,95,0,0
2019-20,33,Tamilnadu,3331,KRISHNAGIRI,333116,KELAMANGALAM,Rural,6,cat6,"SS (I-X)",5,"Private Unaided (Recognized)",4,OBC,345,252,171,159,148,156,155,175,148,137,108,125,0,0,128,138,107,121,115,112,97,81,84,65,0,0
2019-20,33,Tamilnadu,3331,KRISHNAGIRI,333117,THALLY,Rural,6,cat6,"SS (I-X)",5,"Private Unaided (Recognized)",4,OBC,82,82,45,44,34,42,31,34,32,20,23,28,0,0,27,32,34,28,29,29,20,19,14,10,0,0
2019-20,33,Tamilnadu,3331,KRISHNAGIRI,333118,MATHUR,Rural,6,cat6,"SS (I-X)",5,"Private Unaided (Recognized)",4,OBC,130,91,68,61,68,56,42,46,40,37,28,12,0,0,61,52,51,42,31,38,25,21,12,8,0,0
2019-20,33,Tamilnadu,3331,KRISHNAGIRI,333110,KRISHNAGIRI,Urban,6,cat6,"SS (I-X)",5,"Private Unaided (Recognized)",4,OBC,73,63,45,70,45,37,54,40,44,38,30,33,0,0,39,32,31,47,31,34,34,27,23,17,0,0
2019-20,33,Tamilnadu,3331,KRISHNAGIRI,333115,HOSUR,Urban,6,cat6,"SS (I-X)",5,"Private Unaided (Recognized)",4,OBC,428,393,385,373,268,264,287,277,243,231,238,186,0,0,320,288,272,218,238,222,221,177,191,196,0,0
2019-20,33,Tamilnadu,3331,KRISHNAGIRI,333116,KELAMANGALAM,Urban,6,cat6,"SS (I-X)",5,"Private Unaided (Recognized)",4,OBC,56,56,48,41,35,25,32,28,25,20,24,20,0,0,23,28,16,23,21,21,17,21,19,19,0,0
2019-20,33,Tamilnadu,3331,KRISHNAGIRI,333118,MATHUR,Rural,6,cat6,"SS (I-X)",8,Unrecognized,4,OBC,32,30,16,14,20,23,11,11,6,9,6,0,0,0,17,8,14,8,7,2,5,7,5,0,0,0
2019-20,33,Tamilnadu,3331,KRISHNAGIRI,333109,UTHANGARAI,Rural,7,cat7,"SS (VI-X)",1,"Department of Education",4,OBC,0,0,0,0,0,0,0,92,105,128,148,144,0,0,0,0,0,0,0,143,161,138,186,172,0,0
2019-20,33,Tamilnadu,3331,KRISHNAGIRI,333110,KRISHNAGIRI,Rural,7,cat7,"SS (VI-X)",1,"Department of Education",4,OBC,0,0,0,0,0,0,0,415,380,345,538,470,0,0,0,0,0,0,0,344,351,320,450,440,0,0
2019-20,33,Tamilnadu,3331,KRISHNAGIRI,333111,KAVERIPATINAM,Rural,7,cat7,"SS (VI-X)",1,"Department of Education",4,OBC,0,0,0,0,0,0,0,222,284,251,305,290,0,0,0,0,0,0,0,291,318,315,361,362,0,0
2019-20,33,Tamilnadu,3331,KRISHNAGIRI,333112,BARGUR,Rural,7,cat7,"SS (VI-X)",1,"Department of Education",4,OBC,0,0,0,0,0,0,0,180,174,186,218,207,0,0,0,0,0,0,0,142,179,145,187,191,0,0
2019-20,33,Tamilnadu,3331,KRISHNAGIRI,333113,VEPPANAPALLI,Rural,7,cat7,"SS (VI-X)",1,"Department of Education",4,OBC,0,0,0,0,0,0,0,183,190,167,233,217,0,0,0,0,0,0,0,163,178,167,196,201,0,0
2019-20,33,Tamilnadu,3331,KRISHNAGIRI,333114,SHOOLAGIRI,Rural,7,cat7,"SS (VI-X)",1,"Department of Education",4,OBC,0,0,0,0,0,0,0,314,338,286,365,319,0,0,0,0,0,0,0,301,352,272,326,287,0,0
2019-20,33,Tamilnadu,3331,KRISHNAGIRI,333115,HOSUR,Rural,7,cat7,"SS (VI-X)",1,"Department of Education",4,OBC,0,0,0,0,0,0,0,136,140,116,104,107,0,0,0,0,0,0,0,118,83,97,99,87,0,0
2019-20,33,Tamilnadu,3331,KRISHNAGIRI,333116,KELAMANGALAM,Rural,7,cat7,"SS (VI-X)",1,"Department of Education",4,OBC,0,0,0,0,0,0,0,170,206,145,229,258,0,0,0,0,0,0,0,223,228,232,340,280,0,0
2019-20,33,Tamilnadu,3331,KRISHNAGIRI,333117,THALLY,Rural,7,cat7,"SS (VI-X)",1,"Department of Education",4,OBC,0,0,0,0,0,0,0,218,219,250,270,266,0,0,0,0,0,0,0,293,306,304,377,358,0,0
2019-20,33,Tamilnadu,3331,KRISHNAGIRI,333118,MATHUR,Rural,7,cat7,"SS (VI-X)",1,"Department of Education",4,OBC,0,0,0,0,0,0,0,114,114,124,118,138,0,0,0,0,0,0,0,131,151,136,191,176,0,0
2019-20,33,Tamilnadu,3331,KRISHNAGIRI,333115,HOSUR,Urban,7,cat7,"SS (VI-X)",1,"Department of Education",4,OBC,0,0,0,0,0,0,0,97,112,85,111,95,0,0,0,0,0,0,0,119,114,89,109,120,0,0
2019-20,33,Tamilnadu,3331,KRISHNAGIRI,333116,KELAMANGALAM,Urban,7,cat7,"SS (VI-X)",1,"Department of Education",4,OBC,0,0,0,0,0,0,0,7,20,10,18,25,0,0,0,0,0,0,0,9,9,10,18,15,0,0
2019-20,33,Tamilnadu,3331,KRISHNAGIRI,333118,MATHUR,Rural,7,cat7,"SS (VI-X)",2,"Tribal Welfare Department",4,OBC,0,0,0,0,0,0,0,8,2,8,8,10,0,0,0,0,0,0,0,8,10,7,9,6,0,0
2019-20,33,Tamilnadu,3331,KRISHNAGIRI,333116,KELAMANGALAM,Rural,7,cat7,"SS (VI-X)",4,"Government Aided",4,OBC,0,0,0,0,0,0,0,43,52,39,49,38,0,0,0,0,0,0,0,18,24,23,25,35,0,0
2019-20,33,Tamilnadu,3331,KRISHNAGIRI,333110,KRISHNAGIRI,Urban,7,cat7,"SS (VI-X)",4,"Government Aided",4,OBC,0,0,0,0,0,0,0,164,159,129,141,127,0,0,0,0,0,0,0,0,0,0,0,0,0,0
2019-20,33,Tamilnadu,3331,KRISHNAGIRI,333117,THALLY,Rural,7,cat7,"SS (VI-X)",5,"Private Unaided (Recognized)",4,OBC,0,0,0,0,0,0,0,24,14,8,16,14,0,0,0,0,0,0,0,13,13,9,8,7,0,0
2019-20,33,Tamilnadu,3331,KRISHNAGIRI,333115,HOSUR,Urban,7,cat7,"SS (VI-X)",5,"Private Unaided (Recognized)",4,OBC,0,0,0,0,0,0,0,6,5,10,20,15,0,0,0,0,0,0,0,2,3,7,5,11,0,0
2019-20,33,Tamilnadu,3331,KRISHNAGIRI,333109,UTHANGARAI,Rural,2,cat2,"UPS (I-VIII)",1,"Department of Education",4,OBC,56,50,77,101,67,100,97,122,123,141,0,0,0,0,81,90,85,83,89,124,144,106,0,0,0,0
2019-20,33,Tamilnadu,3331,KRISHNAGIRI,333110,KRISHNAGIRI,Rural,2,cat2,"UPS (I-VIII)",1,"Department of Education",4,OBC,48,55,98,130,140,133,138,182,132,144,0,0,0,0,102,117,139,138,138,173,172,154,0,0,0,0
2019-20,33,Tamilnadu,3331,KRISHNAGIRI,333111,KAVERIPATINAM,Rural,2,cat2,"UPS (I-VIII)",1,"Department of Education",4,OBC,29,24,81,81,86,93,98,120,116,117,0,0,0,0,93,83,99,94,87,115,118,122,0,0,0,0
2019-20,33,Tamilnadu,3331,KRISHNAGIRI,333112,BARGUR,Rural,2,cat2,"UPS (I-VIII)",1,"Department of Education",4,OBC,48,54,105,125,120,127,140,183,173,167,0,0,0,0,117,128,141,158,153,195,198,153,0,0,0,0
2019-20,33,Tamilnadu,3331,KRISHNAGIRI,333113,VEPPANAPALLI,Rural,2,cat2,"UPS (I-VIII)",1,"Department of Education",4,OBC,23,25,109,102,130,114,118,154,167,138,0,0,0,0,91,119,125,119,145,174,183,170,0,0,0,0
2019-20,33,Tamilnadu,3331,KRISHNAGIRI,333114,SHOOLAGIRI,Rural,2,cat2,"UPS (I-VIII)",1,"Department of Education",4,OBC,57,52,230,251,302,276,282,327,364,276,0,0,0,0,235,248,273,272,247,338,379,322,0,0,0,0
2019-20,33,Tamilnadu,3331,KRISHNAGIRI,333115,HOSUR,Rural,2,cat2,"UPS (I-VIII)",1,"Department of Education",4,OBC,87,96,109,101,115,120,104,141,150,83,0,0,0,0,111,101,118,103,98,139,153,111,0,0,0,0
2019-20,33,Tamilnadu,3331,KRISHNAGIRI,333116,KELAMANGALAM,Rural,2,cat2,"UPS (I-VIII)",1,"Department of Education",4,OBC,75,73,168,178,199,162,170,250,291,226,0,0,0,0,158,194,220,194,189,232,260,242,0,0,0,0
2019-20,33,Tamilnadu,3331,KRISHNAGIRI,333117,THALLY,Rural,2,cat2,"UPS (I-VIII)",1,"Department of Education",4,OBC,45,38,163,178,210,178,180,279,276,258,0,0,0,0,159,173,189,183,173,269,312,253,0,0,0,0
2019-20,33,Tamilnadu,3331,KRISHNAGIRI,333118,MATHUR,Rural,2,cat2,"UPS (I-VIII)",1,"Department of Education",4,OBC,44,34,36,50,46,56,64,66,92,61,0,0,0,0,42,48,60,57,79,64,90,66,0,0,0,0
2019-20,33,Tamilnadu,3331,KRISHNAGIRI,333111,KAVERIPATINAM,Urban,2,cat2,"UPS (I-VIII)",1,"Department of Education",4,OBC,0,0,13,6,9,4,9,12,7,15,0,0,0,0,8,8,12,10,8,12,15,11,0,0,0,0
2019-20,33,Tamilnadu,3331,KRISHNAGIRI,333112,BARGUR,Urban,2,cat2,"UPS (I-VIII)",1,"Department of Education",4,OBC,0,0,2,1,1,2,2,2,2,0,0,0,0,0,1,2,2,0,0,3,2,1,0,0,0,0
2019-20,33,Tamilnadu,3331,KRISHNAGIRI,333113,VEPPANAPALLI,Urban,2,cat2,"UPS (I-VIII)",1,"Department of Education",4,OBC,0,0,5,6,6,2,6,9,6,5,0,0,0,0,4,1,6,2,4,9,13,7,0,0,0,0
2019-20,33,Tamilnadu,3331,KRISHNAGIRI,333115,HOSUR,Urban,2,cat2,"UPS (I-VIII)",1,"Department of Education",4,OBC,114,100,117,128,134,140,123,187,211,127,0,0,0,0,71,90,87,108,99,150,159,107,0,0,0,0
2019-20,33,Tamilnadu,3331,KRISHNAGIRI,333116,KELAMANGALAM,Urban,2,cat2,"UPS (I-VIII)",1,"Department of Education",4,OBC,0,0,17,16,25,16,23,30,36,13,0,0,0,0,13,9,17,14,12,36,37,37,0,0,0,0
