ac_year,st_code,state_name,dt_code,district_name,block_cd,udise_block_name,loc_name,sch_category_id,tr_cat_name,school_category,sch_mgmt_id,sch_mgmt_name,caste_id,caste_name,pre_primary_boy,pre_primary_girl,class1_boy,class2_boy,class3_boy,class4_boy,class5_boy,class6_boy,class7_boy,class8_boy,class9_boy,class10_boy,class11_boy,class12_boy,class1_girl,class2_girl,class3_girl,class4_girl,class5_girl,class6_girl,class7_girl,class8_girl,class9_girl,class10_girl,class11_girl,class12_girl
2019-20,33,Tamilnadu,3333,TIRUPPUR,333313,UDUMALAIPATTAI,Rural,2,cat2,"UPS (I-VIII)",4,"Government Aided",4,OBC,0,0,3,1,3,1,5,4,5,6,0,0,0,0,1,2,7,1,1,3,5,6,0,0,0,0
2019-20,33,Tamilnadu,3333,TIRUPPUR,333318,PALLADAM,Rural,2,cat2,"UPS (I-VIII)",4,"Government Aided",4,OBC,0,0,13,18,11,15,17,23,10,24,0,0,0,0,21,13,25,23,17,19,11,11,0,0,0,0
2019-20,33,Tamilnadu,3333,TIRUPPUR,333306,DHARAPURAM,Urban,2,cat2,"UPS (I-VIII)",4,"Government Aided",4,OBC,0,0,2,0,3,0,3,3,2,5,0,0,0,0,2,1,0,1,0,1,0,1,0,0,0,0
2019-20,33,Tamilnadu,3333,TIRUPPUR,333318,PALLADAM,Urban,2,cat2,"UPS (I-VIII)",4,"Government Aided",4,OBC,0,0,19,16,24,24,35,42,48,37,0,0,0,0,25,16,20,24,25,33,62,52,0,0,0,0
2019-20,33,Tamilnadu,3333,TIRUPPUR,333322,TIRUPUR,Urban,2,cat2,"UPS (I-VIII)",4,"Government Aided",4,OBC,0,0,16,17,15,23,24,22,28,28,0,0,0,0,17,10,13,12,21,21,25,28,0,0,0,0
2019-20,33,Tamilnadu,3333,TIRUPPUR,333309,GANGAYAM,Rural,2,cat2,"UPS (I-VIII)",5,"Private Unaided (Recognized)",4,OBC,56,50,13,21,14,14,13,10,7,0,0,0,0,0,14,15,2,1,4,6,2,0,0,0,0,0
2019-20,33,Tamilnadu,3333,TIRUPPUR,333313,UDUMALAIPATTAI,Rural,2,cat2,"UPS (I-VIII)",5,"Private Unaided (Recognized)",4,OBC,18,14,10,17,5,33,126,174,90,134,0,0,0,0,9,16,3,4,8,18,10,11,0,0,0,0
2019-20,33,Tamilnadu,3333,TIRUPPUR,333316,AVINACI,Rural,2,cat2,"UPS (I-VIII)",5,"Private Unaided (Recognized)",4,OBC,37,39,20,15,18,16,14,13,18,14,0,0,0,0,14,25,21,19,25,20,11,11,0,0,0,0
2019-20,33,Tamilnadu,3333,TIRUPPUR,333317,PONGALUR,Rural,2,cat2,"UPS (I-VIII)",5,"Private Unaided (Recognized)",4,OBC,43,41,15,9,14,6,1,8,0,1,0,0,0,0,15,8,2,10,5,2,2,2,0,0,0,0
2019-20,33,Tamilnadu,3333,TIRUPPUR,333318,PALLADAM,Rural,2,cat2,"UPS (I-VIII)",5,"Private Unaided (Recognized)",4,OBC,79,79,28,25,26,26,19,8,11,0,0,0,0,0,23,22,26,19,15,10,4,0,0,0,0,0
2019-20,33,Tamilnadu,3333,TIRUPPUR,333312,MOOLANUR,Urban,2,cat2,"UPS (I-VIII)",5,"Private Unaided (Recognized)",4,OBC,23,13,6,3,4,7,1,2,0,2,0,0,0,0,11,3,2,8,6,4,3,1,0,0,0,0
2019-20,33,Tamilnadu,3333,TIRUPPUR,333320,VELLACKOIL,Urban,2,cat2,"UPS (I-VIII)",5,"Private Unaided (Recognized)",4,OBC,45,26,13,17,15,10,5,13,6,10,0,0,0,0,13,10,13,16,13,4,11,7,0,0,0,0
2019-20,33,Tamilnadu,3333,TIRUPPUR,333322,TIRUPUR,Urban,2,cat2,"UPS (I-VIII)",5,"Private Unaided (Recognized)",4,OBC,295,251,173,123,141,138,113,95,79,37,0,0,0,0,130,111,134,95,103,83,39,30,0,0,0,0
2019-20,33,Tamilnadu,3333,TIRUPPUR,333311,GUNDADAM,Rural,2,cat2,"UPS (I-VIII)",6,"Other Govt. managed schools",4,OBC,0,0,0,0,0,0,0,0,0,0,0,0,0,0,0,2,3,9,10,11,7,11,0,0,0,0
2019-20,33,Tamilnadu,3333,TIRUPPUR,333312,MOOLANUR,Rural,2,cat2,"UPS (I-VIII)",6,"Other Govt. managed schools",4,OBC,0,0,0,0,0,0,0,0,0,0,0,0,0,0,0,3,4,2,4,10,15,15,0,0,0,0
2019-20,33,Tamilnadu,3333,TIRUPPUR,333316,AVINACI,Urban,2,cat2,"UPS (I-VIII)",6,"Other Govt. managed schools",4,OBC,0,0,0,0,2,5,3,6,9,0,0,0,0,0,0,1,1,1,2,4,4,0,0,0,0,0
2019-20,33,Tamilnadu,3333,TIRUPPUR,333306,DHARAPURAM,Rural,2,cat2,"UPS (I-VIII)",8,Unrecognized,4,OBC,11,11,6,8,11,5,7,8,4,0,0,0,0,0,10,4,10,4,9,5,5,0,0,0,0,0
2019-20,33,Tamilnadu,3333,TIRUPPUR,333313,UDUMALAIPATTAI,Rural,2,cat2,"UPS (I-VIII)",8,Unrecognized,4,OBC,3,3,4,7,1,6,6,2,3,3,0,0,0,0,4,5,1,3,2,0,1,0,0,0,0,0
2019-20,33,Tamilnadu,3333,TIRUPPUR,333317,PONGALUR,Rural,2,cat2,"UPS (I-VIII)",8,Unrecognized,4,OBC,11,11,4,0,3,6,1,3,0,1,0,0,0,0,0,1,2,0,1,2,2,0,0,0,0,0
2019-20,33,Tamilnadu,3333,TIRUPPUR,333313,UDUMALAIPATTAI,Urban,2,cat2,"UPS (I-VIII)",8,Unrecognized,4,OBC,18,23,11,9,4,3,2,5,5,0,0,0,0,0,5,7,5,6,1,6,2,0,0,0,0,0
2019-20,33,Tamilnadu,3333,TIRUPPUR,333322,TIRUPUR,Urban,2,cat2,"UPS (I-VIII)",8,Unrecognized,4,OBC,272,223,90,103,96,75,55,63,21,13,0,0,0,0,83,78,68,64,54,37,40,9,0,0,0,0
2019-20,33,Tamilnadu,3333,TIRUPPUR,333306,DHARAPURAM,Urban,4,cat4,"UPS (VI-VIII)",5,"Private Unaided (Recognized)",4,OBC,0,0,0,0,0,0,0,4,0,4,0,0,0,0,0,0,0,0,0,10,7,1,0,0,0,0
2019-20,33,Tamilnadu,3333,TIRUPPUR,333308,KUDIMANGALAM,Rural,2,cat2,"UPS (I-VIII)",1,"Department of Education",1,General,0,0,1,1,0,0,0,2,0,0,0,0,0,0,0,1,2,0,0,0,0,0,0,0,0,0
2019-20,33,Tamilnadu,3333,TIRUPPUR,333308,KUDIMANGALAM,Rural,2,cat2,"UPS (I-VIII)",1,"Department of Education",2,SC,23,14,21,18,34,28,32,27,35,40,0,0,0,0,22,23,22,23,30,37,47,44,0,0,0,0
2019-20,33,Tamilnadu,3333,TIRUPPUR,333322,TIRUPUR,Urban,2,cat2,"UPS (I-VIII)",8,Unrecognized,2,SC,11,18,4,3,3,4,3,1,1,0,0,0,0,0,2,6,7,2,1,8,0,1,0,0,0,0
2019-20,33,Tamilnadu,3333,TIRUPPUR,333313,UDUMALAIPATTAI,Rural,5,cat5,"HSS (VI-XII)",94,"Sainik School",4,OBC,0,0,0,0,0,0,0,62,70,53,40,61,49,50,0,0,0,0,0,1,0,1,1,1,0,0
2019-20,33,Tamilnadu,3333,TIRUPPUR,333322,TIRUPUR,Urban,3,cat3,"HSS (I-XII)",3,"Local body",1,General,0,1,0,0,0,0,0,0,0,0,0,0,0,0,0,0,0,1,0,4,4,5,11,16,15,25
2019-20,33,Tamilnadu,3333,TIRUPPUR,333313,UDUMALAIPATTAI,Urban,3,cat3,"HSS (I-XII)",4,"Government Aided",1,General,0,0,0,0,0,0,0,0,0,0,0,0,0,0,0,0,0,0,0,3,1,1,2,1,2,1
2019-20,33,Tamilnadu,3333,TIRUPPUR,333306,DHARAPURAM,Rural,3,cat3,"HSS (I-XII)",5,"Private Unaided (Recognized)",1,General,4,3,0,0,3,2,5,3,0,2,6,1,4,0,1,0,2,0,3,0,1,0,0,1,0,0
2019-20,33,Tamilnadu,3333,TIRUPPUR,333308,KUDIMANGALAM,Rural,3,cat3,"HSS (I-XII)",5,"Private Unaided (Recognized)",1,General,0,0,0,1,0,0,0,2,1,2,0,1,2,0,0,0,0,0,1,0,2,0,0,0,1,2
2019-20,33,Tamilnadu,3333,TIRUPPUR,333309,GANGAYAM,Rural,3,cat3,"HSS (I-XII)",5,"Private Unaided (Recognized)",1,General,2,2,2,6,1,2,1,2,4,4,2,3,1,5,2,7,3,7,1,6,6,7,1,1,1,5
2019-20,33,Tamilnadu,3333,TIRUPPUR,333310,MADATHUKULAM,Rural,3,cat3,"HSS (I-XII)",5,"Private Unaided (Recognized)",1,General,5,4,1,3,3,1,1,0,3,2,1,0,1,1,2,0,2,1,2,2,0,1,3,0,0,0
2019-20,33,Tamilnadu,3333,TIRUPPUR,333311,GUNDADAM,Rural,3,cat3,"HSS (I-XII)",5,"Private Unaided (Recognized)",1,General,2,1,3,1,2,3,2,0,2,2,1,1,0,0,2,0,2,0,0,1,1,1,1,1,1,0
2019-20,33,Tamilnadu,3333,TIRUPPUR,333313,UDUMALAIPATTAI,Rural,3,cat3,"HSS (I-XII)",5,"Private Unaided (Recognized)",1,General,25,22,5,2,6,5,2,6,5,8,20,8,9,8,6,6,5,4,9,5,12,3,5,8,9,7
2019-20,33,Tamilnadu,3333,TIRUPPUR,333316,AVINACI,Rural,3,cat3,"HSS (I-XII)",5,"Private Unaided (Recognized)",1,General,26,25,11,19,9,19,14,18,18,17,20,17,18,17,17,16,13,15,9,17,19,18,22,19,14,8
2019-20,33,Tamilnadu,3333,TIRUPPUR,333317,PONGALUR,Rural,3,cat3,"HSS (I-XII)",5,"Private Unaided (Recognized)",1,General,7,2,0,2,0,1,0,0,2,0,0,0,0,0,2,2,1,0,1,1,1,1,0,2,0,0
2019-20,33,Tamilnadu,3333,TIRUPPUR,333318,PALLADAM,Rural,3,cat3,"HSS (I-XII)",5,"Private Unaided (Recognized)",1,General,21,9,10,9,8,8,10,13,19,14,15,14,14,11,2,11,9,6,13,19,25,13,21,11,9,9
2019-20,33,Tamilnadu,3333,TIRUPPUR,333319,UTHUKULI,Rural,3,cat3,"HSS (I-XII)",5,"Private Unaided (Recognized)",1,General,4,6,2,7,1,3,5,4,1,3,0,0,2,2,6,4,3,1,4,3,0,2,2,1,1,1
2019-20,33,Tamilnadu,3333,TIRUPPUR,333320,VELLACKOIL,Rural,3,cat3,"HSS (I-XII)",5,"Private Unaided (Recognized)",1,General,1,2,1,1,0,2,0,0,1,0,1,1,1,0,1,0,1,0,0,0,0,1,3,0,1,0
2019-20,33,Tamilnadu,3333,TIRUPPUR,333322,TIRUPUR,Rural,3,cat3,"HSS (I-XII)",5,"Private Unaided (Recognized)",1,General,6,3,9,2,3,9,4,6,2,6,3,5,10,6,9,5,2,6,3,4,5,2,2,2,9,10
2019-20,33,Tamilnadu,3333,TIRUPPUR,333306,DHARAPURAM,Urban,3,cat3,"HSS (I-XII)",5,"Private Unaided (Recognized)",1,General,2,2,2,1,2,0,0,4,5,1,4,2,4,2,1,3,2,1,4,0,0,1,7,3,1,3
2019-20,33,Tamilnadu,3333,TIRUPPUR,333312,MOOLANUR,Urban,3,cat3,"HSS (I-XII)",5,"Private Unaided (Recognized)",1,General,2,0,0,0,0,1,1,0,1,1,1,0,1,1,0,0,0,0,0,0,1,0,0,0,0,0
2019-20,33,Tamilnadu,3333,TIRUPPUR,333313,UDUMALAIPATTAI,Urban,3,cat3,"HSS (I-XII)",5,"Private Unaided (Recognized)",1,General,4,13,6,1,8,8,9,10,12,9,10,11,11,13,3,5,3,4,6,5,7,9,11,16,21,25
2019-20,33,Tamilnadu,3333,TIRUPPUR,333316,AVINACI,Urban,3,cat3,"HSS (I-XII)",5,"Private Unaided (Recognized)",1,General,21,14,13,12,7,16,9,8,3,3,1,5,3,7,13,9,7,3,7,8,6,3,6,2,3,2
2019-20,33,Tamilnadu,3333,TIRUPPUR,333318,PALLADAM,Urban,3,cat3,"HSS (I-XII)",5,"Private Unaided (Recognized)",1,General,5,6,5,7,6,4,2,4,6,7,8,5,1,6,8,2,7,7,3,5,10,5,4,6,8,8
2019-20,33,Tamilnadu,3333,TIRUPPUR,333319,UTHUKULI,Urban,3,cat3,"HSS (I-XII)",5,"Private Unaided (Recognized)",1,General,1,4,1,2,0,3,1,3,1,0,1,1,1,2,2,2,2,2,0,2,1,1,1,2,5,3
2019-20,33,Tamilnadu,3333,TIRUPPUR,333320,VELLACKOIL,Urban,3,cat3,"HSS (I-XII)",5,"Private Unaided (Recognized)",1,General,2,2,3,2,4,2,1,0,5,2,2,1,1,0,4,0,3,5,3,3,1,1,1,0,0,2
2019-20,33,Tamilnadu,3333,TIRUPPUR,333322,TIRUPUR,Urban,3,cat3,"HSS (I-XII)",5,"Private Unaided (Recognized)",1,General,112,134,71,82,91,108,109,121,127,105,105,125,115,106,71,82,91,102,97,129,94,115,125,119,138,132
2019-20,33,Tamilnadu,3333,TIRUPPUR,333306,DHARAPURAM,Rural,5,cat5,"HSS (VI-XII)",1,"Department of Education",1,General,0,0,0,0,0,0,0,0,0,0,0,0,0,0,0,0,0,0,0,0,0,0,0,0,0,0
2019-20,33,Tamilnadu,3333,TIRUPPUR,333308,KUDIMANGALAM,Rural,5,cat5,"HSS (VI-XII)",1,"Department of Education",1,General,0,0,0,0,0,0,0,0,0,2,2,0,0,0,0,0,0,0,0,0,1,3,2,0,1,0
2019-20,33,Tamilnadu,3333,TIRUPPUR,333309,GANGAYAM,Rural,5,cat5,"HSS (VI-XII)",1,"Department of Education",1,General,0,0,0,0,0,0,0,0,0,0,0,0,0,0,0,0,0,0,0,0,0,0,1,0,0,0
2019-20,33,Tamilnadu,3333,TIRUPPUR,333310,MADATHUKULAM,Rural,5,cat5,"HSS (VI-XII)",1,"Department of Education",1,General,0,0,0,0,0,0,0,0,0,0,0,0,0,0,0,0,0,0,0,0,0,0,0,0,0,0
2019-20,33,Tamilnadu,3333,TIRUPPUR,333312,MOOLANUR,Rural,5,cat5,"HSS (VI-XII)",1,"Department of Education",1,General,0,0,0,0,0,0,0,0,0,0,0,0,0,0,0,0,0,0,0,0,0,0,0,0,0,0
2019-20,33,Tamilnadu,3333,TIRUPPUR,333313,UDUMALAIPATTAI,Rural,5,cat5,"HSS (VI-XII)",1,"Department of Education",1,General,0,0,0,0,0,0,0,0,0,1,0,0,0,0,0,0,0,0,0,1,0,0,0,0,0,1
2019-20,33,Tamilnadu,3333,TIRUPPUR,333316,AVINACI,Rural,5,cat5,"HSS (VI-XII)",1,"Department of Education",1,General,0,0,0,0,0,0,0,2,2,4,2,1,4,1,0,0,0,0,0,4,2,2,5,2,3,2
2019-20,33,Tamilnadu,3333,TIRUPPUR,333317,PONGALUR,Rural,5,cat5,"HSS (VI-XII)",1,"Department of Education",1,General,0,0,0,0,0,0,0,1,2,0,3,3,1,0,0,0,0,0,0,1,1,2,3,4,1,2
2019-20,33,Tamilnadu,3333,TIRUPPUR,333318,PALLADAM,Rural,5,cat5,"HSS (VI-XII)",1,"Department of Education",1,General,0,0,0,0,0,0,0,2,2,3,5,2,1,0,0,0,0,0,0,0,4,2,6,1,0,1
2019-20,33,Tamilnadu,3333,TIRUPPUR,333319,UTHUKULI,Rural,5,cat5,"HSS (VI-XII)",1,"Department of Education",1,General,0,0,0,0,0,0,0,0,1,0,2,0,0,0,0,0,0,0,0,2,0,0,1,4,2,0
2019-20,33,Tamilnadu,3333,TIRUPPUR,333320,VELLACKOIL,Rural,5,cat5,"HSS (VI-XII)",1,"Department of Education",1,General,0,0,0,0,0,0,0,0,0,1,0,2,0,0,0,0,0,0,0,0,0,0,0,0,0,0
2019-20,33,Tamilnadu,3333,TIRUPPUR,333322,TIRUPUR,Rural,5,cat5,"HSS (VI-XII)",1,"Department of Education",1,General,0,0,0,0,0,0,0,1,1,1,3,1,1,5,0,0,0,0,0,0,0,0,1,2,5,3
2019-20,33,Tamilnadu,3333,TIRUPPUR,333306,DHARAPURAM,Urban,5,cat5,"HSS (VI-XII)",1,"Department of Education",1,General,0,0,0,0,0,0,0,0,0,0,0,1,1,0,0,0,0,0,0,0,0,0,0,0,0,0
2019-20,33,Tamilnadu,3333,TIRUPPUR,333309,GANGAYAM,Urban,5,cat5,"HSS (VI-XII)",1,"Department of Education",1,General,0,0,0,0,0,0,0,0,0,0,1,0,0,0,0,0,0,0,0,0,0,0,1,0,1,1
2019-20,33,Tamilnadu,3333,TIRUPPUR,333310,MADATHUKULAM,Urban,5,cat5,"HSS (VI-XII)",1,"Department of Education",1,General,0,0,0,0,0,0,0,0,0,0,0,1,0,1,0,0,0,0,0,0,0,0,0,0,0,1
2019-20,33,Tamilnadu,3333,TIRUPPUR,333311,GUNDADAM,Urban,5,cat5,"HSS (VI-XII)",1,"Department of Education",1,General,0,0,0,0,0,0,0,0,0,0,0,1,0,0,0,0,0,0,0,0,0,0,0,1,1,0
2019-20,33,Tamilnadu,3333,TIRUPPUR,333312,MOOLANUR,Urban,5,cat5,"HSS (VI-XII)",1,"Department of Education",1,General,0,0,0,0,0,0,0,0,0,0,0,0,1,0,0,0,0,0,0,0,0,0,0,0,0,0
2019-20,33,Tamilnadu,3333,TIRUPPUR,333313,UDUMALAIPATTAI,Urban,5,cat5,"HSS (VI-XII)",1,"Department of Education",1,General,0,0,0,0,0,0,0,0,0,2,2,5,4,2,0,0,0,0,0,1,1,2,1,2,3,1
2019-20,33,Tamilnadu,3333,TIRUPPUR,333316,AVINACI,Urban,5,cat5,"HSS (VI-XII)",1,"Department of Education",1,General,0,0,0,0,0,0,0,1,2,0,0,0,1,0,0,0,0,0,0,1,1,0,3,1,1,0
2019-20,33,Tamilnadu,3333,TIRUPPUR,333318,PALLADAM,Urban,5,cat5,"HSS (VI-XII)",1,"Department of Education",1,General,0,0,0,0,0,0,0,1,0,0,0,2,0,0,0,0,0,0,0,0,1,2,4,4,4,3
2019-20,33,Tamilnadu,3333,TIRUPPUR,333319,UTHUKULI,Urban,5,cat5,"HSS (VI-XII)",1,"Department of Education",1,General,0,0,0,0,0,0,0,0,0,0,0,0,1,1,0,0,0,0,0,0,1,0,0,0,0,2
2019-20,33,Tamilnadu,3333,TIRUPPUR,333320,VELLACKOIL,Urban,5,cat5,"HSS (VI-XII)",1,"Department of Education",1,General,0,0,0,0,0,0,0,0,0,0,0,0,1,1,0,0,0,0,0,0,0,0,1,0,0,1
2019-20,33,Tamilnadu,3333,TIRUPPUR,333322,TIRUPUR,Urban,5,cat5,"HSS (VI-XII)",1,"Department of Education",1,General,0,0,0,0,0,0,0,11,8,18,14,22,16,14,0,0,0,0,0,2,10,7,15,8,6,3
2019-20,33,Tamilnadu,3333,TIRUPPUR,333306,DHARAPURAM,Urban,5,cat5,"HSS (VI-XII)",3,"Local body",1,General,0,0,0,0,0,0,0,1,0,1,1,0,0,0,0,0,0,0,0,0,0,0,0,0,0,0
2019-20,33,Tamilnadu,3333,TIRUPPUR,333322,TIRUPUR,Urban,5,cat5,"HSS (VI-XII)",3,"Local body",1,General,0,0,0,0,0,0,0,4,7,7,9,11,14,13,0,0,0,0,0,4,7,5,7,15,12,14
2019-20,33,Tamilnadu,3333,TIRUPPUR,333306,DHARAPURAM,Rural,5,cat5,"HSS (VI-XII)",4,"Government Aided",1,General,0,0,0,0,0,0,0,1,0,0,1,0,0,1,0,0,0,0,0,0,0,0,0,1,0,0
2019-20,33,Tamilnadu,3333,TIRUPPUR,333311,GUNDADAM,Rural,5,cat5,"HSS (VI-XII)",4,"Government Aided",1,General,0,0,0,0,0,0,0,1,0,0,0,0,1,0,0,0,0,0,0,0,0,0,0,0,1,0
2019-20,33,Tamilnadu,3333,TIRUPPUR,333313,UDUMALAIPATTAI,Rural,5,cat5,"HSS (VI-XII)",4,"Government Aided",1,General,0,0,0,0,0,0,0,0,0,0,0,11,3,0,0,0,0,0,0,1,0,1,0,3,3,0
2019-20,33,Tamilnadu,3333,TIRUPPUR,333317,PONGALUR,Rural,5,cat5,"HSS (VI-XII)",4,"Government Aided",1,General,0,0,0,0,0,0,0,0,4,1,1,0,2,0,0,0,0,0,0,1,2,2,1,1,1,0
2019-20,33,Tamilnadu,3333,TIRUPPUR,333318,PALLADAM,Rural,5,cat5,"HSS (VI-XII)",4,"Government Aided",1,General,0,0,0,0,0,0,0,1,21,11,2,4,1,0,0,0,0,0,0,2,10,4,2,4,0,1
2019-20,33,Tamilnadu,3333,TIRUPPUR,333306,DHARAPURAM,Urban,5,cat5,"HSS (VI-XII)",4,"Government Aided",1,General,0,0,0,0,0,0,0,0,0,0,2,0,0,0,0,0,0,0,0,2,3,1,6,1,3,5
2019-20,33,Tamilnadu,3333,TIRUPPUR,333309,GANGAYAM,Urban,5,cat5,"HSS (VI-XII)",4,"Government Aided",1,General,0,0,0,0,0,0,0,0,0,0,0,0,0,0,0,0,0,0,0,2,1,4,4,3,2,2
2019-20,33,Tamilnadu,3333,TIRUPPUR,333310,MADATHUKULAM,Urban,5,cat5,"HSS (VI-XII)",4,"Government Aided",1,General,0,0,0,0,0,0,0,0,1,0,0,0,1,0,0,0,0,0,0,0,0,0,1,1,0,1
2019-20,33,Tamilnadu,3333,TIRUPPUR,333313,UDUMALAIPATTAI,Urban,5,cat5,"HSS (VI-XII)",4,"Government Aided",1,General,0,0,0,0,0,0,0,0,1,5,4,3,1,1,0,0,0,0,0,2,3,1,2,3,1,0
2019-20,33,Tamilnadu,3333,TIRUPPUR,333316,AVINACI,Urban,5,cat5,"HSS (VI-XII)",4,"Government Aided",1,General,0,0,0,0,0,0,0,0,0,0,0,0,0,0,0,0,0,0,0,0,3,3,1,1,1,1
2019-20,33,Tamilnadu,3333,TIRUPPUR,333318,PALLADAM,Urban,5,cat5,"HSS (VI-XII)",4,"Government Aided",1,General,0,0,0,0,0,0,0,0,2,0,0,1,2,0,0,0,0,0,0,0,0,0,0,1,1,1
2019-20,33,Tamilnadu,3333,TIRUPPUR,333322,TIRUPUR,Urban,5,cat5,"HSS (VI-XII)",4,"Government Aided",1,General,0,0,0,0,0,0,0,2,4,2,8,7,6,6,0,0,0,0,0,0,0,0,0,1,2,2
2019-20,33,Tamilnadu,3333,TIRUPPUR,333306,DHARAPURAM,Rural,5,cat5,"HSS (VI-XII)",5,"Private Unaided (Recognized)",1,General,0,0,0,0,0,0,0,0,0,0,0,0,0,3,0,0,0,0,0,0,0,0,3,0,3,7
2019-20,33,Tamilnadu,3333,TIRUPPUR,333310,MADATHUKULAM,Rural,5,cat5,"HSS (VI-XII)",5,"Private Unaided (Recognized)",1,General,0,0,0,0,0,0,0,1,0,3,1,0,0,0,0,0,0,0,0,0,0,0,0,0,0,0
2019-20,33,Tamilnadu,3333,TIRUPPUR,333313,UDUMALAIPATTAI,Rural,5,cat5,"HSS (VI-XII)",5,"Private Unaided (Recognized)",1,General,0,0,0,0,0,0,0,0,0,1,3,0,0,2,0,0,0,0,0,0,0,0,0,0,0,2
2019-20,33,Tamilnadu,3333,TIRUPPUR,333316,AVINACI,Rural,5,cat5,"HSS (VI-XII)",5,"Private Unaided (Recognized)",1,General,0,0,0,0,0,0,0,1,0,1,0,2,1,1,0,0,0,0,0,0,1,0,0,2,2,2
2019-20,33,Tamilnadu,3333,TIRUPPUR,333318,PALLADAM,Rural,5,cat5,"HSS (VI-XII)",5,"Private Unaided (Recognized)",1,General,0,0,0,0,0,0,0,0,0,0,0,0,0,0,0,0,0,0,0,0,0,0,0,0,0,0
2019-20,33,Tamilnadu,3333,TIRUPPUR,333322,TIRUPUR,Rural,5,cat5,"HSS (VI-XII)",5,"Private Unaided (Recognized)",1,General,0,0,0,0,0,0,0,1,1,0,1,1,2,0,0,0,0,0,0,0,0,1,1,2,0,1
2019-20,33,Tamilnadu,3333,TIRUPPUR,333306,DHARAPURAM,Urban,5,cat5,"HSS (VI-XII)",5,"Private Unaided (Recognized)",1,General,0,0,0,0,0,0,0,0,0,1,0,1,1,1,0,0,0,0,0,0,0,0,2,6,0,0
2019-20,33,Tamilnadu,3333,TIRUPPUR,333310,MADATHUKULAM,Urban,5,cat5,"HSS (VI-XII)",5,"Private Unaided (Recognized)",1,General,0,0,0,0,0,0,0,3,3,2,1,4,1,2,0,0,0,0,0,0,0,0,0,0,0,0
2019-20,33,Tamilnadu,3333,TIRUPPUR,333316,AVINACI,Urban,5,cat5,"HSS (VI-XII)",5,"Private Unaided (Recognized)",1,General,0,0,0,0,0,0,0,0,0,0,1,1,2,1,0,0,0,0,0,1,0,0,0,1,1,3
2019-20,33,Tamilnadu,3333,TIRUPPUR,333313,UDUMALAIPATTAI,Rural,5,cat5,"HSS (VI-XII)",94,"Sainik School",1,General,0,0,0,0,0,0,0,19,21,37,29,30,13,24,0,0,0,0,0,1,0,0,0,0,0,1
2019-20,33,Tamilnadu,3333,TIRUPPUR,333306,DHARAPURAM,Rural,1,cat1,"PS (I-V)",1,"Department of Education",1,General,0,0,1,0,0,1,0,0,0,0,0,0,0,0,1,0,0,0,0,0,0,0,0,0,0,0
2019-20,33,Tamilnadu,3333,TIRUPPUR,333308,KUDIMANGALAM,Rural,1,cat1,"PS (I-V)",1,"Department of Education",1,General,0,0,1,5,3,2,1,0,0,0,0,0,0,0,3,0,2,1,1,0,0,0,0,0,0,0
2019-20,33,Tamilnadu,3333,TIRUPPUR,333309,GANGAYAM,Rural,1,cat1,"PS (I-V)",1,"Department of Education",1,General,0,0,9,6,2,3,0,0,0,0,0,0,0,0,7,4,4,2,2,0,0,0,0,0,0,0
2019-20,33,Tamilnadu,3333,TIRUPPUR,333310,MADATHUKULAM,Rural,1,cat1,"PS (I-V)",1,"Department of Education",1,General,0,0,4,2,3,0,1,0,0,0,0,0,0,0,1,5,3,5,0,0,0,0,0,0,0,0
2019-20,33,Tamilnadu,3333,TIRUPPUR,333311,GUNDADAM,Rural,1,cat1,"PS (I-V)",1,"Department of Education",1,General,0,0,5,7,3,2,1,0,0,0,0,0,0,0,5,4,2,3,0,0,0,0,0,0,0,0
2019-20,33,Tamilnadu,3333,TIRUPPUR,333312,MOOLANUR,Rural,1,cat1,"PS (I-V)",1,"Department of Education",1,General,0,0,3,0,1,0,1,0,0,0,0,0,0,0,3,2,0,3,0,0,0,0,0,0,0,0
2019-20,33,Tamilnadu,3333,TIRUPPUR,333313,UDUMALAIPATTAI,Rural,1,cat1,"PS (I-V)",1,"Department of Education",1,General,0,0,6,3,4,4,1,0,0,0,0,0,0,0,1,1,3,4,4,0,0,0,0,0,0,0
2019-20,33,Tamilnadu,3333,TIRUPPUR,333316,AVINACI,Rural,1,cat1,"PS (I-V)",1,"Department of Education",1,General,0,0,5,6,3,3,4,0,0,0,0,0,0,0,4,14,4,6,3,0,0,0,0,0,0,0
2019-20,33,Tamilnadu,3333,TIRUPPUR,333317,PONGALUR,Rural,1,cat1,"PS (I-V)",1,"Department of Education",1,General,0,0,1,0,0,0,2,0,0,0,0,0,0,0,0,0,0,2,1,0,0,0,0,0,0,0
2019-20,33,Tamilnadu,3333,TIRUPPUR,333318,PALLADAM,Rural,1,cat1,"PS (I-V)",1,"Department of Education",1,General,0,0,8,5,11,3,1,0,0,0,0,0,0,0,5,5,3,6,5,0,0,0,0,0,0,0
2019-20,33,Tamilnadu,3333,TIRUPPUR,333319,UTHUKULI,Rural,1,cat1,"PS (I-V)",1,"Department of Education",1,General,0,0,2,5,1,2,1,0,0,0,0,0,0,0,2,1,0,2,1,0,0,0,0,0,0,0
2019-20,33,Tamilnadu,3333,TIRUPPUR,333320,VELLACKOIL,Rural,1,cat1,"PS (I-V)",1,"Department of Education",1,General,0,0,1,0,0,0,1,0,0,0,0,0,0,0,2,0,0,0,0,0,0,0,0,0,0,0
2019-20,33,Tamilnadu,3333,TIRUPPUR,333322,TIRUPUR,Rural,1,cat1,"PS (I-V)",1,"Department of Education",1,General,0,0,1,1,2,2,1,0,0,0,0,0,0,0,2,3,1,0,1,0,0,0,0,0,0,0
2019-20,33,Tamilnadu,3333,TIRUPPUR,333306,DHARAPURAM,Urban,1,cat1,"PS (I-V)",1,"Department of Education",1,General,0,0,0,0,0,0,0,0,0,0,0,0,0,0,0,0,0,0,0,0,0,0,0,0,0,0
2019-20,33,Tamilnadu,3333,TIRUPPUR,333309,GANGAYAM,Urban,1,cat1,"PS (I-V)",1,"Department of Education",1,General,0,0,2,1,1,0,0,0,0,0,0,0,0,0,0,1,0,0,0,0,0,0,0,0,0,0
2019-20,33,Tamilnadu,3333,TIRUPPUR,333310,MADATHUKULAM,Urban,1,cat1,"PS (I-V)",1,"Department of Education",1,General,0,0,0,0,0,1,1,0,0,0,0,0,0,0,0,1,0,1,0,0,0,0,0,0,0,0
2019-20,33,Tamilnadu,3333,TIRUPPUR,333311,GUNDADAM,Urban,1,cat1,"PS (I-V)",1,"Department of Education",1,General,0,0,0,0,0,0,0,0,0,0,0,0,0,0,0,0,0,0,0,0,0,0,0,0,0,0
2019-20,33,Tamilnadu,3333,TIRUPPUR,333312,MOOLANUR,Urban,1,cat1,"PS (I-V)",1,"Department of Education",1,General,0,0,0,0,0,0,0,0,0,0,0,0,0,0,0,0,0,0,0,0,0,0,0,0,0,0
2019-20,33,Tamilnadu,3333,TIRUPPUR,333313,UDUMALAIPATTAI,Urban,1,cat1,"PS (I-V)",1,"Department of Education",1,General,0,0,0,1,0,0,1,0,0,0,0,0,0,0,0,2,0,0,3,0,0,0,0,0,0,0
2019-20,33,Tamilnadu,3333,TIRUPPUR,333316,AVINACI,Urban,1,cat1,"PS (I-V)",1,"Department of Education",1,General,0,0,2,2,3,0,2,0,0,0,0,0,0,0,3,0,1,1,1,0,0,0,0,0,0,0
2019-20,33,Tamilnadu,3333,TIRUPPUR,333318,PALLADAM,Urban,1,cat1,"PS (I-V)",1,"Department of Education",1,General,0,0,5,4,1,0,1,0,0,0,0,0,0,0,2,1,2,2,1,0,0,0,0,0,0,0
2019-20,33,Tamilnadu,3333,TIRUPPUR,333319,UTHUKULI,Urban,1,cat1,"PS (I-V)",1,"Department of Education",1,General,0,0,1,0,0,0,0,0,0,0,0,0,0,0,0,0,0,0,0,0,0,0,0,0,0,0
2019-20,33,Tamilnadu,3333,TIRUPPUR,333320,VELLACKOIL,Urban,1,cat1,"PS (I-V)",1,"Department of Education",1,General,0,0,3,2,1,1,3,0,0,0,0,0,0,0,0,0,1,0,1,0,0,0,0,0,0,0
2019-20,33,Tamilnadu,3333,TIRUPPUR,333322,TIRUPUR,Urban,1,cat1,"PS (I-V)",1,"Department of Education",1,General,0,0,24,29,23,28,23,0,0,0,0,0,0,0,23,24,24,21,19,0,0,0,0,0,0,0
2019-20,33,Tamilnadu,3333,TIRUPPUR,333313,UDUMALAIPATTAI,Rural,1,cat1,"PS (I-V)",2,"Tribal Welfare Department",1,General,0,0,0,0,0,0,0,0,0,0,0,0,0,0,0,0,0,0,0,0,0,0,0,0,0,0
2019-20,33,Tamilnadu,3333,TIRUPPUR,333317,PONGALUR,Rural,1,cat1,"PS (I-V)",2,"Tribal Welfare Department",1,General,0,0,0,0,0,0,0,0,0,0,0,0,0,0,0,0,0,0,0,0,0,0,0,0,0,0
2019-20,33,Tamilnadu,3333,TIRUPPUR,333310,MADATHUKULAM,Urban,1,cat1,"PS (I-V)",2,"Tribal Welfare Department",1,General,0,0,0,0,0,0,0,0,0,0,0,0,0,0,0,0,0,0,0,0,0,0,0,0,0,0
2019-20,33,Tamilnadu,3333,TIRUPPUR,333313,UDUMALAIPATTAI,Urban,1,cat1,"PS (I-V)",2,"Tribal Welfare Department",1,General,0,0,0,0,0,0,0,0,0,0,0,0,0,0,0,0,0,0,0,0,0,0,0,0,0,0
2019-20,33,Tamilnadu,3333,TIRUPPUR,333322,TIRUPUR,Urban,1,cat1,"PS (I-V)",2,"Tribal Welfare Department",1,General,0,0,0,0,0,0,0,0,0,0,0,0,0,0,1,1,0,0,0,0,0,0,0,0,0,0
2019-20,33,Tamilnadu,3333,TIRUPPUR,333306,DHARAPURAM,Rural,1,cat1,"PS (I-V)",4,"Government Aided",1,General,0,0,0,0,0,0,0,0,0,0,0,0,0,0,0,0,0,0,0,0,0,0,0,0,0,0
2019-20,33,Tamilnadu,3333,TIRUPPUR,333308,KUDIMANGALAM,Rural,1,cat1,"PS (I-V)",4,"Government Aided",1,General,0,0,0,0,0,0,0,0,0,0,0,0,0,0,0,0,0,0,1,0,0,0,0,0,0,0
2019-20,33,Tamilnadu,3333,TIRUPPUR,333309,GANGAYAM,Rural,1,cat1,"PS (I-V)",4,"Government Aided",1,General,0,0,2,0,0,0,0,0,0,0,0,0,0,0,2,1,1,0,0,0,0,0,0,0,0,0
2019-20,33,Tamilnadu,3333,TIRUPPUR,333310,MADATHUKULAM,Rural,1,cat1,"PS (I-V)",4,"Government Aided",1,General,0,0,0,0,0,0,0,0,0,0,0,0,0,0,0,0,0,0,0,0,0,0,0,0,0,0
2019-20,33,Tamilnadu,3333,TIRUPPUR,333311,GUNDADAM,Rural,1,cat1,"PS (I-V)",4,"Government Aided",1,General,0,0,0,0,0,0,0,0,0,0,0,0,0,0,0,0,0,0,0,0,0,0,0,0,0,0
2019-20,33,Tamilnadu,3333,TIRUPPUR,333312,MOOLANUR,Rural,1,cat1,"PS (I-V)",4,"Government Aided",1,General,0,0,0,0,0,0,0,0,0,0,0,0,0,0,0,0,0,0,0,0,0,0,0,0,0,0
2019-20,33,Tamilnadu,3333,TIRUPPUR,333313,UDUMALAIPATTAI,Rural,1,cat1,"PS (I-V)",4,"Government Aided",1,General,0,0,0,0,0,0,0,0,0,0,0,0,0,0,0,0,0,0,0,0,0,0,0,0,0,0
2019-20,33,Tamilnadu,3333,TIRUPPUR,333317,PONGALUR,Rural,1,cat1,"PS (I-V)",4,"Government Aided",1,General,0,0,0,0,0,0,0,0,0,0,0,0,0,0,0,0,1,0,0,0,0,0,0,0,0,0
2019-20,33,Tamilnadu,3333,TIRUPPUR,333318,PALLADAM,Rural,1,cat1,"PS (I-V)",4,"Government Aided",1,General,0,0,0,0,0,0,0,0,0,0,0,0,0,0,0,0,0,0,0,0,0,0,0,0,0,0
2019-20,33,Tamilnadu,3333,TIRUPPUR,333320,VELLACKOIL,Rural,1,cat1,"PS (I-V)",4,"Government Aided",1,General,0,0,0,0,0,1,0,0,0,0,0,0,0,0,0,1,0,1,0,0,0,0,0,0,0,0
2019-20,33,Tamilnadu,3333,TIRUPPUR,333322,TIRUPUR,Rural,1,cat1,"PS (I-V)",4,"Government Aided",1,General,0,0,0,0,0,0,0,0,0,0,0,0,0,0,0,0,0,0,0,0,0,0,0,0,0,0
2019-20,33,Tamilnadu,3333,TIRUPPUR,333306,DHARAPURAM,Urban,1,cat1,"PS (I-V)",4,"Government Aided",1,General,0,0,0,2,0,0,0,0,0,0,0,0,0,0,0,0,1,1,2,0,0,0,0,0,0,0
2019-20,33,Tamilnadu,3333,TIRUPPUR,333309,GANGAYAM,Urban,1,cat1,"PS (I-V)",4,"Government Aided",1,General,0,0,0,0,0,0,0,0,0,0,0,0,0,0,0,0,0,0,0,0,0,0,0,0,0,0
2019-20,33,Tamilnadu,3333,TIRUPPUR,333310,MADATHUKULAM,Urban,1,cat1,"PS (I-V)",4,"Government Aided",1,General,0,0,0,0,0,0,0,0,0,0,0,0,0,0,0,0,0,0,0,0,0,0,0,0,0,0
2019-20,33,Tamilnadu,3333,TIRUPPUR,333311,GUNDADAM,Urban,1,cat1,"PS (I-V)",4,"Government Aided",1,General,0,0,0,0,0,0,0,0,0,0,0,0,0,0,0,0,0,0,0,0,0,0,0,0,0,0
2019-20,33,Tamilnadu,3333,TIRUPPUR,333312,MOOLANUR,Urban,1,cat1,"PS (I-V)",4,"Government Aided",1,General,0,0,0,0,0,0,0,0,0,0,0,0,0,0,0,0,0,0,0,0,0,0,0,0,0,0
2019-20,33,Tamilnadu,3333,TIRUPPUR,333313,UDUMALAIPATTAI,Urban,1,cat1,"PS (I-V)",4,"Government Aided",1,General,0,0,0,0,1,0,0,0,0,0,0,0,0,0,0,0,0,0,0,0,0,0,0,0,0,0
2019-20,33,Tamilnadu,3333,TIRUPPUR,333316,AVINACI,Urban,1,cat1,"PS (I-V)",4,"Government Aided",1,General,0,0,0,1,0,0,0,0,0,0,0,0,0,0,0,0,0,0,0,0,0,0,0,0,0,0
2019-20,33,Tamilnadu,3333,TIRUPPUR,333318,PALLADAM,Urban,1,cat1,"PS (I-V)",4,"Government Aided",1,General,0,0,0,0,0,0,0,0,0,0,0,0,0,0,0,0,0,0,0,0,0,0,0,0,0,0
2019-20,33,Tamilnadu,3333,TIRUPPUR,333322,TIRUPUR,Urban,1,cat1,"PS (I-V)",4,"Government Aided",1,General,0,0,0,0,0,2,2,0,0,0,0,0,0,0,1,2,0,1,0,0,0,0,0,0,0,0
2019-20,33,Tamilnadu,3333,TIRUPPUR,333306,DHARAPURAM,Rural,1,cat1,"PS (I-V)",5,"Private Unaided (Recognized)",1,General,1,0,0,0,0,0,0,0,0,0,0,0,0,0,0,0,0,0,0,0,0,0,0,0,0,0
2019-20,33,Tamilnadu,3333,TIRUPPUR,333308,KUDIMANGALAM,Rural,1,cat1,"PS (I-V)",5,"Private Unaided (Recognized)",1,General,0,0,0,1,0,0,0,0,0,0,0,0,0,0,1,1,0,0,0,0,0,0,0,0,0,0
2019-20,33,Tamilnadu,3333,TIRUPPUR,333309,GANGAYAM,Rural,1,cat1,"PS (I-V)",5,"Private Unaided (Recognized)",1,General,1,1,0,0,0,0,0,0,0,0,0,0,0,0,0,0,0,0,0,0,0,0,0,0,0,0
2019-20,33,Tamilnadu,3333,TIRUPPUR,333310,MADATHUKULAM,Rural,1,cat1,"PS (I-V)",5,"Private Unaided (Recognized)",1,General,0,1,1,0,0,2,3,0,0,0,0,0,0,0,0,1,0,0,1,0,0,0,0,0,0,0
2019-20,33,Tamilnadu,3333,TIRUPPUR,333311,GUNDADAM,Rural,1,cat1,"PS (I-V)",5,"Private Unaided (Recognized)",1,General,0,0,0,0,0,0,0,0,0,0,0,0,0,0,1,0,0,0,0,0,0,0,0,0,0,0
2019-20,33,Tamilnadu,3333,TIRUPPUR,333312,MOOLANUR,Rural,1,cat1,"PS (I-V)",5,"Private Unaided (Recognized)",1,General,0,0,2,0,0,0,0,0,0,0,0,0,0,0,0,0,0,0,0,0,0,0,0,0,0,0
2019-20,33,Tamilnadu,3333,TIRUPPUR,333313,UDUMALAIPATTAI,Rural,1,cat1,"PS (I-V)",5,"Private Unaided (Recognized)",1,General,6,4,3,3,0,1,4,0,0,0,0,0,0,0,6,1,0,1,0,0,0,0,0,0,0,0
2019-20,33,Tamilnadu,3333,TIRUPPUR,333316,AVINACI,Rural,1,cat1,"PS (I-V)",5,"Private Unaided (Recognized)",1,General,9,9,2,6,3,5,5,0,0,0,0,0,0,0,7,4,2,4,6,0,0,0,0,0,0,0
2019-20,33,Tamilnadu,3333,TIRUPPUR,333317,PONGALUR,Rural,1,cat1,"PS (I-V)",5,"Private Unaided (Recognized)",1,General,0,0,0,0,1,2,0,0,0,0,0,0,0,0,0,0,0,0,0,0,0,0,0,0,0,0
2019-20,33,Tamilnadu,3333,TIRUPPUR,333318,PALLADAM,Rural,1,cat1,"PS (I-V)",5,"Private Unaided (Recognized)",1,General,9,4,4,2,4,4,0,0,0,0,0,0,0,0,4,2,6,5,4,0,0,0,0,0,0,0
2019-20,33,Tamilnadu,3333,TIRUPPUR,333319,UTHUKULI,Rural,1,cat1,"PS (I-V)",5,"Private Unaided (Recognized)",1,General,0,1,0,0,0,0,0,0,0,0,0,0,0,0,0,1,0,0,0,0,0,0,0,0,0,0
2019-20,33,Tamilnadu,3333,TIRUPPUR,333322,TIRUPUR,Rural,1,cat1,"PS (I-V)",5,"Private Unaided (Recognized)",1,General,7,6,3,1,2,7,3,0,0,0,0,0,0,0,5,0,1,3,1,0,0,0,0,0,0,0
2019-20,33,Tamilnadu,3333,TIRUPPUR,333306,DHARAPURAM,Urban,1,cat1,"PS (I-V)",5,"Private Unaided (Recognized)",1,General,12,5,2,2,1,0,1,0,0,0,0,0,0,0,2,0,0,0,2,0,0,0,0,0,0,0
2019-20,33,Tamilnadu,3333,TIRUPPUR,333309,GANGAYAM,Urban,1,cat1,"PS (I-V)",5,"Private Unaided (Recognized)",1,General,24,14,3,10,4,4,2,0,0,0,0,0,0,0,6,13,1,1,5,0,0,0,0,0,0,0
2019-20,33,Tamilnadu,3333,TIRUPPUR,333310,MADATHUKULAM,Urban,1,cat1,"PS (I-V)",5,"Private Unaided (Recognized)",1,General,0,0,0,1,1,1,0,0,0,0,0,0,0,0,0,1,0,0,0,0,0,0,0,0,0,0
2019-20,33,Tamilnadu,3333,TIRUPPUR,333311,GUNDADAM,Urban,1,cat1,"PS (I-V)",5,"Private Unaided (Recognized)",1,General,0,0,0,0,0,0,0,0,0,0,0,0,0,0,0,0,0,0,0,0,0,0,0,0,0,0
2019-20,33,Tamilnadu,3333,TIRUPPUR,333312,MOOLANUR,Urban,1,cat1,"PS (I-V)",5,"Private Unaided (Recognized)",1,General,1,1,1,0,0,0,0,0,0,0,0,0,0,0,1,0,0,0,0,0,0,0,0,0,0,0
2019-20,33,Tamilnadu,3333,TIRUPPUR,333313,UDUMALAIPATTAI,Urban,1,cat1,"PS (I-V)",5,"Private Unaided (Recognized)",1,General,7,4,2,4,1,6,1,0,0,0,0,0,0,0,4,4,5,3,1,0,0,0,0,0,0,0
2019-20,33,Tamilnadu,3333,TIRUPPUR,333316,AVINACI,Urban,1,cat1,"PS (I-V)",5,"Private Unaided (Recognized)",1,General,3,4,2,2,1,1,0,0,0,0,0,0,0,0,0,1,1,0,1,0,0,0,0,0,0,0
2019-20,33,Tamilnadu,3333,TIRUPPUR,333318,PALLADAM,Urban,1,cat1,"PS (I-V)",5,"Private Unaided (Recognized)",1,General,0,0,0,0,1,0,0,0,0,0,0,0,0,0,1,0,0,0,0,0,0,0,0,0,0,0
2019-20,33,Tamilnadu,3333,TIRUPPUR,333320,VELLACKOIL,Urban,1,cat1,"PS (I-V)",5,"Private Unaided (Recognized)",1,General,0,0,2,0,0,0,0,0,0,0,0,0,0,0,0,0,0,0,0,0,0,0,0,0,0,0
2019-20,33,Tamilnadu,3333,TIRUPPUR,333322,TIRUPUR,Urban,1,cat1,"PS (I-V)",5,"Private Unaided (Recognized)",1,General,151,118,66,57,44,42,40,0,0,0,0,0,0,0,51,54,40,54,24,0,0,0,0,0,0,0
2019-20,33,Tamilnadu,3333,TIRUPPUR,333310,MADATHUKULAM,Rural,1,cat1,"PS (I-V)",8,Unrecognized,1,General,0,1,0,0,0,0,0,0,0,0,0,0,0,0,0,1,0,0,0,0,0,0,0,0,0,0
2019-20,33,Tamilnadu,3333,TIRUPPUR,333311,GUNDADAM,Rural,1,cat1,"PS (I-V)",8,Unrecognized,1,General,0,0,0,0,0,0,0,0,0,0,0,0,0,0,0,1,0,0,0,0,0,0,0,0,0,0
2019-20,33,Tamilnadu,3333,TIRUPPUR,333313,UDUMALAIPATTAI,Rural,1,cat1,"PS (I-V)",8,Unrecognized,1,General,1,3,1,2,2,3,3,0,0,0,0,0,0,0,0,0,3,1,1,0,0,0,0,0,0,0
2019-20,33,Tamilnadu,3333,TIRUPPUR,333316,AVINACI,Rural,1,cat1,"PS (I-V)",8,Unrecognized,1,General,0,0,0,0,0,0,0,0,0,0,0,0,0,0,0,0,0,0,0,0,0,0,0,0,0,0
2019-20,33,Tamilnadu,3333,TIRUPPUR,333317,PONGALUR,Rural,1,cat1,"PS (I-V)",8,Unrecognized,1,General,0,0,0,0,0,0,0,0,0,0,0,0,0,0,0,0,0,0,0,0,0,0,0,0,0,0
2019-20,33,Tamilnadu,3333,TIRUPPUR,333318,PALLADAM,Rural,1,cat1,"PS (I-V)",8,Unrecognized,1,General,1,3,17,7,18,14,6,0,0,0,0,0,0,0,21,10,6,5,6,0,0,0,0,0,0,0
2019-20,33,Tamilnadu,3333,TIRUPPUR,333322,TIRUPUR,Rural,1,cat1,"PS (I-V)",8,Unrecognized,1,General,1,1,0,1,0,0,0,0,0,0,0,0,0,0,2,0,0,0,0,0,0,0,0,0,0,0
2019-20,33,Tamilnadu,3333,TIRUPPUR,333309,GANGAYAM,Urban,1,cat1,"PS (I-V)",8,Unrecognized,1,General,6,2,1,1,0,0,0,0,0,0,0,0,0,0,2,2,0,0,0,0,0,0,0,0,0,0
2019-20,33,Tamilnadu,3333,TIRUPPUR,333310,MADATHUKULAM,Urban,1,cat1,"PS (I-V)",8,Unrecognized,1,General,0,0,1,0,0,0,0,0,0,0,0,0,0,0,0,0,0,1,0,0,0,0,0,0,0,0
2019-20,33,Tamilnadu,3333,TIRUPPUR,333311,GUNDADAM,Urban,1,cat1,"PS (I-V)",8,Unrecognized,1,General,0,0,0,0,0,0,0,0,0,0,0,0,0,0,0,0,0,1,0,0,0,0,0,0,0,0
2019-20,33,Tamilnadu,3333,TIRUPPUR,333313,UDUMALAIPATTAI,Urban,1,cat1,"PS (I-V)",8,Unrecognized,1,General,6,6,0,0,0,0,0,0,0,0,0,0,0,0,0,0,0,0,0,0,0,0,0,0,0,0
2019-20,33,Tamilnadu,3333,TIRUPPUR,333316,AVINACI,Urban,1,cat1,"PS (I-V)",8,Unrecognized,1,General,4,4,1,0,0,0,0,0,0,0,0,0,0,0,1,0,0,0,0,0,0,0,0,0,0,0
2019-20,33,Tamilnadu,3333,TIRUPPUR,333318,PALLADAM,Urban,1,cat1,"PS (I-V)",8,Unrecognized,1,General,62,46,0,0,0,0,0,0,0,0,0,0,0,0,0,0,0,0,0,0,0,0,0,0,0,0
2019-20,33,Tamilnadu,3333,TIRUPPUR,333322,TIRUPUR,Urban,1,cat1,"PS (I-V)",8,Unrecognized,1,General,72,56,3,12,8,12,3,0,0,0,0,0,0,0,7,16,10,4,2,0,0,0,0,0,0,0
2019-20,33,Tamilnadu,3333,TIRUPPUR,333313,UDUMALAIPATTAI,Urban,1,cat1,"PS (I-V)",92,"Kendriya Vidyalaya / Central School",1,General,0,0,0,0,0,0,0,0,0,0,0,0,0,0,0,0,0,0,0,0,0,0,0,0,0,0
2019-20,33,Tamilnadu,3333,TIRUPPUR,333306,DHARAPURAM,Rural,6,cat6,"SS (I-X)",5,"Private Unaided (Recognized)",1,General,0,0,1,2,2,1,1,1,3,1,1,1,0,0,4,0,1,2,3,0,3,1,0,0,0,0
2019-20,33,Tamilnadu,3333,TIRUPPUR,333308,KUDIMANGALAM,Rural,6,cat6,"SS (I-X)",5,"Private Unaided (Recognized)",1,General,0,0,0,1,0,1,0,0,0,0,0,0,0,0,0,0,0,0,1,1,0,0,0,0,0,0
2019-20,33,Tamilnadu,3333,TIRUPPUR,333309,GANGAYAM,Rural,6,cat6,"SS (I-X)",5,"Private Unaided (Recognized)",1,General,0,1,0,0,0,0,0,1,0,0,2,0,0,0,0,0,0,0,0,1,0,0,0,0,0,0
2019-20,33,Tamilnadu,3333,TIRUPPUR,333311,GUNDADAM,Rural,6,cat6,"SS (I-X)",5,"Private Unaided (Recognized)",1,General,0,0,0,0,0,0,0,0,0,0,0,0,0,0,0,0,0,0,0,0,0,0,0,0,0,0
2019-20,33,Tamilnadu,3333,TIRUPPUR,333313,UDUMALAIPATTAI,Rural,6,cat6,"SS (I-X)",5,"Private Unaided (Recognized)",1,General,0,1,0,4,1,2,1,1,2,0,0,1,0,0,0,1,1,1,0,0,3,1,0,0,0,0
2019-20,33,Tamilnadu,3333,TIRUPPUR,333316,AVINACI,Rural,6,cat6,"SS (I-X)",5,"Private Unaided (Recognized)",1,General,10,10,6,6,3,6,7,0,5,5,4,2,0,0,2,13,5,5,3,5,3,3,3,0,0,0
2019-20,33,Tamilnadu,3333,TIRUPPUR,333317,PONGALUR,Rural,6,cat6,"SS (I-X)",5,"Private Unaided (Recognized)",1,General,3,1,3,1,2,1,1,3,0,1,2,1,0,0,2,0,2,0,3,3,1,1,2,0,0,0
2019-20,33,Tamilnadu,3333,TIRUPPUR,333318,PALLADAM,Rural,6,cat6,"SS (I-X)",5,"Private Unaided (Recognized)",1,General,3,3,5,4,5,4,7,4,11,3,3,4,0,0,4,5,2,3,0,4,3,5,3,0,0,0
2019-20,33,Tamilnadu,3333,TIRUPPUR,333319,UTHUKULI,Rural,6,cat6,"SS (I-X)",5,"Private Unaided (Recognized)",1,General,2,2,0,6,3,2,5,3,5,5,2,4,0,0,0,6,1,5,1,5,5,3,5,2,0,0
2019-20,33,Tamilnadu,3333,TIRUPPUR,333320,VELLACKOIL,Rural,6,cat6,"SS (I-X)",5,"Private Unaided (Recognized)",1,General,8,7,0,0,1,0,0,1,0,0,0,0,0,0,1,0,0,0,0,1,1,1,1,0,0,0
2019-20,33,Tamilnadu,3333,TIRUPPUR,333322,TIRUPUR,Rural,6,cat6,"SS (I-X)",5,"Private Unaided (Recognized)",1,General,13,8,4,5,3,7,4,6,8,5,5,2,0,0,3,2,4,8,1,5,7,2,2,3,0,0
2019-20,33,Tamilnadu,3333,TIRUPPUR,333313,UDUMALAIPATTAI,Urban,6,cat6,"SS (I-X)",5,"Private Unaided (Recognized)",1,General,0,2,1,1,1,1,1,1,0,0,1,1,0,0,3,1,0,1,1,2,1,2,0,3,0,0
2019-20,33,Tamilnadu,3333,TIRUPPUR,333316,AVINACI,Urban,6,cat6,"SS (I-X)",5,"Private Unaided (Recognized)",1,General,0,0,1,2,0,2,0,0,0,0,0,0,0,0,0,1,1,0,0,0,2,0,1,0,0,0
2019-20,33,Tamilnadu,3333,TIRUPPUR,333319,UTHUKULI,Urban,6,cat6,"SS (I-X)",5,"Private Unaided (Recognized)",1,General,0,0,0,0,0,0,0,0,0,0,0,0,0,0,0,0,1,0,0,0,0,0,0,0,0,0
2019-20,33,Tamilnadu,3333,TIRUPPUR,333320,VELLACKOIL,Urban,6,cat6,"SS (I-X)",5,"Private Unaided (Recognized)",1,General,0,0,0,0,1,0,0,0,0,0,0,1,0,0,0,0,0,0,0,0,0,0,0,0,0,0
2019-20,33,Tamilnadu,3333,TIRUPPUR,333322,TIRUPUR,Urban,6,cat6,"SS (I-X)",5,"Private Unaided (Recognized)",1,General,62,57,31,49,31,30,35,43,24,29,23,13,0,0,17,34,22,25,27,33,26,18,19,11,0,0
2019-20,33,Tamilnadu,3333,TIRUPPUR,333318,PALLADAM,Rural,6,cat6,"SS (I-X)",8,Unrecognized,1,General,0,0,0,2,3,1,2,0,3,1,0,0,0,0,1,1,2,1,1,2,0,2,0,0,0,0
2019-20,33,Tamilnadu,3333,TIRUPPUR,333306,DHARAPURAM,Rural,7,cat7,"SS (VI-X)",1,"Department of Education",1,General,0,0,0,0,0,0,0,0,0,0,0,0,0,0,0,0,0,0,0,0,0,0,0,0,0,0
2019-20,33,Tamilnadu,3333,TIRUPPUR,333308,KUDIMANGALAM,Rural,7,cat7,"SS (VI-X)",1,"Department of Education",1,General,0,0,0,0,0,0,0,0,0,0,0,0,0,0,0,0,0,0,0,0,0,0,0,0,0,0
2019-20,33,Tamilnadu,3333,TIRUPPUR,333309,GANGAYAM,Rural,7,cat7,"SS (VI-X)",1,"Department of Education",1,General,0,0,0,0,0,0,0,0,3,0,0,0,0,0,0,0,0,0,0,0,0,0,0,0,0,0
2019-20,33,Tamilnadu,3333,TIRUPPUR,333310,MADATHUKULAM,Rural,7,cat7,"SS (VI-X)",1,"Department of Education",1,General,0,0,0,0,0,0,0,0,0,0,0,0,0,0,0,0,0,0,0,0,0,0,0,0,0,0
2019-20,33,Tamilnadu,3333,TIRUPPUR,333311,GUNDADAM,Rural,7,cat7,"SS (VI-X)",1,"Department of Education",1,General,0,0,0,0,0,0,0,0,0,0,0,0,0,0,0,0,0,0,0,0,0,0,0,0,0,0
2019-20,33,Tamilnadu,3333,TIRUPPUR,333312,MOOLANUR,Rural,7,cat7,"SS (VI-X)",1,"Department of Education",1,General,0,0,0,0,0,0,0,0,0,0,0,0,0,0,0,0,0,0,0,0,1,0,1,0,0,0
2019-20,33,Tamilnadu,3333,TIRUPPUR,333313,UDUMALAIPATTAI,Rural,7,cat7,"SS (VI-X)",1,"Department of Education",1,General,0,0,0,0,0,0,0,0,0,0,1,0,0,0,0,0,0,0,0,0,0,0,0,0,0,0
2019-20,33,Tamilnadu,3333,TIRUPPUR,333316,AVINACI,Rural,7,cat7,"SS (VI-X)",1,"Department of Education",1,General,0,0,0,0,0,0,0,0,0,0,0,1,0,0,0,0,0,0,0,1,0,0,1,0,0,0
2019-20,33,Tamilnadu,3333,TIRUPPUR,333317,PONGALUR,Rural,7,cat7,"SS (VI-X)",1,"Department of Education",1,General,0,0,0,0,0,0,0,0,0,0,0,1,0,0,0,0,0,0,0,0,0,0,0,0,0,0
2019-20,33,Tamilnadu,3333,TIRUPPUR,333318,PALLADAM,Rural,7,cat7,"SS (VI-X)",1,"Department of Education",1,General,0,0,0,0,0,0,0,4,3,3,2,2,0,0,0,0,0,0,0,2,1,0,1,2,0,0
2019-20,33,Tamilnadu,3333,TIRUPPUR,333319,UTHUKULI,Rural,7,cat7,"SS (VI-X)",1,"Department of Education",1,General,0,0,0,0,0,0,0,2,0,0,1,0,0,0,0,0,0,0,0,0,2,0,0,1,0,0
2019-20,33,Tamilnadu,3333,TIRUPPUR,333320,VELLACKOIL,Rural,7,cat7,"SS (VI-X)",1,"Department of Education",1,General,0,0,0,0,0,0,0,0,0,0,0,0,0,0,0,0,0,0,0,0,1,0,1,0,0,0
2019-20,33,Tamilnadu,3333,TIRUPPUR,333322,TIRUPUR,Rural,7,cat7,"SS (VI-X)",1,"Department of Education",1,General,0,0,0,0,0,0,0,1,1,0,3,0,0,0,0,0,0,0,0,2,0,1,3,4,0,0
2019-20,33,Tamilnadu,3333,TIRUPPUR,333306,DHARAPURAM,Urban,7,cat7,"SS (VI-X)",1,"Department of Education",1,General,0,0,0,0,0,0,0,0,0,0,0,0,0,0,0,0,0,0,0,1,0,0,0,0,0,0
2019-20,33,Tamilnadu,3333,TIRUPPUR,333310,MADATHUKULAM,Urban,7,cat7,"SS (VI-X)",1,"Department of Education",1,General,0,0,0,0,0,0,0,0,0,0,0,0,0,0,0,0,0,0,0,0,0,0,0,0,0,0
2019-20,33,Tamilnadu,3333,TIRUPPUR,333312,MOOLANUR,Urban,7,cat7,"SS (VI-X)",1,"Department of Education",1,General,0,0,0,0,0,0,0,0,0,0,0,0,0,0,0,0,0,0,0,0,0,0,0,0,0,0
2019-20,33,Tamilnadu,3333,TIRUPPUR,333313,UDUMALAIPATTAI,Urban,7,cat7,"SS (VI-X)",1,"Department of Education",1,General,0,0,0,0,0,0,0,1,0,1,1,2,0,0,0,0,0,0,0,2,3,0,2,0,0,0
2019-20,33,Tamilnadu,3333,TIRUPPUR,333316,AVINACI,Urban,7,cat7,"SS (VI-X)",1,"Department of Education",1,General,0,0,0,0,0,0,0,0,0,0,1,1,0,0,0,0,0,0,0,0,0,0,0,0,0,0
2019-20,33,Tamilnadu,3333,TIRUPPUR,333318,PALLADAM,Urban,7,cat7,"SS (VI-X)",1,"Department of Education",1,General,0,0,0,0,0,0,0,0,4,2,0,1,0,0,0,0,0,0,0,2,2,3,1,2,0,0
2019-20,33,Tamilnadu,3333,TIRUPPUR,333320,VELLACKOIL,Urban,7,cat7,"SS (VI-X)",1,"Department of Education",1,General,0,0,0,0,0,0,0,0,0,0,0,0,0,0,0,0,0,0,0,0,0,0,0,0,0,0
2019-20,33,Tamilnadu,3333,TIRUPPUR,333322,TIRUPUR,Urban,7,cat7,"SS (VI-X)",1,"Department of Education",1,General,0,0,0,0,0,0,0,5,2,2,9,7,0,0,0,0,0,0,0,1,5,1,3,3,0,0
2019-20,33,Tamilnadu,3333,TIRUPPUR,333313,UDUMALAIPATTAI,Rural,7,cat7,"SS (VI-X)",2,"Tribal Welfare Department",1,General,0,0,0,0,0,0,0,0,0,0,0,0,0,0,0,0,0,0,0,0,0,0,0,0,0,0
2019-20,33,Tamilnadu,3333,TIRUPPUR,333322,TIRUPUR,Urban,7,cat7,"SS (VI-X)",2,"Tribal Welfare Department",1,General,0,0,0,0,0,0,0,0,0,0,0,0,0,0,0,0,0,0,0,0,1,0,1,0,0,0
2019-20,33,Tamilnadu,3333,TIRUPPUR,333322,TIRUPUR,Urban,7,cat7,"SS (VI-X)",3,"Local body",1,General,0,0,0,0,0,0,0,1,1,1,1,1,0,0,0,0,0,0,0,5,0,0,1,1,0,0
2019-20,33,Tamilnadu,3333,TIRUPPUR,333319,UTHUKULI,Urban,7,cat7,"SS (VI-X)",4,"Government Aided",1,General,0,0,0,0,0,0,0,0,0,0,1,0,0,0,0,0,0,0,0,0,0,0,0,0,0,0
2019-20,33,Tamilnadu,3333,TIRUPPUR,333320,VELLACKOIL,Urban,7,cat7,"SS (VI-X)",4,"Government Aided",1,General,0,0,0,0,0,0,0,0,0,0,0,0,0,0,0,0,0,0,0,0,0,0,0,0,0,0
2019-20,33,Tamilnadu,3333,TIRUPPUR,333322,TIRUPUR,Urban,7,cat7,"SS (VI-X)",4,"Government Aided",1,General,0,0,0,0,0,0,0,1,0,0,1,1,0,0,0,0,0,0,0,0,0,0,0,0,0,0
2019-20,33,Tamilnadu,3333,TIRUPPUR,333308,KUDIMANGALAM,Rural,7,cat7,"SS (VI-X)",5,"Private Unaided (Recognized)",1,General,0,0,0,0,0,0,0,0,0,0,0,0,0,0,0,0,0,0,0,0,0,0,0,0,0,0
2019-20,33,Tamilnadu,3333,TIRUPPUR,333316,AVINACI,Rural,7,cat7,"SS (VI-X)",5,"Private Unaided (Recognized)",1,General,0,0,0,0,0,0,0,1,0,1,0,0,0,0,0,0,0,0,0,0,0,0,0,0,0,0
2019-20,33,Tamilnadu,3333,TIRUPPUR,333317,PONGALUR,Rural,7,cat7,"SS (VI-X)",5,"Private Unaided (Recognized)",1,General,0,0,0,0,0,0,0,0,0,0,0,0,0,0,0,0,0,0,0,0,0,0,0,0,0,0
2019-20,33,Tamilnadu,3333,TIRUPPUR,333306,DHARAPURAM,Urban,7,cat7,"SS (VI-X)",5,"Private Unaided (Recognized)",1,General,0,0,0,0,0,0,0,0,0,0,0,0,0,0,0,0,0,0,0,0,0,0,0,0,0,0
2019-20,33,Tamilnadu,3333,TIRUPPUR,333322,TIRUPUR,Urban,7,cat7,"SS (VI-X)",5,"Private Unaided (Recognized)",1,General,0,0,0,0,0,0,0,0,0,1,0,0,0,0,0,0,0,0,0,0,0,0,0,0,0,0
2019-20,33,Tamilnadu,3333,TIRUPPUR,333306,DHARAPURAM,Rural,2,cat2,"UPS (I-VIII)",1,"Department of Education",1,General,0,0,0,0,0,0,0,0,0,0,0,0,0,0,0,0,1,0,0,0,0,0,0,0,0,0
2019-20,33,Tamilnadu,3333,TIRUPPUR,333309,GANGAYAM,Rural,2,cat2,"UPS (I-VIII)",1,"Department of Education",1,General,0,1,0,0,1,0,0,1,0,0,0,0,0,0,1,0,0,0,0,1,0,1,0,0,0,0
2019-20,33,Tamilnadu,3333,TIRUPPUR,333310,MADATHUKULAM,Rural,2,cat2,"UPS (I-VIII)",1,"Department of Education",1,General,1,0,0,0,0,0,0,0,0,0,0,0,0,0,0,0,0,0,0,0,0,0,0,0,0,0
2019-20,33,Tamilnadu,3333,TIRUPPUR,333311,GUNDADAM,Rural,2,cat2,"UPS (I-VIII)",1,"Department of Education",1,General,0,0,0,0,0,0,0,0,0,0,0,0,0,0,0,0,1,0,0,3,0,0,0,0,0,0
2019-20,33,Tamilnadu,3333,TIRUPPUR,333312,MOOLANUR,Rural,2,cat2,"UPS (I-VIII)",1,"Department of Education",1,General,0,0,0,0,0,0,0,0,0,0,0,0,0,0,0,0,0,0,0,0,0,0,0,0,0,0
2019-20,33,Tamilnadu,3333,TIRUPPUR,333313,UDUMALAIPATTAI,Rural,2,cat2,"UPS (I-VIII)",1,"Department of Education",1,General,1,0,3,8,1,6,4,2,1,1,0,0,0,0,3,3,1,1,3,0,0,0,0,0,0,0
2019-20,33,Tamilnadu,3333,TIRUPPUR,333316,AVINACI,Rural,2,cat2,"UPS (I-VIII)",1,"Department of Education",1,General,1,0,5,0,1,2,1,1,4,2,0,0,0,0,9,2,1,1,2,0,3,1,0,0,0,0
2019-20,33,Tamilnadu,3333,TIRUPPUR,333317,PONGALUR,Rural,2,cat2,"UPS (I-VIII)",1,"Department of Education",1,General,0,0,0,0,0,0,0,1,0,0,0,0,0,0,0,0,0,0,0,0,0,0,0,0,0,0
2019-20,33,Tamilnadu,3333,TIRUPPUR,333318,PALLADAM,Rural,2,cat2,"UPS (I-VIII)",1,"Department of Education",1,General,0,0,5,11,0,3,7,2,6,6,0,0,0,0,7,2,2,4,2,5,3,2,0,0,0,0
2019-20,33,Tamilnadu,3333,TIRUPPUR,333319,UTHUKULI,Rural,2,cat2,"UPS (I-VIII)",1,"Department of Education",1,General,0,0,0,1,1,0,2,2,0,0,0,0,0,0,0,0,0,0,0,0,0,1,0,0,0,0
2019-20,33,Tamilnadu,3333,TIRUPPUR,333320,VELLACKOIL,Rural,2,cat2,"UPS (I-VIII)",1,"Department of Education",1,General,0,0,0,0,0,0,0,0,0,0,0,0,0,0,0,0,0,0,0,0,0,0,0,0,0,0
2019-20,33,Tamilnadu,3333,TIRUPPUR,333322,TIRUPUR,Rural,2,cat2,"UPS (I-VIII)",1,"Department of Education",1,General,1,4,7,5,3,3,5,1,3,2,0,0,0,0,1,2,2,3,2,2,1,0,0,0,0,0
2019-20,33,Tamilnadu,3333,TIRUPPUR,333306,DHARAPURAM,Urban,2,cat2,"UPS (I-VIII)",1,"Department of Education",1,General,1,1,0,0,1,1,1,0,0,0,0,0,0,0,0,0,0,1,0,0,0,0,0,0,0,0
2019-20,33,Tamilnadu,3333,TIRUPPUR,333309,GANGAYAM,Urban,2,cat2,"UPS (I-VIII)",1,"Department of Education",1,General,0,0,0,0,1,1,0,1,0,0,0,0,0,0,0,0,0,0,0,1,0,0,0,0,0,0
2019-20,33,Tamilnadu,3333,TIRUPPUR,333310,MADATHUKULAM,Urban,2,cat2,"UPS (I-VIII)",1,"Department of Education",1,General,0,0,0,0,0,0,0,0,1,0,0,0,0,0,0,0,0,0,0,0,0,0,0,0,0,0
2019-20,33,Tamilnadu,3333,TIRUPPUR,333311,GUNDADAM,Urban,2,cat2,"UPS (I-VIII)",1,"Department of Education",1,General,0,0,0,0,0,0,0,0,0,0,0,0,0,0,0,0,0,0,0,0,0,0,0,0,0,0
2019-20,33,Tamilnadu,3333,TIRUPPUR,333312,MOOLANUR,Urban,2,cat2,"UPS (I-VIII)",1,"Department of Education",1,General,0,0,0,0,0,0,0,0,0,0,0,0,0,0,0,0,0,0,0,0,0,0,0,0,0,0
2019-20,33,Tamilnadu,3333,TIRUPPUR,333313,UDUMALAIPATTAI,Urban,2,cat2,"UPS (I-VIII)",1,"Department of Education",1,General,1,1,0,1,2,1,1,0,2,1,0,0,0,0,1,0,0,0,1,2,1,0,0,0,0,0
2019-20,33,Tamilnadu,3333,TIRUPPUR,333316,AVINACI,Urban,2,cat2,"UPS (I-VIII)",1,"Department of Education",1,General,0,0,1,2,0,1,0,0,4,1,0,0,0,0,2,0,0,1,0,0,1,2,0,0,0,0
2019-20,33,Tamilnadu,3333,TIRUPPUR,333318,PALLADAM,Urban,2,cat2,"UPS (I-VIII)",1,"Department of Education",1,General,0,0,0,1,1,2,0,2,0,1,0,0,0,0,1,0,0,2,1,0,1,0,0,0,0,0
2019-20,33,Tamilnadu,3333,TIRUPPUR,333319,UTHUKULI,Urban,2,cat2,"UPS (I-VIII)",1,"Department of Education",1,General,0,0,0,0,0,0,0,1,0,0,0,0,0,0,1,1,1,0,0,2,3,0,0,0,0,0
2019-20,33,Tamilnadu,3333,TIRUPPUR,333320,VELLACKOIL,Urban,2,cat2,"UPS (I-VIII)",1,"Department of Education",1,General,0,1,1,2,2,1,1,0,3,0,0,0,0,0,0,0,0,1,1,0,0,0,0,0,0,0
2019-20,33,Tamilnadu,3333,TIRUPPUR,333322,TIRUPUR,Urban,2,cat2,"UPS (I-VIII)",1,"Department of Education",1,General,11,23,19,34,36,23,24,20,18,11,0,0,0,0,24,24,19,28,15,21,25,10,0,0,0,0
2019-20,33,Tamilnadu,3333,TIRUPPUR,333317,PONGALUR,Rural,2,cat2,"UPS (I-VIII)",2,"Tribal Welfare Department",1,General,0,0,0,0,0,0,0,0,0,0,0,0,0,0,0,0,0,0,0,0,0,0,0,0,0,0
2019-20,33,Tamilnadu,3333,TIRUPPUR,333313,UDUMALAIPATTAI,Rural,2,cat2,"UPS (I-VIII)",4,"Government Aided",1,General,0,0,0,0,0,0,0,0,0,0,0,0,0,0,0,0,0,0,0,0,0,0,0,0,0,0
2019-20,33,Tamilnadu,3333,TIRUPPUR,333318,PALLADAM,Rural,2,cat2,"UPS (I-VIII)",4,"Government Aided",1,General,0,0,0,1,0,0,0,0,0,1,0,0,0,0,0,0,0,0,0,1,0,1,0,0,0,0
2019-20,33,Tamilnadu,3333,TIRUPPUR,333306,DHARAPURAM,Urban,2,cat2,"UPS (I-VIII)",4,"Government Aided",1,General,0,0,0,0,0,0,0,0,0,0,0,0,0,0,0,0,0,0,0,0,0,0,0,0,0,0
2019-20,33,Tamilnadu,3333,TIRUPPUR,333318,PALLADAM,Urban,2,cat2,"UPS (I-VIII)",4,"Government Aided",1,General,0,0,1,0,0,0,0,0,0,0,0,0,0,0,0,0,0,1,0,0,0,1,0,0,0,0
2019-20,33,Tamilnadu,3333,TIRUPPUR,333322,TIRUPUR,Urban,2,cat2,"UPS (I-VIII)",4,"Government Aided",1,General,0,0,0,0,0,0,0,1,0,0,0,0,0,0,0,0,0,0,0,0,0,1,0,0,0,0
2019-20,33,Tamilnadu,3333,TIRUPPUR,333309,GANGAYAM,Rural,2,cat2,"UPS (I-VIII)",5,"Private Unaided (Recognized)",1,General,0,0,1,0,0,0,0,0,0,0,0,0,0,0,0,0,0,0,0,1,0,0,0,0,0,0
2019-20,33,Tamilnadu,3333,TIRUPPUR,333313,UDUMALAIPATTAI,Rural,2,cat2,"UPS (I-VIII)",5,"Private Unaided (Recognized)",1,General,0,0,0,0,1,2,10,10,8,10,0,0,0,0,0,0,0,0,1,0,0,0,0,0,0,0
2019-20,33,Tamilnadu,3333,TIRUPPUR,333316,AVINACI,Rural,2,cat2,"UPS (I-VIII)",5,"Private Unaided (Recognized)",1,General,2,0,0,0,0,0,0,0,0,0,0,0,0,0,2,0,0,0,0,0,0,0,0,0,0,0
2019-20,33,Tamilnadu,3333,TIRUPPUR,333317,PONGALUR,Rural,2,cat2,"UPS (I-VIII)",5,"Private Unaided (Recognized)",1,General,1,1,0,0,0,1,1,0,0,0,0,0,0,0,0,0,0,1,0,0,1,0,0,0,0,0
2019-20,33,Tamilnadu,3333,TIRUPPUR,333318,PALLADAM,Rural,2,cat2,"UPS (I-VIII)",5,"Private Unaided (Recognized)",1,General,0,1,0,0,0,0,0,0,0,0,0,0,0,0,0,0,1,0,0,1,0,0,0,0,0,0
2019-20,33,Tamilnadu,3333,TIRUPPUR,333312,MOOLANUR,Urban,2,cat2,"UPS (I-VIII)",5,"Private Unaided (Recognized)",1,General,0,2,0,0,0,0,0,0,0,0,0,0,0,0,0,0,0,0,0,0,0,0,0,0,0,0
2019-20,33,Tamilnadu,3333,TIRUPPUR,333320,VELLACKOIL,Urban,2,cat2,"UPS (I-VIII)",5,"Private Unaided (Recognized)",1,General,0,0,0,0,0,0,1,1,1,0,0,0,0,0,0,0,1,0,0,0,0,0,0,0,0,0
2019-20,33,Tamilnadu,3333,TIRUPPUR,333322,TIRUPUR,Urban,2,cat2,"UPS (I-VIII)",5,"Private Unaided (Recognized)",1,General,22,19,13,5,14,4,7,3,6,2,0,0,0,0,5,8,13,4,6,2,2,2,0,0,0,0
2019-20,33,Tamilnadu,3333,TIRUPPUR,333311,GUNDADAM,Rural,2,cat2,"UPS (I-VIII)",6,"Other Govt. managed schools",1,General,0,0,0,0,0,0,0,0,0,0,0,0,0,0,0,0,0,0,0,0,0,0,0,0,0,0
2019-20,33,Tamilnadu,3333,TIRUPPUR,333312,MOOLANUR,Rural,2,cat2,"UPS (I-VIII)",6,"Other Govt. managed schools",1,General,0,0,0,0,0,0,0,0,0,0,0,0,0,0,0,0,0,0,0,0,0,0,0,0,0,0
2019-20,33,Tamilnadu,3333,TIRUPPUR,333316,AVINACI,Urban,2,cat2,"UPS (I-VIII)",6,"Other Govt. managed schools",1,General,0,0,0,0,0,0,0,0,0,0,0,0,0,0,0,0,0,0,0,0,0,0,0,0,0,0
2019-20,33,Tamilnadu,3333,TIRUPPUR,333306,DHARAPURAM,Rural,2,cat2,"UPS (I-VIII)",8,Unrecognized,1,General,0,1,0,0,0,0,0,1,1,0,0,0,0,0,0,1,1,0,0,0,0,0,0,0,0,0
2019-20,33,Tamilnadu,3333,TIRUPPUR,333313,UDUMALAIPATTAI,Rural,2,cat2,"UPS (I-VIII)",8,Unrecognized,1,General,0,0,1,0,0,1,0,0,0,0,0,0,0,0,0,0,0,0,0,0,0,0,0,0,0,0
2019-20,33,Tamilnadu,3333,TIRUPPUR,333317,PONGALUR,Rural,2,cat2,"UPS (I-VIII)",8,Unrecognized,1,General,0,0,0,0,0,0,0,0,0,0,0,0,0,0,0,0,0,0,0,0,0,0,0,0,0,0
2019-20,33,Tamilnadu,3333,TIRUPPUR,333313,UDUMALAIPATTAI,Urban,2,cat2,"UPS (I-VIII)",8,Unrecognized,1,General,2,2,0,0,0,0,0,0,0,0,0,0,0,0,0,2,1,0,0,1,0,0,0,0,0,0
2019-20,33,Tamilnadu,3333,TIRUPPUR,333322,TIRUPUR,Urban,2,cat2,"UPS (I-VIII)",8,Unrecognized,1,General,10,6,4,5,1,3,2,2,2,0,0,0,0,0,5,2,2,1,3,1,0,0,0,0,0,0
2019-20,33,Tamilnadu,3333,TIRUPPUR,333306,DHARAPURAM,Urban,4,cat4,"UPS (VI-VIII)",5,"Private Unaided (Recognized)",1,General,0,0,0,0,0,0,0,0,0,0,0,0,0,0,0,0,0,0,0,0,0,0,0,0,0,0
2019-20,33,Tamilnadu,3333,TIRUPPUR,333322,TIRUPUR,Urban,3,cat3,"HSS (I-XII)",3,"Local body",2,SC,0,35,0,0,0,0,0,0,0,0,0,0,0,0,13,12,3,10,4,46,59,57,137,134,257,195
2019-20,33,Tamilnadu,3333,TIRUPPUR,333313,UDUMALAIPATTAI,Urban,3,cat3,"HSS (I-XII)",4,"Government Aided",2,SC,0,0,0,0,0,0,0,0,0,0,0,0,0,0,0,0,0,0,0,40,58,57,83,68,95,56
2019-20,33,Tamilnadu,3333,TIRUPPUR,333306,DHARAPURAM,Rural,3,cat3,"HSS (I-XII)",5,"Private Unaided (Recognized)",2,SC,28,23,14,8,17,10,11,12,8,19,18,15,14,7,9,9,16,15,6,5,4,7,1,4,1,2
2019-20,33,Tamilnadu,3333,TIRUPPUR,333308,KUDIMANGALAM,Rural,3,cat3,"HSS (I-XII)",5,"Private Unaided (Recognized)",2,SC,28,28,14,12,16,11,7,8,8,3,2,7,4,5,13,10,16,12,12,4,7,6,8,1,2,4
2019-20,33,Tamilnadu,3333,TIRUPPUR,333309,GANGAYAM,Rural,3,cat3,"HSS (I-XII)",5,"Private Unaided (Recognized)",2,SC,32,25,22,19,23,15,21,27,20,27,20,21,17,15,12,14,10,19,14,9,5,13,14,15,7,12
2019-20,33,Tamilnadu,3333,TIRUPPUR,333310,MADATHUKULAM,Rural,3,cat3,"HSS (I-XII)",5,"Private Unaided (Recognized)",2,SC,10,8,2,4,4,3,2,1,3,0,2,0,1,1,2,4,4,1,1,1,2,0,0,1,1,1
2019-20,33,Tamilnadu,3333,TIRUPPUR,333311,GUNDADAM,Rural,3,cat3,"HSS (I-XII)",5,"Private Unaided (Recognized)",2,SC,31,21,16,12,8,6,5,5,4,3,6,0,0,1,13,6,11,6,4,2,2,1,3,1,2,1
2019-20,33,Tamilnadu,3333,TIRUPPUR,333313,UDUMALAIPATTAI,Rural,3,cat3,"HSS (I-XII)",5,"Private Unaided (Recognized)",2,SC,61,48,39,34,40,33,30,26,25,29,23,27,18,16,25,30,29,21,28,25,20,15,18,19,12,11
2019-20,33,Tamilnadu,3333,TIRUPPUR,333316,AVINACI,Rural,3,cat3,"HSS (I-XII)",5,"Private Unaided (Recognized)",2,SC,71,58,31,40,33,28,27,27,28,31,19,14,19,14,22,26,35,19,26,20,15,20,16,18,14,18
2019-20,33,Tamilnadu,3333,TIRUPPUR,333317,PONGALUR,Rural,3,cat3,"HSS (I-XII)",5,"Private Unaided (Recognized)",2,SC,15,17,4,7,6,9,4,5,4,5,3,2,3,1,5,0,5,5,6,2,2,2,0,1,1,0
2019-20,33,Tamilnadu,3333,TIRUPPUR,333318,PALLADAM,Rural,3,cat3,"HSS (I-XII)",5,"Private Unaided (Recognized)",2,SC,114,103,51,50,39,45,30,39,40,32,28,24,26,20,44,44,49,27,25,32,35,33,29,19,25,20
2019-20,33,Tamilnadu,3333,TIRUPPUR,333319,UTHUKULI,Rural,3,cat3,"HSS (I-XII)",5,"Private Unaided (Recognized)",2,SC,24,23,16,10,9,11,7,18,11,14,9,5,7,6,13,9,3,5,3,9,6,4,5,5,4,7
2019-20,33,Tamilnadu,3333,TIRUPPUR,333320,VELLACKOIL,Rural,3,cat3,"HSS (I-XII)",5,"Private Unaided (Recognized)",2,SC,33,25,15,12,16,9,13,12,12,5,13,10,10,15,17,7,13,6,10,8,7,16,9,7,23,24
2019-20,33,Tamilnadu,3333,TIRUPPUR,333322,TIRUPUR,Rural,3,cat3,"HSS (I-XII)",5,"Private Unaided (Recognized)",2,SC,32,30,19,16,7,14,17,19,21,14,13,21,7,5,16,21,11,13,16,10,17,19,19,19,6,9
2019-20,33,Tamilnadu,3333,TIRUPPUR,333306,DHARAPURAM,Urban,3,cat3,"HSS (I-XII)",5,"Private Unaided (Recognized)",2,SC,47,30,30,20,20,18,17,20,10,26,18,14,17,10,21,23,26,10,15,16,10,13,12,7,11,14
2019-20,33,Tamilnadu,3333,TIRUPPUR,333312,MOOLANUR,Urban,3,cat3,"HSS (I-XII)",5,"Private Unaided (Recognized)",2,SC,13,11,6,10,5,5,7,10,7,8,4,6,10,7,6,13,2,5,2,4,4,3,0,5,10,12
2019-20,33,Tamilnadu,3333,TIRUPPUR,333313,UDUMALAIPATTAI,Urban,3,cat3,"HSS (I-XII)",5,"Private Unaided (Recognized)",2,SC,43,42,29,27,16,19,18,14,18,30,31,26,24,22,26,22,22,21,9,21,21,22,20,21,21,22
2019-20,33,Tamilnadu,3333,TIRUPPUR,333316,AVINACI,Urban,3,cat3,"HSS (I-XII)",5,"Private Unaided (Recognized)",2,SC,12,8,2,5,2,7,3,1,3,1,5,4,3,2,4,5,0,1,8,3,4,1,3,0,4,0
2019-20,33,Tamilnadu,3333,TIRUPPUR,333318,PALLADAM,Urban,3,cat3,"HSS (I-XII)",5,"Private Unaided (Recognized)",2,SC,39,47,24,18,21,22,23,13,12,16,25,13,13,14,29,14,15,19,20,18,16,12,14,11,18,10
2019-20,33,Tamilnadu,3333,TIRUPPUR,333319,UTHUKULI,Urban,3,cat3,"HSS (I-XII)",5,"Private Unaided (Recognized)",2,SC,29,25,16,14,9,13,11,10,14,8,14,9,14,12,9,10,14,16,8,8,13,7,5,6,13,8
2019-20,33,Tamilnadu,3333,TIRUPPUR,333320,VELLACKOIL,Urban,3,cat3,"HSS (I-XII)",5,"Private Unaided (Recognized)",2,SC,27,33,23,19,15,12,10,18,17,12,20,6,12,11,17,11,15,12,10,11,16,12,13,6,13,17
2019-20,33,Tamilnadu,3333,TIRUPPUR,333322,TIRUPUR,Urban,3,cat3,"HSS (I-XII)",5,"Private Unaided (Recognized)",2,SC,323,348,201,182,190,174,196,202,155,144,104,118,132,113,198,187,196,210,178,187,154,143,133,109,120,116
2019-20,33,Tamilnadu,3333,TIRUPPUR,333306,DHARAPURAM,Rural,5,cat5,"HSS (VI-XII)",1,"Department of Education",2,SC,0,0,0,0,0,0,0,32,30,29,34,18,22,33,0,0,0,0,0,27,15,21,28,30,32,22
2019-20,33,Tamilnadu,3333,TIRUPPUR,333308,KUDIMANGALAM,Rural,5,cat5,"HSS (VI-XII)",1,"Department of Education",2,SC,0,0,0,0,0,0,0,49,73,57,104,80,74,74,0,0,0,0,0,50,49,56,98,93,111,97
2019-20,33,Tamilnadu,3333,TIRUPPUR,333309,GANGAYAM,Rural,5,cat5,"HSS (VI-XII)",1,"Department of Education",2,SC,0,0,0,0,0,0,0,33,41,32,67,56,38,40,0,0,0,0,0,33,32,36,56,38,43,52
2019-20,33,Tamilnadu,3333,TIRUPPUR,333310,MADATHUKULAM,Rural,5,cat5,"HSS (VI-XII)",1,"Department of Education",2,SC,0,0,0,0,0,0,0,14,14,18,24,21,27,11,0,0,0,0,0,12,14,8,21,19,30,16
2019-20,33,Tamilnadu,3333,TIRUPPUR,333312,MOOLANUR,Rural,5,cat5,"HSS (VI-XII)",1,"Department of Education",2,SC,0,0,0,0,0,0,0,16,20,19,30,23,18,13,0,0,0,0,0,20,17,18,17,13,12,10
2019-20,33,Tamilnadu,3333,TIRUPPUR,333313,UDUMALAIPATTAI,Rural,5,cat5,"HSS (VI-XII)",1,"Department of Education",2,SC,0,0,0,0,0,0,0,56,43,43,67,52,74,52,0,0,0,0,0,50,62,79,76,68,76,61
2019-20,33,Tamilnadu,3333,TIRUPPUR,333316,AVINACI,Rural,5,cat5,"HSS (VI-XII)",1,"Department of Education",2,SC,0,0,0,0,0,0,0,124,110,122,163,123,113,90,0,0,0,0,0,94,89,99,133,116,92,102
2019-20,33,Tamilnadu,3333,TIRUPPUR,333317,PONGALUR,Rural,5,cat5,"HSS (VI-XII)",1,"Department of Education",2,SC,0,0,0,0,0,0,0,93,112,116,155,119,101,77,0,0,0,0,0,91,93,96,158,132,159,100
2019-20,33,Tamilnadu,3333,TIRUPPUR,333318,PALLADAM,Rural,5,cat5,"HSS (VI-XII)",1,"Department of Education",2,SC,0,0,0,0,0,0,0,42,53,41,70,61,50,49,0,0,0,0,0,44,58,37,69,61,61,57
2019-20,33,Tamilnadu,3333,TIRUPPUR,333319,UTHUKULI,Rural,5,cat5,"HSS (VI-XII)",1,"Department of Education",2,SC,0,0,0,0,0,0,0,18,21,18,36,19,27,15,0,0,0,0,0,34,46,37,70,98,98,61
2019-20,33,Tamilnadu,3333,TIRUPPUR,333320,VELLACKOIL,Rural,5,cat5,"HSS (VI-XII)",1,"Department of Education",2,SC,0,0,0,0,0,0,0,9,8,15,28,23,26,14,0,0,0,0,0,13,7,9,13,12,25,21
2019-20,33,Tamilnadu,3333,TIRUPPUR,333322,TIRUPUR,Rural,5,cat5,"HSS (VI-XII)",1,"Department of Education",2,SC,0,0,0,0,0,0,0,29,28,19,78,48,53,48,0,0,0,0,0,20,10,20,42,32,65,30
2019-20,33,Tamilnadu,3333,TIRUPPUR,333306,DHARAPURAM,Urban,5,cat5,"HSS (VI-XII)",1,"Department of Education",2,SC,0,0,0,0,0,0,0,22,29,35,58,54,77,71,0,0,0,0,0,13,9,15,12,15,19,14
2019-20,33,Tamilnadu,3333,TIRUPPUR,333309,GANGAYAM,Urban,5,cat5,"HSS (VI-XII)",1,"Department of Education",2,SC,0,0,0,0,0,0,0,30,9,14,40,24,24,20,0,0,0,0,0,11,12,12,26,22,20,26
2019-20,33,Tamilnadu,3333,TIRUPPUR,333310,MADATHUKULAM,Urban,5,cat5,"HSS (VI-XII)",1,"Department of Education",2,SC,0,0,0,0,0,0,0,18,35,29,67,53,41,37,0,0,0,0,0,31,25,32,50,44,52,53
2019-20,33,Tamilnadu,3333,TIRUPPUR,333311,GUNDADAM,Urban,5,cat5,"HSS (VI-XII)",1,"Department of Education",2,SC,0,0,0,0,0,0,0,23,25,14,41,29,15,19,0,0,0,0,0,18,18,18,31,35,21,24
2019-20,33,Tamilnadu,3333,TIRUPPUR,333312,MOOLANUR,Urban,5,cat5,"HSS (VI-XII)",1,"Department of Education",2,SC,0,0,0,0,0,0,0,30,25,29,54,49,49,39,0,0,0,0,0,37,19,37,46,58,62,43
2019-20,33,Tamilnadu,3333,TIRUPPUR,333313,UDUMALAIPATTAI,Urban,5,cat5,"HSS (VI-XII)",1,"Department of Education",2,SC,0,0,0,0,0,0,0,22,18,31,65,60,63,44,0,0,0,0,0,15,28,35,49,54,92,95
2019-20,33,Tamilnadu,3333,TIRUPPUR,333316,AVINACI,Urban,5,cat5,"HSS (VI-XII)",1,"Department of Education",2,SC,0,0,0,0,0,0,0,21,21,26,59,43,68,52,0,0,0,0,0,18,20,24,74,52,82,82
2019-20,33,Tamilnadu,3333,TIRUPPUR,333318,PALLADAM,Urban,5,cat5,"HSS (VI-XII)",1,"Department of Education",2,SC,0,0,0,0,0,0,0,4,7,12,27,34,35,37,0,0,0,0,0,15,23,19,67,61,73,58
2019-20,33,Tamilnadu,3333,TIRUPPUR,333319,UTHUKULI,Urban,5,cat5,"HSS (VI-XII)",1,"Department of Education",2,SC,0,0,0,0,0,0,0,16,12,12,36,30,43,56,0,0,0,0,0,5,16,13,39,45,61,76
2019-20,33,Tamilnadu,3333,TIRUPPUR,333320,VELLACKOIL,Urban,5,cat5,"HSS (VI-XII)",1,"Department of Education",2,SC,0,0,0,0,0,0,0,16,15,20,59,57,52,56,0,0,0,0,0,13,7,16,58,67,77,60
2019-20,33,Tamilnadu,3333,TIRUPPUR,333322,TIRUPUR,Urban,5,cat5,"HSS (VI-XII)",1,"Department of Education",2,SC,0,0,0,0,0,0,0,99,119,91,216,194,193,134,0,0,0,0,0,78,58,59,145,136,106,124
2019-20,33,Tamilnadu,3333,TIRUPPUR,333306,DHARAPURAM,Urban,5,cat5,"HSS (VI-XII)",3,"Local body",2,SC,0,0,0,0,0,0,0,25,33,29,38,43,15,36,0,0,0,0,0,0,0,0,0,0,0,0
2019-20,33,Tamilnadu,3333,TIRUPPUR,333322,TIRUPUR,Urban,5,cat5,"HSS (VI-XII)",3,"Local body",2,SC,0,0,0,0,0,0,0,50,65,54,92,81,133,96,0,0,0,0,0,56,77,70,139,107,123,126
2019-20,33,Tamilnadu,3333,TIRUPPUR,333306,DHARAPURAM,Rural,5,cat5,"HSS (VI-XII)",4,"Government Aided",2,SC,0,0,0,0,0,0,0,29,16,25,23,14,6,7,0,0,0,0,0,12,12,19,11,20,1,2
2019-20,33,Tamilnadu,3333,TIRUPPUR,333311,GUNDADAM,Rural,5,cat5,"HSS (VI-XII)",4,"Government Aided",2,SC,0,0,0,0,0,0,0,31,34,39,63,48,43,57,0,0,0,0,0,15,25,19,37,29,34,25
2019-20,33,Tamilnadu,3333,TIRUPPUR,333313,UDUMALAIPATTAI,Rural,5,cat5,"HSS (VI-XII)",4,"Government Aided",2,SC,0,0,0,0,0,0,0,66,72,65,86,58,39,34,0,0,0,0,0,54,61,65,55,91,72,60
2019-20,33,Tamilnadu,3333,TIRUPPUR,333317,PONGALUR,Rural,5,cat5,"HSS (VI-XII)",4,"Government Aided",2,SC,0,0,0,0,0,0,0,52,52,59,70,52,59,45,0,0,0,0,0,54,54,35,62,63,68,60
2019-20,33,Tamilnadu,3333,TIRUPPUR,333318,PALLADAM,Rural,5,cat5,"HSS (VI-XII)",4,"Government Aided",2,SC,0,0,0,0,0,0,0,35,28,31,54,44,23,19,0,0,0,0,0,26,29,26,37,43,50,26
2019-20,33,Tamilnadu,3333,TIRUPPUR,333306,DHARAPURAM,Urban,5,cat5,"HSS (VI-XII)",4,"Government Aided",2,SC,0,0,0,0,0,0,0,26,25,45,44,50,38,27,0,0,0,0,0,138,146,123,204,178,235,218
2019-20,33,Tamilnadu,3333,TIRUPPUR,333309,GANGAYAM,Urban,5,cat5,"HSS (VI-XII)",4,"Government Aided",2,SC,0,0,0,0,0,0,0,0,0,0,0,0,0,0,0,0,0,0,0,35,22,40,63,59,45,53
2019-20,33,Tamilnadu,3333,TIRUPPUR,333310,MADATHUKULAM,Urban,5,cat5,"HSS (VI-XII)",4,"Government Aided",2,SC,0,0,0,0,0,0,0,20,19,28,24,24,15,18,0,0,0,0,0,26,21,20,24,19,21,19
2019-20,33,Tamilnadu,3333,TIRUPPUR,333313,UDUMALAIPATTAI,Urban,5,cat5,"HSS (VI-XII)",4,"Government Aided",2,SC,0,0,0,0,0,0,0,42,33,32,63,54,24,21,0,0,0,0,0,24,15,16,34,28,26,22
2019-20,33,Tamilnadu,3333,TIRUPPUR,333316,AVINACI,Urban,5,cat5,"HSS (VI-XII)",4,"Government Aided",2,SC,0,0,0,0,0,0,0,0,0,0,0,0,0,0,0,0,0,0,0,36,38,38,33,35,37,21
2019-20,33,Tamilnadu,3333,TIRUPPUR,333318,PALLADAM,Urban,5,cat5,"HSS (VI-XII)",4,"Government Aided",2,SC,0,0,0,0,0,0,0,18,9,15,27,31,16,20,0,0,0,0,0,16,10,12,34,27,27,35
2019-20,33,Tamilnadu,3333,TIRUPPUR,333322,TIRUPUR,Urban,5,cat5,"HSS (VI-XII)",4,"Government Aided",2,SC,0,0,0,0,0,0,0,13,25,33,53,49,44,29,0,0,0,0,0,8,6,7,14,14,6,12
2019-20,33,Tamilnadu,3333,TIRUPPUR,333306,DHARAPURAM,Rural,5,cat5,"HSS (VI-XII)",5,"Private Unaided (Recognized)",2,SC,0,0,0,0,0,0,0,14,8,15,7,10,13,19,0,0,0,0,0,12,10,8,13,19,23,19
2019-20,33,Tamilnadu,3333,TIRUPPUR,333310,MADATHUKULAM,Rural,5,cat5,"HSS (VI-XII)",5,"Private Unaided (Recognized)",2,SC,0,0,0,0,0,0,0,16,9,10,12,6,4,1,0,0,0,0,0,6,8,2,3,3,0,1
2019-20,33,Tamilnadu,3333,TIRUPPUR,333313,UDUMALAIPATTAI,Rural,5,cat5,"HSS (VI-XII)",5,"Private Unaided (Recognized)",2,SC,0,0,0,0,0,0,0,2,3,5,5,3,3,3,0,0,0,0,0,2,0,6,1,4,5,6
2019-20,33,Tamilnadu,3333,TIRUPPUR,333316,AVINACI,Rural,5,cat5,"HSS (VI-XII)",5,"Private Unaided (Recognized)",2,SC,0,0,0,0,0,0,0,9,11,12,9,12,5,8,0,0,0,0,0,3,5,4,5,3,4,2
2019-20,33,Tamilnadu,3333,TIRUPPUR,333318,PALLADAM,Rural,5,cat5,"HSS (VI-XII)",5,"Private Unaided (Recognized)",2,SC,0,0,0,0,0,0,0,0,4,1,0,0,0,0,0,0,0,0,0,0,0,1,0,1,2,3
2019-20,33,Tamilnadu,3333,TIRUPPUR,333322,TIRUPUR,Rural,5,cat5,"HSS (VI-XII)",5,"Private Unaided (Recognized)",2,SC,0,0,0,0,0,0,0,9,3,6,9,9,6,7,0,0,0,0,0,8,1,5,7,4,7,11
2019-20,33,Tamilnadu,3333,TIRUPPUR,333306,DHARAPURAM,Urban,5,cat5,"HSS (VI-XII)",5,"Private Unaided (Recognized)",2,SC,0,0,0,0,0,0,0,21,15,14,8,2,6,1,0,0,0,0,0,8,10,19,9,8,8,9
2019-20,33,Tamilnadu,3333,TIRUPPUR,333310,MADATHUKULAM,Urban,5,cat5,"HSS (VI-XII)",5,"Private Unaided (Recognized)",2,SC,0,0,0,0,0,0,0,3,9,9,4,5,7,5,0,0,0,0,0,6,3,4,3,5,2,3
2019-20,33,Tamilnadu,3333,TIRUPPUR,333316,AVINACI,Urban,5,cat5,"HSS (VI-XII)",5,"Private Unaided (Recognized)",2,SC,0,0,0,0,0,0,0,3,6,4,2,5,5,10,0,0,0,0,0,1,1,2,2,3,5,5
2019-20,33,Tamilnadu,3333,TIRUPPUR,333313,UDUMALAIPATTAI,Rural,5,cat5,"HSS (VI-XII)",94,"Sainik School",2,SC,0,0,0,0,0,0,0,13,11,13,18,17,8,8,0,0,0,0,0,1,2,0,0,1,0,1
2019-20,33,Tamilnadu,3333,TIRUPPUR,333306,DHARAPURAM,Rural,1,cat1,"PS (I-V)",1,"Department of Education",2,SC,0,0,74,100,97,81,77,0,0,0,0,0,0,0,84,88,91,90,75,0,0,0,0,0,0,0
2019-20,33,Tamilnadu,3333,TIRUPPUR,333308,KUDIMANGALAM,Rural,1,cat1,"PS (I-V)",1,"Department of Education",2,SC,0,0,57,89,89,71,98,0,0,0,0,0,0,0,60,69,83,68,73,0,0,0,0,0,0,0
2019-20,33,Tamilnadu,3333,TIRUPPUR,333309,GANGAYAM,Rural,1,cat1,"PS (I-V)",1,"Department of Education",2,SC,0,0,46,72,78,52,60,0,0,0,0,0,0,0,51,62,71,62,62,0,0,0,0,0,0,0
2019-20,33,Tamilnadu,3333,TIRUPPUR,333310,MADATHUKULAM,Rural,1,cat1,"PS (I-V)",1,"Department of Education",2,SC,0,0,42,41,65,49,58,0,0,0,0,0,0,0,56,62,69,38,61,0,0,0,0,0,0,0
2019-20,33,Tamilnadu,3333,TIRUPPUR,333311,GUNDADAM,Rural,1,cat1,"PS (I-V)",1,"Department of Education",2,SC,0,0,87,79,93,89,87,0,0,0,0,0,0,0,82,100,81,78,90,0,0,0,0,0,0,0
2019-20,33,Tamilnadu,3333,TIRUPPUR,333312,MOOLANUR,Rural,1,cat1,"PS (I-V)",1,"Department of Education",2,SC,0,0,53,66,65,51,52,0,0,0,0,0,0,0,49,56,66,49,67,0,0,0,0,0,0,0
2019-20,33,Tamilnadu,3333,TIRUPPUR,333313,UDUMALAIPATTAI,Rural,1,cat1,"PS (I-V)",1,"Department of Education",2,SC,0,0,157,141,186,168,116,0,0,0,0,0,0,0,151,141,169,150,113,0,0,0,0,0,0,0
2019-20,33,Tamilnadu,3333,TIRUPPUR,333316,AVINACI,Rural,1,cat1,"PS (I-V)",1,"Department of Education",2,SC,0,0,184,192,181,169,196,0,0,0,0,0,0,0,156,176,186,173,185,0,0,0,0,0,0,0
2019-20,33,Tamilnadu,3333,TIRUPPUR,333317,PONGALUR,Rural,1,cat1,"PS (I-V)",1,"Department of Education",2,SC,0,0,86,82,129,111,138,0,0,0,0,0,0,0,88,98,107,107,123,0,0,0,0,0,0,0
2019-20,33,Tamilnadu,3333,TIRUPPUR,333318,PALLADAM,Rural,1,cat1,"PS (I-V)",1,"Department of Education",2,SC,0,0,130,131,159,129,142,0,0,0,0,0,0,0,145,158,168,142,155,0,0,0,0,0,0,0
2019-20,33,Tamilnadu,3333,TIRUPPUR,333319,UTHUKULI,Rural,1,cat1,"PS (I-V)",1,"Department of Education",2,SC,0,0,66,80,94,90,79,0,0,0,0,0,0,0,86,74,112,99,87,0,0,0,0,0,0,0
2019-20,33,Tamilnadu,3333,TIRUPPUR,333320,VELLACKOIL,Rural,1,cat1,"PS (I-V)",1,"Department of Education",2,SC,0,0,33,39,39,41,25,0,0,0,0,0,0,0,31,40,50,42,39,0,0,0,0,0,0,0
2019-20,33,Tamilnadu,3333,TIRUPPUR,333322,TIRUPUR,Rural,1,cat1,"PS (I-V)",1,"Department of Education",2,SC,0,0,38,41,48,73,55,0,0,0,0,0,0,0,50,43,58,57,53,0,0,0,0,0,0,0
2019-20,33,Tamilnadu,3333,TIRUPPUR,333306,DHARAPURAM,Urban,1,cat1,"PS (I-V)",1,"Department of Education",2,SC,0,0,25,35,28,39,30,0,0,0,0,0,0,0,23,34,41,33,30,0,0,0,0,0,0,0
2019-20,33,Tamilnadu,3333,TIRUPPUR,333309,GANGAYAM,Urban,1,cat1,"PS (I-V)",1,"Department of Education",2,SC,0,0,15,6,8,8,16,0,0,0,0,0,0,0,7,12,13,9,9,0,0,0,0,0,0,0
2019-20,33,Tamilnadu,3333,TIRUPPUR,333310,MADATHUKULAM,Urban,1,cat1,"PS (I-V)",1,"Department of Education",2,SC,0,0,37,43,47,51,37,0,0,0,0,0,0,0,39,43,50,38,46,0,0,0,0,0,0,0
2019-20,33,Tamilnadu,3333,TIRUPPUR,333311,GUNDADAM,Urban,1,cat1,"PS (I-V)",1,"Department of Education",2,SC,0,0,4,6,1,4,6,0,0,0,0,0,0,0,2,1,6,4,5,0,0,0,0,0,0,0
2019-20,33,Tamilnadu,3333,TIRUPPUR,333312,MOOLANUR,Urban,1,cat1,"PS (I-V)",1,"Department of Education",2,SC,0,0,15,21,20,17,16,0,0,0,0,0,0,0,16,13,25,15,19,0,0,0,0,0,0,0
2019-20,33,Tamilnadu,3333,TIRUPPUR,333313,UDUMALAIPATTAI,Urban,1,cat1,"PS (I-V)",1,"Department of Education",2,SC,0,0,13,14,16,15,8,0,0,0,0,0,0,0,10,14,9,10,9,0,0,0,0,0,0,0
2019-20,33,Tamilnadu,3333,TIRUPPUR,333316,AVINACI,Urban,1,cat1,"PS (I-V)",1,"Department of Education",2,SC,0,0,29,19,19,24,20,0,0,0,0,0,0,0,9,17,35,15,28,0,0,0,0,0,0,0
2019-20,33,Tamilnadu,3333,TIRUPPUR,333318,PALLADAM,Urban,1,cat1,"PS (I-V)",1,"Department of Education",2,SC,0,0,28,38,46,44,57,0,0,0,0,0,0,0,27,36,39,34,36,0,0,0,0,0,0,0
2019-20,33,Tamilnadu,3333,TIRUPPUR,333319,UTHUKULI,Urban,1,cat1,"PS (I-V)",1,"Department of Education",2,SC,0,0,12,6,8,4,6,0,0,0,0,0,0,0,8,6,8,10,7,0,0,0,0,0,0,0
2019-20,33,Tamilnadu,3333,TIRUPPUR,333320,VELLACKOIL,Urban,1,cat1,"PS (I-V)",1,"Department of Education",2,SC,0,0,24,27,29,26,25,0,0,0,0,0,0,0,21,22,18,22,30,0,0,0,0,0,0,0
2019-20,33,Tamilnadu,3333,TIRUPPUR,333322,TIRUPUR,Urban,1,cat1,"PS (I-V)",1,"Department of Education",2,SC,0,0,198,190,242,227,255,0,0,0,0,0,0,0,216,211,256,226,239,0,0,0,0,0,0,0
2019-20,33,Tamilnadu,3333,TIRUPPUR,333313,UDUMALAIPATTAI,Rural,1,cat1,"PS (I-V)",2,"Tribal Welfare Department",2,SC,0,0,3,11,7,11,11,0,0,0,0,0,0,0,2,10,7,14,7,0,0,0,0,0,0,0
2019-20,33,Tamilnadu,3333,TIRUPPUR,333317,PONGALUR,Rural,1,cat1,"PS (I-V)",2,"Tribal Welfare Department",2,SC,0,0,2,0,5,5,0,0,0,0,0,0,0,0,3,6,2,2,6,0,0,0,0,0,0,0
2019-20,33,Tamilnadu,3333,TIRUPPUR,333310,MADATHUKULAM,Urban,1,cat1,"PS (I-V)",2,"Tribal Welfare Department",2,SC,0,0,1,1,2,0,2,0,0,0,0,0,0,0,1,0,2,1,2,0,0,0,0,0,0,0
2019-20,33,Tamilnadu,3333,TIRUPPUR,333313,UDUMALAIPATTAI,Urban,1,cat1,"PS (I-V)",2,"Tribal Welfare Department",2,SC,0,0,0,1,1,0,6,0,0,0,0,0,0,0,0,0,0,0,3,0,0,0,0,0,0,0
2019-20,33,Tamilnadu,3333,TIRUPPUR,333322,TIRUPUR,Urban,1,cat1,"PS (I-V)",2,"Tribal Welfare Department",2,SC,0,0,7,11,9,6,6,0,0,0,0,0,0,0,4,8,5,7,6,0,0,0,0,0,0,0
2019-20,33,Tamilnadu,3333,TIRUPPUR,333306,DHARAPURAM,Rural,1,cat1,"PS (I-V)",4,"Government Aided",2,SC,0,0,9,7,9,8,12,0,0,0,0,0,0,0,13,7,13,8,11,0,0,0,0,0,0,0
2019-20,33,Tamilnadu,3333,TIRUPPUR,333308,KUDIMANGALAM,Rural,1,cat1,"PS (I-V)",4,"Government Aided",2,SC,0,0,2,6,3,1,3,0,0,0,0,0,0,0,0,4,5,5,4,0,0,0,0,0,0,0
2019-20,33,Tamilnadu,3333,TIRUPPUR,333309,GANGAYAM,Rural,1,cat1,"PS (I-V)",4,"Government Aided",2,SC,0,0,2,6,7,2,5,0,0,0,0,0,0,0,2,0,2,2,4,0,0,0,0,0,0,0
2019-20,33,Tamilnadu,3333,TIRUPPUR,333310,MADATHUKULAM,Rural,1,cat1,"PS (I-V)",4,"Government Aided",2,SC,0,0,0,0,0,0,0,0,0,0,0,0,0,0,0,0,0,0,0,0,0,0,0,0,0,0
2019-20,33,Tamilnadu,3333,TIRUPPUR,333311,GUNDADAM,Rural,1,cat1,"PS (I-V)",4,"Government Aided",2,SC,0,0,14,10,16,13,20,0,0,0,0,0,0,0,13,14,17,13,12,0,0,0,0,0,0,0
2019-20,33,Tamilnadu,3333,TIRUPPUR,333312,MOOLANUR,Rural,1,cat1,"PS (I-V)",4,"Government Aided",2,SC,0,0,2,2,2,2,2,0,0,0,0,0,0,0,2,1,0,2,1,0,0,0,0,0,0,0
2019-20,33,Tamilnadu,3333,TIRUPPUR,333313,UDUMALAIPATTAI,Rural,1,cat1,"PS (I-V)",4,"Government Aided",2,SC,0,0,5,10,8,7,10,0,0,0,0,0,0,0,8,11,10,3,6,0,0,0,0,0,0,0
2019-20,33,Tamilnadu,3333,TIRUPPUR,333317,PONGALUR,Rural,1,cat1,"PS (I-V)",4,"Government Aided",2,SC,0,0,16,16,11,8,8,0,0,0,0,0,0,0,11,7,13,6,16,0,0,0,0,0,0,0
2019-20,33,Tamilnadu,3333,TIRUPPUR,333318,PALLADAM,Rural,1,cat1,"PS (I-V)",4,"Government Aided",2,SC,0,0,9,12,14,17,7,0,0,0,0,0,0,0,15,9,8,7,6,0,0,0,0,0,0,0
2019-20,33,Tamilnadu,3333,TIRUPPUR,333320,VELLACKOIL,Rural,1,cat1,"PS (I-V)",4,"Government Aided",2,SC,0,0,2,2,2,0,3,0,0,0,0,0,0,0,1,3,4,0,4,0,0,0,0,0,0,0
2019-20,33,Tamilnadu,3333,TIRUPPUR,333322,TIRUPUR,Rural,1,cat1,"PS (I-V)",4,"Government Aided",2,SC,0,0,9,5,10,3,5,0,0,0,0,0,0,0,6,7,15,6,9,0,0,0,0,0,0,0
2019-20,33,Tamilnadu,3333,TIRUPPUR,333306,DHARAPURAM,Urban,1,cat1,"PS (I-V)",4,"Government Aided",2,SC,0,0,67,54,61,68,58,0,0,0,0,0,0,0,80,74,69,65,82,0,0,0,0,0,0,0
2019-20,33,Tamilnadu,3333,TIRUPPUR,333309,GANGAYAM,Urban,1,cat1,"PS (I-V)",4,"Government Aided",2,SC,0,0,0,0,0,0,0,0,0,0,0,0,0,0,1,0,2,1,0,0,0,0,0,0,0,0
2019-20,33,Tamilnadu,3333,TIRUPPUR,333310,MADATHUKULAM,Urban,1,cat1,"PS (I-V)",4,"Government Aided",2,SC,0,0,2,5,1,6,6,0,0,0,0,0,0,0,2,2,6,2,5,0,0,0,0,0,0,0
2019-20,33,Tamilnadu,3333,TIRUPPUR,333311,GUNDADAM,Urban,1,cat1,"PS (I-V)",4,"Government Aided",2,SC,0,0,9,7,3,3,3,0,0,0,0,0,0,0,8,5,7,4,4,0,0,0,0,0,0,0
2019-20,33,Tamilnadu,3333,TIRUPPUR,333312,MOOLANUR,Urban,1,cat1,"PS (I-V)",4,"Government Aided",2,SC,0,0,1,0,3,0,2,0,0,0,0,0,0,0,2,1,4,0,0,0,0,0,0,0,0,0
2019-20,33,Tamilnadu,3333,TIRUPPUR,333313,UDUMALAIPATTAI,Urban,1,cat1,"PS (I-V)",4,"Government Aided",2,SC,0,0,3,3,2,4,2,0,0,0,0,0,0,0,3,1,3,0,4,0,0,0,0,0,0,0
2019-20,33,Tamilnadu,3333,TIRUPPUR,333316,AVINACI,Urban,1,cat1,"PS (I-V)",4,"Government Aided",2,SC,0,0,20,26,20,15,18,0,0,0,0,0,0,0,29,29,33,35,27,0,0,0,0,0,0,0
2019-20,33,Tamilnadu,3333,TIRUPPUR,333318,PALLADAM,Urban,1,cat1,"PS (I-V)",4,"Government Aided",2,SC,0,0,7,3,7,5,6,0,0,0,0,0,0,0,5,9,9,3,4,0,0,0,0,0,0,0
2019-20,33,Tamilnadu,3333,TIRUPPUR,333322,TIRUPUR,Urban,1,cat1,"PS (I-V)",4,"Government Aided",2,SC,0,0,30,25,26,21,30,0,0,0,0,0,0,0,22,32,33,32,24,0,0,0,0,0,0,0
2019-20,33,Tamilnadu,3333,TIRUPPUR,333306,DHARAPURAM,Rural,1,cat1,"PS (I-V)",5,"Private Unaided (Recognized)",2,SC,38,23,12,16,15,9,10,0,0,0,0,0,0,0,23,17,16,8,4,0,0,0,0,0,0,0
2019-20,33,Tamilnadu,3333,TIRUPPUR,333308,KUDIMANGALAM,Rural,1,cat1,"PS (I-V)",5,"Private Unaided (Recognized)",2,SC,1,3,0,1,0,1,0,0,0,0,0,0,0,0,2,1,2,0,2,0,0,0,0,0,0,0
2019-20,33,Tamilnadu,3333,TIRUPPUR,333309,GANGAYAM,Rural,1,cat1,"PS (I-V)",5,"Private Unaided (Recognized)",2,SC,2,5,2,1,1,1,0,0,0,0,0,0,0,0,0,1,0,0,1,0,0,0,0,0,0,0
2019-20,33,Tamilnadu,3333,TIRUPPUR,333310,MADATHUKULAM,Rural,1,cat1,"PS (I-V)",5,"Private Unaided (Recognized)",2,SC,65,68,22,30,23,31,26,0,0,0,0,0,0,0,31,30,16,20,14,0,0,0,0,0,0,0
2019-20,33,Tamilnadu,3333,TIRUPPUR,333311,GUNDADAM,Rural,1,cat1,"PS (I-V)",5,"Private Unaided (Recognized)",2,SC,11,10,5,8,5,3,1,0,0,0,0,0,0,0,5,3,8,1,5,0,0,0,0,0,0,0
2019-20,33,Tamilnadu,3333,TIRUPPUR,333312,MOOLANUR,Rural,1,cat1,"PS (I-V)",5,"Private Unaided (Recognized)",2,SC,5,2,4,1,4,3,3,0,0,0,0,0,0,0,3,3,4,2,2,0,0,0,0,0,0,0
2019-20,33,Tamilnadu,3333,TIRUPPUR,333313,UDUMALAIPATTAI,Rural,1,cat1,"PS (I-V)",5,"Private Unaided (Recognized)",2,SC,24,26,23,13,12,8,6,0,0,0,0,0,0,0,9,6,7,10,8,0,0,0,0,0,0,0
2019-20,33,Tamilnadu,3333,TIRUPPUR,333316,AVINACI,Rural,1,cat1,"PS (I-V)",5,"Private Unaided (Recognized)",2,SC,58,36,28,20,18,18,17,0,0,0,0,0,0,0,11,13,20,16,7,0,0,0,0,0,0,0
2019-20,33,Tamilnadu,3333,TIRUPPUR,333317,PONGALUR,Rural,1,cat1,"PS (I-V)",5,"Private Unaided (Recognized)",2,SC,1,1,4,2,7,5,3,0,0,0,0,0,0,0,0,3,0,1,1,0,0,0,0,0,0,0
2019-20,33,Tamilnadu,3333,TIRUPPUR,333318,PALLADAM,Rural,1,cat1,"PS (I-V)",5,"Private Unaided (Recognized)",2,SC,71,56,22,36,22,27,17,0,0,0,0,0,0,0,22,26,21,18,21,0,0,0,0,0,0,0
2019-20,33,Tamilnadu,3333,TIRUPPUR,333319,UTHUKULI,Rural,1,cat1,"PS (I-V)",5,"Private Unaided (Recognized)",2,SC,1,1,0,0,0,0,1,0,0,0,0,0,0,0,0,0,0,0,0,0,0,0,0,0,0,0
2019-20,33,Tamilnadu,3333,TIRUPPUR,333322,TIRUPUR,Rural,1,cat1,"PS (I-V)",5,"Private Unaided (Recognized)",2,SC,81,58,45,36,26,20,16,0,0,0,0,0,0,0,36,23,17,28,25,0,0,0,0,0,0,0
2019-20,33,Tamilnadu,3333,TIRUPPUR,333306,DHARAPURAM,Urban,1,cat1,"PS (I-V)",5,"Private Unaided (Recognized)",2,SC,92,99,48,54,39,33,22,0,0,0,0,0,0,0,25,36,43,25,27,0,0,0,0,0,0,0
2019-20,33,Tamilnadu,3333,TIRUPPUR,333309,GANGAYAM,Urban,1,cat1,"PS (I-V)",5,"Private Unaided (Recognized)",2,SC,40,38,24,18,21,9,8,0,0,0,0,0,0,0,25,19,18,22,16,0,0,0,0,0,0,0
2019-20,33,Tamilnadu,3333,TIRUPPUR,333310,MADATHUKULAM,Urban,1,cat1,"PS (I-V)",5,"Private Unaided (Recognized)",2,SC,18,8,7,7,6,9,3,0,0,0,0,0,0,0,8,7,6,7,3,0,0,0,0,0,0,0
2019-20,33,Tamilnadu,3333,TIRUPPUR,333311,GUNDADAM,Urban,1,cat1,"PS (I-V)",5,"Private Unaided (Recognized)",2,SC,2,0,0,2,0,1,0,0,0,0,0,0,0,0,0,2,0,0,0,0,0,0,0,0,0,0
2019-20,33,Tamilnadu,3333,TIRUPPUR,333312,MOOLANUR,Urban,1,cat1,"PS (I-V)",5,"Private Unaided (Recognized)",2,SC,3,2,2,1,2,2,2,0,0,0,0,0,0,0,3,1,3,0,1,0,0,0,0,0,0,0
2019-20,33,Tamilnadu,3333,TIRUPPUR,333313,UDUMALAIPATTAI,Urban,1,cat1,"PS (I-V)",5,"Private Unaided (Recognized)",2,SC,47,65,30,25,31,25,26,0,0,0,0,0,0,0,24,24,29,30,21,0,0,0,0,0,0,0
2019-20,33,Tamilnadu,3333,TIRUPPUR,333316,AVINACI,Urban,1,cat1,"PS (I-V)",5,"Private Unaided (Recognized)",2,SC,13,20,8,11,13,7,8,0,0,0,0,0,0,0,10,3,16,7,11,0,0,0,0,0,0,0
2019-20,33,Tamilnadu,3333,TIRUPPUR,333318,PALLADAM,Urban,1,cat1,"PS (I-V)",5,"Private Unaided (Recognized)",2,SC,16,27,11,9,3,7,10,0,0,0,0,0,0,0,7,12,7,3,4,0,0,0,0,0,0,0
2019-20,33,Tamilnadu,3333,TIRUPPUR,333320,VELLACKOIL,Urban,1,cat1,"PS (I-V)",5,"Private Unaided (Recognized)",2,SC,6,7,5,2,1,2,0,0,0,0,0,0,0,0,3,3,0,1,1,0,0,0,0,0,0,0
2019-20,33,Tamilnadu,3333,TIRUPPUR,333322,TIRUPUR,Urban,1,cat1,"PS (I-V)",5,"Private Unaided (Recognized)",2,SC,450,395,218,188,192,139,151,0,0,0,0,0,0,0,167,174,145,143,127,0,0,0,0,0,0,0
2019-20,33,Tamilnadu,3333,TIRUPPUR,333310,MADATHUKULAM,Rural,1,cat1,"PS (I-V)",8,Unrecognized,2,SC,0,1,0,0,0,0,0,0,0,0,0,0,0,0,0,0,0,1,0,0,0,0,0,0,0,0
2019-20,33,Tamilnadu,3333,TIRUPPUR,333311,GUNDADAM,Rural,1,cat1,"PS (I-V)",8,Unrecognized,2,SC,3,2,0,2,2,0,1,0,0,0,0,0,0,0,2,1,1,2,0,0,0,0,0,0,0,0
2019-20,33,Tamilnadu,3333,TIRUPPUR,333313,UDUMALAIPATTAI,Rural,1,cat1,"PS (I-V)",8,Unrecognized,2,SC,4,4,4,6,7,11,7,0,0,0,0,0,0,0,2,2,1,3,1,0,0,0,0,0,0,0
2019-20,33,Tamilnadu,3333,TIRUPPUR,333316,AVINACI,Rural,1,cat1,"PS (I-V)",8,Unrecognized,2,SC,3,2,0,0,0,0,0,0,0,0,0,0,0,0,0,0,0,0,0,0,0,0,0,0,0,0
2019-20,33,Tamilnadu,3333,TIRUPPUR,333317,PONGALUR,Rural,1,cat1,"PS (I-V)",8,Unrecognized,2,SC,2,4,0,1,0,0,0,0,0,0,0,0,0,0,1,1,0,0,0,0,0,0,0,0,0,0
2019-20,33,Tamilnadu,3333,TIRUPPUR,333318,PALLADAM,Rural,1,cat1,"PS (I-V)",8,Unrecognized,2,SC,7,7,2,3,4,1,1,0,0,0,0,0,0,0,3,5,5,1,1,0,0,0,0,0,0,0
2019-20,33,Tamilnadu,3333,TIRUPPUR,333322,TIRUPUR,Rural,1,cat1,"PS (I-V)",8,Unrecognized,2,SC,7,9,2,2,3,0,2,0,0,0,0,0,0,0,3,5,1,1,0,0,0,0,0,0,0,0
2019-20,33,Tamilnadu,3333,TIRUPPUR,333309,GANGAYAM,Urban,1,cat1,"PS (I-V)",8,Unrecognized,2,SC,0,0,0,0,0,0,0,0,0,0,0,0,0,0,0,0,0,0,0,0,0,0,0,0,0,0
2019-20,33,Tamilnadu,3333,TIRUPPUR,333310,MADATHUKULAM,Urban,1,cat1,"PS (I-V)",8,Unrecognized,2,SC,5,10,4,6,2,4,3,0,0,0,0,0,0,0,6,4,1,2,2,0,0,0,0,0,0,0
2019-20,33,Tamilnadu,3333,TIRUPPUR,333311,GUNDADAM,Urban,1,cat1,"PS (I-V)",8,Unrecognized,2,SC,4,1,4,1,1,2,0,0,0,0,0,0,0,0,1,0,0,0,0,0,0,0,0,0,0,0
2019-20,33,Tamilnadu,3333,TIRUPPUR,333313,UDUMALAIPATTAI,Urban,1,cat1,"PS (I-V)",8,Unrecognized,2,SC,4,3,0,0,0,0,0,0,0,0,0,0,0,0,0,0,0,0,0,0,0,0,0,0,0,0
2019-20,33,Tamilnadu,3333,TIRUPPUR,333316,AVINACI,Urban,1,cat1,"PS (I-V)",8,Unrecognized,2,SC,3,1,0,1,2,1,1,0,0,0,0,0,0,0,1,0,0,0,0,0,0,0,0,0,0,0
2019-20,33,Tamilnadu,3333,TIRUPPUR,333318,PALLADAM,Urban,1,cat1,"PS (I-V)",8,Unrecognized,2,SC,7,7,0,3,2,0,0,0,0,0,0,0,0,0,3,0,0,0,0,0,0,0,0,0,0,0
2019-20,33,Tamilnadu,3333,TIRUPPUR,333322,TIRUPUR,Urban,1,cat1,"PS (I-V)",8,Unrecognized,2,SC,100,67,25,14,22,13,11,0,0,0,0,0,0,0,27,20,21,16,14,0,0,0,0,0,0,0
2019-20,33,Tamilnadu,3333,TIRUPPUR,333313,UDUMALAIPATTAI,Urban,1,cat1,"PS (I-V)",92,"Kendriya Vidyalaya / Central School",2,SC,0,0,1,3,2,0,0,0,0,0,0,0,0,0,2,0,4,0,0,0,0,0,0,0,0,0
2019-20,33,Tamilnadu,3333,TIRUPPUR,333306,DHARAPURAM,Rural,6,cat6,"SS (I-X)",5,"Private Unaided (Recognized)",2,SC,26,16,16,8,11,8,12,11,8,10,5,5,0,0,15,9,9,10,8,11,2,8,2,3,0,0
2019-20,33,Tamilnadu,3333,TIRUPPUR,333308,KUDIMANGALAM,Rural,6,cat6,"SS (I-X)",5,"Private Unaided (Recognized)",2,SC,1,0,0,0,0,0,0,0,1,0,0,0,0,0,0,0,0,0,0,0,0,0,0,0,0,0
2019-20,33,Tamilnadu,3333,TIRUPPUR,333309,GANGAYAM,Rural,6,cat6,"SS (I-X)",5,"Private Unaided (Recognized)",2,SC,17,10,5,6,6,3,0,6,4,5,1,2,0,0,12,4,4,10,5,2,2,3,2,1,0,0
2019-20,33,Tamilnadu,3333,TIRUPPUR,333311,GUNDADAM,Rural,6,cat6,"SS (I-X)",5,"Private Unaided (Recognized)",2,SC,4,5,2,2,0,2,1,1,1,0,0,0,0,0,4,0,1,2,0,1,0,0,0,0,0,0
2019-20,33,Tamilnadu,3333,TIRUPPUR,333313,UDUMALAIPATTAI,Rural,6,cat6,"SS (I-X)",5,"Private Unaided (Recognized)",2,SC,3,2,5,1,3,3,2,1,1,1,0,0,0,0,2,2,3,1,0,0,0,1,0,0,0,0
2019-20,33,Tamilnadu,3333,TIRUPPUR,333316,AVINACI,Rural,6,cat6,"SS (I-X)",5,"Private Unaided (Recognized)",2,SC,19,20,9,11,6,9,4,4,4,4,2,0,0,0,5,5,8,5,6,1,4,1,2,1,0,0
2019-20,33,Tamilnadu,3333,TIRUPPUR,333317,PONGALUR,Rural,6,cat6,"SS (I-X)",5,"Private Unaided (Recognized)",2,SC,30,30,9,10,10,11,9,8,5,5,3,0,0,0,8,15,4,4,3,7,4,3,5,4,0,0
2019-20,33,Tamilnadu,3333,TIRUPPUR,333318,PALLADAM,Rural,6,cat6,"SS (I-X)",5,"Private Unaided (Recognized)",2,SC,1,1,3,1,3,4,1,2,1,0,0,2,0,0,0,0,2,4,0,1,0,0,0,3,0,0
2019-20,33,Tamilnadu,3333,TIRUPPUR,333319,UTHUKULI,Rural,6,cat6,"SS (I-X)",5,"Private Unaided (Recognized)",2,SC,1,2,0,1,0,0,2,0,1,3,0,1,0,0,0,1,0,3,0,0,0,0,0,1,0,0
2019-20,33,Tamilnadu,3333,TIRUPPUR,333320,VELLACKOIL,Rural,6,cat6,"SS (I-X)",5,"Private Unaided (Recognized)",2,SC,26,12,7,9,13,11,4,4,3,8,3,7,0,0,13,11,11,4,6,4,7,4,4,4,0,0
2019-20,33,Tamilnadu,3333,TIRUPPUR,333322,TIRUPUR,Rural,6,cat6,"SS (I-X)",5,"Private Unaided (Recognized)",2,SC,69,48,28,24,22,21,16,18,13,13,6,6,0,0,23,15,24,16,16,8,10,11,11,6,0,0
2019-20,33,Tamilnadu,3333,TIRUPPUR,333313,UDUMALAIPATTAI,Urban,6,cat6,"SS (I-X)",5,"Private Unaided (Recognized)",2,SC,5,3,1,0,3,0,0,1,0,0,1,2,0,0,1,0,0,1,1,0,0,0,0,0,0,0
2019-20,33,Tamilnadu,3333,TIRUPPUR,333316,AVINACI,Urban,6,cat6,"SS (I-X)",5,"Private Unaided (Recognized)",2,SC,4,3,3,3,3,4,2,4,0,3,1,2,0,0,5,0,1,2,1,1,0,1,1,1,0,0
2019-20,33,Tamilnadu,3333,TIRUPPUR,333319,UTHUKULI,Urban,6,cat6,"SS (I-X)",5,"Private Unaided (Recognized)",2,SC,16,8,3,1,3,2,0,2,0,1,1,0,0,0,2,5,1,0,0,0,1,0,1,0,0,0
2019-20,33,Tamilnadu,3333,TIRUPPUR,333320,VELLACKOIL,Urban,6,cat6,"SS (I-X)",5,"Private Unaided (Recognized)",2,SC,6,2,6,4,5,3,1,2,3,2,3,0,0,0,3,1,3,7,4,4,2,1,0,0,0,0
2019-20,33,Tamilnadu,3333,TIRUPPUR,333322,TIRUPUR,Urban,6,cat6,"SS (I-X)",5,"Private Unaided (Recognized)",2,SC,120,112,66,55,68,63,54,62,42,52,34,33,0,0,83,52,60,52,54,44,36,32,33,24,0,0
2019-20,33,Tamilnadu,3333,TIRUPPUR,333318,PALLADAM,Rural,6,cat6,"SS (I-X)",8,Unrecognized,2,SC,0,0,0,0,0,0,0,0,1,0,0,0,0,0,0,0,0,0,0,0,0,0,0,0,0,0
2019-20,33,Tamilnadu,3333,TIRUPPUR,333306,DHARAPURAM,Rural,7,cat7,"SS (VI-X)",1,"Department of Education",2,SC,0,0,0,0,0,0,0,44,46,43,47,32,0,0,0,0,0,0,0,27,37,39,29,25,0,0
2019-20,33,Tamilnadu,3333,TIRUPPUR,333308,KUDIMANGALAM,Rural,7,cat7,"SS (VI-X)",1,"Department of Education",2,SC,0,0,0,0,0,0,0,28,20,32,24,24,0,0,0,0,0,0,0,26,19,24,30,23,0,0
2019-20,33,Tamilnadu,3333,TIRUPPUR,333309,GANGAYAM,Rural,7,cat7,"SS (VI-X)",1,"Department of Education",2,SC,0,0,0,0,0,0,0,21,22,35,29,20,0,0,0,0,0,0,0,21,17,19,17,22,0,0
2019-20,33,Tamilnadu,3333,TIRUPPUR,333310,MADATHUKULAM,Rural,7,cat7,"SS (VI-X)",1,"Department of Education",2,SC,0,0,0,0,0,0,0,28,34,25,30,22,0,0,0,0,0,0,0,35,27,28,35,16,0,0
2019-20,33,Tamilnadu,3333,TIRUPPUR,333311,GUNDADAM,Rural,7,cat7,"SS (VI-X)",1,"Department of Education",2,SC,0,0,0,0,0,0,0,31,30,32,38,23,0,0,0,0,0,0,0,11,11,20,19,18,0,0
2019-20,33,Tamilnadu,3333,TIRUPPUR,333312,MOOLANUR,Rural,7,cat7,"SS (VI-X)",1,"Department of Education",2,SC,0,0,0,0,0,0,0,13,22,16,26,17,0,0,0,0,0,0,0,13,21,12,35,10,0,0
2019-20,33,Tamilnadu,3333,TIRUPPUR,333313,UDUMALAIPATTAI,Rural,7,cat7,"SS (VI-X)",1,"Department of Education",2,SC,0,0,0,0,0,0,0,37,32,37,54,47,0,0,0,0,0,0,0,28,41,36,32,36,0,0
2019-20,33,Tamilnadu,3333,TIRUPPUR,333316,AVINACI,Rural,7,cat7,"SS (VI-X)",1,"Department of Education",2,SC,0,0,0,0,0,0,0,47,44,35,54,40,0,0,0,0,0,0,0,33,39,27,40,39,0,0
2019-20,33,Tamilnadu,3333,TIRUPPUR,333317,PONGALUR,Rural,7,cat7,"SS (VI-X)",1,"Department of Education",2,SC,0,0,0,0,0,0,0,10,5,10,15,6,0,0,0,0,0,0,0,8,4,10,9,9,0,0
2019-20,33,Tamilnadu,3333,TIRUPPUR,333318,PALLADAM,Rural,7,cat7,"SS (VI-X)",1,"Department of Education",2,SC,0,0,0,0,0,0,0,63,71,71,75,45,0,0,0,0,0,0,0,62,53,47,63,59,0,0
2019-20,33,Tamilnadu,3333,TIRUPPUR,333319,UTHUKULI,Rural,7,cat7,"SS (VI-X)",1,"Department of Education",2,SC,0,0,0,0,0,0,0,21,23,20,38,44,0,0,0,0,0,0,0,20,26,20,28,27,0,0
2019-20,33,Tamilnadu,3333,TIRUPPUR,333320,VELLACKOIL,Rural,7,cat7,"SS (VI-X)",1,"Department of Education",2,SC,0,0,0,0,0,0,0,16,15,22,15,24,0,0,0,0,0,0,0,17,16,14,19,16,0,0
2019-20,33,Tamilnadu,3333,TIRUPPUR,333322,TIRUPUR,Rural,7,cat7,"SS (VI-X)",1,"Department of Education",2,SC,0,0,0,0,0,0,0,36,29,31,47,48,0,0,0,0,0,0,0,47,45,32,89,64,0,0
2019-20,33,Tamilnadu,3333,TIRUPPUR,333306,DHARAPURAM,Urban,7,cat7,"SS (VI-X)",1,"Department of Education",2,SC,0,0,0,0,0,0,0,11,16,25,18,9,0,0,0,0,0,0,0,8,25,14,18,19,0,0
2019-20,33,Tamilnadu,3333,TIRUPPUR,333310,MADATHUKULAM,Urban,7,cat7,"SS (VI-X)",1,"Department of Education",2,SC,0,0,0,0,0,0,0,21,14,24,22,23,0,0,0,0,0,0,0,14,16,10,24,19,0,0
2019-20,33,Tamilnadu,3333,TIRUPPUR,333312,MOOLANUR,Urban,7,cat7,"SS (VI-X)",1,"Department of Education",2,SC,0,0,0,0,0,0,0,5,8,6,2,4,0,0,0,0,0,0,0,2,4,3,5,4,0,0
2019-20,33,Tamilnadu,3333,TIRUPPUR,333313,UDUMALAIPATTAI,Urban,7,cat7,"SS (VI-X)",1,"Department of Education",2,SC,0,0,0,0,0,0,0,4,2,5,4,8,0,0,0,0,0,0,0,5,2,4,7,2,0,0
2019-20,33,Tamilnadu,3333,TIRUPPUR,333316,AVINACI,Urban,7,cat7,"SS (VI-X)",1,"Department of Education",2,SC,0,0,0,0,0,0,0,5,7,2,20,15,0,0,0,0,0,0,0,4,4,5,8,5,0,0
2019-20,33,Tamilnadu,3333,TIRUPPUR,333318,PALLADAM,Urban,7,cat7,"SS (VI-X)",1,"Department of Education",2,SC,0,0,0,0,0,0,0,34,46,29,28,23,0,0,0,0,0,0,0,29,36,31,28,26,0,0
2019-20,33,Tamilnadu,3333,TIRUPPUR,333320,VELLACKOIL,Urban,7,cat7,"SS (VI-X)",1,"Department of Education",2,SC,0,0,0,0,0,0,0,4,9,16,12,13,0,0,0,0,0,0,0,5,6,2,11,4,0,0
2019-20,33,Tamilnadu,3333,TIRUPPUR,333322,TIRUPUR,Urban,7,cat7,"SS (VI-X)",1,"Department of Education",2,SC,0,0,0,0,0,0,0,90,71,61,82,69,0,0,0,0,0,0,0,73,83,66,83,67,0,0
2019-20,33,Tamilnadu,3333,TIRUPPUR,333313,UDUMALAIPATTAI,Rural,7,cat7,"SS (VI-X)",2,"Tribal Welfare Department",2,SC,0,0,0,0,0,0,0,3,4,3,7,2,0,0,0,0,0,0,0,2,4,6,1,5,0,0
2019-20,33,Tamilnadu,3333,TIRUPPUR,333322,TIRUPUR,Urban,7,cat7,"SS (VI-X)",2,"Tribal Welfare Department",2,SC,0,0,0,0,0,0,0,5,1,7,8,5,0,0,0,0,0,0,0,6,8,4,11,5,0,0
2019-20,33,Tamilnadu,3333,TIRUPPUR,333322,TIRUPUR,Urban,7,cat7,"SS (VI-X)",3,"Local body",2,SC,0,0,0,0,0,0,0,49,52,51,49,44,0,0,0,0,0,0,0,52,43,38,30,44,0,0
2019-20,33,Tamilnadu,3333,TIRUPPUR,333319,UTHUKULI,Urban,7,cat7,"SS (VI-X)",4,"Government Aided",2,SC,0,0,0,0,0,0,0,18,20,27,38,35,0,0,0,0,0,0,0,17,18,19,21,19,0,0
2019-20,33,Tamilnadu,3333,TIRUPPUR,333320,VELLACKOIL,Urban,7,cat7,"SS (VI-X)",4,"Government Aided",2,SC,0,0,0,0,0,0,0,0,0,0,0,0,0,0,0,0,0,0,0,17,11,19,28,25,0,0
2019-20,33,Tamilnadu,3333,TIRUPPUR,333322,TIRUPUR,Urban,7,cat7,"SS (VI-X)",4,"Government Aided",2,SC,0,0,0,0,0,0,0,28,15,21,25,23,0,0,0,0,0,0,0,25,28,17,27,14,0,0
2019-20,33,Tamilnadu,3333,TIRUPPUR,333308,KUDIMANGALAM,Rural,7,cat7,"SS (VI-X)",5,"Private Unaided (Recognized)",2,SC,0,0,0,0,0,0,0,0,2,0,0,0,0,0,0,0,0,0,0,0,0,0,0,0,0,0
2019-20,33,Tamilnadu,3333,TIRUPPUR,333316,AVINACI,Rural,7,cat7,"SS (VI-X)",5,"Private Unaided (Recognized)",2,SC,0,0,0,0,0,0,0,1,1,0,1,2,0,0,0,0,0,0,0,0,0,1,0,0,0,0
2019-20,33,Tamilnadu,3333,TIRUPPUR,333317,PONGALUR,Rural,7,cat7,"SS (VI-X)",5,"Private Unaided (Recognized)",2,SC,0,0,0,0,0,0,0,3,1,1,1,1,0,0,0,0,0,0,0,0,0,0,0,0,0,0
2019-20,33,Tamilnadu,3333,TIRUPPUR,333306,DHARAPURAM,Urban,7,cat7,"SS (VI-X)",5,"Private Unaided (Recognized)",2,SC,0,0,0,0,0,0,0,0,0,0,1,1,0,0,0,0,0,0,0,0,0,0,0,0,0,0
2019-20,33,Tamilnadu,3333,TIRUPPUR,333322,TIRUPUR,Urban,7,cat7,"SS (VI-X)",5,"Private Unaided (Recognized)",2,SC,0,0,0,0,0,0,0,3,2,2,1,6,0,0,0,0,0,0,0,2,2,2,2,1,0,0
2019-20,33,Tamilnadu,3333,TIRUPPUR,333306,DHARAPURAM,Rural,2,cat2,"UPS (I-VIII)",1,"Department of Education",2,SC,2,6,21,17,25,21,22,29,24,26,0,0,0,0,13,26,33,19,21,20,19,20,0,0,0,0
2019-20,33,Tamilnadu,3333,TIRUPPUR,333309,GANGAYAM,Rural,2,cat2,"UPS (I-VIII)",1,"Department of Education",2,SC,19,11,15,16,21,20,19,37,42,26,0,0,0,0,12,17,14,16,18,30,34,18,0,0,0,0
2019-20,33,Tamilnadu,3333,TIRUPPUR,333310,MADATHUKULAM,Rural,2,cat2,"UPS (I-VIII)",1,"Department of Education",2,SC,4,4,11,3,12,8,6,14,10,7,0,0,0,0,9,7,8,9,2,5,7,11,0,0,0,0
2019-20,33,Tamilnadu,3333,TIRUPPUR,333311,GUNDADAM,Rural,2,cat2,"UPS (I-VIII)",1,"Department of Education",2,SC,23,22,25,21,29,24,25,47,63,45,0,0,0,0,17,27,35,23,26,58,38,49,0,0,0,0
2019-20,33,Tamilnadu,3333,TIRUPPUR,333312,MOOLANUR,Rural,2,cat2,"UPS (I-VIII)",1,"Department of Education",2,SC,0,0,8,11,16,6,7,20,17,18,0,0,0,0,3,6,10,9,6,17,11,22,0,0,0,0
2019-20,33,Tamilnadu,3333,TIRUPPUR,333313,UDUMALAIPATTAI,Rural,2,cat2,"UPS (I-VIII)",1,"Department of Education",2,SC,71,58,41,64,57,71,70,74,70,73,0,0,0,0,56,47,62,58,54,80,62,75,0,0,0,0
2019-20,33,Tamilnadu,3333,TIRUPPUR,333316,AVINACI,Rural,2,cat2,"UPS (I-VIII)",1,"Department of Education",2,SC,28,31,93,80,87,104,87,118,119,125,0,0,0,0,77,64,83,80,81,96,106,99,0,0,0,0
2019-20,33,Tamilnadu,3333,TIRUPPUR,333317,PONGALUR,Rural,2,cat2,"UPS (I-VIII)",1,"Department of Education",2,SC,30,21,39,30,51,41,49,58,52,73,0,0,0,0,30,44,52,61,43,55,61,60,0,0,0,0
2019-20,33,Tamilnadu,3333,TIRUPPUR,333318,PALLADAM,Rural,2,cat2,"UPS (I-VIII)",1,"Department of Education",2,SC,10,9,47,47,49,53,58,68,56,48,0,0,0,0,44,49,60,42,50,56,54,55,0,0,0,0
2019-20,33,Tamilnadu,3333,TIRUPPUR,333319,UTHUKULI,Rural,2,cat2,"UPS (I-VIII)",1,"Department of Education",2,SC,22,23,34,41,44,40,46,53,48,48,0,0,0,0,20,33,40,41,21,48,49,49,0,0,0,0
2019-20,33,Tamilnadu,3333,TIRUPPUR,333320,VELLACKOIL,Rural,2,cat2,"UPS (I-VIII)",1,"Department of Education",2,SC,3,4,8,9,9,8,9,12,24,8,0,0,0,0,7,7,11,5,8,15,14,13,0,0,0,0
2019-20,33,Tamilnadu,3333,TIRUPPUR,333322,TIRUPUR,Rural,2,cat2,"UPS (I-VIII)",1,"Department of Education",2,SC,26,14,54,49,65,93,80,91,102,91,0,0,0,0,49,71,60,67,70,92,85,90,0,0,0,0
2019-20,33,Tamilnadu,3333,TIRUPPUR,333306,DHARAPURAM,Urban,2,cat2,"UPS (I-VIII)",1,"Department of Education",2,SC,19,18,28,24,32,25,34,43,32,38,0,0,0,0,18,20,28,36,21,31,24,18,0,0,0,0
2019-20,33,Tamilnadu,3333,TIRUPPUR,333309,GANGAYAM,Urban,2,cat2,"UPS (I-VIII)",1,"Department of Education",2,SC,0,0,7,13,17,6,3,13,15,9,0,0,0,0,8,8,11,6,11,11,7,13,0,0,0,0
2019-20,33,Tamilnadu,3333,TIRUPPUR,333310,MADATHUKULAM,Urban,2,cat2,"UPS (I-VIII)",1,"Department of Education",2,SC,21,28,11,17,21,21,22,26,28,38,0,0,0,0,18,27,26,22,14,31,27,32,0,0,0,0
2019-20,33,Tamilnadu,3333,TIRUPPUR,333311,GUNDADAM,Urban,2,cat2,"UPS (I-VIII)",1,"Department of Education",2,SC,0,0,1,2,3,3,2,5,2,2,0,0,0,0,1,1,6,2,6,2,4,4,0,0,0,0
2019-20,33,Tamilnadu,3333,TIRUPPUR,333312,MOOLANUR,Urban,2,cat2,"UPS (I-VIII)",1,"Department of Education",2,SC,0,0,4,7,7,10,5,9,7,5,0,0,0,0,7,3,7,4,3,11,11,7,0,0,0,0
2019-20,33,Tamilnadu,3333,TIRUPPUR,333313,UDUMALAIPATTAI,Urban,2,cat2,"UPS (I-VIII)",1,"Department of Education",2,SC,11,14,9,16,9,13,17,22,25,16,0,0,0,0,10,7,15,16,9,16,17,15,0,0,0,0
2019-20,33,Tamilnadu,3333,TIRUPPUR,333316,AVINACI,Urban,2,cat2,"UPS (I-VIII)",1,"Department of Education",2,SC,0,0,15,13,14,12,11,15,14,13,0,0,0,0,7,8,12,8,15,17,11,10,0,0,0,0
2019-20,33,Tamilnadu,3333,TIRUPPUR,333318,PALLADAM,Urban,2,cat2,"UPS (I-VIII)",1,"Department of Education",2,SC,0,0,23,30,26,28,27,31,28,29,0,0,0,0,26,25,27,29,30,27,33,28,0,0,0,0
2019-20,33,Tamilnadu,3333,TIRUPPUR,333319,UTHUKULI,Urban,2,cat2,"UPS (I-VIII)",1,"Department of Education",2,SC,0,0,10,8,12,21,18,19,25,24,0,0,0,0,12,14,16,11,24,15,18,20,0,0,0,0
2019-20,33,Tamilnadu,3333,TIRUPPUR,333320,VELLACKOIL,Urban,2,cat2,"UPS (I-VIII)",1,"Department of Education",2,SC,10,12,36,31,28,32,29,52,44,51,0,0,0,0,33,32,33,39,22,35,36,38,0,0,0,0
2019-20,33,Tamilnadu,3333,TIRUPPUR,333322,TIRUPUR,Urban,2,cat2,"UPS (I-VIII)",1,"Department of Education",2,SC,157,130,239,200,261,251,251,267,265,222,0,0,0,0,205,188,248,228,239,285,238,233,0,0,0,0
2019-20,33,Tamilnadu,3333,TIRUPPUR,333317,PONGALUR,Rural,2,cat2,"UPS (I-VIII)",2,"Tribal Welfare Department",2,SC,0,0,0,1,1,0,1,2,3,6,0,0,0,0,0,0,0,2,4,5,0,5,0,0,0,0
2019-20,33,Tamilnadu,3333,TIRUPPUR,333313,UDUMALAIPATTAI,Rural,2,cat2,"UPS (I-VIII)",4,"Government Aided",2,SC,0,0,1,3,4,3,7,9,8,5,0,0,0,0,2,4,3,4,6,1,9,3,0,0,0,0
2019-20,33,Tamilnadu,3333,TIRUPPUR,333318,PALLADAM,Rural,2,cat2,"UPS (I-VIII)",4,"Government Aided",2,SC,0,0,5,2,7,4,5,9,4,7,0,0,0,0,6,6,7,4,8,4,6,3,0,0,0,0
2019-20,33,Tamilnadu,3333,TIRUPPUR,333306,DHARAPURAM,Urban,2,cat2,"UPS (I-VIII)",4,"Government Aided",2,SC,0,0,0,5,7,2,4,8,7,13,0,0,0,0,8,6,3,9,1,7,1,3,0,0,0,0
2019-20,33,Tamilnadu,3333,TIRUPPUR,333318,PALLADAM,Urban,2,cat2,"UPS (I-VIII)",4,"Government Aided",2,SC,0,0,12,18,20,12,11,12,18,9,0,0,0,0,13,16,19,14,13,21,20,19,0,0,0,0
2019-20,33,Tamilnadu,3333,TIRUPPUR,333322,TIRUPUR,Urban,2,cat2,"UPS (I-VIII)",4,"Government Aided",2,SC,0,0,4,8,2,9,7,9,5,8,0,0,0,0,5,5,4,4,6,8,6,4,0,0,0,0
2019-20,33,Tamilnadu,3333,TIRUPPUR,333309,GANGAYAM,Rural,2,cat2,"UPS (I-VIII)",5,"Private Unaided (Recognized)",2,SC,11,5,1,1,0,1,0,2,0,0,0,0,0,0,2,2,3,0,0,1,0,0,0,0,0,0
2019-20,33,Tamilnadu,3333,TIRUPPUR,333313,UDUMALAIPATTAI,Rural,2,cat2,"UPS (I-VIII)",5,"Private Unaided (Recognized)",2,SC,2,1,2,2,0,6,12,22,15,32,0,0,0,0,1,1,0,1,1,2,0,0,0,0,0,0
2019-20,33,Tamilnadu,3333,TIRUPPUR,333316,AVINACI,Rural,2,cat2,"UPS (I-VIII)",5,"Private Unaided (Recognized)",2,SC,5,3,1,0,0,0,1,0,1,1,0,0,0,0,1,2,2,4,1,4,2,1,0,0,0,0
2019-20,33,Tamilnadu,3333,TIRUPPUR,333317,PONGALUR,Rural,2,cat2,"UPS (I-VIII)",5,"Private Unaided (Recognized)",2,SC,0,1,1,3,1,0,0,1,0,0,0,0,0,0,1,0,0,0,1,0,0,0,0,0,0,0
2019-20,33,Tamilnadu,3333,TIRUPPUR,333318,PALLADAM,Rural,2,cat2,"UPS (I-VIII)",5,"Private Unaided (Recognized)",2,SC,2,0,2,2,0,0,1,0,0,0,0,0,0,0,0,1,0,2,0,0,0,0,0,0,0,0
2019-20,33,Tamilnadu,3333,TIRUPPUR,333312,MOOLANUR,Urban,2,cat2,"UPS (I-VIII)",5,"Private Unaided (Recognized)",2,SC,7,11,3,4,7,1,1,0,0,0,0,0,0,0,5,1,0,3,3,2,1,1,0,0,0,0
2019-20,33,Tamilnadu,3333,TIRUPPUR,333320,VELLACKOIL,Urban,2,cat2,"UPS (I-VIII)",5,"Private Unaided (Recognized)",2,SC,2,0,0,0,0,0,0,0,1,2,0,0,0,0,0,1,0,0,0,0,0,0,0,0,0,0
2019-20,33,Tamilnadu,3333,TIRUPPUR,333322,TIRUPUR,Urban,2,cat2,"UPS (I-VIII)",5,"Private Unaided (Recognized)",2,SC,26,27,7,13,12,13,15,6,7,3,0,0,0,0,8,10,7,14,11,3,7,1,0,0,0,0
2019-20,33,Tamilnadu,3333,TIRUPPUR,333311,GUNDADAM,Rural,2,cat2,"UPS (I-VIII)",6,"Other Govt. managed schools",2,SC,0,0,0,0,0,0,0,0,0,0,0,0,0,0,0,2,3,1,4,9,12,15,0,0,0,0
2019-20,33,Tamilnadu,3333,TIRUPPUR,333312,MOOLANUR,Rural,2,cat2,"UPS (I-VIII)",6,"Other Govt. managed schools",2,SC,0,0,0,0,0,0,0,0,0,0,0,0,0,0,0,0,3,5,6,11,6,16,0,0,0,0
2019-20,33,Tamilnadu,3333,TIRUPPUR,333316,AVINACI,Urban,2,cat2,"UPS (I-VIII)",6,"Other Govt. managed schools",2,SC,0,0,0,0,0,0,2,0,1,0,0,0,0,0,0,0,0,0,0,1,1,0,0,0,0,0
2019-20,33,Tamilnadu,3333,TIRUPPUR,333306,DHARAPURAM,Rural,2,cat2,"UPS (I-VIII)",8,Unrecognized,2,SC,2,1,0,0,1,0,2,1,1,0,0,0,0,0,0,1,1,0,1,1,0,0,0,0,0,0
2019-20,33,Tamilnadu,3333,TIRUPPUR,333313,UDUMALAIPATTAI,Rural,2,cat2,"UPS (I-VIII)",8,Unrecognized,2,SC,0,0,0,0,0,0,1,0,2,0,0,0,0,0,0,0,0,0,0,0,1,0,0,0,0,0
2019-20,33,Tamilnadu,3333,TIRUPPUR,333317,PONGALUR,Rural,2,cat2,"UPS (I-VIII)",8,Unrecognized,2,SC,2,2,2,0,0,2,1,0,0,0,0,0,0,0,2,2,0,1,0,0,0,0,0,0,0,0
2019-20,33,Tamilnadu,3333,TIRUPPUR,333313,UDUMALAIPATTAI,Urban,2,cat2,"UPS (I-VIII)",8,Unrecognized,2,SC,0,0,0,3,1,1,0,0,0,0,0,0,0,0,0,0,0,2,0,1,0,0,0,0,0,0
2019-20,33,Tamilnadu,3333,TIRUPPUR,333306,DHARAPURAM,Urban,4,cat4,"UPS (VI-VIII)",5,"Private Unaided (Recognized)",2,SC,0,0,0,0,0,0,0,0,0,0,0,0,0,0,0,0,0,0,0,0,0,0,0,0,0,0
2019-20,33,Tamilnadu,3333,TIRUPPUR,333322,TIRUPUR,Urban,3,cat3,"HSS (I-XII)",3,"Local body",3,ST,0,3,0,0,0,0,0,0,0,0,0,0,0,0,0,0,0,2,0,1,0,1,4,2,4,1
2019-20,33,Tamilnadu,3333,TIRUPPUR,333313,UDUMALAIPATTAI,Urban,3,cat3,"HSS (I-XII)",4,"Government Aided",3,ST,0,0,0,0,0,0,0,0,0,0,0,0,0,0,0,0,0,0,0,0,0,2,1,3,0,1
2019-20,33,Tamilnadu,3333,TIRUPPUR,333306,DHARAPURAM,Rural,3,cat3,"HSS (I-XII)",5,"Private Unaided (Recognized)",3,ST,0,1,0,0,0,0,2,0,0,0,2,0,0,0,1,0,0,0,0,0,0,1,0,0,0,0
2019-20,33,Tamilnadu,3333,TIRUPPUR,333308,KUDIMANGALAM,Rural,3,cat3,"HSS (I-XII)",5,"Private Unaided (Recognized)",3,ST,0,0,0,0,0,0,0,0,0,0,0,0,0,0,0,0,0,0,1,0,0,0,0,0,0,0
2019-20,33,Tamilnadu,3333,TIRUPPUR,333309,GANGAYAM,Rural,3,cat3,"HSS (I-XII)",5,"Private Unaided (Recognized)",3,ST,2,1,2,3,0,0,0,0,3,5,5,0,2,0,0,0,0,0,0,0,0,0,4,1,0,0
2019-20,33,Tamilnadu,3333,TIRUPPUR,333310,MADATHUKULAM,Rural,3,cat3,"HSS (I-XII)",5,"Private Unaided (Recognized)",3,ST,0,0,1,0,0,0,0,0,0,0,0,0,0,0,0,0,0,0,0,0,0,0,0,0,0,0
2019-20,33,Tamilnadu,3333,TIRUPPUR,333311,GUNDADAM,Rural,3,cat3,"HSS (I-XII)",5,"Private Unaided (Recognized)",3,ST,0,0,0,0,0,0,0,0,0,0,0,0,0,0,0,0,0,0,0,0,0,0,0,0,0,0
2019-20,33,Tamilnadu,3333,TIRUPPUR,333313,UDUMALAIPATTAI,Rural,3,cat3,"HSS (I-XII)",5,"Private Unaided (Recognized)",3,ST,6,3,2,3,1,0,0,0,1,3,3,0,1,0,0,2,0,2,0,1,0,1,2,0,0,0
2019-20,33,Tamilnadu,3333,TIRUPPUR,333316,AVINACI,Rural,3,cat3,"HSS (I-XII)",5,"Private Unaided (Recognized)",3,ST,3,4,1,1,1,1,0,0,0,1,0,1,0,0,1,1,1,1,0,1,0,1,2,0,0,0
2019-20,33,Tamilnadu,3333,TIRUPPUR,333317,PONGALUR,Rural,3,cat3,"HSS (I-XII)",5,"Private Unaided (Recognized)",3,ST,0,0,0,1,0,0,0,0,0,0,0,0,0,0,0,0,0,0,1,0,0,1,0,0,0,0
2019-20,33,Tamilnadu,3333,TIRUPPUR,333318,PALLADAM,Rural,3,cat3,"HSS (I-XII)",5,"Private Unaided (Recognized)",3,ST,2,4,2,0,0,1,2,0,0,4,1,1,3,1,1,0,0,0,1,1,2,3,2,1,0,0
2019-20,33,Tamilnadu,3333,TIRUPPUR,333319,UTHUKULI,Rural,3,cat3,"HSS (I-XII)",5,"Private Unaided (Recognized)",3,ST,0,4,0,0,0,0,1,0,2,2,0,1,0,0,2,1,0,0,0,0,1,1,0,0,1,0
2019-20,33,Tamilnadu,3333,TIRUPPUR,333320,VELLACKOIL,Rural,3,cat3,"HSS (I-XII)",5,"Private Unaided (Recognized)",3,ST,0,0,0,0,0,0,0,0,0,1,0,0,0,0,2,0,0,0,0,0,0,0,0,0,0,0
2019-20,33,Tamilnadu,3333,TIRUPPUR,333322,TIRUPUR,Rural,3,cat3,"HSS (I-XII)",5,"Private Unaided (Recognized)",3,ST,4,2,1,3,1,1,0,3,0,5,5,0,0,0,1,2,0,1,1,1,3,0,0,0,0,1
2019-20,33,Tamilnadu,3333,TIRUPPUR,333306,DHARAPURAM,Urban,3,cat3,"HSS (I-XII)",5,"Private Unaided (Recognized)",3,ST,0,1,0,0,0,0,0,1,0,1,0,0,0,0,0,0,0,0,0,1,0,1,1,0,0,1
2019-20,33,Tamilnadu,3333,TIRUPPUR,333312,MOOLANUR,Urban,3,cat3,"HSS (I-XII)",5,"Private Unaided (Recognized)",3,ST,0,0,0,0,0,0,0,0,0,0,0,0,0,0,0,0,0,0,0,0,0,0,0,0,0,0
2019-20,33,Tamilnadu,3333,TIRUPPUR,333313,UDUMALAIPATTAI,Urban,3,cat3,"HSS (I-XII)",5,"Private Unaided (Recognized)",3,ST,1,1,0,0,2,0,1,2,2,1,1,1,2,3,0,0,0,0,0,0,1,1,1,1,3,0
2019-20,33,Tamilnadu,3333,TIRUPPUR,333316,AVINACI,Urban,3,cat3,"HSS (I-XII)",5,"Private Unaided (Recognized)",3,ST,0,1,0,1,0,0,0,0,0,0,0,0,1,0,0,0,0,0,0,0,0,1,0,0,0,0
2019-20,33,Tamilnadu,3333,TIRUPPUR,333318,PALLADAM,Urban,3,cat3,"HSS (I-XII)",5,"Private Unaided (Recognized)",3,ST,2,2,0,0,1,0,0,1,0,0,0,0,0,0,0,0,0,1,0,0,0,0,0,0,0,1
2019-20,33,Tamilnadu,3333,TIRUPPUR,333319,UTHUKULI,Urban,3,cat3,"HSS (I-XII)",5,"Private Unaided (Recognized)",3,ST,0,0,0,0,0,0,0,0,0,2,0,1,0,0,0,0,0,1,0,1,0,0,0,0,1,0
2019-20,33,Tamilnadu,3333,TIRUPPUR,333320,VELLACKOIL,Urban,3,cat3,"HSS (I-XII)",5,"Private Unaided (Recognized)",3,ST,0,0,0,0,0,0,0,0,0,0,1,1,0,0,0,0,0,0,0,0,0,0,2,0,0,0
2019-20,33,Tamilnadu,3333,TIRUPPUR,333322,TIRUPUR,Urban,3,cat3,"HSS (I-XII)",5,"Private Unaided (Recognized)",3,ST,16,14,11,10,13,7,7,6,5,9,10,6,2,3,13,11,5,5,3,7,3,7,18,2,2,3
2019-20,33,Tamilnadu,3333,TIRUPPUR,333306,DHARAPURAM,Rural,5,cat5,"HSS (VI-XII)",1,"Department of Education",3,ST,0,0,0,0,0,0,0,0,0,0,0,0,0,0,0,0,0,0,0,0,0,0,0,0,0,0
2019-20,33,Tamilnadu,3333,TIRUPPUR,333308,KUDIMANGALAM,Rural,5,cat5,"HSS (VI-XII)",1,"Department of Education",3,ST,0,0,0,0,0,0,0,0,0,1,0,0,0,0,0,0,0,0,0,1,0,0,1,0,0,0
2019-20,33,Tamilnadu,3333,TIRUPPUR,333309,GANGAYAM,Rural,5,cat5,"HSS (VI-XII)",1,"Department of Education",3,ST,0,0,0,0,0,0,0,0,0,0,0,2,1,0,0,0,0,0,0,0,0,1,0,0,0,0
2019-20,33,Tamilnadu,3333,TIRUPPUR,333310,MADATHUKULAM,Rural,5,cat5,"HSS (VI-XII)",1,"Department of Education",3,ST,0,0,0,0,0,0,0,0,0,1,0,0,0,0,0,0,0,0,0,0,0,0,0,0,0,0
2019-20,33,Tamilnadu,3333,TIRUPPUR,333312,MOOLANUR,Rural,5,cat5,"HSS (VI-XII)",1,"Department of Education",3,ST,0,0,0,0,0,0,0,0,0,0,0,0,0,0,0,0,0,0,0,0,0,0,0,1,0,0
2019-20,33,Tamilnadu,3333,TIRUPPUR,333313,UDUMALAIPATTAI,Rural,5,cat5,"HSS (VI-XII)",1,"Department of Education",3,ST,0,0,0,0,0,0,0,0,3,2,13,10,11,8,0,0,0,0,0,0,0,0,8,14,4,8
2019-20,33,Tamilnadu,3333,TIRUPPUR,333316,AVINACI,Rural,5,cat5,"HSS (VI-XII)",1,"Department of Education",3,ST,0,0,0,0,0,0,0,10,6,2,9,1,5,1,0,0,0,0,0,4,4,0,4,2,1,0
2019-20,33,Tamilnadu,3333,TIRUPPUR,333317,PONGALUR,Rural,5,cat5,"HSS (VI-XII)",1,"Department of Education",3,ST,0,0,0,0,0,0,0,1,0,0,0,0,0,1,0,0,0,0,0,0,1,1,1,0,0,0
2019-20,33,Tamilnadu,3333,TIRUPPUR,333318,PALLADAM,Rural,5,cat5,"HSS (VI-XII)",1,"Department of Education",3,ST,0,0,0,0,0,0,0,0,2,1,0,2,2,1,0,0,0,0,0,0,1,0,1,1,1,0
2019-20,33,Tamilnadu,3333,TIRUPPUR,333319,UTHUKULI,Rural,5,cat5,"HSS (VI-XII)",1,"Department of Education",3,ST,0,0,0,0,0,0,0,0,0,1,0,0,0,0,0,0,0,0,0,0,0,0,1,0,0,1
2019-20,33,Tamilnadu,3333,TIRUPPUR,333320,VELLACKOIL,Rural,5,cat5,"HSS (VI-XII)",1,"Department of Education",3,ST,0,0,0,0,0,0,0,0,0,0,1,1,0,0,0,0,0,0,0,0,0,0,0,0,0,0
2019-20,33,Tamilnadu,3333,TIRUPPUR,333322,TIRUPUR,Rural,5,cat5,"HSS (VI-XII)",1,"Department of Education",3,ST,0,0,0,0,0,0,0,1,1,2,2,1,2,1,0,0,0,0,0,0,1,0,2,1,5,1
2019-20,33,Tamilnadu,3333,TIRUPPUR,333306,DHARAPURAM,Urban,5,cat5,"HSS (VI-XII)",1,"Department of Education",3,ST,0,0,0,0,0,0,0,0,0,0,0,0,0,0,0,0,0,0,0,0,0,0,0,0,0,0
2019-20,33,Tamilnadu,3333,TIRUPPUR,333309,GANGAYAM,Urban,5,cat5,"HSS (VI-XII)",1,"Department of Education",3,ST,0,0,0,0,0,0,0,0,0,1,0,1,2,2,0,0,0,0,0,0,1,0,0,0,0,0
2019-20,33,Tamilnadu,3333,TIRUPPUR,333310,MADATHUKULAM,Urban,5,cat5,"HSS (VI-XII)",1,"Department of Education",3,ST,0,0,0,0,0,0,0,0,0,1,0,0,0,1,0,0,0,0,0,0,0,0,0,0,1,0
2019-20,33,Tamilnadu,3333,TIRUPPUR,333311,GUNDADAM,Urban,5,cat5,"HSS (VI-XII)",1,"Department of Education",3,ST,0,0,0,0,0,0,0,0,0,0,0,0,0,0,0,0,0,0,0,0,0,0,0,0,0,0
2019-20,33,Tamilnadu,3333,TIRUPPUR,333312,MOOLANUR,Urban,5,cat5,"HSS (VI-XII)",1,"Department of Education",3,ST,0,0,0,0,0,0,0,0,0,0,0,0,0,0,0,0,0,0,0,0,1,0,1,0,0,0
2019-20,33,Tamilnadu,3333,TIRUPPUR,333313,UDUMALAIPATTAI,Urban,5,cat5,"HSS (VI-XII)",1,"Department of Education",3,ST,0,0,0,0,0,0,0,0,0,1,1,0,0,0,0,0,0,0,0,2,2,1,2,0,1,1
2019-20,33,Tamilnadu,3333,TIRUPPUR,333316,AVINACI,Urban,5,cat5,"HSS (VI-XII)",1,"Department of Education",3,ST,0,0,0,0,0,0,0,1,1,0,1,0,1,0,0,0,0,0,0,0,0,0,2,1,1,2
2019-20,33,Tamilnadu,3333,TIRUPPUR,333318,PALLADAM,Urban,5,cat5,"HSS (VI-XII)",1,"Department of Education",3,ST,0,0,0,0,0,0,0,0,0,0,0,0,0,0,0,0,0,0,0,0,0,0,0,0,0,0
2019-20,33,Tamilnadu,3333,TIRUPPUR,333319,UTHUKULI,Urban,5,cat5,"HSS (VI-XII)",1,"Department of Education",3,ST,0,0,0,0,0,0,0,0,0,0,1,0,1,2,0,0,0,0,0,3,0,1,0,1,0,0
2019-20,33,Tamilnadu,3333,TIRUPPUR,333320,VELLACKOIL,Urban,5,cat5,"HSS (VI-XII)",1,"Department of Education",3,ST,0,0,0,0,0,0,0,1,0,0,1,0,0,0,0,0,0,0,0,0,0,0,0,0,0,0
2019-20,33,Tamilnadu,3333,TIRUPPUR,333322,TIRUPUR,Urban,5,cat5,"HSS (VI-XII)",1,"Department of Education",3,ST,0,0,0,0,0,0,0,1,1,6,5,3,5,1,0,0,0,0,0,3,1,1,4,1,0,2
2019-20,33,Tamilnadu,3333,TIRUPPUR,333306,DHARAPURAM,Urban,5,cat5,"HSS (VI-XII)",3,"Local body",3,ST,0,0,0,0,0,0,0,0,0,1,0,0,0,0,0,0,0,0,0,0,0,0,0,0,0,0
2019-20,33,Tamilnadu,3333,TIRUPPUR,333322,TIRUPUR,Urban,5,cat5,"HSS (VI-XII)",3,"Local body",3,ST,0,0,0,0,0,0,0,0,1,4,4,1,6,4,0,0,0,0,0,3,1,2,0,1,2,1
2019-20,33,Tamilnadu,3333,TIRUPPUR,333306,DHARAPURAM,Rural,5,cat5,"HSS (VI-XII)",4,"Government Aided",3,ST,0,0,0,0,0,0,0,0,1,0,0,0,0,0,0,0,0,0,0,0,0,0,0,0,0,0
2019-20,33,Tamilnadu,3333,TIRUPPUR,333311,GUNDADAM,Rural,5,cat5,"HSS (VI-XII)",4,"Government Aided",3,ST,0,0,0,0,0,0,0,0,0,0,0,0,0,0,0,0,0,0,0,0,0,0,0,0,0,0
2019-20,33,Tamilnadu,3333,TIRUPPUR,333313,UDUMALAIPATTAI,Rural,5,cat5,"HSS (VI-XII)",4,"Government Aided",3,ST,0,0,0,0,0,0,0,1,0,0,0,2,0,0,0,0,0,0,0,3,3,2,0,1,1,1
2019-20,33,Tamilnadu,3333,TIRUPPUR,333317,PONGALUR,Rural,5,cat5,"HSS (VI-XII)",4,"Government Aided",3,ST,0,0,0,0,0,0,0,0,0,0,0,0,0,0,0,0,0,0,0,0,0,1,0,0,0,0
2019-20,33,Tamilnadu,3333,TIRUPPUR,333318,PALLADAM,Rural,5,cat5,"HSS (VI-XII)",4,"Government Aided",3,ST,0,0,0,0,0,0,0,0,0,0,0,0,0,0,0,0,0,0,0,0,0,0,0,0,0,1
2019-20,33,Tamilnadu,3333,TIRUPPUR,333306,DHARAPURAM,Urban,5,cat5,"HSS (VI-XII)",4,"Government Aided",3,ST,0,0,0,0,0,0,0,0,0,0,1,0,0,1,0,0,0,0,0,1,2,1,1,6,0,1
2019-20,33,Tamilnadu,3333,TIRUPPUR,333309,GANGAYAM,Urban,5,cat5,"HSS (VI-XII)",4,"Government Aided",3,ST,0,0,0,0,0,0,0,0,0,0,0,0,0,0,0,0,0,0,0,1,0,0,1,0,0,1
2019-20,33,Tamilnadu,3333,TIRUPPUR,333310,MADATHUKULAM,Urban,5,cat5,"HSS (VI-XII)",4,"Government Aided",3,ST,0,0,0,0,0,0,0,1,1,0,0,0,0,0,0,0,0,0,0,0,0,0,0,0,0,0
2019-20,33,Tamilnadu,3333,TIRUPPUR,333313,UDUMALAIPATTAI,Urban,5,cat5,"HSS (VI-XII)",4,"Government Aided",3,ST,0,0,0,0,0,0,0,0,0,0,0,0,0,0,0,0,0,0,0,0,0,0,0,0,0,0
2019-20,33,Tamilnadu,3333,TIRUPPUR,333316,AVINACI,Urban,5,cat5,"HSS (VI-XII)",4,"Government Aided",3,ST,0,0,0,0,0,0,0,0,0,0,0,0,0,0,0,0,0,0,0,0,1,1,0,1,0,0
2019-20,33,Tamilnadu,3333,TIRUPPUR,333318,PALLADAM,Urban,5,cat5,"HSS (VI-XII)",4,"Government Aided",3,ST,0,0,0,0,0,0,0,0,0,1,0,2,0,8,0,0,0,0,0,0,2,2,0,2,0,0
2019-20,33,Tamilnadu,3333,TIRUPPUR,333322,TIRUPUR,Urban,5,cat5,"HSS (VI-XII)",4,"Government Aided",3,ST,0,0,0,0,0,0,0,0,1,0,2,0,1,0,0,0,0,0,0,0,0,1,0,0,0,0
2019-20,33,Tamilnadu,3333,TIRUPPUR,333306,DHARAPURAM,Rural,5,cat5,"HSS (VI-XII)",5,"Private Unaided (Recognized)",3,ST,0,0,0,0,0,0,0,0,0,0,0,0,0,0,0,0,0,0,0,0,0,1,0,0,1,0
2019-20,33,Tamilnadu,3333,TIRUPPUR,333310,MADATHUKULAM,Rural,5,cat5,"HSS (VI-XII)",5,"Private Unaided (Recognized)",3,ST,0,0,0,0,0,0,0,0,2,1,3,1,2,1,0,0,0,0,0,0,1,2,1,0,0,0
2019-20,33,Tamilnadu,3333,TIRUPPUR,333313,UDUMALAIPATTAI,Rural,5,cat5,"HSS (VI-XII)",5,"Private Unaided (Recognized)",3,ST,0,0,0,0,0,0,0,0,0,0,0,2,0,0,0,0,0,0,0,0,0,0,0,0,0,0
2019-20,33,Tamilnadu,3333,TIRUPPUR,333316,AVINACI,Rural,5,cat5,"HSS (VI-XII)",5,"Private Unaided (Recognized)",3,ST,0,0,0,0,0,0,0,1,0,2,1,0,0,0,0,0,0,0,0,0,0,0,0,1,0,0
2019-20,33,Tamilnadu,3333,TIRUPPUR,333318,PALLADAM,Rural,5,cat5,"HSS (VI-XII)",5,"Private Unaided (Recognized)",3,ST,0,0,0,0,0,0,0,0,0,1,0,0,0,0,0,0,0,0,0,0,1,0,0,1,0,0
2019-20,33,Tamilnadu,3333,TIRUPPUR,333322,TIRUPUR,Rural,5,cat5,"HSS (VI-XII)",5,"Private Unaided (Recognized)",3,ST,0,0,0,0,0,0,0,0,0,0,0,0,0,0,0,0,0,0,0,1,1,0,0,0,0,0
2019-20,33,Tamilnadu,3333,TIRUPPUR,333306,DHARAPURAM,Urban,5,cat5,"HSS (VI-XII)",5,"Private Unaided (Recognized)",3,ST,0,0,0,0,0,0,0,0,0,0,0,0,0,0,0,0,0,0,0,0,0,0,0,0,0,0
2019-20,33,Tamilnadu,3333,TIRUPPUR,333310,MADATHUKULAM,Urban,5,cat5,"HSS (VI-XII)",5,"Private Unaided (Recognized)",3,ST,0,0,0,0,0,0,0,0,1,0,0,0,0,0,0,0,0,0,0,0,0,0,0,0,0,0
2019-20,33,Tamilnadu,3333,TIRUPPUR,333316,AVINACI,Urban,5,cat5,"HSS (VI-XII)",5,"Private Unaided (Recognized)",3,ST,0,0,0,0,0,0,0,0,0,0,0,1,0,0,0,0,0,0,0,0,0,0,0,0,0,0
2019-20,33,Tamilnadu,3333,TIRUPPUR,333313,UDUMALAIPATTAI,Rural,5,cat5,"HSS (VI-XII)",94,"Sainik School",3,ST,0,0,0,0,0,0,0,5,4,5,4,5,2,1,0,0,0,0,0,0,0,0,0,0,0,0
2019-20,33,Tamilnadu,3333,TIRUPPUR,333306,DHARAPURAM,Rural,1,cat1,"PS (I-V)",1,"Department of Education",3,ST,0,0,0,0,1,0,0,0,0,0,0,0,0,0,0,0,0,1,0,0,0,0,0,0,0,0
2019-20,33,Tamilnadu,3333,TIRUPPUR,333308,KUDIMANGALAM,Rural,1,cat1,"PS (I-V)",1,"Department of Education",3,ST,0,0,0,0,0,0,0,0,0,0,0,0,0,0,0,0,0,0,0,0,0,0,0,0,0,0
2019-20,33,Tamilnadu,3333,TIRUPPUR,333309,GANGAYAM,Rural,1,cat1,"PS (I-V)",1,"Department of Education",3,ST,0,0,4,4,1,1,2,0,0,0,0,0,0,0,7,1,2,5,3,0,0,0,0,0,0,0
2019-20,33,Tamilnadu,3333,TIRUPPUR,333310,MADATHUKULAM,Rural,1,cat1,"PS (I-V)",1,"Department of Education",3,ST,0,0,0,1,0,1,1,0,0,0,0,0,0,0,0,0,0,0,0,0,0,0,0,0,0,0
2019-20,33,Tamilnadu,3333,TIRUPPUR,333311,GUNDADAM,Rural,1,cat1,"PS (I-V)",1,"Department of Education",3,ST,0,0,0,1,0,0,0,0,0,0,0,0,0,0,0,0,0,0,0,0,0,0,0,0,0,0
2019-20,33,Tamilnadu,3333,TIRUPPUR,333312,MOOLANUR,Rural,1,cat1,"PS (I-V)",1,"Department of Education",3,ST,0,0,0,0,0,0,0,0,0,0,0,0,0,0,0,0,0,0,1,0,0,0,0,0,0,0
2019-20,33,Tamilnadu,3333,TIRUPPUR,333313,UDUMALAIPATTAI,Rural,1,cat1,"PS (I-V)",1,"Department of Education",3,ST,0,0,2,2,5,5,3,0,0,0,0,0,0,0,4,4,7,1,2,0,0,0,0,0,0,0
2019-20,33,Tamilnadu,3333,TIRUPPUR,333316,AVINACI,Rural,1,cat1,"PS (I-V)",1,"Department of Education",3,ST,0,0,9,8,8,8,5,0,0,0,0,0,0,0,9,3,9,5,6,0,0,0,0,0,0,0
2019-20,33,Tamilnadu,3333,TIRUPPUR,333317,PONGALUR,Rural,1,cat1,"PS (I-V)",1,"Department of Education",3,ST,0,0,1,2,0,0,1,0,0,0,0,0,0,0,2,1,1,1,0,0,0,0,0,0,0,0
2019-20,33,Tamilnadu,3333,TIRUPPUR,333318,PALLADAM,Rural,1,cat1,"PS (I-V)",1,"Department of Education",3,ST,0,0,0,2,1,2,3,0,0,0,0,0,0,0,4,2,3,2,1,0,0,0,0,0,0,0
2019-20,33,Tamilnadu,3333,TIRUPPUR,333319,UTHUKULI,Rural,1,cat1,"PS (I-V)",1,"Department of Education",3,ST,0,0,0,0,1,1,0,0,0,0,0,0,0,0,1,0,0,2,0,0,0,0,0,0,0,0
2019-20,33,Tamilnadu,3333,TIRUPPUR,333320,VELLACKOIL,Rural,1,cat1,"PS (I-V)",1,"Department of Education",3,ST,0,0,1,0,1,0,1,0,0,0,0,0,0,0,0,1,1,0,0,0,0,0,0,0,0,0
2019-20,33,Tamilnadu,3333,TIRUPPUR,333322,TIRUPUR,Rural,1,cat1,"PS (I-V)",1,"Department of Education",3,ST,0,0,1,1,1,0,0,0,0,0,0,0,0,0,0,0,1,0,0,0,0,0,0,0,0,0
2019-20,33,Tamilnadu,3333,TIRUPPUR,333306,DHARAPURAM,Urban,1,cat1,"PS (I-V)",1,"Department of Education",3,ST,0,0,0,0,1,1,1,0,0,0,0,0,0,0,0,0,1,0,0,0,0,0,0,0,0,0
2019-20,33,Tamilnadu,3333,TIRUPPUR,333309,GANGAYAM,Urban,1,cat1,"PS (I-V)",1,"Department of Education",3,ST,0,0,1,2,0,1,1,0,0,0,0,0,0,0,0,1,0,0,0,0,0,0,0,0,0,0
2019-20,33,Tamilnadu,3333,TIRUPPUR,333310,MADATHUKULAM,Urban,1,cat1,"PS (I-V)",1,"Department of Education",3,ST,0,0,0,1,0,0,0,0,0,0,0,0,0,0,0,0,0,0,0,0,0,0,0,0,0,0
2019-20,33,Tamilnadu,3333,TIRUPPUR,333311,GUNDADAM,Urban,1,cat1,"PS (I-V)",1,"Department of Education",3,ST,0,0,0,0,0,0,0,0,0,0,0,0,0,0,0,0,0,0,0,0,0,0,0,0,0,0
2019-20,33,Tamilnadu,3333,TIRUPPUR,333312,MOOLANUR,Urban,1,cat1,"PS (I-V)",1,"Department of Education",3,ST,0,0,0,0,0,0,1,0,0,0,0,0,0,0,1,0,0,0,0,0,0,0,0,0,0,0
2019-20,33,Tamilnadu,3333,TIRUPPUR,333313,UDUMALAIPATTAI,Urban,1,cat1,"PS (I-V)",1,"Department of Education",3,ST,0,0,0,0,0,0,1,0,0,0,0,0,0,0,0,0,0,0,1,0,0,0,0,0,0,0
2019-20,33,Tamilnadu,3333,TIRUPPUR,333316,AVINACI,Urban,1,cat1,"PS (I-V)",1,"Department of Education",3,ST,0,0,1,0,1,0,0,0,0,0,0,0,0,0,3,1,0,0,0,0,0,0,0,0,0,0
2019-20,33,Tamilnadu,3333,TIRUPPUR,333318,PALLADAM,Urban,1,cat1,"PS (I-V)",1,"Department of Education",3,ST,0,0,1,2,2,0,1,0,0,0,0,0,0,0,1,2,1,2,1,0,0,0,0,0,0,0
2019-20,33,Tamilnadu,3333,TIRUPPUR,333319,UTHUKULI,Urban,1,cat1,"PS (I-V)",1,"Department of Education",3,ST,0,0,0,1,0,0,1,0,0,0,0,0,0,0,0,0,0,1,1,0,0,0,0,0,0,0
2019-20,33,Tamilnadu,3333,TIRUPPUR,333320,VELLACKOIL,Urban,1,cat1,"PS (I-V)",1,"Department of Education",3,ST,0,0,0,0,0,0,0,0,0,0,0,0,0,0,0,0,1,0,0,0,0,0,0,0,0,0
2019-20,33,Tamilnadu,3333,TIRUPPUR,333322,TIRUPUR,Urban,1,cat1,"PS (I-V)",1,"Department of Education",3,ST,0,0,6,5,9,12,6,0,0,0,0,0,0,0,5,7,8,6,9,0,0,0,0,0,0,0
2019-20,33,Tamilnadu,3333,TIRUPPUR,333313,UDUMALAIPATTAI,Rural,1,cat1,"PS (I-V)",2,"Tribal Welfare Department",3,ST,0,0,2,1,1,2,0,0,0,0,0,0,0,0,0,2,2,1,3,0,0,0,0,0,0,0
2019-20,33,Tamilnadu,3333,TIRUPPUR,333317,PONGALUR,Rural,1,cat1,"PS (I-V)",2,"Tribal Welfare Department",3,ST,0,0,0,0,0,0,0,0,0,0,0,0,0,0,0,0,0,0,0,0,0,0,0,0,0,0
2019-20,33,Tamilnadu,3333,TIRUPPUR,333310,MADATHUKULAM,Urban,1,cat1,"PS (I-V)",2,"Tribal Welfare Department",3,ST,0,0,0,2,0,1,0,0,0,0,0,0,0,0,0,0,0,0,1,0,0,0,0,0,0,0
2019-20,33,Tamilnadu,3333,TIRUPPUR,333313,UDUMALAIPATTAI,Urban,1,cat1,"PS (I-V)",2,"Tribal Welfare Department",3,ST,0,0,1,0,0,0,0,0,0,0,0,0,0,0,0,0,0,1,0,0,0,0,0,0,0,0
2019-20,33,Tamilnadu,3333,TIRUPPUR,333322,TIRUPUR,Urban,1,cat1,"PS (I-V)",2,"Tribal Welfare Department",3,ST,0,0,0,1,2,1,0,0,0,0,0,0,0,0,0,1,0,1,0,0,0,0,0,0,0,0
2019-20,33,Tamilnadu,3333,TIRUPPUR,333306,DHARAPURAM,Rural,1,cat1,"PS (I-V)",4,"Government Aided",3,ST,0,0,0,0,0,0,0,0,0,0,0,0,0,0,0,0,0,0,0,0,0,0,0,0,0,0
2019-20,33,Tamilnadu,3333,TIRUPPUR,333308,KUDIMANGALAM,Rural,1,cat1,"PS (I-V)",4,"Government Aided",3,ST,0,0,0,0,1,0,0,0,0,0,0,0,0,0,0,0,0,0,0,0,0,0,0,0,0,0
2019-20,33,Tamilnadu,3333,TIRUPPUR,333309,GANGAYAM,Rural,1,cat1,"PS (I-V)",4,"Government Aided",3,ST,0,0,0,0,0,1,0,0,0,0,0,0,0,0,2,0,0,0,1,0,0,0,0,0,0,0
2019-20,33,Tamilnadu,3333,TIRUPPUR,333310,MADATHUKULAM,Rural,1,cat1,"PS (I-V)",4,"Government Aided",3,ST,0,0,0,0,0,0,0,0,0,0,0,0,0,0,0,0,0,0,0,0,0,0,0,0,0,0
2019-20,33,Tamilnadu,3333,TIRUPPUR,333311,GUNDADAM,Rural,1,cat1,"PS (I-V)",4,"Government Aided",3,ST,0,0,0,0,0,0,0,0,0,0,0,0,0,0,0,0,0,0,0,0,0,0,0,0,0,0
2019-20,33,Tamilnadu,3333,TIRUPPUR,333312,MOOLANUR,Rural,1,cat1,"PS (I-V)",4,"Government Aided",3,ST,0,0,0,0,0,0,0,0,0,0,0,0,0,0,0,0,0,0,0,0,0,0,0,0,0,0
2019-20,33,Tamilnadu,3333,TIRUPPUR,333313,UDUMALAIPATTAI,Rural,1,cat1,"PS (I-V)",4,"Government Aided",3,ST,0,0,0,0,0,0,0,0,0,0,0,0,0,0,0,0,0,2,0,0,0,0,0,0,0,0
2019-20,33,Tamilnadu,3333,TIRUPPUR,333317,PONGALUR,Rural,1,cat1,"PS (I-V)",4,"Government Aided",3,ST,0,0,1,0,0,0,0,0,0,0,0,0,0,0,0,0,0,0,1,0,0,0,0,0,0,0
2019-20,33,Tamilnadu,3333,TIRUPPUR,333318,PALLADAM,Rural,1,cat1,"PS (I-V)",4,"Government Aided",3,ST,0,0,0,0,0,0,0,0,0,0,0,0,0,0,0,0,0,0,0,0,0,0,0,0,0,0
2019-20,33,Tamilnadu,3333,TIRUPPUR,333320,VELLACKOIL,Rural,1,cat1,"PS (I-V)",4,"Government Aided",3,ST,0,0,0,0,0,0,0,0,0,0,0,0,0,0,0,0,0,0,0,0,0,0,0,0,0,0
2019-20,33,Tamilnadu,3333,TIRUPPUR,333322,TIRUPUR,Rural,1,cat1,"PS (I-V)",4,"Government Aided",3,ST,0,0,0,0,0,0,0,0,0,0,0,0,0,0,0,0,0,0,0,0,0,0,0,0,0,0
2019-20,33,Tamilnadu,3333,TIRUPPUR,333306,DHARAPURAM,Urban,1,cat1,"PS (I-V)",4,"Government Aided",3,ST,0,0,0,0,0,0,1,0,0,0,0,0,0,0,0,0,0,0,0,0,0,0,0,0,0,0
2019-20,33,Tamilnadu,3333,TIRUPPUR,333309,GANGAYAM,Urban,1,cat1,"PS (I-V)",4,"Government Aided",3,ST,0,0,0,0,0,0,0,0,0,0,0,0,0,0,0,0,0,0,0,0,0,0,0,0,0,0
2019-20,33,Tamilnadu,3333,TIRUPPUR,333310,MADATHUKULAM,Urban,1,cat1,"PS (I-V)",4,"Government Aided",3,ST,0,0,0,0,0,0,0,0,0,0,0,0,0,0,0,0,0,0,0,0,0,0,0,0,0,0
2019-20,33,Tamilnadu,3333,TIRUPPUR,333311,GUNDADAM,Urban,1,cat1,"PS (I-V)",4,"Government Aided",3,ST,0,0,0,0,0,0,0,0,0,0,0,0,0,0,0,0,0,0,0,0,0,0,0,0,0,0
2019-20,33,Tamilnadu,3333,TIRUPPUR,333312,MOOLANUR,Urban,1,cat1,"PS (I-V)",4,"Government Aided",3,ST,0,0,0,0,0,0,0,0,0,0,0,0,0,0,0,0,0,0,0,0,0,0,0,0,0,0
2019-20,33,Tamilnadu,3333,TIRUPPUR,333313,UDUMALAIPATTAI,Urban,1,cat1,"PS (I-V)",4,"Government Aided",3,ST,0,0,0,0,0,0,0,0,0,0,0,0,0,0,0,0,0,0,0,0,0,0,0,0,0,0
2019-20,33,Tamilnadu,3333,TIRUPPUR,333316,AVINACI,Urban,1,cat1,"PS (I-V)",4,"Government Aided",3,ST,0,0,1,1,0,1,0,0,0,0,0,0,0,0,1,0,0,0,3,0,0,0,0,0,0,0
2019-20,33,Tamilnadu,3333,TIRUPPUR,333318,PALLADAM,Urban,1,cat1,"PS (I-V)",4,"Government Aided",3,ST,0,0,0,0,0,0,0,0,0,0,0,0,0,0,0,0,0,0,0,0,0,0,0,0,0,0
2019-20,33,Tamilnadu,3333,TIRUPPUR,333322,TIRUPUR,Urban,1,cat1,"PS (I-V)",4,"Government Aided",3,ST,0,0,1,0,2,0,0,0,0,0,0,0,0,0,0,0,0,0,0,0,0,0,0,0,0,0
2019-20,33,Tamilnadu,3333,TIRUPPUR,333306,DHARAPURAM,Rural,1,cat1,"PS (I-V)",5,"Private Unaided (Recognized)",3,ST,0,0,0,0,0,0,0,0,0,0,0,0,0,0,0,0,0,0,0,0,0,0,0,0,0,0
2019-20,33,Tamilnadu,3333,TIRUPPUR,333308,KUDIMANGALAM,Rural,1,cat1,"PS (I-V)",5,"Private Unaided (Recognized)",3,ST,0,0,0,0,0,0,0,0,0,0,0,0,0,0,0,0,0,0,0,0,0,0,0,0,0,0
2019-20,33,Tamilnadu,3333,TIRUPPUR,333309,GANGAYAM,Rural,1,cat1,"PS (I-V)",5,"Private Unaided (Recognized)",3,ST,1,0,0,0,0,0,0,0,0,0,0,0,0,0,0,0,0,0,0,0,0,0,0,0,0,0
2019-20,33,Tamilnadu,3333,TIRUPPUR,333310,MADATHUKULAM,Rural,1,cat1,"PS (I-V)",5,"Private Unaided (Recognized)",3,ST,4,1,1,0,1,3,2,0,0,0,0,0,0,0,1,0,2,0,0,0,0,0,0,0,0,0
2019-20,33,Tamilnadu,3333,TIRUPPUR,333311,GUNDADAM,Rural,1,cat1,"PS (I-V)",5,"Private Unaided (Recognized)",3,ST,1,0,0,2,0,1,0,0,0,0,0,0,0,0,0,1,0,0,0,0,0,0,0,0,0,0
2019-20,33,Tamilnadu,3333,TIRUPPUR,333312,MOOLANUR,Rural,1,cat1,"PS (I-V)",5,"Private Unaided (Recognized)",3,ST,0,0,0,0,0,0,0,0,0,0,0,0,0,0,0,0,0,0,0,0,0,0,0,0,0,0
2019-20,33,Tamilnadu,3333,TIRUPPUR,333313,UDUMALAIPATTAI,Rural,1,cat1,"PS (I-V)",5,"Private Unaided (Recognized)",3,ST,1,1,0,0,1,0,0,0,0,0,0,0,0,0,0,0,0,0,0,0,0,0,0,0,0,0
2019-20,33,Tamilnadu,3333,TIRUPPUR,333316,AVINACI,Rural,1,cat1,"PS (I-V)",5,"Private Unaided (Recognized)",3,ST,5,9,4,1,0,2,1,0,0,0,0,0,0,0,1,3,0,2,1,0,0,0,0,0,0,0
2019-20,33,Tamilnadu,3333,TIRUPPUR,333317,PONGALUR,Rural,1,cat1,"PS (I-V)",5,"Private Unaided (Recognized)",3,ST,0,0,0,0,0,0,0,0,0,0,0,0,0,0,0,0,0,0,0,0,0,0,0,0,0,0
2019-20,33,Tamilnadu,3333,TIRUPPUR,333318,PALLADAM,Rural,1,cat1,"PS (I-V)",5,"Private Unaided (Recognized)",3,ST,1,5,0,3,1,0,1,0,0,0,0,0,0,0,0,0,1,0,0,0,0,0,0,0,0,0
2019-20,33,Tamilnadu,3333,TIRUPPUR,333319,UTHUKULI,Rural,1,cat1,"PS (I-V)",5,"Private Unaided (Recognized)",3,ST,0,0,0,0,0,0,0,0,0,0,0,0,0,0,0,0,0,0,0,0,0,0,0,0,0,0
2019-20,33,Tamilnadu,3333,TIRUPPUR,333322,TIRUPUR,Rural,1,cat1,"PS (I-V)",5,"Private Unaided (Recognized)",3,ST,3,3,1,4,2,1,0,0,0,0,0,0,0,0,1,2,3,0,1,0,0,0,0,0,0,0
2019-20,33,Tamilnadu,3333,TIRUPPUR,333306,DHARAPURAM,Urban,1,cat1,"PS (I-V)",5,"Private Unaided (Recognized)",3,ST,1,0,0,0,0,0,0,0,0,0,0,0,0,0,0,0,0,0,0,0,0,0,0,0,0,0
2019-20,33,Tamilnadu,3333,TIRUPPUR,333309,GANGAYAM,Urban,1,cat1,"PS (I-V)",5,"Private Unaided (Recognized)",3,ST,0,4,2,0,0,0,0,0,0,0,0,0,0,0,1,0,0,1,0,0,0,0,0,0,0,0
2019-20,33,Tamilnadu,3333,TIRUPPUR,333310,MADATHUKULAM,Urban,1,cat1,"PS (I-V)",5,"Private Unaided (Recognized)",3,ST,0,1,0,0,0,0,0,0,0,0,0,0,0,0,0,0,1,0,0,0,0,0,0,0,0,0
2019-20,33,Tamilnadu,3333,TIRUPPUR,333311,GUNDADAM,Urban,1,cat1,"PS (I-V)",5,"Private Unaided (Recognized)",3,ST,0,0,0,0,0,0,0,0,0,0,0,0,0,0,0,0,0,0,0,0,0,0,0,0,0,0
2019-20,33,Tamilnadu,3333,TIRUPPUR,333312,MOOLANUR,Urban,1,cat1,"PS (I-V)",5,"Private Unaided (Recognized)",3,ST,0,0,0,0,0,0,0,0,0,0,0,0,0,0,0,0,0,0,0,0,0,0,0,0,0,0
2019-20,33,Tamilnadu,3333,TIRUPPUR,333313,UDUMALAIPATTAI,Urban,1,cat1,"PS (I-V)",5,"Private Unaided (Recognized)",3,ST,1,0,0,0,1,1,0,0,0,0,0,0,0,0,1,0,0,0,0,0,0,0,0,0,0,0
2019-20,33,Tamilnadu,3333,TIRUPPUR,333316,AVINACI,Urban,1,cat1,"PS (I-V)",5,"Private Unaided (Recognized)",3,ST,1,0,0,0,0,0,0,0,0,0,0,0,0,0,1,0,0,1,1,0,0,0,0,0,0,0
2019-20,33,Tamilnadu,3333,TIRUPPUR,333318,PALLADAM,Urban,1,cat1,"PS (I-V)",5,"Private Unaided (Recognized)",3,ST,0,0,0,0,0,0,0,0,0,0,0,0,0,0,0,0,0,0,0,0,0,0,0,0,0,0
2019-20,33,Tamilnadu,3333,TIRUPPUR,333320,VELLACKOIL,Urban,1,cat1,"PS (I-V)",5,"Private Unaided (Recognized)",3,ST,0,0,0,0,0,0,0,0,0,0,0,0,0,0,0,0,0,0,0,0,0,0,0,0,0,0
2019-20,33,Tamilnadu,3333,TIRUPPUR,333322,TIRUPUR,Urban,1,cat1,"PS (I-V)",5,"Private Unaided (Recognized)",3,ST,21,15,4,12,9,5,4,0,0,0,0,0,0,0,7,12,8,9,8,0,0,0,0,0,0,0
2019-20,33,Tamilnadu,3333,TIRUPPUR,333310,MADATHUKULAM,Rural,1,cat1,"PS (I-V)",8,Unrecognized,3,ST,0,0,0,0,0,0,0,0,0,0,0,0,0,0,0,0,0,0,0,0,0,0,0,0,0,0
2019-20,33,Tamilnadu,3333,TIRUPPUR,333311,GUNDADAM,Rural,1,cat1,"PS (I-V)",8,Unrecognized,3,ST,0,0,1,0,0,0,1,0,0,0,0,0,0,0,0,0,0,0,0,0,0,0,0,0,0,0
2019-20,33,Tamilnadu,3333,TIRUPPUR,333313,UDUMALAIPATTAI,Rural,1,cat1,"PS (I-V)",8,Unrecognized,3,ST,0,0,0,0,0,0,1,0,0,0,0,0,0,0,0,0,0,0,0,0,0,0,0,0,0,0
2019-20,33,Tamilnadu,3333,TIRUPPUR,333316,AVINACI,Rural,1,cat1,"PS (I-V)",8,Unrecognized,3,ST,0,0,0,0,0,0,0,0,0,0,0,0,0,0,0,0,0,0,0,0,0,0,0,0,0,0
2019-20,33,Tamilnadu,3333,TIRUPPUR,333317,PONGALUR,Rural,1,cat1,"PS (I-V)",8,Unrecognized,3,ST,0,0,0,0,0,0,0,0,0,0,0,0,0,0,0,0,0,0,0,0,0,0,0,0,0,0
2019-20,33,Tamilnadu,3333,TIRUPPUR,333318,PALLADAM,Rural,1,cat1,"PS (I-V)",8,Unrecognized,3,ST,0,1,0,0,0,0,0,0,0,0,0,0,0,0,0,0,0,0,0,0,0,0,0,0,0,0
2019-20,33,Tamilnadu,3333,TIRUPPUR,333322,TIRUPUR,Rural,1,cat1,"PS (I-V)",8,Unrecognized,3,ST,5,0,0,1,1,1,0,0,0,0,0,0,0,0,1,1,0,0,0,0,0,0,0,0,0,0
2019-20,33,Tamilnadu,3333,TIRUPPUR,333309,GANGAYAM,Urban,1,cat1,"PS (I-V)",8,Unrecognized,3,ST,0,0,0,0,0,0,0,0,0,0,0,0,0,0,0,0,0,0,0,0,0,0,0,0,0,0
2019-20,33,Tamilnadu,3333,TIRUPPUR,333310,MADATHUKULAM,Urban,1,cat1,"PS (I-V)",8,Unrecognized,3,ST,0,0,0,0,0,0,0,0,0,0,0,0,0,0,0,0,0,0,0,0,0,0,0,0,0,0
2019-20,33,Tamilnadu,3333,TIRUPPUR,333311,GUNDADAM,Urban,1,cat1,"PS (I-V)",8,Unrecognized,3,ST,0,0,0,0,0,0,0,0,0,0,0,0,0,0,0,0,0,0,0,0,0,0,0,0,0,0
2019-20,33,Tamilnadu,3333,TIRUPPUR,333313,UDUMALAIPATTAI,Urban,1,cat1,"PS (I-V)",8,Unrecognized,3,ST,0,0,0,0,0,0,0,0,0,0,0,0,0,0,0,0,0,0,0,0,0,0,0,0,0,0
2019-20,33,Tamilnadu,3333,TIRUPPUR,333316,AVINACI,Urban,1,cat1,"PS (I-V)",8,Unrecognized,3,ST,0,0,0,0,0,0,0,0,0,0,0,0,0,0,0,0,0,0,0,0,0,0,0,0,0,0
2019-20,33,Tamilnadu,3333,TIRUPPUR,333318,PALLADAM,Urban,1,cat1,"PS (I-V)",8,Unrecognized,3,ST,0,0,0,0,0,0,0,0,0,0,0,0,0,0,0,0,0,0,0,0,0,0,0,0,0,0
2019-20,33,Tamilnadu,3333,TIRUPPUR,333322,TIRUPUR,Urban,1,cat1,"PS (I-V)",8,Unrecognized,3,ST,4,4,2,0,0,0,0,0,0,0,0,0,0,0,0,3,0,0,0,0,0,0,0,0,0,0
2019-20,33,Tamilnadu,3333,TIRUPPUR,333313,UDUMALAIPATTAI,Urban,1,cat1,"PS (I-V)",92,"Kendriya Vidyalaya / Central School",3,ST,0,0,0,1,0,0,0,0,0,0,0,0,0,0,1,0,0,0,0,0,0,0,0,0,0,0
2019-20,33,Tamilnadu,3333,TIRUPPUR,333306,DHARAPURAM,Rural,6,cat6,"SS (I-X)",5,"Private Unaided (Recognized)",3,ST,1,0,1,0,0,1,0,0,1,0,0,0,0,0,0,0,0,0,0,0,0,0,0,0,0,0
2019-20,33,Tamilnadu,3333,TIRUPPUR,333308,KUDIMANGALAM,Rural,6,cat6,"SS (I-X)",5,"Private Unaided (Recognized)",3,ST,0,0,0,0,0,0,0,0,0,0,0,0,0,0,0,0,0,0,0,0,0,0,0,0,0,0
2019-20,33,Tamilnadu,3333,TIRUPPUR,333309,GANGAYAM,Rural,6,cat6,"SS (I-X)",5,"Private Unaided (Recognized)",3,ST,1,1,0,0,0,1,0,0,0,0,0,0,0,0,0,0,0,0,0,0,0,0,0,0,0,0
2019-20,33,Tamilnadu,3333,TIRUPPUR,333311,GUNDADAM,Rural,6,cat6,"SS (I-X)",5,"Private Unaided (Recognized)",3,ST,0,0,0,0,0,0,0,0,0,0,0,0,0,0,0,0,0,0,0,0,0,0,0,0,0,0
2019-20,33,Tamilnadu,3333,TIRUPPUR,333313,UDUMALAIPATTAI,Rural,6,cat6,"SS (I-X)",5,"Private Unaided (Recognized)",3,ST,0,0,0,0,2,0,0,1,0,0,0,1,0,0,0,0,1,1,0,0,0,0,0,0,0,0
2019-20,33,Tamilnadu,3333,TIRUPPUR,333316,AVINACI,Rural,6,cat6,"SS (I-X)",5,"Private Unaided (Recognized)",3,ST,0,0,0,0,0,0,0,2,0,1,1,0,0,0,0,2,0,0,0,0,1,0,0,0,0,0
2019-20,33,Tamilnadu,3333,TIRUPPUR,333317,PONGALUR,Rural,6,cat6,"SS (I-X)",5,"Private Unaided (Recognized)",3,ST,1,1,0,1,0,0,0,0,0,0,0,0,0,0,0,0,0,0,0,0,0,0,0,0,0,0
2019-20,33,Tamilnadu,3333,TIRUPPUR,333318,PALLADAM,Rural,6,cat6,"SS (I-X)",5,"Private Unaided (Recognized)",3,ST,0,0,0,0,0,0,0,0,0,0,0,0,0,0,0,0,0,0,0,0,0,0,0,0,0,0
2019-20,33,Tamilnadu,3333,TIRUPPUR,333319,UTHUKULI,Rural,6,cat6,"SS (I-X)",5,"Private Unaided (Recognized)",3,ST,0,0,0,0,0,0,0,0,0,0,0,0,0,0,0,0,0,0,0,0,0,0,0,0,0,0
2019-20,33,Tamilnadu,3333,TIRUPPUR,333320,VELLACKOIL,Rural,6,cat6,"SS (I-X)",5,"Private Unaided (Recognized)",3,ST,0,0,0,0,0,0,0,0,0,0,0,0,0,0,0,0,0,0,0,0,0,0,0,0,0,0
2019-20,33,Tamilnadu,3333,TIRUPPUR,333322,TIRUPUR,Rural,6,cat6,"SS (I-X)",5,"Private Unaided (Recognized)",3,ST,3,0,2,3,2,1,0,2,1,0,0,1,0,0,0,1,1,0,1,1,0,2,1,0,0,0
2019-20,33,Tamilnadu,3333,TIRUPPUR,333313,UDUMALAIPATTAI,Urban,6,cat6,"SS (I-X)",5,"Private Unaided (Recognized)",3,ST,0,0,0,0,0,0,0,0,0,0,0,0,0,0,0,0,0,0,0,0,0,0,0,0,0,0
2019-20,33,Tamilnadu,3333,TIRUPPUR,333316,AVINACI,Urban,6,cat6,"SS (I-X)",5,"Private Unaided (Recognized)",3,ST,1,0,0,0,0,0,2,0,1,1,0,0,0,0,0,0,0,0,0,0,0,0,0,0,0,0
2019-20,33,Tamilnadu,3333,TIRUPPUR,333319,UTHUKULI,Urban,6,cat6,"SS (I-X)",5,"Private Unaided (Recognized)",3,ST,1,1,0,0,0,0,0,0,0,0,0,0,0,0,0,0,0,0,0,0,0,0,0,0,0,0
2019-20,33,Tamilnadu,3333,TIRUPPUR,333320,VELLACKOIL,Urban,6,cat6,"SS (I-X)",5,"Private Unaided (Recognized)",3,ST,0,0,0,0,0,0,0,0,0,0,0,0,0,0,0,0,0,0,0,0,0,0,0,0,0,0
2019-20,33,Tamilnadu,3333,TIRUPPUR,333322,TIRUPUR,Urban,6,cat6,"SS (I-X)",5,"Private Unaided (Recognized)",3,ST,5,1,0,2,0,4,2,1,2,7,3,2,0,0,0,5,5,2,2,3,0,5,4,0,0,0
2019-20,33,Tamilnadu,3333,TIRUPPUR,333318,PALLADAM,Rural,6,cat6,"SS (I-X)",8,Unrecognized,3,ST,0,0,1,1,1,0,0,0,0,0,0,0,0,0,0,0,0,0,0,0,0,0,0,0,0,0
2019-20,33,Tamilnadu,3333,TIRUPPUR,333306,DHARAPURAM,Rural,7,cat7,"SS (VI-X)",1,"Department of Education",3,ST,0,0,0,0,0,0,0,0,0,0,0,0,0,0,0,0,0,0,0,0,0,0,0,0,0,0
2019-20,33,Tamilnadu,3333,TIRUPPUR,333308,KUDIMANGALAM,Rural,7,cat7,"SS (VI-X)",1,"Department of Education",3,ST,0,0,0,0,0,0,0,0,0,1,0,1,0,0,0,0,0,0,0,0,1,0,0,0,0,0
2019-20,33,Tamilnadu,3333,TIRUPPUR,333309,GANGAYAM,Rural,7,cat7,"SS (VI-X)",1,"Department of Education",3,ST,0,0,0,0,0,0,0,1,0,0,2,0,0,0,0,0,0,0,0,0,1,1,0,0,0,0
2019-20,33,Tamilnadu,3333,TIRUPPUR,333310,MADATHUKULAM,Rural,7,cat7,"SS (VI-X)",1,"Department of Education",3,ST,0,0,0,0,0,0,0,0,0,0,0,0,0,0,0,0,0,0,0,0,0,0,0,0,0,0
2019-20,33,Tamilnadu,3333,TIRUPPUR,333311,GUNDADAM,Rural,7,cat7,"SS (VI-X)",1,"Department of Education",3,ST,0,0,0,0,0,0,0,0,0,0,0,0,0,0,0,0,0,0,0,0,0,0,0,0,0,0
2019-20,33,Tamilnadu,3333,TIRUPPUR,333312,MOOLANUR,Rural,7,cat7,"SS (VI-X)",1,"Department of Education",3,ST,0,0,0,0,0,0,0,0,0,0,0,0,0,0,0,0,0,0,0,0,0,0,0,0,0,0
2019-20,33,Tamilnadu,3333,TIRUPPUR,333313,UDUMALAIPATTAI,Rural,7,cat7,"SS (VI-X)",1,"Department of Education",3,ST,0,0,0,0,0,0,0,3,2,5,1,0,0,0,0,0,0,0,0,5,8,6,4,4,0,0
2019-20,33,Tamilnadu,3333,TIRUPPUR,333316,AVINACI,Rural,7,cat7,"SS (VI-X)",1,"Department of Education",3,ST,0,0,0,0,0,0,0,1,2,2,0,0,0,0,0,0,0,0,0,0,0,1,0,1,0,0
2019-20,33,Tamilnadu,3333,TIRUPPUR,333317,PONGALUR,Rural,7,cat7,"SS (VI-X)",1,"Department of Education",3,ST,0,0,0,0,0,0,0,0,0,0,0,0,0,0,0,0,0,0,0,0,0,0,0,0,0,0
2019-20,33,Tamilnadu,3333,TIRUPPUR,333318,PALLADAM,Rural,7,cat7,"SS (VI-X)",1,"Department of Education",3,ST,0,0,0,0,0,0,0,0,0,0,0,0,0,0,0,0,0,0,0,0,0,0,1,0,0,0
2019-20,33,Tamilnadu,3333,TIRUPPUR,333319,UTHUKULI,Rural,7,cat7,"SS (VI-X)",1,"Department of Education",3,ST,0,0,0,0,0,0,0,1,1,0,0,0,0,0,0,0,0,0,0,2,0,0,0,0,0,0
2019-20,33,Tamilnadu,3333,TIRUPPUR,333320,VELLACKOIL,Rural,7,cat7,"SS (VI-X)",1,"Department of Education",3,ST,0,0,0,0,0,0,0,0,0,0,0,0,0,0,0,0,0,0,0,0,0,0,0,0,0,0
2019-20,33,Tamilnadu,3333,TIRUPPUR,333322,TIRUPUR,Rural,7,cat7,"SS (VI-X)",1,"Department of Education",3,ST,0,0,0,0,0,0,0,2,0,1,1,1,0,0,0,0,0,0,0,2,0,0,0,2,0,0
2019-20,33,Tamilnadu,3333,TIRUPPUR,333306,DHARAPURAM,Urban,7,cat7,"SS (VI-X)",1,"Department of Education",3,ST,0,0,0,0,0,0,0,0,0,2,0,0,0,0,0,0,0,0,0,0,1,1,0,0,0,0
2019-20,33,Tamilnadu,3333,TIRUPPUR,333310,MADATHUKULAM,Urban,7,cat7,"SS (VI-X)",1,"Department of Education",3,ST,0,0,0,0,0,0,0,0,0,0,0,0,0,0,0,0,0,0,0,0,0,0,0,0,0,0
2019-20,33,Tamilnadu,3333,TIRUPPUR,333312,MOOLANUR,Urban,7,cat7,"SS (VI-X)",1,"Department of Education",3,ST,0,0,0,0,0,0,0,0,0,0,0,0,0,0,0,0,0,0,0,0,0,0,0,0,0,0
2019-20,33,Tamilnadu,3333,TIRUPPUR,333313,UDUMALAIPATTAI,Urban,7,cat7,"SS (VI-X)",1,"Department of Education",3,ST,0,0,0,0,0,0,0,0,0,0,0,0,0,0,0,0,0,0,0,0,1,0,0,0,0,0
2019-20,33,Tamilnadu,3333,TIRUPPUR,333316,AVINACI,Urban,7,cat7,"SS (VI-X)",1,"Department of Education",3,ST,0,0,0,0,0,0,0,0,0,0,0,0,0,0,0,0,0,0,0,1,0,0,2,0,0,0
2019-20,33,Tamilnadu,3333,TIRUPPUR,333318,PALLADAM,Urban,7,cat7,"SS (VI-X)",1,"Department of Education",3,ST,0,0,0,0,0,0,0,0,0,1,0,0,0,0,0,0,0,0,0,1,0,0,2,0,0,0
2019-20,33,Tamilnadu,3333,TIRUPPUR,333320,VELLACKOIL,Urban,7,cat7,"SS (VI-X)",1,"Department of Education",3,ST,0,0,0,0,0,0,0,0,0,0,0,1,0,0,0,0,0,0,0,0,0,0,0,0,0,0
2019-20,33,Tamilnadu,3333,TIRUPPUR,333322,TIRUPUR,Urban,7,cat7,"SS (VI-X)",1,"Department of Education",3,ST,0,0,0,0,0,0,0,0,3,1,4,2,0,0,0,0,0,0,0,4,4,1,4,0,0,0
2019-20,33,Tamilnadu,3333,TIRUPPUR,333313,UDUMALAIPATTAI,Rural,7,cat7,"SS (VI-X)",2,"Tribal Welfare Department",3,ST,0,0,0,0,0,0,0,0,0,0,0,0,0,0,0,0,0,0,0,0,0,0,0,0,0,0
2019-20,33,Tamilnadu,3333,TIRUPPUR,333322,TIRUPUR,Urban,7,cat7,"SS (VI-X)",2,"Tribal Welfare Department",3,ST,0,0,0,0,0,0,0,0,0,0,0,0,0,0,0,0,0,0,0,0,0,0,0,0,0,0
2019-20,33,Tamilnadu,3333,TIRUPPUR,333322,TIRUPUR,Urban,7,cat7,"SS (VI-X)",3,"Local body",3,ST,0,0,0,0,0,0,0,1,0,2,0,0,0,0,0,0,0,0,0,3,1,1,0,3,0,0
2019-20,33,Tamilnadu,3333,TIRUPPUR,333319,UTHUKULI,Urban,7,cat7,"SS (VI-X)",4,"Government Aided",3,ST,0,0,0,0,0,0,0,0,0,0,0,0,0,0,0,0,0,0,0,0,0,0,0,0,0,0
2019-20,33,Tamilnadu,3333,TIRUPPUR,333320,VELLACKOIL,Urban,7,cat7,"SS (VI-X)",4,"Government Aided",3,ST,0,0,0,0,0,0,0,0,0,0,0,0,0,0,0,0,0,0,0,0,0,0,0,0,0,0
2019-20,33,Tamilnadu,3333,TIRUPPUR,333322,TIRUPUR,Urban,7,cat7,"SS (VI-X)",4,"Government Aided",3,ST,0,0,0,0,0,0,0,0,0,0,0,0,0,0,0,0,0,0,0,0,0,0,0,0,0,0
2019-20,33,Tamilnadu,3333,TIRUPPUR,333308,KUDIMANGALAM,Rural,7,cat7,"SS (VI-X)",5,"Private Unaided (Recognized)",3,ST,0,0,0,0,0,0,0,0,0,0,0,0,0,0,0,0,0,0,0,0,0,0,0,0,0,0
2019-20,33,Tamilnadu,3333,TIRUPPUR,333316,AVINACI,Rural,7,cat7,"SS (VI-X)",5,"Private Unaided (Recognized)",3,ST,0,0,0,0,0,0,0,0,0,0,0,0,0,0,0,0,0,0,0,0,0,1,0,0,0,0
2019-20,33,Tamilnadu,3333,TIRUPPUR,333317,PONGALUR,Rural,7,cat7,"SS (VI-X)",5,"Private Unaided (Recognized)",3,ST,0,0,0,0,0,0,0,0,0,0,0,0,0,0,0,0,0,0,0,0,0,1,0,0,0,0
2019-20,33,Tamilnadu,3333,TIRUPPUR,333306,DHARAPURAM,Urban,7,cat7,"SS (VI-X)",5,"Private Unaided (Recognized)",3,ST,0,0,0,0,0,0,0,0,0,0,0,0,0,0,0,0,0,0,0,0,0,0,0,0,0,0
2019-20,33,Tamilnadu,3333,TIRUPPUR,333322,TIRUPUR,Urban,7,cat7,"SS (VI-X)",5,"Private Unaided (Recognized)",3,ST,0,0,0,0,0,0,0,2,0,0,0,1,0,0,0,0,0,0,0,0,0,0,0,0,0,0
2019-20,33,Tamilnadu,3333,TIRUPPUR,333306,DHARAPURAM,Rural,2,cat2,"UPS (I-VIII)",1,"Department of Education",3,ST,0,0,0,0,0,0,0,0,0,0,0,0,0,0,0,0,0,0,0,0,0,0,0,0,0,0
2019-20,33,Tamilnadu,3333,TIRUPPUR,333308,KUDIMANGALAM,Rural,2,cat2,"UPS (I-VIII)",1,"Department of Education",3,ST,0,0,0,0,0,0,1,0,0,0,0,0,0,0,0,0,1,0,0,0,0,0,0,0,0,0
2019-20,33,Tamilnadu,3333,TIRUPPUR,333309,GANGAYAM,Rural,2,cat2,"UPS (I-VIII)",1,"Department of Education",3,ST,0,0,2,2,0,1,1,3,1,1,0,0,0,0,3,0,3,3,1,0,1,1,0,0,0,0
2019-20,33,Tamilnadu,3333,TIRUPPUR,333310,MADATHUKULAM,Rural,2,cat2,"UPS (I-VIII)",1,"Department of Education",3,ST,0,0,0,0,0,0,0,0,0,0,0,0,0,0,0,0,0,0,0,0,0,0,0,0,0,0
2019-20,33,Tamilnadu,3333,TIRUPPUR,333311,GUNDADAM,Rural,2,cat2,"UPS (I-VIII)",1,"Department of Education",3,ST,1,1,0,0,0,0,0,0,0,0,0,0,0,0,0,0,0,0,0,0,0,0,0,0,0,0
2019-20,33,Tamilnadu,3333,TIRUPPUR,333312,MOOLANUR,Rural,2,cat2,"UPS (I-VIII)",1,"Department of Education",3,ST,0,0,0,0,0,0,0,1,0,0,0,0,0,0,0,0,0,0,0,0,1,0,0,0,0,0
2019-20,33,Tamilnadu,3333,TIRUPPUR,333313,UDUMALAIPATTAI,Rural,2,cat2,"UPS (I-VIII)",1,"Department of Education",3,ST,7,5,6,10,5,7,5,8,6,7,0,0,0,0,7,5,10,7,7,15,9,7,0,0,0,0
2019-20,33,Tamilnadu,3333,TIRUPPUR,333316,AVINACI,Rural,2,cat2,"UPS (I-VIII)",1,"Department of Education",3,ST,0,1,7,3,0,2,2,1,1,3,0,0,0,0,1,2,4,4,1,2,0,2,0,0,0,0
2019-20,33,Tamilnadu,3333,TIRUPPUR,333317,PONGALUR,Rural,2,cat2,"UPS (I-VIII)",1,"Department of Education",3,ST,0,0,1,0,0,0,2,1,0,0,0,0,0,0,0,0,0,0,0,0,0,1,0,0,0,0
2019-20,33,Tamilnadu,3333,TIRUPPUR,333318,PALLADAM,Rural,2,cat2,"UPS (I-VIII)",1,"Department of Education",3,ST,0,1,0,0,0,0,0,1,0,0,0,0,0,0,2,1,0,0,0,0,0,0,0,0,0,0
2019-20,33,Tamilnadu,3333,TIRUPPUR,333319,UTHUKULI,Rural,2,cat2,"UPS (I-VIII)",1,"Department of Education",3,ST,0,0,0,0,1,0,0,1,0,0,0,0,0,0,0,1,1,1,0,0,0,0,0,0,0,0
2019-20,33,Tamilnadu,3333,TIRUPPUR,333320,VELLACKOIL,Rural,2,cat2,"UPS (I-VIII)",1,"Department of Education",3,ST,0,0,0,0,0,0,0,0,1,0,0,0,0,0,1,0,0,0,0,0,0,0,0,0,0,0
2019-20,33,Tamilnadu,3333,TIRUPPUR,333322,TIRUPUR,Rural,2,cat2,"UPS (I-VIII)",1,"Department of Education",3,ST,1,1,2,2,4,3,1,1,0,1,0,0,0,0,2,2,0,0,1,1,3,0,0,0,0,0
2019-20,33,Tamilnadu,3333,TIRUPPUR,333306,DHARAPURAM,Urban,2,cat2,"UPS (I-VIII)",1,"Department of Education",3,ST,0,0,0,0,0,0,0,0,0,0,0,0,0,0,0,0,0,0,0,0,0,0,0,0,0,0
2019-20,33,Tamilnadu,3333,TIRUPPUR,333309,GANGAYAM,Urban,2,cat2,"UPS (I-VIII)",1,"Department of Education",3,ST,0,0,0,0,0,0,0,0,0,0,0,0,0,0,0,0,0,0,0,0,0,0,0,0,0,0
2019-20,33,Tamilnadu,3333,TIRUPPUR,333310,MADATHUKULAM,Urban,2,cat2,"UPS (I-VIII)",1,"Department of Education",3,ST,5,10,4,9,2,6,4,7,7,10,0,0,0,0,5,6,7,8,6,4,11,8,0,0,0,0
2019-20,33,Tamilnadu,3333,TIRUPPUR,333311,GUNDADAM,Urban,2,cat2,"UPS (I-VIII)",1,"Department of Education",3,ST,0,0,0,0,0,0,0,0,0,0,0,0,0,0,0,0,0,0,0,0,0,0,0,0,0,0
2019-20,33,Tamilnadu,3333,TIRUPPUR,333312,MOOLANUR,Urban,2,cat2,"UPS (I-VIII)",1,"Department of Education",3,ST,0,0,0,0,0,0,0,0,0,2,0,0,0,0,0,0,0,0,0,0,0,0,0,0,0,0
2019-20,33,Tamilnadu,3333,TIRUPPUR,333313,UDUMALAIPATTAI,Urban,2,cat2,"UPS (I-VIII)",1,"Department of Education",3,ST,0,0,0,0,0,2,2,1,0,1,0,0,0,0,2,0,0,1,0,0,2,1,0,0,0,0
2019-20,33,Tamilnadu,3333,TIRUPPUR,333316,AVINACI,Urban,2,cat2,"UPS (I-VIII)",1,"Department of Education",3,ST,0,0,0,0,0,0,0,2,3,0,0,0,0,0,0,0,0,1,0,1,0,1,0,0,0,0
2019-20,33,Tamilnadu,3333,TIRUPPUR,333318,PALLADAM,Urban,2,cat2,"UPS (I-VIII)",1,"Department of Education",3,ST,0,0,0,0,0,1,0,1,0,0,0,0,0,0,0,1,0,0,0,0,0,0,0,0,0,0
2019-20,33,Tamilnadu,3333,TIRUPPUR,333319,UTHUKULI,Urban,2,cat2,"UPS (I-VIII)",1,"Department of Education",3,ST,0,0,0,0,0,0,0,0,1,0,0,0,0,0,0,0,0,2,0,0,0,0,0,0,0,0
2019-20,33,Tamilnadu,3333,TIRUPPUR,333320,VELLACKOIL,Urban,2,cat2,"UPS (I-VIII)",1,"Department of Education",3,ST,0,0,0,0,0,0,0,1,0,0,0,0,0,0,0,0,0,0,0,0,0,0,0,0,0,0
2019-20,33,Tamilnadu,3333,TIRUPPUR,333322,TIRUPUR,Urban,2,cat2,"UPS (I-VIII)",1,"Department of Education",3,ST,9,4,13,7,10,11,8,11,9,5,0,0,0,0,6,8,8,5,5,11,2,12,0,0,0,0
2019-20,33,Tamilnadu,3333,TIRUPPUR,333317,PONGALUR,Rural,2,cat2,"UPS (I-VIII)",2,"Tribal Welfare Department",3,ST,0,0,0,0,0,0,0,0,0,0,0,0,0,0,0,0,0,0,0,0,0,0,0,0,0,0
2019-20,33,Tamilnadu,3333,TIRUPPUR,333313,UDUMALAIPATTAI,Rural,2,cat2,"UPS (I-VIII)",4,"Government Aided",3,ST,0,0,0,0,0,0,0,0,0,0,0,0,0,0,0,0,0,0,0,0,0,0,0,0,0,0
2019-20,33,Tamilnadu,3333,TIRUPPUR,333318,PALLADAM,Rural,2,cat2,"UPS (I-VIII)",4,"Government Aided",3,ST,0,0,1,0,0,0,0,0,0,0,0,0,0,0,1,0,0,0,0,0,0,0,0,0,0,0
2019-20,33,Tamilnadu,3333,TIRUPPUR,333306,DHARAPURAM,Urban,2,cat2,"UPS (I-VIII)",4,"Government Aided",3,ST,0,0,0,0,0,0,0,0,0,0,0,0,0,0,0,0,0,0,0,0,0,0,0,0,0,0
2019-20,33,Tamilnadu,3333,TIRUPPUR,333318,PALLADAM,Urban,2,cat2,"UPS (I-VIII)",4,"Government Aided",3,ST,0,0,0,0,0,0,0,0,0,0,0,0,0,0,1,0,0,0,0,0,0,1,0,0,0,0
2019-20,33,Tamilnadu,3333,TIRUPPUR,333322,TIRUPUR,Urban,2,cat2,"UPS (I-VIII)",4,"Government Aided",3,ST,0,0,0,0,0,0,0,1,0,0,0,0,0,0,0,0,0,0,1,0,0,0,0,0,0,0
2019-20,33,Tamilnadu,3333,TIRUPPUR,333309,GANGAYAM,Rural,2,cat2,"UPS (I-VIII)",5,"Private Unaided (Recognized)",3,ST,0,1,0,0,0,0,0,0,0,0,0,0,0,0,0,0,0,0,0,0,0,0,0,0,0,0
2019-20,33,Tamilnadu,3333,TIRUPPUR,333313,UDUMALAIPATTAI,Rural,2,cat2,"UPS (I-VIII)",5,"Private Unaided (Recognized)",3,ST,0,0,0,0,0,0,2,1,0,1,0,0,0,0,0,0,0,0,0,0,0,0,0,0,0,0
2019-20,33,Tamilnadu,3333,TIRUPPUR,333316,AVINACI,Rural,2,cat2,"UPS (I-VIII)",5,"Private Unaided (Recognized)",3,ST,0,3,2,1,1,1,1,1,0,2,0,0,0,0,4,1,2,0,0,0,0,0,0,0,0,0
2019-20,33,Tamilnadu,3333,TIRUPPUR,333317,PONGALUR,Rural,2,cat2,"UPS (I-VIII)",5,"Private Unaided (Recognized)",3,ST,0,0,0,1,0,0,0,0,0,0,0,0,0,0,0,0,0,0,0,0,0,0,0,0,0,0
2019-20,33,Tamilnadu,3333,TIRUPPUR,333318,PALLADAM,Rural,2,cat2,"UPS (I-VIII)",5,"Private Unaided (Recognized)",3,ST,0,0,0,0,0,0,0,0,0,0,0,0,0,0,0,0,0,0,0,0,0,0,0,0,0,0
2019-20,33,Tamilnadu,3333,TIRUPPUR,333312,MOOLANUR,Urban,2,cat2,"UPS (I-VIII)",5,"Private Unaided (Recognized)",3,ST,1,0,0,0,0,0,0,0,0,0,0,0,0,0,0,0,0,0,0,0,0,0,0,0,0,0
2019-20,33,Tamilnadu,3333,TIRUPPUR,333320,VELLACKOIL,Urban,2,cat2,"UPS (I-VIII)",5,"Private Unaided (Recognized)",3,ST,0,1,0,0,0,0,0,0,0,0,0,0,0,0,0,0,0,0,0,0,0,0,0,0,0,0
2019-20,33,Tamilnadu,3333,TIRUPPUR,333322,TIRUPUR,Urban,2,cat2,"UPS (I-VIII)",5,"Private Unaided (Recognized)",3,ST,3,2,1,1,0,0,0,1,0,0,0,0,0,0,0,1,0,1,1,0,2,0,0,0,0,0
2019-20,33,Tamilnadu,3333,TIRUPPUR,333311,GUNDADAM,Rural,2,cat2,"UPS (I-VIII)",6,"Other Govt. managed schools",3,ST,0,0,0,0,0,0,0,0,0,0,0,0,0,0,0,0,0,0,0,1,0,0,0,0,0,0
2019-20,33,Tamilnadu,3333,TIRUPPUR,333312,MOOLANUR,Rural,2,cat2,"UPS (I-VIII)",6,"Other Govt. managed schools",3,ST,0,0,0,0,0,0,0,0,0,0,0,0,0,0,0,0,0,0,0,0,0,0,0,0,0,0
2019-20,33,Tamilnadu,3333,TIRUPPUR,333316,AVINACI,Urban,2,cat2,"UPS (I-VIII)",6,"Other Govt. managed schools",3,ST,0,0,0,0,0,0,0,0,0,0,0,0,0,0,0,0,0,0,0,0,0,0,0,0,0,0
2019-20,33,Tamilnadu,3333,TIRUPPUR,333306,DHARAPURAM,Rural,2,cat2,"UPS (I-VIII)",8,Unrecognized,3,ST,0,0,0,0,0,0,0,0,0,0,0,0,0,0,0,0,0,0,0,0,0,0,0,0,0,0
2019-20,33,Tamilnadu,3333,TIRUPPUR,333313,UDUMALAIPATTAI,Rural,2,cat2,"UPS (I-VIII)",8,Unrecognized,3,ST,1,3,2,0,0,0,1,1,0,0,0,0,0,0,0,0,1,0,0,0,0,1,0,0,0,0
2019-20,33,Tamilnadu,3333,TIRUPPUR,333317,PONGALUR,Rural,2,cat2,"UPS (I-VIII)",8,Unrecognized,3,ST,0,0,0,0,0,0,0,0,0,0,0,0,0,0,0,0,0,0,0,0,0,0,0,0,0,0
2019-20,33,Tamilnadu,3333,TIRUPPUR,333313,UDUMALAIPATTAI,Urban,2,cat2,"UPS (I-VIII)",8,Unrecognized,3,ST,0,0,0,0,0,0,0,0,0,0,0,0,0,0,0,0,0,0,0,1,0,0,0,0,0,0
2019-20,33,Tamilnadu,3333,TIRUPPUR,333322,TIRUPUR,Urban,2,cat2,"UPS (I-VIII)",8,Unrecognized,3,ST,1,0,0,1,0,0,0,0,0,0,0,0,0,0,0,0,0,2,0,0,0,0,0,0,0,0
2019-20,33,Tamilnadu,3333,TIRUPPUR,333306,DHARAPURAM,Urban,4,cat4,"UPS (VI-VIII)",5,"Private Unaided (Recognized)",3,ST,0,0,0,0,0,0,0,0,0,0,0,0,0,0,0,0,0,0,0,0,0,0,0,0,0,0
2019-20,33,Tamilnadu,3333,TIRUPPUR,333322,TIRUPUR,Urban,3,cat3,"HSS (I-XII)",3,"Local body",4,OBC,0,80,0,0,0,0,0,0,0,0,0,0,0,0,13,13,23,33,23,210,205,279,515,524,1054,1000
2019-20,33,Tamilnadu,3333,TIRUPPUR,333313,UDUMALAIPATTAI,Urban,3,cat3,"HSS (I-XII)",4,"Government Aided",4,OBC,0,0,0,0,0,0,0,0,0,0,0,0,0,0,0,0,0,0,8,144,150,147,215,174,289,274
2019-20,33,Tamilnadu,3333,TIRUPPUR,333306,DHARAPURAM,Rural,3,cat3,"HSS (I-XII)",5,"Private Unaided (Recognized)",4,OBC,135,106,68,66,86,95,76,121,103,169,160,184,257,19,60,59,68,71,55,36,48,38,19,27,26,17
2019-20,33,Tamilnadu,3333,TIRUPPUR,333308,KUDIMANGALAM,Rural,3,cat3,"HSS (I-XII)",5,"Private Unaided (Recognized)",4,OBC,236,253,143,148,140,134,154,121,129,115,143,100,108,94,126,136,123,150,123,123,115,106,94,99,91,124
2019-20,33,Tamilnadu,3333,TIRUPPUR,333309,GANGAYAM,Rural,3,cat3,"HSS (I-XII)",5,"Private Unaided (Recognized)",4,OBC,182,177,133,117,156,145,156,194,191,205,154,213,176,160,103,133,123,141,138,157,157,176,152,149,184,150
2019-20,33,Tamilnadu,3333,TIRUPPUR,333310,MADATHUKULAM,Rural,3,cat3,"HSS (I-XII)",5,"Private Unaided (Recognized)",4,OBC,136,121,46,56,73,64,58,47,54,51,47,32,18,12,49,59,55,43,47,46,45,31,20,25,16,18
2019-20,33,Tamilnadu,3333,TIRUPPUR,333311,GUNDADAM,Rural,3,cat3,"HSS (I-XII)",5,"Private Unaided (Recognized)",4,OBC,262,244,140,140,143,122,145,136,115,126,99,87,68,71,116,119,149,112,128,126,121,104,88,94,80,76
2019-20,33,Tamilnadu,3333,TIRUPPUR,333313,UDUMALAIPATTAI,Rural,3,cat3,"HSS (I-XII)",5,"Private Unaided (Recognized)",4,OBC,499,427,284,274,305,319,304,289,325,276,258,271,196,164,234,267,264,289,233,245,235,190,214,212,196,190
2019-20,33,Tamilnadu,3333,TIRUPPUR,333316,AVINACI,Rural,3,cat3,"HSS (I-XII)",5,"Private Unaided (Recognized)",4,OBC,616,576,370,375,361,378,380,344,334,322,354,306,311,292,288,319,323,337,314,278,300,321,294,258,309,232
2019-20,33,Tamilnadu,3333,TIRUPPUR,333317,PONGALUR,Rural,3,cat3,"HSS (I-XII)",5,"Private Unaided (Recognized)",4,OBC,93,77,64,39,57,34,49,29,34,20,25,24,22,14,54,45,41,38,30,28,25,24,15,27,13,19
2019-20,33,Tamilnadu,3333,TIRUPPUR,333318,PALLADAM,Rural,3,cat3,"HSS (I-XII)",5,"Private Unaided (Recognized)",4,OBC,676,619,360,356,365,365,356,378,389,412,362,363,357,350,327,317,334,347,341,378,356,378,322,363,314,341
2019-20,33,Tamilnadu,3333,TIRUPPUR,333319,UTHUKULI,Rural,3,cat3,"HSS (I-XII)",5,"Private Unaided (Recognized)",4,OBC,216,199,121,101,102,115,120,158,163,129,129,109,112,93,90,107,91,77,98,108,84,91,96,70,76,103
2019-20,33,Tamilnadu,3333,TIRUPPUR,333320,VELLACKOIL,Rural,3,cat3,"HSS (I-XII)",5,"Private Unaided (Recognized)",4,OBC,209,141,79,91,99,76,81,94,81,93,104,111,181,193,86,92,76,78,93,79,87,63,79,131,186,240
2019-20,33,Tamilnadu,3333,TIRUPPUR,333322,TIRUPUR,Rural,3,cat3,"HSS (I-XII)",5,"Private Unaided (Recognized)",4,OBC,311,237,187,189,209,207,198,159,180,159,165,154,100,116,149,169,172,153,161,138,129,133,114,113,103,92
2019-20,33,Tamilnadu,3333,TIRUPPUR,333306,DHARAPURAM,Urban,3,cat3,"HSS (I-XII)",5,"Private Unaided (Recognized)",4,OBC,199,171,130,146,134,141,145,137,155,170,146,194,157,141,104,99,95,109,118,136,87,109,128,123,106,115
2019-20,33,Tamilnadu,3333,TIRUPPUR,333312,MOOLANUR,Urban,3,cat3,"HSS (I-XII)",5,"Private Unaided (Recognized)",4,OBC,82,73,34,42,71,67,65,68,71,86,77,75,121,97,36,58,50,53,59,55,56,68,67,62,94,99
2019-20,33,Tamilnadu,3333,TIRUPPUR,333313,UDUMALAIPATTAI,Urban,3,cat3,"HSS (I-XII)",5,"Private Unaided (Recognized)",4,OBC,463,433,276,254,289,298,293,278,278,276,253,270,291,259,240,263,311,264,283,256,271,269,228,293,270,275
2019-20,33,Tamilnadu,3333,TIRUPPUR,333316,AVINACI,Urban,3,cat3,"HSS (I-XII)",5,"Private Unaided (Recognized)",4,OBC,242,190,94,93,115,105,95,105,86,74,57,72,50,46,80,91,128,97,79,88,85,71,65,54,54,35
2019-20,33,Tamilnadu,3333,TIRUPPUR,333318,PALLADAM,Urban,3,cat3,"HSS (I-XII)",5,"Private Unaided (Recognized)",4,OBC,387,334,189,198,219,202,215,251,237,269,263,256,274,231,204,186,204,215,200,224,213,215,221,240,275,236
2019-20,33,Tamilnadu,3333,TIRUPPUR,333319,UTHUKULI,Urban,3,cat3,"HSS (I-XII)",5,"Private Unaided (Recognized)",4,OBC,189,214,99,86,102,117,88,100,116,109,107,118,144,100,96,88,85,83,76,88,94,73,64,83,87,78
2019-20,33,Tamilnadu,3333,TIRUPPUR,333320,VELLACKOIL,Urban,3,cat3,"HSS (I-XII)",5,"Private Unaided (Recognized)",4,OBC,372,292,164,179,225,181,225,181,214,186,195,177,212,206,142,163,172,160,168,187,184,155,155,120,165,192
2019-20,33,Tamilnadu,3333,TIRUPPUR,333322,TIRUPUR,Urban,3,cat3,"HSS (I-XII)",5,"Private Unaided (Recognized)",4,OBC,3786,3776,2079,2179,2347,2395,2403,2486,2354,2104,2132,2091,1951,1714,2023,2129,2238,2223,2228,2415,2317,2153,2023,2047,2063,1934
2019-20,33,Tamilnadu,3333,TIRUPPUR,333306,DHARAPURAM,Rural,5,cat5,"HSS (VI-XII)",1,"Department of Education",4,OBC,0,0,0,0,0,0,0,13,33,26,23,11,23,17,0,0,0,0,0,22,18,19,16,12,24,20
2019-20,33,Tamilnadu,3333,TIRUPPUR,333308,KUDIMANGALAM,Rural,5,cat5,"HSS (VI-XII)",1,"Department of Education",4,OBC,0,0,0,0,0,0,0,44,58,56,108,99,93,96,0,0,0,0,0,82,56,62,115,112,144,139
2019-20,33,Tamilnadu,3333,TIRUPPUR,333309,GANGAYAM,Rural,5,cat5,"HSS (VI-XII)",1,"Department of Education",4,OBC,0,0,0,0,0,0,0,45,44,57,112,83,68,55,0,0,0,0,0,41,37,43,82,62,73,67
2019-20,33,Tamilnadu,3333,TIRUPPUR,333310,MADATHUKULAM,Rural,5,cat5,"HSS (VI-XII)",1,"Department of Education",4,OBC,0,0,0,0,0,0,0,33,46,37,48,38,28,29,0,0,0,0,0,31,48,41,38,45,43,43
2019-20,33,Tamilnadu,3333,TIRUPPUR,333312,MOOLANUR,Rural,5,cat5,"HSS (VI-XII)",1,"Department of Education",4,OBC,0,0,0,0,0,0,0,6,9,9,3,3,5,7,0,0,0,0,0,1,6,3,6,4,10,6
2019-20,33,Tamilnadu,3333,TIRUPPUR,333313,UDUMALAIPATTAI,Rural,5,cat5,"HSS (VI-XII)",1,"Department of Education",4,OBC,0,0,0,0,0,0,0,51,47,65,79,69,58,50,0,0,0,0,0,84,74,65,80,69,49,59
2019-20,33,Tamilnadu,3333,TIRUPPUR,333316,AVINACI,Rural,5,cat5,"HSS (VI-XII)",1,"Department of Education",4,OBC,0,0,0,0,0,0,0,166,180,189,264,248,157,180,0,0,0,0,0,112,121,139,161,177,157,137
2019-20,33,Tamilnadu,3333,TIRUPPUR,333317,PONGALUR,Rural,5,cat5,"HSS (VI-XII)",1,"Department of Education",4,OBC,0,0,0,0,0,0,0,148,164,157,212,230,212,174,0,0,0,0,0,131,161,157,190,206,205,187
2019-20,33,Tamilnadu,3333,TIRUPPUR,333318,PALLADAM,Rural,5,cat5,"HSS (VI-XII)",1,"Department of Education",4,OBC,0,0,0,0,0,0,0,125,143,119,148,145,111,76,0,0,0,0,0,101,125,120,160,119,128,101
2019-20,33,Tamilnadu,3333,TIRUPPUR,333319,UTHUKULI,Rural,5,cat5,"HSS (VI-XII)",1,"Department of Education",4,OBC,0,0,0,0,0,0,0,75,70,92,94,81,91,59,0,0,0,0,0,133,147,159,177,175,208,216
2019-20,33,Tamilnadu,3333,TIRUPPUR,333320,VELLACKOIL,Rural,5,cat5,"HSS (VI-XII)",1,"Department of Education",4,OBC,0,0,0,0,0,0,0,10,29,15,37,46,45,50,0,0,0,0,0,11,21,15,31,15,43,46
2019-20,33,Tamilnadu,3333,TIRUPPUR,333322,TIRUPUR,Rural,5,cat5,"HSS (VI-XII)",1,"Department of Education",4,OBC,0,0,0,0,0,0,0,155,156,169,251,204,264,184,0,0,0,0,0,128,115,121,175,168,256,190
2019-20,33,Tamilnadu,3333,TIRUPPUR,333306,DHARAPURAM,Urban,5,cat5,"HSS (VI-XII)",1,"Department of Education",4,OBC,0,0,0,0,0,0,0,17,41,35,84,97,89,80,0,0,0,0,0,6,4,4,11,10,13,21
2019-20,33,Tamilnadu,3333,TIRUPPUR,333309,GANGAYAM,Urban,5,cat5,"HSS (VI-XII)",1,"Department of Education",4,OBC,0,0,0,0,0,0,0,23,28,39,65,71,47,49,0,0,0,0,0,5,11,12,33,22,32,41
2019-20,33,Tamilnadu,3333,TIRUPPUR,333310,MADATHUKULAM,Urban,5,cat5,"HSS (VI-XII)",1,"Department of Education",4,OBC,0,0,0,0,0,0,0,47,61,61,105,103,84,75,0,0,0,0,0,39,35,45,56,69,91,75
2019-20,33,Tamilnadu,3333,TIRUPPUR,333311,GUNDADAM,Urban,5,cat5,"HSS (VI-XII)",1,"Department of Education",4,OBC,0,0,0,0,0,0,0,19,31,26,31,44,35,32,0,0,0,0,0,17,28,36,58,48,48,34
2019-20,33,Tamilnadu,3333,TIRUPPUR,333312,MOOLANUR,Urban,5,cat5,"HSS (VI-XII)",1,"Department of Education",4,OBC,0,0,0,0,0,0,0,46,54,51,59,60,51,57,0,0,0,0,0,40,39,41,57,57,51,52
2019-20,33,Tamilnadu,3333,TIRUPPUR,333313,UDUMALAIPATTAI,Urban,5,cat5,"HSS (VI-XII)",1,"Department of Education",4,OBC,0,0,0,0,0,0,0,46,69,96,108,129,118,113,0,0,0,0,0,63,66,74,96,126,154,137
2019-20,33,Tamilnadu,3333,TIRUPPUR,333316,AVINACI,Urban,5,cat5,"HSS (VI-XII)",1,"Department of Education",4,OBC,0,0,0,0,0,0,0,49,64,64,81,96,72,74,0,0,0,0,0,19,47,35,81,85,127,118
2019-20,33,Tamilnadu,3333,TIRUPPUR,333318,PALLADAM,Urban,5,cat5,"HSS (VI-XII)",1,"Department of Education",4,OBC,0,0,0,0,0,0,0,19,26,29,55,42,89,74,0,0,0,0,0,51,57,58,106,113,118,137
2019-20,33,Tamilnadu,3333,TIRUPPUR,333319,UTHUKULI,Urban,5,cat5,"HSS (VI-XII)",1,"Department of Education",4,OBC,0,0,0,0,0,0,0,17,26,27,58,38,65,67,0,0,0,0,0,33,40,30,62,62,101,122
2019-20,33,Tamilnadu,3333,TIRUPPUR,333320,VELLACKOIL,Urban,5,cat5,"HSS (VI-XII)",1,"Department of Education",4,OBC,0,0,0,0,0,0,0,30,28,37,106,90,85,93,0,0,0,0,0,11,20,28,78,58,91,92
2019-20,33,Tamilnadu,3333,TIRUPPUR,333322,TIRUPUR,Urban,5,cat5,"HSS (VI-XII)",1,"Department of Education",4,OBC,0,0,0,0,0,0,0,510,557,601,1154,1029,960,801,0,0,0,0,0,355,432,367,655,570,492,427
2019-20,33,Tamilnadu,3333,TIRUPPUR,333306,DHARAPURAM,Urban,5,cat5,"HSS (VI-XII)",3,"Local body",4,OBC,0,0,0,0,0,0,0,34,50,31,65,39,32,28,0,0,0,0,0,0,0,0,0,0,0,0
2019-20,33,Tamilnadu,3333,TIRUPPUR,333322,TIRUPUR,Urban,5,cat5,"HSS (VI-XII)",3,"Local body",4,OBC,0,0,0,0,0,0,0,203,228,252,469,390,636,524,0,0,0,0,0,439,498,540,754,722,777,643
2019-20,33,Tamilnadu,3333,TIRUPPUR,333306,DHARAPURAM,Rural,5,cat5,"HSS (VI-XII)",4,"Government Aided",4,OBC,0,0,0,0,0,0,0,18,23,21,22,39,18,16,0,0,0,0,0,14,19,23,28,19,3,11
2019-20,33,Tamilnadu,3333,TIRUPPUR,333311,GUNDADAM,Rural,5,cat5,"HSS (VI-XII)",4,"Government Aided",4,OBC,0,0,0,0,0,0,0,30,44,54,55,65,76,66,0,0,0,0,0,21,26,26,31,34,34,34
2019-20,33,Tamilnadu,3333,TIRUPPUR,333313,UDUMALAIPATTAI,Rural,5,cat5,"HSS (VI-XII)",4,"Government Aided",4,OBC,0,0,0,0,0,0,0,96,123,114,154,136,99,104,0,0,0,0,0,85,108,119,151,141,149,157
2019-20,33,Tamilnadu,3333,TIRUPPUR,333317,PONGALUR,Rural,5,cat5,"HSS (VI-XII)",4,"Government Aided",4,OBC,0,0,0,0,0,0,0,48,54,56,62,46,79,78,0,0,0,0,0,52,61,68,70,71,87,77
2019-20,33,Tamilnadu,3333,TIRUPPUR,333318,PALLADAM,Rural,5,cat5,"HSS (VI-XII)",4,"Government Aided",4,OBC,0,0,0,0,0,0,0,51,54,86,121,107,70,80,0,0,0,0,0,43,37,43,64,66,87,62
2019-20,33,Tamilnadu,3333,TIRUPPUR,333306,DHARAPURAM,Urban,5,cat5,"HSS (VI-XII)",4,"Government Aided",4,OBC,0,0,0,0,0,0,0,15,18,27,34,24,22,25,0,0,0,0,0,180,173,183,232,253,312,297
2019-20,33,Tamilnadu,3333,TIRUPPUR,333309,GANGAYAM,Urban,5,cat5,"HSS (VI-XII)",4,"Government Aided",4,OBC,0,0,0,0,0,0,0,0,0,0,0,0,0,0,0,0,0,0,0,103,88,87,133,118,118,111
2019-20,33,Tamilnadu,3333,TIRUPPUR,333310,MADATHUKULAM,Urban,5,cat5,"HSS (VI-XII)",4,"Government Aided",4,OBC,0,0,0,0,0,0,0,32,28,19,39,42,23,35,0,0,0,0,0,34,32,26,32,35,36,29
2019-20,33,Tamilnadu,3333,TIRUPPUR,333313,UDUMALAIPATTAI,Urban,5,cat5,"HSS (VI-XII)",4,"Government Aided",4,OBC,0,0,0,0,0,0,0,154,143,160,186,199,94,102,0,0,0,0,0,73,103,115,148,129,130,123
2019-20,33,Tamilnadu,3333,TIRUPPUR,333316,AVINACI,Urban,5,cat5,"HSS (VI-XII)",4,"Government Aided",4,OBC,0,0,0,0,0,0,0,0,0,0,0,0,0,0,0,0,0,0,0,153,158,172,160,160,127,111
2019-20,33,Tamilnadu,3333,TIRUPPUR,333318,PALLADAM,Urban,5,cat5,"HSS (VI-XII)",4,"Government Aided",4,OBC,0,0,0,0,0,0,0,19,28,26,57,55,37,39,0,0,0,0,0,14,20,18,43,46,47,51
2019-20,33,Tamilnadu,3333,TIRUPPUR,333322,TIRUPUR,Urban,5,cat5,"HSS (VI-XII)",4,"Government Aided",4,OBC,0,0,0,0,0,0,0,107,162,190,380,310,253,240,0,0,0,0,0,44,46,41,91,74,101,81
2019-20,33,Tamilnadu,3333,TIRUPPUR,333306,DHARAPURAM,Rural,5,cat5,"HSS (VI-XII)",5,"Private Unaided (Recognized)",4,OBC,0,0,0,0,0,0,0,3,9,6,19,11,16,238,0,0,0,0,0,54,45,60,111,125,249,251
2019-20,33,Tamilnadu,3333,TIRUPPUR,333310,MADATHUKULAM,Rural,5,cat5,"HSS (VI-XII)",5,"Private Unaided (Recognized)",4,OBC,0,0,0,0,0,0,0,87,49,89,58,24,13,6,0,0,0,0,0,21,24,30,22,23,17,3
2019-20,33,Tamilnadu,3333,TIRUPPUR,333313,UDUMALAIPATTAI,Rural,5,cat5,"HSS (VI-XII)",5,"Private Unaided (Recognized)",4,OBC,0,0,0,0,0,0,0,24,24,26,44,57,27,42,0,0,0,0,0,22,18,21,11,15,14,17
2019-20,33,Tamilnadu,3333,TIRUPPUR,333316,AVINACI,Rural,5,cat5,"HSS (VI-XII)",5,"Private Unaided (Recognized)",4,OBC,0,0,0,0,0,0,0,77,92,74,73,76,60,60,0,0,0,0,0,95,59,61,60,72,49,56
2019-20,33,Tamilnadu,3333,TIRUPPUR,333318,PALLADAM,Rural,5,cat5,"HSS (VI-XII)",5,"Private Unaided (Recognized)",4,OBC,0,0,0,0,0,0,0,22,19,13,12,12,20,9,0,0,0,0,0,10,7,5,15,8,9,11
2019-20,33,Tamilnadu,3333,TIRUPPUR,333322,TIRUPUR,Rural,5,cat5,"HSS (VI-XII)",5,"Private Unaided (Recognized)",4,OBC,0,0,0,0,0,0,0,82,84,81,66,74,88,104,0,0,0,0,0,64,55,55,47,63,73,77
2019-20,33,Tamilnadu,3333,TIRUPPUR,333306,DHARAPURAM,Urban,5,cat5,"HSS (VI-XII)",5,"Private Unaided (Recognized)",4,OBC,0,0,0,0,0,0,0,77,87,78,70,65,62,56,0,0,0,0,0,67,57,42,65,41,67,40
2019-20,33,Tamilnadu,3333,TIRUPPUR,333310,MADATHUKULAM,Urban,5,cat5,"HSS (VI-XII)",5,"Private Unaided (Recognized)",4,OBC,0,0,0,0,0,0,0,54,84,83,73,85,65,80,0,0,0,0,0,27,43,24,39,46,42,37
2019-20,33,Tamilnadu,3333,TIRUPPUR,333316,AVINACI,Urban,5,cat5,"HSS (VI-XII)",5,"Private Unaided (Recognized)",4,OBC,0,0,0,0,0,0,0,28,22,31,26,37,40,47,0,0,0,0,0,11,8,17,17,22,16,23
2019-20,33,Tamilnadu,3333,TIRUPPUR,333306,DHARAPURAM,Rural,1,cat1,"PS (I-V)",1,"Department of Education",4,OBC,0,0,53,61,63,59,60,0,0,0,0,0,0,0,51,61,63,57,63,0,0,0,0,0,0,0
2019-20,33,Tamilnadu,3333,TIRUPPUR,333308,KUDIMANGALAM,Rural,1,cat1,"PS (I-V)",1,"Department of Education",4,OBC,0,0,58,78,87,80,65,0,0,0,0,0,0,0,39,64,59,66,85,0,0,0,0,0,0,0
2019-20,33,Tamilnadu,3333,TIRUPPUR,333309,GANGAYAM,Rural,1,cat1,"PS (I-V)",1,"Department of Education",4,OBC,0,0,52,68,68,79,74,0,0,0,0,0,0,0,42,64,58,71,49,0,0,0,0,0,0,0
2019-20,33,Tamilnadu,3333,TIRUPPUR,333310,MADATHUKULAM,Rural,1,cat1,"PS (I-V)",1,"Department of Education",4,OBC,0,0,61,64,74,80,85,0,0,0,0,0,0,0,53,64,83,81,83,0,0,0,0,0,0,0
2019-20,33,Tamilnadu,3333,TIRUPPUR,333311,GUNDADAM,Rural,1,cat1,"PS (I-V)",1,"Department of Education",4,OBC,0,0,34,42,38,45,48,0,0,0,0,0,0,0,41,49,40,49,49,0,0,0,0,0,0,0
2019-20,33,Tamilnadu,3333,TIRUPPUR,333312,MOOLANUR,Rural,1,cat1,"PS (I-V)",1,"Department of Education",4,OBC,0,0,34,40,35,47,40,0,0,0,0,0,0,0,35,29,47,35,36,0,0,0,0,0,0,0
2019-20,33,Tamilnadu,3333,TIRUPPUR,333313,UDUMALAIPATTAI,Rural,1,cat1,"PS (I-V)",1,"Department of Education",4,OBC,0,0,93,139,155,128,131,0,0,0,0,0,0,0,116,140,147,146,140,0,0,0,0,0,0,0
2019-20,33,Tamilnadu,3333,TIRUPPUR,333316,AVINACI,Rural,1,cat1,"PS (I-V)",1,"Department of Education",4,OBC,0,0,157,171,176,201,205,0,0,0,0,0,0,0,165,167,176,203,189,0,0,0,0,0,0,0
2019-20,33,Tamilnadu,3333,TIRUPPUR,333317,PONGALUR,Rural,1,cat1,"PS (I-V)",1,"Department of Education",4,OBC,0,0,97,118,125,116,155,0,0,0,0,0,0,0,104,107,125,127,128,0,0,0,0,0,0,0
2019-20,33,Tamilnadu,3333,TIRUPPUR,333318,PALLADAM,Rural,1,cat1,"PS (I-V)",1,"Department of Education",4,OBC,0,0,227,239,282,243,286,0,0,0,0,0,0,0,242,257,295,273,287,0,0,0,0,0,0,0
2019-20,33,Tamilnadu,3333,TIRUPPUR,333319,UTHUKULI,Rural,1,cat1,"PS (I-V)",1,"Department of Education",4,OBC,0,0,126,122,150,172,141,0,0,0,0,0,0,0,113,139,147,153,144,0,0,0,0,0,0,0
2019-20,33,Tamilnadu,3333,TIRUPPUR,333320,VELLACKOIL,Rural,1,cat1,"PS (I-V)",1,"Department of Education",4,OBC,0,0,52,57,47,50,54,0,0,0,0,0,0,0,36,43,63,55,58,0,0,0,0,0,0,0
2019-20,33,Tamilnadu,3333,TIRUPPUR,333322,TIRUPUR,Rural,1,cat1,"PS (I-V)",1,"Department of Education",4,OBC,0,0,160,133,181,176,170,0,0,0,0,0,0,0,131,150,155,160,160,0,0,0,0,0,0,0
2019-20,33,Tamilnadu,3333,TIRUPPUR,333306,DHARAPURAM,Urban,1,cat1,"PS (I-V)",1,"Department of Education",4,OBC,0,0,29,24,23,29,23,0,0,0,0,0,0,0,24,31,16,31,30,0,0,0,0,0,0,0
2019-20,33,Tamilnadu,3333,TIRUPPUR,333309,GANGAYAM,Urban,1,cat1,"PS (I-V)",1,"Department of Education",4,OBC,0,0,20,16,14,19,20,0,0,0,0,0,0,0,23,15,22,15,21,0,0,0,0,0,0,0
2019-20,33,Tamilnadu,3333,TIRUPPUR,333310,MADATHUKULAM,Urban,1,cat1,"PS (I-V)",1,"Department of Education",4,OBC,0,0,21,26,32,51,63,0,0,0,0,0,0,0,41,40,42,40,42,0,0,0,0,0,0,0
2019-20,33,Tamilnadu,3333,TIRUPPUR,333311,GUNDADAM,Urban,1,cat1,"PS (I-V)",1,"Department of Education",4,OBC,0,0,3,1,0,0,3,0,0,0,0,0,0,0,3,1,4,1,0,0,0,0,0,0,0,0
2019-20,33,Tamilnadu,3333,TIRUPPUR,333312,MOOLANUR,Urban,1,cat1,"PS (I-V)",1,"Department of Education",4,OBC,0,0,16,14,15,18,13,0,0,0,0,0,0,0,16,14,10,9,21,0,0,0,0,0,0,0
2019-20,33,Tamilnadu,3333,TIRUPPUR,333313,UDUMALAIPATTAI,Urban,1,cat1,"PS (I-V)",1,"Department of Education",4,OBC,0,0,21,15,26,20,24,0,0,0,0,0,0,0,19,24,33,25,26,0,0,0,0,0,0,0
2019-20,33,Tamilnadu,3333,TIRUPPUR,333316,AVINACI,Urban,1,cat1,"PS (I-V)",1,"Department of Education",4,OBC,0,0,54,45,56,49,61,0,0,0,0,0,0,0,51,46,51,52,52,0,0,0,0,0,0,0
2019-20,33,Tamilnadu,3333,TIRUPPUR,333318,PALLADAM,Urban,1,cat1,"PS (I-V)",1,"Department of Education",4,OBC,0,0,87,94,96,97,91,0,0,0,0,0,0,0,82,72,92,115,84,0,0,0,0,0,0,0
2019-20,33,Tamilnadu,3333,TIRUPPUR,333319,UTHUKULI,Urban,1,cat1,"PS (I-V)",1,"Department of Education",4,OBC,0,0,27,30,27,26,23,0,0,0,0,0,0,0,26,24,27,27,30,0,0,0,0,0,0,0
2019-20,33,Tamilnadu,3333,TIRUPPUR,333320,VELLACKOIL,Urban,1,cat1,"PS (I-V)",1,"Department of Education",4,OBC,0,0,28,33,40,35,35,0,0,0,0,0,0,0,26,31,29,44,38,0,0,0,0,0,0,0
2019-20,33,Tamilnadu,3333,TIRUPPUR,333322,TIRUPUR,Urban,1,cat1,"PS (I-V)",1,"Department of Education",4,OBC,0,0,792,862,1049,993,1043,0,0,0,0,0,0,0,852,853,991,1068,1105,0,0,0,0,0,0,0
2019-20,33,Tamilnadu,3333,TIRUPPUR,333313,UDUMALAIPATTAI,Rural,1,cat1,"PS (I-V)",2,"Tribal Welfare Department",4,OBC,0,0,0,0,0,2,2,0,0,0,0,0,0,0,0,3,2,0,2,0,0,0,0,0,0,0
2019-20,33,Tamilnadu,3333,TIRUPPUR,333317,PONGALUR,Rural,1,cat1,"PS (I-V)",2,"Tribal Welfare Department",4,OBC,0,0,1,2,0,4,2,0,0,0,0,0,0,0,1,2,3,1,2,0,0,0,0,0,0,0
2019-20,33,Tamilnadu,3333,TIRUPPUR,333310,MADATHUKULAM,Urban,1,cat1,"PS (I-V)",2,"Tribal Welfare Department",4,OBC,0,0,0,1,0,3,3,0,0,0,0,0,0,0,1,1,1,0,1,0,0,0,0,0,0,0
2019-20,33,Tamilnadu,3333,TIRUPPUR,333313,UDUMALAIPATTAI,Urban,1,cat1,"PS (I-V)",2,"Tribal Welfare Department",4,OBC,0,0,0,0,1,1,0,0,0,0,0,0,0,0,0,0,0,0,2,0,0,0,0,0,0,0
2019-20,33,Tamilnadu,3333,TIRUPPUR,333322,TIRUPUR,Urban,1,cat1,"PS (I-V)",2,"Tribal Welfare Department",4,OBC,0,0,12,8,16,21,22,0,0,0,0,0,0,0,14,9,13,12,15,0,0,0,0,0,0,0
2019-20,33,Tamilnadu,3333,TIRUPPUR,333306,DHARAPURAM,Rural,1,cat1,"PS (I-V)",4,"Government Aided",4,OBC,0,0,1,1,3,2,1,0,0,0,0,0,0,0,3,3,1,1,0,0,0,0,0,0,0,0
2019-20,33,Tamilnadu,3333,TIRUPPUR,333308,KUDIMANGALAM,Rural,1,cat1,"PS (I-V)",4,"Government Aided",4,OBC,0,0,1,1,2,3,3,0,0,0,0,0,0,0,5,1,4,0,2,0,0,0,0,0,0,0
2019-20,33,Tamilnadu,3333,TIRUPPUR,333309,GANGAYAM,Rural,1,cat1,"PS (I-V)",4,"Government Aided",4,OBC,0,0,1,4,2,1,3,0,0,0,0,0,0,0,4,1,2,3,0,0,0,0,0,0,0,0
2019-20,33,Tamilnadu,3333,TIRUPPUR,333310,MADATHUKULAM,Rural,1,cat1,"PS (I-V)",4,"Government Aided",4,OBC,0,0,0,1,0,2,1,0,0,0,0,0,0,0,0,1,0,0,0,0,0,0,0,0,0,0
2019-20,33,Tamilnadu,3333,TIRUPPUR,333311,GUNDADAM,Rural,1,cat1,"PS (I-V)",4,"Government Aided",4,OBC,0,0,5,3,3,5,9,0,0,0,0,0,0,0,2,4,14,4,8,0,0,0,0,0,0,0
2019-20,33,Tamilnadu,3333,TIRUPPUR,333312,MOOLANUR,Rural,1,cat1,"PS (I-V)",4,"Government Aided",4,OBC,0,0,2,2,1,1,2,0,0,0,0,0,0,0,2,1,2,0,2,0,0,0,0,0,0,0
2019-20,33,Tamilnadu,3333,TIRUPPUR,333313,UDUMALAIPATTAI,Rural,1,cat1,"PS (I-V)",4,"Government Aided",4,OBC,0,0,18,12,18,11,12,0,0,0,0,0,0,0,14,16,24,26,17,0,0,0,0,0,0,0
2019-20,33,Tamilnadu,3333,TIRUPPUR,333317,PONGALUR,Rural,1,cat1,"PS (I-V)",4,"Government Aided",4,OBC,0,0,15,16,21,20,26,0,0,0,0,0,0,0,14,21,28,22,25,0,0,0,0,0,0,0
2019-20,33,Tamilnadu,3333,TIRUPPUR,333318,PALLADAM,Rural,1,cat1,"PS (I-V)",4,"Government Aided",4,OBC,0,0,13,13,25,15,15,0,0,0,0,0,0,0,15,16,19,14,16,0,0,0,0,0,0,0
2019-20,33,Tamilnadu,3333,TIRUPPUR,333320,VELLACKOIL,Rural,1,cat1,"PS (I-V)",4,"Government Aided",4,OBC,0,0,1,1,3,0,3,0,0,0,0,0,0,0,3,1,0,1,1,0,0,0,0,0,0,0
2019-20,33,Tamilnadu,3333,TIRUPPUR,333322,TIRUPUR,Rural,1,cat1,"PS (I-V)",4,"Government Aided",4,OBC,0,0,32,43,42,40,40,0,0,0,0,0,0,0,25,47,39,36,27,0,0,0,0,0,0,0
2019-20,33,Tamilnadu,3333,TIRUPPUR,333306,DHARAPURAM,Urban,1,cat1,"PS (I-V)",4,"Government Aided",4,OBC,0,0,49,53,52,39,60,0,0,0,0,0,0,0,49,45,62,76,68,0,0,0,0,0,0,0
2019-20,33,Tamilnadu,3333,TIRUPPUR,333309,GANGAYAM,Urban,1,cat1,"PS (I-V)",4,"Government Aided",4,OBC,0,0,2,2,3,1,4,0,0,0,0,0,0,0,0,3,5,1,5,0,0,0,0,0,0,0
2019-20,33,Tamilnadu,3333,TIRUPPUR,333310,MADATHUKULAM,Urban,1,cat1,"PS (I-V)",4,"Government Aided",4,OBC,0,0,15,12,16,14,28,0,0,0,0,0,0,0,11,14,18,21,21,0,0,0,0,0,0,0
2019-20,33,Tamilnadu,3333,TIRUPPUR,333311,GUNDADAM,Urban,1,cat1,"PS (I-V)",4,"Government Aided",4,OBC,0,0,4,3,1,4,8,0,0,0,0,0,0,0,4,3,6,1,5,0,0,0,0,0,0,0
2019-20,33,Tamilnadu,3333,TIRUPPUR,333312,MOOLANUR,Urban,1,cat1,"PS (I-V)",4,"Government Aided",4,OBC,0,0,1,0,0,1,0,0,0,0,0,0,0,0,2,0,0,3,0,0,0,0,0,0,0,0
2019-20,33,Tamilnadu,3333,TIRUPPUR,333313,UDUMALAIPATTAI,Urban,1,cat1,"PS (I-V)",4,"Government Aided",4,OBC,0,0,1,7,10,11,9,0,0,0,0,0,0,0,4,8,9,7,7,0,0,0,0,0,0,0
2019-20,33,Tamilnadu,3333,TIRUPPUR,333316,AVINACI,Urban,1,cat1,"PS (I-V)",4,"Government Aided",4,OBC,0,0,62,79,52,68,57,0,0,0,0,0,0,0,106,81,117,99,116,0,0,0,0,0,0,0
2019-20,33,Tamilnadu,3333,TIRUPPUR,333318,PALLADAM,Urban,1,cat1,"PS (I-V)",4,"Government Aided",4,OBC,0,0,3,4,3,4,2,0,0,0,0,0,0,0,2,2,3,1,6,0,0,0,0,0,0,0
2019-20,33,Tamilnadu,3333,TIRUPPUR,333322,TIRUPUR,Urban,1,cat1,"PS (I-V)",4,"Government Aided",4,OBC,0,0,25,40,58,46,33,0,0,0,0,0,0,0,46,45,39,36,49,0,0,0,0,0,0,0
2019-20,33,Tamilnadu,3333,TIRUPPUR,333306,DHARAPURAM,Rural,1,cat1,"PS (I-V)",5,"Private Unaided (Recognized)",4,OBC,55,54,21,27,27,25,24,0,0,0,0,0,0,0,20,30,26,19,18,0,0,0,0,0,0,0
2019-20,33,Tamilnadu,3333,TIRUPPUR,333308,KUDIMANGALAM,Rural,1,cat1,"PS (I-V)",5,"Private Unaided (Recognized)",4,OBC,6,6,3,6,3,3,6,0,0,0,0,0,0,0,0,5,3,5,3,0,0,0,0,0,0,0
2019-20,33,Tamilnadu,3333,TIRUPPUR,333309,GANGAYAM,Rural,1,cat1,"PS (I-V)",5,"Private Unaided (Recognized)",4,OBC,6,9,1,1,1,0,1,0,0,0,0,0,0,0,4,1,1,1,2,0,0,0,0,0,0,0
2019-20,33,Tamilnadu,3333,TIRUPPUR,333310,MADATHUKULAM,Rural,1,cat1,"PS (I-V)",5,"Private Unaided (Recognized)",4,OBC,310,308,141,162,124,134,178,0,0,0,0,0,0,0,130,136,110,95,100,0,0,0,0,0,0,0
2019-20,33,Tamilnadu,3333,TIRUPPUR,333311,GUNDADAM,Rural,1,cat1,"PS (I-V)",5,"Private Unaided (Recognized)",4,OBC,57,44,21,35,23,21,24,0,0,0,0,0,0,0,21,18,25,25,29,0,0,0,0,0,0,0
2019-20,33,Tamilnadu,3333,TIRUPPUR,333312,MOOLANUR,Rural,1,cat1,"PS (I-V)",5,"Private Unaided (Recognized)",4,OBC,38,22,17,19,14,12,9,0,0,0,0,0,0,0,11,11,9,17,7,0,0,0,0,0,0,0
2019-20,33,Tamilnadu,3333,TIRUPPUR,333313,UDUMALAIPATTAI,Rural,1,cat1,"PS (I-V)",5,"Private Unaided (Recognized)",4,OBC,231,225,114,95,100,73,124,0,0,0,0,0,0,0,115,67,61,71,71,0,0,0,0,0,0,0
2019-20,33,Tamilnadu,3333,TIRUPPUR,333316,AVINACI,Rural,1,cat1,"PS (I-V)",5,"Private Unaided (Recognized)",4,OBC,284,236,139,134,127,126,124,0,0,0,0,0,0,0,121,111,102,104,110,0,0,0,0,0,0,0
2019-20,33,Tamilnadu,3333,TIRUPPUR,333317,PONGALUR,Rural,1,cat1,"PS (I-V)",5,"Private Unaided (Recognized)",4,OBC,3,4,14,12,13,16,7,0,0,0,0,0,0,0,5,7,5,4,8,0,0,0,0,0,0,0
2019-20,33,Tamilnadu,3333,TIRUPPUR,333318,PALLADAM,Rural,1,cat1,"PS (I-V)",5,"Private Unaided (Recognized)",4,OBC,336,267,141,142,116,112,81,0,0,0,0,0,0,0,110,89,110,90,71,0,0,0,0,0,0,0
2019-20,33,Tamilnadu,3333,TIRUPPUR,333319,UTHUKULI,Rural,1,cat1,"PS (I-V)",5,"Private Unaided (Recognized)",4,OBC,47,41,8,22,14,4,4,0,0,0,0,0,0,0,13,18,4,13,7,0,0,0,0,0,0,0
2019-20,33,Tamilnadu,3333,TIRUPPUR,333322,TIRUPUR,Rural,1,cat1,"PS (I-V)",5,"Private Unaided (Recognized)",4,OBC,335,347,158,151,174,149,120,0,0,0,0,0,0,0,141,153,148,119,109,0,0,0,0,0,0,0
2019-20,33,Tamilnadu,3333,TIRUPPUR,333306,DHARAPURAM,Urban,1,cat1,"PS (I-V)",5,"Private Unaided (Recognized)",4,OBC,354,283,127,133,157,138,130,0,0,0,0,0,0,0,125,128,133,138,107,0,0,0,0,0,0,0
2019-20,33,Tamilnadu,3333,TIRUPPUR,333309,GANGAYAM,Urban,1,cat1,"PS (I-V)",5,"Private Unaided (Recognized)",4,OBC,257,274,121,127,102,125,91,0,0,0,0,0,0,0,125,105,113,125,110,0,0,0,0,0,0,0
2019-20,33,Tamilnadu,3333,TIRUPPUR,333310,MADATHUKULAM,Urban,1,cat1,"PS (I-V)",5,"Private Unaided (Recognized)",4,OBC,89,48,46,36,52,44,49,0,0,0,0,0,0,0,57,43,53,42,51,0,0,0,0,0,0,0
2019-20,33,Tamilnadu,3333,TIRUPPUR,333311,GUNDADAM,Urban,1,cat1,"PS (I-V)",5,"Private Unaided (Recognized)",4,OBC,22,10,7,6,6,2,3,0,0,0,0,0,0,0,6,1,10,2,5,0,0,0,0,0,0,0
2019-20,33,Tamilnadu,3333,TIRUPPUR,333312,MOOLANUR,Urban,1,cat1,"PS (I-V)",5,"Private Unaided (Recognized)",4,OBC,33,28,7,13,12,17,7,0,0,0,0,0,0,0,10,7,10,7,4,0,0,0,0,0,0,0
2019-20,33,Tamilnadu,3333,TIRUPPUR,333313,UDUMALAIPATTAI,Urban,1,cat1,"PS (I-V)",5,"Private Unaided (Recognized)",4,OBC,201,211,98,120,124,120,132,0,0,0,0,0,0,0,111,117,125,92,121,0,0,0,0,0,0,0
2019-20,33,Tamilnadu,3333,TIRUPPUR,333316,AVINACI,Urban,1,cat1,"PS (I-V)",5,"Private Unaided (Recognized)",4,OBC,93,80,33,42,41,33,41,0,0,0,0,0,0,0,40,44,35,31,25,0,0,0,0,0,0,0
2019-20,33,Tamilnadu,3333,TIRUPPUR,333318,PALLADAM,Urban,1,cat1,"PS (I-V)",5,"Private Unaided (Recognized)",4,OBC,67,55,35,39,28,27,23,0,0,0,0,0,0,0,37,32,35,28,21,0,0,0,0,0,0,0
2019-20,33,Tamilnadu,3333,TIRUPPUR,333320,VELLACKOIL,Urban,1,cat1,"PS (I-V)",5,"Private Unaided (Recognized)",4,OBC,25,27,14,14,12,9,11,0,0,0,0,0,0,0,14,9,12,4,6,0,0,0,0,0,0,0
2019-20,33,Tamilnadu,3333,TIRUPPUR,333322,TIRUPUR,Urban,1,cat1,"PS (I-V)",5,"Private Unaided (Recognized)",4,OBC,3349,2926,1394,1353,1217,1129,934,0,0,0,0,0,0,0,1211,1234,1099,1002,854,0,0,0,0,0,0,0
2019-20,33,Tamilnadu,3333,TIRUPPUR,333310,MADATHUKULAM,Rural,1,cat1,"PS (I-V)",8,Unrecognized,4,OBC,0,2,5,1,1,2,0,0,0,0,0,0,0,0,5,3,0,0,0,0,0,0,0,0,0,0
2019-20,33,Tamilnadu,3333,TIRUPPUR,333311,GUNDADAM,Rural,1,cat1,"PS (I-V)",8,Unrecognized,4,OBC,12,5,4,2,3,2,5,0,0,0,0,0,0,0,3,0,2,3,3,0,0,0,0,0,0,0
2019-20,33,Tamilnadu,3333,TIRUPPUR,333313,UDUMALAIPATTAI,Rural,1,cat1,"PS (I-V)",8,Unrecognized,4,OBC,36,34,25,26,33,84,69,0,0,0,0,0,0,0,18,26,18,21,8,0,0,0,0,0,0,0
2019-20,33,Tamilnadu,3333,TIRUPPUR,333316,AVINACI,Rural,1,cat1,"PS (I-V)",8,Unrecognized,4,OBC,19,29,0,0,0,0,0,0,0,0,0,0,0,0,0,0,0,0,0,0,0,0,0,0,0,0
2019-20,33,Tamilnadu,3333,TIRUPPUR,333317,PONGALUR,Rural,1,cat1,"PS (I-V)",8,Unrecognized,4,OBC,18,18,8,2,2,0,0,0,0,0,0,0,0,0,7,4,1,3,0,0,0,0,0,0,0,0
2019-20,33,Tamilnadu,3333,TIRUPPUR,333318,PALLADAM,Rural,1,cat1,"PS (I-V)",8,Unrecognized,4,OBC,106,73,28,17,19,5,7,0,0,0,0,0,0,0,28,11,8,10,7,0,0,0,0,0,0,0
2019-20,33,Tamilnadu,3333,TIRUPPUR,333322,TIRUPUR,Rural,1,cat1,"PS (I-V)",8,Unrecognized,4,OBC,85,63,18,27,17,6,4,0,0,0,0,0,0,0,23,24,17,12,2,0,0,0,0,0,0,0
2019-20,33,Tamilnadu,3333,TIRUPPUR,333309,GANGAYAM,Urban,1,cat1,"PS (I-V)",8,Unrecognized,4,OBC,26,13,7,2,4,4,0,0,0,0,0,0,0,0,0,2,2,2,0,0,0,0,0,0,0,0
2019-20,33,Tamilnadu,3333,TIRUPPUR,333310,MADATHUKULAM,Urban,1,cat1,"PS (I-V)",8,Unrecognized,4,OBC,8,11,5,5,2,4,10,0,0,0,0,0,0,0,5,6,8,8,3,0,0,0,0,0,0,0
2019-20,33,Tamilnadu,3333,TIRUPPUR,333311,GUNDADAM,Urban,1,cat1,"PS (I-V)",8,Unrecognized,4,OBC,25,37,15,14,8,8,8,0,0,0,0,0,0,0,15,19,9,7,4,0,0,0,0,0,0,0
2019-20,33,Tamilnadu,3333,TIRUPPUR,333313,UDUMALAIPATTAI,Urban,1,cat1,"PS (I-V)",8,Unrecognized,4,OBC,64,45,0,0,0,0,0,0,0,0,0,0,0,0,0,0,0,0,0,0,0,0,0,0,0,0
2019-20,33,Tamilnadu,3333,TIRUPPUR,333316,AVINACI,Urban,1,cat1,"PS (I-V)",8,Unrecognized,4,OBC,26,24,13,7,6,3,5,0,0,0,0,0,0,0,12,10,7,5,1,0,0,0,0,0,0,0
2019-20,33,Tamilnadu,3333,TIRUPPUR,333318,PALLADAM,Urban,1,cat1,"PS (I-V)",8,Unrecognized,4,OBC,41,22,9,9,0,3,1,0,0,0,0,0,0,0,12,10,2,6,1,0,0,0,0,0,0,0
2019-20,33,Tamilnadu,3333,TIRUPPUR,333322,TIRUPUR,Urban,1,cat1,"PS (I-V)",8,Unrecognized,4,OBC,910,738,261,179,165,137,72,0,0,0,0,0,0,0,191,159,135,108,59,0,0,0,0,0,0,0
2019-20,33,Tamilnadu,3333,TIRUPPUR,333313,UDUMALAIPATTAI,Urban,1,cat1,"PS (I-V)",92,"Kendriya Vidyalaya / Central School",4,OBC,0,0,8,8,8,0,0,0,0,0,0,0,0,0,4,5,6,0,0,0,0,0,0,0,0,0
2019-20,33,Tamilnadu,3333,TIRUPPUR,333306,DHARAPURAM,Rural,6,cat6,"SS (I-X)",5,"Private Unaided (Recognized)",4,OBC,135,97,78,86,109,80,104,90,63,63,41,20,0,0,71,82,91,87,67,57,63,44,38,14,0,0
2019-20,33,Tamilnadu,3333,TIRUPPUR,333308,KUDIMANGALAM,Rural,6,cat6,"SS (I-X)",5,"Private Unaided (Recognized)",4,OBC,38,37,27,25,29,22,23,20,10,9,3,0,0,0,13,15,18,12,13,9,11,5,1,0,0,0
2019-20,33,Tamilnadu,3333,TIRUPPUR,333309,GANGAYAM,Rural,6,cat6,"SS (I-X)",5,"Private Unaided (Recognized)",4,OBC,64,50,36,33,36,29,28,33,21,32,18,13,0,0,31,33,35,23,24,20,16,13,9,10,0,0
2019-20,33,Tamilnadu,3333,TIRUPPUR,333311,GUNDADAM,Rural,6,cat6,"SS (I-X)",5,"Private Unaided (Recognized)",4,OBC,38,29,20,16,20,16,18,6,9,6,7,3,0,0,14,28,17,12,14,18,6,5,4,4,0,0
2019-20,33,Tamilnadu,3333,TIRUPPUR,333313,UDUMALAIPATTAI,Rural,6,cat6,"SS (I-X)",5,"Private Unaided (Recognized)",4,OBC,26,18,8,42,58,34,28,29,38,24,16,21,0,0,8,54,43,26,39,27,22,22,21,13,0,0
2019-20,33,Tamilnadu,3333,TIRUPPUR,333316,AVINACI,Rural,6,cat6,"SS (I-X)",5,"Private Unaided (Recognized)",4,OBC,201,170,110,89,104,81,93,59,40,46,39,18,0,0,112,85,94,65,66,45,51,36,30,24,0,0
2019-20,33,Tamilnadu,3333,TIRUPPUR,333317,PONGALUR,Rural,6,cat6,"SS (I-X)",5,"Private Unaided (Recognized)",4,OBC,167,148,70,85,79,71,62,60,69,26,39,17,0,0,60,65,67,54,58,65,42,37,25,8,0,0
2019-20,33,Tamilnadu,3333,TIRUPPUR,333318,PALLADAM,Rural,6,cat6,"SS (I-X)",5,"Private Unaided (Recognized)",4,OBC,71,60,58,85,71,101,78,79,53,58,43,18,0,0,37,56,68,71,73,67,35,51,32,7,0,0
2019-20,33,Tamilnadu,3333,TIRUPPUR,333319,UTHUKULI,Rural,6,cat6,"SS (I-X)",5,"Private Unaided (Recognized)",4,OBC,68,59,39,36,50,42,28,32,24,21,13,7,0,0,30,28,35,30,24,21,11,16,10,13,0,0
2019-20,33,Tamilnadu,3333,TIRUPPUR,333320,VELLACKOIL,Rural,6,cat6,"SS (I-X)",5,"Private Unaided (Recognized)",4,OBC,59,73,27,48,31,38,40,25,29,27,31,22,0,0,37,37,31,28,30,32,31,33,27,21,0,0
2019-20,33,Tamilnadu,3333,TIRUPPUR,333322,TIRUPUR,Rural,6,cat6,"SS (I-X)",5,"Private Unaided (Recognized)",4,OBC,384,288,198,186,203,163,165,173,134,101,63,53,0,0,147,153,155,120,125,101,76,85,61,51,0,0
2019-20,33,Tamilnadu,3333,TIRUPPUR,333313,UDUMALAIPATTAI,Urban,6,cat6,"SS (I-X)",5,"Private Unaided (Recognized)",4,OBC,25,29,18,13,20,15,14,8,6,12,11,1,0,0,28,18,12,16,11,7,10,15,7,5,0,0
2019-20,33,Tamilnadu,3333,TIRUPPUR,333316,AVINACI,Urban,6,cat6,"SS (I-X)",5,"Private Unaided (Recognized)",4,OBC,27,23,19,20,10,13,10,17,9,10,15,14,0,0,14,9,14,7,14,6,14,12,12,8,0,0
2019-20,33,Tamilnadu,3333,TIRUPPUR,333319,UTHUKULI,Urban,6,cat6,"SS (I-X)",5,"Private Unaided (Recognized)",4,OBC,49,54,17,14,14,11,10,11,3,1,4,0,0,0,14,17,9,9,7,4,3,3,0,0,0,0
2019-20,33,Tamilnadu,3333,TIRUPPUR,333320,VELLACKOIL,Urban,6,cat6,"SS (I-X)",5,"Private Unaided (Recognized)",4,OBC,38,32,17,19,12,13,16,11,8,17,13,12,0,0,21,18,15,16,9,13,11,8,18,5,0,0
2019-20,33,Tamilnadu,3333,TIRUPPUR,333322,TIRUPUR,Urban,6,cat6,"SS (I-X)",5,"Private Unaided (Recognized)",4,OBC,815,689,459,495,502,500,513,574,550,481,372,341,0,0,438,415,469,453,438,488,419,399,319,286,0,0
2019-20,33,Tamilnadu,3333,TIRUPPUR,333318,PALLADAM,Rural,6,cat6,"SS (I-X)",8,Unrecognized,4,OBC,16,11,16,19,20,13,21,21,5,12,3,0,0,0,14,23,13,9,6,13,12,9,5,0,0,0
2019-20,33,Tamilnadu,3333,TIRUPPUR,333306,DHARAPURAM,Rural,7,cat7,"SS (VI-X)",1,"Department of Education",4,OBC,0,0,0,0,0,0,0,35,34,40,41,36,0,0,0,0,0,0,0,28,44,35,28,27,0,0
2019-20,33,Tamilnadu,3333,TIRUPPUR,333308,KUDIMANGALAM,Rural,7,cat7,"SS (VI-X)",1,"Department of Education",4,OBC,0,0,0,0,0,0,0,20,19,30,34,24,0,0,0,0,0,0,0,27,23,23,19,20,0,0
2019-20,33,Tamilnadu,3333,TIRUPPUR,333309,GANGAYAM,Rural,7,cat7,"SS (VI-X)",1,"Department of Education",4,OBC,0,0,0,0,0,0,0,34,23,22,17,15,0,0,0,0,0,0,0,25,9,17,21,21,0,0
2019-20,33,Tamilnadu,3333,TIRUPPUR,333310,MADATHUKULAM,Rural,7,cat7,"SS (VI-X)",1,"Department of Education",4,OBC,0,0,0,0,0,0,0,42,50,42,43,54,0,0,0,0,0,0,0,41,55,37,50,42,0,0
2019-20,33,Tamilnadu,3333,TIRUPPUR,333311,GUNDADAM,Rural,7,cat7,"SS (VI-X)",1,"Department of Education",4,OBC,0,0,0,0,0,0,0,20,11,15,17,19,0,0,0,0,0,0,0,10,16,16,14,8,0,0
2019-20,33,Tamilnadu,3333,TIRUPPUR,333312,MOOLANUR,Rural,7,cat7,"SS (VI-X)",1,"Department of Education",4,OBC,0,0,0,0,0,0,0,21,15,23,25,22,0,0,0,0,0,0,0,6,20,21,35,18,0,0
2019-20,33,Tamilnadu,3333,TIRUPPUR,333313,UDUMALAIPATTAI,Rural,7,cat7,"SS (VI-X)",1,"Department of Education",4,OBC,0,0,0,0,0,0,0,39,29,38,49,39,0,0,0,0,0,0,0,46,23,39,40,42,0,0
2019-20,33,Tamilnadu,3333,TIRUPPUR,333316,AVINACI,Rural,7,cat7,"SS (VI-X)",1,"Department of Education",4,OBC,0,0,0,0,0,0,0,40,57,55,79,53,0,0,0,0,0,0,0,38,54,45,61,49,0,0
2019-20,33,Tamilnadu,3333,TIRUPPUR,333317,PONGALUR,Rural,7,cat7,"SS (VI-X)",1,"Department of Education",4,OBC,0,0,0,0,0,0,0,16,19,23,23,20,0,0,0,0,0,0,0,29,19,21,29,11,0,0
2019-20,33,Tamilnadu,3333,TIRUPPUR,333318,PALLADAM,Rural,7,cat7,"SS (VI-X)",1,"Department of Education",4,OBC,0,0,0,0,0,0,0,151,145,153,168,125,0,0,0,0,0,0,0,145,134,139,140,135,0,0
2019-20,33,Tamilnadu,3333,TIRUPPUR,333319,UTHUKULI,Rural,7,cat7,"SS (VI-X)",1,"Department of Education",4,OBC,0,0,0,0,0,0,0,58,65,54,95,104,0,0,0,0,0,0,0,51,53,51,61,76,0,0
2019-20,33,Tamilnadu,3333,TIRUPPUR,333320,VELLACKOIL,Rural,7,cat7,"SS (VI-X)",1,"Department of Education",4,OBC,0,0,0,0,0,0,0,20,24,25,22,29,0,0,0,0,0,0,0,20,19,18,33,13,0,0
2019-20,33,Tamilnadu,3333,TIRUPPUR,333322,TIRUPUR,Rural,7,cat7,"SS (VI-X)",1,"Department of Education",4,OBC,0,0,0,0,0,0,0,78,88,96,128,94,0,0,0,0,0,0,0,143,126,141,192,155,0,0
2019-20,33,Tamilnadu,3333,TIRUPPUR,333306,DHARAPURAM,Urban,7,cat7,"SS (VI-X)",1,"Department of Education",4,OBC,0,0,0,0,0,0,0,7,10,13,14,7,0,0,0,0,0,0,0,11,25,22,33,18,0,0
2019-20,33,Tamilnadu,3333,TIRUPPUR,333310,MADATHUKULAM,Urban,7,cat7,"SS (VI-X)",1,"Department of Education",4,OBC,0,0,0,0,0,0,0,33,26,31,40,28,0,0,0,0,0,0,0,18,23,23,26,22,0,0
2019-20,33,Tamilnadu,3333,TIRUPPUR,333312,MOOLANUR,Urban,7,cat7,"SS (VI-X)",1,"Department of Education",4,OBC,0,0,0,0,0,0,0,1,3,1,2,1,0,0,0,0,0,0,0,1,2,3,2,3,0,0
2019-20,33,Tamilnadu,3333,TIRUPPUR,333313,UDUMALAIPATTAI,Urban,7,cat7,"SS (VI-X)",1,"Department of Education",4,OBC,0,0,0,0,0,0,0,2,2,2,9,5,0,0,0,0,0,0,0,5,7,1,9,0,0,0
2019-20,33,Tamilnadu,3333,TIRUPPUR,333316,AVINACI,Urban,7,cat7,"SS (VI-X)",1,"Department of Education",4,OBC,0,0,0,0,0,0,0,32,21,29,45,26,0,0,0,0,0,0,0,23,24,16,25,22,0,0
2019-20,33,Tamilnadu,3333,TIRUPPUR,333318,PALLADAM,Urban,7,cat7,"SS (VI-X)",1,"Department of Education",4,OBC,0,0,0,0,0,0,0,88,80,86,99,72,0,0,0,0,0,0,0,89,70,68,75,44,0,0
2019-20,33,Tamilnadu,3333,TIRUPPUR,333320,VELLACKOIL,Urban,7,cat7,"SS (VI-X)",1,"Department of Education",4,OBC,0,0,0,0,0,0,0,15,12,21,24,17,0,0,0,0,0,0,0,4,11,12,8,10,0,0
2019-20,33,Tamilnadu,3333,TIRUPPUR,333322,TIRUPUR,Urban,7,cat7,"SS (VI-X)",1,"Department of Education",4,OBC,0,0,0,0,0,0,0,393,394,375,416,312,0,0,0,0,0,0,0,421,375,382,440,330,0,0
2019-20,33,Tamilnadu,3333,TIRUPPUR,333313,UDUMALAIPATTAI,Rural,7,cat7,"SS (VI-X)",2,"Tribal Welfare Department",4,OBC,0,0,0,0,0,0,0,0,0,0,0,0,0,0,0,0,0,0,0,0,0,0,0,0,0,0
2019-20,33,Tamilnadu,3333,TIRUPPUR,333322,TIRUPUR,Urban,7,cat7,"SS (VI-X)",2,"Tribal Welfare Department",4,OBC,0,0,0,0,0,0,0,19,17,18,19,12,0,0,0,0,0,0,0,21,15,15,18,16,0,0
2019-20,33,Tamilnadu,3333,TIRUPPUR,333322,TIRUPUR,Urban,7,cat7,"SS (VI-X)",3,"Local body",4,OBC,0,0,0,0,0,0,0,294,284,282,240,233,0,0,0,0,0,0,0,273,248,215,248,208,0,0
2019-20,33,Tamilnadu,3333,TIRUPPUR,333319,UTHUKULI,Urban,7,cat7,"SS (VI-X)",4,"Government Aided",4,OBC,0,0,0,0,0,0,0,35,45,44,88,83,0,0,0,0,0,0,0,18,39,21,46,47,0,0
2019-20,33,Tamilnadu,3333,TIRUPPUR,333320,VELLACKOIL,Urban,7,cat7,"SS (VI-X)",4,"Government Aided",4,OBC,0,0,0,0,0,0,0,0,0,0,0,0,0,0,0,0,0,0,0,50,52,44,74,72,0,0
2019-20,33,Tamilnadu,3333,TIRUPPUR,333322,TIRUPUR,Urban,7,cat7,"SS (VI-X)",4,"Government Aided",4,OBC,0,0,0,0,0,0,0,26,30,31,37,27,0,0,0,0,0,0,0,23,33,20,24,24,0,0
2019-20,33,Tamilnadu,3333,TIRUPPUR,333308,KUDIMANGALAM,Rural,7,cat7,"SS (VI-X)",5,"Private Unaided (Recognized)",4,OBC,0,0,0,0,0,0,0,1,0,0,0,0,0,0,0,0,0,0,0,2,5,4,0,0,0,0
2019-20,33,Tamilnadu,3333,TIRUPPUR,333316,AVINACI,Rural,7,cat7,"SS (VI-X)",5,"Private Unaided (Recognized)",4,OBC,0,0,0,0,0,0,0,9,9,15,11,11,0,0,0,0,0,0,0,13,21,13,5,5,0,0
2019-20,33,Tamilnadu,3333,TIRUPPUR,333317,PONGALUR,Rural,7,cat7,"SS (VI-X)",5,"Private Unaided (Recognized)",4,OBC,0,0,0,0,0,0,0,20,17,6,4,3,0,0,0,0,0,0,0,7,8,4,6,2,0,0
2019-20,33,Tamilnadu,3333,TIRUPPUR,333306,DHARAPURAM,Urban,7,cat7,"SS (VI-X)",5,"Private Unaided (Recognized)",4,OBC,0,0,0,0,0,0,0,0,2,2,3,2,0,0,0,0,0,0,0,0,0,0,0,0,0,0
2019-20,33,Tamilnadu,3333,TIRUPPUR,333322,TIRUPUR,Urban,7,cat7,"SS (VI-X)",5,"Private Unaided (Recognized)",4,OBC,0,0,0,0,0,0,0,19,22,11,5,19,0,0,0,0,0,0,0,15,19,8,11,10,0,0
2019-20,33,Tamilnadu,3333,TIRUPPUR,333306,DHARAPURAM,Rural,2,cat2,"UPS (I-VIII)",1,"Department of Education",4,OBC,1,3,6,6,7,6,9,7,9,6,0,0,0,0,7,10,12,9,6,12,10,9,0,0,0,0
2019-20,33,Tamilnadu,3333,TIRUPPUR,333308,KUDIMANGALAM,Rural,2,cat2,"UPS (I-VIII)",1,"Department of Education",4,OBC,20,12,42,43,41,34,43,48,57,67,0,0,0,0,19,39,36,31,46,59,53,64,0,0,0,0
2019-20,33,Tamilnadu,3333,TIRUPPUR,333309,GANGAYAM,Rural,2,cat2,"UPS (I-VIII)",1,"Department of Education",4,OBC,18,19,26,28,33,31,37,45,30,34,0,0,0,0,24,28,29,21,26,40,40,32,0,0,0,0
2019-20,33,Tamilnadu,3333,TIRUPPUR,333310,MADATHUKULAM,Rural,2,cat2,"UPS (I-VIII)",1,"Department of Education",4,OBC,10,5,5,8,9,14,14,18,5,7,0,0,0,0,6,12,9,5,15,9,9,13,0,0,0,0
2019-20,33,Tamilnadu,3333,TIRUPPUR,333311,GUNDADAM,Rural,2,cat2,"UPS (I-VIII)",1,"Department of Education",4,OBC,6,6,6,18,20,19,25,41,28,34,0,0,0,0,14,15,18,21,24,20,41,37,0,0,0,0
2019-20,33,Tamilnadu,3333,TIRUPPUR,333312,MOOLANUR,Rural,2,cat2,"UPS (I-VIII)",1,"Department of Education",4,OBC,0,0,7,8,6,7,7,10,13,10,0,0,0,0,2,3,6,6,5,10,8,7,0,0,0,0
2019-20,33,Tamilnadu,3333,TIRUPPUR,333313,UDUMALAIPATTAI,Rural,2,cat2,"UPS (I-VIII)",1,"Department of Education",4,OBC,100,119,68,74,70,80,89,74,72,70,0,0,0,0,79,67,84,83,88,80,83,69,0,0,0,0
2019-20,33,Tamilnadu,3333,TIRUPPUR,333316,AVINACI,Rural,2,cat2,"UPS (I-VIII)",1,"Department of Education",4,OBC,15,23,59,62,72,73,91,131,108,112,0,0,0,0,63,61,73,82,68,92,93,103,0,0,0,0
2019-20,33,Tamilnadu,3333,TIRUPPUR,333317,PONGALUR,Rural,2,cat2,"UPS (I-VIII)",1,"Department of Education",4,OBC,33,29,41,59,64,54,73,70,81,68,0,0,0,0,41,50,62,61,68,89,67,72,0,0,0,0
2019-20,33,Tamilnadu,3333,TIRUPPUR,333318,PALLADAM,Rural,2,cat2,"UPS (I-VIII)",1,"Department of Education",4,OBC,11,15,72,80,80,98,74,107,112,91,0,0,0,0,59,82,69,68,83,70,80,58,0,0,0,0
2019-20,33,Tamilnadu,3333,TIRUPPUR,333319,UTHUKULI,Rural,2,cat2,"UPS (I-VIII)",1,"Department of Education",4,OBC,47,53,52,55,62,58,60,83,103,73,0,0,0,0,72,50,71,64,68,88,68,65,0,0,0,0
2019-20,33,Tamilnadu,3333,TIRUPPUR,333320,VELLACKOIL,Rural,2,cat2,"UPS (I-VIII)",1,"Department of Education",4,OBC,5,6,11,11,11,11,9,26,20,20,0,0,0,0,6,12,9,11,15,21,21,20,0,0,0,0
2019-20,33,Tamilnadu,3333,TIRUPPUR,333322,TIRUPUR,Rural,2,cat2,"UPS (I-VIII)",1,"Department of Education",4,OBC,36,37,97,114,134,151,126,174,153,150,0,0,0,0,98,122,135,152,145,141,150,146,0,0,0,0
2019-20,33,Tamilnadu,3333,TIRUPPUR,333306,DHARAPURAM,Urban,2,cat2,"UPS (I-VIII)",1,"Department of Education",4,OBC,23,26,27,37,37,60,64,59,59,50,0,0,0,0,32,37,45,41,37,55,53,36,0,0,0,0
2019-20,33,Tamilnadu,3333,TIRUPPUR,333309,GANGAYAM,Urban,2,cat2,"UPS (I-VIII)",1,"Department of Education",4,OBC,0,0,21,20,29,26,29,41,49,39,0,0,0,0,17,30,22,35,27,40,17,23,0,0,0,0
2019-20,33,Tamilnadu,3333,TIRUPPUR,333310,MADATHUKULAM,Urban,2,cat2,"UPS (I-VIII)",1,"Department of Education",4,OBC,27,23,16,23,30,27,29,33,33,30,0,0,0,0,18,23,30,29,36,33,34,26,0,0,0,0
2019-20,33,Tamilnadu,3333,TIRUPPUR,333311,GUNDADAM,Urban,2,cat2,"UPS (I-VIII)",1,"Department of Education",4,OBC,0,0,0,3,1,0,2,1,1,0,0,0,0,0,1,0,0,0,0,0,1,0,0,0,0,0
2019-20,33,Tamilnadu,3333,TIRUPPUR,333312,MOOLANUR,Urban,2,cat2,"UPS (I-VIII)",1,"Department of Education",4,OBC,0,0,0,3,3,6,1,7,11,11,0,0,0,0,0,2,1,3,4,3,4,2,0,0,0,0
2019-20,33,Tamilnadu,3333,TIRUPPUR,333313,UDUMALAIPATTAI,Urban,2,cat2,"UPS (I-VIII)",1,"Department of Education",4,OBC,37,50,25,27,36,32,37,36,30,27,0,0,0,0,23,23,32,34,44,36,30,28,0,0,0,0
2019-20,33,Tamilnadu,3333,TIRUPPUR,333316,AVINACI,Urban,2,cat2,"UPS (I-VIII)",1,"Department of Education",4,OBC,0,0,43,33,51,61,52,48,47,63,0,0,0,0,30,50,56,48,57,52,52,58,0,0,0,0
2019-20,33,Tamilnadu,3333,TIRUPPUR,333318,PALLADAM,Urban,2,cat2,"UPS (I-VIII)",1,"Department of Education",4,OBC,0,0,41,47,47,56,53,68,65,62,0,0,0,0,44,43,53,51,49,71,51,62,0,0,0,0
2019-20,33,Tamilnadu,3333,TIRUPPUR,333319,UTHUKULI,Urban,2,cat2,"UPS (I-VIII)",1,"Department of Education",4,OBC,0,0,21,13,20,24,31,44,35,40,0,0,0,0,29,22,27,22,31,31,41,23,0,0,0,0
2019-20,33,Tamilnadu,3333,TIRUPPUR,333320,VELLACKOIL,Urban,2,cat2,"UPS (I-VIII)",1,"Department of Education",4,OBC,19,21,54,46,61,60,78,111,74,88,0,0,0,0,45,57,54,54,57,72,53,72,0,0,0,0
2019-20,33,Tamilnadu,3333,TIRUPPUR,333322,TIRUPUR,Urban,2,cat2,"UPS (I-VIII)",1,"Department of Education",4,OBC,545,509,651,674,802,866,918,1072,998,784,0,0,0,0,596,745,785,848,875,966,901,814,0,0,0,0
2019-20,33,Tamilnadu,3333,TIRUPPUR,333317,PONGALUR,Rural,2,cat2,"UPS (I-VIII)",2,"Tribal Welfare Department",4,OBC,0,0,1,0,0,2,0,0,1,2,0,0,0,0,0,0,1,1,1,3,4,2,0,0,0,0
