ac_year,st_code,state_name,dt_code,district_name,block_cd,udise_block_name,loc_name,sch_category_id,tr_cat_name,school_category,sch_mgmt_id,sch_mgmt_name,caste_id,caste_name,pre_primary_boy,pre_primary_girl,class1_boy,class2_boy,class3_boy,class4_boy,class5_boy,class6_boy,class7_boy,class8_boy,class9_boy,class10_boy,class11_boy,class12_boy,class1_girl,class2_girl,class3_girl,class4_girl,class5_girl,class6_girl,class7_girl,class8_girl,class9_girl,class10_girl,class11_girl,class12_girl
2019-20,33,Tamilnadu,3328,THOOTHUKKUDI,332801,"THOOTHUKUDI URBAN",Urban,2,cat2,"UPS (I-VIII)",3,"Local body",4,OBC,68,64,47,56,48,49,53,46,33,17,0,0,0,0,34,49,46,63,41,49,19,20,0,0,0,0
2019-20,33,Tamilnadu,3328,THOOTHUKKUDI,332808,KOVILPATTI,Urban,2,cat2,"UPS (I-VIII)",3,"Local body",4,OBC,10,10,14,7,7,15,13,4,18,6,0,0,0,0,11,10,7,15,16,13,14,6,0,0,0,0
2019-20,33,Tamilnadu,3328,THOOTHUKKUDI,332802,KARUNKULAM,Rural,2,cat2,"UPS (I-VIII)",4,"Government Aided",4,OBC,0,0,31,37,39,40,36,51,50,54,0,0,0,0,36,47,45,45,54,51,48,78,0,0,0,0
2019-20,33,Tamilnadu,3328,THOOTHUKKUDI,332803,SRIVAIKUNDAM,Rural,2,cat2,"UPS (I-VIII)",4,"Government Aided",4,OBC,0,0,22,28,46,33,42,40,45,55,0,0,0,0,22,39,41,29,43,52,67,69,0,0,0,0
2019-20,33,Tamilnadu,3328,THOOTHUKKUDI,332804,ALWARTHIRUNAGAR,Rural,2,cat2,"UPS (I-VIII)",4,"Government Aided",4,OBC,0,0,51,47,43,60,67,102,99,99,0,0,0,0,66,79,91,78,96,128,132,148,0,0,0,0
2019-20,33,Tamilnadu,3328,THOOTHUKKUDI,332805,THIRUCHENTHUR,Rural,2,cat2,"UPS (I-VIII)",4,"Government Aided",4,OBC,0,0,4,11,10,12,9,20,13,14,0,0,0,0,17,18,28,19,23,29,30,31,0,0,0,0
2019-20,33,Tamilnadu,3328,THOOTHUKKUDI,332806,UDANGUDI,Rural,2,cat2,"UPS (I-VIII)",4,"Government Aided",4,OBC,0,0,56,45,45,46,58,76,83,60,0,0,0,0,43,42,47,49,54,75,73,80,0,0,0,0
2019-20,33,Tamilnadu,3328,THOOTHUKKUDI,332807,SATHANKULAM,Rural,2,cat2,"UPS (I-VIII)",4,"Government Aided",4,OBC,0,0,43,54,53,81,68,106,105,111,0,0,0,0,57,62,74,70,71,98,88,106,0,0,0,0
2019-20,33,Tamilnadu,3328,THOOTHUKKUDI,332808,KOVILPATTI,Rural,2,cat2,"UPS (I-VIII)",4,"Government Aided",4,OBC,0,0,49,44,50,54,51,44,55,66,0,0,0,0,44,48,48,41,44,50,53,59,0,0,0,0
2019-20,33,Tamilnadu,3328,THOOTHUKKUDI,332809,KAYATHAR,Rural,2,cat2,"UPS (I-VIII)",4,"Government Aided",4,OBC,0,0,19,25,23,36,29,53,51,47,0,0,0,0,30,32,28,26,39,50,48,50,0,0,0,0
2019-20,33,Tamilnadu,3328,THOOTHUKKUDI,332810,OTTAPIDARAM,Rural,2,cat2,"UPS (I-VIII)",4,"Government Aided",4,OBC,0,0,17,15,22,32,23,52,44,37,0,0,0,0,18,19,22,19,25,29,40,26,0,0,0,0
2019-20,33,Tamilnadu,3328,THOOTHUKKUDI,332811,VILATHIKULAM,Rural,2,cat2,"UPS (I-VIII)",4,"Government Aided",4,OBC,0,0,45,53,58,57,66,106,110,105,0,0,0,0,54,53,67,62,72,105,97,104,0,0,0,0
2019-20,33,Tamilnadu,3328,THOOTHUKKUDI,332812,PUDUR,Rural,2,cat2,"UPS (I-VIII)",4,"Government Aided",4,OBC,0,0,3,15,6,13,13,20,26,24,0,0,0,0,10,17,9,14,9,28,30,20,0,0,0,0
2019-20,33,Tamilnadu,3328,THOOTHUKKUDI,332813,"THOOTHUKUDI RURAL",Rural,2,cat2,"UPS (I-VIII)",4,"Government Aided",4,OBC,0,0,65,64,72,75,70,104,92,74,0,0,0,0,51,57,64,82,89,81,75,86,0,0,0,0
2019-20,33,Tamilnadu,3328,THOOTHUKKUDI,332801,"THOOTHUKUDI URBAN",Urban,2,cat2,"UPS (I-VIII)",4,"Government Aided",4,OBC,0,0,59,59,64,75,78,90,112,77,0,0,0,0,50,63,57,65,69,75,70,75,0,0,0,0
2019-20,33,Tamilnadu,3328,THOOTHUKKUDI,332803,SRIVAIKUNDAM,Urban,2,cat2,"UPS (I-VIII)",4,"Government Aided",4,OBC,0,0,41,41,40,59,51,72,73,69,0,0,0,0,43,47,48,65,48,80,79,59,0,0,0,0
2019-20,33,Tamilnadu,3328,THOOTHUKKUDI,332804,ALWARTHIRUNAGAR,Urban,2,cat2,"UPS (I-VIII)",4,"Government Aided",4,OBC,0,0,4,8,4,9,18,17,15,21,0,0,0,0,8,11,7,8,6,15,19,14,0,0,0,0
2019-20,33,Tamilnadu,3328,THOOTHUKKUDI,332805,THIRUCHENTHUR,Urban,2,cat2,"UPS (I-VIII)",4,"Government Aided",4,OBC,0,0,23,31,45,31,39,68,83,62,0,0,0,0,51,72,60,64,81,93,110,113,0,0,0,0
2019-20,33,Tamilnadu,3328,THOOTHUKKUDI,332806,UDANGUDI,Urban,2,cat2,"UPS (I-VIII)",4,"Government Aided",4,OBC,0,0,4,3,7,10,10,8,11,5,0,0,0,0,3,3,7,4,9,12,5,11,0,0,0,0
2019-20,33,Tamilnadu,3328,THOOTHUKKUDI,332807,SATHANKULAM,Urban,2,cat2,"UPS (I-VIII)",4,"Government Aided",4,OBC,0,0,1,0,2,1,0,3,5,4,0,0,0,0,2,2,1,6,4,4,1,4,0,0,0,0
2019-20,33,Tamilnadu,3328,THOOTHUKKUDI,332808,KOVILPATTI,Urban,2,cat2,"UPS (I-VIII)",4,"Government Aided",4,OBC,0,0,102,103,104,131,121,154,153,142,0,0,0,0,98,99,119,111,112,125,130,132,0,0,0,0
2019-20,33,Tamilnadu,3328,THOOTHUKKUDI,332809,KAYATHAR,Urban,2,cat2,"UPS (I-VIII)",4,"Government Aided",4,OBC,0,0,0,0,0,1,0,3,6,5,0,0,0,0,0,1,1,0,2,5,3,8,0,0,0,0
2019-20,33,Tamilnadu,3328,THOOTHUKKUDI,332811,VILATHIKULAM,Urban,2,cat2,"UPS (I-VIII)",4,"Government Aided",4,OBC,0,0,2,3,2,4,1,11,14,11,0,0,0,0,2,5,3,2,2,10,10,21,0,0,0,0
2019-20,33,Tamilnadu,3328,THOOTHUKKUDI,332813,"THOOTHUKUDI RURAL",Urban,2,cat2,"UPS (I-VIII)",4,"Government Aided",4,OBC,0,0,19,15,24,25,27,17,23,22,0,0,0,0,11,14,12,19,24,26,20,10,0,0,0,0
2019-20,33,Tamilnadu,3328,THOOTHUKKUDI,332803,SRIVAIKUNDAM,Rural,2,cat2,"UPS (I-VIII)",5,"Private Unaided (Recognized)",4,OBC,7,6,3,3,6,4,3,6,6,0,0,0,0,0,1,4,5,8,1,4,3,0,0,0,0,0
2019-20,33,Tamilnadu,3328,THOOTHUKKUDI,332808,KOVILPATTI,Rural,2,cat2,"UPS (I-VIII)",5,"Private Unaided (Recognized)",4,OBC,42,47,34,19,16,22,12,0,0,0,0,0,0,0,23,17,18,14,11,0,0,0,0,0,0,0
2019-20,33,Tamilnadu,3328,THOOTHUKKUDI,332810,OTTAPIDARAM,Rural,2,cat2,"UPS (I-VIII)",5,"Private Unaided (Recognized)",4,OBC,21,21,8,9,9,6,9,5,7,7,0,0,0,0,3,9,7,5,3,5,1,2,0,0,0,0
2019-20,33,Tamilnadu,3328,THOOTHUKKUDI,332813,"THOOTHUKUDI RURAL",Rural,2,cat2,"UPS (I-VIII)",5,"Private Unaided (Recognized)",4,OBC,63,76,13,13,19,16,13,15,9,0,0,0,0,0,17,18,20,16,20,11,9,0,0,0,0,0
2019-20,33,Tamilnadu,3328,THOOTHUKKUDI,332801,"THOOTHUKUDI URBAN",Urban,2,cat2,"UPS (I-VIII)",5,"Private Unaided (Recognized)",4,OBC,183,170,55,75,65,66,46,65,37,0,0,0,0,0,53,56,43,30,40,43,23,0,0,0,0,0
2019-20,33,Tamilnadu,3328,THOOTHUKKUDI,332804,ALWARTHIRUNAGAR,Urban,2,cat2,"UPS (I-VIII)",5,"Private Unaided (Recognized)",4,OBC,0,0,1,0,0,0,2,0,2,2,0,0,0,0,0,1,1,0,2,3,0,1,0,0,0,0
2019-20,33,Tamilnadu,3328,THOOTHUKKUDI,332805,THIRUCHENTHUR,Urban,2,cat2,"UPS (I-VIII)",5,"Private Unaided (Recognized)",4,OBC,0,0,0,0,0,0,0,0,0,0,0,0,0,0,0,0,0,0,0,0,0,0,0,0,0,0
2019-20,33,Tamilnadu,3328,THOOTHUKKUDI,332813,"THOOTHUKUDI RURAL",Rural,2,cat2,"UPS (I-VIII)",8,Unrecognized,4,OBC,14,2,5,8,4,6,2,1,2,2,0,0,0,0,2,6,1,3,3,3,4,0,0,0,0,0
2019-20,33,Tamilnadu,3328,THOOTHUKKUDI,332813,"THOOTHUKUDI RURAL",Rural,4,cat4,"UPS (VI-VIII)",1,"Department of Education",4,OBC,0,0,0,0,0,0,0,7,12,5,0,0,0,0,0,0,0,0,0,8,6,3,0,0,0,0
2019-20,33,Tamilnadu,3328,THOOTHUKKUDI,332813,"THOOTHUKUDI RURAL",Urban,4,cat4,"UPS (VI-VIII)",1,"Department of Education",4,OBC,0,0,0,0,0,0,0,2,2,4,0,0,0,0,0,0,0,0,0,3,1,1,0,0,0,0
2019-20,33,Tamilnadu,3328,THOOTHUKKUDI,332802,KARUNKULAM,Rural,4,cat4,"UPS (VI-VIII)",4,"Government Aided",4,OBC,0,0,0,0,0,0,0,1,2,2,0,0,0,0,0,0,0,0,0,2,5,4,0,0,0,0
2019-20,33,Tamilnadu,3328,THOOTHUKKUDI,332806,UDANGUDI,Rural,4,cat4,"UPS (VI-VIII)",4,"Government Aided",4,OBC,0,0,0,0,0,0,0,0,0,0,0,0,0,0,0,0,0,0,0,18,26,29,0,0,0,0
2019-20,33,Tamilnadu,3328,THOOTHUKKUDI,332808,KOVILPATTI,Rural,3,cat3,"HSS (I-XII)",1,"Department of Education",1,General,0,0,0,0,0,0,0,0,0,0,0,0,0,0,0,0,0,0,0,0,1,2,4,1,2,0
2019-20,33,Tamilnadu,3328,THOOTHUKKUDI,332801,"THOOTHUKUDI URBAN",Urban,3,cat3,"HSS (I-XII)",4,"Government Aided",1,General,0,0,1,2,1,4,2,0,0,0,0,0,0,0,10,15,17,10,15,24,14,24,20,22,28,28
2019-20,33,Tamilnadu,3328,THOOTHUKKUDI,332804,ALWARTHIRUNAGAR,Urban,3,cat3,"HSS (I-XII)",4,"Government Aided",1,General,0,0,0,0,0,0,0,0,0,0,2,4,3,1,0,0,0,0,0,0,0,0,0,0,0,0
2019-20,33,Tamilnadu,3328,THOOTHUKKUDI,332802,KARUNKULAM,Rural,3,cat3,"HSS (I-XII)",5,"Private Unaided (Recognized)",1,General,0,0,0,0,2,0,1,2,0,2,0,0,0,0,1,1,0,1,0,0,1,0,1,0,0,0
2019-20,33,Tamilnadu,3328,THOOTHUKKUDI,332803,SRIVAIKUNDAM,Rural,3,cat3,"HSS (I-XII)",5,"Private Unaided (Recognized)",1,General,0,1,0,0,1,4,1,2,3,2,1,1,14,9,0,1,5,1,0,1,3,1,1,1,11,5
2019-20,33,Tamilnadu,3328,THOOTHUKKUDI,332805,THIRUCHENTHUR,Rural,3,cat3,"HSS (I-XII)",5,"Private Unaided (Recognized)",1,General,9,6,12,3,10,9,6,8,7,8,8,19,9,10,2,4,8,5,12,9,16,7,6,9,16,14
2019-20,33,Tamilnadu,3328,THOOTHUKKUDI,332806,UDANGUDI,Rural,3,cat3,"HSS (I-XII)",5,"Private Unaided (Recognized)",1,General,3,3,0,0,1,0,2,0,5,5,4,5,6,1,2,4,2,2,2,2,3,3,3,8,5,5
2019-20,33,Tamilnadu,3328,THOOTHUKKUDI,332807,SATHANKULAM,Rural,3,cat3,"HSS (I-XII)",5,"Private Unaided (Recognized)",1,General,0,0,0,0,0,1,1,1,0,1,0,2,0,1,0,0,0,0,1,0,0,0,0,0,2,1
2019-20,33,Tamilnadu,3328,THOOTHUKKUDI,332808,KOVILPATTI,Rural,3,cat3,"HSS (I-XII)",5,"Private Unaided (Recognized)",1,General,8,9,3,7,6,11,21,11,11,12,6,13,10,8,6,6,4,10,11,8,6,1,7,12,17,9
2019-20,33,Tamilnadu,3328,THOOTHUKKUDI,332809,KAYATHAR,Rural,3,cat3,"HSS (I-XII)",5,"Private Unaided (Recognized)",1,General,0,0,0,0,0,0,0,0,0,0,0,0,0,0,0,0,0,0,0,0,0,0,0,0,0,0
2019-20,33,Tamilnadu,3328,THOOTHUKKUDI,332810,OTTAPIDARAM,Rural,3,cat3,"HSS (I-XII)",5,"Private Unaided (Recognized)",1,General,0,0,0,0,0,0,0,0,3,0,0,0,0,0,0,0,0,0,0,0,0,2,1,1,0,1
2019-20,33,Tamilnadu,3328,THOOTHUKKUDI,332811,VILATHIKULAM,Rural,3,cat3,"HSS (I-XII)",5,"Private Unaided (Recognized)",1,General,0,1,0,1,0,0,8,0,0,0,0,0,1,0,0,1,0,0,3,1,1,0,0,0,0,1
2019-20,33,Tamilnadu,3328,THOOTHUKKUDI,332813,"THOOTHUKUDI RURAL",Rural,3,cat3,"HSS (I-XII)",5,"Private Unaided (Recognized)",1,General,11,5,7,7,9,4,6,16,7,4,10,5,12,1,6,5,6,3,4,3,5,8,2,5,7,4
2019-20,33,Tamilnadu,3328,THOOTHUKKUDI,332801,"THOOTHUKUDI URBAN",Urban,3,cat3,"HSS (I-XII)",5,"Private Unaided (Recognized)",1,General,119,88,106,110,34,67,59,98,49,71,43,44,29,34,61,70,37,40,40,68,39,32,14,35,20,21
2019-20,33,Tamilnadu,3328,THOOTHUKKUDI,332803,SRIVAIKUNDAM,Urban,3,cat3,"HSS (I-XII)",5,"Private Unaided (Recognized)",1,General,2,5,3,2,3,2,3,0,0,2,0,0,0,0,2,2,2,0,2,0,1,0,0,1,1,1
2019-20,33,Tamilnadu,3328,THOOTHUKKUDI,332804,ALWARTHIRUNAGAR,Urban,3,cat3,"HSS (I-XII)",5,"Private Unaided (Recognized)",1,General,0,1,0,0,2,1,0,1,1,1,1,1,1,1,0,0,1,0,1,1,0,0,2,0,0,0
2019-20,33,Tamilnadu,3328,THOOTHUKKUDI,332805,THIRUCHENTHUR,Urban,3,cat3,"HSS (I-XII)",5,"Private Unaided (Recognized)",1,General,23,25,17,13,19,17,13,15,15,17,11,5,5,8,17,6,12,13,10,12,15,10,10,12,8,9
2019-20,33,Tamilnadu,3328,THOOTHUKKUDI,332806,UDANGUDI,Urban,3,cat3,"HSS (I-XII)",5,"Private Unaided (Recognized)",1,General,0,0,0,1,0,1,0,1,1,0,1,0,0,0,0,0,0,0,0,0,2,0,2,0,0,1
2019-20,33,Tamilnadu,3328,THOOTHUKKUDI,332807,SATHANKULAM,Urban,3,cat3,"HSS (I-XII)",5,"Private Unaided (Recognized)",1,General,1,1,3,2,3,2,0,0,0,0,0,2,1,2,1,1,2,0,0,2,0,3,0,4,1,0
2019-20,33,Tamilnadu,3328,THOOTHUKKUDI,332808,KOVILPATTI,Urban,3,cat3,"HSS (I-XII)",5,"Private Unaided (Recognized)",1,General,2,3,1,1,2,1,2,1,2,3,3,5,0,6,0,0,1,3,3,1,4,4,2,1,0,4
2019-20,33,Tamilnadu,3328,THOOTHUKKUDI,332809,KAYATHAR,Urban,3,cat3,"HSS (I-XII)",5,"Private Unaided (Recognized)",1,General,3,4,3,1,1,2,4,0,2,0,1,2,1,0,4,4,1,3,4,1,0,0,2,1,1,1
2019-20,33,Tamilnadu,3328,THOOTHUKKUDI,332811,VILATHIKULAM,Urban,3,cat3,"HSS (I-XII)",5,"Private Unaided (Recognized)",1,General,0,1,0,0,1,0,0,0,0,0,1,1,0,0,2,0,0,0,1,1,1,0,0,0,0,0
2019-20,33,Tamilnadu,3328,THOOTHUKKUDI,332813,"THOOTHUKUDI RURAL",Urban,3,cat3,"HSS (I-XII)",5,"Private Unaided (Recognized)",1,General,13,10,12,21,15,16,13,18,18,8,14,13,17,20,11,13,13,13,6,11,14,9,6,12,15,7
2019-20,33,Tamilnadu,3328,THOOTHUKKUDI,332806,UDANGUDI,Rural,10,cat10,"HSS (IX-XII)",4,"Government Aided",1,General,0,0,0,0,0,0,0,0,0,0,0,0,0,0,0,0,0,0,0,0,0,0,0,1,1,2
2019-20,33,Tamilnadu,3328,THOOTHUKKUDI,332802,KARUNKULAM,Rural,5,cat5,"HSS (VI-XII)",1,"Department of Education",1,General,0,0,0,0,0,0,0,0,0,1,0,0,1,2,0,0,0,0,0,0,1,1,0,1,0,0
2019-20,33,Tamilnadu,3328,THOOTHUKKUDI,332803,SRIVAIKUNDAM,Rural,5,cat5,"HSS (VI-XII)",1,"Department of Education",1,General,0,0,0,0,0,0,0,1,1,2,0,0,1,0,0,0,0,0,0,0,2,1,1,0,1,0
2019-20,33,Tamilnadu,3328,THOOTHUKKUDI,332804,ALWARTHIRUNAGAR,Rural,5,cat5,"HSS (VI-XII)",1,"Department of Education",1,General,0,0,0,0,0,0,0,0,0,0,0,0,0,0,0,0,0,0,0,0,0,0,0,0,0,0
2019-20,33,Tamilnadu,3328,THOOTHUKKUDI,332805,THIRUCHENTHUR,Rural,5,cat5,"HSS (VI-XII)",1,"Department of Education",1,General,0,0,0,0,0,0,0,0,1,3,1,0,0,1,0,0,0,0,0,8,6,11,6,13,14,9
2019-20,33,Tamilnadu,3328,THOOTHUKKUDI,332807,SATHANKULAM,Rural,5,cat5,"HSS (VI-XII)",1,"Department of Education",1,General,0,0,0,0,0,0,0,0,0,1,2,0,1,0,0,0,0,0,0,0,0,2,0,1,2,1
2019-20,33,Tamilnadu,3328,THOOTHUKKUDI,332808,KOVILPATTI,Rural,5,cat5,"HSS (VI-XII)",1,"Department of Education",1,General,0,0,0,0,0,0,0,0,2,0,0,0,1,1,0,0,0,0,0,0,0,0,2,0,0,0
2019-20,33,Tamilnadu,3328,THOOTHUKKUDI,332809,KAYATHAR,Rural,5,cat5,"HSS (VI-XII)",1,"Department of Education",1,General,0,0,0,0,0,0,0,0,0,0,0,0,0,0,0,0,0,0,0,0,1,0,0,0,0,0
2019-20,33,Tamilnadu,3328,THOOTHUKKUDI,332810,OTTAPIDARAM,Rural,5,cat5,"HSS (VI-XII)",1,"Department of Education",1,General,0,0,0,0,0,0,0,0,0,0,0,0,1,0,0,0,0,0,0,0,2,1,1,0,1,0
2019-20,33,Tamilnadu,3328,THOOTHUKKUDI,332811,VILATHIKULAM,Rural,5,cat5,"HSS (VI-XII)",1,"Department of Education",1,General,0,0,0,0,0,0,0,0,0,0,0,0,0,0,0,0,0,0,0,1,0,2,1,1,1,2
2019-20,33,Tamilnadu,3328,THOOTHUKKUDI,332812,PUDUR,Rural,5,cat5,"HSS (VI-XII)",1,"Department of Education",1,General,0,0,0,0,0,0,0,0,0,0,0,0,8,0,0,0,0,0,0,0,0,0,0,0,2,0
2019-20,33,Tamilnadu,3328,THOOTHUKKUDI,332813,"THOOTHUKUDI RURAL",Rural,5,cat5,"HSS (VI-XII)",1,"Department of Education",1,General,0,0,0,0,0,0,0,1,1,0,1,1,0,4,0,0,0,0,0,0,0,1,0,0,0,0
2019-20,33,Tamilnadu,3328,THOOTHUKKUDI,332801,"THOOTHUKUDI URBAN",Urban,5,cat5,"HSS (VI-XII)",1,"Department of Education",1,General,0,0,0,0,0,0,0,0,0,0,1,0,0,0,0,0,0,0,0,0,0,0,1,1,1,1
2019-20,33,Tamilnadu,3328,THOOTHUKKUDI,332803,SRIVAIKUNDAM,Urban,5,cat5,"HSS (VI-XII)",1,"Department of Education",1,General,0,0,0,0,0,0,0,0,0,0,0,0,0,0,0,0,0,0,0,4,7,4,3,8,6,6
2019-20,33,Tamilnadu,3328,THOOTHUKKUDI,332804,ALWARTHIRUNAGAR,Urban,5,cat5,"HSS (VI-XII)",1,"Department of Education",1,General,0,0,0,0,0,0,0,0,0,0,0,0,0,0,0,0,0,0,0,0,0,0,0,0,0,0
2019-20,33,Tamilnadu,3328,THOOTHUKKUDI,332805,THIRUCHENTHUR,Urban,5,cat5,"HSS (VI-XII)",1,"Department of Education",1,General,0,0,0,0,0,0,0,0,0,1,0,1,2,4,0,0,0,0,0,0,0,0,2,2,3,2
2019-20,33,Tamilnadu,3328,THOOTHUKKUDI,332808,KOVILPATTI,Urban,5,cat5,"HSS (VI-XII)",1,"Department of Education",1,General,0,0,0,0,0,0,0,0,0,1,1,0,1,2,0,0,0,0,0,1,0,2,6,4,3,9
2019-20,33,Tamilnadu,3328,THOOTHUKKUDI,332809,KAYATHAR,Urban,5,cat5,"HSS (VI-XII)",1,"Department of Education",1,General,0,0,0,0,0,0,0,0,0,0,1,2,4,3,0,0,0,0,0,0,0,1,0,0,0,1
2019-20,33,Tamilnadu,3328,THOOTHUKKUDI,332811,VILATHIKULAM,Urban,5,cat5,"HSS (VI-XII)",1,"Department of Education",1,General,0,0,0,0,0,0,0,1,1,0,0,0,2,2,0,0,0,0,0,0,0,0,0,2,0,0
2019-20,33,Tamilnadu,3328,THOOTHUKKUDI,332812,PUDUR,Urban,5,cat5,"HSS (VI-XII)",1,"Department of Education",1,General,0,0,0,0,0,0,0,0,0,0,0,0,0,0,0,0,0,0,0,0,0,0,0,0,0,0
2019-20,33,Tamilnadu,3328,THOOTHUKKUDI,332803,SRIVAIKUNDAM,Rural,5,cat5,"HSS (VI-XII)",4,"Government Aided",1,General,0,0,0,0,0,0,0,0,0,0,0,0,0,0,0,0,0,0,0,0,0,0,0,0,0,0
2019-20,33,Tamilnadu,3328,THOOTHUKKUDI,332804,ALWARTHIRUNAGAR,Rural,5,cat5,"HSS (VI-XII)",4,"Government Aided",1,General,0,0,0,0,0,0,0,3,3,5,4,3,8,3,0,0,0,0,0,1,2,0,1,2,3,4
2019-20,33,Tamilnadu,3328,THOOTHUKKUDI,332805,THIRUCHENTHUR,Rural,5,cat5,"HSS (VI-XII)",4,"Government Aided",1,General,0,0,0,0,0,0,0,2,0,0,1,4,2,0,0,0,0,0,0,0,0,0,0,0,2,0
2019-20,33,Tamilnadu,3328,THOOTHUKKUDI,332806,UDANGUDI,Rural,5,cat5,"HSS (VI-XII)",4,"Government Aided",1,General,0,0,0,0,0,0,0,2,3,1,0,1,1,2,0,0,0,0,0,1,0,0,0,1,0,3
2019-20,33,Tamilnadu,3328,THOOTHUKKUDI,332807,SATHANKULAM,Rural,5,cat5,"HSS (VI-XII)",4,"Government Aided",1,General,0,0,0,0,0,0,0,0,0,0,0,0,0,0,0,0,0,0,0,0,1,0,0,0,0,0
2019-20,33,Tamilnadu,3328,THOOTHUKKUDI,332808,KOVILPATTI,Rural,5,cat5,"HSS (VI-XII)",4,"Government Aided",1,General,0,0,0,0,0,0,0,4,0,0,2,1,5,4,0,0,0,0,0,0,1,1,4,1,6,10
2019-20,33,Tamilnadu,3328,THOOTHUKKUDI,332809,KAYATHAR,Rural,5,cat5,"HSS (VI-XII)",4,"Government Aided",1,General,0,0,0,0,0,0,0,0,0,0,0,0,0,0,0,0,0,0,0,0,1,1,0,1,1,1
2019-20,33,Tamilnadu,3328,THOOTHUKKUDI,332810,OTTAPIDARAM,Rural,5,cat5,"HSS (VI-XII)",4,"Government Aided",1,General,0,0,0,0,0,0,0,0,3,0,0,1,0,3,0,0,0,0,0,0,1,0,1,2,2,0
2019-20,33,Tamilnadu,3328,THOOTHUKKUDI,332811,VILATHIKULAM,Rural,5,cat5,"HSS (VI-XII)",4,"Government Aided",1,General,0,0,0,0,0,0,0,0,1,3,2,6,0,0,0,0,0,0,0,3,5,7,4,6,2,0
2019-20,33,Tamilnadu,3328,THOOTHUKKUDI,332812,PUDUR,Rural,5,cat5,"HSS (VI-XII)",4,"Government Aided",1,General,0,0,0,0,0,0,0,1,1,2,1,2,3,6,0,0,0,0,0,0,2,1,1,4,0,8
2019-20,33,Tamilnadu,3328,THOOTHUKKUDI,332813,"THOOTHUKUDI RURAL",Rural,5,cat5,"HSS (VI-XII)",4,"Government Aided",1,General,0,0,0,0,0,0,0,3,3,1,7,0,0,1,0,0,0,0,0,2,2,2,1,3,3,2
2019-20,33,Tamilnadu,3328,THOOTHUKKUDI,332801,"THOOTHUKUDI URBAN",Urban,5,cat5,"HSS (VI-XII)",4,"Government Aided",1,General,0,0,0,0,0,0,0,24,20,17,34,27,39,30,0,0,0,0,0,20,30,22,29,39,35,57
2019-20,33,Tamilnadu,3328,THOOTHUKKUDI,332803,SRIVAIKUNDAM,Urban,5,cat5,"HSS (VI-XII)",4,"Government Aided",1,General,0,0,0,0,0,0,0,0,1,0,4,2,4,5,0,0,0,0,0,2,0,0,2,0,1,1
2019-20,33,Tamilnadu,3328,THOOTHUKKUDI,332804,ALWARTHIRUNAGAR,Urban,5,cat5,"HSS (VI-XII)",4,"Government Aided",1,General,0,0,0,0,0,0,0,5,6,10,10,6,2,3,0,0,0,0,0,6,12,11,9,8,7,9
2019-20,33,Tamilnadu,3328,THOOTHUKKUDI,332805,THIRUCHENTHUR,Urban,5,cat5,"HSS (VI-XII)",4,"Government Aided",1,General,0,0,0,0,0,0,0,1,5,1,2,5,4,3,0,0,0,0,0,0,1,0,1,0,1,1
2019-20,33,Tamilnadu,3328,THOOTHUKKUDI,332806,UDANGUDI,Urban,5,cat5,"HSS (VI-XII)",4,"Government Aided",1,General,0,0,0,0,0,0,0,0,0,2,1,1,2,1,0,0,0,0,0,0,2,0,2,0,1,1
2019-20,33,Tamilnadu,3328,THOOTHUKKUDI,332807,SATHANKULAM,Urban,5,cat5,"HSS (VI-XII)",4,"Government Aided",1,General,0,0,0,0,0,0,0,2,2,4,5,5,4,3,0,0,0,0,0,5,1,2,3,1,9,4
2019-20,33,Tamilnadu,3328,THOOTHUKKUDI,332808,KOVILPATTI,Urban,5,cat5,"HSS (VI-XII)",4,"Government Aided",1,General,0,0,0,0,0,0,0,2,3,2,5,2,0,3,0,0,0,0,0,0,0,0,2,0,4,2
2019-20,33,Tamilnadu,3328,THOOTHUKKUDI,332809,KAYATHAR,Urban,5,cat5,"HSS (VI-XII)",4,"Government Aided",1,General,0,0,0,0,0,0,0,1,0,1,1,1,1,0,0,0,0,0,0,0,0,0,0,2,2,1
2019-20,33,Tamilnadu,3328,THOOTHUKKUDI,332813,"THOOTHUKUDI RURAL",Urban,5,cat5,"HSS (VI-XII)",4,"Government Aided",1,General,0,0,0,0,0,0,0,1,1,3,4,0,3,2,0,0,0,0,0,2,1,4,1,2,2,3
2019-20,33,Tamilnadu,3328,THOOTHUKKUDI,332806,UDANGUDI,Rural,5,cat5,"HSS (VI-XII)",5,"Private Unaided (Recognized)",1,General,0,0,0,0,0,0,0,0,0,0,0,0,0,0,0,0,0,0,0,0,0,0,0,0,0,0
2019-20,33,Tamilnadu,3328,THOOTHUKKUDI,332813,"THOOTHUKUDI RURAL",Rural,5,cat5,"HSS (VI-XII)",5,"Private Unaided (Recognized)",1,General,0,0,0,0,0,0,0,4,3,3,3,4,4,1,0,0,0,0,0,0,4,1,0,2,3,3
2019-20,33,Tamilnadu,3328,THOOTHUKKUDI,332811,VILATHIKULAM,Urban,5,cat5,"HSS (VI-XII)",5,"Private Unaided (Recognized)",1,General,0,0,0,0,0,0,0,0,0,0,0,0,0,0,0,0,0,0,0,1,0,0,1,0,1,0
2019-20,33,Tamilnadu,3328,THOOTHUKKUDI,332805,THIRUCHENTHUR,Urban,11,cat11,"HSS (XI-XII)",5,"Private Unaided (Recognized)",1,General,0,0,0,0,0,0,0,0,0,0,0,0,7,1,0,0,0,0,0,0,0,0,0,0,6,5
2019-20,33,Tamilnadu,3328,THOOTHUKKUDI,332802,KARUNKULAM,Rural,1,cat1,"PS (I-V)",1,"Department of Education",1,General,0,0,0,0,3,2,0,0,0,0,0,0,0,0,2,1,0,0,0,0,0,0,0,0,0,0
2019-20,33,Tamilnadu,3328,THOOTHUKKUDI,332803,SRIVAIKUNDAM,Rural,1,cat1,"PS (I-V)",1,"Department of Education",1,General,0,0,0,0,0,0,0,0,0,0,0,0,0,0,0,0,0,0,0,0,0,0,0,0,0,0
2019-20,33,Tamilnadu,3328,THOOTHUKKUDI,332804,ALWARTHIRUNAGAR,Rural,1,cat1,"PS (I-V)",1,"Department of Education",1,General,0,0,0,0,0,0,0,0,0,0,0,0,0,0,1,0,1,0,0,0,0,0,0,0,0,0
2019-20,33,Tamilnadu,3328,THOOTHUKKUDI,332805,THIRUCHENTHUR,Rural,1,cat1,"PS (I-V)",1,"Department of Education",1,General,0,0,1,0,1,1,1,0,0,0,0,0,0,0,1,0,3,0,0,0,0,0,0,0,0,0
2019-20,33,Tamilnadu,3328,THOOTHUKKUDI,332806,UDANGUDI,Rural,1,cat1,"PS (I-V)",1,"Department of Education",1,General,0,0,0,0,1,1,0,0,0,0,0,0,0,0,0,1,0,0,0,0,0,0,0,0,0,0
2019-20,33,Tamilnadu,3328,THOOTHUKKUDI,332807,SATHANKULAM,Rural,1,cat1,"PS (I-V)",1,"Department of Education",1,General,0,0,0,1,0,0,0,0,0,0,0,0,0,0,1,1,0,0,0,0,0,0,0,0,0,0
2019-20,33,Tamilnadu,3328,THOOTHUKKUDI,332808,KOVILPATTI,Rural,1,cat1,"PS (I-V)",1,"Department of Education",1,General,0,0,1,1,1,0,1,0,0,0,0,0,0,0,0,0,0,1,0,0,0,0,0,0,0,0
2019-20,33,Tamilnadu,3328,THOOTHUKKUDI,332809,KAYATHAR,Rural,1,cat1,"PS (I-V)",1,"Department of Education",1,General,0,0,0,0,0,0,0,0,0,0,0,0,0,0,0,0,0,1,1,0,0,0,0,0,0,0
2019-20,33,Tamilnadu,3328,THOOTHUKKUDI,332810,OTTAPIDARAM,Rural,1,cat1,"PS (I-V)",1,"Department of Education",1,General,0,0,1,1,0,0,1,0,0,0,0,0,0,0,2,1,0,1,0,0,0,0,0,0,0,0
2019-20,33,Tamilnadu,3328,THOOTHUKKUDI,332811,VILATHIKULAM,Rural,1,cat1,"PS (I-V)",1,"Department of Education",1,General,0,0,0,0,0,0,0,0,0,0,0,0,0,0,0,3,0,0,1,0,0,0,0,0,0,0
2019-20,33,Tamilnadu,3328,THOOTHUKKUDI,332812,PUDUR,Rural,1,cat1,"PS (I-V)",1,"Department of Education",1,General,0,0,4,14,12,11,11,0,0,0,0,0,0,0,6,6,12,10,16,0,0,0,0,0,0,0
2019-20,33,Tamilnadu,3328,THOOTHUKKUDI,332813,"THOOTHUKUDI RURAL",Rural,1,cat1,"PS (I-V)",1,"Department of Education",1,General,0,0,0,1,0,1,0,0,0,0,0,0,0,0,0,0,2,0,0,0,0,0,0,0,0,0
2019-20,33,Tamilnadu,3328,THOOTHUKKUDI,332803,SRIVAIKUNDAM,Urban,1,cat1,"PS (I-V)",1,"Department of Education",1,General,0,0,0,0,0,0,0,0,0,0,0,0,0,0,0,0,0,0,0,0,0,0,0,0,0,0
2019-20,33,Tamilnadu,3328,THOOTHUKKUDI,332804,ALWARTHIRUNAGAR,Urban,1,cat1,"PS (I-V)",1,"Department of Education",1,General,0,0,0,0,0,0,0,0,0,0,0,0,0,0,1,0,0,1,0,0,0,0,0,0,0,0
2019-20,33,Tamilnadu,3328,THOOTHUKKUDI,332805,THIRUCHENTHUR,Urban,1,cat1,"PS (I-V)",1,"Department of Education",1,General,0,0,0,1,2,2,2,0,0,0,0,0,0,0,2,0,2,0,1,0,0,0,0,0,0,0
2019-20,33,Tamilnadu,3328,THOOTHUKKUDI,332806,UDANGUDI,Urban,1,cat1,"PS (I-V)",1,"Department of Education",1,General,0,0,0,0,0,0,0,0,0,0,0,0,0,0,0,0,0,0,0,0,0,0,0,0,0,0
2019-20,33,Tamilnadu,3328,THOOTHUKKUDI,332807,SATHANKULAM,Urban,1,cat1,"PS (I-V)",1,"Department of Education",1,General,0,0,0,0,0,0,0,0,0,0,0,0,0,0,0,0,0,0,0,0,0,0,0,0,0,0
2019-20,33,Tamilnadu,3328,THOOTHUKKUDI,332808,KOVILPATTI,Urban,1,cat1,"PS (I-V)",1,"Department of Education",1,General,0,0,0,0,0,0,0,0,0,0,0,0,0,0,0,0,0,0,0,0,0,0,0,0,0,0
2019-20,33,Tamilnadu,3328,THOOTHUKKUDI,332809,KAYATHAR,Urban,1,cat1,"PS (I-V)",1,"Department of Education",1,General,0,0,0,1,1,0,3,0,0,0,0,0,0,0,0,1,2,0,0,0,0,0,0,0,0,0
2019-20,33,Tamilnadu,3328,THOOTHUKKUDI,332811,VILATHIKULAM,Urban,1,cat1,"PS (I-V)",1,"Department of Education",1,General,0,0,0,0,0,0,0,0,0,0,0,0,0,0,0,0,0,1,0,0,0,0,0,0,0,0
2019-20,33,Tamilnadu,3328,THOOTHUKKUDI,332812,PUDUR,Urban,1,cat1,"PS (I-V)",1,"Department of Education",1,General,0,0,0,0,0,0,0,0,0,0,0,0,0,0,0,0,0,0,0,0,0,0,0,0,0,0
2019-20,33,Tamilnadu,3328,THOOTHUKKUDI,332813,"THOOTHUKUDI RURAL",Urban,1,cat1,"PS (I-V)",1,"Department of Education",1,General,0,0,0,0,0,0,0,0,0,0,0,0,0,0,0,0,0,0,0,0,0,0,0,0,0,0
2019-20,33,Tamilnadu,3328,THOOTHUKKUDI,332802,KARUNKULAM,Rural,1,cat1,"PS (I-V)",2,"Tribal Welfare Department",1,General,0,0,0,0,0,0,0,0,0,0,0,0,0,0,0,0,0,0,0,0,0,0,0,0,0,0
2019-20,33,Tamilnadu,3328,THOOTHUKKUDI,332805,THIRUCHENTHUR,Rural,1,cat1,"PS (I-V)",2,"Tribal Welfare Department",1,General,0,0,0,0,0,0,0,0,0,0,0,0,0,0,0,0,0,0,0,0,0,0,0,0,0,0
2019-20,33,Tamilnadu,3328,THOOTHUKKUDI,332808,KOVILPATTI,Rural,1,cat1,"PS (I-V)",2,"Tribal Welfare Department",1,General,0,0,0,0,0,0,0,0,0,0,0,0,0,0,0,0,0,0,0,0,0,0,0,0,0,0
2019-20,33,Tamilnadu,3328,THOOTHUKKUDI,332809,KAYATHAR,Rural,1,cat1,"PS (I-V)",2,"Tribal Welfare Department",1,General,0,0,0,0,0,0,0,0,0,0,0,0,0,0,0,0,0,0,0,0,0,0,0,0,0,0
2019-20,33,Tamilnadu,3328,THOOTHUKKUDI,332810,OTTAPIDARAM,Rural,1,cat1,"PS (I-V)",2,"Tribal Welfare Department",1,General,0,0,0,0,0,0,0,0,0,0,0,0,0,0,0,0,0,0,0,0,0,0,0,0,0,0
2019-20,33,Tamilnadu,3328,THOOTHUKKUDI,332811,VILATHIKULAM,Rural,1,cat1,"PS (I-V)",2,"Tribal Welfare Department",1,General,0,0,0,0,0,0,0,0,0,0,0,0,0,0,0,0,0,0,0,0,0,0,0,0,0,0
2019-20,33,Tamilnadu,3328,THOOTHUKKUDI,332813,"THOOTHUKUDI RURAL",Rural,1,cat1,"PS (I-V)",2,"Tribal Welfare Department",1,General,0,0,0,0,0,0,0,0,0,0,0,0,0,0,0,0,0,0,0,0,0,0,0,0,0,0
2019-20,33,Tamilnadu,3328,THOOTHUKKUDI,332803,SRIVAIKUNDAM,Urban,1,cat1,"PS (I-V)",2,"Tribal Welfare Department",1,General,0,0,0,0,0,0,0,0,0,0,0,0,0,0,0,0,0,0,0,0,0,0,0,0,0,0
2019-20,33,Tamilnadu,3328,THOOTHUKKUDI,332801,"THOOTHUKUDI URBAN",Urban,1,cat1,"PS (I-V)",3,"Local body",1,General,0,0,2,0,1,0,2,0,0,0,0,0,0,0,2,0,0,1,1,0,0,0,0,0,0,0
2019-20,33,Tamilnadu,3328,THOOTHUKKUDI,332808,KOVILPATTI,Urban,1,cat1,"PS (I-V)",3,"Local body",1,General,0,0,0,0,0,0,0,0,0,0,0,0,0,0,0,0,1,0,0,0,0,0,0,0,0,0
2019-20,33,Tamilnadu,3328,THOOTHUKKUDI,332802,KARUNKULAM,Rural,1,cat1,"PS (I-V)",4,"Government Aided",1,General,0,0,0,1,0,0,1,0,0,0,0,0,0,0,0,0,1,0,0,0,0,0,0,0,0,0
2019-20,33,Tamilnadu,3328,THOOTHUKKUDI,332803,SRIVAIKUNDAM,Rural,1,cat1,"PS (I-V)",4,"Government Aided",1,General,0,0,0,1,1,0,2,0,0,0,0,0,0,0,0,1,1,3,2,0,0,0,0,0,0,0
2019-20,33,Tamilnadu,3328,THOOTHUKKUDI,332804,ALWARTHIRUNAGAR,Rural,1,cat1,"PS (I-V)",4,"Government Aided",1,General,0,0,0,0,0,2,0,0,0,0,0,0,0,0,1,1,0,1,0,0,0,0,0,0,0,0
2019-20,33,Tamilnadu,3328,THOOTHUKKUDI,332805,THIRUCHENTHUR,Rural,1,cat1,"PS (I-V)",4,"Government Aided",1,General,0,0,1,0,2,0,0,0,0,0,0,0,0,0,0,0,0,0,2,0,0,0,0,0,0,0
2019-20,33,Tamilnadu,3328,THOOTHUKKUDI,332806,UDANGUDI,Rural,1,cat1,"PS (I-V)",4,"Government Aided",1,General,0,0,0,0,1,1,1,0,0,0,0,0,0,0,2,0,0,0,0,0,0,0,0,0,0,0
2019-20,33,Tamilnadu,3328,THOOTHUKKUDI,332807,SATHANKULAM,Rural,1,cat1,"PS (I-V)",4,"Government Aided",1,General,0,0,0,0,0,0,1,0,0,0,0,0,0,0,0,0,0,0,1,0,0,0,0,0,0,0
2019-20,33,Tamilnadu,3328,THOOTHUKKUDI,332808,KOVILPATTI,Rural,1,cat1,"PS (I-V)",4,"Government Aided",1,General,0,0,1,0,0,0,0,0,0,0,0,0,0,0,0,1,0,1,0,0,0,0,0,0,0,0
2019-20,33,Tamilnadu,3328,THOOTHUKKUDI,332809,KAYATHAR,Rural,1,cat1,"PS (I-V)",4,"Government Aided",1,General,0,0,2,1,1,0,1,0,0,0,0,0,0,0,0,0,0,0,0,0,0,0,0,0,0,0
2019-20,33,Tamilnadu,3328,THOOTHUKKUDI,332810,OTTAPIDARAM,Rural,1,cat1,"PS (I-V)",4,"Government Aided",1,General,0,0,1,4,2,0,1,0,0,0,0,0,0,0,1,0,1,2,2,0,0,0,0,0,0,0
2019-20,33,Tamilnadu,3328,THOOTHUKKUDI,332811,VILATHIKULAM,Rural,1,cat1,"PS (I-V)",4,"Government Aided",1,General,0,0,0,0,0,0,0,0,0,0,0,0,0,0,0,0,0,0,1,0,0,0,0,0,0,0
2019-20,33,Tamilnadu,3328,THOOTHUKKUDI,332812,PUDUR,Rural,1,cat1,"PS (I-V)",4,"Government Aided",1,General,0,0,0,0,0,0,1,0,0,0,0,0,0,0,0,0,0,0,0,0,0,0,0,0,0,0
2019-20,33,Tamilnadu,3328,THOOTHUKKUDI,332813,"THOOTHUKUDI RURAL",Rural,1,cat1,"PS (I-V)",4,"Government Aided",1,General,0,0,0,4,1,0,3,0,0,0,0,0,0,0,2,0,0,4,2,0,0,0,0,0,0,0
2019-20,33,Tamilnadu,3328,THOOTHUKKUDI,332801,"THOOTHUKUDI URBAN",Urban,1,cat1,"PS (I-V)",4,"Government Aided",1,General,0,0,4,5,9,12,17,0,0,0,0,0,0,0,10,6,12,6,16,0,0,0,0,0,0,0
2019-20,33,Tamilnadu,3328,THOOTHUKKUDI,332803,SRIVAIKUNDAM,Urban,1,cat1,"PS (I-V)",4,"Government Aided",1,General,0,0,1,0,0,1,1,0,0,0,0,0,0,0,2,0,0,1,3,0,0,0,0,0,0,0
2019-20,33,Tamilnadu,3328,THOOTHUKKUDI,332804,ALWARTHIRUNAGAR,Urban,1,cat1,"PS (I-V)",4,"Government Aided",1,General,0,0,5,3,1,8,4,0,0,0,0,0,0,0,0,1,3,3,6,0,0,0,0,0,0,0
2019-20,33,Tamilnadu,3328,THOOTHUKKUDI,332805,THIRUCHENTHUR,Urban,1,cat1,"PS (I-V)",4,"Government Aided",1,General,0,0,1,0,4,0,5,0,0,0,0,0,0,0,2,1,2,2,2,0,0,0,0,0,0,0
2019-20,33,Tamilnadu,3328,THOOTHUKKUDI,332806,UDANGUDI,Urban,1,cat1,"PS (I-V)",4,"Government Aided",1,General,0,0,0,0,0,0,0,0,0,0,0,0,0,0,0,0,0,0,0,0,0,0,0,0,0,0
2019-20,33,Tamilnadu,3328,THOOTHUKKUDI,332807,SATHANKULAM,Urban,1,cat1,"PS (I-V)",4,"Government Aided",1,General,0,0,0,2,2,1,1,0,0,0,0,0,0,0,2,1,0,0,0,0,0,0,0,0,0,0
2019-20,33,Tamilnadu,3328,THOOTHUKKUDI,332808,KOVILPATTI,Urban,1,cat1,"PS (I-V)",4,"Government Aided",1,General,0,0,2,0,2,1,1,0,0,0,0,0,0,0,2,0,2,3,1,0,0,0,0,0,0,0
2019-20,33,Tamilnadu,3328,THOOTHUKKUDI,332809,KAYATHAR,Urban,1,cat1,"PS (I-V)",4,"Government Aided",1,General,0,0,5,1,0,0,0,0,0,0,0,0,0,0,0,0,1,0,1,0,0,0,0,0,0,0
2019-20,33,Tamilnadu,3328,THOOTHUKKUDI,332811,VILATHIKULAM,Urban,1,cat1,"PS (I-V)",4,"Government Aided",1,General,0,0,0,0,0,1,0,0,0,0,0,0,0,0,0,0,0,0,0,0,0,0,0,0,0,0
2019-20,33,Tamilnadu,3328,THOOTHUKKUDI,332812,PUDUR,Urban,1,cat1,"PS (I-V)",4,"Government Aided",1,General,0,0,0,0,0,0,0,0,0,0,0,0,0,0,0,0,0,0,0,0,0,0,0,0,0,0
2019-20,33,Tamilnadu,3328,THOOTHUKKUDI,332813,"THOOTHUKUDI RURAL",Urban,1,cat1,"PS (I-V)",4,"Government Aided",1,General,0,0,0,1,2,2,1,0,0,0,0,0,0,0,0,0,0,1,1,0,0,0,0,0,0,0
2019-20,33,Tamilnadu,3328,THOOTHUKKUDI,332802,KARUNKULAM,Rural,1,cat1,"PS (I-V)",5,"Private Unaided (Recognized)",1,General,1,1,0,1,1,0,0,0,0,0,0,0,0,0,3,2,1,0,0,0,0,0,0,0,0,0
2019-20,33,Tamilnadu,3328,THOOTHUKKUDI,332803,SRIVAIKUNDAM,Rural,1,cat1,"PS (I-V)",5,"Private Unaided (Recognized)",1,General,3,1,1,0,0,1,0,0,0,0,0,0,0,0,0,0,0,1,1,0,0,0,0,0,0,0
2019-20,33,Tamilnadu,3328,THOOTHUKKUDI,332804,ALWARTHIRUNAGAR,Rural,1,cat1,"PS (I-V)",5,"Private Unaided (Recognized)",1,General,2,2,4,2,1,1,5,0,0,0,0,0,0,0,4,1,4,2,0,0,0,0,0,0,0,0
2019-20,33,Tamilnadu,3328,THOOTHUKKUDI,332805,THIRUCHENTHUR,Rural,1,cat1,"PS (I-V)",5,"Private Unaided (Recognized)",1,General,2,1,1,0,0,1,0,0,0,0,0,0,0,0,0,0,0,1,0,0,0,0,0,0,0,0
2019-20,33,Tamilnadu,3328,THOOTHUKKUDI,332806,UDANGUDI,Rural,1,cat1,"PS (I-V)",5,"Private Unaided (Recognized)",1,General,2,0,2,2,1,0,2,0,0,0,0,0,0,0,0,0,0,0,1,0,0,0,0,0,0,0
2019-20,33,Tamilnadu,3328,THOOTHUKKUDI,332807,SATHANKULAM,Rural,1,cat1,"PS (I-V)",5,"Private Unaided (Recognized)",1,General,0,0,0,1,0,0,0,0,0,0,0,0,0,0,0,0,0,0,0,0,0,0,0,0,0,0
2019-20,33,Tamilnadu,3328,THOOTHUKKUDI,332808,KOVILPATTI,Rural,1,cat1,"PS (I-V)",5,"Private Unaided (Recognized)",1,General,10,6,1,1,0,2,1,0,0,0,0,0,0,0,0,1,0,2,0,0,0,0,0,0,0,0
2019-20,33,Tamilnadu,3328,THOOTHUKKUDI,332809,KAYATHAR,Rural,1,cat1,"PS (I-V)",5,"Private Unaided (Recognized)",1,General,0,0,0,0,0,0,1,0,0,0,0,0,0,0,0,0,1,0,0,0,0,0,0,0,0,0
2019-20,33,Tamilnadu,3328,THOOTHUKKUDI,332810,OTTAPIDARAM,Rural,1,cat1,"PS (I-V)",5,"Private Unaided (Recognized)",1,General,1,5,1,0,0,1,0,0,0,0,0,0,0,0,3,0,1,0,0,0,0,0,0,0,0,0
2019-20,33,Tamilnadu,3328,THOOTHUKKUDI,332811,VILATHIKULAM,Rural,1,cat1,"PS (I-V)",5,"Private Unaided (Recognized)",1,General,0,0,0,0,0,0,0,0,0,0,0,0,0,0,0,0,0,0,0,0,0,0,0,0,0,0
2019-20,33,Tamilnadu,3328,THOOTHUKKUDI,332812,PUDUR,Rural,1,cat1,"PS (I-V)",5,"Private Unaided (Recognized)",1,General,0,0,0,0,0,0,0,0,0,0,0,0,0,0,0,0,0,0,0,0,0,0,0,0,0,0
2019-20,33,Tamilnadu,3328,THOOTHUKKUDI,332813,"THOOTHUKUDI RURAL",Rural,1,cat1,"PS (I-V)",5,"Private Unaided (Recognized)",1,General,12,12,10,9,5,10,6,0,0,0,0,0,0,0,7,3,5,4,5,0,0,0,0,0,0,0
2019-20,33,Tamilnadu,3328,THOOTHUKKUDI,332801,"THOOTHUKUDI URBAN",Urban,1,cat1,"PS (I-V)",5,"Private Unaided (Recognized)",1,General,43,39,15,17,12,8,16,0,0,0,0,0,0,0,8,7,14,4,8,0,0,0,0,0,0,0
2019-20,33,Tamilnadu,3328,THOOTHUKKUDI,332803,SRIVAIKUNDAM,Urban,1,cat1,"PS (I-V)",5,"Private Unaided (Recognized)",1,General,2,2,0,1,1,1,0,0,0,0,0,0,0,0,0,2,2,0,1,0,0,0,0,0,0,0
2019-20,33,Tamilnadu,3328,THOOTHUKKUDI,332804,ALWARTHIRUNAGAR,Urban,1,cat1,"PS (I-V)",5,"Private Unaided (Recognized)",1,General,11,15,3,4,6,6,6,0,0,0,0,0,0,0,7,8,10,4,8,0,0,0,0,0,0,0
2019-20,33,Tamilnadu,3328,THOOTHUKKUDI,332805,THIRUCHENTHUR,Urban,1,cat1,"PS (I-V)",5,"Private Unaided (Recognized)",1,General,16,23,14,5,6,7,2,0,0,0,0,0,0,0,7,3,8,6,11,0,0,0,0,0,0,0
2019-20,33,Tamilnadu,3328,THOOTHUKKUDI,332806,UDANGUDI,Urban,1,cat1,"PS (I-V)",5,"Private Unaided (Recognized)",1,General,0,0,1,0,0,0,1,0,0,0,0,0,0,0,0,0,0,0,0,0,0,0,0,0,0,0
2019-20,33,Tamilnadu,3328,THOOTHUKKUDI,332807,SATHANKULAM,Urban,1,cat1,"PS (I-V)",5,"Private Unaided (Recognized)",1,General,2,1,0,0,1,0,0,0,0,0,0,0,0,0,0,0,0,1,0,0,0,0,0,0,0,0
2019-20,33,Tamilnadu,3328,THOOTHUKKUDI,332808,KOVILPATTI,Urban,1,cat1,"PS (I-V)",5,"Private Unaided (Recognized)",1,General,4,9,2,2,0,2,2,0,0,0,0,0,0,0,0,0,0,1,1,0,0,0,0,0,0,0
2019-20,33,Tamilnadu,3328,THOOTHUKKUDI,332809,KAYATHAR,Urban,1,cat1,"PS (I-V)",5,"Private Unaided (Recognized)",1,General,0,0,0,0,0,0,1,0,0,0,0,0,0,0,0,0,0,0,1,0,0,0,0,0,0,0
2019-20,33,Tamilnadu,3328,THOOTHUKKUDI,332811,VILATHIKULAM,Urban,1,cat1,"PS (I-V)",5,"Private Unaided (Recognized)",1,General,0,0,0,0,0,0,0,0,0,0,0,0,0,0,0,0,0,0,0,0,0,0,0,0,0,0
2019-20,33,Tamilnadu,3328,THOOTHUKKUDI,332812,PUDUR,Urban,1,cat1,"PS (I-V)",5,"Private Unaided (Recognized)",1,General,0,0,0,0,1,0,0,0,0,0,0,0,0,0,0,0,0,0,0,0,0,0,0,0,0,0
2019-20,33,Tamilnadu,3328,THOOTHUKKUDI,332813,"THOOTHUKUDI RURAL",Urban,1,cat1,"PS (I-V)",5,"Private Unaided (Recognized)",1,General,12,10,0,1,0,2,0,0,0,0,0,0,0,0,2,2,1,0,1,0,0,0,0,0,0,0
2019-20,33,Tamilnadu,3328,THOOTHUKKUDI,332803,SRIVAIKUNDAM,Rural,1,cat1,"PS (I-V)",8,Unrecognized,1,General,0,0,0,0,0,0,0,0,0,0,0,0,0,0,0,0,0,0,0,0,0,0,0,0,0,0
2019-20,33,Tamilnadu,3328,THOOTHUKKUDI,332808,KOVILPATTI,Rural,1,cat1,"PS (I-V)",8,Unrecognized,1,General,0,0,0,0,0,0,0,0,0,0,0,0,0,0,0,0,0,0,0,0,0,0,0,0,0,0
2019-20,33,Tamilnadu,3328,THOOTHUKKUDI,332809,KAYATHAR,Rural,1,cat1,"PS (I-V)",8,Unrecognized,1,General,0,0,0,0,0,0,0,0,0,0,0,0,0,0,0,1,0,0,0,0,0,0,0,0,0,0
2019-20,33,Tamilnadu,3328,THOOTHUKKUDI,332810,OTTAPIDARAM,Rural,1,cat1,"PS (I-V)",8,Unrecognized,1,General,1,0,0,1,0,0,0,0,0,0,0,0,0,0,1,2,0,0,0,0,0,0,0,0,0,0
2019-20,33,Tamilnadu,3328,THOOTHUKKUDI,332813,"THOOTHUKUDI RURAL",Rural,1,cat1,"PS (I-V)",8,Unrecognized,1,General,1,0,1,1,1,0,0,0,0,0,0,0,0,0,0,0,0,0,0,0,0,0,0,0,0,0
2019-20,33,Tamilnadu,3328,THOOTHUKKUDI,332801,"THOOTHUKUDI URBAN",Urban,1,cat1,"PS (I-V)",8,Unrecognized,1,General,0,0,0,0,1,0,0,0,0,0,0,0,0,0,0,0,0,0,0,0,0,0,0,0,0,0
2019-20,33,Tamilnadu,3328,THOOTHUKKUDI,332805,THIRUCHENTHUR,Urban,1,cat1,"PS (I-V)",8,Unrecognized,1,General,0,0,0,0,0,0,0,0,0,0,0,0,0,0,0,0,0,0,0,0,0,0,0,0,0,0
2019-20,33,Tamilnadu,3328,THOOTHUKKUDI,332808,KOVILPATTI,Urban,1,cat1,"PS (I-V)",8,Unrecognized,1,General,1,0,0,0,0,0,0,0,0,0,0,0,0,0,0,0,0,0,0,0,0,0,0,0,0,0
2019-20,33,Tamilnadu,3328,THOOTHUKKUDI,332809,KAYATHAR,Urban,1,cat1,"PS (I-V)",8,Unrecognized,1,General,0,0,0,0,0,0,0,0,0,0,0,0,0,0,0,0,0,0,0,0,0,0,0,0,0,0
2019-20,33,Tamilnadu,3328,THOOTHUKKUDI,332803,SRIVAIKUNDAM,Rural,1,cat1,"PS (I-V)",101,"Other Central Govt. Schools",1,General,6,13,3,3,1,0,2,0,0,0,0,0,0,0,1,3,3,0,0,0,0,0,0,0,0,0
2019-20,33,Tamilnadu,3328,THOOTHUKKUDI,332810,OTTAPIDARAM,Rural,6,cat6,"SS (I-X)",1,"Department of Education",1,General,0,0,0,0,0,0,0,0,0,0,0,0,0,0,0,0,0,0,0,0,0,0,0,0,0,0
2019-20,33,Tamilnadu,3328,THOOTHUKKUDI,332802,KARUNKULAM,Rural,6,cat6,"SS (I-X)",5,"Private Unaided (Recognized)",1,General,2,1,0,3,2,0,1,2,0,0,0,0,0,0,1,1,3,1,1,2,1,0,1,0,0,0
2019-20,33,Tamilnadu,3328,THOOTHUKKUDI,332803,SRIVAIKUNDAM,Rural,6,cat6,"SS (I-X)",5,"Private Unaided (Recognized)",1,General,1,0,1,1,2,1,0,1,0,0,0,1,0,0,0,0,1,1,1,0,0,0,0,1,0,0
2019-20,33,Tamilnadu,3328,THOOTHUKKUDI,332805,THIRUCHENTHUR,Rural,6,cat6,"SS (I-X)",5,"Private Unaided (Recognized)",1,General,0,0,0,1,1,0,0,0,0,0,0,0,0,0,0,0,0,0,0,0,0,0,0,0,0,0
2019-20,33,Tamilnadu,3328,THOOTHUKKUDI,332807,SATHANKULAM,Rural,6,cat6,"SS (I-X)",5,"Private Unaided (Recognized)",1,General,0,0,1,0,0,1,1,0,0,0,0,1,0,0,0,1,0,0,0,0,0,0,0,0,0,0
2019-20,33,Tamilnadu,3328,THOOTHUKKUDI,332808,KOVILPATTI,Rural,6,cat6,"SS (I-X)",5,"Private Unaided (Recognized)",1,General,1,5,3,2,1,1,2,4,3,3,0,0,0,0,1,1,1,0,4,1,0,1,4,0,0,0
2019-20,33,Tamilnadu,3328,THOOTHUKKUDI,332809,KAYATHAR,Rural,6,cat6,"SS (I-X)",5,"Private Unaided (Recognized)",1,General,1,1,0,0,0,0,0,0,1,0,0,0,0,0,1,0,0,1,0,2,1,0,0,0,0,0
2019-20,33,Tamilnadu,3328,THOOTHUKKUDI,332810,OTTAPIDARAM,Rural,6,cat6,"SS (I-X)",5,"Private Unaided (Recognized)",1,General,1,1,1,1,0,0,1,0,0,2,1,0,0,0,0,0,1,0,1,0,0,0,0,0,0,0
2019-20,33,Tamilnadu,3328,THOOTHUKKUDI,332811,VILATHIKULAM,Rural,6,cat6,"SS (I-X)",5,"Private Unaided (Recognized)",1,General,1,0,0,1,0,0,0,0,0,0,0,0,0,0,1,0,0,0,0,0,0,0,0,0,0,0
2019-20,33,Tamilnadu,3328,THOOTHUKKUDI,332812,PUDUR,Rural,6,cat6,"SS (I-X)",5,"Private Unaided (Recognized)",1,General,0,0,0,0,0,0,1,0,0,0,0,0,0,0,0,0,1,0,0,0,0,1,0,0,0,0
2019-20,33,Tamilnadu,3328,THOOTHUKKUDI,332813,"THOOTHUKUDI RURAL",Rural,6,cat6,"SS (I-X)",5,"Private Unaided (Recognized)",1,General,5,8,5,4,4,10,3,6,9,4,3,2,0,0,2,3,3,1,4,6,4,3,5,1,0,0
2019-20,33,Tamilnadu,3328,THOOTHUKKUDI,332801,"THOOTHUKUDI URBAN",Urban,6,cat6,"SS (I-X)",5,"Private Unaided (Recognized)",1,General,8,16,3,7,6,0,11,9,9,4,1,1,0,0,10,3,4,6,8,4,1,3,3,1,0,0
2019-20,33,Tamilnadu,3328,THOOTHUKKUDI,332803,SRIVAIKUNDAM,Urban,6,cat6,"SS (I-X)",5,"Private Unaided (Recognized)",1,General,1,1,4,1,1,2,1,4,0,0,0,0,0,0,0,1,0,0,1,3,0,0,0,0,0,0
2019-20,33,Tamilnadu,3328,THOOTHUKKUDI,332805,THIRUCHENTHUR,Urban,6,cat6,"SS (I-X)",5,"Private Unaided (Recognized)",1,General,0,0,0,0,1,0,0,0,2,1,1,0,0,0,0,0,1,1,0,0,2,1,0,0,0,0
2019-20,33,Tamilnadu,3328,THOOTHUKKUDI,332808,KOVILPATTI,Urban,6,cat6,"SS (I-X)",5,"Private Unaided (Recognized)",1,General,2,4,0,1,2,1,1,2,2,2,0,3,0,0,2,1,1,1,0,1,2,1,1,1,0,0
2019-20,33,Tamilnadu,3328,THOOTHUKKUDI,332809,KAYATHAR,Urban,6,cat6,"SS (I-X)",5,"Private Unaided (Recognized)",1,General,0,0,0,0,0,0,0,0,0,0,0,0,0,0,0,0,0,0,0,1,0,0,0,0,0,0
2019-20,33,Tamilnadu,3328,THOOTHUKKUDI,332811,VILATHIKULAM,Urban,6,cat6,"SS (I-X)",5,"Private Unaided (Recognized)",1,General,0,0,0,0,0,0,0,0,0,0,0,0,0,0,0,0,0,0,1,0,0,0,0,0,0,0
2019-20,33,Tamilnadu,3328,THOOTHUKKUDI,332802,KARUNKULAM,Rural,7,cat7,"SS (VI-X)",1,"Department of Education",1,General,0,0,0,0,0,0,0,0,0,0,0,0,0,0,0,0,0,0,0,0,0,1,1,0,0,0
2019-20,33,Tamilnadu,3328,THOOTHUKKUDI,332803,SRIVAIKUNDAM,Rural,7,cat7,"SS (VI-X)",1,"Department of Education",1,General,0,0,0,0,0,0,0,0,0,0,0,0,0,0,0,0,0,0,0,0,0,0,0,0,0,0
2019-20,33,Tamilnadu,3328,THOOTHUKKUDI,332805,THIRUCHENTHUR,Rural,7,cat7,"SS (VI-X)",1,"Department of Education",1,General,0,0,0,0,0,0,0,0,0,0,0,0,0,0,0,0,0,0,0,0,0,0,0,0,0,0
2019-20,33,Tamilnadu,3328,THOOTHUKKUDI,332806,UDANGUDI,Rural,7,cat7,"SS (VI-X)",1,"Department of Education",1,General,0,0,0,0,0,0,0,0,0,0,0,0,0,0,0,0,0,0,0,0,0,0,0,0,0,0
2019-20,33,Tamilnadu,3328,THOOTHUKKUDI,332807,SATHANKULAM,Rural,7,cat7,"SS (VI-X)",1,"Department of Education",1,General,0,0,0,0,0,0,0,0,0,0,0,0,0,0,0,0,0,0,0,0,0,0,0,0,0,0
2019-20,33,Tamilnadu,3328,THOOTHUKKUDI,332808,KOVILPATTI,Rural,7,cat7,"SS (VI-X)",1,"Department of Education",1,General,0,0,0,0,0,0,0,0,0,0,0,0,0,0,0,0,0,0,0,0,0,0,0,0,0,0
2019-20,33,Tamilnadu,3328,THOOTHUKKUDI,332809,KAYATHAR,Rural,7,cat7,"SS (VI-X)",1,"Department of Education",1,General,0,0,0,0,0,0,0,0,0,0,0,0,0,0,0,0,0,0,0,0,0,0,0,0,0,0
2019-20,33,Tamilnadu,3328,THOOTHUKKUDI,332810,OTTAPIDARAM,Rural,7,cat7,"SS (VI-X)",1,"Department of Education",1,General,0,0,0,0,0,0,0,0,0,0,0,0,0,0,0,0,0,0,0,0,0,0,0,1,0,0
2019-20,33,Tamilnadu,3328,THOOTHUKKUDI,332811,VILATHIKULAM,Rural,7,cat7,"SS (VI-X)",1,"Department of Education",1,General,0,0,0,0,0,0,0,0,0,0,0,0,0,0,0,0,0,0,0,0,0,0,0,0,0,0
2019-20,33,Tamilnadu,3328,THOOTHUKKUDI,332812,PUDUR,Rural,7,cat7,"SS (VI-X)",1,"Department of Education",1,General,0,0,0,0,0,0,0,2,1,1,4,2,0,0,0,0,0,0,0,5,3,0,1,1,0,0
2019-20,33,Tamilnadu,3328,THOOTHUKKUDI,332813,"THOOTHUKUDI RURAL",Rural,7,cat7,"SS (VI-X)",1,"Department of Education",1,General,0,0,0,0,0,0,0,0,0,0,0,0,0,0,0,0,0,0,0,0,0,0,0,0,0,0
2019-20,33,Tamilnadu,3328,THOOTHUKKUDI,332808,KOVILPATTI,Urban,7,cat7,"SS (VI-X)",1,"Department of Education",1,General,0,0,0,0,0,0,0,0,0,0,0,0,0,0,0,0,0,0,0,2,1,0,0,1,0,0
2019-20,33,Tamilnadu,3328,THOOTHUKKUDI,332809,KAYATHAR,Rural,7,cat7,"SS (VI-X)",2,"Tribal Welfare Department",1,General,0,0,0,0,0,0,0,0,0,0,0,0,0,0,0,0,0,0,0,0,0,0,0,0,0,0
2019-20,33,Tamilnadu,3328,THOOTHUKKUDI,332803,SRIVAIKUNDAM,Rural,7,cat7,"SS (VI-X)",4,"Government Aided",1,General,0,0,0,0,0,0,0,1,0,2,2,1,0,0,0,0,0,0,0,2,0,3,2,2,0,0
2019-20,33,Tamilnadu,3328,THOOTHUKKUDI,332804,ALWARTHIRUNAGAR,Rural,7,cat7,"SS (VI-X)",4,"Government Aided",1,General,0,0,0,0,0,0,0,0,2,0,0,1,0,0,0,0,0,0,0,0,0,0,0,0,0,0
2019-20,33,Tamilnadu,3328,THOOTHUKKUDI,332805,THIRUCHENTHUR,Rural,7,cat7,"SS (VI-X)",4,"Government Aided",1,General,0,0,0,0,0,0,0,0,0,0,0,0,0,0,0,0,0,0,0,0,0,0,0,0,0,0
2019-20,33,Tamilnadu,3328,THOOTHUKKUDI,332806,UDANGUDI,Rural,7,cat7,"SS (VI-X)",4,"Government Aided",1,General,0,0,0,0,0,0,0,0,0,0,0,0,0,0,0,0,0,0,0,0,0,0,0,0,0,0
2019-20,33,Tamilnadu,3328,THOOTHUKKUDI,332807,SATHANKULAM,Rural,7,cat7,"SS (VI-X)",4,"Government Aided",1,General,0,0,0,0,0,0,0,0,0,0,0,0,0,0,0,0,0,0,0,1,0,1,1,0,0,0
2019-20,33,Tamilnadu,3328,THOOTHUKKUDI,332808,KOVILPATTI,Rural,7,cat7,"SS (VI-X)",4,"Government Aided",1,General,0,0,0,0,0,0,0,0,1,1,1,1,0,0,0,0,0,0,0,1,0,1,1,0,0,0
2019-20,33,Tamilnadu,3328,THOOTHUKKUDI,332809,KAYATHAR,Rural,7,cat7,"SS (VI-X)",4,"Government Aided",1,General,0,0,0,0,0,0,0,3,4,2,3,5,0,0,0,0,0,0,0,1,2,1,1,4,0,0
2019-20,33,Tamilnadu,3328,THOOTHUKKUDI,332810,OTTAPIDARAM,Rural,7,cat7,"SS (VI-X)",4,"Government Aided",1,General,0,0,0,0,0,0,0,0,0,0,0,0,0,0,0,0,0,0,0,0,0,0,0,0,0,0
2019-20,33,Tamilnadu,3328,THOOTHUKKUDI,332811,VILATHIKULAM,Rural,7,cat7,"SS (VI-X)",4,"Government Aided",1,General,0,0,0,0,0,0,0,0,0,0,0,0,0,0,0,0,0,0,0,0,0,0,0,0,0,0
2019-20,33,Tamilnadu,3328,THOOTHUKKUDI,332812,PUDUR,Rural,7,cat7,"SS (VI-X)",4,"Government Aided",1,General,0,0,0,0,0,0,0,0,0,0,0,0,0,0,0,0,0,0,0,0,0,0,0,0,0,0
2019-20,33,Tamilnadu,3328,THOOTHUKKUDI,332813,"THOOTHUKUDI RURAL",Rural,7,cat7,"SS (VI-X)",4,"Government Aided",1,General,0,0,0,0,0,0,0,3,1,0,3,1,0,0,0,0,0,0,0,1,1,0,1,1,0,0
2019-20,33,Tamilnadu,3328,THOOTHUKKUDI,332801,"THOOTHUKUDI URBAN",Urban,7,cat7,"SS (VI-X)",4,"Government Aided",1,General,0,0,0,0,0,0,0,1,1,2,0,4,0,0,0,0,0,0,0,0,1,1,1,2,0,0
2019-20,33,Tamilnadu,3328,THOOTHUKKUDI,332805,THIRUCHENTHUR,Urban,7,cat7,"SS (VI-X)",4,"Government Aided",1,General,0,0,0,0,0,0,0,0,0,1,0,0,0,0,0,0,0,0,0,0,0,0,0,2,0,0
2019-20,33,Tamilnadu,3328,THOOTHUKKUDI,332808,KOVILPATTI,Urban,7,cat7,"SS (VI-X)",4,"Government Aided",1,General,0,0,0,0,0,0,0,1,1,1,1,1,0,0,0,0,0,0,0,2,0,2,0,0,0,0
2019-20,33,Tamilnadu,3328,THOOTHUKKUDI,332812,PUDUR,Urban,7,cat7,"SS (VI-X)",4,"Government Aided",1,General,0,0,0,0,0,0,0,0,0,1,0,0,0,0,0,0,0,0,0,0,0,0,0,0,0,0
2019-20,33,Tamilnadu,3328,THOOTHUKKUDI,332813,"THOOTHUKUDI RURAL",Urban,7,cat7,"SS (VI-X)",4,"Government Aided",1,General,0,0,0,0,0,0,0,0,0,0,0,0,0,0,0,0,0,0,0,0,0,0,0,1,0,0
2019-20,33,Tamilnadu,3328,THOOTHUKKUDI,332804,ALWARTHIRUNAGAR,Rural,7,cat7,"SS (VI-X)",5,"Private Unaided (Recognized)",1,General,0,0,0,0,0,0,0,0,0,0,1,0,0,0,0,0,0,0,0,0,0,0,0,0,0,0
2019-20,33,Tamilnadu,3328,THOOTHUKKUDI,332809,KAYATHAR,Rural,7,cat7,"SS (VI-X)",5,"Private Unaided (Recognized)",1,General,0,0,0,0,0,0,0,0,0,0,0,0,0,0,0,0,0,0,0,0,0,1,0,0,0,0
2019-20,33,Tamilnadu,3328,THOOTHUKKUDI,332811,VILATHIKULAM,Rural,7,cat7,"SS (VI-X)",5,"Private Unaided (Recognized)",1,General,0,0,0,0,0,0,0,0,0,0,0,0,0,0,0,0,0,0,0,0,0,0,0,0,0,0
2019-20,33,Tamilnadu,3328,THOOTHUKKUDI,332801,"THOOTHUKUDI URBAN",Urban,7,cat7,"SS (VI-X)",5,"Private Unaided (Recognized)",1,General,0,0,0,0,0,0,0,0,0,0,0,0,0,0,0,0,0,0,0,0,0,0,0,0,0,0
2019-20,33,Tamilnadu,3328,THOOTHUKKUDI,332802,KARUNKULAM,Rural,2,cat2,"UPS (I-VIII)",1,"Department of Education",1,General,0,0,0,1,0,0,0,0,0,0,0,0,0,0,0,0,0,0,0,0,0,0,0,0,0,0
2019-20,33,Tamilnadu,3328,THOOTHUKKUDI,332803,SRIVAIKUNDAM,Rural,2,cat2,"UPS (I-VIII)",1,"Department of Education",1,General,0,0,0,0,0,0,0,1,0,0,0,0,0,0,0,0,0,0,0,0,0,0,0,0,0,0
2019-20,33,Tamilnadu,3328,THOOTHUKKUDI,332804,ALWARTHIRUNAGAR,Rural,2,cat2,"UPS (I-VIII)",1,"Department of Education",1,General,0,1,0,0,0,0,0,0,1,0,0,0,0,0,1,1,1,0,0,1,0,1,0,0,0,0
2019-20,33,Tamilnadu,3328,THOOTHUKKUDI,332805,THIRUCHENTHUR,Rural,2,cat2,"UPS (I-VIII)",1,"Department of Education",1,General,0,0,0,0,0,0,0,0,0,0,0,0,0,0,0,0,0,0,0,0,0,0,0,0,0,0
2019-20,33,Tamilnadu,3328,THOOTHUKKUDI,332806,UDANGUDI,Rural,2,cat2,"UPS (I-VIII)",1,"Department of Education",1,General,0,0,0,0,0,0,0,0,0,0,0,0,0,0,0,0,0,0,0,0,0,0,0,0,0,0
2019-20,33,Tamilnadu,3328,THOOTHUKKUDI,332807,SATHANKULAM,Rural,2,cat2,"UPS (I-VIII)",1,"Department of Education",1,General,0,0,1,0,0,0,0,0,0,0,0,0,0,0,0,0,0,0,0,0,0,0,0,0,0,0
2019-20,33,Tamilnadu,3328,THOOTHUKKUDI,332808,KOVILPATTI,Rural,2,cat2,"UPS (I-VIII)",1,"Department of Education",1,General,0,0,1,0,0,0,0,0,0,0,0,0,0,0,0,0,0,0,0,0,0,0,0,0,0,0
2019-20,33,Tamilnadu,3328,THOOTHUKKUDI,332809,KAYATHAR,Rural,2,cat2,"UPS (I-VIII)",1,"Department of Education",1,General,0,0,0,0,0,0,0,1,0,0,0,0,0,0,0,1,0,0,0,0,0,0,0,0,0,0
2019-20,33,Tamilnadu,3328,THOOTHUKKUDI,332810,OTTAPIDARAM,Rural,2,cat2,"UPS (I-VIII)",1,"Department of Education",1,General,0,0,0,0,0,0,0,1,0,1,0,0,0,0,0,0,0,0,0,0,0,0,0,0,0,0
2019-20,33,Tamilnadu,3328,THOOTHUKKUDI,332811,VILATHIKULAM,Rural,2,cat2,"UPS (I-VIII)",1,"Department of Education",1,General,0,0,0,0,0,0,0,0,0,0,0,0,0,0,0,0,0,0,0,0,0,0,0,0,0,0
2019-20,33,Tamilnadu,3328,THOOTHUKKUDI,332812,PUDUR,Rural,2,cat2,"UPS (I-VIII)",1,"Department of Education",1,General,0,0,0,0,0,0,0,0,0,0,0,0,0,0,0,0,0,0,0,0,0,0,0,0,0,0
2019-20,33,Tamilnadu,3328,THOOTHUKKUDI,332813,"THOOTHUKUDI RURAL",Rural,2,cat2,"UPS (I-VIII)",1,"Department of Education",1,General,0,0,0,0,0,0,0,0,1,0,0,0,0,0,0,0,0,0,0,0,0,0,0,0,0,0
2019-20,33,Tamilnadu,3328,THOOTHUKKUDI,332803,SRIVAIKUNDAM,Urban,2,cat2,"UPS (I-VIII)",1,"Department of Education",1,General,0,0,0,0,0,0,1,0,0,0,0,0,0,0,0,0,0,0,0,0,0,0,0,0,0,0
2019-20,33,Tamilnadu,3328,THOOTHUKKUDI,332804,ALWARTHIRUNAGAR,Urban,2,cat2,"UPS (I-VIII)",1,"Department of Education",1,General,0,0,0,0,0,0,0,0,0,0,0,0,0,0,0,0,0,0,1,0,0,0,0,0,0,0
2019-20,33,Tamilnadu,3328,THOOTHUKKUDI,332805,THIRUCHENTHUR,Urban,2,cat2,"UPS (I-VIII)",1,"Department of Education",1,General,0,0,0,0,0,0,0,0,0,0,0,0,0,0,0,0,0,0,0,0,0,1,0,0,0,0
2019-20,33,Tamilnadu,3328,THOOTHUKKUDI,332806,UDANGUDI,Urban,2,cat2,"UPS (I-VIII)",1,"Department of Education",1,General,1,0,0,0,1,0,0,0,0,0,0,0,0,0,0,0,0,0,0,1,0,0,0,0,0,0
2019-20,33,Tamilnadu,3328,THOOTHUKKUDI,332809,KAYATHAR,Urban,2,cat2,"UPS (I-VIII)",1,"Department of Education",1,General,0,0,1,1,0,0,2,0,1,0,0,0,0,0,1,0,0,0,0,1,0,0,0,0,0,0
2019-20,33,Tamilnadu,3328,THOOTHUKKUDI,332812,PUDUR,Urban,2,cat2,"UPS (I-VIII)",1,"Department of Education",1,General,0,0,0,0,0,0,0,0,0,0,0,0,0,0,0,0,0,0,0,0,0,0,0,0,0,0
2019-20,33,Tamilnadu,3328,THOOTHUKKUDI,332813,"THOOTHUKUDI RURAL",Urban,2,cat2,"UPS (I-VIII)",1,"Department of Education",1,General,0,0,0,0,1,1,0,2,0,0,0,0,0,0,0,1,0,1,1,1,1,1,0,0,0,0
2019-20,33,Tamilnadu,3328,THOOTHUKKUDI,332806,UDANGUDI,Rural,2,cat2,"UPS (I-VIII)",2,"Tribal Welfare Department",1,General,0,0,0,0,0,0,0,0,0,0,0,0,0,0,0,0,0,0,0,0,0,0,0,0,0,0
2019-20,33,Tamilnadu,3328,THOOTHUKKUDI,332813,"THOOTHUKUDI RURAL",Rural,2,cat2,"UPS (I-VIII)",2,"Tribal Welfare Department",1,General,0,0,0,0,0,0,0,1,1,0,0,0,0,0,0,0,0,0,0,0,0,0,0,0,0,0
2019-20,33,Tamilnadu,3328,THOOTHUKKUDI,332801,"THOOTHUKUDI URBAN",Urban,2,cat2,"UPS (I-VIII)",3,"Local body",1,General,1,6,1,3,2,2,2,2,2,1,0,0,0,0,1,3,3,2,3,2,0,2,0,0,0,0
2019-20,33,Tamilnadu,3328,THOOTHUKKUDI,332808,KOVILPATTI,Urban,2,cat2,"UPS (I-VIII)",3,"Local body",1,General,1,0,0,0,0,0,0,0,0,0,0,0,0,0,1,0,0,1,0,0,0,0,0,0,0,0
2019-20,33,Tamilnadu,3328,THOOTHUKKUDI,332802,KARUNKULAM,Rural,2,cat2,"UPS (I-VIII)",4,"Government Aided",1,General,0,0,1,0,0,2,1,1,1,0,0,0,0,0,0,1,1,1,0,3,0,0,0,0,0,0
2019-20,33,Tamilnadu,3328,THOOTHUKKUDI,332803,SRIVAIKUNDAM,Rural,2,cat2,"UPS (I-VIII)",4,"Government Aided",1,General,0,0,1,0,1,0,1,0,0,0,0,0,0,0,1,0,0,0,0,0,0,1,0,0,0,0
2019-20,33,Tamilnadu,3328,THOOTHUKKUDI,332804,ALWARTHIRUNAGAR,Rural,2,cat2,"UPS (I-VIII)",4,"Government Aided",1,General,0,0,0,0,1,0,2,1,2,1,0,0,0,0,0,0,0,2,1,1,1,0,0,0,0,0
2019-20,33,Tamilnadu,3328,THOOTHUKKUDI,332805,THIRUCHENTHUR,Rural,2,cat2,"UPS (I-VIII)",4,"Government Aided",1,General,0,0,0,0,0,0,0,0,1,0,0,0,0,0,0,0,0,0,0,0,1,0,0,0,0,0
2019-20,33,Tamilnadu,3328,THOOTHUKKUDI,332806,UDANGUDI,Rural,2,cat2,"UPS (I-VIII)",4,"Government Aided",1,General,0,0,1,1,0,0,0,1,1,1,0,0,0,0,0,1,1,1,1,2,0,0,0,0,0,0
2019-20,33,Tamilnadu,3328,THOOTHUKKUDI,332807,SATHANKULAM,Rural,2,cat2,"UPS (I-VIII)",4,"Government Aided",1,General,0,0,1,0,0,0,1,0,0,0,0,0,0,0,0,0,0,0,1,0,0,0,0,0,0,0
2019-20,33,Tamilnadu,3328,THOOTHUKKUDI,332808,KOVILPATTI,Rural,2,cat2,"UPS (I-VIII)",4,"Government Aided",1,General,0,0,0,0,2,1,0,0,0,0,0,0,0,0,0,1,0,0,0,0,0,0,0,0,0,0
2019-20,33,Tamilnadu,3328,THOOTHUKKUDI,332809,KAYATHAR,Rural,2,cat2,"UPS (I-VIII)",4,"Government Aided",1,General,0,0,1,0,0,0,0,0,0,0,0,0,0,0,0,0,0,0,0,0,1,0,0,0,0,0
2019-20,33,Tamilnadu,3328,THOOTHUKKUDI,332810,OTTAPIDARAM,Rural,2,cat2,"UPS (I-VIII)",4,"Government Aided",1,General,0,0,0,0,0,0,0,0,0,0,0,0,0,0,0,0,1,1,0,1,1,0,0,0,0,0
2019-20,33,Tamilnadu,3328,THOOTHUKKUDI,332811,VILATHIKULAM,Rural,2,cat2,"UPS (I-VIII)",4,"Government Aided",1,General,0,0,0,0,0,0,0,0,0,1,0,0,0,0,0,0,0,0,0,0,1,0,0,0,0,0
2019-20,33,Tamilnadu,3328,THOOTHUKKUDI,332812,PUDUR,Rural,2,cat2,"UPS (I-VIII)",4,"Government Aided",1,General,0,0,2,0,1,0,1,9,4,13,0,0,0,0,0,0,1,0,0,7,8,3,0,0,0,0
2019-20,33,Tamilnadu,3328,THOOTHUKKUDI,332813,"THOOTHUKUDI RURAL",Rural,2,cat2,"UPS (I-VIII)",4,"Government Aided",1,General,0,0,2,0,2,2,2,1,0,0,0,0,0,0,0,2,1,1,2,2,0,0,0,0,0,0
2019-20,33,Tamilnadu,3328,THOOTHUKKUDI,332801,"THOOTHUKUDI URBAN",Urban,2,cat2,"UPS (I-VIII)",4,"Government Aided",1,General,0,0,2,0,2,1,3,1,1,2,0,0,0,0,0,0,1,2,2,3,2,1,0,0,0,0
2019-20,33,Tamilnadu,3328,THOOTHUKKUDI,332803,SRIVAIKUNDAM,Urban,2,cat2,"UPS (I-VIII)",4,"Government Aided",1,General,0,0,1,0,2,2,3,2,0,2,0,0,0,0,0,0,2,1,0,0,0,2,0,0,0,0
2019-20,33,Tamilnadu,3328,THOOTHUKKUDI,332804,ALWARTHIRUNAGAR,Urban,2,cat2,"UPS (I-VIII)",4,"Government Aided",1,General,0,0,0,2,0,0,0,0,0,1,0,0,0,0,0,0,1,1,0,1,0,0,0,0,0,0
2019-20,33,Tamilnadu,3328,THOOTHUKKUDI,332805,THIRUCHENTHUR,Urban,2,cat2,"UPS (I-VIII)",4,"Government Aided",1,General,0,0,4,3,2,1,2,7,2,5,0,0,0,0,1,2,3,1,3,5,3,2,0,0,0,0
2019-20,33,Tamilnadu,3328,THOOTHUKKUDI,332806,UDANGUDI,Urban,2,cat2,"UPS (I-VIII)",4,"Government Aided",1,General,0,0,0,0,0,0,0,1,1,0,0,0,0,0,0,1,0,0,0,0,0,0,0,0,0,0
2019-20,33,Tamilnadu,3328,THOOTHUKKUDI,332807,SATHANKULAM,Urban,2,cat2,"UPS (I-VIII)",4,"Government Aided",1,General,0,0,0,0,0,0,0,0,0,1,0,0,0,0,0,0,0,0,1,0,0,0,0,0,0,0
2019-20,33,Tamilnadu,3328,THOOTHUKKUDI,332808,KOVILPATTI,Urban,2,cat2,"UPS (I-VIII)",4,"Government Aided",1,General,0,0,1,2,1,1,0,3,1,1,0,0,0,0,2,2,1,0,0,3,1,1,0,0,0,0
2019-20,33,Tamilnadu,3328,THOOTHUKKUDI,332809,KAYATHAR,Urban,2,cat2,"UPS (I-VIII)",4,"Government Aided",1,General,0,0,0,0,0,0,0,0,0,0,0,0,0,0,0,0,0,0,0,0,0,0,0,0,0,0
2019-20,33,Tamilnadu,3328,THOOTHUKKUDI,332811,VILATHIKULAM,Urban,2,cat2,"UPS (I-VIII)",4,"Government Aided",1,General,0,0,0,0,0,0,0,0,0,0,0,0,0,0,0,0,0,0,0,0,0,0,0,0,0,0
2019-20,33,Tamilnadu,3328,THOOTHUKKUDI,332813,"THOOTHUKUDI RURAL",Urban,2,cat2,"UPS (I-VIII)",4,"Government Aided",1,General,0,0,0,0,0,0,1,0,0,0,0,0,0,0,0,0,0,0,0,0,0,1,0,0,0,0
2019-20,33,Tamilnadu,3328,THOOTHUKKUDI,332803,SRIVAIKUNDAM,Rural,2,cat2,"UPS (I-VIII)",5,"Private Unaided (Recognized)",1,General,7,8,4,4,1,0,0,0,1,0,0,0,0,0,8,4,0,0,1,0,0,0,0,0,0,0
2019-20,33,Tamilnadu,3328,THOOTHUKKUDI,332808,KOVILPATTI,Rural,2,cat2,"UPS (I-VIII)",5,"Private Unaided (Recognized)",1,General,0,0,0,0,0,0,0,0,0,0,0,0,0,0,0,0,0,0,0,0,0,0,0,0,0,0
2019-20,33,Tamilnadu,3328,THOOTHUKKUDI,332810,OTTAPIDARAM,Rural,2,cat2,"UPS (I-VIII)",5,"Private Unaided (Recognized)",1,General,0,1,0,0,0,0,0,0,0,0,0,0,0,0,0,0,0,0,0,0,0,0,0,0,0,0
2019-20,33,Tamilnadu,3328,THOOTHUKKUDI,332813,"THOOTHUKUDI RURAL",Rural,2,cat2,"UPS (I-VIII)",5,"Private Unaided (Recognized)",1,General,2,0,0,1,0,1,0,1,1,0,0,0,0,0,1,0,2,0,0,0,0,0,0,0,0,0
2019-20,33,Tamilnadu,3328,THOOTHUKKUDI,332801,"THOOTHUKUDI URBAN",Urban,2,cat2,"UPS (I-VIII)",5,"Private Unaided (Recognized)",1,General,3,1,3,0,2,1,1,1,1,0,0,0,0,0,0,1,1,0,4,0,0,0,0,0,0,0
2019-20,33,Tamilnadu,3328,THOOTHUKKUDI,332804,ALWARTHIRUNAGAR,Urban,2,cat2,"UPS (I-VIII)",5,"Private Unaided (Recognized)",1,General,0,0,0,0,0,0,0,0,0,0,0,0,0,0,0,0,0,0,0,0,0,0,0,0,0,0
2019-20,33,Tamilnadu,3328,THOOTHUKKUDI,332805,THIRUCHENTHUR,Urban,2,cat2,"UPS (I-VIII)",5,"Private Unaided (Recognized)",1,General,0,0,0,0,0,0,0,0,0,0,0,0,0,0,0,0,0,0,0,0,0,0,0,0,0,0
2019-20,33,Tamilnadu,3328,THOOTHUKKUDI,332813,"THOOTHUKUDI RURAL",Rural,2,cat2,"UPS (I-VIII)",8,Unrecognized,1,General,0,1,0,0,0,0,1,0,0,0,0,0,0,0,0,0,0,0,0,0,0,0,0,0,0,0
2019-20,33,Tamilnadu,3328,THOOTHUKKUDI,332813,"THOOTHUKUDI RURAL",Rural,4,cat4,"UPS (VI-VIII)",1,"Department of Education",1,General,0,0,0,0,0,0,0,0,1,1,0,0,0,0,0,0,0,0,0,0,1,0,0,0,0,0
2019-20,33,Tamilnadu,3328,THOOTHUKKUDI,332813,"THOOTHUKUDI RURAL",Urban,4,cat4,"UPS (VI-VIII)",1,"Department of Education",1,General,0,0,0,0,0,0,0,0,0,0,0,0,0,0,0,0,0,0,0,0,0,0,0,0,0,0
2019-20,33,Tamilnadu,3328,THOOTHUKKUDI,332802,KARUNKULAM,Rural,4,cat4,"UPS (VI-VIII)",4,"Government Aided",1,General,0,0,0,0,0,0,0,1,0,0,0,0,0,0,0,0,0,0,0,0,0,0,0,0,0,0
2019-20,33,Tamilnadu,3328,THOOTHUKKUDI,332806,UDANGUDI,Rural,4,cat4,"UPS (VI-VIII)",4,"Government Aided",1,General,0,0,0,0,0,0,0,0,0,0,0,0,0,0,0,0,0,0,0,0,0,0,0,0,0,0
2019-20,33,Tamilnadu,3328,THOOTHUKKUDI,332808,KOVILPATTI,Rural,3,cat3,"HSS (I-XII)",1,"Department of Education",2,SC,0,2,0,0,0,0,0,0,0,0,0,0,0,0,0,0,0,0,0,18,17,24,54,35,52,21
2019-20,33,Tamilnadu,3328,THOOTHUKKUDI,332801,"THOOTHUKUDI URBAN",Urban,3,cat3,"HSS (I-XII)",4,"Government Aided",2,SC,1,0,7,12,9,8,12,3,0,2,2,0,0,0,48,39,52,42,46,75,89,90,91,79,83,85
2019-20,33,Tamilnadu,3328,THOOTHUKKUDI,332804,ALWARTHIRUNAGAR,Urban,3,cat3,"HSS (I-XII)",4,"Government Aided",2,SC,0,0,0,0,0,0,2,42,47,38,65,72,43,48,0,0,0,0,0,0,0,0,0,0,0,0
2019-20,33,Tamilnadu,3328,THOOTHUKKUDI,332802,KARUNKULAM,Rural,3,cat3,"HSS (I-XII)",5,"Private Unaided (Recognized)",2,SC,42,38,20,22,12,10,16,11,12,14,8,1,4,0,23,15,16,18,4,5,6,1,1,1,0,0
2019-20,33,Tamilnadu,3328,THOOTHUKKUDI,332803,SRIVAIKUNDAM,Rural,3,cat3,"HSS (I-XII)",5,"Private Unaided (Recognized)",2,SC,19,18,12,3,9,10,7,7,6,4,6,6,2,1,15,2,4,9,6,4,5,5,7,4,4,4
2019-20,33,Tamilnadu,3328,THOOTHUKKUDI,332805,THIRUCHENTHUR,Rural,3,cat3,"HSS (I-XII)",5,"Private Unaided (Recognized)",2,SC,34,25,21,10,11,18,12,11,9,15,9,14,20,4,20,15,15,16,10,12,11,13,13,8,13,12
2019-20,33,Tamilnadu,3328,THOOTHUKKUDI,332806,UDANGUDI,Rural,3,cat3,"HSS (I-XII)",5,"Private Unaided (Recognized)",2,SC,33,21,15,18,20,12,12,7,14,15,8,8,9,4,14,13,12,8,8,11,9,12,11,12,1,8
2019-20,33,Tamilnadu,3328,THOOTHUKKUDI,332807,SATHANKULAM,Rural,3,cat3,"HSS (I-XII)",5,"Private Unaided (Recognized)",2,SC,17,10,6,9,4,2,4,4,6,4,5,4,1,3,7,8,2,2,6,5,4,0,4,0,1,1
2019-20,33,Tamilnadu,3328,THOOTHUKKUDI,332808,KOVILPATTI,Rural,3,cat3,"HSS (I-XII)",5,"Private Unaided (Recognized)",2,SC,67,90,51,55,57,45,39,45,42,47,37,45,46,27,47,49,52,50,53,29,37,32,38,25,35,40
2019-20,33,Tamilnadu,3328,THOOTHUKKUDI,332809,KAYATHAR,Rural,3,cat3,"HSS (I-XII)",5,"Private Unaided (Recognized)",2,SC,13,5,11,4,9,3,4,4,4,5,4,2,1,0,5,4,7,5,1,8,1,0,1,1,0,0
2019-20,33,Tamilnadu,3328,THOOTHUKKUDI,332810,OTTAPIDARAM,Rural,3,cat3,"HSS (I-XII)",5,"Private Unaided (Recognized)",2,SC,89,87,67,55,64,56,62,54,53,33,18,24,22,27,61,46,57,55,43,43,37,34,29,25,23,10
2019-20,33,Tamilnadu,3328,THOOTHUKKUDI,332811,VILATHIKULAM,Rural,3,cat3,"HSS (I-XII)",5,"Private Unaided (Recognized)",2,SC,20,18,9,10,12,9,8,12,4,9,10,4,7,1,10,16,8,5,4,5,5,4,3,5,4,3
2019-20,33,Tamilnadu,3328,THOOTHUKKUDI,332813,"THOOTHUKUDI RURAL",Rural,3,cat3,"HSS (I-XII)",5,"Private Unaided (Recognized)",2,SC,80,59,38,48,48,42,33,24,25,27,27,20,23,12,31,36,36,32,33,30,21,17,23,23,39,15
2019-20,33,Tamilnadu,3328,THOOTHUKKUDI,332801,"THOOTHUKUDI URBAN",Urban,3,cat3,"HSS (I-XII)",5,"Private Unaided (Recognized)",2,SC,107,96,62,62,71,71,71,78,63,69,65,52,54,39,43,63,59,53,57,36,59,48,37,38,37,29
2019-20,33,Tamilnadu,3328,THOOTHUKKUDI,332803,SRIVAIKUNDAM,Urban,3,cat3,"HSS (I-XII)",5,"Private Unaided (Recognized)",2,SC,2,4,3,6,2,3,1,0,3,2,4,1,0,1,3,3,2,0,5,1,0,1,0,3,1,4
2019-20,33,Tamilnadu,3328,THOOTHUKKUDI,332804,ALWARTHIRUNAGAR,Urban,3,cat3,"HSS (I-XII)",5,"Private Unaided (Recognized)",2,SC,24,19,7,10,7,6,11,6,4,5,6,10,5,8,8,5,5,6,6,2,5,3,5,3,2,3
2019-20,33,Tamilnadu,3328,THOOTHUKKUDI,332805,THIRUCHENTHUR,Urban,3,cat3,"HSS (I-XII)",5,"Private Unaided (Recognized)",2,SC,53,41,23,23,28,31,17,24,17,18,9,12,5,4,13,24,23,14,20,12,18,13,17,8,4,5
2019-20,33,Tamilnadu,3328,THOOTHUKKUDI,332806,UDANGUDI,Urban,3,cat3,"HSS (I-XII)",5,"Private Unaided (Recognized)",2,SC,7,6,3,4,4,5,3,3,2,5,4,1,4,1,2,1,2,2,4,3,2,1,4,4,4,0
2019-20,33,Tamilnadu,3328,THOOTHUKKUDI,332807,SATHANKULAM,Urban,3,cat3,"HSS (I-XII)",5,"Private Unaided (Recognized)",2,SC,6,6,5,5,4,4,3,3,2,4,1,3,4,5,5,0,3,0,1,1,0,2,0,3,0,4
2019-20,33,Tamilnadu,3328,THOOTHUKKUDI,332808,KOVILPATTI,Urban,3,cat3,"HSS (I-XII)",5,"Private Unaided (Recognized)",2,SC,76,55,37,41,44,38,46,32,37,40,28,37,26,23,33,20,30,29,36,27,17,23,16,23,15,22
2019-20,33,Tamilnadu,3328,THOOTHUKKUDI,332809,KAYATHAR,Urban,3,cat3,"HSS (I-XII)",5,"Private Unaided (Recognized)",2,SC,43,38,13,14,13,22,10,14,16,6,6,9,8,6,21,10,9,12,10,9,5,12,5,7,6,6
2019-20,33,Tamilnadu,3328,THOOTHUKKUDI,332811,VILATHIKULAM,Urban,3,cat3,"HSS (I-XII)",5,"Private Unaided (Recognized)",2,SC,13,7,5,5,6,5,5,7,5,7,8,3,3,1,9,6,2,5,2,5,2,3,1,1,3,1
2019-20,33,Tamilnadu,3328,THOOTHUKKUDI,332813,"THOOTHUKUDI RURAL",Urban,3,cat3,"HSS (I-XII)",5,"Private Unaided (Recognized)",2,SC,69,62,43,49,34,47,38,37,44,45,40,41,34,28,42,38,36,40,29,38,34,23,18,26,31,25
2019-20,33,Tamilnadu,3328,THOOTHUKKUDI,332806,UDANGUDI,Rural,10,cat10,"HSS (IX-XII)",4,"Government Aided",2,SC,0,0,0,0,0,0,0,0,0,0,0,0,0,0,0,0,0,0,0,0,0,0,2,3,5,12
2019-20,33,Tamilnadu,3328,THOOTHUKKUDI,332802,KARUNKULAM,Rural,5,cat5,"HSS (VI-XII)",1,"Department of Education",2,SC,0,0,0,0,0,0,0,49,60,56,71,49,61,64,0,0,0,0,0,46,52,46,62,46,58,59
2019-20,33,Tamilnadu,3328,THOOTHUKKUDI,332803,SRIVAIKUNDAM,Rural,5,cat5,"HSS (VI-XII)",1,"Department of Education",2,SC,0,0,0,0,0,0,0,9,14,12,28,25,23,18,0,0,0,0,0,15,8,11,29,22,24,19
2019-20,33,Tamilnadu,3328,THOOTHUKKUDI,332804,ALWARTHIRUNAGAR,Rural,5,cat5,"HSS (VI-XII)",1,"Department of Education",2,SC,0,0,0,0,0,0,0,0,4,1,9,6,7,11,0,0,0,0,0,2,5,2,4,7,5,6
2019-20,33,Tamilnadu,3328,THOOTHUKKUDI,332805,THIRUCHENTHUR,Rural,5,cat5,"HSS (VI-XII)",1,"Department of Education",2,SC,0,0,0,0,0,0,0,4,4,5,11,9,9,8,0,0,0,0,0,25,13,14,41,36,57,46
2019-20,33,Tamilnadu,3328,THOOTHUKKUDI,332807,SATHANKULAM,Rural,5,cat5,"HSS (VI-XII)",1,"Department of Education",2,SC,0,0,0,0,0,0,0,8,7,3,11,7,8,6,0,0,0,0,0,5,5,4,12,8,14,7
2019-20,33,Tamilnadu,3328,THOOTHUKKUDI,332808,KOVILPATTI,Rural,5,cat5,"HSS (VI-XII)",1,"Department of Education",2,SC,0,0,0,0,0,0,0,41,55,46,91,50,52,69,0,0,0,0,0,47,51,55,61,59,66,62
2019-20,33,Tamilnadu,3328,THOOTHUKKUDI,332809,KAYATHAR,Rural,5,cat5,"HSS (VI-XII)",1,"Department of Education",2,SC,0,0,0,0,0,0,0,20,25,31,24,29,19,10,0,0,0,0,0,31,19,30,30,35,33,24
2019-20,33,Tamilnadu,3328,THOOTHUKKUDI,332810,OTTAPIDARAM,Rural,5,cat5,"HSS (VI-XII)",1,"Department of Education",2,SC,0,0,0,0,0,0,0,33,50,47,87,77,70,64,0,0,0,0,0,38,42,49,63,48,65,58
2019-20,33,Tamilnadu,3328,THOOTHUKKUDI,332811,VILATHIKULAM,Rural,5,cat5,"HSS (VI-XII)",1,"Department of Education",2,SC,0,0,0,0,0,0,0,24,32,39,62,44,56,52,0,0,0,0,0,20,26,17,41,36,61,48
2019-20,33,Tamilnadu,3328,THOOTHUKKUDI,332812,PUDUR,Rural,5,cat5,"HSS (VI-XII)",1,"Department of Education",2,SC,0,0,0,0,0,0,0,10,14,15,18,22,19,17,0,0,0,0,0,3,6,15,12,18,12,18
2019-20,33,Tamilnadu,3328,THOOTHUKKUDI,332813,"THOOTHUKUDI RURAL",Rural,5,cat5,"HSS (VI-XII)",1,"Department of Education",2,SC,0,0,0,0,0,0,0,21,24,24,21,29,24,34,0,0,0,0,0,26,16,24,29,27,31,32
2019-20,33,Tamilnadu,3328,THOOTHUKKUDI,332801,"THOOTHUKUDI URBAN",Urban,5,cat5,"HSS (VI-XII)",1,"Department of Education",2,SC,0,0,0,0,0,0,0,13,18,8,27,13,4,13,0,0,0,0,0,7,10,12,20,9,8,12
2019-20,33,Tamilnadu,3328,THOOTHUKKUDI,332803,SRIVAIKUNDAM,Urban,5,cat5,"HSS (VI-XII)",1,"Department of Education",2,SC,0,0,0,0,0,0,0,0,0,0,0,0,0,0,0,0,0,0,0,32,24,25,53,49,46,55
2019-20,33,Tamilnadu,3328,THOOTHUKKUDI,332804,ALWARTHIRUNAGAR,Urban,5,cat5,"HSS (VI-XII)",1,"Department of Education",2,SC,0,0,0,0,0,0,0,3,4,2,3,3,2,5,0,0,0,0,0,4,2,4,3,4,6,2
2019-20,33,Tamilnadu,3328,THOOTHUKKUDI,332805,THIRUCHENTHUR,Urban,5,cat5,"HSS (VI-XII)",1,"Department of Education",2,SC,0,0,0,0,0,0,0,4,4,6,25,16,29,18,0,0,0,0,0,13,19,28,44,31,29,51
2019-20,33,Tamilnadu,3328,THOOTHUKKUDI,332808,KOVILPATTI,Urban,5,cat5,"HSS (VI-XII)",1,"Department of Education",2,SC,0,0,0,0,0,0,0,26,34,44,82,72,116,96,0,0,0,0,0,58,65,72,113,117,136,136
2019-20,33,Tamilnadu,3328,THOOTHUKKUDI,332809,KAYATHAR,Urban,5,cat5,"HSS (VI-XII)",1,"Department of Education",2,SC,0,0,0,0,0,0,0,33,36,36,50,40,43,59,0,0,0,0,0,16,21,29,30,30,43,38
2019-20,33,Tamilnadu,3328,THOOTHUKKUDI,332811,VILATHIKULAM,Urban,5,cat5,"HSS (VI-XII)",1,"Department of Education",2,SC,0,0,0,0,0,0,0,23,38,37,51,54,47,64,0,0,0,0,0,29,28,34,42,46,64,61
2019-20,33,Tamilnadu,3328,THOOTHUKKUDI,332812,PUDUR,Urban,5,cat5,"HSS (VI-XII)",1,"Department of Education",2,SC,0,0,0,0,0,0,0,5,5,9,14,10,15,18,0,0,0,0,0,6,4,7,10,5,12,15
2019-20,33,Tamilnadu,3328,THOOTHUKKUDI,332803,SRIVAIKUNDAM,Rural,5,cat5,"HSS (VI-XII)",4,"Government Aided",2,SC,0,0,0,0,0,0,0,2,4,12,13,11,8,6,0,0,0,0,0,0,0,0,6,6,6,6
2019-20,33,Tamilnadu,3328,THOOTHUKKUDI,332804,ALWARTHIRUNAGAR,Rural,5,cat5,"HSS (VI-XII)",4,"Government Aided",2,SC,0,0,0,0,0,0,0,72,69,62,95,83,64,52,0,0,0,0,0,60,39,50,77,80,70,61
2019-20,33,Tamilnadu,3328,THOOTHUKKUDI,332805,THIRUCHENTHUR,Rural,5,cat5,"HSS (VI-XII)",4,"Government Aided",2,SC,0,0,0,0,0,0,0,17,36,22,29,30,22,24,0,0,0,0,0,14,20,15,26,33,29,34
2019-20,33,Tamilnadu,3328,THOOTHUKKUDI,332806,UDANGUDI,Rural,5,cat5,"HSS (VI-XII)",4,"Government Aided",2,SC,0,0,0,0,0,0,0,28,19,14,28,39,43,33,0,0,0,0,0,17,15,12,40,23,42,46
2019-20,33,Tamilnadu,3328,THOOTHUKKUDI,332807,SATHANKULAM,Rural,5,cat5,"HSS (VI-XII)",4,"Government Aided",2,SC,0,0,0,0,0,0,0,5,3,5,8,8,3,2,0,0,0,0,0,7,12,6,12,8,10,8
2019-20,33,Tamilnadu,3328,THOOTHUKKUDI,332808,KOVILPATTI,Rural,5,cat5,"HSS (VI-XII)",4,"Government Aided",2,SC,0,0,0,0,0,0,0,19,26,26,46,53,58,59,0,0,0,0,0,33,34,37,57,39,60,65
2019-20,33,Tamilnadu,3328,THOOTHUKKUDI,332809,KAYATHAR,Rural,5,cat5,"HSS (VI-XII)",4,"Government Aided",2,SC,0,0,0,0,0,0,0,0,0,0,0,0,0,0,0,0,0,0,0,53,67,86,76,58,58,53
2019-20,33,Tamilnadu,3328,THOOTHUKKUDI,332810,OTTAPIDARAM,Rural,5,cat5,"HSS (VI-XII)",4,"Government Aided",2,SC,0,0,0,0,0,0,0,188,223,245,359,362,297,275,0,0,0,0,0,147,162,169,208,215,217,215
2019-20,33,Tamilnadu,3328,THOOTHUKKUDI,332811,VILATHIKULAM,Rural,5,cat5,"HSS (VI-XII)",4,"Government Aided",2,SC,0,0,0,0,0,0,0,14,26,17,27,30,15,24,0,0,0,0,0,17,14,19,38,35,41,26
2019-20,33,Tamilnadu,3328,THOOTHUKKUDI,332812,PUDUR,Rural,5,cat5,"HSS (VI-XII)",4,"Government Aided",2,SC,0,0,0,0,0,0,0,10,18,13,19,17,33,23,0,0,0,0,0,14,17,11,16,16,32,36
2019-20,33,Tamilnadu,3328,THOOTHUKKUDI,332813,"THOOTHUKUDI RURAL",Rural,5,cat5,"HSS (VI-XII)",4,"Government Aided",2,SC,0,0,0,0,0,0,0,67,52,67,87,63,54,37,0,0,0,0,0,68,62,72,79,75,65,74
2019-20,33,Tamilnadu,3328,THOOTHUKKUDI,332801,"THOOTHUKUDI URBAN",Urban,5,cat5,"HSS (VI-XII)",4,"Government Aided",2,SC,0,0,0,0,0,0,0,243,232,257,371,322,324,258,0,0,0,0,0,193,235,219,348,329,419,363
2019-20,33,Tamilnadu,3328,THOOTHUKKUDI,332803,SRIVAIKUNDAM,Urban,5,cat5,"HSS (VI-XII)",4,"Government Aided",2,SC,0,0,0,0,0,0,0,42,49,62,87,64,59,65,0,0,0,0,0,40,22,47,44,48,49,48
2019-20,33,Tamilnadu,3328,THOOTHUKKUDI,332804,ALWARTHIRUNAGAR,Urban,5,cat5,"HSS (VI-XII)",4,"Government Aided",2,SC,0,0,0,0,0,0,0,59,48,35,51,45,26,30,0,0,0,0,0,107,77,81,115,101,72,87
2019-20,33,Tamilnadu,3328,THOOTHUKKUDI,332805,THIRUCHENTHUR,Urban,5,cat5,"HSS (VI-XII)",4,"Government Aided",2,SC,0,0,0,0,0,0,0,31,35,39,56,44,33,27,0,0,0,0,0,16,16,12,19,21,24,22
2019-20,33,Tamilnadu,3328,THOOTHUKKUDI,332806,UDANGUDI,Urban,5,cat5,"HSS (VI-XII)",4,"Government Aided",2,SC,0,0,0,0,0,0,0,13,15,11,24,20,29,24,0,0,0,0,0,4,6,12,16,32,28,21
2019-20,33,Tamilnadu,3328,THOOTHUKKUDI,332807,SATHANKULAM,Urban,5,cat5,"HSS (VI-XII)",4,"Government Aided",2,SC,0,0,0,0,0,0,0,21,22,21,35,26,33,27,0,0,0,0,0,17,25,30,26,28,36,25
2019-20,33,Tamilnadu,3328,THOOTHUKKUDI,332808,KOVILPATTI,Urban,5,cat5,"HSS (VI-XII)",4,"Government Aided",2,SC,0,0,0,0,0,0,0,57,46,59,75,57,50,43,0,0,0,0,0,32,44,24,63,34,42,45
2019-20,33,Tamilnadu,3328,THOOTHUKKUDI,332809,KAYATHAR,Urban,5,cat5,"HSS (VI-XII)",4,"Government Aided",2,SC,0,0,0,0,0,0,0,54,81,41,51,40,37,24,0,0,0,0,0,31,32,35,26,32,34,19
2019-20,33,Tamilnadu,3328,THOOTHUKKUDI,332813,"THOOTHUKUDI RURAL",Urban,5,cat5,"HSS (VI-XII)",4,"Government Aided",2,SC,0,0,0,0,0,0,0,16,23,26,15,29,16,14,0,0,0,0,0,23,18,23,18,19,32,20
2019-20,33,Tamilnadu,3328,THOOTHUKKUDI,332806,UDANGUDI,Rural,5,cat5,"HSS (VI-XII)",5,"Private Unaided (Recognized)",2,SC,0,0,0,0,0,0,0,0,0,2,0,3,0,0,0,0,0,0,0,0,0,1,0,0,1,0
2019-20,33,Tamilnadu,3328,THOOTHUKKUDI,332813,"THOOTHUKUDI RURAL",Rural,5,cat5,"HSS (VI-XII)",5,"Private Unaided (Recognized)",2,SC,0,0,0,0,0,0,0,7,11,19,11,14,9,7,0,0,0,0,0,11,10,7,14,9,15,10
2019-20,33,Tamilnadu,3328,THOOTHUKKUDI,332811,VILATHIKULAM,Urban,5,cat5,"HSS (VI-XII)",5,"Private Unaided (Recognized)",2,SC,0,0,0,0,0,0,0,0,0,0,0,0,0,0,0,0,0,0,0,10,9,10,14,5,25,20
2019-20,33,Tamilnadu,3328,THOOTHUKKUDI,332805,THIRUCHENTHUR,Urban,11,cat11,"HSS (XI-XII)",5,"Private Unaided (Recognized)",2,SC,0,0,0,0,0,0,0,0,0,0,0,0,2,5,0,0,0,0,0,0,0,0,0,0,4,7
2019-20,33,Tamilnadu,3328,THOOTHUKKUDI,332802,KARUNKULAM,Rural,1,cat1,"PS (I-V)",1,"Department of Education",2,SC,0,0,43,61,52,51,49,0,0,0,0,0,0,0,45,42,56,53,58,0,0,0,0,0,0,0
2019-20,33,Tamilnadu,3328,THOOTHUKKUDI,332803,SRIVAIKUNDAM,Rural,1,cat1,"PS (I-V)",1,"Department of Education",2,SC,0,0,19,18,21,15,14,0,0,0,0,0,0,0,15,20,20,26,13,0,0,0,0,0,0,0
2019-20,33,Tamilnadu,3328,THOOTHUKKUDI,332804,ALWARTHIRUNAGAR,Rural,1,cat1,"PS (I-V)",1,"Department of Education",2,SC,0,0,15,17,12,10,17,0,0,0,0,0,0,0,9,12,15,9,17,0,0,0,0,0,0,0
2019-20,33,Tamilnadu,3328,THOOTHUKKUDI,332805,THIRUCHENTHUR,Rural,1,cat1,"PS (I-V)",1,"Department of Education",2,SC,0,0,23,30,30,22,28,0,0,0,0,0,0,0,24,27,25,23,23,0,0,0,0,0,0,0
2019-20,33,Tamilnadu,3328,THOOTHUKKUDI,332806,UDANGUDI,Rural,1,cat1,"PS (I-V)",1,"Department of Education",2,SC,3,0,14,14,14,12,19,0,0,0,0,0,0,0,15,9,12,10,15,0,0,0,0,0,0,0
2019-20,33,Tamilnadu,3328,THOOTHUKKUDI,332807,SATHANKULAM,Rural,1,cat1,"PS (I-V)",1,"Department of Education",2,SC,0,0,14,14,29,23,18,0,0,0,0,0,0,0,8,24,14,17,19,0,0,0,0,0,0,0
2019-20,33,Tamilnadu,3328,THOOTHUKKUDI,332808,KOVILPATTI,Rural,1,cat1,"PS (I-V)",1,"Department of Education",2,SC,0,0,43,55,58,64,55,0,0,0,0,0,0,0,53,63,67,57,53,0,0,0,0,0,0,0
2019-20,33,Tamilnadu,3328,THOOTHUKKUDI,332809,KAYATHAR,Rural,1,cat1,"PS (I-V)",1,"Department of Education",2,SC,0,0,58,70,77,80,79,0,0,0,0,0,0,0,68,83,62,72,69,0,0,0,0,0,0,0
2019-20,33,Tamilnadu,3328,THOOTHUKKUDI,332810,OTTAPIDARAM,Rural,1,cat1,"PS (I-V)",1,"Department of Education",2,SC,0,0,77,91,116,83,122,0,0,0,0,0,0,0,102,100,112,107,103,0,0,0,0,0,0,0
2019-20,33,Tamilnadu,3328,THOOTHUKKUDI,332811,VILATHIKULAM,Rural,1,cat1,"PS (I-V)",1,"Department of Education",2,SC,0,0,62,55,55,66,75,0,0,0,0,0,0,0,44,56,64,65,64,0,0,0,0,0,0,0
2019-20,33,Tamilnadu,3328,THOOTHUKKUDI,332812,PUDUR,Rural,1,cat1,"PS (I-V)",1,"Department of Education",2,SC,0,0,17,28,33,25,29,0,0,0,0,0,0,0,21,24,35,24,36,0,0,0,0,0,0,0
2019-20,33,Tamilnadu,3328,THOOTHUKKUDI,332813,"THOOTHUKUDI RURAL",Rural,1,cat1,"PS (I-V)",1,"Department of Education",2,SC,0,0,42,46,50,55,56,0,0,0,0,0,0,0,49,40,55,49,52,0,0,0,0,0,0,0
2019-20,33,Tamilnadu,3328,THOOTHUKKUDI,332803,SRIVAIKUNDAM,Urban,1,cat1,"PS (I-V)",1,"Department of Education",2,SC,0,0,4,8,6,3,6,0,0,0,0,0,0,0,6,9,4,6,5,0,0,0,0,0,0,0
2019-20,33,Tamilnadu,3328,THOOTHUKKUDI,332804,ALWARTHIRUNAGAR,Urban,1,cat1,"PS (I-V)",1,"Department of Education",2,SC,0,0,3,3,4,3,4,0,0,0,0,0,0,0,7,9,8,3,5,0,0,0,0,0,0,0
2019-20,33,Tamilnadu,3328,THOOTHUKKUDI,332805,THIRUCHENTHUR,Urban,1,cat1,"PS (I-V)",1,"Department of Education",2,SC,0,0,21,14,17,22,13,0,0,0,0,0,0,0,15,17,16,14,14,0,0,0,0,0,0,0
2019-20,33,Tamilnadu,3328,THOOTHUKKUDI,332806,UDANGUDI,Urban,1,cat1,"PS (I-V)",1,"Department of Education",2,SC,0,0,1,0,0,0,0,0,0,0,0,0,0,0,0,1,0,0,1,0,0,0,0,0,0,0
2019-20,33,Tamilnadu,3328,THOOTHUKKUDI,332807,SATHANKULAM,Urban,1,cat1,"PS (I-V)",1,"Department of Education",2,SC,0,0,5,4,3,4,1,0,0,0,0,0,0,0,2,0,4,3,4,0,0,0,0,0,0,0
2019-20,33,Tamilnadu,3328,THOOTHUKKUDI,332808,KOVILPATTI,Urban,1,cat1,"PS (I-V)",1,"Department of Education",2,SC,0,0,2,10,7,6,5,0,0,0,0,0,0,0,3,8,3,7,3,0,0,0,0,0,0,0
2019-20,33,Tamilnadu,3328,THOOTHUKKUDI,332809,KAYATHAR,Urban,1,cat1,"PS (I-V)",1,"Department of Education",2,SC,0,0,9,10,10,9,9,0,0,0,0,0,0,0,8,3,5,6,9,0,0,0,0,0,0,0
2019-20,33,Tamilnadu,3328,THOOTHUKKUDI,332811,VILATHIKULAM,Urban,1,cat1,"PS (I-V)",1,"Department of Education",2,SC,0,0,6,13,12,17,14,0,0,0,0,0,0,0,12,8,14,17,13,0,0,0,0,0,0,0
2019-20,33,Tamilnadu,3328,THOOTHUKKUDI,332812,PUDUR,Urban,1,cat1,"PS (I-V)",1,"Department of Education",2,SC,0,0,0,0,1,0,1,0,0,0,0,0,0,0,1,0,1,0,0,0,0,0,0,0,0,0
2019-20,33,Tamilnadu,3328,THOOTHUKKUDI,332813,"THOOTHUKUDI RURAL",Urban,1,cat1,"PS (I-V)",1,"Department of Education",2,SC,0,0,7,10,12,9,6,0,0,0,0,0,0,0,19,9,14,18,9,0,0,0,0,0,0,0
2019-20,33,Tamilnadu,3328,THOOTHUKKUDI,332802,KARUNKULAM,Rural,1,cat1,"PS (I-V)",2,"Tribal Welfare Department",2,SC,0,0,8,8,8,13,9,0,0,0,0,0,0,0,11,12,16,6,8,0,0,0,0,0,0,0
2019-20,33,Tamilnadu,3328,THOOTHUKKUDI,332805,THIRUCHENTHUR,Rural,1,cat1,"PS (I-V)",2,"Tribal Welfare Department",2,SC,0,0,3,7,6,8,6,0,0,0,0,0,0,0,3,3,8,3,7,0,0,0,0,0,0,0
2019-20,33,Tamilnadu,3328,THOOTHUKKUDI,332808,KOVILPATTI,Rural,1,cat1,"PS (I-V)",2,"Tribal Welfare Department",2,SC,0,0,6,3,2,1,1,0,0,0,0,0,0,0,0,1,1,3,2,0,0,0,0,0,0,0
2019-20,33,Tamilnadu,3328,THOOTHUKKUDI,332809,KAYATHAR,Rural,1,cat1,"PS (I-V)",2,"Tribal Welfare Department",2,SC,0,0,0,6,5,2,2,0,0,0,0,0,0,0,2,6,3,3,5,0,0,0,0,0,0,0
2019-20,33,Tamilnadu,3328,THOOTHUKKUDI,332810,OTTAPIDARAM,Rural,1,cat1,"PS (I-V)",2,"Tribal Welfare Department",2,SC,0,0,2,0,2,0,3,0,0,0,0,0,0,0,2,2,2,2,3,0,0,0,0,0,0,0
2019-20,33,Tamilnadu,3328,THOOTHUKKUDI,332811,VILATHIKULAM,Rural,1,cat1,"PS (I-V)",2,"Tribal Welfare Department",2,SC,0,0,0,4,8,2,1,0,0,0,0,0,0,0,1,3,3,3,1,0,0,0,0,0,0,0
2019-20,33,Tamilnadu,3328,THOOTHUKKUDI,332813,"THOOTHUKUDI RURAL",Rural,1,cat1,"PS (I-V)",2,"Tribal Welfare Department",2,SC,0,0,0,2,0,2,3,0,0,0,0,0,0,0,1,1,3,1,4,0,0,0,0,0,0,0
2019-20,33,Tamilnadu,3328,THOOTHUKKUDI,332803,SRIVAIKUNDAM,Urban,1,cat1,"PS (I-V)",2,"Tribal Welfare Department",2,SC,0,0,0,0,0,0,0,0,0,0,0,0,0,0,0,0,0,0,0,0,0,0,0,0,0,0
2019-20,33,Tamilnadu,3328,THOOTHUKKUDI,332801,"THOOTHUKUDI URBAN",Urban,1,cat1,"PS (I-V)",3,"Local body",2,SC,0,0,20,8,15,10,12,0,0,0,0,0,0,0,21,13,14,13,10,0,0,0,0,0,0,0
2019-20,33,Tamilnadu,3328,THOOTHUKKUDI,332808,KOVILPATTI,Urban,1,cat1,"PS (I-V)",3,"Local body",2,SC,0,0,14,17,11,7,5,0,0,0,0,0,0,0,10,5,14,9,6,0,0,0,0,0,0,0
2019-20,33,Tamilnadu,3328,THOOTHUKKUDI,332802,KARUNKULAM,Rural,1,cat1,"PS (I-V)",4,"Government Aided",2,SC,0,0,24,13,18,23,24,0,0,0,0,0,0,0,20,18,25,28,22,0,0,0,0,0,0,0
2019-20,33,Tamilnadu,3328,THOOTHUKKUDI,332803,SRIVAIKUNDAM,Rural,1,cat1,"PS (I-V)",4,"Government Aided",2,SC,0,0,24,44,44,54,36,0,0,0,0,0,0,0,23,32,39,30,41,0,0,0,0,0,0,0
2019-20,33,Tamilnadu,3328,THOOTHUKKUDI,332804,ALWARTHIRUNAGAR,Rural,1,cat1,"PS (I-V)",4,"Government Aided",2,SC,0,0,37,38,48,44,56,0,0,0,0,0,0,0,38,48,43,55,56,0,0,0,0,0,0,0
2019-20,33,Tamilnadu,3328,THOOTHUKKUDI,332805,THIRUCHENTHUR,Rural,1,cat1,"PS (I-V)",4,"Government Aided",2,SC,0,0,24,20,29,34,36,0,0,0,0,0,0,0,14,24,17,21,26,0,0,0,0,0,0,0
2019-20,33,Tamilnadu,3328,THOOTHUKKUDI,332806,UDANGUDI,Rural,1,cat1,"PS (I-V)",4,"Government Aided",2,SC,0,0,11,17,12,22,16,0,0,0,0,0,0,0,16,22,21,15,19,0,0,0,0,0,0,0
2019-20,33,Tamilnadu,3328,THOOTHUKKUDI,332807,SATHANKULAM,Rural,1,cat1,"PS (I-V)",4,"Government Aided",2,SC,0,0,17,20,30,38,30,0,0,0,0,0,0,0,21,23,18,29,22,0,0,0,0,0,0,0
2019-20,33,Tamilnadu,3328,THOOTHUKKUDI,332808,KOVILPATTI,Rural,1,cat1,"PS (I-V)",4,"Government Aided",2,SC,0,0,59,63,77,85,85,0,0,0,0,0,0,0,58,68,100,100,69,0,0,0,0,0,0,0
2019-20,33,Tamilnadu,3328,THOOTHUKKUDI,332809,KAYATHAR,Rural,1,cat1,"PS (I-V)",4,"Government Aided",2,SC,0,0,63,58,64,51,48,0,0,0,0,0,0,0,56,58,49,37,59,0,0,0,0,0,0,0
2019-20,33,Tamilnadu,3328,THOOTHUKKUDI,332810,OTTAPIDARAM,Rural,1,cat1,"PS (I-V)",4,"Government Aided",2,SC,0,0,82,104,103,137,157,0,0,0,0,0,0,0,80,96,130,115,116,0,0,0,0,0,0,0
2019-20,33,Tamilnadu,3328,THOOTHUKKUDI,332811,VILATHIKULAM,Rural,1,cat1,"PS (I-V)",4,"Government Aided",2,SC,0,0,54,46,54,50,53,0,0,0,0,0,0,0,42,50,52,57,39,0,0,0,0,0,0,0
2019-20,33,Tamilnadu,3328,THOOTHUKKUDI,332812,PUDUR,Rural,1,cat1,"PS (I-V)",4,"Government Aided",2,SC,0,0,31,41,31,42,43,0,0,0,0,0,0,0,23,35,33,32,42,0,0,0,0,0,0,0
2019-20,33,Tamilnadu,3328,THOOTHUKKUDI,332813,"THOOTHUKUDI RURAL",Rural,1,cat1,"PS (I-V)",4,"Government Aided",2,SC,0,0,42,48,36,77,58,0,0,0,0,0,0,0,46,52,58,55,58,0,0,0,0,0,0,0
2019-20,33,Tamilnadu,3328,THOOTHUKKUDI,332801,"THOOTHUKUDI URBAN",Urban,1,cat1,"PS (I-V)",4,"Government Aided",2,SC,0,0,88,78,65,85,90,0,0,0,0,0,0,0,67,63,93,87,96,0,0,0,0,0,0,0
2019-20,33,Tamilnadu,3328,THOOTHUKKUDI,332803,SRIVAIKUNDAM,Urban,1,cat1,"PS (I-V)",4,"Government Aided",2,SC,0,0,10,10,19,23,21,0,0,0,0,0,0,0,18,21,19,17,18,0,0,0,0,0,0,0
2019-20,33,Tamilnadu,3328,THOOTHUKKUDI,332804,ALWARTHIRUNAGAR,Urban,1,cat1,"PS (I-V)",4,"Government Aided",2,SC,0,0,47,50,53,64,57,0,0,0,0,0,0,0,56,51,57,55,51,0,0,0,0,0,0,0
2019-20,33,Tamilnadu,3328,THOOTHUKKUDI,332805,THIRUCHENTHUR,Urban,1,cat1,"PS (I-V)",4,"Government Aided",2,SC,0,0,24,14,22,29,22,0,0,0,0,0,0,0,19,17,28,24,24,0,0,0,0,0,0,0
2019-20,33,Tamilnadu,3328,THOOTHUKKUDI,332806,UDANGUDI,Urban,1,cat1,"PS (I-V)",4,"Government Aided",2,SC,0,0,0,0,2,0,2,0,0,0,0,0,0,0,0,0,0,0,1,0,0,0,0,0,0,0
2019-20,33,Tamilnadu,3328,THOOTHUKKUDI,332807,SATHANKULAM,Urban,1,cat1,"PS (I-V)",4,"Government Aided",2,SC,0,0,12,9,10,7,10,0,0,0,0,0,0,0,6,5,3,10,12,0,0,0,0,0,0,0
2019-20,33,Tamilnadu,3328,THOOTHUKKUDI,332808,KOVILPATTI,Urban,1,cat1,"PS (I-V)",4,"Government Aided",2,SC,0,2,23,23,27,23,29,0,0,0,0,0,0,0,21,24,26,26,24,0,0,0,0,0,0,0
2019-20,33,Tamilnadu,3328,THOOTHUKKUDI,332809,KAYATHAR,Urban,1,cat1,"PS (I-V)",4,"Government Aided",2,SC,0,0,18,25,28,26,34,0,0,0,0,0,0,0,41,34,34,35,45,0,0,0,0,0,0,0
2019-20,33,Tamilnadu,3328,THOOTHUKKUDI,332811,VILATHIKULAM,Urban,1,cat1,"PS (I-V)",4,"Government Aided",2,SC,0,0,0,0,4,1,1,0,0,0,0,0,0,0,2,4,1,3,4,0,0,0,0,0,0,0
2019-20,33,Tamilnadu,3328,THOOTHUKKUDI,332812,PUDUR,Urban,1,cat1,"PS (I-V)",4,"Government Aided",2,SC,0,0,11,4,9,6,5,0,0,0,0,0,0,0,5,8,11,10,10,0,0,0,0,0,0,0
2019-20,33,Tamilnadu,3328,THOOTHUKKUDI,332813,"THOOTHUKUDI RURAL",Urban,1,cat1,"PS (I-V)",4,"Government Aided",2,SC,0,0,39,49,55,40,47,0,0,0,0,0,0,0,48,40,43,38,46,0,0,0,0,0,0,0
2019-20,33,Tamilnadu,3328,THOOTHUKKUDI,332802,KARUNKULAM,Rural,1,cat1,"PS (I-V)",5,"Private Unaided (Recognized)",2,SC,19,15,2,10,6,1,4,0,0,0,0,0,0,0,8,6,3,2,4,0,0,0,0,0,0,0
2019-20,33,Tamilnadu,3328,THOOTHUKKUDI,332803,SRIVAIKUNDAM,Rural,1,cat1,"PS (I-V)",5,"Private Unaided (Recognized)",2,SC,20,13,10,8,15,12,8,0,0,0,0,0,0,0,7,10,7,6,10,0,0,0,0,0,0,0
2019-20,33,Tamilnadu,3328,THOOTHUKKUDI,332804,ALWARTHIRUNAGAR,Rural,1,cat1,"PS (I-V)",5,"Private Unaided (Recognized)",2,SC,74,43,28,41,32,25,29,0,0,0,0,0,0,0,22,35,34,25,25,0,0,0,0,0,0,0
2019-20,33,Tamilnadu,3328,THOOTHUKKUDI,332805,THIRUCHENTHUR,Rural,1,cat1,"PS (I-V)",5,"Private Unaided (Recognized)",2,SC,8,14,6,4,5,5,7,0,0,0,0,0,0,0,4,5,7,6,5,0,0,0,0,0,0,0
2019-20,33,Tamilnadu,3328,THOOTHUKKUDI,332806,UDANGUDI,Rural,1,cat1,"PS (I-V)",5,"Private Unaided (Recognized)",2,SC,13,12,4,4,7,4,8,0,0,0,0,0,0,0,6,10,5,5,5,0,0,0,0,0,0,0
2019-20,33,Tamilnadu,3328,THOOTHUKKUDI,332807,SATHANKULAM,Rural,1,cat1,"PS (I-V)",5,"Private Unaided (Recognized)",2,SC,0,0,0,0,0,0,0,0,0,0,0,0,0,0,0,0,0,0,0,0,0,0,0,0,0,0
2019-20,33,Tamilnadu,3328,THOOTHUKKUDI,332808,KOVILPATTI,Rural,1,cat1,"PS (I-V)",5,"Private Unaided (Recognized)",2,SC,73,83,37,31,33,29,16,0,0,0,0,0,0,0,28,37,25,22,18,0,0,0,0,0,0,0
2019-20,33,Tamilnadu,3328,THOOTHUKKUDI,332809,KAYATHAR,Rural,1,cat1,"PS (I-V)",5,"Private Unaided (Recognized)",2,SC,8,4,2,3,4,3,3,0,0,0,0,0,0,0,2,6,1,5,3,0,0,0,0,0,0,0
2019-20,33,Tamilnadu,3328,THOOTHUKKUDI,332810,OTTAPIDARAM,Rural,1,cat1,"PS (I-V)",5,"Private Unaided (Recognized)",2,SC,111,94,39,34,42,37,17,0,0,0,0,0,0,0,33,33,27,21,19,0,0,0,0,0,0,0
2019-20,33,Tamilnadu,3328,THOOTHUKKUDI,332811,VILATHIKULAM,Rural,1,cat1,"PS (I-V)",5,"Private Unaided (Recognized)",2,SC,49,41,19,14,12,9,3,0,0,0,0,0,0,0,17,8,12,4,11,0,0,0,0,0,0,0
2019-20,33,Tamilnadu,3328,THOOTHUKKUDI,332812,PUDUR,Rural,1,cat1,"PS (I-V)",5,"Private Unaided (Recognized)",2,SC,16,7,5,5,8,0,2,0,0,0,0,0,0,0,6,3,5,2,1,0,0,0,0,0,0,0
2019-20,33,Tamilnadu,3328,THOOTHUKKUDI,332813,"THOOTHUKUDI RURAL",Rural,1,cat1,"PS (I-V)",5,"Private Unaided (Recognized)",2,SC,139,132,74,59,60,52,59,0,0,0,0,0,0,0,52,46,54,28,43,0,0,0,0,0,0,0
2019-20,33,Tamilnadu,3328,THOOTHUKKUDI,332801,"THOOTHUKUDI URBAN",Urban,1,cat1,"PS (I-V)",5,"Private Unaided (Recognized)",2,SC,118,153,45,38,39,38,39,0,0,0,0,0,0,0,39,30,25,28,33,0,0,0,0,0,0,0
2019-20,33,Tamilnadu,3328,THOOTHUKKUDI,332803,SRIVAIKUNDAM,Urban,1,cat1,"PS (I-V)",5,"Private Unaided (Recognized)",2,SC,36,33,19,8,20,17,14,0,0,0,0,0,0,0,12,19,11,16,23,0,0,0,0,0,0,0
2019-20,33,Tamilnadu,3328,THOOTHUKKUDI,332804,ALWARTHIRUNAGAR,Urban,1,cat1,"PS (I-V)",5,"Private Unaided (Recognized)",2,SC,77,62,30,41,38,28,35,0,0,0,0,0,0,0,31,24,32,24,20,0,0,0,0,0,0,0
2019-20,33,Tamilnadu,3328,THOOTHUKKUDI,332805,THIRUCHENTHUR,Urban,1,cat1,"PS (I-V)",5,"Private Unaided (Recognized)",2,SC,35,27,14,13,8,16,10,0,0,0,0,0,0,0,16,11,14,15,9,0,0,0,0,0,0,0
2019-20,33,Tamilnadu,3328,THOOTHUKKUDI,332806,UDANGUDI,Urban,1,cat1,"PS (I-V)",5,"Private Unaided (Recognized)",2,SC,6,6,2,5,1,3,5,0,0,0,0,0,0,0,2,4,5,4,2,0,0,0,0,0,0,0
2019-20,33,Tamilnadu,3328,THOOTHUKKUDI,332807,SATHANKULAM,Urban,1,cat1,"PS (I-V)",5,"Private Unaided (Recognized)",2,SC,3,2,0,0,3,1,0,0,0,0,0,0,0,0,0,0,0,0,0,0,0,0,0,0,0,0
2019-20,33,Tamilnadu,3328,THOOTHUKKUDI,332808,KOVILPATTI,Urban,1,cat1,"PS (I-V)",5,"Private Unaided (Recognized)",2,SC,37,30,10,15,3,9,9,0,0,0,0,0,0,0,9,9,4,7,9,0,0,0,0,0,0,0
2019-20,33,Tamilnadu,3328,THOOTHUKKUDI,332809,KAYATHAR,Urban,1,cat1,"PS (I-V)",5,"Private Unaided (Recognized)",2,SC,14,13,10,16,13,8,7,0,0,0,0,0,0,0,5,10,9,4,11,0,0,0,0,0,0,0
2019-20,33,Tamilnadu,3328,THOOTHUKKUDI,332811,VILATHIKULAM,Urban,1,cat1,"PS (I-V)",5,"Private Unaided (Recognized)",2,SC,32,27,18,15,9,7,4,0,0,0,0,0,0,0,15,11,11,13,9,0,0,0,0,0,0,0
2019-20,33,Tamilnadu,3328,THOOTHUKKUDI,332812,PUDUR,Urban,1,cat1,"PS (I-V)",5,"Private Unaided (Recognized)",2,SC,6,8,4,1,2,1,3,0,0,0,0,0,0,0,3,2,4,2,5,0,0,0,0,0,0,0
2019-20,33,Tamilnadu,3328,THOOTHUKKUDI,332813,"THOOTHUKUDI RURAL",Urban,1,cat1,"PS (I-V)",5,"Private Unaided (Recognized)",2,SC,54,57,25,17,22,21,16,0,0,0,0,0,0,0,14,26,17,13,17,0,0,0,0,0,0,0
2019-20,33,Tamilnadu,3328,THOOTHUKKUDI,332803,SRIVAIKUNDAM,Rural,1,cat1,"PS (I-V)",8,Unrecognized,2,SC,6,11,4,2,0,0,0,0,0,0,0,0,0,0,1,1,1,0,0,0,0,0,0,0,0,0
2019-20,33,Tamilnadu,3328,THOOTHUKKUDI,332808,KOVILPATTI,Rural,1,cat1,"PS (I-V)",8,Unrecognized,2,SC,7,8,4,4,4,0,0,0,0,0,0,0,0,0,5,1,2,0,1,0,0,0,0,0,0,0
2019-20,33,Tamilnadu,3328,THOOTHUKKUDI,332809,KAYATHAR,Rural,1,cat1,"PS (I-V)",8,Unrecognized,2,SC,17,17,5,2,5,7,4,0,0,0,0,0,0,0,6,5,7,2,1,0,0,0,0,0,0,0
2019-20,33,Tamilnadu,3328,THOOTHUKKUDI,332810,OTTAPIDARAM,Rural,1,cat1,"PS (I-V)",8,Unrecognized,2,SC,23,17,8,4,8,7,5,0,0,0,0,0,0,0,5,7,4,6,4,0,0,0,0,0,0,0
2019-20,33,Tamilnadu,3328,THOOTHUKKUDI,332813,"THOOTHUKUDI RURAL",Rural,1,cat1,"PS (I-V)",8,Unrecognized,2,SC,8,2,1,4,2,3,0,0,0,0,0,0,0,0,1,3,3,0,0,0,0,0,0,0,0,0
2019-20,33,Tamilnadu,3328,THOOTHUKKUDI,332801,"THOOTHUKUDI URBAN",Urban,1,cat1,"PS (I-V)",8,Unrecognized,2,SC,2,7,4,1,2,3,0,0,0,0,0,0,0,0,5,2,3,0,1,0,0,0,0,0,0,0
2019-20,33,Tamilnadu,3328,THOOTHUKKUDI,332805,THIRUCHENTHUR,Urban,1,cat1,"PS (I-V)",8,Unrecognized,2,SC,3,3,0,0,0,0,0,0,0,0,0,0,0,0,1,0,1,1,0,0,0,0,0,0,0,0
2019-20,33,Tamilnadu,3328,THOOTHUKKUDI,332808,KOVILPATTI,Urban,1,cat1,"PS (I-V)",8,Unrecognized,2,SC,2,2,0,3,0,0,0,0,0,0,0,0,0,0,1,0,0,0,1,0,0,0,0,0,0,0
2019-20,33,Tamilnadu,3328,THOOTHUKKUDI,332809,KAYATHAR,Urban,1,cat1,"PS (I-V)",8,Unrecognized,2,SC,9,3,0,1,0,0,0,0,0,0,0,0,0,0,0,0,0,0,0,0,0,0,0,0,0,0
2019-20,33,Tamilnadu,3328,THOOTHUKKUDI,332803,SRIVAIKUNDAM,Rural,1,cat1,"PS (I-V)",101,"Other Central Govt. Schools",2,SC,5,3,2,2,1,1,4,0,0,0,0,0,0,0,3,4,0,1,2,0,0,0,0,0,0,0
2019-20,33,Tamilnadu,3328,THOOTHUKKUDI,332810,OTTAPIDARAM,Rural,6,cat6,"SS (I-X)",1,"Department of Education",2,SC,0,0,2,1,2,4,6,2,6,7,4,3,0,0,0,1,1,0,1,1,4,3,4,4,0,0
2019-20,33,Tamilnadu,3328,THOOTHUKKUDI,332802,KARUNKULAM,Rural,6,cat6,"SS (I-X)",5,"Private Unaided (Recognized)",2,SC,75,46,17,34,22,22,16,18,21,11,3,9,0,0,27,24,20,19,15,10,14,6,8,4,0,0
2019-20,33,Tamilnadu,3328,THOOTHUKKUDI,332803,SRIVAIKUNDAM,Rural,6,cat6,"SS (I-X)",5,"Private Unaided (Recognized)",2,SC,16,16,9,6,3,4,5,8,3,3,2,3,0,0,5,10,6,6,6,6,0,1,1,3,0,0
2019-20,33,Tamilnadu,3328,THOOTHUKKUDI,332805,THIRUCHENTHUR,Rural,6,cat6,"SS (I-X)",5,"Private Unaided (Recognized)",2,SC,5,2,3,9,4,3,1,0,2,2,2,0,0,0,6,3,2,4,2,1,4,1,0,0,0,0
2019-20,33,Tamilnadu,3328,THOOTHUKKUDI,332807,SATHANKULAM,Rural,6,cat6,"SS (I-X)",5,"Private Unaided (Recognized)",2,SC,5,2,0,3,2,0,0,2,2,0,0,0,0,0,1,1,0,1,0,0,0,1,0,0,0,0
2019-20,33,Tamilnadu,3328,THOOTHUKKUDI,332808,KOVILPATTI,Rural,6,cat6,"SS (I-X)",5,"Private Unaided (Recognized)",2,SC,77,72,43,44,42,26,36,30,17,32,18,7,0,0,30,29,38,34,37,21,25,17,18,5,0,0
2019-20,33,Tamilnadu,3328,THOOTHUKKUDI,332809,KAYATHAR,Rural,6,cat6,"SS (I-X)",5,"Private Unaided (Recognized)",2,SC,23,11,7,7,5,4,5,6,1,3,2,1,0,0,9,5,9,6,8,4,1,0,0,0,0,0
2019-20,33,Tamilnadu,3328,THOOTHUKKUDI,332810,OTTAPIDARAM,Rural,6,cat6,"SS (I-X)",5,"Private Unaided (Recognized)",2,SC,30,25,14,13,13,9,13,11,10,4,2,3,0,0,12,11,6,12,8,7,9,2,1,1,0,0
2019-20,33,Tamilnadu,3328,THOOTHUKKUDI,332811,VILATHIKULAM,Rural,6,cat6,"SS (I-X)",5,"Private Unaided (Recognized)",2,SC,18,14,7,2,7,8,4,5,2,5,4,3,0,0,13,4,14,6,2,6,0,1,2,1,0,0
2019-20,33,Tamilnadu,3328,THOOTHUKKUDI,332812,PUDUR,Rural,6,cat6,"SS (I-X)",5,"Private Unaided (Recognized)",2,SC,35,25,13,14,8,4,5,10,9,5,6,8,0,0,16,15,10,15,9,4,5,2,5,4,0,0
2019-20,33,Tamilnadu,3328,THOOTHUKKUDI,332813,"THOOTHUKUDI RURAL",Rural,6,cat6,"SS (I-X)",5,"Private Unaided (Recognized)",2,SC,99,97,46,65,42,51,47,36,31,34,17,20,0,0,56,44,46,30,48,24,14,17,19,20,0,0
2019-20,33,Tamilnadu,3328,THOOTHUKKUDI,332801,"THOOTHUKUDI URBAN",Urban,6,cat6,"SS (I-X)",5,"Private Unaided (Recognized)",2,SC,55,65,27,25,20,21,29,19,19,16,16,8,0,0,31,28,28,28,21,18,15,10,11,4,0,0
2019-20,33,Tamilnadu,3328,THOOTHUKKUDI,332803,SRIVAIKUNDAM,Urban,6,cat6,"SS (I-X)",5,"Private Unaided (Recognized)",2,SC,22,17,5,8,11,4,6,12,5,4,2,2,0,0,11,6,4,10,7,3,5,3,3,3,0,0
2019-20,33,Tamilnadu,3328,THOOTHUKKUDI,332805,THIRUCHENTHUR,Urban,6,cat6,"SS (I-X)",5,"Private Unaided (Recognized)",2,SC,3,1,1,2,4,0,2,0,0,1,3,0,0,0,4,0,0,1,0,1,0,3,1,1,0,0
2019-20,33,Tamilnadu,3328,THOOTHUKKUDI,332808,KOVILPATTI,Urban,6,cat6,"SS (I-X)",5,"Private Unaided (Recognized)",2,SC,40,27,27,29,28,31,17,12,9,15,5,10,0,0,14,17,23,15,12,7,7,8,6,7,0,0
2019-20,33,Tamilnadu,3328,THOOTHUKKUDI,332809,KAYATHAR,Urban,6,cat6,"SS (I-X)",5,"Private Unaided (Recognized)",2,SC,8,4,7,6,7,9,6,7,3,5,1,5,0,0,9,3,6,6,1,3,6,3,3,5,0,0
2019-20,33,Tamilnadu,3328,THOOTHUKKUDI,332811,VILATHIKULAM,Urban,6,cat6,"SS (I-X)",5,"Private Unaided (Recognized)",2,SC,8,6,5,4,5,4,1,7,4,2,3,2,0,0,4,4,8,3,3,5,5,1,1,0,0,0
2019-20,33,Tamilnadu,3328,THOOTHUKKUDI,332802,KARUNKULAM,Rural,7,cat7,"SS (VI-X)",1,"Department of Education",2,SC,0,0,0,0,0,0,0,22,9,11,12,4,0,0,0,0,0,0,0,15,20,12,16,6,0,0
2019-20,33,Tamilnadu,3328,THOOTHUKKUDI,332803,SRIVAIKUNDAM,Rural,7,cat7,"SS (VI-X)",1,"Department of Education",2,SC,0,0,0,0,0,0,0,0,0,0,0,0,0,0,0,0,0,0,0,0,0,0,0,0,0,0
2019-20,33,Tamilnadu,3328,THOOTHUKKUDI,332805,THIRUCHENTHUR,Rural,7,cat7,"SS (VI-X)",1,"Department of Education",2,SC,0,0,0,0,0,0,0,13,8,10,14,11,0,0,0,0,0,0,0,7,14,11,9,9,0,0
2019-20,33,Tamilnadu,3328,THOOTHUKKUDI,332806,UDANGUDI,Rural,7,cat7,"SS (VI-X)",1,"Department of Education",2,SC,0,0,0,0,0,0,0,2,1,1,0,2,0,0,0,0,0,0,0,0,2,2,3,2,0,0
2019-20,33,Tamilnadu,3328,THOOTHUKKUDI,332807,SATHANKULAM,Rural,7,cat7,"SS (VI-X)",1,"Department of Education",2,SC,0,0,0,0,0,0,0,4,6,6,7,1,0,0,0,0,0,0,0,4,4,11,5,10,0,0
2019-20,33,Tamilnadu,3328,THOOTHUKKUDI,332808,KOVILPATTI,Rural,7,cat7,"SS (VI-X)",1,"Department of Education",2,SC,0,0,0,0,0,0,0,6,4,4,4,3,0,0,0,0,0,0,0,11,5,3,6,1,0,0
2019-20,33,Tamilnadu,3328,THOOTHUKKUDI,332809,KAYATHAR,Rural,7,cat7,"SS (VI-X)",1,"Department of Education",2,SC,0,0,0,0,0,0,0,12,8,6,6,7,0,0,0,0,0,0,0,5,7,7,6,7,0,0
2019-20,33,Tamilnadu,3328,THOOTHUKKUDI,332810,OTTAPIDARAM,Rural,7,cat7,"SS (VI-X)",1,"Department of Education",2,SC,0,0,0,0,0,0,0,33,41,24,41,34,0,0,0,0,0,0,0,31,35,31,35,28,0,0
2019-20,33,Tamilnadu,3328,THOOTHUKKUDI,332811,VILATHIKULAM,Rural,7,cat7,"SS (VI-X)",1,"Department of Education",2,SC,0,0,0,0,0,0,0,24,16,17,29,12,0,0,0,0,0,0,0,18,25,18,20,31,0,0
2019-20,33,Tamilnadu,3328,THOOTHUKKUDI,332812,PUDUR,Rural,7,cat7,"SS (VI-X)",1,"Department of Education",2,SC,0,0,0,0,0,0,0,5,5,9,7,10,0,0,0,0,0,0,0,9,9,9,9,13,0,0
2019-20,33,Tamilnadu,3328,THOOTHUKKUDI,332813,"THOOTHUKUDI RURAL",Rural,7,cat7,"SS (VI-X)",1,"Department of Education",2,SC,0,0,0,0,0,0,0,9,2,14,7,11,0,0,0,0,0,0,0,5,8,8,12,8,0,0
2019-20,33,Tamilnadu,3328,THOOTHUKKUDI,332808,KOVILPATTI,Urban,7,cat7,"SS (VI-X)",1,"Department of Education",2,SC,0,0,0,0,0,0,0,0,1,0,1,0,0,0,0,0,0,0,0,0,0,0,2,0,0,0
2019-20,33,Tamilnadu,3328,THOOTHUKKUDI,332809,KAYATHAR,Rural,7,cat7,"SS (VI-X)",2,"Tribal Welfare Department",2,SC,0,0,0,0,0,0,0,5,5,2,1,3,0,0,0,0,0,0,0,3,4,3,1,1,0,0
2019-20,33,Tamilnadu,3328,THOOTHUKKUDI,332803,SRIVAIKUNDAM,Rural,7,cat7,"SS (VI-X)",4,"Government Aided",2,SC,0,0,0,0,0,0,0,18,23,15,15,19,0,0,0,0,0,0,0,10,23,14,18,26,0,0
2019-20,33,Tamilnadu,3328,THOOTHUKKUDI,332804,ALWARTHIRUNAGAR,Rural,7,cat7,"SS (VI-X)",4,"Government Aided",2,SC,0,0,0,0,0,0,0,6,7,10,10,10,0,0,0,0,0,0,0,16,22,25,23,19,0,0
2019-20,33,Tamilnadu,3328,THOOTHUKKUDI,332805,THIRUCHENTHUR,Rural,7,cat7,"SS (VI-X)",4,"Government Aided",2,SC,0,0,0,0,0,0,0,9,10,11,13,22,0,0,0,0,0,0,0,8,11,9,23,20,0,0
2019-20,33,Tamilnadu,3328,THOOTHUKKUDI,332806,UDANGUDI,Rural,7,cat7,"SS (VI-X)",4,"Government Aided",2,SC,0,0,0,0,0,0,0,4,5,10,5,3,0,0,0,0,0,0,0,12,6,8,3,8,0,0
2019-20,33,Tamilnadu,3328,THOOTHUKKUDI,332807,SATHANKULAM,Rural,7,cat7,"SS (VI-X)",4,"Government Aided",2,SC,0,0,0,0,0,0,0,3,2,5,8,7,0,0,0,0,0,0,0,4,8,9,7,9,0,0
2019-20,33,Tamilnadu,3328,THOOTHUKKUDI,332808,KOVILPATTI,Rural,7,cat7,"SS (VI-X)",4,"Government Aided",2,SC,0,0,0,0,0,0,0,22,18,27,25,27,0,0,0,0,0,0,0,15,20,17,23,19,0,0
2019-20,33,Tamilnadu,3328,THOOTHUKKUDI,332809,KAYATHAR,Rural,7,cat7,"SS (VI-X)",4,"Government Aided",2,SC,0,0,0,0,0,0,0,52,40,35,54,44,0,0,0,0,0,0,0,54,49,45,44,60,0,0
2019-20,33,Tamilnadu,3328,THOOTHUKKUDI,332810,OTTAPIDARAM,Rural,7,cat7,"SS (VI-X)",4,"Government Aided",2,SC,0,0,0,0,0,0,0,13,18,11,15,11,0,0,0,0,0,0,0,10,8,13,11,10,0,0
2019-20,33,Tamilnadu,3328,THOOTHUKKUDI,332811,VILATHIKULAM,Rural,7,cat7,"SS (VI-X)",4,"Government Aided",2,SC,0,0,0,0,0,0,0,22,13,22,22,17,0,0,0,0,0,0,0,14,20,18,16,27,0,0
2019-20,33,Tamilnadu,3328,THOOTHUKKUDI,332812,PUDUR,Rural,7,cat7,"SS (VI-X)",4,"Government Aided",2,SC,0,0,0,0,0,0,0,18,20,26,19,16,0,0,0,0,0,0,0,28,21,20,16,23,0,0
2019-20,33,Tamilnadu,3328,THOOTHUKKUDI,332813,"THOOTHUKUDI RURAL",Rural,7,cat7,"SS (VI-X)",4,"Government Aided",2,SC,0,0,0,0,0,0,0,25,30,37,26,32,0,0,0,0,0,0,0,24,26,35,27,24,0,0
2019-20,33,Tamilnadu,3328,THOOTHUKKUDI,332801,"THOOTHUKUDI URBAN",Urban,7,cat7,"SS (VI-X)",4,"Government Aided",2,SC,0,0,0,0,0,0,0,9,10,13,3,5,0,0,0,0,0,0,0,17,8,9,6,7,0,0
2019-20,33,Tamilnadu,3328,THOOTHUKKUDI,332805,THIRUCHENTHUR,Urban,7,cat7,"SS (VI-X)",4,"Government Aided",2,SC,0,0,0,0,0,0,0,11,12,8,6,17,0,0,0,0,0,0,0,4,3,6,8,9,0,0
2019-20,33,Tamilnadu,3328,THOOTHUKKUDI,332808,KOVILPATTI,Urban,7,cat7,"SS (VI-X)",4,"Government Aided",2,SC,0,0,0,0,0,0,0,10,15,16,10,1,0,0,0,0,0,0,0,7,5,6,4,2,0,0
2019-20,33,Tamilnadu,3328,THOOTHUKKUDI,332812,PUDUR,Urban,7,cat7,"SS (VI-X)",4,"Government Aided",2,SC,0,0,0,0,0,0,0,4,3,3,7,1,0,0,0,0,0,0,0,6,8,6,6,4,0,0
2019-20,33,Tamilnadu,3328,THOOTHUKKUDI,332813,"THOOTHUKUDI RURAL",Urban,7,cat7,"SS (VI-X)",4,"Government Aided",2,SC,0,0,0,0,0,0,0,16,12,15,19,13,0,0,0,0,0,0,0,10,13,17,8,17,0,0
2019-20,33,Tamilnadu,3328,THOOTHUKKUDI,332804,ALWARTHIRUNAGAR,Rural,7,cat7,"SS (VI-X)",5,"Private Unaided (Recognized)",2,SC,0,0,0,0,0,0,0,0,0,0,1,2,0,0,0,0,0,0,0,0,1,0,2,0,0,0
2019-20,33,Tamilnadu,3328,THOOTHUKKUDI,332809,KAYATHAR,Rural,7,cat7,"SS (VI-X)",5,"Private Unaided (Recognized)",2,SC,0,0,0,0,0,0,0,2,5,1,2,1,0,0,0,0,0,0,0,3,0,1,1,0,0,0
2019-20,33,Tamilnadu,3328,THOOTHUKKUDI,332811,VILATHIKULAM,Rural,7,cat7,"SS (VI-X)",5,"Private Unaided (Recognized)",2,SC,0,0,0,0,0,0,0,5,9,3,2,6,0,0,0,0,0,0,0,7,7,5,5,0,0,0
2019-20,33,Tamilnadu,3328,THOOTHUKKUDI,332801,"THOOTHUKUDI URBAN",Urban,7,cat7,"SS (VI-X)",5,"Private Unaided (Recognized)",2,SC,0,0,0,0,0,0,0,1,3,1,2,0,0,0,0,0,0,0,0,0,3,1,0,1,0,0
2019-20,33,Tamilnadu,3328,THOOTHUKKUDI,332802,KARUNKULAM,Rural,2,cat2,"UPS (I-VIII)",1,"Department of Education",2,SC,0,0,12,7,5,4,6,3,9,8,0,0,0,0,8,2,8,6,6,10,6,5,0,0,0,0
2019-20,33,Tamilnadu,3328,THOOTHUKKUDI,332803,SRIVAIKUNDAM,Rural,2,cat2,"UPS (I-VIII)",1,"Department of Education",2,SC,14,11,21,24,26,21,33,18,23,23,0,0,0,0,16,22,23,33,32,19,21,26,0,0,0,0
2019-20,33,Tamilnadu,3328,THOOTHUKKUDI,332804,ALWARTHIRUNAGAR,Rural,2,cat2,"UPS (I-VIII)",1,"Department of Education",2,SC,6,7,18,17,15,10,10,5,9,0,0,0,0,0,22,20,12,10,9,6,6,5,0,0,0,0
2019-20,33,Tamilnadu,3328,THOOTHUKKUDI,332805,THIRUCHENTHUR,Rural,2,cat2,"UPS (I-VIII)",1,"Department of Education",2,SC,11,11,16,21,14,17,8,17,16,20,0,0,0,0,14,12,18,14,18,25,14,27,0,0,0,0
2019-20,33,Tamilnadu,3328,THOOTHUKKUDI,332806,UDANGUDI,Rural,2,cat2,"UPS (I-VIII)",1,"Department of Education",2,SC,0,0,2,1,2,0,4,2,4,4,0,0,0,0,4,0,1,1,0,3,3,1,0,0,0,0
2019-20,33,Tamilnadu,3328,THOOTHUKKUDI,332807,SATHANKULAM,Rural,2,cat2,"UPS (I-VIII)",1,"Department of Education",2,SC,0,0,0,3,1,3,3,2,5,1,0,0,0,0,3,1,2,0,0,3,6,6,0,0,0,0
2019-20,33,Tamilnadu,3328,THOOTHUKKUDI,332808,KOVILPATTI,Rural,2,cat2,"UPS (I-VIII)",1,"Department of Education",2,SC,9,8,22,10,20,14,16,18,24,25,0,0,0,0,19,16,20,28,22,33,29,25,0,0,0,0
2019-20,33,Tamilnadu,3328,THOOTHUKKUDI,332809,KAYATHAR,Rural,2,cat2,"UPS (I-VIII)",1,"Department of Education",2,SC,20,16,19,14,17,22,23,18,19,17,0,0,0,0,13,18,18,16,16,21,19,10,0,0,0,0
2019-20,33,Tamilnadu,3328,THOOTHUKKUDI,332810,OTTAPIDARAM,Rural,2,cat2,"UPS (I-VIII)",1,"Department of Education",2,SC,18,18,42,43,64,44,31,44,57,43,0,0,0,0,50,39,53,49,44,36,43,55,0,0,0,0
2019-20,33,Tamilnadu,3328,THOOTHUKKUDI,332811,VILATHIKULAM,Rural,2,cat2,"UPS (I-VIII)",1,"Department of Education",2,SC,4,2,19,19,22,13,11,18,13,20,0,0,0,0,15,17,17,14,11,8,12,14,0,0,0,0
2019-20,33,Tamilnadu,3328,THOOTHUKKUDI,332812,PUDUR,Rural,2,cat2,"UPS (I-VIII)",1,"Department of Education",2,SC,18,20,27,34,25,33,29,26,29,23,0,0,0,0,25,30,31,22,24,25,39,28,0,0,0,0
2019-20,33,Tamilnadu,3328,THOOTHUKKUDI,332813,"THOOTHUKUDI RURAL",Rural,2,cat2,"UPS (I-VIII)",1,"Department of Education",2,SC,0,0,8,9,14,13,8,12,12,5,0,0,0,0,6,8,16,10,13,14,9,10,0,0,0,0
2019-20,33,Tamilnadu,3328,THOOTHUKKUDI,332803,SRIVAIKUNDAM,Urban,2,cat2,"UPS (I-VIII)",1,"Department of Education",2,SC,4,5,6,3,5,5,3,1,2,4,0,0,0,0,6,4,3,5,5,5,3,3,0,0,0,0
2019-20,33,Tamilnadu,3328,THOOTHUKKUDI,332804,ALWARTHIRUNAGAR,Urban,2,cat2,"UPS (I-VIII)",1,"Department of Education",2,SC,0,0,2,1,2,2,4,5,4,6,0,0,0,0,1,3,2,1,3,4,8,4,0,0,0,0
2019-20,33,Tamilnadu,3328,THOOTHUKKUDI,332805,THIRUCHENTHUR,Urban,2,cat2,"UPS (I-VIII)",1,"Department of Education",2,SC,6,6,6,10,10,4,14,5,5,6,0,0,0,0,2,4,11,11,7,5,15,15,0,0,0,0
2019-20,33,Tamilnadu,3328,THOOTHUKKUDI,332806,UDANGUDI,Urban,2,cat2,"UPS (I-VIII)",1,"Department of Education",2,SC,1,6,3,4,8,11,7,7,7,10,0,0,0,0,6,3,6,4,5,11,6,8,0,0,0,0
2019-20,33,Tamilnadu,3328,THOOTHUKKUDI,332809,KAYATHAR,Urban,2,cat2,"UPS (I-VIII)",1,"Department of Education",2,SC,5,3,1,0,2,1,5,0,1,1,0,0,0,0,1,3,1,4,1,5,2,1,0,0,0,0
2019-20,33,Tamilnadu,3328,THOOTHUKKUDI,332812,PUDUR,Urban,2,cat2,"UPS (I-VIII)",1,"Department of Education",2,SC,0,0,0,0,1,0,0,0,2,0,0,0,0,0,0,0,0,0,0,1,0,0,0,0,0,0
2019-20,33,Tamilnadu,3328,THOOTHUKKUDI,332813,"THOOTHUKUDI RURAL",Urban,2,cat2,"UPS (I-VIII)",1,"Department of Education",2,SC,0,0,3,0,1,1,1,1,5,3,0,0,0,0,1,0,0,0,1,4,3,4,0,0,0,0
2019-20,33,Tamilnadu,3328,THOOTHUKKUDI,332806,UDANGUDI,Rural,2,cat2,"UPS (I-VIII)",2,"Tribal Welfare Department",2,SC,0,0,1,1,3,1,3,2,5,3,0,0,0,0,1,3,4,1,1,3,1,2,0,0,0,0
2019-20,33,Tamilnadu,3328,THOOTHUKKUDI,332813,"THOOTHUKUDI RURAL",Rural,2,cat2,"UPS (I-VIII)",2,"Tribal Welfare Department",2,SC,0,0,0,0,0,2,1,2,2,3,0,0,0,0,0,0,0,0,0,0,0,0,0,0,0,0
2019-20,33,Tamilnadu,3328,THOOTHUKKUDI,332801,"THOOTHUKUDI URBAN",Urban,2,cat2,"UPS (I-VIII)",3,"Local body",2,SC,29,21,23,10,26,14,23,19,7,11,0,0,0,0,23,19,24,21,20,23,12,7,0,0,0,0
2019-20,33,Tamilnadu,3328,THOOTHUKKUDI,332808,KOVILPATTI,Urban,2,cat2,"UPS (I-VIII)",3,"Local body",2,SC,6,6,0,5,7,6,9,13,7,7,0,0,0,0,9,4,9,6,5,14,3,10,0,0,0,0
2019-20,33,Tamilnadu,3328,THOOTHUKKUDI,332802,KARUNKULAM,Rural,2,cat2,"UPS (I-VIII)",4,"Government Aided",2,SC,0,0,9,9,4,5,13,3,9,13,0,0,0,0,7,11,13,6,11,15,17,10,0,0,0,0
2019-20,33,Tamilnadu,3328,THOOTHUKKUDI,332803,SRIVAIKUNDAM,Rural,2,cat2,"UPS (I-VIII)",4,"Government Aided",2,SC,0,0,10,14,14,24,25,21,23,28,0,0,0,0,12,22,21,20,26,23,32,34,0,0,0,0
2019-20,33,Tamilnadu,3328,THOOTHUKKUDI,332804,ALWARTHIRUNAGAR,Rural,2,cat2,"UPS (I-VIII)",4,"Government Aided",2,SC,0,0,14,19,11,31,32,43,47,55,0,0,0,0,16,13,22,18,22,44,43,41,0,0,0,0
2019-20,33,Tamilnadu,3328,THOOTHUKKUDI,332805,THIRUCHENTHUR,Rural,2,cat2,"UPS (I-VIII)",4,"Government Aided",2,SC,0,0,7,6,1,5,4,10,5,12,0,0,0,0,4,7,4,7,6,17,11,16,0,0,0,0
2019-20,33,Tamilnadu,3328,THOOTHUKKUDI,332806,UDANGUDI,Rural,2,cat2,"UPS (I-VIII)",4,"Government Aided",2,SC,0,0,5,5,5,8,11,9,10,8,0,0,0,0,2,2,6,6,6,8,16,15,0,0,0,0
2019-20,33,Tamilnadu,3328,THOOTHUKKUDI,332807,SATHANKULAM,Rural,2,cat2,"UPS (I-VIII)",4,"Government Aided",2,SC,0,0,8,9,6,6,4,14,6,9,0,0,0,0,8,7,8,9,6,14,22,10,0,0,0,0
2019-20,33,Tamilnadu,3328,THOOTHUKKUDI,332808,KOVILPATTI,Rural,2,cat2,"UPS (I-VIII)",4,"Government Aided",2,SC,0,0,18,11,22,13,17,36,25,14,0,0,0,0,20,21,24,24,22,27,25,14,0,0,0,0
2019-20,33,Tamilnadu,3328,THOOTHUKKUDI,332809,KAYATHAR,Rural,2,cat2,"UPS (I-VIII)",4,"Government Aided",2,SC,0,0,18,20,19,16,25,34,45,25,0,0,0,0,25,18,29,28,28,34,41,29,0,0,0,0
2019-20,33,Tamilnadu,3328,THOOTHUKKUDI,332810,OTTAPIDARAM,Rural,2,cat2,"UPS (I-VIII)",4,"Government Aided",2,SC,0,0,15,21,24,21,25,36,31,34,0,0,0,0,15,27,19,23,29,34,32,33,0,0,0,0
2019-20,33,Tamilnadu,3328,THOOTHUKKUDI,332811,VILATHIKULAM,Rural,2,cat2,"UPS (I-VIII)",4,"Government Aided",2,SC,0,0,16,15,19,28,23,39,45,40,0,0,0,0,26,16,22,18,16,43,48,44,0,0,0,0
2019-20,33,Tamilnadu,3328,THOOTHUKKUDI,332812,PUDUR,Rural,2,cat2,"UPS (I-VIII)",4,"Government Aided",2,SC,0,0,6,4,4,3,6,11,7,5,0,0,0,0,5,2,5,8,3,10,8,13,0,0,0,0
2019-20,33,Tamilnadu,3328,THOOTHUKKUDI,332813,"THOOTHUKUDI RURAL",Rural,2,cat2,"UPS (I-VIII)",4,"Government Aided",2,SC,0,0,17,23,13,17,24,19,28,16,0,0,0,0,15,18,24,24,25,23,24,32,0,0,0,0
2019-20,33,Tamilnadu,3328,THOOTHUKKUDI,332801,"THOOTHUKUDI URBAN",Urban,2,cat2,"UPS (I-VIII)",4,"Government Aided",2,SC,0,0,32,22,33,31,39,28,29,33,0,0,0,0,23,26,33,23,24,29,44,30,0,0,0,0
2019-20,33,Tamilnadu,3328,THOOTHUKKUDI,332803,SRIVAIKUNDAM,Urban,2,cat2,"UPS (I-VIII)",4,"Government Aided",2,SC,0,0,10,4,10,13,6,13,15,20,0,0,0,0,10,7,4,6,9,15,10,12,0,0,0,0
2019-20,33,Tamilnadu,3328,THOOTHUKKUDI,332804,ALWARTHIRUNAGAR,Urban,2,cat2,"UPS (I-VIII)",4,"Government Aided",2,SC,0,0,3,2,1,3,5,6,6,9,0,0,0,0,2,0,1,1,4,10,7,10,0,0,0,0
2019-20,33,Tamilnadu,3328,THOOTHUKKUDI,332805,THIRUCHENTHUR,Urban,2,cat2,"UPS (I-VIII)",4,"Government Aided",2,SC,0,0,7,4,12,9,18,26,34,30,0,0,0,0,19,13,16,19,19,32,26,32,0,0,0,0
2019-20,33,Tamilnadu,3328,THOOTHUKKUDI,332806,UDANGUDI,Urban,2,cat2,"UPS (I-VIII)",4,"Government Aided",2,SC,0,0,1,2,0,0,0,1,0,0,0,0,0,0,1,1,1,2,0,3,1,1,0,0,0,0
2019-20,33,Tamilnadu,3328,THOOTHUKKUDI,332807,SATHANKULAM,Urban,2,cat2,"UPS (I-VIII)",4,"Government Aided",2,SC,0,0,0,0,0,0,0,0,1,1,0,0,0,0,0,0,0,0,0,2,1,2,0,0,0,0
2019-20,33,Tamilnadu,3328,THOOTHUKKUDI,332808,KOVILPATTI,Urban,2,cat2,"UPS (I-VIII)",4,"Government Aided",2,SC,0,0,33,33,29,44,42,55,58,55,0,0,0,0,17,33,21,33,39,39,39,41,0,0,0,0
2019-20,33,Tamilnadu,3328,THOOTHUKKUDI,332809,KAYATHAR,Urban,2,cat2,"UPS (I-VIII)",4,"Government Aided",2,SC,0,0,0,1,0,0,1,4,3,5,0,0,0,0,0,0,0,0,1,3,2,5,0,0,0,0
2019-20,33,Tamilnadu,3328,THOOTHUKKUDI,332811,VILATHIKULAM,Urban,2,cat2,"UPS (I-VIII)",4,"Government Aided",2,SC,0,0,4,6,5,6,8,21,21,11,0,0,0,0,5,5,6,7,8,12,15,14,0,0,0,0
2019-20,33,Tamilnadu,3328,THOOTHUKKUDI,332813,"THOOTHUKUDI RURAL",Urban,2,cat2,"UPS (I-VIII)",4,"Government Aided",2,SC,0,0,11,11,11,12,8,15,22,22,0,0,0,0,9,9,9,14,15,17,15,21,0,0,0,0
2019-20,33,Tamilnadu,3328,THOOTHUKKUDI,332803,SRIVAIKUNDAM,Rural,2,cat2,"UPS (I-VIII)",5,"Private Unaided (Recognized)",2,SC,1,1,0,0,1,0,1,0,0,0,0,0,0,0,0,0,1,1,0,0,1,0,0,0,0,0
2019-20,33,Tamilnadu,3328,THOOTHUKKUDI,332808,KOVILPATTI,Rural,2,cat2,"UPS (I-VIII)",5,"Private Unaided (Recognized)",2,SC,29,21,7,8,5,9,2,0,0,0,0,0,0,0,6,3,5,4,0,0,0,0,0,0,0,0
2019-20,33,Tamilnadu,3328,THOOTHUKKUDI,332810,OTTAPIDARAM,Rural,2,cat2,"UPS (I-VIII)",5,"Private Unaided (Recognized)",2,SC,73,65,23,25,25,19,26,11,16,7,0,0,0,0,26,26,16,23,25,13,10,10,0,0,0,0
2019-20,33,Tamilnadu,3328,THOOTHUKKUDI,332813,"THOOTHUKUDI RURAL",Rural,2,cat2,"UPS (I-VIII)",5,"Private Unaided (Recognized)",2,SC,13,10,3,3,6,6,1,3,0,0,0,0,0,0,3,4,3,0,2,2,0,0,0,0,0,0
2019-20,33,Tamilnadu,3328,THOOTHUKKUDI,332801,"THOOTHUKUDI URBAN",Urban,2,cat2,"UPS (I-VIII)",5,"Private Unaided (Recognized)",2,SC,17,11,4,4,4,1,4,3,1,0,0,0,0,0,3,3,4,4,3,1,1,0,0,0,0,0
2019-20,33,Tamilnadu,3328,THOOTHUKKUDI,332804,ALWARTHIRUNAGAR,Urban,2,cat2,"UPS (I-VIII)",5,"Private Unaided (Recognized)",2,SC,0,0,0,2,0,0,0,0,1,1,0,0,0,0,0,0,1,3,1,0,1,2,0,0,0,0
2019-20,33,Tamilnadu,3328,THOOTHUKKUDI,332805,THIRUCHENTHUR,Urban,2,cat2,"UPS (I-VIII)",5,"Private Unaided (Recognized)",2,SC,0,0,0,0,0,0,0,0,0,0,0,0,0,0,0,0,0,0,0,0,0,0,0,0,0,0
2019-20,33,Tamilnadu,3328,THOOTHUKKUDI,332813,"THOOTHUKUDI RURAL",Rural,2,cat2,"UPS (I-VIII)",8,Unrecognized,2,SC,3,1,1,0,1,3,1,0,0,0,0,0,0,0,2,3,1,0,0,0,0,0,0,0,0,0
2019-20,33,Tamilnadu,3328,THOOTHUKKUDI,332813,"THOOTHUKUDI RURAL",Rural,4,cat4,"UPS (VI-VIII)",1,"Department of Education",2,SC,0,0,0,0,0,0,0,0,3,3,0,0,0,0,0,0,0,0,0,2,3,2,0,0,0,0
2019-20,33,Tamilnadu,3328,THOOTHUKKUDI,332813,"THOOTHUKUDI RURAL",Urban,4,cat4,"UPS (VI-VIII)",1,"Department of Education",2,SC,0,0,0,0,0,0,0,0,0,2,0,0,0,0,0,0,0,0,0,0,0,0,0,0,0,0
2019-20,33,Tamilnadu,3328,THOOTHUKKUDI,332802,KARUNKULAM,Rural,4,cat4,"UPS (VI-VIII)",4,"Government Aided",2,SC,0,0,0,0,0,0,0,0,2,1,0,0,0,0,0,0,0,0,0,0,0,1,0,0,0,0
2019-20,33,Tamilnadu,3328,THOOTHUKKUDI,332806,UDANGUDI,Rural,4,cat4,"UPS (VI-VIII)",4,"Government Aided",2,SC,0,0,0,0,0,0,0,0,0,0,0,0,0,0,0,0,0,0,0,0,4,0,0,0,0,0
2019-20,33,Tamilnadu,3328,THOOTHUKKUDI,332808,KOVILPATTI,Rural,3,cat3,"HSS (I-XII)",1,"Department of Education",3,ST,0,0,0,0,0,0,0,0,0,0,0,0,0,0,0,0,0,0,0,0,0,0,0,0,0,0
2019-20,33,Tamilnadu,3328,THOOTHUKKUDI,332801,"THOOTHUKUDI URBAN",Urban,3,cat3,"HSS (I-XII)",4,"Government Aided",3,ST,0,0,0,0,0,0,0,0,0,0,0,0,0,0,0,0,0,0,1,1,2,0,0,1,0,1
2019-20,33,Tamilnadu,3328,THOOTHUKKUDI,332804,ALWARTHIRUNAGAR,Urban,3,cat3,"HSS (I-XII)",4,"Government Aided",3,ST,0,0,0,0,0,0,0,0,2,6,5,1,1,4,0,0,0,0,0,0,0,0,0,0,0,0
2019-20,33,Tamilnadu,3328,THOOTHUKKUDI,332802,KARUNKULAM,Rural,3,cat3,"HSS (I-XII)",5,"Private Unaided (Recognized)",3,ST,1,0,0,0,0,0,0,0,0,0,1,0,0,0,0,0,0,0,0,0,0,0,0,0,0,0
2019-20,33,Tamilnadu,3328,THOOTHUKKUDI,332803,SRIVAIKUNDAM,Rural,3,cat3,"HSS (I-XII)",5,"Private Unaided (Recognized)",3,ST,0,0,0,0,0,0,0,0,0,2,4,0,30,18,0,0,0,0,0,0,0,0,0,0,15,11
2019-20,33,Tamilnadu,3328,THOOTHUKKUDI,332805,THIRUCHENTHUR,Rural,3,cat3,"HSS (I-XII)",5,"Private Unaided (Recognized)",3,ST,0,0,0,0,0,0,0,0,0,0,0,0,1,0,0,0,0,0,0,0,0,0,0,0,0,0
2019-20,33,Tamilnadu,3328,THOOTHUKKUDI,332806,UDANGUDI,Rural,3,cat3,"HSS (I-XII)",5,"Private Unaided (Recognized)",3,ST,0,0,0,0,0,0,0,0,0,0,0,0,0,0,0,0,0,0,0,0,0,0,1,0,0,0
2019-20,33,Tamilnadu,3328,THOOTHUKKUDI,332807,SATHANKULAM,Rural,3,cat3,"HSS (I-XII)",5,"Private Unaided (Recognized)",3,ST,0,1,0,0,0,0,0,0,0,0,0,0,0,0,0,0,0,0,0,0,0,0,0,0,0,0
2019-20,33,Tamilnadu,3328,THOOTHUKKUDI,332808,KOVILPATTI,Rural,3,cat3,"HSS (I-XII)",5,"Private Unaided (Recognized)",3,ST,1,0,0,0,0,1,0,0,0,3,3,4,2,0,0,2,0,1,0,1,1,3,1,4,4,1
2019-20,33,Tamilnadu,3328,THOOTHUKKUDI,332809,KAYATHAR,Rural,3,cat3,"HSS (I-XII)",5,"Private Unaided (Recognized)",3,ST,0,0,0,0,0,0,0,0,0,0,0,0,0,0,0,0,1,0,0,0,0,0,0,0,0,0
2019-20,33,Tamilnadu,3328,THOOTHUKKUDI,332810,OTTAPIDARAM,Rural,3,cat3,"HSS (I-XII)",5,"Private Unaided (Recognized)",3,ST,0,0,0,0,0,0,0,0,1,0,0,0,0,0,0,0,0,0,0,0,0,0,0,0,0,0
2019-20,33,Tamilnadu,3328,THOOTHUKKUDI,332811,VILATHIKULAM,Rural,3,cat3,"HSS (I-XII)",5,"Private Unaided (Recognized)",3,ST,1,0,0,0,0,0,0,0,0,3,2,0,0,0,0,0,0,0,0,0,0,0,0,0,0,0
2019-20,33,Tamilnadu,3328,THOOTHUKKUDI,332813,"THOOTHUKUDI RURAL",Rural,3,cat3,"HSS (I-XII)",5,"Private Unaided (Recognized)",3,ST,0,1,1,0,0,0,1,0,5,0,5,3,9,0,1,0,0,0,1,0,5,1,6,2,3,0
2019-20,33,Tamilnadu,3328,THOOTHUKKUDI,332801,"THOOTHUKUDI URBAN",Urban,3,cat3,"HSS (I-XII)",5,"Private Unaided (Recognized)",3,ST,9,2,0,3,4,1,2,2,0,23,39,3,4,10,0,1,3,3,1,1,2,10,29,1,1,2
2019-20,33,Tamilnadu,3328,THOOTHUKKUDI,332803,SRIVAIKUNDAM,Urban,3,cat3,"HSS (I-XII)",5,"Private Unaided (Recognized)",3,ST,2,1,0,1,1,0,0,0,0,0,0,0,0,0,1,0,0,0,0,0,0,0,0,0,0,0
2019-20,33,Tamilnadu,3328,THOOTHUKKUDI,332804,ALWARTHIRUNAGAR,Urban,3,cat3,"HSS (I-XII)",5,"Private Unaided (Recognized)",3,ST,3,1,1,0,2,0,0,0,0,0,2,0,1,0,1,0,1,0,0,0,0,0,1,1,2,1
2019-20,33,Tamilnadu,3328,THOOTHUKKUDI,332805,THIRUCHENTHUR,Urban,3,cat3,"HSS (I-XII)",5,"Private Unaided (Recognized)",3,ST,2,2,1,0,0,0,2,1,1,2,0,5,1,0,0,0,1,0,0,0,0,0,4,1,0,0
2019-20,33,Tamilnadu,3328,THOOTHUKKUDI,332806,UDANGUDI,Urban,3,cat3,"HSS (I-XII)",5,"Private Unaided (Recognized)",3,ST,0,0,0,0,0,0,0,0,0,0,0,0,0,0,0,0,0,0,0,0,0,0,0,0,0,0
2019-20,33,Tamilnadu,3328,THOOTHUKKUDI,332807,SATHANKULAM,Urban,3,cat3,"HSS (I-XII)",5,"Private Unaided (Recognized)",3,ST,0,0,0,0,0,0,0,0,0,0,0,0,0,0,0,0,0,0,0,0,0,0,0,0,0,0
2019-20,33,Tamilnadu,3328,THOOTHUKKUDI,332808,KOVILPATTI,Urban,3,cat3,"HSS (I-XII)",5,"Private Unaided (Recognized)",3,ST,4,1,2,0,2,2,1,0,1,3,0,1,0,0,2,2,4,0,4,0,1,0,0,0,0,0
2019-20,33,Tamilnadu,3328,THOOTHUKKUDI,332809,KAYATHAR,Urban,3,cat3,"HSS (I-XII)",5,"Private Unaided (Recognized)",3,ST,0,0,0,0,0,0,0,0,0,0,0,0,0,0,0,0,0,0,0,0,0,0,0,0,0,0
2019-20,33,Tamilnadu,3328,THOOTHUKKUDI,332811,VILATHIKULAM,Urban,3,cat3,"HSS (I-XII)",5,"Private Unaided (Recognized)",3,ST,0,0,0,0,0,0,0,0,1,0,0,0,0,0,0,0,1,0,0,0,0,0,0,0,1,0
2019-20,33,Tamilnadu,3328,THOOTHUKKUDI,332813,"THOOTHUKUDI RURAL",Urban,3,cat3,"HSS (I-XII)",5,"Private Unaided (Recognized)",3,ST,0,1,0,1,0,1,0,1,0,10,12,14,7,5,1,1,2,3,0,0,1,3,11,6,8,0
2019-20,33,Tamilnadu,3328,THOOTHUKKUDI,332806,UDANGUDI,Rural,10,cat10,"HSS (IX-XII)",4,"Government Aided",3,ST,0,0,0,0,0,0,0,0,0,0,0,0,0,0,0,0,0,0,0,0,0,0,0,0,0,0
2019-20,33,Tamilnadu,3328,THOOTHUKKUDI,332802,KARUNKULAM,Rural,5,cat5,"HSS (VI-XII)",1,"Department of Education",3,ST,0,0,0,0,0,0,0,0,0,0,4,1,0,0,0,0,0,0,0,0,0,0,0,1,0,0
2019-20,33,Tamilnadu,3328,THOOTHUKKUDI,332803,SRIVAIKUNDAM,Rural,5,cat5,"HSS (VI-XII)",1,"Department of Education",3,ST,0,0,0,0,0,0,0,7,0,14,16,9,4,2,0,0,0,0,0,7,0,15,9,2,6,3
2019-20,33,Tamilnadu,3328,THOOTHUKKUDI,332804,ALWARTHIRUNAGAR,Rural,5,cat5,"HSS (VI-XII)",1,"Department of Education",3,ST,0,0,0,0,0,0,0,0,0,0,0,0,0,0,0,0,0,0,0,0,1,0,0,0,0,0
2019-20,33,Tamilnadu,3328,THOOTHUKKUDI,332805,THIRUCHENTHUR,Rural,5,cat5,"HSS (VI-XII)",1,"Department of Education",3,ST,0,0,0,0,0,0,0,0,0,0,0,0,0,0,0,0,0,0,0,1,0,0,0,0,0,5
2019-20,33,Tamilnadu,3328,THOOTHUKKUDI,332807,SATHANKULAM,Rural,5,cat5,"HSS (VI-XII)",1,"Department of Education",3,ST,0,0,0,0,0,0,0,0,0,0,0,0,0,0,0,0,0,0,0,0,0,0,0,0,0,0
2019-20,33,Tamilnadu,3328,THOOTHUKKUDI,332808,KOVILPATTI,Rural,5,cat5,"HSS (VI-XII)",1,"Department of Education",3,ST,0,0,0,0,0,0,0,0,0,0,3,1,0,1,0,0,0,0,0,0,0,0,5,1,0,1
2019-20,33,Tamilnadu,3328,THOOTHUKKUDI,332809,KAYATHAR,Rural,5,cat5,"HSS (VI-XII)",1,"Department of Education",3,ST,0,0,0,0,0,0,0,0,0,0,1,0,0,0,0,0,0,0,0,0,0,0,0,0,0,0
2019-20,33,Tamilnadu,3328,THOOTHUKKUDI,332810,OTTAPIDARAM,Rural,5,cat5,"HSS (VI-XII)",1,"Department of Education",3,ST,0,0,0,0,0,0,0,0,0,0,0,0,0,0,0,0,0,0,0,0,0,0,0,0,0,1
2019-20,33,Tamilnadu,3328,THOOTHUKKUDI,332811,VILATHIKULAM,Rural,5,cat5,"HSS (VI-XII)",1,"Department of Education",3,ST,0,0,0,0,0,0,0,0,0,0,0,0,0,0,0,0,0,0,0,0,0,0,0,0,0,0
2019-20,33,Tamilnadu,3328,THOOTHUKKUDI,332812,PUDUR,Rural,5,cat5,"HSS (VI-XII)",1,"Department of Education",3,ST,0,0,0,0,0,0,0,0,0,0,0,0,0,0,0,0,0,0,0,0,0,0,0,0,0,0
2019-20,33,Tamilnadu,3328,THOOTHUKKUDI,332813,"THOOTHUKUDI RURAL",Rural,5,cat5,"HSS (VI-XII)",1,"Department of Education",3,ST,0,0,0,0,0,0,0,0,0,0,2,0,0,0,0,0,0,0,0,0,0,0,2,0,0,0
2019-20,33,Tamilnadu,3328,THOOTHUKKUDI,332801,"THOOTHUKUDI URBAN",Urban,5,cat5,"HSS (VI-XII)",1,"Department of Education",3,ST,0,0,0,0,0,0,0,0,0,0,0,0,0,0,0,0,0,0,0,0,0,0,0,0,0,0
2019-20,33,Tamilnadu,3328,THOOTHUKKUDI,332803,SRIVAIKUNDAM,Urban,5,cat5,"HSS (VI-XII)",1,"Department of Education",3,ST,0,0,0,0,0,0,0,0,0,0,0,0,0,0,0,0,0,0,0,4,7,4,6,3,1,1
2019-20,33,Tamilnadu,3328,THOOTHUKKUDI,332804,ALWARTHIRUNAGAR,Urban,5,cat5,"HSS (VI-XII)",1,"Department of Education",3,ST,0,0,0,0,0,0,0,0,1,0,0,0,0,0,0,0,0,0,0,0,0,0,0,0,1,0
2019-20,33,Tamilnadu,3328,THOOTHUKKUDI,332805,THIRUCHENTHUR,Urban,5,cat5,"HSS (VI-XII)",1,"Department of Education",3,ST,0,0,0,0,0,0,0,0,0,0,0,0,0,1,0,0,0,0,0,0,0,0,0,0,0,0
2019-20,33,Tamilnadu,3328,THOOTHUKKUDI,332808,KOVILPATTI,Urban,5,cat5,"HSS (VI-XII)",1,"Department of Education",3,ST,0,0,0,0,0,0,0,0,3,6,3,1,0,0,0,0,0,0,0,2,1,8,3,8,5,0
2019-20,33,Tamilnadu,3328,THOOTHUKKUDI,332809,KAYATHAR,Urban,5,cat5,"HSS (VI-XII)",1,"Department of Education",3,ST,0,0,0,0,0,0,0,3,1,4,0,1,1,0,0,0,0,0,0,0,1,1,0,0,0,1
2019-20,33,Tamilnadu,3328,THOOTHUKKUDI,332811,VILATHIKULAM,Urban,5,cat5,"HSS (VI-XII)",1,"Department of Education",3,ST,0,0,0,0,0,0,0,0,0,0,1,0,0,0,0,0,0,0,0,0,0,0,0,0,1,0
2019-20,33,Tamilnadu,3328,THOOTHUKKUDI,332812,PUDUR,Urban,5,cat5,"HSS (VI-XII)",1,"Department of Education",3,ST,0,0,0,0,0,0,0,0,0,0,0,0,0,0,0,0,0,0,0,0,0,0,0,0,0,0
2019-20,33,Tamilnadu,3328,THOOTHUKKUDI,332803,SRIVAIKUNDAM,Rural,5,cat5,"HSS (VI-XII)",4,"Government Aided",3,ST,0,0,0,0,0,0,0,0,0,0,0,0,0,0,0,0,0,0,0,0,0,0,0,0,0,0
2019-20,33,Tamilnadu,3328,THOOTHUKKUDI,332804,ALWARTHIRUNAGAR,Rural,5,cat5,"HSS (VI-XII)",4,"Government Aided",3,ST,0,0,0,0,0,0,0,0,2,0,8,3,1,1,0,0,0,0,0,0,0,4,3,1,5,1
2019-20,33,Tamilnadu,3328,THOOTHUKKUDI,332805,THIRUCHENTHUR,Rural,5,cat5,"HSS (VI-XII)",4,"Government Aided",3,ST,0,0,0,0,0,0,0,0,0,0,0,0,0,0,0,0,0,0,0,0,0,0,0,0,0,0
2019-20,33,Tamilnadu,3328,THOOTHUKKUDI,332806,UDANGUDI,Rural,5,cat5,"HSS (VI-XII)",4,"Government Aided",3,ST,0,0,0,0,0,0,0,2,2,0,0,0,0,0,0,0,0,0,0,1,1,0,0,0,0,0
2019-20,33,Tamilnadu,3328,THOOTHUKKUDI,332807,SATHANKULAM,Rural,5,cat5,"HSS (VI-XII)",4,"Government Aided",3,ST,0,0,0,0,0,0,0,0,0,1,1,0,0,0,0,0,0,0,0,0,0,0,1,0,0,0
2019-20,33,Tamilnadu,3328,THOOTHUKKUDI,332808,KOVILPATTI,Rural,5,cat5,"HSS (VI-XII)",4,"Government Aided",3,ST,0,0,0,0,0,0,0,0,2,2,4,1,1,0,0,0,0,0,0,1,2,0,0,0,3,0
2019-20,33,Tamilnadu,3328,THOOTHUKKUDI,332809,KAYATHAR,Rural,5,cat5,"HSS (VI-XII)",4,"Government Aided",3,ST,0,0,0,0,0,0,0,0,0,0,0,0,0,0,0,0,0,0,0,0,1,0,2,0,1,0
2019-20,33,Tamilnadu,3328,THOOTHUKKUDI,332810,OTTAPIDARAM,Rural,5,cat5,"HSS (VI-XII)",4,"Government Aided",3,ST,0,0,0,0,0,0,0,1,2,5,8,8,5,1,0,0,0,0,0,1,1,1,2,2,4,1
2019-20,33,Tamilnadu,3328,THOOTHUKKUDI,332811,VILATHIKULAM,Rural,5,cat5,"HSS (VI-XII)",4,"Government Aided",3,ST,0,0,0,0,0,0,0,0,0,2,0,0,0,0,0,0,0,0,0,0,0,2,0,0,0,0
2019-20,33,Tamilnadu,3328,THOOTHUKKUDI,332812,PUDUR,Rural,5,cat5,"HSS (VI-XII)",4,"Government Aided",3,ST,0,0,0,0,0,0,0,0,0,0,0,0,0,0,0,0,0,0,0,0,0,1,0,0,0,0
2019-20,33,Tamilnadu,3328,THOOTHUKKUDI,332813,"THOOTHUKUDI RURAL",Rural,5,cat5,"HSS (VI-XII)",4,"Government Aided",3,ST,0,0,0,0,0,0,0,1,2,3,1,0,0,0,0,0,0,0,0,1,0,1,2,1,0,0
2019-20,33,Tamilnadu,3328,THOOTHUKKUDI,332801,"THOOTHUKUDI URBAN",Urban,5,cat5,"HSS (VI-XII)",4,"Government Aided",3,ST,0,0,0,0,0,0,0,1,0,19,10,2,2,5,0,0,0,0,0,2,5,14,15,4,0,1
2019-20,33,Tamilnadu,3328,THOOTHUKKUDI,332803,SRIVAIKUNDAM,Urban,5,cat5,"HSS (VI-XII)",4,"Government Aided",3,ST,0,0,0,0,0,0,0,2,0,6,16,2,1,0,0,0,0,0,0,0,0,0,1,0,0,0
2019-20,33,Tamilnadu,3328,THOOTHUKKUDI,332804,ALWARTHIRUNAGAR,Urban,5,cat5,"HSS (VI-XII)",4,"Government Aided",3,ST,0,0,0,0,0,0,0,0,0,33,10,0,2,0,0,0,0,0,0,1,1,28,9,2,2,3
2019-20,33,Tamilnadu,3328,THOOTHUKKUDI,332805,THIRUCHENTHUR,Urban,5,cat5,"HSS (VI-XII)",4,"Government Aided",3,ST,0,0,0,0,0,0,0,3,0,3,22,0,0,1,0,0,0,0,0,1,2,6,16,0,0,1
2019-20,33,Tamilnadu,3328,THOOTHUKKUDI,332806,UDANGUDI,Urban,5,cat5,"HSS (VI-XII)",4,"Government Aided",3,ST,0,0,0,0,0,0,0,0,0,0,0,0,0,0,0,0,0,0,0,0,0,0,0,0,0,0
2019-20,33,Tamilnadu,3328,THOOTHUKKUDI,332807,SATHANKULAM,Urban,5,cat5,"HSS (VI-XII)",4,"Government Aided",3,ST,0,0,0,0,0,0,0,0,1,0,0,0,0,0,0,0,0,0,0,0,0,0,0,0,0,0
2019-20,33,Tamilnadu,3328,THOOTHUKKUDI,332808,KOVILPATTI,Urban,5,cat5,"HSS (VI-XII)",4,"Government Aided",3,ST,0,0,0,0,0,0,0,5,2,0,3,1,1,4,0,0,0,0,0,2,2,1,3,1,0,0
2019-20,33,Tamilnadu,3328,THOOTHUKKUDI,332809,KAYATHAR,Urban,5,cat5,"HSS (VI-XII)",4,"Government Aided",3,ST,0,0,0,0,0,0,0,0,0,6,13,4,0,2,0,0,0,0,0,0,0,4,8,1,1,0
2019-20,33,Tamilnadu,3328,THOOTHUKKUDI,332813,"THOOTHUKUDI RURAL",Urban,5,cat5,"HSS (VI-XII)",4,"Government Aided",3,ST,0,0,0,0,0,0,0,0,1,1,0,0,0,1,0,0,0,0,0,0,1,2,0,1,0,0
2019-20,33,Tamilnadu,3328,THOOTHUKKUDI,332806,UDANGUDI,Rural,5,cat5,"HSS (VI-XII)",5,"Private Unaided (Recognized)",3,ST,0,0,0,0,0,0,0,0,0,0,0,0,0,1,0,0,0,0,0,0,0,1,0,0,1,1
2019-20,33,Tamilnadu,3328,THOOTHUKKUDI,332813,"THOOTHUKUDI RURAL",Rural,5,cat5,"HSS (VI-XII)",5,"Private Unaided (Recognized)",3,ST,0,0,0,0,0,0,0,0,0,0,0,1,0,2,0,0,0,0,0,0,0,0,0,0,0,1
2019-20,33,Tamilnadu,3328,THOOTHUKKUDI,332811,VILATHIKULAM,Urban,5,cat5,"HSS (VI-XII)",5,"Private Unaided (Recognized)",3,ST,0,0,0,0,0,0,0,0,0,0,0,0,0,0,0,0,0,0,0,0,0,1,0,0,0,1
2019-20,33,Tamilnadu,3328,THOOTHUKKUDI,332805,THIRUCHENTHUR,Urban,11,cat11,"HSS (XI-XII)",5,"Private Unaided (Recognized)",3,ST,0,0,0,0,0,0,0,0,0,0,0,0,2,6,0,0,0,0,0,0,0,0,0,0,5,10
2019-20,33,Tamilnadu,3328,THOOTHUKKUDI,332802,KARUNKULAM,Rural,1,cat1,"PS (I-V)",1,"Department of Education",3,ST,0,0,1,1,0,1,0,0,0,0,0,0,0,0,2,1,0,0,1,0,0,0,0,0,0,0
2019-20,33,Tamilnadu,3328,THOOTHUKKUDI,332803,SRIVAIKUNDAM,Rural,1,cat1,"PS (I-V)",1,"Department of Education",3,ST,0,0,0,0,0,0,1,0,0,0,0,0,0,0,0,0,1,0,3,0,0,0,0,0,0,0
2019-20,33,Tamilnadu,3328,THOOTHUKKUDI,332804,ALWARTHIRUNAGAR,Rural,1,cat1,"PS (I-V)",1,"Department of Education",3,ST,0,0,1,1,0,0,0,0,0,0,0,0,0,0,0,0,0,0,0,0,0,0,0,0,0,0
2019-20,33,Tamilnadu,3328,THOOTHUKKUDI,332805,THIRUCHENTHUR,Rural,1,cat1,"PS (I-V)",1,"Department of Education",3,ST,0,0,0,0,0,0,0,0,0,0,0,0,0,0,0,0,0,0,0,0,0,0,0,0,0,0
2019-20,33,Tamilnadu,3328,THOOTHUKKUDI,332806,UDANGUDI,Rural,1,cat1,"PS (I-V)",1,"Department of Education",3,ST,0,0,1,0,0,1,1,0,0,0,0,0,0,0,0,1,0,0,0,0,0,0,0,0,0,0
2019-20,33,Tamilnadu,3328,THOOTHUKKUDI,332807,SATHANKULAM,Rural,1,cat1,"PS (I-V)",1,"Department of Education",3,ST,0,0,1,0,0,0,0,0,0,0,0,0,0,0,0,0,0,1,0,0,0,0,0,0,0,0
2019-20,33,Tamilnadu,3328,THOOTHUKKUDI,332808,KOVILPATTI,Rural,1,cat1,"PS (I-V)",1,"Department of Education",3,ST,0,0,0,1,0,0,0,0,0,0,0,0,0,0,1,0,0,1,0,0,0,0,0,0,0,0
2019-20,33,Tamilnadu,3328,THOOTHUKKUDI,332809,KAYATHAR,Rural,1,cat1,"PS (I-V)",1,"Department of Education",3,ST,0,0,0,0,0,0,0,0,0,0,0,0,0,0,0,1,0,0,0,0,0,0,0,0,0,0
2019-20,33,Tamilnadu,3328,THOOTHUKKUDI,332810,OTTAPIDARAM,Rural,1,cat1,"PS (I-V)",1,"Department of Education",3,ST,0,0,1,0,0,0,1,0,0,0,0,0,0,0,1,0,1,0,0,0,0,0,0,0,0,0
2019-20,33,Tamilnadu,3328,THOOTHUKKUDI,332811,VILATHIKULAM,Rural,1,cat1,"PS (I-V)",1,"Department of Education",3,ST,0,0,0,0,0,0,0,0,0,0,0,0,0,0,2,0,3,0,0,0,0,0,0,0,0,0
2019-20,33,Tamilnadu,3328,THOOTHUKKUDI,332812,PUDUR,Rural,1,cat1,"PS (I-V)",1,"Department of Education",3,ST,0,0,0,0,0,0,0,0,0,0,0,0,0,0,0,0,0,0,0,0,0,0,0,0,0,0
2019-20,33,Tamilnadu,3328,THOOTHUKKUDI,332813,"THOOTHUKUDI RURAL",Rural,1,cat1,"PS (I-V)",1,"Department of Education",3,ST,0,0,0,2,1,1,1,0,0,0,0,0,0,0,0,0,2,4,1,0,0,0,0,0,0,0
2019-20,33,Tamilnadu,3328,THOOTHUKKUDI,332803,SRIVAIKUNDAM,Urban,1,cat1,"PS (I-V)",1,"Department of Education",3,ST,0,0,1,5,2,3,0,0,0,0,0,0,0,0,5,1,3,2,2,0,0,0,0,0,0,0
2019-20,33,Tamilnadu,3328,THOOTHUKKUDI,332804,ALWARTHIRUNAGAR,Urban,1,cat1,"PS (I-V)",1,"Department of Education",3,ST,0,0,0,0,0,2,0,0,0,0,0,0,0,0,1,1,1,1,2,0,0,0,0,0,0,0
2019-20,33,Tamilnadu,3328,THOOTHUKKUDI,332805,THIRUCHENTHUR,Urban,1,cat1,"PS (I-V)",1,"Department of Education",3,ST,0,0,0,0,0,0,0,0,0,0,0,0,0,0,0,0,0,0,0,0,0,0,0,0,0,0
2019-20,33,Tamilnadu,3328,THOOTHUKKUDI,332806,UDANGUDI,Urban,1,cat1,"PS (I-V)",1,"Department of Education",3,ST,0,0,0,0,0,0,0,0,0,0,0,0,0,0,0,0,0,0,0,0,0,0,0,0,0,0
2019-20,33,Tamilnadu,3328,THOOTHUKKUDI,332807,SATHANKULAM,Urban,1,cat1,"PS (I-V)",1,"Department of Education",3,ST,0,0,0,0,0,0,0,0,0,0,0,0,0,0,0,0,0,0,0,0,0,0,0,0,0,0
2019-20,33,Tamilnadu,3328,THOOTHUKKUDI,332808,KOVILPATTI,Urban,1,cat1,"PS (I-V)",1,"Department of Education",3,ST,0,0,0,0,0,0,0,0,0,0,0,0,0,0,0,0,0,0,0,0,0,0,0,0,0,0
2019-20,33,Tamilnadu,3328,THOOTHUKKUDI,332809,KAYATHAR,Urban,1,cat1,"PS (I-V)",1,"Department of Education",3,ST,0,0,0,0,0,0,0,0,0,0,0,0,0,0,0,0,0,0,0,0,0,0,0,0,0,0
2019-20,33,Tamilnadu,3328,THOOTHUKKUDI,332811,VILATHIKULAM,Urban,1,cat1,"PS (I-V)",1,"Department of Education",3,ST,0,0,0,0,0,0,0,0,0,0,0,0,0,0,0,0,0,0,0,0,0,0,0,0,0,0
2019-20,33,Tamilnadu,3328,THOOTHUKKUDI,332812,PUDUR,Urban,1,cat1,"PS (I-V)",1,"Department of Education",3,ST,0,0,0,0,0,0,0,0,0,0,0,0,0,0,0,0,0,0,0,0,0,0,0,0,0,0
2019-20,33,Tamilnadu,3328,THOOTHUKKUDI,332813,"THOOTHUKUDI RURAL",Urban,1,cat1,"PS (I-V)",1,"Department of Education",3,ST,0,0,0,0,0,0,0,0,0,0,0,0,0,0,0,0,0,0,0,0,0,0,0,0,0,0
2019-20,33,Tamilnadu,3328,THOOTHUKKUDI,332802,KARUNKULAM,Rural,1,cat1,"PS (I-V)",2,"Tribal Welfare Department",3,ST,0,0,0,0,0,0,0,0,0,0,0,0,0,0,0,0,0,0,0,0,0,0,0,0,0,0
2019-20,33,Tamilnadu,3328,THOOTHUKKUDI,332805,THIRUCHENTHUR,Rural,1,cat1,"PS (I-V)",2,"Tribal Welfare Department",3,ST,0,0,0,0,0,0,0,0,0,0,0,0,0,0,0,0,0,0,0,0,0,0,0,0,0,0
2019-20,33,Tamilnadu,3328,THOOTHUKKUDI,332808,KOVILPATTI,Rural,1,cat1,"PS (I-V)",2,"Tribal Welfare Department",3,ST,0,0,0,0,0,0,0,0,0,0,0,0,0,0,0,0,0,0,0,0,0,0,0,0,0,0
2019-20,33,Tamilnadu,3328,THOOTHUKKUDI,332809,KAYATHAR,Rural,1,cat1,"PS (I-V)",2,"Tribal Welfare Department",3,ST,0,0,0,0,0,0,0,0,0,0,0,0,0,0,0,0,0,0,0,0,0,0,0,0,0,0
2019-20,33,Tamilnadu,3328,THOOTHUKKUDI,332810,OTTAPIDARAM,Rural,1,cat1,"PS (I-V)",2,"Tribal Welfare Department",3,ST,0,0,0,0,0,0,0,0,0,0,0,0,0,0,0,0,0,0,0,0,0,0,0,0,0,0
2019-20,33,Tamilnadu,3328,THOOTHUKKUDI,332811,VILATHIKULAM,Rural,1,cat1,"PS (I-V)",2,"Tribal Welfare Department",3,ST,0,0,0,0,0,0,0,0,0,0,0,0,0,0,0,0,0,0,0,0,0,0,0,0,0,0
2019-20,33,Tamilnadu,3328,THOOTHUKKUDI,332813,"THOOTHUKUDI RURAL",Rural,1,cat1,"PS (I-V)",2,"Tribal Welfare Department",3,ST,0,0,0,0,0,0,0,0,0,0,0,0,0,0,0,0,0,0,0,0,0,0,0,0,0,0
2019-20,33,Tamilnadu,3328,THOOTHUKKUDI,332803,SRIVAIKUNDAM,Urban,1,cat1,"PS (I-V)",2,"Tribal Welfare Department",3,ST,0,0,0,0,0,0,0,0,0,0,0,0,0,0,0,0,0,0,0,0,0,0,0,0,0,0
2019-20,33,Tamilnadu,3328,THOOTHUKKUDI,332801,"THOOTHUKUDI URBAN",Urban,1,cat1,"PS (I-V)",3,"Local body",3,ST,0,0,0,1,0,0,0,0,0,0,0,0,0,0,0,0,0,0,0,0,0,0,0,0,0,0
2019-20,33,Tamilnadu,3328,THOOTHUKKUDI,332808,KOVILPATTI,Urban,1,cat1,"PS (I-V)",3,"Local body",3,ST,0,0,0,1,0,0,0,0,0,0,0,0,0,0,0,1,0,0,0,0,0,0,0,0,0,0
2019-20,33,Tamilnadu,3328,THOOTHUKKUDI,332802,KARUNKULAM,Rural,1,cat1,"PS (I-V)",4,"Government Aided",3,ST,0,0,2,0,0,0,2,0,0,0,0,0,0,0,0,1,1,0,0,0,0,0,0,0,0,0
2019-20,33,Tamilnadu,3328,THOOTHUKKUDI,332803,SRIVAIKUNDAM,Rural,1,cat1,"PS (I-V)",4,"Government Aided",3,ST,0,0,4,7,5,7,10,0,0,0,0,0,0,0,8,7,7,7,5,0,0,0,0,0,0,0
2019-20,33,Tamilnadu,3328,THOOTHUKKUDI,332804,ALWARTHIRUNAGAR,Rural,1,cat1,"PS (I-V)",4,"Government Aided",3,ST,0,0,0,1,2,2,1,0,0,0,0,0,0,0,0,0,2,1,2,0,0,0,0,0,0,0
2019-20,33,Tamilnadu,3328,THOOTHUKKUDI,332805,THIRUCHENTHUR,Rural,1,cat1,"PS (I-V)",4,"Government Aided",3,ST,0,0,0,1,3,2,0,0,0,0,0,0,0,0,0,0,0,0,2,0,0,0,0,0,0,0
2019-20,33,Tamilnadu,3328,THOOTHUKKUDI,332806,UDANGUDI,Rural,1,cat1,"PS (I-V)",4,"Government Aided",3,ST,0,0,0,0,0,1,0,0,0,0,0,0,0,0,1,1,0,0,0,0,0,0,0,0,0,0
2019-20,33,Tamilnadu,3328,THOOTHUKKUDI,332807,SATHANKULAM,Rural,1,cat1,"PS (I-V)",4,"Government Aided",3,ST,0,0,1,0,0,0,1,0,0,0,0,0,0,0,0,1,1,1,0,0,0,0,0,0,0,0
2019-20,33,Tamilnadu,3328,THOOTHUKKUDI,332808,KOVILPATTI,Rural,1,cat1,"PS (I-V)",4,"Government Aided",3,ST,0,0,1,0,0,0,3,0,0,0,0,0,0,0,1,0,2,0,0,0,0,0,0,0,0,0
2019-20,33,Tamilnadu,3328,THOOTHUKKUDI,332809,KAYATHAR,Rural,1,cat1,"PS (I-V)",4,"Government Aided",3,ST,0,0,1,0,0,1,0,0,0,0,0,0,0,0,0,0,0,0,0,0,0,0,0,0,0,0
2019-20,33,Tamilnadu,3328,THOOTHUKKUDI,332810,OTTAPIDARAM,Rural,1,cat1,"PS (I-V)",4,"Government Aided",3,ST,0,0,3,3,7,3,6,0,0,0,0,0,0,0,3,1,6,4,4,0,0,0,0,0,0,0
2019-20,33,Tamilnadu,3328,THOOTHUKKUDI,332811,VILATHIKULAM,Rural,1,cat1,"PS (I-V)",4,"Government Aided",3,ST,0,0,0,0,0,0,0,0,0,0,0,0,0,0,0,0,0,0,0,0,0,0,0,0,0,0
2019-20,33,Tamilnadu,3328,THOOTHUKKUDI,332812,PUDUR,Rural,1,cat1,"PS (I-V)",4,"Government Aided",3,ST,0,0,1,0,0,0,0,0,0,0,0,0,0,0,1,0,0,0,0,0,0,0,0,0,0,0
2019-20,33,Tamilnadu,3328,THOOTHUKKUDI,332813,"THOOTHUKUDI RURAL",Rural,1,cat1,"PS (I-V)",4,"Government Aided",3,ST,0,0,3,0,1,2,3,0,0,0,0,0,0,0,3,0,2,3,2,0,0,0,0,0,0,0
2019-20,33,Tamilnadu,3328,THOOTHUKKUDI,332801,"THOOTHUKUDI URBAN",Urban,1,cat1,"PS (I-V)",4,"Government Aided",3,ST,0,0,0,2,1,0,1,0,0,0,0,0,0,0,0,0,0,1,1,0,0,0,0,0,0,0
2019-20,33,Tamilnadu,3328,THOOTHUKKUDI,332803,SRIVAIKUNDAM,Urban,1,cat1,"PS (I-V)",4,"Government Aided",3,ST,0,0,1,1,3,3,3,0,0,0,0,0,0,0,5,1,1,1,2,0,0,0,0,0,0,0
2019-20,33,Tamilnadu,3328,THOOTHUKKUDI,332804,ALWARTHIRUNAGAR,Urban,1,cat1,"PS (I-V)",4,"Government Aided",3,ST,0,0,1,7,4,5,10,0,0,0,0,0,0,0,5,2,7,8,3,0,0,0,0,0,0,0
2019-20,33,Tamilnadu,3328,THOOTHUKKUDI,332805,THIRUCHENTHUR,Urban,1,cat1,"PS (I-V)",4,"Government Aided",3,ST,0,0,5,4,4,3,3,0,0,0,0,0,0,0,3,2,2,6,2,0,0,0,0,0,0,0
2019-20,33,Tamilnadu,3328,THOOTHUKKUDI,332806,UDANGUDI,Urban,1,cat1,"PS (I-V)",4,"Government Aided",3,ST,0,0,0,0,0,0,0,0,0,0,0,0,0,0,0,0,0,0,0,0,0,0,0,0,0,0
2019-20,33,Tamilnadu,3328,THOOTHUKKUDI,332807,SATHANKULAM,Urban,1,cat1,"PS (I-V)",4,"Government Aided",3,ST,0,0,2,1,1,0,0,0,0,0,0,0,0,0,0,1,1,0,1,0,0,0,0,0,0,0
2019-20,33,Tamilnadu,3328,THOOTHUKKUDI,332808,KOVILPATTI,Urban,1,cat1,"PS (I-V)",4,"Government Aided",3,ST,1,2,2,7,5,5,4,0,0,0,0,0,0,0,8,2,1,3,2,0,0,0,0,0,0,0
2019-20,33,Tamilnadu,3328,THOOTHUKKUDI,332809,KAYATHAR,Urban,1,cat1,"PS (I-V)",4,"Government Aided",3,ST,0,0,2,0,0,1,1,0,0,0,0,0,0,0,0,0,0,1,0,0,0,0,0,0,0,0
2019-20,33,Tamilnadu,3328,THOOTHUKKUDI,332811,VILATHIKULAM,Urban,1,cat1,"PS (I-V)",4,"Government Aided",3,ST,0,0,0,0,0,0,0,0,0,0,0,0,0,0,0,0,0,0,0,0,0,0,0,0,0,0
2019-20,33,Tamilnadu,3328,THOOTHUKKUDI,332812,PUDUR,Urban,1,cat1,"PS (I-V)",4,"Government Aided",3,ST,0,0,0,0,0,0,0,0,0,0,0,0,0,0,0,0,0,0,0,0,0,0,0,0,0,0
2019-20,33,Tamilnadu,3328,THOOTHUKKUDI,332813,"THOOTHUKUDI RURAL",Urban,1,cat1,"PS (I-V)",4,"Government Aided",3,ST,0,0,0,1,0,0,0,0,0,0,0,0,0,0,0,0,0,1,0,0,0,0,0,0,0,0
2019-20,33,Tamilnadu,3328,THOOTHUKKUDI,332802,KARUNKULAM,Rural,1,cat1,"PS (I-V)",5,"Private Unaided (Recognized)",3,ST,0,1,0,0,0,0,0,0,0,0,0,0,0,0,0,0,0,0,0,0,0,0,0,0,0,0
2019-20,33,Tamilnadu,3328,THOOTHUKKUDI,332803,SRIVAIKUNDAM,Rural,1,cat1,"PS (I-V)",5,"Private Unaided (Recognized)",3,ST,6,3,6,0,0,0,1,0,0,0,0,0,0,0,1,0,1,0,0,0,0,0,0,0,0,0
2019-20,33,Tamilnadu,3328,THOOTHUKKUDI,332804,ALWARTHIRUNAGAR,Rural,1,cat1,"PS (I-V)",5,"Private Unaided (Recognized)",3,ST,0,0,0,0,0,0,0,0,0,0,0,0,0,0,0,0,0,0,0,0,0,0,0,0,0,0
2019-20,33,Tamilnadu,3328,THOOTHUKKUDI,332805,THIRUCHENTHUR,Rural,1,cat1,"PS (I-V)",5,"Private Unaided (Recognized)",3,ST,0,0,0,0,0,0,0,0,0,0,0,0,0,0,0,0,0,0,0,0,0,0,0,0,0,0
2019-20,33,Tamilnadu,3328,THOOTHUKKUDI,332806,UDANGUDI,Rural,1,cat1,"PS (I-V)",5,"Private Unaided (Recognized)",3,ST,0,1,0,0,0,0,0,0,0,0,0,0,0,0,0,0,0,0,0,0,0,0,0,0,0,0
2019-20,33,Tamilnadu,3328,THOOTHUKKUDI,332807,SATHANKULAM,Rural,1,cat1,"PS (I-V)",5,"Private Unaided (Recognized)",3,ST,0,0,0,0,0,0,0,0,0,0,0,0,0,0,0,0,0,0,0,0,0,0,0,0,0,0
2019-20,33,Tamilnadu,3328,THOOTHUKKUDI,332808,KOVILPATTI,Rural,1,cat1,"PS (I-V)",5,"Private Unaided (Recognized)",3,ST,1,2,1,0,1,0,0,0,0,0,0,0,0,0,0,1,0,0,0,0,0,0,0,0,0,0
2019-20,33,Tamilnadu,3328,THOOTHUKKUDI,332809,KAYATHAR,Rural,1,cat1,"PS (I-V)",5,"Private Unaided (Recognized)",3,ST,0,0,0,0,0,0,0,0,0,0,0,0,0,0,0,0,0,0,0,0,0,0,0,0,0,0
2019-20,33,Tamilnadu,3328,THOOTHUKKUDI,332810,OTTAPIDARAM,Rural,1,cat1,"PS (I-V)",5,"Private Unaided (Recognized)",3,ST,2,0,0,1,1,0,0,0,0,0,0,0,0,0,0,0,0,0,0,0,0,0,0,0,0,0
2019-20,33,Tamilnadu,3328,THOOTHUKKUDI,332811,VILATHIKULAM,Rural,1,cat1,"PS (I-V)",5,"Private Unaided (Recognized)",3,ST,0,0,0,0,0,0,0,0,0,0,0,0,0,0,0,0,0,0,0,0,0,0,0,0,0,0
2019-20,33,Tamilnadu,3328,THOOTHUKKUDI,332812,PUDUR,Rural,1,cat1,"PS (I-V)",5,"Private Unaided (Recognized)",3,ST,0,0,0,0,0,0,0,0,0,0,0,0,0,0,0,0,0,0,0,0,0,0,0,0,0,0
2019-20,33,Tamilnadu,3328,THOOTHUKKUDI,332813,"THOOTHUKUDI RURAL",Rural,1,cat1,"PS (I-V)",5,"Private Unaided (Recognized)",3,ST,2,3,3,0,0,1,1,0,0,0,0,0,0,0,1,0,0,1,0,0,0,0,0,0,0,0
2019-20,33,Tamilnadu,3328,THOOTHUKKUDI,332801,"THOOTHUKUDI URBAN",Urban,1,cat1,"PS (I-V)",5,"Private Unaided (Recognized)",3,ST,2,1,2,1,1,1,4,0,0,0,0,0,0,0,1,0,0,1,1,0,0,0,0,0,0,0
2019-20,33,Tamilnadu,3328,THOOTHUKKUDI,332803,SRIVAIKUNDAM,Urban,1,cat1,"PS (I-V)",5,"Private Unaided (Recognized)",3,ST,1,2,0,1,0,0,0,0,0,0,0,0,0,0,0,0,0,0,0,0,0,0,0,0,0,0
2019-20,33,Tamilnadu,3328,THOOTHUKKUDI,332804,ALWARTHIRUNAGAR,Urban,1,cat1,"PS (I-V)",5,"Private Unaided (Recognized)",3,ST,1,1,1,0,0,0,1,0,0,0,0,0,0,0,0,1,0,0,0,0,0,0,0,0,0,0
2019-20,33,Tamilnadu,3328,THOOTHUKKUDI,332805,THIRUCHENTHUR,Urban,1,cat1,"PS (I-V)",5,"Private Unaided (Recognized)",3,ST,0,0,0,0,0,0,0,0,0,0,0,0,0,0,0,0,0,0,0,0,0,0,0,0,0,0
2019-20,33,Tamilnadu,3328,THOOTHUKKUDI,332806,UDANGUDI,Urban,1,cat1,"PS (I-V)",5,"Private Unaided (Recognized)",3,ST,0,0,0,0,0,0,0,0,0,0,0,0,0,0,0,0,0,0,0,0,0,0,0,0,0,0
2019-20,33,Tamilnadu,3328,THOOTHUKKUDI,332807,SATHANKULAM,Urban,1,cat1,"PS (I-V)",5,"Private Unaided (Recognized)",3,ST,0,0,0,0,0,0,0,0,0,0,0,0,0,0,0,0,0,0,0,0,0,0,0,0,0,0
2019-20,33,Tamilnadu,3328,THOOTHUKKUDI,332808,KOVILPATTI,Urban,1,cat1,"PS (I-V)",5,"Private Unaided (Recognized)",3,ST,2,1,0,0,2,0,0,0,0,0,0,0,0,0,1,0,0,0,0,0,0,0,0,0,0,0
2019-20,33,Tamilnadu,3328,THOOTHUKKUDI,332809,KAYATHAR,Urban,1,cat1,"PS (I-V)",5,"Private Unaided (Recognized)",3,ST,0,1,0,0,0,1,1,0,0,0,0,0,0,0,0,0,0,0,1,0,0,0,0,0,0,0
2019-20,33,Tamilnadu,3328,THOOTHUKKUDI,332811,VILATHIKULAM,Urban,1,cat1,"PS (I-V)",5,"Private Unaided (Recognized)",3,ST,0,0,0,0,0,0,0,0,0,0,0,0,0,0,0,0,0,0,0,0,0,0,0,0,0,0
2019-20,33,Tamilnadu,3328,THOOTHUKKUDI,332812,PUDUR,Urban,1,cat1,"PS (I-V)",5,"Private Unaided (Recognized)",3,ST,0,0,0,0,0,0,0,0,0,0,0,0,0,0,0,0,0,0,0,0,0,0,0,0,0,0
2019-20,33,Tamilnadu,3328,THOOTHUKKUDI,332813,"THOOTHUKUDI RURAL",Urban,1,cat1,"PS (I-V)",5,"Private Unaided (Recognized)",3,ST,3,0,2,0,0,0,1,0,0,0,0,0,0,0,0,2,0,0,0,0,0,0,0,0,0,0
2019-20,33,Tamilnadu,3328,THOOTHUKKUDI,332803,SRIVAIKUNDAM,Rural,1,cat1,"PS (I-V)",8,Unrecognized,3,ST,1,3,0,0,0,0,0,0,0,0,0,0,0,0,0,1,0,0,0,0,0,0,0,0,0,0
2019-20,33,Tamilnadu,3328,THOOTHUKKUDI,332808,KOVILPATTI,Rural,1,cat1,"PS (I-V)",8,Unrecognized,3,ST,0,0,0,0,0,0,0,0,0,0,0,0,0,0,0,0,0,0,0,0,0,0,0,0,0,0
2019-20,33,Tamilnadu,3328,THOOTHUKKUDI,332809,KAYATHAR,Rural,1,cat1,"PS (I-V)",8,Unrecognized,3,ST,0,0,0,0,0,0,0,0,0,0,0,0,0,0,0,0,0,0,0,0,0,0,0,0,0,0
2019-20,33,Tamilnadu,3328,THOOTHUKKUDI,332810,OTTAPIDARAM,Rural,1,cat1,"PS (I-V)",8,Unrecognized,3,ST,0,0,0,0,0,0,0,0,0,0,0,0,0,0,0,0,0,0,0,0,0,0,0,0,0,0
2019-20,33,Tamilnadu,3328,THOOTHUKKUDI,332813,"THOOTHUKUDI RURAL",Rural,1,cat1,"PS (I-V)",8,Unrecognized,3,ST,0,0,0,0,0,0,0,0,0,0,0,0,0,0,0,0,0,0,0,0,0,0,0,0,0,0
2019-20,33,Tamilnadu,3328,THOOTHUKKUDI,332801,"THOOTHUKUDI URBAN",Urban,1,cat1,"PS (I-V)",8,Unrecognized,3,ST,1,0,0,0,0,0,0,0,0,0,0,0,0,0,0,0,0,0,0,0,0,0,0,0,0,0
2019-20,33,Tamilnadu,3328,THOOTHUKKUDI,332805,THIRUCHENTHUR,Urban,1,cat1,"PS (I-V)",8,Unrecognized,3,ST,0,0,0,0,0,0,0,0,0,0,0,0,0,0,0,0,0,0,0,0,0,0,0,0,0,0
2019-20,33,Tamilnadu,3328,THOOTHUKKUDI,332808,KOVILPATTI,Urban,1,cat1,"PS (I-V)",8,Unrecognized,3,ST,0,0,0,0,0,0,0,0,0,0,0,0,0,0,0,0,0,0,0,0,0,0,0,0,0,0
2019-20,33,Tamilnadu,3328,THOOTHUKKUDI,332809,KAYATHAR,Urban,1,cat1,"PS (I-V)",8,Unrecognized,3,ST,0,0,0,0,0,0,0,0,0,0,0,0,0,0,0,0,0,0,0,0,0,0,0,0,0,0
2019-20,33,Tamilnadu,3328,THOOTHUKKUDI,332803,SRIVAIKUNDAM,Rural,1,cat1,"PS (I-V)",101,"Other Central Govt. Schools",3,ST,0,0,2,0,0,0,2,0,0,0,0,0,0,0,0,1,0,0,0,0,0,0,0,0,0,0
2019-20,33,Tamilnadu,3328,THOOTHUKKUDI,332810,OTTAPIDARAM,Rural,6,cat6,"SS (I-X)",1,"Department of Education",3,ST,0,0,0,0,0,0,0,0,0,0,0,0,0,0,0,0,0,0,0,0,0,0,0,0,0,0
2019-20,33,Tamilnadu,3328,THOOTHUKKUDI,332802,KARUNKULAM,Rural,6,cat6,"SS (I-X)",5,"Private Unaided (Recognized)",3,ST,0,0,0,0,0,0,0,0,0,2,1,0,0,0,0,0,0,0,0,0,0,1,0,0,0,0
2019-20,33,Tamilnadu,3328,THOOTHUKKUDI,332803,SRIVAIKUNDAM,Rural,6,cat6,"SS (I-X)",5,"Private Unaided (Recognized)",3,ST,2,1,0,1,1,2,1,0,1,0,4,1,0,0,0,0,0,1,0,0,0,0,0,0,0,0
2019-20,33,Tamilnadu,3328,THOOTHUKKUDI,332805,THIRUCHENTHUR,Rural,6,cat6,"SS (I-X)",5,"Private Unaided (Recognized)",3,ST,0,0,0,0,0,0,0,0,0,1,0,0,0,0,0,0,0,0,0,0,0,0,0,0,0,0
2019-20,33,Tamilnadu,3328,THOOTHUKKUDI,332807,SATHANKULAM,Rural,6,cat6,"SS (I-X)",5,"Private Unaided (Recognized)",3,ST,0,1,0,0,0,0,0,0,0,0,0,0,0,0,0,0,0,0,0,0,0,0,0,0,0,0
2019-20,33,Tamilnadu,3328,THOOTHUKKUDI,332808,KOVILPATTI,Rural,6,cat6,"SS (I-X)",5,"Private Unaided (Recognized)",3,ST,0,0,1,0,0,0,0,2,0,2,1,0,0,0,1,0,0,0,0,0,1,0,0,0,0,0
2019-20,33,Tamilnadu,3328,THOOTHUKKUDI,332809,KAYATHAR,Rural,6,cat6,"SS (I-X)",5,"Private Unaided (Recognized)",3,ST,0,0,0,0,0,1,0,1,0,0,0,0,0,0,0,0,0,0,0,0,0,2,0,0,0,0
2019-20,33,Tamilnadu,3328,THOOTHUKKUDI,332810,OTTAPIDARAM,Rural,6,cat6,"SS (I-X)",5,"Private Unaided (Recognized)",3,ST,0,0,0,0,0,0,0,0,1,1,1,0,0,0,0,0,0,0,1,0,0,0,0,0,0,0
2019-20,33,Tamilnadu,3328,THOOTHUKKUDI,332811,VILATHIKULAM,Rural,6,cat6,"SS (I-X)",5,"Private Unaided (Recognized)",3,ST,1,0,0,0,0,0,0,0,0,0,0,0,0,0,0,0,0,0,0,0,0,0,0,0,0,0
2019-20,33,Tamilnadu,3328,THOOTHUKKUDI,332812,PUDUR,Rural,6,cat6,"SS (I-X)",5,"Private Unaided (Recognized)",3,ST,0,0,0,0,0,0,0,0,0,0,0,0,0,0,0,0,0,0,0,0,0,0,0,0,0,0
2019-20,33,Tamilnadu,3328,THOOTHUKKUDI,332813,"THOOTHUKUDI RURAL",Rural,6,cat6,"SS (I-X)",5,"Private Unaided (Recognized)",3,ST,2,5,2,1,0,1,0,1,1,3,1,0,0,0,2,0,1,0,2,1,0,0,0,1,0,0
2019-20,33,Tamilnadu,3328,THOOTHUKKUDI,332801,"THOOTHUKUDI URBAN",Urban,6,cat6,"SS (I-X)",5,"Private Unaided (Recognized)",3,ST,0,2,1,0,0,2,0,1,0,2,2,0,0,0,0,0,0,0,0,0,0,0,0,0,0,0
2019-20,33,Tamilnadu,3328,THOOTHUKKUDI,332803,SRIVAIKUNDAM,Urban,6,cat6,"SS (I-X)",5,"Private Unaided (Recognized)",3,ST,0,0,0,0,0,0,0,0,0,1,0,0,0,0,0,0,0,0,0,0,0,0,0,0,0,0
2019-20,33,Tamilnadu,3328,THOOTHUKKUDI,332805,THIRUCHENTHUR,Urban,6,cat6,"SS (I-X)",5,"Private Unaided (Recognized)",3,ST,0,0,0,0,0,0,0,0,0,0,0,0,0,0,0,0,0,0,0,0,0,0,0,0,0,0
2019-20,33,Tamilnadu,3328,THOOTHUKKUDI,332808,KOVILPATTI,Urban,6,cat6,"SS (I-X)",5,"Private Unaided (Recognized)",3,ST,2,0,0,1,0,0,0,1,2,0,0,1,0,0,0,2,2,0,1,0,1,0,0,0,0,0
2019-20,33,Tamilnadu,3328,THOOTHUKKUDI,332809,KAYATHAR,Urban,6,cat6,"SS (I-X)",5,"Private Unaided (Recognized)",3,ST,0,0,0,0,0,0,0,1,0,0,0,0,0,0,0,0,0,0,0,0,1,0,0,0,0,0
2019-20,33,Tamilnadu,3328,THOOTHUKKUDI,332811,VILATHIKULAM,Urban,6,cat6,"SS (I-X)",5,"Private Unaided (Recognized)",3,ST,0,0,0,0,0,0,0,0,0,1,0,0,0,0,0,0,0,1,0,0,0,0,0,0,0,0
2019-20,33,Tamilnadu,3328,THOOTHUKKUDI,332802,KARUNKULAM,Rural,7,cat7,"SS (VI-X)",1,"Department of Education",3,ST,0,0,0,0,0,0,0,0,0,1,0,0,0,0,0,0,0,0,0,0,0,0,0,0,0,0
2019-20,33,Tamilnadu,3328,THOOTHUKKUDI,332803,SRIVAIKUNDAM,Rural,7,cat7,"SS (VI-X)",1,"Department of Education",3,ST,0,0,0,0,0,0,0,0,0,0,0,0,0,0,0,0,0,0,0,0,0,0,0,0,0,0
2019-20,33,Tamilnadu,3328,THOOTHUKKUDI,332805,THIRUCHENTHUR,Rural,7,cat7,"SS (VI-X)",1,"Department of Education",3,ST,0,0,0,0,0,0,0,0,0,0,0,0,0,0,0,0,0,0,0,0,0,0,0,0,0,0
2019-20,33,Tamilnadu,3328,THOOTHUKKUDI,332806,UDANGUDI,Rural,7,cat7,"SS (VI-X)",1,"Department of Education",3,ST,0,0,0,0,0,0,0,0,0,0,0,0,0,0,0,0,0,0,0,0,0,0,0,0,0,0
2019-20,33,Tamilnadu,3328,THOOTHUKKUDI,332807,SATHANKULAM,Rural,7,cat7,"SS (VI-X)",1,"Department of Education",3,ST,0,0,0,0,0,0,0,0,0,0,0,0,0,0,0,0,0,0,0,0,0,0,0,0,0,0
2019-20,33,Tamilnadu,3328,THOOTHUKKUDI,332808,KOVILPATTI,Rural,7,cat7,"SS (VI-X)",1,"Department of Education",3,ST,0,0,0,0,0,0,0,0,0,0,0,0,0,0,0,0,0,0,0,0,0,0,0,0,0,0
2019-20,33,Tamilnadu,3328,THOOTHUKKUDI,332809,KAYATHAR,Rural,7,cat7,"SS (VI-X)",1,"Department of Education",3,ST,0,0,0,0,0,0,0,0,0,0,0,0,0,0,0,0,0,0,0,0,0,0,0,0,0,0
2019-20,33,Tamilnadu,3328,THOOTHUKKUDI,332810,OTTAPIDARAM,Rural,7,cat7,"SS (VI-X)",1,"Department of Education",3,ST,0,0,0,0,0,0,0,1,0,1,0,1,0,0,0,0,0,0,0,0,0,0,0,0,0,0
2019-20,33,Tamilnadu,3328,THOOTHUKKUDI,332811,VILATHIKULAM,Rural,7,cat7,"SS (VI-X)",1,"Department of Education",3,ST,0,0,0,0,0,0,0,0,0,0,0,0,0,0,0,0,0,0,0,1,0,1,0,0,0,0
2019-20,33,Tamilnadu,3328,THOOTHUKKUDI,332812,PUDUR,Rural,7,cat7,"SS (VI-X)",1,"Department of Education",3,ST,0,0,0,0,0,0,0,0,0,0,0,0,0,0,0,0,0,0,0,0,0,0,0,0,0,0
2019-20,33,Tamilnadu,3328,THOOTHUKKUDI,332813,"THOOTHUKUDI RURAL",Rural,7,cat7,"SS (VI-X)",1,"Department of Education",3,ST,0,0,0,0,0,0,0,0,0,0,0,0,0,0,0,0,0,0,0,0,0,0,0,0,0,0
2019-20,33,Tamilnadu,3328,THOOTHUKKUDI,332808,KOVILPATTI,Urban,7,cat7,"SS (VI-X)",1,"Department of Education",3,ST,0,0,0,0,0,0,0,0,0,0,0,0,0,0,0,0,0,0,0,0,0,0,0,0,0,0
2019-20,33,Tamilnadu,3328,THOOTHUKKUDI,332809,KAYATHAR,Rural,7,cat7,"SS (VI-X)",2,"Tribal Welfare Department",3,ST,0,0,0,0,0,0,0,0,0,0,0,0,0,0,0,0,0,0,0,0,0,0,0,0,0,0
2019-20,33,Tamilnadu,3328,THOOTHUKKUDI,332803,SRIVAIKUNDAM,Rural,7,cat7,"SS (VI-X)",4,"Government Aided",3,ST,0,0,0,0,0,0,0,0,0,3,3,0,0,0,0,0,0,0,0,0,0,2,2,0,0,0
2019-20,33,Tamilnadu,3328,THOOTHUKKUDI,332804,ALWARTHIRUNAGAR,Rural,7,cat7,"SS (VI-X)",4,"Government Aided",3,ST,0,0,0,0,0,0,0,0,0,0,0,0,0,0,0,0,0,0,0,0,0,0,0,0,0,0
2019-20,33,Tamilnadu,3328,THOOTHUKKUDI,332805,THIRUCHENTHUR,Rural,7,cat7,"SS (VI-X)",4,"Government Aided",3,ST,0,0,0,0,0,0,0,0,0,0,0,0,0,0,0,0,0,0,0,1,0,0,0,0,0,0
2019-20,33,Tamilnadu,3328,THOOTHUKKUDI,332806,UDANGUDI,Rural,7,cat7,"SS (VI-X)",4,"Government Aided",3,ST,0,0,0,0,0,0,0,1,0,0,0,0,0,0,0,0,0,0,0,1,0,0,0,0,0,0
2019-20,33,Tamilnadu,3328,THOOTHUKKUDI,332807,SATHANKULAM,Rural,7,cat7,"SS (VI-X)",4,"Government Aided",3,ST,0,0,0,0,0,0,0,1,0,0,0,0,0,0,0,0,0,0,0,0,0,0,1,0,0,0
2019-20,33,Tamilnadu,3328,THOOTHUKKUDI,332808,KOVILPATTI,Rural,7,cat7,"SS (VI-X)",4,"Government Aided",3,ST,0,0,0,0,0,0,0,0,0,0,0,0,0,0,0,0,0,0,0,0,0,0,0,0,0,0
2019-20,33,Tamilnadu,3328,THOOTHUKKUDI,332809,KAYATHAR,Rural,7,cat7,"SS (VI-X)",4,"Government Aided",3,ST,0,0,0,0,0,0,0,0,0,4,2,0,0,0,0,0,0,0,0,0,0,5,0,1,0,0
2019-20,33,Tamilnadu,3328,THOOTHUKKUDI,332810,OTTAPIDARAM,Rural,7,cat7,"SS (VI-X)",4,"Government Aided",3,ST,0,0,0,0,0,0,0,5,19,14,3,0,0,0,0,0,0,0,0,5,6,10,2,0,0,0
2019-20,33,Tamilnadu,3328,THOOTHUKKUDI,332811,VILATHIKULAM,Rural,7,cat7,"SS (VI-X)",4,"Government Aided",3,ST,0,0,0,0,0,0,0,0,0,1,0,0,0,0,0,0,0,0,0,0,0,2,0,0,0,0
2019-20,33,Tamilnadu,3328,THOOTHUKKUDI,332812,PUDUR,Rural,7,cat7,"SS (VI-X)",4,"Government Aided",3,ST,0,0,0,0,0,0,0,0,0,0,0,0,0,0,0,0,0,0,0,0,0,0,0,0,0,0
2019-20,33,Tamilnadu,3328,THOOTHUKKUDI,332813,"THOOTHUKUDI RURAL",Rural,7,cat7,"SS (VI-X)",4,"Government Aided",3,ST,0,0,0,0,0,0,0,0,1,2,3,0,0,0,0,0,0,0,0,1,1,1,4,0,0,0
2019-20,33,Tamilnadu,3328,THOOTHUKKUDI,332801,"THOOTHUKUDI URBAN",Urban,7,cat7,"SS (VI-X)",4,"Government Aided",3,ST,0,0,0,0,0,0,0,0,0,0,0,0,0,0,0,0,0,0,0,0,0,0,0,0,0,0
2019-20,33,Tamilnadu,3328,THOOTHUKKUDI,332805,THIRUCHENTHUR,Urban,7,cat7,"SS (VI-X)",4,"Government Aided",3,ST,0,0,0,0,0,0,0,2,2,0,1,0,0,0,0,0,0,0,0,0,0,0,3,0,0,0
2019-20,33,Tamilnadu,3328,THOOTHUKKUDI,332808,KOVILPATTI,Urban,7,cat7,"SS (VI-X)",4,"Government Aided",3,ST,0,0,0,0,0,0,0,1,2,1,1,0,0,0,0,0,0,0,0,2,0,2,1,0,0,0
2019-20,33,Tamilnadu,3328,THOOTHUKKUDI,332812,PUDUR,Urban,7,cat7,"SS (VI-X)",4,"Government Aided",3,ST,0,0,0,0,0,0,0,0,0,1,0,0,0,0,0,0,0,0,0,0,0,1,1,0,0,0
2019-20,33,Tamilnadu,3328,THOOTHUKKUDI,332813,"THOOTHUKUDI RURAL",Urban,7,cat7,"SS (VI-X)",4,"Government Aided",3,ST,0,0,0,0,0,0,0,0,0,0,0,0,0,0,0,0,0,0,0,0,0,0,0,0,0,0
2019-20,33,Tamilnadu,3328,THOOTHUKKUDI,332804,ALWARTHIRUNAGAR,Rural,7,cat7,"SS (VI-X)",5,"Private Unaided (Recognized)",3,ST,0,0,0,0,0,0,0,0,0,0,0,0,0,0,0,0,0,0,0,0,0,0,0,0,0,0
2019-20,33,Tamilnadu,3328,THOOTHUKKUDI,332809,KAYATHAR,Rural,7,cat7,"SS (VI-X)",5,"Private Unaided (Recognized)",3,ST,0,0,0,0,0,0,0,0,0,0,0,0,0,0,0,0,0,0,0,0,0,0,0,0,0,0
2019-20,33,Tamilnadu,3328,THOOTHUKKUDI,332811,VILATHIKULAM,Rural,7,cat7,"SS (VI-X)",5,"Private Unaided (Recognized)",3,ST,0,0,0,0,0,0,0,0,0,0,0,0,0,0,0,0,0,0,0,0,0,0,0,0,0,0
2019-20,33,Tamilnadu,3328,THOOTHUKKUDI,332801,"THOOTHUKUDI URBAN",Urban,7,cat7,"SS (VI-X)",5,"Private Unaided (Recognized)",3,ST,0,0,0,0,0,0,0,0,0,0,0,0,0,0,0,0,0,0,0,0,0,0,0,0,0,0
2019-20,33,Tamilnadu,3328,THOOTHUKKUDI,332802,KARUNKULAM,Rural,2,cat2,"UPS (I-VIII)",1,"Department of Education",3,ST,0,0,0,0,0,0,0,0,0,0,0,0,0,0,0,0,0,0,0,0,0,0,0,0,0,0
2019-20,33,Tamilnadu,3328,THOOTHUKKUDI,332803,SRIVAIKUNDAM,Rural,2,cat2,"UPS (I-VIII)",1,"Department of Education",3,ST,0,0,0,0,0,0,0,0,0,0,0,0,0,0,0,0,0,0,0,0,0,0,0,0,0,0
2019-20,33,Tamilnadu,3328,THOOTHUKKUDI,332804,ALWARTHIRUNAGAR,Rural,2,cat2,"UPS (I-VIII)",1,"Department of Education",3,ST,1,0,0,0,0,0,0,0,0,0,0,0,0,0,0,0,0,0,0,1,0,0,0,0,0,0
2019-20,33,Tamilnadu,3328,THOOTHUKKUDI,332805,THIRUCHENTHUR,Rural,2,cat2,"UPS (I-VIII)",1,"Department of Education",3,ST,0,0,0,0,0,0,0,0,0,0,0,0,0,0,0,0,0,0,0,0,0,0,0,0,0,0
2019-20,33,Tamilnadu,3328,THOOTHUKKUDI,332806,UDANGUDI,Rural,2,cat2,"UPS (I-VIII)",1,"Department of Education",3,ST,0,0,0,0,0,0,0,0,0,0,0,0,0,0,0,0,0,0,0,1,0,1,0,0,0,0
2019-20,33,Tamilnadu,3328,THOOTHUKKUDI,332807,SATHANKULAM,Rural,2,cat2,"UPS (I-VIII)",1,"Department of Education",3,ST,0,0,0,0,0,0,0,0,0,0,0,0,0,0,0,0,0,0,0,0,0,0,0,0,0,0
2019-20,33,Tamilnadu,3328,THOOTHUKKUDI,332808,KOVILPATTI,Rural,2,cat2,"UPS (I-VIII)",1,"Department of Education",3,ST,0,0,0,1,0,0,0,0,0,2,0,0,0,0,0,0,2,1,0,1,0,2,0,0,0,0
2019-20,33,Tamilnadu,3328,THOOTHUKKUDI,332809,KAYATHAR,Rural,2,cat2,"UPS (I-VIII)",1,"Department of Education",3,ST,0,0,0,0,0,0,0,0,0,0,0,0,0,0,0,0,0,0,0,0,0,0,0,0,0,0
2019-20,33,Tamilnadu,3328,THOOTHUKKUDI,332810,OTTAPIDARAM,Rural,2,cat2,"UPS (I-VIII)",1,"Department of Education",3,ST,0,0,0,0,0,0,0,0,1,1,0,0,0,0,0,0,0,0,1,0,0,1,0,0,0,0
2019-20,33,Tamilnadu,3328,THOOTHUKKUDI,332811,VILATHIKULAM,Rural,2,cat2,"UPS (I-VIII)",1,"Department of Education",3,ST,0,0,0,0,0,0,0,0,0,0,0,0,0,0,0,0,0,0,0,0,0,0,0,0,0,0
2019-20,33,Tamilnadu,3328,THOOTHUKKUDI,332812,PUDUR,Rural,2,cat2,"UPS (I-VIII)",1,"Department of Education",3,ST,0,0,0,0,0,0,0,0,0,2,0,0,0,0,0,0,0,0,0,0,0,0,0,0,0,0
2019-20,33,Tamilnadu,3328,THOOTHUKKUDI,332813,"THOOTHUKUDI RURAL",Rural,2,cat2,"UPS (I-VIII)",1,"Department of Education",3,ST,0,0,0,0,0,0,0,0,0,0,0,0,0,0,0,0,0,0,1,0,0,0,0,0,0,0
2019-20,33,Tamilnadu,3328,THOOTHUKKUDI,332803,SRIVAIKUNDAM,Urban,2,cat2,"UPS (I-VIII)",1,"Department of Education",3,ST,0,0,1,0,0,0,4,5,1,0,0,0,0,0,1,2,2,2,2,0,1,0,0,0,0,0
2019-20,33,Tamilnadu,3328,THOOTHUKKUDI,332804,ALWARTHIRUNAGAR,Urban,2,cat2,"UPS (I-VIII)",1,"Department of Education",3,ST,0,0,0,0,0,0,0,0,0,0,0,0,0,0,0,0,0,0,0,0,0,0,0,0,0,0
2019-20,33,Tamilnadu,3328,THOOTHUKKUDI,332805,THIRUCHENTHUR,Urban,2,cat2,"UPS (I-VIII)",1,"Department of Education",3,ST,0,0,0,1,0,1,1,0,0,0,0,0,0,0,0,1,1,0,1,0,0,0,0,0,0,0
2019-20,33,Tamilnadu,3328,THOOTHUKKUDI,332806,UDANGUDI,Urban,2,cat2,"UPS (I-VIII)",1,"Department of Education",3,ST,1,0,0,0,0,0,0,0,0,0,0,0,0,0,0,0,0,0,0,0,0,0,0,0,0,0
2019-20,33,Tamilnadu,3328,THOOTHUKKUDI,332809,KAYATHAR,Urban,2,cat2,"UPS (I-VIII)",1,"Department of Education",3,ST,0,0,0,0,0,0,0,0,0,0,0,0,0,0,0,0,0,0,0,0,0,0,0,0,0,0
2019-20,33,Tamilnadu,3328,THOOTHUKKUDI,332812,PUDUR,Urban,2,cat2,"UPS (I-VIII)",1,"Department of Education",3,ST,0,0,0,0,0,0,0,0,0,0,0,0,0,0,0,0,0,0,0,0,0,0,0,0,0,0
2019-20,33,Tamilnadu,3328,THOOTHUKKUDI,332813,"THOOTHUKUDI RURAL",Urban,2,cat2,"UPS (I-VIII)",1,"Department of Education",3,ST,0,0,0,0,0,0,0,0,0,0,0,0,0,0,0,0,0,0,0,0,0,0,0,0,0,0
2019-20,33,Tamilnadu,3328,THOOTHUKKUDI,332806,UDANGUDI,Rural,2,cat2,"UPS (I-VIII)",2,"Tribal Welfare Department",3,ST,0,0,0,0,0,0,0,0,0,0,0,0,0,0,0,0,0,0,0,0,0,0,0,0,0,0
2019-20,33,Tamilnadu,3328,THOOTHUKKUDI,332813,"THOOTHUKUDI RURAL",Rural,2,cat2,"UPS (I-VIII)",2,"Tribal Welfare Department",3,ST,0,0,0,0,0,0,0,2,0,1,0,0,0,0,0,0,0,0,0,0,0,0,0,0,0,0
2019-20,33,Tamilnadu,3328,THOOTHUKKUDI,332801,"THOOTHUKUDI URBAN",Urban,2,cat2,"UPS (I-VIII)",3,"Local body",3,ST,0,0,0,0,1,0,0,1,0,0,0,0,0,0,1,0,0,0,1,0,1,1,0,0,0,0
2019-20,33,Tamilnadu,3328,THOOTHUKKUDI,332808,KOVILPATTI,Urban,2,cat2,"UPS (I-VIII)",3,"Local body",3,ST,0,0,0,0,0,0,0,0,0,0,0,0,0,0,0,0,0,0,0,0,0,0,0,0,0,0
2019-20,33,Tamilnadu,3328,THOOTHUKKUDI,332802,KARUNKULAM,Rural,2,cat2,"UPS (I-VIII)",4,"Government Aided",3,ST,0,0,0,0,0,1,0,0,2,0,0,0,0,0,0,0,0,0,1,0,0,0,0,0,0,0
2019-20,33,Tamilnadu,3328,THOOTHUKKUDI,332803,SRIVAIKUNDAM,Rural,2,cat2,"UPS (I-VIII)",4,"Government Aided",3,ST,0,0,0,0,0,0,0,0,1,1,0,0,0,0,0,0,0,0,0,0,0,1,0,0,0,0
2019-20,33,Tamilnadu,3328,THOOTHUKKUDI,332804,ALWARTHIRUNAGAR,Rural,2,cat2,"UPS (I-VIII)",4,"Government Aided",3,ST,0,0,0,4,0,5,3,1,7,8,0,0,0,0,1,2,1,0,0,0,1,4,0,0,0,0
2019-20,33,Tamilnadu,3328,THOOTHUKKUDI,332805,THIRUCHENTHUR,Rural,2,cat2,"UPS (I-VIII)",4,"Government Aided",3,ST,0,0,0,0,0,0,0,0,0,0,0,0,0,0,0,0,0,0,0,0,1,0,0,0,0,0
2019-20,33,Tamilnadu,3328,THOOTHUKKUDI,332806,UDANGUDI,Rural,2,cat2,"UPS (I-VIII)",4,"Government Aided",3,ST,0,0,0,0,0,0,0,0,0,0,0,0,0,0,0,0,0,0,0,0,0,0,0,0,0,0
2019-20,33,Tamilnadu,3328,THOOTHUKKUDI,332807,SATHANKULAM,Rural,2,cat2,"UPS (I-VIII)",4,"Government Aided",3,ST,0,0,0,1,2,0,1,0,0,1,0,0,0,0,1,1,0,1,0,0,1,0,0,0,0,0
2019-20,33,Tamilnadu,3328,THOOTHUKKUDI,332808,KOVILPATTI,Rural,2,cat2,"UPS (I-VIII)",4,"Government Aided",3,ST,0,0,0,0,0,0,0,0,0,1,0,0,0,0,0,0,0,0,0,1,1,0,0,0,0,0
2019-20,33,Tamilnadu,3328,THOOTHUKKUDI,332809,KAYATHAR,Rural,2,cat2,"UPS (I-VIII)",4,"Government Aided",3,ST,0,0,0,0,0,0,0,0,0,2,0,0,0,0,0,0,0,0,0,0,0,2,0,0,0,0
2019-20,33,Tamilnadu,3328,THOOTHUKKUDI,332810,OTTAPIDARAM,Rural,2,cat2,"UPS (I-VIII)",4,"Government Aided",3,ST,0,0,0,0,0,0,0,0,0,0,0,0,0,0,0,0,0,0,0,0,0,0,0,0,0,0
2019-20,33,Tamilnadu,3328,THOOTHUKKUDI,332811,VILATHIKULAM,Rural,2,cat2,"UPS (I-VIII)",4,"Government Aided",3,ST,0,0,1,0,0,0,0,0,0,1,0,0,0,0,0,0,0,0,0,1,0,0,0,0,0,0
2019-20,33,Tamilnadu,3328,THOOTHUKKUDI,332812,PUDUR,Rural,2,cat2,"UPS (I-VIII)",4,"Government Aided",3,ST,0,0,0,0,0,0,0,0,0,0,0,0,0,0,0,0,0,0,0,0,0,0,0,0,0,0
2019-20,33,Tamilnadu,3328,THOOTHUKKUDI,332813,"THOOTHUKUDI RURAL",Rural,2,cat2,"UPS (I-VIII)",4,"Government Aided",3,ST,0,0,2,0,3,3,0,0,0,1,0,0,0,0,1,0,1,0,0,1,0,0,0,0,0,0
2019-20,33,Tamilnadu,3328,THOOTHUKKUDI,332801,"THOOTHUKUDI URBAN",Urban,2,cat2,"UPS (I-VIII)",4,"Government Aided",3,ST,0,0,2,0,1,0,1,2,0,0,0,0,0,0,0,1,0,2,2,3,4,2,0,0,0,0
2019-20,33,Tamilnadu,3328,THOOTHUKKUDI,332803,SRIVAIKUNDAM,Urban,2,cat2,"UPS (I-VIII)",4,"Government Aided",3,ST,0,0,0,0,0,1,0,7,1,5,0,0,0,0,1,1,0,0,1,1,2,6,0,0,0,0
2019-20,33,Tamilnadu,3328,THOOTHUKKUDI,332804,ALWARTHIRUNAGAR,Urban,2,cat2,"UPS (I-VIII)",4,"Government Aided",3,ST,0,0,0,2,0,0,1,0,1,2,0,0,0,0,0,1,0,1,1,0,1,4,0,0,0,0
2019-20,33,Tamilnadu,3328,THOOTHUKKUDI,332805,THIRUCHENTHUR,Urban,2,cat2,"UPS (I-VIII)",4,"Government Aided",3,ST,0,0,0,0,0,0,0,0,2,1,0,0,0,0,2,2,2,1,2,2,8,2,0,0,0,0
2019-20,33,Tamilnadu,3328,THOOTHUKKUDI,332806,UDANGUDI,Urban,2,cat2,"UPS (I-VIII)",4,"Government Aided",3,ST,0,0,0,0,0,0,0,0,0,0,0,0,0,0,0,0,0,0,0,0,0,0,0,0,0,0
2019-20,33,Tamilnadu,3328,THOOTHUKKUDI,332807,SATHANKULAM,Urban,2,cat2,"UPS (I-VIII)",4,"Government Aided",3,ST,0,0,0,0,0,0,0,0,0,0,0,0,0,0,0,0,0,0,0,0,0,0,0,0,0,0
2019-20,33,Tamilnadu,3328,THOOTHUKKUDI,332808,KOVILPATTI,Urban,2,cat2,"UPS (I-VIII)",4,"Government Aided",3,ST,0,0,0,0,1,0,0,0,0,0,0,0,0,0,0,0,0,0,1,0,0,0,0,0,0,0
2019-20,33,Tamilnadu,3328,THOOTHUKKUDI,332809,KAYATHAR,Urban,2,cat2,"UPS (I-VIII)",4,"Government Aided",3,ST,0,0,0,0,0,0,1,0,0,0,0,0,0,0,0,0,0,0,0,0,0,0,0,0,0,0
2019-20,33,Tamilnadu,3328,THOOTHUKKUDI,332811,VILATHIKULAM,Urban,2,cat2,"UPS (I-VIII)",4,"Government Aided",3,ST,0,0,0,0,0,0,0,0,0,0,0,0,0,0,0,0,2,0,1,1,0,0,0,0,0,0
2019-20,33,Tamilnadu,3328,THOOTHUKKUDI,332813,"THOOTHUKUDI RURAL",Urban,2,cat2,"UPS (I-VIII)",4,"Government Aided",3,ST,0,0,0,0,0,0,0,0,0,0,0,0,0,0,0,0,0,0,0,0,0,1,0,0,0,0
2019-20,33,Tamilnadu,3328,THOOTHUKKUDI,332803,SRIVAIKUNDAM,Rural,2,cat2,"UPS (I-VIII)",5,"Private Unaided (Recognized)",3,ST,0,0,0,0,0,0,0,0,1,0,0,0,0,0,0,0,0,1,0,0,0,0,0,0,0,0
2019-20,33,Tamilnadu,3328,THOOTHUKKUDI,332808,KOVILPATTI,Rural,2,cat2,"UPS (I-VIII)",5,"Private Unaided (Recognized)",3,ST,1,1,0,0,0,1,0,0,0,0,0,0,0,0,0,0,0,1,1,0,0,0,0,0,0,0
2019-20,33,Tamilnadu,3328,THOOTHUKKUDI,332810,OTTAPIDARAM,Rural,2,cat2,"UPS (I-VIII)",5,"Private Unaided (Recognized)",3,ST,0,0,0,0,0,0,0,0,0,0,0,0,0,0,0,0,0,0,0,0,0,0,0,0,0,0
2019-20,33,Tamilnadu,3328,THOOTHUKKUDI,332813,"THOOTHUKUDI RURAL",Rural,2,cat2,"UPS (I-VIII)",5,"Private Unaided (Recognized)",3,ST,0,0,0,0,1,0,0,0,0,0,0,0,0,0,0,0,0,0,0,0,0,0,0,0,0,0
2019-20,33,Tamilnadu,3328,THOOTHUKKUDI,332801,"THOOTHUKUDI URBAN",Urban,2,cat2,"UPS (I-VIII)",5,"Private Unaided (Recognized)",3,ST,1,0,0,1,0,0,0,0,0,0,0,0,0,0,0,0,0,0,0,0,0,0,0,0,0,0
2019-20,33,Tamilnadu,3328,THOOTHUKKUDI,332804,ALWARTHIRUNAGAR,Urban,2,cat2,"UPS (I-VIII)",5,"Private Unaided (Recognized)",3,ST,0,0,0,0,0,0,0,0,0,0,0,0,0,0,0,0,0,0,0,0,0,0,0,0,0,0
2019-20,33,Tamilnadu,3328,THOOTHUKKUDI,332805,THIRUCHENTHUR,Urban,2,cat2,"UPS (I-VIII)",5,"Private Unaided (Recognized)",3,ST,0,0,0,0,0,0,0,0,0,0,0,0,0,0,0,0,0,0,0,0,0,0,0,0,0,0
2019-20,33,Tamilnadu,3328,THOOTHUKKUDI,332813,"THOOTHUKUDI RURAL",Rural,2,cat2,"UPS (I-VIII)",8,Unrecognized,3,ST,0,0,0,0,0,0,0,0,0,0,0,0,0,0,0,0,0,0,0,0,0,0,0,0,0,0
2019-20,33,Tamilnadu,3328,THOOTHUKKUDI,332813,"THOOTHUKUDI RURAL",Rural,4,cat4,"UPS (VI-VIII)",1,"Department of Education",3,ST,0,0,0,0,0,0,0,0,0,0,0,0,0,0,0,0,0,0,0,0,0,0,0,0,0,0
2019-20,33,Tamilnadu,3328,THOOTHUKKUDI,332813,"THOOTHUKUDI RURAL",Urban,4,cat4,"UPS (VI-VIII)",1,"Department of Education",3,ST,0,0,0,0,0,0,0,0,0,0,0,0,0,0,0,0,0,0,0,0,0,0,0,0,0,0
2019-20,33,Tamilnadu,3328,THOOTHUKKUDI,332802,KARUNKULAM,Rural,4,cat4,"UPS (VI-VIII)",4,"Government Aided",3,ST,0,0,0,0,0,0,0,0,0,0,0,0,0,0,0,0,0,0,0,0,0,0,0,0,0,0
2019-20,33,Tamilnadu,3328,THOOTHUKKUDI,332806,UDANGUDI,Rural,4,cat4,"UPS (VI-VIII)",4,"Government Aided",3,ST,0,0,0,0,0,0,0,0,0,0,0,0,0,0,0,0,0,0,0,0,0,0,0,0,0,0
2019-20,33,Tamilnadu,3328,THOOTHUKKUDI,332808,KOVILPATTI,Rural,3,cat3,"HSS (I-XII)",1,"Department of Education",4,OBC,9,10,0,0,0,0,0,0,0,0,0,0,0,0,0,0,0,0,0,42,42,68,105,120,93,48
2019-20,33,Tamilnadu,3328,THOOTHUKKUDI,332801,"THOOTHUKUDI URBAN",Urban,3,cat3,"HSS (I-XII)",4,"Government Aided",4,OBC,1,0,9,25,23,50,40,5,3,4,3,1,0,0,330,313,301,340,369,453,429,423,439,436,457,387
2019-20,33,Tamilnadu,3328,THOOTHUKKUDI,332804,ALWARTHIRUNAGAR,Urban,3,cat3,"HSS (I-XII)",4,"Government Aided",4,OBC,0,0,0,0,0,1,3,95,117,116,149,123,123,156,0,0,0,0,0,0,0,0,0,0,0,0
2019-20,33,Tamilnadu,3328,THOOTHUKKUDI,332802,KARUNKULAM,Rural,3,cat3,"HSS (I-XII)",5,"Private Unaided (Recognized)",4,OBC,29,33,17,17,19,23,8,11,18,8,6,5,7,0,15,12,19,9,15,13,8,7,7,5,6,0
2019-20,33,Tamilnadu,3328,THOOTHUKKUDI,332803,SRIVAIKUNDAM,Rural,3,cat3,"HSS (I-XII)",5,"Private Unaided (Recognized)",4,OBC,39,53,32,22,36,29,48,31,54,46,36,54,60,40,26,25,28,33,32,26,22,21,22,19,32,36
2019-20,33,Tamilnadu,3328,THOOTHUKKUDI,332805,THIRUCHENTHUR,Rural,3,cat3,"HSS (I-XII)",5,"Private Unaided (Recognized)",4,OBC,141,112,80,68,76,70,74,74,78,83,119,106,96,93,61,68,64,73,67,79,57,56,80,77,80,77
2019-20,33,Tamilnadu,3328,THOOTHUKKUDI,332806,UDANGUDI,Rural,3,cat3,"HSS (I-XII)",5,"Private Unaided (Recognized)",4,OBC,126,107,68,67,62,70,69,68,72,62,72,66,51,53,60,46,52,54,53,48,55,53,57,56,57,61
2019-20,33,Tamilnadu,3328,THOOTHUKKUDI,332807,SATHANKULAM,Rural,3,cat3,"HSS (I-XII)",5,"Private Unaided (Recognized)",4,OBC,75,63,40,46,52,48,45,36,33,37,25,24,21,17,31,31,38,43,32,25,36,31,23,23,27,23
2019-20,33,Tamilnadu,3328,THOOTHUKKUDI,332808,KOVILPATTI,Rural,3,cat3,"HSS (I-XII)",5,"Private Unaided (Recognized)",4,OBC,428,389,247,297,336,346,294,365,303,332,292,323,295,286,244,252,279,319,272,310,256,265,286,281,300,271
2019-20,33,Tamilnadu,3328,THOOTHUKKUDI,332809,KAYATHAR,Rural,3,cat3,"HSS (I-XII)",5,"Private Unaided (Recognized)",4,OBC,27,29,13,23,21,13,16,17,14,15,8,8,7,0,19,20,19,14,16,6,15,12,3,6,3,0
2019-20,33,Tamilnadu,3328,THOOTHUKKUDI,332810,OTTAPIDARAM,Rural,3,cat3,"HSS (I-XII)",5,"Private Unaided (Recognized)",4,OBC,102,71,51,56,41,68,64,81,67,78,70,59,50,44,41,45,51,47,58,47,48,50,46,36,41,43
2019-20,33,Tamilnadu,3328,THOOTHUKKUDI,332811,VILATHIKULAM,Rural,3,cat3,"HSS (I-XII)",5,"Private Unaided (Recognized)",4,OBC,47,32,21,20,20,23,17,25,30,25,26,34,28,31,19,18,22,26,12,28,10,11,19,15,24,16
2019-20,33,Tamilnadu,3328,THOOTHUKKUDI,332813,"THOOTHUKUDI RURAL",Rural,3,cat3,"HSS (I-XII)",5,"Private Unaided (Recognized)",4,OBC,253,183,131,164,166,151,189,186,178,158,144,137,107,65,116,107,142,119,149,143,128,108,112,125,110,75
2019-20,33,Tamilnadu,3328,THOOTHUKKUDI,332801,"THOOTHUKUDI URBAN",Urban,3,cat3,"HSS (I-XII)",5,"Private Unaided (Recognized)",4,OBC,922,698,505,554,653,593,609,657,673,611,590,678,515,491,387,393,464,447,463,395,426,381,432,392,383,369
2019-20,33,Tamilnadu,3328,THOOTHUKKUDI,332803,SRIVAIKUNDAM,Urban,3,cat3,"HSS (I-XII)",5,"Private Unaided (Recognized)",4,OBC,45,45,22,17,24,6,8,10,8,6,5,10,8,19,17,20,15,12,12,5,7,5,6,6,15,6
2019-20,33,Tamilnadu,3328,THOOTHUKKUDI,332804,ALWARTHIRUNAGAR,Urban,3,cat3,"HSS (I-XII)",5,"Private Unaided (Recognized)",4,OBC,68,80,33,24,41,31,36,42,30,21,39,50,27,21,25,12,27,36,24,27,25,26,41,36,27,20
2019-20,33,Tamilnadu,3328,THOOTHUKKUDI,332805,THIRUCHENTHUR,Urban,3,cat3,"HSS (I-XII)",5,"Private Unaided (Recognized)",4,OBC,552,512,293,282,290,304,281,186,174,184,153,139,96,100,246,281,276,269,271,212,210,196,208,190,188,156
2019-20,33,Tamilnadu,3328,THOOTHUKKUDI,332806,UDANGUDI,Urban,3,cat3,"HSS (I-XII)",5,"Private Unaided (Recognized)",4,OBC,55,58,26,33,25,29,34,25,37,31,28,37,24,25,24,33,36,33,28,31,28,21,24,22,21,15
2019-20,33,Tamilnadu,3328,THOOTHUKKUDI,332807,SATHANKULAM,Urban,3,cat3,"HSS (I-XII)",5,"Private Unaided (Recognized)",4,OBC,47,43,32,24,32,36,32,46,31,29,33,27,40,40,23,21,34,19,29,28,19,18,20,19,32,26
2019-20,33,Tamilnadu,3328,THOOTHUKKUDI,332808,KOVILPATTI,Urban,3,cat3,"HSS (I-XII)",5,"Private Unaided (Recognized)",4,OBC,249,234,160,144,133,143,146,148,127,121,121,166,124,122,131,107,130,142,137,117,116,114,97,123,96,107
2019-20,33,Tamilnadu,3328,THOOTHUKKUDI,332809,KAYATHAR,Urban,3,cat3,"HSS (I-XII)",5,"Private Unaided (Recognized)",4,OBC,127,77,68,61,52,57,54,50,45,41,56,47,33,22,49,38,44,39,32,40,41,34,31,28,17,24
2019-20,33,Tamilnadu,3328,THOOTHUKKUDI,332811,VILATHIKULAM,Urban,3,cat3,"HSS (I-XII)",5,"Private Unaided (Recognized)",4,OBC,97,70,35,39,36,32,24,28,31,16,27,23,24,10,34,26,30,25,22,26,17,18,22,17,18,6
2019-20,33,Tamilnadu,3328,THOOTHUKKUDI,332813,"THOOTHUKUDI RURAL",Urban,3,cat3,"HSS (I-XII)",5,"Private Unaided (Recognized)",4,OBC,491,370,212,229,243,259,287,312,284,225,227,279,238,249,187,211,209,229,203,203,169,171,160,167,179,165
2019-20,33,Tamilnadu,3328,THOOTHUKKUDI,332806,UDANGUDI,Rural,10,cat10,"HSS (IX-XII)",4,"Government Aided",4,OBC,0,0,0,0,0,0,0,0,0,0,0,0,0,0,0,0,0,0,0,0,0,0,30,35,17,22
2019-20,33,Tamilnadu,3328,THOOTHUKKUDI,332802,KARUNKULAM,Rural,5,cat5,"HSS (VI-XII)",1,"Department of Education",4,OBC,0,0,0,0,0,0,0,105,100,109,157,142,110,125,0,0,0,0,0,108,141,122,156,169,150,137
2019-20,33,Tamilnadu,3328,THOOTHUKKUDI,332803,SRIVAIKUNDAM,Rural,5,cat5,"HSS (VI-XII)",1,"Department of Education",4,OBC,0,0,0,0,0,0,0,82,91,89,122,94,101,100,0,0,0,0,0,79,84,65,106,83,114,108
2019-20,33,Tamilnadu,3328,THOOTHUKKUDI,332804,ALWARTHIRUNAGAR,Rural,5,cat5,"HSS (VI-XII)",1,"Department of Education",4,OBC,0,0,0,0,0,0,0,1,2,5,7,11,9,10,0,0,0,0,0,0,1,0,3,0,1,4
2019-20,33,Tamilnadu,3328,THOOTHUKKUDI,332805,THIRUCHENTHUR,Rural,5,cat5,"HSS (VI-XII)",1,"Department of Education",4,OBC,0,0,0,0,0,0,0,9,6,11,20,15,18,14,0,0,0,0,0,78,89,81,117,113,113,128
2019-20,33,Tamilnadu,3328,THOOTHUKKUDI,332807,SATHANKULAM,Rural,5,cat5,"HSS (VI-XII)",1,"Department of Education",4,OBC,0,0,0,0,0,0,0,32,36,35,58,46,71,74,0,0,0,0,0,27,27,25,41,47,64,75
2019-20,33,Tamilnadu,3328,THOOTHUKKUDI,332808,KOVILPATTI,Rural,5,cat5,"HSS (VI-XII)",1,"Department of Education",4,OBC,0,0,0,0,0,0,0,70,63,102,101,112,117,113,0,0,0,0,0,57,63,80,100,91,104,118
2019-20,33,Tamilnadu,3328,THOOTHUKKUDI,332809,KAYATHAR,Rural,5,cat5,"HSS (VI-XII)",1,"Department of Education",4,OBC,0,0,0,0,0,0,0,41,37,53,58,44,39,36,0,0,0,0,0,38,45,46,49,50,43,40
2019-20,33,Tamilnadu,3328,THOOTHUKKUDI,332810,OTTAPIDARAM,Rural,5,cat5,"HSS (VI-XII)",1,"Department of Education",4,OBC,0,0,0,0,0,0,0,110,101,104,113,139,105,60,0,0,0,0,0,94,98,94,115,87,91,98
2019-20,33,Tamilnadu,3328,THOOTHUKKUDI,332811,VILATHIKULAM,Rural,5,cat5,"HSS (VI-XII)",1,"Department of Education",4,OBC,0,0,0,0,0,0,0,38,56,41,151,119,155,120,0,0,0,0,0,39,35,36,101,123,128,135
2019-20,33,Tamilnadu,3328,THOOTHUKKUDI,332812,PUDUR,Rural,5,cat5,"HSS (VI-XII)",1,"Department of Education",4,OBC,0,0,0,0,0,0,0,28,47,37,66,51,50,47,0,0,0,0,0,37,48,23,45,49,49,48
2019-20,33,Tamilnadu,3328,THOOTHUKKUDI,332813,"THOOTHUKUDI RURAL",Rural,5,cat5,"HSS (VI-XII)",1,"Department of Education",4,OBC,0,0,0,0,0,0,0,10,20,27,25,38,42,28,0,0,0,0,0,17,31,23,31,34,58,31
2019-20,33,Tamilnadu,3328,THOOTHUKKUDI,332801,"THOOTHUKUDI URBAN",Urban,5,cat5,"HSS (VI-XII)",1,"Department of Education",4,OBC,0,0,0,0,0,0,0,45,52,40,57,38,30,23,0,0,0,0,0,38,48,30,42,31,39,38
2019-20,33,Tamilnadu,3328,THOOTHUKKUDI,332803,SRIVAIKUNDAM,Urban,5,cat5,"HSS (VI-XII)",1,"Department of Education",4,OBC,0,0,0,0,0,0,0,0,0,0,0,0,0,0,0,0,0,0,0,101,106,138,210,179,178,166
2019-20,33,Tamilnadu,3328,THOOTHUKKUDI,332804,ALWARTHIRUNAGAR,Urban,5,cat5,"HSS (VI-XII)",1,"Department of Education",4,OBC,0,0,0,0,0,0,0,18,9,9,14,15,8,5,0,0,0,0,0,9,20,8,15,21,13,15
2019-20,33,Tamilnadu,3328,THOOTHUKKUDI,332805,THIRUCHENTHUR,Urban,5,cat5,"HSS (VI-XII)",1,"Department of Education",4,OBC,0,0,0,0,0,0,0,17,15,8,49,18,50,32,0,0,0,0,0,143,126,137,198,164,166,155
2019-20,33,Tamilnadu,3328,THOOTHUKKUDI,332808,KOVILPATTI,Urban,5,cat5,"HSS (VI-XII)",1,"Department of Education",4,OBC,0,0,0,0,0,0,0,3,10,16,60,55,102,76,0,0,0,0,0,60,93,121,172,233,268,250
2019-20,33,Tamilnadu,3328,THOOTHUKKUDI,332809,KAYATHAR,Urban,5,cat5,"HSS (VI-XII)",1,"Department of Education",4,OBC,0,0,0,0,0,0,0,65,80,101,129,119,157,132,0,0,0,0,0,26,61,40,62,76,111,95
2019-20,33,Tamilnadu,3328,THOOTHUKKUDI,332811,VILATHIKULAM,Urban,5,cat5,"HSS (VI-XII)",1,"Department of Education",4,OBC,0,0,0,0,0,0,0,56,53,57,96,93,96,92,0,0,0,0,0,29,59,42,62,58,93,90
2019-20,33,Tamilnadu,3328,THOOTHUKKUDI,332812,PUDUR,Urban,5,cat5,"HSS (VI-XII)",1,"Department of Education",4,OBC,0,0,0,0,0,0,0,34,37,34,60,51,54,74,0,0,0,0,0,32,31,44,62,52,92,79
2019-20,33,Tamilnadu,3328,THOOTHUKKUDI,332803,SRIVAIKUNDAM,Rural,5,cat5,"HSS (VI-XII)",4,"Government Aided",4,OBC,0,0,0,0,0,0,0,9,11,5,17,17,14,14,0,0,0,0,0,0,0,0,11,21,12,7
2019-20,33,Tamilnadu,3328,THOOTHUKKUDI,332804,ALWARTHIRUNAGAR,Rural,5,cat5,"HSS (VI-XII)",4,"Government Aided",4,OBC,0,0,0,0,0,0,0,226,270,222,384,327,319,266,0,0,0,0,0,165,158,170,292,325,333,339
2019-20,33,Tamilnadu,3328,THOOTHUKKUDI,332805,THIRUCHENTHUR,Rural,5,cat5,"HSS (VI-XII)",4,"Government Aided",4,OBC,0,0,0,0,0,0,0,48,38,52,73,70,61,47,0,0,0,0,0,30,28,27,53,49,46,58
2019-20,33,Tamilnadu,3328,THOOTHUKKUDI,332806,UDANGUDI,Rural,5,cat5,"HSS (VI-XII)",4,"Government Aided",4,OBC,0,0,0,0,0,0,0,131,143,134,222,214,166,163,0,0,0,0,0,90,89,97,184,151,234,198
2019-20,33,Tamilnadu,3328,THOOTHUKKUDI,332807,SATHANKULAM,Rural,5,cat5,"HSS (VI-XII)",4,"Government Aided",4,OBC,0,0,0,0,0,0,0,49,35,37,86,68,57,59,0,0,0,0,0,44,55,61,73,64,67,77
2019-20,33,Tamilnadu,3328,THOOTHUKKUDI,332808,KOVILPATTI,Rural,5,cat5,"HSS (VI-XII)",4,"Government Aided",4,OBC,0,0,0,0,0,0,0,91,107,102,198,235,258,252,0,0,0,0,0,163,168,167,262,262,346,329
2019-20,33,Tamilnadu,3328,THOOTHUKKUDI,332809,KAYATHAR,Rural,5,cat5,"HSS (VI-XII)",4,"Government Aided",4,OBC,0,0,0,0,0,0,0,0,0,0,0,0,0,0,0,0,0,0,0,91,89,119,128,117,114,120
2019-20,33,Tamilnadu,3328,THOOTHUKKUDI,332810,OTTAPIDARAM,Rural,5,cat5,"HSS (VI-XII)",4,"Government Aided",4,OBC,0,0,0,0,0,0,0,179,204,223,288,292,249,235,0,0,0,0,0,118,130,155,220,224,211,221
2019-20,33,Tamilnadu,3328,THOOTHUKKUDI,332811,VILATHIKULAM,Rural,5,cat5,"HSS (VI-XII)",4,"Government Aided",4,OBC,0,0,0,0,0,0,0,74,64,67,89,89,60,59,0,0,0,0,0,63,54,58,70,72,62,60
2019-20,33,Tamilnadu,3328,THOOTHUKKUDI,332812,PUDUR,Rural,5,cat5,"HSS (VI-XII)",4,"Government Aided",4,OBC,0,0,0,0,0,0,0,32,39,40,30,39,54,46,0,0,0,0,0,24,19,41,34,26,60,77
2019-20,33,Tamilnadu,3328,THOOTHUKKUDI,332813,"THOOTHUKUDI RURAL",Rural,5,cat5,"HSS (VI-XII)",4,"Government Aided",4,OBC,0,0,0,0,0,0,0,152,147,141,206,158,124,120,0,0,0,0,0,162,145,139,170,176,141,170
2019-20,33,Tamilnadu,3328,THOOTHUKKUDI,332801,"THOOTHUKUDI URBAN",Urban,5,cat5,"HSS (VI-XII)",4,"Government Aided",4,OBC,0,0,0,0,0,0,0,742,807,825,1064,1045,1022,993,0,0,0,0,0,843,919,913,1133,1121,1266,1336
2019-20,33,Tamilnadu,3328,THOOTHUKKUDI,332803,SRIVAIKUNDAM,Urban,5,cat5,"HSS (VI-XII)",4,"Government Aided",4,OBC,0,0,0,0,0,0,0,191,222,212,292,321,260,212,0,0,0,0,0,185,153,150,217,210,200,232
2019-20,33,Tamilnadu,3328,THOOTHUKKUDI,332804,ALWARTHIRUNAGAR,Urban,5,cat5,"HSS (VI-XII)",4,"Government Aided",4,OBC,0,0,0,0,0,0,0,145,127,125,108,122,80,84,0,0,0,0,0,197,168,181,269,230,228,243
2019-20,33,Tamilnadu,3328,THOOTHUKKUDI,332805,THIRUCHENTHUR,Urban,5,cat5,"HSS (VI-XII)",4,"Government Aided",4,OBC,0,0,0,0,0,0,0,255,266,254,305,312,265,290,0,0,0,0,0,120,109,137,125,142,146,121
2019-20,33,Tamilnadu,3328,THOOTHUKKUDI,332806,UDANGUDI,Urban,5,cat5,"HSS (VI-XII)",4,"Government Aided",4,OBC,0,0,0,0,0,0,0,78,88,73,116,94,83,104,0,0,0,0,0,66,76,78,129,126,122,116
2019-20,33,Tamilnadu,3328,THOOTHUKKUDI,332807,SATHANKULAM,Urban,5,cat5,"HSS (VI-XII)",4,"Government Aided",4,OBC,0,0,0,0,0,0,0,85,76,91,149,136,130,107,0,0,0,0,0,100,82,92,151,143,176,201
2019-20,33,Tamilnadu,3328,THOOTHUKKUDI,332808,KOVILPATTI,Urban,5,cat5,"HSS (VI-XII)",4,"Government Aided",4,OBC,0,0,0,0,0,0,0,156,178,183,256,219,247,229,0,0,0,0,0,80,90,99,115,101,195,205
2019-20,33,Tamilnadu,3328,THOOTHUKKUDI,332809,KAYATHAR,Urban,5,cat5,"HSS (VI-XII)",4,"Government Aided",4,OBC,0,0,0,0,0,0,0,104,89,84,107,115,100,62,0,0,0,0,0,55,48,33,57,55,74,48
2019-20,33,Tamilnadu,3328,THOOTHUKKUDI,332813,"THOOTHUKUDI RURAL",Urban,5,cat5,"HSS (VI-XII)",4,"Government Aided",4,OBC,0,0,0,0,0,0,0,107,115,107,123,112,85,61,0,0,0,0,0,92,111,102,87,95,111,88
2019-20,33,Tamilnadu,3328,THOOTHUKKUDI,332806,UDANGUDI,Rural,5,cat5,"HSS (VI-XII)",5,"Private Unaided (Recognized)",4,OBC,0,0,0,0,0,0,0,0,0,5,0,10,4,0,0,0,0,0,0,0,0,1,0,2,9,3
2019-20,33,Tamilnadu,3328,THOOTHUKKUDI,332813,"THOOTHUKUDI RURAL",Rural,5,cat5,"HSS (VI-XII)",5,"Private Unaided (Recognized)",4,OBC,0,0,0,0,0,0,0,53,50,52,62,55,47,37,0,0,0,0,0,42,42,40,37,37,30,29
2019-20,33,Tamilnadu,3328,THOOTHUKKUDI,332811,VILATHIKULAM,Urban,5,cat5,"HSS (VI-XII)",5,"Private Unaided (Recognized)",4,OBC,0,0,0,0,0,0,0,0,0,0,0,0,0,0,0,0,0,0,0,58,54,73,69,71,101,89
2019-20,33,Tamilnadu,3328,THOOTHUKKUDI,332805,THIRUCHENTHUR,Urban,11,cat11,"HSS (XI-XII)",5,"Private Unaided (Recognized)",4,OBC,0,0,0,0,0,0,0,0,0,0,0,0,44,31,0,0,0,0,0,0,0,0,0,0,38,24
2019-20,33,Tamilnadu,3328,THOOTHUKKUDI,332802,KARUNKULAM,Rural,1,cat1,"PS (I-V)",1,"Department of Education",4,OBC,0,0,86,86,121,108,108,0,0,0,0,0,0,0,89,95,108,116,119,0,0,0,0,0,0,0
2019-20,33,Tamilnadu,3328,THOOTHUKKUDI,332803,SRIVAIKUNDAM,Rural,1,cat1,"PS (I-V)",1,"Department of Education",4,OBC,0,0,46,70,58,87,73,0,0,0,0,0,0,0,53,73,71,80,79,0,0,0,0,0,0,0
2019-20,33,Tamilnadu,3328,THOOTHUKKUDI,332804,ALWARTHIRUNAGAR,Rural,1,cat1,"PS (I-V)",1,"Department of Education",4,OBC,0,0,10,9,16,20,11,0,0,0,0,0,0,0,16,16,13,14,10,0,0,0,0,0,0,0
2019-20,33,Tamilnadu,3328,THOOTHUKKUDI,332805,THIRUCHENTHUR,Rural,1,cat1,"PS (I-V)",1,"Department of Education",4,OBC,0,0,14,29,17,23,30,0,0,0,0,0,0,0,25,12,18,17,19,0,0,0,0,0,0,0
2019-20,33,Tamilnadu,3328,THOOTHUKKUDI,332806,UDANGUDI,Rural,1,cat1,"PS (I-V)",1,"Department of Education",4,OBC,10,11,27,33,31,29,33,0,0,0,0,0,0,0,22,21,28,41,39,0,0,0,0,0,0,0
2019-20,33,Tamilnadu,3328,THOOTHUKKUDI,332807,SATHANKULAM,Rural,1,cat1,"PS (I-V)",1,"Department of Education",4,OBC,0,0,45,47,47,59,59,0,0,0,0,0,0,0,51,64,48,42,60,0,0,0,0,0,0,0
2019-20,33,Tamilnadu,3328,THOOTHUKKUDI,332808,KOVILPATTI,Rural,1,cat1,"PS (I-V)",1,"Department of Education",4,OBC,0,0,67,73,78,69,83,0,0,0,0,0,0,0,72,73,70,77,73,0,0,0,0,0,0,0
2019-20,33,Tamilnadu,3328,THOOTHUKKUDI,332809,KAYATHAR,Rural,1,cat1,"PS (I-V)",1,"Department of Education",4,OBC,0,0,111,149,134,163,149,0,0,0,0,0,0,0,127,114,157,147,171,0,0,0,0,0,0,0
2019-20,33,Tamilnadu,3328,THOOTHUKKUDI,332810,OTTAPIDARAM,Rural,1,cat1,"PS (I-V)",1,"Department of Education",4,OBC,0,0,68,87,83,100,98,0,0,0,0,0,0,0,63,98,97,81,101,0,0,0,0,0,0,0
2019-20,33,Tamilnadu,3328,THOOTHUKKUDI,332811,VILATHIKULAM,Rural,1,cat1,"PS (I-V)",1,"Department of Education",4,OBC,0,0,66,66,86,90,82,0,0,0,0,0,0,0,64,73,76,107,76,0,0,0,0,0,0,0
2019-20,33,Tamilnadu,3328,THOOTHUKKUDI,332812,PUDUR,Rural,1,cat1,"PS (I-V)",1,"Department of Education",4,OBC,0,0,100,102,110,118,101,0,0,0,0,0,0,0,88,88,105,112,103,0,0,0,0,0,0,0
2019-20,33,Tamilnadu,3328,THOOTHUKKUDI,332813,"THOOTHUKUDI RURAL",Rural,1,cat1,"PS (I-V)",1,"Department of Education",4,OBC,0,0,23,30,40,56,44,0,0,0,0,0,0,0,31,45,48,37,43,0,0,0,0,0,0,0
2019-20,33,Tamilnadu,3328,THOOTHUKKUDI,332803,SRIVAIKUNDAM,Urban,1,cat1,"PS (I-V)",1,"Department of Education",4,OBC,0,0,4,2,5,3,5,0,0,0,0,0,0,0,2,2,3,4,1,0,0,0,0,0,0,0
2019-20,33,Tamilnadu,3328,THOOTHUKKUDI,332804,ALWARTHIRUNAGAR,Urban,1,cat1,"PS (I-V)",1,"Department of Education",4,OBC,0,0,3,10,5,8,7,0,0,0,0,0,0,0,4,5,5,6,6,0,0,0,0,0,0,0
2019-20,33,Tamilnadu,3328,THOOTHUKKUDI,332805,THIRUCHENTHUR,Urban,1,cat1,"PS (I-V)",1,"Department of Education",4,OBC,0,0,33,45,49,43,33,0,0,0,0,0,0,0,45,45,49,56,40,0,0,0,0,0,0,0
2019-20,33,Tamilnadu,3328,THOOTHUKKUDI,332806,UDANGUDI,Urban,1,cat1,"PS (I-V)",1,"Department of Education",4,OBC,0,0,2,2,1,2,2,0,0,0,0,0,0,0,6,9,7,11,14,0,0,0,0,0,0,0
2019-20,33,Tamilnadu,3328,THOOTHUKKUDI,332807,SATHANKULAM,Urban,1,cat1,"PS (I-V)",1,"Department of Education",4,OBC,0,0,0,0,0,0,0,0,0,0,0,0,0,0,0,0,0,0,0,0,0,0,0,0,0,0
2019-20,33,Tamilnadu,3328,THOOTHUKKUDI,332808,KOVILPATTI,Urban,1,cat1,"PS (I-V)",1,"Department of Education",4,OBC,0,0,0,0,1,1,0,0,0,0,0,0,0,0,0,0,0,0,0,0,0,0,0,0,0,0
2019-20,33,Tamilnadu,3328,THOOTHUKKUDI,332809,KAYATHAR,Urban,1,cat1,"PS (I-V)",1,"Department of Education",4,OBC,0,0,14,17,22,17,13,0,0,0,0,0,0,0,18,18,16,22,23,0,0,0,0,0,0,0
2019-20,33,Tamilnadu,3328,THOOTHUKKUDI,332811,VILATHIKULAM,Urban,1,cat1,"PS (I-V)",1,"Department of Education",4,OBC,0,0,13,16,16,24,23,0,0,0,0,0,0,0,9,24,19,24,24,0,0,0,0,0,0,0
2019-20,33,Tamilnadu,3328,THOOTHUKKUDI,332812,PUDUR,Urban,1,cat1,"PS (I-V)",1,"Department of Education",4,OBC,0,0,2,0,4,2,5,0,0,0,0,0,0,0,5,2,4,3,3,0,0,0,0,0,0,0
2019-20,33,Tamilnadu,3328,THOOTHUKKUDI,332813,"THOOTHUKUDI RURAL",Urban,1,cat1,"PS (I-V)",1,"Department of Education",4,OBC,0,0,22,15,16,18,19,0,0,0,0,0,0,0,18,17,18,16,18,0,0,0,0,0,0,0
2019-20,33,Tamilnadu,3328,THOOTHUKKUDI,332802,KARUNKULAM,Rural,1,cat1,"PS (I-V)",2,"Tribal Welfare Department",4,OBC,0,0,0,0,0,0,0,0,0,0,0,0,0,0,0,0,0,1,0,0,0,0,0,0,0,0
2019-20,33,Tamilnadu,3328,THOOTHUKKUDI,332805,THIRUCHENTHUR,Rural,1,cat1,"PS (I-V)",2,"Tribal Welfare Department",4,OBC,0,0,0,0,1,0,0,0,0,0,0,0,0,0,0,0,0,0,0,0,0,0,0,0,0,0
2019-20,33,Tamilnadu,3328,THOOTHUKKUDI,332808,KOVILPATTI,Rural,1,cat1,"PS (I-V)",2,"Tribal Welfare Department",4,OBC,0,0,0,0,0,0,0,0,0,0,0,0,0,0,0,0,0,0,0,0,0,0,0,0,0,0
2019-20,33,Tamilnadu,3328,THOOTHUKKUDI,332809,KAYATHAR,Rural,1,cat1,"PS (I-V)",2,"Tribal Welfare Department",4,OBC,0,0,1,3,2,4,5,0,0,0,0,0,0,0,1,2,2,3,2,0,0,0,0,0,0,0
2019-20,33,Tamilnadu,3328,THOOTHUKKUDI,332810,OTTAPIDARAM,Rural,1,cat1,"PS (I-V)",2,"Tribal Welfare Department",4,OBC,0,0,1,1,0,0,0,0,0,0,0,0,0,0,0,1,1,1,3,0,0,0,0,0,0,0
2019-20,33,Tamilnadu,3328,THOOTHUKKUDI,332811,VILATHIKULAM,Rural,1,cat1,"PS (I-V)",2,"Tribal Welfare Department",4,OBC,0,0,0,0,0,0,0,0,0,0,0,0,0,0,0,0,0,0,0,0,0,0,0,0,0,0
2019-20,33,Tamilnadu,3328,THOOTHUKKUDI,332813,"THOOTHUKUDI RURAL",Rural,1,cat1,"PS (I-V)",2,"Tribal Welfare Department",4,OBC,0,0,0,0,0,0,0,0,0,0,0,0,0,0,0,0,0,0,0,0,0,0,0,0,0,0
2019-20,33,Tamilnadu,3328,THOOTHUKKUDI,332803,SRIVAIKUNDAM,Urban,1,cat1,"PS (I-V)",2,"Tribal Welfare Department",4,OBC,0,0,0,0,0,0,0,0,0,0,0,0,0,0,0,0,0,2,0,0,0,0,0,0,0,0
2019-20,33,Tamilnadu,3328,THOOTHUKKUDI,332801,"THOOTHUKUDI URBAN",Urban,1,cat1,"PS (I-V)",3,"Local body",4,OBC,0,0,45,63,60,53,44,0,0,0,0,0,0,0,45,50,37,47,50,0,0,0,0,0,0,0
2019-20,33,Tamilnadu,3328,THOOTHUKKUDI,332808,KOVILPATTI,Urban,1,cat1,"PS (I-V)",3,"Local body",4,OBC,0,0,4,17,19,12,13,0,0,0,0,0,0,0,16,14,17,27,19,0,0,0,0,0,0,0
2019-20,33,Tamilnadu,3328,THOOTHUKKUDI,332802,KARUNKULAM,Rural,1,cat1,"PS (I-V)",4,"Government Aided",4,OBC,0,0,53,60,69,48,62,0,0,0,0,0,0,0,49,55,60,56,67,0,0,0,0,0,0,0
2019-20,33,Tamilnadu,3328,THOOTHUKKUDI,332803,SRIVAIKUNDAM,Rural,1,cat1,"PS (I-V)",4,"Government Aided",4,OBC,0,0,62,70,78,69,76,0,0,0,0,0,0,0,63,74,78,90,83,0,0,0,0,0,0,0
2019-20,33,Tamilnadu,3328,THOOTHUKKUDI,332804,ALWARTHIRUNAGAR,Rural,1,cat1,"PS (I-V)",4,"Government Aided",4,OBC,0,0,86,83,109,122,134,0,0,0,0,0,0,0,74,83,111,94,129,0,0,0,0,0,0,0
2019-20,33,Tamilnadu,3328,THOOTHUKKUDI,332805,THIRUCHENTHUR,Rural,1,cat1,"PS (I-V)",4,"Government Aided",4,OBC,0,0,56,56,54,55,69,0,0,0,0,0,0,0,50,40,60,43,63,0,0,0,0,0,0,0
2019-20,33,Tamilnadu,3328,THOOTHUKKUDI,332806,UDANGUDI,Rural,1,cat1,"PS (I-V)",4,"Government Aided",4,OBC,0,0,70,95,92,98,119,0,0,0,0,0,0,0,86,87,87,99,110,0,0,0,0,0,0,0
2019-20,33,Tamilnadu,3328,THOOTHUKKUDI,332807,SATHANKULAM,Rural,1,cat1,"PS (I-V)",4,"Government Aided",4,OBC,0,0,115,120,136,160,150,0,0,0,0,0,0,0,112,137,147,155,145,0,0,0,0,0,0,0
2019-20,33,Tamilnadu,3328,THOOTHUKKUDI,332808,KOVILPATTI,Rural,1,cat1,"PS (I-V)",4,"Government Aided",4,OBC,0,0,78,113,105,117,122,0,0,0,0,0,0,0,93,117,121,124,106,0,0,0,0,0,0,0
2019-20,33,Tamilnadu,3328,THOOTHUKKUDI,332809,KAYATHAR,Rural,1,cat1,"PS (I-V)",4,"Government Aided",4,OBC,0,0,75,111,116,111,111,0,0,0,0,0,0,0,81,85,81,101,91,0,0,0,0,0,0,0
2019-20,33,Tamilnadu,3328,THOOTHUKKUDI,332810,OTTAPIDARAM,Rural,1,cat1,"PS (I-V)",4,"Government Aided",4,OBC,0,0,121,131,155,171,182,0,0,0,0,0,0,0,121,163,180,177,196,0,0,0,0,0,0,0
2019-20,33,Tamilnadu,3328,THOOTHUKKUDI,332811,VILATHIKULAM,Rural,1,cat1,"PS (I-V)",4,"Government Aided",4,OBC,0,0,106,121,137,143,129,0,0,0,0,0,0,0,133,143,146,118,143,0,0,0,0,0,0,0
2019-20,33,Tamilnadu,3328,THOOTHUKKUDI,332812,PUDUR,Rural,1,cat1,"PS (I-V)",4,"Government Aided",4,OBC,0,0,21,30,35,39,42,0,0,0,0,0,0,0,37,34,37,42,39,0,0,0,0,0,0,0
2019-20,33,Tamilnadu,3328,THOOTHUKKUDI,332813,"THOOTHUKUDI RURAL",Rural,1,cat1,"PS (I-V)",4,"Government Aided",4,OBC,0,0,127,130,165,179,170,0,0,0,0,0,0,0,129,141,167,179,201,0,0,0,0,0,0,0
2019-20,33,Tamilnadu,3328,THOOTHUKKUDI,332801,"THOOTHUKUDI URBAN",Urban,1,cat1,"PS (I-V)",4,"Government Aided",4,OBC,0,0,284,309,349,377,397,0,0,0,0,0,0,0,288,296,368,431,432,0,0,0,0,0,0,0
2019-20,33,Tamilnadu,3328,THOOTHUKKUDI,332803,SRIVAIKUNDAM,Urban,1,cat1,"PS (I-V)",4,"Government Aided",4,OBC,0,0,43,59,67,85,79,0,0,0,0,0,0,0,67,65,64,59,83,0,0,0,0,0,0,0
2019-20,33,Tamilnadu,3328,THOOTHUKKUDI,332804,ALWARTHIRUNAGAR,Urban,1,cat1,"PS (I-V)",4,"Government Aided",4,OBC,0,0,85,110,97,90,110,0,0,0,0,0,0,0,86,102,123,109,94,0,0,0,0,0,0,0
2019-20,33,Tamilnadu,3328,THOOTHUKKUDI,332805,THIRUCHENTHUR,Urban,1,cat1,"PS (I-V)",4,"Government Aided",4,OBC,0,0,125,122,159,167,169,0,0,0,0,0,0,0,97,103,105,132,134,0,0,0,0,0,0,0
2019-20,33,Tamilnadu,3328,THOOTHUKKUDI,332806,UDANGUDI,Urban,1,cat1,"PS (I-V)",4,"Government Aided",4,OBC,0,0,8,7,4,17,12,0,0,0,0,0,0,0,8,12,9,13,9,0,0,0,0,0,0,0
2019-20,33,Tamilnadu,3328,THOOTHUKKUDI,332807,SATHANKULAM,Urban,1,cat1,"PS (I-V)",4,"Government Aided",4,OBC,0,0,40,39,52,53,43,0,0,0,0,0,0,0,49,38,45,45,43,0,0,0,0,0,0,0
2019-20,33,Tamilnadu,3328,THOOTHUKKUDI,332808,KOVILPATTI,Urban,1,cat1,"PS (I-V)",4,"Government Aided",4,OBC,13,10,100,100,140,140,136,0,0,0,0,0,0,0,90,114,123,137,148,0,0,0,0,0,0,0
2019-20,33,Tamilnadu,3328,THOOTHUKKUDI,332809,KAYATHAR,Urban,1,cat1,"PS (I-V)",4,"Government Aided",4,OBC,0,0,40,51,52,51,46,0,0,0,0,0,0,0,66,60,64,74,88,0,0,0,0,0,0,0
2019-20,33,Tamilnadu,3328,THOOTHUKKUDI,332811,VILATHIKULAM,Urban,1,cat1,"PS (I-V)",4,"Government Aided",4,OBC,0,0,1,3,5,3,3,0,0,0,0,0,0,0,1,2,3,1,4,0,0,0,0,0,0,0
2019-20,33,Tamilnadu,3328,THOOTHUKKUDI,332812,PUDUR,Urban,1,cat1,"PS (I-V)",4,"Government Aided",4,OBC,0,0,30,27,28,37,31,0,0,0,0,0,0,0,23,34,26,39,46,0,0,0,0,0,0,0
2019-20,33,Tamilnadu,3328,THOOTHUKKUDI,332813,"THOOTHUKUDI RURAL",Urban,1,cat1,"PS (I-V)",4,"Government Aided",4,OBC,0,0,65,63,67,68,82,0,0,0,0,0,0,0,70,50,59,71,78,0,0,0,0,0,0,0
2019-20,33,Tamilnadu,3328,THOOTHUKKUDI,332802,KARUNKULAM,Rural,1,cat1,"PS (I-V)",5,"Private Unaided (Recognized)",4,OBC,87,78,43,27,30,26,19,0,0,0,0,0,0,0,41,27,28,20,19,0,0,0,0,0,0,0
2019-20,33,Tamilnadu,3328,THOOTHUKKUDI,332803,SRIVAIKUNDAM,Rural,1,cat1,"PS (I-V)",5,"Private Unaided (Recognized)",4,OBC,65,41,32,39,39,24,24,0,0,0,0,0,0,0,35,26,25,38,26,0,0,0,0,0,0,0
2019-20,33,Tamilnadu,3328,THOOTHUKKUDI,332804,ALWARTHIRUNAGAR,Rural,1,cat1,"PS (I-V)",5,"Private Unaided (Recognized)",4,OBC,235,208,126,127,126,91,132,0,0,0,0,0,0,0,92,107,93,79,79,0,0,0,0,0,0,0
2019-20,33,Tamilnadu,3328,THOOTHUKKUDI,332805,THIRUCHENTHUR,Rural,1,cat1,"PS (I-V)",5,"Private Unaided (Recognized)",4,OBC,40,39,15,19,13,16,20,0,0,0,0,0,0,0,16,20,22,17,16,0,0,0,0,0,0,0
2019-20,33,Tamilnadu,3328,THOOTHUKKUDI,332806,UDANGUDI,Rural,1,cat1,"PS (I-V)",5,"Private Unaided (Recognized)",4,OBC,120,109,54,61,65,68,58,0,0,0,0,0,0,0,80,64,50,64,61,0,0,0,0,0,0,0
2019-20,33,Tamilnadu,3328,THOOTHUKKUDI,332807,SATHANKULAM,Rural,1,cat1,"PS (I-V)",5,"Private Unaided (Recognized)",4,OBC,23,22,9,15,8,13,7,0,0,0,0,0,0,0,5,10,5,8,3,0,0,0,0,0,0,0
2019-20,33,Tamilnadu,3328,THOOTHUKKUDI,332808,KOVILPATTI,Rural,1,cat1,"PS (I-V)",5,"Private Unaided (Recognized)",4,OBC,203,164,79,61,59,50,26,0,0,0,0,0,0,0,72,59,65,44,26,0,0,0,0,0,0,0
2019-20,33,Tamilnadu,3328,THOOTHUKKUDI,332809,KAYATHAR,Rural,1,cat1,"PS (I-V)",5,"Private Unaided (Recognized)",4,OBC,25,40,17,12,12,12,2,0,0,0,0,0,0,0,11,7,7,12,6,0,0,0,0,0,0,0
2019-20,33,Tamilnadu,3328,THOOTHUKKUDI,332810,OTTAPIDARAM,Rural,1,cat1,"PS (I-V)",5,"Private Unaided (Recognized)",4,OBC,166,167,76,62,68,57,43,0,0,0,0,0,0,0,66,59,53,43,35,0,0,0,0,0,0,0
2019-20,33,Tamilnadu,3328,THOOTHUKKUDI,332811,VILATHIKULAM,Rural,1,cat1,"PS (I-V)",5,"Private Unaided (Recognized)",4,OBC,104,82,44,34,35,19,27,0,0,0,0,0,0,0,35,32,22,15,13,0,0,0,0,0,0,0
2019-20,33,Tamilnadu,3328,THOOTHUKKUDI,332812,PUDUR,Rural,1,cat1,"PS (I-V)",5,"Private Unaided (Recognized)",4,OBC,8,4,5,3,5,3,1,0,0,0,0,0,0,0,2,5,5,1,4,0,0,0,0,0,0,0
2019-20,33,Tamilnadu,3328,THOOTHUKKUDI,332813,"THOOTHUKUDI RURAL",Rural,1,cat1,"PS (I-V)",5,"Private Unaided (Recognized)",4,OBC,418,360,172,168,180,148,134,0,0,0,0,0,0,0,130,134,158,125,107,0,0,0,0,0,0,0
2019-20,33,Tamilnadu,3328,THOOTHUKKUDI,332801,"THOOTHUKUDI URBAN",Urban,1,cat1,"PS (I-V)",5,"Private Unaided (Recognized)",4,OBC,857,1188,331,321,315,258,274,0,0,0,0,0,0,0,262,244,226,234,210,0,0,0,0,0,0,0
2019-20,33,Tamilnadu,3328,THOOTHUKKUDI,332803,SRIVAIKUNDAM,Urban,1,cat1,"PS (I-V)",5,"Private Unaided (Recognized)",4,OBC,221,217,125,117,100,99,87,0,0,0,0,0,0,0,120,121,92,90,91,0,0,0,0,0,0,0
2019-20,33,Tamilnadu,3328,THOOTHUKKUDI,332804,ALWARTHIRUNAGAR,Urban,1,cat1,"PS (I-V)",5,"Private Unaided (Recognized)",4,OBC,270,213,132,150,136,125,134,0,0,0,0,0,0,0,120,122,112,114,97,0,0,0,0,0,0,0
2019-20,33,Tamilnadu,3328,THOOTHUKKUDI,332805,THIRUCHENTHUR,Urban,1,cat1,"PS (I-V)",5,"Private Unaided (Recognized)",4,OBC,166,149,63,58,63,47,41,0,0,0,0,0,0,0,84,58,67,47,68,0,0,0,0,0,0,0
2019-20,33,Tamilnadu,3328,THOOTHUKKUDI,332806,UDANGUDI,Urban,1,cat1,"PS (I-V)",5,"Private Unaided (Recognized)",4,OBC,64,64,31,33,34,34,37,0,0,0,0,0,0,0,33,26,23,33,31,0,0,0,0,0,0,0
2019-20,33,Tamilnadu,3328,THOOTHUKKUDI,332807,SATHANKULAM,Urban,1,cat1,"PS (I-V)",5,"Private Unaided (Recognized)",4,OBC,35,40,5,8,13,11,10,0,0,0,0,0,0,0,7,11,4,3,6,0,0,0,0,0,0,0
2019-20,33,Tamilnadu,3328,THOOTHUKKUDI,332808,KOVILPATTI,Urban,1,cat1,"PS (I-V)",5,"Private Unaided (Recognized)",4,OBC,195,213,102,76,55,69,62,0,0,0,0,0,0,0,79,90,60,65,60,0,0,0,0,0,0,0
2019-20,33,Tamilnadu,3328,THOOTHUKKUDI,332809,KAYATHAR,Urban,1,cat1,"PS (I-V)",5,"Private Unaided (Recognized)",4,OBC,77,70,43,39,37,34,20,0,0,0,0,0,0,0,42,31,29,33,29,0,0,0,0,0,0,0
2019-20,33,Tamilnadu,3328,THOOTHUKKUDI,332811,VILATHIKULAM,Urban,1,cat1,"PS (I-V)",5,"Private Unaided (Recognized)",4,OBC,111,122,46,45,59,51,33,0,0,0,0,0,0,0,61,46,38,46,35,0,0,0,0,0,0,0
2019-20,33,Tamilnadu,3328,THOOTHUKKUDI,332812,PUDUR,Urban,1,cat1,"PS (I-V)",5,"Private Unaided (Recognized)",4,OBC,46,53,20,17,23,18,13,0,0,0,0,0,0,0,15,22,11,11,13,0,0,0,0,0,0,0
2019-20,33,Tamilnadu,3328,THOOTHUKKUDI,332813,"THOOTHUKUDI RURAL",Urban,1,cat1,"PS (I-V)",5,"Private Unaided (Recognized)",4,OBC,188,149,53,57,69,55,64,0,0,0,0,0,0,0,62,50,48,46,51,0,0,0,0,0,0,0
2019-20,33,Tamilnadu,3328,THOOTHUKKUDI,332803,SRIVAIKUNDAM,Rural,1,cat1,"PS (I-V)",8,Unrecognized,4,OBC,13,7,5,1,1,0,0,0,0,0,0,0,0,0,2,3,3,0,0,0,0,0,0,0,0,0
2019-20,33,Tamilnadu,3328,THOOTHUKKUDI,332808,KOVILPATTI,Rural,1,cat1,"PS (I-V)",8,Unrecognized,4,OBC,0,2,0,0,1,0,0,0,0,0,0,0,0,0,1,0,0,1,0,0,0,0,0,0,0,0
2019-20,33,Tamilnadu,3328,THOOTHUKKUDI,332809,KAYATHAR,Rural,1,cat1,"PS (I-V)",8,Unrecognized,4,OBC,30,32,8,12,5,9,4,0,0,0,0,0,0,0,12,8,7,6,6,0,0,0,0,0,0,0
2019-20,33,Tamilnadu,3328,THOOTHUKKUDI,332810,OTTAPIDARAM,Rural,1,cat1,"PS (I-V)",8,Unrecognized,4,OBC,6,9,2,4,4,4,1,0,0,0,0,0,0,0,6,4,2,3,1,0,0,0,0,0,0,0
2019-20,33,Tamilnadu,3328,THOOTHUKKUDI,332813,"THOOTHUKUDI RURAL",Rural,1,cat1,"PS (I-V)",8,Unrecognized,4,OBC,22,17,7,4,5,3,3,0,0,0,0,0,0,0,11,6,6,4,0,0,0,0,0,0,0,0
2019-20,33,Tamilnadu,3328,THOOTHUKKUDI,332801,"THOOTHUKUDI URBAN",Urban,1,cat1,"PS (I-V)",8,Unrecognized,4,OBC,48,37,21,16,12,10,2,0,0,0,0,0,0,0,20,16,16,13,4,0,0,0,0,0,0,0
2019-20,33,Tamilnadu,3328,THOOTHUKKUDI,332805,THIRUCHENTHUR,Urban,1,cat1,"PS (I-V)",8,Unrecognized,4,OBC,94,88,13,10,0,0,0,0,0,0,0,0,0,0,16,7,13,8,17,0,0,0,0,0,0,0
2019-20,33,Tamilnadu,3328,THOOTHUKKUDI,332808,KOVILPATTI,Urban,1,cat1,"PS (I-V)",8,Unrecognized,4,OBC,2,5,3,1,1,0,1,0,0,0,0,0,0,0,1,3,1,3,1,0,0,0,0,0,0,0
2019-20,33,Tamilnadu,3328,THOOTHUKKUDI,332809,KAYATHAR,Urban,1,cat1,"PS (I-V)",8,Unrecognized,4,OBC,24,15,8,10,3,2,0,0,0,0,0,0,0,0,6,4,2,1,0,0,0,0,0,0,0,0
2019-20,33,Tamilnadu,3328,THOOTHUKKUDI,332803,SRIVAIKUNDAM,Rural,1,cat1,"PS (I-V)",101,"Other Central Govt. Schools",4,OBC,6,4,7,1,4,7,3,0,0,0,0,0,0,0,4,1,7,4,6,0,0,0,0,0,0,0
2019-20,33,Tamilnadu,3328,THOOTHUKKUDI,332810,OTTAPIDARAM,Rural,6,cat6,"SS (I-X)",1,"Department of Education",4,OBC,0,0,0,0,0,0,0,0,1,0,0,1,0,0,0,1,1,1,0,0,0,1,0,0,0,0
2019-20,33,Tamilnadu,3328,THOOTHUKKUDI,332802,KARUNKULAM,Rural,6,cat6,"SS (I-X)",5,"Private Unaided (Recognized)",4,OBC,138,93,90,74,73,41,51,69,50,43,45,33,0,0,49,58,45,46,61,51,32,44,35,33,0,0
2019-20,33,Tamilnadu,3328,THOOTHUKKUDI,332803,SRIVAIKUNDAM,Rural,6,cat6,"SS (I-X)",5,"Private Unaided (Recognized)",4,OBC,56,66,24,27,31,27,14,10,20,12,10,15,0,0,27,19,28,20,21,13,11,13,13,12,0,0
2019-20,33,Tamilnadu,3328,THOOTHUKKUDI,332805,THIRUCHENTHUR,Rural,6,cat6,"SS (I-X)",5,"Private Unaided (Recognized)",4,OBC,38,26,26,38,21,25,30,15,18,15,8,5,0,0,21,22,27,24,24,9,8,4,2,3,0,0
2019-20,33,Tamilnadu,3328,THOOTHUKKUDI,332807,SATHANKULAM,Rural,6,cat6,"SS (I-X)",5,"Private Unaided (Recognized)",4,OBC,64,48,32,35,28,22,27,31,17,15,9,8,0,0,29,23,23,15,14,17,12,12,10,8,0,0
2019-20,33,Tamilnadu,3328,THOOTHUKKUDI,332808,KOVILPATTI,Rural,6,cat6,"SS (I-X)",5,"Private Unaided (Recognized)",4,OBC,131,103,77,81,72,70,64,63,75,55,65,10,0,0,75,56,61,50,49,52,45,38,42,6,0,0
2019-20,33,Tamilnadu,3328,THOOTHUKKUDI,332809,KAYATHAR,Rural,6,cat6,"SS (I-X)",5,"Private Unaided (Recognized)",4,OBC,74,68,42,41,63,40,28,23,20,19,16,10,0,0,46,37,36,28,28,30,23,17,11,14,0,0
2019-20,33,Tamilnadu,3328,THOOTHUKKUDI,332810,OTTAPIDARAM,Rural,6,cat6,"SS (I-X)",5,"Private Unaided (Recognized)",4,OBC,36,31,25,26,23,25,26,21,26,12,4,3,0,0,23,12,15,20,16,15,7,6,6,2,0,0
2019-20,33,Tamilnadu,3328,THOOTHUKKUDI,332811,VILATHIKULAM,Rural,6,cat6,"SS (I-X)",5,"Private Unaided (Recognized)",4,OBC,102,52,42,45,47,34,46,35,39,30,29,16,0,0,41,46,40,28,33,25,32,21,19,16,0,0
2019-20,33,Tamilnadu,3328,THOOTHUKKUDI,332812,PUDUR,Rural,6,cat6,"SS (I-X)",5,"Private Unaided (Recognized)",4,OBC,58,51,30,38,35,30,35,41,43,43,39,40,0,0,31,22,34,27,29,24,25,30,27,26,0,0
2019-20,33,Tamilnadu,3328,THOOTHUKKUDI,332813,"THOOTHUKUDI RURAL",Rural,6,cat6,"SS (I-X)",5,"Private Unaided (Recognized)",4,OBC,318,251,185,181,171,191,176,149,136,109,72,73,0,0,157,157,146,154,126,102,82,48,58,49,0,0
2019-20,33,Tamilnadu,3328,THOOTHUKKUDI,332801,"THOOTHUKUDI URBAN",Urban,6,cat6,"SS (I-X)",5,"Private Unaided (Recognized)",4,OBC,459,356,230,212,212,188,171,177,179,164,94,69,0,0,187,185,180,154,168,131,106,81,54,58,0,0
2019-20,33,Tamilnadu,3328,THOOTHUKKUDI,332803,SRIVAIKUNDAM,Urban,6,cat6,"SS (I-X)",5,"Private Unaided (Recognized)",4,OBC,70,62,59,32,35,27,36,41,25,31,31,29,0,0,35,25,33,29,29,30,21,20,7,19,0,0
2019-20,33,Tamilnadu,3328,THOOTHUKKUDI,332805,THIRUCHENTHUR,Urban,6,cat6,"SS (I-X)",5,"Private Unaided (Recognized)",4,OBC,27,29,24,17,25,16,18,17,17,14,15,16,0,0,17,21,17,17,15,16,19,15,15,15,0,0
2019-20,33,Tamilnadu,3328,THOOTHUKKUDI,332808,KOVILPATTI,Urban,6,cat6,"SS (I-X)",5,"Private Unaided (Recognized)",4,OBC,176,166,80,104,98,74,69,68,40,40,46,34,0,0,82,72,72,54,76,45,48,50,33,38,0,0
2019-20,33,Tamilnadu,3328,THOOTHUKKUDI,332809,KAYATHAR,Urban,6,cat6,"SS (I-X)",5,"Private Unaided (Recognized)",4,OBC,34,46,27,16,27,16,32,29,27,33,27,38,0,0,19,15,20,25,19,23,25,30,35,23,0,0
2019-20,33,Tamilnadu,3328,THOOTHUKKUDI,332811,VILATHIKULAM,Urban,6,cat6,"SS (I-X)",5,"Private Unaided (Recognized)",4,OBC,33,16,9,13,9,12,9,11,9,7,10,8,0,0,6,12,6,7,10,7,11,4,3,1,0,0
2019-20,33,Tamilnadu,3328,THOOTHUKKUDI,332802,KARUNKULAM,Rural,7,cat7,"SS (VI-X)",1,"Department of Education",4,OBC,0,0,0,0,0,0,0,27,23,22,27,15,0,0,0,0,0,0,0,17,26,19,27,29,0,0
2019-20,33,Tamilnadu,3328,THOOTHUKKUDI,332803,SRIVAIKUNDAM,Rural,7,cat7,"SS (VI-X)",1,"Department of Education",4,OBC,0,0,0,0,0,0,0,5,11,5,5,3,0,0,0,0,0,0,0,8,7,4,9,8,0,0
2019-20,33,Tamilnadu,3328,THOOTHUKKUDI,332805,THIRUCHENTHUR,Rural,7,cat7,"SS (VI-X)",1,"Department of Education",4,OBC,0,0,0,0,0,0,0,0,0,0,0,1,0,0,0,0,0,0,0,0,0,0,0,0,0,0
2019-20,33,Tamilnadu,3328,THOOTHUKKUDI,332806,UDANGUDI,Rural,7,cat7,"SS (VI-X)",1,"Department of Education",4,OBC,0,0,0,0,0,0,0,10,7,5,6,11,0,0,0,0,0,0,0,5,7,5,6,5,0,0
2019-20,33,Tamilnadu,3328,THOOTHUKKUDI,332807,SATHANKULAM,Rural,7,cat7,"SS (VI-X)",1,"Department of Education",4,OBC,0,0,0,0,0,0,0,12,15,7,21,17,0,0,0,0,0,0,0,17,8,13,19,19,0,0
2019-20,33,Tamilnadu,3328,THOOTHUKKUDI,332808,KOVILPATTI,Rural,7,cat7,"SS (VI-X)",1,"Department of Education",4,OBC,0,0,0,0,0,0,0,15,21,15,38,16,0,0,0,0,0,0,0,13,19,11,33,17,0,0
2019-20,33,Tamilnadu,3328,THOOTHUKKUDI,332809,KAYATHAR,Rural,7,cat7,"SS (VI-X)",1,"Department of Education",4,OBC,0,0,0,0,0,0,0,53,50,37,45,41,0,0,0,0,0,0,0,55,67,54,54,40,0,0
2019-20,33,Tamilnadu,3328,THOOTHUKKUDI,332810,OTTAPIDARAM,Rural,7,cat7,"SS (VI-X)",1,"Department of Education",4,OBC,0,0,0,0,0,0,0,18,20,21,22,20,0,0,0,0,0,0,0,19,22,13,31,22,0,0
2019-20,33,Tamilnadu,3328,THOOTHUKKUDI,332811,VILATHIKULAM,Rural,7,cat7,"SS (VI-X)",1,"Department of Education",4,OBC,0,0,0,0,0,0,0,40,50,44,46,30,0,0,0,0,0,0,0,48,48,25,41,37,0,0
2019-20,33,Tamilnadu,3328,THOOTHUKKUDI,332812,PUDUR,Rural,7,cat7,"SS (VI-X)",1,"Department of Education",4,OBC,0,0,0,0,0,0,0,29,31,19,36,25,0,0,0,0,0,0,0,30,19,29,25,20,0,0
2019-20,33,Tamilnadu,3328,THOOTHUKKUDI,332813,"THOOTHUKUDI RURAL",Rural,7,cat7,"SS (VI-X)",1,"Department of Education",4,OBC,0,0,0,0,0,0,0,0,0,0,0,0,0,0,0,0,0,0,0,0,0,1,1,0,0,0
2019-20,33,Tamilnadu,3328,THOOTHUKKUDI,332808,KOVILPATTI,Urban,7,cat7,"SS (VI-X)",1,"Department of Education",4,OBC,0,0,0,0,0,0,0,9,15,7,15,9,0,0,0,0,0,0,0,18,13,14,10,23,0,0
2019-20,33,Tamilnadu,3328,THOOTHUKKUDI,332809,KAYATHAR,Rural,7,cat7,"SS (VI-X)",2,"Tribal Welfare Department",4,OBC,0,0,0,0,0,0,0,4,3,6,9,6,0,0,0,0,0,0,0,6,8,6,7,3,0,0
2019-20,33,Tamilnadu,3328,THOOTHUKKUDI,332803,SRIVAIKUNDAM,Rural,7,cat7,"SS (VI-X)",4,"Government Aided",4,OBC,0,0,0,0,0,0,0,16,18,21,20,26,0,0,0,0,0,0,0,19,28,21,36,34,0,0
2019-20,33,Tamilnadu,3328,THOOTHUKKUDI,332804,ALWARTHIRUNAGAR,Rural,7,cat7,"SS (VI-X)",4,"Government Aided",4,OBC,0,0,0,0,0,0,0,10,2,11,9,7,0,0,0,0,0,0,0,15,17,16,30,21,0,0
2019-20,33,Tamilnadu,3328,THOOTHUKKUDI,332805,THIRUCHENTHUR,Rural,7,cat7,"SS (VI-X)",4,"Government Aided",4,OBC,0,0,0,0,0,0,0,29,24,32,42,18,0,0,0,0,0,0,0,35,31,29,42,28,0,0
2019-20,33,Tamilnadu,3328,THOOTHUKKUDI,332806,UDANGUDI,Rural,7,cat7,"SS (VI-X)",4,"Government Aided",4,OBC,0,0,0,0,0,0,0,26,30,21,26,24,0,0,0,0,0,0,0,24,15,23,21,26,0,0
2019-20,33,Tamilnadu,3328,THOOTHUKKUDI,332807,SATHANKULAM,Rural,7,cat7,"SS (VI-X)",4,"Government Aided",4,OBC,0,0,0,0,0,0,0,62,67,59,63,41,0,0,0,0,0,0,0,67,84,74,72,74,0,0
2019-20,33,Tamilnadu,3328,THOOTHUKKUDI,332808,KOVILPATTI,Rural,7,cat7,"SS (VI-X)",4,"Government Aided",4,OBC,0,0,0,0,0,0,0,52,50,62,87,77,0,0,0,0,0,0,0,51,49,50,75,78,0,0
2019-20,33,Tamilnadu,3328,THOOTHUKKUDI,332809,KAYATHAR,Rural,7,cat7,"SS (VI-X)",4,"Government Aided",4,OBC,0,0,0,0,0,0,0,106,106,112,113,103,0,0,0,0,0,0,0,124,115,124,121,114,0,0
2019-20,33,Tamilnadu,3328,THOOTHUKKUDI,332810,OTTAPIDARAM,Rural,7,cat7,"SS (VI-X)",4,"Government Aided",4,OBC,0,0,0,0,0,0,0,1,4,4,3,4,0,0,0,0,0,0,0,1,2,1,2,5,0,0
2019-20,33,Tamilnadu,3328,THOOTHUKKUDI,332811,VILATHIKULAM,Rural,7,cat7,"SS (VI-X)",4,"Government Aided",4,OBC,0,0,0,0,0,0,0,31,34,32,33,36,0,0,0,0,0,0,0,40,37,31,38,27,0,0
2019-20,33,Tamilnadu,3328,THOOTHUKKUDI,332812,PUDUR,Rural,7,cat7,"SS (VI-X)",4,"Government Aided",4,OBC,0,0,0,0,0,0,0,21,32,21,30,27,0,0,0,0,0,0,0,31,47,40,26,27,0,0
2019-20,33,Tamilnadu,3328,THOOTHUKKUDI,332813,"THOOTHUKUDI RURAL",Rural,7,cat7,"SS (VI-X)",4,"Government Aided",4,OBC,0,0,0,0,0,0,0,70,67,69,77,60,0,0,0,0,0,0,0,73,67,63,66,56,0,0
2019-20,33,Tamilnadu,3328,THOOTHUKKUDI,332801,"THOOTHUKUDI URBAN",Urban,7,cat7,"SS (VI-X)",4,"Government Aided",4,OBC,0,0,0,0,0,0,0,84,71,64,47,50,0,0,0,0,0,0,0,52,35,39,43,42,0,0
2019-20,33,Tamilnadu,3328,THOOTHUKKUDI,332805,THIRUCHENTHUR,Urban,7,cat7,"SS (VI-X)",4,"Government Aided",4,OBC,0,0,0,0,0,0,0,53,59,58,46,54,0,0,0,0,0,0,0,24,35,27,44,42,0,0
2019-20,33,Tamilnadu,3328,THOOTHUKKUDI,332808,KOVILPATTI,Urban,7,cat7,"SS (VI-X)",4,"Government Aided",4,OBC,0,0,0,0,0,0,0,24,22,21,14,15,0,0,0,0,0,0,0,20,14,18,18,17,0,0
2019-20,33,Tamilnadu,3328,THOOTHUKKUDI,332812,PUDUR,Urban,7,cat7,"SS (VI-X)",4,"Government Aided",4,OBC,0,0,0,0,0,0,0,37,35,21,30,31,0,0,0,0,0,0,0,41,41,41,36,35,0,0
2019-20,33,Tamilnadu,3328,THOOTHUKKUDI,332813,"THOOTHUKUDI RURAL",Urban,7,cat7,"SS (VI-X)",4,"Government Aided",4,OBC,0,0,0,0,0,0,0,26,27,23,38,17,0,0,0,0,0,0,0,33,28,25,21,22,0,0
2019-20,33,Tamilnadu,3328,THOOTHUKKUDI,332804,ALWARTHIRUNAGAR,Rural,7,cat7,"SS (VI-X)",5,"Private Unaided (Recognized)",4,OBC,0,0,0,0,0,0,0,3,16,9,7,8,0,0,0,0,0,0,0,3,5,1,5,4,0,0
2019-20,33,Tamilnadu,3328,THOOTHUKKUDI,332809,KAYATHAR,Rural,7,cat7,"SS (VI-X)",5,"Private Unaided (Recognized)",4,OBC,0,0,0,0,0,0,0,5,5,7,8,1,0,0,0,0,0,0,0,2,6,0,2,0,0,0
2019-20,33,Tamilnadu,3328,THOOTHUKKUDI,332811,VILATHIKULAM,Rural,7,cat7,"SS (VI-X)",5,"Private Unaided (Recognized)",4,OBC,0,0,0,0,0,0,0,5,7,6,10,10,0,0,0,0,0,0,0,4,5,2,6,13,0,0
2019-20,33,Tamilnadu,3328,THOOTHUKKUDI,332801,"THOOTHUKUDI URBAN",Urban,7,cat7,"SS (VI-X)",5,"Private Unaided (Recognized)",4,OBC,0,0,0,0,0,0,0,29,26,43,25,23,0,0,0,0,0,0,0,34,32,32,25,30,0,0
2019-20,33,Tamilnadu,3328,THOOTHUKKUDI,332802,KARUNKULAM,Rural,2,cat2,"UPS (I-VIII)",1,"Department of Education",4,OBC,0,0,9,11,12,3,8,13,17,7,0,0,0,0,7,13,13,14,10,22,14,19,0,0,0,0
2019-20,33,Tamilnadu,3328,THOOTHUKKUDI,332803,SRIVAIKUNDAM,Rural,2,cat2,"UPS (I-VIII)",1,"Department of Education",4,OBC,0,0,3,13,11,13,19,10,17,15,0,0,0,0,10,13,13,10,18,12,19,18,0,0,0,0
2019-20,33,Tamilnadu,3328,THOOTHUKKUDI,332804,ALWARTHIRUNAGAR,Rural,2,cat2,"UPS (I-VIII)",1,"Department of Education",4,OBC,40,43,71,58,50,49,51,56,39,35,0,0,0,0,52,71,64,56,45,44,47,37,0,0,0,0
2019-20,33,Tamilnadu,3328,THOOTHUKKUDI,332805,THIRUCHENTHUR,Rural,2,cat2,"UPS (I-VIII)",1,"Department of Education",4,OBC,0,0,7,10,15,12,12,6,21,11,0,0,0,0,5,12,8,14,13,11,14,14,0,0,0,0
2019-20,33,Tamilnadu,3328,THOOTHUKKUDI,332806,UDANGUDI,Rural,2,cat2,"UPS (I-VIII)",1,"Department of Education",4,OBC,0,0,2,3,5,4,2,4,8,8,0,0,0,0,7,3,3,6,7,8,9,9,0,0,0,0
2019-20,33,Tamilnadu,3328,THOOTHUKKUDI,332807,SATHANKULAM,Rural,2,cat2,"UPS (I-VIII)",1,"Department of Education",4,OBC,0,0,22,22,24,22,33,29,24,23,0,0,0,0,25,23,23,23,32,19,25,23,0,0,0,0
2019-20,33,Tamilnadu,3328,THOOTHUKKUDI,332808,KOVILPATTI,Rural,2,cat2,"UPS (I-VIII)",1,"Department of Education",4,OBC,15,19,30,38,44,44,38,49,47,40,0,0,0,0,35,35,43,30,45,53,54,53,0,0,0,0
2019-20,33,Tamilnadu,3328,THOOTHUKKUDI,332809,KAYATHAR,Rural,2,cat2,"UPS (I-VIII)",1,"Department of Education",4,OBC,13,13,19,23,19,20,26,23,38,32,0,0,0,0,17,25,30,32,23,32,33,24,0,0,0,0
2019-20,33,Tamilnadu,3328,THOOTHUKKUDI,332810,OTTAPIDARAM,Rural,2,cat2,"UPS (I-VIII)",1,"Department of Education",4,OBC,12,5,20,21,15,19,18,12,25,25,0,0,0,0,15,23,24,17,25,24,34,19,0,0,0,0
2019-20,33,Tamilnadu,3328,THOOTHUKKUDI,332811,VILATHIKULAM,Rural,2,cat2,"UPS (I-VIII)",1,"Department of Education",4,OBC,9,11,10,8,9,16,9,20,19,20,0,0,0,0,9,14,16,18,17,14,15,25,0,0,0,0
2019-20,33,Tamilnadu,3328,THOOTHUKKUDI,332812,PUDUR,Rural,2,cat2,"UPS (I-VIII)",1,"Department of Education",4,OBC,20,20,40,27,44,34,38,47,43,52,0,0,0,0,37,40,48,43,44,45,42,60,0,0,0,0
2019-20,33,Tamilnadu,3328,THOOTHUKKUDI,332813,"THOOTHUKUDI RURAL",Rural,2,cat2,"UPS (I-VIII)",1,"Department of Education",4,OBC,0,0,4,2,4,11,6,5,8,8,0,0,0,0,3,6,7,4,6,2,2,3,0,0,0,0
2019-20,33,Tamilnadu,3328,THOOTHUKKUDI,332803,SRIVAIKUNDAM,Urban,2,cat2,"UPS (I-VIII)",1,"Department of Education",4,OBC,12,11,5,10,7,6,8,13,14,7,0,0,0,0,7,12,10,13,9,6,20,13,0,0,0,0
2019-20,33,Tamilnadu,3328,THOOTHUKKUDI,332804,ALWARTHIRUNAGAR,Urban,2,cat2,"UPS (I-VIII)",1,"Department of Education",4,OBC,0,0,9,12,11,9,13,3,8,9,0,0,0,0,12,6,14,13,14,8,11,7,0,0,0,0
2019-20,33,Tamilnadu,3328,THOOTHUKKUDI,332805,THIRUCHENTHUR,Urban,2,cat2,"UPS (I-VIII)",1,"Department of Education",4,OBC,10,2,18,18,20,24,20,18,14,31,0,0,0,0,20,19,20,20,20,21,12,10,0,0,0,0
2019-20,33,Tamilnadu,3328,THOOTHUKKUDI,332806,UDANGUDI,Urban,2,cat2,"UPS (I-VIII)",1,"Department of Education",4,OBC,25,19,17,14,11,19,11,10,19,27,0,0,0,0,15,8,12,8,8,20,12,18,0,0,0,0
2019-20,33,Tamilnadu,3328,THOOTHUKKUDI,332809,KAYATHAR,Urban,2,cat2,"UPS (I-VIII)",1,"Department of Education",4,OBC,28,19,15,7,7,8,13,8,11,4,0,0,0,0,9,14,7,6,11,10,7,10,0,0,0,0
2019-20,33,Tamilnadu,3328,THOOTHUKKUDI,332812,PUDUR,Urban,2,cat2,"UPS (I-VIII)",1,"Department of Education",4,OBC,13,9,3,4,8,2,5,3,9,6,0,0,0,0,2,3,2,7,5,9,4,3,0,0,0,0
2019-20,33,Tamilnadu,3328,THOOTHUKKUDI,332813,"THOOTHUKUDI RURAL",Urban,2,cat2,"UPS (I-VIII)",1,"Department of Education",4,OBC,0,0,13,8,3,9,5,8,12,9,0,0,0,0,3,6,16,10,10,9,7,15,0,0,0,0
2019-20,33,Tamilnadu,3328,THOOTHUKKUDI,332806,UDANGUDI,Rural,2,cat2,"UPS (I-VIII)",2,"Tribal Welfare Department",4,OBC,0,0,0,0,0,0,0,0,0,0,0,0,0,0,0,0,0,0,0,0,0,0,0,0,0,0
2019-20,33,Tamilnadu,3328,THOOTHUKKUDI,332813,"THOOTHUKUDI RURAL",Rural,2,cat2,"UPS (I-VIII)",2,"Tribal Welfare Department",4,OBC,0,0,0,0,0,1,4,5,8,13,0,0,0,0,0,0,0,0,0,0,0,0,0,0,0,0
