ac_year,st_code,state_name,dt_code,district_name,block_cd,udise_block_name,loc_name,sch_category_id,tr_cat_name,school_category,sch_mgmt_id,sch_mgmt_name,caste_id,caste_name,pre_primary_boy,pre_primary_girl,class1_boy,class2_boy,class3_boy,class4_boy,class5_boy,class6_boy,class7_boy,class8_boy,class9_boy,class10_boy,class11_boy,class12_boy,class1_girl,class2_girl,class3_girl,class4_girl,class5_girl,class6_girl,class7_girl,class8_girl,class9_girl,class10_girl,class11_girl,class12_girl
2019-20,33,Tamilnadu,3314,KARUR,331401,KARUR,Urban,2,cat2,"UPS (I-VIII)",3,"Local body",4,OBC,8,17,6,12,12,3,12,15,15,7,0,0,0,0,10,6,4,6,5,10,4,10,0,0,0,0
2019-20,33,Tamilnadu,3314,KARUR,331401,KARUR,Rural,2,cat2,"UPS (I-VIII)",4,"Government Aided",4,OBC,0,0,0,1,2,4,2,5,1,2,0,0,0,0,3,2,4,2,4,4,10,7,0,0,0,0
2019-20,33,Tamilnadu,3314,KARUR,331406,KADAVOOR,Rural,2,cat2,"UPS (I-VIII)",4,"Government Aided",4,OBC,0,0,7,8,12,12,14,7,19,12,0,0,0,0,7,11,12,15,10,14,12,8,0,0,0,0
2019-20,33,Tamilnadu,3314,KARUR,331407,KULITHALAI,Rural,2,cat2,"UPS (I-VIII)",4,"Government Aided",4,OBC,0,0,11,2,9,9,7,13,18,12,0,0,0,0,12,10,6,5,9,14,7,10,0,0,0,0
2019-20,33,Tamilnadu,3314,KARUR,331408,THOGAIMALAI,Rural,2,cat2,"UPS (I-VIII)",4,"Government Aided",4,OBC,0,0,5,10,11,12,7,9,19,22,0,0,0,0,8,7,12,8,13,27,16,14,0,0,0,0
2019-20,33,Tamilnadu,3314,KARUR,331401,KARUR,Urban,2,cat2,"UPS (I-VIII)",4,"Government Aided",4,OBC,0,0,0,0,0,0,0,0,0,0,0,0,0,0,0,0,0,0,0,0,0,0,0,0,0,0
2019-20,33,Tamilnadu,3314,KARUR,331407,KULITHALAI,Urban,2,cat2,"UPS (I-VIII)",4,"Government Aided",4,OBC,0,0,4,8,8,19,17,22,19,18,0,0,0,0,11,5,14,8,15,24,17,18,0,0,0,0
2019-20,33,Tamilnadu,3314,KARUR,331402,THANTHONI,Rural,2,cat2,"UPS (I-VIII)",5,"Private Unaided (Recognized)",4,OBC,52,38,27,26,25,30,15,25,15,9,0,0,0,0,18,21,16,17,16,23,10,8,0,0,0,0
2019-20,33,Tamilnadu,3314,KARUR,331403,ARAVAKURICHI,Rural,2,cat2,"UPS (I-VIII)",5,"Private Unaided (Recognized)",4,OBC,0,0,15,17,15,19,29,10,13,7,0,0,0,0,15,14,12,9,6,5,2,7,0,0,0,0
2019-20,33,Tamilnadu,3314,KARUR,331404,K.PARAMATHI,Rural,2,cat2,"UPS (I-VIII)",5,"Private Unaided (Recognized)",4,OBC,61,39,25,29,37,15,14,16,11,0,0,0,0,0,16,21,14,24,11,12,5,0,0,0,0,0
2019-20,33,Tamilnadu,3314,KARUR,331406,KADAVOOR,Rural,2,cat2,"UPS (I-VIII)",5,"Private Unaided (Recognized)",4,OBC,39,33,25,18,19,19,22,6,6,6,0,0,0,0,15,16,16,14,9,6,3,2,0,0,0,0
2019-20,33,Tamilnadu,3314,KARUR,331407,KULITHALAI,Rural,2,cat2,"UPS (I-VIII)",5,"Private Unaided (Recognized)",4,OBC,55,44,33,26,31,14,13,12,10,9,0,0,0,0,31,15,23,12,11,12,4,9,0,0,0,0
2019-20,33,Tamilnadu,3314,KARUR,331401,KARUR,Urban,2,cat2,"UPS (I-VIII)",5,"Private Unaided (Recognized)",4,OBC,44,28,21,9,15,13,12,5,5,4,0,0,0,0,10,8,15,7,7,2,2,2,0,0,0,0
2019-20,33,Tamilnadu,3314,KARUR,331402,THANTHONI,Urban,2,cat2,"UPS (I-VIII)",5,"Private Unaided (Recognized)",4,OBC,6,7,1,5,4,7,5,12,7,4,0,0,0,0,4,3,4,3,10,3,3,2,0,0,0,0
2019-20,33,Tamilnadu,3314,KARUR,331406,KADAVOOR,Rural,4,cat4,"UPS (VI-VIII)",6,"Other Govt. managed schools",4,OBC,0,0,0,0,0,0,0,0,0,0,0,0,0,0,0,0,0,0,0,15,20,23,0,0,0,0
2019-20,33,Tamilnadu,3314,KARUR,331402,THANTHONI,Rural,3,cat3,"HSS (I-XII)",1,"Department of Education",1,General,0,0,0,0,0,0,0,0,0,0,0,0,0,0,0,0,0,0,0,0,0,0,0,0,0,0
2019-20,33,Tamilnadu,3314,KARUR,331401,KARUR,Rural,3,cat3,"HSS (I-XII)",5,"Private Unaided (Recognized)",1,General,13,6,6,2,5,5,11,17,9,7,10,16,23,25,5,6,6,5,8,7,11,12,8,20,17,18
2019-20,33,Tamilnadu,3314,KARUR,331402,THANTHONI,Rural,3,cat3,"HSS (I-XII)",5,"Private Unaided (Recognized)",1,General,9,11,6,8,8,8,8,10,8,5,14,4,10,2,7,4,4,4,10,8,4,7,6,4,1,3
2019-20,33,Tamilnadu,3314,KARUR,331403,ARAVAKURICHI,Rural,3,cat3,"HSS (I-XII)",5,"Private Unaided (Recognized)",1,General,0,0,0,0,0,0,0,0,0,0,0,0,0,0,0,0,0,0,0,0,0,0,0,0,0,0
2019-20,33,Tamilnadu,3314,KARUR,331404,K.PARAMATHI,Rural,3,cat3,"HSS (I-XII)",5,"Private Unaided (Recognized)",1,General,5,5,1,1,2,1,0,3,3,1,3,6,4,11,0,0,1,2,0,0,2,3,2,4,12,9
2019-20,33,Tamilnadu,3314,KARUR,331405,KRISHNARAYAPURAM,Rural,3,cat3,"HSS (I-XII)",5,"Private Unaided (Recognized)",1,General,0,0,0,0,0,0,0,1,0,0,0,0,0,0,0,0,1,0,0,0,0,0,1,0,0,0
2019-20,33,Tamilnadu,3314,KARUR,331407,KULITHALAI,Rural,3,cat3,"HSS (I-XII)",5,"Private Unaided (Recognized)",1,General,1,2,0,4,1,4,1,2,1,1,1,0,0,0,2,1,0,1,3,1,0,1,1,0,1,0
2019-20,33,Tamilnadu,3314,KARUR,331408,THOGAIMALAI,Rural,3,cat3,"HSS (I-XII)",5,"Private Unaided (Recognized)",1,General,0,0,0,0,0,0,0,0,0,0,0,0,0,0,0,0,0,0,0,1,0,0,0,0,1,0
2019-20,33,Tamilnadu,3314,KARUR,331401,KARUR,Urban,3,cat3,"HSS (I-XII)",5,"Private Unaided (Recognized)",1,General,4,10,1,2,4,5,5,6,8,6,4,12,4,2,9,6,11,4,7,6,4,4,4,8,4,5
2019-20,33,Tamilnadu,3314,KARUR,331402,THANTHONI,Urban,3,cat3,"HSS (I-XII)",5,"Private Unaided (Recognized)",1,General,8,4,0,2,3,2,1,1,1,1,3,6,2,4,3,4,3,3,2,7,4,0,0,5,2,5
2019-20,33,Tamilnadu,3314,KARUR,331403,ARAVAKURICHI,Urban,3,cat3,"HSS (I-XII)",5,"Private Unaided (Recognized)",1,General,0,0,0,0,0,0,0,0,0,0,1,0,0,1,0,0,0,0,0,0,0,0,0,0,0,0
2019-20,33,Tamilnadu,3314,KARUR,331407,KULITHALAI,Urban,3,cat3,"HSS (I-XII)",5,"Private Unaided (Recognized)",1,General,0,1,1,2,1,2,1,2,2,0,0,0,0,2,0,0,0,0,1,3,1,0,0,0,0,2
2019-20,33,Tamilnadu,3314,KARUR,331401,KARUR,Rural,5,cat5,"HSS (VI-XII)",1,"Department of Education",1,General,0,0,0,0,0,0,0,0,0,0,0,0,0,0,0,0,0,0,0,1,0,0,0,0,1,0
2019-20,33,Tamilnadu,3314,KARUR,331402,THANTHONI,Rural,5,cat5,"HSS (VI-XII)",1,"Department of Education",1,General,0,0,0,0,0,0,0,0,0,0,0,0,0,0,0,0,0,0,0,0,0,0,0,1,0,0
2019-20,33,Tamilnadu,3314,KARUR,331403,ARAVAKURICHI,Rural,5,cat5,"HSS (VI-XII)",1,"Department of Education",1,General,0,0,0,0,0,0,0,0,0,0,0,0,0,0,0,0,0,0,0,0,0,0,0,0,0,0
2019-20,33,Tamilnadu,3314,KARUR,331404,K.PARAMATHI,Rural,5,cat5,"HSS (VI-XII)",1,"Department of Education",1,General,0,0,0,0,0,0,0,0,0,0,0,0,0,0,0,0,0,0,0,1,0,0,0,0,0,0
2019-20,33,Tamilnadu,3314,KARUR,331405,KRISHNARAYAPURAM,Rural,5,cat5,"HSS (VI-XII)",1,"Department of Education",1,General,0,0,0,0,0,0,0,0,0,0,1,1,0,0,0,0,0,0,0,0,0,0,0,0,0,0
2019-20,33,Tamilnadu,3314,KARUR,331406,KADAVOOR,Rural,5,cat5,"HSS (VI-XII)",1,"Department of Education",1,General,0,0,0,0,0,0,0,0,0,0,0,0,0,0,0,0,0,0,0,0,1,0,0,0,0,0
2019-20,33,Tamilnadu,3314,KARUR,331407,KULITHALAI,Rural,5,cat5,"HSS (VI-XII)",1,"Department of Education",1,General,0,0,0,0,0,0,0,0,0,0,0,0,0,0,0,0,0,0,0,0,0,0,1,0,0,0
2019-20,33,Tamilnadu,3314,KARUR,331408,THOGAIMALAI,Rural,5,cat5,"HSS (VI-XII)",1,"Department of Education",1,General,0,0,0,0,0,0,0,2,0,0,0,0,0,0,0,0,0,0,0,0,0,0,0,0,1,0
2019-20,33,Tamilnadu,3314,KARUR,331401,KARUR,Urban,5,cat5,"HSS (VI-XII)",1,"Department of Education",1,General,0,0,0,0,0,0,0,0,0,0,1,0,0,0,0,0,0,0,0,1,0,1,5,1,1,2
2019-20,33,Tamilnadu,3314,KARUR,331402,THANTHONI,Urban,5,cat5,"HSS (VI-XII)",1,"Department of Education",1,General,0,0,0,0,0,0,0,1,0,0,0,0,1,0,0,0,0,0,0,0,0,5,0,0,0,0
2019-20,33,Tamilnadu,3314,KARUR,331403,ARAVAKURICHI,Urban,5,cat5,"HSS (VI-XII)",1,"Department of Education",1,General,0,0,0,0,0,0,0,0,0,0,0,0,0,0,0,0,0,0,0,0,0,0,0,0,0,0
2019-20,33,Tamilnadu,3314,KARUR,331405,KRISHNARAYAPURAM,Urban,5,cat5,"HSS (VI-XII)",1,"Department of Education",1,General,0,0,0,0,0,0,0,0,0,0,0,0,0,0,0,0,0,0,0,0,0,0,0,0,0,0
2019-20,33,Tamilnadu,3314,KARUR,331407,KULITHALAI,Urban,5,cat5,"HSS (VI-XII)",1,"Department of Education",1,General,0,0,0,0,0,0,0,0,1,0,0,2,0,1,0,0,0,0,0,1,0,0,1,4,4,1
2019-20,33,Tamilnadu,3314,KARUR,331404,K.PARAMATHI,Rural,5,cat5,"HSS (VI-XII)",2,"Tribal Welfare Department",1,General,0,0,0,0,0,0,0,0,0,0,0,0,0,0,0,0,0,0,0,0,0,0,0,0,0,0
2019-20,33,Tamilnadu,3314,KARUR,331405,KRISHNARAYAPURAM,Rural,5,cat5,"HSS (VI-XII)",2,"Tribal Welfare Department",1,General,0,0,0,0,0,0,0,0,0,0,0,0,0,0,0,0,0,0,0,0,0,0,0,0,0,0
2019-20,33,Tamilnadu,3314,KARUR,331401,KARUR,Urban,5,cat5,"HSS (VI-XII)",3,"Local body",1,General,0,0,0,0,0,0,0,0,0,3,1,2,2,1,0,0,0,0,0,0,2,0,0,0,0,1
2019-20,33,Tamilnadu,3314,KARUR,331401,KARUR,Rural,5,cat5,"HSS (VI-XII)",4,"Government Aided",1,General,0,0,0,0,0,0,0,0,0,0,0,0,0,0,0,0,0,0,0,0,0,0,0,0,0,0
2019-20,33,Tamilnadu,3314,KARUR,331406,KADAVOOR,Rural,5,cat5,"HSS (VI-XII)",4,"Government Aided",1,General,0,0,0,0,0,0,0,0,0,0,0,0,0,0,0,0,0,0,0,0,0,0,0,0,0,0
2019-20,33,Tamilnadu,3314,KARUR,331401,KARUR,Urban,5,cat5,"HSS (VI-XII)",4,"Government Aided",1,General,0,0,0,0,0,0,0,0,2,0,2,3,3,3,0,0,0,0,0,3,2,3,3,4,1,2
2019-20,33,Tamilnadu,3314,KARUR,331402,THANTHONI,Urban,5,cat5,"HSS (VI-XII)",4,"Government Aided",1,General,0,0,0,0,0,0,0,0,0,0,0,0,1,0,0,0,0,0,0,2,2,1,3,1,1,2
2019-20,33,Tamilnadu,3314,KARUR,331403,ARAVAKURICHI,Urban,5,cat5,"HSS (VI-XII)",4,"Government Aided",1,General,0,0,0,0,0,0,0,0,0,0,0,0,0,0,0,0,0,0,0,0,0,0,0,1,0,0
2019-20,33,Tamilnadu,3314,KARUR,331401,KARUR,Rural,5,cat5,"HSS (VI-XII)",5,"Private Unaided (Recognized)",1,General,0,0,0,0,0,0,0,0,1,0,1,1,0,1,0,0,0,0,0,1,0,0,2,2,3,7
2019-20,33,Tamilnadu,3314,KARUR,331402,THANTHONI,Rural,5,cat5,"HSS (VI-XII)",5,"Private Unaided (Recognized)",1,General,0,0,0,0,0,0,0,3,2,2,2,0,5,6,0,0,0,0,0,2,0,0,0,1,6,3
2019-20,33,Tamilnadu,3314,KARUR,331404,K.PARAMATHI,Rural,5,cat5,"HSS (VI-XII)",5,"Private Unaided (Recognized)",1,General,0,0,0,0,0,0,0,0,0,0,0,0,0,0,0,0,0,0,0,0,0,0,0,0,0,0
2019-20,33,Tamilnadu,3314,KARUR,331405,KRISHNARAYAPURAM,Rural,5,cat5,"HSS (VI-XII)",5,"Private Unaided (Recognized)",1,General,0,0,0,0,0,0,0,0,0,0,0,0,0,0,0,0,0,0,0,0,0,0,0,0,0,0
2019-20,33,Tamilnadu,3314,KARUR,331406,KADAVOOR,Rural,5,cat5,"HSS (VI-XII)",5,"Private Unaided (Recognized)",1,General,0,0,0,0,0,0,0,0,1,0,0,0,0,0,0,0,0,0,0,0,0,0,0,0,1,0
2019-20,33,Tamilnadu,3314,KARUR,331405,KRISHNARAYAPURAM,Urban,5,cat5,"HSS (VI-XII)",5,"Private Unaided (Recognized)",1,General,0,0,0,0,0,0,0,0,0,0,0,0,0,0,0,0,0,0,0,0,0,0,0,0,0,1
2019-20,33,Tamilnadu,3314,KARUR,331401,KARUR,Rural,1,cat1,"PS (I-V)",1,"Department of Education",1,General,0,0,4,4,5,1,4,0,0,0,0,0,0,0,5,4,6,0,4,0,0,0,0,0,0,0
2019-20,33,Tamilnadu,3314,KARUR,331402,THANTHONI,Rural,1,cat1,"PS (I-V)",1,"Department of Education",1,General,0,0,0,1,0,1,0,0,0,0,0,0,0,0,1,0,0,0,0,0,0,0,0,0,0,0
2019-20,33,Tamilnadu,3314,KARUR,331403,ARAVAKURICHI,Rural,1,cat1,"PS (I-V)",1,"Department of Education",1,General,0,0,0,1,0,0,0,0,0,0,0,0,0,0,0,0,0,0,0,0,0,0,0,0,0,0
2019-20,33,Tamilnadu,3314,KARUR,331404,K.PARAMATHI,Rural,1,cat1,"PS (I-V)",1,"Department of Education",1,General,0,0,1,1,1,1,1,0,0,0,0,0,0,0,0,1,1,0,1,0,0,0,0,0,0,0
2019-20,33,Tamilnadu,3314,KARUR,331405,KRISHNARAYAPURAM,Rural,1,cat1,"PS (I-V)",1,"Department of Education",1,General,0,0,0,0,1,0,1,0,0,0,0,0,0,0,1,0,0,0,0,0,0,0,0,0,0,0
2019-20,33,Tamilnadu,3314,KARUR,331406,KADAVOOR,Rural,1,cat1,"PS (I-V)",1,"Department of Education",1,General,0,0,0,0,0,0,0,0,0,0,0,0,0,0,1,0,0,0,0,0,0,0,0,0,0,0
2019-20,33,Tamilnadu,3314,KARUR,331407,KULITHALAI,Rural,1,cat1,"PS (I-V)",1,"Department of Education",1,General,0,0,0,0,0,0,0,0,0,0,0,0,0,0,0,0,0,0,0,0,0,0,0,0,0,0
2019-20,33,Tamilnadu,3314,KARUR,331408,THOGAIMALAI,Rural,1,cat1,"PS (I-V)",1,"Department of Education",1,General,0,0,0,0,1,0,2,0,0,0,0,0,0,0,0,0,1,2,2,0,0,0,0,0,0,0
2019-20,33,Tamilnadu,3314,KARUR,331401,KARUR,Urban,1,cat1,"PS (I-V)",1,"Department of Education",1,General,0,0,0,1,0,0,0,0,0,0,0,0,0,0,0,0,0,0,0,0,0,0,0,0,0,0
2019-20,33,Tamilnadu,3314,KARUR,331402,THANTHONI,Urban,1,cat1,"PS (I-V)",1,"Department of Education",1,General,0,0,3,0,0,1,2,0,0,0,0,0,0,0,5,3,2,3,1,0,0,0,0,0,0,0
2019-20,33,Tamilnadu,3314,KARUR,331403,ARAVAKURICHI,Urban,1,cat1,"PS (I-V)",1,"Department of Education",1,General,0,0,0,0,0,0,0,0,0,0,0,0,0,0,0,0,0,0,0,0,0,0,0,0,0,0
2019-20,33,Tamilnadu,3314,KARUR,331405,KRISHNARAYAPURAM,Urban,1,cat1,"PS (I-V)",1,"Department of Education",1,General,0,0,0,0,0,0,0,0,0,0,0,0,0,0,0,0,0,0,0,0,0,0,0,0,0,0
2019-20,33,Tamilnadu,3314,KARUR,331407,KULITHALAI,Urban,1,cat1,"PS (I-V)",1,"Department of Education",1,General,0,0,0,0,0,0,1,0,0,0,0,0,0,0,0,0,0,0,0,0,0,0,0,0,0,0
2019-20,33,Tamilnadu,3314,KARUR,331402,THANTHONI,Rural,1,cat1,"PS (I-V)",2,"Tribal Welfare Department",1,General,0,0,0,0,0,0,0,0,0,0,0,0,0,0,0,0,0,0,0,0,0,0,0,0,0,0
2019-20,33,Tamilnadu,3314,KARUR,331404,K.PARAMATHI,Rural,1,cat1,"PS (I-V)",2,"Tribal Welfare Department",1,General,0,0,0,0,0,0,0,0,0,0,0,0,0,0,0,0,0,0,0,0,0,0,0,0,0,0
2019-20,33,Tamilnadu,3314,KARUR,331405,KRISHNARAYAPURAM,Rural,1,cat1,"PS (I-V)",2,"Tribal Welfare Department",1,General,0,0,0,0,0,1,0,0,0,0,0,0,0,0,0,0,0,0,0,0,0,0,0,0,0,0
2019-20,33,Tamilnadu,3314,KARUR,331406,KADAVOOR,Rural,1,cat1,"PS (I-V)",2,"Tribal Welfare Department",1,General,0,0,0,0,0,0,0,0,0,0,0,0,0,0,0,0,0,0,0,0,0,0,0,0,0,0
2019-20,33,Tamilnadu,3314,KARUR,331407,KULITHALAI,Rural,1,cat1,"PS (I-V)",2,"Tribal Welfare Department",1,General,0,0,0,0,0,0,0,0,0,0,0,0,0,0,0,0,0,0,0,0,0,0,0,0,0,0
2019-20,33,Tamilnadu,3314,KARUR,331408,THOGAIMALAI,Rural,1,cat1,"PS (I-V)",2,"Tribal Welfare Department",1,General,0,0,0,0,0,0,0,0,0,0,0,0,0,0,0,0,0,0,0,0,0,0,0,0,0,0
2019-20,33,Tamilnadu,3314,KARUR,331402,THANTHONI,Urban,1,cat1,"PS (I-V)",2,"Tribal Welfare Department",1,General,0,0,6,4,2,1,0,0,0,0,0,0,0,0,2,2,2,2,0,0,0,0,0,0,0,0
2019-20,33,Tamilnadu,3314,KARUR,331401,KARUR,Urban,1,cat1,"PS (I-V)",3,"Local body",1,General,0,0,0,0,0,0,0,0,0,0,0,0,0,0,0,0,0,0,0,0,0,0,0,0,0,0
2019-20,33,Tamilnadu,3314,KARUR,331401,KARUR,Rural,1,cat1,"PS (I-V)",4,"Government Aided",1,General,0,0,0,0,0,0,0,0,0,0,0,0,0,0,0,0,0,0,0,0,0,0,0,0,0,0
2019-20,33,Tamilnadu,3314,KARUR,331402,THANTHONI,Rural,1,cat1,"PS (I-V)",4,"Government Aided",1,General,0,0,0,0,0,0,0,0,0,0,0,0,0,0,0,0,0,0,0,0,0,0,0,0,0,0
2019-20,33,Tamilnadu,3314,KARUR,331404,K.PARAMATHI,Rural,1,cat1,"PS (I-V)",4,"Government Aided",1,General,0,0,0,0,0,0,1,0,0,0,0,0,0,0,0,0,0,0,1,0,0,0,0,0,0,0
2019-20,33,Tamilnadu,3314,KARUR,331405,KRISHNARAYAPURAM,Rural,1,cat1,"PS (I-V)",4,"Government Aided",1,General,0,0,0,0,0,1,0,0,0,0,0,0,0,0,0,0,0,0,0,0,0,0,0,0,0,0
2019-20,33,Tamilnadu,3314,KARUR,331406,KADAVOOR,Rural,1,cat1,"PS (I-V)",4,"Government Aided",1,General,0,0,0,0,0,0,0,0,0,0,0,0,0,0,0,0,0,0,0,0,0,0,0,0,0,0
2019-20,33,Tamilnadu,3314,KARUR,331407,KULITHALAI,Rural,1,cat1,"PS (I-V)",4,"Government Aided",1,General,0,0,0,0,0,0,0,0,0,0,0,0,0,0,0,0,0,0,1,0,0,0,0,0,0,0
2019-20,33,Tamilnadu,3314,KARUR,331408,THOGAIMALAI,Rural,1,cat1,"PS (I-V)",4,"Government Aided",1,General,0,0,0,0,0,0,0,0,0,0,0,0,0,0,0,0,0,0,0,0,0,0,0,0,0,0
2019-20,33,Tamilnadu,3314,KARUR,331401,KARUR,Urban,1,cat1,"PS (I-V)",4,"Government Aided",1,General,0,0,0,1,0,2,2,0,0,0,0,0,0,0,4,1,0,2,1,0,0,0,0,0,0,0
2019-20,33,Tamilnadu,3314,KARUR,331403,ARAVAKURICHI,Urban,1,cat1,"PS (I-V)",4,"Government Aided",1,General,0,0,0,0,0,0,0,0,0,0,0,0,0,0,0,0,0,0,0,0,0,0,0,0,0,0
2019-20,33,Tamilnadu,3314,KARUR,331407,KULITHALAI,Urban,1,cat1,"PS (I-V)",4,"Government Aided",1,General,0,0,0,0,0,0,0,0,0,0,0,0,0,0,1,0,2,0,0,0,0,0,0,0,0,0
2019-20,33,Tamilnadu,3314,KARUR,331401,KARUR,Rural,1,cat1,"PS (I-V)",5,"Private Unaided (Recognized)",1,General,3,2,0,1,1,1,0,0,0,0,0,0,0,0,0,2,0,0,0,0,0,0,0,0,0,0
2019-20,33,Tamilnadu,3314,KARUR,331402,THANTHONI,Rural,1,cat1,"PS (I-V)",5,"Private Unaided (Recognized)",1,General,1,1,0,0,0,1,0,0,0,0,0,0,0,0,0,0,0,1,1,0,0,0,0,0,0,0
2019-20,33,Tamilnadu,3314,KARUR,331403,ARAVAKURICHI,Rural,1,cat1,"PS (I-V)",5,"Private Unaided (Recognized)",1,General,0,1,0,0,0,0,0,0,0,0,0,0,0,0,0,0,0,0,0,0,0,0,0,0,0,0
2019-20,33,Tamilnadu,3314,KARUR,331404,K.PARAMATHI,Rural,1,cat1,"PS (I-V)",5,"Private Unaided (Recognized)",1,General,0,0,2,0,0,0,0,0,0,0,0,0,0,0,1,1,0,0,0,0,0,0,0,0,0,0
2019-20,33,Tamilnadu,3314,KARUR,331405,KRISHNARAYAPURAM,Rural,1,cat1,"PS (I-V)",5,"Private Unaided (Recognized)",1,General,0,0,0,0,0,0,0,0,0,0,0,0,0,0,0,0,1,0,0,0,0,0,0,0,0,0
2019-20,33,Tamilnadu,3314,KARUR,331406,KADAVOOR,Rural,1,cat1,"PS (I-V)",5,"Private Unaided (Recognized)",1,General,1,0,0,0,0,0,0,0,0,0,0,0,0,0,0,0,1,0,0,0,0,0,0,0,0,0
2019-20,33,Tamilnadu,3314,KARUR,331407,KULITHALAI,Rural,1,cat1,"PS (I-V)",5,"Private Unaided (Recognized)",1,General,0,0,0,0,0,0,0,0,0,0,0,0,0,0,0,1,1,0,0,0,0,0,0,0,0,0
2019-20,33,Tamilnadu,3314,KARUR,331408,THOGAIMALAI,Rural,1,cat1,"PS (I-V)",5,"Private Unaided (Recognized)",1,General,0,0,0,0,0,0,0,0,0,0,0,0,0,0,0,0,0,0,0,0,0,0,0,0,0,0
2019-20,33,Tamilnadu,3314,KARUR,331401,KARUR,Urban,1,cat1,"PS (I-V)",5,"Private Unaided (Recognized)",1,General,13,21,12,9,7,5,5,0,0,0,0,0,0,0,8,9,2,8,0,0,0,0,0,0,0,0
2019-20,33,Tamilnadu,3314,KARUR,331402,THANTHONI,Urban,1,cat1,"PS (I-V)",5,"Private Unaided (Recognized)",1,General,9,12,2,1,1,0,1,0,0,0,0,0,0,0,0,0,0,2,0,0,0,0,0,0,0,0
2019-20,33,Tamilnadu,3314,KARUR,331403,ARAVAKURICHI,Urban,1,cat1,"PS (I-V)",5,"Private Unaided (Recognized)",1,General,0,0,0,0,0,0,0,0,0,0,0,0,0,0,0,0,0,0,0,0,0,0,0,0,0,0
2019-20,33,Tamilnadu,3314,KARUR,331405,KRISHNARAYAPURAM,Urban,1,cat1,"PS (I-V)",5,"Private Unaided (Recognized)",1,General,0,0,0,0,0,0,0,0,0,0,0,0,0,0,1,0,0,0,0,0,0,0,0,0,0,0
2019-20,33,Tamilnadu,3314,KARUR,331407,KULITHALAI,Urban,1,cat1,"PS (I-V)",5,"Private Unaided (Recognized)",1,General,2,3,1,1,1,1,2,0,0,0,0,0,0,0,2,1,1,1,1,0,0,0,0,0,0,0
2019-20,33,Tamilnadu,3314,KARUR,331401,KARUR,Rural,6,cat6,"SS (I-X)",5,"Private Unaided (Recognized)",1,General,0,0,0,1,3,3,1,0,2,1,2,1,0,0,0,1,1,1,2,3,1,0,1,1,0,0
2019-20,33,Tamilnadu,3314,KARUR,331402,THANTHONI,Rural,6,cat6,"SS (I-X)",5,"Private Unaided (Recognized)",1,General,0,2,0,1,1,1,0,0,0,0,0,0,0,0,0,0,0,0,1,0,0,0,0,0,0,0
2019-20,33,Tamilnadu,3314,KARUR,331403,ARAVAKURICHI,Rural,6,cat6,"SS (I-X)",5,"Private Unaided (Recognized)",1,General,0,0,0,1,1,3,0,3,0,1,1,0,0,0,1,0,0,1,0,0,0,1,0,0,0,0
2019-20,33,Tamilnadu,3314,KARUR,331405,KRISHNARAYAPURAM,Rural,6,cat6,"SS (I-X)",5,"Private Unaided (Recognized)",1,General,2,0,0,0,0,0,0,0,0,1,1,0,0,0,0,1,1,1,0,0,0,0,1,0,0,0
2019-20,33,Tamilnadu,3314,KARUR,331406,KADAVOOR,Rural,6,cat6,"SS (I-X)",5,"Private Unaided (Recognized)",1,General,0,0,0,0,0,0,0,0,0,1,0,0,0,0,0,0,0,0,0,1,0,0,0,0,0,0
2019-20,33,Tamilnadu,3314,KARUR,331407,KULITHALAI,Rural,6,cat6,"SS (I-X)",5,"Private Unaided (Recognized)",1,General,0,1,1,2,0,0,4,1,1,0,0,0,0,0,0,3,2,0,0,0,1,2,1,1,0,0
2019-20,33,Tamilnadu,3314,KARUR,331408,THOGAIMALAI,Rural,6,cat6,"SS (I-X)",5,"Private Unaided (Recognized)",1,General,0,0,0,0,0,0,0,0,0,0,0,0,0,0,0,0,0,0,0,0,0,0,0,0,0,0
2019-20,33,Tamilnadu,3314,KARUR,331401,KARUR,Urban,6,cat6,"SS (I-X)",5,"Private Unaided (Recognized)",1,General,5,8,2,3,4,1,2,0,3,3,7,3,0,0,2,3,2,2,6,1,5,3,6,5,0,0
2019-20,33,Tamilnadu,3314,KARUR,331402,THANTHONI,Urban,6,cat6,"SS (I-X)",5,"Private Unaided (Recognized)",1,General,7,7,6,4,6,2,3,2,0,0,1,0,0,0,6,4,2,1,2,1,1,0,1,3,0,0
2019-20,33,Tamilnadu,3314,KARUR,331403,ARAVAKURICHI,Urban,6,cat6,"SS (I-X)",5,"Private Unaided (Recognized)",1,General,1,1,0,0,0,0,0,0,0,0,0,0,0,0,1,1,0,0,0,0,0,0,0,0,0,0
2019-20,33,Tamilnadu,3314,KARUR,331407,KULITHALAI,Urban,6,cat6,"SS (I-X)",5,"Private Unaided (Recognized)",1,General,1,1,0,0,0,0,0,0,0,0,0,0,0,0,0,0,1,0,1,0,0,0,0,0,0,0
2019-20,33,Tamilnadu,3314,KARUR,331401,KARUR,Rural,7,cat7,"SS (VI-X)",1,"Department of Education",1,General,0,0,0,0,0,0,0,2,0,0,0,0,0,0,0,0,0,0,0,0,0,0,0,0,0,0
2019-20,33,Tamilnadu,3314,KARUR,331402,THANTHONI,Rural,7,cat7,"SS (VI-X)",1,"Department of Education",1,General,0,0,0,0,0,0,0,0,0,0,0,0,0,0,0,0,0,0,0,0,0,1,0,0,0,0
2019-20,33,Tamilnadu,3314,KARUR,331403,ARAVAKURICHI,Rural,7,cat7,"SS (VI-X)",1,"Department of Education",1,General,0,0,0,0,0,0,0,0,0,0,0,0,0,0,0,0,0,0,0,0,0,0,0,0,0,0
2019-20,33,Tamilnadu,3314,KARUR,331404,K.PARAMATHI,Rural,7,cat7,"SS (VI-X)",1,"Department of Education",1,General,0,0,0,0,0,0,0,0,0,0,0,1,0,0,0,0,0,0,0,0,0,0,0,0,0,0
2019-20,33,Tamilnadu,3314,KARUR,331405,KRISHNARAYAPURAM,Rural,7,cat7,"SS (VI-X)",1,"Department of Education",1,General,0,0,0,0,0,0,0,0,0,0,0,0,0,0,0,0,0,0,0,1,0,1,0,0,0,0
2019-20,33,Tamilnadu,3314,KARUR,331406,KADAVOOR,Rural,7,cat7,"SS (VI-X)",1,"Department of Education",1,General,0,0,0,0,0,0,0,0,0,0,0,0,0,0,0,0,0,0,0,1,0,0,0,1,0,0
2019-20,33,Tamilnadu,3314,KARUR,331407,KULITHALAI,Rural,7,cat7,"SS (VI-X)",1,"Department of Education",1,General,0,0,0,0,0,0,0,0,0,0,0,0,0,0,0,0,0,0,0,0,0,0,0,1,0,0
2019-20,33,Tamilnadu,3314,KARUR,331408,THOGAIMALAI,Rural,7,cat7,"SS (VI-X)",1,"Department of Education",1,General,0,0,0,0,0,0,0,0,0,0,0,0,0,0,0,0,0,0,0,0,0,0,0,0,0,0
2019-20,33,Tamilnadu,3314,KARUR,331401,KARUR,Urban,7,cat7,"SS (VI-X)",1,"Department of Education",1,General,0,0,0,0,0,0,0,0,0,0,0,0,0,0,0,0,0,0,0,0,0,0,0,0,0,0
2019-20,33,Tamilnadu,3314,KARUR,331402,THANTHONI,Urban,7,cat7,"SS (VI-X)",1,"Department of Education",1,General,0,0,0,0,0,0,0,0,1,0,0,1,0,0,0,0,0,0,0,1,0,0,0,0,0,0
2019-20,33,Tamilnadu,3314,KARUR,331403,ARAVAKURICHI,Urban,7,cat7,"SS (VI-X)",1,"Department of Education",1,General,0,0,0,0,0,0,0,0,0,0,0,0,0,0,0,0,0,0,0,0,0,0,0,0,0,0
2019-20,33,Tamilnadu,3314,KARUR,331407,KULITHALAI,Urban,7,cat7,"SS (VI-X)",1,"Department of Education",1,General,0,0,0,0,0,0,0,0,0,0,0,0,0,0,0,0,0,0,0,1,0,0,0,0,0,0
2019-20,33,Tamilnadu,3314,KARUR,331405,KRISHNARAYAPURAM,Rural,7,cat7,"SS (VI-X)",2,"Tribal Welfare Department",1,General,0,0,0,0,0,0,0,0,0,0,0,0,0,0,0,0,0,0,0,0,0,0,0,0,0,0
2019-20,33,Tamilnadu,3314,KARUR,331406,KADAVOOR,Rural,7,cat7,"SS (VI-X)",2,"Tribal Welfare Department",1,General,0,0,0,0,0,0,0,0,0,0,0,0,0,0,0,0,0,0,0,0,0,0,0,0,0,0
2019-20,33,Tamilnadu,3314,KARUR,331407,KULITHALAI,Rural,7,cat7,"SS (VI-X)",2,"Tribal Welfare Department",1,General,0,0,0,0,0,0,0,0,0,0,0,0,0,0,0,0,0,0,0,0,0,0,0,0,0,0
2019-20,33,Tamilnadu,3314,KARUR,331408,THOGAIMALAI,Rural,7,cat7,"SS (VI-X)",2,"Tribal Welfare Department",1,General,0,0,0,0,0,0,0,0,0,0,0,0,0,0,0,0,0,0,0,0,0,0,0,0,0,0
2019-20,33,Tamilnadu,3314,KARUR,331402,THANTHONI,Urban,7,cat7,"SS (VI-X)",2,"Tribal Welfare Department",1,General,0,0,0,0,0,0,0,0,1,1,0,0,0,0,0,0,0,0,0,1,0,0,0,0,0,0
2019-20,33,Tamilnadu,3314,KARUR,331401,KARUR,Urban,7,cat7,"SS (VI-X)",3,"Local body",1,General,0,0,0,0,0,0,0,0,0,0,4,1,0,0,0,0,0,0,0,0,0,0,2,0,0,0
2019-20,33,Tamilnadu,3314,KARUR,331408,THOGAIMALAI,Rural,7,cat7,"SS (VI-X)",4,"Government Aided",1,General,0,0,0,0,0,0,0,0,0,0,0,0,0,0,0,0,0,0,0,0,0,0,0,0,0,0
2019-20,33,Tamilnadu,3314,KARUR,331401,KARUR,Urban,7,cat7,"SS (VI-X)",4,"Government Aided",1,General,0,0,0,0,0,0,0,1,0,1,2,1,0,0,0,0,0,0,0,0,0,0,0,0,0,0
2019-20,33,Tamilnadu,3314,KARUR,331402,THANTHONI,Urban,7,cat7,"SS (VI-X)",4,"Government Aided",1,General,0,0,0,0,0,0,0,0,0,0,0,0,0,0,0,0,0,0,0,0,0,0,0,0,0,0
2019-20,33,Tamilnadu,3314,KARUR,331407,KULITHALAI,Urban,7,cat7,"SS (VI-X)",4,"Government Aided",1,General,0,0,0,0,0,0,0,0,0,0,1,0,0,0,0,0,0,0,0,0,1,0,0,0,0,0
2019-20,33,Tamilnadu,3314,KARUR,331404,K.PARAMATHI,Rural,7,cat7,"SS (VI-X)",5,"Private Unaided (Recognized)",1,General,0,0,0,0,0,0,0,0,0,0,0,0,0,0,0,0,0,0,0,0,0,0,0,1,0,0
2019-20,33,Tamilnadu,3314,KARUR,331407,KULITHALAI,Rural,7,cat7,"SS (VI-X)",5,"Private Unaided (Recognized)",1,General,0,0,0,0,0,0,0,0,0,0,0,0,0,0,0,0,0,0,0,0,0,0,1,0,0,0
2019-20,33,Tamilnadu,3314,KARUR,331408,THOGAIMALAI,Rural,7,cat7,"SS (VI-X)",5,"Private Unaided (Recognized)",1,General,0,0,0,0,0,0,0,0,0,0,0,0,0,0,0,0,0,0,0,0,0,0,0,0,0,0
2019-20,33,Tamilnadu,3314,KARUR,331407,KULITHALAI,Urban,7,cat7,"SS (VI-X)",5,"Private Unaided (Recognized)",1,General,0,0,0,0,0,0,0,1,1,0,0,0,0,0,0,0,0,0,0,0,0,0,0,0,0,0
2019-20,33,Tamilnadu,3314,KARUR,331401,KARUR,Rural,2,cat2,"UPS (I-VIII)",1,"Department of Education",1,General,0,0,0,0,1,0,0,2,0,0,0,0,0,0,0,0,0,0,0,0,1,0,0,0,0,0
2019-20,33,Tamilnadu,3314,KARUR,331402,THANTHONI,Rural,2,cat2,"UPS (I-VIII)",1,"Department of Education",1,General,0,0,0,0,0,0,0,0,0,0,0,0,0,0,0,0,0,0,0,0,0,0,0,0,0,0
2019-20,33,Tamilnadu,3314,KARUR,331403,ARAVAKURICHI,Rural,2,cat2,"UPS (I-VIII)",1,"Department of Education",1,General,0,0,0,0,0,0,0,1,0,0,0,0,0,0,0,0,1,0,0,0,0,0,0,0,0,0
2019-20,33,Tamilnadu,3314,KARUR,331404,K.PARAMATHI,Rural,2,cat2,"UPS (I-VIII)",1,"Department of Education",1,General,0,0,0,1,0,0,0,0,0,0,0,0,0,0,0,0,0,0,0,0,0,0,0,0,0,0
2019-20,33,Tamilnadu,3314,KARUR,331405,KRISHNARAYAPURAM,Rural,2,cat2,"UPS (I-VIII)",1,"Department of Education",1,General,0,0,1,3,2,1,0,1,4,0,0,0,0,0,3,2,2,4,3,3,5,5,0,0,0,0
2019-20,33,Tamilnadu,3314,KARUR,331406,KADAVOOR,Rural,2,cat2,"UPS (I-VIII)",1,"Department of Education",1,General,0,0,0,0,1,0,0,0,0,0,0,0,0,0,0,0,0,0,0,0,0,0,0,0,0,0
2019-20,33,Tamilnadu,3314,KARUR,331407,KULITHALAI,Rural,2,cat2,"UPS (I-VIII)",1,"Department of Education",1,General,3,0,0,1,0,0,0,0,1,1,0,0,0,0,1,1,0,0,2,0,1,1,0,0,0,0
2019-20,33,Tamilnadu,3314,KARUR,331408,THOGAIMALAI,Rural,2,cat2,"UPS (I-VIII)",1,"Department of Education",1,General,0,0,0,0,0,0,0,0,0,0,0,0,0,0,0,1,0,0,0,0,0,0,0,0,0,0
2019-20,33,Tamilnadu,3314,KARUR,331401,KARUR,Urban,2,cat2,"UPS (I-VIII)",1,"Department of Education",1,General,0,0,1,0,2,0,0,1,0,1,0,0,0,0,1,0,0,3,0,0,0,0,0,0,0,0
2019-20,33,Tamilnadu,3314,KARUR,331402,THANTHONI,Urban,2,cat2,"UPS (I-VIII)",1,"Department of Education",1,General,0,0,3,0,2,3,3,4,4,7,0,0,0,0,6,0,6,6,6,1,6,4,0,0,0,0
2019-20,33,Tamilnadu,3314,KARUR,331403,ARAVAKURICHI,Urban,2,cat2,"UPS (I-VIII)",1,"Department of Education",1,General,0,0,0,0,0,0,0,0,0,0,0,0,0,0,0,0,0,0,0,0,0,0,0,0,0,0
2019-20,33,Tamilnadu,3314,KARUR,331405,KRISHNARAYAPURAM,Urban,2,cat2,"UPS (I-VIII)",1,"Department of Education",1,General,0,0,0,1,0,0,0,0,0,0,0,0,0,0,0,1,0,0,0,0,0,0,0,0,0,0
2019-20,33,Tamilnadu,3314,KARUR,331407,KULITHALAI,Urban,2,cat2,"UPS (I-VIII)",1,"Department of Education",1,General,1,0,0,1,0,0,0,0,0,0,0,0,0,0,0,0,0,0,0,0,0,0,0,0,0,0
2019-20,33,Tamilnadu,3314,KARUR,331405,KRISHNARAYAPURAM,Rural,2,cat2,"UPS (I-VIII)",2,"Tribal Welfare Department",1,General,0,0,0,0,0,0,0,0,0,0,0,0,0,0,0,0,0,0,0,0,0,0,0,0,0,0
2019-20,33,Tamilnadu,3314,KARUR,331401,KARUR,Urban,2,cat2,"UPS (I-VIII)",2,"Tribal Welfare Department",1,General,0,0,0,0,0,0,0,0,0,0,0,0,0,0,0,0,0,0,0,0,0,0,0,0,0,0
2019-20,33,Tamilnadu,3314,KARUR,331401,KARUR,Urban,2,cat2,"UPS (I-VIII)",3,"Local body",1,General,4,8,1,0,0,2,0,0,1,0,0,0,0,0,0,0,0,0,0,0,0,0,0,0,0,0
2019-20,33,Tamilnadu,3314,KARUR,331401,KARUR,Rural,2,cat2,"UPS (I-VIII)",4,"Government Aided",1,General,0,0,0,0,0,0,0,0,0,0,0,0,0,0,0,0,0,0,0,0,0,0,0,0,0,0
2019-20,33,Tamilnadu,3314,KARUR,331406,KADAVOOR,Rural,2,cat2,"UPS (I-VIII)",4,"Government Aided",1,General,0,0,0,0,0,0,0,0,0,0,0,0,0,0,0,0,0,0,0,0,0,0,0,0,0,0
2019-20,33,Tamilnadu,3314,KARUR,331407,KULITHALAI,Rural,2,cat2,"UPS (I-VIII)",4,"Government Aided",1,General,0,0,0,0,0,0,0,0,0,0,0,0,0,0,0,0,0,0,0,0,0,0,0,0,0,0
2019-20,33,Tamilnadu,3314,KARUR,331408,THOGAIMALAI,Rural,2,cat2,"UPS (I-VIII)",4,"Government Aided",1,General,0,0,0,0,0,0,0,0,0,0,0,0,0,0,0,0,0,0,0,0,0,0,0,0,0,0
2019-20,33,Tamilnadu,3314,KARUR,331401,KARUR,Urban,2,cat2,"UPS (I-VIII)",4,"Government Aided",1,General,0,0,0,0,0,0,0,0,0,0,0,0,0,0,0,0,0,0,0,0,0,0,0,0,0,0
2019-20,33,Tamilnadu,3314,KARUR,331407,KULITHALAI,Urban,2,cat2,"UPS (I-VIII)",4,"Government Aided",1,General,0,0,0,0,0,0,0,1,1,0,0,0,0,0,0,0,0,0,0,0,0,0,0,0,0,0
2019-20,33,Tamilnadu,3314,KARUR,331402,THANTHONI,Rural,2,cat2,"UPS (I-VIII)",5,"Private Unaided (Recognized)",1,General,0,1,1,0,1,0,0,0,0,0,0,0,0,0,0,0,0,0,0,2,1,0,0,0,0,0
2019-20,33,Tamilnadu,3314,KARUR,331403,ARAVAKURICHI,Rural,2,cat2,"UPS (I-VIII)",5,"Private Unaided (Recognized)",1,General,0,0,0,0,0,0,0,0,0,0,0,0,0,0,0,0,0,0,0,0,0,0,0,0,0,0
2019-20,33,Tamilnadu,3314,KARUR,331404,K.PARAMATHI,Rural,2,cat2,"UPS (I-VIII)",5,"Private Unaided (Recognized)",1,General,1,1,1,0,0,0,0,0,0,0,0,0,0,0,0,0,0,0,0,1,0,0,0,0,0,0
2019-20,33,Tamilnadu,3314,KARUR,331406,KADAVOOR,Rural,2,cat2,"UPS (I-VIII)",5,"Private Unaided (Recognized)",1,General,0,0,0,0,0,0,0,0,0,0,0,0,0,0,0,0,0,0,0,0,0,0,0,0,0,0
2019-20,33,Tamilnadu,3314,KARUR,331407,KULITHALAI,Rural,2,cat2,"UPS (I-VIII)",5,"Private Unaided (Recognized)",1,General,1,1,0,0,0,0,1,0,0,0,0,0,0,0,1,1,2,0,0,1,0,0,0,0,0,0
2019-20,33,Tamilnadu,3314,KARUR,331401,KARUR,Urban,2,cat2,"UPS (I-VIII)",5,"Private Unaided (Recognized)",1,General,2,0,0,0,0,1,0,0,0,0,0,0,0,0,0,0,0,0,0,0,0,0,0,0,0,0
2019-20,33,Tamilnadu,3314,KARUR,331402,THANTHONI,Urban,2,cat2,"UPS (I-VIII)",5,"Private Unaided (Recognized)",1,General,0,0,0,0,0,2,0,0,0,0,0,0,0,0,0,1,0,0,1,0,0,0,0,0,0,0
2019-20,33,Tamilnadu,3314,KARUR,331406,KADAVOOR,Rural,4,cat4,"UPS (VI-VIII)",6,"Other Govt. managed schools",1,General,0,0,0,0,0,0,0,0,0,0,0,0,0,0,0,0,0,0,0,0,0,0,0,0,0,0
2019-20,33,Tamilnadu,3314,KARUR,331402,THANTHONI,Rural,3,cat3,"HSS (I-XII)",1,"Department of Education",2,SC,12,11,0,0,0,0,0,8,12,10,12,7,26,8,2,0,0,0,0,4,14,4,12,5,10,14
2019-20,33,Tamilnadu,3314,KARUR,331401,KARUR,Rural,3,cat3,"HSS (I-XII)",5,"Private Unaided (Recognized)",2,SC,156,130,75,75,71,88,81,77,69,79,84,68,101,85,50,57,67,51,47,54,57,59,54,70,103,94
2019-20,33,Tamilnadu,3314,KARUR,331402,THANTHONI,Rural,3,cat3,"HSS (I-XII)",5,"Private Unaided (Recognized)",2,SC,49,50,36,39,40,33,25,40,28,34,28,30,12,25,26,28,34,27,22,23,29,25,15,20,18,15
2019-20,33,Tamilnadu,3314,KARUR,331403,ARAVAKURICHI,Rural,3,cat3,"HSS (I-XII)",5,"Private Unaided (Recognized)",2,SC,5,3,3,2,7,5,2,0,0,0,0,1,1,2,3,1,2,2,2,4,2,0,0,0,0,0
2019-20,33,Tamilnadu,3314,KARUR,331404,K.PARAMATHI,Rural,3,cat3,"HSS (I-XII)",5,"Private Unaided (Recognized)",2,SC,61,39,24,30,21,33,19,29,29,28,20,18,34,30,24,28,20,18,21,21,20,18,20,24,28,15
2019-20,33,Tamilnadu,3314,KARUR,331405,KRISHNARAYAPURAM,Rural,3,cat3,"HSS (I-XII)",5,"Private Unaided (Recognized)",2,SC,9,12,7,12,11,12,9,5,5,3,3,7,2,6,5,5,6,6,6,2,2,2,4,2,2,3
2019-20,33,Tamilnadu,3314,KARUR,331407,KULITHALAI,Rural,3,cat3,"HSS (I-XII)",5,"Private Unaided (Recognized)",2,SC,6,4,2,3,7,3,4,8,3,6,7,4,5,4,1,2,4,3,2,3,4,3,4,3,2,2
2019-20,33,Tamilnadu,3314,KARUR,331408,THOGAIMALAI,Rural,3,cat3,"HSS (I-XII)",5,"Private Unaided (Recognized)",2,SC,4,2,1,2,3,0,5,1,1,3,3,1,4,2,0,2,1,0,2,0,3,4,0,0,1,2
2019-20,33,Tamilnadu,3314,KARUR,331401,KARUR,Urban,3,cat3,"HSS (I-XII)",5,"Private Unaided (Recognized)",2,SC,83,72,54,58,52,46,36,41,34,38,29,23,16,13,37,46,54,45,45,48,35,26,27,21,14,7
2019-20,33,Tamilnadu,3314,KARUR,331402,THANTHONI,Urban,3,cat3,"HSS (I-XII)",5,"Private Unaided (Recognized)",2,SC,73,64,34,31,27,39,21,31,15,17,27,18,20,15,28,25,25,24,26,11,11,20,13,9,14,19
2019-20,33,Tamilnadu,3314,KARUR,331403,ARAVAKURICHI,Urban,3,cat3,"HSS (I-XII)",5,"Private Unaided (Recognized)",2,SC,23,20,6,7,7,5,6,10,3,5,6,7,6,6,9,3,6,7,3,7,3,6,2,4,13,9
2019-20,33,Tamilnadu,3314,KARUR,331407,KULITHALAI,Urban,3,cat3,"HSS (I-XII)",5,"Private Unaided (Recognized)",2,SC,44,37,26,20,16,14,14,18,11,21,9,10,9,7,16,19,11,11,8,13,10,5,7,9,13,9
2019-20,33,Tamilnadu,3314,KARUR,331401,KARUR,Rural,5,cat5,"HSS (VI-XII)",1,"Department of Education",2,SC,0,0,0,0,0,0,0,48,61,54,61,70,49,56,0,0,0,0,0,56,49,47,61,62,47,63
2019-20,33,Tamilnadu,3314,KARUR,331402,THANTHONI,Rural,5,cat5,"HSS (VI-XII)",1,"Department of Education",2,SC,0,0,0,0,0,0,0,69,48,66,77,41,48,52,0,0,0,0,0,48,54,51,82,72,58,54
2019-20,33,Tamilnadu,3314,KARUR,331403,ARAVAKURICHI,Rural,5,cat5,"HSS (VI-XII)",1,"Department of Education",2,SC,0,0,0,0,0,0,0,36,41,46,74,67,36,31,0,0,0,0,0,39,42,48,73,43,66,54
2019-20,33,Tamilnadu,3314,KARUR,331404,K.PARAMATHI,Rural,5,cat5,"HSS (VI-XII)",1,"Department of Education",2,SC,0,0,0,0,0,0,0,40,57,51,68,68,53,55,0,0,0,0,0,62,51,47,83,82,85,76
2019-20,33,Tamilnadu,3314,KARUR,331405,KRISHNARAYAPURAM,Rural,5,cat5,"HSS (VI-XII)",1,"Department of Education",2,SC,0,0,0,0,0,0,0,30,28,45,78,61,48,73,0,0,0,0,0,35,32,42,61,79,61,66
2019-20,33,Tamilnadu,3314,KARUR,331406,KADAVOOR,Rural,5,cat5,"HSS (VI-XII)",1,"Department of Education",2,SC,0,0,0,0,0,0,0,34,31,32,95,44,70,53,0,0,0,0,0,29,40,30,79,82,73,73
2019-20,33,Tamilnadu,3314,KARUR,331407,KULITHALAI,Rural,5,cat5,"HSS (VI-XII)",1,"Department of Education",2,SC,0,0,0,0,0,0,0,9,11,16,12,20,20,17,0,0,0,0,0,11,10,10,18,17,17,22
2019-20,33,Tamilnadu,3314,KARUR,331408,THOGAIMALAI,Rural,5,cat5,"HSS (VI-XII)",1,"Department of Education",2,SC,0,0,0,0,0,0,0,53,45,43,84,85,68,91,0,0,0,0,0,29,34,51,58,50,98,107
2019-20,33,Tamilnadu,3314,KARUR,331401,KARUR,Urban,5,cat5,"HSS (VI-XII)",1,"Department of Education",2,SC,0,0,0,0,0,0,0,21,16,21,45,22,28,27,0,0,0,0,0,24,22,36,45,46,66,68
2019-20,33,Tamilnadu,3314,KARUR,331402,THANTHONI,Urban,5,cat5,"HSS (VI-XII)",1,"Department of Education",2,SC,0,0,0,0,0,0,0,26,18,41,43,36,34,39,0,0,0,0,0,16,17,15,19,23,17,24
2019-20,33,Tamilnadu,3314,KARUR,331403,ARAVAKURICHI,Urban,5,cat5,"HSS (VI-XII)",1,"Department of Education",2,SC,0,0,0,0,0,0,0,2,12,11,26,20,10,16,0,0,0,0,0,0,0,0,0,0,19,12
2019-20,33,Tamilnadu,3314,KARUR,331405,KRISHNARAYAPURAM,Urban,5,cat5,"HSS (VI-XII)",1,"Department of Education",2,SC,0,0,0,0,0,0,0,11,18,17,42,36,37,36,0,0,0,0,0,12,14,12,41,22,49,49
2019-20,33,Tamilnadu,3314,KARUR,331407,KULITHALAI,Urban,5,cat5,"HSS (VI-XII)",1,"Department of Education",2,SC,0,0,0,0,0,0,0,17,26,22,54,53,57,50,0,0,0,0,0,22,32,45,74,92,84,93
2019-20,33,Tamilnadu,3314,KARUR,331404,K.PARAMATHI,Rural,5,cat5,"HSS (VI-XII)",2,"Tribal Welfare Department",2,SC,0,0,0,0,0,0,0,6,5,3,7,8,6,15,0,0,0,0,0,2,7,4,12,5,7,6
2019-20,33,Tamilnadu,3314,KARUR,331405,KRISHNARAYAPURAM,Rural,5,cat5,"HSS (VI-XII)",2,"Tribal Welfare Department",2,SC,0,0,0,0,0,0,0,6,9,6,10,3,5,8,0,0,0,0,0,5,6,4,10,8,9,8
2019-20,33,Tamilnadu,3314,KARUR,331401,KARUR,Urban,5,cat5,"HSS (VI-XII)",3,"Local body",2,SC,0,0,0,0,0,0,0,10,11,11,11,14,38,44,0,0,0,0,0,9,11,14,17,30,34,52
2019-20,33,Tamilnadu,3314,KARUR,331401,KARUR,Rural,5,cat5,"HSS (VI-XII)",4,"Government Aided",2,SC,0,0,0,0,0,0,0,7,10,3,15,10,8,1,0,0,0,0,0,3,6,1,1,3,2,0
2019-20,33,Tamilnadu,3314,KARUR,331406,KADAVOOR,Rural,5,cat5,"HSS (VI-XII)",4,"Government Aided",2,SC,0,0,0,0,0,0,0,4,10,7,7,7,10,5,0,0,0,0,0,3,6,2,10,6,6,5
2019-20,33,Tamilnadu,3314,KARUR,331401,KARUR,Urban,5,cat5,"HSS (VI-XII)",4,"Government Aided",2,SC,0,0,0,0,0,0,0,36,47,48,58,53,58,49,0,0,0,0,0,37,43,39,51,62,47,33
2019-20,33,Tamilnadu,3314,KARUR,331402,THANTHONI,Urban,5,cat5,"HSS (VI-XII)",4,"Government Aided",2,SC,0,0,0,0,0,0,0,19,29,12,27,27,18,21,0,0,0,0,0,100,92,100,122,105,152,135
2019-20,33,Tamilnadu,3314,KARUR,331403,ARAVAKURICHI,Urban,5,cat5,"HSS (VI-XII)",4,"Government Aided",2,SC,0,0,0,0,0,0,0,25,28,36,28,15,18,15,0,0,0,0,0,20,19,21,15,22,24,14
2019-20,33,Tamilnadu,3314,KARUR,331401,KARUR,Rural,5,cat5,"HSS (VI-XII)",5,"Private Unaided (Recognized)",2,SC,0,0,0,0,0,0,0,33,44,22,35,19,22,18,0,0,0,0,0,17,29,13,28,17,21,31
2019-20,33,Tamilnadu,3314,KARUR,331402,THANTHONI,Rural,5,cat5,"HSS (VI-XII)",5,"Private Unaided (Recognized)",2,SC,0,0,0,0,0,0,0,37,40,51,46,50,43,52,0,0,0,0,0,30,19,30,25,34,58,41
2019-20,33,Tamilnadu,3314,KARUR,331404,K.PARAMATHI,Rural,5,cat5,"HSS (VI-XII)",5,"Private Unaided (Recognized)",2,SC,0,0,0,0,0,0,0,1,3,2,2,9,0,7,0,0,0,0,0,0,2,3,2,8,0,5
2019-20,33,Tamilnadu,3314,KARUR,331405,KRISHNARAYAPURAM,Rural,5,cat5,"HSS (VI-XII)",5,"Private Unaided (Recognized)",2,SC,0,0,0,0,0,0,0,2,0,2,2,3,3,5,0,0,0,0,0,0,2,0,1,3,1,2
2019-20,33,Tamilnadu,3314,KARUR,331406,KADAVOOR,Rural,5,cat5,"HSS (VI-XII)",5,"Private Unaided (Recognized)",2,SC,0,0,0,0,0,0,0,11,10,13,12,15,9,9,0,0,0,0,0,6,7,8,9,5,12,4
2019-20,33,Tamilnadu,3314,KARUR,331405,KRISHNARAYAPURAM,Urban,5,cat5,"HSS (VI-XII)",5,"Private Unaided (Recognized)",2,SC,0,0,0,0,0,0,0,5,3,4,3,0,2,2,0,0,0,0,0,3,3,1,3,2,2,4
2019-20,33,Tamilnadu,3314,KARUR,331401,KARUR,Rural,1,cat1,"PS (I-V)",1,"Department of Education",2,SC,0,0,50,68,68,54,47,0,0,0,0,0,0,0,49,63,51,51,65,0,0,0,0,0,0,0
2019-20,33,Tamilnadu,3314,KARUR,331402,THANTHONI,Rural,1,cat1,"PS (I-V)",1,"Department of Education",2,SC,0,0,82,99,98,91,93,0,0,0,0,0,0,0,87,93,108,101,96,0,0,0,0,0,0,0
2019-20,33,Tamilnadu,3314,KARUR,331403,ARAVAKURICHI,Rural,1,cat1,"PS (I-V)",1,"Department of Education",2,SC,0,0,67,80,96,87,77,0,0,0,0,0,0,0,73,63,113,81,81,0,0,0,0,0,0,0
2019-20,33,Tamilnadu,3314,KARUR,331404,K.PARAMATHI,Rural,1,cat1,"PS (I-V)",1,"Department of Education",2,SC,0,0,55,77,90,70,77,0,0,0,0,0,0,0,69,85,85,62,77,0,0,0,0,0,0,0
2019-20,33,Tamilnadu,3314,KARUR,331405,KRISHNARAYAPURAM,Rural,1,cat1,"PS (I-V)",1,"Department of Education",2,SC,0,0,66,69,72,57,67,0,0,0,0,0,0,0,59,64,76,65,75,0,0,0,0,0,0,0
2019-20,33,Tamilnadu,3314,KARUR,331406,KADAVOOR,Rural,1,cat1,"PS (I-V)",1,"Department of Education",2,SC,0,0,45,41,45,63,53,0,0,0,0,0,0,0,40,60,63,61,52,0,0,0,0,0,0,0
2019-20,33,Tamilnadu,3314,KARUR,331407,KULITHALAI,Rural,1,cat1,"PS (I-V)",1,"Department of Education",2,SC,0,0,26,32,33,37,30,0,0,0,0,0,0,0,41,37,40,47,40,0,0,0,0,0,0,0
2019-20,33,Tamilnadu,3314,KARUR,331408,THOGAIMALAI,Rural,1,cat1,"PS (I-V)",1,"Department of Education",2,SC,0,0,71,80,82,94,80,0,0,0,0,0,0,0,66,96,99,78,87,0,0,0,0,0,0,0
2019-20,33,Tamilnadu,3314,KARUR,331401,KARUR,Urban,1,cat1,"PS (I-V)",1,"Department of Education",2,SC,0,0,10,16,19,13,16,0,0,0,0,0,0,0,9,18,16,12,15,0,0,0,0,0,0,0
2019-20,33,Tamilnadu,3314,KARUR,331402,THANTHONI,Urban,1,cat1,"PS (I-V)",1,"Department of Education",2,SC,0,0,47,60,66,63,59,0,0,0,0,0,0,0,51,64,78,67,74,0,0,0,0,0,0,0
2019-20,33,Tamilnadu,3314,KARUR,331403,ARAVAKURICHI,Urban,1,cat1,"PS (I-V)",1,"Department of Education",2,SC,0,0,11,8,12,7,10,0,0,0,0,0,0,0,12,10,10,15,7,0,0,0,0,0,0,0
2019-20,33,Tamilnadu,3314,KARUR,331405,KRISHNARAYAPURAM,Urban,1,cat1,"PS (I-V)",1,"Department of Education",2,SC,0,0,3,13,16,21,14,0,0,0,0,0,0,0,14,10,13,13,12,0,0,0,0,0,0,0
2019-20,33,Tamilnadu,3314,KARUR,331407,KULITHALAI,Urban,1,cat1,"PS (I-V)",1,"Department of Education",2,SC,0,0,17,17,18,22,24,0,0,0,0,0,0,0,21,23,26,24,15,0,0,0,0,0,0,0
2019-20,33,Tamilnadu,3314,KARUR,331402,THANTHONI,Rural,1,cat1,"PS (I-V)",2,"Tribal Welfare Department",2,SC,0,0,0,0,2,1,0,0,0,0,0,0,0,0,2,0,1,2,1,0,0,0,0,0,0,0
2019-20,33,Tamilnadu,3314,KARUR,331404,K.PARAMATHI,Rural,1,cat1,"PS (I-V)",2,"Tribal Welfare Department",2,SC,0,0,6,10,3,5,6,0,0,0,0,0,0,0,0,2,6,9,5,0,0,0,0,0,0,0
2019-20,33,Tamilnadu,3314,KARUR,331405,KRISHNARAYAPURAM,Rural,1,cat1,"PS (I-V)",2,"Tribal Welfare Department",2,SC,0,0,10,7,8,9,7,0,0,0,0,0,0,0,5,6,8,17,13,0,0,0,0,0,0,0
2019-20,33,Tamilnadu,3314,KARUR,331406,KADAVOOR,Rural,1,cat1,"PS (I-V)",2,"Tribal Welfare Department",2,SC,0,0,14,11,14,15,12,0,0,0,0,0,0,0,11,7,12,14,11,0,0,0,0,0,0,0
2019-20,33,Tamilnadu,3314,KARUR,331407,KULITHALAI,Rural,1,cat1,"PS (I-V)",2,"Tribal Welfare Department",2,SC,0,0,2,2,12,6,4,0,0,0,0,0,0,0,3,0,6,5,8,0,0,0,0,0,0,0
2019-20,33,Tamilnadu,3314,KARUR,331408,THOGAIMALAI,Rural,1,cat1,"PS (I-V)",2,"Tribal Welfare Department",2,SC,0,0,20,18,15,13,19,0,0,0,0,0,0,0,15,12,17,18,19,0,0,0,0,0,0,0
2019-20,33,Tamilnadu,3314,KARUR,331402,THANTHONI,Urban,1,cat1,"PS (I-V)",2,"Tribal Welfare Department",2,SC,0,0,0,1,1,0,1,0,0,0,0,0,0,0,3,1,0,3,2,0,0,0,0,0,0,0
2019-20,33,Tamilnadu,3314,KARUR,331401,KARUR,Urban,1,cat1,"PS (I-V)",3,"Local body",2,SC,0,0,2,2,7,5,3,0,0,0,0,0,0,0,3,5,1,4,5,0,0,0,0,0,0,0
2019-20,33,Tamilnadu,3314,KARUR,331401,KARUR,Rural,1,cat1,"PS (I-V)",4,"Government Aided",2,SC,0,0,12,9,9,6,13,0,0,0,0,0,0,0,9,10,9,7,5,0,0,0,0,0,0,0
2019-20,33,Tamilnadu,3314,KARUR,331402,THANTHONI,Rural,1,cat1,"PS (I-V)",4,"Government Aided",2,SC,0,0,5,4,3,2,5,0,0,0,0,0,0,0,3,2,1,2,5,0,0,0,0,0,0,0
2019-20,33,Tamilnadu,3314,KARUR,331404,K.PARAMATHI,Rural,1,cat1,"PS (I-V)",4,"Government Aided",2,SC,0,0,8,4,7,4,4,0,0,0,0,0,0,0,3,3,7,6,7,0,0,0,0,0,0,0
2019-20,33,Tamilnadu,3314,KARUR,331405,KRISHNARAYAPURAM,Rural,1,cat1,"PS (I-V)",4,"Government Aided",2,SC,0,0,5,11,13,11,7,0,0,0,0,0,0,0,10,13,15,7,13,0,0,0,0,0,0,0
2019-20,33,Tamilnadu,3314,KARUR,331406,KADAVOOR,Rural,1,cat1,"PS (I-V)",4,"Government Aided",2,SC,0,0,3,9,6,4,8,0,0,0,0,0,0,0,6,3,5,5,12,0,0,0,0,0,0,0
2019-20,33,Tamilnadu,3314,KARUR,331407,KULITHALAI,Rural,1,cat1,"PS (I-V)",4,"Government Aided",2,SC,0,0,11,12,3,8,8,0,0,0,0,0,0,0,9,10,15,7,2,0,0,0,0,0,0,0
2019-20,33,Tamilnadu,3314,KARUR,331408,THOGAIMALAI,Rural,1,cat1,"PS (I-V)",4,"Government Aided",2,SC,0,0,3,6,5,0,5,0,0,0,0,0,0,0,4,3,9,5,10,0,0,0,0,0,0,0
2019-20,33,Tamilnadu,3314,KARUR,331401,KARUR,Urban,1,cat1,"PS (I-V)",4,"Government Aided",2,SC,0,0,24,33,42,51,50,0,0,0,0,0,0,0,36,33,54,47,60,0,0,0,0,0,0,0
2019-20,33,Tamilnadu,3314,KARUR,331403,ARAVAKURICHI,Urban,1,cat1,"PS (I-V)",4,"Government Aided",2,SC,0,0,3,3,3,2,3,0,0,0,0,0,0,0,3,5,4,7,3,0,0,0,0,0,0,0
2019-20,33,Tamilnadu,3314,KARUR,331407,KULITHALAI,Urban,1,cat1,"PS (I-V)",4,"Government Aided",2,SC,0,0,19,22,21,18,14,0,0,0,0,0,0,0,15,23,25,27,24,0,0,0,0,0,0,0
2019-20,33,Tamilnadu,3314,KARUR,331401,KARUR,Rural,1,cat1,"PS (I-V)",5,"Private Unaided (Recognized)",2,SC,38,26,15,9,10,13,4,0,0,0,0,0,0,0,9,11,6,10,12,0,0,0,0,0,0,0
2019-20,33,Tamilnadu,3314,KARUR,331402,THANTHONI,Rural,1,cat1,"PS (I-V)",5,"Private Unaided (Recognized)",2,SC,54,41,33,29,26,27,34,0,0,0,0,0,0,0,19,16,19,21,18,0,0,0,0,0,0,0
2019-20,33,Tamilnadu,3314,KARUR,331403,ARAVAKURICHI,Rural,1,cat1,"PS (I-V)",5,"Private Unaided (Recognized)",2,SC,2,1,1,0,1,0,0,0,0,0,0,0,0,0,1,0,0,1,0,0,0,0,0,0,0,0
2019-20,33,Tamilnadu,3314,KARUR,331404,K.PARAMATHI,Rural,1,cat1,"PS (I-V)",5,"Private Unaided (Recognized)",2,SC,28,33,19,18,13,7,7,0,0,0,0,0,0,0,14,16,10,15,11,0,0,0,0,0,0,0
2019-20,33,Tamilnadu,3314,KARUR,331405,KRISHNARAYAPURAM,Rural,1,cat1,"PS (I-V)",5,"Private Unaided (Recognized)",2,SC,23,16,20,9,12,5,1,0,0,0,0,0,0,0,15,7,7,7,9,0,0,0,0,0,0,0
2019-20,33,Tamilnadu,3314,KARUR,331406,KADAVOOR,Rural,1,cat1,"PS (I-V)",5,"Private Unaided (Recognized)",2,SC,27,9,12,11,12,10,14,0,0,0,0,0,0,0,8,5,10,9,8,0,0,0,0,0,0,0
2019-20,33,Tamilnadu,3314,KARUR,331407,KULITHALAI,Rural,1,cat1,"PS (I-V)",5,"Private Unaided (Recognized)",2,SC,28,23,8,10,12,7,6,0,0,0,0,0,0,0,10,9,7,5,6,0,0,0,0,0,0,0
2019-20,33,Tamilnadu,3314,KARUR,331408,THOGAIMALAI,Rural,1,cat1,"PS (I-V)",5,"Private Unaided (Recognized)",2,SC,44,43,28,21,13,10,9,0,0,0,0,0,0,0,24,19,12,17,7,0,0,0,0,0,0,0
2019-20,33,Tamilnadu,3314,KARUR,331401,KARUR,Urban,1,cat1,"PS (I-V)",5,"Private Unaided (Recognized)",2,SC,70,60,34,28,33,28,31,0,0,0,0,0,0,0,53,27,38,31,26,0,0,0,0,0,0,0
2019-20,33,Tamilnadu,3314,KARUR,331402,THANTHONI,Urban,1,cat1,"PS (I-V)",5,"Private Unaided (Recognized)",2,SC,100,86,42,23,31,20,25,0,0,0,0,0,0,0,33,25,34,21,15,0,0,0,0,0,0,0
2019-20,33,Tamilnadu,3314,KARUR,331403,ARAVAKURICHI,Urban,1,cat1,"PS (I-V)",5,"Private Unaided (Recognized)",2,SC,13,13,4,2,4,3,4,0,0,0,0,0,0,0,6,2,3,4,5,0,0,0,0,0,0,0
2019-20,33,Tamilnadu,3314,KARUR,331405,KRISHNARAYAPURAM,Urban,1,cat1,"PS (I-V)",5,"Private Unaided (Recognized)",2,SC,35,32,18,18,12,13,9,0,0,0,0,0,0,0,12,23,8,9,9,0,0,0,0,0,0,0
2019-20,33,Tamilnadu,3314,KARUR,331407,KULITHALAI,Urban,1,cat1,"PS (I-V)",5,"Private Unaided (Recognized)",2,SC,41,35,22,15,19,27,10,0,0,0,0,0,0,0,17,21,12,14,11,0,0,0,0,0,0,0
2019-20,33,Tamilnadu,3314,KARUR,331401,KARUR,Rural,6,cat6,"SS (I-X)",5,"Private Unaided (Recognized)",2,SC,18,13,11,6,10,6,10,6,4,7,4,2,0,0,6,8,5,7,3,2,3,4,1,0,0,0
2019-20,33,Tamilnadu,3314,KARUR,331402,THANTHONI,Rural,6,cat6,"SS (I-X)",5,"Private Unaided (Recognized)",2,SC,4,5,1,4,0,5,6,2,2,1,1,0,0,0,0,1,2,2,0,0,0,0,1,1,0,0
2019-20,33,Tamilnadu,3314,KARUR,331403,ARAVAKURICHI,Rural,6,cat6,"SS (I-X)",5,"Private Unaided (Recognized)",2,SC,6,2,6,6,2,1,5,2,2,2,1,0,0,0,1,1,3,4,2,2,2,2,2,1,0,0
2019-20,33,Tamilnadu,3314,KARUR,331405,KRISHNARAYAPURAM,Rural,6,cat6,"SS (I-X)",5,"Private Unaided (Recognized)",2,SC,33,29,20,11,14,7,5,4,11,3,6,5,0,0,6,12,13,4,8,4,3,5,4,8,0,0
2019-20,33,Tamilnadu,3314,KARUR,331406,KADAVOOR,Rural,6,cat6,"SS (I-X)",5,"Private Unaided (Recognized)",2,SC,42,23,18,25,22,17,12,4,7,9,6,5,0,0,14,14,9,8,16,5,7,10,5,1,0,0
2019-20,33,Tamilnadu,3314,KARUR,331407,KULITHALAI,Rural,6,cat6,"SS (I-X)",5,"Private Unaided (Recognized)",2,SC,15,15,7,5,6,6,4,6,3,3,3,5,0,0,9,4,4,9,3,4,3,3,1,8,0,0
2019-20,33,Tamilnadu,3314,KARUR,331408,THOGAIMALAI,Rural,6,cat6,"SS (I-X)",5,"Private Unaided (Recognized)",2,SC,7,7,5,4,4,1,4,2,0,2,4,0,0,0,3,3,2,3,3,0,0,1,1,0,0,0
2019-20,33,Tamilnadu,3314,KARUR,331401,KARUR,Urban,6,cat6,"SS (I-X)",5,"Private Unaided (Recognized)",2,SC,8,19,7,7,6,10,7,15,22,13,5,10,0,0,9,8,9,7,11,6,10,12,9,19,0,0
2019-20,33,Tamilnadu,3314,KARUR,331402,THANTHONI,Urban,6,cat6,"SS (I-X)",5,"Private Unaided (Recognized)",2,SC,72,54,17,23,31,29,21,25,13,14,19,12,0,0,34,21,23,26,18,13,7,17,17,12,0,0
2019-20,33,Tamilnadu,3314,KARUR,331403,ARAVAKURICHI,Urban,6,cat6,"SS (I-X)",5,"Private Unaided (Recognized)",2,SC,11,11,6,5,2,5,6,1,1,0,1,0,0,0,6,4,3,4,4,3,0,1,0,1,0,0
2019-20,33,Tamilnadu,3314,KARUR,331407,KULITHALAI,Urban,6,cat6,"SS (I-X)",5,"Private Unaided (Recognized)",2,SC,3,2,2,5,2,3,4,0,3,2,1,1,0,0,1,1,1,1,1,1,1,1,1,1,0,0
2019-20,33,Tamilnadu,3314,KARUR,331401,KARUR,Rural,7,cat7,"SS (VI-X)",1,"Department of Education",2,SC,0,0,0,0,0,0,0,14,14,14,21,9,0,0,0,0,0,0,0,10,10,15,28,20,0,0
2019-20,33,Tamilnadu,3314,KARUR,331402,THANTHONI,Rural,7,cat7,"SS (VI-X)",1,"Department of Education",2,SC,0,0,0,0,0,0,0,10,21,24,18,15,0,0,0,0,0,0,0,16,21,22,21,15,0,0
2019-20,33,Tamilnadu,3314,KARUR,331403,ARAVAKURICHI,Rural,7,cat7,"SS (VI-X)",1,"Department of Education",2,SC,0,0,0,0,0,0,0,30,28,36,42,32,0,0,0,0,0,0,0,36,24,32,40,30,0,0
2019-20,33,Tamilnadu,3314,KARUR,331404,K.PARAMATHI,Rural,7,cat7,"SS (VI-X)",1,"Department of Education",2,SC,0,0,0,0,0,0,0,15,6,16,15,10,0,0,0,0,0,0,0,15,15,10,19,14,0,0
2019-20,33,Tamilnadu,3314,KARUR,331405,KRISHNARAYAPURAM,Rural,7,cat7,"SS (VI-X)",1,"Department of Education",2,SC,0,0,0,0,0,0,0,29,34,31,40,31,0,0,0,0,0,0,0,26,31,23,41,53,0,0
2019-20,33,Tamilnadu,3314,KARUR,331406,KADAVOOR,Rural,7,cat7,"SS (VI-X)",1,"Department of Education",2,SC,0,0,0,0,0,0,0,23,21,26,24,12,0,0,0,0,0,0,0,22,20,17,14,22,0,0
2019-20,33,Tamilnadu,3314,KARUR,331407,KULITHALAI,Rural,7,cat7,"SS (VI-X)",1,"Department of Education",2,SC,0,0,0,0,0,0,0,4,9,7,14,4,0,0,0,0,0,0,0,7,6,10,4,5,0,0
2019-20,33,Tamilnadu,3314,KARUR,331408,THOGAIMALAI,Rural,7,cat7,"SS (VI-X)",1,"Department of Education",2,SC,0,0,0,0,0,0,0,43,47,56,56,37,0,0,0,0,0,0,0,64,77,51,68,58,0,0
2019-20,33,Tamilnadu,3314,KARUR,331401,KARUR,Urban,7,cat7,"SS (VI-X)",1,"Department of Education",2,SC,0,0,0,0,0,0,0,13,22,13,19,18,0,0,0,0,0,0,0,13,10,15,20,10,0,0
2019-20,33,Tamilnadu,3314,KARUR,331402,THANTHONI,Urban,7,cat7,"SS (VI-X)",1,"Department of Education",2,SC,0,0,0,0,0,0,0,41,36,35,52,44,0,0,0,0,0,0,0,24,27,26,42,38,0,0
2019-20,33,Tamilnadu,3314,KARUR,331403,ARAVAKURICHI,Urban,7,cat7,"SS (VI-X)",1,"Department of Education",2,SC,0,0,0,0,0,0,0,0,0,0,0,0,0,0,0,0,0,0,0,21,24,15,25,15,0,0
2019-20,33,Tamilnadu,3314,KARUR,331407,KULITHALAI,Urban,7,cat7,"SS (VI-X)",1,"Department of Education",2,SC,0,0,0,0,0,0,0,13,16,15,8,13,0,0,0,0,0,0,0,16,10,17,11,17,0,0
2019-20,33,Tamilnadu,3314,KARUR,331405,KRISHNARAYAPURAM,Rural,7,cat7,"SS (VI-X)",2,"Tribal Welfare Department",2,SC,0,0,0,0,0,0,0,2,3,4,3,4,0,0,0,0,0,0,0,2,2,0,1,0,0,0
2019-20,33,Tamilnadu,3314,KARUR,331406,KADAVOOR,Rural,7,cat7,"SS (VI-X)",2,"Tribal Welfare Department",2,SC,0,0,0,0,0,0,0,7,5,6,12,6,0,0,0,0,0,0,0,7,6,9,12,5,0,0
2019-20,33,Tamilnadu,3314,KARUR,331407,KULITHALAI,Rural,7,cat7,"SS (VI-X)",2,"Tribal Welfare Department",2,SC,0,0,0,0,0,0,0,4,7,7,5,13,0,0,0,0,0,0,0,9,8,12,3,14,0,0
2019-20,33,Tamilnadu,3314,KARUR,331408,THOGAIMALAI,Rural,7,cat7,"SS (VI-X)",2,"Tribal Welfare Department",2,SC,0,0,0,0,0,0,0,3,8,13,17,14,0,0,0,0,0,0,0,7,9,9,11,19,0,0
2019-20,33,Tamilnadu,3314,KARUR,331402,THANTHONI,Urban,7,cat7,"SS (VI-X)",2,"Tribal Welfare Department",2,SC,0,0,0,0,0,0,0,5,4,5,5,2,0,0,0,0,0,0,0,2,2,4,4,3,0,0
2019-20,33,Tamilnadu,3314,KARUR,331401,KARUR,Urban,7,cat7,"SS (VI-X)",3,"Local body",2,SC,0,0,0,0,0,0,0,1,2,7,9,9,0,0,0,0,0,0,0,2,4,5,11,4,0,0
2019-20,33,Tamilnadu,3314,KARUR,331408,THOGAIMALAI,Rural,7,cat7,"SS (VI-X)",4,"Government Aided",2,SC,0,0,0,0,0,0,0,4,4,0,2,1,0,0,0,0,0,0,0,2,3,1,1,0,0,0
2019-20,33,Tamilnadu,3314,KARUR,331401,KARUR,Urban,7,cat7,"SS (VI-X)",4,"Government Aided",2,SC,0,0,0,0,0,0,0,19,18,26,11,11,0,0,0,0,0,0,0,7,11,9,9,3,0,0
2019-20,33,Tamilnadu,3314,KARUR,331402,THANTHONI,Urban,7,cat7,"SS (VI-X)",4,"Government Aided",2,SC,0,0,0,0,0,0,0,10,8,8,5,5,0,0,0,0,0,0,0,3,6,1,1,0,0,0
2019-20,33,Tamilnadu,3314,KARUR,331407,KULITHALAI,Urban,7,cat7,"SS (VI-X)",4,"Government Aided",2,SC,0,0,0,0,0,0,0,26,16,26,23,26,0,0,0,0,0,0,0,18,20,22,33,18,0,0
2019-20,33,Tamilnadu,3314,KARUR,331404,K.PARAMATHI,Rural,7,cat7,"SS (VI-X)",5,"Private Unaided (Recognized)",2,SC,0,0,0,0,0,0,0,5,8,1,5,3,0,0,0,0,0,0,0,3,2,3,5,5,0,0
2019-20,33,Tamilnadu,3314,KARUR,331407,KULITHALAI,Rural,7,cat7,"SS (VI-X)",5,"Private Unaided (Recognized)",2,SC,0,0,0,0,0,0,0,1,1,1,2,1,0,0,0,0,0,0,0,0,0,1,1,0,0,0
2019-20,33,Tamilnadu,3314,KARUR,331408,THOGAIMALAI,Rural,7,cat7,"SS (VI-X)",5,"Private Unaided (Recognized)",2,SC,0,0,0,0,0,0,0,4,9,11,7,6,0,0,0,0,0,0,0,1,5,6,5,5,0,0
2019-20,33,Tamilnadu,3314,KARUR,331407,KULITHALAI,Urban,7,cat7,"SS (VI-X)",5,"Private Unaided (Recognized)",2,SC,0,0,0,0,0,0,0,3,6,3,2,4,0,0,0,0,0,0,0,3,4,2,1,3,0,0
2019-20,33,Tamilnadu,3314,KARUR,331401,KARUR,Rural,2,cat2,"UPS (I-VIII)",1,"Department of Education",2,SC,0,0,6,8,9,7,9,8,9,10,0,0,0,0,10,11,12,10,12,11,18,11,0,0,0,0
2019-20,33,Tamilnadu,3314,KARUR,331402,THANTHONI,Rural,2,cat2,"UPS (I-VIII)",1,"Department of Education",2,SC,18,11,19,18,27,23,23,35,30,34,0,0,0,0,14,21,22,30,37,31,27,37,0,0,0,0
2019-20,33,Tamilnadu,3314,KARUR,331403,ARAVAKURICHI,Rural,2,cat2,"UPS (I-VIII)",1,"Department of Education",2,SC,7,6,11,12,16,18,11,25,35,22,0,0,0,0,12,11,18,18,22,22,18,28,0,0,0,0
2019-20,33,Tamilnadu,3314,KARUR,331404,K.PARAMATHI,Rural,2,cat2,"UPS (I-VIII)",1,"Department of Education",2,SC,2,6,18,21,32,20,33,51,38,46,0,0,0,0,13,22,34,23,37,58,45,38,0,0,0,0
2019-20,33,Tamilnadu,3314,KARUR,331405,KRISHNARAYAPURAM,Rural,2,cat2,"UPS (I-VIII)",1,"Department of Education",2,SC,32,25,43,51,54,43,68,66,61,69,0,0,0,0,46,65,62,42,49,75,75,65,0,0,0,0
2019-20,33,Tamilnadu,3314,KARUR,331406,KADAVOOR,Rural,2,cat2,"UPS (I-VIII)",1,"Department of Education",2,SC,23,21,45,37,52,53,54,54,49,60,0,0,0,0,48,42,48,41,48,61,63,69,0,0,0,0
2019-20,33,Tamilnadu,3314,KARUR,331407,KULITHALAI,Rural,2,cat2,"UPS (I-VIII)",1,"Department of Education",2,SC,11,15,30,34,33,35,22,33,36,38,0,0,0,0,30,20,30,27,27,25,31,30,0,0,0,0
2019-20,33,Tamilnadu,3314,KARUR,331408,THOGAIMALAI,Rural,2,cat2,"UPS (I-VIII)",1,"Department of Education",2,SC,1,5,30,27,41,39,26,31,30,30,0,0,0,0,28,28,31,24,36,39,35,42,0,0,0,0
2019-20,33,Tamilnadu,3314,KARUR,331401,KARUR,Urban,2,cat2,"UPS (I-VIII)",1,"Department of Education",2,SC,0,0,10,18,17,16,22,11,17,30,0,0,0,0,14,15,17,22,22,16,22,9,0,0,0,0
2019-20,33,Tamilnadu,3314,KARUR,331402,THANTHONI,Urban,2,cat2,"UPS (I-VIII)",1,"Department of Education",2,SC,3,6,10,14,19,19,15,20,21,14,0,0,0,0,19,6,11,17,15,17,10,14,0,0,0,0
2019-20,33,Tamilnadu,3314,KARUR,331403,ARAVAKURICHI,Urban,2,cat2,"UPS (I-VIII)",1,"Department of Education",2,SC,0,0,1,5,4,3,4,14,4,7,0,0,0,0,0,0,4,6,3,4,4,2,0,0,0,0
2019-20,33,Tamilnadu,3314,KARUR,331405,KRISHNARAYAPURAM,Urban,2,cat2,"UPS (I-VIII)",1,"Department of Education",2,SC,0,0,4,3,4,9,4,9,8,8,0,0,0,0,6,4,4,8,6,12,18,18,0,0,0,0
2019-20,33,Tamilnadu,3314,KARUR,331407,KULITHALAI,Urban,2,cat2,"UPS (I-VIII)",1,"Department of Education",2,SC,32,27,19,23,22,17,15,23,27,19,0,0,0,0,20,20,19,25,22,14,24,25,0,0,0,0
2019-20,33,Tamilnadu,3314,KARUR,331405,KRISHNARAYAPURAM,Rural,2,cat2,"UPS (I-VIII)",2,"Tribal Welfare Department",2,SC,0,0,4,2,1,3,2,0,5,5,0,0,0,0,2,2,0,1,6,2,4,5,0,0,0,0
2019-20,33,Tamilnadu,3314,KARUR,331401,KARUR,Urban,2,cat2,"UPS (I-VIII)",2,"Tribal Welfare Department",2,SC,0,0,1,1,2,0,0,1,0,0,0,0,0,0,2,0,0,0,0,0,0,1,0,0,0,0
2019-20,33,Tamilnadu,3314,KARUR,331401,KARUR,Urban,2,cat2,"UPS (I-VIII)",3,"Local body",2,SC,4,8,6,4,6,8,8,14,11,7,0,0,0,0,3,4,7,4,7,4,5,4,0,0,0,0
2019-20,33,Tamilnadu,3314,KARUR,331401,KARUR,Rural,2,cat2,"UPS (I-VIII)",4,"Government Aided",2,SC,0,0,1,5,1,3,1,1,0,1,0,0,0,0,1,1,1,1,1,1,1,0,0,0,0,0
2019-20,33,Tamilnadu,3314,KARUR,331406,KADAVOOR,Rural,2,cat2,"UPS (I-VIII)",4,"Government Aided",2,SC,0,0,4,2,2,2,2,12,4,9,0,0,0,0,0,3,2,1,1,9,4,5,0,0,0,0
2019-20,33,Tamilnadu,3314,KARUR,331407,KULITHALAI,Rural,2,cat2,"UPS (I-VIII)",4,"Government Aided",2,SC,0,0,2,1,4,2,2,7,4,8,0,0,0,0,3,6,7,5,7,7,4,9,0,0,0,0
2019-20,33,Tamilnadu,3314,KARUR,331408,THOGAIMALAI,Rural,2,cat2,"UPS (I-VIII)",4,"Government Aided",2,SC,0,0,1,2,1,2,0,3,1,2,0,0,0,0,2,1,0,2,0,1,1,1,0,0,0,0
2019-20,33,Tamilnadu,3314,KARUR,331401,KARUR,Urban,2,cat2,"UPS (I-VIII)",4,"Government Aided",2,SC,0,0,5,4,2,2,5,2,5,3,0,0,0,0,0,3,2,6,4,2,4,4,0,0,0,0
2019-20,33,Tamilnadu,3314,KARUR,331407,KULITHALAI,Urban,2,cat2,"UPS (I-VIII)",4,"Government Aided",2,SC,0,0,4,9,4,7,11,15,19,11,0,0,0,0,2,6,3,2,10,14,8,14,0,0,0,0
2019-20,33,Tamilnadu,3314,KARUR,331402,THANTHONI,Rural,2,cat2,"UPS (I-VIII)",5,"Private Unaided (Recognized)",2,SC,8,5,4,6,4,4,5,5,0,0,0,0,0,0,9,1,3,3,6,5,4,1,0,0,0,0
2019-20,33,Tamilnadu,3314,KARUR,331403,ARAVAKURICHI,Rural,2,cat2,"UPS (I-VIII)",5,"Private Unaided (Recognized)",2,SC,0,0,0,0,0,0,0,0,0,0,0,0,0,0,0,0,0,0,0,0,0,0,0,0,0,0
2019-20,33,Tamilnadu,3314,KARUR,331404,K.PARAMATHI,Rural,2,cat2,"UPS (I-VIII)",5,"Private Unaided (Recognized)",2,SC,1,1,2,1,3,1,2,2,1,0,0,0,0,0,1,0,2,3,0,0,1,0,0,0,0,0
2019-20,33,Tamilnadu,3314,KARUR,331406,KADAVOOR,Rural,2,cat2,"UPS (I-VIII)",5,"Private Unaided (Recognized)",2,SC,2,3,2,2,4,1,0,1,0,0,0,0,0,0,0,1,1,0,1,1,0,0,0,0,0,0
2019-20,33,Tamilnadu,3314,KARUR,331407,KULITHALAI,Rural,2,cat2,"UPS (I-VIII)",5,"Private Unaided (Recognized)",2,SC,18,13,16,8,5,5,4,2,6,2,0,0,0,0,6,4,5,6,2,2,1,0,0,0,0,0
2019-20,33,Tamilnadu,3314,KARUR,331401,KARUR,Urban,2,cat2,"UPS (I-VIII)",5,"Private Unaided (Recognized)",2,SC,18,4,7,1,3,1,1,0,0,0,0,0,0,0,4,2,1,1,1,0,0,0,0,0,0,0
2019-20,33,Tamilnadu,3314,KARUR,331402,THANTHONI,Urban,2,cat2,"UPS (I-VIII)",5,"Private Unaided (Recognized)",2,SC,3,2,3,2,4,2,2,2,3,1,0,0,0,0,1,0,3,0,4,1,1,0,0,0,0,0
2019-20,33,Tamilnadu,3314,KARUR,331406,KADAVOOR,Rural,4,cat4,"UPS (VI-VIII)",6,"Other Govt. managed schools",2,SC,0,0,0,0,0,0,0,0,0,0,0,0,0,0,0,0,0,0,0,14,13,18,0,0,0,0
2019-20,33,Tamilnadu,3314,KARUR,331402,THANTHONI,Rural,3,cat3,"HSS (I-XII)",1,"Department of Education",3,ST,0,0,0,0,0,0,0,0,0,0,0,0,0,0,0,0,0,0,0,0,0,0,0,0,0,0
2019-20,33,Tamilnadu,3314,KARUR,331401,KARUR,Rural,3,cat3,"HSS (I-XII)",5,"Private Unaided (Recognized)",3,ST,0,2,1,0,0,0,0,0,3,1,0,0,0,1,0,1,0,1,1,1,2,1,2,1,0,1
2019-20,33,Tamilnadu,3314,KARUR,331402,THANTHONI,Rural,3,cat3,"HSS (I-XII)",5,"Private Unaided (Recognized)",3,ST,0,0,1,0,0,0,0,0,0,2,2,0,0,0,1,0,0,1,0,1,0,1,1,0,0,1
2019-20,33,Tamilnadu,3314,KARUR,331403,ARAVAKURICHI,Rural,3,cat3,"HSS (I-XII)",5,"Private Unaided (Recognized)",3,ST,0,0,0,0,0,0,0,0,0,0,0,0,0,0,0,0,0,0,0,0,0,0,0,0,0,0
2019-20,33,Tamilnadu,3314,KARUR,331404,K.PARAMATHI,Rural,3,cat3,"HSS (I-XII)",5,"Private Unaided (Recognized)",3,ST,0,1,0,0,1,0,0,1,0,0,0,1,1,0,0,1,0,0,0,0,0,1,0,1,1,1
2019-20,33,Tamilnadu,3314,KARUR,331405,KRISHNARAYAPURAM,Rural,3,cat3,"HSS (I-XII)",5,"Private Unaided (Recognized)",3,ST,0,0,0,0,0,0,0,0,0,0,0,0,0,0,0,0,0,0,0,0,0,0,0,0,0,0
2019-20,33,Tamilnadu,3314,KARUR,331407,KULITHALAI,Rural,3,cat3,"HSS (I-XII)",5,"Private Unaided (Recognized)",3,ST,0,0,0,0,0,0,1,0,0,0,1,0,0,0,0,0,0,0,0,0,0,0,0,0,0,0
2019-20,33,Tamilnadu,3314,KARUR,331408,THOGAIMALAI,Rural,3,cat3,"HSS (I-XII)",5,"Private Unaided (Recognized)",3,ST,0,0,0,0,0,0,0,0,0,0,0,0,0,0,0,0,0,0,0,0,0,0,0,0,0,0
2019-20,33,Tamilnadu,3314,KARUR,331401,KARUR,Urban,3,cat3,"HSS (I-XII)",5,"Private Unaided (Recognized)",3,ST,0,0,0,2,0,0,0,1,1,5,2,3,0,0,1,1,0,0,0,0,0,2,1,1,3,1
2019-20,33,Tamilnadu,3314,KARUR,331402,THANTHONI,Urban,3,cat3,"HSS (I-XII)",5,"Private Unaided (Recognized)",3,ST,0,0,0,0,0,0,0,0,0,0,2,0,0,0,0,0,0,0,0,0,0,0,1,0,0,0
2019-20,33,Tamilnadu,3314,KARUR,331403,ARAVAKURICHI,Urban,3,cat3,"HSS (I-XII)",5,"Private Unaided (Recognized)",3,ST,0,0,0,0,0,0,0,0,0,0,0,0,0,0,0,0,0,0,0,0,0,0,0,0,0,0
2019-20,33,Tamilnadu,3314,KARUR,331407,KULITHALAI,Urban,3,cat3,"HSS (I-XII)",5,"Private Unaided (Recognized)",3,ST,0,1,2,2,1,2,0,0,1,1,0,1,0,0,0,0,0,1,0,0,0,1,0,0,0,1
2019-20,33,Tamilnadu,3314,KARUR,331401,KARUR,Rural,5,cat5,"HSS (VI-XII)",1,"Department of Education",3,ST,0,0,0,0,0,0,0,1,0,2,0,2,0,0,0,0,0,0,0,0,0,1,0,0,0,0
2019-20,33,Tamilnadu,3314,KARUR,331402,THANTHONI,Rural,5,cat5,"HSS (VI-XII)",1,"Department of Education",3,ST,0,0,0,0,0,0,0,0,0,0,0,0,0,0,0,0,0,0,0,0,0,0,0,0,0,0
2019-20,33,Tamilnadu,3314,KARUR,331403,ARAVAKURICHI,Rural,5,cat5,"HSS (VI-XII)",1,"Department of Education",3,ST,0,0,0,0,0,0,0,0,0,0,0,0,0,0,0,0,0,0,0,0,0,0,0,0,0,0
2019-20,33,Tamilnadu,3314,KARUR,331404,K.PARAMATHI,Rural,5,cat5,"HSS (VI-XII)",1,"Department of Education",3,ST,0,0,0,0,0,0,0,0,0,0,0,0,0,0,0,0,0,0,0,0,0,0,0,0,0,0
2019-20,33,Tamilnadu,3314,KARUR,331405,KRISHNARAYAPURAM,Rural,5,cat5,"HSS (VI-XII)",1,"Department of Education",3,ST,0,0,0,0,0,0,0,0,0,0,0,0,0,0,0,0,0,0,0,0,0,0,0,0,0,0
2019-20,33,Tamilnadu,3314,KARUR,331406,KADAVOOR,Rural,5,cat5,"HSS (VI-XII)",1,"Department of Education",3,ST,0,0,0,0,0,0,0,0,0,0,0,0,0,0,0,0,0,0,0,0,0,0,0,0,0,0
2019-20,33,Tamilnadu,3314,KARUR,331407,KULITHALAI,Rural,5,cat5,"HSS (VI-XII)",1,"Department of Education",3,ST,0,0,0,0,0,0,0,0,0,1,0,0,0,0,0,0,0,0,0,0,0,0,0,0,0,0
2019-20,33,Tamilnadu,3314,KARUR,331408,THOGAIMALAI,Rural,5,cat5,"HSS (VI-XII)",1,"Department of Education",3,ST,0,0,0,0,0,0,0,0,0,0,0,0,0,0,0,0,0,0,0,0,0,0,0,0,0,0
2019-20,33,Tamilnadu,3314,KARUR,331401,KARUR,Urban,5,cat5,"HSS (VI-XII)",1,"Department of Education",3,ST,0,0,0,0,0,0,0,0,0,2,1,1,0,5,0,0,0,0,0,1,1,0,1,0,3,0
2019-20,33,Tamilnadu,3314,KARUR,331402,THANTHONI,Urban,5,cat5,"HSS (VI-XII)",1,"Department of Education",3,ST,0,0,0,0,0,0,0,0,0,0,0,0,0,3,0,0,0,0,0,0,0,0,0,0,0,1
2019-20,33,Tamilnadu,3314,KARUR,331403,ARAVAKURICHI,Urban,5,cat5,"HSS (VI-XII)",1,"Department of Education",3,ST,0,0,0,0,0,0,0,0,0,0,0,0,0,0,0,0,0,0,0,0,0,0,0,0,0,0
2019-20,33,Tamilnadu,3314,KARUR,331405,KRISHNARAYAPURAM,Urban,5,cat5,"HSS (VI-XII)",1,"Department of Education",3,ST,0,0,0,0,0,0,0,0,0,0,0,0,0,0,0,0,0,0,0,0,0,0,0,0,0,0
2019-20,33,Tamilnadu,3314,KARUR,331407,KULITHALAI,Urban,5,cat5,"HSS (VI-XII)",1,"Department of Education",3,ST,0,0,0,0,0,0,0,0,0,0,0,0,0,0,0,0,0,0,0,0,0,0,1,0,0,0
2019-20,33,Tamilnadu,3314,KARUR,331404,K.PARAMATHI,Rural,5,cat5,"HSS (VI-XII)",2,"Tribal Welfare Department",3,ST,0,0,0,0,0,0,0,0,0,0,0,0,0,0,0,0,0,0,0,0,0,0,0,0,0,0
2019-20,33,Tamilnadu,3314,KARUR,331405,KRISHNARAYAPURAM,Rural,5,cat5,"HSS (VI-XII)",2,"Tribal Welfare Department",3,ST,0,0,0,0,0,0,0,0,0,0,0,0,0,0,0,0,0,0,0,0,0,0,0,0,0,0
2019-20,33,Tamilnadu,3314,KARUR,331401,KARUR,Urban,5,cat5,"HSS (VI-XII)",3,"Local body",3,ST,0,0,0,0,0,0,0,0,0,0,0,0,0,1,0,0,0,0,0,0,0,0,0,0,1,0
2019-20,33,Tamilnadu,3314,KARUR,331401,KARUR,Rural,5,cat5,"HSS (VI-XII)",4,"Government Aided",3,ST,0,0,0,0,0,0,0,0,0,0,0,0,0,0,0,0,0,0,0,0,0,0,0,0,0,0
2019-20,33,Tamilnadu,3314,KARUR,331406,KADAVOOR,Rural,5,cat5,"HSS (VI-XII)",4,"Government Aided",3,ST,0,0,0,0,0,0,0,0,0,0,0,0,0,1,0,0,0,0,0,0,0,0,0,0,0,0
2019-20,33,Tamilnadu,3314,KARUR,331401,KARUR,Urban,5,cat5,"HSS (VI-XII)",4,"Government Aided",3,ST,0,0,0,0,0,0,0,2,0,0,1,0,0,1,0,0,0,0,0,0,0,0,0,2,0,1
2019-20,33,Tamilnadu,3314,KARUR,331402,THANTHONI,Urban,5,cat5,"HSS (VI-XII)",4,"Government Aided",3,ST,0,0,0,0,0,0,0,0,0,0,0,0,0,0,0,0,0,0,0,1,0,0,1,0,0,0
2019-20,33,Tamilnadu,3314,KARUR,331403,ARAVAKURICHI,Urban,5,cat5,"HSS (VI-XII)",4,"Government Aided",3,ST,0,0,0,0,0,0,0,0,0,0,0,0,0,0,0,0,0,0,0,0,0,0,0,0,0,0
2019-20,33,Tamilnadu,3314,KARUR,331401,KARUR,Rural,5,cat5,"HSS (VI-XII)",5,"Private Unaided (Recognized)",3,ST,0,0,0,0,0,0,0,0,0,0,3,1,0,0,0,0,0,0,0,0,0,1,2,1,0,0
2019-20,33,Tamilnadu,3314,KARUR,331402,THANTHONI,Rural,5,cat5,"HSS (VI-XII)",5,"Private Unaided (Recognized)",3,ST,0,0,0,0,0,0,0,0,0,2,1,1,0,1,0,0,0,0,0,0,0,0,2,1,0,0
2019-20,33,Tamilnadu,3314,KARUR,331404,K.PARAMATHI,Rural,5,cat5,"HSS (VI-XII)",5,"Private Unaided (Recognized)",3,ST,0,0,0,0,0,0,0,0,0,0,0,0,0,0,0,0,0,0,0,0,0,0,0,0,0,0
2019-20,33,Tamilnadu,3314,KARUR,331405,KRISHNARAYAPURAM,Rural,5,cat5,"HSS (VI-XII)",5,"Private Unaided (Recognized)",3,ST,0,0,0,0,0,0,0,0,0,0,0,0,0,0,0,0,0,0,0,0,0,0,0,0,0,0
2019-20,33,Tamilnadu,3314,KARUR,331406,KADAVOOR,Rural,5,cat5,"HSS (VI-XII)",5,"Private Unaided (Recognized)",3,ST,0,0,0,0,0,0,0,0,0,1,1,0,0,2,0,0,0,0,0,0,1,1,0,1,1,1
2019-20,33,Tamilnadu,3314,KARUR,331405,KRISHNARAYAPURAM,Urban,5,cat5,"HSS (VI-XII)",5,"Private Unaided (Recognized)",3,ST,0,0,0,0,0,0,0,0,0,0,1,0,0,0,0,0,0,0,0,0,0,0,0,0,0,0
2019-20,33,Tamilnadu,3314,KARUR,331401,KARUR,Rural,1,cat1,"PS (I-V)",1,"Department of Education",3,ST,0,0,2,1,1,3,0,0,0,0,0,0,0,0,4,1,1,2,0,0,0,0,0,0,0,0
2019-20,33,Tamilnadu,3314,KARUR,331402,THANTHONI,Rural,1,cat1,"PS (I-V)",1,"Department of Education",3,ST,0,0,0,0,0,1,1,0,0,0,0,0,0,0,0,0,1,0,0,0,0,0,0,0,0,0
2019-20,33,Tamilnadu,3314,KARUR,331403,ARAVAKURICHI,Rural,1,cat1,"PS (I-V)",1,"Department of Education",3,ST,0,0,0,0,0,0,0,0,0,0,0,0,0,0,0,0,0,0,0,0,0,0,0,0,0,0
2019-20,33,Tamilnadu,3314,KARUR,331404,K.PARAMATHI,Rural,1,cat1,"PS (I-V)",1,"Department of Education",3,ST,0,0,1,0,0,0,0,0,0,0,0,0,0,0,0,2,0,0,0,0,0,0,0,0,0,0
2019-20,33,Tamilnadu,3314,KARUR,331405,KRISHNARAYAPURAM,Rural,1,cat1,"PS (I-V)",1,"Department of Education",3,ST,0,0,0,1,0,0,0,0,0,0,0,0,0,0,0,2,2,0,0,0,0,0,0,0,0,0
2019-20,33,Tamilnadu,3314,KARUR,331406,KADAVOOR,Rural,1,cat1,"PS (I-V)",1,"Department of Education",3,ST,0,0,0,0,0,0,0,0,0,0,0,0,0,0,0,0,0,0,0,0,0,0,0,0,0,0
2019-20,33,Tamilnadu,3314,KARUR,331407,KULITHALAI,Rural,1,cat1,"PS (I-V)",1,"Department of Education",3,ST,0,0,0,0,0,0,0,0,0,0,0,0,0,0,0,0,0,0,0,0,0,0,0,0,0,0
2019-20,33,Tamilnadu,3314,KARUR,331408,THOGAIMALAI,Rural,1,cat1,"PS (I-V)",1,"Department of Education",3,ST,0,0,0,0,0,0,0,0,0,0,0,0,0,0,0,0,0,0,0,0,0,0,0,0,0,0
2019-20,33,Tamilnadu,3314,KARUR,331401,KARUR,Urban,1,cat1,"PS (I-V)",1,"Department of Education",3,ST,0,0,1,0,0,0,2,0,0,0,0,0,0,0,0,1,0,0,0,0,0,0,0,0,0,0
2019-20,33,Tamilnadu,3314,KARUR,331402,THANTHONI,Urban,1,cat1,"PS (I-V)",1,"Department of Education",3,ST,0,0,1,0,0,0,0,0,0,0,0,0,0,0,1,0,1,1,0,0,0,0,0,0,0,0
2019-20,33,Tamilnadu,3314,KARUR,331403,ARAVAKURICHI,Urban,1,cat1,"PS (I-V)",1,"Department of Education",3,ST,0,0,0,0,1,0,0,0,0,0,0,0,0,0,0,0,0,0,0,0,0,0,0,0,0,0
2019-20,33,Tamilnadu,3314,KARUR,331405,KRISHNARAYAPURAM,Urban,1,cat1,"PS (I-V)",1,"Department of Education",3,ST,0,0,0,0,0,0,0,0,0,0,0,0,0,0,0,0,0,0,0,0,0,0,0,0,0,0
2019-20,33,Tamilnadu,3314,KARUR,331407,KULITHALAI,Urban,1,cat1,"PS (I-V)",1,"Department of Education",3,ST,0,0,0,0,0,0,0,0,0,0,0,0,0,0,0,0,0,0,0,0,0,0,0,0,0,0
2019-20,33,Tamilnadu,3314,KARUR,331402,THANTHONI,Rural,1,cat1,"PS (I-V)",2,"Tribal Welfare Department",3,ST,0,0,0,0,0,0,0,0,0,0,0,0,0,0,0,0,0,0,0,0,0,0,0,0,0,0
2019-20,33,Tamilnadu,3314,KARUR,331404,K.PARAMATHI,Rural,1,cat1,"PS (I-V)",2,"Tribal Welfare Department",3,ST,0,0,0,0,0,0,0,0,0,0,0,0,0,0,0,0,0,0,0,0,0,0,0,0,0,0
2019-20,33,Tamilnadu,3314,KARUR,331405,KRISHNARAYAPURAM,Rural,1,cat1,"PS (I-V)",2,"Tribal Welfare Department",3,ST,0,0,1,0,0,1,0,0,0,0,0,0,0,0,0,0,0,0,0,0,0,0,0,0,0,0
2019-20,33,Tamilnadu,3314,KARUR,331406,KADAVOOR,Rural,1,cat1,"PS (I-V)",2,"Tribal Welfare Department",3,ST,0,0,0,0,0,0,0,0,0,0,0,0,0,0,0,0,0,0,0,0,0,0,0,0,0,0
2019-20,33,Tamilnadu,3314,KARUR,331407,KULITHALAI,Rural,1,cat1,"PS (I-V)",2,"Tribal Welfare Department",3,ST,0,0,0,0,0,0,0,0,0,0,0,0,0,0,0,0,0,0,0,0,0,0,0,0,0,0
2019-20,33,Tamilnadu,3314,KARUR,331408,THOGAIMALAI,Rural,1,cat1,"PS (I-V)",2,"Tribal Welfare Department",3,ST,0,0,0,0,0,0,0,0,0,0,0,0,0,0,0,0,0,0,0,0,0,0,0,0,0,0
2019-20,33,Tamilnadu,3314,KARUR,331402,THANTHONI,Urban,1,cat1,"PS (I-V)",2,"Tribal Welfare Department",3,ST,0,0,0,0,0,0,0,0,0,0,0,0,0,0,0,1,0,0,0,0,0,0,0,0,0,0
2019-20,33,Tamilnadu,3314,KARUR,331401,KARUR,Urban,1,cat1,"PS (I-V)",3,"Local body",3,ST,0,0,0,0,0,0,0,0,0,0,0,0,0,0,0,0,0,0,0,0,0,0,0,0,0,0
2019-20,33,Tamilnadu,3314,KARUR,331401,KARUR,Rural,1,cat1,"PS (I-V)",4,"Government Aided",3,ST,0,0,0,0,0,0,0,0,0,0,0,0,0,0,0,0,0,0,0,0,0,0,0,0,0,0
2019-20,33,Tamilnadu,3314,KARUR,331402,THANTHONI,Rural,1,cat1,"PS (I-V)",4,"Government Aided",3,ST,0,0,0,0,0,0,0,0,0,0,0,0,0,0,0,0,0,0,0,0,0,0,0,0,0,0
2019-20,33,Tamilnadu,3314,KARUR,331404,K.PARAMATHI,Rural,1,cat1,"PS (I-V)",4,"Government Aided",3,ST,0,0,0,0,0,0,0,0,0,0,0,0,0,0,0,0,0,0,0,0,0,0,0,0,0,0
2019-20,33,Tamilnadu,3314,KARUR,331405,KRISHNARAYAPURAM,Rural,1,cat1,"PS (I-V)",4,"Government Aided",3,ST,0,0,0,0,0,0,0,0,0,0,0,0,0,0,0,0,0,0,0,0,0,0,0,0,0,0
2019-20,33,Tamilnadu,3314,KARUR,331406,KADAVOOR,Rural,1,cat1,"PS (I-V)",4,"Government Aided",3,ST,0,0,0,0,0,0,0,0,0,0,0,0,0,0,0,0,0,0,0,0,0,0,0,0,0,0
2019-20,33,Tamilnadu,3314,KARUR,331407,KULITHALAI,Rural,1,cat1,"PS (I-V)",4,"Government Aided",3,ST,0,0,0,0,0,0,0,0,0,0,0,0,0,0,0,0,0,0,0,0,0,0,0,0,0,0
2019-20,33,Tamilnadu,3314,KARUR,331408,THOGAIMALAI,Rural,1,cat1,"PS (I-V)",4,"Government Aided",3,ST,0,0,0,0,0,0,0,0,0,0,0,0,0,0,0,0,0,0,0,0,0,0,0,0,0,0
2019-20,33,Tamilnadu,3314,KARUR,331401,KARUR,Urban,1,cat1,"PS (I-V)",4,"Government Aided",3,ST,0,0,0,0,0,0,0,0,0,0,0,0,0,0,0,0,0,0,0,0,0,0,0,0,0,0
2019-20,33,Tamilnadu,3314,KARUR,331403,ARAVAKURICHI,Urban,1,cat1,"PS (I-V)",4,"Government Aided",3,ST,0,0,0,0,0,0,0,0,0,0,0,0,0,0,0,0,0,0,0,0,0,0,0,0,0,0
2019-20,33,Tamilnadu,3314,KARUR,331407,KULITHALAI,Urban,1,cat1,"PS (I-V)",4,"Government Aided",3,ST,0,0,0,0,0,0,0,0,0,0,0,0,0,0,0,0,1,0,0,0,0,0,0,0,0,0
2019-20,33,Tamilnadu,3314,KARUR,331401,KARUR,Rural,1,cat1,"PS (I-V)",5,"Private Unaided (Recognized)",3,ST,0,0,0,1,1,1,0,0,0,0,0,0,0,0,0,0,0,0,1,0,0,0,0,0,0,0
2019-20,33,Tamilnadu,3314,KARUR,331402,THANTHONI,Rural,1,cat1,"PS (I-V)",5,"Private Unaided (Recognized)",3,ST,0,0,1,0,0,1,2,0,0,0,0,0,0,0,0,1,1,0,0,0,0,0,0,0,0,0
2019-20,33,Tamilnadu,3314,KARUR,331403,ARAVAKURICHI,Rural,1,cat1,"PS (I-V)",5,"Private Unaided (Recognized)",3,ST,0,0,0,0,0,0,0,0,0,0,0,0,0,0,0,0,0,0,0,0,0,0,0,0,0,0
2019-20,33,Tamilnadu,3314,KARUR,331404,K.PARAMATHI,Rural,1,cat1,"PS (I-V)",5,"Private Unaided (Recognized)",3,ST,0,0,0,0,0,0,0,0,0,0,0,0,0,0,0,1,0,0,0,0,0,0,0,0,0,0
2019-20,33,Tamilnadu,3314,KARUR,331405,KRISHNARAYAPURAM,Rural,1,cat1,"PS (I-V)",5,"Private Unaided (Recognized)",3,ST,0,0,0,0,0,0,0,0,0,0,0,0,0,0,0,0,0,0,0,0,0,0,0,0,0,0
2019-20,33,Tamilnadu,3314,KARUR,331406,KADAVOOR,Rural,1,cat1,"PS (I-V)",5,"Private Unaided (Recognized)",3,ST,0,0,0,0,1,0,0,0,0,0,0,0,0,0,0,0,0,0,0,0,0,0,0,0,0,0
2019-20,33,Tamilnadu,3314,KARUR,331407,KULITHALAI,Rural,1,cat1,"PS (I-V)",5,"Private Unaided (Recognized)",3,ST,0,0,0,0,0,0,0,0,0,0,0,0,0,0,0,0,0,0,0,0,0,0,0,0,0,0
2019-20,33,Tamilnadu,3314,KARUR,331408,THOGAIMALAI,Rural,1,cat1,"PS (I-V)",5,"Private Unaided (Recognized)",3,ST,0,0,0,0,0,0,0,0,0,0,0,0,0,0,0,0,0,0,0,0,0,0,0,0,0,0
2019-20,33,Tamilnadu,3314,KARUR,331401,KARUR,Urban,1,cat1,"PS (I-V)",5,"Private Unaided (Recognized)",3,ST,0,0,0,0,1,0,0,0,0,0,0,0,0,0,1,0,0,1,1,0,0,0,0,0,0,0
2019-20,33,Tamilnadu,3314,KARUR,331402,THANTHONI,Urban,1,cat1,"PS (I-V)",5,"Private Unaided (Recognized)",3,ST,3,0,0,0,0,0,0,0,0,0,0,0,0,0,0,0,1,0,0,0,0,0,0,0,0,0
2019-20,33,Tamilnadu,3314,KARUR,331403,ARAVAKURICHI,Urban,1,cat1,"PS (I-V)",5,"Private Unaided (Recognized)",3,ST,0,0,0,0,0,0,0,0,0,0,0,0,0,0,1,0,0,0,0,0,0,0,0,0,0,0
2019-20,33,Tamilnadu,3314,KARUR,331405,KRISHNARAYAPURAM,Urban,1,cat1,"PS (I-V)",5,"Private Unaided (Recognized)",3,ST,0,0,0,0,0,0,0,0,0,0,0,0,0,0,0,0,0,0,0,0,0,0,0,0,0,0
2019-20,33,Tamilnadu,3314,KARUR,331407,KULITHALAI,Urban,1,cat1,"PS (I-V)",5,"Private Unaided (Recognized)",3,ST,3,0,0,0,0,1,0,0,0,0,0,0,0,0,1,0,0,1,0,0,0,0,0,0,0,0
2019-20,33,Tamilnadu,3314,KARUR,331401,KARUR,Rural,6,cat6,"SS (I-X)",5,"Private Unaided (Recognized)",3,ST,0,0,0,0,0,0,0,0,0,1,0,0,0,0,1,0,0,0,0,0,0,0,1,0,0,0
2019-20,33,Tamilnadu,3314,KARUR,331402,THANTHONI,Rural,6,cat6,"SS (I-X)",5,"Private Unaided (Recognized)",3,ST,0,0,0,0,0,0,0,0,0,0,0,0,0,0,0,0,0,0,0,0,0,0,0,0,0,0
2019-20,33,Tamilnadu,3314,KARUR,331403,ARAVAKURICHI,Rural,6,cat6,"SS (I-X)",5,"Private Unaided (Recognized)",3,ST,0,0,0,0,0,0,0,0,0,0,0,0,0,0,0,0,0,0,0,0,0,0,0,0,0,0
2019-20,33,Tamilnadu,3314,KARUR,331405,KRISHNARAYAPURAM,Rural,6,cat6,"SS (I-X)",5,"Private Unaided (Recognized)",3,ST,0,0,0,0,1,0,0,0,0,0,0,0,0,0,0,0,1,0,1,0,0,0,0,0,0,0
2019-20,33,Tamilnadu,3314,KARUR,331406,KADAVOOR,Rural,6,cat6,"SS (I-X)",5,"Private Unaided (Recognized)",3,ST,0,0,0,0,0,0,0,0,0,0,0,0,0,0,0,0,0,0,0,0,0,0,0,0,0,0
2019-20,33,Tamilnadu,3314,KARUR,331407,KULITHALAI,Rural,6,cat6,"SS (I-X)",5,"Private Unaided (Recognized)",3,ST,0,0,0,2,0,0,0,1,0,0,0,0,0,0,0,0,0,0,0,0,0,1,1,0,0,0
2019-20,33,Tamilnadu,3314,KARUR,331408,THOGAIMALAI,Rural,6,cat6,"SS (I-X)",5,"Private Unaided (Recognized)",3,ST,0,0,0,0,0,0,0,0,0,0,1,0,0,0,0,0,0,0,0,0,0,0,1,0,0,0
2019-20,33,Tamilnadu,3314,KARUR,331401,KARUR,Urban,6,cat6,"SS (I-X)",5,"Private Unaided (Recognized)",3,ST,0,0,0,0,0,1,0,0,0,0,0,0,0,0,0,0,0,0,0,1,0,0,0,0,0,0
2019-20,33,Tamilnadu,3314,KARUR,331402,THANTHONI,Urban,6,cat6,"SS (I-X)",5,"Private Unaided (Recognized)",3,ST,0,0,0,0,0,1,1,0,1,2,2,0,0,0,0,0,2,1,0,1,0,2,1,1,0,0
2019-20,33,Tamilnadu,3314,KARUR,331403,ARAVAKURICHI,Urban,6,cat6,"SS (I-X)",5,"Private Unaided (Recognized)",3,ST,0,0,0,0,0,0,0,0,0,0,0,0,0,0,0,0,0,0,0,0,0,0,0,0,0,0
2019-20,33,Tamilnadu,3314,KARUR,331407,KULITHALAI,Urban,6,cat6,"SS (I-X)",5,"Private Unaided (Recognized)",3,ST,0,0,0,0,0,0,0,0,0,0,0,0,0,0,0,0,0,0,0,0,0,0,0,0,0,0
2019-20,33,Tamilnadu,3314,KARUR,331401,KARUR,Rural,7,cat7,"SS (VI-X)",1,"Department of Education",3,ST,0,0,0,0,0,0,0,0,0,0,1,0,0,0,0,0,0,0,0,0,0,0,0,0,0,0
2019-20,33,Tamilnadu,3314,KARUR,331402,THANTHONI,Rural,7,cat7,"SS (VI-X)",1,"Department of Education",3,ST,0,0,0,0,0,0,0,0,1,1,0,0,0,0,0,0,0,0,0,0,0,1,0,0,0,0
2019-20,33,Tamilnadu,3314,KARUR,331403,ARAVAKURICHI,Rural,7,cat7,"SS (VI-X)",1,"Department of Education",3,ST,0,0,0,0,0,0,0,0,0,0,0,0,0,0,0,0,0,0,0,0,0,0,0,0,0,0
2019-20,33,Tamilnadu,3314,KARUR,331404,K.PARAMATHI,Rural,7,cat7,"SS (VI-X)",1,"Department of Education",3,ST,0,0,0,0,0,0,0,0,0,0,0,0,0,0,0,0,0,0,0,0,0,0,0,0,0,0
2019-20,33,Tamilnadu,3314,KARUR,331405,KRISHNARAYAPURAM,Rural,7,cat7,"SS (VI-X)",1,"Department of Education",3,ST,0,0,0,0,0,0,0,0,1,1,2,0,0,0,0,0,0,0,0,0,0,0,0,2,0,0
2019-20,33,Tamilnadu,3314,KARUR,331406,KADAVOOR,Rural,7,cat7,"SS (VI-X)",1,"Department of Education",3,ST,0,0,0,0,0,0,0,0,0,0,0,0,0,0,0,0,0,0,0,0,0,0,0,0,0,0
2019-20,33,Tamilnadu,3314,KARUR,331407,KULITHALAI,Rural,7,cat7,"SS (VI-X)",1,"Department of Education",3,ST,0,0,0,0,0,0,0,0,0,0,0,0,0,0,0,0,0,0,0,0,0,1,0,0,0,0
2019-20,33,Tamilnadu,3314,KARUR,331408,THOGAIMALAI,Rural,7,cat7,"SS (VI-X)",1,"Department of Education",3,ST,0,0,0,0,0,0,0,0,0,0,0,0,0,0,0,0,0,0,0,0,0,0,0,0,0,0
2019-20,33,Tamilnadu,3314,KARUR,331401,KARUR,Urban,7,cat7,"SS (VI-X)",1,"Department of Education",3,ST,0,0,0,0,0,0,0,0,0,0,0,0,0,0,0,0,0,0,0,0,0,0,0,0,0,0
2019-20,33,Tamilnadu,3314,KARUR,331402,THANTHONI,Urban,7,cat7,"SS (VI-X)",1,"Department of Education",3,ST,0,0,0,0,0,0,0,0,0,0,1,0,0,0,0,0,0,0,0,0,0,0,0,0,0,0
2019-20,33,Tamilnadu,3314,KARUR,331403,ARAVAKURICHI,Urban,7,cat7,"SS (VI-X)",1,"Department of Education",3,ST,0,0,0,0,0,0,0,0,0,0,0,0,0,0,0,0,0,0,0,0,0,0,0,0,0,0
2019-20,33,Tamilnadu,3314,KARUR,331407,KULITHALAI,Urban,7,cat7,"SS (VI-X)",1,"Department of Education",3,ST,0,0,0,0,0,0,0,0,1,1,1,0,0,0,0,0,0,0,0,0,0,0,0,0,0,0
2019-20,33,Tamilnadu,3314,KARUR,331405,KRISHNARAYAPURAM,Rural,7,cat7,"SS (VI-X)",2,"Tribal Welfare Department",3,ST,0,0,0,0,0,0,0,0,0,0,0,0,0,0,0,0,0,0,0,0,0,0,0,0,0,0
2019-20,33,Tamilnadu,3314,KARUR,331406,KADAVOOR,Rural,7,cat7,"SS (VI-X)",2,"Tribal Welfare Department",3,ST,0,0,0,0,0,0,0,0,0,0,0,0,0,0,0,0,0,0,0,0,0,0,0,0,0,0
2019-20,33,Tamilnadu,3314,KARUR,331407,KULITHALAI,Rural,7,cat7,"SS (VI-X)",2,"Tribal Welfare Department",3,ST,0,0,0,0,0,0,0,0,0,0,0,0,0,0,0,0,0,0,0,0,0,0,0,0,0,0
2019-20,33,Tamilnadu,3314,KARUR,331408,THOGAIMALAI,Rural,7,cat7,"SS (VI-X)",2,"Tribal Welfare Department",3,ST,0,0,0,0,0,0,0,0,0,0,0,0,0,0,0,0,0,0,0,0,0,0,0,0,0,0
2019-20,33,Tamilnadu,3314,KARUR,331402,THANTHONI,Urban,7,cat7,"SS (VI-X)",2,"Tribal Welfare Department",3,ST,0,0,0,0,0,0,0,0,0,0,0,0,0,0,0,0,0,0,0,0,0,0,0,0,0,0
2019-20,33,Tamilnadu,3314,KARUR,331401,KARUR,Urban,7,cat7,"SS (VI-X)",3,"Local body",3,ST,0,0,0,0,0,0,0,0,0,0,0,0,0,0,0,0,0,0,0,0,0,0,0,0,0,0
2019-20,33,Tamilnadu,3314,KARUR,331408,THOGAIMALAI,Rural,7,cat7,"SS (VI-X)",4,"Government Aided",3,ST,0,0,0,0,0,0,0,0,0,0,1,0,0,0,0,0,0,0,0,0,0,0,0,0,0,0
2019-20,33,Tamilnadu,3314,KARUR,331401,KARUR,Urban,7,cat7,"SS (VI-X)",4,"Government Aided",3,ST,0,0,0,0,0,0,0,0,0,0,0,0,0,0,0,0,0,0,0,0,0,1,0,0,0,0
2019-20,33,Tamilnadu,3314,KARUR,331402,THANTHONI,Urban,7,cat7,"SS (VI-X)",4,"Government Aided",3,ST,0,0,0,0,0,0,0,0,0,1,0,0,0,0,0,0,0,0,0,0,0,0,0,0,0,0
2019-20,33,Tamilnadu,3314,KARUR,331407,KULITHALAI,Urban,7,cat7,"SS (VI-X)",4,"Government Aided",3,ST,0,0,0,0,0,0,0,0,0,0,0,0,0,0,0,0,0,0,0,0,0,0,0,0,0,0
2019-20,33,Tamilnadu,3314,KARUR,331404,K.PARAMATHI,Rural,7,cat7,"SS (VI-X)",5,"Private Unaided (Recognized)",3,ST,0,0,0,0,0,0,0,0,0,0,0,0,0,0,0,0,0,0,0,0,0,0,0,0,0,0
2019-20,33,Tamilnadu,3314,KARUR,331407,KULITHALAI,Rural,7,cat7,"SS (VI-X)",5,"Private Unaided (Recognized)",3,ST,0,0,0,0,0,0,0,0,0,0,0,0,0,0,0,0,0,0,0,0,0,0,0,0,0,0
2019-20,33,Tamilnadu,3314,KARUR,331408,THOGAIMALAI,Rural,7,cat7,"SS (VI-X)",5,"Private Unaided (Recognized)",3,ST,0,0,0,0,0,0,0,0,0,0,0,0,0,0,0,0,0,0,0,0,0,0,0,0,0,0
2019-20,33,Tamilnadu,3314,KARUR,331407,KULITHALAI,Urban,7,cat7,"SS (VI-X)",5,"Private Unaided (Recognized)",3,ST,0,0,0,0,0,0,0,0,0,1,0,0,0,0,0,0,0,0,0,0,0,0,0,0,0,0
2019-20,33,Tamilnadu,3314,KARUR,331401,KARUR,Rural,2,cat2,"UPS (I-VIII)",1,"Department of Education",3,ST,0,0,0,1,0,0,0,0,0,0,0,0,0,0,0,0,0,0,0,0,0,0,0,0,0,0
2019-20,33,Tamilnadu,3314,KARUR,331402,THANTHONI,Rural,2,cat2,"UPS (I-VIII)",1,"Department of Education",3,ST,0,0,0,0,0,0,0,0,0,0,0,0,0,0,0,0,0,0,0,0,0,0,0,0,0,0
2019-20,33,Tamilnadu,3314,KARUR,331403,ARAVAKURICHI,Rural,2,cat2,"UPS (I-VIII)",1,"Department of Education",3,ST,0,0,0,0,0,0,0,0,0,0,0,0,0,0,0,1,0,0,0,0,0,0,0,0,0,0
2019-20,33,Tamilnadu,3314,KARUR,331404,K.PARAMATHI,Rural,2,cat2,"UPS (I-VIII)",1,"Department of Education",3,ST,0,0,0,0,0,0,0,0,0,0,0,0,0,0,0,0,0,0,0,0,0,0,0,0,0,0
2019-20,33,Tamilnadu,3314,KARUR,331405,KRISHNARAYAPURAM,Rural,2,cat2,"UPS (I-VIII)",1,"Department of Education",3,ST,0,0,0,0,0,0,0,1,0,1,0,0,0,0,0,0,0,0,0,0,0,0,0,0,0,0
2019-20,33,Tamilnadu,3314,KARUR,331406,KADAVOOR,Rural,2,cat2,"UPS (I-VIII)",1,"Department of Education",3,ST,0,0,0,0,0,0,0,1,0,0,0,0,0,0,0,0,0,0,0,0,0,0,0,0,0,0
2019-20,33,Tamilnadu,3314,KARUR,331407,KULITHALAI,Rural,2,cat2,"UPS (I-VIII)",1,"Department of Education",3,ST,0,0,0,0,0,0,0,0,0,0,0,0,0,0,0,0,0,0,0,0,0,0,0,0,0,0
2019-20,33,Tamilnadu,3314,KARUR,331408,THOGAIMALAI,Rural,2,cat2,"UPS (I-VIII)",1,"Department of Education",3,ST,0,0,0,0,0,0,0,0,0,0,0,0,0,0,0,0,0,0,0,0,0,0,0,0,0,0
2019-20,33,Tamilnadu,3314,KARUR,331401,KARUR,Urban,2,cat2,"UPS (I-VIII)",1,"Department of Education",3,ST,0,0,1,2,1,1,2,1,2,3,0,0,0,0,0,1,1,1,1,1,1,0,0,0,0,0
2019-20,33,Tamilnadu,3314,KARUR,331402,THANTHONI,Urban,2,cat2,"UPS (I-VIII)",1,"Department of Education",3,ST,0,0,0,0,0,0,0,0,0,0,0,0,0,0,0,0,0,0,0,0,0,0,0,0,0,0
2019-20,33,Tamilnadu,3314,KARUR,331403,ARAVAKURICHI,Urban,2,cat2,"UPS (I-VIII)",1,"Department of Education",3,ST,0,0,0,0,0,0,0,0,0,0,0,0,0,0,0,0,0,0,0,0,0,0,0,0,0,0
2019-20,33,Tamilnadu,3314,KARUR,331405,KRISHNARAYAPURAM,Urban,2,cat2,"UPS (I-VIII)",1,"Department of Education",3,ST,0,0,0,0,0,0,0,0,0,0,0,0,0,0,0,0,0,0,0,0,0,0,0,0,0,0
2019-20,33,Tamilnadu,3314,KARUR,331407,KULITHALAI,Urban,2,cat2,"UPS (I-VIII)",1,"Department of Education",3,ST,0,1,0,0,0,0,0,0,0,0,0,0,0,0,0,0,0,0,0,0,0,0,0,0,0,0
2019-20,33,Tamilnadu,3314,KARUR,331405,KRISHNARAYAPURAM,Rural,2,cat2,"UPS (I-VIII)",2,"Tribal Welfare Department",3,ST,0,0,0,0,0,0,0,0,0,0,0,0,0,0,0,0,0,0,0,0,0,0,0,0,0,0
2019-20,33,Tamilnadu,3314,KARUR,331401,KARUR,Urban,2,cat2,"UPS (I-VIII)",2,"Tribal Welfare Department",3,ST,0,0,0,0,0,0,0,0,0,0,0,0,0,0,0,0,0,0,0,0,0,0,0,0,0,0
2019-20,33,Tamilnadu,3314,KARUR,331401,KARUR,Urban,2,cat2,"UPS (I-VIII)",3,"Local body",3,ST,0,0,0,0,0,0,0,0,0,0,0,0,0,0,0,0,0,0,0,0,0,0,0,0,0,0
2019-20,33,Tamilnadu,3314,KARUR,331401,KARUR,Rural,2,cat2,"UPS (I-VIII)",4,"Government Aided",3,ST,0,0,0,0,0,0,0,0,0,0,0,0,0,0,0,0,0,0,0,0,0,0,0,0,0,0
2019-20,33,Tamilnadu,3314,KARUR,331406,KADAVOOR,Rural,2,cat2,"UPS (I-VIII)",4,"Government Aided",3,ST,0,0,0,0,0,0,0,0,0,0,0,0,0,0,0,0,0,0,0,0,0,0,0,0,0,0
2019-20,33,Tamilnadu,3314,KARUR,331407,KULITHALAI,Rural,2,cat2,"UPS (I-VIII)",4,"Government Aided",3,ST,0,0,0,0,0,0,0,0,0,0,0,0,0,0,0,0,0,0,0,0,0,0,0,0,0,0
2019-20,33,Tamilnadu,3314,KARUR,331408,THOGAIMALAI,Rural,2,cat2,"UPS (I-VIII)",4,"Government Aided",3,ST,0,0,0,0,0,0,0,0,0,0,0,0,0,0,0,0,0,0,0,0,0,0,0,0,0,0
2019-20,33,Tamilnadu,3314,KARUR,331401,KARUR,Urban,2,cat2,"UPS (I-VIII)",4,"Government Aided",3,ST,0,0,0,0,0,0,0,0,0,0,0,0,0,0,0,0,0,0,0,0,0,0,0,0,0,0
2019-20,33,Tamilnadu,3314,KARUR,331407,KULITHALAI,Urban,2,cat2,"UPS (I-VIII)",4,"Government Aided",3,ST,0,0,0,0,0,1,0,0,0,0,0,0,0,0,0,0,1,0,0,0,0,1,0,0,0,0
2019-20,33,Tamilnadu,3314,KARUR,331402,THANTHONI,Rural,2,cat2,"UPS (I-VIII)",5,"Private Unaided (Recognized)",3,ST,0,0,0,0,0,0,0,0,0,0,0,0,0,0,0,0,1,0,0,0,0,0,0,0,0,0
2019-20,33,Tamilnadu,3314,KARUR,331403,ARAVAKURICHI,Rural,2,cat2,"UPS (I-VIII)",5,"Private Unaided (Recognized)",3,ST,0,0,0,0,0,0,0,0,0,0,0,0,0,0,0,0,0,0,0,0,0,0,0,0,0,0
2019-20,33,Tamilnadu,3314,KARUR,331404,K.PARAMATHI,Rural,2,cat2,"UPS (I-VIII)",5,"Private Unaided (Recognized)",3,ST,0,0,0,0,0,0,0,0,0,0,0,0,0,0,0,0,0,0,0,0,0,0,0,0,0,0
2019-20,33,Tamilnadu,3314,KARUR,331406,KADAVOOR,Rural,2,cat2,"UPS (I-VIII)",5,"Private Unaided (Recognized)",3,ST,0,3,0,0,0,0,0,0,0,0,0,0,0,0,0,0,0,0,0,0,0,0,0,0,0,0
2019-20,33,Tamilnadu,3314,KARUR,331407,KULITHALAI,Rural,2,cat2,"UPS (I-VIII)",5,"Private Unaided (Recognized)",3,ST,0,0,0,1,0,0,1,0,0,0,0,0,0,0,0,1,0,0,0,0,0,0,0,0,0,0
2019-20,33,Tamilnadu,3314,KARUR,331401,KARUR,Urban,2,cat2,"UPS (I-VIII)",5,"Private Unaided (Recognized)",3,ST,1,0,0,0,0,0,0,0,0,0,0,0,0,0,0,1,0,0,0,0,0,0,0,0,0,0
2019-20,33,Tamilnadu,3314,KARUR,331402,THANTHONI,Urban,2,cat2,"UPS (I-VIII)",5,"Private Unaided (Recognized)",3,ST,0,0,0,0,0,0,0,0,0,0,0,0,0,0,0,0,0,0,0,0,0,0,0,0,0,0
2019-20,33,Tamilnadu,3314,KARUR,331406,KADAVOOR,Rural,4,cat4,"UPS (VI-VIII)",6,"Other Govt. managed schools",3,ST,0,0,0,0,0,0,0,0,0,0,0,0,0,0,0,0,0,0,0,0,0,0,0,0,0,0
2019-20,33,Tamilnadu,3314,KARUR,331402,THANTHONI,Rural,3,cat3,"HSS (I-XII)",1,"Department of Education",4,OBC,35,27,11,0,0,0,0,21,24,9,44,24,71,24,6,0,0,0,0,19,24,15,37,18,34,22
2019-20,33,Tamilnadu,3314,KARUR,331401,KARUR,Rural,3,cat3,"HSS (I-XII)",5,"Private Unaided (Recognized)",4,OBC,635,579,326,385,443,409,412,446,483,536,637,644,840,763,281,313,346,354,366,363,410,382,492,435,704,640
2019-20,33,Tamilnadu,3314,KARUR,331402,THANTHONI,Rural,3,cat3,"HSS (I-XII)",5,"Private Unaided (Recognized)",4,OBC,315,302,238,251,266,273,283,279,290,271,282,222,159,183,158,202,223,217,214,211,219,193,173,169,139,130
2019-20,33,Tamilnadu,3314,KARUR,331403,ARAVAKURICHI,Rural,3,cat3,"HSS (I-XII)",5,"Private Unaided (Recognized)",4,OBC,23,13,11,11,17,15,11,7,15,7,6,5,4,14,12,12,5,12,9,5,9,5,4,3,3,4
2019-20,33,Tamilnadu,3314,KARUR,331404,K.PARAMATHI,Rural,3,cat3,"HSS (I-XII)",5,"Private Unaided (Recognized)",4,OBC,217,190,109,123,152,136,129,145,139,146,159,147,146,139,88,106,126,116,117,109,126,114,100,140,134,139
2019-20,33,Tamilnadu,3314,KARUR,331405,KRISHNARAYAPURAM,Rural,3,cat3,"HSS (I-XII)",5,"Private Unaided (Recognized)",4,OBC,29,16,21,18,25,13,19,14,10,19,9,11,7,3,7,19,18,14,14,16,12,9,7,10,13,12
2019-20,33,Tamilnadu,3314,KARUR,331407,KULITHALAI,Rural,3,cat3,"HSS (I-XII)",5,"Private Unaided (Recognized)",4,OBC,61,44,45,39,30,41,31,42,43,37,42,53,36,44,24,32,28,27,25,33,28,31,33,35,19,30
2019-20,33,Tamilnadu,3314,KARUR,331408,THOGAIMALAI,Rural,3,cat3,"HSS (I-XII)",5,"Private Unaided (Recognized)",4,OBC,20,17,11,19,19,16,34,21,28,26,36,25,15,16,12,6,13,13,17,16,9,24,24,32,13,24
2019-20,33,Tamilnadu,3314,KARUR,331401,KARUR,Urban,3,cat3,"HSS (I-XII)",5,"Private Unaided (Recognized)",4,OBC,370,372,253,274,263,245,253,244,205,216,187,187,117,80,219,248,267,225,212,201,177,191,170,171,98,55
2019-20,33,Tamilnadu,3314,KARUR,331402,THANTHONI,Urban,3,cat3,"HSS (I-XII)",5,"Private Unaided (Recognized)",4,OBC,245,216,114,145,126,131,120,136,118,119,90,111,117,100,98,105,105,126,94,86,100,103,99,82,96,85
2019-20,33,Tamilnadu,3314,KARUR,331403,ARAVAKURICHI,Urban,3,cat3,"HSS (I-XII)",5,"Private Unaided (Recognized)",4,OBC,161,176,77,85,97,90,88,93,82,80,111,107,91,113,84,84,69,73,74,59,62,77,71,67,73,87
2019-20,33,Tamilnadu,3314,KARUR,331407,KULITHALAI,Urban,3,cat3,"HSS (I-XII)",5,"Private Unaided (Recognized)",4,OBC,164,157,71,69,64,68,63,55,43,39,48,38,50,35,65,57,57,51,57,54,40,33,21,41,56,57
2019-20,33,Tamilnadu,3314,KARUR,331401,KARUR,Rural,5,cat5,"HSS (VI-XII)",1,"Department of Education",4,OBC,0,0,0,0,0,0,0,55,58,67,71,77,56,72,0,0,0,0,0,51,48,55,61,71,56,57
2019-20,33,Tamilnadu,3314,KARUR,331402,THANTHONI,Rural,5,cat5,"HSS (VI-XII)",1,"Department of Education",4,OBC,0,0,0,0,0,0,0,89,89,98,143,128,128,109,0,0,0,0,0,73,84,80,124,114,103,115
2019-20,33,Tamilnadu,3314,KARUR,331403,ARAVAKURICHI,Rural,5,cat5,"HSS (VI-XII)",1,"Department of Education",4,OBC,0,0,0,0,0,0,0,47,34,32,67,67,72,72,0,0,0,0,0,29,26,33,66,60,68,52
2019-20,33,Tamilnadu,3314,KARUR,331404,K.PARAMATHI,Rural,5,cat5,"HSS (VI-XII)",1,"Department of Education",4,OBC,0,0,0,0,0,0,0,41,40,46,89,80,77,93,0,0,0,0,0,62,42,58,97,90,87,93
2019-20,33,Tamilnadu,3314,KARUR,331405,KRISHNARAYAPURAM,Rural,5,cat5,"HSS (VI-XII)",1,"Department of Education",4,OBC,0,0,0,0,0,0,0,113,104,138,245,239,255,226,0,0,0,0,0,112,135,130,228,230,239,275
2019-20,33,Tamilnadu,3314,KARUR,331406,KADAVOOR,Rural,5,cat5,"HSS (VI-XII)",1,"Department of Education",4,OBC,0,0,0,0,0,0,0,90,117,94,225,191,225,204,0,0,0,0,0,71,107,104,243,211,208,243
2019-20,33,Tamilnadu,3314,KARUR,331407,KULITHALAI,Rural,5,cat5,"HSS (VI-XII)",1,"Department of Education",4,OBC,0,0,0,0,0,0,0,16,10,20,81,78,73,81,0,0,0,0,0,9,18,21,63,58,69,68
2019-20,33,Tamilnadu,3314,KARUR,331408,THOGAIMALAI,Rural,5,cat5,"HSS (VI-XII)",1,"Department of Education",4,OBC,0,0,0,0,0,0,0,177,211,208,295,240,305,327,0,0,0,0,0,168,174,175,206,202,286,335
2019-20,33,Tamilnadu,3314,KARUR,331401,KARUR,Urban,5,cat5,"HSS (VI-XII)",1,"Department of Education",4,OBC,0,0,0,0,0,0,0,41,34,39,80,89,72,52,0,0,0,0,0,84,67,74,150,158,171,164
2019-20,33,Tamilnadu,3314,KARUR,331402,THANTHONI,Urban,5,cat5,"HSS (VI-XII)",1,"Department of Education",4,OBC,0,0,0,0,0,0,0,13,17,23,43,27,47,46,0,0,0,0,0,12,5,12,17,19,22,11
2019-20,33,Tamilnadu,3314,KARUR,331403,ARAVAKURICHI,Urban,5,cat5,"HSS (VI-XII)",1,"Department of Education",4,OBC,0,0,0,0,0,0,0,8,7,23,42,32,25,15,0,0,0,0,0,0,0,0,0,0,35,21
2019-20,33,Tamilnadu,3314,KARUR,331405,KRISHNARAYAPURAM,Urban,5,cat5,"HSS (VI-XII)",1,"Department of Education",4,OBC,0,0,0,0,0,0,0,38,48,57,108,75,74,99,0,0,0,0,0,35,43,38,99,74,94,85
2019-20,33,Tamilnadu,3314,KARUR,331407,KULITHALAI,Urban,5,cat5,"HSS (VI-XII)",1,"Department of Education",4,OBC,0,0,0,0,0,0,0,41,47,51,141,127,110,110,0,0,0,0,0,72,86,88,183,201,210,190
2019-20,33,Tamilnadu,3314,KARUR,331404,K.PARAMATHI,Rural,5,cat5,"HSS (VI-XII)",2,"Tribal Welfare Department",4,OBC,0,0,0,0,0,0,0,5,5,4,24,13,17,22,0,0,0,0,0,3,5,15,8,10,4,8
2019-20,33,Tamilnadu,3314,KARUR,331405,KRISHNARAYAPURAM,Rural,5,cat5,"HSS (VI-XII)",2,"Tribal Welfare Department",4,OBC,0,0,0,0,0,0,0,2,2,6,1,7,2,7,0,0,0,0,0,1,0,2,4,0,1,4
2019-20,33,Tamilnadu,3314,KARUR,331401,KARUR,Urban,5,cat5,"HSS (VI-XII)",3,"Local body",4,OBC,0,0,0,0,0,0,0,10,23,30,47,45,96,105,0,0,0,0,0,41,47,43,85,79,136,120
2019-20,33,Tamilnadu,3314,KARUR,331401,KARUR,Rural,5,cat5,"HSS (VI-XII)",4,"Government Aided",4,OBC,0,0,0,0,0,0,0,8,21,13,18,22,11,3,0,0,0,0,0,10,9,9,14,12,4,7
2019-20,33,Tamilnadu,3314,KARUR,331406,KADAVOOR,Rural,5,cat5,"HSS (VI-XII)",4,"Government Aided",4,OBC,0,0,0,0,0,0,0,46,61,58,79,71,61,61,0,0,0,0,0,27,33,33,44,45,48,34
2019-20,33,Tamilnadu,3314,KARUR,331401,KARUR,Urban,5,cat5,"HSS (VI-XII)",4,"Government Aided",4,OBC,0,0,0,0,0,0,0,49,66,65,115,106,145,105,0,0,0,0,0,68,71,92,122,90,101,106
2019-20,33,Tamilnadu,3314,KARUR,331402,THANTHONI,Urban,5,cat5,"HSS (VI-XII)",4,"Government Aided",4,OBC,0,0,0,0,0,0,0,35,39,39,71,47,62,59,0,0,0,0,0,214,234,229,259,256,339,370
2019-20,33,Tamilnadu,3314,KARUR,331403,ARAVAKURICHI,Urban,5,cat5,"HSS (VI-XII)",4,"Government Aided",4,OBC,0,0,0,0,0,0,0,126,144,132,159,113,88,62,0,0,0,0,0,204,252,284,254,213,184,194
2019-20,33,Tamilnadu,3314,KARUR,331401,KARUR,Rural,5,cat5,"HSS (VI-XII)",5,"Private Unaided (Recognized)",4,OBC,0,0,0,0,0,0,0,108,107,97,121,86,119,90,0,0,0,0,0,43,74,72,99,94,128,202
2019-20,33,Tamilnadu,3314,KARUR,331402,THANTHONI,Rural,5,cat5,"HSS (VI-XII)",5,"Private Unaided (Recognized)",4,OBC,0,0,0,0,0,0,0,240,212,260,285,315,419,364,0,0,0,0,0,151,157,153,180,191,302,261
2019-20,33,Tamilnadu,3314,KARUR,331404,K.PARAMATHI,Rural,5,cat5,"HSS (VI-XII)",5,"Private Unaided (Recognized)",4,OBC,0,0,0,0,0,0,0,3,6,4,6,26,0,32,0,0,0,0,0,3,3,4,1,16,0,15
2019-20,33,Tamilnadu,3314,KARUR,331405,KRISHNARAYAPURAM,Rural,5,cat5,"HSS (VI-XII)",5,"Private Unaided (Recognized)",4,OBC,0,0,0,0,0,0,0,4,1,2,5,2,7,2,0,0,0,0,0,2,2,2,2,3,5,6
2019-20,33,Tamilnadu,3314,KARUR,331406,KADAVOOR,Rural,5,cat5,"HSS (VI-XII)",5,"Private Unaided (Recognized)",4,OBC,0,0,0,0,0,0,0,78,73,77,88,79,73,64,0,0,0,0,0,37,42,46,46,41,59,32
2019-20,33,Tamilnadu,3314,KARUR,331405,KRISHNARAYAPURAM,Urban,5,cat5,"HSS (VI-XII)",5,"Private Unaided (Recognized)",4,OBC,0,0,0,0,0,0,0,9,10,11,17,14,23,19,0,0,0,0,0,20,10,8,10,14,19,13
2019-20,33,Tamilnadu,3314,KARUR,331401,KARUR,Rural,1,cat1,"PS (I-V)",1,"Department of Education",4,OBC,0,0,63,55,70,55,64,0,0,0,0,0,0,0,49,43,64,75,73,0,0,0,0,0,0,0
2019-20,33,Tamilnadu,3314,KARUR,331402,THANTHONI,Rural,1,cat1,"PS (I-V)",1,"Department of Education",4,OBC,0,0,79,91,112,113,120,0,0,0,0,0,0,0,87,104,131,96,132,0,0,0,0,0,0,0
2019-20,33,Tamilnadu,3314,KARUR,331403,ARAVAKURICHI,Rural,1,cat1,"PS (I-V)",1,"Department of Education",4,OBC,0,0,60,61,72,77,82,0,0,0,0,0,0,0,66,63,72,67,82,0,0,0,0,0,0,0
2019-20,33,Tamilnadu,3314,KARUR,331404,K.PARAMATHI,Rural,1,cat1,"PS (I-V)",1,"Department of Education",4,OBC,0,0,55,70,81,72,73,0,0,0,0,0,0,0,60,64,74,73,71,0,0,0,0,0,0,0
2019-20,33,Tamilnadu,3314,KARUR,331405,KRISHNARAYAPURAM,Rural,1,cat1,"PS (I-V)",1,"Department of Education",4,OBC,0,0,240,253,257,243,315,0,0,0,0,0,0,0,240,217,281,271,287,0,0,0,0,0,0,0
2019-20,33,Tamilnadu,3314,KARUR,331406,KADAVOOR,Rural,1,cat1,"PS (I-V)",1,"Department of Education",4,OBC,0,0,136,153,181,165,162,0,0,0,0,0,0,0,136,150,180,190,185,0,0,0,0,0,0,0
2019-20,33,Tamilnadu,3314,KARUR,331407,KULITHALAI,Rural,1,cat1,"PS (I-V)",1,"Department of Education",4,OBC,0,0,45,44,49,41,52,0,0,0,0,0,0,0,41,38,50,62,51,0,0,0,0,0,0,0
2019-20,33,Tamilnadu,3314,KARUR,331408,THOGAIMALAI,Rural,1,cat1,"PS (I-V)",1,"Department of Education",4,OBC,0,1,173,258,223,221,248,0,0,0,0,0,0,0,199,253,261,259,261,0,0,0,0,0,0,0
2019-20,33,Tamilnadu,3314,KARUR,331401,KARUR,Urban,1,cat1,"PS (I-V)",1,"Department of Education",4,OBC,0,0,37,28,44,46,41,0,0,0,0,0,0,0,36,40,40,43,40,0,0,0,0,0,0,0
2019-20,33,Tamilnadu,3314,KARUR,331402,THANTHONI,Urban,1,cat1,"PS (I-V)",1,"Department of Education",4,OBC,0,0,63,81,86,76,76,0,0,0,0,0,0,0,75,79,98,84,78,0,0,0,0,0,0,0
2019-20,33,Tamilnadu,3314,KARUR,331403,ARAVAKURICHI,Urban,1,cat1,"PS (I-V)",1,"Department of Education",4,OBC,0,0,9,5,14,8,11,0,0,0,0,0,0,0,5,2,4,9,6,0,0,0,0,0,0,0
2019-20,33,Tamilnadu,3314,KARUR,331405,KRISHNARAYAPURAM,Urban,1,cat1,"PS (I-V)",1,"Department of Education",4,OBC,0,0,18,29,23,28,30,0,0,0,0,0,0,0,27,24,39,23,30,0,0,0,0,0,0,0
2019-20,33,Tamilnadu,3314,KARUR,331407,KULITHALAI,Urban,1,cat1,"PS (I-V)",1,"Department of Education",4,OBC,0,0,21,29,27,33,25,0,0,0,0,0,0,0,28,25,27,24,29,0,0,0,0,0,0,0
2019-20,33,Tamilnadu,3314,KARUR,331402,THANTHONI,Rural,1,cat1,"PS (I-V)",2,"Tribal Welfare Department",4,OBC,0,0,0,0,0,0,0,0,0,0,0,0,0,0,0,1,0,1,0,0,0,0,0,0,0,0
2019-20,33,Tamilnadu,3314,KARUR,331404,K.PARAMATHI,Rural,1,cat1,"PS (I-V)",2,"Tribal Welfare Department",4,OBC,0,0,1,3,1,2,1,0,0,0,0,0,0,0,2,1,0,2,0,0,0,0,0,0,0,0
2019-20,33,Tamilnadu,3314,KARUR,331405,KRISHNARAYAPURAM,Rural,1,cat1,"PS (I-V)",2,"Tribal Welfare Department",4,OBC,0,0,3,5,7,4,4,0,0,0,0,0,0,0,2,1,4,7,7,0,0,0,0,0,0,0
2019-20,33,Tamilnadu,3314,KARUR,331406,KADAVOOR,Rural,1,cat1,"PS (I-V)",2,"Tribal Welfare Department",4,OBC,0,0,5,6,7,3,8,0,0,0,0,0,0,0,6,3,5,5,9,0,0,0,0,0,0,0
2019-20,33,Tamilnadu,3314,KARUR,331407,KULITHALAI,Rural,1,cat1,"PS (I-V)",2,"Tribal Welfare Department",4,OBC,0,0,5,3,6,7,9,0,0,0,0,0,0,0,3,3,6,12,12,0,0,0,0,0,0,0
2019-20,33,Tamilnadu,3314,KARUR,331408,THOGAIMALAI,Rural,1,cat1,"PS (I-V)",2,"Tribal Welfare Department",4,OBC,0,0,13,11,6,3,13,0,0,0,0,0,0,0,14,12,15,10,10,0,0,0,0,0,0,0
2019-20,33,Tamilnadu,3314,KARUR,331402,THANTHONI,Urban,1,cat1,"PS (I-V)",2,"Tribal Welfare Department",4,OBC,0,0,1,0,1,1,0,0,0,0,0,0,0,0,1,2,0,0,0,0,0,0,0,0,0,0
2019-20,33,Tamilnadu,3314,KARUR,331401,KARUR,Urban,1,cat1,"PS (I-V)",3,"Local body",4,OBC,0,0,11,11,9,11,16,0,0,0,0,0,0,0,8,7,16,16,12,0,0,0,0,0,0,0
2019-20,33,Tamilnadu,3314,KARUR,331401,KARUR,Rural,1,cat1,"PS (I-V)",4,"Government Aided",4,OBC,0,0,2,3,4,4,3,0,0,0,0,0,0,0,4,7,4,0,6,0,0,0,0,0,0,0
2019-20,33,Tamilnadu,3314,KARUR,331402,THANTHONI,Rural,1,cat1,"PS (I-V)",4,"Government Aided",4,OBC,0,0,0,0,0,0,0,0,0,0,0,0,0,0,0,0,0,0,0,0,0,0,0,0,0,0
2019-20,33,Tamilnadu,3314,KARUR,331404,K.PARAMATHI,Rural,1,cat1,"PS (I-V)",4,"Government Aided",4,OBC,0,0,6,9,11,12,18,0,0,0,0,0,0,0,7,5,9,5,18,0,0,0,0,0,0,0
2019-20,33,Tamilnadu,3314,KARUR,331405,KRISHNARAYAPURAM,Rural,1,cat1,"PS (I-V)",4,"Government Aided",4,OBC,0,0,27,33,35,28,34,0,0,0,0,0,0,0,16,20,31,30,26,0,0,0,0,0,0,0
2019-20,33,Tamilnadu,3314,KARUR,331406,KADAVOOR,Rural,1,cat1,"PS (I-V)",4,"Government Aided",4,OBC,0,0,17,15,29,25,40,0,0,0,0,0,0,0,14,17,17,11,23,0,0,0,0,0,0,0
2019-20,33,Tamilnadu,3314,KARUR,331407,KULITHALAI,Rural,1,cat1,"PS (I-V)",4,"Government Aided",4,OBC,0,0,7,6,5,7,5,0,0,0,0,0,0,0,9,4,3,6,6,0,0,0,0,0,0,0
2019-20,33,Tamilnadu,3314,KARUR,331408,THOGAIMALAI,Rural,1,cat1,"PS (I-V)",4,"Government Aided",4,OBC,0,0,31,29,34,34,42,0,0,0,0,0,0,0,28,26,32,31,32,0,0,0,0,0,0,0
2019-20,33,Tamilnadu,3314,KARUR,331401,KARUR,Urban,1,cat1,"PS (I-V)",4,"Government Aided",4,OBC,0,0,75,94,105,115,127,0,0,0,0,0,0,0,79,104,124,123,143,0,0,0,0,0,0,0
2019-20,33,Tamilnadu,3314,KARUR,331403,ARAVAKURICHI,Urban,1,cat1,"PS (I-V)",4,"Government Aided",4,OBC,0,0,44,48,47,47,51,0,0,0,0,0,0,0,82,84,121,106,140,0,0,0,0,0,0,0
2019-20,33,Tamilnadu,3314,KARUR,331407,KULITHALAI,Urban,1,cat1,"PS (I-V)",4,"Government Aided",4,OBC,0,0,40,28,33,33,30,0,0,0,0,0,0,0,26,30,32,34,34,0,0,0,0,0,0,0
2019-20,33,Tamilnadu,3314,KARUR,331401,KARUR,Rural,1,cat1,"PS (I-V)",5,"Private Unaided (Recognized)",4,OBC,144,106,23,32,39,30,18,0,0,0,0,0,0,0,36,22,29,20,18,0,0,0,0,0,0,0
2019-20,33,Tamilnadu,3314,KARUR,331402,THANTHONI,Rural,1,cat1,"PS (I-V)",5,"Private Unaided (Recognized)",4,OBC,273,229,98,128,140,125,180,0,0,0,0,0,0,0,109,93,97,115,117,0,0,0,0,0,0,0
2019-20,33,Tamilnadu,3314,KARUR,331403,ARAVAKURICHI,Rural,1,cat1,"PS (I-V)",5,"Private Unaided (Recognized)",4,OBC,10,10,6,4,3,1,4,0,0,0,0,0,0,0,5,3,3,3,6,0,0,0,0,0,0,0
2019-20,33,Tamilnadu,3314,KARUR,331404,K.PARAMATHI,Rural,1,cat1,"PS (I-V)",5,"Private Unaided (Recognized)",4,OBC,49,40,27,24,31,20,21,0,0,0,0,0,0,0,21,29,24,18,21,0,0,0,0,0,0,0
2019-20,33,Tamilnadu,3314,KARUR,331405,KRISHNARAYAPURAM,Rural,1,cat1,"PS (I-V)",5,"Private Unaided (Recognized)",4,OBC,113,70,57,37,33,21,21,0,0,0,0,0,0,0,27,30,23,20,16,0,0,0,0,0,0,0
2019-20,33,Tamilnadu,3314,KARUR,331406,KADAVOOR,Rural,1,cat1,"PS (I-V)",5,"Private Unaided (Recognized)",4,OBC,136,108,96,62,70,56,78,0,0,0,0,0,0,0,53,46,54,49,52,0,0,0,0,0,0,0
2019-20,33,Tamilnadu,3314,KARUR,331407,KULITHALAI,Rural,1,cat1,"PS (I-V)",5,"Private Unaided (Recognized)",4,OBC,88,70,33,32,31,24,20,0,0,0,0,0,0,0,24,30,15,17,15,0,0,0,0,0,0,0
2019-20,33,Tamilnadu,3314,KARUR,331408,THOGAIMALAI,Rural,1,cat1,"PS (I-V)",5,"Private Unaided (Recognized)",4,OBC,294,214,141,140,127,126,84,0,0,0,0,0,0,0,124,103,107,90,77,0,0,0,0,0,0,0
2019-20,33,Tamilnadu,3314,KARUR,331401,KARUR,Urban,1,cat1,"PS (I-V)",5,"Private Unaided (Recognized)",4,OBC,516,437,209,164,165,132,115,0,0,0,0,0,0,0,162,179,174,130,119,0,0,0,0,0,0,0
2019-20,33,Tamilnadu,3314,KARUR,331402,THANTHONI,Urban,1,cat1,"PS (I-V)",5,"Private Unaided (Recognized)",4,OBC,302,305,110,67,68,62,66,0,0,0,0,0,0,0,94,71,80,78,56,0,0,0,0,0,0,0
2019-20,33,Tamilnadu,3314,KARUR,331403,ARAVAKURICHI,Urban,1,cat1,"PS (I-V)",5,"Private Unaided (Recognized)",4,OBC,358,295,143,129,119,86,99,0,0,0,0,0,0,0,116,114,117,96,94,0,0,0,0,0,0,0
2019-20,33,Tamilnadu,3314,KARUR,331405,KRISHNARAYAPURAM,Urban,1,cat1,"PS (I-V)",5,"Private Unaided (Recognized)",4,OBC,126,101,34,29,54,38,45,0,0,0,0,0,0,0,53,42,40,24,21,0,0,0,0,0,0,0
2019-20,33,Tamilnadu,3314,KARUR,331407,KULITHALAI,Urban,1,cat1,"PS (I-V)",5,"Private Unaided (Recognized)",4,OBC,161,111,80,68,57,62,61,0,0,0,0,0,0,0,57,64,46,57,53,0,0,0,0,0,0,0
2019-20,33,Tamilnadu,3314,KARUR,331401,KARUR,Urban,7,cat7,"SS (VI-X)",3,"Local body",4,OBC,0,0,0,0,0,0,0,16,26,16,30,32,0,0,0,0,0,0,0,11,12,9,9,18,0,0
2019-20,33,Tamilnadu,3314,KARUR,331401,KARUR,Rural,6,cat6,"SS (I-X)",5,"Private Unaided (Recognized)",4,OBC,117,77,57,51,61,65,53,41,29,33,23,18,0,0,51,57,39,52,42,42,15,34,21,21,0,0
2019-20,33,Tamilnadu,3314,KARUR,331402,THANTHONI,Rural,6,cat6,"SS (I-X)",5,"Private Unaided (Recognized)",4,OBC,60,59,36,25,30,15,21,19,9,4,8,1,0,0,21,19,15,12,6,9,10,7,8,3,0,0
2019-20,33,Tamilnadu,3314,KARUR,331403,ARAVAKURICHI,Rural,6,cat6,"SS (I-X)",5,"Private Unaided (Recognized)",4,OBC,32,21,37,47,40,41,43,33,29,27,20,25,0,0,22,33,31,31,23,24,20,20,21,17,0,0
2019-20,33,Tamilnadu,3314,KARUR,331405,KRISHNARAYAPURAM,Rural,6,cat6,"SS (I-X)",5,"Private Unaided (Recognized)",4,OBC,84,69,70,37,45,31,28,35,28,25,15,16,0,0,39,26,39,22,28,16,22,23,12,10,0,0
2019-20,33,Tamilnadu,3314,KARUR,331406,KADAVOOR,Rural,6,cat6,"SS (I-X)",5,"Private Unaided (Recognized)",4,OBC,274,211,126,131,116,93,57,61,54,35,43,28,0,0,87,103,69,63,53,41,39,35,33,17,0,0
2019-20,33,Tamilnadu,3314,KARUR,331407,KULITHALAI,Rural,6,cat6,"SS (I-X)",5,"Private Unaided (Recognized)",4,OBC,62,46,34,32,30,19,14,17,15,15,10,12,0,0,23,19,20,27,5,22,14,9,7,15,0,0
2019-20,33,Tamilnadu,3314,KARUR,331408,THOGAIMALAI,Rural,6,cat6,"SS (I-X)",5,"Private Unaided (Recognized)",4,OBC,26,33,14,9,11,16,11,9,12,5,6,1,0,0,15,11,6,8,9,2,4,6,2,3,0,0
2019-20,33,Tamilnadu,3314,KARUR,331401,KARUR,Urban,6,cat6,"SS (I-X)",5,"Private Unaided (Recognized)",4,OBC,92,72,28,49,39,47,44,82,70,66,67,60,0,0,48,38,39,55,42,97,63,71,68,84,0,0
2019-20,33,Tamilnadu,3314,KARUR,331402,THANTHONI,Urban,6,cat6,"SS (I-X)",5,"Private Unaided (Recognized)",4,OBC,203,197,123,115,110,110,92,100,91,78,78,66,0,0,84,90,92,91,82,74,71,75,58,67,0,0
2019-20,33,Tamilnadu,3314,KARUR,331403,ARAVAKURICHI,Urban,6,cat6,"SS (I-X)",5,"Private Unaided (Recognized)",4,OBC,117,96,49,60,68,55,73,64,50,53,36,20,0,0,44,41,47,38,30,20,3,10,7,3,0,0
2019-20,33,Tamilnadu,3314,KARUR,331407,KULITHALAI,Urban,6,cat6,"SS (I-X)",5,"Private Unaided (Recognized)",4,OBC,26,29,20,19,17,13,13,15,17,18,8,6,0,0,12,9,10,9,7,8,7,9,8,9,0,0
2019-20,33,Tamilnadu,3314,KARUR,331401,KARUR,Rural,7,cat7,"SS (VI-X)",1,"Department of Education",4,OBC,0,0,0,0,0,0,0,11,27,28,38,26,0,0,0,0,0,0,0,32,22,29,26,28,0,0
2019-20,33,Tamilnadu,3314,KARUR,331402,THANTHONI,Rural,7,cat7,"SS (VI-X)",1,"Department of Education",4,OBC,0,0,0,0,0,0,0,26,30,25,23,17,0,0,0,0,0,0,0,9,14,18,21,19,0,0
2019-20,33,Tamilnadu,3314,KARUR,331403,ARAVAKURICHI,Rural,7,cat7,"SS (VI-X)",1,"Department of Education",4,OBC,0,0,0,0,0,0,0,27,37,29,42,43,0,0,0,0,0,0,0,27,26,41,31,31,0,0
2019-20,33,Tamilnadu,3314,KARUR,331404,K.PARAMATHI,Rural,7,cat7,"SS (VI-X)",1,"Department of Education",4,OBC,0,0,0,0,0,0,0,7,11,15,15,8,0,0,0,0,0,0,0,13,20,11,19,22,0,0
2019-20,33,Tamilnadu,3314,KARUR,331405,KRISHNARAYAPURAM,Rural,7,cat7,"SS (VI-X)",1,"Department of Education",4,OBC,0,0,0,0,0,0,0,154,151,143,177,152,0,0,0,0,0,0,0,140,147,158,163,152,0,0
2019-20,33,Tamilnadu,3314,KARUR,331406,KADAVOOR,Rural,7,cat7,"SS (VI-X)",1,"Department of Education",4,OBC,0,0,0,0,0,0,0,44,65,82,100,60,0,0,0,0,0,0,0,56,76,53,111,96,0,0
2019-20,33,Tamilnadu,3314,KARUR,331407,KULITHALAI,Rural,7,cat7,"SS (VI-X)",1,"Department of Education",4,OBC,0,0,0,0,0,0,0,24,37,29,29,22,0,0,0,0,0,0,0,20,30,26,34,21,0,0
2019-20,33,Tamilnadu,3314,KARUR,331408,THOGAIMALAI,Rural,7,cat7,"SS (VI-X)",1,"Department of Education",4,OBC,0,0,0,0,0,0,0,111,108,100,102,102,0,0,0,0,0,0,0,146,163,171,236,182,0,0
2019-20,33,Tamilnadu,3314,KARUR,331401,KARUR,Urban,7,cat7,"SS (VI-X)",1,"Department of Education",4,OBC,0,0,0,0,0,0,0,34,49,37,45,32,0,0,0,0,0,0,0,25,34,38,30,25,0,0
2019-20,33,Tamilnadu,3314,KARUR,331402,THANTHONI,Urban,7,cat7,"SS (VI-X)",1,"Department of Education",4,OBC,0,0,0,0,0,0,0,40,44,46,48,44,0,0,0,0,0,0,0,17,29,29,29,32,0,0
2019-20,33,Tamilnadu,3314,KARUR,331403,ARAVAKURICHI,Urban,7,cat7,"SS (VI-X)",1,"Department of Education",4,OBC,0,0,0,0,0,0,0,0,0,0,0,0,0,0,0,0,0,0,0,33,24,30,33,32,0,0
2019-20,33,Tamilnadu,3314,KARUR,331407,KULITHALAI,Urban,7,cat7,"SS (VI-X)",1,"Department of Education",4,OBC,0,0,0,0,0,0,0,22,31,17,36,28,0,0,0,0,0,0,0,19,19,25,30,33,0,0
2019-20,33,Tamilnadu,3314,KARUR,331405,KRISHNARAYAPURAM,Rural,7,cat7,"SS (VI-X)",2,"Tribal Welfare Department",4,OBC,0,0,0,0,0,0,0,2,2,3,3,4,0,0,0,0,0,0,0,5,1,7,1,1,0,0
2019-20,33,Tamilnadu,3314,KARUR,331406,KADAVOOR,Rural,7,cat7,"SS (VI-X)",2,"Tribal Welfare Department",4,OBC,0,0,0,0,0,0,0,0,1,1,4,1,0,0,0,0,0,0,0,1,0,2,3,4,0,0
2019-20,33,Tamilnadu,3314,KARUR,331407,KULITHALAI,Rural,7,cat7,"SS (VI-X)",2,"Tribal Welfare Department",4,OBC,0,0,0,0,0,0,0,9,7,13,24,20,0,0,0,0,0,0,0,15,11,13,15,28,0,0
2019-20,33,Tamilnadu,3314,KARUR,331408,THOGAIMALAI,Rural,7,cat7,"SS (VI-X)",2,"Tribal Welfare Department",4,OBC,0,0,0,0,0,0,0,9,6,7,11,9,0,0,0,0,0,0,0,10,5,6,12,2,0,0
2019-20,33,Tamilnadu,3314,KARUR,331402,THANTHONI,Urban,7,cat7,"SS (VI-X)",2,"Tribal Welfare Department",4,OBC,0,0,0,0,0,0,0,1,1,1,3,1,0,0,0,0,0,0,0,1,0,0,0,2,0,0
2019-20,33,Tamilnadu,3314,KARUR,331408,THOGAIMALAI,Rural,7,cat7,"SS (VI-X)",4,"Government Aided",4,OBC,0,0,0,0,0,0,0,12,11,17,12,12,0,0,0,0,0,0,0,17,14,9,8,12,0,0
2019-20,33,Tamilnadu,3314,KARUR,331401,KARUR,Urban,7,cat7,"SS (VI-X)",4,"Government Aided",4,OBC,0,0,0,0,0,0,0,72,83,101,53,46,0,0,0,0,0,0,0,40,30,35,33,26,0,0
2019-20,33,Tamilnadu,3314,KARUR,331402,THANTHONI,Urban,7,cat7,"SS (VI-X)",4,"Government Aided",4,OBC,0,0,0,0,0,0,0,14,23,22,15,18,0,0,0,0,0,0,0,15,13,11,10,7,0,0
2019-20,33,Tamilnadu,3314,KARUR,331407,KULITHALAI,Urban,7,cat7,"SS (VI-X)",4,"Government Aided",4,OBC,0,0,0,0,0,0,0,37,44,31,42,33,0,0,0,0,0,0,0,25,26,36,33,62,0,0
2019-20,33,Tamilnadu,3314,KARUR,331404,K.PARAMATHI,Rural,7,cat7,"SS (VI-X)",5,"Private Unaided (Recognized)",4,OBC,0,0,0,0,0,0,0,9,9,18,7,10,0,0,0,0,0,0,0,15,10,3,11,11,0,0
2019-20,33,Tamilnadu,3314,KARUR,331407,KULITHALAI,Rural,7,cat7,"SS (VI-X)",5,"Private Unaided (Recognized)",4,OBC,0,0,0,0,0,0,0,1,2,1,2,4,0,0,0,0,0,0,0,0,1,3,2,3,0,0
2019-20,33,Tamilnadu,3314,KARUR,331408,THOGAIMALAI,Rural,7,cat7,"SS (VI-X)",5,"Private Unaided (Recognized)",4,OBC,0,0,0,0,0,0,0,17,17,17,25,20,0,0,0,0,0,0,0,11,8,9,12,12,0,0
2019-20,33,Tamilnadu,3314,KARUR,331407,KULITHALAI,Urban,7,cat7,"SS (VI-X)",5,"Private Unaided (Recognized)",4,OBC,0,0,0,0,0,0,0,23,9,12,9,12,0,0,0,0,0,0,0,11,5,11,7,15,0,0
2019-20,33,Tamilnadu,3314,KARUR,331401,KARUR,Rural,2,cat2,"UPS (I-VIII)",1,"Department of Education",4,OBC,0,0,14,22,23,29,37,33,30,28,0,0,0,0,11,15,25,23,23,32,30,26,0,0,0,0
2019-20,33,Tamilnadu,3314,KARUR,331402,THANTHONI,Rural,2,cat2,"UPS (I-VIII)",1,"Department of Education",4,OBC,13,15,39,48,54,59,50,55,52,46,0,0,0,0,36,33,54,37,50,72,63,53,0,0,0,0
2019-20,33,Tamilnadu,3314,KARUR,331403,ARAVAKURICHI,Rural,2,cat2,"UPS (I-VIII)",1,"Department of Education",4,OBC,11,9,28,27,22,27,31,39,34,50,0,0,0,0,26,14,32,25,39,40,45,30,0,0,0,0
2019-20,33,Tamilnadu,3314,KARUR,331404,K.PARAMATHI,Rural,2,cat2,"UPS (I-VIII)",1,"Department of Education",4,OBC,7,11,29,23,31,28,27,58,56,38,0,0,0,0,22,31,23,36,27,37,51,33,0,0,0,0
2019-20,33,Tamilnadu,3314,KARUR,331405,KRISHNARAYAPURAM,Rural,2,cat2,"UPS (I-VIII)",1,"Department of Education",4,OBC,13,10,93,129,136,113,147,170,188,177,0,0,0,0,95,125,150,155,152,202,203,177,0,0,0,0
2019-20,33,Tamilnadu,3314,KARUR,331406,KADAVOOR,Rural,2,cat2,"UPS (I-VIII)",1,"Department of Education",4,OBC,58,43,140,148,191,169,178,191,215,187,0,0,0,0,164,164,170,186,200,214,201,217,0,0,0,0
2019-20,33,Tamilnadu,3314,KARUR,331407,KULITHALAI,Rural,2,cat2,"UPS (I-VIII)",1,"Department of Education",4,OBC,100,82,72,83,98,96,109,85,84,85,0,0,0,0,90,96,98,96,94,98,91,94,0,0,0,0
2019-20,33,Tamilnadu,3314,KARUR,331408,THOGAIMALAI,Rural,2,cat2,"UPS (I-VIII)",1,"Department of Education",4,OBC,49,61,88,94,99,105,102,111,95,96,0,0,0,0,81,103,118,133,127,129,127,120,0,0,0,0
2019-20,33,Tamilnadu,3314,KARUR,331401,KARUR,Urban,2,cat2,"UPS (I-VIII)",1,"Department of Education",4,OBC,0,0,42,43,54,52,64,63,66,56,0,0,0,0,39,34,59,68,60,46,55,67,0,0,0,0
2019-20,33,Tamilnadu,3314,KARUR,331402,THANTHONI,Urban,2,cat2,"UPS (I-VIII)",1,"Department of Education",4,OBC,20,16,30,31,41,44,44,56,39,37,0,0,0,0,39,23,38,34,39,36,32,20,0,0,0,0
2019-20,33,Tamilnadu,3314,KARUR,331403,ARAVAKURICHI,Urban,2,cat2,"UPS (I-VIII)",1,"Department of Education",4,OBC,10,4,16,21,22,29,36,42,35,51,0,0,0,0,11,12,14,16,13,17,13,11,0,0,0,0
2019-20,33,Tamilnadu,3314,KARUR,331405,KRISHNARAYAPURAM,Urban,2,cat2,"UPS (I-VIII)",1,"Department of Education",4,OBC,4,2,15,14,12,17,13,27,25,24,0,0,0,0,10,6,14,17,22,29,22,29,0,0,0,0
2019-20,33,Tamilnadu,3314,KARUR,331407,KULITHALAI,Urban,2,cat2,"UPS (I-VIII)",1,"Department of Education",4,OBC,63,68,57,61,60,71,52,55,62,59,0,0,0,0,48,56,48,56,61,64,50,58,0,0,0,0
2019-20,33,Tamilnadu,3314,KARUR,331405,KRISHNARAYAPURAM,Rural,2,cat2,"UPS (I-VIII)",2,"Tribal Welfare Department",4,OBC,0,0,0,0,0,0,0,0,0,0,0,0,0,0,0,0,0,0,0,0,0,0,0,0,0,0
2019-20,33,Tamilnadu,3314,KARUR,331401,KARUR,Urban,2,cat2,"UPS (I-VIII)",2,"Tribal Welfare Department",4,OBC,0,0,0,0,0,0,0,3,0,1,0,0,0,0,0,0,0,1,0,0,0,0,0,0,0,0
