Academic_Year,State_Code,State_Name,District_Code,District_Name,Block_Code,Block_Name,School_Management_Id,School_Management_Name,School_Category_Id,School_Category_Name,Academic_Qualification_Id,Academic_Qualification_Name,Professional_Qualification_Id,Professional_Qualification_Name,Only_Pre_Primary_Male,Only_Pre_Primary_Female,Pre_Primary_and_Primary_Male,Pre_Primary_and_Primary_Female,Only_Primary_Male,Only_Primary_Female,Primary_and_Upperprimary_Male,Primary_and_Upperprimary_Female,Only_Upperprimary_Male,Only_Upperprimary_Female,Upperprimary_and_Secondary_Male,Upperprimary_and_Secondary_Female,Only_Secondary_Male,Only_Secondary_Female,Secondary_and_Highersecondary_Male,Secondary_and_Highersecondary_Female,Only_Highersecondary_Male,Only_Highersecondary_Female,Total_Teacher,Total_Male,Total_Female
2019-20,33,Tamilnadu,3309,NAMAKKAL,330901,NAMAKKAL,1,"Department of Education",1,"PS (I-V)",1,"Below Secondary",1,"Diploma or certificate in basic teachers training of a duration not less than two years",0,0,0,0,1,0,0,0,0,0,0,0,0,0,0,0,0,0,1,1,0
2019-20,33,Tamilnadu,3309,NAMAKKAL,330902,KOLLIHILLS,1,"Department of Education",1,"PS (I-V)",1,"Below Secondary",1,"Diploma or certificate in basic teachers training of a duration not less than two years",0,0,0,0,2,1,0,0,0,0,0,0,0,0,0,0,0,0,3,2,1
2019-20,33,Tamilnadu,3309,NAMAKKAL,330903,MOHANUR,1,"Department of Education",1,"PS (I-V)",1,"Below Secondary",1,"Diploma or certificate in basic teachers training of a duration not less than two years",0,0,0,0,2,3,0,0,0,0,0,0,0,0,0,0,0,0,5,2,3
2019-20,33,Tamilnadu,3309,NAMAKKAL,330904,ERUMAPATTI,1,"Department of Education",1,"PS (I-V)",1,"Below Secondary",1,"Diploma or certificate in basic teachers training of a duration not less than two years",0,0,0,0,1,2,0,0,0,0,0,0,0,0,0,0,0,0,3,1,2
2019-20,33,Tamilnadu,3309,NAMAKKAL,330905,SENDAMANGALAM,1,"Department of Education",1,"PS (I-V)",1,"Below Secondary",1,"Diploma or certificate in basic teachers training of a duration not less than two years",0,0,0,0,2,3,0,0,0,0,0,0,0,0,0,0,0,0,5,2,3
2019-20,33,Tamilnadu,3309,NAMAKKAL,330906,PUDUCHATRAM,1,"Department of Education",1,"PS (I-V)",1,"Below Secondary",1,"Diploma or certificate in basic teachers training of a duration not less than two years",0,0,0,0,2,3,0,0,0,0,0,0,0,0,0,0,0,0,5,2,3
2019-20,33,Tamilnadu,3309,NAMAKKAL,330907,RASIPURAM,1,"Department of Education",1,"PS (I-V)",1,"Below Secondary",1,"Diploma or certificate in basic teachers training of a duration not less than two years",0,0,0,0,1,1,0,0,0,0,0,0,0,0,0,0,0,0,2,1,1
2019-20,33,Tamilnadu,3309,NAMAKKAL,330908,VENNANDUR,1,"Department of Education",1,"PS (I-V)",1,"Below Secondary",1,"Diploma or certificate in basic teachers training of a duration not less than two years",0,0,0,0,0,4,0,0,0,0,0,0,0,0,0,0,0,0,4,0,4
2019-20,33,Tamilnadu,3309,NAMAKKAL,330909,NAMAGIRIPET,1,"Department of Education",1,"PS (I-V)",1,"Below Secondary",1,"Diploma or certificate in basic teachers training of a duration not less than two years",0,0,0,0,0,3,0,0,0,0,0,0,0,0,0,0,0,0,3,0,3
2019-20,33,Tamilnadu,3309,NAMAKKAL,330910,TIRUCHENGODE,1,"Department of Education",1,"PS (I-V)",1,"Below Secondary",1,"Diploma or certificate in basic teachers training of a duration not less than two years",0,0,0,0,0,2,0,0,0,0,0,0,0,0,0,0,0,0,2,0,2
2019-20,33,Tamilnadu,3309,NAMAKKAL,330911,PALLIPALAYAM,1,"Department of Education",1,"PS (I-V)",1,"Below Secondary",1,"Diploma or certificate in basic teachers training of a duration not less than two years",0,0,0,0,0,3,0,0,0,0,0,0,0,0,0,0,0,0,3,0,3
2019-20,33,Tamilnadu,3309,NAMAKKAL,330912,MALLASAMUDRAM,1,"Department of Education",1,"PS (I-V)",1,"Below Secondary",1,"Diploma or certificate in basic teachers training of a duration not less than two years",0,0,0,0,0,2,0,0,0,0,0,0,0,0,0,0,0,0,2,0,2
2019-20,33,Tamilnadu,3309,NAMAKKAL,330913,ELACHIPALAYAM,1,"Department of Education",1,"PS (I-V)",1,"Below Secondary",1,"Diploma or certificate in basic teachers training of a duration not less than two years",0,0,0,0,3,1,0,0,0,0,0,0,0,0,0,0,0,0,4,3,1
2019-20,33,Tamilnadu,3309,NAMAKKAL,330914,PARAMATHI,1,"Department of Education",1,"PS (I-V)",1,"Below Secondary",1,"Diploma or certificate in basic teachers training of a duration not less than two years",0,0,0,0,0,1,0,0,0,0,0,0,0,0,0,0,0,0,1,0,1
2019-20,33,Tamilnadu,3309,NAMAKKAL,330915,KABILARMALAI,1,"Department of Education",1,"PS (I-V)",1,"Below Secondary",1,"Diploma or certificate in basic teachers training of a duration not less than two years",0,0,0,0,4,0,0,0,0,0,0,0,0,0,0,0,0,0,4,4,0
2019-20,33,Tamilnadu,3309,NAMAKKAL,330904,ERUMAPATTI,1,"Department of Education",2,"UPS (I-VIII)",1,"Below Secondary",1,"Diploma or certificate in basic teachers training of a duration not less than two years",0,0,0,0,1,0,0,0,0,0,0,0,0,0,0,0,0,0,1,1,0
2019-20,33,Tamilnadu,3309,NAMAKKAL,330905,SENDAMANGALAM,1,"Department of Education",2,"UPS (I-VIII)",1,"Below Secondary",1,"Diploma or certificate in basic teachers training of a duration not less than two years",0,0,0,0,0,1,0,0,0,0,0,0,0,0,0,0,0,0,1,0,1
2019-20,33,Tamilnadu,3309,NAMAKKAL,330914,PARAMATHI,1,"Department of Education",2,"UPS (I-VIII)",1,"Below Secondary",1,"Diploma or certificate in basic teachers training of a duration not less than two years",0,0,0,0,0,2,0,0,0,0,0,0,0,0,0,0,0,0,2,0,2
2019-20,33,Tamilnadu,3309,NAMAKKAL,330904,ERUMAPATTI,1,"Department of Education",5,"HSS (VI-XII)",1,"Below Secondary",1,"Diploma or certificate in basic teachers training of a duration not less than two years",0,0,0,0,0,0,0,0,1,0,0,0,0,0,0,0,0,0,1,1,0
2019-20,33,Tamilnadu,3309,NAMAKKAL,330904,ERUMAPATTI,1,"Department of Education",7,"SS (VI-X)",1,"Below Secondary",1,"Diploma or certificate in basic teachers training of a duration not less than two years",0,0,0,0,0,0,0,0,0,1,0,0,0,0,0,0,0,0,1,0,1
2019-20,33,Tamilnadu,3309,NAMAKKAL,330901,NAMAKKAL,1,"Department of Education",1,"PS (I-V)",1,"Below Secondary",3,"B.Ed. or equivalent",0,0,0,0,0,1,0,0,0,0,0,0,0,0,0,0,0,0,1,0,1
2019-20,33,Tamilnadu,3309,NAMAKKAL,330910,TIRUCHENGODE,1,"Department of Education",1,"PS (I-V)",1,"Below Secondary",3,"B.Ed. or equivalent",0,0,0,0,0,1,0,0,0,0,0,0,0,0,0,0,0,0,1,0,1
2019-20,33,Tamilnadu,3309,NAMAKKAL,330914,PARAMATHI,1,"Department of Education",1,"PS (I-V)",1,"Below Secondary",3,"B.Ed. or equivalent",0,0,0,0,0,1,0,0,0,0,0,0,0,0,0,0,0,0,1,0,1
2019-20,33,Tamilnadu,3309,NAMAKKAL,330901,NAMAKKAL,1,"Department of Education",5,"HSS (VI-XII)",1,"Below Secondary",3,"B.Ed. or equivalent",0,0,0,0,0,0,0,0,0,0,0,0,0,1,0,0,0,0,1,0,1
2019-20,33,Tamilnadu,3309,NAMAKKAL,330903,MOHANUR,1,"Department of Education",5,"HSS (VI-XII)",1,"Below Secondary",3,"B.Ed. or equivalent",0,0,0,0,0,0,0,0,0,0,0,0,0,0,1,0,0,0,1,1,0
2019-20,33,Tamilnadu,3309,NAMAKKAL,330904,ERUMAPATTI,1,"Department of Education",5,"HSS (VI-XII)",1,"Below Secondary",3,"B.Ed. or equivalent",0,0,0,0,0,0,0,0,1,0,0,0,0,0,0,0,0,0,1,1,0
2019-20,33,Tamilnadu,3309,NAMAKKAL,330909,NAMAGIRIPET,1,"Department of Education",5,"HSS (VI-XII)",1,"Below Secondary",3,"B.Ed. or equivalent",0,0,0,0,0,0,0,0,0,0,0,0,0,0,0,0,1,0,1,1,0
2019-20,33,Tamilnadu,3309,NAMAKKAL,330910,TIRUCHENGODE,1,"Department of Education",5,"HSS (VI-XII)",1,"Below Secondary",3,"B.Ed. or equivalent",0,0,0,0,0,0,0,0,1,0,0,0,0,0,0,0,0,0,1,1,0
2019-20,33,Tamilnadu,3309,NAMAKKAL,330911,PALLIPALAYAM,1,"Department of Education",5,"HSS (VI-XII)",1,"Below Secondary",3,"B.Ed. or equivalent",0,0,0,0,0,0,0,0,0,0,0,0,0,0,0,0,0,1,1,0,1
2019-20,33,Tamilnadu,3309,NAMAKKAL,330912,MALLASAMUDRAM,1,"Department of Education",5,"HSS (VI-XII)",1,"Below Secondary",3,"B.Ed. or equivalent",0,0,0,0,0,0,0,0,0,1,0,0,0,0,0,0,0,0,1,0,1
2019-20,33,Tamilnadu,3309,NAMAKKAL,330913,ELACHIPALAYAM,1,"Department of Education",5,"HSS (VI-XII)",1,"Below Secondary",3,"B.Ed. or equivalent",0,0,0,0,0,0,0,0,0,0,0,0,0,0,0,0,0,1,1,0,1
2019-20,33,Tamilnadu,3309,NAMAKKAL,330904,ERUMAPATTI,1,"Department of Education",7,"SS (VI-X)",1,"Below Secondary",3,"B.Ed. or equivalent",0,0,0,0,0,0,0,0,1,0,0,0,0,0,0,0,0,0,1,1,0
2019-20,33,Tamilnadu,3309,NAMAKKAL,330911,PALLIPALAYAM,1,"Department of Education",7,"SS (VI-X)",1,"Below Secondary",3,"B.Ed. or equivalent",0,0,0,0,0,0,0,0,0,1,0,0,0,0,0,0,0,0,1,0,1
2019-20,33,Tamilnadu,3309,NAMAKKAL,330904,ERUMAPATTI,1,"Department of Education",5,"HSS (VI-XII)",1,"Below Secondary",4,"M.Ed. or equivalent",0,0,0,0,0,0,0,0,0,0,0,1,0,0,0,0,0,0,1,0,1
2019-20,33,Tamilnadu,3309,NAMAKKAL,330907,RASIPURAM,1,"Department of Education",5,"HSS (VI-XII)",1,"Below Secondary",4,"M.Ed. or equivalent",0,0,0,0,0,0,0,0,0,0,1,0,0,0,0,0,0,0,1,1,0
2019-20,33,Tamilnadu,3309,NAMAKKAL,330911,PALLIPALAYAM,1,"Department of Education",5,"HSS (VI-XII)",1,"Below Secondary",4,"M.Ed. or equivalent",0,0,0,0,0,0,0,0,0,0,1,0,0,0,0,0,0,0,1,1,0
2019-20,33,Tamilnadu,3309,NAMAKKAL,330901,NAMAKKAL,1,"Department of Education",5,"HSS (VI-XII)",1,"Below Secondary",5,Others,0,0,0,0,0,0,0,0,1,0,0,0,1,1,0,0,0,0,3,2,1
2019-20,33,Tamilnadu,3309,NAMAKKAL,330903,MOHANUR,1,"Department of Education",5,"HSS (VI-XII)",1,"Below Secondary",5,Others,0,0,0,0,0,0,0,0,0,1,0,1,0,0,1,0,0,1,4,1,3
2019-20,33,Tamilnadu,3309,NAMAKKAL,330904,ERUMAPATTI,1,"Department of Education",5,"HSS (VI-XII)",1,"Below Secondary",5,Others,0,0,0,0,0,0,0,0,2,2,1,0,0,1,0,0,0,0,6,3,3
2019-20,33,Tamilnadu,3309,NAMAKKAL,330905,SENDAMANGALAM,1,"Department of Education",5,"HSS (VI-XII)",1,"Below Secondary",5,Others,0,0,0,0,0,0,0,0,0,1,0,0,0,0,0,0,0,0,1,0,1
2019-20,33,Tamilnadu,3309,NAMAKKAL,330906,PUDUCHATRAM,1,"Department of Education",5,"HSS (VI-XII)",1,"Below Secondary",5,Others,0,0,0,0,0,0,0,0,0,2,1,0,0,0,0,0,0,0,3,1,2
2019-20,33,Tamilnadu,3309,NAMAKKAL,330907,RASIPURAM,1,"Department of Education",5,"HSS (VI-XII)",1,"Below Secondary",5,Others,0,0,0,0,0,0,0,0,0,0,2,0,0,0,0,0,0,0,2,2,0
2019-20,33,Tamilnadu,3309,NAMAKKAL,330908,VENNANDUR,1,"Department of Education",5,"HSS (VI-XII)",1,"Below Secondary",5,Others,0,0,0,0,0,0,0,0,0,3,0,0,1,0,0,0,0,0,4,1,3
2019-20,33,Tamilnadu,3309,NAMAKKAL,330910,TIRUCHENGODE,1,"Department of Education",5,"HSS (VI-XII)",1,"Below Secondary",5,Others,0,0,0,0,0,0,0,0,0,1,0,0,2,2,0,0,0,0,5,2,3
2019-20,33,Tamilnadu,3309,NAMAKKAL,330911,PALLIPALAYAM,1,"Department of Education",5,"HSS (VI-XII)",1,"Below Secondary",5,Others,0,0,0,0,0,0,0,0,2,0,1,0,0,1,0,0,0,0,4,3,1
2019-20,33,Tamilnadu,3309,NAMAKKAL,330913,ELACHIPALAYAM,1,"Department of Education",5,"HSS (VI-XII)",1,"Below Secondary",5,Others,0,0,0,0,0,0,0,0,0,0,0,0,0,1,0,0,0,0,1,0,1
2019-20,33,Tamilnadu,3309,NAMAKKAL,330914,PARAMATHI,1,"Department of Education",5,"HSS (VI-XII)",1,"Below Secondary",5,Others,0,0,0,0,0,0,0,0,1,0,0,0,1,0,1,0,0,0,3,3,0
2019-20,33,Tamilnadu,3309,NAMAKKAL,330915,KABILARMALAI,1,"Department of Education",5,"HSS (VI-XII)",1,"Below Secondary",5,Others,0,0,0,0,0,0,0,0,0,0,0,0,1,0,0,0,0,0,1,1,0
2019-20,33,Tamilnadu,3309,NAMAKKAL,330901,NAMAKKAL,1,"Department of Education",7,"SS (VI-X)",1,"Below Secondary",5,Others,0,0,0,0,0,0,0,0,0,2,0,0,0,0,0,0,0,0,2,0,2
2019-20,33,Tamilnadu,3309,NAMAKKAL,330903,MOHANUR,1,"Department of Education",3,"HSS (I-XII)",1,"Below Secondary",6,None,0,0,0,0,0,0,0,0,0,1,0,0,0,0,0,0,0,0,1,0,1
2019-20,33,Tamilnadu,3309,NAMAKKAL,330906,PUDUCHATRAM,1,"Department of Education",5,"HSS (VI-XII)",1,"Below Secondary",6,None,0,0,0,0,0,0,0,0,0,0,1,0,0,0,0,0,0,0,1,1,0
2019-20,33,Tamilnadu,3309,NAMAKKAL,330910,TIRUCHENGODE,1,"Department of Education",5,"HSS (VI-XII)",1,"Below Secondary",6,None,0,0,0,0,0,0,0,0,0,2,0,0,0,0,0,0,0,0,2,0,2
2019-20,33,Tamilnadu,3309,NAMAKKAL,330911,PALLIPALAYAM,1,"Department of Education",5,"HSS (VI-XII)",1,"Below Secondary",6,None,0,0,0,0,0,0,0,0,0,1,0,0,0,0,0,0,0,0,1,0,1
2019-20,33,Tamilnadu,3309,NAMAKKAL,330912,MALLASAMUDRAM,1,"Department of Education",5,"HSS (VI-XII)",1,"Below Secondary",6,None,0,0,0,0,0,0,0,0,1,0,0,0,0,0,0,0,0,0,1,1,0
2019-20,33,Tamilnadu,3309,NAMAKKAL,330915,KABILARMALAI,1,"Department of Education",5,"HSS (VI-XII)",1,"Below Secondary",6,None,0,0,0,0,0,0,0,0,1,0,0,0,0,0,0,0,0,0,1,1,0
2019-20,33,Tamilnadu,3309,NAMAKKAL,330901,NAMAKKAL,1,"Department of Education",7,"SS (VI-X)",1,"Below Secondary",6,None,0,0,0,0,0,0,0,0,0,1,0,0,1,0,0,0,0,0,2,1,1
2019-20,33,Tamilnadu,3309,NAMAKKAL,330911,PALLIPALAYAM,1,"Department of Education",7,"SS (VI-X)",1,"Below Secondary",6,None,0,0,0,0,0,0,0,0,0,2,0,0,0,0,0,0,0,0,2,0,2
2019-20,33,Tamilnadu,3309,NAMAKKAL,330913,ELACHIPALAYAM,1,"Department of Education",7,"SS (VI-X)",1,"Below Secondary",6,None,0,0,0,0,0,0,0,0,0,0,0,0,0,1,0,0,0,0,1,0,1
2019-20,33,Tamilnadu,3309,NAMAKKAL,330901,NAMAKKAL,1,"Department of Education",1,"PS (I-V)",3,"Higher secondary",1,"Diploma or certificate in basic teachers training of a duration not less than two years",0,0,0,0,3,6,0,0,0,0,0,0,0,0,0,0,0,0,9,3,6
2019-20,33,Tamilnadu,3309,NAMAKKAL,330902,KOLLIHILLS,1,"Department of Education",1,"PS (I-V)",3,"Higher secondary",1,"Diploma or certificate in basic teachers training of a duration not less than two years",0,0,0,0,9,2,0,0,0,0,0,0,0,0,0,0,0,0,11,9,2
2019-20,33,Tamilnadu,3309,NAMAKKAL,330903,MOHANUR,1,"Department of Education",1,"PS (I-V)",3,"Higher secondary",1,"Diploma or certificate in basic teachers training of a duration not less than two years",0,0,0,0,4,7,0,0,0,0,0,0,0,0,0,0,0,0,11,4,7
2019-20,33,Tamilnadu,3309,NAMAKKAL,330904,ERUMAPATTI,1,"Department of Education",1,"PS (I-V)",3,"Higher secondary",1,"Diploma or certificate in basic teachers training of a duration not less than two years",0,0,0,0,5,4,0,0,0,0,0,0,0,0,0,0,0,0,9,5,4
2019-20,33,Tamilnadu,3309,NAMAKKAL,330905,SENDAMANGALAM,1,"Department of Education",1,"PS (I-V)",3,"Higher secondary",1,"Diploma or certificate in basic teachers training of a duration not less than two years",0,0,0,0,3,9,0,0,0,0,0,0,0,0,0,0,0,0,12,3,9
2019-20,33,Tamilnadu,3309,NAMAKKAL,330906,PUDUCHATRAM,1,"Department of Education",1,"PS (I-V)",3,"Higher secondary",1,"Diploma or certificate in basic teachers training of a duration not less than two years",0,0,0,0,4,5,0,0,0,0,0,0,0,0,0,0,0,0,9,4,5
2019-20,33,Tamilnadu,3309,NAMAKKAL,330907,RASIPURAM,1,"Department of Education",1,"PS (I-V)",3,"Higher secondary",1,"Diploma or certificate in basic teachers training of a duration not less than two years",0,0,0,0,1,8,0,0,0,0,0,0,0,0,0,0,0,0,9,1,8
2019-20,33,Tamilnadu,3309,NAMAKKAL,330908,VENNANDUR,1,"Department of Education",1,"PS (I-V)",3,"Higher secondary",1,"Diploma or certificate in basic teachers training of a duration not less than two years",0,0,0,0,1,4,0,0,0,0,0,0,0,0,0,0,0,0,5,1,4
2019-20,33,Tamilnadu,3309,NAMAKKAL,330909,NAMAGIRIPET,1,"Department of Education",1,"PS (I-V)",3,"Higher secondary",1,"Diploma or certificate in basic teachers training of a duration not less than two years",0,0,0,0,4,8,0,0,0,0,0,0,0,0,0,0,0,0,12,4,8
2019-20,33,Tamilnadu,3309,NAMAKKAL,330910,TIRUCHENGODE,1,"Department of Education",1,"PS (I-V)",3,"Higher secondary",1,"Diploma or certificate in basic teachers training of a duration not less than two years",0,0,0,0,2,9,0,0,0,0,0,0,0,0,0,0,0,0,11,2,9
2019-20,33,Tamilnadu,3309,NAMAKKAL,330911,PALLIPALAYAM,1,"Department of Education",1,"PS (I-V)",3,"Higher secondary",1,"Diploma or certificate in basic teachers training of a duration not less than two years",0,0,0,0,8,9,0,0,0,0,0,0,0,0,0,0,0,0,17,8,9
2019-20,33,Tamilnadu,3309,NAMAKKAL,330912,MALLASAMUDRAM,1,"Department of Education",1,"PS (I-V)",3,"Higher secondary",1,"Diploma or certificate in basic teachers training of a duration not less than two years",0,0,0,0,7,9,0,0,0,0,0,0,0,0,0,0,0,0,16,7,9
2019-20,33,Tamilnadu,3309,NAMAKKAL,330913,ELACHIPALAYAM,1,"Department of Education",1,"PS (I-V)",3,"Higher secondary",1,"Diploma or certificate in basic teachers training of a duration not less than two years",0,0,0,0,1,7,0,0,0,0,0,0,0,0,0,0,0,0,8,1,7
2019-20,33,Tamilnadu,3309,NAMAKKAL,330914,PARAMATHI,1,"Department of Education",1,"PS (I-V)",3,"Higher secondary",1,"Diploma or certificate in basic teachers training of a duration not less than two years",0,0,0,0,6,4,0,0,0,0,0,0,0,0,0,0,0,0,10,6,4
2019-20,33,Tamilnadu,3309,NAMAKKAL,330915,KABILARMALAI,1,"Department of Education",1,"PS (I-V)",3,"Higher secondary",1,"Diploma or certificate in basic teachers training of a duration not less than two years",0,0,0,0,4,1,0,0,0,0,0,0,0,0,0,0,0,0,5,4,1
2019-20,33,Tamilnadu,3309,NAMAKKAL,330901,NAMAKKAL,1,"Department of Education",2,"UPS (I-VIII)",3,"Higher secondary",1,"Diploma or certificate in basic teachers training of a duration not less than two years",0,0,0,0,0,3,0,0,0,0,0,0,0,0,0,0,0,0,3,0,3
2019-20,33,Tamilnadu,3309,NAMAKKAL,330902,KOLLIHILLS,1,"Department of Education",2,"UPS (I-VIII)",3,"Higher secondary",1,"Diploma or certificate in basic teachers training of a duration not less than two years",0,0,0,0,3,1,0,0,0,0,0,0,0,0,0,0,0,0,4,3,1
2019-20,33,Tamilnadu,3309,NAMAKKAL,330903,MOHANUR,1,"Department of Education",2,"UPS (I-VIII)",3,"Higher secondary",1,"Diploma or certificate in basic teachers training of a duration not less than two years",0,0,0,0,3,3,0,0,0,0,0,0,0,0,0,0,0,0,6,3,3
2019-20,33,Tamilnadu,3309,NAMAKKAL,330904,ERUMAPATTI,1,"Department of Education",2,"UPS (I-VIII)",3,"Higher secondary",1,"Diploma or certificate in basic teachers training of a duration not less than two years",0,0,0,0,0,3,0,0,0,0,0,0,0,0,0,0,0,0,3,0,3
2019-20,33,Tamilnadu,3309,NAMAKKAL,330905,SENDAMANGALAM,1,"Department of Education",2,"UPS (I-VIII)",3,"Higher secondary",1,"Diploma or certificate in basic teachers training of a duration not less than two years",0,0,0,0,0,3,0,0,0,0,0,0,0,0,0,0,0,0,3,0,3
2019-20,33,Tamilnadu,3309,NAMAKKAL,330906,PUDUCHATRAM,1,"Department of Education",2,"UPS (I-VIII)",3,"Higher secondary",1,"Diploma or certificate in basic teachers training of a duration not less than two years",0,0,0,0,2,1,0,0,0,0,0,0,0,0,0,0,0,0,3,2,1
2019-20,33,Tamilnadu,3309,NAMAKKAL,330907,RASIPURAM,1,"Department of Education",2,"UPS (I-VIII)",3,"Higher secondary",1,"Diploma or certificate in basic teachers training of a duration not less than two years",0,0,0,0,1,5,0,0,0,0,0,0,0,0,0,0,0,0,6,1,5
2019-20,33,Tamilnadu,3309,NAMAKKAL,330908,VENNANDUR,1,"Department of Education",2,"UPS (I-VIII)",3,"Higher secondary",1,"Diploma or certificate in basic teachers training of a duration not less than two years",0,0,0,0,1,0,0,0,0,0,0,0,0,0,0,0,0,0,1,1,0
2019-20,33,Tamilnadu,3309,NAMAKKAL,330909,NAMAGIRIPET,1,"Department of Education",2,"UPS (I-VIII)",3,"Higher secondary",1,"Diploma or certificate in basic teachers training of a duration not less than two years",0,0,0,0,2,8,0,0,0,0,0,0,0,0,0,0,0,0,10,2,8
2019-20,33,Tamilnadu,3309,NAMAKKAL,330910,TIRUCHENGODE,1,"Department of Education",2,"UPS (I-VIII)",3,"Higher secondary",1,"Diploma or certificate in basic teachers training of a duration not less than two years",0,0,0,0,1,2,0,0,0,0,0,0,0,0,0,0,0,0,3,1,2
2019-20,33,Tamilnadu,3309,NAMAKKAL,330911,PALLIPALAYAM,1,"Department of Education",2,"UPS (I-VIII)",3,"Higher secondary",1,"Diploma or certificate in basic teachers training of a duration not less than two years",0,0,0,0,1,0,0,0,0,0,0,0,0,0,0,0,0,0,1,1,0
2019-20,33,Tamilnadu,3309,NAMAKKAL,330912,MALLASAMUDRAM,1,"Department of Education",2,"UPS (I-VIII)",3,"Higher secondary",1,"Diploma or certificate in basic teachers training of a duration not less than two years",0,0,0,0,3,2,0,0,0,0,0,0,0,0,0,0,0,0,5,3,2
2019-20,33,Tamilnadu,3309,NAMAKKAL,330913,ELACHIPALAYAM,1,"Department of Education",2,"UPS (I-VIII)",3,"Higher secondary",1,"Diploma or certificate in basic teachers training of a duration not less than two years",0,0,0,0,0,1,0,0,0,0,0,0,0,0,0,0,0,0,1,0,1
2019-20,33,Tamilnadu,3309,NAMAKKAL,330914,PARAMATHI,1,"Department of Education",2,"UPS (I-VIII)",3,"Higher secondary",1,"Diploma or certificate in basic teachers training of a duration not less than two years",0,0,0,0,0,1,0,0,0,0,0,0,0,0,0,0,0,0,1,0,1
2019-20,33,Tamilnadu,3309,NAMAKKAL,330915,KABILARMALAI,1,"Department of Education",2,"UPS (I-VIII)",3,"Higher secondary",1,"Diploma or certificate in basic teachers training of a duration not less than two years",0,0,0,0,0,2,0,0,0,0,0,0,0,0,0,0,0,0,2,0,2
2019-20,33,Tamilnadu,3309,NAMAKKAL,330905,SENDAMANGALAM,1,"Department of Education",5,"HSS (VI-XII)",3,"Higher secondary",1,"Diploma or certificate in basic teachers training of a duration not less than two years",0,0,0,0,0,0,0,0,0,1,0,0,0,0,0,0,0,0,1,0,1
2019-20,33,Tamilnadu,3309,NAMAKKAL,330911,PALLIPALAYAM,1,"Department of Education",5,"HSS (VI-XII)",3,"Higher secondary",1,"Diploma or certificate in basic teachers training of a duration not less than two years",0,0,0,0,0,0,0,0,0,1,0,0,0,0,0,0,0,0,1,0,1
2019-20,33,Tamilnadu,3309,NAMAKKAL,330901,NAMAKKAL,24,"Private Unaided (Recognized)",1,"PS (I-V)",4,Graduate,3,"B.Ed. or equivalent",0,2,0,0,0,14,0,0,0,0,0,0,0,0,0,0,0,0,16,0,16
2019-20,33,Tamilnadu,3309,NAMAKKAL,330902,KOLLIHILLS,24,"Private Unaided (Recognized)",1,"PS (I-V)",4,Graduate,3,"B.Ed. or equivalent",0,0,0,0,1,4,0,0,0,0,0,0,0,0,0,0,0,0,5,1,4
2019-20,33,Tamilnadu,3309,NAMAKKAL,330903,MOHANUR,24,"Private Unaided (Recognized)",1,"PS (I-V)",4,Graduate,3,"B.Ed. or equivalent",0,0,0,0,0,4,0,0,0,0,0,0,0,0,0,0,0,0,4,0,4
2019-20,33,Tamilnadu,3309,NAMAKKAL,330904,ERUMAPATTI,24,"Private Unaided (Recognized)",1,"PS (I-V)",4,Graduate,3,"B.Ed. or equivalent",0,0,0,0,0,15,0,0,0,0,0,0,0,0,0,0,0,0,15,0,15
2019-20,33,Tamilnadu,3309,NAMAKKAL,330905,SENDAMANGALAM,24,"Private Unaided (Recognized)",1,"PS (I-V)",4,Graduate,3,"B.Ed. or equivalent",0,0,0,0,0,18,0,0,0,0,0,0,0,0,0,0,0,0,18,0,18
2019-20,33,Tamilnadu,3309,NAMAKKAL,330907,RASIPURAM,24,"Private Unaided (Recognized)",1,"PS (I-V)",4,Graduate,3,"B.Ed. or equivalent",0,3,0,3,1,29,0,0,0,0,0,0,0,0,0,0,0,0,36,1,35
2019-20,33,Tamilnadu,3309,NAMAKKAL,330908,VENNANDUR,24,"Private Unaided (Recognized)",1,"PS (I-V)",4,Graduate,3,"B.Ed. or equivalent",0,0,0,0,0,1,0,0,0,0,0,0,0,0,0,0,0,0,1,0,1
2019-20,33,Tamilnadu,3309,NAMAKKAL,330909,NAMAGIRIPET,24,"Private Unaided (Recognized)",1,"PS (I-V)",4,Graduate,3,"B.Ed. or equivalent",0,0,0,0,0,9,0,0,0,0,0,0,0,0,0,0,0,0,9,0,9
2019-20,33,Tamilnadu,3309,NAMAKKAL,330910,TIRUCHENGODE,24,"Private Unaided (Recognized)",1,"PS (I-V)",4,Graduate,3,"B.Ed. or equivalent",0,1,0,4,1,28,0,0,0,0,0,0,0,0,0,0,0,0,34,1,33
2019-20,33,Tamilnadu,3309,NAMAKKAL,330911,PALLIPALAYAM,24,"Private Unaided (Recognized)",1,"PS (I-V)",4,Graduate,3,"B.Ed. or equivalent",0,2,0,4,0,36,0,0,0,0,0,0,0,0,0,0,0,0,42,0,42
2019-20,33,Tamilnadu,3309,NAMAKKAL,330912,MALLASAMUDRAM,24,"Private Unaided (Recognized)",1,"PS (I-V)",4,Graduate,3,"B.Ed. or equivalent",0,0,0,0,0,12,0,0,0,0,0,0,0,0,0,0,0,0,12,0,12
2019-20,33,Tamilnadu,3309,NAMAKKAL,330914,PARAMATHI,24,"Private Unaided (Recognized)",1,"PS (I-V)",4,Graduate,3,"B.Ed. or equivalent",0,0,0,1,0,0,0,0,0,0,0,0,0,0,0,0,0,0,1,0,1
2019-20,33,Tamilnadu,3309,NAMAKKAL,330915,KABILARMALAI,24,"Private Unaided (Recognized)",1,"PS (I-V)",4,Graduate,3,"B.Ed. or equivalent",0,0,0,0,0,20,0,0,0,0,0,0,0,0,0,0,0,0,20,0,20
2019-20,33,Tamilnadu,3309,NAMAKKAL,330901,NAMAKKAL,1,"Department of Education",1,"PS (I-V)",3,"Higher secondary",3,"B.Ed. or equivalent",0,0,0,0,0,1,0,0,0,0,0,0,0,0,0,0,0,0,1,0,1
2019-20,33,Tamilnadu,3309,NAMAKKAL,330903,MOHANUR,1,"Department of Education",1,"PS (I-V)",3,"Higher secondary",3,"B.Ed. or equivalent",0,0,0,0,0,1,0,0,0,0,0,0,0,0,0,0,0,0,1,0,1
2019-20,33,Tamilnadu,3309,NAMAKKAL,330904,ERUMAPATTI,1,"Department of Education",1,"PS (I-V)",3,"Higher secondary",3,"B.Ed. or equivalent",0,0,0,0,1,2,0,0,0,0,0,0,0,0,0,0,0,0,3,1,2
2019-20,33,Tamilnadu,3309,NAMAKKAL,330906,PUDUCHATRAM,1,"Department of Education",1,"PS (I-V)",3,"Higher secondary",3,"B.Ed. or equivalent",0,0,0,0,1,1,0,0,0,0,0,0,0,0,0,0,0,0,2,1,1
2019-20,33,Tamilnadu,3309,NAMAKKAL,330907,RASIPURAM,1,"Department of Education",2,"UPS (I-VIII)",3,"Higher secondary",3,"B.Ed. or equivalent",0,0,0,0,0,1,0,0,0,0,0,0,0,0,0,0,0,0,1,0,1
2019-20,33,Tamilnadu,3309,NAMAKKAL,330911,PALLIPALAYAM,1,"Department of Education",2,"UPS (I-VIII)",3,"Higher secondary",3,"B.Ed. or equivalent",0,0,0,0,0,0,0,0,1,0,0,0,0,0,0,0,0,0,1,1,0
2019-20,33,Tamilnadu,3309,NAMAKKAL,330912,MALLASAMUDRAM,1,"Department of Education",2,"UPS (I-VIII)",3,"Higher secondary",3,"B.Ed. or equivalent",0,0,0,0,0,0,0,0,1,0,0,0,0,0,0,0,0,0,1,1,0
2019-20,33,Tamilnadu,3309,NAMAKKAL,330901,NAMAKKAL,1,"Department of Education",5,"HSS (VI-XII)",3,"Higher secondary",3,"B.Ed. or equivalent",0,0,0,0,0,0,0,0,1,0,0,0,0,0,0,0,0,0,1,1,0
2019-20,33,Tamilnadu,3309,NAMAKKAL,330902,KOLLIHILLS,1,"Department of Education",5,"HSS (VI-XII)",3,"Higher secondary",3,"B.Ed. or equivalent",0,0,0,0,0,0,0,0,1,0,0,0,0,0,0,0,0,0,1,1,0
2019-20,33,Tamilnadu,3309,NAMAKKAL,330904,ERUMAPATTI,1,"Department of Education",5,"HSS (VI-XII)",3,"Higher secondary",3,"B.Ed. or equivalent",0,0,0,0,0,0,0,0,1,0,0,0,0,0,0,0,0,0,1,1,0
2019-20,33,Tamilnadu,3309,NAMAKKAL,330905,SENDAMANGALAM,1,"Department of Education",5,"HSS (VI-XII)",3,"Higher secondary",3,"B.Ed. or equivalent",0,0,0,0,0,0,0,0,0,0,1,0,0,0,0,0,0,0,1,1,0
2019-20,33,Tamilnadu,3309,NAMAKKAL,330908,VENNANDUR,1,"Department of Education",5,"HSS (VI-XII)",3,"Higher secondary",3,"B.Ed. or equivalent",0,0,0,0,0,0,0,0,0,0,0,1,0,0,0,0,0,0,1,0,1
2019-20,33,Tamilnadu,3309,NAMAKKAL,330909,NAMAGIRIPET,1,"Department of Education",5,"HSS (VI-XII)",3,"Higher secondary",3,"B.Ed. or equivalent",0,0,0,0,0,0,0,0,0,0,0,0,0,0,0,1,0,0,1,0,1
2019-20,33,Tamilnadu,3309,NAMAKKAL,330910,TIRUCHENGODE,1,"Department of Education",5,"HSS (VI-XII)",3,"Higher secondary",3,"B.Ed. or equivalent",0,0,0,0,0,0,0,0,0,1,0,0,0,0,0,0,0,1,2,0,2
2019-20,33,Tamilnadu,3309,NAMAKKAL,330914,PARAMATHI,1,"Department of Education",5,"HSS (VI-XII)",3,"Higher secondary",3,"B.Ed. or equivalent",0,0,0,0,0,0,0,0,1,0,0,0,0,0,0,0,0,0,1,1,0
2019-20,33,Tamilnadu,3309,NAMAKKAL,330908,VENNANDUR,1,"Department of Education",7,"SS (VI-X)",3,"Higher secondary",3,"B.Ed. or equivalent",0,0,0,0,0,0,0,0,1,0,0,0,0,0,0,0,0,0,1,1,0
2019-20,33,Tamilnadu,3309,NAMAKKAL,330909,NAMAGIRIPET,1,"Department of Education",7,"SS (VI-X)",3,"Higher secondary",3,"B.Ed. or equivalent",0,0,0,0,0,0,0,0,0,0,1,0,0,0,0,0,0,0,1,1,0
2019-20,33,Tamilnadu,3309,NAMAKKAL,330904,ERUMAPATTI,1,"Department of Education",1,"PS (I-V)",3,"Higher secondary",4,"M.Ed. or equivalent",0,0,0,0,1,0,0,0,0,0,0,0,0,0,0,0,0,0,1,1,0
2019-20,33,Tamilnadu,3309,NAMAKKAL,330904,ERUMAPATTI,1,"Department of Education",5,"HSS (VI-XII)",3,"Higher secondary",4,"M.Ed. or equivalent",0,0,0,0,0,0,0,0,0,0,0,1,0,0,0,0,0,0,1,0,1
2019-20,33,Tamilnadu,3309,NAMAKKAL,330905,SENDAMANGALAM,1,"Department of Education",5,"HSS (VI-XII)",3,"Higher secondary",4,"M.Ed. or equivalent",0,0,0,0,0,0,0,0,0,0,0,0,0,0,0,0,1,0,1,1,0
2019-20,33,Tamilnadu,3309,NAMAKKAL,330901,NAMAKKAL,1,"Department of Education",7,"SS (VI-X)",3,"Higher secondary",4,"M.Ed. or equivalent",0,0,0,0,0,0,0,0,0,0,0,0,0,1,0,0,0,0,1,0,1
2019-20,33,Tamilnadu,3309,NAMAKKAL,330908,VENNANDUR,1,"Department of Education",2,"UPS (I-VIII)",3,"Higher secondary",5,Others,0,0,0,0,0,0,0,0,0,1,0,0,0,0,0,0,0,0,1,0,1
2019-20,33,Tamilnadu,3309,NAMAKKAL,330911,PALLIPALAYAM,1,"Department of Education",2,"UPS (I-VIII)",3,"Higher secondary",5,Others,0,0,0,0,0,0,0,0,0,1,0,0,0,0,0,0,0,0,1,0,1
2019-20,33,Tamilnadu,3309,NAMAKKAL,330915,KABILARMALAI,1,"Department of Education",2,"UPS (I-VIII)",3,"Higher secondary",5,Others,0,0,0,0,0,0,0,0,1,0,0,0,0,0,0,0,0,0,1,1,0
2019-20,33,Tamilnadu,3309,NAMAKKAL,330901,NAMAKKAL,1,"Department of Education",5,"HSS (VI-XII)",3,"Higher secondary",5,Others,0,0,0,0,0,0,0,0,0,0,0,0,1,0,0,0,0,0,1,1,0
2019-20,33,Tamilnadu,3309,NAMAKKAL,330903,MOHANUR,1,"Department of Education",5,"HSS (VI-XII)",3,"Higher secondary",5,Others,0,0,0,0,0,0,0,0,1,0,0,0,1,0,0,0,2,0,4,4,0
2019-20,33,Tamilnadu,3309,NAMAKKAL,330904,ERUMAPATTI,1,"Department of Education",5,"HSS (VI-XII)",3,"Higher secondary",5,Others,0,0,0,0,0,0,0,0,2,1,0,2,0,0,0,0,0,0,5,2,3
2019-20,33,Tamilnadu,3309,NAMAKKAL,330905,SENDAMANGALAM,1,"Department of Education",5,"HSS (VI-XII)",3,"Higher secondary",5,Others,0,0,0,0,0,0,0,0,1,1,0,0,1,1,0,0,0,0,4,2,2
2019-20,33,Tamilnadu,3309,NAMAKKAL,330906,PUDUCHATRAM,1,"Department of Education",5,"HSS (VI-XII)",3,"Higher secondary",5,Others,0,0,0,0,0,0,0,0,1,0,0,0,1,0,0,0,1,0,3,3,0
2019-20,33,Tamilnadu,3309,NAMAKKAL,330907,RASIPURAM,1,"Department of Education",5,"HSS (VI-XII)",3,"Higher secondary",5,Others,0,0,0,0,0,0,0,0,0,0,0,0,0,0,0,0,1,0,1,1,0
2019-20,33,Tamilnadu,3309,NAMAKKAL,330908,VENNANDUR,1,"Department of Education",5,"HSS (VI-XII)",3,"Higher secondary",5,Others,0,0,0,0,0,0,0,0,1,2,0,1,0,0,0,0,0,0,4,1,3
2019-20,33,Tamilnadu,3309,NAMAKKAL,330909,NAMAGIRIPET,1,"Department of Education",5,"HSS (VI-XII)",3,"Higher secondary",5,Others,0,0,0,0,0,0,0,0,0,0,1,0,0,0,0,0,0,0,1,1,0
2019-20,33,Tamilnadu,3309,NAMAKKAL,330910,TIRUCHENGODE,1,"Department of Education",5,"HSS (VI-XII)",3,"Higher secondary",5,Others,0,0,0,0,0,0,0,0,1,0,1,0,1,0,1,0,0,0,4,4,0
2019-20,33,Tamilnadu,3309,NAMAKKAL,330912,MALLASAMUDRAM,1,"Department of Education",5,"HSS (VI-XII)",3,"Higher secondary",5,Others,0,0,0,0,0,0,0,0,2,1,0,0,0,0,0,0,1,0,4,3,1
2019-20,33,Tamilnadu,3309,NAMAKKAL,330913,ELACHIPALAYAM,1,"Department of Education",5,"HSS (VI-XII)",3,"Higher secondary",5,Others,0,0,0,0,0,0,0,0,1,2,0,0,0,0,0,0,0,0,3,1,2
2019-20,33,Tamilnadu,3309,NAMAKKAL,330914,PARAMATHI,1,"Department of Education",5,"HSS (VI-XII)",3,"Higher secondary",5,Others,0,0,0,0,0,0,0,0,0,0,0,0,0,1,0,0,0,0,1,0,1
2019-20,33,Tamilnadu,3309,NAMAKKAL,330908,VENNANDUR,1,"Department of Education",7,"SS (VI-X)",3,"Higher secondary",5,Others,0,0,0,0,0,0,0,0,0,1,0,0,0,0,0,0,0,0,1,0,1
2019-20,33,Tamilnadu,3309,NAMAKKAL,330910,TIRUCHENGODE,1,"Department of Education",7,"SS (VI-X)",3,"Higher secondary",5,Others,0,0,0,0,0,0,0,0,1,0,0,0,0,0,0,0,0,0,1,1,0
2019-20,33,Tamilnadu,3309,NAMAKKAL,330911,PALLIPALAYAM,1,"Department of Education",7,"SS (VI-X)",3,"Higher secondary",5,Others,0,0,0,0,0,0,0,0,0,3,0,0,0,0,0,0,0,0,3,0,3
2019-20,33,Tamilnadu,3309,NAMAKKAL,330914,PARAMATHI,1,"Department of Education",7,"SS (VI-X)",3,"Higher secondary",5,Others,0,0,0,0,0,0,0,0,1,0,0,0,0,0,0,0,0,0,1,1,0
2019-20,33,Tamilnadu,3309,NAMAKKAL,330905,SENDAMANGALAM,1,"Department of Education",2,"UPS (I-VIII)",3,"Higher secondary",6,None,0,0,0,0,0,0,0,0,0,1,0,0,0,0,0,0,0,0,1,0,1
2019-20,33,Tamilnadu,3309,NAMAKKAL,330901,NAMAKKAL,1,"Department of Education",5,"HSS (VI-XII)",3,"Higher secondary",6,None,0,0,0,0,0,0,0,0,0,1,0,0,0,0,0,1,0,0,2,0,2
2019-20,33,Tamilnadu,3309,NAMAKKAL,330902,KOLLIHILLS,1,"Department of Education",5,"HSS (VI-XII)",3,"Higher secondary",6,None,0,0,0,0,0,0,0,0,1,0,0,0,0,0,0,0,0,0,1,1,0
2019-20,33,Tamilnadu,3309,NAMAKKAL,330903,MOHANUR,1,"Department of Education",5,"HSS (VI-XII)",3,"Higher secondary",6,None,0,0,0,0,0,0,0,0,1,1,0,0,0,0,0,0,0,0,2,1,1
2019-20,33,Tamilnadu,3309,NAMAKKAL,330907,RASIPURAM,1,"Department of Education",5,"HSS (VI-XII)",3,"Higher secondary",6,None,0,0,0,0,0,0,0,0,1,0,1,0,0,0,0,0,0,0,2,2,0
2019-20,33,Tamilnadu,3309,NAMAKKAL,330909,NAMAGIRIPET,1,"Department of Education",5,"HSS (VI-XII)",3,"Higher secondary",6,None,0,0,0,0,0,0,0,0,1,2,0,0,0,0,0,0,1,0,4,2,2
2019-20,33,Tamilnadu,3309,NAMAKKAL,330910,TIRUCHENGODE,1,"Department of Education",5,"HSS (VI-XII)",3,"Higher secondary",6,None,0,0,0,0,0,0,0,0,3,0,0,0,0,0,0,0,0,0,3,3,0
2019-20,33,Tamilnadu,3309,NAMAKKAL,330915,KABILARMALAI,1,"Department of Education",5,"HSS (VI-XII)",3,"Higher secondary",6,None,0,0,0,0,0,0,0,0,0,1,0,0,0,0,0,0,0,0,1,0,1
2019-20,33,Tamilnadu,3309,NAMAKKAL,330904,ERUMAPATTI,1,"Department of Education",7,"SS (VI-X)",3,"Higher secondary",6,None,0,0,0,0,0,0,0,0,0,0,1,0,0,0,0,0,0,0,1,1,0
2019-20,33,Tamilnadu,3309,NAMAKKAL,330909,NAMAGIRIPET,1,"Department of Education",7,"SS (VI-X)",3,"Higher secondary",6,None,0,0,0,0,0,0,0,0,1,1,0,0,0,0,0,0,0,0,2,1,1
2019-20,33,Tamilnadu,3309,NAMAKKAL,330901,NAMAKKAL,1,"Department of Education",1,"PS (I-V)",4,Graduate,1,"Diploma or certificate in basic teachers training of a duration not less than two years",0,0,0,0,3,4,0,0,0,0,0,0,0,0,0,0,0,0,7,3,4
2019-20,33,Tamilnadu,3309,NAMAKKAL,330902,KOLLIHILLS,1,"Department of Education",1,"PS (I-V)",4,Graduate,1,"Diploma or certificate in basic teachers training of a duration not less than two years",0,0,0,0,10,3,0,0,0,0,0,0,0,0,0,0,0,0,13,10,3
2019-20,33,Tamilnadu,3309,NAMAKKAL,330903,MOHANUR,1,"Department of Education",1,"PS (I-V)",4,Graduate,1,"Diploma or certificate in basic teachers training of a duration not less than two years",0,0,0,0,3,13,0,0,0,0,0,0,0,0,0,0,0,0,16,3,13
2019-20,33,Tamilnadu,3309,NAMAKKAL,330904,ERUMAPATTI,1,"Department of Education",1,"PS (I-V)",4,Graduate,1,"Diploma or certificate in basic teachers training of a duration not less than two years",0,0,0,0,2,4,0,0,0,0,0,0,0,0,0,0,0,0,6,2,4
2019-20,33,Tamilnadu,3309,NAMAKKAL,330905,SENDAMANGALAM,1,"Department of Education",1,"PS (I-V)",4,Graduate,1,"Diploma or certificate in basic teachers training of a duration not less than two years",0,0,0,0,2,10,0,0,0,0,0,0,0,0,0,0,0,0,12,2,10
2019-20,33,Tamilnadu,3309,NAMAKKAL,330906,PUDUCHATRAM,1,"Department of Education",1,"PS (I-V)",4,Graduate,1,"Diploma or certificate in basic teachers training of a duration not less than two years",0,0,0,0,3,5,0,0,0,0,0,0,0,0,0,0,0,0,8,3,5
2019-20,33,Tamilnadu,3309,NAMAKKAL,330907,RASIPURAM,1,"Department of Education",1,"PS (I-V)",4,Graduate,1,"Diploma or certificate in basic teachers training of a duration not less than two years",0,0,0,0,0,7,0,0,0,0,0,0,0,0,0,0,0,0,7,0,7
2019-20,33,Tamilnadu,3309,NAMAKKAL,330908,VENNANDUR,1,"Department of Education",1,"PS (I-V)",4,Graduate,1,"Diploma or certificate in basic teachers training of a duration not less than two years",0,0,0,0,2,6,0,0,0,0,0,0,0,0,0,0,0,0,8,2,6
2019-20,33,Tamilnadu,3309,NAMAKKAL,330909,NAMAGIRIPET,1,"Department of Education",1,"PS (I-V)",4,Graduate,1,"Diploma or certificate in basic teachers training of a duration not less than two years",0,0,0,0,3,11,0,0,0,0,0,0,0,0,0,0,0,0,14,3,11
2019-20,33,Tamilnadu,3309,NAMAKKAL,330910,TIRUCHENGODE,1,"Department of Education",1,"PS (I-V)",4,Graduate,1,"Diploma or certificate in basic teachers training of a duration not less than two years",0,0,0,0,1,6,0,0,0,0,0,0,0,0,0,0,0,0,7,1,6
2019-20,33,Tamilnadu,3309,NAMAKKAL,330911,PALLIPALAYAM,1,"Department of Education",1,"PS (I-V)",4,Graduate,1,"Diploma or certificate in basic teachers training of a duration not less than two years",0,0,0,0,6,9,0,0,0,0,0,0,0,0,0,0,0,0,15,6,9
2019-20,33,Tamilnadu,3309,NAMAKKAL,330912,MALLASAMUDRAM,1,"Department of Education",1,"PS (I-V)",4,Graduate,1,"Diploma or certificate in basic teachers training of a duration not less than two years",0,0,0,0,1,11,0,0,0,0,0,0,0,0,0,0,0,0,12,1,11
2019-20,33,Tamilnadu,3309,NAMAKKAL,330913,ELACHIPALAYAM,1,"Department of Education",1,"PS (I-V)",4,Graduate,1,"Diploma or certificate in basic teachers training of a duration not less than two years",0,0,0,0,0,3,0,0,0,0,0,0,0,0,0,0,0,0,3,0,3
2019-20,33,Tamilnadu,3309,NAMAKKAL,330914,PARAMATHI,1,"Department of Education",1,"PS (I-V)",4,Graduate,1,"Diploma or certificate in basic teachers training of a duration not less than two years",0,0,0,0,0,6,0,0,0,0,0,0,0,0,0,0,0,0,6,0,6
2019-20,33,Tamilnadu,3309,NAMAKKAL,330915,KABILARMALAI,1,"Department of Education",1,"PS (I-V)",4,Graduate,1,"Diploma or certificate in basic teachers training of a duration not less than two years",0,0,0,0,5,4,0,0,0,0,0,0,0,0,0,0,0,0,9,5,4
2019-20,33,Tamilnadu,3309,NAMAKKAL,330910,TIRUCHENGODE,24,"Private Unaided (Recognized)",1,"PS (I-V)",3,"Higher secondary",3,"B.Ed. or equivalent",0,0,0,0,0,1,0,0,0,0,0,0,0,0,0,0,0,0,1,0,1
2019-20,33,Tamilnadu,3309,NAMAKKAL,330911,PALLIPALAYAM,24,"Private Unaided (Recognized)",1,"PS (I-V)",3,"Higher secondary",3,"B.Ed. or equivalent",0,0,0,0,0,1,0,0,0,0,0,0,0,0,0,0,0,0,1,0,1
2019-20,33,Tamilnadu,3309,NAMAKKAL,330901,NAMAKKAL,1,"Department of Education",2,"UPS (I-VIII)",4,Graduate,1,"Diploma or certificate in basic teachers training of a duration not less than two years",0,0,0,0,0,8,0,0,0,0,0,0,0,0,0,0,0,0,8,0,8
2019-20,33,Tamilnadu,3309,NAMAKKAL,330902,KOLLIHILLS,1,"Department of Education",2,"UPS (I-VIII)",4,Graduate,1,"Diploma or certificate in basic teachers training of a duration not less than two years",0,0,0,0,5,1,0,0,0,0,0,0,0,0,0,0,0,0,6,5,1
2019-20,33,Tamilnadu,3309,NAMAKKAL,330903,MOHANUR,1,"Department of Education",2,"UPS (I-VIII)",4,Graduate,1,"Diploma or certificate in basic teachers training of a duration not less than two years",0,0,0,0,2,0,0,0,0,0,0,0,0,0,0,0,0,0,2,2,0
2019-20,33,Tamilnadu,3309,NAMAKKAL,330904,ERUMAPATTI,1,"Department of Education",2,"UPS (I-VIII)",4,Graduate,1,"Diploma or certificate in basic teachers training of a duration not less than two years",0,0,0,0,0,2,0,0,0,0,0,0,0,0,0,0,0,0,2,0,2
2019-20,33,Tamilnadu,3309,NAMAKKAL,330905,SENDAMANGALAM,1,"Department of Education",2,"UPS (I-VIII)",4,Graduate,1,"Diploma or certificate in basic teachers training of a duration not less than two years",0,0,0,0,0,1,0,0,0,0,0,0,0,0,0,0,0,0,1,0,1
2019-20,33,Tamilnadu,3309,NAMAKKAL,330907,RASIPURAM,1,"Department of Education",2,"UPS (I-VIII)",4,Graduate,1,"Diploma or certificate in basic teachers training of a duration not less than two years",0,0,0,0,1,0,0,0,0,0,0,0,0,0,0,0,0,0,1,1,0
2019-20,33,Tamilnadu,3309,NAMAKKAL,330908,VENNANDUR,1,"Department of Education",2,"UPS (I-VIII)",4,Graduate,1,"Diploma or certificate in basic teachers training of a duration not less than two years",0,0,0,0,0,2,0,0,0,0,0,0,0,0,0,0,0,0,2,0,2
2019-20,33,Tamilnadu,3309,NAMAKKAL,330909,NAMAGIRIPET,1,"Department of Education",2,"UPS (I-VIII)",4,Graduate,1,"Diploma or certificate in basic teachers training of a duration not less than two years",0,0,0,0,1,4,0,0,0,0,0,0,0,0,0,0,0,0,5,1,4
2019-20,33,Tamilnadu,3309,NAMAKKAL,330910,TIRUCHENGODE,1,"Department of Education",2,"UPS (I-VIII)",4,Graduate,1,"Diploma or certificate in basic teachers training of a duration not less than two years",0,0,0,0,1,2,0,0,0,0,0,0,0,0,0,0,0,0,3,1,2
2019-20,33,Tamilnadu,3309,NAMAKKAL,330911,PALLIPALAYAM,1,"Department of Education",2,"UPS (I-VIII)",4,Graduate,1,"Diploma or certificate in basic teachers training of a duration not less than two years",0,0,0,0,3,2,0,0,0,0,0,0,0,0,0,0,0,0,5,3,2
2019-20,33,Tamilnadu,3309,NAMAKKAL,330912,MALLASAMUDRAM,1,"Department of Education",2,"UPS (I-VIII)",4,Graduate,1,"Diploma or certificate in basic teachers training of a duration not less than two years",0,0,0,0,0,1,0,0,0,0,0,0,0,0,0,0,0,0,1,0,1
2019-20,33,Tamilnadu,3309,NAMAKKAL,330914,PARAMATHI,1,"Department of Education",2,"UPS (I-VIII)",4,Graduate,1,"Diploma or certificate in basic teachers training of a duration not less than two years",0,0,0,0,0,1,0,0,0,0,0,0,0,0,0,0,0,0,1,0,1
2019-20,33,Tamilnadu,3309,NAMAKKAL,330915,KABILARMALAI,1,"Department of Education",2,"UPS (I-VIII)",4,Graduate,1,"Diploma or certificate in basic teachers training of a duration not less than two years",0,0,0,0,0,1,0,0,0,0,0,0,0,0,0,0,0,0,1,0,1
2019-20,33,Tamilnadu,3309,NAMAKKAL,330903,MOHANUR,1,"Department of Education",5,"HSS (VI-XII)",4,Graduate,1,"Diploma or certificate in basic teachers training of a duration not less than two years",0,0,0,0,0,0,0,0,0,1,0,0,0,0,0,0,0,0,1,0,1
2019-20,33,Tamilnadu,3309,NAMAKKAL,330906,PUDUCHATRAM,1,"Department of Education",5,"HSS (VI-XII)",4,Graduate,1,"Diploma or certificate in basic teachers training of a duration not less than two years",0,0,0,0,0,0,0,0,0,1,0,0,0,0,0,0,0,0,1,0,1
2019-20,33,Tamilnadu,3309,NAMAKKAL,330901,NAMAKKAL,1,"Department of Education",7,"SS (VI-X)",4,Graduate,1,"Diploma or certificate in basic teachers training of a duration not less than two years",0,0,0,0,0,0,0,0,0,1,0,0,0,0,0,0,0,0,1,0,1
2019-20,33,Tamilnadu,3309,NAMAKKAL,330901,NAMAKKAL,24,"Private Unaided (Recognized)",1,"PS (I-V)",4,Graduate,4,"M.Ed. or equivalent",0,0,0,0,0,2,0,0,0,0,0,0,0,0,0,0,0,0,2,0,2
2019-20,33,Tamilnadu,3309,NAMAKKAL,330909,NAMAGIRIPET,24,"Private Unaided (Recognized)",1,"PS (I-V)",4,Graduate,4,"M.Ed. or equivalent",0,0,0,0,0,1,0,0,0,0,0,0,0,0,0,0,0,0,1,0,1
2019-20,33,Tamilnadu,3309,NAMAKKAL,330901,NAMAKKAL,1,"Department of Education",1,"PS (I-V)",4,Graduate,3,"B.Ed. or equivalent",0,0,0,0,0,5,0,0,0,0,0,0,0,0,0,0,0,0,5,0,5
2019-20,33,Tamilnadu,3309,NAMAKKAL,330902,KOLLIHILLS,1,"Department of Education",1,"PS (I-V)",4,Graduate,3,"B.Ed. or equivalent",0,0,0,0,9,8,0,0,0,0,0,0,0,0,0,0,0,0,17,9,8
2019-20,33,Tamilnadu,3309,NAMAKKAL,330903,MOHANUR,1,"Department of Education",1,"PS (I-V)",4,Graduate,3,"B.Ed. or equivalent",0,0,0,0,1,6,0,0,0,0,0,0,0,0,0,0,0,0,7,1,6
2019-20,33,Tamilnadu,3309,NAMAKKAL,330904,ERUMAPATTI,1,"Department of Education",1,"PS (I-V)",4,Graduate,3,"B.Ed. or equivalent",0,0,0,0,3,10,0,0,0,0,0,0,0,0,0,0,0,0,13,3,10
2019-20,33,Tamilnadu,3309,NAMAKKAL,330905,SENDAMANGALAM,1,"Department of Education",1,"PS (I-V)",4,Graduate,3,"B.Ed. or equivalent",0,0,0,0,0,2,0,0,0,0,0,0,0,0,0,0,0,0,2,0,2
2019-20,33,Tamilnadu,3309,NAMAKKAL,330906,PUDUCHATRAM,1,"Department of Education",1,"PS (I-V)",4,Graduate,3,"B.Ed. or equivalent",0,0,0,0,5,4,0,0,0,0,0,0,0,0,0,0,0,0,9,5,4
2019-20,33,Tamilnadu,3309,NAMAKKAL,330907,RASIPURAM,1,"Department of Education",1,"PS (I-V)",4,Graduate,3,"B.Ed. or equivalent",0,0,0,0,1,1,0,0,0,0,0,0,0,0,0,0,0,0,2,1,1
2019-20,33,Tamilnadu,3309,NAMAKKAL,330908,VENNANDUR,1,"Department of Education",1,"PS (I-V)",4,Graduate,3,"B.Ed. or equivalent",0,0,0,0,1,2,0,0,0,0,0,0,0,0,0,0,0,0,3,1,2
2019-20,33,Tamilnadu,3309,NAMAKKAL,330909,NAMAGIRIPET,1,"Department of Education",1,"PS (I-V)",4,Graduate,3,"B.Ed. or equivalent",0,0,0,0,3,8,0,0,0,0,0,0,0,0,0,0,0,0,11,3,8
2019-20,33,Tamilnadu,3309,NAMAKKAL,330910,TIRUCHENGODE,1,"Department of Education",1,"PS (I-V)",4,Graduate,3,"B.Ed. or equivalent",0,0,0,0,3,9,0,0,0,0,0,0,0,0,0,0,0,0,12,3,9
2019-20,33,Tamilnadu,3309,NAMAKKAL,330911,PALLIPALAYAM,1,"Department of Education",1,"PS (I-V)",4,Graduate,3,"B.Ed. or equivalent",0,0,0,0,1,9,0,0,0,0,0,0,0,0,0,0,0,0,10,1,9
2019-20,33,Tamilnadu,3309,NAMAKKAL,330912,MALLASAMUDRAM,1,"Department of Education",1,"PS (I-V)",4,Graduate,3,"B.Ed. or equivalent",0,0,0,0,5,6,0,0,0,0,0,0,0,0,0,0,0,0,11,5,6
2019-20,33,Tamilnadu,3309,NAMAKKAL,330913,ELACHIPALAYAM,1,"Department of Education",1,"PS (I-V)",4,Graduate,3,"B.Ed. or equivalent",0,0,0,0,5,9,0,0,0,0,0,0,0,0,0,0,0,0,14,5,9
2019-20,33,Tamilnadu,3309,NAMAKKAL,330914,PARAMATHI,1,"Department of Education",1,"PS (I-V)",4,Graduate,3,"B.Ed. or equivalent",0,0,0,0,2,3,0,0,0,0,0,0,0,0,0,0,0,0,5,2,3
2019-20,33,Tamilnadu,3309,NAMAKKAL,330915,KABILARMALAI,1,"Department of Education",1,"PS (I-V)",4,Graduate,3,"B.Ed. or equivalent",0,0,0,0,3,3,0,0,0,0,0,0,0,0,0,0,0,0,6,3,3
2019-20,33,Tamilnadu,3309,NAMAKKAL,330901,NAMAKKAL,1,"Department of Education",2,"UPS (I-VIII)",4,Graduate,3,"B.Ed. or equivalent",0,0,0,0,0,2,0,0,0,2,0,0,0,0,0,0,0,0,4,0,4
2019-20,33,Tamilnadu,3309,NAMAKKAL,330902,KOLLIHILLS,1,"Department of Education",2,"UPS (I-VIII)",4,Graduate,3,"B.Ed. or equivalent",0,0,0,0,4,1,1,0,9,1,0,0,0,0,0,0,0,0,16,14,2
2019-20,33,Tamilnadu,3309,NAMAKKAL,330903,MOHANUR,1,"Department of Education",2,"UPS (I-VIII)",4,Graduate,3,"B.Ed. or equivalent",0,0,0,0,0,1,0,0,0,0,0,0,0,0,0,0,0,0,1,0,1
2019-20,33,Tamilnadu,3309,NAMAKKAL,330904,ERUMAPATTI,1,"Department of Education",2,"UPS (I-VIII)",4,Graduate,3,"B.Ed. or equivalent",0,0,0,0,0,1,0,0,0,1,0,0,0,0,0,0,0,0,2,0,2
2019-20,33,Tamilnadu,3309,NAMAKKAL,330905,SENDAMANGALAM,1,"Department of Education",2,"UPS (I-VIII)",4,Graduate,3,"B.Ed. or equivalent",0,0,0,0,0,1,0,0,0,3,0,0,0,0,0,0,0,0,4,0,4
2019-20,33,Tamilnadu,3309,NAMAKKAL,330906,PUDUCHATRAM,1,"Department of Education",2,"UPS (I-VIII)",4,Graduate,3,"B.Ed. or equivalent",0,0,0,0,1,1,0,0,0,0,0,0,0,0,0,0,0,0,2,1,1
2019-20,33,Tamilnadu,3309,NAMAKKAL,330907,RASIPURAM,1,"Department of Education",2,"UPS (I-VIII)",4,Graduate,3,"B.Ed. or equivalent",0,0,0,0,1,2,0,0,0,3,0,0,0,0,0,0,0,0,6,1,5
2019-20,33,Tamilnadu,3309,NAMAKKAL,330908,VENNANDUR,1,"Department of Education",2,"UPS (I-VIII)",4,Graduate,3,"B.Ed. or equivalent",0,0,0,0,0,1,0,0,0,0,0,0,0,0,0,0,0,0,1,0,1
2019-20,33,Tamilnadu,3309,NAMAKKAL,330909,NAMAGIRIPET,1,"Department of Education",2,"UPS (I-VIII)",4,Graduate,3,"B.Ed. or equivalent",0,0,0,0,1,4,0,0,8,7,0,0,0,0,0,0,0,0,20,9,11
2019-20,33,Tamilnadu,3309,NAMAKKAL,330910,TIRUCHENGODE,1,"Department of Education",2,"UPS (I-VIII)",4,Graduate,3,"B.Ed. or equivalent",0,0,0,0,0,1,0,0,0,2,0,0,0,0,0,0,0,0,3,0,3
2019-20,33,Tamilnadu,3309,NAMAKKAL,330911,PALLIPALAYAM,1,"Department of Education",2,"UPS (I-VIII)",4,Graduate,3,"B.Ed. or equivalent",0,0,0,0,1,4,0,0,3,3,0,0,0,0,0,0,0,0,11,4,7
2019-20,33,Tamilnadu,3309,NAMAKKAL,330912,MALLASAMUDRAM,1,"Department of Education",2,"UPS (I-VIII)",4,Graduate,3,"B.Ed. or equivalent",0,0,0,0,0,3,0,0,2,1,0,0,0,0,0,0,0,0,6,2,4
2019-20,33,Tamilnadu,3309,NAMAKKAL,330913,ELACHIPALAYAM,1,"Department of Education",2,"UPS (I-VIII)",4,Graduate,3,"B.Ed. or equivalent",0,0,0,0,0,1,0,0,0,1,0,0,0,0,0,0,0,0,2,0,2
2019-20,33,Tamilnadu,3309,NAMAKKAL,330914,PARAMATHI,1,"Department of Education",2,"UPS (I-VIII)",4,Graduate,3,"B.Ed. or equivalent",0,0,0,0,0,2,0,0,1,1,0,0,0,0,0,0,0,0,4,1,3
2019-20,33,Tamilnadu,3309,NAMAKKAL,330915,KABILARMALAI,1,"Department of Education",2,"UPS (I-VIII)",4,Graduate,3,"B.Ed. or equivalent",0,0,0,0,1,3,0,0,0,3,0,0,0,0,0,0,0,0,7,1,6
2019-20,33,Tamilnadu,3309,NAMAKKAL,330903,MOHANUR,1,"Department of Education",3,"HSS (I-XII)",4,Graduate,3,"B.Ed. or equivalent",0,0,0,0,0,0,0,0,1,0,0,0,0,0,0,0,0,0,1,1,0
2019-20,33,Tamilnadu,3309,NAMAKKAL,330901,NAMAKKAL,1,"Department of Education",5,"HSS (VI-XII)",4,Graduate,3,"B.Ed. or equivalent",0,0,0,0,0,0,0,0,0,2,1,2,2,1,1,0,0,0,9,4,5
2019-20,33,Tamilnadu,3309,NAMAKKAL,330902,KOLLIHILLS,1,"Department of Education",5,"HSS (VI-XII)",4,Graduate,3,"B.Ed. or equivalent",0,0,0,0,0,0,0,0,0,0,0,1,0,1,1,1,0,0,4,1,3
2019-20,33,Tamilnadu,3309,NAMAKKAL,330903,MOHANUR,1,"Department of Education",5,"HSS (VI-XII)",4,Graduate,3,"B.Ed. or equivalent",0,0,0,0,0,0,0,0,2,1,2,1,2,0,3,0,1,0,12,10,2
2019-20,33,Tamilnadu,3309,NAMAKKAL,330904,ERUMAPATTI,1,"Department of Education",5,"HSS (VI-XII)",4,Graduate,3,"B.Ed. or equivalent",0,0,0,0,0,0,0,0,1,0,2,2,0,2,0,0,1,0,8,4,4
2019-20,33,Tamilnadu,3309,NAMAKKAL,330905,SENDAMANGALAM,1,"Department of Education",5,"HSS (VI-XII)",4,Graduate,3,"B.Ed. or equivalent",0,0,0,0,0,0,0,0,1,6,1,0,1,2,0,0,0,1,12,3,9
2019-20,33,Tamilnadu,3309,NAMAKKAL,330906,PUDUCHATRAM,1,"Department of Education",5,"HSS (VI-XII)",4,Graduate,3,"B.Ed. or equivalent",0,0,0,0,0,0,0,0,4,3,1,1,0,0,0,0,0,0,9,5,4
2019-20,33,Tamilnadu,3309,NAMAKKAL,330907,RASIPURAM,1,"Department of Education",5,"HSS (VI-XII)",4,Graduate,3,"B.Ed. or equivalent",0,0,0,0,0,0,0,0,3,0,3,7,0,0,1,1,0,0,15,7,8
2019-20,33,Tamilnadu,3309,NAMAKKAL,330908,VENNANDUR,1,"Department of Education",5,"HSS (VI-XII)",4,Graduate,3,"B.Ed. or equivalent",0,0,0,0,0,0,0,0,2,1,4,1,0,0,1,0,0,0,9,7,2
2019-20,33,Tamilnadu,3309,NAMAKKAL,330909,NAMAGIRIPET,1,"Department of Education",5,"HSS (VI-XII)",4,Graduate,3,"B.Ed. or equivalent",0,0,0,0,0,0,0,0,1,4,7,11,1,1,0,1,0,0,26,9,17
2019-20,33,Tamilnadu,3309,NAMAKKAL,330910,TIRUCHENGODE,1,"Department of Education",5,"HSS (VI-XII)",4,Graduate,3,"B.Ed. or equivalent",0,0,0,0,0,0,0,0,2,3,2,4,1,3,0,0,0,0,15,5,10
2019-20,33,Tamilnadu,3309,NAMAKKAL,330911,PALLIPALAYAM,1,"Department of Education",5,"HSS (VI-XII)",4,Graduate,3,"B.Ed. or equivalent",0,0,0,0,0,0,0,0,5,3,8,7,0,2,1,0,0,2,28,14,14
2019-20,33,Tamilnadu,3309,NAMAKKAL,330912,MALLASAMUDRAM,1,"Department of Education",5,"HSS (VI-XII)",4,Graduate,3,"B.Ed. or equivalent",0,0,0,0,0,0,0,0,1,1,0,2,1,1,0,0,0,0,6,2,4
2019-20,33,Tamilnadu,3309,NAMAKKAL,330913,ELACHIPALAYAM,1,"Department of Education",5,"HSS (VI-XII)",4,Graduate,3,"B.Ed. or equivalent",0,0,0,0,0,0,0,0,3,3,1,5,0,2,0,1,0,0,15,4,11
2019-20,33,Tamilnadu,3309,NAMAKKAL,330914,PARAMATHI,1,"Department of Education",5,"HSS (VI-XII)",4,Graduate,3,"B.Ed. or equivalent",0,0,0,0,0,0,0,0,0,1,0,1,0,2,0,1,0,0,5,0,5
2019-20,33,Tamilnadu,3309,NAMAKKAL,330915,KABILARMALAI,1,"Department of Education",5,"HSS (VI-XII)",4,Graduate,3,"B.Ed. or equivalent",0,0,0,0,0,0,0,0,2,5,3,3,3,6,4,0,1,1,28,13,15
2019-20,33,Tamilnadu,3309,NAMAKKAL,330901,NAMAKKAL,1,"Department of Education",7,"SS (VI-X)",4,Graduate,3,"B.Ed. or equivalent",0,0,0,0,0,0,0,0,1,1,1,1,0,1,0,0,0,0,5,2,3
2019-20,33,Tamilnadu,3309,NAMAKKAL,330902,KOLLIHILLS,1,"Department of Education",7,"SS (VI-X)",4,Graduate,3,"B.Ed. or equivalent",0,0,0,0,0,0,0,0,0,0,0,0,1,0,0,0,0,0,1,1,0
2019-20,33,Tamilnadu,3309,NAMAKKAL,330903,MOHANUR,1,"Department of Education",7,"SS (VI-X)",4,Graduate,3,"B.Ed. or equivalent",0,0,0,0,0,0,0,0,0,1,0,0,0,0,0,0,0,0,1,0,1
2019-20,33,Tamilnadu,3309,NAMAKKAL,330904,ERUMAPATTI,1,"Department of Education",7,"SS (VI-X)",4,Graduate,3,"B.Ed. or equivalent",0,0,0,0,0,0,0,0,1,0,2,0,1,0,0,0,0,0,4,4,0
2019-20,33,Tamilnadu,3309,NAMAKKAL,330906,PUDUCHATRAM,1,"Department of Education",7,"SS (VI-X)",4,Graduate,3,"B.Ed. or equivalent",0,0,0,0,0,0,0,0,0,0,1,0,0,0,0,0,0,0,1,1,0
2019-20,33,Tamilnadu,3309,NAMAKKAL,330907,RASIPURAM,1,"Department of Education",7,"SS (VI-X)",4,Graduate,3,"B.Ed. or equivalent",0,0,0,0,0,0,0,0,1,1,0,1,0,0,0,0,0,0,3,1,2
2019-20,33,Tamilnadu,3309,NAMAKKAL,330908,VENNANDUR,1,"Department of Education",7,"SS (VI-X)",4,Graduate,3,"B.Ed. or equivalent",0,0,0,0,0,0,0,0,1,0,0,0,0,0,0,0,0,0,1,1,0
2019-20,33,Tamilnadu,3309,NAMAKKAL,330909,NAMAGIRIPET,1,"Department of Education",7,"SS (VI-X)",4,Graduate,3,"B.Ed. or equivalent",0,0,0,0,0,0,0,0,1,0,2,0,1,0,0,0,0,0,4,4,0
2019-20,33,Tamilnadu,3309,NAMAKKAL,330910,TIRUCHENGODE,1,"Department of Education",7,"SS (VI-X)",4,Graduate,3,"B.Ed. or equivalent",0,0,0,0,0,0,0,0,1,0,0,1,0,0,0,0,0,0,2,1,1
2019-20,33,Tamilnadu,3309,NAMAKKAL,330911,PALLIPALAYAM,1,"Department of Education",7,"SS (VI-X)",4,Graduate,3,"B.Ed. or equivalent",0,0,0,0,0,0,0,0,0,1,1,2,0,2,0,0,0,0,6,1,5
2019-20,33,Tamilnadu,3309,NAMAKKAL,330913,ELACHIPALAYAM,1,"Department of Education",7,"SS (VI-X)",4,Graduate,3,"B.Ed. or equivalent",0,0,0,0,0,0,0,0,1,0,0,1,0,0,0,0,0,0,2,1,1
2019-20,33,Tamilnadu,3309,NAMAKKAL,330914,PARAMATHI,1,"Department of Education",7,"SS (VI-X)",4,Graduate,3,"B.Ed. or equivalent",0,0,0,0,0,0,0,0,1,0,1,0,0,0,0,0,0,0,2,2,0
2019-20,33,Tamilnadu,3309,NAMAKKAL,330904,ERUMAPATTI,1,"Department of Education",1,"PS (I-V)",4,Graduate,4,"M.Ed. or equivalent",0,0,0,0,0,2,0,0,0,0,0,0,0,0,0,0,0,0,2,0,2
2019-20,33,Tamilnadu,3309,NAMAKKAL,330912,MALLASAMUDRAM,1,"Department of Education",1,"PS (I-V)",4,Graduate,4,"M.Ed. or equivalent",0,0,0,0,0,1,0,0,0,0,0,0,0,0,0,0,0,0,1,0,1
2019-20,33,Tamilnadu,3309,NAMAKKAL,330913,ELACHIPALAYAM,1,"Department of Education",1,"PS (I-V)",4,Graduate,4,"M.Ed. or equivalent",0,0,0,0,0,1,0,0,0,0,0,0,0,0,0,0,0,0,1,0,1
2019-20,33,Tamilnadu,3309,NAMAKKAL,330908,VENNANDUR,1,"Department of Education",2,"UPS (I-VIII)",4,Graduate,4,"M.Ed. or equivalent",0,0,0,0,0,0,0,0,0,1,0,0,0,0,0,0,0,0,1,0,1
2019-20,33,Tamilnadu,3309,NAMAKKAL,330911,PALLIPALAYAM,1,"Department of Education",2,"UPS (I-VIII)",4,Graduate,4,"M.Ed. or equivalent",0,0,0,0,0,0,0,0,0,3,0,0,0,0,0,0,0,0,3,0,3
2019-20,33,Tamilnadu,3309,NAMAKKAL,330915,KABILARMALAI,1,"Department of Education",2,"UPS (I-VIII)",4,Graduate,4,"M.Ed. or equivalent",0,0,0,0,0,0,0,1,0,1,0,0,0,0,0,0,0,0,2,0,2
2019-20,33,Tamilnadu,3309,NAMAKKAL,330904,ERUMAPATTI,1,"Department of Education",5,"HSS (VI-XII)",4,Graduate,4,"M.Ed. or equivalent",0,0,0,0,0,0,0,0,0,1,0,0,0,0,0,0,0,0,1,0,1
2019-20,33,Tamilnadu,3309,NAMAKKAL,330905,SENDAMANGALAM,1,"Department of Education",5,"HSS (VI-XII)",4,Graduate,4,"M.Ed. or equivalent",0,0,0,0,0,0,0,0,0,0,1,0,0,0,0,0,0,0,1,1,0
2019-20,33,Tamilnadu,3309,NAMAKKAL,330907,RASIPURAM,1,"Department of Education",5,"HSS (VI-XII)",4,Graduate,4,"M.Ed. or equivalent",0,0,0,0,0,0,0,0,0,0,1,0,0,0,0,0,0,0,1,1,0
2019-20,33,Tamilnadu,3309,NAMAKKAL,330908,VENNANDUR,1,"Department of Education",5,"HSS (VI-XII)",4,Graduate,4,"M.Ed. or equivalent",0,0,0,0,0,0,0,0,0,0,1,2,0,0,0,0,0,0,3,1,2
2019-20,33,Tamilnadu,3309,NAMAKKAL,330909,NAMAGIRIPET,1,"Department of Education",5,"HSS (VI-XII)",4,Graduate,4,"M.Ed. or equivalent",0,0,0,0,0,0,0,0,0,0,1,1,0,0,0,0,0,0,2,1,1
2019-20,33,Tamilnadu,3309,NAMAKKAL,330910,TIRUCHENGODE,1,"Department of Education",5,"HSS (VI-XII)",4,Graduate,4,"M.Ed. or equivalent",0,0,0,0,0,0,0,0,0,0,0,1,0,0,0,0,0,0,1,0,1
2019-20,33,Tamilnadu,3309,NAMAKKAL,330911,PALLIPALAYAM,1,"Department of Education",5,"HSS (VI-XII)",4,Graduate,4,"M.Ed. or equivalent",0,0,0,0,0,0,0,0,1,0,0,1,0,0,0,0,0,0,2,1,1
2019-20,33,Tamilnadu,3309,NAMAKKAL,330915,KABILARMALAI,1,"Department of Education",5,"HSS (VI-XII)",4,Graduate,4,"M.Ed. or equivalent",0,0,0,0,0,0,0,0,1,0,0,1,1,0,1,0,0,0,4,3,1
2019-20,33,Tamilnadu,3309,NAMAKKAL,330909,NAMAGIRIPET,1,"Department of Education",7,"SS (VI-X)",4,Graduate,4,"M.Ed. or equivalent",0,0,0,0,0,0,0,0,0,1,0,0,0,0,0,0,0,0,1,0,1
2019-20,33,Tamilnadu,3309,NAMAKKAL,330912,MALLASAMUDRAM,1,"Department of Education",7,"SS (VI-X)",4,Graduate,4,"M.Ed. or equivalent",0,0,0,0,0,0,0,0,0,0,0,1,0,0,0,0,0,0,1,0,1
2019-20,33,Tamilnadu,3309,NAMAKKAL,330906,PUDUCHATRAM,1,"Department of Education",1,"PS (I-V)",4,Graduate,5,Others,0,0,0,0,0,1,0,0,0,0,0,0,0,0,0,0,0,0,1,0,1
2019-20,33,Tamilnadu,3309,NAMAKKAL,330911,PALLIPALAYAM,1,"Department of Education",1,"PS (I-V)",4,Graduate,5,Others,0,0,0,0,0,1,0,0,0,0,0,0,0,0,0,0,0,0,1,0,1
2019-20,33,Tamilnadu,3309,NAMAKKAL,330901,NAMAKKAL,1,"Department of Education",2,"UPS (I-VIII)",4,Graduate,5,Others,0,0,0,0,0,0,0,0,0,1,0,0,0,0,0,0,0,0,1,0,1
2019-20,33,Tamilnadu,3309,NAMAKKAL,330911,PALLIPALAYAM,1,"Department of Education",2,"UPS (I-VIII)",4,Graduate,5,Others,0,0,0,0,0,0,0,0,0,1,0,0,0,0,0,0,0,0,1,0,1
2019-20,33,Tamilnadu,3309,NAMAKKAL,330901,NAMAKKAL,1,"Department of Education",5,"HSS (VI-XII)",4,Graduate,5,Others,0,0,0,0,0,0,0,0,1,0,0,0,0,0,0,0,1,0,2,2,0
2019-20,33,Tamilnadu,3309,NAMAKKAL,330903,MOHANUR,1,"Department of Education",5,"HSS (VI-XII)",4,Graduate,5,Others,0,0,0,0,0,0,0,0,0,1,0,0,0,0,0,0,0,1,2,0,2
2019-20,33,Tamilnadu,3309,NAMAKKAL,330904,ERUMAPATTI,1,"Department of Education",5,"HSS (VI-XII)",4,Graduate,5,Others,0,0,0,0,0,0,0,0,0,1,0,0,0,0,1,0,0,0,2,1,1
2019-20,33,Tamilnadu,3309,NAMAKKAL,330905,SENDAMANGALAM,1,"Department of Education",5,"HSS (VI-XII)",4,Graduate,5,Others,0,0,0,0,0,0,0,0,1,1,0,0,0,1,0,0,2,0,5,3,2
2019-20,33,Tamilnadu,3309,NAMAKKAL,330906,PUDUCHATRAM,1,"Department of Education",5,"HSS (VI-XII)",4,Graduate,5,Others,0,0,0,0,0,0,0,0,0,1,0,0,0,1,0,0,0,0,2,0,2
2019-20,33,Tamilnadu,3309,NAMAKKAL,330907,RASIPURAM,1,"Department of Education",5,"HSS (VI-XII)",4,Graduate,5,Others,0,0,0,0,0,0,0,0,0,3,0,0,1,0,0,0,1,0,5,2,3
2019-20,33,Tamilnadu,3309,NAMAKKAL,330908,VENNANDUR,1,"Department of Education",5,"HSS (VI-XII)",4,Graduate,5,Others,0,0,0,0,0,0,0,0,0,2,0,0,0,0,0,0,2,0,4,2,2
2019-20,33,Tamilnadu,3309,NAMAKKAL,330909,NAMAGIRIPET,1,"Department of Education",5,"HSS (VI-XII)",4,Graduate,5,Others,0,0,0,0,0,0,0,0,2,3,0,0,0,0,0,0,0,0,5,2,3
2019-20,33,Tamilnadu,3309,NAMAKKAL,330910,TIRUCHENGODE,1,"Department of Education",5,"HSS (VI-XII)",4,Graduate,5,Others,0,0,0,0,0,0,0,0,0,1,0,0,0,0,0,0,0,0,1,0,1
2019-20,33,Tamilnadu,3309,NAMAKKAL,330911,PALLIPALAYAM,1,"Department of Education",5,"HSS (VI-XII)",4,Graduate,5,Others,0,0,0,0,0,0,0,0,2,1,0,1,0,0,1,1,0,0,6,3,3
2019-20,33,Tamilnadu,3309,NAMAKKAL,330912,MALLASAMUDRAM,1,"Department of Education",5,"HSS (VI-XII)",4,Graduate,5,Others,0,0,0,0,0,0,0,0,0,0,0,1,0,0,0,0,1,0,2,1,1
2019-20,33,Tamilnadu,3309,NAMAKKAL,330913,ELACHIPALAYAM,1,"Department of Education",5,"HSS (VI-XII)",4,Graduate,5,Others,0,0,0,0,0,0,0,0,1,1,0,1,0,0,0,0,0,0,3,1,2
2019-20,33,Tamilnadu,3309,NAMAKKAL,330915,KABILARMALAI,1,"Department of Education",5,"HSS (VI-XII)",4,Graduate,5,Others,0,0,0,0,0,0,0,0,1,2,0,0,0,0,0,0,1,0,4,2,2
2019-20,33,Tamilnadu,3309,NAMAKKAL,330904,ERUMAPATTI,1,"Department of Education",7,"SS (VI-X)",4,Graduate,5,Others,0,0,0,0,0,0,0,0,1,1,0,0,0,0,0,0,0,0,2,1,1
2019-20,33,Tamilnadu,3309,NAMAKKAL,330911,PALLIPALAYAM,1,"Department of Education",7,"SS (VI-X)",4,Graduate,5,Others,0,0,0,0,0,0,0,0,1,0,1,0,0,0,0,0,0,0,2,2,0
2019-20,33,Tamilnadu,3309,NAMAKKAL,330912,MALLASAMUDRAM,1,"Department of Education",7,"SS (VI-X)",4,Graduate,5,Others,0,0,0,0,0,0,0,0,0,0,1,0,0,0,0,0,0,0,1,1,0
2019-20,33,Tamilnadu,3309,NAMAKKAL,330914,PARAMATHI,1,"Department of Education",7,"SS (VI-X)",4,Graduate,5,Others,0,0,0,0,0,0,0,0,0,1,0,0,0,0,0,0,0,0,1,0,1
2019-20,33,Tamilnadu,3309,NAMAKKAL,330901,NAMAKKAL,1,"Department of Education",2,"UPS (I-VIII)",4,Graduate,6,None,0,0,0,0,0,0,0,0,0,1,0,0,0,0,0,0,0,0,1,0,1
2019-20,33,Tamilnadu,3309,NAMAKKAL,330908,VENNANDUR,1,"Department of Education",2,"UPS (I-VIII)",4,Graduate,6,None,0,0,0,0,0,0,0,0,1,0,0,0,0,0,0,0,0,0,1,1,0
2019-20,33,Tamilnadu,3309,NAMAKKAL,330902,KOLLIHILLS,1,"Department of Education",5,"HSS (VI-XII)",4,Graduate,6,None,0,0,0,0,0,0,0,0,1,0,0,0,0,0,0,0,0,0,1,1,0
2019-20,33,Tamilnadu,3309,NAMAKKAL,330903,MOHANUR,1,"Department of Education",5,"HSS (VI-XII)",4,Graduate,6,None,0,0,0,0,0,0,0,0,0,0,0,0,2,0,0,0,0,1,3,2,1
2019-20,33,Tamilnadu,3309,NAMAKKAL,330905,SENDAMANGALAM,1,"Department of Education",5,"HSS (VI-XII)",4,Graduate,6,None,0,0,0,0,0,0,0,0,3,0,0,0,0,0,0,0,0,0,3,3,0
2019-20,33,Tamilnadu,3309,NAMAKKAL,330907,RASIPURAM,1,"Department of Education",5,"HSS (VI-XII)",4,Graduate,6,None,0,0,0,0,0,0,0,0,0,1,0,0,1,0,0,0,1,0,3,2,1
2019-20,33,Tamilnadu,3309,NAMAKKAL,330908,VENNANDUR,1,"Department of Education",5,"HSS (VI-XII)",4,Graduate,6,None,0,0,0,0,0,0,0,0,0,0,0,0,0,0,1,0,0,0,1,1,0
2019-20,33,Tamilnadu,3309,NAMAKKAL,330909,NAMAGIRIPET,1,"Department of Education",5,"HSS (VI-XII)",4,Graduate,6,None,0,0,0,0,0,0,0,0,2,1,0,0,0,0,0,0,2,0,5,4,1
2019-20,33,Tamilnadu,3309,NAMAKKAL,330910,TIRUCHENGODE,1,"Department of Education",5,"HSS (VI-XII)",4,Graduate,6,None,0,0,0,0,0,0,0,0,1,5,0,0,0,0,1,1,0,1,9,2,7
2019-20,33,Tamilnadu,3309,NAMAKKAL,330911,PALLIPALAYAM,1,"Department of Education",5,"HSS (VI-XII)",4,Graduate,6,None,0,0,0,0,0,0,0,0,2,0,0,0,1,0,0,0,0,0,3,3,0
2019-20,33,Tamilnadu,3309,NAMAKKAL,330912,MALLASAMUDRAM,1,"Department of Education",5,"HSS (VI-XII)",4,Graduate,6,None,0,0,0,0,0,0,0,0,1,1,0,0,0,1,0,1,0,0,4,1,3
2019-20,33,Tamilnadu,3309,NAMAKKAL,330913,ELACHIPALAYAM,1,"Department of Education",5,"HSS (VI-XII)",4,Graduate,6,None,0,0,0,0,0,0,0,0,1,0,0,0,0,0,0,0,0,0,1,1,0
2019-20,33,Tamilnadu,3309,NAMAKKAL,330914,PARAMATHI,1,"Department of Education",5,"HSS (VI-XII)",4,Graduate,6,None,0,0,0,0,0,0,0,0,2,0,0,0,0,0,0,0,0,0,2,2,0
2019-20,33,Tamilnadu,3309,NAMAKKAL,330915,KABILARMALAI,1,"Department of Education",5,"HSS (VI-XII)",4,Graduate,6,None,0,0,0,0,0,0,0,0,0,2,1,0,0,0,2,0,0,0,5,3,2
2019-20,33,Tamilnadu,3309,NAMAKKAL,330901,NAMAKKAL,1,"Department of Education",7,"SS (VI-X)",4,Graduate,6,None,0,0,0,0,0,0,0,0,0,0,0,0,1,0,0,0,0,0,1,1,0
2019-20,33,Tamilnadu,3309,NAMAKKAL,330904,ERUMAPATTI,1,"Department of Education",7,"SS (VI-X)",4,Graduate,6,None,0,0,0,0,0,0,0,0,0,2,0,0,0,0,0,0,0,0,2,0,2
2019-20,33,Tamilnadu,3309,NAMAKKAL,330907,RASIPURAM,1,"Department of Education",7,"SS (VI-X)",4,Graduate,6,None,0,0,0,0,0,0,0,0,0,0,0,1,0,0,0,0,0,0,1,0,1
2019-20,33,Tamilnadu,3309,NAMAKKAL,330911,PALLIPALAYAM,1,"Department of Education",7,"SS (VI-X)",4,Graduate,6,None,0,0,0,0,0,0,0,0,0,1,0,0,0,0,0,0,0,0,1,0,1
2019-20,33,Tamilnadu,3309,NAMAKKAL,330912,MALLASAMUDRAM,1,"Department of Education",7,"SS (VI-X)",4,Graduate,6,None,0,0,0,0,0,0,0,0,0,0,1,0,0,0,0,0,0,0,1,1,0
2019-20,33,Tamilnadu,3309,NAMAKKAL,330911,PALLIPALAYAM,24,"Private Unaided (Recognized)",1,"PS (I-V)",4,Graduate,4,"M.Ed. or equivalent",0,0,0,0,0,1,0,0,0,0,0,0,0,0,0,0,0,0,1,0,1
2019-20,33,Tamilnadu,3309,NAMAKKAL,330901,NAMAKKAL,1,"Department of Education",1,"PS (I-V)",5,"Post graduate",1,"Diploma or certificate in basic teachers training of a duration not less than two years",0,0,0,0,4,19,0,0,0,0,0,0,0,0,0,0,0,0,23,4,19
2019-20,33,Tamilnadu,3309,NAMAKKAL,330902,KOLLIHILLS,1,"Department of Education",1,"PS (I-V)",5,"Post graduate",1,"Diploma or certificate in basic teachers training of a duration not less than two years",0,0,0,0,3,1,0,0,0,0,0,0,0,0,0,0,0,0,4,3,1
2019-20,33,Tamilnadu,3309,NAMAKKAL,330903,MOHANUR,1,"Department of Education",1,"PS (I-V)",5,"Post graduate",1,"Diploma or certificate in basic teachers training of a duration not less than two years",0,0,0,0,10,9,0,0,0,0,0,0,0,0,0,0,0,0,19,10,9
2019-20,33,Tamilnadu,3309,NAMAKKAL,330904,ERUMAPATTI,1,"Department of Education",1,"PS (I-V)",5,"Post graduate",1,"Diploma or certificate in basic teachers training of a duration not less than two years",0,0,0,0,10,11,0,0,0,0,0,0,0,0,0,0,0,0,21,10,11
2019-20,33,Tamilnadu,3309,NAMAKKAL,330905,SENDAMANGALAM,1,"Department of Education",1,"PS (I-V)",5,"Post graduate",1,"Diploma or certificate in basic teachers training of a duration not less than two years",0,0,0,0,3,11,0,0,0,0,0,0,0,0,0,0,0,0,14,3,11
2019-20,33,Tamilnadu,3309,NAMAKKAL,330906,PUDUCHATRAM,1,"Department of Education",1,"PS (I-V)",5,"Post graduate",1,"Diploma or certificate in basic teachers training of a duration not less than two years",0,0,0,0,2,5,0,0,0,0,0,0,0,0,0,0,0,0,7,2,5
2019-20,33,Tamilnadu,3309,NAMAKKAL,330907,RASIPURAM,1,"Department of Education",1,"PS (I-V)",5,"Post graduate",1,"Diploma or certificate in basic teachers training of a duration not less than two years",0,0,0,0,2,21,0,0,0,0,0,0,0,0,0,0,0,0,23,2,21
2019-20,33,Tamilnadu,3309,NAMAKKAL,330908,VENNANDUR,1,"Department of Education",1,"PS (I-V)",5,"Post graduate",1,"Diploma or certificate in basic teachers training of a duration not less than two years",0,0,0,0,5,25,0,0,0,0,0,0,0,0,0,0,0,0,30,5,25
2019-20,33,Tamilnadu,3309,NAMAKKAL,330909,NAMAGIRIPET,1,"Department of Education",1,"PS (I-V)",5,"Post graduate",1,"Diploma or certificate in basic teachers training of a duration not less than two years",0,0,0,0,5,17,0,0,0,0,0,0,0,0,0,0,0,0,22,5,17
2019-20,33,Tamilnadu,3309,NAMAKKAL,330910,TIRUCHENGODE,1,"Department of Education",1,"PS (I-V)",5,"Post graduate",1,"Diploma or certificate in basic teachers training of a duration not less than two years",0,0,0,0,9,20,0,0,0,0,0,0,0,0,0,0,0,0,29,9,20
2019-20,33,Tamilnadu,3309,NAMAKKAL,330911,PALLIPALAYAM,1,"Department of Education",1,"PS (I-V)",5,"Post graduate",1,"Diploma or certificate in basic teachers training of a duration not less than two years",0,0,0,0,15,30,0,0,0,0,0,0,0,0,0,0,0,0,45,15,30
2019-20,33,Tamilnadu,3309,NAMAKKAL,330912,MALLASAMUDRAM,1,"Department of Education",1,"PS (I-V)",5,"Post graduate",1,"Diploma or certificate in basic teachers training of a duration not less than two years",0,0,0,0,3,2,0,0,0,0,0,0,0,0,0,0,0,0,5,3,2
2019-20,33,Tamilnadu,3309,NAMAKKAL,330913,ELACHIPALAYAM,1,"Department of Education",1,"PS (I-V)",5,"Post graduate",1,"Diploma or certificate in basic teachers training of a duration not less than two years",0,0,0,0,2,7,0,0,0,0,0,0,0,0,0,0,0,0,9,2,7
2019-20,33,Tamilnadu,3309,NAMAKKAL,330914,PARAMATHI,1,"Department of Education",1,"PS (I-V)",5,"Post graduate",1,"Diploma or certificate in basic teachers training of a duration not less than two years",0,0,0,0,8,19,0,0,0,0,0,0,0,0,0,0,0,0,27,8,19
2019-20,33,Tamilnadu,3309,NAMAKKAL,330915,KABILARMALAI,1,"Department of Education",1,"PS (I-V)",5,"Post graduate",1,"Diploma or certificate in basic teachers training of a duration not less than two years",0,0,0,0,4,18,0,0,0,0,0,0,0,0,0,0,0,0,22,4,18
2019-20,33,Tamilnadu,3309,NAMAKKAL,330901,NAMAKKAL,1,"Department of Education",2,"UPS (I-VIII)",5,"Post graduate",1,"Diploma or certificate in basic teachers training of a duration not less than two years",0,0,0,0,0,9,0,0,0,0,0,0,0,0,0,0,0,0,9,0,9
2019-20,33,Tamilnadu,3309,NAMAKKAL,330902,KOLLIHILLS,1,"Department of Education",2,"UPS (I-VIII)",5,"Post graduate",1,"Diploma or certificate in basic teachers training of a duration not less than two years",0,0,0,0,3,2,0,0,0,0,0,0,0,0,0,0,0,0,5,3,2
2019-20,33,Tamilnadu,3309,NAMAKKAL,330903,MOHANUR,1,"Department of Education",2,"UPS (I-VIII)",5,"Post graduate",1,"Diploma or certificate in basic teachers training of a duration not less than two years",0,0,0,0,2,2,0,0,0,0,0,0,0,0,0,0,0,0,4,2,2
2019-20,33,Tamilnadu,3309,NAMAKKAL,330904,ERUMAPATTI,1,"Department of Education",2,"UPS (I-VIII)",5,"Post graduate",1,"Diploma or certificate in basic teachers training of a duration not less than two years",0,0,0,0,1,2,0,0,0,0,0,0,0,0,0,0,0,0,3,1,2
2019-20,33,Tamilnadu,3309,NAMAKKAL,330905,SENDAMANGALAM,1,"Department of Education",2,"UPS (I-VIII)",5,"Post graduate",1,"Diploma or certificate in basic teachers training of a duration not less than two years",0,0,0,0,0,6,0,0,0,0,0,0,0,0,0,0,0,0,6,0,6
2019-20,33,Tamilnadu,3309,NAMAKKAL,330906,PUDUCHATRAM,1,"Department of Education",2,"UPS (I-VIII)",5,"Post graduate",1,"Diploma or certificate in basic teachers training of a duration not less than two years",0,0,0,0,0,2,0,0,0,0,0,0,0,0,0,0,0,0,2,0,2
2019-20,33,Tamilnadu,3309,NAMAKKAL,330907,RASIPURAM,1,"Department of Education",2,"UPS (I-VIII)",5,"Post graduate",1,"Diploma or certificate in basic teachers training of a duration not less than two years",0,0,0,0,0,6,0,0,0,0,0,0,0,0,0,0,0,0,6,0,6
2019-20,33,Tamilnadu,3309,NAMAKKAL,330908,VENNANDUR,1,"Department of Education",2,"UPS (I-VIII)",5,"Post graduate",1,"Diploma or certificate in basic teachers training of a duration not less than two years",0,0,0,0,2,2,0,0,0,0,0,0,0,0,0,0,0,0,4,2,2
2019-20,33,Tamilnadu,3309,NAMAKKAL,330909,NAMAGIRIPET,1,"Department of Education",2,"UPS (I-VIII)",5,"Post graduate",1,"Diploma or certificate in basic teachers training of a duration not less than two years",0,0,0,0,5,7,0,0,0,0,0,0,0,0,0,0,0,0,12,5,7
2019-20,33,Tamilnadu,3309,NAMAKKAL,330910,TIRUCHENGODE,1,"Department of Education",2,"UPS (I-VIII)",5,"Post graduate",1,"Diploma or certificate in basic teachers training of a duration not less than two years",0,0,0,0,3,4,0,0,0,0,0,0,0,0,0,0,0,0,7,3,4
2019-20,33,Tamilnadu,3309,NAMAKKAL,330911,PALLIPALAYAM,1,"Department of Education",2,"UPS (I-VIII)",5,"Post graduate",1,"Diploma or certificate in basic teachers training of a duration not less than two years",0,0,0,0,1,10,0,0,0,0,0,0,0,0,0,0,0,0,11,1,10
2019-20,33,Tamilnadu,3309,NAMAKKAL,330912,MALLASAMUDRAM,1,"Department of Education",2,"UPS (I-VIII)",5,"Post graduate",1,"Diploma or certificate in basic teachers training of a duration not less than two years",0,0,0,0,3,1,0,0,0,0,0,0,0,0,0,0,0,0,4,3,1
2019-20,33,Tamilnadu,3309,NAMAKKAL,330913,ELACHIPALAYAM,1,"Department of Education",2,"UPS (I-VIII)",5,"Post graduate",1,"Diploma or certificate in basic teachers training of a duration not less than two years",0,0,0,0,2,1,0,0,0,0,0,0,0,0,0,0,0,0,3,2,1
2019-20,33,Tamilnadu,3309,NAMAKKAL,330914,PARAMATHI,1,"Department of Education",2,"UPS (I-VIII)",5,"Post graduate",1,"Diploma or certificate in basic teachers training of a duration not less than two years",0,0,0,0,3,2,0,0,0,0,0,0,0,0,0,0,0,0,5,3,2
2019-20,33,Tamilnadu,3309,NAMAKKAL,330915,KABILARMALAI,1,"Department of Education",2,"UPS (I-VIII)",5,"Post graduate",1,"Diploma or certificate in basic teachers training of a duration not less than two years",0,0,0,0,1,4,0,0,0,0,0,0,0,0,0,0,0,0,5,1,4
2019-20,33,Tamilnadu,3309,NAMAKKAL,330907,RASIPURAM,1,"Department of Education",5,"HSS (VI-XII)",5,"Post graduate",1,"Diploma or certificate in basic teachers training of a duration not less than two years",0,0,0,0,0,0,0,0,0,0,0,0,0,0,0,0,0,1,1,0,1
2019-20,33,Tamilnadu,3309,NAMAKKAL,330901,NAMAKKAL,1,"Department of Education",5,"HSS (VI-XII)",5,"Post graduate",3,"B.Ed. or equivalent",0,0,0,0,0,0,0,0,1,2,5,16,0,8,1,8,4,6,51,11,40
2019-20,33,Tamilnadu,3309,NAMAKKAL,330902,KOLLIHILLS,1,"Department of Education",5,"HSS (VI-XII)",5,"Post graduate",3,"B.Ed. or equivalent",0,0,0,0,0,0,0,0,1,0,2,2,2,3,2,3,4,1,20,11,9
2019-20,33,Tamilnadu,3309,NAMAKKAL,330903,MOHANUR,1,"Department of Education",5,"HSS (VI-XII)",5,"Post graduate",3,"B.Ed. or equivalent",0,0,0,0,0,0,0,0,2,13,5,22,2,1,1,2,9,9,66,19,47
2019-20,33,Tamilnadu,3309,NAMAKKAL,330904,ERUMAPATTI,1,"Department of Education",5,"HSS (VI-XII)",5,"Post graduate",3,"B.Ed. or equivalent",0,0,0,0,0,0,0,0,4,8,5,17,9,12,7,9,11,7,89,36,53
2019-20,33,Tamilnadu,3309,NAMAKKAL,330905,SENDAMANGALAM,1,"Department of Education",5,"HSS (VI-XII)",5,"Post graduate",3,"B.Ed. or equivalent",0,0,0,0,0,0,0,0,2,7,10,22,4,4,0,3,4,7,63,20,43
2019-20,33,Tamilnadu,3309,NAMAKKAL,330906,PUDUCHATRAM,1,"Department of Education",5,"HSS (VI-XII)",5,"Post graduate",3,"B.Ed. or equivalent",0,0,0,0,0,0,0,0,3,10,8,25,1,2,3,1,4,7,64,19,45
2019-20,33,Tamilnadu,3309,NAMAKKAL,330907,RASIPURAM,1,"Department of Education",5,"HSS (VI-XII)",5,"Post graduate",3,"B.Ed. or equivalent",0,0,0,0,0,0,0,0,1,5,11,19,2,1,0,1,4,5,49,18,31
2019-20,33,Tamilnadu,3309,NAMAKKAL,330908,VENNANDUR,1,"Department of Education",5,"HSS (VI-XII)",5,"Post graduate",3,"B.Ed. or equivalent",0,0,0,0,0,0,0,0,4,7,12,33,4,2,1,4,8,8,83,29,54
2019-20,33,Tamilnadu,3309,NAMAKKAL,330909,NAMAGIRIPET,1,"Department of Education",5,"HSS (VI-XII)",5,"Post graduate",3,"B.Ed. or equivalent",0,0,0,0,0,0,0,0,2,5,8,21,7,5,6,6,6,8,74,29,45
2019-20,33,Tamilnadu,3309,NAMAKKAL,330910,TIRUCHENGODE,1,"Department of Education",5,"HSS (VI-XII)",5,"Post graduate",3,"B.Ed. or equivalent",0,0,0,0,0,0,0,0,3,15,12,34,5,14,3,3,12,15,116,35,81
2019-20,33,Tamilnadu,3309,NAMAKKAL,330911,PALLIPALAYAM,1,"Department of Education",5,"HSS (VI-XII)",5,"Post graduate",3,"B.Ed. or equivalent",0,0,0,0,0,0,0,0,4,18,25,62,8,13,3,7,17,16,173,57,116
2019-20,33,Tamilnadu,3309,NAMAKKAL,330912,MALLASAMUDRAM,1,"Department of Education",5,"HSS (VI-XII)",5,"Post graduate",3,"B.Ed. or equivalent",0,0,0,0,0,0,0,0,1,10,15,22,1,3,5,5,8,6,76,30,46
2019-20,33,Tamilnadu,3309,NAMAKKAL,330913,ELACHIPALAYAM,1,"Department of Education",5,"HSS (VI-XII)",5,"Post graduate",3,"B.Ed. or equivalent",0,0,0,0,0,0,0,0,2,4,15,26,1,2,7,7,6,9,79,31,48
2019-20,33,Tamilnadu,3309,NAMAKKAL,330914,PARAMATHI,1,"Department of Education",5,"HSS (VI-XII)",5,"Post graduate",3,"B.Ed. or equivalent",0,0,0,0,0,0,0,0,0,4,5,16,0,2,4,3,1,7,42,10,32
2019-20,33,Tamilnadu,3309,NAMAKKAL,330915,KABILARMALAI,1,"Department of Education",5,"HSS (VI-XII)",5,"Post graduate",3,"B.Ed. or equivalent",0,0,0,0,0,0,0,0,4,5,5,20,0,10,5,2,12,11,74,26,48
2019-20,33,Tamilnadu,3309,NAMAKKAL,330901,NAMAKKAL,1,"Department of Education",1,"PS (I-V)",5,"Post graduate",3,"B.Ed. or equivalent",0,0,0,0,13,46,0,0,0,0,0,0,0,0,0,0,0,0,59,13,46
2019-20,33,Tamilnadu,3309,NAMAKKAL,330902,KOLLIHILLS,1,"Department of Education",1,"PS (I-V)",5,"Post graduate",3,"B.Ed. or equivalent",0,0,0,0,21,13,0,0,0,0,0,0,0,0,0,0,0,0,34,21,13
2019-20,33,Tamilnadu,3309,NAMAKKAL,330903,MOHANUR,1,"Department of Education",1,"PS (I-V)",5,"Post graduate",3,"B.Ed. or equivalent",0,0,0,0,15,41,0,0,0,0,0,0,0,0,0,0,0,0,56,15,41
2019-20,33,Tamilnadu,3309,NAMAKKAL,330904,ERUMAPATTI,1,"Department of Education",1,"PS (I-V)",5,"Post graduate",3,"B.Ed. or equivalent",0,0,0,0,11,40,0,0,0,0,0,0,0,0,0,0,0,0,51,11,40
2019-20,33,Tamilnadu,3309,NAMAKKAL,330905,SENDAMANGALAM,1,"Department of Education",1,"PS (I-V)",5,"Post graduate",3,"B.Ed. or equivalent",0,0,0,0,6,18,0,0,0,0,0,0,0,0,0,0,0,0,24,6,18
2019-20,33,Tamilnadu,3309,NAMAKKAL,330906,PUDUCHATRAM,1,"Department of Education",1,"PS (I-V)",5,"Post graduate",3,"B.Ed. or equivalent",0,0,0,0,23,56,0,0,0,0,0,0,0,0,0,0,0,0,79,23,56
2019-20,33,Tamilnadu,3309,NAMAKKAL,330907,RASIPURAM,1,"Department of Education",1,"PS (I-V)",5,"Post graduate",3,"B.Ed. or equivalent",0,0,0,0,1,10,0,0,0,0,0,0,0,0,0,0,0,0,11,1,10
2019-20,33,Tamilnadu,3309,NAMAKKAL,330908,VENNANDUR,1,"Department of Education",1,"PS (I-V)",5,"Post graduate",3,"B.Ed. or equivalent",0,0,0,0,11,35,0,0,0,0,0,0,0,0,0,0,0,0,46,11,35
2019-20,33,Tamilnadu,3309,NAMAKKAL,330909,NAMAGIRIPET,1,"Department of Education",1,"PS (I-V)",5,"Post graduate",3,"B.Ed. or equivalent",0,0,0,0,15,36,0,0,0,0,0,0,0,0,0,0,0,0,51,15,36
2019-20,33,Tamilnadu,3309,NAMAKKAL,330910,TIRUCHENGODE,1,"Department of Education",1,"PS (I-V)",5,"Post graduate",3,"B.Ed. or equivalent",0,0,0,0,14,47,0,0,0,0,0,0,0,0,0,0,0,0,61,14,47
2019-20,33,Tamilnadu,3309,NAMAKKAL,330911,PALLIPALAYAM,1,"Department of Education",1,"PS (I-V)",5,"Post graduate",3,"B.Ed. or equivalent",0,0,0,0,15,60,0,0,0,0,0,0,0,0,0,0,0,0,75,15,60
2019-20,33,Tamilnadu,3309,NAMAKKAL,330912,MALLASAMUDRAM,1,"Department of Education",1,"PS (I-V)",5,"Post graduate",3,"B.Ed. or equivalent",0,0,0,0,14,49,0,0,0,0,0,0,0,0,0,0,0,0,63,14,49
2019-20,33,Tamilnadu,3309,NAMAKKAL,330913,ELACHIPALAYAM,1,"Department of Education",1,"PS (I-V)",5,"Post graduate",3,"B.Ed. or equivalent",0,0,0,0,37,51,0,0,0,0,0,0,0,0,0,0,0,0,88,37,51
2019-20,33,Tamilnadu,3309,NAMAKKAL,330914,PARAMATHI,1,"Department of Education",1,"PS (I-V)",5,"Post graduate",3,"B.Ed. or equivalent",0,0,0,0,6,39,0,0,0,0,0,0,0,0,0,0,0,0,45,6,39
2019-20,33,Tamilnadu,3309,NAMAKKAL,330915,KABILARMALAI,1,"Department of Education",1,"PS (I-V)",5,"Post graduate",3,"B.Ed. or equivalent",0,0,0,0,9,38,0,0,0,0,0,0,0,0,0,0,0,0,47,9,38
2019-20,33,Tamilnadu,3309,NAMAKKAL,330901,NAMAKKAL,1,"Department of Education",2,"UPS (I-VIII)",5,"Post graduate",3,"B.Ed. or equivalent",0,0,0,0,0,13,0,4,5,16,0,0,0,0,0,0,0,0,38,5,33
2019-20,33,Tamilnadu,3309,NAMAKKAL,330902,KOLLIHILLS,1,"Department of Education",2,"UPS (I-VIII)",5,"Post graduate",3,"B.Ed. or equivalent",0,0,0,0,3,0,4,1,24,8,0,0,0,0,0,0,0,0,40,31,9
2019-20,33,Tamilnadu,3309,NAMAKKAL,330903,MOHANUR,1,"Department of Education",2,"UPS (I-VIII)",5,"Post graduate",3,"B.Ed. or equivalent",0,0,0,0,0,9,4,6,4,11,0,0,0,0,0,0,0,0,34,8,26
2019-20,33,Tamilnadu,3309,NAMAKKAL,330904,ERUMAPATTI,1,"Department of Education",2,"UPS (I-VIII)",5,"Post graduate",3,"B.Ed. or equivalent",0,0,0,0,7,14,0,6,6,15,0,0,0,0,0,0,0,0,48,13,35
2019-20,33,Tamilnadu,3309,NAMAKKAL,330905,SENDAMANGALAM,1,"Department of Education",2,"UPS (I-VIII)",5,"Post graduate",3,"B.Ed. or equivalent",0,0,0,0,1,11,2,0,7,15,0,0,0,0,0,0,0,0,36,10,26
2019-20,33,Tamilnadu,3309,NAMAKKAL,330906,PUDUCHATRAM,1,"Department of Education",2,"UPS (I-VIII)",5,"Post graduate",3,"B.Ed. or equivalent",0,0,0,0,4,6,4,1,6,11,0,0,0,0,0,0,0,0,32,14,18
2019-20,33,Tamilnadu,3309,NAMAKKAL,330907,RASIPURAM,1,"Department of Education",2,"UPS (I-VIII)",5,"Post graduate",3,"B.Ed. or equivalent",0,0,0,0,1,3,0,0,6,20,0,0,0,0,0,0,0,0,30,7,23
2019-20,33,Tamilnadu,3309,NAMAKKAL,330908,VENNANDUR,1,"Department of Education",2,"UPS (I-VIII)",5,"Post graduate",3,"B.Ed. or equivalent",0,0,0,0,4,4,0,0,10,10,0,0,0,0,0,0,0,0,28,14,14
2019-20,33,Tamilnadu,3309,NAMAKKAL,330909,NAMAGIRIPET,1,"Department of Education",2,"UPS (I-VIII)",5,"Post graduate",3,"B.Ed. or equivalent",0,0,0,0,12,12,0,1,19,27,0,0,0,0,0,0,0,0,71,31,40
2019-20,33,Tamilnadu,3309,NAMAKKAL,330910,TIRUCHENGODE,1,"Department of Education",2,"UPS (I-VIII)",5,"Post graduate",3,"B.Ed. or equivalent",0,0,0,0,1,6,1,1,6,12,0,0,0,0,0,0,0,0,27,8,19
2019-20,33,Tamilnadu,3309,NAMAKKAL,330911,PALLIPALAYAM,1,"Department of Education",2,"UPS (I-VIII)",5,"Post graduate",3,"B.Ed. or equivalent",0,0,0,0,4,15,0,2,8,20,0,0,0,0,0,0,0,0,49,12,37
2019-20,33,Tamilnadu,3309,NAMAKKAL,330912,MALLASAMUDRAM,1,"Department of Education",2,"UPS (I-VIII)",5,"Post graduate",3,"B.Ed. or equivalent",0,0,0,0,1,6,0,1,6,11,0,0,0,0,0,0,0,0,25,7,18
2019-20,33,Tamilnadu,3309,NAMAKKAL,330913,ELACHIPALAYAM,1,"Department of Education",2,"UPS (I-VIII)",5,"Post graduate",3,"B.Ed. or equivalent",0,0,0,0,3,0,0,0,4,5,0,0,0,0,0,0,0,0,12,7,5
2019-20,33,Tamilnadu,3309,NAMAKKAL,330914,PARAMATHI,1,"Department of Education",2,"UPS (I-VIII)",5,"Post graduate",3,"B.Ed. or equivalent",0,0,0,0,1,12,4,9,6,7,0,0,0,0,0,0,0,0,39,11,28
2019-20,33,Tamilnadu,3309,NAMAKKAL,330915,KABILARMALAI,1,"Department of Education",2,"UPS (I-VIII)",5,"Post graduate",3,"B.Ed. or equivalent",0,0,0,0,13,14,2,6,15,11,0,0,0,0,0,0,0,0,61,30,31
2019-20,33,Tamilnadu,3309,NAMAKKAL,330903,MOHANUR,1,"Department of Education",3,"HSS (I-XII)",5,"Post graduate",3,"B.Ed. or equivalent",0,0,0,0,0,0,0,0,0,1,5,7,0,1,0,0,3,0,17,8,9
2019-20,33,Tamilnadu,3309,NAMAKKAL,330901,NAMAKKAL,1,"Department of Education",7,"SS (VI-X)",5,"Post graduate",3,"B.Ed. or equivalent",0,0,0,0,0,0,0,0,1,11,4,22,2,1,0,0,0,0,41,7,34
2019-20,33,Tamilnadu,3309,NAMAKKAL,330902,KOLLIHILLS,1,"Department of Education",7,"SS (VI-X)",5,"Post graduate",3,"B.Ed. or equivalent",0,0,0,0,0,0,0,0,0,0,7,7,1,1,0,0,0,0,16,8,8
2019-20,33,Tamilnadu,3309,NAMAKKAL,330903,MOHANUR,1,"Department of Education",7,"SS (VI-X)",5,"Post graduate",3,"B.Ed. or equivalent",0,0,0,0,0,0,0,0,0,3,4,11,1,0,0,0,0,0,19,5,14
2019-20,33,Tamilnadu,3309,NAMAKKAL,330904,ERUMAPATTI,1,"Department of Education",7,"SS (VI-X)",5,"Post graduate",3,"B.Ed. or equivalent",0,0,0,0,0,0,0,0,0,3,8,14,0,0,0,0,0,0,25,8,17
2019-20,33,Tamilnadu,3309,NAMAKKAL,330905,SENDAMANGALAM,1,"Department of Education",7,"SS (VI-X)",5,"Post graduate",3,"B.Ed. or equivalent",0,0,0,0,0,0,0,0,0,3,2,5,1,0,0,0,0,0,11,3,8
2019-20,33,Tamilnadu,3309,NAMAKKAL,330906,PUDUCHATRAM,1,"Department of Education",7,"SS (VI-X)",5,"Post graduate",3,"B.Ed. or equivalent",0,0,0,0,0,0,0,0,0,0,0,4,0,1,0,0,0,0,5,0,5
2019-20,33,Tamilnadu,3309,NAMAKKAL,330907,RASIPURAM,1,"Department of Education",7,"SS (VI-X)",5,"Post graduate",3,"B.Ed. or equivalent",0,0,0,0,0,0,0,0,0,2,3,2,2,1,0,0,0,0,10,5,5
2019-20,33,Tamilnadu,3309,NAMAKKAL,330908,VENNANDUR,1,"Department of Education",7,"SS (VI-X)",5,"Post graduate",3,"B.Ed. or equivalent",0,0,0,0,0,0,0,0,0,4,4,10,3,3,0,0,0,0,24,7,17
2019-20,33,Tamilnadu,3309,NAMAKKAL,330909,NAMAGIRIPET,1,"Department of Education",7,"SS (VI-X)",5,"Post graduate",3,"B.Ed. or equivalent",0,0,0,0,0,0,0,0,0,2,7,13,1,0,0,0,0,0,23,8,15
2019-20,33,Tamilnadu,3309,NAMAKKAL,330910,TIRUCHENGODE,1,"Department of Education",7,"SS (VI-X)",5,"Post graduate",3,"B.Ed. or equivalent",0,0,0,0,0,0,0,0,3,2,6,17,0,2,0,0,0,0,30,9,21
2019-20,33,Tamilnadu,3309,NAMAKKAL,330911,PALLIPALAYAM,1,"Department of Education",7,"SS (VI-X)",5,"Post graduate",3,"B.Ed. or equivalent",0,0,0,0,0,0,0,0,0,2,13,39,1,5,0,0,0,0,60,14,46
2019-20,33,Tamilnadu,3309,NAMAKKAL,330912,MALLASAMUDRAM,1,"Department of Education",7,"SS (VI-X)",5,"Post graduate",3,"B.Ed. or equivalent",0,0,0,0,0,0,0,0,0,2,6,4,0,0,0,0,0,0,12,6,6
2019-20,33,Tamilnadu,3309,NAMAKKAL,330913,ELACHIPALAYAM,1,"Department of Education",7,"SS (VI-X)",5,"Post graduate",3,"B.Ed. or equivalent",0,0,0,0,0,0,0,0,0,3,4,8,0,1,0,0,0,0,16,4,12
2019-20,33,Tamilnadu,3309,NAMAKKAL,330914,PARAMATHI,1,"Department of Education",7,"SS (VI-X)",5,"Post graduate",3,"B.Ed. or equivalent",0,0,0,0,0,0,0,0,1,1,6,13,1,4,0,0,0,0,26,8,18
2019-20,33,Tamilnadu,3309,NAMAKKAL,330915,KABILARMALAI,1,"Department of Education",7,"SS (VI-X)",5,"Post graduate",3,"B.Ed. or equivalent",0,0,0,0,0,0,0,0,1,1,2,4,0,0,0,0,0,0,8,3,5
2019-20,33,Tamilnadu,3309,NAMAKKAL,330901,NAMAKKAL,1,"Department of Education",1,"PS (I-V)",5,"Post graduate",4,"M.Ed. or equivalent",0,0,0,0,0,1,0,0,0,0,0,0,0,0,0,0,0,0,1,0,1
2019-20,33,Tamilnadu,3309,NAMAKKAL,330903,MOHANUR,1,"Department of Education",1,"PS (I-V)",5,"Post graduate",4,"M.Ed. or equivalent",0,0,0,0,1,2,0,0,0,0,0,0,0,0,0,0,0,0,3,1,2
2019-20,33,Tamilnadu,3309,NAMAKKAL,330905,SENDAMANGALAM,1,"Department of Education",1,"PS (I-V)",5,"Post graduate",4,"M.Ed. or equivalent",0,0,0,0,0,2,0,0,0,0,0,0,0,0,0,0,0,0,2,0,2
2019-20,33,Tamilnadu,3309,NAMAKKAL,330906,PUDUCHATRAM,1,"Department of Education",1,"PS (I-V)",5,"Post graduate",4,"M.Ed. or equivalent",0,0,0,0,1,0,0,0,0,0,0,0,0,0,0,0,0,0,1,1,0
2019-20,33,Tamilnadu,3309,NAMAKKAL,330907,RASIPURAM,1,"Department of Education",1,"PS (I-V)",5,"Post graduate",4,"M.Ed. or equivalent",0,0,0,0,0,1,0,0,0,0,0,0,0,0,0,0,0,0,1,0,1
2019-20,33,Tamilnadu,3309,NAMAKKAL,330908,VENNANDUR,1,"Department of Education",1,"PS (I-V)",5,"Post graduate",4,"M.Ed. or equivalent",0,0,0,0,0,1,0,0,0,0,0,0,0,0,0,0,0,0,1,0,1
2019-20,33,Tamilnadu,3309,NAMAKKAL,330909,NAMAGIRIPET,1,"Department of Education",1,"PS (I-V)",5,"Post graduate",4,"M.Ed. or equivalent",0,0,0,0,1,1,0,0,0,0,0,0,0,0,0,0,0,0,2,1,1
2019-20,33,Tamilnadu,3309,NAMAKKAL,330910,TIRUCHENGODE,1,"Department of Education",1,"PS (I-V)",5,"Post graduate",4,"M.Ed. or equivalent",0,0,0,0,1,1,0,0,0,0,0,0,0,0,0,0,0,0,2,1,1
2019-20,33,Tamilnadu,3309,NAMAKKAL,330911,PALLIPALAYAM,1,"Department of Education",1,"PS (I-V)",5,"Post graduate",4,"M.Ed. or equivalent",0,0,0,0,1,0,0,0,0,0,0,0,0,0,0,0,0,0,1,1,0
2019-20,33,Tamilnadu,3309,NAMAKKAL,330912,MALLASAMUDRAM,1,"Department of Education",1,"PS (I-V)",5,"Post graduate",4,"M.Ed. or equivalent",0,0,0,0,0,1,0,0,0,0,0,0,0,0,0,0,0,0,1,0,1
2019-20,33,Tamilnadu,3309,NAMAKKAL,330913,ELACHIPALAYAM,1,"Department of Education",1,"PS (I-V)",5,"Post graduate",4,"M.Ed. or equivalent",0,0,0,0,1,2,0,0,0,0,0,0,0,0,0,0,0,0,3,1,2
2019-20,33,Tamilnadu,3309,NAMAKKAL,330901,NAMAKKAL,1,"Department of Education",2,"UPS (I-VIII)",5,"Post graduate",4,"M.Ed. or equivalent",0,0,0,0,0,0,0,0,2,1,0,0,0,0,0,0,0,0,3,2,1
2019-20,33,Tamilnadu,3309,NAMAKKAL,330902,KOLLIHILLS,1,"Department of Education",2,"UPS (I-VIII)",5,"Post graduate",4,"M.Ed. or equivalent",0,0,0,0,0,0,0,0,2,1,0,0,0,0,0,0,0,0,3,2,1
2019-20,33,Tamilnadu,3309,NAMAKKAL,330903,MOHANUR,1,"Department of Education",2,"UPS (I-VIII)",5,"Post graduate",4,"M.Ed. or equivalent",0,0,0,0,0,0,0,2,0,3,0,0,0,0,0,0,0,0,5,0,5
2019-20,33,Tamilnadu,3309,NAMAKKAL,330904,ERUMAPATTI,1,"Department of Education",2,"UPS (I-VIII)",5,"Post graduate",4,"M.Ed. or equivalent",0,0,0,0,0,0,0,0,1,1,0,0,0,0,0,0,0,0,2,1,1
2019-20,33,Tamilnadu,3309,NAMAKKAL,330905,SENDAMANGALAM,1,"Department of Education",2,"UPS (I-VIII)",5,"Post graduate",4,"M.Ed. or equivalent",0,0,0,0,0,0,0,1,1,1,0,0,0,0,0,0,0,0,3,1,2
2019-20,33,Tamilnadu,3309,NAMAKKAL,330906,PUDUCHATRAM,1,"Department of Education",2,"UPS (I-VIII)",5,"Post graduate",4,"M.Ed. or equivalent",0,0,0,0,0,0,0,1,0,0,0,0,0,0,0,0,0,0,1,0,1
2019-20,33,Tamilnadu,3309,NAMAKKAL,330908,VENNANDUR,1,"Department of Education",2,"UPS (I-VIII)",5,"Post graduate",4,"M.Ed. or equivalent",0,0,0,0,0,0,0,0,2,1,0,0,0,0,0,0,0,0,3,2,1
2019-20,33,Tamilnadu,3309,NAMAKKAL,330909,NAMAGIRIPET,1,"Department of Education",2,"UPS (I-VIII)",5,"Post graduate",4,"M.Ed. or equivalent",0,0,0,0,0,0,0,0,1,2,0,0,0,0,0,0,0,0,3,1,2
2019-20,33,Tamilnadu,3309,NAMAKKAL,330910,TIRUCHENGODE,1,"Department of Education",2,"UPS (I-VIII)",5,"Post graduate",4,"M.Ed. or equivalent",0,0,0,0,0,0,0,0,0,1,0,0,0,0,0,0,0,0,1,0,1
2019-20,33,Tamilnadu,3309,NAMAKKAL,330911,PALLIPALAYAM,1,"Department of Education",2,"UPS (I-VIII)",5,"Post graduate",4,"M.Ed. or equivalent",0,0,0,0,0,0,1,0,0,1,0,0,0,0,0,0,0,0,2,1,1
2019-20,33,Tamilnadu,3309,NAMAKKAL,330912,MALLASAMUDRAM,1,"Department of Education",2,"UPS (I-VIII)",5,"Post graduate",4,"M.Ed. or equivalent",0,0,0,0,0,0,0,0,1,1,0,0,0,0,0,0,0,0,2,1,1
2019-20,33,Tamilnadu,3309,NAMAKKAL,330913,ELACHIPALAYAM,1,"Department of Education",2,"UPS (I-VIII)",5,"Post graduate",4,"M.Ed. or equivalent",0,0,0,0,0,0,0,0,1,1,0,0,0,0,0,0,0,0,2,1,1
2019-20,33,Tamilnadu,3309,NAMAKKAL,330914,PARAMATHI,1,"Department of Education",2,"UPS (I-VIII)",5,"Post graduate",4,"M.Ed. or equivalent",0,0,0,0,0,0,0,0,0,1,0,0,0,0,0,0,0,0,1,0,1
2019-20,33,Tamilnadu,3309,NAMAKKAL,330915,KABILARMALAI,1,"Department of Education",2,"UPS (I-VIII)",5,"Post graduate",4,"M.Ed. or equivalent",0,0,0,0,0,1,1,2,1,1,0,0,0,0,0,0,0,0,6,2,4
2019-20,33,Tamilnadu,3309,NAMAKKAL,330903,MOHANUR,1,"Department of Education",3,"HSS (I-XII)",5,"Post graduate",4,"M.Ed. or equivalent",0,0,0,0,0,0,0,0,0,0,0,1,0,0,0,0,0,0,1,0,1
2019-20,33,Tamilnadu,3309,NAMAKKAL,330901,NAMAKKAL,1,"Department of Education",5,"HSS (VI-XII)",5,"Post graduate",4,"M.Ed. or equivalent",0,0,0,0,0,0,0,0,0,5,0,3,1,1,1,0,3,2,16,5,11
2019-20,33,Tamilnadu,3309,NAMAKKAL,330902,KOLLIHILLS,1,"Department of Education",5,"HSS (VI-XII)",5,"Post graduate",4,"M.Ed. or equivalent",0,0,0,0,0,0,0,0,1,0,0,1,0,0,0,0,0,0,2,1,1
2019-20,33,Tamilnadu,3309,NAMAKKAL,330903,MOHANUR,1,"Department of Education",5,"HSS (VI-XII)",5,"Post graduate",4,"M.Ed. or equivalent",0,0,0,0,0,0,0,0,0,0,2,3,0,0,1,0,3,0,9,6,3
2019-20,33,Tamilnadu,3309,NAMAKKAL,330904,ERUMAPATTI,1,"Department of Education",5,"HSS (VI-XII)",5,"Post graduate",4,"M.Ed. or equivalent",0,0,0,0,0,0,0,0,0,0,1,2,0,2,0,0,5,0,10,6,4
2019-20,33,Tamilnadu,3309,NAMAKKAL,330905,SENDAMANGALAM,1,"Department of Education",5,"HSS (VI-XII)",5,"Post graduate",4,"M.Ed. or equivalent",0,0,0,0,0,0,0,0,0,1,0,3,0,0,1,0,1,2,8,2,6
2019-20,33,Tamilnadu,3309,NAMAKKAL,330906,PUDUCHATRAM,1,"Department of Education",5,"HSS (VI-XII)",5,"Post graduate",4,"M.Ed. or equivalent",0,0,0,0,0,0,0,0,0,0,3,5,0,0,0,0,3,0,11,6,5
2019-20,33,Tamilnadu,3309,NAMAKKAL,330907,RASIPURAM,1,"Department of Education",5,"HSS (VI-XII)",5,"Post graduate",4,"M.Ed. or equivalent",0,0,0,0,0,0,0,0,0,0,1,2,1,0,2,2,1,1,10,5,5
2019-20,33,Tamilnadu,3309,NAMAKKAL,330908,VENNANDUR,1,"Department of Education",5,"HSS (VI-XII)",5,"Post graduate",4,"M.Ed. or equivalent",0,0,0,0,0,0,0,0,0,0,4,0,1,0,0,0,2,3,10,7,3
2019-20,33,Tamilnadu,3309,NAMAKKAL,330909,NAMAGIRIPET,1,"Department of Education",5,"HSS (VI-XII)",5,"Post graduate",4,"M.Ed. or equivalent",0,0,0,0,0,0,0,0,1,2,0,1,0,2,0,0,2,1,9,3,6
2019-20,33,Tamilnadu,3309,NAMAKKAL,330910,TIRUCHENGODE,1,"Department of Education",5,"HSS (VI-XII)",5,"Post graduate",4,"M.Ed. or equivalent",0,0,0,0,0,0,0,0,0,0,2,7,0,3,1,2,1,3,19,4,15
2019-20,33,Tamilnadu,3309,NAMAKKAL,330911,PALLIPALAYAM,1,"Department of Education",5,"HSS (VI-XII)",5,"Post graduate",4,"M.Ed. or equivalent",0,0,0,0,0,0,0,0,2,2,1,4,3,2,3,1,4,6,28,13,15
2019-20,33,Tamilnadu,3309,NAMAKKAL,330912,MALLASAMUDRAM,1,"Department of Education",5,"HSS (VI-XII)",5,"Post graduate",4,"M.Ed. or equivalent",0,0,0,0,0,0,0,0,0,0,2,0,1,0,2,0,0,7,12,5,7
2019-20,33,Tamilnadu,3309,NAMAKKAL,330913,ELACHIPALAYAM,1,"Department of Education",5,"HSS (VI-XII)",5,"Post graduate",4,"M.Ed. or equivalent",0,0,0,0,0,0,0,0,1,0,2,5,0,0,3,2,3,0,16,9,7
2019-20,33,Tamilnadu,3309,NAMAKKAL,330914,PARAMATHI,1,"Department of Education",5,"HSS (VI-XII)",5,"Post graduate",4,"M.Ed. or equivalent",0,0,0,0,0,0,0,0,0,0,0,1,0,0,3,1,0,0,5,3,2
2019-20,33,Tamilnadu,3309,NAMAKKAL,330915,KABILARMALAI,1,"Department of Education",5,"HSS (VI-XII)",5,"Post graduate",4,"M.Ed. or equivalent",0,0,0,0,0,0,0,0,0,1,1,2,0,1,1,0,1,3,10,3,7
2019-20,33,Tamilnadu,3309,NAMAKKAL,330901,NAMAKKAL,1,"Department of Education",7,"SS (VI-X)",5,"Post graduate",4,"M.Ed. or equivalent",0,0,0,0,0,0,0,0,1,0,1,2,2,0,0,0,0,0,6,4,2
2019-20,33,Tamilnadu,3309,NAMAKKAL,330903,MOHANUR,1,"Department of Education",7,"SS (VI-X)",5,"Post graduate",4,"M.Ed. or equivalent",0,0,0,0,0,0,0,0,0,0,0,2,1,0,0,0,0,0,3,1,2
2019-20,33,Tamilnadu,3309,NAMAKKAL,330904,ERUMAPATTI,1,"Department of Education",7,"SS (VI-X)",5,"Post graduate",4,"M.Ed. or equivalent",0,0,0,0,0,0,0,0,0,0,2,1,0,0,0,0,0,0,3,2,1
2019-20,33,Tamilnadu,3309,NAMAKKAL,330905,SENDAMANGALAM,1,"Department of Education",7,"SS (VI-X)",5,"Post graduate",4,"M.Ed. or equivalent",0,0,0,0,0,0,0,0,0,0,1,1,0,0,0,0,0,0,2,1,1
2019-20,33,Tamilnadu,3309,NAMAKKAL,330907,RASIPURAM,1,"Department of Education",7,"SS (VI-X)",5,"Post graduate",4,"M.Ed. or equivalent",0,0,0,0,0,0,0,0,0,0,1,1,1,1,0,0,0,0,4,2,2
2019-20,33,Tamilnadu,3309,NAMAKKAL,330908,VENNANDUR,1,"Department of Education",7,"SS (VI-X)",5,"Post graduate",4,"M.Ed. or equivalent",0,0,0,0,0,0,0,0,0,0,1,1,4,0,0,0,0,0,6,5,1
2019-20,33,Tamilnadu,3309,NAMAKKAL,330909,NAMAGIRIPET,1,"Department of Education",7,"SS (VI-X)",5,"Post graduate",4,"M.Ed. or equivalent",0,0,0,0,0,0,0,0,0,0,1,2,0,1,0,0,0,0,4,1,3
2019-20,33,Tamilnadu,3309,NAMAKKAL,330910,TIRUCHENGODE,1,"Department of Education",7,"SS (VI-X)",5,"Post graduate",4,"M.Ed. or equivalent",0,0,0,0,0,0,0,0,0,0,1,0,0,0,0,0,0,0,1,1,0
2019-20,33,Tamilnadu,3309,NAMAKKAL,330911,PALLIPALAYAM,1,"Department of Education",7,"SS (VI-X)",5,"Post graduate",4,"M.Ed. or equivalent",0,0,0,0,0,0,0,0,0,0,1,4,0,1,0,0,0,0,6,1,5
2019-20,33,Tamilnadu,3309,NAMAKKAL,330912,MALLASAMUDRAM,1,"Department of Education",7,"SS (VI-X)",5,"Post graduate",4,"M.Ed. or equivalent",0,0,0,0,0,0,0,0,0,0,1,2,0,0,0,0,0,0,3,1,2
2019-20,33,Tamilnadu,3309,NAMAKKAL,330913,ELACHIPALAYAM,1,"Department of Education",7,"SS (VI-X)",5,"Post graduate",4,"M.Ed. or equivalent",0,0,0,0,0,0,0,0,0,0,0,2,0,1,0,0,0,0,3,0,3
2019-20,33,Tamilnadu,3309,NAMAKKAL,330914,PARAMATHI,1,"Department of Education",7,"SS (VI-X)",5,"Post graduate",4,"M.Ed. or equivalent",0,0,0,0,0,0,0,0,0,0,0,0,1,0,0,0,0,0,1,1,0
2019-20,33,Tamilnadu,3309,NAMAKKAL,330915,KABILARMALAI,1,"Department of Education",7,"SS (VI-X)",5,"Post graduate",4,"M.Ed. or equivalent",0,0,0,0,0,0,0,0,0,0,0,1,0,0,0,0,0,0,1,0,1
2019-20,33,Tamilnadu,3309,NAMAKKAL,330911,PALLIPALAYAM,1,"Department of Education",2,"UPS (I-VIII)",5,"Post graduate",5,Others,0,0,0,0,0,0,0,0,0,1,0,0,0,0,0,0,0,0,1,0,1
2019-20,33,Tamilnadu,3309,NAMAKKAL,330912,MALLASAMUDRAM,1,"Department of Education",2,"UPS (I-VIII)",5,"Post graduate",5,Others,0,0,0,0,0,0,0,0,0,1,0,0,0,0,0,0,0,0,1,0,1
2019-20,33,Tamilnadu,3309,NAMAKKAL,330901,NAMAKKAL,1,"Department of Education",5,"HSS (VI-XII)",5,"Post graduate",5,Others,0,0,0,0,0,0,0,0,0,1,0,0,0,0,0,0,0,0,1,0,1
2019-20,33,Tamilnadu,3309,NAMAKKAL,330904,ERUMAPATTI,1,"Department of Education",5,"HSS (VI-XII)",5,"Post graduate",5,Others,0,0,0,0,0,0,0,0,0,1,0,0,0,0,0,0,0,0,1,0,1
2019-20,33,Tamilnadu,3309,NAMAKKAL,330905,SENDAMANGALAM,1,"Department of Education",5,"HSS (VI-XII)",5,"Post graduate",5,Others,0,0,0,0,0,0,0,0,0,1,0,0,1,1,0,0,0,0,3,1,2
2019-20,33,Tamilnadu,3309,NAMAKKAL,330906,PUDUCHATRAM,1,"Department of Education",5,"HSS (VI-XII)",5,"Post graduate",5,Others,0,0,0,0,0,0,0,0,0,1,0,0,0,0,0,0,0,0,1,0,1
2019-20,33,Tamilnadu,3309,NAMAKKAL,330907,RASIPURAM,1,"Department of Education",5,"HSS (VI-XII)",5,"Post graduate",5,Others,0,0,0,0,0,0,0,0,0,2,0,0,1,0,0,0,0,0,3,1,2
2019-20,33,Tamilnadu,3309,NAMAKKAL,330908,VENNANDUR,1,"Department of Education",5,"HSS (VI-XII)",5,"Post graduate",5,Others,0,0,0,0,0,0,0,0,0,1,0,0,0,0,0,0,0,0,1,0,1
2019-20,33,Tamilnadu,3309,NAMAKKAL,330909,NAMAGIRIPET,1,"Department of Education",5,"HSS (VI-XII)",5,"Post graduate",5,Others,0,0,0,0,0,0,0,0,0,1,1,0,1,0,0,0,0,0,3,2,1
2019-20,33,Tamilnadu,3309,NAMAKKAL,330911,PALLIPALAYAM,1,"Department of Education",5,"HSS (VI-XII)",5,"Post graduate",5,Others,0,0,0,0,0,0,0,0,0,3,0,0,0,0,0,0,0,0,3,0,3
2019-20,33,Tamilnadu,3309,NAMAKKAL,330912,MALLASAMUDRAM,1,"Department of Education",5,"HSS (VI-XII)",5,"Post graduate",5,Others,0,0,0,0,0,0,0,0,0,1,0,0,0,0,0,0,0,0,1,0,1
2019-20,33,Tamilnadu,3309,NAMAKKAL,330913,ELACHIPALAYAM,1,"Department of Education",5,"HSS (VI-XII)",5,"Post graduate",5,Others,0,0,0,0,0,0,0,0,1,2,0,0,0,1,0,0,0,0,4,1,3
2019-20,33,Tamilnadu,3309,NAMAKKAL,330914,PARAMATHI,1,"Department of Education",5,"HSS (VI-XII)",5,"Post graduate",5,Others,0,0,0,0,0,0,0,0,0,1,0,0,0,0,0,0,0,0,1,0,1
2019-20,33,Tamilnadu,3309,NAMAKKAL,330915,KABILARMALAI,1,"Department of Education",5,"HSS (VI-XII)",5,"Post graduate",5,Others,0,0,0,0,0,0,0,0,1,0,0,0,0,2,0,0,0,0,3,1,2
2019-20,33,Tamilnadu,3309,NAMAKKAL,330908,VENNANDUR,1,"Department of Education",7,"SS (VI-X)",5,"Post graduate",5,Others,0,0,0,0,0,0,0,0,0,3,0,0,0,0,0,0,0,0,3,0,3
2019-20,33,Tamilnadu,3309,NAMAKKAL,330909,NAMAGIRIPET,1,"Department of Education",7,"SS (VI-X)",5,"Post graduate",5,Others,0,0,0,0,0,0,0,0,0,0,0,1,0,0,0,0,0,0,1,0,1
2019-20,33,Tamilnadu,3309,NAMAKKAL,330910,TIRUCHENGODE,1,"Department of Education",7,"SS (VI-X)",5,"Post graduate",5,Others,0,0,0,0,0,0,0,0,0,1,0,0,0,0,0,0,0,0,1,0,1
2019-20,33,Tamilnadu,3309,NAMAKKAL,330912,MALLASAMUDRAM,1,"Department of Education",7,"SS (VI-X)",5,"Post graduate",5,Others,0,0,0,0,0,0,0,0,1,1,0,0,0,0,0,0,0,0,2,1,1
2019-20,33,Tamilnadu,3309,NAMAKKAL,330913,ELACHIPALAYAM,1,"Department of Education",7,"SS (VI-X)",5,"Post graduate",5,Others,0,0,0,0,0,0,0,0,2,0,0,0,0,0,0,0,0,0,2,2,0
2019-20,33,Tamilnadu,3309,NAMAKKAL,330915,KABILARMALAI,1,"Department of Education",7,"SS (VI-X)",5,"Post graduate",5,Others,0,0,0,0,0,0,0,0,0,1,0,0,0,0,0,0,0,0,1,0,1
2019-20,33,Tamilnadu,3309,NAMAKKAL,330909,NAMAGIRIPET,1,"Department of Education",2,"UPS (I-VIII)",5,"Post graduate",6,None,0,0,0,0,0,0,0,0,0,1,0,0,0,0,0,0,0,0,1,0,1
2019-20,33,Tamilnadu,3309,NAMAKKAL,330901,NAMAKKAL,1,"Department of Education",5,"HSS (VI-XII)",5,"Post graduate",6,None,0,0,0,0,0,0,0,0,0,5,0,0,0,0,0,0,1,0,6,1,5
2019-20,33,Tamilnadu,3309,NAMAKKAL,330903,MOHANUR,1,"Department of Education",5,"HSS (VI-XII)",5,"Post graduate",6,None,0,0,0,0,0,0,0,0,0,1,0,0,0,0,0,0,0,0,1,0,1
2019-20,33,Tamilnadu,3309,NAMAKKAL,330904,ERUMAPATTI,1,"Department of Education",5,"HSS (VI-XII)",5,"Post graduate",6,None,0,0,0,0,0,0,0,0,0,1,0,0,0,0,0,0,0,0,1,0,1
2019-20,33,Tamilnadu,3309,NAMAKKAL,330906,PUDUCHATRAM,1,"Department of Education",5,"HSS (VI-XII)",5,"Post graduate",6,None,0,0,0,0,0,0,0,0,0,3,0,0,1,0,0,0,1,0,5,2,3
2019-20,33,Tamilnadu,3309,NAMAKKAL,330907,RASIPURAM,1,"Department of Education",5,"HSS (VI-XII)",5,"Post graduate",6,None,0,0,0,0,0,0,0,0,0,0,0,1,0,0,0,0,0,0,1,0,1
2019-20,33,Tamilnadu,3309,NAMAKKAL,330908,VENNANDUR,1,"Department of Education",5,"HSS (VI-XII)",5,"Post graduate",6,None,0,0,0,0,0,0,0,0,0,0,0,0,0,0,0,0,1,0,1,1,0
2019-20,33,Tamilnadu,3309,NAMAKKAL,330910,TIRUCHENGODE,1,"Department of Education",5,"HSS (VI-XII)",5,"Post graduate",6,None,0,0,0,0,0,0,0,0,0,0,0,0,0,0,1,0,1,1,3,2,1
2019-20,33,Tamilnadu,3309,NAMAKKAL,330911,PALLIPALAYAM,1,"Department of Education",5,"HSS (VI-XII)",5,"Post graduate",6,None,0,0,0,0,0,0,0,0,1,0,0,0,0,0,0,0,0,0,1,1,0
2019-20,33,Tamilnadu,3309,NAMAKKAL,330912,MALLASAMUDRAM,1,"Department of Education",5,"HSS (VI-XII)",5,"Post graduate",6,None,0,0,0,0,0,0,0,0,1,0,0,0,0,1,0,0,1,0,3,2,1
2019-20,33,Tamilnadu,3309,NAMAKKAL,330913,ELACHIPALAYAM,1,"Department of Education",5,"HSS (VI-XII)",5,"Post graduate",6,None,0,0,0,0,0,0,0,0,1,0,0,1,0,0,0,0,0,0,2,1,1
2019-20,33,Tamilnadu,3309,NAMAKKAL,330915,KABILARMALAI,1,"Department of Education",5,"HSS (VI-XII)",5,"Post graduate",6,None,0,0,0,0,0,0,0,0,1,0,0,0,0,0,0,0,1,0,2,2,0
2019-20,33,Tamilnadu,3309,NAMAKKAL,330909,NAMAGIRIPET,1,"Department of Education",7,"SS (VI-X)",5,"Post graduate",6,None,0,0,0,0,0,0,0,0,0,0,0,0,1,0,0,0,0,0,1,1,0
2019-20,33,Tamilnadu,3309,NAMAKKAL,330911,PALLIPALAYAM,1,"Department of Education",7,"SS (VI-X)",5,"Post graduate",6,None,0,0,0,0,0,0,0,0,0,1,0,0,0,0,0,0,0,0,1,0,1
2019-20,33,Tamilnadu,3309,NAMAKKAL,330901,NAMAKKAL,1,"Department of Education",1,"PS (I-V)",6,M.Phil,1,"Diploma or certificate in basic teachers training of a duration not less than two years",0,0,0,0,0,2,0,0,0,0,0,0,0,0,0,0,0,0,2,0,2
2019-20,33,Tamilnadu,3309,NAMAKKAL,330902,KOLLIHILLS,1,"Department of Education",1,"PS (I-V)",6,M.Phil,1,"Diploma or certificate in basic teachers training of a duration not less than two years",0,0,0,0,1,0,0,0,0,0,0,0,0,0,0,0,0,0,1,1,0
2019-20,33,Tamilnadu,3309,NAMAKKAL,330903,MOHANUR,1,"Department of Education",1,"PS (I-V)",6,M.Phil,1,"Diploma or certificate in basic teachers training of a duration not less than two years",0,0,0,0,0,1,0,0,0,0,0,0,0,0,0,0,0,0,1,0,1
2019-20,33,Tamilnadu,3309,NAMAKKAL,330905,SENDAMANGALAM,1,"Department of Education",1,"PS (I-V)",6,M.Phil,1,"Diploma or certificate in basic teachers training of a duration not less than two years",0,0,0,0,0,1,0,0,0,0,0,0,0,0,0,0,0,0,1,0,1
2019-20,33,Tamilnadu,3309,NAMAKKAL,330912,MALLASAMUDRAM,1,"Department of Education",1,"PS (I-V)",6,M.Phil,1,"Diploma or certificate in basic teachers training of a duration not less than two years",0,0,0,0,0,1,0,0,0,0,0,0,0,0,0,0,0,0,1,0,1
2019-20,33,Tamilnadu,3309,NAMAKKAL,330908,VENNANDUR,1,"Department of Education",2,"UPS (I-VIII)",6,M.Phil,1,"Diploma or certificate in basic teachers training of a duration not less than two years",0,0,0,0,0,1,0,0,0,0,0,0,0,0,0,0,0,0,1,0,1
2019-20,33,Tamilnadu,3309,NAMAKKAL,330901,NAMAKKAL,1,"Department of Education",1,"PS (I-V)",6,M.Phil,3,"B.Ed. or equivalent",0,0,0,0,1,1,0,0,0,0,0,0,0,0,0,0,0,0,2,1,1
2019-20,33,Tamilnadu,3309,NAMAKKAL,330902,KOLLIHILLS,1,"Department of Education",1,"PS (I-V)",6,M.Phil,3,"B.Ed. or equivalent",0,0,0,0,0,1,0,0,0,0,0,0,0,0,0,0,0,0,1,0,1
2019-20,33,Tamilnadu,3309,NAMAKKAL,330903,MOHANUR,1,"Department of Education",1,"PS (I-V)",6,M.Phil,3,"B.Ed. or equivalent",0,0,0,0,1,1,0,0,0,0,0,0,0,0,0,0,0,0,2,1,1
2019-20,33,Tamilnadu,3309,NAMAKKAL,330904,ERUMAPATTI,1,"Department of Education",1,"PS (I-V)",6,M.Phil,3,"B.Ed. or equivalent",0,0,0,0,2,3,0,0,0,0,0,0,0,0,0,0,0,0,5,2,3
2019-20,33,Tamilnadu,3309,NAMAKKAL,330905,SENDAMANGALAM,1,"Department of Education",1,"PS (I-V)",6,M.Phil,3,"B.Ed. or equivalent",0,0,0,0,0,2,0,0,0,0,0,0,0,0,0,0,0,0,2,0,2
2019-20,33,Tamilnadu,3309,NAMAKKAL,330906,PUDUCHATRAM,1,"Department of Education",1,"PS (I-V)",6,M.Phil,3,"B.Ed. or equivalent",0,0,0,0,2,0,0,0,0,0,0,0,0,0,0,0,0,0,2,2,0
2019-20,33,Tamilnadu,3309,NAMAKKAL,330908,VENNANDUR,1,"Department of Education",1,"PS (I-V)",6,M.Phil,3,"B.Ed. or equivalent",0,0,0,0,2,3,0,0,0,0,0,0,0,0,0,0,0,0,5,2,3
2019-20,33,Tamilnadu,3309,NAMAKKAL,330909,NAMAGIRIPET,1,"Department of Education",1,"PS (I-V)",6,M.Phil,3,"B.Ed. or equivalent",0,0,0,0,0,1,0,0,0,0,0,0,0,0,0,0,0,0,1,0,1
2019-20,33,Tamilnadu,3309,NAMAKKAL,330910,TIRUCHENGODE,1,"Department of Education",1,"PS (I-V)",6,M.Phil,3,"B.Ed. or equivalent",0,0,0,0,1,4,0,0,0,0,0,0,0,0,0,0,0,0,5,1,4
2019-20,33,Tamilnadu,3309,NAMAKKAL,330911,PALLIPALAYAM,1,"Department of Education",1,"PS (I-V)",6,M.Phil,3,"B.Ed. or equivalent",0,0,0,0,0,3,0,0,0,0,0,0,0,0,0,0,0,0,3,0,3
2019-20,33,Tamilnadu,3309,NAMAKKAL,330912,MALLASAMUDRAM,1,"Department of Education",1,"PS (I-V)",6,M.Phil,3,"B.Ed. or equivalent",0,0,0,0,0,5,0,0,0,0,0,0,0,0,0,0,0,0,5,0,5
2019-20,33,Tamilnadu,3309,NAMAKKAL,330913,ELACHIPALAYAM,1,"Department of Education",1,"PS (I-V)",6,M.Phil,3,"B.Ed. or equivalent",0,0,0,0,2,6,0,0,0,0,0,0,0,0,0,0,0,0,8,2,6
2019-20,33,Tamilnadu,3309,NAMAKKAL,330914,PARAMATHI,1,"Department of Education",1,"PS (I-V)",6,M.Phil,3,"B.Ed. or equivalent",0,0,0,0,0,1,0,0,0,0,0,0,0,0,0,0,0,0,1,0,1
2019-20,33,Tamilnadu,3309,NAMAKKAL,330915,KABILARMALAI,1,"Department of Education",1,"PS (I-V)",6,M.Phil,3,"B.Ed. or equivalent",0,0,0,0,0,1,0,0,0,0,0,0,0,0,0,0,0,0,1,0,1
2019-20,33,Tamilnadu,3309,NAMAKKAL,330901,NAMAKKAL,1,"Department of Education",2,"UPS (I-VIII)",6,M.Phil,3,"B.Ed. or equivalent",0,0,0,0,0,2,1,1,1,8,0,0,0,0,0,0,0,0,13,2,11
2019-20,33,Tamilnadu,3309,NAMAKKAL,330902,KOLLIHILLS,1,"Department of Education",2,"UPS (I-VIII)",6,M.Phil,3,"B.Ed. or equivalent",0,0,0,0,0,0,0,0,1,2,0,0,0,0,0,0,0,0,3,1,2
2019-20,33,Tamilnadu,3309,NAMAKKAL,330903,MOHANUR,1,"Department of Education",2,"UPS (I-VIII)",6,M.Phil,3,"B.Ed. or equivalent",0,0,0,0,1,0,1,0,1,0,0,0,0,0,0,0,0,0,3,3,0
2019-20,33,Tamilnadu,3309,NAMAKKAL,330904,ERUMAPATTI,1,"Department of Education",2,"UPS (I-VIII)",6,M.Phil,3,"B.Ed. or equivalent",0,0,0,0,0,0,2,1,1,4,0,0,0,0,0,0,0,0,8,3,5
2019-20,33,Tamilnadu,3309,NAMAKKAL,330905,SENDAMANGALAM,1,"Department of Education",2,"UPS (I-VIII)",6,M.Phil,3,"B.Ed. or equivalent",0,0,0,0,0,0,0,0,1,3,0,0,0,0,0,0,0,0,4,1,3
2019-20,33,Tamilnadu,3309,NAMAKKAL,330906,PUDUCHATRAM,1,"Department of Education",2,"UPS (I-VIII)",6,M.Phil,3,"B.Ed. or equivalent",0,0,0,0,0,0,0,1,0,0,0,0,0,0,0,0,0,0,1,0,1
2019-20,33,Tamilnadu,3309,NAMAKKAL,330907,RASIPURAM,1,"Department of Education",2,"UPS (I-VIII)",6,M.Phil,3,"B.Ed. or equivalent",0,0,0,0,0,0,0,0,2,4,0,0,0,0,0,0,0,0,6,2,4
2019-20,33,Tamilnadu,3309,NAMAKKAL,330909,NAMAGIRIPET,1,"Department of Education",2,"UPS (I-VIII)",6,M.Phil,3,"B.Ed. or equivalent",0,0,0,0,0,0,0,0,2,2,0,0,0,0,0,0,0,0,4,2,2
2019-20,33,Tamilnadu,3309,NAMAKKAL,330910,TIRUCHENGODE,1,"Department of Education",2,"UPS (I-VIII)",6,M.Phil,3,"B.Ed. or equivalent",0,0,0,0,0,0,0,0,1,1,0,0,0,0,0,0,0,0,2,1,1
2019-20,33,Tamilnadu,3309,NAMAKKAL,330911,PALLIPALAYAM,1,"Department of Education",2,"UPS (I-VIII)",6,M.Phil,3,"B.Ed. or equivalent",0,0,0,0,0,0,0,1,1,5,0,0,0,0,0,0,0,0,7,1,6
2019-20,33,Tamilnadu,3309,NAMAKKAL,330912,MALLASAMUDRAM,1,"Department of Education",2,"UPS (I-VIII)",6,M.Phil,3,"B.Ed. or equivalent",0,0,0,0,0,0,0,0,0,1,0,0,0,0,0,0,0,0,1,0,1
2019-20,33,Tamilnadu,3309,NAMAKKAL,330913,ELACHIPALAYAM,1,"Department of Education",2,"UPS (I-VIII)",6,M.Phil,3,"B.Ed. or equivalent",0,0,0,0,0,0,0,0,0,1,0,0,0,0,0,0,0,0,1,0,1
2019-20,33,Tamilnadu,3309,NAMAKKAL,330914,PARAMATHI,1,"Department of Education",2,"UPS (I-VIII)",6,M.Phil,3,"B.Ed. or equivalent",0,0,0,0,0,0,2,1,0,4,0,0,0,0,0,0,0,0,7,2,5
2019-20,33,Tamilnadu,3309,NAMAKKAL,330915,KABILARMALAI,1,"Department of Education",2,"UPS (I-VIII)",6,M.Phil,3,"B.Ed. or equivalent",0,0,0,0,0,1,0,2,4,3,0,0,0,0,0,0,0,0,10,4,6
2019-20,33,Tamilnadu,3309,NAMAKKAL,330903,MOHANUR,1,"Department of Education",3,"HSS (I-XII)",6,M.Phil,3,"B.Ed. or equivalent",0,0,0,0,0,0,0,0,0,0,0,3,0,0,0,1,2,2,8,2,6
2019-20,33,Tamilnadu,3309,NAMAKKAL,330901,NAMAKKAL,1,"Department of Education",5,"HSS (VI-XII)",6,M.Phil,3,"B.Ed. or equivalent",0,0,0,0,0,0,0,0,0,3,2,10,1,2,2,6,3,17,46,8,38
2019-20,33,Tamilnadu,3309,NAMAKKAL,330902,KOLLIHILLS,1,"Department of Education",5,"HSS (VI-XII)",6,M.Phil,3,"B.Ed. or equivalent",0,0,0,0,0,0,0,0,1,0,0,0,0,1,1,0,2,1,6,4,2
2019-20,33,Tamilnadu,3309,NAMAKKAL,330903,MOHANUR,1,"Department of Education",5,"HSS (VI-XII)",6,M.Phil,3,"B.Ed. or equivalent",0,0,0,0,0,0,0,0,2,3,6,16,2,4,3,1,8,12,57,21,36
2019-20,33,Tamilnadu,3309,NAMAKKAL,330904,ERUMAPATTI,1,"Department of Education",5,"HSS (VI-XII)",6,M.Phil,3,"B.Ed. or equivalent",0,0,0,0,0,0,0,0,1,0,3,4,5,9,2,2,15,17,58,26,32
2019-20,33,Tamilnadu,3309,NAMAKKAL,330905,SENDAMANGALAM,1,"Department of Education",5,"HSS (VI-XII)",6,M.Phil,3,"B.Ed. or equivalent",0,0,0,0,0,0,0,0,0,2,1,8,1,4,2,0,12,12,42,16,26
2019-20,33,Tamilnadu,3309,NAMAKKAL,330906,PUDUCHATRAM,1,"Department of Education",5,"HSS (VI-XII)",6,M.Phil,3,"B.Ed. or equivalent",0,0,0,0,0,0,0,0,0,0,7,11,1,2,2,8,13,8,52,23,29
2019-20,33,Tamilnadu,3309,NAMAKKAL,330907,RASIPURAM,1,"Department of Education",5,"HSS (VI-XII)",6,M.Phil,3,"B.Ed. or equivalent",0,0,0,0,0,0,0,0,0,1,7,9,3,1,1,3,8,4,37,19,18
2019-20,33,Tamilnadu,3309,NAMAKKAL,330908,VENNANDUR,1,"Department of Education",5,"HSS (VI-XII)",6,M.Phil,3,"B.Ed. or equivalent",0,0,0,0,0,0,0,0,2,1,5,16,1,1,3,1,11,16,57,22,35
2019-20,33,Tamilnadu,3309,NAMAKKAL,330909,NAMAGIRIPET,1,"Department of Education",5,"HSS (VI-XII)",6,M.Phil,3,"B.Ed. or equivalent",0,0,0,0,0,0,0,0,0,1,9,6,1,8,2,1,9,9,46,21,25
2019-20,33,Tamilnadu,3309,NAMAKKAL,330910,TIRUCHENGODE,1,"Department of Education",5,"HSS (VI-XII)",6,M.Phil,3,"B.Ed. or equivalent",0,0,0,0,0,0,0,0,1,1,10,17,5,8,1,7,17,20,87,34,53
2019-20,33,Tamilnadu,3309,NAMAKKAL,330911,PALLIPALAYAM,1,"Department of Education",5,"HSS (VI-XII)",6,M.Phil,3,"B.Ed. or equivalent",0,0,0,0,0,0,0,0,1,1,13,22,5,5,12,10,12,10,91,43,48
2019-20,33,Tamilnadu,3309,NAMAKKAL,330912,MALLASAMUDRAM,1,"Department of Education",5,"HSS (VI-XII)",6,M.Phil,3,"B.Ed. or equivalent",0,0,0,0,0,0,0,0,0,2,6,12,0,1,1,3,6,6,37,13,24
2019-20,33,Tamilnadu,3309,NAMAKKAL,330913,ELACHIPALAYAM,1,"Department of Education",5,"HSS (VI-XII)",6,M.Phil,3,"B.Ed. or equivalent",0,0,0,0,0,0,0,0,0,0,3,6,0,1,4,10,7,7,38,14,24
2019-20,33,Tamilnadu,3309,NAMAKKAL,330914,PARAMATHI,1,"Department of Education",5,"HSS (VI-XII)",6,M.Phil,3,"B.Ed. or equivalent",0,0,0,0,0,0,0,0,0,3,0,11,0,0,2,2,6,3,27,8,19
2019-20,33,Tamilnadu,3309,NAMAKKAL,330915,KABILARMALAI,1,"Department of Education",5,"HSS (VI-XII)",6,M.Phil,3,"B.Ed. or equivalent",0,0,0,0,0,0,0,0,0,1,3,11,1,4,5,5,4,10,44,13,31
2019-20,33,Tamilnadu,3309,NAMAKKAL,330901,NAMAKKAL,1,"Department of Education",7,"SS (VI-X)",6,M.Phil,3,"B.Ed. or equivalent",0,0,0,0,0,0,0,0,0,5,2,11,0,3,0,0,0,0,21,2,19
2019-20,33,Tamilnadu,3309,NAMAKKAL,330902,KOLLIHILLS,1,"Department of Education",7,"SS (VI-X)",6,M.Phil,3,"B.Ed. or equivalent",0,0,0,0,0,0,0,0,0,0,0,3,0,0,0,0,0,0,3,0,3
2019-20,33,Tamilnadu,3309,NAMAKKAL,330903,MOHANUR,1,"Department of Education",7,"SS (VI-X)",6,M.Phil,3,"B.Ed. or equivalent",0,0,0,0,0,0,0,0,0,0,0,2,0,1,0,0,0,0,3,0,3
2019-20,33,Tamilnadu,3309,NAMAKKAL,330904,ERUMAPATTI,1,"Department of Education",7,"SS (VI-X)",6,M.Phil,3,"B.Ed. or equivalent",0,0,0,0,0,0,0,0,0,0,5,11,1,0,0,0,0,0,17,6,11
2019-20,33,Tamilnadu,3309,NAMAKKAL,330905,SENDAMANGALAM,1,"Department of Education",7,"SS (VI-X)",6,M.Phil,3,"B.Ed. or equivalent",0,0,0,0,0,0,0,0,0,0,0,6,0,0,0,0,0,0,6,0,6
2019-20,33,Tamilnadu,3309,NAMAKKAL,330907,RASIPURAM,1,"Department of Education",7,"SS (VI-X)",6,M.Phil,3,"B.Ed. or equivalent",0,0,0,0,0,0,0,0,1,0,1,2,1,0,0,0,0,0,5,3,2
2019-20,33,Tamilnadu,3309,NAMAKKAL,330908,VENNANDUR,1,"Department of Education",7,"SS (VI-X)",6,M.Phil,3,"B.Ed. or equivalent",0,0,0,0,0,0,0,0,0,0,1,5,0,1,0,0,0,0,7,1,6
2019-20,33,Tamilnadu,3309,NAMAKKAL,330909,NAMAGIRIPET,1,"Department of Education",7,"SS (VI-X)",6,M.Phil,3,"B.Ed. or equivalent",0,0,0,0,0,0,0,0,0,0,0,1,2,0,0,0,0,0,3,2,1
2019-20,33,Tamilnadu,3309,NAMAKKAL,330910,TIRUCHENGODE,1,"Department of Education",7,"SS (VI-X)",6,M.Phil,3,"B.Ed. or equivalent",0,0,0,0,0,0,0,0,0,0,3,2,1,0,0,0,0,0,6,4,2
2019-20,33,Tamilnadu,3309,NAMAKKAL,330911,PALLIPALAYAM,1,"Department of Education",7,"SS (VI-X)",6,M.Phil,3,"B.Ed. or equivalent",0,0,0,0,0,0,0,0,0,0,2,5,3,3,0,0,0,0,13,5,8
2019-20,33,Tamilnadu,3309,NAMAKKAL,330912,MALLASAMUDRAM,1,"Department of Education",7,"SS (VI-X)",6,M.Phil,3,"B.Ed. or equivalent",0,0,0,0,0,0,0,0,0,0,2,0,1,0,0,0,0,0,3,3,0
2019-20,33,Tamilnadu,3309,NAMAKKAL,330913,ELACHIPALAYAM,1,"Department of Education",7,"SS (VI-X)",6,M.Phil,3,"B.Ed. or equivalent",0,0,0,0,0,0,0,0,0,0,7,0,0,0,0,0,0,0,7,7,0
2019-20,33,Tamilnadu,3309,NAMAKKAL,330914,PARAMATHI,1,"Department of Education",7,"SS (VI-X)",6,M.Phil,3,"B.Ed. or equivalent",0,0,0,0,0,0,0,0,0,1,2,8,2,10,0,0,0,0,23,4,19
2019-20,33,Tamilnadu,3309,NAMAKKAL,330915,KABILARMALAI,1,"Department of Education",7,"SS (VI-X)",6,M.Phil,3,"B.Ed. or equivalent",0,0,0,0,0,0,0,0,3,1,3,5,0,0,0,0,0,0,12,6,6
2019-20,33,Tamilnadu,3309,NAMAKKAL,330904,ERUMAPATTI,1,"Department of Education",1,"PS (I-V)",6,M.Phil,4,"M.Ed. or equivalent",0,0,0,0,1,0,0,0,0,0,0,0,0,0,0,0,0,0,1,1,0
2019-20,33,Tamilnadu,3309,NAMAKKAL,330913,ELACHIPALAYAM,1,"Department of Education",1,"PS (I-V)",6,M.Phil,4,"M.Ed. or equivalent",0,0,0,0,0,1,0,0,0,0,0,0,0,0,0,0,0,0,1,0,1
2019-20,33,Tamilnadu,3309,NAMAKKAL,330901,NAMAKKAL,1,"Department of Education",2,"UPS (I-VIII)",6,M.Phil,4,"M.Ed. or equivalent",0,0,0,0,0,0,0,0,1,2,0,0,0,0,0,0,0,0,3,1,2
2019-20,33,Tamilnadu,3309,NAMAKKAL,330904,ERUMAPATTI,1,"Department of Education",2,"UPS (I-VIII)",6,M.Phil,4,"M.Ed. or equivalent",0,0,0,0,0,0,0,0,0,1,0,0,0,0,0,0,0,0,1,0,1
2019-20,33,Tamilnadu,3309,NAMAKKAL,330905,SENDAMANGALAM,1,"Department of Education",2,"UPS (I-VIII)",6,M.Phil,4,"M.Ed. or equivalent",0,0,0,0,0,0,0,0,0,1,0,0,0,0,0,0,0,0,1,0,1
2019-20,33,Tamilnadu,3309,NAMAKKAL,330907,RASIPURAM,1,"Department of Education",2,"UPS (I-VIII)",6,M.Phil,4,"M.Ed. or equivalent",0,0,0,0,0,0,0,0,2,0,0,0,0,0,0,0,0,0,2,2,0
2019-20,33,Tamilnadu,3309,NAMAKKAL,330910,TIRUCHENGODE,1,"Department of Education",2,"UPS (I-VIII)",6,M.Phil,4,"M.Ed. or equivalent",0,0,0,0,0,0,0,0,1,0,0,0,0,0,0,0,0,0,1,1,0
2019-20,33,Tamilnadu,3309,NAMAKKAL,330911,PALLIPALAYAM,1,"Department of Education",2,"UPS (I-VIII)",6,M.Phil,4,"M.Ed. or equivalent",0,0,0,0,0,0,0,0,0,1,0,0,0,0,0,0,0,0,1,0,1
2019-20,33,Tamilnadu,3309,NAMAKKAL,330913,ELACHIPALAYAM,1,"Department of Education",2,"UPS (I-VIII)",6,M.Phil,4,"M.Ed. or equivalent",0,0,0,0,0,0,0,0,0,1,0,0,0,0,0,0,0,0,1,0,1
2019-20,33,Tamilnadu,3309,NAMAKKAL,330915,KABILARMALAI,1,"Department of Education",2,"UPS (I-VIII)",6,M.Phil,4,"M.Ed. or equivalent",0,0,0,0,0,0,0,1,2,0,0,0,0,0,0,0,0,0,3,2,1
2019-20,33,Tamilnadu,3309,NAMAKKAL,330903,MOHANUR,1,"Department of Education",3,"HSS (I-XII)",6,M.Phil,4,"M.Ed. or equivalent",0,0,0,0,0,0,0,0,0,0,0,0,0,0,0,0,0,2,2,0,2
2019-20,33,Tamilnadu,3309,NAMAKKAL,330901,NAMAKKAL,1,"Department of Education",5,"HSS (VI-XII)",6,M.Phil,4,"M.Ed. or equivalent",0,0,0,0,0,0,0,0,0,0,0,3,1,1,0,2,2,12,21,3,18
2019-20,33,Tamilnadu,3309,NAMAKKAL,330903,MOHANUR,1,"Department of Education",5,"HSS (VI-XII)",6,M.Phil,4,"M.Ed. or equivalent",0,0,0,0,0,0,0,0,0,0,0,3,0,0,3,1,3,3,13,6,7
2019-20,33,Tamilnadu,3309,NAMAKKAL,330904,ERUMAPATTI,1,"Department of Education",5,"HSS (VI-XII)",6,M.Phil,4,"M.Ed. or equivalent",0,0,0,0,0,0,0,0,0,0,0,0,1,3,1,3,4,4,16,6,10
2019-20,33,Tamilnadu,3309,NAMAKKAL,330905,SENDAMANGALAM,1,"Department of Education",5,"HSS (VI-XII)",6,M.Phil,4,"M.Ed. or equivalent",0,0,0,0,0,0,0,0,0,0,0,2,1,0,2,0,3,4,12,6,6
2019-20,33,Tamilnadu,3309,NAMAKKAL,330906,PUDUCHATRAM,1,"Department of Education",5,"HSS (VI-XII)",6,M.Phil,4,"M.Ed. or equivalent",0,0,0,0,0,0,0,0,0,0,1,2,0,1,2,0,6,4,16,9,7
2019-20,33,Tamilnadu,3309,NAMAKKAL,330907,RASIPURAM,1,"Department of Education",5,"HSS (VI-XII)",6,M.Phil,4,"M.Ed. or equivalent",0,0,0,0,0,0,0,0,0,0,0,1,1,0,0,0,9,10,21,10,11
2019-20,33,Tamilnadu,3309,NAMAKKAL,330908,VENNANDUR,1,"Department of Education",5,"HSS (VI-XII)",6,M.Phil,4,"M.Ed. or equivalent",0,0,0,0,0,0,0,0,0,1,3,1,0,0,0,0,4,1,10,7,3
2019-20,33,Tamilnadu,3309,NAMAKKAL,330909,NAMAGIRIPET,1,"Department of Education",5,"HSS (VI-XII)",6,M.Phil,4,"M.Ed. or equivalent",0,0,0,0,0,0,0,0,0,0,0,1,0,0,1,0,1,1,4,2,2
2019-20,33,Tamilnadu,3309,NAMAKKAL,330910,TIRUCHENGODE,1,"Department of Education",5,"HSS (VI-XII)",6,M.Phil,4,"M.Ed. or equivalent",0,0,0,0,0,0,0,0,0,1,2,3,0,1,1,0,5,7,20,8,12
2019-20,33,Tamilnadu,3309,NAMAKKAL,330911,PALLIPALAYAM,1,"Department of Education",5,"HSS (VI-XII)",6,M.Phil,4,"M.Ed. or equivalent",0,0,0,0,0,0,0,0,0,0,2,4,0,1,0,2,7,4,20,9,11
2019-20,33,Tamilnadu,3309,NAMAKKAL,330912,MALLASAMUDRAM,1,"Department of Education",5,"HSS (VI-XII)",6,M.Phil,4,"M.Ed. or equivalent",0,0,0,0,0,0,0,0,0,0,1,0,0,1,1,0,3,4,10,5,5
2019-20,33,Tamilnadu,3309,NAMAKKAL,330913,ELACHIPALAYAM,1,"Department of Education",5,"HSS (VI-XII)",6,M.Phil,4,"M.Ed. or equivalent",0,0,0,0,0,0,0,0,0,0,1,3,0,0,3,0,5,2,14,9,5
2019-20,33,Tamilnadu,3309,NAMAKKAL,330914,PARAMATHI,1,"Department of Education",5,"HSS (VI-XII)",6,M.Phil,4,"M.Ed. or equivalent",0,0,0,0,0,0,0,0,0,0,1,1,0,0,0,1,4,3,10,5,5
2019-20,33,Tamilnadu,3309,NAMAKKAL,330915,KABILARMALAI,1,"Department of Education",5,"HSS (VI-XII)",6,M.Phil,4,"M.Ed. or equivalent",0,0,0,0,0,0,0,0,0,0,0,1,0,0,1,2,4,0,8,5,3
2019-20,33,Tamilnadu,3309,NAMAKKAL,330901,NAMAKKAL,1,"Department of Education",7,"SS (VI-X)",6,M.Phil,4,"M.Ed. or equivalent",0,0,0,0,0,0,0,0,0,0,1,2,0,2,0,0,0,0,5,1,4
2019-20,33,Tamilnadu,3309,NAMAKKAL,330904,ERUMAPATTI,1,"Department of Education",7,"SS (VI-X)",6,M.Phil,4,"M.Ed. or equivalent",0,0,0,0,0,0,0,0,0,0,0,1,0,0,0,0,0,0,1,0,1
2019-20,33,Tamilnadu,3309,NAMAKKAL,330907,RASIPURAM,1,"Department of Education",7,"SS (VI-X)",6,M.Phil,4,"M.Ed. or equivalent",0,0,0,0,0,0,0,0,0,0,0,0,1,0,0,0,0,0,1,1,0
2019-20,33,Tamilnadu,3309,NAMAKKAL,330908,VENNANDUR,1,"Department of Education",7,"SS (VI-X)",6,M.Phil,4,"M.Ed. or equivalent",0,0,0,0,0,0,0,0,0,0,0,1,0,0,0,0,0,0,1,0,1
2019-20,33,Tamilnadu,3309,NAMAKKAL,330909,NAMAGIRIPET,1,"Department of Education",7,"SS (VI-X)",6,M.Phil,4,"M.Ed. or equivalent",0,0,0,0,0,0,0,0,0,0,0,0,0,1,0,0,0,0,1,0,1
2019-20,33,Tamilnadu,3309,NAMAKKAL,330910,TIRUCHENGODE,1,"Department of Education",7,"SS (VI-X)",6,M.Phil,4,"M.Ed. or equivalent",0,0,0,0,0,0,0,0,0,0,1,0,1,1,0,0,0,0,3,2,1
2019-20,33,Tamilnadu,3309,NAMAKKAL,330911,PALLIPALAYAM,1,"Department of Education",7,"SS (VI-X)",6,M.Phil,4,"M.Ed. or equivalent",0,0,0,0,0,0,0,0,0,0,1,1,1,1,0,0,0,0,4,2,2
2019-20,33,Tamilnadu,3309,NAMAKKAL,330912,MALLASAMUDRAM,1,"Department of Education",7,"SS (VI-X)",6,M.Phil,4,"M.Ed. or equivalent",0,0,0,0,0,0,0,0,0,0,0,0,0,1,0,0,0,0,1,0,1
2019-20,33,Tamilnadu,3309,NAMAKKAL,330914,PARAMATHI,1,"Department of Education",7,"SS (VI-X)",6,M.Phil,4,"M.Ed. or equivalent",0,0,0,0,0,0,0,0,0,0,0,2,1,0,0,0,0,0,3,1,2
2019-20,33,Tamilnadu,3309,NAMAKKAL,330915,KABILARMALAI,1,"Department of Education",7,"SS (VI-X)",6,M.Phil,4,"M.Ed. or equivalent",0,0,0,0,0,0,0,0,2,0,3,0,0,0,0,0,0,0,5,5,0
2019-20,33,Tamilnadu,3309,NAMAKKAL,330901,NAMAKKAL,1,"Department of Education",5,"HSS (VI-XII)",6,M.Phil,5,Others,0,0,0,0,0,0,0,0,0,0,0,0,0,0,0,0,0,1,1,0,1
2019-20,33,Tamilnadu,3309,NAMAKKAL,330907,RASIPURAM,1,"Department of Education",5,"HSS (VI-XII)",6,M.Phil,5,Others,0,0,0,0,0,0,0,0,0,1,0,0,0,0,0,0,0,0,1,0,1
2019-20,33,Tamilnadu,3309,NAMAKKAL,330909,NAMAGIRIPET,1,"Department of Education",5,"HSS (VI-XII)",6,M.Phil,5,Others,0,0,0,0,0,0,0,0,0,0,0,1,0,0,0,0,0,0,1,0,1
2019-20,33,Tamilnadu,3309,NAMAKKAL,330908,VENNANDUR,1,"Department of Education",7,"SS (VI-X)",6,M.Phil,5,Others,0,0,0,0,0,0,0,0,0,1,0,0,0,0,0,0,0,0,1,0,1
2019-20,33,Tamilnadu,3309,NAMAKKAL,330901,NAMAKKAL,1,"Department of Education",5,"HSS (VI-XII)",6,M.Phil,6,None,0,0,0,0,0,0,0,0,0,0,0,0,0,0,0,0,0,1,1,0,1
2019-20,33,Tamilnadu,3309,NAMAKKAL,330904,ERUMAPATTI,1,"Department of Education",5,"HSS (VI-XII)",6,M.Phil,6,None,0,0,0,0,0,0,0,0,1,1,0,0,0,0,0,0,0,0,2,1,1
2019-20,33,Tamilnadu,3309,NAMAKKAL,330905,SENDAMANGALAM,1,"Department of Education",5,"HSS (VI-XII)",6,M.Phil,6,None,0,0,0,0,0,0,0,0,0,0,0,0,1,0,0,0,1,0,2,2,0
2019-20,33,Tamilnadu,3309,NAMAKKAL,330906,PUDUCHATRAM,1,"Department of Education",5,"HSS (VI-XII)",6,M.Phil,6,None,0,0,0,0,0,0,0,0,1,0,0,0,0,0,0,0,0,0,1,1,0
2019-20,33,Tamilnadu,3309,NAMAKKAL,330907,RASIPURAM,1,"Department of Education",5,"HSS (VI-XII)",6,M.Phil,6,None,0,0,0,0,0,0,0,0,0,1,0,0,0,0,0,0,0,0,1,0,1
2019-20,33,Tamilnadu,3309,NAMAKKAL,330908,VENNANDUR,1,"Department of Education",5,"HSS (VI-XII)",6,M.Phil,6,None,0,0,0,0,0,0,0,0,0,0,1,0,0,0,0,0,0,0,1,1,0
2019-20,33,Tamilnadu,3309,NAMAKKAL,330909,NAMAGIRIPET,1,"Department of Education",5,"HSS (VI-XII)",6,M.Phil,6,None,0,0,0,0,0,0,0,0,1,0,0,0,0,0,0,1,0,0,2,1,1
2019-20,33,Tamilnadu,3309,NAMAKKAL,330911,PALLIPALAYAM,1,"Department of Education",5,"HSS (VI-XII)",6,M.Phil,6,None,0,0,0,0,0,0,0,0,1,0,1,0,0,0,0,0,0,0,2,2,0
2019-20,33,Tamilnadu,3309,NAMAKKAL,330913,ELACHIPALAYAM,1,"Department of Education",5,"HSS (VI-XII)",6,M.Phil,6,None,0,0,0,0,0,0,0,0,0,0,0,0,0,0,1,1,0,0,2,1,1
2019-20,33,Tamilnadu,3309,NAMAKKAL,330914,PARAMATHI,1,"Department of Education",5,"HSS (VI-XII)",6,M.Phil,6,None,0,0,0,0,0,0,0,0,1,0,0,0,0,0,0,1,0,0,2,1,1
2019-20,33,Tamilnadu,3309,NAMAKKAL,330908,VENNANDUR,1,"Department of Education",7,"SS (VI-X)",6,M.Phil,6,None,0,0,0,0,0,0,0,0,1,0,0,0,0,0,0,0,0,0,1,1,0
2019-20,33,Tamilnadu,3309,NAMAKKAL,330914,PARAMATHI,1,"Department of Education",7,"SS (VI-X)",6,M.Phil,6,None,0,0,0,0,0,0,0,0,0,1,0,0,0,0,0,0,0,0,1,0,1
2019-20,33,Tamilnadu,3309,NAMAKKAL,330913,ELACHIPALAYAM,1,"Department of Education",1,"PS (I-V)",7,Ph.D,3,"B.Ed. or equivalent",0,0,0,0,1,0,0,0,0,0,0,0,0,0,0,0,0,0,1,1,0
2019-20,33,Tamilnadu,3309,NAMAKKAL,330901,NAMAKKAL,1,"Department of Education",5,"HSS (VI-XII)",7,Ph.D,3,"B.Ed. or equivalent",0,0,0,0,0,0,0,0,0,0,0,0,0,0,0,0,1,1,2,1,1
2019-20,33,Tamilnadu,3309,NAMAKKAL,330902,KOLLIHILLS,1,"Department of Education",5,"HSS (VI-XII)",7,Ph.D,3,"B.Ed. or equivalent",0,0,0,0,0,0,0,0,0,0,0,0,0,0,0,0,1,0,1,1,0
2019-20,33,Tamilnadu,3309,NAMAKKAL,330904,ERUMAPATTI,1,"Department of Education",5,"HSS (VI-XII)",7,Ph.D,3,"B.Ed. or equivalent",0,0,0,0,0,0,0,0,0,0,0,0,0,0,0,0,0,1,1,0,1
2019-20,33,Tamilnadu,3309,NAMAKKAL,330908,VENNANDUR,1,"Department of Education",5,"HSS (VI-XII)",7,Ph.D,3,"B.Ed. or equivalent",0,0,0,0,0,0,0,0,0,0,0,0,0,0,0,0,1,0,1,1,0
2019-20,33,Tamilnadu,3309,NAMAKKAL,330909,NAMAGIRIPET,1,"Department of Education",5,"HSS (VI-XII)",7,Ph.D,3,"B.Ed. or equivalent",0,0,0,0,0,0,0,0,0,0,0,0,0,0,0,0,1,1,2,1,1
2019-20,33,Tamilnadu,3309,NAMAKKAL,330910,TIRUCHENGODE,1,"Department of Education",5,"HSS (VI-XII)",7,Ph.D,3,"B.Ed. or equivalent",0,0,0,0,0,0,0,0,0,0,0,0,0,0,0,0,0,1,1,0,1
2019-20,33,Tamilnadu,3309,NAMAKKAL,330913,ELACHIPALAYAM,1,"Department of Education",5,"HSS (VI-XII)",7,Ph.D,3,"B.Ed. or equivalent",0,0,0,0,0,0,0,0,0,0,0,0,0,0,0,0,1,0,1,1,0
2019-20,33,Tamilnadu,3309,NAMAKKAL,330914,PARAMATHI,1,"Department of Education",5,"HSS (VI-XII)",7,Ph.D,3,"B.Ed. or equivalent",0,0,0,0,0,0,0,0,0,0,0,0,0,0,0,1,0,0,1,0,1
2019-20,33,Tamilnadu,3309,NAMAKKAL,330915,KABILARMALAI,1,"Department of Education",5,"HSS (VI-XII)",7,Ph.D,3,"B.Ed. or equivalent",0,0,0,0,0,0,0,0,0,0,0,0,0,0,0,0,0,1,1,0,1
2019-20,33,Tamilnadu,3309,NAMAKKAL,330901,NAMAKKAL,1,"Department of Education",7,"SS (VI-X)",7,Ph.D,3,"B.Ed. or equivalent",0,0,0,0,0,0,0,0,0,0,0,1,0,0,0,0,0,0,1,0,1
2019-20,33,Tamilnadu,3309,NAMAKKAL,330908,VENNANDUR,1,"Department of Education",5,"HSS (VI-XII)",7,Ph.D,4,"M.Ed. or equivalent",0,0,0,0,0,0,0,0,0,0,0,0,0,0,0,0,0,1,1,0,1
2019-20,33,Tamilnadu,3309,NAMAKKAL,330910,TIRUCHENGODE,1,"Department of Education",5,"HSS (VI-XII)",7,Ph.D,4,"M.Ed. or equivalent",0,0,0,0,0,0,0,0,0,0,2,0,0,0,1,0,0,0,3,3,0
2019-20,33,Tamilnadu,3309,NAMAKKAL,330914,PARAMATHI,1,"Department of Education",5,"HSS (VI-XII)",7,Ph.D,4,"M.Ed. or equivalent",0,0,0,0,0,0,0,0,0,0,0,0,0,0,0,0,0,1,1,0,1
2019-20,33,Tamilnadu,3309,NAMAKKAL,330915,KABILARMALAI,1,"Department of Education",7,"SS (VI-X)",7,Ph.D,4,"M.Ed. or equivalent",0,0,0,0,0,0,0,0,0,0,0,0,1,0,0,0,0,0,1,1,0
2019-20,33,Tamilnadu,3309,NAMAKKAL,330901,NAMAKKAL,13,"Government Aided",1,"PS (I-V)",1,"Below Secondary",1,"Diploma or certificate in basic teachers training of a duration not less than two years",0,0,0,0,0,1,0,0,0,0,0,0,0,0,0,0,0,0,1,0,1
2019-20,33,Tamilnadu,3309,NAMAKKAL,330904,ERUMAPATTI,13,"Government Aided",1,"PS (I-V)",1,"Below Secondary",1,"Diploma or certificate in basic teachers training of a duration not less than two years",0,0,0,0,2,0,0,0,0,0,0,0,0,0,0,0,0,0,2,2,0
2019-20,33,Tamilnadu,3309,NAMAKKAL,330905,SENDAMANGALAM,13,"Government Aided",1,"PS (I-V)",1,"Below Secondary",1,"Diploma or certificate in basic teachers training of a duration not less than two years",0,0,0,0,1,0,0,0,0,0,0,0,0,0,0,0,0,0,1,1,0
2019-20,33,Tamilnadu,3309,NAMAKKAL,330907,RASIPURAM,13,"Government Aided",1,"PS (I-V)",1,"Below Secondary",1,"Diploma or certificate in basic teachers training of a duration not less than two years",0,0,0,0,0,1,0,0,0,0,0,0,0,0,0,0,0,0,1,0,1
2019-20,33,Tamilnadu,3309,NAMAKKAL,330913,ELACHIPALAYAM,13,"Government Aided",1,"PS (I-V)",1,"Below Secondary",1,"Diploma or certificate in basic teachers training of a duration not less than two years",0,0,0,0,0,1,0,0,0,0,0,0,0,0,0,0,0,0,1,0,1
2019-20,33,Tamilnadu,3309,NAMAKKAL,330907,RASIPURAM,24,"Private Unaided (Recognized)",1,"PS (I-V)",3,"Higher secondary",5,Others,0,1,0,0,0,1,0,0,0,0,0,0,0,0,0,0,0,0,2,0,2
2019-20,33,Tamilnadu,3309,NAMAKKAL,330907,RASIPURAM,13,"Government Aided",2,"UPS (I-VIII)",1,"Below Secondary",1,"Diploma or certificate in basic teachers training of a duration not less than two years",0,0,0,0,0,1,0,0,0,0,0,0,0,0,0,0,0,0,1,0,1
2019-20,33,Tamilnadu,3309,NAMAKKAL,330908,VENNANDUR,13,"Government Aided",6,"SS (I-X)",1,"Below Secondary",3,"B.Ed. or equivalent",0,0,0,0,0,0,0,1,0,0,0,0,0,0,0,0,0,0,1,0,1
2019-20,33,Tamilnadu,3309,NAMAKKAL,330911,PALLIPALAYAM,24,"Private Unaided (Recognized)",1,"PS (I-V)",3,"Higher secondary",5,Others,0,1,0,0,1,3,0,0,0,0,0,0,0,0,0,0,0,0,5,1,4
2019-20,33,Tamilnadu,3309,NAMAKKAL,330910,TIRUCHENGODE,13,"Government Aided",2,"UPS (I-VIII)",1,"Below Secondary",3,"B.Ed. or equivalent",0,0,0,0,0,0,0,1,0,0,0,0,0,0,0,0,0,0,1,0,1
2019-20,33,Tamilnadu,3309,NAMAKKAL,330907,RASIPURAM,13,"Government Aided",2,"UPS (I-VIII)",1,"Below Secondary",4,"M.Ed. or equivalent",0,0,0,0,0,0,0,0,0,1,0,0,0,0,0,0,0,0,1,0,1
2019-20,33,Tamilnadu,3309,NAMAKKAL,330907,RASIPURAM,13,"Government Aided",2,"UPS (I-VIII)",1,"Below Secondary",5,Others,0,0,0,0,0,1,0,0,0,0,0,0,0,0,0,0,0,0,1,0,1
2019-20,33,Tamilnadu,3309,NAMAKKAL,330911,PALLIPALAYAM,13,"Government Aided",2,"UPS (I-VIII)",1,"Below Secondary",5,Others,0,0,0,0,0,0,0,0,0,1,0,0,0,0,0,0,0,0,1,0,1
2019-20,33,Tamilnadu,3309,NAMAKKAL,330911,PALLIPALAYAM,13,"Government Aided",5,"HSS (VI-XII)",1,"Below Secondary",5,Others,0,0,0,0,0,0,0,0,0,0,0,1,0,0,0,0,0,0,1,0,1
2019-20,33,Tamilnadu,3309,NAMAKKAL,330908,VENNANDUR,13,"Government Aided",6,"SS (I-X)",1,"Below Secondary",5,Others,0,0,0,0,0,0,0,0,0,0,0,0,1,0,0,0,0,0,1,1,0
2019-20,33,Tamilnadu,3309,NAMAKKAL,330901,NAMAKKAL,13,"Government Aided",7,"SS (VI-X)",1,"Below Secondary",6,None,0,0,0,0,0,0,0,0,0,0,0,0,0,1,0,0,0,0,1,0,1
2019-20,33,Tamilnadu,3309,NAMAKKAL,330901,NAMAKKAL,13,"Government Aided",1,"PS (I-V)",3,"Higher secondary",1,"Diploma or certificate in basic teachers training of a duration not less than two years",0,0,0,0,2,7,0,0,0,0,0,0,0,0,0,0,0,0,9,2,7
2019-20,33,Tamilnadu,3309,NAMAKKAL,330903,MOHANUR,13,"Government Aided",1,"PS (I-V)",3,"Higher secondary",1,"Diploma or certificate in basic teachers training of a duration not less than two years",0,0,0,0,0,1,0,0,0,0,0,0,0,0,0,0,0,0,1,0,1
2019-20,33,Tamilnadu,3309,NAMAKKAL,330904,ERUMAPATTI,13,"Government Aided",1,"PS (I-V)",3,"Higher secondary",1,"Diploma or certificate in basic teachers training of a duration not less than two years",0,0,0,0,1,2,0,0,0,0,0,0,0,0,0,0,0,0,3,1,2
2019-20,33,Tamilnadu,3309,NAMAKKAL,330905,SENDAMANGALAM,13,"Government Aided",1,"PS (I-V)",3,"Higher secondary",1,"Diploma or certificate in basic teachers training of a duration not less than two years",0,0,0,0,0,1,0,0,0,0,0,0,0,0,0,0,0,0,1,0,1
2019-20,33,Tamilnadu,3309,NAMAKKAL,330907,RASIPURAM,13,"Government Aided",1,"PS (I-V)",3,"Higher secondary",1,"Diploma or certificate in basic teachers training of a duration not less than two years",0,0,0,0,0,2,0,0,0,0,0,0,0,0,0,0,0,0,2,0,2
2019-20,33,Tamilnadu,3309,NAMAKKAL,330910,TIRUCHENGODE,13,"Government Aided",1,"PS (I-V)",3,"Higher secondary",1,"Diploma or certificate in basic teachers training of a duration not less than two years",0,0,0,0,2,5,0,0,0,0,0,0,0,0,0,0,0,0,7,2,5
2019-20,33,Tamilnadu,3309,NAMAKKAL,330911,PALLIPALAYAM,13,"Government Aided",1,"PS (I-V)",3,"Higher secondary",1,"Diploma or certificate in basic teachers training of a duration not less than two years",0,0,0,0,0,2,0,0,0,0,0,0,0,0,0,0,0,0,2,0,2
2019-20,33,Tamilnadu,3309,NAMAKKAL,330912,MALLASAMUDRAM,13,"Government Aided",1,"PS (I-V)",3,"Higher secondary",1,"Diploma or certificate in basic teachers training of a duration not less than two years",0,0,0,0,2,2,0,0,0,0,0,0,0,0,0,0,0,0,4,2,2
2019-20,33,Tamilnadu,3309,NAMAKKAL,330914,PARAMATHI,13,"Government Aided",1,"PS (I-V)",3,"Higher secondary",1,"Diploma or certificate in basic teachers training of a duration not less than two years",0,0,0,0,0,3,0,0,0,0,0,0,0,0,0,0,0,0,3,0,3
2019-20,33,Tamilnadu,3309,NAMAKKAL,330901,NAMAKKAL,13,"Government Aided",2,"UPS (I-VIII)",3,"Higher secondary",1,"Diploma or certificate in basic teachers training of a duration not less than two years",0,0,0,0,0,1,0,0,0,0,0,0,0,0,0,0,0,0,1,0,1
2019-20,33,Tamilnadu,3309,NAMAKKAL,330903,MOHANUR,13,"Government Aided",2,"UPS (I-VIII)",3,"Higher secondary",1,"Diploma or certificate in basic teachers training of a duration not less than two years",0,0,0,0,0,1,0,0,0,0,0,0,0,0,0,0,0,0,1,0,1
2019-20,33,Tamilnadu,3309,NAMAKKAL,330907,RASIPURAM,13,"Government Aided",2,"UPS (I-VIII)",3,"Higher secondary",1,"Diploma or certificate in basic teachers training of a duration not less than two years",0,0,0,0,0,1,0,0,0,0,0,0,0,0,0,0,0,0,1,0,1
2019-20,33,Tamilnadu,3309,NAMAKKAL,330910,TIRUCHENGODE,13,"Government Aided",2,"UPS (I-VIII)",3,"Higher secondary",1,"Diploma or certificate in basic teachers training of a duration not less than two years",0,0,0,0,0,2,0,0,0,0,0,0,0,0,0,0,0,0,2,0,2
2019-20,33,Tamilnadu,3309,NAMAKKAL,330911,PALLIPALAYAM,13,"Government Aided",2,"UPS (I-VIII)",3,"Higher secondary",1,"Diploma or certificate in basic teachers training of a duration not less than two years",0,0,0,0,0,1,0,0,0,0,0,0,0,0,0,0,0,0,1,0,1
2019-20,33,Tamilnadu,3309,NAMAKKAL,330913,ELACHIPALAYAM,13,"Government Aided",2,"UPS (I-VIII)",3,"Higher secondary",1,"Diploma or certificate in basic teachers training of a duration not less than two years",0,0,0,0,0,1,0,0,0,0,0,0,0,0,0,0,0,0,1,0,1
2019-20,33,Tamilnadu,3309,NAMAKKAL,330910,TIRUCHENGODE,13,"Government Aided",2,"UPS (I-VIII)",3,"Higher secondary",3,"B.Ed. or equivalent",0,0,0,0,0,0,0,3,0,0,0,0,0,0,0,0,0,0,3,0,3
2019-20,33,Tamilnadu,3309,NAMAKKAL,330907,RASIPURAM,13,"Government Aided",5,"HSS (VI-XII)",3,"Higher secondary",3,"B.Ed. or equivalent",0,0,0,0,0,0,0,0,0,1,0,0,0,0,0,0,0,0,1,0,1
2019-20,33,Tamilnadu,3309,NAMAKKAL,330907,RASIPURAM,13,"Government Aided",7,"SS (VI-X)",3,"Higher secondary",3,"B.Ed. or equivalent",0,0,0,0,0,0,0,0,0,3,0,1,0,0,0,0,0,0,4,0,4
2019-20,33,Tamilnadu,3309,NAMAKKAL,330901,NAMAKKAL,13,"Government Aided",2,"UPS (I-VIII)",3,"Higher secondary",5,Others,0,0,0,0,0,0,0,0,0,1,0,0,0,0,0,0,0,0,1,0,1
2019-20,33,Tamilnadu,3309,NAMAKKAL,330907,RASIPURAM,13,"Government Aided",5,"HSS (VI-XII)",3,"Higher secondary",5,Others,0,0,0,0,0,0,0,0,0,0,1,1,0,0,0,0,0,0,2,1,1
2019-20,33,Tamilnadu,3309,NAMAKKAL,330911,PALLIPALAYAM,13,"Government Aided",5,"HSS (VI-XII)",3,"Higher secondary",5,Others,0,0,0,0,0,0,0,0,0,0,0,1,0,0,0,0,0,0,1,0,1
2019-20,33,Tamilnadu,3309,NAMAKKAL,330914,PARAMATHI,13,"Government Aided",5,"HSS (VI-XII)",3,"Higher secondary",5,Others,0,0,0,0,0,0,0,0,0,0,0,0,0,0,0,0,1,0,1,1,0
2019-20,33,Tamilnadu,3309,NAMAKKAL,330908,VENNANDUR,13,"Government Aided",6,"SS (I-X)",3,"Higher secondary",5,Others,0,0,0,0,0,0,0,0,0,0,0,0,1,0,0,0,0,0,1,1,0
2019-20,33,Tamilnadu,3309,NAMAKKAL,330914,PARAMATHI,13,"Government Aided",7,"SS (VI-X)",3,"Higher secondary",5,Others,0,0,0,0,0,0,0,0,0,0,0,0,2,0,0,0,0,0,2,2,0
2019-20,33,Tamilnadu,3309,NAMAKKAL,330901,NAMAKKAL,13,"Government Aided",1,"PS (I-V)",4,Graduate,1,"Diploma or certificate in basic teachers training of a duration not less than two years",0,0,0,0,2,4,0,0,0,0,0,0,0,0,0,0,0,0,6,2,4
2019-20,33,Tamilnadu,3309,NAMAKKAL,330904,ERUMAPATTI,13,"Government Aided",1,"PS (I-V)",4,Graduate,1,"Diploma or certificate in basic teachers training of a duration not less than two years",0,0,0,0,0,1,0,0,0,0,0,0,0,0,0,0,0,0,1,0,1
2019-20,33,Tamilnadu,3309,NAMAKKAL,330905,SENDAMANGALAM,13,"Government Aided",1,"PS (I-V)",4,Graduate,1,"Diploma or certificate in basic teachers training of a duration not less than two years",0,0,0,0,0,2,0,0,0,0,0,0,0,0,0,0,0,0,2,0,2
2019-20,33,Tamilnadu,3309,NAMAKKAL,330907,RASIPURAM,13,"Government Aided",1,"PS (I-V)",4,Graduate,1,"Diploma or certificate in basic teachers training of a duration not less than two years",0,0,0,0,0,1,0,0,0,0,0,0,0,0,0,0,0,0,1,0,1
2019-20,33,Tamilnadu,3309,NAMAKKAL,330908,VENNANDUR,13,"Government Aided",1,"PS (I-V)",4,Graduate,1,"Diploma or certificate in basic teachers training of a duration not less than two years",0,0,0,0,0,1,0,0,0,0,0,0,0,0,0,0,0,0,1,0,1
2019-20,33,Tamilnadu,3309,NAMAKKAL,330910,TIRUCHENGODE,13,"Government Aided",1,"PS (I-V)",4,Graduate,1,"Diploma or certificate in basic teachers training of a duration not less than two years",0,0,0,0,1,8,0,0,0,0,0,0,0,0,0,0,0,0,9,1,8
2019-20,33,Tamilnadu,3309,NAMAKKAL,330911,PALLIPALAYAM,13,"Government Aided",1,"PS (I-V)",4,Graduate,1,"Diploma or certificate in basic teachers training of a duration not less than two years",0,0,0,0,0,3,0,0,0,0,0,0,0,0,0,0,0,0,3,0,3
2019-20,33,Tamilnadu,3309,NAMAKKAL,330907,RASIPURAM,13,"Government Aided",2,"UPS (I-VIII)",4,Graduate,1,"Diploma or certificate in basic teachers training of a duration not less than two years",0,0,0,0,3,3,0,0,0,0,0,0,0,0,0,0,0,0,6,3,3
2019-20,33,Tamilnadu,3309,NAMAKKAL,330903,MOHANUR,13,"Government Aided",2,"UPS (I-VIII)",4,Graduate,1,"Diploma or certificate in basic teachers training of a duration not less than two years",0,0,0,0,0,1,0,0,0,0,0,0,0,0,0,0,0,0,1,0,1
2019-20,33,Tamilnadu,3309,NAMAKKAL,330910,TIRUCHENGODE,13,"Government Aided",2,"UPS (I-VIII)",4,Graduate,1,"Diploma or certificate in basic teachers training of a duration not less than two years",0,0,0,0,0,2,0,0,0,0,0,0,0,0,0,0,0,0,2,0,2
2019-20,33,Tamilnadu,3309,NAMAKKAL,330913,ELACHIPALAYAM,13,"Government Aided",2,"UPS (I-VIII)",4,Graduate,1,"Diploma or certificate in basic teachers training of a duration not less than two years",0,0,0,0,0,2,0,0,0,0,0,0,0,0,0,0,0,0,2,0,2
2019-20,33,Tamilnadu,3309,NAMAKKAL,330908,VENNANDUR,13,"Government Aided",6,"SS (I-X)",4,Graduate,1,"Diploma or certificate in basic teachers training of a duration not less than two years",0,0,0,0,0,1,0,0,0,0,0,0,0,0,0,0,0,0,1,0,1
2019-20,33,Tamilnadu,3309,NAMAKKAL,330901,NAMAKKAL,13,"Government Aided",1,"PS (I-V)",4,Graduate,3,"B.Ed. or equivalent",0,0,0,0,1,0,0,0,0,0,0,0,0,0,0,0,0,0,1,1,0
2019-20,33,Tamilnadu,3309,NAMAKKAL,330904,ERUMAPATTI,13,"Government Aided",1,"PS (I-V)",4,Graduate,3,"B.Ed. or equivalent",0,0,0,0,2,5,0,0,0,0,0,0,0,0,0,0,0,0,7,2,5
2019-20,33,Tamilnadu,3309,NAMAKKAL,330905,SENDAMANGALAM,13,"Government Aided",1,"PS (I-V)",4,Graduate,3,"B.Ed. or equivalent",0,0,0,0,1,3,0,0,0,0,0,0,0,0,0,0,0,0,4,1,3
2019-20,33,Tamilnadu,3309,NAMAKKAL,330906,PUDUCHATRAM,13,"Government Aided",1,"PS (I-V)",4,Graduate,3,"B.Ed. or equivalent",0,0,0,0,0,1,0,0,0,0,0,0,0,0,0,0,0,0,1,0,1
2019-20,33,Tamilnadu,3309,NAMAKKAL,330907,RASIPURAM,13,"Government Aided",1,"PS (I-V)",4,Graduate,3,"B.Ed. or equivalent",0,0,0,0,1,8,0,0,0,0,0,0,0,0,0,0,0,0,9,1,8
2019-20,33,Tamilnadu,3309,NAMAKKAL,330911,PALLIPALAYAM,13,"Government Aided",1,"PS (I-V)",4,Graduate,3,"B.Ed. or equivalent",0,0,0,0,0,2,0,0,0,0,0,0,0,0,0,0,0,0,2,0,2
2019-20,33,Tamilnadu,3309,NAMAKKAL,330914,PARAMATHI,13,"Government Aided",1,"PS (I-V)",4,Graduate,3,"B.Ed. or equivalent",0,0,0,0,0,1,0,0,0,0,0,0,0,0,0,0,0,0,1,0,1
2019-20,33,Tamilnadu,3309,NAMAKKAL,330901,NAMAKKAL,13,"Government Aided",2,"UPS (I-VIII)",4,Graduate,3,"B.Ed. or equivalent",0,0,0,0,0,0,0,0,1,1,0,0,0,0,0,0,0,0,2,1,1
2019-20,33,Tamilnadu,3309,NAMAKKAL,330903,MOHANUR,13,"Government Aided",2,"UPS (I-VIII)",4,Graduate,3,"B.Ed. or equivalent",0,0,0,0,0,0,0,0,0,1,0,0,0,0,0,0,0,0,1,0,1
2019-20,33,Tamilnadu,3309,NAMAKKAL,330907,RASIPURAM,13,"Government Aided",2,"UPS (I-VIII)",4,Graduate,3,"B.Ed. or equivalent",0,0,0,0,0,0,0,0,2,2,0,0,0,0,0,0,0,0,4,2,2
2019-20,33,Tamilnadu,3309,NAMAKKAL,330910,TIRUCHENGODE,13,"Government Aided",2,"UPS (I-VIII)",4,Graduate,3,"B.Ed. or equivalent",0,0,0,0,0,2,0,0,0,1,0,0,0,0,0,0,0,0,3,0,3
2019-20,33,Tamilnadu,3309,NAMAKKAL,330913,ELACHIPALAYAM,13,"Government Aided",2,"UPS (I-VIII)",4,Graduate,3,"B.Ed. or equivalent",0,0,0,0,0,0,0,0,1,1,0,0,0,0,0,0,0,0,2,1,1
2019-20,33,Tamilnadu,3309,NAMAKKAL,330915,KABILARMALAI,13,"Government Aided",2,"UPS (I-VIII)",4,Graduate,3,"B.Ed. or equivalent",0,0,0,0,0,0,0,0,1,0,0,0,0,0,0,0,0,0,1,1,0
2019-20,33,Tamilnadu,3309,NAMAKKAL,330907,RASIPURAM,13,"Government Aided",5,"HSS (VI-XII)",4,Graduate,3,"B.Ed. or equivalent",0,0,0,0,0,0,0,0,0,0,3,4,0,0,0,0,0,0,7,3,4
2019-20,33,Tamilnadu,3309,NAMAKKAL,330911,PALLIPALAYAM,13,"Government Aided",5,"HSS (VI-XII)",4,Graduate,3,"B.Ed. or equivalent",0,0,0,0,0,0,0,0,0,1,2,1,0,1,0,0,0,0,5,2,3
2019-20,33,Tamilnadu,3309,NAMAKKAL,330914,PARAMATHI,13,"Government Aided",5,"HSS (VI-XII)",4,Graduate,3,"B.Ed. or equivalent",0,0,0,0,0,0,0,0,0,1,0,0,0,0,0,1,1,0,3,1,2
2019-20,33,Tamilnadu,3309,NAMAKKAL,330908,VENNANDUR,13,"Government Aided",6,"SS (I-X)",4,Graduate,3,"B.Ed. or equivalent",0,0,0,0,0,0,0,1,0,0,0,0,0,0,0,0,0,0,1,0,1
2019-20,33,Tamilnadu,3309,NAMAKKAL,330907,RASIPURAM,13,"Government Aided",7,"SS (VI-X)",4,Graduate,3,"B.Ed. or equivalent",0,0,0,0,0,0,0,0,0,0,0,1,0,0,0,0,0,0,1,0,1
2019-20,33,Tamilnadu,3309,NAMAKKAL,330911,PALLIPALAYAM,13,"Government Aided",7,"SS (VI-X)",4,Graduate,3,"B.Ed. or equivalent",0,0,0,0,0,0,0,0,0,0,0,0,2,2,0,0,0,0,4,2,2
2019-20,33,Tamilnadu,3309,NAMAKKAL,330914,PARAMATHI,13,"Government Aided",7,"SS (VI-X)",4,Graduate,3,"B.Ed. or equivalent",0,0,0,0,0,0,0,0,0,1,0,0,0,1,0,0,0,0,2,0,2
2019-20,33,Tamilnadu,3309,NAMAKKAL,330911,PALLIPALAYAM,13,"Government Aided",5,"HSS (VI-XII)",4,Graduate,4,"M.Ed. or equivalent",0,0,0,0,0,0,0,0,0,0,0,0,0,1,0,0,0,0,1,0,1
2019-20,33,Tamilnadu,3309,NAMAKKAL,330906,PUDUCHATRAM,13,"Government Aided",2,"UPS (I-VIII)",4,Graduate,5,Others,0,0,0,0,0,0,0,0,0,1,0,0,0,0,0,0,0,0,1,0,1
2019-20,33,Tamilnadu,3309,NAMAKKAL,330914,PARAMATHI,13,"Government Aided",5,"HSS (VI-XII)",4,Graduate,5,Others,0,0,0,0,0,0,0,0,0,0,0,1,0,0,0,0,0,0,1,0,1
2019-20,33,Tamilnadu,3309,NAMAKKAL,330901,NAMAKKAL,13,"Government Aided",1,"PS (I-V)",5,"Post graduate",1,"Diploma or certificate in basic teachers training of a duration not less than two years",0,0,0,0,1,5,0,0,0,0,0,0,0,0,0,0,0,0,6,1,5
2019-20,33,Tamilnadu,3309,NAMAKKAL,330904,ERUMAPATTI,13,"Government Aided",1,"PS (I-V)",5,"Post graduate",1,"Diploma or certificate in basic teachers training of a duration not less than two years",0,0,0,0,0,5,0,0,0,0,0,0,0,0,0,0,0,0,5,0,5
2019-20,33,Tamilnadu,3309,NAMAKKAL,330905,SENDAMANGALAM,13,"Government Aided",1,"PS (I-V)",5,"Post graduate",1,"Diploma or certificate in basic teachers training of a duration not less than two years",0,0,0,0,0,2,0,0,0,0,0,0,0,0,0,0,0,0,2,0,2
2019-20,33,Tamilnadu,3309,NAMAKKAL,330906,PUDUCHATRAM,13,"Government Aided",1,"PS (I-V)",5,"Post graduate",1,"Diploma or certificate in basic teachers training of a duration not less than two years",0,0,0,0,0,1,0,0,0,0,0,0,0,0,0,0,0,0,1,0,1
2019-20,33,Tamilnadu,3309,NAMAKKAL,330907,RASIPURAM,13,"Government Aided",1,"PS (I-V)",5,"Post graduate",1,"Diploma or certificate in basic teachers training of a duration not less than two years",0,0,0,0,0,1,0,0,0,0,0,0,0,0,0,0,0,0,1,0,1
2019-20,33,Tamilnadu,3309,NAMAKKAL,330908,VENNANDUR,13,"Government Aided",1,"PS (I-V)",5,"Post graduate",1,"Diploma or certificate in basic teachers training of a duration not less than two years",0,0,0,0,0,3,0,0,0,0,0,0,0,0,0,0,0,0,3,0,3
2019-20,33,Tamilnadu,3309,NAMAKKAL,330910,TIRUCHENGODE,13,"Government Aided",1,"PS (I-V)",5,"Post graduate",1,"Diploma or certificate in basic teachers training of a duration not less than two years",0,0,0,0,0,4,0,0,0,0,0,0,0,0,0,0,0,0,4,0,4
2019-20,33,Tamilnadu,3309,NAMAKKAL,330911,PALLIPALAYAM,13,"Government Aided",1,"PS (I-V)",5,"Post graduate",1,"Diploma or certificate in basic teachers training of a duration not less than two years",0,0,0,0,0,9,0,0,0,0,0,0,0,0,0,0,0,0,9,0,9
2019-20,33,Tamilnadu,3309,NAMAKKAL,330914,PARAMATHI,13,"Government Aided",1,"PS (I-V)",5,"Post graduate",1,"Diploma or certificate in basic teachers training of a duration not less than two years",0,0,0,0,3,4,0,0,0,0,0,0,0,0,0,0,0,0,7,3,4
2019-20,33,Tamilnadu,3309,NAMAKKAL,330901,NAMAKKAL,13,"Government Aided",2,"UPS (I-VIII)",5,"Post graduate",1,"Diploma or certificate in basic teachers training of a duration not less than two years",0,0,0,0,0,1,0,0,0,0,0,0,0,0,0,0,0,0,1,0,1
2019-20,33,Tamilnadu,3309,NAMAKKAL,330903,MOHANUR,13,"Government Aided",2,"UPS (I-VIII)",5,"Post graduate",1,"Diploma or certificate in basic teachers training of a duration not less than two years",0,0,0,0,0,5,0,0,0,0,0,0,0,0,0,0,0,0,5,0,5
2019-20,33,Tamilnadu,3309,NAMAKKAL,330907,RASIPURAM,13,"Government Aided",2,"UPS (I-VIII)",5,"Post graduate",1,"Diploma or certificate in basic teachers training of a duration not less than two years",0,0,0,0,0,3,0,0,0,0,0,0,0,0,0,0,0,0,3,0,3
2019-20,33,Tamilnadu,3309,NAMAKKAL,330910,TIRUCHENGODE,13,"Government Aided",2,"UPS (I-VIII)",5,"Post graduate",1,"Diploma or certificate in basic teachers training of a duration not less than two years",0,0,0,0,1,0,0,0,0,0,0,0,0,0,0,0,0,0,1,1,0
2019-20,33,Tamilnadu,3309,NAMAKKAL,330901,NAMAKKAL,13,"Government Aided",1,"PS (I-V)",5,"Post graduate",3,"B.Ed. or equivalent",0,0,0,0,2,16,0,0,0,0,0,0,0,0,0,0,0,0,18,2,16
2019-20,33,Tamilnadu,3309,NAMAKKAL,330903,MOHANUR,13,"Government Aided",1,"PS (I-V)",5,"Post graduate",3,"B.Ed. or equivalent",0,0,0,0,1,0,0,0,0,0,0,0,0,0,0,0,0,0,1,1,0
2019-20,33,Tamilnadu,3309,NAMAKKAL,330904,ERUMAPATTI,13,"Government Aided",1,"PS (I-V)",5,"Post graduate",3,"B.Ed. or equivalent",0,0,0,0,2,17,0,0,0,0,0,0,0,0,0,0,0,0,19,2,17
2019-20,33,Tamilnadu,3309,NAMAKKAL,330905,SENDAMANGALAM,13,"Government Aided",1,"PS (I-V)",5,"Post graduate",3,"B.Ed. or equivalent",0,0,0,0,1,5,0,0,0,0,0,0,0,0,0,0,0,0,6,1,5
2019-20,33,Tamilnadu,3309,NAMAKKAL,330906,PUDUCHATRAM,13,"Government Aided",1,"PS (I-V)",5,"Post graduate",3,"B.Ed. or equivalent",0,0,0,0,0,1,0,0,0,0,0,0,0,0,0,0,0,0,1,0,1
2019-20,33,Tamilnadu,3309,NAMAKKAL,330907,RASIPURAM,13,"Government Aided",1,"PS (I-V)",5,"Post graduate",3,"B.Ed. or equivalent",0,0,0,0,2,18,0,0,0,0,0,0,0,0,0,0,0,0,20,2,18
2019-20,33,Tamilnadu,3309,NAMAKKAL,330910,TIRUCHENGODE,13,"Government Aided",1,"PS (I-V)",5,"Post graduate",3,"B.Ed. or equivalent",0,0,0,0,1,7,0,0,0,0,0,0,0,0,0,0,0,0,8,1,7
2019-20,33,Tamilnadu,3309,NAMAKKAL,330911,PALLIPALAYAM,13,"Government Aided",1,"PS (I-V)",5,"Post graduate",3,"B.Ed. or equivalent",0,0,0,0,0,8,0,0,0,0,0,0,0,0,0,0,0,0,8,0,8
2019-20,33,Tamilnadu,3309,NAMAKKAL,330912,MALLASAMUDRAM,13,"Government Aided",1,"PS (I-V)",5,"Post graduate",3,"B.Ed. or equivalent",0,0,0,0,0,3,0,0,0,0,0,0,0,0,0,0,0,0,3,0,3
2019-20,33,Tamilnadu,3309,NAMAKKAL,330913,ELACHIPALAYAM,13,"Government Aided",1,"PS (I-V)",5,"Post graduate",3,"B.Ed. or equivalent",0,0,0,0,0,3,0,0,0,0,0,0,0,0,0,0,0,0,3,0,3
2019-20,33,Tamilnadu,3309,NAMAKKAL,330914,PARAMATHI,13,"Government Aided",1,"PS (I-V)",5,"Post graduate",3,"B.Ed. or equivalent",0,0,0,0,1,6,0,0,0,0,0,0,0,0,0,0,0,0,7,1,6
2019-20,33,Tamilnadu,3309,NAMAKKAL,330915,KABILARMALAI,13,"Government Aided",1,"PS (I-V)",5,"Post graduate",3,"B.Ed. or equivalent",0,0,0,0,0,2,0,0,0,0,0,0,0,0,0,0,0,0,2,0,2
2019-20,33,Tamilnadu,3309,NAMAKKAL,330901,NAMAKKAL,13,"Government Aided",2,"UPS (I-VIII)",5,"Post graduate",3,"B.Ed. or equivalent",0,0,0,0,0,0,0,0,0,2,0,0,0,0,0,0,0,0,2,0,2
2019-20,33,Tamilnadu,3309,NAMAKKAL,330903,MOHANUR,13,"Government Aided",2,"UPS (I-VIII)",5,"Post graduate",3,"B.Ed. or equivalent",0,0,0,0,0,3,0,0,2,0,0,0,0,0,0,0,0,0,5,2,3
2019-20,33,Tamilnadu,3309,NAMAKKAL,330905,SENDAMANGALAM,13,"Government Aided",2,"UPS (I-VIII)",5,"Post graduate",3,"B.Ed. or equivalent",0,0,0,0,0,2,0,0,0,0,0,0,0,0,0,0,0,0,2,0,2
2019-20,33,Tamilnadu,3309,NAMAKKAL,330906,PUDUCHATRAM,13,"Government Aided",2,"UPS (I-VIII)",5,"Post graduate",3,"B.Ed. or equivalent",0,0,0,0,0,1,0,0,1,2,0,0,0,0,0,0,0,0,4,1,3
2019-20,33,Tamilnadu,3309,NAMAKKAL,330907,RASIPURAM,13,"Government Aided",2,"UPS (I-VIII)",5,"Post graduate",3,"B.Ed. or equivalent",0,0,0,0,1,0,0,5,2,3,0,0,0,0,0,0,0,0,11,3,8
2019-20,33,Tamilnadu,3309,NAMAKKAL,330910,TIRUCHENGODE,13,"Government Aided",2,"UPS (I-VIII)",5,"Post graduate",3,"B.Ed. or equivalent",0,0,0,0,0,3,0,2,1,6,0,0,0,0,0,0,0,0,12,1,11
2019-20,33,Tamilnadu,3309,NAMAKKAL,330911,PALLIPALAYAM,13,"Government Aided",2,"UPS (I-VIII)",5,"Post graduate",3,"B.Ed. or equivalent",0,0,0,0,0,1,0,0,0,1,0,0,0,0,0,0,0,0,2,0,2
2019-20,33,Tamilnadu,3309,NAMAKKAL,330913,ELACHIPALAYAM,13,"Government Aided",2,"UPS (I-VIII)",5,"Post graduate",3,"B.Ed. or equivalent",0,0,0,0,0,0,0,0,0,1,0,0,0,0,0,0,0,0,1,0,1
2019-20,33,Tamilnadu,3309,NAMAKKAL,330915,KABILARMALAI,13,"Government Aided",2,"UPS (I-VIII)",5,"Post graduate",3,"B.Ed. or equivalent",0,0,0,0,0,2,0,0,0,2,0,0,0,0,0,0,0,0,4,0,4
2019-20,33,Tamilnadu,3309,NAMAKKAL,330907,RASIPURAM,13,"Government Aided",5,"HSS (VI-XII)",5,"Post graduate",3,"B.Ed. or equivalent",0,0,0,0,0,0,0,0,0,0,2,6,0,1,2,3,0,7,21,4,17
2019-20,33,Tamilnadu,3309,NAMAKKAL,330911,PALLIPALAYAM,13,"Government Aided",5,"HSS (VI-XII)",5,"Post graduate",3,"B.Ed. or equivalent",0,0,0,0,0,0,0,0,2,5,0,2,0,3,1,5,1,2,21,4,17
2019-20,33,Tamilnadu,3309,NAMAKKAL,330914,PARAMATHI,13,"Government Aided",5,"HSS (VI-XII)",5,"Post graduate",3,"B.Ed. or equivalent",0,0,0,0,0,0,0,0,0,2,0,0,3,2,5,6,2,4,24,10,14
2019-20,33,Tamilnadu,3309,NAMAKKAL,330908,VENNANDUR,13,"Government Aided",6,"SS (I-X)",5,"Post graduate",3,"B.Ed. or equivalent",0,0,0,0,0,0,0,0,1,0,0,0,2,3,0,0,0,0,6,3,3
2019-20,33,Tamilnadu,3309,NAMAKKAL,330901,NAMAKKAL,13,"Government Aided",7,"SS (VI-X)",5,"Post graduate",3,"B.Ed. or equivalent",0,0,0,0,0,0,0,0,0,0,0,0,3,8,0,0,0,0,11,3,8
2019-20,33,Tamilnadu,3309,NAMAKKAL,330907,RASIPURAM,13,"Government Aided",7,"SS (VI-X)",5,"Post graduate",3,"B.Ed. or equivalent",0,0,0,0,0,0,0,0,0,0,0,1,0,3,0,0,0,0,4,0,4
2019-20,33,Tamilnadu,3309,NAMAKKAL,330908,VENNANDUR,13,"Government Aided",7,"SS (VI-X)",5,"Post graduate",3,"B.Ed. or equivalent",0,0,0,0,0,0,0,0,0,0,0,0,0,3,0,0,0,0,3,0,3
2019-20,33,Tamilnadu,3309,NAMAKKAL,330911,PALLIPALAYAM,13,"Government Aided",7,"SS (VI-X)",5,"Post graduate",3,"B.Ed. or equivalent",0,0,0,0,0,0,0,0,0,0,1,1,4,4,0,0,0,0,10,5,5
2019-20,33,Tamilnadu,3309,NAMAKKAL,330914,PARAMATHI,13,"Government Aided",7,"SS (VI-X)",5,"Post graduate",3,"B.Ed. or equivalent",0,0,0,0,0,0,0,0,1,1,2,7,0,0,0,0,0,0,11,3,8
2019-20,33,Tamilnadu,3309,NAMAKKAL,330910,TIRUCHENGODE,13,"Government Aided",2,"UPS (I-VIII)",5,"Post graduate",4,"M.Ed. or equivalent",0,0,0,0,0,0,0,0,0,2,0,0,0,0,0,0,0,0,2,0,2
2019-20,33,Tamilnadu,3309,NAMAKKAL,330907,RASIPURAM,13,"Government Aided",5,"HSS (VI-XII)",5,"Post graduate",4,"M.Ed. or equivalent",0,0,0,0,0,0,0,0,0,0,1,0,0,0,4,0,1,0,6,6,0
2019-20,33,Tamilnadu,3309,NAMAKKAL,330911,PALLIPALAYAM,13,"Government Aided",5,"HSS (VI-XII)",5,"Post graduate",4,"M.Ed. or equivalent",0,0,0,0,0,0,0,0,0,1,0,0,0,0,0,0,0,0,1,0,1
2019-20,33,Tamilnadu,3309,NAMAKKAL,330914,PARAMATHI,13,"Government Aided",5,"HSS (VI-XII)",5,"Post graduate",4,"M.Ed. or equivalent",0,0,0,0,0,0,0,0,0,0,0,0,2,0,1,2,1,3,9,4,5
2019-20,33,Tamilnadu,3309,NAMAKKAL,330907,RASIPURAM,13,"Government Aided",7,"SS (VI-X)",5,"Post graduate",4,"M.Ed. or equivalent",0,0,0,0,0,0,0,0,0,0,0,1,0,1,0,0,0,0,2,0,2
2019-20,33,Tamilnadu,3309,NAMAKKAL,330908,VENNANDUR,13,"Government Aided",7,"SS (VI-X)",5,"Post graduate",4,"M.Ed. or equivalent",0,0,0,0,0,0,0,0,0,0,0,0,0,1,0,0,0,0,1,0,1
2019-20,33,Tamilnadu,3309,NAMAKKAL,330911,PALLIPALAYAM,13,"Government Aided",7,"SS (VI-X)",5,"Post graduate",4,"M.Ed. or equivalent",0,0,0,0,0,0,0,0,0,0,0,0,0,1,0,0,0,0,1,0,1
2019-20,33,Tamilnadu,3309,NAMAKKAL,330914,PARAMATHI,13,"Government Aided",7,"SS (VI-X)",5,"Post graduate",4,"M.Ed. or equivalent",0,0,0,0,0,0,0,0,0,0,1,0,0,1,0,0,0,0,2,1,1
2019-20,33,Tamilnadu,3309,NAMAKKAL,330907,RASIPURAM,13,"Government Aided",5,"HSS (VI-XII)",5,"Post graduate",5,Others,0,0,0,0,0,0,0,0,0,0,0,1,0,1,0,0,0,0,2,0,2
2019-20,33,Tamilnadu,3309,NAMAKKAL,330907,RASIPURAM,13,"Government Aided",7,"SS (VI-X)",5,"Post graduate",5,Others,0,0,0,0,0,0,0,0,0,0,0,1,0,0,0,0,0,0,1,0,1
2019-20,33,Tamilnadu,3309,NAMAKKAL,330910,TIRUCHENGODE,13,"Government Aided",2,"UPS (I-VIII)",5,"Post graduate",6,None,0,0,0,0,0,0,1,0,0,0,0,0,0,0,0,0,0,0,1,1,0
2019-20,33,Tamilnadu,3309,NAMAKKAL,330911,PALLIPALAYAM,13,"Government Aided",5,"HSS (VI-XII)",5,"Post graduate",6,None,0,0,0,0,0,0,0,0,0,0,0,0,0,0,0,1,1,0,2,1,1
2019-20,33,Tamilnadu,3309,NAMAKKAL,330914,PARAMATHI,13,"Government Aided",5,"HSS (VI-XII)",5,"Post graduate",6,None,0,0,0,0,0,0,0,0,0,0,0,0,1,0,0,0,1,0,2,2,0
2019-20,33,Tamilnadu,3309,NAMAKKAL,330914,PARAMATHI,13,"Government Aided",7,"SS (VI-X)",5,"Post graduate",6,None,0,0,0,0,0,0,0,0,0,0,0,0,1,0,0,0,0,0,1,1,0
2019-20,33,Tamilnadu,3309,NAMAKKAL,330901,NAMAKKAL,13,"Government Aided",1,"PS (I-V)",6,M.Phil,3,"B.Ed. or equivalent",0,0,0,0,0,1,0,0,0,0,0,0,0,0,0,0,0,0,1,0,1
2019-20,33,Tamilnadu,3309,NAMAKKAL,330907,RASIPURAM,13,"Government Aided",1,"PS (I-V)",6,M.Phil,3,"B.Ed. or equivalent",0,0,0,0,0,1,0,0,0,0,0,0,0,0,0,0,0,0,1,0,1
2019-20,33,Tamilnadu,3309,NAMAKKAL,330903,MOHANUR,13,"Government Aided",2,"UPS (I-VIII)",6,M.Phil,3,"B.Ed. or equivalent",0,0,0,0,0,0,0,0,0,1,0,0,0,0,0,0,0,0,1,0,1
2019-20,33,Tamilnadu,3309,NAMAKKAL,330907,RASIPURAM,13,"Government Aided",2,"UPS (I-VIII)",6,M.Phil,3,"B.Ed. or equivalent",0,0,0,0,0,0,1,2,2,1,0,0,0,0,0,0,0,0,6,3,3
2019-20,33,Tamilnadu,3309,NAMAKKAL,330911,PALLIPALAYAM,13,"Government Aided",2,"UPS (I-VIII)",6,M.Phil,3,"B.Ed. or equivalent",0,0,0,0,0,0,0,0,0,1,0,0,0,0,0,0,0,0,1,0,1
2019-20,33,Tamilnadu,3309,NAMAKKAL,330907,RASIPURAM,13,"Government Aided",5,"HSS (VI-XII)",6,M.Phil,3,"B.Ed. or equivalent",0,0,0,0,0,0,0,0,0,0,1,0,0,1,1,5,1,1,10,3,7
2019-20,33,Tamilnadu,3309,NAMAKKAL,330911,PALLIPALAYAM,13,"Government Aided",5,"HSS (VI-XII)",6,M.Phil,3,"B.Ed. or equivalent",0,0,0,0,0,0,0,0,0,1,0,0,0,4,1,0,0,2,8,1,7
2019-20,33,Tamilnadu,3309,NAMAKKAL,330911,PALLIPALAYAM,13,"Government Aided",7,"SS (VI-X)",6,M.Phil,3,"B.Ed. or equivalent",0,0,0,0,0,0,0,0,0,0,0,0,0,1,0,0,0,0,1,0,1
2019-20,33,Tamilnadu,3309,NAMAKKAL,330901,NAMAKKAL,13,"Government Aided",1,"PS (I-V)",6,M.Phil,4,"M.Ed. or equivalent",0,0,0,0,0,1,0,0,0,0,0,0,0,0,0,0,0,0,1,0,1
2019-20,33,Tamilnadu,3309,NAMAKKAL,330903,MOHANUR,13,"Government Aided",2,"UPS (I-VIII)",6,M.Phil,4,"M.Ed. or equivalent",0,0,0,0,0,0,0,0,0,1,0,0,0,0,0,0,0,0,1,0,1
2019-20,33,Tamilnadu,3309,NAMAKKAL,330907,RASIPURAM,13,"Government Aided",5,"HSS (VI-XII)",6,M.Phil,4,"M.Ed. or equivalent",0,0,0,0,0,0,0,0,0,0,0,0,0,0,1,1,1,0,3,2,1
2019-20,33,Tamilnadu,3309,NAMAKKAL,330911,PALLIPALAYAM,13,"Government Aided",5,"HSS (VI-XII)",6,M.Phil,4,"M.Ed. or equivalent",0,0,0,0,0,0,0,0,0,0,0,0,0,0,0,2,0,1,3,0,3
2019-20,33,Tamilnadu,3309,NAMAKKAL,330908,VENNANDUR,13,"Government Aided",7,"SS (VI-X)",6,M.Phil,4,"M.Ed. or equivalent",0,0,0,0,0,0,0,0,0,0,0,0,0,1,0,0,0,0,1,0,1
2019-20,33,Tamilnadu,3309,NAMAKKAL,330911,PALLIPALAYAM,13,"Government Aided",5,"HSS (VI-XII)",6,M.Phil,6,None,0,0,0,0,0,0,0,0,0,0,0,0,0,0,1,0,0,0,1,1,0
2019-20,33,Tamilnadu,3309,NAMAKKAL,330901,NAMAKKAL,14,"Government Aided",2,"UPS (I-VIII)",3,"Higher secondary",1,"Diploma or certificate in basic teachers training of a duration not less than two years",0,0,0,0,0,3,0,0,0,0,0,0,0,0,0,0,0,0,3,0,3
2019-20,33,Tamilnadu,3309,NAMAKKAL,330903,MOHANUR,14,"Government Aided",2,"UPS (I-VIII)",3,"Higher secondary",1,"Diploma or certificate in basic teachers training of a duration not less than two years",0,0,0,0,1,1,0,0,0,0,0,0,0,0,0,0,0,0,2,1,1
2019-20,33,Tamilnadu,3309,NAMAKKAL,330910,TIRUCHENGODE,14,"Government Aided",5,"HSS (VI-XII)",3,"Higher secondary",1,"Diploma or certificate in basic teachers training of a duration not less than two years",0,0,0,0,0,0,0,0,0,0,0,0,0,1,0,0,0,0,1,0,1
2019-20,33,Tamilnadu,3309,NAMAKKAL,330904,ERUMAPATTI,14,"Government Aided",5,"HSS (VI-XII)",3,"Higher secondary",3,"B.Ed. or equivalent",0,0,0,0,0,0,0,0,0,0,0,0,1,0,0,0,0,0,1,1,0
2019-20,33,Tamilnadu,3309,NAMAKKAL,330910,TIRUCHENGODE,14,"Government Aided",5,"HSS (VI-XII)",3,"Higher secondary",3,"B.Ed. or equivalent",0,0,0,0,0,0,0,0,0,0,0,0,0,0,0,1,1,0,2,1,1
2019-20,33,Tamilnadu,3309,NAMAKKAL,330904,ERUMAPATTI,14,"Government Aided",5,"HSS (VI-XII)",3,"Higher secondary",5,Others,0,0,0,0,0,0,0,0,0,0,0,0,0,0,0,0,1,0,1,1,0
2019-20,33,Tamilnadu,3309,NAMAKKAL,330907,RASIPURAM,14,"Government Aided",5,"HSS (VI-XII)",3,"Higher secondary",5,Others,0,0,0,0,0,0,0,0,0,0,0,0,0,0,0,0,1,0,1,1,0
2019-20,33,Tamilnadu,3309,NAMAKKAL,330910,TIRUCHENGODE,14,"Government Aided",5,"HSS (VI-XII)",3,"Higher secondary",5,Others,0,0,0,0,0,0,0,0,0,0,0,0,0,1,0,0,0,0,1,0,1
2019-20,33,Tamilnadu,3309,NAMAKKAL,330904,ERUMAPATTI,14,"Government Aided",5,"HSS (VI-XII)",3,"Higher secondary",6,None,0,0,0,0,0,0,0,0,0,0,0,0,1,0,0,0,0,0,1,1,0
2019-20,33,Tamilnadu,3309,NAMAKKAL,330911,PALLIPALAYAM,14,"Government Aided",2,"UPS (I-VIII)",4,Graduate,1,"Diploma or certificate in basic teachers training of a duration not less than two years",0,0,0,0,1,0,0,0,0,0,0,0,0,0,0,0,0,0,1,1,0
2019-20,33,Tamilnadu,3309,NAMAKKAL,330901,NAMAKKAL,14,"Government Aided",2,"UPS (I-VIII)",4,Graduate,3,"B.Ed. or equivalent",0,0,0,0,1,1,0,0,0,0,0,0,0,0,0,0,0,0,2,1,1
2019-20,33,Tamilnadu,3309,NAMAKKAL,330903,MOHANUR,14,"Government Aided",2,"UPS (I-VIII)",4,Graduate,3,"B.Ed. or equivalent",0,0,0,0,0,0,0,0,0,2,0,0,0,0,0,0,0,0,2,0,2
2019-20,33,Tamilnadu,3309,NAMAKKAL,330911,PALLIPALAYAM,14,"Government Aided",2,"UPS (I-VIII)",4,Graduate,3,"B.Ed. or equivalent",0,0,0,0,0,1,0,0,0,0,0,0,0,0,0,0,0,0,1,0,1
2019-20,33,Tamilnadu,3309,NAMAKKAL,330904,ERUMAPATTI,14,"Government Aided",5,"HSS (VI-XII)",4,Graduate,3,"B.Ed. or equivalent",0,0,0,0,0,0,0,0,0,0,0,0,5,7,0,0,0,1,13,5,8
2019-20,33,Tamilnadu,3309,NAMAKKAL,330907,RASIPURAM,14,"Government Aided",5,"HSS (VI-XII)",4,Graduate,3,"B.Ed. or equivalent",0,0,0,0,0,0,0,0,0,2,0,0,0,3,0,0,0,0,5,0,5
2019-20,33,Tamilnadu,3309,NAMAKKAL,330910,TIRUCHENGODE,14,"Government Aided",5,"HSS (VI-XII)",4,Graduate,3,"B.Ed. or equivalent",0,0,0,0,0,0,0,0,1,2,2,0,3,2,1,0,0,1,12,7,5
2019-20,33,Tamilnadu,3309,NAMAKKAL,330910,TIRUCHENGODE,14,"Government Aided",5,"HSS (VI-XII)",4,Graduate,4,"M.Ed. or equivalent",0,0,0,0,0,0,0,0,0,0,0,0,0,1,0,0,0,0,1,0,1
2019-20,33,Tamilnadu,3309,NAMAKKAL,330907,RASIPURAM,14,"Government Aided",5,"HSS (VI-XII)",4,Graduate,5,Others,0,0,0,0,0,0,0,0,0,0,0,1,0,0,0,0,0,0,1,0,1
2019-20,33,Tamilnadu,3309,NAMAKKAL,330903,MOHANUR,14,"Government Aided",2,"UPS (I-VIII)",5,"Post graduate",1,"Diploma or certificate in basic teachers training of a duration not less than two years",0,0,0,0,0,1,0,0,0,0,0,0,0,0,0,0,0,0,1,0,1
2019-20,33,Tamilnadu,3309,NAMAKKAL,330911,PALLIPALAYAM,14,"Government Aided",2,"UPS (I-VIII)",5,"Post graduate",1,"Diploma or certificate in basic teachers training of a duration not less than two years",0,0,0,0,0,1,0,0,0,0,0,0,0,0,0,0,0,0,1,0,1
2019-20,33,Tamilnadu,3309,NAMAKKAL,330910,TIRUCHENGODE,14,"Government Aided",5,"HSS (VI-XII)",5,"Post graduate",1,"Diploma or certificate in basic teachers training of a duration not less than two years",0,0,0,0,0,0,0,0,0,0,0,0,0,0,0,1,0,0,1,0,1
2019-20,33,Tamilnadu,3309,NAMAKKAL,330901,NAMAKKAL,14,"Government Aided",2,"UPS (I-VIII)",5,"Post graduate",3,"B.Ed. or equivalent",0,0,0,0,0,2,0,1,0,0,0,0,0,0,0,0,0,0,3,0,3
2019-20,33,Tamilnadu,3309,NAMAKKAL,330911,PALLIPALAYAM,14,"Government Aided",2,"UPS (I-VIII)",5,"Post graduate",3,"B.Ed. or equivalent",0,0,0,0,0,2,0,0,0,0,0,0,0,0,0,0,0,0,2,0,2
2019-20,33,Tamilnadu,3309,NAMAKKAL,330904,ERUMAPATTI,14,"Government Aided",5,"HSS (VI-XII)",5,"Post graduate",3,"B.Ed. or equivalent",0,0,0,0,0,0,0,0,0,2,0,0,23,26,0,0,21,8,80,44,36
2019-20,33,Tamilnadu,3309,NAMAKKAL,330907,RASIPURAM,14,"Government Aided",5,"HSS (VI-XII)",5,"Post graduate",3,"B.Ed. or equivalent",0,0,0,0,0,0,0,0,0,0,0,1,0,1,0,0,0,0,2,0,2
2019-20,33,Tamilnadu,3309,NAMAKKAL,330910,TIRUCHENGODE,14,"Government Aided",5,"HSS (VI-XII)",5,"Post graduate",3,"B.Ed. or equivalent",0,0,0,0,0,0,0,0,3,0,4,6,4,0,3,3,4,1,28,18,10
2019-20,33,Tamilnadu,3309,NAMAKKAL,330904,ERUMAPATTI,14,"Government Aided",5,"HSS (VI-XII)",5,"Post graduate",4,"M.Ed. or equivalent",0,0,0,0,0,0,0,0,0,0,0,0,1,3,0,0,1,0,5,2,3
2019-20,33,Tamilnadu,3309,NAMAKKAL,330907,RASIPURAM,14,"Government Aided",5,"HSS (VI-XII)",5,"Post graduate",4,"M.Ed. or equivalent",0,0,0,0,0,0,0,0,0,0,0,0,0,0,0,0,0,3,3,0,3
2019-20,33,Tamilnadu,3309,NAMAKKAL,330910,TIRUCHENGODE,14,"Government Aided",5,"HSS (VI-XII)",5,"Post graduate",4,"M.Ed. or equivalent",0,0,0,0,0,0,0,0,0,0,0,0,0,1,3,2,1,0,7,4,3
2019-20,33,Tamilnadu,3309,NAMAKKAL,330904,ERUMAPATTI,14,"Government Aided",5,"HSS (VI-XII)",5,"Post graduate",5,Others,0,0,0,0,0,0,0,0,0,0,0,0,0,1,0,0,0,0,1,0,1
2019-20,33,Tamilnadu,3309,NAMAKKAL,330910,TIRUCHENGODE,14,"Government Aided",5,"HSS (VI-XII)",5,"Post graduate",6,None,0,0,0,0,0,0,0,0,0,0,0,0,1,0,0,0,0,0,1,1,0
2019-20,33,Tamilnadu,3309,NAMAKKAL,330904,ERUMAPATTI,14,"Government Aided",5,"HSS (VI-XII)",6,M.Phil,3,"B.Ed. or equivalent",0,0,0,0,0,0,0,0,0,0,0,0,5,4,0,0,3,1,13,8,5
2019-20,33,Tamilnadu,3309,NAMAKKAL,330907,RASIPURAM,14,"Government Aided",5,"HSS (VI-XII)",6,M.Phil,3,"B.Ed. or equivalent",0,0,0,0,0,0,0,0,0,0,0,0,1,0,0,0,0,0,1,1,0
2019-20,33,Tamilnadu,3309,NAMAKKAL,330910,TIRUCHENGODE,14,"Government Aided",5,"HSS (VI-XII)",6,M.Phil,3,"B.Ed. or equivalent",0,0,0,0,0,0,0,0,0,0,0,2,0,1,0,0,1,2,6,1,5
2019-20,33,Tamilnadu,3309,NAMAKKAL,330904,ERUMAPATTI,14,"Government Aided",5,"HSS (VI-XII)",6,M.Phil,4,"M.Ed. or equivalent",0,0,0,0,0,0,0,0,0,0,0,0,0,0,0,0,1,1,2,1,1
2019-20,33,Tamilnadu,3309,NAMAKKAL,330910,TIRUCHENGODE,14,"Government Aided",5,"HSS (VI-XII)",6,M.Phil,4,"M.Ed. or equivalent",0,0,0,0,0,0,0,0,0,0,0,0,0,0,0,0,1,0,1,1,0
2019-20,33,Tamilnadu,3309,NAMAKKAL,330904,ERUMAPATTI,14,"Government Aided",5,"HSS (VI-XII)",7,Ph.D,3,"B.Ed. or equivalent",0,0,0,0,0,0,0,0,0,0,0,0,1,0,0,0,0,0,1,1,0
2019-20,33,Tamilnadu,3309,NAMAKKAL,330904,ERUMAPATTI,14,"Government Aided",5,"HSS (VI-XII)",7,Ph.D,4,"M.Ed. or equivalent",0,0,0,0,0,0,0,0,0,0,0,0,1,0,0,0,0,0,1,1,0
2019-20,33,Tamilnadu,3309,NAMAKKAL,330901,NAMAKKAL,3,"Local body",1,"PS (I-V)",1,"Below Secondary",1,"Diploma or certificate in basic teachers training of a duration not less than two years",0,0,0,0,0,1,0,0,0,0,0,0,0,0,0,0,0,0,1,0,1
2019-20,33,Tamilnadu,3309,NAMAKKAL,330911,PALLIPALAYAM,3,"Local body",1,"PS (I-V)",1,"Below Secondary",1,"Diploma or certificate in basic teachers training of a duration not less than two years",0,0,0,0,1,3,0,0,0,0,0,0,0,0,0,0,0,0,4,1,3
2019-20,33,Tamilnadu,3309,NAMAKKAL,330911,PALLIPALAYAM,3,"Local body",7,"SS (VI-X)",1,"Below Secondary",3,"B.Ed. or equivalent",0,0,0,0,0,0,0,0,0,1,0,0,0,0,0,0,0,0,1,0,1
2019-20,33,Tamilnadu,3309,NAMAKKAL,330907,RASIPURAM,3,"Local body",2,"UPS (I-VIII)",1,"Below Secondary",5,Others,0,0,0,0,0,0,0,0,1,0,0,0,0,0,0,0,0,0,1,1,0
2019-20,33,Tamilnadu,3309,NAMAKKAL,330901,NAMAKKAL,3,"Local body",1,"PS (I-V)",3,"Higher secondary",1,"Diploma or certificate in basic teachers training of a duration not less than two years",0,0,0,0,0,1,0,0,0,0,0,0,0,0,0,0,0,0,1,0,1
2019-20,33,Tamilnadu,3309,NAMAKKAL,330910,TIRUCHENGODE,3,"Local body",1,"PS (I-V)",3,"Higher secondary",1,"Diploma or certificate in basic teachers training of a duration not less than two years",0,0,0,0,0,1,0,0,0,0,0,0,0,0,0,0,0,0,1,0,1
2019-20,33,Tamilnadu,3309,NAMAKKAL,330911,PALLIPALAYAM,3,"Local body",1,"PS (I-V)",3,"Higher secondary",1,"Diploma or certificate in basic teachers training of a duration not less than two years",0,0,0,0,1,1,0,0,0,0,0,0,0,0,0,0,0,0,2,1,1
2019-20,33,Tamilnadu,3309,NAMAKKAL,330907,RASIPURAM,3,"Local body",2,"UPS (I-VIII)",3,"Higher secondary",1,"Diploma or certificate in basic teachers training of a duration not less than two years",0,0,0,0,0,1,0,0,0,0,0,0,0,0,0,0,0,0,1,0,1
2019-20,33,Tamilnadu,3309,NAMAKKAL,330910,TIRUCHENGODE,3,"Local body",2,"UPS (I-VIII)",3,"Higher secondary",1,"Diploma or certificate in basic teachers training of a duration not less than two years",0,0,0,0,1,1,0,0,0,0,0,0,0,0,0,0,0,0,2,1,1
2019-20,33,Tamilnadu,3309,NAMAKKAL,330911,PALLIPALAYAM,3,"Local body",2,"UPS (I-VIII)",3,"Higher secondary",1,"Diploma or certificate in basic teachers training of a duration not less than two years",0,0,0,0,0,7,0,0,0,0,0,0,0,0,0,0,0,0,7,0,7
2019-20,33,Tamilnadu,3309,NAMAKKAL,330901,NAMAKKAL,3,"Local body",1,"PS (I-V)",4,Graduate,1,"Diploma or certificate in basic teachers training of a duration not less than two years",0,0,0,0,0,1,0,0,0,0,0,0,0,0,0,0,0,0,1,0,1
2019-20,33,Tamilnadu,3309,NAMAKKAL,330911,PALLIPALAYAM,3,"Local body",1,"PS (I-V)",4,Graduate,1,"Diploma or certificate in basic teachers training of a duration not less than two years",0,0,0,0,0,1,0,0,0,0,0,0,0,0,0,0,0,0,1,0,1
2019-20,33,Tamilnadu,3309,NAMAKKAL,330907,RASIPURAM,3,"Local body",2,"UPS (I-VIII)",4,Graduate,1,"Diploma or certificate in basic teachers training of a duration not less than two years",0,0,0,0,0,2,0,0,0,0,0,0,0,0,0,0,0,0,2,0,2
2019-20,33,Tamilnadu,3309,NAMAKKAL,330910,TIRUCHENGODE,3,"Local body",2,"UPS (I-VIII)",4,Graduate,1,"Diploma or certificate in basic teachers training of a duration not less than two years",0,0,0,0,0,4,0,0,0,0,0,0,0,0,0,0,0,0,4,0,4
2019-20,33,Tamilnadu,3309,NAMAKKAL,330911,PALLIPALAYAM,3,"Local body",2,"UPS (I-VIII)",4,Graduate,1,"Diploma or certificate in basic teachers training of a duration not less than two years",0,0,0,0,0,2,0,0,0,0,0,0,0,0,0,0,0,0,2,0,2
2019-20,33,Tamilnadu,3309,NAMAKKAL,330901,NAMAKKAL,3,"Local body",1,"PS (I-V)",4,Graduate,3,"B.Ed. or equivalent",0,0,0,0,0,1,0,0,0,0,0,0,0,0,0,0,0,0,1,0,1
2019-20,33,Tamilnadu,3309,NAMAKKAL,330910,TIRUCHENGODE,3,"Local body",1,"PS (I-V)",4,Graduate,3,"B.Ed. or equivalent",0,0,0,0,0,1,0,0,0,0,0,0,0,0,0,0,0,0,1,0,1
2019-20,33,Tamilnadu,3309,NAMAKKAL,330911,PALLIPALAYAM,3,"Local body",1,"PS (I-V)",4,Graduate,3,"B.Ed. or equivalent",0,0,0,0,0,1,0,0,0,0,0,0,0,0,0,0,0,0,1,0,1
2019-20,33,Tamilnadu,3309,NAMAKKAL,330907,RASIPURAM,3,"Local body",2,"UPS (I-VIII)",4,Graduate,3,"B.Ed. or equivalent",0,0,0,0,0,3,0,0,1,2,0,0,0,0,0,0,0,0,6,1,5
2019-20,33,Tamilnadu,3309,NAMAKKAL,330910,TIRUCHENGODE,3,"Local body",2,"UPS (I-VIII)",4,Graduate,3,"B.Ed. or equivalent",0,0,0,0,0,6,0,0,2,1,0,0,0,0,0,0,0,0,9,2,7
2019-20,33,Tamilnadu,3309,NAMAKKAL,330911,PALLIPALAYAM,3,"Local body",2,"UPS (I-VIII)",4,Graduate,3,"B.Ed. or equivalent",0,0,0,0,0,0,0,0,1,3,0,0,0,0,0,0,0,0,4,1,3
2019-20,33,Tamilnadu,3309,NAMAKKAL,330901,NAMAKKAL,3,"Local body",7,"SS (VI-X)",4,Graduate,3,"B.Ed. or equivalent",0,0,0,0,0,0,0,0,0,2,1,0,2,1,0,0,0,0,6,3,3
2019-20,33,Tamilnadu,3309,NAMAKKAL,330911,PALLIPALAYAM,3,"Local body",7,"SS (VI-X)",4,Graduate,3,"B.Ed. or equivalent",0,0,0,0,0,0,0,0,0,0,0,2,0,0,0,0,0,0,2,0,2
2019-20,33,Tamilnadu,3309,NAMAKKAL,330907,RASIPURAM,3,"Local body",2,"UPS (I-VIII)",4,Graduate,4,"M.Ed. or equivalent",0,0,0,0,0,0,0,0,0,1,0,0,0,0,0,0,0,0,1,0,1
2019-20,33,Tamilnadu,3309,NAMAKKAL,330910,TIRUCHENGODE,3,"Local body",2,"UPS (I-VIII)",4,Graduate,5,Others,0,0,0,0,0,0,0,0,0,1,0,0,0,0,0,0,0,0,1,0,1
2019-20,33,Tamilnadu,3309,NAMAKKAL,330910,TIRUCHENGODE,3,"Local body",2,"UPS (I-VIII)",4,Graduate,6,None,0,0,0,0,0,0,0,0,0,1,0,0,0,0,0,0,0,0,1,0,1
2019-20,33,Tamilnadu,3309,NAMAKKAL,330911,PALLIPALAYAM,3,"Local body",2,"UPS (I-VIII)",4,Graduate,6,None,0,0,0,0,0,0,0,0,1,0,0,0,0,0,0,0,0,0,1,1,0
2019-20,33,Tamilnadu,3309,NAMAKKAL,330901,NAMAKKAL,3,"Local body",1,"PS (I-V)",5,"Post graduate",1,"Diploma or certificate in basic teachers training of a duration not less than two years",0,0,0,0,0,1,0,0,0,0,0,0,0,0,0,0,0,0,1,0,1
2019-20,33,Tamilnadu,3309,NAMAKKAL,330907,RASIPURAM,3,"Local body",1,"PS (I-V)",5,"Post graduate",1,"Diploma or certificate in basic teachers training of a duration not less than two years",0,0,0,0,0,5,0,0,0,0,0,0,0,0,0,0,0,0,5,0,5
2019-20,33,Tamilnadu,3309,NAMAKKAL,330911,PALLIPALAYAM,3,"Local body",1,"PS (I-V)",5,"Post graduate",1,"Diploma or certificate in basic teachers training of a duration not less than two years",0,0,0,0,1,11,0,0,0,0,0,0,0,0,0,0,0,0,12,1,11
2019-20,33,Tamilnadu,3309,NAMAKKAL,330901,NAMAKKAL,3,"Local body",2,"UPS (I-VIII)",5,"Post graduate",1,"Diploma or certificate in basic teachers training of a duration not less than two years",0,0,0,0,0,2,0,0,0,0,0,0,0,0,0,0,0,0,2,0,2
2019-20,33,Tamilnadu,3309,NAMAKKAL,330907,RASIPURAM,3,"Local body",2,"UPS (I-VIII)",5,"Post graduate",1,"Diploma or certificate in basic teachers training of a duration not less than two years",0,0,0,0,0,2,0,0,0,0,0,0,0,0,0,0,0,0,2,0,2
2019-20,33,Tamilnadu,3309,NAMAKKAL,330910,TIRUCHENGODE,3,"Local body",2,"UPS (I-VIII)",5,"Post graduate",1,"Diploma or certificate in basic teachers training of a duration not less than two years",0,0,0,0,2,9,0,0,0,0,0,0,0,0,0,0,0,0,11,2,9
2019-20,33,Tamilnadu,3309,NAMAKKAL,330911,PALLIPALAYAM,3,"Local body",7,"SS (VI-X)",5,"Post graduate",1,"Diploma or certificate in basic teachers training of a duration not less than two years",0,0,0,0,0,0,0,0,0,1,0,0,0,0,0,0,0,0,1,0,1
2019-20,33,Tamilnadu,3309,NAMAKKAL,330901,NAMAKKAL,3,"Local body",1,"PS (I-V)",5,"Post graduate",3,"B.Ed. or equivalent",0,0,0,0,0,10,0,0,0,0,0,0,0,0,0,0,0,0,10,0,10
2019-20,33,Tamilnadu,3309,NAMAKKAL,330907,RASIPURAM,3,"Local body",1,"PS (I-V)",5,"Post graduate",3,"B.Ed. or equivalent",0,0,0,0,0,4,0,0,0,0,0,0,0,0,0,0,0,0,4,0,4
2019-20,33,Tamilnadu,3309,NAMAKKAL,330910,TIRUCHENGODE,3,"Local body",1,"PS (I-V)",5,"Post graduate",3,"B.Ed. or equivalent",0,0,0,0,1,10,0,0,0,0,0,0,0,0,0,0,0,0,11,1,10
2019-20,33,Tamilnadu,3309,NAMAKKAL,330911,PALLIPALAYAM,3,"Local body",1,"PS (I-V)",5,"Post graduate",3,"B.Ed. or equivalent",0,0,0,0,0,6,0,0,0,0,0,0,0,0,0,0,0,0,6,0,6
2019-20,33,Tamilnadu,3309,NAMAKKAL,330901,NAMAKKAL,3,"Local body",2,"UPS (I-VIII)",5,"Post graduate",3,"B.Ed. or equivalent",0,0,0,0,0,1,1,0,0,0,0,0,0,0,0,0,0,0,2,1,1
2019-20,33,Tamilnadu,3309,NAMAKKAL,330907,RASIPURAM,3,"Local body",2,"UPS (I-VIII)",5,"Post graduate",3,"B.Ed. or equivalent",0,0,0,0,0,4,0,0,2,2,0,0,0,0,0,0,0,0,8,2,6
2019-20,33,Tamilnadu,3309,NAMAKKAL,330910,TIRUCHENGODE,3,"Local body",2,"UPS (I-VIII)",5,"Post graduate",3,"B.Ed. or equivalent",0,0,0,0,3,13,0,0,8,14,0,0,0,0,0,0,0,0,38,11,27
2019-20,33,Tamilnadu,3309,NAMAKKAL,330911,PALLIPALAYAM,3,"Local body",2,"UPS (I-VIII)",5,"Post graduate",3,"B.Ed. or equivalent",0,0,0,0,1,4,0,0,2,8,0,0,0,0,0,0,0,0,15,3,12
2019-20,33,Tamilnadu,3309,NAMAKKAL,330901,NAMAKKAL,3,"Local body",7,"SS (VI-X)",5,"Post graduate",3,"B.Ed. or equivalent",0,0,0,0,0,0,0,0,0,3,0,2,4,9,0,0,0,0,18,4,14
2019-20,33,Tamilnadu,3309,NAMAKKAL,330911,PALLIPALAYAM,3,"Local body",7,"SS (VI-X)",5,"Post graduate",3,"B.Ed. or equivalent",0,0,0,0,0,0,0,0,1,1,2,5,0,0,0,0,0,0,9,3,6
2019-20,33,Tamilnadu,3309,NAMAKKAL,330901,NAMAKKAL,3,"Local body",1,"PS (I-V)",5,"Post graduate",4,"M.Ed. or equivalent",0,0,0,0,1,1,0,0,0,0,0,0,0,0,0,0,0,0,2,1,1
2019-20,33,Tamilnadu,3309,NAMAKKAL,330910,TIRUCHENGODE,3,"Local body",1,"PS (I-V)",5,"Post graduate",4,"M.Ed. or equivalent",0,0,0,0,0,1,0,0,0,0,0,0,0,0,0,0,0,0,1,0,1
2019-20,33,Tamilnadu,3309,NAMAKKAL,330901,NAMAKKAL,3,"Local body",2,"UPS (I-VIII)",5,"Post graduate",4,"M.Ed. or equivalent",0,0,0,0,0,0,0,1,0,0,0,0,0,0,0,0,0,0,1,0,1
2019-20,33,Tamilnadu,3309,NAMAKKAL,330907,RASIPURAM,3,"Local body",2,"UPS (I-VIII)",5,"Post graduate",4,"M.Ed. or equivalent",0,0,0,0,0,0,0,0,2,1,0,0,0,0,0,0,0,0,3,2,1
2019-20,33,Tamilnadu,3309,NAMAKKAL,330910,TIRUCHENGODE,3,"Local body",2,"UPS (I-VIII)",5,"Post graduate",4,"M.Ed. or equivalent",0,0,0,0,0,0,0,0,0,1,0,0,0,0,0,0,0,0,1,0,1
2019-20,33,Tamilnadu,3309,NAMAKKAL,330911,PALLIPALAYAM,3,"Local body",2,"UPS (I-VIII)",5,"Post graduate",4,"M.Ed. or equivalent",0,0,0,0,0,0,0,0,0,1,0,0,0,0,0,0,0,0,1,0,1
2019-20,33,Tamilnadu,3309,NAMAKKAL,330901,NAMAKKAL,3,"Local body",7,"SS (VI-X)",5,"Post graduate",4,"M.Ed. or equivalent",0,0,0,0,0,0,0,0,0,0,0,0,2,2,0,0,0,0,4,2,2
2019-20,33,Tamilnadu,3309,NAMAKKAL,330911,PALLIPALAYAM,3,"Local body",7,"SS (VI-X)",5,"Post graduate",4,"M.Ed. or equivalent",0,0,0,0,0,0,0,0,0,0,0,0,1,0,0,0,0,0,1,1,0
2019-20,33,Tamilnadu,3309,NAMAKKAL,330910,TIRUCHENGODE,3,"Local body",2,"UPS (I-VIII)",5,"Post graduate",5,Others,0,0,0,0,0,0,0,0,1,0,0,0,0,0,0,0,0,0,1,1,0
2019-20,33,Tamilnadu,3309,NAMAKKAL,330911,PALLIPALAYAM,3,"Local body",2,"UPS (I-VIII)",5,"Post graduate",5,Others,0,0,0,0,0,0,0,0,0,1,0,0,0,0,0,0,0,0,1,0,1
2019-20,33,Tamilnadu,3309,NAMAKKAL,330901,NAMAKKAL,3,"Local body",7,"SS (VI-X)",5,"Post graduate",5,Others,0,0,0,0,0,0,0,0,0,1,0,0,0,0,0,0,0,0,1,0,1
2019-20,33,Tamilnadu,3309,NAMAKKAL,330907,RASIPURAM,3,"Local body",2,"UPS (I-VIII)",5,"Post graduate",6,None,0,0,0,0,0,0,0,0,1,0,0,0,0,0,0,0,0,0,1,1,0
2019-20,33,Tamilnadu,3309,NAMAKKAL,330910,TIRUCHENGODE,3,"Local body",2,"UPS (I-VIII)",5,"Post graduate",6,None,0,0,0,0,0,0,0,0,0,1,0,0,0,0,0,0,0,0,1,0,1
2019-20,33,Tamilnadu,3309,NAMAKKAL,330907,RASIPURAM,3,"Local body",1,"PS (I-V)",6,M.Phil,1,"Diploma or certificate in basic teachers training of a duration not less than two years",0,0,0,0,0,1,0,0,0,0,0,0,0,0,0,0,0,0,1,0,1
2019-20,33,Tamilnadu,3309,NAMAKKAL,330911,PALLIPALAYAM,3,"Local body",2,"UPS (I-VIII)",6,M.Phil,1,"Diploma or certificate in basic teachers training of a duration not less than two years",0,0,0,0,0,2,0,0,0,0,0,0,0,0,0,0,0,0,2,0,2
2019-20,33,Tamilnadu,3309,NAMAKKAL,330901,NAMAKKAL,3,"Local body",1,"PS (I-V)",6,M.Phil,3,"B.Ed. or equivalent",0,0,0,0,0,3,0,0,0,0,0,0,0,0,0,0,0,0,3,0,3
2019-20,33,Tamilnadu,3309,NAMAKKAL,330911,PALLIPALAYAM,3,"Local body",1,"PS (I-V)",6,M.Phil,3,"B.Ed. or equivalent",0,0,0,0,1,1,0,0,0,0,0,0,0,0,0,0,0,0,2,1,1
2019-20,33,Tamilnadu,3309,NAMAKKAL,330901,NAMAKKAL,3,"Local body",2,"UPS (I-VIII)",6,M.Phil,3,"B.Ed. or equivalent",0,0,0,0,0,0,1,1,0,0,0,0,0,0,0,0,0,0,2,1,1
2019-20,33,Tamilnadu,3309,NAMAKKAL,330907,RASIPURAM,3,"Local body",2,"UPS (I-VIII)",6,M.Phil,3,"B.Ed. or equivalent",0,0,0,0,0,1,0,0,0,1,0,0,0,0,0,0,0,0,2,0,2
2019-20,33,Tamilnadu,3309,NAMAKKAL,330910,TIRUCHENGODE,3,"Local body",2,"UPS (I-VIII)",6,M.Phil,3,"B.Ed. or equivalent",0,0,0,0,0,0,0,0,0,3,0,0,0,0,0,0,0,0,3,0,3
2019-20,33,Tamilnadu,3309,NAMAKKAL,330901,NAMAKKAL,3,"Local body",7,"SS (VI-X)",6,M.Phil,3,"B.Ed. or equivalent",0,0,0,0,0,0,0,0,0,1,0,1,1,6,0,0,0,0,9,1,8
2019-20,33,Tamilnadu,3309,NAMAKKAL,330911,PALLIPALAYAM,3,"Local body",7,"SS (VI-X)",6,M.Phil,3,"B.Ed. or equivalent",0,0,0,0,0,0,0,0,0,1,2,3,1,1,0,0,0,0,8,3,5
2019-20,33,Tamilnadu,3309,NAMAKKAL,330910,TIRUCHENGODE,3,"Local body",1,"PS (I-V)",6,M.Phil,4,"M.Ed. or equivalent",0,0,0,0,0,1,0,0,0,0,0,0,0,0,0,0,0,0,1,0,1
2019-20,33,Tamilnadu,3309,NAMAKKAL,330910,TIRUCHENGODE,24,"Private Unaided (Recognized)",1,"PS (I-V)",4,Graduate,5,Others,0,0,0,0,1,8,0,0,0,0,0,0,0,0,0,0,0,0,9,1,8
2019-20,33,Tamilnadu,3309,NAMAKKAL,330911,PALLIPALAYAM,24,"Private Unaided (Recognized)",1,"PS (I-V)",4,Graduate,5,Others,0,6,0,3,0,23,0,0,0,0,0,0,0,0,0,0,0,0,32,0,32
2019-20,33,Tamilnadu,3309,NAMAKKAL,330915,KABILARMALAI,24,"Private Unaided (Recognized)",1,"PS (I-V)",4,Graduate,5,Others,0,0,0,0,0,5,0,0,0,0,0,0,0,0,0,0,0,0,5,0,5
2019-20,33,Tamilnadu,3309,NAMAKKAL,330902,KOLLIHILLS,32,"Other Govt. managed schools",2,"UPS (I-VIII)",1,"Below Secondary",4,"M.Ed. or equivalent",0,0,0,0,0,0,0,0,0,1,0,0,0,0,0,0,0,0,1,0,1
2019-20,33,Tamilnadu,3309,NAMAKKAL,330902,KOLLIHILLS,32,"Other Govt. managed schools",2,"UPS (I-VIII)",4,Graduate,3,"B.Ed. or equivalent",0,0,0,0,0,0,0,4,0,2,0,0,0,0,0,0,0,0,6,0,6
2019-20,33,Tamilnadu,3309,NAMAKKAL,330902,KOLLIHILLS,32,"Other Govt. managed schools",2,"UPS (I-VIII)",5,"Post graduate",3,"B.Ed. or equivalent",0,0,0,0,0,0,0,6,0,3,0,0,0,0,0,0,0,0,9,0,9
2019-20,33,Tamilnadu,3309,NAMAKKAL,330902,KOLLIHILLS,32,"Other Govt. managed schools",2,"UPS (I-VIII)",5,"Post graduate",4,"M.Ed. or equivalent",0,0,0,0,0,0,0,1,0,1,0,0,0,0,0,0,0,0,2,0,2
2019-20,33,Tamilnadu,3309,NAMAKKAL,330902,KOLLIHILLS,32,"Other Govt. managed schools",2,"UPS (I-VIII)",5,"Post graduate",6,None,0,0,0,0,0,1,0,0,0,0,0,0,0,0,0,0,0,0,1,0,1
2019-20,33,Tamilnadu,3309,NAMAKKAL,330901,NAMAKKAL,24,"Private Unaided (Recognized)",1,"PS (I-V)",4,Graduate,5,Others,0,0,0,0,0,2,0,0,0,0,0,0,0,0,0,0,0,0,2,0,2
2019-20,33,Tamilnadu,3309,NAMAKKAL,330903,MOHANUR,24,"Private Unaided (Recognized)",1,"PS (I-V)",4,Graduate,5,Others,0,0,0,0,0,3,0,0,0,0,0,0,0,0,0,0,0,0,3,0,3
2019-20,33,Tamilnadu,3309,NAMAKKAL,330905,SENDAMANGALAM,24,"Private Unaided (Recognized)",1,"PS (I-V)",4,Graduate,5,Others,0,0,0,0,0,1,0,0,0,0,0,0,0,0,0,0,0,0,1,0,1
2019-20,33,Tamilnadu,3309,NAMAKKAL,330907,RASIPURAM,24,"Private Unaided (Recognized)",1,"PS (I-V)",4,Graduate,5,Others,0,0,0,0,0,2,0,0,0,0,0,0,0,0,0,0,0,0,2,0,2
2019-20,33,Tamilnadu,3309,NAMAKKAL,330909,NAMAGIRIPET,24,"Private Unaided (Recognized)",1,"PS (I-V)",4,Graduate,5,Others,0,0,0,0,0,1,0,0,0,0,0,0,0,0,0,0,0,0,1,0,1
2019-20,33,Tamilnadu,3309,NAMAKKAL,330901,NAMAKKAL,22,"Private Unaided (Recognized)",5,"HSS (VI-XII)",1,"Below Secondary",3,"B.Ed. or equivalent",0,0,0,0,0,0,0,0,0,0,0,0,0,0,0,0,0,1,1,0,1
2019-20,33,Tamilnadu,3309,NAMAKKAL,330915,KABILARMALAI,22,"Private Unaided (Recognized)",5,"HSS (VI-XII)",3,"Higher secondary",5,Others,0,0,0,0,0,0,0,0,0,0,0,0,0,0,0,0,1,0,1,1,0
2019-20,33,Tamilnadu,3309,NAMAKKAL,330912,MALLASAMUDRAM,22,"Private Unaided (Recognized)",5,"HSS (VI-XII)",4,Graduate,1,"Diploma or certificate in basic teachers training of a duration not less than two years",0,0,0,0,0,0,0,0,0,0,1,0,0,0,0,0,0,0,1,1,0
2019-20,33,Tamilnadu,3309,NAMAKKAL,330914,PARAMATHI,22,"Private Unaided (Recognized)",5,"HSS (VI-XII)",4,Graduate,1,"Diploma or certificate in basic teachers training of a duration not less than two years",0,0,0,0,0,0,0,0,0,0,1,0,0,0,0,0,0,0,1,1,0
2019-20,33,Tamilnadu,3309,NAMAKKAL,330901,NAMAKKAL,22,"Private Unaided (Recognized)",5,"HSS (VI-XII)",4,Graduate,3,"B.Ed. or equivalent",0,0,0,0,0,0,0,0,0,0,2,1,0,3,1,0,0,0,7,3,4
2019-20,33,Tamilnadu,3309,NAMAKKAL,330903,MOHANUR,22,"Private Unaided (Recognized)",5,"HSS (VI-XII)",4,Graduate,3,"B.Ed. or equivalent",0,0,0,0,0,0,0,0,0,0,0,0,5,5,0,0,0,0,10,5,5
2019-20,33,Tamilnadu,3309,NAMAKKAL,330904,ERUMAPATTI,22,"Private Unaided (Recognized)",5,"HSS (VI-XII)",4,Graduate,3,"B.Ed. or equivalent",0,0,0,0,0,0,0,0,0,0,0,0,1,2,1,0,0,0,4,2,2
2019-20,33,Tamilnadu,3309,NAMAKKAL,330907,RASIPURAM,22,"Private Unaided (Recognized)",5,"HSS (VI-XII)",4,Graduate,3,"B.Ed. or equivalent",0,0,0,0,0,0,0,0,0,0,0,0,1,7,0,1,0,0,9,1,8
2019-20,33,Tamilnadu,3309,NAMAKKAL,330908,VENNANDUR,22,"Private Unaided (Recognized)",5,"HSS (VI-XII)",4,Graduate,3,"B.Ed. or equivalent",0,0,0,0,0,0,0,0,0,0,1,0,1,0,0,0,0,0,2,2,0
2019-20,33,Tamilnadu,3309,NAMAKKAL,330910,TIRUCHENGODE,22,"Private Unaided (Recognized)",5,"HSS (VI-XII)",4,Graduate,3,"B.Ed. or equivalent",0,0,0,0,0,0,0,0,0,0,1,0,0,0,1,0,0,0,2,2,0
2019-20,33,Tamilnadu,3309,NAMAKKAL,330912,MALLASAMUDRAM,22,"Private Unaided (Recognized)",5,"HSS (VI-XII)",4,Graduate,3,"B.Ed. or equivalent",0,0,0,0,0,0,0,0,0,0,0,2,0,0,0,0,0,0,2,0,2
2019-20,33,Tamilnadu,3309,NAMAKKAL,330913,ELACHIPALAYAM,22,"Private Unaided (Recognized)",5,"HSS (VI-XII)",4,Graduate,3,"B.Ed. or equivalent",0,0,0,0,0,0,0,0,0,0,0,0,0,0,1,0,0,0,1,1,0
2019-20,33,Tamilnadu,3309,NAMAKKAL,330914,PARAMATHI,22,"Private Unaided (Recognized)",5,"HSS (VI-XII)",4,Graduate,3,"B.Ed. or equivalent",0,0,0,0,0,0,0,0,3,3,0,0,0,0,0,0,0,1,7,3,4
2019-20,33,Tamilnadu,3309,NAMAKKAL,330915,KABILARMALAI,22,"Private Unaided (Recognized)",5,"HSS (VI-XII)",4,Graduate,3,"B.Ed. or equivalent",0,0,0,0,0,0,0,0,0,6,0,2,1,2,1,0,3,0,15,5,10
2019-20,33,Tamilnadu,3309,NAMAKKAL,330901,NAMAKKAL,22,"Private Unaided (Recognized)",7,"SS (VI-X)",4,Graduate,3,"B.Ed. or equivalent",0,0,0,0,0,0,0,0,0,0,0,0,0,1,0,0,0,0,1,0,1
2019-20,33,Tamilnadu,3309,NAMAKKAL,330910,TIRUCHENGODE,22,"Private Unaided (Recognized)",7,"SS (VI-X)",4,Graduate,3,"B.Ed. or equivalent",0,0,0,0,0,0,0,0,0,0,1,0,0,0,0,0,0,0,1,1,0
2019-20,33,Tamilnadu,3309,NAMAKKAL,330913,ELACHIPALAYAM,22,"Private Unaided (Recognized)",7,"SS (VI-X)",4,Graduate,3,"B.Ed. or equivalent",0,0,0,0,0,0,0,0,0,0,1,0,1,0,0,0,0,0,2,2,0
2019-20,33,Tamilnadu,3309,NAMAKKAL,330901,NAMAKKAL,22,"Private Unaided (Recognized)",5,"HSS (VI-XII)",4,Graduate,5,Others,0,0,0,0,0,0,0,0,0,0,0,1,0,0,1,0,0,0,2,1,1
2019-20,33,Tamilnadu,3309,NAMAKKAL,330901,NAMAKKAL,22,"Private Unaided (Recognized)",5,"HSS (VI-XII)",4,Graduate,6,None,0,0,0,0,0,0,0,0,0,0,0,0,0,0,0,1,0,0,1,0,1
2019-20,33,Tamilnadu,3309,NAMAKKAL,330907,RASIPURAM,22,"Private Unaided (Recognized)",5,"HSS (VI-XII)",4,Graduate,6,None,0,0,0,0,0,0,0,0,0,0,1,0,0,0,0,0,0,0,1,1,0
2019-20,33,Tamilnadu,3309,NAMAKKAL,330901,NAMAKKAL,22,"Private Unaided (Recognized)",5,"HSS (VI-XII)",5,"Post graduate",3,"B.Ed. or equivalent",0,0,0,0,0,0,0,0,1,1,4,4,4,1,6,4,6,6,37,21,16
2019-20,33,Tamilnadu,3309,NAMAKKAL,330903,MOHANUR,22,"Private Unaided (Recognized)",5,"HSS (VI-XII)",5,"Post graduate",3,"B.Ed. or equivalent",0,0,0,0,0,0,0,0,0,0,2,0,0,0,0,0,20,10,32,22,10
2019-20,33,Tamilnadu,3309,NAMAKKAL,330904,ERUMAPATTI,22,"Private Unaided (Recognized)",5,"HSS (VI-XII)",5,"Post graduate",3,"B.Ed. or equivalent",0,0,0,0,0,0,0,0,0,0,1,0,5,4,0,1,4,2,17,10,7
2019-20,33,Tamilnadu,3309,NAMAKKAL,330906,PUDUCHATRAM,22,"Private Unaided (Recognized)",5,"HSS (VI-XII)",5,"Post graduate",3,"B.Ed. or equivalent",0,0,0,0,0,0,0,0,0,0,0,0,1,3,0,0,17,2,23,18,5
2019-20,33,Tamilnadu,3309,NAMAKKAL,330907,RASIPURAM,22,"Private Unaided (Recognized)",5,"HSS (VI-XII)",5,"Post graduate",3,"B.Ed. or equivalent",0,0,0,0,0,0,0,0,0,0,0,1,10,11,1,1,16,20,60,27,33
2019-20,33,Tamilnadu,3309,NAMAKKAL,330908,VENNANDUR,22,"Private Unaided (Recognized)",5,"HSS (VI-XII)",5,"Post graduate",3,"B.Ed. or equivalent",0,0,0,0,0,0,0,0,0,0,8,8,3,1,0,0,5,5,30,16,14
2019-20,33,Tamilnadu,3309,NAMAKKAL,330910,TIRUCHENGODE,22,"Private Unaided (Recognized)",5,"HSS (VI-XII)",5,"Post graduate",3,"B.Ed. or equivalent",0,0,0,0,0,0,0,0,0,0,4,4,3,2,12,0,6,6,37,25,12
2019-20,33,Tamilnadu,3309,NAMAKKAL,330912,MALLASAMUDRAM,22,"Private Unaided (Recognized)",5,"HSS (VI-XII)",5,"Post graduate",3,"B.Ed. or equivalent",0,0,0,0,0,0,0,0,0,0,6,5,0,0,0,0,0,0,11,6,5
2019-20,33,Tamilnadu,3309,NAMAKKAL,330913,ELACHIPALAYAM,22,"Private Unaided (Recognized)",5,"HSS (VI-XII)",5,"Post graduate",3,"B.Ed. or equivalent",0,0,0,0,0,0,0,0,0,0,0,0,0,0,2,2,6,1,11,8,3
2019-20,33,Tamilnadu,3309,NAMAKKAL,330914,PARAMATHI,22,"Private Unaided (Recognized)",5,"HSS (VI-XII)",5,"Post graduate",3,"B.Ed. or equivalent",0,0,0,0,0,0,0,0,2,4,0,1,0,0,5,2,12,2,28,19,9
2019-20,33,Tamilnadu,3309,NAMAKKAL,330915,KABILARMALAI,22,"Private Unaided (Recognized)",5,"HSS (VI-XII)",5,"Post graduate",3,"B.Ed. or equivalent",0,0,0,0,0,0,0,0,0,3,0,1,2,6,0,2,16,9,39,18,21
2019-20,33,Tamilnadu,3309,NAMAKKAL,330910,TIRUCHENGODE,22,"Private Unaided (Recognized)",7,"SS (VI-X)",5,"Post graduate",3,"B.Ed. or equivalent",0,0,0,0,0,0,0,0,0,0,4,1,0,1,0,0,0,0,6,4,2
2019-20,33,Tamilnadu,3309,NAMAKKAL,330913,ELACHIPALAYAM,22,"Private Unaided (Recognized)",7,"SS (VI-X)",5,"Post graduate",3,"B.Ed. or equivalent",0,0,0,0,0,0,0,0,0,0,1,0,3,0,0,0,0,0,4,4,0
2019-20,33,Tamilnadu,3309,NAMAKKAL,330901,NAMAKKAL,22,"Private Unaided (Recognized)",5,"HSS (VI-XII)",5,"Post graduate",4,"M.Ed. or equivalent",0,0,0,0,0,0,0,0,0,0,3,1,0,0,0,0,0,0,4,3,1
2019-20,33,Tamilnadu,3309,NAMAKKAL,330904,ERUMAPATTI,22,"Private Unaided (Recognized)",5,"HSS (VI-XII)",5,"Post graduate",4,"M.Ed. or equivalent",0,0,0,0,0,0,0,0,0,0,0,0,0,0,0,0,1,0,1,1,0
2019-20,33,Tamilnadu,3309,NAMAKKAL,330906,PUDUCHATRAM,22,"Private Unaided (Recognized)",5,"HSS (VI-XII)",5,"Post graduate",4,"M.Ed. or equivalent",0,0,0,0,0,0,0,0,0,0,0,0,0,1,0,0,0,0,1,0,1
2019-20,33,Tamilnadu,3309,NAMAKKAL,330907,RASIPURAM,22,"Private Unaided (Recognized)",5,"HSS (VI-XII)",5,"Post graduate",4,"M.Ed. or equivalent",0,0,0,0,0,0,0,0,0,0,0,0,1,2,0,0,3,0,6,4,2
2019-20,33,Tamilnadu,3309,NAMAKKAL,330908,VENNANDUR,22,"Private Unaided (Recognized)",5,"HSS (VI-XII)",5,"Post graduate",4,"M.Ed. or equivalent",0,0,0,0,0,0,0,0,0,0,0,2,1,0,0,0,3,2,8,4,4
2019-20,33,Tamilnadu,3309,NAMAKKAL,330910,TIRUCHENGODE,22,"Private Unaided (Recognized)",5,"HSS (VI-XII)",5,"Post graduate",4,"M.Ed. or equivalent",0,0,0,0,0,0,0,0,0,0,1,0,0,0,3,1,0,0,5,4,1
2019-20,33,Tamilnadu,3309,NAMAKKAL,330914,PARAMATHI,22,"Private Unaided (Recognized)",5,"HSS (VI-XII)",5,"Post graduate",4,"M.Ed. or equivalent",0,0,0,0,0,0,0,0,1,0,0,0,0,0,0,0,6,1,8,7,1
2019-20,33,Tamilnadu,3309,NAMAKKAL,330915,KABILARMALAI,22,"Private Unaided (Recognized)",5,"HSS (VI-XII)",5,"Post graduate",4,"M.Ed. or equivalent",0,0,0,0,0,0,0,0,0,0,0,0,0,0,0,0,4,0,4,4,0
2019-20,33,Tamilnadu,3309,NAMAKKAL,330910,TIRUCHENGODE,22,"Private Unaided (Recognized)",5,"HSS (VI-XII)",5,"Post graduate",5,Others,0,0,0,0,0,0,0,0,0,0,0,0,0,0,0,0,1,0,1,1,0
2019-20,33,Tamilnadu,3309,NAMAKKAL,330914,PARAMATHI,22,"Private Unaided (Recognized)",5,"HSS (VI-XII)",5,"Post graduate",5,Others,0,0,0,0,0,0,0,0,0,0,1,0,0,0,0,0,0,0,1,1,0
2019-20,33,Tamilnadu,3309,NAMAKKAL,330901,NAMAKKAL,22,"Private Unaided (Recognized)",5,"HSS (VI-XII)",5,"Post graduate",6,None,0,0,0,0,0,0,0,0,0,0,0,0,0,0,0,0,1,0,1,1,0
2019-20,33,Tamilnadu,3309,NAMAKKAL,330903,MOHANUR,22,"Private Unaided (Recognized)",5,"HSS (VI-XII)",5,"Post graduate",6,None,0,0,0,0,0,0,0,0,0,0,0,0,1,0,0,0,1,0,2,2,0
2019-20,33,Tamilnadu,3309,NAMAKKAL,330907,RASIPURAM,22,"Private Unaided (Recognized)",5,"HSS (VI-XII)",5,"Post graduate",6,None,0,0,0,0,0,0,0,0,0,0,0,0,0,1,1,0,0,0,2,1,1
2019-20,33,Tamilnadu,3309,NAMAKKAL,330910,TIRUCHENGODE,22,"Private Unaided (Recognized)",5,"HSS (VI-XII)",5,"Post graduate",6,None,0,0,0,0,0,0,0,0,0,0,0,0,0,0,1,0,0,0,1,1,0
2019-20,33,Tamilnadu,3309,NAMAKKAL,330914,PARAMATHI,22,"Private Unaided (Recognized)",5,"HSS (VI-XII)",5,"Post graduate",6,None,0,0,0,0,0,0,0,0,0,0,0,0,0,0,1,0,0,0,1,1,0
2019-20,33,Tamilnadu,3309,NAMAKKAL,330901,NAMAKKAL,22,"Private Unaided (Recognized)",5,"HSS (VI-XII)",6,M.Phil,3,"B.Ed. or equivalent",0,0,0,0,0,0,0,0,0,0,1,0,0,0,1,0,3,2,7,5,2
2019-20,33,Tamilnadu,3309,NAMAKKAL,330907,RASIPURAM,22,"Private Unaided (Recognized)",5,"HSS (VI-XII)",6,M.Phil,3,"B.Ed. or equivalent",0,0,0,0,0,0,0,0,0,0,0,1,0,2,0,0,2,6,11,2,9
2019-20,33,Tamilnadu,3309,NAMAKKAL,330910,TIRUCHENGODE,22,"Private Unaided (Recognized)",5,"HSS (VI-XII)",6,M.Phil,3,"B.Ed. or equivalent",0,0,0,0,0,0,0,0,0,0,0,0,0,0,1,1,4,3,9,5,4
2019-20,33,Tamilnadu,3309,NAMAKKAL,330914,PARAMATHI,22,"Private Unaided (Recognized)",5,"HSS (VI-XII)",6,M.Phil,3,"B.Ed. or equivalent",0,0,0,0,0,0,0,0,0,0,0,0,0,0,0,0,3,0,3,3,0
2019-20,33,Tamilnadu,3309,NAMAKKAL,330915,KABILARMALAI,22,"Private Unaided (Recognized)",5,"HSS (VI-XII)",6,M.Phil,3,"B.Ed. or equivalent",0,0,0,0,0,0,0,0,0,0,0,0,0,2,0,0,1,1,4,1,3
2019-20,33,Tamilnadu,3309,NAMAKKAL,330907,RASIPURAM,22,"Private Unaided (Recognized)",5,"HSS (VI-XII)",6,M.Phil,4,"M.Ed. or equivalent",0,0,0,0,0,0,0,0,0,0,0,0,0,0,0,0,1,1,2,1,1
2019-20,33,Tamilnadu,3309,NAMAKKAL,330910,TIRUCHENGODE,22,"Private Unaided (Recognized)",5,"HSS (VI-XII)",6,M.Phil,4,"M.Ed. or equivalent",0,0,0,0,0,0,0,0,0,0,0,0,0,0,0,0,0,2,2,0,2
2019-20,33,Tamilnadu,3309,NAMAKKAL,330914,PARAMATHI,22,"Private Unaided (Recognized)",5,"HSS (VI-XII)",6,M.Phil,4,"M.Ed. or equivalent",0,0,0,0,0,0,0,0,0,0,0,0,0,0,0,0,0,1,1,0,1
2019-20,33,Tamilnadu,3309,NAMAKKAL,330907,RASIPURAM,22,"Private Unaided (Recognized)",5,"HSS (VI-XII)",6,M.Phil,6,None,0,0,0,0,0,0,0,0,0,0,0,0,0,0,0,0,0,1,1,0,1
2019-20,33,Tamilnadu,3309,NAMAKKAL,330907,RASIPURAM,22,"Private Unaided (Recognized)",5,"HSS (VI-XII)",7,Ph.D,3,"B.Ed. or equivalent",0,0,0,0,0,0,0,0,0,0,0,0,0,1,0,0,0,0,1,0,1
2019-20,33,Tamilnadu,3309,NAMAKKAL,330904,ERUMAPATTI,22,"Private Unaided (Recognized)",5,"HSS (VI-XII)",7,Ph.D,4,"M.Ed. or equivalent",0,0,0,0,0,0,0,0,0,0,0,0,0,0,0,0,1,0,1,1,0
2019-20,33,Tamilnadu,3309,NAMAKKAL,330911,PALLIPALAYAM,23,"Private Unaided (Recognized)",3,"HSS (I-XII)",1,"Below Secondary",1,"Diploma or certificate in basic teachers training of a duration not less than two years",0,0,0,0,0,0,1,0,0,0,0,0,0,0,0,0,0,0,1,1,0
2019-20,33,Tamilnadu,3309,NAMAKKAL,330901,NAMAKKAL,23,"Private Unaided (Recognized)",6,"SS (I-X)",1,"Below Secondary",1,"Diploma or certificate in basic teachers training of a duration not less than two years",0,0,0,0,0,0,0,0,0,0,0,0,0,1,0,0,0,0,1,0,1
2019-20,33,Tamilnadu,3309,NAMAKKAL,330903,MOHANUR,23,"Private Unaided (Recognized)",6,"SS (I-X)",1,"Below Secondary",1,"Diploma or certificate in basic teachers training of a duration not less than two years",0,0,0,0,0,3,0,0,0,0,0,0,0,1,0,0,0,0,4,0,4
2019-20,33,Tamilnadu,3309,NAMAKKAL,330903,MOHANUR,23,"Private Unaided (Recognized)",3,"HSS (I-XII)",1,"Below Secondary",3,"B.Ed. or equivalent",0,0,0,0,0,0,1,0,0,0,0,0,0,0,0,0,0,0,1,1,0
2019-20,33,Tamilnadu,3309,NAMAKKAL,330907,RASIPURAM,23,"Private Unaided (Recognized)",3,"HSS (I-XII)",1,"Below Secondary",3,"B.Ed. or equivalent",0,0,0,0,0,0,0,0,0,0,0,0,0,0,1,0,0,0,1,1,0
2019-20,33,Tamilnadu,3309,NAMAKKAL,330909,NAMAGIRIPET,23,"Private Unaided (Recognized)",3,"HSS (I-XII)",1,"Below Secondary",3,"B.Ed. or equivalent",0,0,0,0,0,0,0,0,0,0,0,0,0,0,0,0,0,1,1,0,1
2019-20,33,Tamilnadu,3309,NAMAKKAL,330903,MOHANUR,23,"Private Unaided (Recognized)",6,"SS (I-X)",1,"Below Secondary",3,"B.Ed. or equivalent",0,0,0,0,0,0,0,0,0,0,1,3,0,6,0,0,0,0,10,1,9
2019-20,33,Tamilnadu,3309,NAMAKKAL,330906,PUDUCHATRAM,23,"Private Unaided (Recognized)",6,"SS (I-X)",1,"Below Secondary",3,"B.Ed. or equivalent",0,0,0,0,0,1,0,0,0,0,0,1,0,0,0,0,0,0,2,0,2
2019-20,33,Tamilnadu,3309,NAMAKKAL,330911,PALLIPALAYAM,23,"Private Unaided (Recognized)",6,"SS (I-X)",1,"Below Secondary",3,"B.Ed. or equivalent",0,0,0,0,0,0,0,0,0,0,0,1,0,0,0,0,0,0,1,0,1
2019-20,33,Tamilnadu,3309,NAMAKKAL,330911,PALLIPALAYAM,23,"Private Unaided (Recognized)",2,"UPS (I-VIII)",1,"Below Secondary",5,Others,0,0,0,0,0,1,0,0,0,0,0,0,0,0,0,0,0,0,1,0,1
2019-20,33,Tamilnadu,3309,NAMAKKAL,330912,MALLASAMUDRAM,23,"Private Unaided (Recognized)",3,"HSS (I-XII)",1,"Below Secondary",5,Others,0,0,0,0,0,0,0,2,0,0,0,1,0,0,0,0,0,0,3,0,3
2019-20,33,Tamilnadu,3309,NAMAKKAL,330901,NAMAKKAL,23,"Private Unaided (Recognized)",6,"SS (I-X)",1,"Below Secondary",5,Others,0,0,0,0,0,1,0,0,0,0,0,0,0,0,0,0,0,0,1,0,1
2019-20,33,Tamilnadu,3309,NAMAKKAL,330903,MOHANUR,23,"Private Unaided (Recognized)",6,"SS (I-X)",1,"Below Secondary",5,Others,0,0,0,0,0,1,0,0,0,0,0,0,0,0,0,0,0,0,1,0,1
2019-20,33,Tamilnadu,3309,NAMAKKAL,330915,KABILARMALAI,23,"Private Unaided (Recognized)",6,"SS (I-X)",1,"Below Secondary",5,Others,0,0,0,0,0,0,0,0,0,1,0,0,0,0,0,0,0,0,1,0,1
2019-20,33,Tamilnadu,3309,NAMAKKAL,330901,NAMAKKAL,23,"Private Unaided (Recognized)",3,"HSS (I-XII)",1,"Below Secondary",6,None,0,0,0,0,0,0,0,1,0,0,0,0,0,0,0,0,0,0,1,0,1
2019-20,33,Tamilnadu,3309,NAMAKKAL,330903,MOHANUR,23,"Private Unaided (Recognized)",3,"HSS (I-XII)",1,"Below Secondary",6,None,0,0,0,0,0,1,0,1,0,0,0,0,0,0,0,0,0,0,2,0,2
2019-20,33,Tamilnadu,3309,NAMAKKAL,330911,PALLIPALAYAM,23,"Private Unaided (Recognized)",3,"HSS (I-XII)",1,"Below Secondary",6,None,0,1,0,0,0,0,0,1,0,0,0,0,0,0,0,0,0,0,2,0,2
2019-20,33,Tamilnadu,3309,NAMAKKAL,330915,KABILARMALAI,23,"Private Unaided (Recognized)",6,"SS (I-X)",1,"Below Secondary",6,None,0,0,0,0,0,1,0,0,0,0,0,0,0,0,0,0,0,0,1,0,1
2019-20,33,Tamilnadu,3309,NAMAKKAL,330901,NAMAKKAL,23,"Private Unaided (Recognized)",3,"HSS (I-XII)",3,"Higher secondary",1,"Diploma or certificate in basic teachers training of a duration not less than two years",0,0,0,0,0,1,0,0,0,0,0,0,0,0,0,0,0,0,1,0,1
2019-20,33,Tamilnadu,3309,NAMAKKAL,330902,KOLLIHILLS,23,"Private Unaided (Recognized)",3,"HSS (I-XII)",3,"Higher secondary",1,"Diploma or certificate in basic teachers training of a duration not less than two years",0,0,0,0,0,0,0,1,0,0,0,0,0,0,0,0,0,0,1,0,1
2019-20,33,Tamilnadu,3309,NAMAKKAL,330904,ERUMAPATTI,23,"Private Unaided (Recognized)",3,"HSS (I-XII)",3,"Higher secondary",1,"Diploma or certificate in basic teachers training of a duration not less than two years",0,0,0,0,0,1,0,0,0,0,0,0,0,0,0,0,0,0,1,0,1
2019-20,33,Tamilnadu,3309,NAMAKKAL,330905,SENDAMANGALAM,23,"Private Unaided (Recognized)",3,"HSS (I-XII)",3,"Higher secondary",1,"Diploma or certificate in basic teachers training of a duration not less than two years",0,0,0,0,0,1,0,0,0,0,0,0,0,0,0,0,0,0,1,0,1
2019-20,33,Tamilnadu,3309,NAMAKKAL,330906,PUDUCHATRAM,23,"Private Unaided (Recognized)",3,"HSS (I-XII)",3,"Higher secondary",1,"Diploma or certificate in basic teachers training of a duration not less than two years",0,0,0,0,0,1,0,0,0,0,0,0,0,0,0,0,0,0,1,0,1
2019-20,33,Tamilnadu,3309,NAMAKKAL,330909,NAMAGIRIPET,23,"Private Unaided (Recognized)",3,"HSS (I-XII)",3,"Higher secondary",1,"Diploma or certificate in basic teachers training of a duration not less than two years",0,0,0,1,0,1,0,0,0,0,0,0,0,0,0,0,0,0,2,0,2
2019-20,33,Tamilnadu,3309,NAMAKKAL,330911,PALLIPALAYAM,23,"Private Unaided (Recognized)",3,"HSS (I-XII)",3,"Higher secondary",1,"Diploma or certificate in basic teachers training of a duration not less than two years",0,0,0,0,0,0,0,4,0,0,0,0,0,0,0,0,0,0,4,0,4
2019-20,33,Tamilnadu,3309,NAMAKKAL,330912,MALLASAMUDRAM,23,"Private Unaided (Recognized)",3,"HSS (I-XII)",3,"Higher secondary",1,"Diploma or certificate in basic teachers training of a duration not less than two years",0,4,0,1,0,3,0,1,0,1,0,0,0,0,0,0,0,0,10,0,10
2019-20,33,Tamilnadu,3309,NAMAKKAL,330913,ELACHIPALAYAM,23,"Private Unaided (Recognized)",3,"HSS (I-XII)",3,"Higher secondary",1,"Diploma or certificate in basic teachers training of a duration not less than two years",0,0,0,1,0,0,0,1,0,0,0,0,0,0,0,0,0,0,2,0,2
2019-20,33,Tamilnadu,3309,NAMAKKAL,330914,PARAMATHI,23,"Private Unaided (Recognized)",3,"HSS (I-XII)",3,"Higher secondary",1,"Diploma or certificate in basic teachers training of a duration not less than two years",0,0,0,0,0,0,0,1,0,0,0,0,0,0,0,0,0,0,1,0,1
2019-20,33,Tamilnadu,3309,NAMAKKAL,330915,KABILARMALAI,23,"Private Unaided (Recognized)",3,"HSS (I-XII)",3,"Higher secondary",1,"Diploma or certificate in basic teachers training of a duration not less than two years",0,0,0,0,0,1,0,0,0,0,0,0,0,0,0,0,0,0,1,0,1
2019-20,33,Tamilnadu,3309,NAMAKKAL,330901,NAMAKKAL,23,"Private Unaided (Recognized)",6,"SS (I-X)",3,"Higher secondary",1,"Diploma or certificate in basic teachers training of a duration not less than two years",0,0,0,0,0,0,0,1,0,1,0,0,0,0,0,0,0,0,2,0,2
2019-20,33,Tamilnadu,3309,NAMAKKAL,330903,MOHANUR,23,"Private Unaided (Recognized)",6,"SS (I-X)",3,"Higher secondary",1,"Diploma or certificate in basic teachers training of a duration not less than two years",0,0,0,0,0,1,0,0,0,0,0,0,0,0,0,0,0,0,1,0,1
2019-20,33,Tamilnadu,3309,NAMAKKAL,330905,SENDAMANGALAM,23,"Private Unaided (Recognized)",6,"SS (I-X)",3,"Higher secondary",1,"Diploma or certificate in basic teachers training of a duration not less than two years",0,0,0,0,0,2,0,1,0,0,0,0,0,0,0,0,0,0,3,0,3
2019-20,33,Tamilnadu,3309,NAMAKKAL,330907,RASIPURAM,23,"Private Unaided (Recognized)",6,"SS (I-X)",3,"Higher secondary",1,"Diploma or certificate in basic teachers training of a duration not less than two years",0,0,0,0,0,0,0,0,0,0,0,0,0,1,0,0,0,0,1,0,1
2019-20,33,Tamilnadu,3309,NAMAKKAL,330910,TIRUCHENGODE,23,"Private Unaided (Recognized)",6,"SS (I-X)",3,"Higher secondary",1,"Diploma or certificate in basic teachers training of a duration not less than two years",0,1,0,0,0,2,0,0,0,0,0,0,0,3,0,0,0,0,6,0,6
2019-20,33,Tamilnadu,3309,NAMAKKAL,330914,PARAMATHI,23,"Private Unaided (Recognized)",6,"SS (I-X)",3,"Higher secondary",1,"Diploma or certificate in basic teachers training of a duration not less than two years",0,0,0,0,0,1,0,0,0,0,0,0,0,0,0,0,0,0,1,0,1
2019-20,33,Tamilnadu,3309,NAMAKKAL,330910,TIRUCHENGODE,23,"Private Unaided (Recognized)",3,"HSS (I-XII)",3,"Higher secondary",3,"B.Ed. or equivalent",0,0,0,0,0,0,0,0,0,0,0,0,1,0,0,0,0,0,1,1,0
2019-20,33,Tamilnadu,3309,NAMAKKAL,330913,ELACHIPALAYAM,23,"Private Unaided (Recognized)",3,"HSS (I-XII)",3,"Higher secondary",3,"B.Ed. or equivalent",0,0,0,0,0,1,0,1,0,0,0,0,0,0,0,0,0,0,2,0,2
2019-20,33,Tamilnadu,3309,NAMAKKAL,330901,NAMAKKAL,23,"Private Unaided (Recognized)",6,"SS (I-X)",3,"Higher secondary",3,"B.Ed. or equivalent",0,0,0,0,0,0,0,0,0,0,0,0,0,1,0,0,0,0,1,0,1
2019-20,33,Tamilnadu,3309,NAMAKKAL,330903,MOHANUR,23,"Private Unaided (Recognized)",6,"SS (I-X)",3,"Higher secondary",3,"B.Ed. or equivalent",0,0,0,0,0,0,0,0,0,0,0,1,0,0,0,0,0,0,1,0,1
2019-20,33,Tamilnadu,3309,NAMAKKAL,330911,PALLIPALAYAM,23,"Private Unaided (Recognized)",2,"UPS (I-VIII)",3,"Higher secondary",4,"M.Ed. or equivalent",0,0,0,0,0,0,0,0,0,1,0,0,0,0,0,0,0,0,1,0,1
2019-20,33,Tamilnadu,3309,NAMAKKAL,330912,MALLASAMUDRAM,23,"Private Unaided (Recognized)",3,"HSS (I-XII)",3,"Higher secondary",4,"M.Ed. or equivalent",0,0,0,0,0,0,1,0,0,0,0,0,0,0,0,0,0,0,1,1,0
2019-20,33,Tamilnadu,3309,NAMAKKAL,330905,SENDAMANGALAM,23,"Private Unaided (Recognized)",6,"SS (I-X)",3,"Higher secondary",4,"M.Ed. or equivalent",0,0,0,0,0,0,1,0,0,0,0,0,0,0,0,0,0,0,1,1,0
2019-20,33,Tamilnadu,3309,NAMAKKAL,330911,PALLIPALAYAM,23,"Private Unaided (Recognized)",3,"HSS (I-XII)",3,"Higher secondary",5,Others,0,1,0,0,0,0,0,1,0,0,0,0,0,0,0,0,0,0,2,0,2
2019-20,33,Tamilnadu,3309,NAMAKKAL,330915,KABILARMALAI,23,"Private Unaided (Recognized)",3,"HSS (I-XII)",3,"Higher secondary",5,Others,0,0,0,0,0,0,0,0,0,0,0,0,0,0,1,0,0,0,1,1,0
2019-20,33,Tamilnadu,3309,NAMAKKAL,330906,PUDUCHATRAM,23,"Private Unaided (Recognized)",3,"HSS (I-XII)",3,"Higher secondary",6,None,0,0,0,0,0,0,0,0,0,0,0,0,0,1,0,0,0,0,1,0,1
2019-20,33,Tamilnadu,3309,NAMAKKAL,330911,PALLIPALAYAM,23,"Private Unaided (Recognized)",3,"HSS (I-XII)",3,"Higher secondary",6,None,0,1,0,0,0,0,0,0,0,0,0,0,0,0,0,0,0,0,1,0,1
2019-20,33,Tamilnadu,3309,NAMAKKAL,330901,NAMAKKAL,23,"Private Unaided (Recognized)",6,"SS (I-X)",3,"Higher secondary",6,None,0,0,0,0,0,1,0,0,0,0,0,0,0,0,0,0,0,0,1,0,1
2019-20,33,Tamilnadu,3309,NAMAKKAL,330910,TIRUCHENGODE,23,"Private Unaided (Recognized)",6,"SS (I-X)",3,"Higher secondary",6,None,0,0,0,0,0,0,0,1,0,0,0,0,0,0,0,0,0,0,1,0,1
2019-20,33,Tamilnadu,3309,NAMAKKAL,330901,NAMAKKAL,23,"Private Unaided (Recognized)",3,"HSS (I-XII)",4,Graduate,1,"Diploma or certificate in basic teachers training of a duration not less than two years",0,0,0,0,0,1,0,2,0,0,0,0,0,0,0,1,0,0,4,0,4
2019-20,33,Tamilnadu,3309,NAMAKKAL,330903,MOHANUR,23,"Private Unaided (Recognized)",3,"HSS (I-XII)",4,Graduate,1,"Diploma or certificate in basic teachers training of a duration not less than two years",0,1,0,0,0,2,0,3,1,2,0,1,0,1,0,0,0,0,11,1,10
2019-20,33,Tamilnadu,3309,NAMAKKAL,330904,ERUMAPATTI,23,"Private Unaided (Recognized)",3,"HSS (I-XII)",4,Graduate,1,"Diploma or certificate in basic teachers training of a duration not less than two years",0,1,0,0,1,3,0,1,0,0,0,0,0,0,0,0,0,0,6,1,5
2019-20,33,Tamilnadu,3309,NAMAKKAL,330905,SENDAMANGALAM,23,"Private Unaided (Recognized)",3,"HSS (I-XII)",4,Graduate,1,"Diploma or certificate in basic teachers training of a duration not less than two years",0,0,0,0,1,4,0,0,0,0,0,0,0,0,0,0,0,0,5,1,4
2019-20,33,Tamilnadu,3309,NAMAKKAL,330906,PUDUCHATRAM,23,"Private Unaided (Recognized)",3,"HSS (I-XII)",4,Graduate,1,"Diploma or certificate in basic teachers training of a duration not less than two years",0,1,0,0,0,2,0,0,0,0,0,0,0,0,0,0,0,0,3,0,3
2019-20,33,Tamilnadu,3309,NAMAKKAL,330907,RASIPURAM,23,"Private Unaided (Recognized)",3,"HSS (I-XII)",4,Graduate,1,"Diploma or certificate in basic teachers training of a duration not less than two years",0,2,0,2,0,6,0,1,0,2,0,0,0,0,0,0,0,0,13,0,13
2019-20,33,Tamilnadu,3309,NAMAKKAL,330908,VENNANDUR,23,"Private Unaided (Recognized)",3,"HSS (I-XII)",4,Graduate,1,"Diploma or certificate in basic teachers training of a duration not less than two years",0,0,0,5,0,1,0,1,0,1,0,0,0,0,0,0,0,0,8,0,8
2019-20,33,Tamilnadu,3309,NAMAKKAL,330909,NAMAGIRIPET,23,"Private Unaided (Recognized)",3,"HSS (I-XII)",4,Graduate,1,"Diploma or certificate in basic teachers training of a duration not less than two years",0,0,0,0,0,4,0,3,0,0,0,0,0,0,0,0,0,0,7,0,7
2019-20,33,Tamilnadu,3309,NAMAKKAL,330910,TIRUCHENGODE,23,"Private Unaided (Recognized)",3,"HSS (I-XII)",4,Graduate,1,"Diploma or certificate in basic teachers training of a duration not less than two years",0,1,0,0,0,1,0,0,0,1,0,0,0,0,0,0,0,0,3,0,3
2019-20,33,Tamilnadu,3309,NAMAKKAL,330911,PALLIPALAYAM,23,"Private Unaided (Recognized)",3,"HSS (I-XII)",4,Graduate,1,"Diploma or certificate in basic teachers training of a duration not less than two years",0,1,0,0,0,2,0,9,0,1,0,0,0,1,0,0,0,1,15,0,15
2019-20,33,Tamilnadu,3309,NAMAKKAL,330912,MALLASAMUDRAM,23,"Private Unaided (Recognized)",3,"HSS (I-XII)",4,Graduate,1,"Diploma or certificate in basic teachers training of a duration not less than two years",0,0,0,0,0,2,1,1,2,0,0,0,0,0,0,0,0,0,6,3,3
2019-20,33,Tamilnadu,3309,NAMAKKAL,330913,ELACHIPALAYAM,23,"Private Unaided (Recognized)",3,"HSS (I-XII)",4,Graduate,1,"Diploma or certificate in basic teachers training of a duration not less than two years",0,0,0,0,0,3,0,5,0,0,0,0,0,0,0,0,0,0,8,0,8
2019-20,33,Tamilnadu,3309,NAMAKKAL,330914,PARAMATHI,23,"Private Unaided (Recognized)",3,"HSS (I-XII)",4,Graduate,1,"Diploma or certificate in basic teachers training of a duration not less than two years",0,0,0,0,0,6,1,0,0,0,0,0,0,0,0,0,0,0,7,1,6
2019-20,33,Tamilnadu,3309,NAMAKKAL,330915,KABILARMALAI,23,"Private Unaided (Recognized)",3,"HSS (I-XII)",4,Graduate,1,"Diploma or certificate in basic teachers training of a duration not less than two years",0,0,0,0,0,1,0,1,0,0,0,0,0,0,0,0,0,0,2,0,2
2019-20,33,Tamilnadu,3309,NAMAKKAL,330901,NAMAKKAL,23,"Private Unaided (Recognized)",6,"SS (I-X)",4,Graduate,1,"Diploma or certificate in basic teachers training of a duration not less than two years",0,0,0,0,0,1,0,0,1,4,0,0,0,0,0,0,0,0,6,1,5
2019-20,33,Tamilnadu,3309,NAMAKKAL,330903,MOHANUR,23,"Private Unaided (Recognized)",6,"SS (I-X)",4,Graduate,1,"Diploma or certificate in basic teachers training of a duration not less than two years",0,0,0,0,0,3,0,0,0,1,0,0,0,1,0,0,0,0,5,0,5
2019-20,33,Tamilnadu,3309,NAMAKKAL,330904,ERUMAPATTI,23,"Private Unaided (Recognized)",6,"SS (I-X)",4,Graduate,1,"Diploma or certificate in basic teachers training of a duration not less than two years",0,0,0,0,0,0,0,1,0,0,0,0,0,0,0,0,0,0,1,0,1
2019-20,33,Tamilnadu,3309,NAMAKKAL,330906,PUDUCHATRAM,23,"Private Unaided (Recognized)",6,"SS (I-X)",4,Graduate,1,"Diploma or certificate in basic teachers training of a duration not less than two years",0,0,0,0,0,0,0,0,0,0,0,0,0,1,0,0,0,0,1,0,1
2019-20,33,Tamilnadu,3309,NAMAKKAL,330907,RASIPURAM,23,"Private Unaided (Recognized)",6,"SS (I-X)",4,Graduate,1,"Diploma or certificate in basic teachers training of a duration not less than two years",0,0,0,0,0,0,0,5,0,0,0,1,0,1,0,0,0,0,7,0,7
2019-20,33,Tamilnadu,3309,NAMAKKAL,330908,VENNANDUR,23,"Private Unaided (Recognized)",6,"SS (I-X)",4,Graduate,1,"Diploma or certificate in basic teachers training of a duration not less than two years",0,0,0,0,0,0,0,0,0,0,0,0,0,2,0,0,0,0,2,0,2
2019-20,33,Tamilnadu,3309,NAMAKKAL,330910,TIRUCHENGODE,23,"Private Unaided (Recognized)",6,"SS (I-X)",4,Graduate,1,"Diploma or certificate in basic teachers training of a duration not less than two years",0,0,0,0,0,3,0,1,0,0,0,0,0,1,0,0,0,0,5,0,5
2019-20,33,Tamilnadu,3309,NAMAKKAL,330911,PALLIPALAYAM,23,"Private Unaided (Recognized)",6,"SS (I-X)",4,Graduate,1,"Diploma or certificate in basic teachers training of a duration not less than two years",0,0,0,0,0,3,0,1,0,1,0,0,0,2,0,0,0,0,7,0,7
2019-20,33,Tamilnadu,3309,NAMAKKAL,330914,PARAMATHI,23,"Private Unaided (Recognized)",6,"SS (I-X)",4,Graduate,1,"Diploma or certificate in basic teachers training of a duration not less than two years",0,0,0,0,0,1,0,0,0,0,0,1,0,0,0,0,0,0,2,0,2
2019-20,33,Tamilnadu,3309,NAMAKKAL,330910,TIRUCHENGODE,24,"Private Unaided (Recognized)",1,"PS (I-V)",3,"Higher secondary",6,None,0,0,0,0,0,1,0,0,0,0,0,0,0,0,0,0,0,0,1,0,1
2019-20,33,Tamilnadu,3309,NAMAKKAL,330915,KABILARMALAI,24,"Private Unaided (Recognized)",1,"PS (I-V)",3,"Higher secondary",6,None,0,0,0,0,0,1,0,0,0,0,0,0,0,0,0,0,0,0,1,0,1
2019-20,33,Tamilnadu,3309,NAMAKKAL,330911,PALLIPALAYAM,23,"Private Unaided (Recognized)",2,"UPS (I-VIII)",4,Graduate,3,"B.Ed. or equivalent",0,0,0,0,0,2,0,1,0,1,0,0,0,0,0,0,0,0,4,0,4
2019-20,33,Tamilnadu,3309,NAMAKKAL,330901,NAMAKKAL,23,"Private Unaided (Recognized)",3,"HSS (I-XII)",4,Graduate,3,"B.Ed. or equivalent",0,1,0,0,1,8,0,6,0,1,0,2,1,1,1,4,0,1,27,3,24
2019-20,33,Tamilnadu,3309,NAMAKKAL,330902,KOLLIHILLS,23,"Private Unaided (Recognized)",3,"HSS (I-XII)",4,Graduate,3,"B.Ed. or equivalent",0,0,0,0,0,0,0,1,0,0,0,0,0,0,0,0,0,0,1,0,1
2019-20,33,Tamilnadu,3309,NAMAKKAL,330903,MOHANUR,23,"Private Unaided (Recognized)",3,"HSS (I-XII)",4,Graduate,3,"B.Ed. or equivalent",0,2,0,0,0,5,3,24,1,1,1,2,0,5,1,0,1,0,46,7,39
2019-20,33,Tamilnadu,3309,NAMAKKAL,330904,ERUMAPATTI,23,"Private Unaided (Recognized)",3,"HSS (I-XII)",4,Graduate,3,"B.Ed. or equivalent",0,2,0,0,5,10,3,2,1,6,1,1,5,4,0,0,0,0,40,15,25
2019-20,33,Tamilnadu,3309,NAMAKKAL,330905,SENDAMANGALAM,23,"Private Unaided (Recognized)",3,"HSS (I-XII)",4,Graduate,3,"B.Ed. or equivalent",0,0,0,0,0,11,1,7,0,4,0,1,1,2,0,1,0,0,28,2,26
2019-20,33,Tamilnadu,3309,NAMAKKAL,330906,PUDUCHATRAM,23,"Private Unaided (Recognized)",3,"HSS (I-XII)",4,Graduate,3,"B.Ed. or equivalent",0,3,0,0,0,3,0,3,0,2,0,0,0,2,1,0,0,0,14,1,13
2019-20,33,Tamilnadu,3309,NAMAKKAL,330907,RASIPURAM,23,"Private Unaided (Recognized)",3,"HSS (I-XII)",4,Graduate,3,"B.Ed. or equivalent",0,7,0,0,1,10,1,5,0,6,0,0,3,3,0,0,0,0,36,5,31
2019-20,33,Tamilnadu,3309,NAMAKKAL,330908,VENNANDUR,23,"Private Unaided (Recognized)",3,"HSS (I-XII)",4,Graduate,3,"B.Ed. or equivalent",0,1,0,1,0,6,0,4,0,1,0,3,0,3,1,0,0,0,20,1,19
2019-20,33,Tamilnadu,3309,NAMAKKAL,330909,NAMAGIRIPET,23,"Private Unaided (Recognized)",3,"HSS (I-XII)",4,Graduate,3,"B.Ed. or equivalent",0,1,0,5,0,9,3,15,0,13,0,6,3,1,1,2,0,0,59,7,52
2019-20,33,Tamilnadu,3309,NAMAKKAL,330910,TIRUCHENGODE,23,"Private Unaided (Recognized)",3,"HSS (I-XII)",4,Graduate,3,"B.Ed. or equivalent",0,2,0,0,0,7,0,5,0,0,0,1,0,2,0,0,1,0,18,1,17
2019-20,33,Tamilnadu,3309,NAMAKKAL,330911,PALLIPALAYAM,23,"Private Unaided (Recognized)",3,"HSS (I-XII)",4,Graduate,3,"B.Ed. or equivalent",0,2,0,0,0,12,10,58,0,8,3,2,3,5,4,2,0,0,109,20,89
2019-20,33,Tamilnadu,3309,NAMAKKAL,330912,MALLASAMUDRAM,23,"Private Unaided (Recognized)",3,"HSS (I-XII)",4,Graduate,3,"B.Ed. or equivalent",0,0,0,1,0,8,2,23,1,9,1,1,1,6,0,1,0,0,54,5,49
2019-20,33,Tamilnadu,3309,NAMAKKAL,330913,ELACHIPALAYAM,23,"Private Unaided (Recognized)",3,"HSS (I-XII)",4,Graduate,3,"B.Ed. or equivalent",0,4,0,10,0,21,3,15,0,7,4,1,2,6,2,0,0,0,75,11,64
2019-20,33,Tamilnadu,3309,NAMAKKAL,330914,PARAMATHI,23,"Private Unaided (Recognized)",3,"HSS (I-XII)",4,Graduate,3,"B.Ed. or equivalent",0,1,0,0,4,20,3,6,1,5,2,0,1,3,0,0,3,0,49,14,35
2019-20,33,Tamilnadu,3309,NAMAKKAL,330915,KABILARMALAI,23,"Private Unaided (Recognized)",3,"HSS (I-XII)",4,Graduate,3,"B.Ed. or equivalent",0,0,0,0,0,3,0,1,0,3,1,1,1,3,0,0,0,0,13,2,11
2019-20,33,Tamilnadu,3309,NAMAKKAL,330901,NAMAKKAL,23,"Private Unaided (Recognized)",5,"HSS (VI-XII)",4,Graduate,3,"B.Ed. or equivalent",0,0,0,0,0,0,0,0,1,1,1,1,0,2,1,0,0,0,7,3,4
2019-20,33,Tamilnadu,3309,NAMAKKAL,330908,VENNANDUR,23,"Private Unaided (Recognized)",5,"HSS (VI-XII)",4,Graduate,3,"B.Ed. or equivalent",0,0,0,0,0,0,0,0,0,0,0,0,0,0,0,0,0,1,1,0,1
2019-20,33,Tamilnadu,3309,NAMAKKAL,330910,TIRUCHENGODE,23,"Private Unaided (Recognized)",5,"HSS (VI-XII)",4,Graduate,3,"B.Ed. or equivalent",0,0,0,0,0,0,0,0,0,0,0,0,0,2,1,0,0,0,3,1,2
2019-20,33,Tamilnadu,3309,NAMAKKAL,330914,PARAMATHI,23,"Private Unaided (Recognized)",5,"HSS (VI-XII)",4,Graduate,3,"B.Ed. or equivalent",0,0,0,0,0,0,0,0,1,2,0,0,0,0,0,0,0,1,4,1,3
2019-20,33,Tamilnadu,3309,NAMAKKAL,330901,NAMAKKAL,23,"Private Unaided (Recognized)",6,"SS (I-X)",4,Graduate,3,"B.Ed. or equivalent",0,0,0,0,0,6,0,4,0,4,1,0,2,0,0,0,0,0,17,3,14
2019-20,33,Tamilnadu,3309,NAMAKKAL,330902,KOLLIHILLS,23,"Private Unaided (Recognized)",6,"SS (I-X)",4,Graduate,3,"B.Ed. or equivalent",0,0,0,0,0,3,0,0,1,1,0,0,0,3,0,0,0,0,8,1,7
2019-20,33,Tamilnadu,3309,NAMAKKAL,330903,MOHANUR,23,"Private Unaided (Recognized)",6,"SS (I-X)",4,Graduate,3,"B.Ed. or equivalent",0,0,0,0,0,10,0,2,0,1,0,1,3,15,0,0,0,0,32,3,29
2019-20,33,Tamilnadu,3309,NAMAKKAL,330904,ERUMAPATTI,23,"Private Unaided (Recognized)",6,"SS (I-X)",4,Graduate,3,"B.Ed. or equivalent",0,0,0,0,0,0,0,1,0,4,0,1,0,5,0,0,0,0,11,0,11
2019-20,33,Tamilnadu,3309,NAMAKKAL,330905,SENDAMANGALAM,23,"Private Unaided (Recognized)",6,"SS (I-X)",4,Graduate,3,"B.Ed. or equivalent",0,0,0,0,0,4,0,1,0,1,0,0,0,2,0,0,0,0,8,0,8
2019-20,33,Tamilnadu,3309,NAMAKKAL,330906,PUDUCHATRAM,23,"Private Unaided (Recognized)",6,"SS (I-X)",4,Graduate,3,"B.Ed. or equivalent",0,0,0,0,0,14,2,1,0,3,0,0,2,3,0,0,0,0,25,4,21
2019-20,33,Tamilnadu,3309,NAMAKKAL,330907,RASIPURAM,23,"Private Unaided (Recognized)",6,"SS (I-X)",4,Graduate,3,"B.Ed. or equivalent",0,0,0,0,0,1,0,4,0,1,0,3,1,8,0,0,0,0,18,1,17
2019-20,33,Tamilnadu,3309,NAMAKKAL,330908,VENNANDUR,23,"Private Unaided (Recognized)",6,"SS (I-X)",4,Graduate,3,"B.Ed. or equivalent",0,0,0,0,0,0,0,0,0,0,0,0,0,9,0,0,0,0,9,0,9
2019-20,33,Tamilnadu,3309,NAMAKKAL,330909,NAMAGIRIPET,23,"Private Unaided (Recognized)",6,"SS (I-X)",4,Graduate,3,"B.Ed. or equivalent",0,0,0,0,1,1,0,1,0,0,0,3,0,0,0,0,0,0,6,1,5
2019-20,33,Tamilnadu,3309,NAMAKKAL,330910,TIRUCHENGODE,23,"Private Unaided (Recognized)",6,"SS (I-X)",4,Graduate,3,"B.Ed. or equivalent",0,0,0,0,0,5,1,5,1,2,1,2,1,5,0,0,0,0,23,4,19
2019-20,33,Tamilnadu,3309,NAMAKKAL,330911,PALLIPALAYAM,23,"Private Unaided (Recognized)",6,"SS (I-X)",4,Graduate,3,"B.Ed. or equivalent",0,0,0,0,0,5,0,8,0,0,1,0,2,7,0,0,0,0,23,3,20
2019-20,33,Tamilnadu,3309,NAMAKKAL,330914,PARAMATHI,23,"Private Unaided (Recognized)",6,"SS (I-X)",4,Graduate,3,"B.Ed. or equivalent",0,0,0,0,0,0,0,4,0,0,0,0,0,0,0,0,0,0,4,0,4
2019-20,33,Tamilnadu,3309,NAMAKKAL,330915,KABILARMALAI,23,"Private Unaided (Recognized)",6,"SS (I-X)",4,Graduate,3,"B.Ed. or equivalent",0,0,0,0,0,3,1,6,0,0,2,4,0,0,0,0,0,0,16,3,13
2019-20,33,Tamilnadu,3309,NAMAKKAL,330911,PALLIPALAYAM,23,"Private Unaided (Recognized)",2,"UPS (I-VIII)",4,Graduate,4,"M.Ed. or equivalent",0,0,0,0,0,3,0,0,0,0,0,0,0,0,0,0,0,0,3,0,3
2019-20,33,Tamilnadu,3309,NAMAKKAL,330901,NAMAKKAL,23,"Private Unaided (Recognized)",3,"HSS (I-XII)",4,Graduate,4,"M.Ed. or equivalent",0,0,0,0,0,1,0,0,0,0,0,0,0,0,0,0,0,0,1,0,1
2019-20,33,Tamilnadu,3309,NAMAKKAL,330904,ERUMAPATTI,23,"Private Unaided (Recognized)",3,"HSS (I-XII)",4,Graduate,4,"M.Ed. or equivalent",0,0,0,0,0,0,0,1,0,0,0,0,0,0,0,0,0,0,1,0,1
2019-20,33,Tamilnadu,3309,NAMAKKAL,330906,PUDUCHATRAM,23,"Private Unaided (Recognized)",3,"HSS (I-XII)",4,Graduate,4,"M.Ed. or equivalent",0,0,0,0,0,0,0,0,0,1,0,0,0,0,0,0,0,0,1,0,1
2019-20,33,Tamilnadu,3309,NAMAKKAL,330911,PALLIPALAYAM,23,"Private Unaided (Recognized)",3,"HSS (I-XII)",4,Graduate,4,"M.Ed. or equivalent",0,0,0,0,0,0,0,0,0,0,0,0,0,0,1,0,0,0,1,1,0
2019-20,33,Tamilnadu,3309,NAMAKKAL,330912,MALLASAMUDRAM,23,"Private Unaided (Recognized)",3,"HSS (I-XII)",4,Graduate,4,"M.Ed. or equivalent",0,0,0,0,0,0,0,0,0,1,0,0,0,0,0,0,0,0,1,0,1
2019-20,33,Tamilnadu,3309,NAMAKKAL,330913,ELACHIPALAYAM,23,"Private Unaided (Recognized)",3,"HSS (I-XII)",4,Graduate,4,"M.Ed. or equivalent",0,0,0,0,0,1,0,1,0,0,0,0,0,0,0,0,0,0,2,0,2
2019-20,33,Tamilnadu,3309,NAMAKKAL,330914,PARAMATHI,23,"Private Unaided (Recognized)",3,"HSS (I-XII)",4,Graduate,4,"M.Ed. or equivalent",0,0,0,0,0,0,0,0,0,0,0,0,0,0,0,0,1,0,1,1,0
2019-20,33,Tamilnadu,3309,NAMAKKAL,330901,NAMAKKAL,23,"Private Unaided (Recognized)",5,"HSS (VI-XII)",4,Graduate,4,"M.Ed. or equivalent",0,0,0,0,0,0,0,0,0,0,0,0,1,1,0,0,0,0,2,1,1
2019-20,33,Tamilnadu,3309,NAMAKKAL,330901,NAMAKKAL,23,"Private Unaided (Recognized)",6,"SS (I-X)",4,Graduate,4,"M.Ed. or equivalent",0,0,0,0,0,0,0,0,0,0,0,0,0,1,0,0,0,0,1,0,1
2019-20,33,Tamilnadu,3309,NAMAKKAL,330910,TIRUCHENGODE,23,"Private Unaided (Recognized)",6,"SS (I-X)",4,Graduate,4,"M.Ed. or equivalent",0,0,0,0,0,1,0,0,0,0,0,0,0,0,0,0,0,0,1,0,1
2019-20,33,Tamilnadu,3309,NAMAKKAL,330911,PALLIPALAYAM,23,"Private Unaided (Recognized)",6,"SS (I-X)",4,Graduate,4,"M.Ed. or equivalent",0,0,0,0,0,0,0,0,0,0,0,0,0,1,0,0,0,0,1,0,1
2019-20,33,Tamilnadu,3309,NAMAKKAL,330911,PALLIPALAYAM,23,"Private Unaided (Recognized)",2,"UPS (I-VIII)",4,Graduate,5,Others,0,0,0,0,0,0,0,0,0,1,0,0,0,0,0,0,0,0,1,0,1
2019-20,33,Tamilnadu,3309,NAMAKKAL,330901,NAMAKKAL,23,"Private Unaided (Recognized)",3,"HSS (I-XII)",4,Graduate,5,Others,0,0,0,0,0,2,0,0,0,0,0,1,0,0,1,0,0,0,4,1,3
2019-20,33,Tamilnadu,3309,NAMAKKAL,330903,MOHANUR,23,"Private Unaided (Recognized)",3,"HSS (I-XII)",4,Graduate,5,Others,0,0,0,0,0,3,0,3,0,1,0,0,0,0,0,0,0,0,7,0,7
2019-20,33,Tamilnadu,3309,NAMAKKAL,330904,ERUMAPATTI,23,"Private Unaided (Recognized)",3,"HSS (I-XII)",4,Graduate,5,Others,0,0,0,0,1,0,0,0,0,1,0,0,0,0,0,0,0,0,2,1,1
2019-20,33,Tamilnadu,3309,NAMAKKAL,330905,SENDAMANGALAM,23,"Private Unaided (Recognized)",3,"HSS (I-XII)",4,Graduate,5,Others,0,1,0,0,0,2,0,0,0,0,0,0,0,0,0,0,0,0,3,0,3
2019-20,33,Tamilnadu,3309,NAMAKKAL,330906,PUDUCHATRAM,23,"Private Unaided (Recognized)",3,"HSS (I-XII)",4,Graduate,5,Others,0,0,0,0,0,1,0,0,0,0,0,0,0,1,0,0,0,0,2,0,2
2019-20,33,Tamilnadu,3309,NAMAKKAL,330907,RASIPURAM,23,"Private Unaided (Recognized)",3,"HSS (I-XII)",4,Graduate,5,Others,0,5,0,0,2,4,0,1,0,0,0,0,0,0,0,0,0,0,12,2,10
2019-20,33,Tamilnadu,3309,NAMAKKAL,330908,VENNANDUR,23,"Private Unaided (Recognized)",3,"HSS (I-XII)",4,Graduate,5,Others,0,0,0,0,0,1,0,0,0,0,0,0,0,1,0,0,0,0,2,0,2
2019-20,33,Tamilnadu,3309,NAMAKKAL,330909,NAMAGIRIPET,23,"Private Unaided (Recognized)",3,"HSS (I-XII)",4,Graduate,5,Others,0,0,0,0,0,3,0,5,0,1,0,0,0,0,0,0,0,0,9,0,9
2019-20,33,Tamilnadu,3309,NAMAKKAL,330911,PALLIPALAYAM,23,"Private Unaided (Recognized)",3,"HSS (I-XII)",4,Graduate,5,Others,0,0,0,0,0,1,0,7,0,0,0,0,0,0,0,0,0,0,8,0,8
2019-20,33,Tamilnadu,3309,NAMAKKAL,330912,MALLASAMUDRAM,23,"Private Unaided (Recognized)",3,"HSS (I-XII)",4,Graduate,5,Others,0,0,0,0,0,0,0,1,0,0,0,0,0,0,0,0,0,1,2,0,2
2019-20,33,Tamilnadu,3309,NAMAKKAL,330913,ELACHIPALAYAM,23,"Private Unaided (Recognized)",3,"HSS (I-XII)",4,Graduate,5,Others,0,0,0,1,0,0,0,1,0,0,1,0,0,1,1,0,0,0,5,2,3
2019-20,33,Tamilnadu,3309,NAMAKKAL,330914,PARAMATHI,23,"Private Unaided (Recognized)",3,"HSS (I-XII)",4,Graduate,5,Others,0,1,0,0,0,1,0,1,0,0,0,0,0,0,0,0,0,0,3,0,3
2019-20,33,Tamilnadu,3309,NAMAKKAL,330901,NAMAKKAL,23,"Private Unaided (Recognized)",6,"SS (I-X)",4,Graduate,5,Others,0,0,0,0,0,0,0,1,0,0,0,0,0,0,0,0,0,0,1,0,1
2019-20,33,Tamilnadu,3309,NAMAKKAL,330903,MOHANUR,23,"Private Unaided (Recognized)",6,"SS (I-X)",4,Graduate,5,Others,0,0,0,0,0,0,0,0,0,0,0,0,0,1,0,0,0,0,1,0,1
2019-20,33,Tamilnadu,3309,NAMAKKAL,330904,ERUMAPATTI,23,"Private Unaided (Recognized)",6,"SS (I-X)",4,Graduate,5,Others,0,0,0,0,0,0,1,1,0,0,0,0,0,0,0,0,0,0,2,1,1
2019-20,33,Tamilnadu,3309,NAMAKKAL,330905,SENDAMANGALAM,23,"Private Unaided (Recognized)",6,"SS (I-X)",4,Graduate,5,Others,0,0,0,0,0,2,0,1,0,0,0,0,1,0,0,0,0,0,4,1,3
2019-20,33,Tamilnadu,3309,NAMAKKAL,330910,TIRUCHENGODE,23,"Private Unaided (Recognized)",6,"SS (I-X)",4,Graduate,5,Others,0,0,0,0,0,3,0,1,0,0,0,0,0,1,0,0,0,0,5,0,5
2019-20,33,Tamilnadu,3309,NAMAKKAL,330911,PALLIPALAYAM,23,"Private Unaided (Recognized)",6,"SS (I-X)",4,Graduate,5,Others,0,0,0,0,0,2,0,0,0,0,0,0,0,1,0,0,0,0,3,0,3
2019-20,33,Tamilnadu,3309,NAMAKKAL,330915,KABILARMALAI,23,"Private Unaided (Recognized)",6,"SS (I-X)",4,Graduate,5,Others,0,0,0,0,0,0,0,1,0,0,0,0,0,0,0,0,0,0,1,0,1
2019-20,33,Tamilnadu,3309,NAMAKKAL,330906,PUDUCHATRAM,23,"Private Unaided (Recognized)",10,"HSS (IX-XII)",4,Graduate,5,Others,0,0,0,0,0,0,0,0,0,0,0,0,0,0,0,0,1,0,1,1,0
2019-20,33,Tamilnadu,3309,NAMAKKAL,330911,PALLIPALAYAM,23,"Private Unaided (Recognized)",2,"UPS (I-VIII)",4,Graduate,6,None,0,0,0,0,0,0,0,2,0,1,0,0,0,0,0,0,0,0,3,0,3
2019-20,33,Tamilnadu,3309,NAMAKKAL,330901,NAMAKKAL,23,"Private Unaided (Recognized)",3,"HSS (I-XII)",4,Graduate,6,None,0,0,0,0,0,0,0,1,0,1,0,0,0,0,0,1,0,0,3,0,3
2019-20,33,Tamilnadu,3309,NAMAKKAL,330903,MOHANUR,23,"Private Unaided (Recognized)",3,"HSS (I-XII)",4,Graduate,6,None,0,1,0,0,0,1,0,0,0,0,0,0,0,0,0,0,0,0,2,0,2
2019-20,33,Tamilnadu,3309,NAMAKKAL,330904,ERUMAPATTI,23,"Private Unaided (Recognized)",3,"HSS (I-XII)",4,Graduate,6,None,0,0,0,0,0,2,0,1,0,2,0,0,0,0,0,0,0,0,5,0,5
2019-20,33,Tamilnadu,3309,NAMAKKAL,330905,SENDAMANGALAM,23,"Private Unaided (Recognized)",3,"HSS (I-XII)",4,Graduate,6,None,0,0,0,0,0,1,0,0,0,0,0,0,0,0,0,0,0,0,1,0,1
2019-20,33,Tamilnadu,3309,NAMAKKAL,330906,PUDUCHATRAM,23,"Private Unaided (Recognized)",3,"HSS (I-XII)",4,Graduate,6,None,0,0,0,0,2,4,1,0,0,0,0,0,0,0,0,0,0,0,7,3,4
2019-20,33,Tamilnadu,3309,NAMAKKAL,330907,RASIPURAM,23,"Private Unaided (Recognized)",3,"HSS (I-XII)",4,Graduate,6,None,0,1,0,0,0,1,1,0,0,0,0,0,1,0,0,0,0,0,4,2,2
2019-20,33,Tamilnadu,3309,NAMAKKAL,330908,VENNANDUR,23,"Private Unaided (Recognized)",3,"HSS (I-XII)",4,Graduate,6,None,0,0,0,0,0,1,0,0,0,0,0,0,0,2,0,0,0,0,3,0,3
2019-20,33,Tamilnadu,3309,NAMAKKAL,330911,PALLIPALAYAM,23,"Private Unaided (Recognized)",3,"HSS (I-XII)",4,Graduate,6,None,0,1,0,0,0,8,0,6,0,0,0,0,0,0,0,0,0,0,15,0,15
2019-20,33,Tamilnadu,3309,NAMAKKAL,330912,MALLASAMUDRAM,23,"Private Unaided (Recognized)",3,"HSS (I-XII)",4,Graduate,6,None,0,0,0,0,0,0,0,0,0,0,0,0,0,0,0,0,1,0,1,1,0
2019-20,33,Tamilnadu,3309,NAMAKKAL,330913,ELACHIPALAYAM,23,"Private Unaided (Recognized)",3,"HSS (I-XII)",4,Graduate,6,None,0,1,0,1,0,4,0,1,0,0,0,0,0,1,0,0,0,1,9,0,9
2019-20,33,Tamilnadu,3309,NAMAKKAL,330914,PARAMATHI,23,"Private Unaided (Recognized)",3,"HSS (I-XII)",4,Graduate,6,None,0,0,0,0,0,1,0,0,0,1,0,0,0,0,0,0,1,0,3,1,2
2019-20,33,Tamilnadu,3309,NAMAKKAL,330901,NAMAKKAL,23,"Private Unaided (Recognized)",5,"HSS (VI-XII)",4,Graduate,6,None,0,0,0,0,0,0,0,0,0,0,0,0,0,0,2,0,0,0,2,2,0
2019-20,33,Tamilnadu,3309,NAMAKKAL,330901,NAMAKKAL,23,"Private Unaided (Recognized)",6,"SS (I-X)",4,Graduate,6,None,0,0,0,0,0,2,0,1,0,1,0,0,0,1,0,0,0,0,5,0,5
2019-20,33,Tamilnadu,3309,NAMAKKAL,330903,MOHANUR,23,"Private Unaided (Recognized)",6,"SS (I-X)",4,Graduate,6,None,0,0,0,0,0,1,0,0,0,0,0,0,0,1,0,0,0,0,2,0,2
2019-20,33,Tamilnadu,3309,NAMAKKAL,330906,PUDUCHATRAM,23,"Private Unaided (Recognized)",6,"SS (I-X)",4,Graduate,6,None,0,0,0,0,0,1,0,0,0,0,0,0,0,1,0,0,0,0,2,0,2
2019-20,33,Tamilnadu,3309,NAMAKKAL,330910,TIRUCHENGODE,23,"Private Unaided (Recognized)",6,"SS (I-X)",4,Graduate,6,None,0,0,0,0,0,3,0,1,0,0,0,0,0,3,0,0,0,0,7,0,7
2019-20,33,Tamilnadu,3309,NAMAKKAL,330911,PALLIPALAYAM,23,"Private Unaided (Recognized)",6,"SS (I-X)",4,Graduate,6,None,0,0,0,0,0,2,0,1,0,0,0,0,0,0,0,0,0,0,3,0,3
2019-20,33,Tamilnadu,3309,NAMAKKAL,330914,PARAMATHI,23,"Private Unaided (Recognized)",6,"SS (I-X)",4,Graduate,6,None,0,0,0,0,0,2,0,0,0,0,0,0,0,0,0,0,0,0,2,0,2
2019-20,33,Tamilnadu,3309,NAMAKKAL,330915,KABILARMALAI,23,"Private Unaided (Recognized)",6,"SS (I-X)",4,Graduate,6,None,0,0,0,0,0,0,1,0,0,0,0,0,0,1,0,0,0,0,2,1,1
2019-20,33,Tamilnadu,3309,NAMAKKAL,330901,NAMAKKAL,23,"Private Unaided (Recognized)",3,"HSS (I-XII)",5,"Post graduate",1,"Diploma or certificate in basic teachers training of a duration not less than two years",0,0,0,0,0,1,0,0,0,1,0,1,0,0,0,0,0,0,3,0,3
2019-20,33,Tamilnadu,3309,NAMAKKAL,330903,MOHANUR,23,"Private Unaided (Recognized)",3,"HSS (I-XII)",5,"Post graduate",1,"Diploma or certificate in basic teachers training of a duration not less than two years",0,1,0,0,0,0,0,0,0,0,0,0,0,0,0,0,0,0,1,0,1
2019-20,33,Tamilnadu,3309,NAMAKKAL,330904,ERUMAPATTI,23,"Private Unaided (Recognized)",3,"HSS (I-XII)",5,"Post graduate",1,"Diploma or certificate in basic teachers training of a duration not less than two years",0,0,0,0,0,2,0,0,0,0,0,0,0,1,0,0,0,0,3,0,3
2019-20,33,Tamilnadu,3309,NAMAKKAL,330905,SENDAMANGALAM,23,"Private Unaided (Recognized)",3,"HSS (I-XII)",5,"Post graduate",1,"Diploma or certificate in basic teachers training of a duration not less than two years",0,0,0,0,0,1,0,0,0,0,0,0,0,0,0,0,0,0,1,0,1
2019-20,33,Tamilnadu,3309,NAMAKKAL,330907,RASIPURAM,23,"Private Unaided (Recognized)",3,"HSS (I-XII)",5,"Post graduate",1,"Diploma or certificate in basic teachers training of a duration not less than two years",0,0,0,0,0,2,0,2,0,1,0,1,0,0,0,0,0,0,6,0,6
2019-20,33,Tamilnadu,3309,NAMAKKAL,330908,VENNANDUR,23,"Private Unaided (Recognized)",3,"HSS (I-XII)",5,"Post graduate",1,"Diploma or certificate in basic teachers training of a duration not less than two years",0,0,0,1,0,2,0,0,0,0,0,0,0,0,0,0,0,0,3,0,3
2019-20,33,Tamilnadu,3309,NAMAKKAL,330909,NAMAGIRIPET,23,"Private Unaided (Recognized)",3,"HSS (I-XII)",5,"Post graduate",1,"Diploma or certificate in basic teachers training of a duration not less than two years",0,0,0,0,0,2,0,1,0,0,0,0,0,1,0,0,0,0,4,0,4
2019-20,33,Tamilnadu,3309,NAMAKKAL,330911,PALLIPALAYAM,23,"Private Unaided (Recognized)",3,"HSS (I-XII)",5,"Post graduate",1,"Diploma or certificate in basic teachers training of a duration not less than two years",0,0,0,0,0,0,0,3,0,0,0,0,0,0,0,0,0,0,3,0,3
2019-20,33,Tamilnadu,3309,NAMAKKAL,330912,MALLASAMUDRAM,23,"Private Unaided (Recognized)",3,"HSS (I-XII)",5,"Post graduate",1,"Diploma or certificate in basic teachers training of a duration not less than two years",0,0,0,0,0,0,0,1,0,0,0,0,0,0,0,0,0,2,3,0,3
2019-20,33,Tamilnadu,3309,NAMAKKAL,330913,ELACHIPALAYAM,23,"Private Unaided (Recognized)",3,"HSS (I-XII)",5,"Post graduate",1,"Diploma or certificate in basic teachers training of a duration not less than two years",0,0,0,0,0,1,0,0,0,0,0,0,0,0,0,0,0,0,1,0,1
2019-20,33,Tamilnadu,3309,NAMAKKAL,330914,PARAMATHI,23,"Private Unaided (Recognized)",3,"HSS (I-XII)",5,"Post graduate",1,"Diploma or certificate in basic teachers training of a duration not less than two years",0,0,0,0,0,2,0,0,0,0,0,0,0,1,0,0,0,0,3,0,3
2019-20,33,Tamilnadu,3309,NAMAKKAL,330915,KABILARMALAI,23,"Private Unaided (Recognized)",3,"HSS (I-XII)",5,"Post graduate",1,"Diploma or certificate in basic teachers training of a duration not less than two years",0,0,0,0,0,0,0,0,0,1,0,0,0,0,0,0,0,0,1,0,1
2019-20,33,Tamilnadu,3309,NAMAKKAL,330901,NAMAKKAL,23,"Private Unaided (Recognized)",6,"SS (I-X)",5,"Post graduate",1,"Diploma or certificate in basic teachers training of a duration not less than two years",0,0,0,0,0,4,0,0,0,2,0,0,0,1,0,0,0,0,7,0,7
2019-20,33,Tamilnadu,3309,NAMAKKAL,330910,TIRUCHENGODE,23,"Private Unaided (Recognized)",6,"SS (I-X)",5,"Post graduate",1,"Diploma or certificate in basic teachers training of a duration not less than two years",0,0,0,0,0,2,0,0,0,0,0,0,0,0,0,0,0,0,2,0,2
2019-20,33,Tamilnadu,3309,NAMAKKAL,330915,KABILARMALAI,23,"Private Unaided (Recognized)",6,"SS (I-X)",5,"Post graduate",1,"Diploma or certificate in basic teachers training of a duration not less than two years",0,0,0,0,0,0,0,1,0,0,0,0,0,0,0,0,0,0,1,0,1
2019-20,33,Tamilnadu,3309,NAMAKKAL,330911,PALLIPALAYAM,23,"Private Unaided (Recognized)",2,"UPS (I-VIII)",5,"Post graduate",3,"B.Ed. or equivalent",0,0,0,0,0,0,0,1,0,1,0,0,0,0,0,0,0,0,2,0,2
2019-20,33,Tamilnadu,3309,NAMAKKAL,330901,NAMAKKAL,23,"Private Unaided (Recognized)",3,"HSS (I-XII)",5,"Post graduate",3,"B.Ed. or equivalent",0,2,0,0,0,9,2,13,0,3,1,10,1,10,25,24,4,16,120,33,87
2019-20,33,Tamilnadu,3309,NAMAKKAL,330902,KOLLIHILLS,23,"Private Unaided (Recognized)",3,"HSS (I-XII)",5,"Post graduate",3,"B.Ed. or equivalent",0,0,0,0,0,0,2,1,0,0,0,0,0,0,0,0,0,0,3,2,1
2019-20,33,Tamilnadu,3309,NAMAKKAL,330903,MOHANUR,23,"Private Unaided (Recognized)",3,"HSS (I-XII)",5,"Post graduate",3,"B.Ed. or equivalent",0,3,0,0,1,13,9,52,2,4,2,2,4,11,6,7,7,3,126,31,95
2019-20,33,Tamilnadu,3309,NAMAKKAL,330904,ERUMAPATTI,23,"Private Unaided (Recognized)",3,"HSS (I-XII)",5,"Post graduate",3,"B.Ed. or equivalent",0,1,0,0,2,14,0,2,5,8,3,2,10,11,0,0,3,3,64,23,41
2019-20,33,Tamilnadu,3309,NAMAKKAL,330905,SENDAMANGALAM,23,"Private Unaided (Recognized)",3,"HSS (I-XII)",5,"Post graduate",3,"B.Ed. or equivalent",0,0,0,0,1,20,0,5,1,9,4,5,1,5,1,0,7,11,70,15,55
2019-20,33,Tamilnadu,3309,NAMAKKAL,330906,PUDUCHATRAM,23,"Private Unaided (Recognized)",3,"HSS (I-XII)",5,"Post graduate",3,"B.Ed. or equivalent",0,0,0,0,1,13,2,1,0,3,1,1,0,3,0,1,1,3,30,5,25
2019-20,33,Tamilnadu,3309,NAMAKKAL,330907,RASIPURAM,23,"Private Unaided (Recognized)",3,"HSS (I-XII)",5,"Post graduate",3,"B.Ed. or equivalent",0,4,0,1,0,19,2,22,0,4,1,11,10,37,8,8,18,12,157,39,118
2019-20,33,Tamilnadu,3309,NAMAKKAL,330908,VENNANDUR,23,"Private Unaided (Recognized)",3,"HSS (I-XII)",5,"Post graduate",3,"B.Ed. or equivalent",0,0,0,1,0,5,0,7,2,2,0,2,2,6,8,9,1,9,54,13,41
2019-20,33,Tamilnadu,3309,NAMAKKAL,330909,NAMAGIRIPET,23,"Private Unaided (Recognized)",3,"HSS (I-XII)",5,"Post graduate",3,"B.Ed. or equivalent",0,0,0,1,1,5,14,29,0,9,0,2,3,3,16,6,8,4,101,42,59
2019-20,33,Tamilnadu,3309,NAMAKKAL,330910,TIRUCHENGODE,23,"Private Unaided (Recognized)",3,"HSS (I-XII)",5,"Post graduate",3,"B.Ed. or equivalent",0,2,0,0,0,5,1,2,0,0,4,6,6,17,4,0,15,6,68,30,38
2019-20,33,Tamilnadu,3309,NAMAKKAL,330911,PALLIPALAYAM,23,"Private Unaided (Recognized)",3,"HSS (I-XII)",5,"Post graduate",3,"B.Ed. or equivalent",0,0,0,0,1,6,38,75,0,5,0,6,13,27,18,15,37,17,258,107,151
2019-20,33,Tamilnadu,3309,NAMAKKAL,330912,MALLASAMUDRAM,23,"Private Unaided (Recognized)",3,"HSS (I-XII)",5,"Post graduate",3,"B.Ed. or equivalent",0,2,0,3,0,7,5,21,4,14,0,3,7,7,6,8,12,8,107,34,73
2019-20,33,Tamilnadu,3309,NAMAKKAL,330913,ELACHIPALAYAM,23,"Private Unaided (Recognized)",3,"HSS (I-XII)",5,"Post graduate",3,"B.Ed. or equivalent",0,4,0,3,1,16,3,23,3,5,2,7,6,10,10,7,28,20,148,53,95
2019-20,33,Tamilnadu,3309,NAMAKKAL,330914,PARAMATHI,23,"Private Unaided (Recognized)",3,"HSS (I-XII)",5,"Post graduate",3,"B.Ed. or equivalent",0,3,0,0,9,50,0,4,0,4,3,3,11,15,8,6,33,9,158,64,94
2019-20,33,Tamilnadu,3309,NAMAKKAL,330915,KABILARMALAI,23,"Private Unaided (Recognized)",3,"HSS (I-XII)",5,"Post graduate",3,"B.Ed. or equivalent",0,0,0,0,0,3,1,4,0,3,3,6,3,11,2,2,10,4,52,19,33
2019-20,33,Tamilnadu,3309,NAMAKKAL,330901,NAMAKKAL,23,"Private Unaided (Recognized)",5,"HSS (VI-XII)",5,"Post graduate",3,"B.Ed. or equivalent",0,0,0,0,0,0,0,0,0,7,3,0,2,5,2,3,10,3,35,17,18
2019-20,33,Tamilnadu,3309,NAMAKKAL,330907,RASIPURAM,23,"Private Unaided (Recognized)",5,"HSS (VI-XII)",5,"Post graduate",3,"B.Ed. or equivalent",0,0,0,0,0,0,0,0,0,0,1,0,2,1,2,3,5,1,15,10,5
2019-20,33,Tamilnadu,3309,NAMAKKAL,330908,VENNANDUR,23,"Private Unaided (Recognized)",5,"HSS (VI-XII)",5,"Post graduate",3,"B.Ed. or equivalent",0,0,0,0,0,0,0,0,0,0,0,0,0,2,2,1,2,1,8,4,4
2019-20,33,Tamilnadu,3309,NAMAKKAL,330910,TIRUCHENGODE,23,"Private Unaided (Recognized)",5,"HSS (VI-XII)",5,"Post graduate",3,"B.Ed. or equivalent",0,0,0,0,0,0,0,0,0,0,0,2,0,3,4,7,0,2,18,4,14
2019-20,33,Tamilnadu,3309,NAMAKKAL,330914,PARAMATHI,23,"Private Unaided (Recognized)",5,"HSS (VI-XII)",5,"Post graduate",3,"B.Ed. or equivalent",0,0,0,0,0,0,0,0,3,7,0,0,0,0,0,0,2,1,13,5,8
2019-20,33,Tamilnadu,3309,NAMAKKAL,330901,NAMAKKAL,23,"Private Unaided (Recognized)",6,"SS (I-X)",5,"Post graduate",3,"B.Ed. or equivalent",0,0,0,0,0,14,0,6,3,11,1,5,4,7,0,0,0,0,51,8,43
2019-20,33,Tamilnadu,3309,NAMAKKAL,330902,KOLLIHILLS,23,"Private Unaided (Recognized)",6,"SS (I-X)",5,"Post graduate",3,"B.Ed. or equivalent",0,0,0,0,0,1,0,0,1,0,0,0,2,0,0,0,0,0,4,3,1
2019-20,33,Tamilnadu,3309,NAMAKKAL,330903,MOHANUR,23,"Private Unaided (Recognized)",6,"SS (I-X)",5,"Post graduate",3,"B.Ed. or equivalent",0,0,0,0,0,3,0,2,0,5,1,1,6,19,0,0,0,0,37,7,30
2019-20,33,Tamilnadu,3309,NAMAKKAL,330904,ERUMAPATTI,23,"Private Unaided (Recognized)",6,"SS (I-X)",5,"Post graduate",3,"B.Ed. or equivalent",0,0,0,0,0,1,0,2,0,1,0,0,2,5,0,0,0,0,11,2,9
2019-20,33,Tamilnadu,3309,NAMAKKAL,330905,SENDAMANGALAM,23,"Private Unaided (Recognized)",6,"SS (I-X)",5,"Post graduate",3,"B.Ed. or equivalent",0,0,0,0,0,2,0,1,0,1,0,0,0,0,0,0,0,0,4,0,4
2019-20,33,Tamilnadu,3309,NAMAKKAL,330906,PUDUCHATRAM,23,"Private Unaided (Recognized)",6,"SS (I-X)",5,"Post graduate",3,"B.Ed. or equivalent",0,0,0,0,2,17,1,13,0,1,0,4,2,16,0,0,0,0,56,5,51
2019-20,33,Tamilnadu,3309,NAMAKKAL,330907,RASIPURAM,23,"Private Unaided (Recognized)",6,"SS (I-X)",5,"Post graduate",3,"B.Ed. or equivalent",0,0,0,0,0,0,0,4,0,0,0,3,3,7,0,0,0,0,17,3,14
2019-20,33,Tamilnadu,3309,NAMAKKAL,330908,VENNANDUR,23,"Private Unaided (Recognized)",6,"SS (I-X)",5,"Post graduate",3,"B.Ed. or equivalent",0,0,0,0,0,0,0,0,0,0,0,0,1,13,0,0,0,0,14,1,13
2019-20,33,Tamilnadu,3309,NAMAKKAL,330909,NAMAGIRIPET,23,"Private Unaided (Recognized)",6,"SS (I-X)",5,"Post graduate",3,"B.Ed. or equivalent",0,0,0,0,0,4,0,1,0,0,0,1,0,1,0,0,0,0,7,0,7
2019-20,33,Tamilnadu,3309,NAMAKKAL,330910,TIRUCHENGODE,23,"Private Unaided (Recognized)",6,"SS (I-X)",5,"Post graduate",3,"B.Ed. or equivalent",0,0,0,0,0,9,1,9,2,3,4,2,3,8,0,0,0,0,41,10,31
2019-20,33,Tamilnadu,3309,NAMAKKAL,330911,PALLIPALAYAM,23,"Private Unaided (Recognized)",6,"SS (I-X)",5,"Post graduate",3,"B.Ed. or equivalent",0,0,0,0,0,4,1,5,1,6,0,0,6,7,0,0,0,0,30,8,22
2019-20,33,Tamilnadu,3309,NAMAKKAL,330914,PARAMATHI,23,"Private Unaided (Recognized)",6,"SS (I-X)",5,"Post graduate",3,"B.Ed. or equivalent",0,0,0,0,0,0,0,0,1,0,0,2,1,0,0,0,0,0,4,2,2
2019-20,33,Tamilnadu,3309,NAMAKKAL,330915,KABILARMALAI,23,"Private Unaided (Recognized)",6,"SS (I-X)",5,"Post graduate",3,"B.Ed. or equivalent",0,0,0,0,0,2,0,14,0,0,3,15,2,1,0,0,0,0,37,5,32
2019-20,33,Tamilnadu,3309,NAMAKKAL,330906,PUDUCHATRAM,23,"Private Unaided (Recognized)",10,"HSS (IX-XII)",5,"Post graduate",3,"B.Ed. or equivalent",0,0,0,0,0,0,0,0,0,0,0,0,0,0,0,0,4,2,6,4,2
2019-20,33,Tamilnadu,3309,NAMAKKAL,330901,NAMAKKAL,23,"Private Unaided (Recognized)",3,"HSS (I-XII)",5,"Post graduate",4,"M.Ed. or equivalent",0,0,0,0,0,0,0,2,0,0,0,0,0,0,1,2,0,1,6,1,5
2019-20,33,Tamilnadu,3309,NAMAKKAL,330903,MOHANUR,23,"Private Unaided (Recognized)",3,"HSS (I-XII)",5,"Post graduate",4,"M.Ed. or equivalent",0,0,0,0,0,0,0,4,0,0,0,0,1,0,1,0,1,1,8,3,5
2019-20,33,Tamilnadu,3309,NAMAKKAL,330904,ERUMAPATTI,23,"Private Unaided (Recognized)",3,"HSS (I-XII)",5,"Post graduate",4,"M.Ed. or equivalent",0,0,0,0,0,1,0,0,2,1,0,0,1,3,0,0,1,0,9,4,5
2019-20,33,Tamilnadu,3309,NAMAKKAL,330905,SENDAMANGALAM,23,"Private Unaided (Recognized)",3,"HSS (I-XII)",5,"Post graduate",4,"M.Ed. or equivalent",0,0,0,0,0,0,0,0,0,0,0,0,0,0,0,0,3,1,4,3,1
2019-20,33,Tamilnadu,3309,NAMAKKAL,330906,PUDUCHATRAM,23,"Private Unaided (Recognized)",3,"HSS (I-XII)",5,"Post graduate",4,"M.Ed. or equivalent",0,0,0,0,1,1,0,0,0,1,0,1,1,1,0,1,1,0,8,3,5
2019-20,33,Tamilnadu,3309,NAMAKKAL,330907,RASIPURAM,23,"Private Unaided (Recognized)",3,"HSS (I-XII)",5,"Post graduate",4,"M.Ed. or equivalent",0,0,0,0,0,0,2,1,0,0,0,1,0,1,0,0,1,3,9,3,6
2019-20,33,Tamilnadu,3309,NAMAKKAL,330908,VENNANDUR,23,"Private Unaided (Recognized)",3,"HSS (I-XII)",5,"Post graduate",4,"M.Ed. or equivalent",0,0,0,0,0,0,0,0,0,0,0,0,0,0,0,0,0,1,1,0,1
2019-20,33,Tamilnadu,3309,NAMAKKAL,330909,NAMAGIRIPET,23,"Private Unaided (Recognized)",3,"HSS (I-XII)",5,"Post graduate",4,"M.Ed. or equivalent",0,0,0,0,0,0,0,0,0,0,0,0,0,0,0,1,0,0,1,0,1
2019-20,33,Tamilnadu,3309,NAMAKKAL,330910,TIRUCHENGODE,23,"Private Unaided (Recognized)",3,"HSS (I-XII)",5,"Post graduate",4,"M.Ed. or equivalent",0,0,0,0,0,0,0,0,0,0,1,0,0,0,1,0,3,2,7,5,2
2019-20,33,Tamilnadu,3309,NAMAKKAL,330911,PALLIPALAYAM,23,"Private Unaided (Recognized)",3,"HSS (I-XII)",5,"Post graduate",4,"M.Ed. or equivalent",0,0,0,0,0,0,10,6,0,0,0,2,0,2,2,1,7,1,31,19,12
2019-20,33,Tamilnadu,3309,NAMAKKAL,330912,MALLASAMUDRAM,23,"Private Unaided (Recognized)",3,"HSS (I-XII)",5,"Post graduate",4,"M.Ed. or equivalent",0,0,0,0,1,0,0,0,1,1,0,0,0,1,2,0,4,1,11,8,3
2019-20,33,Tamilnadu,3309,NAMAKKAL,330913,ELACHIPALAYAM,23,"Private Unaided (Recognized)",3,"HSS (I-XII)",5,"Post graduate",4,"M.Ed. or equivalent",0,1,0,0,0,0,0,0,0,0,0,0,0,1,3,2,6,2,15,9,6
2019-20,33,Tamilnadu,3309,NAMAKKAL,330914,PARAMATHI,23,"Private Unaided (Recognized)",3,"HSS (I-XII)",5,"Post graduate",4,"M.Ed. or equivalent",0,0,0,0,0,2,0,0,0,0,0,0,2,2,0,0,5,2,13,7,6
2019-20,33,Tamilnadu,3309,NAMAKKAL,330915,KABILARMALAI,23,"Private Unaided (Recognized)",3,"HSS (I-XII)",5,"Post graduate",4,"M.Ed. or equivalent",0,0,0,0,0,0,0,0,0,0,0,1,0,0,1,0,1,1,4,2,2
2019-20,33,Tamilnadu,3309,NAMAKKAL,330901,NAMAKKAL,23,"Private Unaided (Recognized)",5,"HSS (VI-XII)",5,"Post graduate",4,"M.Ed. or equivalent",0,0,0,0,0,0,0,0,0,0,0,0,0,0,0,1,3,0,4,3,1
2019-20,33,Tamilnadu,3309,NAMAKKAL,330907,RASIPURAM,23,"Private Unaided (Recognized)",5,"HSS (VI-XII)",5,"Post graduate",4,"M.Ed. or equivalent",0,0,0,0,0,0,0,0,0,0,0,0,0,0,2,0,4,1,7,6,1
2019-20,33,Tamilnadu,3309,NAMAKKAL,330908,VENNANDUR,23,"Private Unaided (Recognized)",5,"HSS (VI-XII)",5,"Post graduate",4,"M.Ed. or equivalent",0,0,0,0,0,0,0,0,0,0,0,0,1,0,0,0,0,0,1,1,0
2019-20,33,Tamilnadu,3309,NAMAKKAL,330910,TIRUCHENGODE,23,"Private Unaided (Recognized)",5,"HSS (VI-XII)",5,"Post graduate",4,"M.Ed. or equivalent",0,0,0,0,0,0,0,0,0,0,0,1,0,0,0,0,0,0,1,0,1
2019-20,33,Tamilnadu,3309,NAMAKKAL,330914,PARAMATHI,23,"Private Unaided (Recognized)",5,"HSS (VI-XII)",5,"Post graduate",4,"M.Ed. or equivalent",0,0,0,0,0,0,0,0,0,1,1,0,0,0,0,0,0,0,2,1,1
2019-20,33,Tamilnadu,3309,NAMAKKAL,330901,NAMAKKAL,23,"Private Unaided (Recognized)",6,"SS (I-X)",5,"Post graduate",4,"M.Ed. or equivalent",0,0,0,0,0,1,1,1,0,1,0,0,0,1,0,0,0,0,5,1,4
2019-20,33,Tamilnadu,3309,NAMAKKAL,330902,KOLLIHILLS,23,"Private Unaided (Recognized)",6,"SS (I-X)",5,"Post graduate",4,"M.Ed. or equivalent",0,0,0,0,0,0,0,0,1,0,0,0,1,0,0,0,0,0,2,2,0
2019-20,33,Tamilnadu,3309,NAMAKKAL,330907,RASIPURAM,23,"Private Unaided (Recognized)",6,"SS (I-X)",5,"Post graduate",4,"M.Ed. or equivalent",0,0,0,0,0,0,0,0,0,0,0,2,1,1,0,0,0,0,4,1,3
2019-20,33,Tamilnadu,3309,NAMAKKAL,330908,VENNANDUR,23,"Private Unaided (Recognized)",6,"SS (I-X)",5,"Post graduate",4,"M.Ed. or equivalent",0,0,0,0,0,0,0,0,0,0,0,0,1,0,0,0,0,0,1,1,0
2019-20,33,Tamilnadu,3309,NAMAKKAL,330910,TIRUCHENGODE,23,"Private Unaided (Recognized)",6,"SS (I-X)",5,"Post graduate",4,"M.Ed. or equivalent",0,0,0,0,0,1,0,1,0,0,0,1,1,1,0,0,0,0,5,1,4
2019-20,33,Tamilnadu,3309,NAMAKKAL,330911,PALLIPALAYAM,23,"Private Unaided (Recognized)",6,"SS (I-X)",5,"Post graduate",4,"M.Ed. or equivalent",0,0,0,0,0,0,0,0,0,0,1,0,0,3,0,0,0,0,4,1,3
2019-20,33,Tamilnadu,3309,NAMAKKAL,330915,KABILARMALAI,23,"Private Unaided (Recognized)",6,"SS (I-X)",5,"Post graduate",4,"M.Ed. or equivalent",0,0,0,0,0,0,0,0,0,0,1,0,0,1,0,0,0,0,2,1,1
2019-20,33,Tamilnadu,3309,NAMAKKAL,330901,NAMAKKAL,23,"Private Unaided (Recognized)",3,"HSS (I-XII)",5,"Post graduate",5,Others,0,0,0,0,0,1,0,0,0,0,0,0,0,1,0,0,0,0,2,0,2
2019-20,33,Tamilnadu,3309,NAMAKKAL,330903,MOHANUR,23,"Private Unaided (Recognized)",3,"HSS (I-XII)",5,"Post graduate",5,Others,0,0,0,0,0,0,0,1,0,0,0,0,0,1,0,0,0,0,2,0,2
2019-20,33,Tamilnadu,3309,NAMAKKAL,330904,ERUMAPATTI,23,"Private Unaided (Recognized)",3,"HSS (I-XII)",5,"Post graduate",5,Others,0,1,0,0,0,0,0,1,0,0,0,0,0,1,0,0,0,0,3,0,3
2019-20,33,Tamilnadu,3309,NAMAKKAL,330905,SENDAMANGALAM,23,"Private Unaided (Recognized)",3,"HSS (I-XII)",5,"Post graduate",5,Others,0,0,0,0,0,0,0,0,0,0,0,1,0,0,0,0,0,0,1,0,1
2019-20,33,Tamilnadu,3309,NAMAKKAL,330907,RASIPURAM,23,"Private Unaided (Recognized)",3,"HSS (I-XII)",5,"Post graduate",5,Others,0,2,0,0,0,0,0,0,0,0,0,0,0,0,0,0,0,0,2,0,2
2019-20,33,Tamilnadu,3309,NAMAKKAL,330908,VENNANDUR,23,"Private Unaided (Recognized)",3,"HSS (I-XII)",5,"Post graduate",5,Others,0,0,0,0,0,2,0,0,0,0,0,0,0,0,0,0,0,3,5,0,5
2019-20,33,Tamilnadu,3309,NAMAKKAL,330909,NAMAGIRIPET,23,"Private Unaided (Recognized)",3,"HSS (I-XII)",5,"Post graduate",5,Others,0,0,0,1,0,0,0,2,0,0,0,0,0,0,0,0,0,0,3,0,3
2019-20,33,Tamilnadu,3309,NAMAKKAL,330911,PALLIPALAYAM,23,"Private Unaided (Recognized)",3,"HSS (I-XII)",5,"Post graduate",5,Others,0,0,0,0,0,1,0,2,0,2,0,0,0,0,0,0,1,0,6,1,5
2019-20,33,Tamilnadu,3309,NAMAKKAL,330912,MALLASAMUDRAM,23,"Private Unaided (Recognized)",3,"HSS (I-XII)",5,"Post graduate",5,Others,0,0,0,0,0,0,0,0,0,0,0,0,0,1,0,0,0,0,1,0,1
2019-20,33,Tamilnadu,3309,NAMAKKAL,330913,ELACHIPALAYAM,23,"Private Unaided (Recognized)",3,"HSS (I-XII)",5,"Post graduate",5,Others,0,0,0,1,0,1,0,2,0,0,0,0,0,1,0,0,0,0,5,0,5
2019-20,33,Tamilnadu,3309,NAMAKKAL,330914,PARAMATHI,23,"Private Unaided (Recognized)",3,"HSS (I-XII)",5,"Post graduate",5,Others,0,0,0,0,0,2,0,0,0,1,0,0,0,0,0,0,1,0,4,1,3
2019-20,33,Tamilnadu,3309,NAMAKKAL,330901,NAMAKKAL,23,"Private Unaided (Recognized)",6,"SS (I-X)",5,"Post graduate",5,Others,0,0,0,0,0,1,0,0,0,0,0,0,0,2,0,0,0,0,3,0,3
2019-20,33,Tamilnadu,3309,NAMAKKAL,330905,SENDAMANGALAM,23,"Private Unaided (Recognized)",6,"SS (I-X)",5,"Post graduate",5,Others,0,0,0,0,0,0,0,0,0,1,0,0,1,1,0,0,0,0,3,1,2
2019-20,33,Tamilnadu,3309,NAMAKKAL,330907,RASIPURAM,23,"Private Unaided (Recognized)",6,"SS (I-X)",5,"Post graduate",5,Others,0,0,0,0,0,0,0,0,0,0,0,0,0,1,0,0,0,0,1,0,1
2019-20,33,Tamilnadu,3309,NAMAKKAL,330911,PALLIPALAYAM,23,"Private Unaided (Recognized)",6,"SS (I-X)",5,"Post graduate",5,Others,0,0,0,0,0,0,0,0,0,0,0,0,1,0,0,0,0,0,1,1,0
2019-20,33,Tamilnadu,3309,NAMAKKAL,330911,PALLIPALAYAM,23,"Private Unaided (Recognized)",2,"UPS (I-VIII)",5,"Post graduate",6,None,0,0,0,0,0,0,0,0,0,1,0,0,0,0,0,0,0,0,1,0,1
2019-20,33,Tamilnadu,3309,NAMAKKAL,330901,NAMAKKAL,23,"Private Unaided (Recognized)",3,"HSS (I-XII)",5,"Post graduate",6,None,0,0,0,0,0,0,0,0,0,0,0,0,0,0,1,0,0,0,1,1,0
2019-20,33,Tamilnadu,3309,NAMAKKAL,330903,MOHANUR,23,"Private Unaided (Recognized)",3,"HSS (I-XII)",5,"Post graduate",6,None,0,0,0,0,0,0,0,0,0,0,0,0,0,0,0,0,1,0,1,1,0
2019-20,33,Tamilnadu,3309,NAMAKKAL,330904,ERUMAPATTI,23,"Private Unaided (Recognized)",3,"HSS (I-XII)",5,"Post graduate",6,None,0,0,0,0,0,3,0,1,0,1,0,0,0,1,0,0,0,0,6,0,6
2019-20,33,Tamilnadu,3309,NAMAKKAL,330905,SENDAMANGALAM,23,"Private Unaided (Recognized)",3,"HSS (I-XII)",5,"Post graduate",6,None,0,0,0,0,1,0,0,1,0,0,0,0,0,0,0,0,0,0,2,1,1
2019-20,33,Tamilnadu,3309,NAMAKKAL,330907,RASIPURAM,23,"Private Unaided (Recognized)",3,"HSS (I-XII)",5,"Post graduate",6,None,0,0,0,0,0,0,1,0,0,1,0,1,0,0,0,0,0,0,3,1,2
2019-20,33,Tamilnadu,3309,NAMAKKAL,330908,VENNANDUR,23,"Private Unaided (Recognized)",3,"HSS (I-XII)",5,"Post graduate",6,None,0,0,0,0,0,0,0,0,0,0,0,1,0,3,0,2,0,2,8,0,8
2019-20,33,Tamilnadu,3309,NAMAKKAL,330909,NAMAGIRIPET,23,"Private Unaided (Recognized)",3,"HSS (I-XII)",5,"Post graduate",6,None,0,0,0,0,0,1,1,0,0,0,0,0,0,0,0,0,0,0,2,1,1
2019-20,33,Tamilnadu,3309,NAMAKKAL,330910,TIRUCHENGODE,23,"Private Unaided (Recognized)",3,"HSS (I-XII)",5,"Post graduate",6,None,0,0,0,0,0,0,1,1,0,0,0,0,0,0,1,0,0,0,3,2,1
2019-20,33,Tamilnadu,3309,NAMAKKAL,330911,PALLIPALAYAM,23,"Private Unaided (Recognized)",3,"HSS (I-XII)",5,"Post graduate",6,None,0,0,0,0,0,0,3,4,0,0,0,0,0,2,0,0,0,0,9,3,6
2019-20,33,Tamilnadu,3309,NAMAKKAL,330913,ELACHIPALAYAM,23,"Private Unaided (Recognized)",3,"HSS (I-XII)",5,"Post graduate",6,None,0,0,0,0,0,4,1,2,0,0,0,0,0,1,0,0,0,1,9,1,8
2019-20,33,Tamilnadu,3309,NAMAKKAL,330914,PARAMATHI,23,"Private Unaided (Recognized)",3,"HSS (I-XII)",5,"Post graduate",6,None,0,0,0,0,0,0,0,0,0,0,0,0,0,0,0,0,3,0,3,3,0
2019-20,33,Tamilnadu,3309,NAMAKKAL,330907,RASIPURAM,23,"Private Unaided (Recognized)",5,"HSS (VI-XII)",5,"Post graduate",6,None,0,0,0,0,0,0,0,0,0,0,0,0,0,0,0,0,1,0,1,1,0
2019-20,33,Tamilnadu,3309,NAMAKKAL,330901,NAMAKKAL,23,"Private Unaided (Recognized)",6,"SS (I-X)",5,"Post graduate",6,None,0,0,0,0,0,0,0,0,0,2,0,0,0,1,0,0,0,0,3,0,3
2019-20,33,Tamilnadu,3309,NAMAKKAL,330903,MOHANUR,23,"Private Unaided (Recognized)",6,"SS (I-X)",5,"Post graduate",6,None,0,0,0,0,0,1,0,0,0,0,0,0,0,1,0,0,0,0,2,0,2
2019-20,33,Tamilnadu,3309,NAMAKKAL,330907,RASIPURAM,23,"Private Unaided (Recognized)",6,"SS (I-X)",5,"Post graduate",6,None,0,0,0,0,0,0,0,0,0,0,0,0,1,0,0,0,0,0,1,1,0
2019-20,33,Tamilnadu,3309,NAMAKKAL,330910,TIRUCHENGODE,23,"Private Unaided (Recognized)",6,"SS (I-X)",5,"Post graduate",6,None,0,0,0,0,0,1,0,0,0,0,1,1,0,2,0,0,0,0,5,1,4
2019-20,33,Tamilnadu,3309,NAMAKKAL,330911,PALLIPALAYAM,23,"Private Unaided (Recognized)",6,"SS (I-X)",5,"Post graduate",6,None,0,0,0,0,0,1,0,0,0,0,0,0,1,1,0,0,0,0,3,1,2
2019-20,33,Tamilnadu,3309,NAMAKKAL,330914,PARAMATHI,23,"Private Unaided (Recognized)",6,"SS (I-X)",5,"Post graduate",6,None,0,0,0,0,0,0,0,1,0,0,0,1,0,0,0,0,0,0,2,0,2
2019-20,33,Tamilnadu,3309,NAMAKKAL,330915,KABILARMALAI,23,"Private Unaided (Recognized)",6,"SS (I-X)",5,"Post graduate",6,None,0,0,0,0,0,0,0,1,0,0,1,0,0,0,0,0,0,0,2,1,1
2019-20,33,Tamilnadu,3309,NAMAKKAL,330908,VENNANDUR,23,"Private Unaided (Recognized)",3,"HSS (I-XII)",6,M.Phil,1,"Diploma or certificate in basic teachers training of a duration not less than two years",0,0,0,0,0,0,1,0,0,0,0,0,0,0,0,0,0,0,1,1,0
2019-20,33,Tamilnadu,3309,NAMAKKAL,330901,NAMAKKAL,23,"Private Unaided (Recognized)",3,"HSS (I-XII)",6,M.Phil,3,"B.Ed. or equivalent",0,1,0,1,0,1,0,2,0,2,0,2,0,2,14,4,1,0,30,15,15
2019-20,33,Tamilnadu,3309,NAMAKKAL,330903,MOHANUR,23,"Private Unaided (Recognized)",3,"HSS (I-XII)",6,M.Phil,3,"B.Ed. or equivalent",0,0,0,0,1,0,2,6,0,0,0,0,1,1,3,1,4,0,19,11,8
2019-20,33,Tamilnadu,3309,NAMAKKAL,330904,ERUMAPATTI,23,"Private Unaided (Recognized)",3,"HSS (I-XII)",6,M.Phil,3,"B.Ed. or equivalent",0,0,0,0,0,0,0,0,0,1,0,0,1,2,0,0,0,0,4,1,3
2019-20,33,Tamilnadu,3309,NAMAKKAL,330905,SENDAMANGALAM,23,"Private Unaided (Recognized)",3,"HSS (I-XII)",6,M.Phil,3,"B.Ed. or equivalent",0,0,0,0,0,0,0,0,0,0,0,0,0,2,0,0,1,2,5,1,4
2019-20,33,Tamilnadu,3309,NAMAKKAL,330906,PUDUCHATRAM,23,"Private Unaided (Recognized)",3,"HSS (I-XII)",6,M.Phil,3,"B.Ed. or equivalent",0,0,0,0,0,2,0,0,0,0,0,0,1,0,0,0,0,0,3,1,2
2019-20,33,Tamilnadu,3309,NAMAKKAL,330907,RASIPURAM,23,"Private Unaided (Recognized)",3,"HSS (I-XII)",6,M.Phil,3,"B.Ed. or equivalent",0,0,0,0,0,0,0,1,0,0,0,0,0,1,2,1,6,0,11,8,3
2019-20,33,Tamilnadu,3309,NAMAKKAL,330908,VENNANDUR,23,"Private Unaided (Recognized)",3,"HSS (I-XII)",6,M.Phil,3,"B.Ed. or equivalent",0,0,0,0,0,1,0,1,1,0,0,0,0,2,1,0,0,3,9,2,7
2019-20,33,Tamilnadu,3309,NAMAKKAL,330909,NAMAGIRIPET,23,"Private Unaided (Recognized)",3,"HSS (I-XII)",6,M.Phil,3,"B.Ed. or equivalent",0,0,0,0,0,0,3,3,0,0,0,0,1,0,1,1,0,1,10,5,5
2019-20,33,Tamilnadu,3309,NAMAKKAL,330910,TIRUCHENGODE,23,"Private Unaided (Recognized)",3,"HSS (I-XII)",6,M.Phil,3,"B.Ed. or equivalent",0,0,0,0,0,0,0,0,0,0,1,0,0,0,0,0,4,4,9,5,4
2019-20,33,Tamilnadu,3309,NAMAKKAL,330911,PALLIPALAYAM,23,"Private Unaided (Recognized)",3,"HSS (I-XII)",6,M.Phil,3,"B.Ed. or equivalent",0,0,0,0,0,0,10,6,0,0,0,0,0,0,2,0,1,1,20,13,7
2019-20,33,Tamilnadu,3309,NAMAKKAL,330912,MALLASAMUDRAM,23,"Private Unaided (Recognized)",3,"HSS (I-XII)",6,M.Phil,3,"B.Ed. or equivalent",0,0,0,0,0,0,0,2,0,2,1,1,0,0,1,3,2,3,15,4,11
2019-20,33,Tamilnadu,3309,NAMAKKAL,330913,ELACHIPALAYAM,23,"Private Unaided (Recognized)",3,"HSS (I-XII)",6,M.Phil,3,"B.Ed. or equivalent",0,0,0,0,0,0,0,2,0,1,0,1,1,1,4,3,5,2,20,10,10
2019-20,33,Tamilnadu,3309,NAMAKKAL,330914,PARAMATHI,23,"Private Unaided (Recognized)",3,"HSS (I-XII)",6,M.Phil,3,"B.Ed. or equivalent",0,0,0,0,1,3,0,1,0,1,0,0,1,4,0,0,4,0,15,6,9
2019-20,33,Tamilnadu,3309,NAMAKKAL,330915,KABILARMALAI,23,"Private Unaided (Recognized)",3,"HSS (I-XII)",6,M.Phil,3,"B.Ed. or equivalent",0,0,0,0,0,0,0,0,1,0,0,0,1,5,0,1,2,3,13,4,9
2019-20,33,Tamilnadu,3309,NAMAKKAL,330901,NAMAKKAL,23,"Private Unaided (Recognized)",5,"HSS (VI-XII)",6,M.Phil,3,"B.Ed. or equivalent",0,0,0,0,0,0,0,0,1,0,1,1,1,0,1,0,7,2,14,11,3
2019-20,33,Tamilnadu,3309,NAMAKKAL,330907,RASIPURAM,23,"Private Unaided (Recognized)",5,"HSS (VI-XII)",6,M.Phil,3,"B.Ed. or equivalent",0,0,0,0,0,0,0,0,0,0,0,0,0,0,0,0,1,0,1,1,0
2019-20,33,Tamilnadu,3309,NAMAKKAL,330908,VENNANDUR,23,"Private Unaided (Recognized)",5,"HSS (VI-XII)",6,M.Phil,3,"B.Ed. or equivalent",0,0,0,0,0,0,0,0,0,0,0,0,1,0,0,0,0,1,2,1,1
2019-20,33,Tamilnadu,3309,NAMAKKAL,330910,TIRUCHENGODE,23,"Private Unaided (Recognized)",5,"HSS (VI-XII)",6,M.Phil,3,"B.Ed. or equivalent",0,0,0,0,0,0,0,0,0,0,0,0,0,3,0,0,0,0,3,0,3
2019-20,33,Tamilnadu,3309,NAMAKKAL,330914,PARAMATHI,23,"Private Unaided (Recognized)",5,"HSS (VI-XII)",6,M.Phil,3,"B.Ed. or equivalent",0,0,0,0,0,0,0,0,0,2,0,0,0,0,0,0,0,1,3,0,3
2019-20,33,Tamilnadu,3309,NAMAKKAL,330901,NAMAKKAL,23,"Private Unaided (Recognized)",6,"SS (I-X)",6,M.Phil,3,"B.Ed. or equivalent",0,0,0,0,0,1,0,1,0,0,0,1,0,2,0,0,0,0,5,0,5
2019-20,33,Tamilnadu,3309,NAMAKKAL,330903,MOHANUR,23,"Private Unaided (Recognized)",6,"SS (I-X)",6,M.Phil,3,"B.Ed. or equivalent",0,0,0,0,0,0,0,0,0,0,0,0,0,3,0,0,0,0,3,0,3
2019-20,33,Tamilnadu,3309,NAMAKKAL,330905,SENDAMANGALAM,23,"Private Unaided (Recognized)",6,"SS (I-X)",6,M.Phil,3,"B.Ed. or equivalent",0,0,0,0,0,0,0,1,0,0,0,0,0,0,0,0,0,0,1,0,1
2019-20,33,Tamilnadu,3309,NAMAKKAL,330906,PUDUCHATRAM,23,"Private Unaided (Recognized)",6,"SS (I-X)",6,M.Phil,3,"B.Ed. or equivalent",0,0,0,0,0,0,0,0,0,1,0,0,1,1,0,0,0,0,3,1,2
2019-20,33,Tamilnadu,3309,NAMAKKAL,330907,RASIPURAM,23,"Private Unaided (Recognized)",6,"SS (I-X)",6,M.Phil,3,"B.Ed. or equivalent",0,0,0,0,0,1,0,0,0,0,0,0,0,1,0,0,0,0,2,0,2
2019-20,33,Tamilnadu,3309,NAMAKKAL,330908,VENNANDUR,23,"Private Unaided (Recognized)",6,"SS (I-X)",6,M.Phil,3,"B.Ed. or equivalent",0,0,0,0,0,0,0,0,0,0,0,0,2,0,0,0,0,0,2,2,0
2019-20,33,Tamilnadu,3309,NAMAKKAL,330910,TIRUCHENGODE,23,"Private Unaided (Recognized)",6,"SS (I-X)",6,M.Phil,3,"B.Ed. or equivalent",0,0,0,0,0,0,0,0,0,0,1,2,1,0,0,0,0,0,4,2,2
2019-20,33,Tamilnadu,3309,NAMAKKAL,330911,PALLIPALAYAM,23,"Private Unaided (Recognized)",6,"SS (I-X)",6,M.Phil,3,"B.Ed. or equivalent",0,0,0,0,0,0,0,0,0,0,0,0,1,1,0,0,0,0,2,1,1
2019-20,33,Tamilnadu,3309,NAMAKKAL,330915,KABILARMALAI,23,"Private Unaided (Recognized)",6,"SS (I-X)",6,M.Phil,3,"B.Ed. or equivalent",0,0,0,0,0,0,1,1,0,1,1,1,0,0,0,0,0,0,5,2,3
2019-20,33,Tamilnadu,3309,NAMAKKAL,330906,PUDUCHATRAM,23,"Private Unaided (Recognized)",10,"HSS (IX-XII)",6,M.Phil,3,"B.Ed. or equivalent",0,0,0,0,0,0,0,0,0,0,0,0,0,0,0,0,0,1,1,0,1
2019-20,33,Tamilnadu,3309,NAMAKKAL,330901,NAMAKKAL,23,"Private Unaided (Recognized)",3,"HSS (I-XII)",6,M.Phil,4,"M.Ed. or equivalent",0,0,0,0,0,0,0,0,0,0,0,0,0,0,1,0,1,0,2,2,0
2019-20,33,Tamilnadu,3309,NAMAKKAL,330904,ERUMAPATTI,23,"Private Unaided (Recognized)",3,"HSS (I-XII)",6,M.Phil,4,"M.Ed. or equivalent",0,0,0,0,0,0,0,0,2,1,0,0,0,0,0,0,0,0,3,2,1
2019-20,33,Tamilnadu,3309,NAMAKKAL,330906,PUDUCHATRAM,23,"Private Unaided (Recognized)",3,"HSS (I-XII)",6,M.Phil,4,"M.Ed. or equivalent",0,0,0,0,0,0,0,0,0,0,0,0,0,0,0,0,3,0,3,3,0
2019-20,33,Tamilnadu,3309,NAMAKKAL,330908,VENNANDUR,23,"Private Unaided (Recognized)",3,"HSS (I-XII)",6,M.Phil,4,"M.Ed. or equivalent",0,0,0,0,0,0,0,0,0,0,0,0,0,0,0,0,0,1,1,0,1
2019-20,33,Tamilnadu,3309,NAMAKKAL,330910,TIRUCHENGODE,23,"Private Unaided (Recognized)",3,"HSS (I-XII)",6,M.Phil,4,"M.Ed. or equivalent",0,0,0,0,0,0,0,0,0,0,0,0,0,0,0,0,0,2,2,0,2
2019-20,33,Tamilnadu,3309,NAMAKKAL,330911,PALLIPALAYAM,23,"Private Unaided (Recognized)",3,"HSS (I-XII)",6,M.Phil,4,"M.Ed. or equivalent",0,0,0,0,0,0,1,2,0,0,0,1,0,0,1,0,0,0,5,2,3
2019-20,33,Tamilnadu,3309,NAMAKKAL,330912,MALLASAMUDRAM,23,"Private Unaided (Recognized)",3,"HSS (I-XII)",6,M.Phil,4,"M.Ed. or equivalent",0,0,0,0,0,0,0,0,0,0,0,0,0,0,0,0,2,0,2,2,0
2019-20,33,Tamilnadu,3309,NAMAKKAL,330913,ELACHIPALAYAM,23,"Private Unaided (Recognized)",3,"HSS (I-XII)",6,M.Phil,4,"M.Ed. or equivalent",0,0,0,0,0,0,1,0,0,0,0,0,0,0,1,1,2,2,7,4,3
2019-20,33,Tamilnadu,3309,NAMAKKAL,330914,PARAMATHI,23,"Private Unaided (Recognized)",3,"HSS (I-XII)",6,M.Phil,4,"M.Ed. or equivalent",0,0,0,0,0,0,0,0,0,0,0,0,0,1,0,0,0,0,1,0,1
2019-20,33,Tamilnadu,3309,NAMAKKAL,330915,KABILARMALAI,23,"Private Unaided (Recognized)",3,"HSS (I-XII)",6,M.Phil,4,"M.Ed. or equivalent",0,0,0,0,0,0,0,0,0,0,1,0,0,0,0,0,1,0,2,2,0
2019-20,33,Tamilnadu,3309,NAMAKKAL,330901,NAMAKKAL,23,"Private Unaided (Recognized)",5,"HSS (VI-XII)",6,M.Phil,4,"M.Ed. or equivalent",0,0,0,0,0,0,0,0,0,0,0,0,0,0,0,0,1,0,1,1,0
2019-20,33,Tamilnadu,3309,NAMAKKAL,330910,TIRUCHENGODE,23,"Private Unaided (Recognized)",5,"HSS (VI-XII)",6,M.Phil,4,"M.Ed. or equivalent",0,0,0,0,0,0,0,0,0,0,0,0,0,0,0,0,0,1,1,0,1
2019-20,33,Tamilnadu,3309,NAMAKKAL,330901,NAMAKKAL,23,"Private Unaided (Recognized)",6,"SS (I-X)",6,M.Phil,4,"M.Ed. or equivalent",0,0,0,0,0,0,0,0,0,1,0,0,2,0,0,0,0,0,3,2,1
2019-20,33,Tamilnadu,3309,NAMAKKAL,330906,PUDUCHATRAM,23,"Private Unaided (Recognized)",6,"SS (I-X)",6,M.Phil,4,"M.Ed. or equivalent",0,0,0,0,0,0,0,1,0,0,0,0,0,0,0,0,0,0,1,0,1
2019-20,33,Tamilnadu,3309,NAMAKKAL,330911,PALLIPALAYAM,23,"Private Unaided (Recognized)",6,"SS (I-X)",6,M.Phil,4,"M.Ed. or equivalent",0,0,0,0,0,0,0,0,0,0,0,0,1,0,0,0,0,0,1,1,0
2019-20,33,Tamilnadu,3309,NAMAKKAL,330915,KABILARMALAI,23,"Private Unaided (Recognized)",6,"SS (I-X)",6,M.Phil,4,"M.Ed. or equivalent",0,0,0,0,0,0,0,0,0,0,1,1,0,0,0,0,0,0,2,1,1
2019-20,33,Tamilnadu,3309,NAMAKKAL,330907,RASIPURAM,23,"Private Unaided (Recognized)",3,"HSS (I-XII)",6,M.Phil,5,Others,0,0,0,0,0,1,0,0,0,0,0,0,0,0,0,0,0,0,1,0,1
2019-20,33,Tamilnadu,3309,NAMAKKAL,330913,ELACHIPALAYAM,23,"Private Unaided (Recognized)",3,"HSS (I-XII)",6,M.Phil,5,Others,0,0,0,0,0,0,0,0,0,0,0,0,0,1,0,0,0,0,1,0,1
2019-20,33,Tamilnadu,3309,NAMAKKAL,330914,PARAMATHI,23,"Private Unaided (Recognized)",3,"HSS (I-XII)",6,M.Phil,5,Others,0,0,0,0,0,1,0,0,0,0,0,0,0,0,0,0,0,0,1,0,1
2019-20,33,Tamilnadu,3309,NAMAKKAL,330915,KABILARMALAI,23,"Private Unaided (Recognized)",3,"HSS (I-XII)",6,M.Phil,5,Others,0,0,0,0,0,0,0,0,0,0,0,0,0,0,0,0,1,0,1,1,0
2019-20,33,Tamilnadu,3309,NAMAKKAL,330901,NAMAKKAL,23,"Private Unaided (Recognized)",5,"HSS (VI-XII)",6,M.Phil,5,Others,0,0,0,0,0,0,0,0,0,0,0,0,0,0,0,0,1,0,1,1,0
2019-20,33,Tamilnadu,3309,NAMAKKAL,330910,TIRUCHENGODE,23,"Private Unaided (Recognized)",6,"SS (I-X)",6,M.Phil,5,Others,0,0,0,0,0,1,0,0,0,0,0,0,0,0,0,0,0,0,1,0,1
2019-20,33,Tamilnadu,3309,NAMAKKAL,330906,PUDUCHATRAM,23,"Private Unaided (Recognized)",10,"HSS (IX-XII)",6,M.Phil,5,Others,0,0,0,0,0,0,0,0,0,0,0,0,0,0,0,0,0,1,1,0,1
2019-20,33,Tamilnadu,3309,NAMAKKAL,330901,NAMAKKAL,23,"Private Unaided (Recognized)",3,"HSS (I-XII)",6,M.Phil,6,None,0,0,0,0,0,0,0,0,0,0,0,0,0,0,0,0,1,0,1,1,0
2019-20,33,Tamilnadu,3309,NAMAKKAL,330903,MOHANUR,23,"Private Unaided (Recognized)",3,"HSS (I-XII)",6,M.Phil,6,None,0,0,0,0,0,0,0,1,0,0,0,0,0,0,0,0,0,0,1,0,1
2019-20,33,Tamilnadu,3309,NAMAKKAL,330904,ERUMAPATTI,23,"Private Unaided (Recognized)",3,"HSS (I-XII)",6,M.Phil,6,None,0,0,0,0,0,0,0,1,0,0,0,0,0,1,0,0,0,0,2,0,2
2019-20,33,Tamilnadu,3309,NAMAKKAL,330905,SENDAMANGALAM,23,"Private Unaided (Recognized)",3,"HSS (I-XII)",6,M.Phil,6,None,0,0,0,0,0,0,0,0,0,0,0,0,0,0,0,0,1,0,1,1,0
2019-20,33,Tamilnadu,3309,NAMAKKAL,330907,RASIPURAM,23,"Private Unaided (Recognized)",3,"HSS (I-XII)",6,M.Phil,6,None,0,0,0,0,0,0,0,0,0,0,0,0,0,0,1,0,0,0,1,1,0
2019-20,33,Tamilnadu,3309,NAMAKKAL,330911,PALLIPALAYAM,23,"Private Unaided (Recognized)",3,"HSS (I-XII)",6,M.Phil,6,None,0,0,0,0,0,0,0,1,0,0,0,0,0,0,0,0,0,0,1,0,1
2019-20,33,Tamilnadu,3309,NAMAKKAL,330912,MALLASAMUDRAM,23,"Private Unaided (Recognized)",3,"HSS (I-XII)",6,M.Phil,6,None,0,0,0,0,0,0,0,0,0,0,0,0,0,0,1,0,0,0,1,1,0
2019-20,33,Tamilnadu,3309,NAMAKKAL,330913,ELACHIPALAYAM,23,"Private Unaided (Recognized)",3,"HSS (I-XII)",6,M.Phil,6,None,0,0,0,0,0,0,0,1,2,0,0,0,0,0,0,0,0,0,3,2,1
2019-20,33,Tamilnadu,3309,NAMAKKAL,330914,PARAMATHI,23,"Private Unaided (Recognized)",3,"HSS (I-XII)",6,M.Phil,6,None,0,0,0,0,0,0,0,0,0,0,1,0,0,0,0,0,3,0,4,4,0
2019-20,33,Tamilnadu,3309,NAMAKKAL,330901,NAMAKKAL,23,"Private Unaided (Recognized)",5,"HSS (VI-XII)",6,M.Phil,6,None,0,0,0,0,0,0,0,0,0,0,0,0,0,0,1,0,0,0,1,1,0
2019-20,33,Tamilnadu,3309,NAMAKKAL,330904,ERUMAPATTI,23,"Private Unaided (Recognized)",6,"SS (I-X)",6,M.Phil,6,None,0,0,0,0,0,0,0,1,0,0,0,0,0,0,0,0,0,0,1,0,1
2019-20,33,Tamilnadu,3309,NAMAKKAL,330902,KOLLIHILLS,23,"Private Unaided (Recognized)",3,"HSS (I-XII)",7,Ph.D,3,"B.Ed. or equivalent",0,0,0,0,0,0,0,1,0,0,0,0,0,0,0,0,0,0,1,0,1
2019-20,33,Tamilnadu,3309,NAMAKKAL,330913,ELACHIPALAYAM,23,"Private Unaided (Recognized)",3,"HSS (I-XII)",7,Ph.D,4,"M.Ed. or equivalent",0,0,0,0,0,0,0,0,0,0,0,0,0,0,0,0,0,1,1,0,1
2019-20,33,Tamilnadu,3309,NAMAKKAL,330908,VENNANDUR,23,"Private Unaided (Recognized)",3,"HSS (I-XII)",8,"Post Doctoral",1,"Diploma or certificate in basic teachers training of a duration not less than two years",0,0,0,0,0,1,0,0,0,0,0,0,0,0,0,0,0,0,1,0,1
2019-20,33,Tamilnadu,3309,NAMAKKAL,330901,NAMAKKAL,23,"Private Unaided (Recognized)",3,"HSS (I-XII)",8,"Post Doctoral",3,"B.Ed. or equivalent",0,0,0,0,0,0,0,0,0,0,0,0,0,1,0,0,0,0,1,0,1
2019-20,33,Tamilnadu,3309,NAMAKKAL,330911,PALLIPALAYAM,23,"Private Unaided (Recognized)",3,"HSS (I-XII)",8,"Post Doctoral",3,"B.Ed. or equivalent",0,0,0,0,0,0,0,1,0,0,0,0,0,0,0,0,0,0,1,0,1
2019-20,33,Tamilnadu,3309,NAMAKKAL,330912,MALLASAMUDRAM,23,"Private Unaided (Recognized)",3,"HSS (I-XII)",8,"Post Doctoral",3,"B.Ed. or equivalent",0,0,0,0,0,0,0,0,0,1,0,0,0,0,0,0,0,0,1,0,1
2019-20,33,Tamilnadu,3309,NAMAKKAL,330901,NAMAKKAL,24,"Private Unaided (Recognized)",1,"PS (I-V)",1,"Below Secondary",1,"Diploma or certificate in basic teachers training of a duration not less than two years",0,0,0,0,0,1,0,0,0,0,0,0,0,0,0,0,0,0,1,0,1
2019-20,33,Tamilnadu,3309,NAMAKKAL,330911,PALLIPALAYAM,24,"Private Unaided (Recognized)",1,"PS (I-V)",1,"Below Secondary",1,"Diploma or certificate in basic teachers training of a duration not less than two years",0,1,0,0,0,2,0,0,0,0,0,0,0,0,0,0,0,0,3,0,3
2019-20,33,Tamilnadu,3309,NAMAKKAL,330915,KABILARMALAI,24,"Private Unaided (Recognized)",1,"PS (I-V)",1,"Below Secondary",1,"Diploma or certificate in basic teachers training of a duration not less than two years",0,0,0,0,0,1,0,0,0,0,0,0,0,0,0,0,0,0,1,0,1
2019-20,33,Tamilnadu,3309,NAMAKKAL,330907,RASIPURAM,24,"Private Unaided (Recognized)",1,"PS (I-V)",1,"Below Secondary",3,"B.Ed. or equivalent",0,0,0,0,0,1,0,0,0,0,0,0,0,0,0,0,0,0,1,0,1
2019-20,33,Tamilnadu,3309,NAMAKKAL,330911,PALLIPALAYAM,24,"Private Unaided (Recognized)",1,"PS (I-V)",1,"Below Secondary",3,"B.Ed. or equivalent",0,0,0,0,0,1,0,0,0,0,0,0,0,0,0,0,0,0,1,0,1
2019-20,33,Tamilnadu,3309,NAMAKKAL,330910,TIRUCHENGODE,24,"Private Unaided (Recognized)",1,"PS (I-V)",1,"Below Secondary",5,Others,0,0,0,0,1,1,0,0,0,0,0,0,0,0,0,0,0,0,2,1,1
2019-20,33,Tamilnadu,3309,NAMAKKAL,330911,PALLIPALAYAM,24,"Private Unaided (Recognized)",1,"PS (I-V)",1,"Below Secondary",5,Others,0,0,0,0,0,4,0,0,0,0,0,0,0,0,0,0,0,0,4,0,4
2019-20,33,Tamilnadu,3309,NAMAKKAL,330910,TIRUCHENGODE,24,"Private Unaided (Recognized)",1,"PS (I-V)",1,"Below Secondary",6,None,0,0,0,0,2,1,0,0,0,0,0,0,0,0,0,0,0,0,3,2,1
2019-20,33,Tamilnadu,3309,NAMAKKAL,330901,NAMAKKAL,24,"Private Unaided (Recognized)",1,"PS (I-V)",3,"Higher secondary",1,"Diploma or certificate in basic teachers training of a duration not less than two years",0,1,0,0,0,0,0,0,0,0,0,0,0,0,0,0,0,0,1,0,1
2019-20,33,Tamilnadu,3309,NAMAKKAL,330903,MOHANUR,24,"Private Unaided (Recognized)",1,"PS (I-V)",3,"Higher secondary",1,"Diploma or certificate in basic teachers training of a duration not less than two years",0,1,0,0,0,0,0,0,0,0,0,0,0,0,0,0,0,0,1,0,1
2019-20,33,Tamilnadu,3309,NAMAKKAL,330905,SENDAMANGALAM,24,"Private Unaided (Recognized)",1,"PS (I-V)",3,"Higher secondary",1,"Diploma or certificate in basic teachers training of a duration not less than two years",0,0,0,0,0,2,0,0,0,0,0,0,0,0,0,0,0,0,2,0,2
2019-20,33,Tamilnadu,3309,NAMAKKAL,330907,RASIPURAM,24,"Private Unaided (Recognized)",1,"PS (I-V)",3,"Higher secondary",1,"Diploma or certificate in basic teachers training of a duration not less than two years",0,0,0,0,0,1,0,0,0,0,0,0,0,0,0,0,0,0,1,0,1
2019-20,33,Tamilnadu,3309,NAMAKKAL,330910,TIRUCHENGODE,24,"Private Unaided (Recognized)",1,"PS (I-V)",3,"Higher secondary",1,"Diploma or certificate in basic teachers training of a duration not less than two years",0,2,0,1,0,3,0,0,0,0,0,0,0,0,0,0,0,0,6,0,6
2019-20,33,Tamilnadu,3309,NAMAKKAL,330911,PALLIPALAYAM,24,"Private Unaided (Recognized)",1,"PS (I-V)",3,"Higher secondary",1,"Diploma or certificate in basic teachers training of a duration not less than two years",0,1,0,0,0,3,0,0,0,0,0,0,0,0,0,0,0,0,4,0,4
2019-20,33,Tamilnadu,3309,NAMAKKAL,330915,KABILARMALAI,24,"Private Unaided (Recognized)",1,"PS (I-V)",3,"Higher secondary",1,"Diploma or certificate in basic teachers training of a duration not less than two years",0,0,0,0,0,4,0,0,0,0,0,0,0,0,0,0,0,0,4,0,4
2019-20,33,Tamilnadu,3309,NAMAKKAL,330901,NAMAKKAL,24,"Private Unaided (Recognized)",1,"PS (I-V)",4,Graduate,1,"Diploma or certificate in basic teachers training of a duration not less than two years",0,2,0,0,0,4,0,0,0,0,0,0,0,0,0,0,0,0,6,0,6
2019-20,33,Tamilnadu,3309,NAMAKKAL,330902,KOLLIHILLS,24,"Private Unaided (Recognized)",1,"PS (I-V)",4,Graduate,1,"Diploma or certificate in basic teachers training of a duration not less than two years",0,0,0,0,0,2,0,0,0,0,0,0,0,0,0,0,0,0,2,0,2
2019-20,33,Tamilnadu,3309,NAMAKKAL,330903,MOHANUR,24,"Private Unaided (Recognized)",1,"PS (I-V)",4,Graduate,1,"Diploma or certificate in basic teachers training of a duration not less than two years",0,0,0,0,0,1,0,0,0,0,0,0,0,0,0,0,0,0,1,0,1
2019-20,33,Tamilnadu,3309,NAMAKKAL,330904,ERUMAPATTI,24,"Private Unaided (Recognized)",1,"PS (I-V)",4,Graduate,1,"Diploma or certificate in basic teachers training of a duration not less than two years",0,1,0,0,0,1,0,0,0,0,0,0,0,0,0,0,0,0,2,0,2
2019-20,33,Tamilnadu,3309,NAMAKKAL,330907,RASIPURAM,24,"Private Unaided (Recognized)",1,"PS (I-V)",4,Graduate,1,"Diploma or certificate in basic teachers training of a duration not less than two years",0,0,0,0,0,10,0,0,0,0,0,0,0,0,0,0,0,0,10,0,10
2019-20,33,Tamilnadu,3309,NAMAKKAL,330908,VENNANDUR,24,"Private Unaided (Recognized)",1,"PS (I-V)",4,Graduate,1,"Diploma or certificate in basic teachers training of a duration not less than two years",0,0,0,0,0,1,0,0,0,0,0,0,0,0,0,0,0,0,1,0,1
2019-20,33,Tamilnadu,3309,NAMAKKAL,330909,NAMAGIRIPET,24,"Private Unaided (Recognized)",1,"PS (I-V)",4,Graduate,1,"Diploma or certificate in basic teachers training of a duration not less than two years",0,1,0,0,0,1,0,0,0,0,0,0,0,0,0,0,0,0,2,0,2
2019-20,33,Tamilnadu,3309,NAMAKKAL,330910,TIRUCHENGODE,24,"Private Unaided (Recognized)",1,"PS (I-V)",4,Graduate,1,"Diploma or certificate in basic teachers training of a duration not less than two years",0,0,0,0,0,9,0,0,0,0,0,0,0,0,0,0,0,0,9,0,9
2019-20,33,Tamilnadu,3309,NAMAKKAL,330911,PALLIPALAYAM,24,"Private Unaided (Recognized)",1,"PS (I-V)",4,Graduate,1,"Diploma or certificate in basic teachers training of a duration not less than two years",0,2,0,0,1,10,0,0,0,0,0,0,0,0,0,0,0,0,13,1,12
2019-20,33,Tamilnadu,3309,NAMAKKAL,330914,PARAMATHI,24,"Private Unaided (Recognized)",1,"PS (I-V)",4,Graduate,1,"Diploma or certificate in basic teachers training of a duration not less than two years",0,0,0,3,0,0,0,0,0,0,0,0,0,0,0,0,0,0,3,0,3
2019-20,33,Tamilnadu,3309,NAMAKKAL,330915,KABILARMALAI,24,"Private Unaided (Recognized)",1,"PS (I-V)",4,Graduate,1,"Diploma or certificate in basic teachers training of a duration not less than two years",0,0,0,0,2,12,0,0,0,0,0,0,0,0,0,0,0,0,14,2,12
2019-20,33,Tamilnadu,3309,NAMAKKAL,330901,NAMAKKAL,24,"Private Unaided (Recognized)",1,"PS (I-V)",4,Graduate,6,None,0,0,0,0,0,3,0,0,0,0,0,0,0,0,0,0,0,0,3,0,3
2019-20,33,Tamilnadu,3309,NAMAKKAL,330903,MOHANUR,24,"Private Unaided (Recognized)",1,"PS (I-V)",4,Graduate,6,None,0,0,0,0,0,1,0,0,0,0,0,0,0,0,0,0,0,0,1,0,1
2019-20,33,Tamilnadu,3309,NAMAKKAL,330904,ERUMAPATTI,24,"Private Unaided (Recognized)",1,"PS (I-V)",4,Graduate,6,None,0,0,0,0,0,1,0,0,0,0,0,0,0,0,0,0,0,0,1,0,1
2019-20,33,Tamilnadu,3309,NAMAKKAL,330905,SENDAMANGALAM,24,"Private Unaided (Recognized)",1,"PS (I-V)",4,Graduate,6,None,0,0,0,0,0,1,0,0,0,0,0,0,0,0,0,0,0,0,1,0,1
2019-20,33,Tamilnadu,3309,NAMAKKAL,330907,RASIPURAM,24,"Private Unaided (Recognized)",1,"PS (I-V)",4,Graduate,6,None,0,0,0,0,0,2,0,0,0,0,0,0,0,0,0,0,0,0,2,0,2
2019-20,33,Tamilnadu,3309,NAMAKKAL,330910,TIRUCHENGODE,24,"Private Unaided (Recognized)",1,"PS (I-V)",4,Graduate,6,None,0,0,0,0,0,3,0,0,0,0,0,0,0,0,0,0,0,0,3,0,3
2019-20,33,Tamilnadu,3309,NAMAKKAL,330911,PALLIPALAYAM,24,"Private Unaided (Recognized)",1,"PS (I-V)",4,Graduate,6,None,0,1,1,0,0,7,0,0,0,0,0,0,0,0,0,0,0,0,9,1,8
2019-20,33,Tamilnadu,3309,NAMAKKAL,330914,PARAMATHI,24,"Private Unaided (Recognized)",1,"PS (I-V)",4,Graduate,6,None,0,0,0,1,0,0,0,0,0,0,0,0,0,0,0,0,0,0,1,0,1
2019-20,33,Tamilnadu,3309,NAMAKKAL,330901,NAMAKKAL,24,"Private Unaided (Recognized)",1,"PS (I-V)",5,"Post graduate",1,"Diploma or certificate in basic teachers training of a duration not less than two years",0,0,0,0,0,4,0,0,0,0,0,0,0,0,0,0,0,0,4,0,4
2019-20,33,Tamilnadu,3309,NAMAKKAL,330904,ERUMAPATTI,24,"Private Unaided (Recognized)",1,"PS (I-V)",5,"Post graduate",1,"Diploma or certificate in basic teachers training of a duration not less than two years",0,0,0,0,0,3,0,0,0,0,0,0,0,0,0,0,0,0,3,0,3
2019-20,33,Tamilnadu,3309,NAMAKKAL,330905,SENDAMANGALAM,24,"Private Unaided (Recognized)",1,"PS (I-V)",5,"Post graduate",1,"Diploma or certificate in basic teachers training of a duration not less than two years",0,0,0,0,0,1,0,0,0,0,0,0,0,0,0,0,0,0,1,0,1
2019-20,33,Tamilnadu,3309,NAMAKKAL,330907,RASIPURAM,24,"Private Unaided (Recognized)",1,"PS (I-V)",5,"Post graduate",1,"Diploma or certificate in basic teachers training of a duration not less than two years",0,0,0,0,0,1,0,0,0,0,0,0,0,0,0,0,0,0,1,0,1
2019-20,33,Tamilnadu,3309,NAMAKKAL,330908,VENNANDUR,24,"Private Unaided (Recognized)",1,"PS (I-V)",5,"Post graduate",1,"Diploma or certificate in basic teachers training of a duration not less than two years",0,0,0,0,0,1,0,0,0,0,0,0,0,0,0,0,0,0,1,0,1
2019-20,33,Tamilnadu,3309,NAMAKKAL,330909,NAMAGIRIPET,24,"Private Unaided (Recognized)",1,"PS (I-V)",5,"Post graduate",1,"Diploma or certificate in basic teachers training of a duration not less than two years",0,0,0,1,0,1,0,0,0,0,0,0,0,0,0,0,0,0,2,0,2
2019-20,33,Tamilnadu,3309,NAMAKKAL,330910,TIRUCHENGODE,24,"Private Unaided (Recognized)",1,"PS (I-V)",5,"Post graduate",1,"Diploma or certificate in basic teachers training of a duration not less than two years",0,0,0,1,0,2,0,0,0,0,0,0,0,0,0,0,0,0,3,0,3
2019-20,33,Tamilnadu,3309,NAMAKKAL,330911,PALLIPALAYAM,24,"Private Unaided (Recognized)",1,"PS (I-V)",5,"Post graduate",1,"Diploma or certificate in basic teachers training of a duration not less than two years",0,0,0,0,0,5,0,0,0,0,0,0,0,0,0,0,0,0,5,0,5
2019-20,33,Tamilnadu,3309,NAMAKKAL,330915,KABILARMALAI,24,"Private Unaided (Recognized)",1,"PS (I-V)",5,"Post graduate",1,"Diploma or certificate in basic teachers training of a duration not less than two years",0,0,0,0,0,2,0,0,0,0,0,0,0,0,0,0,0,0,2,0,2
2019-20,33,Tamilnadu,3309,NAMAKKAL,330901,NAMAKKAL,24,"Private Unaided (Recognized)",1,"PS (I-V)",5,"Post graduate",3,"B.Ed. or equivalent",0,1,0,0,0,21,0,0,0,0,0,0,0,0,0,0,0,0,22,0,22
2019-20,33,Tamilnadu,3309,NAMAKKAL,330903,MOHANUR,24,"Private Unaided (Recognized)",1,"PS (I-V)",5,"Post graduate",3,"B.Ed. or equivalent",0,0,0,0,0,5,0,0,0,0,0,0,0,0,0,0,0,0,5,0,5
2019-20,33,Tamilnadu,3309,NAMAKKAL,330904,ERUMAPATTI,24,"Private Unaided (Recognized)",1,"PS (I-V)",5,"Post graduate",3,"B.Ed. or equivalent",0,0,0,0,2,11,0,0,0,0,0,0,0,0,0,0,0,0,13,2,11
2019-20,33,Tamilnadu,3309,NAMAKKAL,330905,SENDAMANGALAM,24,"Private Unaided (Recognized)",1,"PS (I-V)",5,"Post graduate",3,"B.Ed. or equivalent",0,0,0,0,2,11,0,0,0,0,0,0,0,0,0,0,0,0,13,2,11
2019-20,33,Tamilnadu,3309,NAMAKKAL,330907,RASIPURAM,24,"Private Unaided (Recognized)",1,"PS (I-V)",5,"Post graduate",3,"B.Ed. or equivalent",0,1,0,0,0,14,0,0,0,0,0,0,0,0,0,0,0,0,15,0,15
2019-20,33,Tamilnadu,3309,NAMAKKAL,330908,VENNANDUR,24,"Private Unaided (Recognized)",1,"PS (I-V)",5,"Post graduate",3,"B.Ed. or equivalent",0,0,0,0,0,4,0,0,0,0,0,0,0,0,0,0,0,0,4,0,4
2019-20,33,Tamilnadu,3309,NAMAKKAL,330909,NAMAGIRIPET,24,"Private Unaided (Recognized)",1,"PS (I-V)",5,"Post graduate",3,"B.Ed. or equivalent",0,0,0,0,1,8,0,0,0,0,0,0,0,0,0,0,0,0,9,1,8
2019-20,33,Tamilnadu,3309,NAMAKKAL,330910,TIRUCHENGODE,24,"Private Unaided (Recognized)",1,"PS (I-V)",5,"Post graduate",3,"B.Ed. or equivalent",0,0,1,1,3,37,0,0,0,0,0,0,0,0,0,0,0,0,42,4,38
2019-20,33,Tamilnadu,3309,NAMAKKAL,330911,PALLIPALAYAM,24,"Private Unaided (Recognized)",1,"PS (I-V)",5,"Post graduate",3,"B.Ed. or equivalent",0,1,0,0,3,19,0,0,0,0,0,0,0,0,0,0,0,0,23,3,20
2019-20,33,Tamilnadu,3309,NAMAKKAL,330914,PARAMATHI,24,"Private Unaided (Recognized)",1,"PS (I-V)",5,"Post graduate",3,"B.Ed. or equivalent",0,0,0,3,0,0,0,0,0,0,0,0,0,0,0,0,0,0,3,0,3
2019-20,33,Tamilnadu,3309,NAMAKKAL,330915,KABILARMALAI,24,"Private Unaided (Recognized)",1,"PS (I-V)",5,"Post graduate",3,"B.Ed. or equivalent",0,0,0,0,1,20,0,0,0,0,0,0,0,0,0,0,0,0,21,1,20
2019-20,33,Tamilnadu,3309,NAMAKKAL,330901,NAMAKKAL,24,"Private Unaided (Recognized)",1,"PS (I-V)",5,"Post graduate",4,"M.Ed. or equivalent",0,0,0,0,0,1,0,0,0,0,0,0,0,0,0,0,0,0,1,0,1
2019-20,33,Tamilnadu,3309,NAMAKKAL,330904,ERUMAPATTI,24,"Private Unaided (Recognized)",1,"PS (I-V)",5,"Post graduate",4,"M.Ed. or equivalent",0,0,0,0,0,1,0,0,0,0,0,0,0,0,0,0,0,0,1,0,1
2019-20,33,Tamilnadu,3309,NAMAKKAL,330907,RASIPURAM,24,"Private Unaided (Recognized)",1,"PS (I-V)",5,"Post graduate",4,"M.Ed. or equivalent",0,0,0,0,0,1,0,0,0,0,0,0,0,0,0,0,0,0,1,0,1
2019-20,33,Tamilnadu,3309,NAMAKKAL,330910,TIRUCHENGODE,24,"Private Unaided (Recognized)",1,"PS (I-V)",5,"Post graduate",4,"M.Ed. or equivalent",0,0,0,0,0,2,0,0,0,0,0,0,0,0,0,0,0,0,2,0,2
2019-20,33,Tamilnadu,3309,NAMAKKAL,330911,PALLIPALAYAM,24,"Private Unaided (Recognized)",1,"PS (I-V)",5,"Post graduate",4,"M.Ed. or equivalent",0,0,0,0,1,2,0,0,0,0,0,0,0,0,0,0,0,0,3,1,2
2019-20,33,Tamilnadu,3309,NAMAKKAL,330915,KABILARMALAI,24,"Private Unaided (Recognized)",1,"PS (I-V)",5,"Post graduate",4,"M.Ed. or equivalent",0,0,0,0,0,1,0,0,0,0,0,0,0,0,0,0,0,0,1,0,1
2019-20,33,Tamilnadu,3309,NAMAKKAL,330901,NAMAKKAL,24,"Private Unaided (Recognized)",1,"PS (I-V)",5,"Post graduate",5,Others,0,0,0,0,0,2,0,0,0,0,0,0,0,0,0,0,0,0,2,0,2
2019-20,33,Tamilnadu,3309,NAMAKKAL,330903,MOHANUR,24,"Private Unaided (Recognized)",1,"PS (I-V)",5,"Post graduate",5,Others,0,0,0,0,0,1,0,0,0,0,0,0,0,0,0,0,0,0,1,0,1
2019-20,33,Tamilnadu,3309,NAMAKKAL,330905,SENDAMANGALAM,24,"Private Unaided (Recognized)",1,"PS (I-V)",5,"Post graduate",5,Others,0,0,0,0,0,3,0,0,0,0,0,0,0,0,0,0,0,0,3,0,3
2019-20,33,Tamilnadu,3309,NAMAKKAL,330907,RASIPURAM,24,"Private Unaided (Recognized)",1,"PS (I-V)",5,"Post graduate",5,Others,0,0,0,0,0,1,0,0,0,0,0,0,0,0,0,0,0,0,1,0,1
2019-20,33,Tamilnadu,3309,NAMAKKAL,330910,TIRUCHENGODE,24,"Private Unaided (Recognized)",1,"PS (I-V)",5,"Post graduate",5,Others,0,0,0,0,1,0,0,0,0,0,0,0,0,0,0,0,0,0,1,1,0
2019-20,33,Tamilnadu,3309,NAMAKKAL,330911,PALLIPALAYAM,24,"Private Unaided (Recognized)",1,"PS (I-V)",5,"Post graduate",5,Others,0,2,0,2,0,12,0,0,0,0,0,0,0,0,0,0,0,0,16,0,16
2019-20,33,Tamilnadu,3309,NAMAKKAL,330915,KABILARMALAI,24,"Private Unaided (Recognized)",1,"PS (I-V)",5,"Post graduate",5,Others,0,0,0,0,0,2,0,0,0,0,0,0,0,0,0,0,0,0,2,0,2
2019-20,33,Tamilnadu,3309,NAMAKKAL,330901,NAMAKKAL,24,"Private Unaided (Recognized)",1,"PS (I-V)",5,"Post graduate",6,None,0,0,0,0,1,0,0,0,0,0,0,0,0,0,0,0,0,0,1,1,0
2019-20,33,Tamilnadu,3309,NAMAKKAL,330907,RASIPURAM,24,"Private Unaided (Recognized)",1,"PS (I-V)",5,"Post graduate",6,None,0,0,0,0,0,1,0,0,0,0,0,0,0,0,0,0,0,0,1,0,1
2019-20,33,Tamilnadu,3309,NAMAKKAL,330910,TIRUCHENGODE,24,"Private Unaided (Recognized)",1,"PS (I-V)",5,"Post graduate",6,None,0,0,0,0,0,12,0,0,0,0,0,0,0,0,0,0,0,0,12,0,12
2019-20,33,Tamilnadu,3309,NAMAKKAL,330911,PALLIPALAYAM,24,"Private Unaided (Recognized)",1,"PS (I-V)",5,"Post graduate",6,None,0,1,0,1,1,2,0,0,0,0,0,0,0,0,0,0,0,0,5,1,4
2019-20,33,Tamilnadu,3309,NAMAKKAL,330911,PALLIPALAYAM,24,"Private Unaided (Recognized)",1,"PS (I-V)",6,M.Phil,1,"Diploma or certificate in basic teachers training of a duration not less than two years",0,0,0,0,0,1,0,0,0,0,0,0,0,0,0,0,0,0,1,0,1
2019-20,33,Tamilnadu,3309,NAMAKKAL,330901,NAMAKKAL,24,"Private Unaided (Recognized)",1,"PS (I-V)",6,M.Phil,3,"B.Ed. or equivalent",0,0,0,0,0,3,0,0,0,0,0,0,0,0,0,0,0,0,3,0,3
2019-20,33,Tamilnadu,3309,NAMAKKAL,330902,KOLLIHILLS,24,"Private Unaided (Recognized)",1,"PS (I-V)",6,M.Phil,3,"B.Ed. or equivalent",0,0,0,0,1,0,0,0,0,0,0,0,0,0,0,0,0,0,1,1,0
2019-20,33,Tamilnadu,3309,NAMAKKAL,330907,RASIPURAM,24,"Private Unaided (Recognized)",1,"PS (I-V)",6,M.Phil,3,"B.Ed. or equivalent",0,0,0,0,0,2,0,0,0,0,0,0,0,0,0,0,0,0,2,0,2
2019-20,33,Tamilnadu,3309,NAMAKKAL,330908,VENNANDUR,24,"Private Unaided (Recognized)",1,"PS (I-V)",6,M.Phil,3,"B.Ed. or equivalent",0,0,0,0,0,1,0,0,0,0,0,0,0,0,0,0,0,0,1,0,1
2019-20,33,Tamilnadu,3309,NAMAKKAL,330910,TIRUCHENGODE,24,"Private Unaided (Recognized)",1,"PS (I-V)",6,M.Phil,3,"B.Ed. or equivalent",0,0,0,0,0,2,0,0,0,0,0,0,0,0,0,0,0,0,2,0,2
2019-20,33,Tamilnadu,3309,NAMAKKAL,330912,MALLASAMUDRAM,24,"Private Unaided (Recognized)",1,"PS (I-V)",6,M.Phil,3,"B.Ed. or equivalent",0,0,0,0,0,1,0,0,0,0,0,0,0,0,0,0,0,0,1,0,1
2019-20,33,Tamilnadu,3309,NAMAKKAL,330915,KABILARMALAI,24,"Private Unaided (Recognized)",1,"PS (I-V)",6,M.Phil,3,"B.Ed. or equivalent",0,0,0,0,0,1,0,0,0,0,0,0,0,0,0,0,0,0,1,0,1
2019-20,33,Tamilnadu,3309,NAMAKKAL,330910,TIRUCHENGODE,24,"Private Unaided (Recognized)",1,"PS (I-V)",6,M.Phil,4,"M.Ed. or equivalent",0,0,0,0,0,1,0,0,0,0,0,0,0,0,0,0,0,0,1,0,1
2019-20,33,Tamilnadu,3309,NAMAKKAL,330907,RASIPURAM,24,"Private Unaided (Recognized)",1,"PS (I-V)",6,M.Phil,5,Others,0,0,0,0,0,1,0,0,0,0,0,0,0,0,0,0,0,0,1,0,1
2019-20,33,Tamilnadu,3309,NAMAKKAL,330901,NAMAKKAL,24,"Private Unaided (Recognized)",1,"PS (I-V)",6,M.Phil,6,None,0,0,0,0,1,0,0,0,0,0,0,0,0,0,0,0,0,0,1,1,0
2019-20,33,Tamilnadu,3309,NAMAKKAL,330907,RASIPURAM,24,"Private Unaided (Recognized)",1,"PS (I-V)",6,M.Phil,6,None,0,0,0,0,0,1,0,0,0,0,0,0,0,0,0,0,0,0,1,0,1
2019-20,33,Tamilnadu,3309,NAMAKKAL,330910,TIRUCHENGODE,24,"Private Unaided (Recognized)",1,"PS (I-V)",6,M.Phil,6,None,0,0,0,0,0,1,0,0,0,0,0,0,0,0,0,0,0,0,1,0,1
2019-20,33,Tamilnadu,3309,NAMAKKAL,330903,MOHANUR,24,"Private Unaided (Recognized)",1,"PS (I-V)",7,Ph.D,6,None,0,0,0,0,1,0,0,0,0,0,0,0,0,0,0,0,0,0,1,1,0
2019-20,33,Tamilnadu,3309,NAMAKKAL,330911,PALLIPALAYAM,29,"Private Unaided (Recognized)",3,"HSS (I-XII)",1,"Below Secondary",1,"Diploma or certificate in basic teachers training of a duration not less than two years",0,0,0,0,1,0,0,0,0,0,0,0,0,0,0,0,0,0,1,1,0
2019-20,33,Tamilnadu,3309,NAMAKKAL,330906,PUDUCHATRAM,29,"Private Unaided (Recognized)",3,"HSS (I-XII)",1,"Below Secondary",3,"B.Ed. or equivalent",0,0,0,0,0,0,0,0,0,0,0,0,0,0,0,0,1,0,1,1,0
2019-20,33,Tamilnadu,3309,NAMAKKAL,330901,NAMAKKAL,29,"Private Unaided (Recognized)",3,"HSS (I-XII)",1,"Below Secondary",5,Others,0,0,0,0,0,0,0,1,0,0,0,0,0,0,0,0,0,0,1,0,1
2019-20,33,Tamilnadu,3309,NAMAKKAL,330905,SENDAMANGALAM,29,"Private Unaided (Recognized)",6,"SS (I-X)",1,"Below Secondary",5,Others,0,0,0,0,0,1,0,0,0,0,0,0,0,0,0,0,0,0,1,0,1
2019-20,33,Tamilnadu,3309,NAMAKKAL,330901,NAMAKKAL,29,"Private Unaided (Recognized)",3,"HSS (I-XII)",3,"Higher secondary",1,"Diploma or certificate in basic teachers training of a duration not less than two years",0,0,0,0,0,1,0,0,0,0,0,0,0,0,0,0,0,0,1,0,1
2019-20,33,Tamilnadu,3309,NAMAKKAL,330906,PUDUCHATRAM,29,"Private Unaided (Recognized)",6,"SS (I-X)",3,"Higher secondary",1,"Diploma or certificate in basic teachers training of a duration not less than two years",0,0,0,0,0,1,0,0,0,0,0,0,0,0,0,0,0,0,1,0,1
2019-20,33,Tamilnadu,3309,NAMAKKAL,330901,NAMAKKAL,29,"Private Unaided (Recognized)",3,"HSS (I-XII)",3,"Higher secondary",3,"B.Ed. or equivalent",0,0,0,0,0,0,0,1,0,0,0,0,0,1,0,0,0,0,2,0,2
2019-20,33,Tamilnadu,3309,NAMAKKAL,330913,ELACHIPALAYAM,29,"Private Unaided (Recognized)",6,"SS (I-X)",3,"Higher secondary",5,Others,0,0,0,0,0,0,0,0,0,0,0,0,0,1,0,0,0,0,1,0,1
2019-20,33,Tamilnadu,3309,NAMAKKAL,330915,KABILARMALAI,29,"Private Unaided (Recognized)",6,"SS (I-X)",3,"Higher secondary",5,Others,0,0,0,0,0,0,1,0,0,0,0,0,0,0,0,0,0,0,1,1,0
2019-20,33,Tamilnadu,3309,NAMAKKAL,330911,PALLIPALAYAM,29,"Private Unaided (Recognized)",3,"HSS (I-XII)",3,"Higher secondary",6,None,0,0,0,0,0,0,0,0,0,0,0,0,0,0,1,0,0,0,1,1,0
2019-20,33,Tamilnadu,3309,NAMAKKAL,330906,PUDUCHATRAM,29,"Private Unaided (Recognized)",6,"SS (I-X)",3,"Higher secondary",6,None,0,0,0,0,0,0,0,1,0,0,0,0,0,0,0,0,0,0,1,0,1
2019-20,33,Tamilnadu,3309,NAMAKKAL,330907,RASIPURAM,29,"Private Unaided (Recognized)",2,"UPS (I-VIII)",4,Graduate,1,"Diploma or certificate in basic teachers training of a duration not less than two years",0,0,0,0,0,0,0,1,0,0,0,0,0,0,0,0,0,0,1,0,1
2019-20,33,Tamilnadu,3309,NAMAKKAL,330909,NAMAGIRIPET,29,"Private Unaided (Recognized)",2,"UPS (I-VIII)",4,Graduate,1,"Diploma or certificate in basic teachers training of a duration not less than two years",0,0,0,0,0,0,0,1,0,0,0,0,0,0,0,0,0,0,1,0,1
2019-20,33,Tamilnadu,3309,NAMAKKAL,330901,NAMAKKAL,29,"Private Unaided (Recognized)",3,"HSS (I-XII)",4,Graduate,1,"Diploma or certificate in basic teachers training of a duration not less than two years",0,0,0,0,0,3,0,0,0,3,0,0,0,0,0,1,0,0,7,0,7
2019-20,33,Tamilnadu,3309,NAMAKKAL,330907,RASIPURAM,29,"Private Unaided (Recognized)",3,"HSS (I-XII)",4,Graduate,1,"Diploma or certificate in basic teachers training of a duration not less than two years",0,0,0,0,0,0,0,1,0,0,0,0,0,0,0,0,0,0,1,0,1
2019-20,33,Tamilnadu,3309,NAMAKKAL,330910,TIRUCHENGODE,29,"Private Unaided (Recognized)",3,"HSS (I-XII)",4,Graduate,1,"Diploma or certificate in basic teachers training of a duration not less than two years",0,0,0,0,0,0,0,1,0,0,0,0,0,0,0,0,0,0,1,0,1
2019-20,33,Tamilnadu,3309,NAMAKKAL,330911,PALLIPALAYAM,29,"Private Unaided (Recognized)",3,"HSS (I-XII)",4,Graduate,1,"Diploma or certificate in basic teachers training of a duration not less than two years",0,0,0,0,0,0,0,1,0,0,0,0,0,0,0,0,0,0,1,0,1
2019-20,33,Tamilnadu,3309,NAMAKKAL,330912,MALLASAMUDRAM,29,"Private Unaided (Recognized)",3,"HSS (I-XII)",4,Graduate,1,"Diploma or certificate in basic teachers training of a duration not less than two years",0,1,0,0,0,0,0,0,0,0,0,0,0,0,0,0,0,0,1,0,1
2019-20,33,Tamilnadu,3309,NAMAKKAL,330915,KABILARMALAI,29,"Private Unaided (Recognized)",3,"HSS (I-XII)",4,Graduate,1,"Diploma or certificate in basic teachers training of a duration not less than two years",0,1,0,0,0,0,0,1,0,0,0,0,0,0,0,0,0,0,2,0,2
2019-20,33,Tamilnadu,3309,NAMAKKAL,330901,NAMAKKAL,29,"Private Unaided (Recognized)",6,"SS (I-X)",4,Graduate,1,"Diploma or certificate in basic teachers training of a duration not less than two years",0,0,0,0,0,0,0,1,0,0,0,0,0,1,0,0,0,0,2,0,2
2019-20,33,Tamilnadu,3309,NAMAKKAL,330903,MOHANUR,29,"Private Unaided (Recognized)",6,"SS (I-X)",4,Graduate,1,"Diploma or certificate in basic teachers training of a duration not less than two years",0,0,0,0,0,1,0,0,0,0,0,0,0,0,0,0,0,0,1,0,1
2019-20,33,Tamilnadu,3309,NAMAKKAL,330904,ERUMAPATTI,29,"Private Unaided (Recognized)",6,"SS (I-X)",4,Graduate,1,"Diploma or certificate in basic teachers training of a duration not less than two years",0,0,0,0,0,2,0,0,0,1,0,0,1,0,0,0,0,0,4,1,3
2019-20,33,Tamilnadu,3309,NAMAKKAL,330905,SENDAMANGALAM,29,"Private Unaided (Recognized)",6,"SS (I-X)",4,Graduate,1,"Diploma or certificate in basic teachers training of a duration not less than two years",0,0,0,0,0,2,0,0,0,0,0,0,0,0,0,0,0,0,2,0,2
2019-20,33,Tamilnadu,3309,NAMAKKAL,330906,PUDUCHATRAM,29,"Private Unaided (Recognized)",6,"SS (I-X)",4,Graduate,1,"Diploma or certificate in basic teachers training of a duration not less than two years",0,0,0,0,0,2,0,0,0,0,0,0,0,0,0,0,0,0,2,0,2
2019-20,33,Tamilnadu,3309,NAMAKKAL,330907,RASIPURAM,29,"Private Unaided (Recognized)",6,"SS (I-X)",4,Graduate,1,"Diploma or certificate in basic teachers training of a duration not less than two years",0,0,0,0,0,0,0,1,0,0,0,0,0,0,0,0,0,0,1,0,1
2019-20,33,Tamilnadu,3309,NAMAKKAL,330910,TIRUCHENGODE,29,"Private Unaided (Recognized)",6,"SS (I-X)",4,Graduate,1,"Diploma or certificate in basic teachers training of a duration not less than two years",0,0,0,0,0,2,0,1,0,0,0,0,0,1,0,0,0,0,4,0,4
2019-20,33,Tamilnadu,3309,NAMAKKAL,330911,PALLIPALAYAM,29,"Private Unaided (Recognized)",6,"SS (I-X)",4,Graduate,1,"Diploma or certificate in basic teachers training of a duration not less than two years",0,0,0,0,0,0,0,0,0,0,0,0,0,1,0,0,0,0,1,0,1
2019-20,33,Tamilnadu,3309,NAMAKKAL,330912,MALLASAMUDRAM,29,"Private Unaided (Recognized)",6,"SS (I-X)",4,Graduate,1,"Diploma or certificate in basic teachers training of a duration not less than two years",0,0,0,0,0,1,0,0,0,0,0,0,0,0,0,0,0,0,1,0,1
2019-20,33,Tamilnadu,3309,NAMAKKAL,330915,KABILARMALAI,29,"Private Unaided (Recognized)",6,"SS (I-X)",4,Graduate,1,"Diploma or certificate in basic teachers training of a duration not less than two years",0,0,0,0,0,2,0,0,0,0,0,0,0,0,0,0,0,0,2,0,2
2019-20,33,Tamilnadu,3309,NAMAKKAL,330903,MOHANUR,29,"Private Unaided (Recognized)",2,"UPS (I-VIII)",4,Graduate,3,"B.Ed. or equivalent",0,0,0,0,0,2,0,2,0,2,0,0,0,0,0,0,0,0,6,0,6
2019-20,33,Tamilnadu,3309,NAMAKKAL,330907,RASIPURAM,29,"Private Unaided (Recognized)",2,"UPS (I-VIII)",4,Graduate,3,"B.Ed. or equivalent",0,0,0,0,0,1,0,1,0,5,0,0,0,0,0,0,0,0,7,0,7
2019-20,33,Tamilnadu,3309,NAMAKKAL,330909,NAMAGIRIPET,29,"Private Unaided (Recognized)",2,"UPS (I-VIII)",4,Graduate,3,"B.Ed. or equivalent",0,0,0,0,0,1,0,0,0,4,0,0,0,0,0,0,0,0,5,0,5
2019-20,33,Tamilnadu,3309,NAMAKKAL,330901,NAMAKKAL,29,"Private Unaided (Recognized)",3,"HSS (I-XII)",4,Graduate,3,"B.Ed. or equivalent",0,1,0,0,1,8,1,7,0,4,3,5,3,1,0,0,0,0,34,8,26
2019-20,33,Tamilnadu,3309,NAMAKKAL,330906,PUDUCHATRAM,29,"Private Unaided (Recognized)",3,"HSS (I-XII)",4,Graduate,3,"B.Ed. or equivalent",0,0,0,0,0,0,1,2,0,0,3,0,1,0,1,1,1,1,11,7,4
2019-20,33,Tamilnadu,3309,NAMAKKAL,330907,RASIPURAM,29,"Private Unaided (Recognized)",3,"HSS (I-XII)",4,Graduate,3,"B.Ed. or equivalent",0,5,0,0,0,12,3,3,0,5,1,1,2,3,0,0,2,1,38,8,30
2019-20,33,Tamilnadu,3309,NAMAKKAL,330908,VENNANDUR,29,"Private Unaided (Recognized)",3,"HSS (I-XII)",4,Graduate,3,"B.Ed. or equivalent",0,0,0,0,1,4,0,2,0,0,0,0,0,0,0,0,0,0,7,1,6
2019-20,33,Tamilnadu,3309,NAMAKKAL,330910,TIRUCHENGODE,29,"Private Unaided (Recognized)",3,"HSS (I-XII)",4,Graduate,3,"B.Ed. or equivalent",0,0,0,0,1,8,1,1,0,0,1,0,0,2,0,1,1,0,16,4,12
2019-20,33,Tamilnadu,3309,NAMAKKAL,330911,PALLIPALAYAM,29,"Private Unaided (Recognized)",3,"HSS (I-XII)",4,Graduate,3,"B.Ed. or equivalent",0,0,0,0,0,7,2,8,0,2,0,1,1,0,0,0,0,0,21,3,18
2019-20,33,Tamilnadu,3309,NAMAKKAL,330912,MALLASAMUDRAM,29,"Private Unaided (Recognized)",3,"HSS (I-XII)",4,Graduate,3,"B.Ed. or equivalent",0,0,0,1,0,0,0,8,0,0,1,1,0,0,0,0,0,0,11,1,10
2019-20,33,Tamilnadu,3309,NAMAKKAL,330914,PARAMATHI,29,"Private Unaided (Recognized)",3,"HSS (I-XII)",4,Graduate,3,"B.Ed. or equivalent",0,0,0,0,3,5,0,0,1,4,0,0,3,0,0,0,0,0,16,7,9
2019-20,33,Tamilnadu,3309,NAMAKKAL,330915,KABILARMALAI,29,"Private Unaided (Recognized)",3,"HSS (I-XII)",4,Graduate,3,"B.Ed. or equivalent",0,0,0,0,0,4,0,0,0,0,0,0,0,0,0,0,0,0,4,0,4
2019-20,33,Tamilnadu,3309,NAMAKKAL,330901,NAMAKKAL,29,"Private Unaided (Recognized)",6,"SS (I-X)",4,Graduate,3,"B.Ed. or equivalent",0,0,0,0,0,0,0,0,0,3,0,1,2,3,0,0,0,0,9,2,7
2019-20,33,Tamilnadu,3309,NAMAKKAL,330903,MOHANUR,29,"Private Unaided (Recognized)",6,"SS (I-X)",4,Graduate,3,"B.Ed. or equivalent",0,0,0,0,0,4,0,0,0,2,0,0,0,1,0,0,0,0,7,0,7
2019-20,33,Tamilnadu,3309,NAMAKKAL,330904,ERUMAPATTI,29,"Private Unaided (Recognized)",6,"SS (I-X)",4,Graduate,3,"B.Ed. or equivalent",0,0,0,0,0,2,0,0,0,1,0,1,0,0,0,0,0,0,4,0,4
2019-20,33,Tamilnadu,3309,NAMAKKAL,330905,SENDAMANGALAM,29,"Private Unaided (Recognized)",6,"SS (I-X)",4,Graduate,3,"B.Ed. or equivalent",0,0,0,0,0,1,0,0,0,0,0,0,0,0,0,0,0,0,1,0,1
2019-20,33,Tamilnadu,3309,NAMAKKAL,330906,PUDUCHATRAM,29,"Private Unaided (Recognized)",6,"SS (I-X)",4,Graduate,3,"B.Ed. or equivalent",0,0,0,0,0,5,0,5,0,1,0,1,1,7,0,0,0,0,20,1,19
2019-20,33,Tamilnadu,3309,NAMAKKAL,330907,RASIPURAM,29,"Private Unaided (Recognized)",6,"SS (I-X)",4,Graduate,3,"B.Ed. or equivalent",0,0,0,0,0,3,0,2,0,1,0,0,0,1,0,0,0,0,7,0,7
2019-20,33,Tamilnadu,3309,NAMAKKAL,330909,NAMAGIRIPET,29,"Private Unaided (Recognized)",6,"SS (I-X)",4,Graduate,3,"B.Ed. or equivalent",0,0,0,0,0,0,0,0,0,0,0,0,2,3,0,0,0,0,5,2,3
2019-20,33,Tamilnadu,3309,NAMAKKAL,330910,TIRUCHENGODE,29,"Private Unaided (Recognized)",6,"SS (I-X)",4,Graduate,3,"B.Ed. or equivalent",0,0,0,0,0,4,0,0,0,0,1,0,0,1,0,0,0,0,6,1,5
2019-20,33,Tamilnadu,3309,NAMAKKAL,330911,PALLIPALAYAM,29,"Private Unaided (Recognized)",6,"SS (I-X)",4,Graduate,3,"B.Ed. or equivalent",0,0,0,0,0,0,0,1,0,0,0,0,1,2,0,0,0,0,4,1,3
2019-20,33,Tamilnadu,3309,NAMAKKAL,330912,MALLASAMUDRAM,29,"Private Unaided (Recognized)",6,"SS (I-X)",4,Graduate,3,"B.Ed. or equivalent",0,0,0,2,0,1,1,2,0,0,1,0,1,2,0,0,0,0,10,3,7
2019-20,33,Tamilnadu,3309,NAMAKKAL,330913,ELACHIPALAYAM,29,"Private Unaided (Recognized)",6,"SS (I-X)",4,Graduate,3,"B.Ed. or equivalent",0,0,0,0,1,3,0,0,0,0,1,0,0,0,0,0,0,0,5,2,3
2019-20,33,Tamilnadu,3309,NAMAKKAL,330914,PARAMATHI,29,"Private Unaided (Recognized)",6,"SS (I-X)",4,Graduate,3,"B.Ed. or equivalent",0,0,0,0,0,0,1,1,0,1,0,0,0,0,0,0,0,0,3,1,2
2019-20,33,Tamilnadu,3309,NAMAKKAL,330915,KABILARMALAI,29,"Private Unaided (Recognized)",6,"SS (I-X)",4,Graduate,3,"B.Ed. or equivalent",0,0,0,0,0,3,0,3,0,2,0,0,0,3,0,0,0,0,11,0,11
2019-20,33,Tamilnadu,3309,NAMAKKAL,330911,PALLIPALAYAM,29,"Private Unaided (Recognized)",3,"HSS (I-XII)",4,Graduate,4,"M.Ed. or equivalent",0,0,0,0,0,1,0,0,0,0,0,0,0,0,0,0,0,0,1,0,1
2019-20,33,Tamilnadu,3309,NAMAKKAL,330901,NAMAKKAL,29,"Private Unaided (Recognized)",6,"SS (I-X)",4,Graduate,4,"M.Ed. or equivalent",0,0,0,0,0,0,0,0,0,0,0,1,0,0,0,0,0,0,1,0,1
2019-20,33,Tamilnadu,3309,NAMAKKAL,330909,NAMAGIRIPET,29,"Private Unaided (Recognized)",6,"SS (I-X)",4,Graduate,4,"M.Ed. or equivalent",0,0,0,0,0,0,0,0,0,0,0,0,1,0,0,0,0,0,1,1,0
2019-20,33,Tamilnadu,3309,NAMAKKAL,330907,RASIPURAM,29,"Private Unaided (Recognized)",2,"UPS (I-VIII)",4,Graduate,5,Others,0,0,0,0,3,5,2,0,2,3,0,0,0,0,0,0,0,0,15,7,8
2019-20,33,Tamilnadu,3309,NAMAKKAL,330901,NAMAKKAL,29,"Private Unaided (Recognized)",3,"HSS (I-XII)",4,Graduate,5,Others,0,0,0,0,1,1,1,2,1,0,0,0,0,0,0,0,0,0,6,3,3
2019-20,33,Tamilnadu,3309,NAMAKKAL,330906,PUDUCHATRAM,29,"Private Unaided (Recognized)",3,"HSS (I-XII)",4,Graduate,5,Others,0,0,0,0,0,0,4,2,0,0,2,0,0,0,0,0,0,0,8,6,2
2019-20,33,Tamilnadu,3309,NAMAKKAL,330907,RASIPURAM,29,"Private Unaided (Recognized)",3,"HSS (I-XII)",4,Graduate,5,Others,0,0,0,0,0,5,0,0,0,0,0,0,1,0,0,0,0,0,6,1,5
2019-20,33,Tamilnadu,3309,NAMAKKAL,330908,VENNANDUR,29,"Private Unaided (Recognized)",3,"HSS (I-XII)",4,Graduate,5,Others,0,1,0,0,0,1,0,0,0,0,0,0,0,0,0,0,0,0,2,0,2
2019-20,33,Tamilnadu,3309,NAMAKKAL,330911,PALLIPALAYAM,29,"Private Unaided (Recognized)",3,"HSS (I-XII)",4,Graduate,5,Others,0,0,0,0,0,4,3,11,0,0,0,0,0,0,0,0,0,0,18,3,15
2019-20,33,Tamilnadu,3309,NAMAKKAL,330912,MALLASAMUDRAM,29,"Private Unaided (Recognized)",3,"HSS (I-XII)",4,Graduate,5,Others,0,0,0,0,0,1,0,0,0,0,0,0,0,0,0,0,0,0,1,0,1
2019-20,33,Tamilnadu,3309,NAMAKKAL,330914,PARAMATHI,29,"Private Unaided (Recognized)",3,"HSS (I-XII)",4,Graduate,5,Others,0,0,0,0,0,0,0,0,0,1,0,0,0,0,0,0,0,0,1,0,1
2019-20,33,Tamilnadu,3309,NAMAKKAL,330901,NAMAKKAL,29,"Private Unaided (Recognized)",6,"SS (I-X)",4,Graduate,5,Others,0,0,0,0,0,1,0,1,0,1,0,0,0,3,0,0,0,0,6,0,6
2019-20,33,Tamilnadu,3309,NAMAKKAL,330905,SENDAMANGALAM,29,"Private Unaided (Recognized)",6,"SS (I-X)",4,Graduate,5,Others,0,0,0,0,0,1,0,0,0,1,0,0,0,0,0,0,0,0,2,0,2
2019-20,33,Tamilnadu,3309,NAMAKKAL,330907,RASIPURAM,29,"Private Unaided (Recognized)",6,"SS (I-X)",4,Graduate,5,Others,0,0,0,0,0,7,0,3,0,3,0,0,0,1,0,0,0,0,14,0,14
2019-20,33,Tamilnadu,3309,NAMAKKAL,330910,TIRUCHENGODE,29,"Private Unaided (Recognized)",6,"SS (I-X)",4,Graduate,5,Others,0,0,0,0,0,4,1,2,0,1,1,1,0,0,0,0,0,0,10,2,8
2019-20,33,Tamilnadu,3309,NAMAKKAL,330911,PALLIPALAYAM,29,"Private Unaided (Recognized)",6,"SS (I-X)",4,Graduate,5,Others,0,0,0,0,0,1,0,0,0,0,0,0,0,0,0,0,0,0,1,0,1
2019-20,33,Tamilnadu,3309,NAMAKKAL,330912,MALLASAMUDRAM,29,"Private Unaided (Recognized)",6,"SS (I-X)",4,Graduate,5,Others,0,2,0,2,0,0,0,1,0,0,0,2,0,1,0,0,0,0,8,0,8
2019-20,33,Tamilnadu,3309,NAMAKKAL,330914,PARAMATHI,29,"Private Unaided (Recognized)",6,"SS (I-X)",4,Graduate,5,Others,0,0,0,0,0,1,0,0,0,0,0,0,0,0,0,0,0,0,1,0,1
2019-20,33,Tamilnadu,3309,NAMAKKAL,330915,KABILARMALAI,29,"Private Unaided (Recognized)",6,"SS (I-X)",4,Graduate,5,Others,0,0,0,0,0,1,0,0,0,0,0,0,0,0,0,0,0,0,1,0,1
2019-20,33,Tamilnadu,3309,NAMAKKAL,330903,MOHANUR,29,"Private Unaided (Recognized)",2,"UPS (I-VIII)",4,Graduate,6,None,0,0,0,0,0,0,0,0,1,0,0,0,0,0,0,0,0,0,1,1,0
2019-20,33,Tamilnadu,3309,NAMAKKAL,330907,RASIPURAM,29,"Private Unaided (Recognized)",2,"UPS (I-VIII)",4,Graduate,6,None,0,0,0,0,0,0,0,0,1,1,0,0,0,0,0,0,0,0,2,1,1
2019-20,33,Tamilnadu,3309,NAMAKKAL,330901,NAMAKKAL,29,"Private Unaided (Recognized)",3,"HSS (I-XII)",4,Graduate,6,None,0,0,0,0,1,12,1,3,0,3,1,0,1,1,0,2,0,1,26,4,22
2019-20,33,Tamilnadu,3309,NAMAKKAL,330906,PUDUCHATRAM,29,"Private Unaided (Recognized)",3,"HSS (I-XII)",4,Graduate,6,None,0,1,0,0,0,0,0,1,0,0,0,0,0,0,0,0,1,1,4,1,3
2019-20,33,Tamilnadu,3309,NAMAKKAL,330907,RASIPURAM,29,"Private Unaided (Recognized)",3,"HSS (I-XII)",4,Graduate,6,None,0,1,0,0,0,2,0,2,0,0,0,0,0,1,0,0,0,0,6,0,6
2019-20,33,Tamilnadu,3309,NAMAKKAL,330908,VENNANDUR,29,"Private Unaided (Recognized)",3,"HSS (I-XII)",4,Graduate,6,None,0,0,0,0,0,0,0,1,0,0,1,0,0,0,1,0,0,0,3,2,1
2019-20,33,Tamilnadu,3309,NAMAKKAL,330910,TIRUCHENGODE,29,"Private Unaided (Recognized)",3,"HSS (I-XII)",4,Graduate,6,None,0,0,0,0,1,2,0,1,0,0,0,0,0,0,0,0,1,0,5,2,3
2019-20,33,Tamilnadu,3309,NAMAKKAL,330911,PALLIPALAYAM,29,"Private Unaided (Recognized)",3,"HSS (I-XII)",4,Graduate,6,None,0,0,0,0,0,1,0,2,0,0,0,0,0,0,0,0,1,0,4,1,3
2019-20,33,Tamilnadu,3309,NAMAKKAL,330912,MALLASAMUDRAM,29,"Private Unaided (Recognized)",3,"HSS (I-XII)",4,Graduate,6,None,0,0,0,0,0,0,0,2,0,0,0,0,0,0,0,0,0,0,2,0,2
2019-20,33,Tamilnadu,3309,NAMAKKAL,330914,PARAMATHI,29,"Private Unaided (Recognized)",3,"HSS (I-XII)",4,Graduate,6,None,0,0,0,0,0,0,0,0,0,0,0,0,0,0,0,0,1,0,1,1,0
2019-20,33,Tamilnadu,3309,NAMAKKAL,330915,KABILARMALAI,29,"Private Unaided (Recognized)",3,"HSS (I-XII)",4,Graduate,6,None,0,0,0,0,0,0,0,3,0,0,0,0,0,0,1,0,0,0,4,1,3
2019-20,33,Tamilnadu,3309,NAMAKKAL,330901,NAMAKKAL,29,"Private Unaided (Recognized)",6,"SS (I-X)",4,Graduate,6,None,0,0,0,0,0,2,0,1,0,1,0,0,0,0,0,0,0,0,4,0,4
2019-20,33,Tamilnadu,3309,NAMAKKAL,330903,MOHANUR,29,"Private Unaided (Recognized)",6,"SS (I-X)",4,Graduate,6,None,0,0,0,0,0,0,0,0,0,0,0,0,1,0,0,0,0,0,1,1,0
2019-20,33,Tamilnadu,3309,NAMAKKAL,330905,SENDAMANGALAM,29,"Private Unaided (Recognized)",6,"SS (I-X)",4,Graduate,6,None,0,0,0,0,0,1,0,0,0,0,0,0,0,0,0,0,0,0,1,0,1
2019-20,33,Tamilnadu,3309,NAMAKKAL,330906,PUDUCHATRAM,29,"Private Unaided (Recognized)",6,"SS (I-X)",4,Graduate,6,None,0,0,0,0,0,0,0,1,0,0,0,0,1,0,0,0,0,0,2,1,1
2019-20,33,Tamilnadu,3309,NAMAKKAL,330907,RASIPURAM,29,"Private Unaided (Recognized)",6,"SS (I-X)",4,Graduate,6,None,0,0,0,0,0,1,0,3,0,0,0,0,0,1,0,0,0,0,5,0,5
2019-20,33,Tamilnadu,3309,NAMAKKAL,330910,TIRUCHENGODE,29,"Private Unaided (Recognized)",6,"SS (I-X)",4,Graduate,6,None,0,0,0,0,0,4,0,2,0,1,0,0,0,3,0,0,0,0,10,0,10
2019-20,33,Tamilnadu,3309,NAMAKKAL,330914,PARAMATHI,29,"Private Unaided (Recognized)",6,"SS (I-X)",4,Graduate,6,None,0,0,0,0,0,0,0,1,0,0,0,0,0,0,0,0,0,0,1,0,1
2019-20,33,Tamilnadu,3309,NAMAKKAL,330907,RASIPURAM,29,"Private Unaided (Recognized)",2,"UPS (I-VIII)",5,"Post graduate",1,"Diploma or certificate in basic teachers training of a duration not less than two years",0,0,0,0,0,2,0,0,0,2,0,0,0,0,0,0,0,0,4,0,4
2019-20,33,Tamilnadu,3309,NAMAKKAL,330901,NAMAKKAL,29,"Private Unaided (Recognized)",3,"HSS (I-XII)",5,"Post graduate",1,"Diploma or certificate in basic teachers training of a duration not less than two years",0,0,0,0,0,2,0,0,0,1,0,0,0,0,0,0,0,0,3,0,3
2019-20,33,Tamilnadu,3309,NAMAKKAL,330907,RASIPURAM,29,"Private Unaided (Recognized)",3,"HSS (I-XII)",5,"Post graduate",1,"Diploma or certificate in basic teachers training of a duration not less than two years",0,0,0,0,0,1,0,0,0,0,0,0,1,0,0,0,0,0,2,1,1
2019-20,33,Tamilnadu,3309,NAMAKKAL,330910,TIRUCHENGODE,29,"Private Unaided (Recognized)",3,"HSS (I-XII)",5,"Post graduate",1,"Diploma or certificate in basic teachers training of a duration not less than two years",0,0,0,0,0,3,0,0,0,0,0,0,0,1,0,0,0,0,4,0,4
2019-20,33,Tamilnadu,3309,NAMAKKAL,330912,MALLASAMUDRAM,29,"Private Unaided (Recognized)",3,"HSS (I-XII)",5,"Post graduate",1,"Diploma or certificate in basic teachers training of a duration not less than two years",0,0,0,1,0,0,0,0,0,0,0,0,0,0,0,0,0,0,1,0,1
2019-20,33,Tamilnadu,3309,NAMAKKAL,330914,PARAMATHI,29,"Private Unaided (Recognized)",3,"HSS (I-XII)",5,"Post graduate",1,"Diploma or certificate in basic teachers training of a duration not less than two years",0,0,0,0,0,1,0,0,0,0,0,0,0,0,0,0,0,0,1,0,1
2019-20,33,Tamilnadu,3309,NAMAKKAL,330901,NAMAKKAL,29,"Private Unaided (Recognized)",6,"SS (I-X)",5,"Post graduate",1,"Diploma or certificate in basic teachers training of a duration not less than two years",0,0,0,0,0,0,0,1,0,0,0,0,0,0,0,0,0,0,1,0,1
2019-20,33,Tamilnadu,3309,NAMAKKAL,330904,ERUMAPATTI,29,"Private Unaided (Recognized)",6,"SS (I-X)",5,"Post graduate",1,"Diploma or certificate in basic teachers training of a duration not less than two years",0,0,0,0,0,0,0,0,0,1,0,0,0,0,0,0,0,0,1,0,1
2019-20,33,Tamilnadu,3309,NAMAKKAL,330905,SENDAMANGALAM,29,"Private Unaided (Recognized)",6,"SS (I-X)",5,"Post graduate",1,"Diploma or certificate in basic teachers training of a duration not less than two years",0,0,0,0,0,1,0,0,0,0,0,0,0,0,0,0,0,0,1,0,1
2019-20,33,Tamilnadu,3309,NAMAKKAL,330906,PUDUCHATRAM,29,"Private Unaided (Recognized)",6,"SS (I-X)",5,"Post graduate",1,"Diploma or certificate in basic teachers training of a duration not less than two years",0,0,0,0,0,1,0,0,0,0,0,0,0,0,0,0,0,0,1,0,1
2019-20,33,Tamilnadu,3309,NAMAKKAL,330910,TIRUCHENGODE,29,"Private Unaided (Recognized)",6,"SS (I-X)",5,"Post graduate",1,"Diploma or certificate in basic teachers training of a duration not less than two years",0,0,0,0,0,1,0,0,0,0,0,0,0,0,0,0,0,0,1,0,1
2019-20,33,Tamilnadu,3309,NAMAKKAL,330903,MOHANUR,29,"Private Unaided (Recognized)",2,"UPS (I-VIII)",5,"Post graduate",3,"B.Ed. or equivalent",0,0,0,0,0,3,0,1,0,0,0,0,0,0,0,0,0,0,4,0,4
2019-20,33,Tamilnadu,3309,NAMAKKAL,330907,RASIPURAM,29,"Private Unaided (Recognized)",2,"UPS (I-VIII)",5,"Post graduate",3,"B.Ed. or equivalent",0,0,0,0,0,2,1,3,3,10,0,0,0,0,0,0,0,0,19,4,15
2019-20,33,Tamilnadu,3309,NAMAKKAL,330909,NAMAGIRIPET,29,"Private Unaided (Recognized)",2,"UPS (I-VIII)",5,"Post graduate",3,"B.Ed. or equivalent",0,0,0,0,0,0,0,0,0,3,0,0,0,0,0,0,0,0,3,0,3
2019-20,33,Tamilnadu,3309,NAMAKKAL,330901,NAMAKKAL,29,"Private Unaided (Recognized)",3,"HSS (I-XII)",5,"Post graduate",3,"B.Ed. or equivalent",0,2,0,0,0,21,1,23,5,14,5,3,13,24,9,3,7,7,137,40,97
2019-20,33,Tamilnadu,3309,NAMAKKAL,330906,PUDUCHATRAM,29,"Private Unaided (Recognized)",3,"HSS (I-XII)",5,"Post graduate",3,"B.Ed. or equivalent",0,0,0,0,0,1,1,4,0,0,1,0,1,1,2,2,1,1,15,6,9
2019-20,33,Tamilnadu,3309,NAMAKKAL,330907,RASIPURAM,29,"Private Unaided (Recognized)",3,"HSS (I-XII)",5,"Post graduate",3,"B.Ed. or equivalent",0,3,0,0,0,12,1,9,0,4,0,0,5,15,1,1,6,5,62,13,49
2019-20,33,Tamilnadu,3309,NAMAKKAL,330908,VENNANDUR,29,"Private Unaided (Recognized)",3,"HSS (I-XII)",5,"Post graduate",3,"B.Ed. or equivalent",0,0,0,0,0,1,1,0,0,0,0,2,1,0,1,2,0,0,8,3,5
2019-20,33,Tamilnadu,3309,NAMAKKAL,330910,TIRUCHENGODE,29,"Private Unaided (Recognized)",3,"HSS (I-XII)",5,"Post graduate",3,"B.Ed. or equivalent",0,0,0,0,1,4,0,2,0,2,0,1,1,2,0,2,1,1,17,3,14
2019-20,33,Tamilnadu,3309,NAMAKKAL,330911,PALLIPALAYAM,29,"Private Unaided (Recognized)",3,"HSS (I-XII)",5,"Post graduate",3,"B.Ed. or equivalent",0,0,0,0,0,7,3,13,1,5,0,3,3,8,2,2,4,1,52,13,39
2019-20,33,Tamilnadu,3309,NAMAKKAL,330912,MALLASAMUDRAM,29,"Private Unaided (Recognized)",3,"HSS (I-XII)",5,"Post graduate",3,"B.Ed. or equivalent",0,0,0,4,0,1,1,9,0,0,0,3,1,0,2,0,0,0,21,4,17
2019-20,33,Tamilnadu,3309,NAMAKKAL,330914,PARAMATHI,29,"Private Unaided (Recognized)",3,"HSS (I-XII)",5,"Post graduate",3,"B.Ed. or equivalent",0,1,0,0,5,11,0,0,2,6,0,0,3,7,0,0,3,1,39,13,26
2019-20,33,Tamilnadu,3309,NAMAKKAL,330915,KABILARMALAI,29,"Private Unaided (Recognized)",3,"HSS (I-XII)",5,"Post graduate",3,"B.Ed. or equivalent",0,0,0,0,0,2,0,0,0,0,0,0,0,1,0,0,0,0,3,0,3
2019-20,33,Tamilnadu,3309,NAMAKKAL,330901,NAMAKKAL,29,"Private Unaided (Recognized)",6,"SS (I-X)",5,"Post graduate",3,"B.Ed. or equivalent",0,0,0,0,0,7,1,1,0,5,0,0,1,13,0,0,0,0,28,2,26
2019-20,33,Tamilnadu,3309,NAMAKKAL,330903,MOHANUR,29,"Private Unaided (Recognized)",6,"SS (I-X)",5,"Post graduate",3,"B.Ed. or equivalent",0,0,0,0,0,4,0,0,0,4,0,0,1,3,0,0,0,0,12,1,11
2019-20,33,Tamilnadu,3309,NAMAKKAL,330904,ERUMAPATTI,29,"Private Unaided (Recognized)",6,"SS (I-X)",5,"Post graduate",3,"B.Ed. or equivalent",0,0,0,0,1,6,0,6,2,4,1,0,3,3,0,0,0,0,26,7,19
2019-20,33,Tamilnadu,3309,NAMAKKAL,330905,SENDAMANGALAM,29,"Private Unaided (Recognized)",6,"SS (I-X)",5,"Post graduate",3,"B.Ed. or equivalent",0,0,0,0,0,2,0,0,0,2,0,0,0,0,0,0,0,0,4,0,4
2019-20,33,Tamilnadu,3309,NAMAKKAL,330906,PUDUCHATRAM,29,"Private Unaided (Recognized)",6,"SS (I-X)",5,"Post graduate",3,"B.Ed. or equivalent",0,0,0,0,0,6,1,10,0,1,4,9,7,8,0,0,0,0,46,12,34
2019-20,33,Tamilnadu,3309,NAMAKKAL,330907,RASIPURAM,29,"Private Unaided (Recognized)",6,"SS (I-X)",5,"Post graduate",3,"B.Ed. or equivalent",0,0,0,0,0,0,0,0,0,0,0,0,0,2,0,0,0,0,2,0,2
2019-20,33,Tamilnadu,3309,NAMAKKAL,330909,NAMAGIRIPET,29,"Private Unaided (Recognized)",6,"SS (I-X)",5,"Post graduate",3,"B.Ed. or equivalent",0,0,0,0,0,2,0,0,0,0,0,0,2,1,0,0,0,0,5,2,3
2019-20,33,Tamilnadu,3309,NAMAKKAL,330910,TIRUCHENGODE,29,"Private Unaided (Recognized)",6,"SS (I-X)",5,"Post graduate",3,"B.Ed. or equivalent",0,0,0,0,1,15,0,7,1,8,0,2,1,12,0,0,0,0,47,3,44
2019-20,33,Tamilnadu,3309,NAMAKKAL,330911,PALLIPALAYAM,29,"Private Unaided (Recognized)",6,"SS (I-X)",5,"Post graduate",3,"B.Ed. or equivalent",0,0,0,0,0,0,0,2,0,1,1,0,1,2,0,0,0,0,7,2,5
2019-20,33,Tamilnadu,3309,NAMAKKAL,330912,MALLASAMUDRAM,29,"Private Unaided (Recognized)",6,"SS (I-X)",5,"Post graduate",3,"B.Ed. or equivalent",0,0,0,1,0,2,2,5,0,7,1,4,4,7,0,0,0,0,33,7,26
2019-20,33,Tamilnadu,3309,NAMAKKAL,330913,ELACHIPALAYAM,29,"Private Unaided (Recognized)",6,"SS (I-X)",5,"Post graduate",3,"B.Ed. or equivalent",0,0,0,0,0,3,0,0,0,0,0,0,5,3,0,0,0,0,11,5,6
2019-20,33,Tamilnadu,3309,NAMAKKAL,330914,PARAMATHI,29,"Private Unaided (Recognized)",6,"SS (I-X)",5,"Post graduate",3,"B.Ed. or equivalent",0,0,0,0,0,1,0,0,1,0,0,0,0,2,0,0,0,0,4,1,3
2019-20,33,Tamilnadu,3309,NAMAKKAL,330915,KABILARMALAI,29,"Private Unaided (Recognized)",6,"SS (I-X)",5,"Post graduate",3,"B.Ed. or equivalent",0,0,0,0,0,4,0,3,0,1,0,0,1,4,0,0,0,0,13,1,12
2019-20,33,Tamilnadu,3309,NAMAKKAL,330903,MOHANUR,29,"Private Unaided (Recognized)",2,"UPS (I-VIII)",5,"Post graduate",4,"M.Ed. or equivalent",0,0,0,0,0,0,0,0,1,0,0,0,0,0,0,0,0,0,1,1,0
2019-20,33,Tamilnadu,3309,NAMAKKAL,330907,RASIPURAM,29,"Private Unaided (Recognized)",2,"UPS (I-VIII)",5,"Post graduate",4,"M.Ed. or equivalent",0,0,0,0,0,1,0,0,0,1,0,0,0,0,0,0,0,0,2,0,2
2019-20,33,Tamilnadu,3309,NAMAKKAL,330909,NAMAGIRIPET,29,"Private Unaided (Recognized)",2,"UPS (I-VIII)",5,"Post graduate",4,"M.Ed. or equivalent",0,0,0,0,0,0,0,0,1,0,0,0,0,0,0,0,0,0,1,1,0
2019-20,33,Tamilnadu,3309,NAMAKKAL,330901,NAMAKKAL,29,"Private Unaided (Recognized)",3,"HSS (I-XII)",5,"Post graduate",4,"M.Ed. or equivalent",0,0,0,0,0,1,0,3,1,0,0,0,0,1,0,2,1,0,9,2,7
2019-20,33,Tamilnadu,3309,NAMAKKAL,330906,PUDUCHATRAM,29,"Private Unaided (Recognized)",3,"HSS (I-XII)",5,"Post graduate",4,"M.Ed. or equivalent",0,0,0,0,0,0,0,0,0,0,0,1,0,1,0,0,0,0,2,0,2
2019-20,33,Tamilnadu,3309,NAMAKKAL,330907,RASIPURAM,29,"Private Unaided (Recognized)",3,"HSS (I-XII)",5,"Post graduate",4,"M.Ed. or equivalent",0,0,0,0,0,0,1,0,0,0,0,0,0,0,0,0,0,1,2,1,1
2019-20,33,Tamilnadu,3309,NAMAKKAL,330908,VENNANDUR,29,"Private Unaided (Recognized)",3,"HSS (I-XII)",5,"Post graduate",4,"M.Ed. or equivalent",0,0,0,0,0,0,0,0,0,0,0,0,0,0,1,0,0,0,1,1,0
2019-20,33,Tamilnadu,3309,NAMAKKAL,330910,TIRUCHENGODE,29,"Private Unaided (Recognized)",3,"HSS (I-XII)",5,"Post graduate",4,"M.Ed. or equivalent",0,0,0,0,0,0,0,0,0,1,0,0,0,1,0,1,0,0,3,0,3
2019-20,33,Tamilnadu,3309,NAMAKKAL,330911,PALLIPALAYAM,29,"Private Unaided (Recognized)",3,"HSS (I-XII)",5,"Post graduate",4,"M.Ed. or equivalent",0,0,0,0,0,1,1,4,0,1,0,0,0,1,0,0,0,0,8,1,7
2019-20,33,Tamilnadu,3309,NAMAKKAL,330914,PARAMATHI,29,"Private Unaided (Recognized)",3,"HSS (I-XII)",5,"Post graduate",4,"M.Ed. or equivalent",0,0,0,0,0,0,0,0,0,0,0,0,1,0,0,0,2,0,3,3,0
2019-20,33,Tamilnadu,3309,NAMAKKAL,330915,KABILARMALAI,29,"Private Unaided (Recognized)",3,"HSS (I-XII)",5,"Post graduate",4,"M.Ed. or equivalent",0,0,0,0,0,0,0,0,0,0,1,0,0,0,1,0,0,0,2,2,0
2019-20,33,Tamilnadu,3309,NAMAKKAL,330901,NAMAKKAL,29,"Private Unaided (Recognized)",6,"SS (I-X)",5,"Post graduate",4,"M.Ed. or equivalent",0,0,0,0,0,0,0,1,0,0,0,0,1,1,0,0,0,0,3,1,2
2019-20,33,Tamilnadu,3309,NAMAKKAL,330903,MOHANUR,29,"Private Unaided (Recognized)",6,"SS (I-X)",5,"Post graduate",4,"M.Ed. or equivalent",0,0,0,0,0,0,0,0,0,0,0,0,0,2,0,0,0,0,2,0,2
2019-20,33,Tamilnadu,3309,NAMAKKAL,330904,ERUMAPATTI,29,"Private Unaided (Recognized)",6,"SS (I-X)",5,"Post graduate",4,"M.Ed. or equivalent",0,0,0,0,0,1,0,1,0,0,0,0,0,0,0,0,0,0,2,0,2
2019-20,33,Tamilnadu,3309,NAMAKKAL,330906,PUDUCHATRAM,29,"Private Unaided (Recognized)",6,"SS (I-X)",5,"Post graduate",4,"M.Ed. or equivalent",0,0,0,0,0,1,1,0,0,0,1,0,4,1,0,0,0,0,8,6,2
2019-20,33,Tamilnadu,3309,NAMAKKAL,330910,TIRUCHENGODE,29,"Private Unaided (Recognized)",6,"SS (I-X)",5,"Post graduate",4,"M.Ed. or equivalent",0,0,0,0,0,0,0,0,0,0,0,1,1,1,0,0,0,0,3,1,2
2019-20,33,Tamilnadu,3309,NAMAKKAL,330911,PALLIPALAYAM,29,"Private Unaided (Recognized)",6,"SS (I-X)",5,"Post graduate",4,"M.Ed. or equivalent",0,0,0,0,0,0,0,1,0,0,0,0,0,0,0,0,0,0,1,0,1
2019-20,33,Tamilnadu,3309,NAMAKKAL,330912,MALLASAMUDRAM,29,"Private Unaided (Recognized)",6,"SS (I-X)",5,"Post graduate",4,"M.Ed. or equivalent",0,0,0,0,0,0,0,0,0,1,0,0,0,0,0,0,0,0,1,0,1
2019-20,33,Tamilnadu,3309,NAMAKKAL,330914,PARAMATHI,29,"Private Unaided (Recognized)",6,"SS (I-X)",5,"Post graduate",4,"M.Ed. or equivalent",0,0,0,0,0,0,0,0,1,0,0,0,0,0,0,0,0,0,1,1,0
2019-20,33,Tamilnadu,3309,NAMAKKAL,330903,MOHANUR,29,"Private Unaided (Recognized)",2,"UPS (I-VIII)",5,"Post graduate",5,Others,0,0,0,0,0,1,0,0,0,0,0,0,0,0,0,0,0,0,1,0,1
2019-20,33,Tamilnadu,3309,NAMAKKAL,330907,RASIPURAM,29,"Private Unaided (Recognized)",2,"UPS (I-VIII)",5,"Post graduate",5,Others,0,0,0,0,0,2,0,0,2,1,0,0,0,0,0,0,0,0,5,2,3
2019-20,33,Tamilnadu,3309,NAMAKKAL,330901,NAMAKKAL,29,"Private Unaided (Recognized)",3,"HSS (I-XII)",5,"Post graduate",5,Others,0,0,0,0,0,2,0,2,0,1,0,1,0,3,2,1,0,0,12,2,10
2019-20,33,Tamilnadu,3309,NAMAKKAL,330906,PUDUCHATRAM,29,"Private Unaided (Recognized)",3,"HSS (I-XII)",5,"Post graduate",5,Others,0,0,0,0,0,1,0,1,0,1,2,3,1,0,0,0,1,0,10,4,6
2019-20,33,Tamilnadu,3309,NAMAKKAL,330907,RASIPURAM,29,"Private Unaided (Recognized)",3,"HSS (I-XII)",5,"Post graduate",5,Others,0,1,0,0,0,2,0,0,0,0,0,1,0,3,0,0,0,0,7,0,7
2019-20,33,Tamilnadu,3309,NAMAKKAL,330908,VENNANDUR,29,"Private Unaided (Recognized)",3,"HSS (I-XII)",5,"Post graduate",5,Others,0,0,0,0,0,1,0,0,0,0,0,0,0,0,0,0,0,0,1,0,1
2019-20,33,Tamilnadu,3309,NAMAKKAL,330910,TIRUCHENGODE,29,"Private Unaided (Recognized)",3,"HSS (I-XII)",5,"Post graduate",5,Others,0,0,0,0,0,2,0,1,0,0,0,1,0,0,0,0,0,0,4,0,4
2019-20,33,Tamilnadu,3309,NAMAKKAL,330911,PALLIPALAYAM,29,"Private Unaided (Recognized)",3,"HSS (I-XII)",5,"Post graduate",5,Others,0,0,0,0,0,1,2,8,0,0,0,0,0,0,0,0,0,0,11,2,9
2019-20,33,Tamilnadu,3309,NAMAKKAL,330912,MALLASAMUDRAM,29,"Private Unaided (Recognized)",3,"HSS (I-XII)",5,"Post graduate",5,Others,0,0,0,0,0,0,0,0,0,0,0,2,0,0,0,0,0,0,2,0,2
2019-20,33,Tamilnadu,3309,NAMAKKAL,330914,PARAMATHI,29,"Private Unaided (Recognized)",3,"HSS (I-XII)",5,"Post graduate",5,Others,0,0,0,0,0,0,0,0,0,0,0,0,0,0,0,0,0,1,1,0,1
2019-20,33,Tamilnadu,3309,NAMAKKAL,330901,NAMAKKAL,29,"Private Unaided (Recognized)",6,"SS (I-X)",5,"Post graduate",5,Others,0,0,0,0,0,0,0,1,0,0,0,1,0,4,0,0,0,0,6,0,6
2019-20,33,Tamilnadu,3309,NAMAKKAL,330910,TIRUCHENGODE,29,"Private Unaided (Recognized)",6,"SS (I-X)",5,"Post graduate",5,Others,0,0,0,0,0,4,0,0,0,0,0,0,0,1,0,0,0,0,5,0,5
2019-20,33,Tamilnadu,3309,NAMAKKAL,330911,PALLIPALAYAM,29,"Private Unaided (Recognized)",6,"SS (I-X)",5,"Post graduate",5,Others,0,0,0,0,0,0,0,0,0,1,0,0,0,0,0,0,0,0,1,0,1
2019-20,33,Tamilnadu,3309,NAMAKKAL,330912,MALLASAMUDRAM,29,"Private Unaided (Recognized)",6,"SS (I-X)",5,"Post graduate",5,Others,0,0,0,1,0,0,0,0,0,0,0,0,0,0,0,0,0,0,1,0,1
2019-20,33,Tamilnadu,3309,NAMAKKAL,330907,RASIPURAM,29,"Private Unaided (Recognized)",2,"UPS (I-VIII)",5,"Post graduate",6,None,0,0,0,0,0,1,2,0,2,0,0,0,0,0,0,0,0,0,5,4,1
2019-20,33,Tamilnadu,3309,NAMAKKAL,330901,NAMAKKAL,29,"Private Unaided (Recognized)",3,"HSS (I-XII)",5,"Post graduate",6,None,0,0,0,0,1,13,1,2,1,2,0,0,0,3,0,0,2,0,25,5,20
2019-20,33,Tamilnadu,3309,NAMAKKAL,330906,PUDUCHATRAM,29,"Private Unaided (Recognized)",3,"HSS (I-XII)",5,"Post graduate",6,None,0,1,0,0,0,0,0,0,0,0,0,4,0,1,0,0,1,0,7,1,6
2019-20,33,Tamilnadu,3309,NAMAKKAL,330907,RASIPURAM,29,"Private Unaided (Recognized)",3,"HSS (I-XII)",5,"Post graduate",6,None,0,2,0,0,0,0,0,0,0,0,0,0,0,1,0,0,1,1,5,1,4
2019-20,33,Tamilnadu,3309,NAMAKKAL,330908,VENNANDUR,29,"Private Unaided (Recognized)",3,"HSS (I-XII)",5,"Post graduate",6,None,0,0,0,0,0,0,1,0,0,0,1,0,0,0,0,0,0,0,2,2,0
2019-20,33,Tamilnadu,3309,NAMAKKAL,330911,PALLIPALAYAM,29,"Private Unaided (Recognized)",3,"HSS (I-XII)",5,"Post graduate",6,None,0,0,0,0,0,1,3,1,1,2,0,0,2,0,1,0,1,0,12,8,4
2019-20,33,Tamilnadu,3309,NAMAKKAL,330915,KABILARMALAI,29,"Private Unaided (Recognized)",3,"HSS (I-XII)",5,"Post graduate",6,None,0,0,0,0,0,1,0,0,0,0,0,1,0,0,0,0,0,0,2,0,2
2019-20,33,Tamilnadu,3309,NAMAKKAL,330901,NAMAKKAL,29,"Private Unaided (Recognized)",6,"SS (I-X)",5,"Post graduate",6,None,0,0,0,0,0,0,0,2,0,0,1,0,1,1,0,0,0,0,5,2,3
2019-20,33,Tamilnadu,3309,NAMAKKAL,330904,ERUMAPATTI,29,"Private Unaided (Recognized)",6,"SS (I-X)",5,"Post graduate",6,None,0,0,0,0,0,0,0,0,0,0,0,0,0,2,0,0,0,0,2,0,2
2019-20,33,Tamilnadu,3309,NAMAKKAL,330905,SENDAMANGALAM,29,"Private Unaided (Recognized)",6,"SS (I-X)",5,"Post graduate",6,None,0,0,0,0,0,1,0,0,0,0,0,0,0,0,0,0,0,0,1,0,1
2019-20,33,Tamilnadu,3309,NAMAKKAL,330906,PUDUCHATRAM,29,"Private Unaided (Recognized)",6,"SS (I-X)",5,"Post graduate",6,None,0,0,0,0,0,1,0,0,0,0,1,0,0,0,0,0,0,0,2,1,1
2019-20,33,Tamilnadu,3309,NAMAKKAL,330907,RASIPURAM,29,"Private Unaided (Recognized)",6,"SS (I-X)",5,"Post graduate",6,None,0,0,0,0,0,0,0,0,0,1,0,0,0,0,0,0,0,0,1,0,1
2019-20,33,Tamilnadu,3309,NAMAKKAL,330909,NAMAGIRIPET,29,"Private Unaided (Recognized)",6,"SS (I-X)",5,"Post graduate",6,None,0,0,0,0,0,0,0,0,0,0,0,0,0,1,0,0,0,0,1,0,1
2019-20,33,Tamilnadu,3309,NAMAKKAL,330910,TIRUCHENGODE,29,"Private Unaided (Recognized)",6,"SS (I-X)",5,"Post graduate",6,None,0,0,0,0,0,1,1,0,0,2,0,1,0,1,0,0,0,0,6,1,5
2019-20,33,Tamilnadu,3309,NAMAKKAL,330911,PALLIPALAYAM,29,"Private Unaided (Recognized)",6,"SS (I-X)",5,"Post graduate",6,None,0,0,0,0,0,0,0,0,0,0,0,1,0,0,0,0,0,0,1,0,1
2019-20,33,Tamilnadu,3309,NAMAKKAL,330912,MALLASAMUDRAM,29,"Private Unaided (Recognized)",6,"SS (I-X)",5,"Post graduate",6,None,0,0,0,0,0,1,0,0,0,0,0,0,0,1,0,0,0,0,2,0,2
2019-20,33,Tamilnadu,3309,NAMAKKAL,330907,RASIPURAM,29,"Private Unaided (Recognized)",2,"UPS (I-VIII)",6,M.Phil,3,"B.Ed. or equivalent",0,0,0,0,0,1,0,0,0,1,0,0,0,0,0,0,0,0,2,0,2
2019-20,33,Tamilnadu,3309,NAMAKKAL,330909,NAMAGIRIPET,29,"Private Unaided (Recognized)",2,"UPS (I-VIII)",6,M.Phil,3,"B.Ed. or equivalent",0,0,0,0,0,0,0,0,0,1,0,0,0,0,0,0,0,0,1,0,1
2019-20,33,Tamilnadu,3309,NAMAKKAL,330901,NAMAKKAL,29,"Private Unaided (Recognized)",3,"HSS (I-XII)",6,M.Phil,3,"B.Ed. or equivalent",0,0,0,0,0,2,1,2,1,0,0,2,2,1,1,1,3,1,17,8,9
2019-20,33,Tamilnadu,3309,NAMAKKAL,330906,PUDUCHATRAM,29,"Private Unaided (Recognized)",3,"HSS (I-XII)",6,M.Phil,3,"B.Ed. or equivalent",0,0,0,0,0,1,0,0,0,0,2,0,0,1,0,0,1,0,5,3,2
2019-20,33,Tamilnadu,3309,NAMAKKAL,330907,RASIPURAM,29,"Private Unaided (Recognized)",3,"HSS (I-XII)",6,M.Phil,3,"B.Ed. or equivalent",0,0,0,0,0,2,0,0,0,0,0,0,0,4,0,1,0,2,9,0,9
2019-20,33,Tamilnadu,3309,NAMAKKAL,330908,VENNANDUR,29,"Private Unaided (Recognized)",3,"HSS (I-XII)",6,M.Phil,3,"B.Ed. or equivalent",0,0,0,0,0,0,0,0,0,0,0,0,0,0,0,1,0,0,1,0,1
2019-20,33,Tamilnadu,3309,NAMAKKAL,330910,TIRUCHENGODE,29,"Private Unaided (Recognized)",3,"HSS (I-XII)",6,M.Phil,3,"B.Ed. or equivalent",0,0,0,0,0,0,0,0,0,0,1,0,0,1,0,0,0,1,3,1,2
2019-20,33,Tamilnadu,3309,NAMAKKAL,330911,PALLIPALAYAM,29,"Private Unaided (Recognized)",3,"HSS (I-XII)",6,M.Phil,3,"B.Ed. or equivalent",0,0,0,0,0,0,0,3,0,0,0,0,0,1,2,0,1,0,7,3,4
2019-20,33,Tamilnadu,3309,NAMAKKAL,330912,MALLASAMUDRAM,29,"Private Unaided (Recognized)",3,"HSS (I-XII)",6,M.Phil,3,"B.Ed. or equivalent",0,0,0,0,0,0,0,1,0,0,0,0,0,0,0,0,0,0,1,0,1
2019-20,33,Tamilnadu,3309,NAMAKKAL,330915,KABILARMALAI,29,"Private Unaided (Recognized)",3,"HSS (I-XII)",6,M.Phil,3,"B.Ed. or equivalent",0,0,0,0,0,0,0,0,0,0,0,0,0,0,0,3,1,0,4,1,3
2019-20,33,Tamilnadu,3309,NAMAKKAL,330901,NAMAKKAL,29,"Private Unaided (Recognized)",6,"SS (I-X)",6,M.Phil,3,"B.Ed. or equivalent",0,0,0,0,0,0,0,0,0,0,0,0,3,7,0,0,0,0,10,3,7
2019-20,33,Tamilnadu,3309,NAMAKKAL,330904,ERUMAPATTI,29,"Private Unaided (Recognized)",6,"SS (I-X)",6,M.Phil,3,"B.Ed. or equivalent",0,0,0,0,0,0,0,1,0,0,0,0,0,0,0,0,0,0,1,0,1
2019-20,33,Tamilnadu,3309,NAMAKKAL,330906,PUDUCHATRAM,29,"Private Unaided (Recognized)",6,"SS (I-X)",6,M.Phil,3,"B.Ed. or equivalent",0,0,0,0,0,0,0,2,0,0,0,2,0,0,0,0,0,0,4,0,4
2019-20,33,Tamilnadu,3309,NAMAKKAL,330907,RASIPURAM,29,"Private Unaided (Recognized)",6,"SS (I-X)",6,M.Phil,3,"B.Ed. or equivalent",0,0,0,0,0,0,0,0,0,0,0,0,0,1,0,0,0,0,1,0,1
2019-20,33,Tamilnadu,3309,NAMAKKAL,330909,NAMAGIRIPET,29,"Private Unaided (Recognized)",6,"SS (I-X)",6,M.Phil,3,"B.Ed. or equivalent",0,0,0,0,0,0,0,0,0,0,0,0,1,0,0,0,0,0,1,1,0
2019-20,33,Tamilnadu,3309,NAMAKKAL,330910,TIRUCHENGODE,29,"Private Unaided (Recognized)",6,"SS (I-X)",6,M.Phil,3,"B.Ed. or equivalent",0,0,0,0,0,3,1,1,0,1,0,1,0,2,0,0,0,0,9,1,8
2019-20,33,Tamilnadu,3309,NAMAKKAL,330912,MALLASAMUDRAM,29,"Private Unaided (Recognized)",6,"SS (I-X)",6,M.Phil,3,"B.Ed. or equivalent",0,0,0,0,0,0,0,0,0,0,1,0,0,1,0,0,0,0,2,1,1
2019-20,33,Tamilnadu,3309,NAMAKKAL,330913,ELACHIPALAYAM,29,"Private Unaided (Recognized)",6,"SS (I-X)",6,M.Phil,3,"B.Ed. or equivalent",0,0,0,0,0,0,0,0,0,0,0,0,2,0,0,0,0,0,2,2,0
2019-20,33,Tamilnadu,3309,NAMAKKAL,330914,PARAMATHI,29,"Private Unaided (Recognized)",6,"SS (I-X)",6,M.Phil,3,"B.Ed. or equivalent",0,0,0,0,0,0,0,1,0,0,0,0,0,0,0,0,0,0,1,0,1
2019-20,33,Tamilnadu,3309,NAMAKKAL,330915,KABILARMALAI,29,"Private Unaided (Recognized)",6,"SS (I-X)",6,M.Phil,3,"B.Ed. or equivalent",0,0,0,0,0,0,0,0,0,1,0,0,0,0,0,0,0,0,1,0,1
2019-20,33,Tamilnadu,3309,NAMAKKAL,330907,RASIPURAM,29,"Private Unaided (Recognized)",2,"UPS (I-VIII)",6,M.Phil,4,"M.Ed. or equivalent",0,0,0,0,0,0,0,0,0,1,0,0,0,0,0,0,0,0,1,0,1
2019-20,33,Tamilnadu,3309,NAMAKKAL,330901,NAMAKKAL,29,"Private Unaided (Recognized)",3,"HSS (I-XII)",6,M.Phil,4,"M.Ed. or equivalent",0,0,0,0,0,0,0,1,0,0,0,0,2,1,0,1,0,0,5,2,3
2019-20,33,Tamilnadu,3309,NAMAKKAL,330907,RASIPURAM,29,"Private Unaided (Recognized)",3,"HSS (I-XII)",6,M.Phil,4,"M.Ed. or equivalent",0,0,0,0,0,0,0,0,0,0,0,0,0,0,1,0,1,0,2,2,0
2019-20,33,Tamilnadu,3309,NAMAKKAL,330908,VENNANDUR,29,"Private Unaided (Recognized)",3,"HSS (I-XII)",6,M.Phil,4,"M.Ed. or equivalent",0,0,0,0,0,0,0,0,0,0,1,0,0,0,0,0,0,0,1,1,0
2019-20,33,Tamilnadu,3309,NAMAKKAL,330910,TIRUCHENGODE,29,"Private Unaided (Recognized)",3,"HSS (I-XII)",6,M.Phil,4,"M.Ed. or equivalent",0,0,0,0,0,0,0,0,0,0,0,0,0,1,0,0,0,0,1,0,1
2019-20,33,Tamilnadu,3309,NAMAKKAL,330915,KABILARMALAI,29,"Private Unaided (Recognized)",3,"HSS (I-XII)",6,M.Phil,4,"M.Ed. or equivalent",0,0,0,0,0,0,0,0,0,0,0,0,0,0,0,1,0,0,1,0,1
2019-20,33,Tamilnadu,3309,NAMAKKAL,330901,NAMAKKAL,29,"Private Unaided (Recognized)",6,"SS (I-X)",6,M.Phil,4,"M.Ed. or equivalent",0,0,0,0,0,0,0,0,0,0,0,0,1,0,0,0,0,0,1,1,0
2019-20,33,Tamilnadu,3309,NAMAKKAL,330905,SENDAMANGALAM,29,"Private Unaided (Recognized)",6,"SS (I-X)",6,M.Phil,4,"M.Ed. or equivalent",0,0,0,0,0,0,0,0,0,1,0,0,0,0,0,0,0,0,1,0,1
2019-20,33,Tamilnadu,3309,NAMAKKAL,330906,PUDUCHATRAM,29,"Private Unaided (Recognized)",6,"SS (I-X)",6,M.Phil,4,"M.Ed. or equivalent",0,0,0,0,0,0,0,2,0,0,0,0,0,1,0,0,0,0,3,0,3
2019-20,33,Tamilnadu,3309,NAMAKKAL,330912,MALLASAMUDRAM,29,"Private Unaided (Recognized)",6,"SS (I-X)",6,M.Phil,4,"M.Ed. or equivalent",0,0,0,0,0,0,0,0,0,0,0,0,1,0,0,0,0,0,1,1,0
2019-20,33,Tamilnadu,3309,NAMAKKAL,330913,ELACHIPALAYAM,29,"Private Unaided (Recognized)",6,"SS (I-X)",6,M.Phil,4,"M.Ed. or equivalent",0,0,0,0,0,0,0,0,0,0,0,0,0,1,0,0,0,0,1,0,1
2019-20,33,Tamilnadu,3309,NAMAKKAL,330915,KABILARMALAI,29,"Private Unaided (Recognized)",6,"SS (I-X)",6,M.Phil,4,"M.Ed. or equivalent",0,0,0,0,0,0,0,1,1,0,0,0,0,0,0,0,0,0,2,1,1
2019-20,33,Tamilnadu,3309,NAMAKKAL,330907,RASIPURAM,29,"Private Unaided (Recognized)",2,"UPS (I-VIII)",6,M.Phil,5,Others,0,0,0,0,0,1,0,0,0,1,0,0,0,0,0,0,0,0,2,0,2
2019-20,33,Tamilnadu,3309,NAMAKKAL,330901,NAMAKKAL,29,"Private Unaided (Recognized)",3,"HSS (I-XII)",6,M.Phil,5,Others,0,0,0,0,0,0,0,0,0,0,0,1,0,0,0,0,0,0,1,0,1
2019-20,33,Tamilnadu,3309,NAMAKKAL,330906,PUDUCHATRAM,29,"Private Unaided (Recognized)",3,"HSS (I-XII)",6,M.Phil,5,Others,0,0,0,0,0,0,0,1,0,0,0,0,0,0,0,0,1,0,2,1,1
2019-20,33,Tamilnadu,3309,NAMAKKAL,330907,RASIPURAM,29,"Private Unaided (Recognized)",3,"HSS (I-XII)",6,M.Phil,5,Others,0,0,0,0,0,0,0,0,0,1,0,0,0,0,0,0,0,0,1,0,1
2019-20,33,Tamilnadu,3309,NAMAKKAL,330908,VENNANDUR,29,"Private Unaided (Recognized)",3,"HSS (I-XII)",6,M.Phil,5,Others,0,0,0,0,0,1,0,0,0,0,0,0,0,0,0,0,0,0,1,0,1
2019-20,33,Tamilnadu,3309,NAMAKKAL,330910,TIRUCHENGODE,29,"Private Unaided (Recognized)",6,"SS (I-X)",6,M.Phil,5,Others,0,0,0,0,0,2,0,0,0,0,0,0,0,0,0,0,0,0,2,0,2
2019-20,33,Tamilnadu,3309,NAMAKKAL,330914,PARAMATHI,29,"Private Unaided (Recognized)",6,"SS (I-X)",6,M.Phil,5,Others,0,0,0,0,0,0,0,0,0,0,0,1,0,0,0,0,0,0,1,0,1
2019-20,33,Tamilnadu,3309,NAMAKKAL,330907,RASIPURAM,29,"Private Unaided (Recognized)",2,"UPS (I-VIII)",6,M.Phil,6,None,0,0,0,0,0,1,0,0,0,0,0,0,0,0,0,0,0,0,1,0,1
2019-20,33,Tamilnadu,3309,NAMAKKAL,330901,NAMAKKAL,29,"Private Unaided (Recognized)",3,"HSS (I-XII)",6,M.Phil,6,None,0,0,0,0,0,0,1,0,1,1,0,0,0,0,0,0,0,0,3,2,1
2019-20,33,Tamilnadu,3309,NAMAKKAL,330906,PUDUCHATRAM,29,"Private Unaided (Recognized)",3,"HSS (I-XII)",6,M.Phil,6,None,0,0,0,0,0,1,0,0,0,1,0,0,0,0,0,0,0,0,2,0,2
2019-20,33,Tamilnadu,3309,NAMAKKAL,330908,VENNANDUR,29,"Private Unaided (Recognized)",3,"HSS (I-XII)",6,M.Phil,6,None,0,0,0,0,0,0,0,0,0,0,0,0,0,0,0,0,0,1,1,0,1
2019-20,33,Tamilnadu,3309,NAMAKKAL,330910,TIRUCHENGODE,29,"Private Unaided (Recognized)",3,"HSS (I-XII)",6,M.Phil,6,None,0,0,0,0,0,1,0,0,0,0,0,0,0,0,0,0,0,0,1,0,1
2019-20,33,Tamilnadu,3309,NAMAKKAL,330911,PALLIPALAYAM,29,"Private Unaided (Recognized)",3,"HSS (I-XII)",6,M.Phil,6,None,0,0,0,0,0,2,1,1,0,3,0,0,1,0,0,0,1,1,10,3,7
2019-20,33,Tamilnadu,3309,NAMAKKAL,330915,KABILARMALAI,29,"Private Unaided (Recognized)",3,"HSS (I-XII)",6,M.Phil,6,None,0,0,0,0,0,0,0,0,0,0,0,0,0,0,0,1,0,0,1,0,1
2019-20,33,Tamilnadu,3309,NAMAKKAL,330901,NAMAKKAL,29,"Private Unaided (Recognized)",6,"SS (I-X)",6,M.Phil,6,None,0,0,0,0,0,0,0,1,0,0,0,0,0,0,0,0,0,0,1,0,1
2019-20,33,Tamilnadu,3309,NAMAKKAL,330904,ERUMAPATTI,29,"Private Unaided (Recognized)",6,"SS (I-X)",6,M.Phil,6,None,0,0,0,0,0,1,0,0,0,0,0,0,0,0,0,0,0,0,1,0,1
2019-20,33,Tamilnadu,3309,NAMAKKAL,330906,PUDUCHATRAM,29,"Private Unaided (Recognized)",6,"SS (I-X)",6,M.Phil,6,None,0,0,0,0,0,0,0,1,0,0,0,0,0,0,0,0,0,0,1,0,1
2019-20,33,Tamilnadu,3309,NAMAKKAL,330909,NAMAGIRIPET,29,"Private Unaided (Recognized)",6,"SS (I-X)",6,M.Phil,6,None,0,0,0,0,0,0,0,0,0,0,0,0,0,1,0,0,0,0,1,0,1
2019-20,33,Tamilnadu,3309,NAMAKKAL,330910,TIRUCHENGODE,29,"Private Unaided (Recognized)",6,"SS (I-X)",6,M.Phil,6,None,0,0,0,0,0,3,0,0,0,0,0,0,0,0,0,0,0,0,3,0,3
2019-20,33,Tamilnadu,3309,NAMAKKAL,330911,PALLIPALAYAM,29,"Private Unaided (Recognized)",3,"HSS (I-XII)",7,Ph.D,1,"Diploma or certificate in basic teachers training of a duration not less than two years",0,0,0,0,0,0,1,0,0,0,0,0,0,0,0,0,0,0,1,1,0
2019-20,33,Tamilnadu,3309,NAMAKKAL,330901,NAMAKKAL,29,"Private Unaided (Recognized)",3,"HSS (I-XII)",7,Ph.D,3,"B.Ed. or equivalent",0,0,0,0,0,0,0,0,0,0,0,2,0,0,0,0,0,0,2,0,2
2019-20,33,Tamilnadu,3309,NAMAKKAL,330906,PUDUCHATRAM,29,"Private Unaided (Recognized)",3,"HSS (I-XII)",7,Ph.D,3,"B.Ed. or equivalent",0,0,0,0,0,0,0,0,0,0,0,0,0,0,1,0,0,0,1,1,0
2019-20,33,Tamilnadu,3309,NAMAKKAL,330907,RASIPURAM,29,"Private Unaided (Recognized)",3,"HSS (I-XII)",7,Ph.D,3,"B.Ed. or equivalent",0,0,0,0,0,0,0,1,0,0,0,0,0,0,0,1,0,0,2,0,2
2019-20,33,Tamilnadu,3309,NAMAKKAL,330901,NAMAKKAL,29,"Private Unaided (Recognized)",3,"HSS (I-XII)",7,Ph.D,4,"M.Ed. or equivalent",0,0,0,0,0,0,0,1,0,0,0,0,0,0,0,0,0,0,1,0,1
2019-20,33,Tamilnadu,3309,NAMAKKAL,330910,TIRUCHENGODE,29,"Private Unaided (Recognized)",6,"SS (I-X)",7,Ph.D,5,Others,0,0,0,0,0,0,0,0,0,0,0,0,0,1,0,0,0,0,1,0,1
2019-20,33,Tamilnadu,3309,NAMAKKAL,330915,KABILARMALAI,29,"Private Unaided (Recognized)",6,"SS (I-X)",7,Ph.D,5,Others,0,0,0,0,0,0,0,0,1,0,0,0,0,0,0,0,0,0,1,1,0
2019-20,33,Tamilnadu,3309,NAMAKKAL,330901,NAMAKKAL,29,"Private Unaided (Recognized)",3,"HSS (I-XII)",8,"Post Doctoral",3,"B.Ed. or equivalent",0,0,0,0,0,0,0,0,0,0,0,0,0,0,0,0,0,1,1,0,1
2019-20,33,Tamilnadu,3309,NAMAKKAL,330901,NAMAKKAL,29,"Private Unaided (Recognized)",3,"HSS (I-XII)",8,"Post Doctoral",4,"M.Ed. or equivalent",0,0,0,0,0,0,0,0,0,0,0,1,0,0,0,0,0,0,1,0,1
2019-20,33,Tamilnadu,3309,NAMAKKAL,330911,PALLIPALAYAM,21,"Social welfare Department",3,"HSS (I-XII)",4,Graduate,1,"Diploma or certificate in basic teachers training of a duration not less than two years",0,0,0,0,0,0,0,0,2,0,0,0,0,0,0,0,0,0,2,2,0
2019-20,33,Tamilnadu,3309,NAMAKKAL,330911,PALLIPALAYAM,21,"Social welfare Department",3,"HSS (I-XII)",4,Graduate,3,"B.Ed. or equivalent",0,0,0,0,0,0,0,0,0,0,0,0,0,1,1,1,0,0,3,1,2
2019-20,33,Tamilnadu,3309,NAMAKKAL,330911,PALLIPALAYAM,21,"Social welfare Department",3,"HSS (I-XII)",4,Graduate,4,"M.Ed. or equivalent",0,0,0,0,0,0,0,0,0,0,0,0,0,0,0,0,1,0,1,1,0
2019-20,33,Tamilnadu,3309,NAMAKKAL,330911,PALLIPALAYAM,21,"Social welfare Department",3,"HSS (I-XII)",5,"Post graduate",1,"Diploma or certificate in basic teachers training of a duration not less than two years",0,0,0,0,0,0,0,0,0,0,0,0,0,0,1,0,0,0,1,1,0
2019-20,33,Tamilnadu,3309,NAMAKKAL,330911,PALLIPALAYAM,21,"Social welfare Department",3,"HSS (I-XII)",5,"Post graduate",3,"B.Ed. or equivalent",0,0,0,0,0,0,0,0,0,0,0,0,0,0,1,1,0,0,2,1,1
2019-20,33,Tamilnadu,3309,NAMAKKAL,330911,PALLIPALAYAM,21,"Social welfare Department",3,"HSS (I-XII)",6,M.Phil,3,"B.Ed. or equivalent",0,0,0,0,0,0,0,0,0,0,0,0,1,0,0,0,0,0,1,1,0
2019-20,33,Tamilnadu,3309,NAMAKKAL,330906,PUDUCHATRAM,4,"Tribal Welfare Department",1,"PS (I-V)",1,"Below Secondary",1,"Diploma or certificate in basic teachers training of a duration not less than two years",0,0,0,0,0,2,0,0,0,0,0,0,0,0,0,0,0,0,2,0,2
2019-20,33,Tamilnadu,3309,NAMAKKAL,330906,PUDUCHATRAM,4,"Tribal Welfare Department",5,"HSS (VI-XII)",1,"Below Secondary",6,None,0,0,0,0,0,0,0,0,1,0,0,1,0,0,0,0,0,0,2,1,1
2019-20,33,Tamilnadu,3309,NAMAKKAL,330906,PUDUCHATRAM,4,"Tribal Welfare Department",1,"PS (I-V)",3,"Higher secondary",1,"Diploma or certificate in basic teachers training of a duration not less than two years",0,0,0,0,0,1,0,0,0,0,0,0,0,0,0,0,0,0,1,0,1
2019-20,33,Tamilnadu,3309,NAMAKKAL,330906,PUDUCHATRAM,4,"Tribal Welfare Department",5,"HSS (VI-XII)",3,"Higher secondary",3,"B.Ed. or equivalent",0,0,0,0,0,0,0,0,0,0,0,0,1,0,0,0,0,0,1,1,0
2019-20,33,Tamilnadu,3309,NAMAKKAL,330906,PUDUCHATRAM,4,"Tribal Welfare Department",5,"HSS (VI-XII)",3,"Higher secondary",6,None,0,0,0,0,0,0,0,0,0,1,0,0,0,0,0,0,0,0,1,0,1
2019-20,33,Tamilnadu,3309,NAMAKKAL,330904,ERUMAPATTI,4,"Tribal Welfare Department",1,"PS (I-V)",4,Graduate,1,"Diploma or certificate in basic teachers training of a duration not less than two years",0,0,0,0,0,1,0,0,0,0,0,0,0,0,0,0,0,0,1,0,1
2019-20,33,Tamilnadu,3309,NAMAKKAL,330906,PUDUCHATRAM,4,"Tribal Welfare Department",1,"PS (I-V)",4,Graduate,1,"Diploma or certificate in basic teachers training of a duration not less than two years",0,0,0,0,0,1,0,0,0,0,0,0,0,0,0,0,0,0,1,0,1
2019-20,33,Tamilnadu,3309,NAMAKKAL,330906,PUDUCHATRAM,4,"Tribal Welfare Department",5,"HSS (VI-XII)",4,Graduate,3,"B.Ed. or equivalent",0,0,0,0,0,0,0,0,1,0,1,1,0,1,0,0,0,0,4,2,2
2019-20,33,Tamilnadu,3309,NAMAKKAL,330904,ERUMAPATTI,4,"Tribal Welfare Department",1,"PS (I-V)",5,"Post graduate",1,"Diploma or certificate in basic teachers training of a duration not less than two years",0,0,0,0,1,0,0,0,0,0,0,0,0,0,0,0,0,0,1,1,0
2019-20,33,Tamilnadu,3309,NAMAKKAL,330906,PUDUCHATRAM,4,"Tribal Welfare Department",1,"PS (I-V)",5,"Post graduate",1,"Diploma or certificate in basic teachers training of a duration not less than two years",0,0,0,0,1,0,0,0,0,0,0,0,0,0,0,0,0,0,1,1,0
2019-20,33,Tamilnadu,3309,NAMAKKAL,330906,PUDUCHATRAM,4,"Tribal Welfare Department",1,"PS (I-V)",5,"Post graduate",3,"B.Ed. or equivalent",0,0,0,0,2,0,0,0,0,0,0,0,0,0,0,0,0,0,2,2,0
2019-20,33,Tamilnadu,3309,NAMAKKAL,330913,ELACHIPALAYAM,4,"Tribal Welfare Department",1,"PS (I-V)",5,"Post graduate",3,"B.Ed. or equivalent",0,0,0,0,1,1,0,0,0,0,0,0,0,0,0,0,0,0,2,1,1
2019-20,33,Tamilnadu,3309,NAMAKKAL,330906,PUDUCHATRAM,4,"Tribal Welfare Department",5,"HSS (VI-XII)",5,"Post graduate",3,"B.Ed. or equivalent",0,0,0,0,0,0,0,0,0,3,1,3,1,2,0,0,1,4,15,3,12
2019-20,33,Tamilnadu,3309,NAMAKKAL,330904,ERUMAPATTI,4,"Tribal Welfare Department",7,"SS (VI-X)",5,"Post graduate",3,"B.Ed. or equivalent",0,0,0,0,0,0,0,0,1,0,2,0,0,0,0,0,0,0,3,3,0
2019-20,33,Tamilnadu,3309,NAMAKKAL,330906,PUDUCHATRAM,4,"Tribal Welfare Department",5,"HSS (VI-XII)",5,"Post graduate",4,"M.Ed. or equivalent",0,0,0,0,0,0,0,0,0,0,1,0,0,0,0,0,0,1,2,1,1
2019-20,33,Tamilnadu,3309,NAMAKKAL,330906,PUDUCHATRAM,4,"Tribal Welfare Department",5,"HSS (VI-XII)",6,M.Phil,3,"B.Ed. or equivalent",0,0,0,0,0,0,0,0,0,3,1,3,0,3,0,1,1,1,13,2,11
2019-20,33,Tamilnadu,3309,NAMAKKAL,330904,ERUMAPATTI,4,"Tribal Welfare Department",7,"SS (VI-X)",6,M.Phil,3,"B.Ed. or equivalent",0,0,0,0,0,0,0,0,0,0,1,3,0,0,0,0,0,0,4,1,3
2019-20,33,Tamilnadu,3309,NAMAKKAL,330906,PUDUCHATRAM,4,"Tribal Welfare Department",5,"HSS (VI-XII)",6,M.Phil,4,"M.Ed. or equivalent",0,0,0,0,0,0,0,0,0,0,0,0,0,0,0,0,1,0,1,1,0
2019-20,33,Tamilnadu,3309,NAMAKKAL,330904,ERUMAPATTI,4,"Tribal Welfare Department",7,"SS (VI-X)",6,M.Phil,4,"M.Ed. or equivalent",0,0,0,0,0,0,0,0,0,0,0,1,0,0,0,0,0,0,1,0,1
2019-20,33,Tamilnadu,3309,NAMAKKAL,330906,PUDUCHATRAM,4,"Tribal Welfare Department",5,"HSS (VI-XII)",6,M.Phil,6,None,0,0,0,0,0,0,0,0,0,1,0,0,0,0,0,0,0,1,2,0,2
2019-20,33,Tamilnadu,3309,NAMAKKAL,330906,PUDUCHATRAM,4,"Tribal Welfare Department",5,"HSS (VI-XII)",7,Ph.D,4,"M.Ed. or equivalent",0,0,0,0,0,0,0,0,0,0,0,0,0,0,0,0,1,0,1,1,0
2019-20,33,Tamilnadu,3309,NAMAKKAL,330909,NAMAGIRIPET,9,"Tribal Welfare Department",5,"HSS (VI-XII)",1,"Below Secondary",3,"B.Ed. or equivalent",0,0,0,0,0,0,0,0,0,1,0,0,0,0,0,0,0,0,1,0,1
2019-20,33,Tamilnadu,3309,NAMAKKAL,330902,KOLLIHILLS,9,"Tribal Welfare Department",5,"HSS (VI-XII)",1,"Below Secondary",5,Others,0,0,0,0,0,0,0,0,1,0,0,0,0,0,0,0,0,0,1,1,0
2019-20,33,Tamilnadu,3309,NAMAKKAL,330909,NAMAGIRIPET,9,"Tribal Welfare Department",5,"HSS (VI-XII)",1,"Below Secondary",5,Others,0,0,0,0,0,0,0,0,1,0,1,0,0,0,0,0,0,0,2,2,0
2019-20,33,Tamilnadu,3309,NAMAKKAL,330902,KOLLIHILLS,9,"Tribal Welfare Department",1,"PS (I-V)",3,"Higher secondary",1,"Diploma or certificate in basic teachers training of a duration not less than two years",0,0,0,0,2,0,0,0,0,0,0,0,0,0,0,0,0,0,2,2,0
2019-20,33,Tamilnadu,3309,NAMAKKAL,330908,VENNANDUR,9,"Tribal Welfare Department",1,"PS (I-V)",3,"Higher secondary",1,"Diploma or certificate in basic teachers training of a duration not less than two years",0,0,0,0,1,2,0,0,0,0,0,0,0,0,0,0,0,0,3,1,2
2019-20,33,Tamilnadu,3309,NAMAKKAL,330902,KOLLIHILLS,9,"Tribal Welfare Department",5,"HSS (VI-XII)",3,"Higher secondary",1,"Diploma or certificate in basic teachers training of a duration not less than two years",0,0,0,0,0,0,0,0,1,0,0,0,0,0,0,0,0,0,1,1,0
2019-20,33,Tamilnadu,3309,NAMAKKAL,330902,KOLLIHILLS,9,"Tribal Welfare Department",5,"HSS (VI-XII)",3,"Higher secondary",5,Others,0,0,0,0,0,0,0,0,1,0,0,0,0,0,0,0,0,0,1,1,0
2019-20,33,Tamilnadu,3309,NAMAKKAL,330902,KOLLIHILLS,9,"Tribal Welfare Department",1,"PS (I-V)",4,Graduate,1,"Diploma or certificate in basic teachers training of a duration not less than two years",0,0,0,0,1,2,0,0,0,0,0,0,0,0,0,0,0,0,3,1,2
2019-20,33,Tamilnadu,3309,NAMAKKAL,330909,NAMAGIRIPET,9,"Tribal Welfare Department",1,"PS (I-V)",4,Graduate,1,"Diploma or certificate in basic teachers training of a duration not less than two years",0,0,0,0,0,1,0,0,0,0,0,0,0,0,0,0,0,0,1,0,1
2019-20,33,Tamilnadu,3309,NAMAKKAL,330908,VENNANDUR,9,"Tribal Welfare Department",1,"PS (I-V)",4,Graduate,3,"B.Ed. or equivalent",0,0,0,0,0,1,0,0,0,0,0,0,0,0,0,0,0,0,1,0,1
2019-20,33,Tamilnadu,3309,NAMAKKAL,330909,NAMAGIRIPET,9,"Tribal Welfare Department",1,"PS (I-V)",4,Graduate,3,"B.Ed. or equivalent",0,0,0,0,1,0,0,0,0,0,0,0,0,0,0,0,0,0,1,1,0
2019-20,33,Tamilnadu,3309,NAMAKKAL,330902,KOLLIHILLS,9,"Tribal Welfare Department",5,"HSS (VI-XII)",4,Graduate,3,"B.Ed. or equivalent",0,0,0,0,0,0,0,0,1,0,0,0,1,0,0,0,0,0,2,2,0
2019-20,33,Tamilnadu,3309,NAMAKKAL,330909,NAMAGIRIPET,9,"Tribal Welfare Department",5,"HSS (VI-XII)",4,Graduate,3,"B.Ed. or equivalent",0,0,0,0,0,0,0,0,0,0,0,2,0,0,0,0,0,0,2,0,2
2019-20,33,Tamilnadu,3309,NAMAKKAL,330902,KOLLIHILLS,9,"Tribal Welfare Department",5,"HSS (VI-XII)",4,Graduate,4,"M.Ed. or equivalent",0,0,0,0,0,0,0,0,0,0,1,0,0,0,0,0,0,0,1,1,0
2019-20,33,Tamilnadu,3309,NAMAKKAL,330909,NAMAGIRIPET,9,"Tribal Welfare Department",5,"HSS (VI-XII)",4,Graduate,4,"M.Ed. or equivalent",0,0,0,0,0,0,0,0,0,0,0,0,0,0,0,1,0,0,1,0,1
2019-20,33,Tamilnadu,3309,NAMAKKAL,330909,NAMAGIRIPET,9,"Tribal Welfare Department",5,"HSS (VI-XII)",4,Graduate,5,Others,0,0,0,0,0,0,0,0,0,1,0,0,0,0,0,0,0,0,1,0,1
2019-20,33,Tamilnadu,3309,NAMAKKAL,330902,KOLLIHILLS,9,"Tribal Welfare Department",5,"HSS (VI-XII)",4,Graduate,6,None,0,0,0,0,0,0,0,0,0,0,1,0,0,0,0,0,0,0,1,1,0
2019-20,33,Tamilnadu,3309,NAMAKKAL,330909,NAMAGIRIPET,9,"Tribal Welfare Department",5,"HSS (VI-XII)",4,Graduate,6,None,0,0,0,0,0,0,0,0,0,0,1,0,0,0,0,0,0,0,1,1,0
2019-20,33,Tamilnadu,3309,NAMAKKAL,330908,VENNANDUR,9,"Tribal Welfare Department",1,"PS (I-V)",5,"Post graduate",3,"B.Ed. or equivalent",0,0,0,0,1,0,0,0,0,0,0,0,0,0,0,0,0,0,1,1,0
2019-20,33,Tamilnadu,3309,NAMAKKAL,330902,KOLLIHILLS,9,"Tribal Welfare Department",5,"HSS (VI-XII)",5,"Post graduate",3,"B.Ed. or equivalent",0,0,0,0,0,0,0,0,3,0,9,4,1,2,4,1,4,3,31,21,10
2019-20,33,Tamilnadu,3309,NAMAKKAL,330909,NAMAGIRIPET,9,"Tribal Welfare Department",5,"HSS (VI-XII)",5,"Post graduate",3,"B.Ed. or equivalent",0,0,0,0,0,0,0,0,1,1,1,4,3,1,0,0,1,3,15,6,9
2019-20,33,Tamilnadu,3309,NAMAKKAL,330902,KOLLIHILLS,9,"Tribal Welfare Department",5,"HSS (VI-XII)",5,"Post graduate",4,"M.Ed. or equivalent",0,0,0,0,0,0,0,0,0,0,0,0,0,0,1,0,0,0,1,1,0
2019-20,33,Tamilnadu,3309,NAMAKKAL,330909,NAMAGIRIPET,9,"Tribal Welfare Department",5,"HSS (VI-XII)",5,"Post graduate",4,"M.Ed. or equivalent",0,0,0,0,0,0,0,0,0,0,0,0,0,0,1,0,0,0,1,1,0
2019-20,33,Tamilnadu,3309,NAMAKKAL,330902,KOLLIHILLS,9,"Tribal Welfare Department",5,"HSS (VI-XII)",6,M.Phil,3,"B.Ed. or equivalent",0,0,0,0,0,0,0,0,0,1,0,0,0,0,3,0,0,2,6,3,3
2019-20,33,Tamilnadu,3309,NAMAKKAL,330909,NAMAGIRIPET,9,"Tribal Welfare Department",5,"HSS (VI-XII)",6,M.Phil,3,"B.Ed. or equivalent",0,0,0,0,0,0,0,0,1,0,2,0,1,1,0,0,2,1,8,6,2
2019-20,33,Tamilnadu,3309,NAMAKKAL,330902,KOLLIHILLS,9,"Tribal Welfare Department",5,"HSS (VI-XII)",6,M.Phil,4,"M.Ed. or equivalent",0,0,0,0,0,0,0,0,0,0,0,0,0,0,0,0,1,0,1,1,0
2019-20,33,Tamilnadu,3309,NAMAKKAL,330909,NAMAGIRIPET,9,"Tribal Welfare Department",5,"HSS (VI-XII)",6,M.Phil,4,"M.Ed. or equivalent",0,0,0,0,0,0,0,0,0,0,0,0,1,0,0,0,0,1,2,1,1
2019-20,33,Tamilnadu,3309,NAMAKKAL,330912,MALLASAMUDRAM,35,Unrecognized,1,"PS (I-V)",1,"Below Secondary",1,"Diploma or certificate in basic teachers training of a duration not less than two years",0,0,0,0,0,1,0,0,0,0,0,0,0,0,0,0,0,0,1,0,1
2019-20,33,Tamilnadu,3309,NAMAKKAL,330911,PALLIPALAYAM,35,Unrecognized,1,"PS (I-V)",1,"Below Secondary",5,Others,0,1,0,0,0,0,0,0,0,0,0,0,0,0,0,0,0,0,1,0,1
2019-20,33,Tamilnadu,3309,NAMAKKAL,330904,ERUMAPATTI,35,Unrecognized,1,"PS (I-V)",3,"Higher secondary",1,"Diploma or certificate in basic teachers training of a duration not less than two years",0,0,0,0,0,1,0,0,0,0,0,0,0,0,0,0,0,0,1,0,1
2019-20,33,Tamilnadu,3309,NAMAKKAL,330907,RASIPURAM,35,Unrecognized,1,"PS (I-V)",3,"Higher secondary",1,"Diploma or certificate in basic teachers training of a duration not less than two years",0,0,0,0,0,1,0,0,0,0,0,0,0,0,0,0,0,0,1,0,1
2019-20,33,Tamilnadu,3309,NAMAKKAL,330911,PALLIPALAYAM,35,Unrecognized,1,"PS (I-V)",3,"Higher secondary",1,"Diploma or certificate in basic teachers training of a duration not less than two years",0,0,0,0,0,3,0,0,0,0,0,0,0,0,0,0,0,0,3,0,3
2019-20,33,Tamilnadu,3309,NAMAKKAL,330911,PALLIPALAYAM,35,Unrecognized,1,"PS (I-V)",3,"Higher secondary",5,Others,0,0,0,0,0,2,0,0,0,0,0,0,0,0,0,0,0,0,2,0,2
2019-20,33,Tamilnadu,3309,NAMAKKAL,330904,ERUMAPATTI,35,Unrecognized,1,"PS (I-V)",4,Graduate,1,"Diploma or certificate in basic teachers training of a duration not less than two years",0,0,0,0,1,2,0,0,0,0,0,0,0,0,0,0,0,0,3,1,2
2019-20,33,Tamilnadu,3309,NAMAKKAL,330911,PALLIPALAYAM,35,Unrecognized,1,"PS (I-V)",4,Graduate,1,"Diploma or certificate in basic teachers training of a duration not less than two years",0,0,0,0,0,3,0,0,0,0,0,0,0,0,0,0,0,0,3,0,3
2019-20,33,Tamilnadu,3309,NAMAKKAL,330915,KABILARMALAI,35,Unrecognized,1,"PS (I-V)",4,Graduate,1,"Diploma or certificate in basic teachers training of a duration not less than two years",0,0,0,0,0,1,0,0,0,0,0,0,0,0,0,0,0,0,1,0,1
2019-20,33,Tamilnadu,3309,NAMAKKAL,330901,NAMAKKAL,35,Unrecognized,1,"PS (I-V)",4,Graduate,3,"B.Ed. or equivalent",0,1,0,0,0,8,0,0,0,0,0,0,0,0,0,0,0,0,9,0,9
2019-20,33,Tamilnadu,3309,NAMAKKAL,330904,ERUMAPATTI,35,Unrecognized,1,"PS (I-V)",4,Graduate,3,"B.Ed. or equivalent",0,0,0,0,0,16,0,0,0,0,0,0,0,0,0,0,0,0,16,0,16
2019-20,33,Tamilnadu,3309,NAMAKKAL,330907,RASIPURAM,35,Unrecognized,1,"PS (I-V)",4,Graduate,3,"B.Ed. or equivalent",0,0,0,0,0,2,0,0,0,0,0,0,0,0,0,0,0,0,2,0,2
2019-20,33,Tamilnadu,3309,NAMAKKAL,330910,TIRUCHENGODE,35,Unrecognized,1,"PS (I-V)",4,Graduate,3,"B.Ed. or equivalent",0,0,0,0,1,2,0,0,0,0,0,0,0,0,0,0,0,0,3,1,2
2019-20,33,Tamilnadu,3309,NAMAKKAL,330911,PALLIPALAYAM,35,Unrecognized,1,"PS (I-V)",4,Graduate,3,"B.Ed. or equivalent",0,0,0,0,0,9,0,0,0,0,0,0,0,0,0,0,0,0,9,0,9
2019-20,33,Tamilnadu,3309,NAMAKKAL,330912,MALLASAMUDRAM,35,Unrecognized,1,"PS (I-V)",4,Graduate,3,"B.Ed. or equivalent",0,0,0,0,0,3,0,0,0,0,0,0,0,0,0,0,0,0,3,0,3
2019-20,33,Tamilnadu,3309,NAMAKKAL,330915,KABILARMALAI,35,Unrecognized,1,"PS (I-V)",4,Graduate,3,"B.Ed. or equivalent",0,0,0,0,0,2,0,0,0,0,0,0,0,0,0,0,0,0,2,0,2
2019-20,33,Tamilnadu,3309,NAMAKKAL,330911,PALLIPALAYAM,35,Unrecognized,6,"SS (I-X)",4,Graduate,3,"B.Ed. or equivalent",0,0,0,0,0,0,0,0,0,0,0,0,2,2,0,0,0,0,4,2,2
2019-20,33,Tamilnadu,3309,NAMAKKAL,330901,NAMAKKAL,35,Unrecognized,1,"PS (I-V)",4,Graduate,5,Others,0,2,0,0,0,3,0,0,0,0,0,0,0,0,0,0,0,0,5,0,5
2019-20,33,Tamilnadu,3309,NAMAKKAL,330904,ERUMAPATTI,35,Unrecognized,1,"PS (I-V)",4,Graduate,5,Others,0,0,0,0,0,2,0,0,0,0,0,0,0,0,0,0,0,0,2,0,2
2019-20,33,Tamilnadu,3309,NAMAKKAL,330910,TIRUCHENGODE,35,Unrecognized,1,"PS (I-V)",4,Graduate,5,Others,0,2,0,2,1,0,0,0,0,0,0,0,0,0,0,0,0,0,5,1,4
2019-20,33,Tamilnadu,3309,NAMAKKAL,330911,PALLIPALAYAM,35,Unrecognized,1,"PS (I-V)",4,Graduate,5,Others,0,0,0,0,0,2,0,0,0,0,0,0,0,0,0,0,0,0,2,0,2
2019-20,33,Tamilnadu,3309,NAMAKKAL,330901,NAMAKKAL,35,Unrecognized,1,"PS (I-V)",4,Graduate,6,None,0,5,0,0,0,3,0,0,0,0,0,0,0,0,0,0,0,0,8,0,8
2019-20,33,Tamilnadu,3309,NAMAKKAL,330904,ERUMAPATTI,35,Unrecognized,1,"PS (I-V)",4,Graduate,6,None,0,0,0,0,0,5,0,0,0,0,0,0,0,0,0,0,0,0,5,0,5
2019-20,33,Tamilnadu,3309,NAMAKKAL,330907,RASIPURAM,35,Unrecognized,1,"PS (I-V)",4,Graduate,6,None,0,0,0,0,0,1,0,0,0,0,0,0,0,0,0,0,0,0,1,0,1
2019-20,33,Tamilnadu,3309,NAMAKKAL,330910,TIRUCHENGODE,35,Unrecognized,1,"PS (I-V)",4,Graduate,6,None,0,0,0,0,0,4,0,0,0,0,0,0,0,0,0,0,0,0,4,0,4
2019-20,33,Tamilnadu,3309,NAMAKKAL,330911,PALLIPALAYAM,35,Unrecognized,1,"PS (I-V)",4,Graduate,6,None,0,0,0,0,0,7,0,0,0,0,0,0,0,0,0,0,0,0,7,0,7
2019-20,33,Tamilnadu,3309,NAMAKKAL,330901,NAMAKKAL,35,Unrecognized,1,"PS (I-V)",5,"Post graduate",1,"Diploma or certificate in basic teachers training of a duration not less than two years",0,0,0,0,0,1,0,0,0,0,0,0,0,0,0,0,0,0,1,0,1
2019-20,33,Tamilnadu,3309,NAMAKKAL,330907,RASIPURAM,35,Unrecognized,1,"PS (I-V)",5,"Post graduate",1,"Diploma or certificate in basic teachers training of a duration not less than two years",0,0,0,0,1,2,0,0,0,0,0,0,0,0,0,0,0,0,3,1,2
2019-20,33,Tamilnadu,3309,NAMAKKAL,330901,NAMAKKAL,35,Unrecognized,1,"PS (I-V)",5,"Post graduate",3,"B.Ed. or equivalent",0,3,0,0,0,16,0,0,0,0,0,0,0,0,0,0,0,0,19,0,19
2019-20,33,Tamilnadu,3309,NAMAKKAL,330904,ERUMAPATTI,35,Unrecognized,1,"PS (I-V)",5,"Post graduate",3,"B.Ed. or equivalent",0,0,0,0,1,5,0,0,0,0,0,0,0,0,0,0,0,0,6,1,5
2019-20,33,Tamilnadu,3309,NAMAKKAL,330910,TIRUCHENGODE,35,Unrecognized,1,"PS (I-V)",5,"Post graduate",3,"B.Ed. or equivalent",0,0,0,0,0,3,0,0,0,0,0,0,0,0,0,0,0,0,3,0,3
2019-20,33,Tamilnadu,3309,NAMAKKAL,330911,PALLIPALAYAM,35,Unrecognized,1,"PS (I-V)",5,"Post graduate",3,"B.Ed. or equivalent",0,0,0,0,1,11,0,0,0,0,0,0,0,0,0,0,0,0,12,1,11
2019-20,33,Tamilnadu,3309,NAMAKKAL,330912,MALLASAMUDRAM,35,Unrecognized,1,"PS (I-V)",5,"Post graduate",3,"B.Ed. or equivalent",0,0,0,0,1,1,0,0,0,0,0,0,0,0,0,0,0,0,2,1,1
2019-20,33,Tamilnadu,3309,NAMAKKAL,330915,KABILARMALAI,35,Unrecognized,1,"PS (I-V)",5,"Post graduate",3,"B.Ed. or equivalent",0,0,0,0,0,2,0,0,0,0,0,0,0,0,0,0,0,0,2,0,2
2019-20,33,Tamilnadu,3309,NAMAKKAL,330911,PALLIPALAYAM,35,Unrecognized,6,"SS (I-X)",5,"Post graduate",3,"B.Ed. or equivalent",0,0,0,0,0,0,0,0,0,0,0,0,1,0,0,0,0,0,1,1,0
2019-20,33,Tamilnadu,3309,NAMAKKAL,330904,ERUMAPATTI,35,Unrecognized,1,"PS (I-V)",5,"Post graduate",4,"M.Ed. or equivalent",0,0,0,0,2,1,0,0,0,0,0,0,0,0,0,0,0,0,3,2,1
2019-20,33,Tamilnadu,3309,NAMAKKAL,330910,TIRUCHENGODE,35,Unrecognized,1,"PS (I-V)",5,"Post graduate",4,"M.Ed. or equivalent",0,0,0,0,0,1,0,0,0,0,0,0,0,0,0,0,0,0,1,0,1
2019-20,33,Tamilnadu,3309,NAMAKKAL,330911,PALLIPALAYAM,35,Unrecognized,1,"PS (I-V)",5,"Post graduate",4,"M.Ed. or equivalent",0,0,0,0,0,1,0,0,0,0,0,0,0,0,0,0,0,0,1,0,1
2019-20,33,Tamilnadu,3309,NAMAKKAL,330904,ERUMAPATTI,35,Unrecognized,1,"PS (I-V)",5,"Post graduate",5,Others,0,0,0,0,0,2,0,0,0,0,0,0,0,0,0,0,0,0,2,0,2
2019-20,33,Tamilnadu,3309,NAMAKKAL,330911,PALLIPALAYAM,35,Unrecognized,1,"PS (I-V)",5,"Post graduate",5,Others,0,1,0,1,0,4,0,0,0,0,0,0,0,0,0,0,0,0,6,0,6
2019-20,33,Tamilnadu,3309,NAMAKKAL,330901,NAMAKKAL,35,Unrecognized,1,"PS (I-V)",5,"Post graduate",6,None,0,2,0,0,0,0,0,0,0,0,0,0,0,0,0,0,0,0,2,0,2
2019-20,33,Tamilnadu,3309,NAMAKKAL,330907,RASIPURAM,35,Unrecognized,1,"PS (I-V)",5,"Post graduate",6,None,0,0,0,0,0,1,0,0,0,0,0,0,0,0,0,0,0,0,1,0,1
2019-20,33,Tamilnadu,3309,NAMAKKAL,330910,TIRUCHENGODE,35,Unrecognized,1,"PS (I-V)",5,"Post graduate",6,None,0,0,0,0,0,1,0,0,0,0,0,0,0,0,0,0,0,0,1,0,1
2019-20,33,Tamilnadu,3309,NAMAKKAL,330911,PALLIPALAYAM,35,Unrecognized,1,"PS (I-V)",5,"Post graduate",6,None,0,0,0,0,0,1,0,0,0,0,0,0,0,0,0,0,0,0,1,0,1
2019-20,33,Tamilnadu,3309,NAMAKKAL,330901,NAMAKKAL,35,Unrecognized,1,"PS (I-V)",6,M.Phil,3,"B.Ed. or equivalent",0,0,0,0,0,1,0,0,0,0,0,0,0,0,0,0,0,0,1,0,1
2019-20,33,Tamilnadu,3309,NAMAKKAL,330911,PALLIPALAYAM,35,Unrecognized,1,"PS (I-V)",6,M.Phil,5,Others,0,0,0,0,0,1,0,0,0,0,0,0,0,0,0,0,0,0,1,0,1
2019-20,33,Tamilnadu,3309,NAMAKKAL,330910,TIRUCHENGODE,35,Unrecognized,1,"PS (I-V)",6,M.Phil,6,None,0,0,0,0,0,1,0,0,0,0,0,0,0,0,0,0,0,0,1,0,1
2019-20,33,Tamilnadu,3309,NAMAKKAL,330901,NAMAKKAL,35,Unrecognized,1,"PS (I-V)",8,"Post Doctoral",3,"B.Ed. or equivalent",0,0,0,0,0,1,0,0,0,0,0,0,0,0,0,0,0,0,1,0,1
2019-20,33,Tamilnadu,3309,NAMAKKAL,330904,ERUMAPATTI,35,Unrecognized,1,"PS (I-V)",8,"Post Doctoral",5,Others,0,0,0,0,0,2,0,0,0,0,0,0,0,0,0,0,0,0,2,0,2
