Academic_Year,State_Code,State_Name,District_Code,District_Name,Block_Code,Block_Name,School_Management_Id,School_Management_Name,School_Category_Id,School_Category_Name,Academic_Qualification_Id,Academic_Qualification_Name,Professional_Qualification_Id,Professional_Qualification_Name,Only_Pre_Primary_Male,Only_Pre_Primary_Female,Pre_Primary_and_Primary_Male,Pre_Primary_and_Primary_Female,Only_Primary_Male,Only_Primary_Female,Primary_and_Upperprimary_Male,Primary_and_Upperprimary_Female,Only_Upperprimary_Male,Only_Upperprimary_Female,Upperprimary_and_Secondary_Male,Upperprimary_and_Secondary_Female,Only_Secondary_Male,Only_Secondary_Female,Secondary_and_Highersecondary_Male,Secondary_and_Highersecondary_Female,Only_Highersecondary_Male,Only_Highersecondary_Female,Total_Teacher,Total_Male,Total_Female
2019-20,33,Tamilnadu,3303,KANCHEEPURAM,330301,KANCHEEPURAM,1,"Department of Education",1,"PS (I-V)",1,"Below Secondary",1,"Diploma or certificate in basic teachers training of a duration not less than two years",0,0,0,0,1,1,0,0,0,0,0,0,0,0,0,0,0,0,2,1,1
2019-20,33,Tamilnadu,3303,KANCHEEPURAM,330302,WALAJABAD,1,"Department of Education",1,"PS (I-V)",1,"Below Secondary",1,"Diploma or certificate in basic teachers training of a duration not less than two years",0,0,0,0,1,3,0,0,0,0,0,0,0,0,0,0,0,0,4,1,3
2019-20,33,Tamilnadu,3303,KANCHEEPURAM,330303,UTHIRAMERUR,1,"Department of Education",1,"PS (I-V)",1,"Below Secondary",1,"Diploma or certificate in basic teachers training of a duration not less than two years",0,0,0,0,0,4,0,0,0,0,0,0,0,0,0,0,0,0,4,0,4
2019-20,33,Tamilnadu,3303,KANCHEEPURAM,330304,SRIPERUMBUDUR,1,"Department of Education",1,"PS (I-V)",1,"Below Secondary",1,"Diploma or certificate in basic teachers training of a duration not less than two years",0,0,0,0,1,3,0,0,0,0,0,0,0,0,0,0,0,0,4,1,3
2019-20,33,Tamilnadu,3303,KANCHEEPURAM,330305,KUNDRATHUR,1,"Department of Education",1,"PS (I-V)",1,"Below Secondary",1,"Diploma or certificate in basic teachers training of a duration not less than two years",0,0,0,0,0,9,0,0,0,0,0,0,0,0,0,0,0,0,9,0,9
2019-20,33,Tamilnadu,3303,KANCHEEPURAM,330306,THIRUPORUR,1,"Department of Education",1,"PS (I-V)",1,"Below Secondary",1,"Diploma or certificate in basic teachers training of a duration not less than two years",0,0,0,0,1,2,0,0,0,0,0,0,0,0,0,0,0,0,3,1,2
2019-20,33,Tamilnadu,3303,KANCHEEPURAM,330307,KATTANKOLATHUR,1,"Department of Education",1,"PS (I-V)",1,"Below Secondary",1,"Diploma or certificate in basic teachers training of a duration not less than two years",0,0,0,0,1,5,0,0,0,0,0,0,0,0,0,0,0,0,6,1,5
2019-20,33,Tamilnadu,3303,KANCHEEPURAM,330308,THIRUKALUKUNDRAM,1,"Department of Education",1,"PS (I-V)",1,"Below Secondary",1,"Diploma or certificate in basic teachers training of a duration not less than two years",0,0,0,0,1,1,0,0,0,0,0,0,0,0,0,0,0,0,2,1,1
2019-20,33,Tamilnadu,3303,KANCHEEPURAM,330310,ACHARAPAKKAM,1,"Department of Education",1,"PS (I-V)",1,"Below Secondary",1,"Diploma or certificate in basic teachers training of a duration not less than two years",0,0,0,0,1,2,0,0,0,0,0,0,0,0,0,0,0,0,3,1,2
2019-20,33,Tamilnadu,3303,KANCHEEPURAM,330311,MADURANTAGAM,1,"Department of Education",1,"PS (I-V)",1,"Below Secondary",1,"Diploma or certificate in basic teachers training of a duration not less than two years",0,0,0,0,1,0,0,0,0,0,0,0,0,0,0,0,0,0,1,1,0
2019-20,33,Tamilnadu,3303,KANCHEEPURAM,330313,CHITHAMUR,1,"Department of Education",1,"PS (I-V)",1,"Below Secondary",1,"Diploma or certificate in basic teachers training of a duration not less than two years",0,0,0,0,0,1,0,0,0,0,0,0,0,0,0,0,0,0,1,0,1
2019-20,33,Tamilnadu,3303,KANCHEEPURAM,330314,"ST.THOMAS MOUNT(RURAL)",1,"Department of Education",1,"PS (I-V)",1,"Below Secondary",1,"Diploma or certificate in basic teachers training of a duration not less than two years",0,0,0,0,0,11,0,0,0,0,0,0,0,0,0,0,0,0,11,0,11
2019-20,33,Tamilnadu,3303,KANCHEEPURAM,330301,KANCHEEPURAM,1,"Department of Education",2,"UPS (I-VIII)",1,"Below Secondary",1,"Diploma or certificate in basic teachers training of a duration not less than two years",0,0,0,0,0,1,0,0,0,0,0,0,0,0,0,0,0,0,1,0,1
2019-20,33,Tamilnadu,3303,KANCHEEPURAM,330302,WALAJABAD,1,"Department of Education",2,"UPS (I-VIII)",1,"Below Secondary",1,"Diploma or certificate in basic teachers training of a duration not less than two years",0,0,0,0,1,0,0,0,0,0,0,0,0,0,0,0,0,0,1,1,0
2019-20,33,Tamilnadu,3303,KANCHEEPURAM,330304,SRIPERUMBUDUR,1,"Department of Education",2,"UPS (I-VIII)",1,"Below Secondary",1,"Diploma or certificate in basic teachers training of a duration not less than two years",0,0,0,0,0,1,0,0,0,0,0,0,0,0,0,0,0,0,1,0,1
2019-20,33,Tamilnadu,3303,KANCHEEPURAM,330305,KUNDRATHUR,1,"Department of Education",2,"UPS (I-VIII)",1,"Below Secondary",1,"Diploma or certificate in basic teachers training of a duration not less than two years",0,0,0,0,0,2,0,0,0,0,0,0,0,0,0,0,0,0,2,0,2
2019-20,33,Tamilnadu,3303,KANCHEEPURAM,330306,THIRUPORUR,1,"Department of Education",2,"UPS (I-VIII)",1,"Below Secondary",1,"Diploma or certificate in basic teachers training of a duration not less than two years",0,0,0,0,0,1,0,0,0,0,0,0,0,0,0,0,0,0,1,0,1
2019-20,33,Tamilnadu,3303,KANCHEEPURAM,330307,KATTANKOLATHUR,1,"Department of Education",2,"UPS (I-VIII)",1,"Below Secondary",1,"Diploma or certificate in basic teachers training of a duration not less than two years",0,0,0,0,0,2,0,0,0,0,0,0,0,0,0,0,0,0,2,0,2
2019-20,33,Tamilnadu,3303,KANCHEEPURAM,330308,THIRUKALUKUNDRAM,1,"Department of Education",2,"UPS (I-VIII)",1,"Below Secondary",1,"Diploma or certificate in basic teachers training of a duration not less than two years",0,0,0,0,1,1,0,0,0,0,0,0,0,0,0,0,0,0,2,1,1
2019-20,33,Tamilnadu,3303,KANCHEEPURAM,330310,ACHARAPAKKAM,1,"Department of Education",2,"UPS (I-VIII)",1,"Below Secondary",1,"Diploma or certificate in basic teachers training of a duration not less than two years",0,0,0,0,0,1,0,0,0,0,0,0,0,0,0,0,0,0,1,0,1
2019-20,33,Tamilnadu,3303,KANCHEEPURAM,330311,MADURANTAGAM,1,"Department of Education",2,"UPS (I-VIII)",1,"Below Secondary",1,"Diploma or certificate in basic teachers training of a duration not less than two years",0,0,0,0,0,1,0,0,0,0,0,0,0,0,0,0,0,0,1,0,1
2019-20,33,Tamilnadu,3303,KANCHEEPURAM,330314,"ST.THOMAS MOUNT(RURAL)",1,"Department of Education",2,"UPS (I-VIII)",1,"Below Secondary",1,"Diploma or certificate in basic teachers training of a duration not less than two years",0,0,0,0,0,1,0,0,0,0,0,0,0,0,0,0,0,0,1,0,1
2019-20,33,Tamilnadu,3303,KANCHEEPURAM,330307,KATTANKOLATHUR,1,"Department of Education",3,"HSS (I-XII)",1,"Below Secondary",1,"Diploma or certificate in basic teachers training of a duration not less than two years",0,0,0,0,0,1,0,0,0,0,0,0,0,0,0,0,0,0,1,0,1
2019-20,33,Tamilnadu,3303,KANCHEEPURAM,330302,WALAJABAD,1,"Department of Education",5,"HSS (VI-XII)",1,"Below Secondary",1,"Diploma or certificate in basic teachers training of a duration not less than two years",0,0,0,0,0,0,0,0,0,1,0,0,0,0,0,0,0,0,1,0,1
2019-20,33,Tamilnadu,3303,KANCHEEPURAM,330302,WALAJABAD,1,"Department of Education",7,"SS (VI-X)",1,"Below Secondary",1,"Diploma or certificate in basic teachers training of a duration not less than two years",0,0,0,0,0,0,0,0,1,1,0,0,0,0,0,0,0,0,2,1,1
2019-20,33,Tamilnadu,3303,KANCHEEPURAM,330307,KATTANKOLATHUR,1,"Department of Education",7,"SS (VI-X)",1,"Below Secondary",1,"Diploma or certificate in basic teachers training of a duration not less than two years",0,0,0,0,0,0,0,0,0,1,0,0,0,0,0,0,0,0,1,0,1
2019-20,33,Tamilnadu,3303,KANCHEEPURAM,330302,WALAJABAD,1,"Department of Education",1,"PS (I-V)",1,"Below Secondary",3,"B.Ed. or equivalent",0,0,0,0,0,2,0,0,0,0,0,0,0,0,0,0,0,0,2,0,2
2019-20,33,Tamilnadu,3303,KANCHEEPURAM,330305,KUNDRATHUR,1,"Department of Education",1,"PS (I-V)",1,"Below Secondary",3,"B.Ed. or equivalent",0,0,0,0,1,1,0,0,0,0,0,0,0,0,0,0,0,0,2,1,1
2019-20,33,Tamilnadu,3303,KANCHEEPURAM,330306,THIRUPORUR,1,"Department of Education",1,"PS (I-V)",1,"Below Secondary",3,"B.Ed. or equivalent",0,0,0,0,0,1,0,0,0,0,0,0,0,0,0,0,0,0,1,0,1
2019-20,33,Tamilnadu,3303,KANCHEEPURAM,330314,"ST.THOMAS MOUNT(RURAL)",1,"Department of Education",1,"PS (I-V)",1,"Below Secondary",3,"B.Ed. or equivalent",0,0,0,0,0,1,0,0,0,0,0,0,0,0,0,0,0,0,1,0,1
2019-20,33,Tamilnadu,3303,KANCHEEPURAM,330301,KANCHEEPURAM,1,"Department of Education",2,"UPS (I-VIII)",1,"Below Secondary",3,"B.Ed. or equivalent",0,0,0,0,0,1,0,0,0,0,0,0,0,0,0,0,0,0,1,0,1
2019-20,33,Tamilnadu,3303,KANCHEEPURAM,330303,UTHIRAMERUR,1,"Department of Education",3,"HSS (I-XII)",1,"Below Secondary",3,"B.Ed. or equivalent",0,0,0,0,0,0,0,0,0,0,0,0,0,0,0,0,0,1,1,0,1
2019-20,33,Tamilnadu,3303,KANCHEEPURAM,330303,UTHIRAMERUR,1,"Department of Education",5,"HSS (VI-XII)",1,"Below Secondary",3,"B.Ed. or equivalent",0,0,0,0,0,0,0,0,0,0,1,0,0,0,0,0,0,0,1,1,0
2019-20,33,Tamilnadu,3303,KANCHEEPURAM,330305,KUNDRATHUR,1,"Department of Education",5,"HSS (VI-XII)",1,"Below Secondary",3,"B.Ed. or equivalent",0,0,0,0,0,0,0,0,1,2,1,0,0,0,0,0,0,0,4,2,2
2019-20,33,Tamilnadu,3303,KANCHEEPURAM,330307,KATTANKOLATHUR,1,"Department of Education",5,"HSS (VI-XII)",1,"Below Secondary",3,"B.Ed. or equivalent",0,0,0,0,0,0,0,0,0,0,0,0,0,1,0,0,0,0,1,0,1
2019-20,33,Tamilnadu,3303,KANCHEEPURAM,330308,THIRUKALUKUNDRAM,1,"Department of Education",5,"HSS (VI-XII)",1,"Below Secondary",3,"B.Ed. or equivalent",0,0,0,0,0,0,0,0,0,0,1,0,0,0,0,0,1,0,2,2,0
2019-20,33,Tamilnadu,3303,KANCHEEPURAM,330309,"ST.THOMAS MOUNT(URBAN)",1,"Department of Education",5,"HSS (VI-XII)",1,"Below Secondary",3,"B.Ed. or equivalent",0,0,0,0,0,0,0,0,0,2,0,0,0,0,0,0,0,0,2,0,2
2019-20,33,Tamilnadu,3303,KANCHEEPURAM,330311,MADURANTAGAM,1,"Department of Education",5,"HSS (VI-XII)",1,"Below Secondary",3,"B.Ed. or equivalent",0,0,0,0,0,0,0,0,0,0,0,0,0,0,0,0,1,0,1,1,0
2019-20,33,Tamilnadu,3303,KANCHEEPURAM,330312,LATHUR,1,"Department of Education",5,"HSS (VI-XII)",1,"Below Secondary",3,"B.Ed. or equivalent",0,0,0,0,0,0,0,0,0,1,0,0,0,0,0,0,0,0,1,0,1
2019-20,33,Tamilnadu,3303,KANCHEEPURAM,330313,CHITHAMUR,1,"Department of Education",5,"HSS (VI-XII)",1,"Below Secondary",3,"B.Ed. or equivalent",0,0,0,0,0,0,0,0,0,0,0,0,0,0,0,0,1,1,2,1,1
2019-20,33,Tamilnadu,3303,KANCHEEPURAM,330314,"ST.THOMAS MOUNT(RURAL)",1,"Department of Education",6,"SS (I-X)",1,"Below Secondary",3,"B.Ed. or equivalent",0,0,0,0,0,0,0,1,0,0,0,0,0,0,0,0,0,0,1,0,1
2019-20,33,Tamilnadu,3303,KANCHEEPURAM,330301,KANCHEEPURAM,1,"Department of Education",7,"SS (VI-X)",1,"Below Secondary",3,"B.Ed. or equivalent",0,0,0,0,0,0,0,0,1,0,0,0,0,0,0,0,0,0,1,1,0
2019-20,33,Tamilnadu,3303,KANCHEEPURAM,330303,UTHIRAMERUR,1,"Department of Education",7,"SS (VI-X)",1,"Below Secondary",3,"B.Ed. or equivalent",0,0,0,0,0,0,0,0,0,0,0,1,0,0,0,0,0,0,1,0,1
2019-20,33,Tamilnadu,3303,KANCHEEPURAM,330304,SRIPERUMBUDUR,1,"Department of Education",7,"SS (VI-X)",1,"Below Secondary",3,"B.Ed. or equivalent",0,0,0,0,0,0,0,0,0,0,0,0,1,0,0,0,0,0,1,1,0
2019-20,33,Tamilnadu,3303,KANCHEEPURAM,330305,KUNDRATHUR,1,"Department of Education",7,"SS (VI-X)",1,"Below Secondary",3,"B.Ed. or equivalent",0,0,0,0,0,0,0,0,1,0,0,0,0,0,0,0,0,0,1,1,0
2019-20,33,Tamilnadu,3303,KANCHEEPURAM,330306,THIRUPORUR,1,"Department of Education",7,"SS (VI-X)",1,"Below Secondary",3,"B.Ed. or equivalent",0,0,0,0,0,0,0,0,0,0,0,1,0,0,0,0,0,0,1,0,1
2019-20,33,Tamilnadu,3303,KANCHEEPURAM,330308,THIRUKALUKUNDRAM,1,"Department of Education",7,"SS (VI-X)",1,"Below Secondary",3,"B.Ed. or equivalent",0,0,0,0,0,0,0,0,1,0,0,0,0,0,0,0,0,0,1,1,0
2019-20,33,Tamilnadu,3303,KANCHEEPURAM,330313,CHITHAMUR,1,"Department of Education",7,"SS (VI-X)",1,"Below Secondary",3,"B.Ed. or equivalent",0,0,0,0,0,0,0,0,0,0,0,0,1,0,0,0,0,0,1,1,0
2019-20,33,Tamilnadu,3303,KANCHEEPURAM,330314,"ST.THOMAS MOUNT(RURAL)",1,"Department of Education",7,"SS (VI-X)",1,"Below Secondary",3,"B.Ed. or equivalent",0,0,0,0,0,0,0,0,0,1,0,0,0,0,0,0,0,0,1,0,1
2019-20,33,Tamilnadu,3303,KANCHEEPURAM,330308,THIRUKALUKUNDRAM,1,"Department of Education",5,"HSS (VI-XII)",1,"Below Secondary",4,"M.Ed. or equivalent",0,0,0,0,0,0,0,0,0,0,0,0,1,0,0,0,0,0,1,1,0
2019-20,33,Tamilnadu,3303,KANCHEEPURAM,330314,"ST.THOMAS MOUNT(RURAL)",1,"Department of Education",5,"HSS (VI-XII)",1,"Below Secondary",4,"M.Ed. or equivalent",0,0,0,0,0,0,0,0,0,0,0,1,0,1,0,0,0,0,2,0,2
2019-20,33,Tamilnadu,3303,KANCHEEPURAM,330310,ACHARAPAKKAM,1,"Department of Education",7,"SS (VI-X)",1,"Below Secondary",4,"M.Ed. or equivalent",0,0,0,0,0,0,0,0,0,1,0,0,0,0,0,0,0,0,1,0,1
2019-20,33,Tamilnadu,3303,KANCHEEPURAM,330301,KANCHEEPURAM,1,"Department of Education",1,"PS (I-V)",1,"Below Secondary",5,Others,0,0,0,0,0,1,0,0,0,0,0,0,0,0,0,0,0,0,1,0,1
2019-20,33,Tamilnadu,3303,KANCHEEPURAM,330301,KANCHEEPURAM,1,"Department of Education",2,"UPS (I-VIII)",1,"Below Secondary",5,Others,0,0,0,0,0,0,0,0,0,1,0,0,0,0,0,0,0,0,1,0,1
2019-20,33,Tamilnadu,3303,KANCHEEPURAM,330310,ACHARAPAKKAM,1,"Department of Education",2,"UPS (I-VIII)",1,"Below Secondary",5,Others,0,0,0,0,0,1,0,0,0,0,0,0,0,0,0,0,0,0,1,0,1
2019-20,33,Tamilnadu,3303,KANCHEEPURAM,330311,MADURANTAGAM,1,"Department of Education",2,"UPS (I-VIII)",1,"Below Secondary",5,Others,0,0,0,0,0,0,0,0,0,1,0,0,0,0,0,0,0,0,1,0,1
2019-20,33,Tamilnadu,3303,KANCHEEPURAM,330314,"ST.THOMAS MOUNT(RURAL)",1,"Department of Education",2,"UPS (I-VIII)",1,"Below Secondary",5,Others,0,0,0,0,0,0,0,0,1,2,0,0,0,0,0,0,0,0,3,1,2
2019-20,33,Tamilnadu,3303,KANCHEEPURAM,330301,KANCHEEPURAM,1,"Department of Education",5,"HSS (VI-XII)",1,"Below Secondary",5,Others,0,0,0,0,0,0,0,0,0,1,0,1,1,0,0,0,0,0,3,1,2
2019-20,33,Tamilnadu,3303,KANCHEEPURAM,330302,WALAJABAD,1,"Department of Education",5,"HSS (VI-XII)",1,"Below Secondary",5,Others,0,0,0,0,0,0,0,0,0,0,0,1,0,0,0,0,0,0,1,0,1
2019-20,33,Tamilnadu,3303,KANCHEEPURAM,330303,UTHIRAMERUR,1,"Department of Education",5,"HSS (VI-XII)",1,"Below Secondary",5,Others,0,0,0,0,0,0,0,0,0,0,1,0,0,0,0,0,0,0,1,1,0
2019-20,33,Tamilnadu,3303,KANCHEEPURAM,330304,SRIPERUMBUDUR,1,"Department of Education",5,"HSS (VI-XII)",1,"Below Secondary",5,Others,0,0,0,0,0,0,0,0,0,1,0,0,1,0,0,0,0,0,2,1,1
2019-20,33,Tamilnadu,3303,KANCHEEPURAM,330305,KUNDRATHUR,1,"Department of Education",5,"HSS (VI-XII)",1,"Below Secondary",5,Others,0,0,0,0,0,0,0,0,0,1,0,0,0,1,0,0,0,0,2,0,2
2019-20,33,Tamilnadu,3303,KANCHEEPURAM,330306,THIRUPORUR,1,"Department of Education",5,"HSS (VI-XII)",1,"Below Secondary",5,Others,0,0,0,0,0,0,0,0,1,1,0,0,1,0,0,0,0,0,3,2,1
2019-20,33,Tamilnadu,3303,KANCHEEPURAM,330307,KATTANKOLATHUR,1,"Department of Education",5,"HSS (VI-XII)",1,"Below Secondary",5,Others,0,0,0,0,0,0,0,0,0,1,0,0,0,0,0,0,0,0,1,0,1
2019-20,33,Tamilnadu,3303,KANCHEEPURAM,330308,THIRUKALUKUNDRAM,1,"Department of Education",5,"HSS (VI-XII)",1,"Below Secondary",5,Others,0,0,0,0,0,0,0,0,0,1,0,0,0,0,0,0,0,0,1,0,1
2019-20,33,Tamilnadu,3303,KANCHEEPURAM,330309,"ST.THOMAS MOUNT(URBAN)",1,"Department of Education",5,"HSS (VI-XII)",1,"Below Secondary",5,Others,0,0,0,0,0,0,0,0,3,1,0,1,0,0,0,0,0,0,5,3,2
2019-20,33,Tamilnadu,3303,KANCHEEPURAM,330310,ACHARAPAKKAM,1,"Department of Education",5,"HSS (VI-XII)",1,"Below Secondary",5,Others,0,0,0,0,0,0,0,0,1,0,0,0,0,0,0,0,0,0,1,1,0
2019-20,33,Tamilnadu,3303,KANCHEEPURAM,330311,MADURANTAGAM,1,"Department of Education",5,"HSS (VI-XII)",1,"Below Secondary",5,Others,0,0,0,0,0,0,0,0,1,1,0,0,0,0,0,0,0,0,2,1,1
2019-20,33,Tamilnadu,3303,KANCHEEPURAM,330314,"ST.THOMAS MOUNT(RURAL)",1,"Department of Education",5,"HSS (VI-XII)",1,"Below Secondary",5,Others,0,0,0,0,0,0,0,0,3,2,0,1,0,0,0,0,0,0,6,3,3
2019-20,33,Tamilnadu,3303,KANCHEEPURAM,330301,KANCHEEPURAM,1,"Department of Education",7,"SS (VI-X)",1,"Below Secondary",5,Others,0,0,0,0,0,0,0,0,1,0,0,0,0,0,0,0,0,0,1,1,0
2019-20,33,Tamilnadu,3303,KANCHEEPURAM,330305,KUNDRATHUR,1,"Department of Education",7,"SS (VI-X)",1,"Below Secondary",5,Others,0,0,0,0,0,0,0,0,2,2,0,0,0,0,0,0,0,0,4,2,2
2019-20,33,Tamilnadu,3303,KANCHEEPURAM,330306,THIRUPORUR,1,"Department of Education",7,"SS (VI-X)",1,"Below Secondary",5,Others,0,0,0,0,0,0,0,0,1,0,0,0,0,0,0,0,0,0,1,1,0
2019-20,33,Tamilnadu,3303,KANCHEEPURAM,330307,KATTANKOLATHUR,1,"Department of Education",7,"SS (VI-X)",1,"Below Secondary",5,Others,0,0,0,0,0,0,0,0,1,2,0,0,0,0,0,0,0,0,3,1,2
2019-20,33,Tamilnadu,3303,KANCHEEPURAM,330308,THIRUKALUKUNDRAM,1,"Department of Education",7,"SS (VI-X)",1,"Below Secondary",5,Others,0,0,0,0,0,0,0,0,0,0,1,0,0,0,0,0,0,0,1,1,0
2019-20,33,Tamilnadu,3303,KANCHEEPURAM,330310,ACHARAPAKKAM,1,"Department of Education",7,"SS (VI-X)",1,"Below Secondary",5,Others,0,0,0,0,0,0,0,0,1,0,0,0,0,0,0,0,0,0,1,1,0
2019-20,33,Tamilnadu,3303,KANCHEEPURAM,330311,MADURANTAGAM,1,"Department of Education",7,"SS (VI-X)",1,"Below Secondary",5,Others,0,0,0,0,0,0,0,0,0,1,0,0,0,0,0,0,0,0,1,0,1
2019-20,33,Tamilnadu,3303,KANCHEEPURAM,330314,"ST.THOMAS MOUNT(RURAL)",1,"Department of Education",7,"SS (VI-X)",1,"Below Secondary",5,Others,0,0,0,0,0,0,0,0,1,0,0,0,0,0,0,0,0,0,1,1,0
2019-20,33,Tamilnadu,3303,KANCHEEPURAM,330307,KATTANKOLATHUR,1,"Department of Education",2,"UPS (I-VIII)",1,"Below Secondary",6,None,0,0,0,0,0,0,0,0,0,1,0,0,0,0,0,0,0,0,1,0,1
2019-20,33,Tamilnadu,3303,KANCHEEPURAM,330304,SRIPERUMBUDUR,1,"Department of Education",5,"HSS (VI-XII)",1,"Below Secondary",6,None,0,0,0,0,0,0,0,0,1,1,1,0,0,0,0,0,0,0,3,2,1
2019-20,33,Tamilnadu,3303,KANCHEEPURAM,330307,KATTANKOLATHUR,1,"Department of Education",5,"HSS (VI-XII)",1,"Below Secondary",6,None,0,0,0,0,0,0,0,0,0,0,0,0,1,0,0,0,0,0,1,1,0
2019-20,33,Tamilnadu,3303,KANCHEEPURAM,330308,THIRUKALUKUNDRAM,1,"Department of Education",5,"HSS (VI-XII)",1,"Below Secondary",6,None,0,0,0,0,0,0,0,0,0,0,1,0,0,0,0,0,0,0,1,1,0
2019-20,33,Tamilnadu,3303,KANCHEEPURAM,330309,"ST.THOMAS MOUNT(URBAN)",1,"Department of Education",5,"HSS (VI-XII)",1,"Below Secondary",6,None,0,0,0,0,0,0,0,0,1,0,0,1,0,0,0,0,0,0,2,1,1
2019-20,33,Tamilnadu,3303,KANCHEEPURAM,330314,"ST.THOMAS MOUNT(RURAL)",1,"Department of Education",5,"HSS (VI-XII)",1,"Below Secondary",6,None,0,0,0,0,0,0,0,0,1,1,0,0,0,0,0,0,0,0,2,1,1
2019-20,33,Tamilnadu,3303,KANCHEEPURAM,330307,KATTANKOLATHUR,1,"Department of Education",7,"SS (VI-X)",1,"Below Secondary",6,None,0,0,0,0,0,0,0,0,0,1,0,0,0,0,0,0,0,0,1,0,1
2019-20,33,Tamilnadu,3303,KANCHEEPURAM,330308,THIRUKALUKUNDRAM,1,"Department of Education",7,"SS (VI-X)",1,"Below Secondary",6,None,0,0,0,0,0,0,0,0,1,0,0,0,0,0,0,0,0,0,1,1,0
2019-20,33,Tamilnadu,3303,KANCHEEPURAM,330301,KANCHEEPURAM,1,"Department of Education",1,"PS (I-V)",3,"Higher secondary",1,"Diploma or certificate in basic teachers training of a duration not less than two years",0,0,0,0,4,5,0,0,0,0,0,0,0,0,0,0,0,0,9,4,5
2019-20,33,Tamilnadu,3303,KANCHEEPURAM,330302,WALAJABAD,1,"Department of Education",1,"PS (I-V)",3,"Higher secondary",1,"Diploma or certificate in basic teachers training of a duration not less than two years",0,0,0,0,11,20,0,0,0,0,0,0,0,0,0,0,0,0,31,11,20
2019-20,33,Tamilnadu,3303,KANCHEEPURAM,330303,UTHIRAMERUR,1,"Department of Education",1,"PS (I-V)",3,"Higher secondary",1,"Diploma or certificate in basic teachers training of a duration not less than two years",0,0,0,0,5,20,0,0,0,0,0,0,0,0,0,0,0,0,25,5,20
2019-20,33,Tamilnadu,3303,KANCHEEPURAM,330304,SRIPERUMBUDUR,1,"Department of Education",1,"PS (I-V)",3,"Higher secondary",1,"Diploma or certificate in basic teachers training of a duration not less than two years",0,0,0,0,4,20,0,0,0,0,0,0,0,0,0,0,0,0,24,4,20
2019-20,33,Tamilnadu,3303,KANCHEEPURAM,330305,KUNDRATHUR,1,"Department of Education",1,"PS (I-V)",3,"Higher secondary",1,"Diploma or certificate in basic teachers training of a duration not less than two years",0,0,0,0,3,51,0,0,0,0,0,0,0,0,0,0,0,0,54,3,51
2019-20,33,Tamilnadu,3303,KANCHEEPURAM,330306,THIRUPORUR,1,"Department of Education",1,"PS (I-V)",3,"Higher secondary",1,"Diploma or certificate in basic teachers training of a duration not less than two years",0,0,0,0,6,22,0,0,0,0,0,0,0,0,0,0,0,0,28,6,22
2019-20,33,Tamilnadu,3303,KANCHEEPURAM,330307,KATTANKOLATHUR,1,"Department of Education",1,"PS (I-V)",3,"Higher secondary",1,"Diploma or certificate in basic teachers training of a duration not less than two years",0,0,0,0,1,18,0,0,0,0,0,0,0,0,0,0,0,0,19,1,18
2019-20,33,Tamilnadu,3303,KANCHEEPURAM,330308,THIRUKALUKUNDRAM,1,"Department of Education",1,"PS (I-V)",3,"Higher secondary",1,"Diploma or certificate in basic teachers training of a duration not less than two years",0,0,0,0,4,32,0,0,0,0,0,0,0,0,0,0,0,0,36,4,32
2019-20,33,Tamilnadu,3303,KANCHEEPURAM,330309,"ST.THOMAS MOUNT(URBAN)",1,"Department of Education",1,"PS (I-V)",3,"Higher secondary",1,"Diploma or certificate in basic teachers training of a duration not less than two years",0,0,0,0,0,2,0,0,0,0,0,0,0,0,0,0,0,0,2,0,2
2019-20,33,Tamilnadu,3303,KANCHEEPURAM,330310,ACHARAPAKKAM,1,"Department of Education",1,"PS (I-V)",3,"Higher secondary",1,"Diploma or certificate in basic teachers training of a duration not less than two years",0,0,0,0,12,25,0,0,0,0,0,0,0,0,0,0,0,0,37,12,25
2019-20,33,Tamilnadu,3303,KANCHEEPURAM,330311,MADURANTAGAM,1,"Department of Education",1,"PS (I-V)",3,"Higher secondary",1,"Diploma or certificate in basic teachers training of a duration not less than two years",0,0,0,0,3,19,0,0,0,0,0,0,0,0,0,0,0,0,22,3,19
2019-20,33,Tamilnadu,3303,KANCHEEPURAM,330312,LATHUR,1,"Department of Education",1,"PS (I-V)",3,"Higher secondary",1,"Diploma or certificate in basic teachers training of a duration not less than two years",0,0,0,0,6,6,0,0,0,0,0,0,0,0,0,0,0,0,12,6,6
2019-20,33,Tamilnadu,3303,KANCHEEPURAM,330313,CHITHAMUR,1,"Department of Education",1,"PS (I-V)",3,"Higher secondary",1,"Diploma or certificate in basic teachers training of a duration not less than two years",0,0,0,0,9,10,0,0,0,0,0,0,0,0,0,0,0,0,19,9,10
2019-20,33,Tamilnadu,3303,KANCHEEPURAM,330314,"ST.THOMAS MOUNT(RURAL)",1,"Department of Education",1,"PS (I-V)",3,"Higher secondary",1,"Diploma or certificate in basic teachers training of a duration not less than two years",0,0,0,0,4,45,0,0,0,0,0,0,0,0,0,0,0,0,49,4,45
2019-20,33,Tamilnadu,3303,KANCHEEPURAM,330310,ACHARAPAKKAM,24,"Private Unaided (Recognized)",2,"UPS (I-VIII)",3,"Higher secondary",6,None,0,0,0,0,0,1,0,0,0,0,0,0,0,0,0,0,0,0,1,0,1
2019-20,33,Tamilnadu,3303,KANCHEEPURAM,330301,KANCHEEPURAM,1,"Department of Education",2,"UPS (I-VIII)",3,"Higher secondary",1,"Diploma or certificate in basic teachers training of a duration not less than two years",0,0,0,0,2,8,0,0,0,0,0,0,0,0,0,0,0,0,10,2,8
2019-20,33,Tamilnadu,3303,KANCHEEPURAM,330302,WALAJABAD,1,"Department of Education",2,"UPS (I-VIII)",3,"Higher secondary",1,"Diploma or certificate in basic teachers training of a duration not less than two years",0,0,0,0,0,7,0,0,0,0,0,0,0,0,0,0,0,0,7,0,7
2019-20,33,Tamilnadu,3303,KANCHEEPURAM,330303,UTHIRAMERUR,1,"Department of Education",2,"UPS (I-VIII)",3,"Higher secondary",1,"Diploma or certificate in basic teachers training of a duration not less than two years",0,0,0,0,3,1,0,0,0,0,0,0,0,0,0,0,0,0,4,3,1
2019-20,33,Tamilnadu,3303,KANCHEEPURAM,330304,SRIPERUMBUDUR,1,"Department of Education",2,"UPS (I-VIII)",3,"Higher secondary",1,"Diploma or certificate in basic teachers training of a duration not less than two years",0,0,0,0,1,7,0,0,0,0,0,0,0,0,0,0,0,0,8,1,7
2019-20,33,Tamilnadu,3303,KANCHEEPURAM,330305,KUNDRATHUR,1,"Department of Education",2,"UPS (I-VIII)",3,"Higher secondary",1,"Diploma or certificate in basic teachers training of a duration not less than two years",0,0,0,0,0,7,0,0,0,0,0,0,0,0,0,0,0,0,7,0,7
2019-20,33,Tamilnadu,3303,KANCHEEPURAM,330306,THIRUPORUR,1,"Department of Education",2,"UPS (I-VIII)",3,"Higher secondary",1,"Diploma or certificate in basic teachers training of a duration not less than two years",0,0,0,0,2,4,0,0,0,0,0,0,0,0,0,0,0,0,6,2,4
2019-20,33,Tamilnadu,3303,KANCHEEPURAM,330307,KATTANKOLATHUR,1,"Department of Education",2,"UPS (I-VIII)",3,"Higher secondary",1,"Diploma or certificate in basic teachers training of a duration not less than two years",0,0,0,0,1,14,0,0,1,0,0,0,0,0,0,0,0,0,16,2,14
2019-20,33,Tamilnadu,3303,KANCHEEPURAM,330308,THIRUKALUKUNDRAM,1,"Department of Education",2,"UPS (I-VIII)",3,"Higher secondary",1,"Diploma or certificate in basic teachers training of a duration not less than two years",0,0,0,0,2,5,0,0,0,0,0,0,0,0,0,0,0,0,7,2,5
2019-20,33,Tamilnadu,3303,KANCHEEPURAM,330310,ACHARAPAKKAM,1,"Department of Education",2,"UPS (I-VIII)",3,"Higher secondary",1,"Diploma or certificate in basic teachers training of a duration not less than two years",0,0,0,0,0,6,0,0,0,0,0,0,0,0,0,0,0,0,6,0,6
2019-20,33,Tamilnadu,3303,KANCHEEPURAM,330311,MADURANTAGAM,1,"Department of Education",2,"UPS (I-VIII)",3,"Higher secondary",1,"Diploma or certificate in basic teachers training of a duration not less than two years",0,0,0,0,1,6,0,0,0,0,0,0,0,0,0,0,0,0,7,1,6
2019-20,33,Tamilnadu,3303,KANCHEEPURAM,330312,LATHUR,1,"Department of Education",2,"UPS (I-VIII)",3,"Higher secondary",1,"Diploma or certificate in basic teachers training of a duration not less than two years",0,0,0,0,0,4,0,0,0,0,0,0,0,0,0,0,0,0,4,0,4
2019-20,33,Tamilnadu,3303,KANCHEEPURAM,330313,CHITHAMUR,1,"Department of Education",2,"UPS (I-VIII)",3,"Higher secondary",1,"Diploma or certificate in basic teachers training of a duration not less than two years",0,0,0,0,0,3,0,0,0,0,0,0,0,0,0,0,0,0,3,0,3
2019-20,33,Tamilnadu,3303,KANCHEEPURAM,330314,"ST.THOMAS MOUNT(RURAL)",1,"Department of Education",2,"UPS (I-VIII)",3,"Higher secondary",1,"Diploma or certificate in basic teachers training of a duration not less than two years",0,0,0,0,0,11,0,0,0,0,0,0,0,0,0,0,0,0,11,0,11
2019-20,33,Tamilnadu,3303,KANCHEEPURAM,330303,UTHIRAMERUR,24,"Private Unaided (Recognized)",1,"PS (I-V)",4,Graduate,3,"B.Ed. or equivalent",0,0,0,0,0,11,0,0,0,0,0,0,0,0,0,0,0,0,11,0,11
2019-20,33,Tamilnadu,3303,KANCHEEPURAM,330304,SRIPERUMBUDUR,24,"Private Unaided (Recognized)",1,"PS (I-V)",4,Graduate,3,"B.Ed. or equivalent",0,0,0,1,0,15,0,0,0,0,0,0,0,0,0,0,0,0,16,0,16
2019-20,33,Tamilnadu,3303,KANCHEEPURAM,330305,KUNDRATHUR,24,"Private Unaided (Recognized)",1,"PS (I-V)",4,Graduate,3,"B.Ed. or equivalent",0,0,0,4,2,49,0,0,0,0,0,0,0,0,0,0,0,0,55,2,53
2019-20,33,Tamilnadu,3303,KANCHEEPURAM,330306,THIRUPORUR,24,"Private Unaided (Recognized)",1,"PS (I-V)",4,Graduate,3,"B.Ed. or equivalent",0,0,0,2,0,29,0,0,0,0,0,0,0,0,0,0,0,0,31,0,31
2019-20,33,Tamilnadu,3303,KANCHEEPURAM,330305,KUNDRATHUR,1,"Department of Education",5,"HSS (VI-XII)",3,"Higher secondary",1,"Diploma or certificate in basic teachers training of a duration not less than two years",0,0,0,0,0,0,0,0,0,1,0,0,0,0,0,0,0,0,1,0,1
2019-20,33,Tamilnadu,3303,KANCHEEPURAM,330310,ACHARAPAKKAM,1,"Department of Education",5,"HSS (VI-XII)",3,"Higher secondary",1,"Diploma or certificate in basic teachers training of a duration not less than two years",0,0,0,0,0,0,0,0,1,0,0,0,0,0,0,0,0,0,1,1,0
2019-20,33,Tamilnadu,3303,KANCHEEPURAM,330314,"ST.THOMAS MOUNT(RURAL)",1,"Department of Education",6,"SS (I-X)",3,"Higher secondary",1,"Diploma or certificate in basic teachers training of a duration not less than two years",0,0,0,0,1,2,0,0,0,0,0,0,0,0,0,0,0,0,3,1,2
2019-20,33,Tamilnadu,3303,KANCHEEPURAM,330301,KANCHEEPURAM,1,"Department of Education",7,"SS (VI-X)",3,"Higher secondary",1,"Diploma or certificate in basic teachers training of a duration not less than two years",0,0,0,0,0,0,0,0,0,2,0,0,0,0,0,0,0,0,2,0,2
2019-20,33,Tamilnadu,3303,KANCHEEPURAM,330305,KUNDRATHUR,1,"Department of Education",7,"SS (VI-X)",3,"Higher secondary",1,"Diploma or certificate in basic teachers training of a duration not less than two years",0,0,0,0,0,0,0,0,2,1,0,0,0,0,0,0,0,0,3,2,1
2019-20,33,Tamilnadu,3303,KANCHEEPURAM,330311,MADURANTAGAM,1,"Department of Education",7,"SS (VI-X)",3,"Higher secondary",1,"Diploma or certificate in basic teachers training of a duration not less than two years",0,0,0,0,0,0,0,0,0,1,0,0,0,0,0,0,0,0,1,0,1
2019-20,33,Tamilnadu,3303,KANCHEEPURAM,330301,KANCHEEPURAM,1,"Department of Education",1,"PS (I-V)",3,"Higher secondary",3,"B.Ed. or equivalent",0,0,0,0,1,0,0,0,0,0,0,0,0,0,0,0,0,0,1,1,0
2019-20,33,Tamilnadu,3303,KANCHEEPURAM,330302,WALAJABAD,1,"Department of Education",1,"PS (I-V)",3,"Higher secondary",3,"B.Ed. or equivalent",0,0,0,0,0,4,0,0,0,0,0,0,0,0,0,0,0,0,4,0,4
2019-20,33,Tamilnadu,3303,KANCHEEPURAM,330305,KUNDRATHUR,1,"Department of Education",1,"PS (I-V)",3,"Higher secondary",3,"B.Ed. or equivalent",0,0,0,0,1,16,0,0,0,0,0,0,0,0,0,0,0,0,17,1,16
2019-20,33,Tamilnadu,3303,KANCHEEPURAM,330306,THIRUPORUR,1,"Department of Education",1,"PS (I-V)",3,"Higher secondary",3,"B.Ed. or equivalent",0,0,0,0,0,2,0,0,0,0,0,0,0,0,0,0,0,0,2,0,2
2019-20,33,Tamilnadu,3303,KANCHEEPURAM,330310,ACHARAPAKKAM,1,"Department of Education",1,"PS (I-V)",3,"Higher secondary",3,"B.Ed. or equivalent",0,0,0,0,0,1,0,0,0,0,0,0,0,0,0,0,0,0,1,0,1
2019-20,33,Tamilnadu,3303,KANCHEEPURAM,330312,LATHUR,1,"Department of Education",1,"PS (I-V)",3,"Higher secondary",3,"B.Ed. or equivalent",0,0,0,0,0,1,0,0,0,0,0,0,0,0,0,0,0,0,1,0,1
2019-20,33,Tamilnadu,3303,KANCHEEPURAM,330314,"ST.THOMAS MOUNT(RURAL)",1,"Department of Education",1,"PS (I-V)",3,"Higher secondary",3,"B.Ed. or equivalent",0,0,0,0,0,1,0,0,0,0,0,0,0,0,0,0,0,0,1,0,1
2019-20,33,Tamilnadu,3303,KANCHEEPURAM,330301,KANCHEEPURAM,1,"Department of Education",2,"UPS (I-VIII)",3,"Higher secondary",3,"B.Ed. or equivalent",0,0,0,0,0,1,0,0,0,0,0,0,0,0,0,0,0,0,1,0,1
2019-20,33,Tamilnadu,3303,KANCHEEPURAM,330302,WALAJABAD,1,"Department of Education",2,"UPS (I-VIII)",3,"Higher secondary",3,"B.Ed. or equivalent",0,0,0,0,0,1,0,0,0,0,0,0,0,0,0,0,0,0,1,0,1
2019-20,33,Tamilnadu,3303,KANCHEEPURAM,330304,SRIPERUMBUDUR,1,"Department of Education",2,"UPS (I-VIII)",3,"Higher secondary",3,"B.Ed. or equivalent",0,0,0,0,0,0,0,0,0,1,0,0,0,0,0,0,0,0,1,0,1
2019-20,33,Tamilnadu,3303,KANCHEEPURAM,330305,KUNDRATHUR,1,"Department of Education",2,"UPS (I-VIII)",3,"Higher secondary",3,"B.Ed. or equivalent",0,0,0,0,0,2,0,2,0,0,0,0,0,0,0,0,0,0,4,0,4
2019-20,33,Tamilnadu,3303,KANCHEEPURAM,330306,THIRUPORUR,1,"Department of Education",2,"UPS (I-VIII)",3,"Higher secondary",3,"B.Ed. or equivalent",0,0,0,0,0,1,0,0,0,0,0,0,0,0,0,0,0,0,1,0,1
2019-20,33,Tamilnadu,3303,KANCHEEPURAM,330308,THIRUKALUKUNDRAM,1,"Department of Education",2,"UPS (I-VIII)",3,"Higher secondary",3,"B.Ed. or equivalent",0,0,0,0,0,2,0,0,1,0,0,0,0,0,0,0,0,0,3,1,2
2019-20,33,Tamilnadu,3303,KANCHEEPURAM,330310,ACHARAPAKKAM,1,"Department of Education",2,"UPS (I-VIII)",3,"Higher secondary",3,"B.Ed. or equivalent",0,0,0,0,0,0,0,0,0,1,0,0,0,0,0,0,0,0,1,0,1
2019-20,33,Tamilnadu,3303,KANCHEEPURAM,330311,MADURANTAGAM,1,"Department of Education",2,"UPS (I-VIII)",3,"Higher secondary",3,"B.Ed. or equivalent",0,0,0,0,0,1,0,0,0,1,0,0,0,0,0,0,0,0,2,0,2
2019-20,33,Tamilnadu,3303,KANCHEEPURAM,330312,LATHUR,1,"Department of Education",2,"UPS (I-VIII)",3,"Higher secondary",3,"B.Ed. or equivalent",0,0,0,0,0,0,0,0,1,0,0,0,0,0,0,0,0,0,1,1,0
2019-20,33,Tamilnadu,3303,KANCHEEPURAM,330314,"ST.THOMAS MOUNT(RURAL)",1,"Department of Education",2,"UPS (I-VIII)",3,"Higher secondary",3,"B.Ed. or equivalent",0,0,0,0,0,1,0,0,0,0,0,0,0,0,0,0,0,0,1,0,1
2019-20,33,Tamilnadu,3303,KANCHEEPURAM,330303,UTHIRAMERUR,1,"Department of Education",3,"HSS (I-XII)",3,"Higher secondary",3,"B.Ed. or equivalent",0,0,0,0,0,0,0,0,1,0,1,9,0,0,0,0,0,0,11,2,9
2019-20,33,Tamilnadu,3303,KANCHEEPURAM,330301,KANCHEEPURAM,1,"Department of Education",5,"HSS (VI-XII)",3,"Higher secondary",3,"B.Ed. or equivalent",0,0,0,0,0,0,0,0,0,3,0,0,0,0,0,0,0,0,3,0,3
2019-20,33,Tamilnadu,3303,KANCHEEPURAM,330303,UTHIRAMERUR,1,"Department of Education",5,"HSS (VI-XII)",3,"Higher secondary",3,"B.Ed. or equivalent",0,0,0,0,0,0,0,0,1,0,0,3,0,0,0,0,0,0,4,1,3
2019-20,33,Tamilnadu,3303,KANCHEEPURAM,330304,SRIPERUMBUDUR,1,"Department of Education",5,"HSS (VI-XII)",3,"Higher secondary",3,"B.Ed. or equivalent",0,0,0,0,0,0,0,0,0,2,0,1,0,1,0,1,0,0,5,0,5
2019-20,33,Tamilnadu,3303,KANCHEEPURAM,330306,THIRUPORUR,1,"Department of Education",5,"HSS (VI-XII)",3,"Higher secondary",3,"B.Ed. or equivalent",0,0,0,0,0,0,0,0,0,2,1,2,0,0,0,1,2,1,9,3,6
2019-20,33,Tamilnadu,3303,KANCHEEPURAM,330307,KATTANKOLATHUR,1,"Department of Education",5,"HSS (VI-XII)",3,"Higher secondary",3,"B.Ed. or equivalent",0,0,0,0,0,0,0,0,2,2,0,1,0,0,0,0,0,1,6,2,4
2019-20,33,Tamilnadu,3303,KANCHEEPURAM,330308,THIRUKALUKUNDRAM,1,"Department of Education",5,"HSS (VI-XII)",3,"Higher secondary",3,"B.Ed. or equivalent",0,0,0,0,0,0,0,0,0,1,0,1,0,0,0,0,0,0,2,0,2
2019-20,33,Tamilnadu,3303,KANCHEEPURAM,330309,"ST.THOMAS MOUNT(URBAN)",1,"Department of Education",5,"HSS (VI-XII)",3,"Higher secondary",3,"B.Ed. or equivalent",0,0,0,0,0,0,0,0,1,8,0,0,1,0,0,0,0,1,11,2,9
2019-20,33,Tamilnadu,3303,KANCHEEPURAM,330310,ACHARAPAKKAM,1,"Department of Education",5,"HSS (VI-XII)",3,"Higher secondary",3,"B.Ed. or equivalent",0,0,0,0,0,0,0,0,0,0,0,1,0,0,0,0,0,0,1,0,1
2019-20,33,Tamilnadu,3303,KANCHEEPURAM,330312,LATHUR,1,"Department of Education",5,"HSS (VI-XII)",3,"Higher secondary",3,"B.Ed. or equivalent",0,0,0,0,0,0,0,0,0,1,0,0,0,0,0,0,0,0,1,0,1
2019-20,33,Tamilnadu,3303,KANCHEEPURAM,330314,"ST.THOMAS MOUNT(RURAL)",1,"Department of Education",5,"HSS (VI-XII)",3,"Higher secondary",3,"B.Ed. or equivalent",0,0,0,0,0,0,0,0,0,3,0,1,0,0,0,0,1,0,5,1,4
2019-20,33,Tamilnadu,3303,KANCHEEPURAM,330301,KANCHEEPURAM,1,"Department of Education",7,"SS (VI-X)",3,"Higher secondary",3,"B.Ed. or equivalent",0,0,0,0,0,0,0,0,0,0,0,1,0,1,0,0,0,0,2,0,2
2019-20,33,Tamilnadu,3303,KANCHEEPURAM,330303,UTHIRAMERUR,1,"Department of Education",7,"SS (VI-X)",3,"Higher secondary",3,"B.Ed. or equivalent",0,0,0,0,0,0,0,0,1,0,0,0,0,1,0,0,0,0,2,1,1
2019-20,33,Tamilnadu,3303,KANCHEEPURAM,330305,KUNDRATHUR,1,"Department of Education",7,"SS (VI-X)",3,"Higher secondary",3,"B.Ed. or equivalent",0,0,0,0,0,0,0,0,0,1,0,0,0,0,0,0,0,0,1,0,1
2019-20,33,Tamilnadu,3303,KANCHEEPURAM,330306,THIRUPORUR,1,"Department of Education",7,"SS (VI-X)",3,"Higher secondary",3,"B.Ed. or equivalent",0,0,0,0,0,0,0,0,1,0,0,0,0,0,0,0,0,0,1,1,0
2019-20,33,Tamilnadu,3303,KANCHEEPURAM,330307,KATTANKOLATHUR,1,"Department of Education",7,"SS (VI-X)",3,"Higher secondary",3,"B.Ed. or equivalent",0,0,0,0,0,0,0,0,0,0,2,0,0,0,0,0,0,0,2,2,0
2019-20,33,Tamilnadu,3303,KANCHEEPURAM,330311,MADURANTAGAM,1,"Department of Education",7,"SS (VI-X)",3,"Higher secondary",3,"B.Ed. or equivalent",0,0,0,0,0,0,0,0,0,1,0,0,0,0,0,0,0,0,1,0,1
2019-20,33,Tamilnadu,3303,KANCHEEPURAM,330313,CHITHAMUR,1,"Department of Education",7,"SS (VI-X)",3,"Higher secondary",3,"B.Ed. or equivalent",0,0,0,0,0,0,0,0,1,0,0,0,0,0,0,0,0,0,1,1,0
2019-20,33,Tamilnadu,3303,KANCHEEPURAM,330314,"ST.THOMAS MOUNT(RURAL)",1,"Department of Education",7,"SS (VI-X)",3,"Higher secondary",3,"B.Ed. or equivalent",0,0,0,0,0,0,0,0,0,8,0,0,0,0,0,0,0,0,8,0,8
2019-20,33,Tamilnadu,3303,KANCHEEPURAM,330302,WALAJABAD,1,"Department of Education",2,"UPS (I-VIII)",3,"Higher secondary",4,"M.Ed. or equivalent",0,0,0,0,0,0,0,0,0,1,0,0,0,0,0,0,0,0,1,0,1
2019-20,33,Tamilnadu,3303,KANCHEEPURAM,330303,UTHIRAMERUR,1,"Department of Education",3,"HSS (I-XII)",3,"Higher secondary",4,"M.Ed. or equivalent",0,0,0,0,0,0,0,0,0,0,0,0,0,0,0,0,0,1,1,0,1
2019-20,33,Tamilnadu,3303,KANCHEEPURAM,330303,UTHIRAMERUR,1,"Department of Education",5,"HSS (VI-XII)",3,"Higher secondary",4,"M.Ed. or equivalent",0,0,0,0,0,0,0,0,0,0,1,0,0,0,0,0,0,0,1,1,0
2019-20,33,Tamilnadu,3303,KANCHEEPURAM,330306,THIRUPORUR,1,"Department of Education",5,"HSS (VI-XII)",3,"Higher secondary",4,"M.Ed. or equivalent",0,0,0,0,0,0,0,0,0,0,0,0,1,0,0,0,0,0,1,1,0
2019-20,33,Tamilnadu,3303,KANCHEEPURAM,330307,KATTANKOLATHUR,1,"Department of Education",5,"HSS (VI-XII)",3,"Higher secondary",4,"M.Ed. or equivalent",0,0,0,0,0,0,0,0,0,0,0,1,0,0,0,0,0,0,1,0,1
2019-20,33,Tamilnadu,3303,KANCHEEPURAM,330309,"ST.THOMAS MOUNT(URBAN)",1,"Department of Education",5,"HSS (VI-XII)",3,"Higher secondary",4,"M.Ed. or equivalent",0,0,0,0,0,0,0,0,0,0,0,0,0,1,0,0,0,0,1,0,1
2019-20,33,Tamilnadu,3303,KANCHEEPURAM,330310,ACHARAPAKKAM,1,"Department of Education",5,"HSS (VI-XII)",3,"Higher secondary",4,"M.Ed. or equivalent",0,0,0,0,0,0,0,0,0,1,0,0,1,0,0,0,0,0,2,1,1
2019-20,33,Tamilnadu,3303,KANCHEEPURAM,330314,"ST.THOMAS MOUNT(RURAL)",1,"Department of Education",5,"HSS (VI-XII)",3,"Higher secondary",4,"M.Ed. or equivalent",0,0,0,0,0,0,0,0,0,0,0,1,0,0,0,0,0,0,1,0,1
2019-20,33,Tamilnadu,3303,KANCHEEPURAM,330307,KATTANKOLATHUR,1,"Department of Education",1,"PS (I-V)",3,"Higher secondary",5,Others,0,0,0,0,0,1,0,0,0,0,0,0,0,0,0,0,0,0,1,0,1
2019-20,33,Tamilnadu,3303,KANCHEEPURAM,330301,KANCHEEPURAM,1,"Department of Education",2,"UPS (I-VIII)",3,"Higher secondary",5,Others,0,0,0,0,0,0,0,0,0,1,0,0,0,0,0,0,0,0,1,0,1
2019-20,33,Tamilnadu,3303,KANCHEEPURAM,330305,KUNDRATHUR,1,"Department of Education",2,"UPS (I-VIII)",3,"Higher secondary",5,Others,0,0,0,0,0,0,0,0,0,3,0,0,0,0,0,0,0,0,3,0,3
2019-20,33,Tamilnadu,3303,KANCHEEPURAM,330306,THIRUPORUR,1,"Department of Education",2,"UPS (I-VIII)",3,"Higher secondary",5,Others,0,0,0,0,0,0,0,0,0,1,0,0,0,0,0,0,0,0,1,0,1
2019-20,33,Tamilnadu,3303,KANCHEEPURAM,330314,"ST.THOMAS MOUNT(RURAL)",1,"Department of Education",2,"UPS (I-VIII)",3,"Higher secondary",5,Others,0,0,0,0,0,0,0,0,3,0,0,0,0,0,0,0,0,0,3,3,0
2019-20,33,Tamilnadu,3303,KANCHEEPURAM,330303,UTHIRAMERUR,1,"Department of Education",3,"HSS (I-XII)",3,"Higher secondary",5,Others,0,0,0,0,0,0,0,0,1,0,0,1,0,0,0,0,0,0,2,1,1
2019-20,33,Tamilnadu,3303,KANCHEEPURAM,330301,KANCHEEPURAM,1,"Department of Education",5,"HSS (VI-XII)",3,"Higher secondary",5,Others,0,0,0,0,0,0,0,0,2,1,0,1,0,1,0,0,0,0,5,2,3
2019-20,33,Tamilnadu,3303,KANCHEEPURAM,330302,WALAJABAD,1,"Department of Education",5,"HSS (VI-XII)",3,"Higher secondary",5,Others,0,0,0,0,0,0,0,0,0,0,0,0,0,0,2,0,0,0,2,2,0
2019-20,33,Tamilnadu,3303,KANCHEEPURAM,330303,UTHIRAMERUR,1,"Department of Education",5,"HSS (VI-XII)",3,"Higher secondary",5,Others,0,0,0,0,0,0,0,0,0,2,0,0,0,0,0,0,0,0,2,0,2
2019-20,33,Tamilnadu,3303,KANCHEEPURAM,330304,SRIPERUMBUDUR,1,"Department of Education",5,"HSS (VI-XII)",3,"Higher secondary",5,Others,0,0,0,0,0,0,0,0,2,0,0,0,0,1,0,0,0,0,3,2,1
2019-20,33,Tamilnadu,3303,KANCHEEPURAM,330305,KUNDRATHUR,1,"Department of Education",5,"HSS (VI-XII)",3,"Higher secondary",5,Others,0,0,0,0,0,0,0,0,1,2,0,1,0,0,0,0,0,0,4,1,3
2019-20,33,Tamilnadu,3303,KANCHEEPURAM,330306,THIRUPORUR,1,"Department of Education",5,"HSS (VI-XII)",3,"Higher secondary",5,Others,0,0,0,0,0,0,0,0,2,1,0,1,0,0,0,0,0,0,4,2,2
2019-20,33,Tamilnadu,3303,KANCHEEPURAM,330307,KATTANKOLATHUR,1,"Department of Education",5,"HSS (VI-XII)",3,"Higher secondary",5,Others,0,0,0,0,0,0,0,0,0,5,0,0,1,1,0,0,0,0,7,1,6
2019-20,33,Tamilnadu,3303,KANCHEEPURAM,330308,THIRUKALUKUNDRAM,1,"Department of Education",5,"HSS (VI-XII)",3,"Higher secondary",5,Others,0,0,0,0,0,0,0,0,2,2,1,0,0,0,0,0,1,0,6,4,2
2019-20,33,Tamilnadu,3303,KANCHEEPURAM,330309,"ST.THOMAS MOUNT(URBAN)",1,"Department of Education",5,"HSS (VI-XII)",3,"Higher secondary",5,Others,0,0,0,0,0,0,0,0,1,4,0,3,0,0,0,0,0,0,8,1,7
2019-20,33,Tamilnadu,3303,KANCHEEPURAM,330310,ACHARAPAKKAM,1,"Department of Education",5,"HSS (VI-XII)",3,"Higher secondary",5,Others,0,0,0,0,0,0,0,0,2,3,0,1,0,0,0,0,0,0,6,2,4
2019-20,33,Tamilnadu,3303,KANCHEEPURAM,330312,LATHUR,1,"Department of Education",5,"HSS (VI-XII)",3,"Higher secondary",5,Others,0,0,0,0,0,0,0,0,1,0,0,0,0,0,0,0,0,0,1,1,0
2019-20,33,Tamilnadu,3303,KANCHEEPURAM,330313,CHITHAMUR,1,"Department of Education",5,"HSS (VI-XII)",3,"Higher secondary",5,Others,0,0,0,0,0,0,0,0,1,0,0,0,0,0,0,0,0,0,1,1,0
2019-20,33,Tamilnadu,3303,KANCHEEPURAM,330314,"ST.THOMAS MOUNT(RURAL)",1,"Department of Education",5,"HSS (VI-XII)",3,"Higher secondary",5,Others,0,0,0,0,0,0,0,0,0,0,0,1,0,1,0,0,0,1,3,0,3
2019-20,33,Tamilnadu,3303,KANCHEEPURAM,330314,"ST.THOMAS MOUNT(RURAL)",1,"Department of Education",6,"SS (I-X)",3,"Higher secondary",5,Others,0,0,0,0,0,0,0,1,0,0,0,0,0,0,0,0,0,0,1,0,1
2019-20,33,Tamilnadu,3303,KANCHEEPURAM,330301,KANCHEEPURAM,1,"Department of Education",7,"SS (VI-X)",3,"Higher secondary",5,Others,0,0,0,0,0,0,0,0,1,0,0,0,0,0,0,0,0,0,1,1,0
2019-20,33,Tamilnadu,3303,KANCHEEPURAM,330303,UTHIRAMERUR,1,"Department of Education",7,"SS (VI-X)",3,"Higher secondary",5,Others,0,0,0,0,0,0,0,0,1,0,0,0,0,0,0,0,0,0,1,1,0
2019-20,33,Tamilnadu,3303,KANCHEEPURAM,330304,SRIPERUMBUDUR,1,"Department of Education",7,"SS (VI-X)",3,"Higher secondary",5,Others,0,0,0,0,0,0,0,0,2,0,0,2,0,0,0,0,0,0,4,2,2
2019-20,33,Tamilnadu,3303,KANCHEEPURAM,330305,KUNDRATHUR,1,"Department of Education",7,"SS (VI-X)",3,"Higher secondary",5,Others,0,0,0,0,0,0,0,0,2,3,0,0,0,0,0,0,0,0,5,2,3
2019-20,33,Tamilnadu,3303,KANCHEEPURAM,330306,THIRUPORUR,1,"Department of Education",7,"SS (VI-X)",3,"Higher secondary",5,Others,0,0,0,0,0,0,0,0,0,1,0,0,0,0,0,0,0,0,1,0,1
2019-20,33,Tamilnadu,3303,KANCHEEPURAM,330307,KATTANKOLATHUR,1,"Department of Education",7,"SS (VI-X)",3,"Higher secondary",5,Others,0,0,0,0,0,0,0,0,3,1,0,2,0,0,0,0,0,0,6,3,3
2019-20,33,Tamilnadu,3303,KANCHEEPURAM,330308,THIRUKALUKUNDRAM,1,"Department of Education",7,"SS (VI-X)",3,"Higher secondary",5,Others,0,0,0,0,0,0,0,0,1,1,0,0,0,0,0,0,0,0,2,1,1
2019-20,33,Tamilnadu,3303,KANCHEEPURAM,330311,MADURANTAGAM,1,"Department of Education",7,"SS (VI-X)",3,"Higher secondary",5,Others,0,0,0,0,0,0,0,0,0,3,0,0,0,0,0,0,0,0,3,0,3
2019-20,33,Tamilnadu,3303,KANCHEEPURAM,330314,"ST.THOMAS MOUNT(RURAL)",1,"Department of Education",7,"SS (VI-X)",3,"Higher secondary",5,Others,0,0,0,0,0,0,0,0,1,1,0,0,0,0,0,0,0,0,2,1,1
2019-20,33,Tamilnadu,3303,KANCHEEPURAM,330305,KUNDRATHUR,1,"Department of Education",2,"UPS (I-VIII)",3,"Higher secondary",6,None,0,0,0,0,0,0,0,0,1,0,0,0,0,0,0,0,0,0,1,1,0
2019-20,33,Tamilnadu,3303,KANCHEEPURAM,330314,"ST.THOMAS MOUNT(RURAL)",1,"Department of Education",2,"UPS (I-VIII)",3,"Higher secondary",6,None,0,0,0,0,0,0,0,0,1,0,0,0,0,0,0,0,0,0,1,1,0
2019-20,33,Tamilnadu,3303,KANCHEEPURAM,330301,KANCHEEPURAM,1,"Department of Education",5,"HSS (VI-XII)",3,"Higher secondary",6,None,0,0,0,0,0,0,0,0,0,0,0,0,1,0,0,0,0,0,1,1,0
2019-20,33,Tamilnadu,3303,KANCHEEPURAM,330303,UTHIRAMERUR,1,"Department of Education",5,"HSS (VI-XII)",3,"Higher secondary",6,None,0,0,0,0,0,0,0,0,0,1,0,0,0,0,0,0,0,0,1,0,1
2019-20,33,Tamilnadu,3303,KANCHEEPURAM,330305,KUNDRATHUR,1,"Department of Education",5,"HSS (VI-XII)",3,"Higher secondary",6,None,0,0,0,0,0,0,0,0,1,0,0,1,0,0,0,0,0,0,2,1,1
2019-20,33,Tamilnadu,3303,KANCHEEPURAM,330306,THIRUPORUR,1,"Department of Education",5,"HSS (VI-XII)",3,"Higher secondary",6,None,0,0,0,0,0,0,0,0,0,0,0,0,0,0,1,0,0,0,1,1,0
2019-20,33,Tamilnadu,3303,KANCHEEPURAM,330308,THIRUKALUKUNDRAM,1,"Department of Education",5,"HSS (VI-XII)",3,"Higher secondary",6,None,0,0,0,0,0,0,0,0,1,1,0,0,0,0,0,0,0,0,2,1,1
2019-20,33,Tamilnadu,3303,KANCHEEPURAM,330309,"ST.THOMAS MOUNT(URBAN)",1,"Department of Education",5,"HSS (VI-XII)",3,"Higher secondary",6,None,0,0,0,0,0,0,0,0,0,0,1,0,0,0,0,0,0,0,1,1,0
2019-20,33,Tamilnadu,3303,KANCHEEPURAM,330310,ACHARAPAKKAM,1,"Department of Education",5,"HSS (VI-XII)",3,"Higher secondary",6,None,0,0,0,0,0,0,0,0,1,0,0,0,0,0,0,0,0,0,1,1,0
2019-20,33,Tamilnadu,3303,KANCHEEPURAM,330301,KANCHEEPURAM,24,"Private Unaided (Recognized)",1,"PS (I-V)",3,"Higher secondary",3,"B.Ed. or equivalent",0,0,0,0,0,1,0,0,0,0,0,0,0,0,0,0,0,0,1,0,1
2019-20,33,Tamilnadu,3303,KANCHEEPURAM,330303,UTHIRAMERUR,24,"Private Unaided (Recognized)",1,"PS (I-V)",3,"Higher secondary",3,"B.Ed. or equivalent",0,0,0,0,0,3,0,0,0,0,0,0,0,0,0,0,0,0,3,0,3
2019-20,33,Tamilnadu,3303,KANCHEEPURAM,330305,KUNDRATHUR,24,"Private Unaided (Recognized)",1,"PS (I-V)",3,"Higher secondary",3,"B.Ed. or equivalent",0,0,0,0,0,1,0,0,0,0,0,0,0,0,0,0,0,0,1,0,1
2019-20,33,Tamilnadu,3303,KANCHEEPURAM,330309,"ST.THOMAS MOUNT(URBAN)",24,"Private Unaided (Recognized)",1,"PS (I-V)",3,"Higher secondary",3,"B.Ed. or equivalent",0,1,0,0,0,4,0,0,0,0,0,0,0,0,0,0,0,0,5,0,5
2019-20,33,Tamilnadu,3303,KANCHEEPURAM,330301,KANCHEEPURAM,1,"Department of Education",1,"PS (I-V)",4,Graduate,1,"Diploma or certificate in basic teachers training of a duration not less than two years",0,0,0,0,2,9,0,0,0,0,0,0,0,0,0,0,0,0,11,2,9
2019-20,33,Tamilnadu,3303,KANCHEEPURAM,330302,WALAJABAD,1,"Department of Education",1,"PS (I-V)",4,Graduate,1,"Diploma or certificate in basic teachers training of a duration not less than two years",0,0,0,0,3,20,0,0,0,0,0,0,0,0,0,0,0,0,23,3,20
2019-20,33,Tamilnadu,3303,KANCHEEPURAM,330303,UTHIRAMERUR,1,"Department of Education",1,"PS (I-V)",4,Graduate,1,"Diploma or certificate in basic teachers training of a duration not less than two years",0,0,0,0,5,28,0,0,0,0,0,0,0,0,0,0,0,0,33,5,28
2019-20,33,Tamilnadu,3303,KANCHEEPURAM,330304,SRIPERUMBUDUR,1,"Department of Education",1,"PS (I-V)",4,Graduate,1,"Diploma or certificate in basic teachers training of a duration not less than two years",0,0,0,0,4,19,0,0,0,0,0,0,0,0,0,0,0,0,23,4,19
2019-20,33,Tamilnadu,3303,KANCHEEPURAM,330305,KUNDRATHUR,1,"Department of Education",1,"PS (I-V)",4,Graduate,1,"Diploma or certificate in basic teachers training of a duration not less than two years",0,0,0,0,3,20,0,0,0,0,0,0,0,0,0,0,0,0,23,3,20
2019-20,33,Tamilnadu,3303,KANCHEEPURAM,330306,THIRUPORUR,1,"Department of Education",1,"PS (I-V)",4,Graduate,1,"Diploma or certificate in basic teachers training of a duration not less than two years",0,0,0,0,6,14,0,0,0,0,0,0,0,0,0,0,0,0,20,6,14
2019-20,33,Tamilnadu,3303,KANCHEEPURAM,330307,KATTANKOLATHUR,1,"Department of Education",1,"PS (I-V)",4,Graduate,1,"Diploma or certificate in basic teachers training of a duration not less than two years",0,0,0,0,2,21,0,0,0,0,0,0,0,0,0,0,0,0,23,2,21
2019-20,33,Tamilnadu,3303,KANCHEEPURAM,330308,THIRUKALUKUNDRAM,1,"Department of Education",1,"PS (I-V)",4,Graduate,1,"Diploma or certificate in basic teachers training of a duration not less than two years",0,0,0,0,2,20,0,0,0,0,0,0,0,0,0,0,0,0,22,2,20
2019-20,33,Tamilnadu,3303,KANCHEEPURAM,330309,"ST.THOMAS MOUNT(URBAN)",1,"Department of Education",1,"PS (I-V)",4,Graduate,1,"Diploma or certificate in basic teachers training of a duration not less than two years",0,0,0,0,0,1,0,0,0,0,0,0,0,0,0,0,0,0,1,0,1
2019-20,33,Tamilnadu,3303,KANCHEEPURAM,330310,ACHARAPAKKAM,1,"Department of Education",1,"PS (I-V)",4,Graduate,1,"Diploma or certificate in basic teachers training of a duration not less than two years",0,0,0,0,7,8,0,0,0,0,0,0,0,0,0,0,0,0,15,7,8
2019-20,33,Tamilnadu,3303,KANCHEEPURAM,330311,MADURANTAGAM,1,"Department of Education",1,"PS (I-V)",4,Graduate,1,"Diploma or certificate in basic teachers training of a duration not less than two years",0,0,0,0,3,21,0,0,0,0,0,0,0,0,0,0,0,0,24,3,21
2019-20,33,Tamilnadu,3303,KANCHEEPURAM,330312,LATHUR,1,"Department of Education",1,"PS (I-V)",4,Graduate,1,"Diploma or certificate in basic teachers training of a duration not less than two years",0,0,0,0,3,8,0,0,0,0,0,0,0,0,0,0,0,0,11,3,8
2019-20,33,Tamilnadu,3303,KANCHEEPURAM,330313,CHITHAMUR,1,"Department of Education",1,"PS (I-V)",4,Graduate,1,"Diploma or certificate in basic teachers training of a duration not less than two years",0,0,0,0,1,5,0,0,0,0,0,0,0,0,0,0,0,0,6,1,5
2019-20,33,Tamilnadu,3303,KANCHEEPURAM,330314,"ST.THOMAS MOUNT(RURAL)",1,"Department of Education",1,"PS (I-V)",4,Graduate,1,"Diploma or certificate in basic teachers training of a duration not less than two years",0,0,0,0,1,36,0,0,0,0,0,0,0,0,0,0,0,0,37,1,36
2019-20,33,Tamilnadu,3303,KANCHEEPURAM,330301,KANCHEEPURAM,1,"Department of Education",2,"UPS (I-VIII)",4,Graduate,1,"Diploma or certificate in basic teachers training of a duration not less than two years",0,0,0,0,1,10,0,0,0,0,0,0,0,0,0,0,0,0,11,1,10
2019-20,33,Tamilnadu,3303,KANCHEEPURAM,330302,WALAJABAD,1,"Department of Education",2,"UPS (I-VIII)",4,Graduate,1,"Diploma or certificate in basic teachers training of a duration not less than two years",0,0,0,0,0,5,0,0,0,0,0,0,0,0,0,0,0,0,5,0,5
2019-20,33,Tamilnadu,3303,KANCHEEPURAM,330303,UTHIRAMERUR,1,"Department of Education",2,"UPS (I-VIII)",4,Graduate,1,"Diploma or certificate in basic teachers training of a duration not less than two years",0,0,0,0,2,4,0,0,0,0,0,0,0,0,0,0,0,0,6,2,4
2019-20,33,Tamilnadu,3303,KANCHEEPURAM,330304,SRIPERUMBUDUR,1,"Department of Education",2,"UPS (I-VIII)",4,Graduate,1,"Diploma or certificate in basic teachers training of a duration not less than two years",0,0,0,0,1,8,0,0,0,0,0,0,0,0,0,0,0,0,9,1,8
2019-20,33,Tamilnadu,3303,KANCHEEPURAM,330305,KUNDRATHUR,1,"Department of Education",2,"UPS (I-VIII)",4,Graduate,1,"Diploma or certificate in basic teachers training of a duration not less than two years",0,0,0,0,1,10,0,0,0,0,0,0,0,0,0,0,0,0,11,1,10
2019-20,33,Tamilnadu,3303,KANCHEEPURAM,330306,THIRUPORUR,1,"Department of Education",2,"UPS (I-VIII)",4,Graduate,1,"Diploma or certificate in basic teachers training of a duration not less than two years",0,0,0,0,0,6,0,0,0,0,0,0,0,0,0,0,0,0,6,0,6
2019-20,33,Tamilnadu,3303,KANCHEEPURAM,330307,KATTANKOLATHUR,1,"Department of Education",2,"UPS (I-VIII)",4,Graduate,1,"Diploma or certificate in basic teachers training of a duration not less than two years",0,0,0,0,0,7,0,0,0,0,0,0,0,0,0,0,0,0,7,0,7
2019-20,33,Tamilnadu,3303,KANCHEEPURAM,330308,THIRUKALUKUNDRAM,1,"Department of Education",2,"UPS (I-VIII)",4,Graduate,1,"Diploma or certificate in basic teachers training of a duration not less than two years",0,0,0,0,0,11,0,0,0,0,0,0,0,0,0,0,0,0,11,0,11
2019-20,33,Tamilnadu,3303,KANCHEEPURAM,330309,"ST.THOMAS MOUNT(URBAN)",1,"Department of Education",2,"UPS (I-VIII)",4,Graduate,1,"Diploma or certificate in basic teachers training of a duration not less than two years",0,0,0,0,0,2,0,0,0,0,0,0,0,0,0,0,0,0,2,0,2
2019-20,33,Tamilnadu,3303,KANCHEEPURAM,330310,ACHARAPAKKAM,1,"Department of Education",2,"UPS (I-VIII)",4,Graduate,1,"Diploma or certificate in basic teachers training of a duration not less than two years",0,0,0,0,0,4,0,0,0,0,0,0,0,0,0,0,0,0,4,0,4
2019-20,33,Tamilnadu,3303,KANCHEEPURAM,330311,MADURANTAGAM,1,"Department of Education",2,"UPS (I-VIII)",4,Graduate,1,"Diploma or certificate in basic teachers training of a duration not less than two years",0,0,0,0,0,7,0,0,0,0,0,0,0,0,0,0,0,0,7,0,7
2019-20,33,Tamilnadu,3303,KANCHEEPURAM,330312,LATHUR,1,"Department of Education",2,"UPS (I-VIII)",4,Graduate,1,"Diploma or certificate in basic teachers training of a duration not less than two years",0,0,0,0,1,0,0,0,0,0,0,0,0,0,0,0,0,0,1,1,0
2019-20,33,Tamilnadu,3303,KANCHEEPURAM,330313,CHITHAMUR,1,"Department of Education",2,"UPS (I-VIII)",4,Graduate,1,"Diploma or certificate in basic teachers training of a duration not less than two years",0,0,0,0,0,8,0,0,0,0,0,0,0,0,0,0,0,0,8,0,8
2019-20,33,Tamilnadu,3303,KANCHEEPURAM,330314,"ST.THOMAS MOUNT(RURAL)",1,"Department of Education",2,"UPS (I-VIII)",4,Graduate,1,"Diploma or certificate in basic teachers training of a duration not less than two years",0,0,0,0,0,10,0,0,0,0,0,0,0,0,0,0,0,0,10,0,10
2019-20,33,Tamilnadu,3303,KANCHEEPURAM,330304,SRIPERUMBUDUR,1,"Department of Education",5,"HSS (VI-XII)",4,Graduate,1,"Diploma or certificate in basic teachers training of a duration not less than two years",0,0,0,0,0,0,0,0,0,2,0,0,0,0,0,0,0,0,2,0,2
2019-20,33,Tamilnadu,3303,KANCHEEPURAM,330305,KUNDRATHUR,1,"Department of Education",5,"HSS (VI-XII)",4,Graduate,1,"Diploma or certificate in basic teachers training of a duration not less than two years",0,0,0,0,0,0,0,0,0,1,0,0,0,0,0,0,0,0,1,0,1
2019-20,33,Tamilnadu,3303,KANCHEEPURAM,330306,THIRUPORUR,1,"Department of Education",5,"HSS (VI-XII)",4,Graduate,1,"Diploma or certificate in basic teachers training of a duration not less than two years",0,0,0,0,0,0,0,0,0,1,0,0,0,0,0,0,0,0,1,0,1
2019-20,33,Tamilnadu,3303,KANCHEEPURAM,330311,MADURANTAGAM,1,"Department of Education",5,"HSS (VI-XII)",4,Graduate,1,"Diploma or certificate in basic teachers training of a duration not less than two years",0,0,0,0,0,0,0,0,0,1,0,0,0,0,0,0,0,0,1,0,1
2019-20,33,Tamilnadu,3303,KANCHEEPURAM,330311,MADURANTAGAM,1,"Department of Education",7,"SS (VI-X)",4,Graduate,1,"Diploma or certificate in basic teachers training of a duration not less than two years",0,0,0,0,0,0,0,0,1,0,0,0,0,0,0,0,0,0,1,1,0
2019-20,33,Tamilnadu,3303,KANCHEEPURAM,330313,CHITHAMUR,1,"Department of Education",7,"SS (VI-X)",4,Graduate,1,"Diploma or certificate in basic teachers training of a duration not less than two years",0,0,0,0,0,0,0,0,0,1,0,0,0,0,0,0,0,0,1,0,1
2019-20,33,Tamilnadu,3303,KANCHEEPURAM,330304,SRIPERUMBUDUR,24,"Private Unaided (Recognized)",2,"UPS (I-VIII)",3,"Higher secondary",3,"B.Ed. or equivalent",0,0,0,0,0,0,0,0,0,1,0,0,0,0,0,0,0,0,1,0,1
2019-20,33,Tamilnadu,3303,KANCHEEPURAM,330305,KUNDRATHUR,24,"Private Unaided (Recognized)",1,"PS (I-V)",3,"Higher secondary",4,"M.Ed. or equivalent",0,0,0,0,0,3,0,0,0,0,0,0,0,0,0,0,0,0,3,0,3
2019-20,33,Tamilnadu,3303,KANCHEEPURAM,330302,WALAJABAD,1,"Department of Education",5,"HSS (VI-XII)",5,"Post graduate",3,"B.Ed. or equivalent",0,0,0,0,0,0,0,0,2,7,14,61,3,7,7,3,13,14,131,39,92
2019-20,33,Tamilnadu,3303,KANCHEEPURAM,330301,KANCHEEPURAM,24,"Private Unaided (Recognized)",1,"PS (I-V)",4,Graduate,4,"M.Ed. or equivalent",0,0,0,0,0,3,0,0,0,0,0,0,0,0,0,0,0,0,3,0,3
2019-20,33,Tamilnadu,3303,KANCHEEPURAM,330303,UTHIRAMERUR,24,"Private Unaided (Recognized)",1,"PS (I-V)",4,Graduate,4,"M.Ed. or equivalent",0,0,0,0,1,2,0,0,0,0,0,0,0,0,0,0,0,0,3,1,2
2019-20,33,Tamilnadu,3303,KANCHEEPURAM,330305,KUNDRATHUR,24,"Private Unaided (Recognized)",1,"PS (I-V)",4,Graduate,4,"M.Ed. or equivalent",0,0,0,0,0,3,0,0,0,0,0,0,0,0,0,0,0,0,3,0,3
2019-20,33,Tamilnadu,3303,KANCHEEPURAM,330301,KANCHEEPURAM,1,"Department of Education",1,"PS (I-V)",4,Graduate,3,"B.Ed. or equivalent",0,0,0,0,1,11,0,0,0,0,0,0,0,0,0,0,0,0,12,1,11
2019-20,33,Tamilnadu,3303,KANCHEEPURAM,330302,WALAJABAD,1,"Department of Education",1,"PS (I-V)",4,Graduate,3,"B.Ed. or equivalent",0,0,0,0,3,21,0,0,0,0,0,0,0,0,0,0,0,0,24,3,21
2019-20,33,Tamilnadu,3303,KANCHEEPURAM,330303,UTHIRAMERUR,1,"Department of Education",1,"PS (I-V)",4,Graduate,3,"B.Ed. or equivalent",0,0,0,0,6,25,0,0,0,0,0,0,0,0,0,0,0,0,31,6,25
2019-20,33,Tamilnadu,3303,KANCHEEPURAM,330304,SRIPERUMBUDUR,1,"Department of Education",1,"PS (I-V)",4,Graduate,3,"B.Ed. or equivalent",0,0,0,0,3,19,0,0,0,0,0,0,0,0,0,0,0,0,22,3,19
2019-20,33,Tamilnadu,3303,KANCHEEPURAM,330305,KUNDRATHUR,1,"Department of Education",1,"PS (I-V)",4,Graduate,3,"B.Ed. or equivalent",0,0,0,0,1,6,0,0,0,0,0,0,0,0,0,0,0,0,7,1,6
2019-20,33,Tamilnadu,3303,KANCHEEPURAM,330306,THIRUPORUR,1,"Department of Education",1,"PS (I-V)",4,Graduate,3,"B.Ed. or equivalent",0,0,0,0,1,26,0,0,0,0,0,0,0,0,0,0,0,0,27,1,26
2019-20,33,Tamilnadu,3303,KANCHEEPURAM,330307,KATTANKOLATHUR,1,"Department of Education",1,"PS (I-V)",4,Graduate,3,"B.Ed. or equivalent",0,0,0,0,0,16,0,0,0,0,0,0,0,0,0,0,0,0,16,0,16
2019-20,33,Tamilnadu,3303,KANCHEEPURAM,330308,THIRUKALUKUNDRAM,1,"Department of Education",1,"PS (I-V)",4,Graduate,3,"B.Ed. or equivalent",0,0,0,0,5,23,0,0,0,0,0,0,0,0,0,0,0,0,28,5,23
2019-20,33,Tamilnadu,3303,KANCHEEPURAM,330310,ACHARAPAKKAM,1,"Department of Education",1,"PS (I-V)",4,Graduate,3,"B.Ed. or equivalent",0,0,0,0,2,11,0,0,0,0,0,0,0,0,0,0,0,0,13,2,11
2019-20,33,Tamilnadu,3303,KANCHEEPURAM,330311,MADURANTAGAM,1,"Department of Education",1,"PS (I-V)",4,Graduate,3,"B.Ed. or equivalent",0,0,0,0,5,23,0,0,0,0,0,0,0,0,0,0,0,0,28,5,23
2019-20,33,Tamilnadu,3303,KANCHEEPURAM,330312,LATHUR,1,"Department of Education",1,"PS (I-V)",4,Graduate,3,"B.Ed. or equivalent",0,0,0,0,5,16,0,0,0,0,0,0,0,0,0,0,0,0,21,5,16
2019-20,33,Tamilnadu,3303,KANCHEEPURAM,330313,CHITHAMUR,1,"Department of Education",1,"PS (I-V)",4,Graduate,3,"B.Ed. or equivalent",0,0,0,0,6,15,0,0,0,0,0,0,0,0,0,0,0,0,21,6,15
2019-20,33,Tamilnadu,3303,KANCHEEPURAM,330314,"ST.THOMAS MOUNT(RURAL)",1,"Department of Education",1,"PS (I-V)",4,Graduate,3,"B.Ed. or equivalent",0,0,0,0,1,19,0,0,0,0,0,0,0,0,0,0,0,0,20,1,19
2019-20,33,Tamilnadu,3303,KANCHEEPURAM,330301,KANCHEEPURAM,1,"Department of Education",2,"UPS (I-VIII)",4,Graduate,3,"B.Ed. or equivalent",0,0,0,0,4,10,0,0,1,11,0,0,0,0,0,0,0,0,26,5,21
2019-20,33,Tamilnadu,3303,KANCHEEPURAM,330302,WALAJABAD,1,"Department of Education",2,"UPS (I-VIII)",4,Graduate,3,"B.Ed. or equivalent",0,0,0,0,2,10,0,2,2,13,0,0,0,0,0,0,0,0,29,4,25
2019-20,33,Tamilnadu,3303,KANCHEEPURAM,330303,UTHIRAMERUR,1,"Department of Education",2,"UPS (I-VIII)",4,Graduate,3,"B.Ed. or equivalent",0,0,0,0,5,14,0,0,2,9,0,0,0,0,0,0,0,0,30,7,23
2019-20,33,Tamilnadu,3303,KANCHEEPURAM,330304,SRIPERUMBUDUR,1,"Department of Education",2,"UPS (I-VIII)",4,Graduate,3,"B.Ed. or equivalent",0,0,0,0,1,9,0,1,3,11,0,0,0,0,0,0,0,0,25,4,21
2019-20,33,Tamilnadu,3303,KANCHEEPURAM,330305,KUNDRATHUR,1,"Department of Education",2,"UPS (I-VIII)",4,Graduate,3,"B.Ed. or equivalent",0,0,0,0,4,10,0,1,5,6,0,0,0,0,0,0,0,0,26,9,17
2019-20,33,Tamilnadu,3303,KANCHEEPURAM,330306,THIRUPORUR,1,"Department of Education",2,"UPS (I-VIII)",4,Graduate,3,"B.Ed. or equivalent",0,0,0,0,0,6,1,0,0,10,0,0,0,0,0,0,0,0,17,1,16
2019-20,33,Tamilnadu,3303,KANCHEEPURAM,330307,KATTANKOLATHUR,1,"Department of Education",2,"UPS (I-VIII)",4,Graduate,3,"B.Ed. or equivalent",0,0,0,0,3,14,0,0,0,13,0,0,0,0,0,0,0,0,30,3,27
2019-20,33,Tamilnadu,3303,KANCHEEPURAM,330308,THIRUKALUKUNDRAM,1,"Department of Education",2,"UPS (I-VIII)",4,Graduate,3,"B.Ed. or equivalent",0,0,0,0,3,12,0,0,5,13,0,0,0,0,0,0,0,0,33,8,25
2019-20,33,Tamilnadu,3303,KANCHEEPURAM,330309,"ST.THOMAS MOUNT(URBAN)",1,"Department of Education",2,"UPS (I-VIII)",4,Graduate,3,"B.Ed. or equivalent",0,0,0,0,0,0,0,0,0,2,0,0,0,0,0,0,0,0,2,0,2
2019-20,33,Tamilnadu,3303,KANCHEEPURAM,330310,ACHARAPAKKAM,1,"Department of Education",2,"UPS (I-VIII)",4,Graduate,3,"B.Ed. or equivalent",0,0,0,0,5,8,1,0,5,12,0,0,0,0,0,0,0,0,31,11,20
2019-20,33,Tamilnadu,3303,KANCHEEPURAM,330311,MADURANTAGAM,1,"Department of Education",2,"UPS (I-VIII)",4,Graduate,3,"B.Ed. or equivalent",0,0,0,0,2,11,0,2,5,10,0,0,0,0,0,0,0,0,30,7,23
2019-20,33,Tamilnadu,3303,KANCHEEPURAM,330312,LATHUR,1,"Department of Education",2,"UPS (I-VIII)",4,Graduate,3,"B.Ed. or equivalent",0,0,0,0,1,4,1,1,1,8,0,0,0,0,0,0,0,0,16,3,13
2019-20,33,Tamilnadu,3303,KANCHEEPURAM,330313,CHITHAMUR,1,"Department of Education",2,"UPS (I-VIII)",4,Graduate,3,"B.Ed. or equivalent",0,0,0,0,3,8,0,0,2,9,0,0,0,0,0,0,0,0,22,5,17
2019-20,33,Tamilnadu,3303,KANCHEEPURAM,330314,"ST.THOMAS MOUNT(RURAL)",1,"Department of Education",2,"UPS (I-VIII)",4,Graduate,3,"B.Ed. or equivalent",0,0,0,0,0,16,0,0,5,22,0,0,0,0,0,0,0,0,43,5,38
2019-20,33,Tamilnadu,3303,KANCHEEPURAM,330303,UTHIRAMERUR,1,"Department of Education",3,"HSS (I-XII)",4,Graduate,3,"B.Ed. or equivalent",0,0,0,0,0,1,1,0,0,1,0,5,0,0,0,2,0,0,10,1,9
2019-20,33,Tamilnadu,3303,KANCHEEPURAM,330307,KATTANKOLATHUR,1,"Department of Education",3,"HSS (I-XII)",4,Graduate,3,"B.Ed. or equivalent",0,0,0,0,0,0,0,0,0,0,0,0,1,1,0,0,0,0,2,1,1
2019-20,33,Tamilnadu,3303,KANCHEEPURAM,330301,KANCHEEPURAM,1,"Department of Education",5,"HSS (VI-XII)",4,Graduate,3,"B.Ed. or equivalent",0,0,0,0,0,0,0,0,4,3,0,6,2,8,0,1,0,1,25,6,19
2019-20,33,Tamilnadu,3303,KANCHEEPURAM,330302,WALAJABAD,1,"Department of Education",5,"HSS (VI-XII)",4,Graduate,3,"B.Ed. or equivalent",0,0,0,0,0,0,0,0,2,2,1,19,0,1,0,1,1,0,27,4,23
2019-20,33,Tamilnadu,3303,KANCHEEPURAM,330303,UTHIRAMERUR,1,"Department of Education",5,"HSS (VI-XII)",4,Graduate,3,"B.Ed. or equivalent",0,0,0,0,0,0,0,0,2,3,1,8,1,1,4,0,0,0,20,8,12
2019-20,33,Tamilnadu,3303,KANCHEEPURAM,330304,SRIPERUMBUDUR,1,"Department of Education",5,"HSS (VI-XII)",4,Graduate,3,"B.Ed. or equivalent",0,0,0,0,0,0,0,0,0,2,2,10,0,7,0,1,2,2,26,4,22
2019-20,33,Tamilnadu,3303,KANCHEEPURAM,330305,KUNDRATHUR,1,"Department of Education",5,"HSS (VI-XII)",4,Graduate,3,"B.Ed. or equivalent",0,0,0,0,0,0,0,0,4,8,0,9,1,6,0,1,0,2,31,5,26
2019-20,33,Tamilnadu,3303,KANCHEEPURAM,330306,THIRUPORUR,1,"Department of Education",5,"HSS (VI-XII)",4,Graduate,3,"B.Ed. or equivalent",0,0,0,0,0,0,0,0,2,4,1,12,0,6,1,3,1,0,30,5,25
2019-20,33,Tamilnadu,3303,KANCHEEPURAM,330307,KATTANKOLATHUR,1,"Department of Education",5,"HSS (VI-XII)",4,Graduate,3,"B.Ed. or equivalent",0,0,0,0,0,0,0,0,1,5,0,8,1,8,0,0,0,2,25,2,23
2019-20,33,Tamilnadu,3303,KANCHEEPURAM,330308,THIRUKALUKUNDRAM,1,"Department of Education",5,"HSS (VI-XII)",4,Graduate,3,"B.Ed. or equivalent",0,0,0,0,0,0,0,0,4,5,1,24,0,0,1,0,0,2,37,6,31
2019-20,33,Tamilnadu,3303,KANCHEEPURAM,330309,"ST.THOMAS MOUNT(URBAN)",1,"Department of Education",5,"HSS (VI-XII)",4,Graduate,3,"B.Ed. or equivalent",0,0,0,0,0,0,0,0,2,9,0,8,2,17,0,2,1,0,41,5,36
2019-20,33,Tamilnadu,3303,KANCHEEPURAM,330310,ACHARAPAKKAM,1,"Department of Education",5,"HSS (VI-XII)",4,Graduate,3,"B.Ed. or equivalent",0,0,0,0,0,0,0,0,2,5,2,6,0,2,0,1,0,0,18,4,14
2019-20,33,Tamilnadu,3303,KANCHEEPURAM,330311,MADURANTAGAM,1,"Department of Education",5,"HSS (VI-XII)",4,Graduate,3,"B.Ed. or equivalent",0,0,0,0,0,0,0,0,0,3,1,9,0,0,0,1,1,0,15,2,13
2019-20,33,Tamilnadu,3303,KANCHEEPURAM,330312,LATHUR,1,"Department of Education",5,"HSS (VI-XII)",4,Graduate,3,"B.Ed. or equivalent",0,0,0,0,0,0,0,0,1,1,1,6,0,2,0,1,0,0,12,2,10
2019-20,33,Tamilnadu,3303,KANCHEEPURAM,330313,CHITHAMUR,1,"Department of Education",5,"HSS (VI-XII)",4,Graduate,3,"B.Ed. or equivalent",0,0,0,0,0,0,0,0,2,0,0,3,0,3,0,1,0,0,9,2,7
2019-20,33,Tamilnadu,3303,KANCHEEPURAM,330314,"ST.THOMAS MOUNT(RURAL)",1,"Department of Education",5,"HSS (VI-XII)",4,Graduate,3,"B.Ed. or equivalent",0,0,0,0,0,0,0,0,3,8,3,28,0,7,1,0,0,0,50,7,43
2019-20,33,Tamilnadu,3303,KANCHEEPURAM,330314,"ST.THOMAS MOUNT(RURAL)",1,"Department of Education",6,"SS (I-X)",4,Graduate,3,"B.Ed. or equivalent",0,0,0,0,0,0,0,0,0,0,1,3,0,0,0,0,0,0,4,1,3
2019-20,33,Tamilnadu,3303,KANCHEEPURAM,330301,KANCHEEPURAM,1,"Department of Education",7,"SS (VI-X)",4,Graduate,3,"B.Ed. or equivalent",0,0,0,0,0,0,0,0,2,0,4,2,2,1,0,0,0,0,11,8,3
2019-20,33,Tamilnadu,3303,KANCHEEPURAM,330302,WALAJABAD,1,"Department of Education",7,"SS (VI-X)",4,Graduate,3,"B.Ed. or equivalent",0,0,0,0,0,0,0,0,0,1,2,2,0,2,0,0,0,0,7,2,5
2019-20,33,Tamilnadu,3303,KANCHEEPURAM,330303,UTHIRAMERUR,1,"Department of Education",7,"SS (VI-X)",4,Graduate,3,"B.Ed. or equivalent",0,0,0,0,0,0,0,0,0,0,0,1,1,4,0,0,0,0,6,1,5
2019-20,33,Tamilnadu,3303,KANCHEEPURAM,330304,SRIPERUMBUDUR,1,"Department of Education",7,"SS (VI-X)",4,Graduate,3,"B.Ed. or equivalent",0,0,0,0,0,0,0,0,5,2,1,6,1,2,0,0,0,0,17,7,10
2019-20,33,Tamilnadu,3303,KANCHEEPURAM,330305,KUNDRATHUR,1,"Department of Education",7,"SS (VI-X)",4,Graduate,3,"B.Ed. or equivalent",0,0,0,0,0,0,0,0,1,6,2,10,0,7,0,0,0,0,26,3,23
2019-20,33,Tamilnadu,3303,KANCHEEPURAM,330306,THIRUPORUR,1,"Department of Education",7,"SS (VI-X)",4,Graduate,3,"B.Ed. or equivalent",0,0,0,0,0,0,0,0,1,4,1,8,0,0,0,0,0,0,14,2,12
2019-20,33,Tamilnadu,3303,KANCHEEPURAM,330307,KATTANKOLATHUR,1,"Department of Education",7,"SS (VI-X)",4,Graduate,3,"B.Ed. or equivalent",0,0,0,0,0,0,0,0,2,7,5,13,0,3,0,0,0,0,30,7,23
2019-20,33,Tamilnadu,3303,KANCHEEPURAM,330308,THIRUKALUKUNDRAM,1,"Department of Education",7,"SS (VI-X)",4,Graduate,3,"B.Ed. or equivalent",0,0,0,0,0,0,0,0,3,2,1,4,1,1,0,0,0,0,12,5,7
2019-20,33,Tamilnadu,3303,KANCHEEPURAM,330310,ACHARAPAKKAM,1,"Department of Education",7,"SS (VI-X)",4,Graduate,3,"B.Ed. or equivalent",0,0,0,0,0,0,0,0,1,2,0,2,0,1,0,0,0,0,6,1,5
2019-20,33,Tamilnadu,3303,KANCHEEPURAM,330311,MADURANTAGAM,1,"Department of Education",7,"SS (VI-X)",4,Graduate,3,"B.Ed. or equivalent",0,0,0,0,0,0,0,0,4,2,2,4,1,0,0,0,0,0,13,7,6
2019-20,33,Tamilnadu,3303,KANCHEEPURAM,330312,LATHUR,1,"Department of Education",7,"SS (VI-X)",4,Graduate,3,"B.Ed. or equivalent",0,0,0,0,0,0,0,0,0,1,2,4,0,0,0,0,0,0,7,2,5
2019-20,33,Tamilnadu,3303,KANCHEEPURAM,330313,CHITHAMUR,1,"Department of Education",7,"SS (VI-X)",4,Graduate,3,"B.Ed. or equivalent",0,0,0,0,0,0,0,0,0,0,1,0,0,2,0,0,0,0,3,1,2
2019-20,33,Tamilnadu,3303,KANCHEEPURAM,330314,"ST.THOMAS MOUNT(RURAL)",1,"Department of Education",7,"SS (VI-X)",4,Graduate,3,"B.Ed. or equivalent",0,0,0,0,0,0,0,0,2,6,2,7,1,1,0,0,0,0,19,5,14
2019-20,33,Tamilnadu,3303,KANCHEEPURAM,330306,THIRUPORUR,1,"Department of Education",1,"PS (I-V)",4,Graduate,4,"M.Ed. or equivalent",0,0,0,0,0,1,0,0,0,0,0,0,0,0,0,0,0,0,1,0,1
2019-20,33,Tamilnadu,3303,KANCHEEPURAM,330314,"ST.THOMAS MOUNT(RURAL)",1,"Department of Education",1,"PS (I-V)",4,Graduate,4,"M.Ed. or equivalent",0,0,0,0,0,1,0,0,0,0,0,0,0,0,0,0,0,0,1,0,1
2019-20,33,Tamilnadu,3303,KANCHEEPURAM,330301,KANCHEEPURAM,1,"Department of Education",2,"UPS (I-VIII)",4,Graduate,4,"M.Ed. or equivalent",0,0,0,0,0,0,0,0,0,3,0,0,0,0,0,0,0,0,3,0,3
2019-20,33,Tamilnadu,3303,KANCHEEPURAM,330303,UTHIRAMERUR,1,"Department of Education",2,"UPS (I-VIII)",4,Graduate,4,"M.Ed. or equivalent",0,0,0,0,0,0,0,0,0,1,0,0,0,0,0,0,0,0,1,0,1
2019-20,33,Tamilnadu,3303,KANCHEEPURAM,330304,SRIPERUMBUDUR,1,"Department of Education",2,"UPS (I-VIII)",4,Graduate,4,"M.Ed. or equivalent",0,0,0,0,0,0,0,0,0,2,0,0,0,0,0,0,0,0,2,0,2
2019-20,33,Tamilnadu,3303,KANCHEEPURAM,330305,KUNDRATHUR,1,"Department of Education",2,"UPS (I-VIII)",4,Graduate,4,"M.Ed. or equivalent",0,0,0,0,0,0,0,0,0,2,0,0,0,0,0,0,0,0,2,0,2
2019-20,33,Tamilnadu,3303,KANCHEEPURAM,330307,KATTANKOLATHUR,1,"Department of Education",2,"UPS (I-VIII)",4,Graduate,4,"M.Ed. or equivalent",0,0,0,0,0,0,0,0,0,1,0,0,0,0,0,0,0,0,1,0,1
2019-20,33,Tamilnadu,3303,KANCHEEPURAM,330308,THIRUKALUKUNDRAM,1,"Department of Education",2,"UPS (I-VIII)",4,Graduate,4,"M.Ed. or equivalent",0,0,0,0,0,0,0,0,0,1,0,0,0,0,0,0,0,0,1,0,1
2019-20,33,Tamilnadu,3303,KANCHEEPURAM,330309,"ST.THOMAS MOUNT(URBAN)",1,"Department of Education",2,"UPS (I-VIII)",4,Graduate,4,"M.Ed. or equivalent",0,0,0,0,0,0,0,0,0,1,0,0,0,0,0,0,0,0,1,0,1
2019-20,33,Tamilnadu,3303,KANCHEEPURAM,330311,MADURANTAGAM,1,"Department of Education",2,"UPS (I-VIII)",4,Graduate,4,"M.Ed. or equivalent",0,0,0,0,0,0,0,0,1,1,0,0,0,0,0,0,0,0,2,1,1
2019-20,33,Tamilnadu,3303,KANCHEEPURAM,330313,CHITHAMUR,1,"Department of Education",2,"UPS (I-VIII)",4,Graduate,4,"M.Ed. or equivalent",0,0,0,0,0,0,0,0,1,0,0,0,0,0,0,0,0,0,1,1,0
2019-20,33,Tamilnadu,3303,KANCHEEPURAM,330314,"ST.THOMAS MOUNT(RURAL)",1,"Department of Education",2,"UPS (I-VIII)",4,Graduate,4,"M.Ed. or equivalent",0,0,0,0,0,0,0,0,0,1,0,0,0,0,0,0,0,0,1,0,1
2019-20,33,Tamilnadu,3303,KANCHEEPURAM,330301,KANCHEEPURAM,1,"Department of Education",5,"HSS (VI-XII)",4,Graduate,4,"M.Ed. or equivalent",0,0,0,0,0,0,0,0,0,0,0,1,0,0,0,0,1,0,2,1,1
2019-20,33,Tamilnadu,3303,KANCHEEPURAM,330302,WALAJABAD,1,"Department of Education",5,"HSS (VI-XII)",4,Graduate,4,"M.Ed. or equivalent",0,0,0,0,0,0,0,0,0,0,0,3,0,0,0,0,0,0,3,0,3
2019-20,33,Tamilnadu,3303,KANCHEEPURAM,330303,UTHIRAMERUR,1,"Department of Education",5,"HSS (VI-XII)",4,Graduate,4,"M.Ed. or equivalent",0,0,0,0,0,0,0,0,0,1,0,0,1,0,0,0,0,0,2,1,1
2019-20,33,Tamilnadu,3303,KANCHEEPURAM,330304,SRIPERUMBUDUR,1,"Department of Education",5,"HSS (VI-XII)",4,Graduate,4,"M.Ed. or equivalent",0,0,0,0,0,0,0,0,0,0,1,1,0,1,0,0,0,0,3,1,2
2019-20,33,Tamilnadu,3303,KANCHEEPURAM,330305,KUNDRATHUR,1,"Department of Education",5,"HSS (VI-XII)",4,Graduate,4,"M.Ed. or equivalent",0,0,0,0,0,0,0,0,0,0,0,1,1,3,0,0,0,0,5,1,4
2019-20,33,Tamilnadu,3303,KANCHEEPURAM,330307,KATTANKOLATHUR,1,"Department of Education",5,"HSS (VI-XII)",4,Graduate,4,"M.Ed. or equivalent",0,0,0,0,0,0,0,0,1,1,0,1,0,2,0,0,0,0,5,1,4
2019-20,33,Tamilnadu,3303,KANCHEEPURAM,330309,"ST.THOMAS MOUNT(URBAN)",1,"Department of Education",5,"HSS (VI-XII)",4,Graduate,4,"M.Ed. or equivalent",0,0,0,0,0,0,0,0,0,0,0,0,0,3,0,0,0,0,3,0,3
2019-20,33,Tamilnadu,3303,KANCHEEPURAM,330310,ACHARAPAKKAM,1,"Department of Education",5,"HSS (VI-XII)",4,Graduate,4,"M.Ed. or equivalent",0,0,0,0,0,0,0,0,1,0,0,0,0,1,0,0,0,0,2,1,1
2019-20,33,Tamilnadu,3303,KANCHEEPURAM,330313,CHITHAMUR,1,"Department of Education",5,"HSS (VI-XII)",4,Graduate,4,"M.Ed. or equivalent",0,0,0,0,0,0,0,0,0,0,0,0,1,0,0,0,0,0,1,1,0
2019-20,33,Tamilnadu,3303,KANCHEEPURAM,330314,"ST.THOMAS MOUNT(RURAL)",1,"Department of Education",5,"HSS (VI-XII)",4,Graduate,4,"M.Ed. or equivalent",0,0,0,0,0,0,0,0,0,0,1,1,0,0,0,0,0,0,2,1,1
2019-20,33,Tamilnadu,3303,KANCHEEPURAM,330302,WALAJABAD,1,"Department of Education",7,"SS (VI-X)",4,Graduate,4,"M.Ed. or equivalent",0,0,0,0,0,0,0,0,0,0,0,0,1,0,0,0,0,0,1,1,0
2019-20,33,Tamilnadu,3303,KANCHEEPURAM,330303,UTHIRAMERUR,1,"Department of Education",7,"SS (VI-X)",4,Graduate,4,"M.Ed. or equivalent",0,0,0,0,0,0,0,0,0,1,0,0,0,0,0,0,0,0,1,0,1
2019-20,33,Tamilnadu,3303,KANCHEEPURAM,330304,SRIPERUMBUDUR,1,"Department of Education",7,"SS (VI-X)",4,Graduate,4,"M.Ed. or equivalent",0,0,0,0,0,0,0,0,0,0,1,1,0,0,0,0,0,0,2,1,1
2019-20,33,Tamilnadu,3303,KANCHEEPURAM,330305,KUNDRATHUR,1,"Department of Education",7,"SS (VI-X)",4,Graduate,4,"M.Ed. or equivalent",0,0,0,0,0,0,0,0,1,0,1,0,0,0,0,0,0,0,2,2,0
2019-20,33,Tamilnadu,3303,KANCHEEPURAM,330306,THIRUPORUR,1,"Department of Education",7,"SS (VI-X)",4,Graduate,4,"M.Ed. or equivalent",0,0,0,0,0,0,0,0,0,0,0,1,0,0,0,0,0,0,1,0,1
2019-20,33,Tamilnadu,3303,KANCHEEPURAM,330307,KATTANKOLATHUR,1,"Department of Education",7,"SS (VI-X)",4,Graduate,4,"M.Ed. or equivalent",0,0,0,0,0,0,0,0,0,2,0,0,0,0,0,0,0,0,2,0,2
2019-20,33,Tamilnadu,3303,KANCHEEPURAM,330308,THIRUKALUKUNDRAM,1,"Department of Education",7,"SS (VI-X)",4,Graduate,4,"M.Ed. or equivalent",0,0,0,0,0,0,0,0,0,0,0,0,1,0,0,0,0,0,1,1,0
2019-20,33,Tamilnadu,3303,KANCHEEPURAM,330310,ACHARAPAKKAM,1,"Department of Education",7,"SS (VI-X)",4,Graduate,4,"M.Ed. or equivalent",0,0,0,0,0,0,0,0,0,0,0,0,1,0,0,0,0,0,1,1,0
2019-20,33,Tamilnadu,3303,KANCHEEPURAM,330311,MADURANTAGAM,1,"Department of Education",7,"SS (VI-X)",4,Graduate,4,"M.Ed. or equivalent",0,0,0,0,0,0,0,0,0,0,0,1,0,1,0,0,0,0,2,0,2
2019-20,33,Tamilnadu,3303,KANCHEEPURAM,330312,LATHUR,1,"Department of Education",7,"SS (VI-X)",4,Graduate,4,"M.Ed. or equivalent",0,0,0,0,0,0,0,0,0,0,1,0,0,0,0,0,0,0,1,1,0
2019-20,33,Tamilnadu,3303,KANCHEEPURAM,330313,CHITHAMUR,1,"Department of Education",7,"SS (VI-X)",4,Graduate,4,"M.Ed. or equivalent",0,0,0,0,0,0,0,0,0,0,0,0,1,0,0,0,0,0,1,1,0
2019-20,33,Tamilnadu,3303,KANCHEEPURAM,330314,"ST.THOMAS MOUNT(RURAL)",1,"Department of Education",7,"SS (VI-X)",4,Graduate,4,"M.Ed. or equivalent",0,0,0,0,0,0,0,0,0,1,0,0,0,0,0,0,0,0,1,0,1
2019-20,33,Tamilnadu,3303,KANCHEEPURAM,330303,UTHIRAMERUR,1,"Department of Education",1,"PS (I-V)",4,Graduate,5,Others,0,0,0,0,0,1,0,0,0,0,0,0,0,0,0,0,0,0,1,0,1
2019-20,33,Tamilnadu,3303,KANCHEEPURAM,330301,KANCHEEPURAM,1,"Department of Education",2,"UPS (I-VIII)",4,Graduate,5,Others,0,0,0,0,0,0,0,0,1,1,0,0,0,0,0,0,0,0,2,1,1
2019-20,33,Tamilnadu,3303,KANCHEEPURAM,330305,KUNDRATHUR,1,"Department of Education",2,"UPS (I-VIII)",4,Graduate,5,Others,0,0,0,0,0,0,0,0,0,2,0,0,0,0,0,0,0,0,2,0,2
2019-20,33,Tamilnadu,3303,KANCHEEPURAM,330314,"ST.THOMAS MOUNT(RURAL)",1,"Department of Education",2,"UPS (I-VIII)",4,Graduate,5,Others,0,0,0,0,0,0,0,0,2,1,0,0,0,0,0,0,0,0,3,2,1
2019-20,33,Tamilnadu,3303,KANCHEEPURAM,330303,UTHIRAMERUR,1,"Department of Education",3,"HSS (I-XII)",4,Graduate,5,Others,0,0,0,0,0,0,0,0,0,1,0,1,0,0,0,0,0,0,2,0,2
2019-20,33,Tamilnadu,3303,KANCHEEPURAM,330301,KANCHEEPURAM,1,"Department of Education",5,"HSS (VI-XII)",4,Graduate,5,Others,0,0,0,0,0,0,0,0,0,2,1,0,0,0,0,0,0,0,3,1,2
2019-20,33,Tamilnadu,3303,KANCHEEPURAM,330302,WALAJABAD,1,"Department of Education",5,"HSS (VI-XII)",4,Graduate,5,Others,0,0,0,0,0,0,0,0,0,1,1,0,1,1,0,0,0,0,4,2,2
2019-20,33,Tamilnadu,3303,KANCHEEPURAM,330303,UTHIRAMERUR,1,"Department of Education",5,"HSS (VI-XII)",4,Graduate,5,Others,0,0,0,0,0,0,0,0,2,1,0,0,1,0,0,0,1,1,6,4,2
2019-20,33,Tamilnadu,3303,KANCHEEPURAM,330304,SRIPERUMBUDUR,1,"Department of Education",5,"HSS (VI-XII)",4,Graduate,5,Others,0,0,0,0,0,0,0,0,0,1,0,0,0,0,0,0,0,0,1,0,1
2019-20,33,Tamilnadu,3303,KANCHEEPURAM,330305,KUNDRATHUR,1,"Department of Education",5,"HSS (VI-XII)",4,Graduate,5,Others,0,0,0,0,0,0,0,0,0,1,1,1,0,0,0,0,0,0,3,1,2
2019-20,33,Tamilnadu,3303,KANCHEEPURAM,330306,THIRUPORUR,1,"Department of Education",5,"HSS (VI-XII)",4,Graduate,5,Others,0,0,0,0,0,0,0,0,1,1,2,1,0,0,0,0,0,0,5,3,2
2019-20,33,Tamilnadu,3303,KANCHEEPURAM,330307,KATTANKOLATHUR,1,"Department of Education",5,"HSS (VI-XII)",4,Graduate,5,Others,0,0,0,0,0,0,0,0,0,1,0,1,0,0,0,0,0,0,2,0,2
2019-20,33,Tamilnadu,3303,KANCHEEPURAM,330308,THIRUKALUKUNDRAM,1,"Department of Education",5,"HSS (VI-XII)",4,Graduate,5,Others,0,0,0,0,0,0,0,0,1,1,0,2,0,0,0,0,0,0,4,1,3
2019-20,33,Tamilnadu,3303,KANCHEEPURAM,330309,"ST.THOMAS MOUNT(URBAN)",1,"Department of Education",5,"HSS (VI-XII)",4,Graduate,5,Others,0,0,0,0,0,0,0,0,0,2,0,2,0,1,0,0,0,0,5,0,5
2019-20,33,Tamilnadu,3303,KANCHEEPURAM,330310,ACHARAPAKKAM,1,"Department of Education",5,"HSS (VI-XII)",4,Graduate,5,Others,0,0,0,0,0,0,0,0,0,3,1,0,1,0,0,0,0,0,5,2,3
2019-20,33,Tamilnadu,3303,KANCHEEPURAM,330311,MADURANTAGAM,1,"Department of Education",5,"HSS (VI-XII)",4,Graduate,5,Others,0,0,0,0,0,0,0,0,1,0,0,0,0,0,0,0,0,0,1,1,0
2019-20,33,Tamilnadu,3303,KANCHEEPURAM,330312,LATHUR,1,"Department of Education",5,"HSS (VI-XII)",4,Graduate,5,Others,0,0,0,0,0,0,0,0,1,0,0,0,0,0,0,0,0,0,1,1,0
2019-20,33,Tamilnadu,3303,KANCHEEPURAM,330313,CHITHAMUR,1,"Department of Education",5,"HSS (VI-XII)",4,Graduate,5,Others,0,0,0,0,0,0,0,0,0,0,0,0,0,0,0,0,0,1,1,0,1
2019-20,33,Tamilnadu,3303,KANCHEEPURAM,330314,"ST.THOMAS MOUNT(RURAL)",1,"Department of Education",5,"HSS (VI-XII)",4,Graduate,5,Others,0,0,0,0,0,0,0,0,1,2,1,0,0,1,0,0,0,0,5,2,3
2019-20,33,Tamilnadu,3303,KANCHEEPURAM,330301,KANCHEEPURAM,1,"Department of Education",7,"SS (VI-X)",4,Graduate,5,Others,0,0,0,0,0,0,0,0,0,1,0,1,0,0,0,0,0,0,2,0,2
2019-20,33,Tamilnadu,3303,KANCHEEPURAM,330302,WALAJABAD,1,"Department of Education",7,"SS (VI-X)",4,Graduate,5,Others,0,0,0,0,0,0,0,0,1,0,1,0,0,0,0,0,0,0,2,2,0
2019-20,33,Tamilnadu,3303,KANCHEEPURAM,330303,UTHIRAMERUR,1,"Department of Education",7,"SS (VI-X)",4,Graduate,5,Others,0,0,0,0,0,0,0,0,0,1,0,0,0,0,0,0,0,0,1,0,1
2019-20,33,Tamilnadu,3303,KANCHEEPURAM,330304,SRIPERUMBUDUR,1,"Department of Education",7,"SS (VI-X)",4,Graduate,5,Others,0,0,0,0,0,0,0,0,2,1,0,0,0,0,0,0,0,0,3,2,1
2019-20,33,Tamilnadu,3303,KANCHEEPURAM,330305,KUNDRATHUR,1,"Department of Education",7,"SS (VI-X)",4,Graduate,5,Others,0,0,0,0,0,0,0,0,1,0,0,0,0,1,0,0,0,0,2,1,1
2019-20,33,Tamilnadu,3303,KANCHEEPURAM,330306,THIRUPORUR,1,"Department of Education",7,"SS (VI-X)",4,Graduate,5,Others,0,0,0,0,0,0,0,0,2,0,0,1,0,0,0,0,0,0,3,2,1
2019-20,33,Tamilnadu,3303,KANCHEEPURAM,330307,KATTANKOLATHUR,1,"Department of Education",7,"SS (VI-X)",4,Graduate,5,Others,0,0,0,0,0,0,0,0,0,1,0,0,0,0,0,0,0,0,1,0,1
2019-20,33,Tamilnadu,3303,KANCHEEPURAM,330311,MADURANTAGAM,1,"Department of Education",7,"SS (VI-X)",4,Graduate,5,Others,0,0,0,0,0,0,0,0,0,0,2,0,0,0,0,0,0,0,2,2,0
2019-20,33,Tamilnadu,3303,KANCHEEPURAM,330312,LATHUR,1,"Department of Education",7,"SS (VI-X)",4,Graduate,5,Others,0,0,0,0,0,0,0,0,2,0,1,0,0,0,0,0,0,0,3,3,0
2019-20,33,Tamilnadu,3303,KANCHEEPURAM,330313,CHITHAMUR,1,"Department of Education",7,"SS (VI-X)",4,Graduate,5,Others,0,0,0,0,0,0,0,0,1,0,0,0,0,0,0,0,0,0,1,1,0
2019-20,33,Tamilnadu,3303,KANCHEEPURAM,330314,"ST.THOMAS MOUNT(RURAL)",1,"Department of Education",7,"SS (VI-X)",4,Graduate,5,Others,0,0,0,0,0,0,0,0,3,3,0,1,0,0,0,0,0,0,7,3,4
2019-20,33,Tamilnadu,3303,KANCHEEPURAM,330307,KATTANKOLATHUR,1,"Department of Education",1,"PS (I-V)",4,Graduate,6,None,0,0,0,0,0,2,0,0,0,0,0,0,0,0,0,0,0,0,2,0,2
2019-20,33,Tamilnadu,3303,KANCHEEPURAM,330301,KANCHEEPURAM,1,"Department of Education",2,"UPS (I-VIII)",4,Graduate,6,None,0,0,0,0,0,0,0,0,2,0,0,0,0,0,0,0,0,0,2,2,0
2019-20,33,Tamilnadu,3303,KANCHEEPURAM,330302,WALAJABAD,1,"Department of Education",2,"UPS (I-VIII)",4,Graduate,6,None,0,0,0,0,0,1,0,0,0,0,0,0,0,0,0,0,0,0,1,0,1
2019-20,33,Tamilnadu,3303,KANCHEEPURAM,330305,KUNDRATHUR,1,"Department of Education",2,"UPS (I-VIII)",4,Graduate,6,None,0,0,0,0,0,0,0,0,1,3,0,0,0,0,0,0,0,0,4,1,3
2019-20,33,Tamilnadu,3303,KANCHEEPURAM,330307,KATTANKOLATHUR,1,"Department of Education",2,"UPS (I-VIII)",4,Graduate,6,None,0,0,0,0,0,0,0,0,0,1,0,0,0,0,0,0,0,0,1,0,1
2019-20,33,Tamilnadu,3303,KANCHEEPURAM,330310,ACHARAPAKKAM,1,"Department of Education",2,"UPS (I-VIII)",4,Graduate,6,None,0,0,0,0,0,0,0,0,0,1,0,0,0,0,0,0,0,0,1,0,1
2019-20,33,Tamilnadu,3303,KANCHEEPURAM,330303,UTHIRAMERUR,1,"Department of Education",3,"HSS (I-XII)",4,Graduate,6,None,0,0,0,0,0,0,0,0,0,0,0,0,0,0,0,0,0,1,1,0,1
2019-20,33,Tamilnadu,3303,KANCHEEPURAM,330307,KATTANKOLATHUR,1,"Department of Education",3,"HSS (I-XII)",4,Graduate,6,None,0,0,0,0,0,0,0,0,1,0,0,0,0,0,0,0,0,0,1,1,0
2019-20,33,Tamilnadu,3303,KANCHEEPURAM,330301,KANCHEEPURAM,1,"Department of Education",5,"HSS (VI-XII)",4,Graduate,6,None,0,0,0,0,0,0,0,0,0,0,0,0,0,0,0,0,1,1,2,1,1
2019-20,33,Tamilnadu,3303,KANCHEEPURAM,330302,WALAJABAD,1,"Department of Education",5,"HSS (VI-XII)",4,Graduate,6,None,0,0,0,0,0,0,0,0,1,1,0,0,0,0,0,0,0,0,2,1,1
2019-20,33,Tamilnadu,3303,KANCHEEPURAM,330303,UTHIRAMERUR,1,"Department of Education",5,"HSS (VI-XII)",4,Graduate,6,None,0,0,0,0,0,0,0,0,1,0,0,0,0,0,0,0,0,0,1,1,0
2019-20,33,Tamilnadu,3303,KANCHEEPURAM,330304,SRIPERUMBUDUR,1,"Department of Education",5,"HSS (VI-XII)",4,Graduate,6,None,0,0,0,0,0,0,0,0,1,0,0,0,0,0,0,0,1,0,2,2,0
2019-20,33,Tamilnadu,3303,KANCHEEPURAM,330305,KUNDRATHUR,1,"Department of Education",5,"HSS (VI-XII)",4,Graduate,6,None,0,0,0,0,0,0,0,0,1,2,0,0,0,1,0,0,0,0,4,1,3
2019-20,33,Tamilnadu,3303,KANCHEEPURAM,330306,THIRUPORUR,1,"Department of Education",5,"HSS (VI-XII)",4,Graduate,6,None,0,0,0,0,0,0,0,0,1,0,0,0,0,0,0,0,0,0,1,1,0
2019-20,33,Tamilnadu,3303,KANCHEEPURAM,330307,KATTANKOLATHUR,1,"Department of Education",5,"HSS (VI-XII)",4,Graduate,6,None,0,0,0,0,0,0,0,0,0,0,0,0,0,1,0,0,0,2,3,0,3
2019-20,33,Tamilnadu,3303,KANCHEEPURAM,330308,THIRUKALUKUNDRAM,1,"Department of Education",5,"HSS (VI-XII)",4,Graduate,6,None,0,0,0,0,0,0,0,0,0,0,0,1,0,0,0,0,0,0,1,0,1
2019-20,33,Tamilnadu,3303,KANCHEEPURAM,330309,"ST.THOMAS MOUNT(URBAN)",1,"Department of Education",5,"HSS (VI-XII)",4,Graduate,6,None,0,0,0,0,0,0,0,0,0,0,0,1,0,0,1,0,0,1,3,1,2
2019-20,33,Tamilnadu,3303,KANCHEEPURAM,330310,ACHARAPAKKAM,1,"Department of Education",5,"HSS (VI-XII)",4,Graduate,6,None,0,0,0,0,0,0,0,0,1,0,0,0,0,0,0,0,0,0,1,1,0
2019-20,33,Tamilnadu,3303,KANCHEEPURAM,330312,LATHUR,1,"Department of Education",5,"HSS (VI-XII)",4,Graduate,6,None,0,0,0,0,0,0,0,0,1,0,0,0,0,0,0,0,0,0,1,1,0
2019-20,33,Tamilnadu,3303,KANCHEEPURAM,330314,"ST.THOMAS MOUNT(RURAL)",1,"Department of Education",5,"HSS (VI-XII)",4,Graduate,6,None,0,0,0,0,0,0,0,0,2,2,0,0,0,0,0,0,0,0,4,2,2
2019-20,33,Tamilnadu,3303,KANCHEEPURAM,330301,KANCHEEPURAM,1,"Department of Education",7,"SS (VI-X)",4,Graduate,6,None,0,0,0,0,0,0,0,0,0,1,0,0,0,0,0,0,0,0,1,0,1
2019-20,33,Tamilnadu,3303,KANCHEEPURAM,330304,SRIPERUMBUDUR,1,"Department of Education",7,"SS (VI-X)",4,Graduate,6,None,0,0,0,0,0,0,0,0,1,0,0,0,0,0,0,0,0,0,1,1,0
2019-20,33,Tamilnadu,3303,KANCHEEPURAM,330305,KUNDRATHUR,1,"Department of Education",7,"SS (VI-X)",4,Graduate,6,None,0,0,0,0,0,0,0,0,1,0,0,0,1,0,0,0,0,0,2,2,0
2019-20,33,Tamilnadu,3303,KANCHEEPURAM,330306,THIRUPORUR,1,"Department of Education",7,"SS (VI-X)",4,Graduate,6,None,0,0,0,0,0,0,0,0,0,1,0,0,0,0,0,0,0,0,1,0,1
2019-20,33,Tamilnadu,3303,KANCHEEPURAM,330307,KATTANKOLATHUR,1,"Department of Education",7,"SS (VI-X)",4,Graduate,6,None,0,0,0,0,0,0,0,0,2,0,0,0,0,0,0,0,0,0,2,2,0
2019-20,33,Tamilnadu,3303,KANCHEEPURAM,330314,"ST.THOMAS MOUNT(RURAL)",1,"Department of Education",7,"SS (VI-X)",4,Graduate,6,None,0,0,0,0,0,0,0,0,1,0,0,0,0,0,0,0,0,0,1,1,0
2019-20,33,Tamilnadu,3303,KANCHEEPURAM,330303,UTHIRAMERUR,1,"Department of Education",5,"HSS (VI-XII)",5,"Post graduate",3,"B.Ed. or equivalent",0,0,0,0,0,0,0,0,2,3,15,28,7,3,4,7,13,13,95,41,54
2019-20,33,Tamilnadu,3303,KANCHEEPURAM,330304,SRIPERUMBUDUR,1,"Department of Education",5,"HSS (VI-XII)",5,"Post graduate",3,"B.Ed. or equivalent",0,0,0,0,0,0,0,0,1,8,2,7,6,21,0,0,10,25,80,19,61
2019-20,33,Tamilnadu,3303,KANCHEEPURAM,330305,KUNDRATHUR,1,"Department of Education",5,"HSS (VI-XII)",5,"Post graduate",3,"B.Ed. or equivalent",0,0,0,0,0,0,0,0,2,31,10,52,5,26,0,5,18,35,184,35,149
2019-20,33,Tamilnadu,3303,KANCHEEPURAM,330306,THIRUPORUR,1,"Department of Education",5,"HSS (VI-XII)",5,"Post graduate",3,"B.Ed. or equivalent",0,0,0,0,0,0,0,0,1,17,9,23,10,13,1,4,17,23,118,38,80
2019-20,33,Tamilnadu,3303,KANCHEEPURAM,330301,KANCHEEPURAM,24,"Private Unaided (Recognized)",1,"PS (I-V)",4,Graduate,5,Others,0,0,0,3,0,24,0,0,0,0,0,0,0,0,0,0,0,0,27,0,27
2019-20,33,Tamilnadu,3303,KANCHEEPURAM,330302,WALAJABAD,24,"Private Unaided (Recognized)",1,"PS (I-V)",4,Graduate,5,Others,0,0,0,0,0,4,0,0,0,0,0,0,0,0,0,0,0,0,4,0,4
2019-20,33,Tamilnadu,3303,KANCHEEPURAM,330303,UTHIRAMERUR,24,"Private Unaided (Recognized)",1,"PS (I-V)",4,Graduate,5,Others,0,0,0,0,0,10,0,0,0,0,0,0,0,0,0,0,0,0,10,0,10
2019-20,33,Tamilnadu,3303,KANCHEEPURAM,330307,KATTANKOLATHUR,1,"Department of Education",5,"HSS (VI-XII)",5,"Post graduate",3,"B.Ed. or equivalent",0,0,0,0,0,0,0,0,0,20,2,25,2,17,0,5,8,27,106,12,94
2019-20,33,Tamilnadu,3303,KANCHEEPURAM,330304,SRIPERUMBUDUR,24,"Private Unaided (Recognized)",1,"PS (I-V)",4,Graduate,5,Others,0,0,0,1,0,2,0,0,0,0,0,0,0,0,0,0,0,0,3,0,3
2019-20,33,Tamilnadu,3303,KANCHEEPURAM,330308,THIRUKALUKUNDRAM,1,"Department of Education",5,"HSS (VI-XII)",5,"Post graduate",3,"B.Ed. or equivalent",0,0,0,0,0,0,0,0,2,9,11,44,0,4,2,4,9,42,127,24,103
2019-20,33,Tamilnadu,3303,KANCHEEPURAM,330309,"ST.THOMAS MOUNT(URBAN)",1,"Department of Education",5,"HSS (VI-XII)",5,"Post graduate",3,"B.Ed. or equivalent",0,0,0,0,0,0,0,0,3,27,1,14,10,33,0,5,14,38,145,28,117
2019-20,33,Tamilnadu,3303,KANCHEEPURAM,330310,ACHARAPAKKAM,1,"Department of Education",5,"HSS (VI-XII)",5,"Post graduate",3,"B.Ed. or equivalent",0,0,0,0,0,0,0,0,1,8,11,35,10,12,1,3,10,18,109,33,76
2019-20,33,Tamilnadu,3303,KANCHEEPURAM,330311,MADURANTAGAM,1,"Department of Education",5,"HSS (VI-XII)",5,"Post graduate",3,"B.Ed. or equivalent",0,0,0,0,0,0,0,0,0,2,6,29,1,2,2,3,4,13,62,13,49
2019-20,33,Tamilnadu,3303,KANCHEEPURAM,330312,LATHUR,1,"Department of Education",5,"HSS (VI-XII)",5,"Post graduate",3,"B.Ed. or equivalent",0,0,0,0,0,0,0,0,0,2,6,22,0,3,0,2,7,7,49,13,36
2019-20,33,Tamilnadu,3303,KANCHEEPURAM,330313,CHITHAMUR,1,"Department of Education",5,"HSS (VI-XII)",5,"Post graduate",3,"B.Ed. or equivalent",0,0,0,0,0,0,0,0,2,4,4,18,5,14,3,7,10,11,78,24,54
2019-20,33,Tamilnadu,3303,KANCHEEPURAM,330314,"ST.THOMAS MOUNT(RURAL)",1,"Department of Education",5,"HSS (VI-XII)",5,"Post graduate",3,"B.Ed. or equivalent",0,0,0,0,0,0,0,0,8,48,9,90,10,43,1,10,14,30,263,42,221
2019-20,33,Tamilnadu,3303,KANCHEEPURAM,330301,KANCHEEPURAM,1,"Department of Education",1,"PS (I-V)",5,"Post graduate",1,"Diploma or certificate in basic teachers training of a duration not less than two years",0,0,0,0,2,15,0,0,0,0,0,0,0,0,0,0,0,0,17,2,15
2019-20,33,Tamilnadu,3303,KANCHEEPURAM,330302,WALAJABAD,1,"Department of Education",1,"PS (I-V)",5,"Post graduate",1,"Diploma or certificate in basic teachers training of a duration not less than two years",0,0,0,0,2,15,0,0,0,0,0,0,0,0,0,0,0,0,17,2,15
2019-20,33,Tamilnadu,3303,KANCHEEPURAM,330303,UTHIRAMERUR,1,"Department of Education",1,"PS (I-V)",5,"Post graduate",1,"Diploma or certificate in basic teachers training of a duration not less than two years",0,0,0,0,3,9,0,0,0,0,0,0,0,0,0,0,0,0,12,3,9
2019-20,33,Tamilnadu,3303,KANCHEEPURAM,330304,SRIPERUMBUDUR,1,"Department of Education",1,"PS (I-V)",5,"Post graduate",1,"Diploma or certificate in basic teachers training of a duration not less than two years",0,0,0,0,1,23,0,0,0,0,0,0,0,0,0,0,0,0,24,1,23
2019-20,33,Tamilnadu,3303,KANCHEEPURAM,330305,KUNDRATHUR,1,"Department of Education",1,"PS (I-V)",5,"Post graduate",1,"Diploma or certificate in basic teachers training of a duration not less than two years",0,0,0,0,6,51,0,0,0,0,0,0,0,0,0,0,0,0,57,6,51
2019-20,33,Tamilnadu,3303,KANCHEEPURAM,330306,THIRUPORUR,1,"Department of Education",1,"PS (I-V)",5,"Post graduate",1,"Diploma or certificate in basic teachers training of a duration not less than two years",0,0,0,0,4,14,0,0,0,0,0,0,0,0,0,0,0,0,18,4,14
2019-20,33,Tamilnadu,3303,KANCHEEPURAM,330307,KATTANKOLATHUR,1,"Department of Education",1,"PS (I-V)",5,"Post graduate",1,"Diploma or certificate in basic teachers training of a duration not less than two years",0,0,0,0,1,28,0,0,0,0,0,0,0,0,0,0,0,0,29,1,28
2019-20,33,Tamilnadu,3303,KANCHEEPURAM,330308,THIRUKALUKUNDRAM,1,"Department of Education",1,"PS (I-V)",5,"Post graduate",1,"Diploma or certificate in basic teachers training of a duration not less than two years",0,0,0,0,3,14,0,0,0,0,0,0,0,0,0,0,0,0,17,3,14
2019-20,33,Tamilnadu,3303,KANCHEEPURAM,330309,"ST.THOMAS MOUNT(URBAN)",1,"Department of Education",1,"PS (I-V)",5,"Post graduate",1,"Diploma or certificate in basic teachers training of a duration not less than two years",0,0,0,0,0,2,0,0,0,0,0,0,0,0,0,0,0,0,2,0,2
2019-20,33,Tamilnadu,3303,KANCHEEPURAM,330310,ACHARAPAKKAM,1,"Department of Education",1,"PS (I-V)",5,"Post graduate",1,"Diploma or certificate in basic teachers training of a duration not less than two years",0,0,0,0,2,10,0,0,0,0,0,0,0,0,0,0,0,0,12,2,10
2019-20,33,Tamilnadu,3303,KANCHEEPURAM,330311,MADURANTAGAM,1,"Department of Education",1,"PS (I-V)",5,"Post graduate",1,"Diploma or certificate in basic teachers training of a duration not less than two years",0,0,0,0,1,2,0,0,0,0,0,0,0,0,0,0,0,0,3,1,2
2019-20,33,Tamilnadu,3303,KANCHEEPURAM,330312,LATHUR,1,"Department of Education",1,"PS (I-V)",5,"Post graduate",1,"Diploma or certificate in basic teachers training of a duration not less than two years",0,0,0,0,2,2,0,0,0,0,0,0,0,0,0,0,0,0,4,2,2
2019-20,33,Tamilnadu,3303,KANCHEEPURAM,330313,CHITHAMUR,1,"Department of Education",1,"PS (I-V)",5,"Post graduate",1,"Diploma or certificate in basic teachers training of a duration not less than two years",0,0,0,0,1,2,0,0,0,0,0,0,0,0,0,0,0,0,3,1,2
2019-20,33,Tamilnadu,3303,KANCHEEPURAM,330314,"ST.THOMAS MOUNT(RURAL)",1,"Department of Education",1,"PS (I-V)",5,"Post graduate",1,"Diploma or certificate in basic teachers training of a duration not less than two years",0,0,0,0,0,23,0,0,0,0,0,0,0,0,0,0,0,0,23,0,23
2019-20,33,Tamilnadu,3303,KANCHEEPURAM,330305,KUNDRATHUR,24,"Private Unaided (Recognized)",1,"PS (I-V)",4,Graduate,5,Others,0,5,0,3,1,45,0,0,0,0,0,0,0,0,0,0,0,0,54,1,53
2019-20,33,Tamilnadu,3303,KANCHEEPURAM,330306,THIRUPORUR,24,"Private Unaided (Recognized)",1,"PS (I-V)",4,Graduate,5,Others,0,0,0,1,0,10,0,0,0,0,0,0,0,0,0,0,0,0,11,0,11
2019-20,33,Tamilnadu,3303,KANCHEEPURAM,330307,KATTANKOLATHUR,24,"Private Unaided (Recognized)",1,"PS (I-V)",4,Graduate,5,Others,0,1,0,3,3,22,0,0,0,0,0,0,0,0,0,0,0,0,29,3,26
2019-20,33,Tamilnadu,3303,KANCHEEPURAM,330308,THIRUKALUKUNDRAM,24,"Private Unaided (Recognized)",1,"PS (I-V)",4,Graduate,5,Others,0,1,0,1,2,16,0,0,0,0,0,0,0,0,0,0,0,0,20,2,18
2019-20,33,Tamilnadu,3303,KANCHEEPURAM,330309,"ST.THOMAS MOUNT(URBAN)",24,"Private Unaided (Recognized)",1,"PS (I-V)",4,Graduate,5,Others,0,6,0,3,0,50,0,0,0,0,0,0,0,0,0,0,0,0,59,0,59
2019-20,33,Tamilnadu,3303,KANCHEEPURAM,330310,ACHARAPAKKAM,24,"Private Unaided (Recognized)",1,"PS (I-V)",4,Graduate,5,Others,0,0,0,1,0,4,0,0,0,0,0,0,0,0,0,0,0,0,5,0,5
2019-20,33,Tamilnadu,3303,KANCHEEPURAM,330311,MADURANTAGAM,24,"Private Unaided (Recognized)",1,"PS (I-V)",4,Graduate,5,Others,0,0,0,1,0,4,0,0,0,0,0,0,0,0,0,0,0,0,5,0,5
2019-20,33,Tamilnadu,3303,KANCHEEPURAM,330312,LATHUR,24,"Private Unaided (Recognized)",1,"PS (I-V)",4,Graduate,5,Others,0,0,0,0,0,4,0,0,0,0,0,0,0,0,0,0,0,0,4,0,4
2019-20,33,Tamilnadu,3303,KANCHEEPURAM,330313,CHITHAMUR,24,"Private Unaided (Recognized)",1,"PS (I-V)",4,Graduate,5,Others,0,2,0,0,0,1,0,0,0,0,0,0,0,0,0,0,0,0,3,0,3
2019-20,33,Tamilnadu,3303,KANCHEEPURAM,330314,"ST.THOMAS MOUNT(RURAL)",24,"Private Unaided (Recognized)",1,"PS (I-V)",4,Graduate,5,Others,0,7,0,7,4,85,0,0,0,0,0,0,0,0,0,0,0,0,103,4,99
2019-20,33,Tamilnadu,3303,KANCHEEPURAM,330301,KANCHEEPURAM,1,"Department of Education",2,"UPS (I-VIII)",5,"Post graduate",1,"Diploma or certificate in basic teachers training of a duration not less than two years",0,0,0,0,0,9,0,0,0,0,0,0,0,0,0,0,0,0,9,0,9
2019-20,33,Tamilnadu,3303,KANCHEEPURAM,330303,UTHIRAMERUR,1,"Department of Education",2,"UPS (I-VIII)",5,"Post graduate",1,"Diploma or certificate in basic teachers training of a duration not less than two years",0,0,0,0,0,2,0,0,0,0,0,0,0,0,0,0,0,0,2,0,2
2019-20,33,Tamilnadu,3303,KANCHEEPURAM,330304,SRIPERUMBUDUR,1,"Department of Education",2,"UPS (I-VIII)",5,"Post graduate",1,"Diploma or certificate in basic teachers training of a duration not less than two years",0,0,0,0,1,6,0,0,0,0,0,0,0,0,0,0,0,0,7,1,6
2019-20,33,Tamilnadu,3303,KANCHEEPURAM,330305,KUNDRATHUR,1,"Department of Education",2,"UPS (I-VIII)",5,"Post graduate",1,"Diploma or certificate in basic teachers training of a duration not less than two years",0,0,0,0,0,8,0,0,0,0,0,0,0,0,0,0,0,0,8,0,8
2019-20,33,Tamilnadu,3303,KANCHEEPURAM,330306,THIRUPORUR,1,"Department of Education",2,"UPS (I-VIII)",5,"Post graduate",1,"Diploma or certificate in basic teachers training of a duration not less than two years",0,0,0,0,1,2,0,0,0,0,0,0,0,0,0,0,0,0,3,1,2
2019-20,33,Tamilnadu,3303,KANCHEEPURAM,330307,KATTANKOLATHUR,1,"Department of Education",2,"UPS (I-VIII)",5,"Post graduate",1,"Diploma or certificate in basic teachers training of a duration not less than two years",0,0,0,0,0,9,0,0,0,0,0,0,0,0,0,0,0,0,9,0,9
2019-20,33,Tamilnadu,3303,KANCHEEPURAM,330308,THIRUKALUKUNDRAM,1,"Department of Education",2,"UPS (I-VIII)",5,"Post graduate",1,"Diploma or certificate in basic teachers training of a duration not less than two years",0,0,0,0,0,3,0,0,0,0,0,0,0,0,0,0,0,0,3,0,3
2019-20,33,Tamilnadu,3303,KANCHEEPURAM,330310,ACHARAPAKKAM,1,"Department of Education",2,"UPS (I-VIII)",5,"Post graduate",1,"Diploma or certificate in basic teachers training of a duration not less than two years",0,0,0,0,0,3,0,0,0,0,0,0,0,0,0,0,0,0,3,0,3
2019-20,33,Tamilnadu,3303,KANCHEEPURAM,330311,MADURANTAGAM,1,"Department of Education",2,"UPS (I-VIII)",5,"Post graduate",1,"Diploma or certificate in basic teachers training of a duration not less than two years",0,0,0,0,1,1,0,0,0,1,0,0,0,0,0,0,0,0,3,1,2
2019-20,33,Tamilnadu,3303,KANCHEEPURAM,330312,LATHUR,1,"Department of Education",2,"UPS (I-VIII)",5,"Post graduate",1,"Diploma or certificate in basic teachers training of a duration not less than two years",0,0,0,0,1,1,0,0,0,0,0,0,0,0,0,0,0,0,2,1,1
2019-20,33,Tamilnadu,3303,KANCHEEPURAM,330314,"ST.THOMAS MOUNT(RURAL)",1,"Department of Education",2,"UPS (I-VIII)",5,"Post graduate",1,"Diploma or certificate in basic teachers training of a duration not less than two years",0,0,0,0,0,9,0,0,0,0,0,0,0,0,0,0,0,0,9,0,9
2019-20,33,Tamilnadu,3303,KANCHEEPURAM,330301,KANCHEEPURAM,1,"Department of Education",5,"HSS (VI-XII)",5,"Post graduate",1,"Diploma or certificate in basic teachers training of a duration not less than two years",0,0,0,0,0,0,0,0,0,1,0,0,0,0,0,0,0,0,1,0,1
2019-20,33,Tamilnadu,3303,KANCHEEPURAM,330303,UTHIRAMERUR,1,"Department of Education",5,"HSS (VI-XII)",5,"Post graduate",1,"Diploma or certificate in basic teachers training of a duration not less than two years",0,0,0,0,0,0,0,0,1,0,0,0,0,0,0,0,0,0,1,1,0
2019-20,33,Tamilnadu,3303,KANCHEEPURAM,330305,KUNDRATHUR,1,"Department of Education",5,"HSS (VI-XII)",5,"Post graduate",1,"Diploma or certificate in basic teachers training of a duration not less than two years",0,0,0,0,0,0,0,0,0,1,0,0,0,0,0,0,0,0,1,0,1
2019-20,33,Tamilnadu,3303,KANCHEEPURAM,330314,"ST.THOMAS MOUNT(RURAL)",1,"Department of Education",5,"HSS (VI-XII)",5,"Post graduate",1,"Diploma or certificate in basic teachers training of a duration not less than two years",0,0,0,0,0,0,0,0,0,1,0,0,0,0,0,0,0,0,1,0,1
2019-20,33,Tamilnadu,3303,KANCHEEPURAM,330314,"ST.THOMAS MOUNT(RURAL)",1,"Department of Education",6,"SS (I-X)",5,"Post graduate",1,"Diploma or certificate in basic teachers training of a duration not less than two years",0,0,0,0,0,1,0,0,0,0,0,0,0,0,0,0,0,0,1,0,1
2019-20,33,Tamilnadu,3303,KANCHEEPURAM,330307,KATTANKOLATHUR,1,"Department of Education",7,"SS (VI-X)",5,"Post graduate",1,"Diploma or certificate in basic teachers training of a duration not less than two years",0,0,0,0,0,0,0,0,0,1,0,0,0,0,0,0,0,0,1,0,1
2019-20,33,Tamilnadu,3303,KANCHEEPURAM,330301,KANCHEEPURAM,1,"Department of Education",1,"PS (I-V)",5,"Post graduate",3,"B.Ed. or equivalent",0,0,0,0,11,63,0,0,0,0,0,0,0,0,0,0,0,0,74,11,63
2019-20,33,Tamilnadu,3303,KANCHEEPURAM,330302,WALAJABAD,1,"Department of Education",1,"PS (I-V)",5,"Post graduate",3,"B.Ed. or equivalent",0,0,0,0,7,58,0,0,0,0,0,0,0,0,0,0,0,0,65,7,58
2019-20,33,Tamilnadu,3303,KANCHEEPURAM,330303,UTHIRAMERUR,1,"Department of Education",1,"PS (I-V)",5,"Post graduate",3,"B.Ed. or equivalent",0,0,0,0,22,61,0,0,0,0,0,0,0,0,0,0,0,0,83,22,61
2019-20,33,Tamilnadu,3303,KANCHEEPURAM,330304,SRIPERUMBUDUR,1,"Department of Education",1,"PS (I-V)",5,"Post graduate",3,"B.Ed. or equivalent",0,0,0,0,14,59,0,0,0,0,0,0,0,0,0,0,0,0,73,14,59
2019-20,33,Tamilnadu,3303,KANCHEEPURAM,330305,KUNDRATHUR,1,"Department of Education",1,"PS (I-V)",5,"Post graduate",3,"B.Ed. or equivalent",0,0,0,0,6,49,0,0,0,0,0,0,0,0,0,0,0,0,55,6,49
2019-20,33,Tamilnadu,3303,KANCHEEPURAM,330306,THIRUPORUR,1,"Department of Education",1,"PS (I-V)",5,"Post graduate",3,"B.Ed. or equivalent",0,0,0,0,9,51,0,0,0,0,0,0,0,0,0,0,0,0,60,9,51
2019-20,33,Tamilnadu,3303,KANCHEEPURAM,330307,KATTANKOLATHUR,1,"Department of Education",1,"PS (I-V)",5,"Post graduate",3,"B.Ed. or equivalent",0,0,0,0,2,81,0,0,0,0,0,0,0,0,0,0,0,0,83,2,81
2019-20,33,Tamilnadu,3303,KANCHEEPURAM,330308,THIRUKALUKUNDRAM,1,"Department of Education",1,"PS (I-V)",5,"Post graduate",3,"B.Ed. or equivalent",0,0,0,0,9,58,0,0,0,0,0,0,0,0,0,0,0,0,67,9,58
2019-20,33,Tamilnadu,3303,KANCHEEPURAM,330309,"ST.THOMAS MOUNT(URBAN)",1,"Department of Education",1,"PS (I-V)",5,"Post graduate",3,"B.Ed. or equivalent",0,0,0,0,0,11,0,0,0,0,0,0,0,0,0,0,0,0,11,0,11
2019-20,33,Tamilnadu,3303,KANCHEEPURAM,330310,ACHARAPAKKAM,1,"Department of Education",1,"PS (I-V)",5,"Post graduate",3,"B.Ed. or equivalent",0,0,0,0,10,31,0,0,0,0,0,0,0,0,0,0,0,0,41,10,31
2019-20,33,Tamilnadu,3303,KANCHEEPURAM,330311,MADURANTAGAM,1,"Department of Education",1,"PS (I-V)",5,"Post graduate",3,"B.Ed. or equivalent",0,0,0,0,13,50,0,0,0,0,0,0,0,0,0,0,0,0,63,13,50
2019-20,33,Tamilnadu,3303,KANCHEEPURAM,330312,LATHUR,1,"Department of Education",1,"PS (I-V)",5,"Post graduate",3,"B.Ed. or equivalent",0,0,0,0,13,25,0,0,0,0,0,0,0,0,0,0,0,0,38,13,25
2019-20,33,Tamilnadu,3303,KANCHEEPURAM,330313,CHITHAMUR,1,"Department of Education",1,"PS (I-V)",5,"Post graduate",3,"B.Ed. or equivalent",0,0,0,0,15,38,0,0,0,0,0,0,0,0,0,0,0,0,53,15,38
2019-20,33,Tamilnadu,3303,KANCHEEPURAM,330314,"ST.THOMAS MOUNT(RURAL)",1,"Department of Education",1,"PS (I-V)",5,"Post graduate",3,"B.Ed. or equivalent",0,0,0,0,6,104,0,0,0,0,0,0,0,0,0,0,0,0,110,6,104
2019-20,33,Tamilnadu,3303,KANCHEEPURAM,330301,KANCHEEPURAM,1,"Department of Education",2,"UPS (I-VIII)",5,"Post graduate",3,"B.Ed. or equivalent",0,0,0,0,11,34,0,2,19,54,0,0,0,0,0,0,0,0,120,30,90
2019-20,33,Tamilnadu,3303,KANCHEEPURAM,330302,WALAJABAD,1,"Department of Education",2,"UPS (I-VIII)",5,"Post graduate",3,"B.Ed. or equivalent",0,0,0,0,9,25,2,3,18,39,0,0,0,0,0,0,0,0,96,29,67
2019-20,33,Tamilnadu,3303,KANCHEEPURAM,330303,UTHIRAMERUR,1,"Department of Education",2,"UPS (I-VIII)",5,"Post graduate",3,"B.Ed. or equivalent",0,0,0,0,8,16,1,3,19,39,0,0,0,0,0,0,0,0,86,28,58
2019-20,33,Tamilnadu,3303,KANCHEEPURAM,330304,SRIPERUMBUDUR,1,"Department of Education",2,"UPS (I-VIII)",5,"Post graduate",3,"B.Ed. or equivalent",0,0,0,0,3,14,0,2,5,33,0,0,0,0,0,0,0,0,57,8,49
2019-20,33,Tamilnadu,3303,KANCHEEPURAM,330305,KUNDRATHUR,1,"Department of Education",2,"UPS (I-VIII)",5,"Post graduate",3,"B.Ed. or equivalent",0,0,0,0,3,34,0,0,8,42,0,0,0,0,0,0,0,0,87,11,76
2019-20,33,Tamilnadu,3303,KANCHEEPURAM,330306,THIRUPORUR,1,"Department of Education",2,"UPS (I-VIII)",5,"Post graduate",3,"B.Ed. or equivalent",0,0,0,0,7,21,0,5,14,29,0,0,0,0,0,0,0,0,76,21,55
2019-20,33,Tamilnadu,3303,KANCHEEPURAM,330307,KATTANKOLATHUR,1,"Department of Education",2,"UPS (I-VIII)",5,"Post graduate",3,"B.Ed. or equivalent",0,0,0,0,7,42,2,1,11,57,0,0,0,0,0,0,0,0,120,20,100
2019-20,33,Tamilnadu,3303,KANCHEEPURAM,330308,THIRUKALUKUNDRAM,1,"Department of Education",2,"UPS (I-VIII)",5,"Post graduate",3,"B.Ed. or equivalent",0,0,0,0,1,31,0,0,13,55,0,0,0,0,0,0,0,0,100,14,86
2019-20,33,Tamilnadu,3303,KANCHEEPURAM,330309,"ST.THOMAS MOUNT(URBAN)",1,"Department of Education",2,"UPS (I-VIII)",5,"Post graduate",3,"B.Ed. or equivalent",0,0,0,0,0,2,0,0,0,4,0,0,0,0,0,0,0,0,6,0,6
2019-20,33,Tamilnadu,3303,KANCHEEPURAM,330310,ACHARAPAKKAM,1,"Department of Education",2,"UPS (I-VIII)",5,"Post graduate",3,"B.Ed. or equivalent",0,0,0,0,6,17,2,3,23,31,0,0,0,0,0,0,0,0,82,31,51
2019-20,33,Tamilnadu,3303,KANCHEEPURAM,330311,MADURANTAGAM,1,"Department of Education",2,"UPS (I-VIII)",5,"Post graduate",3,"B.Ed. or equivalent",0,0,0,0,10,27,2,1,19,55,0,0,0,0,0,0,0,0,114,31,83
2019-20,33,Tamilnadu,3303,KANCHEEPURAM,330312,LATHUR,1,"Department of Education",2,"UPS (I-VIII)",5,"Post graduate",3,"B.Ed. or equivalent",0,0,0,0,2,11,2,9,12,17,0,0,0,0,0,0,0,0,53,16,37
2019-20,33,Tamilnadu,3303,KANCHEEPURAM,330313,CHITHAMUR,1,"Department of Education",2,"UPS (I-VIII)",5,"Post graduate",3,"B.Ed. or equivalent",0,0,0,0,5,13,7,9,18,37,0,0,0,0,0,0,0,0,89,30,59
2019-20,33,Tamilnadu,3303,KANCHEEPURAM,330314,"ST.THOMAS MOUNT(RURAL)",1,"Department of Education",2,"UPS (I-VIII)",5,"Post graduate",3,"B.Ed. or equivalent",0,0,0,0,1,56,1,2,6,34,0,0,0,0,0,0,0,0,100,8,92
2019-20,33,Tamilnadu,3303,KANCHEEPURAM,330303,UTHIRAMERUR,1,"Department of Education",3,"HSS (I-XII)",5,"Post graduate",3,"B.Ed. or equivalent",0,0,0,0,0,0,0,0,0,1,0,1,0,0,1,9,4,10,26,5,21
2019-20,33,Tamilnadu,3303,KANCHEEPURAM,330307,KATTANKOLATHUR,1,"Department of Education",3,"HSS (I-XII)",5,"Post graduate",3,"B.Ed. or equivalent",0,0,0,0,0,2,0,0,0,1,0,0,0,8,0,0,0,1,12,0,12
2019-20,33,Tamilnadu,3303,KANCHEEPURAM,330301,KANCHEEPURAM,1,"Department of Education",5,"HSS (VI-XII)",5,"Post graduate",3,"B.Ed. or equivalent",0,0,0,0,0,0,0,0,4,8,13,37,14,30,3,5,16,28,158,50,108
2019-20,33,Tamilnadu,3303,KANCHEEPURAM,330314,"ST.THOMAS MOUNT(RURAL)",1,"Department of Education",6,"SS (I-X)",5,"Post graduate",3,"B.Ed. or equivalent",0,0,0,0,0,2,0,0,0,0,2,9,0,0,0,0,0,0,13,2,11
2019-20,33,Tamilnadu,3303,KANCHEEPURAM,330301,KANCHEEPURAM,1,"Department of Education",7,"SS (VI-X)",5,"Post graduate",3,"B.Ed. or equivalent",0,0,0,0,0,0,0,0,0,6,7,17,3,11,0,0,0,0,44,10,34
2019-20,33,Tamilnadu,3303,KANCHEEPURAM,330302,WALAJABAD,1,"Department of Education",7,"SS (VI-X)",5,"Post graduate",3,"B.Ed. or equivalent",0,0,0,0,0,0,0,0,1,5,3,14,4,4,0,0,0,0,31,8,23
2019-20,33,Tamilnadu,3303,KANCHEEPURAM,330303,UTHIRAMERUR,1,"Department of Education",7,"SS (VI-X)",5,"Post graduate",3,"B.Ed. or equivalent",0,0,0,0,0,0,0,0,1,1,3,6,2,3,0,0,0,0,16,6,10
2019-20,33,Tamilnadu,3303,KANCHEEPURAM,330304,SRIPERUMBUDUR,1,"Department of Education",7,"SS (VI-X)",5,"Post graduate",3,"B.Ed. or equivalent",0,0,0,0,0,0,0,0,1,1,12,31,9,10,0,0,0,0,64,22,42
2019-20,33,Tamilnadu,3303,KANCHEEPURAM,330305,KUNDRATHUR,1,"Department of Education",7,"SS (VI-X)",5,"Post graduate",3,"B.Ed. or equivalent",0,0,0,0,0,0,0,0,3,13,10,36,14,38,0,0,0,0,114,27,87
2019-20,33,Tamilnadu,3303,KANCHEEPURAM,330306,THIRUPORUR,1,"Department of Education",7,"SS (VI-X)",5,"Post graduate",3,"B.Ed. or equivalent",0,0,0,0,0,0,0,0,3,5,9,37,2,0,0,0,0,0,56,14,42
2019-20,33,Tamilnadu,3303,KANCHEEPURAM,330307,KATTANKOLATHUR,1,"Department of Education",7,"SS (VI-X)",5,"Post graduate",3,"B.Ed. or equivalent",0,0,0,0,0,0,0,0,3,15,6,44,3,14,0,0,0,0,85,12,73
2019-20,33,Tamilnadu,3303,KANCHEEPURAM,330308,THIRUKALUKUNDRAM,1,"Department of Education",7,"SS (VI-X)",5,"Post graduate",3,"B.Ed. or equivalent",0,0,0,0,0,0,0,0,0,2,10,20,1,2,0,0,0,0,35,11,24
2019-20,33,Tamilnadu,3303,KANCHEEPURAM,330310,ACHARAPAKKAM,1,"Department of Education",7,"SS (VI-X)",5,"Post graduate",3,"B.Ed. or equivalent",0,0,0,0,0,0,0,0,0,2,6,12,3,1,0,0,0,0,24,9,15
2019-20,33,Tamilnadu,3303,KANCHEEPURAM,330311,MADURANTAGAM,1,"Department of Education",7,"SS (VI-X)",5,"Post graduate",3,"B.Ed. or equivalent",0,0,0,0,0,0,0,0,2,5,6,30,4,2,0,0,0,0,49,12,37
2019-20,33,Tamilnadu,3303,KANCHEEPURAM,330312,LATHUR,1,"Department of Education",7,"SS (VI-X)",5,"Post graduate",3,"B.Ed. or equivalent",0,0,0,0,0,0,0,0,0,0,5,13,1,1,0,0,0,0,20,6,14
2019-20,33,Tamilnadu,3303,KANCHEEPURAM,330313,CHITHAMUR,1,"Department of Education",7,"SS (VI-X)",5,"Post graduate",3,"B.Ed. or equivalent",0,0,0,0,0,0,0,0,1,1,10,18,4,12,0,0,0,0,46,15,31
2019-20,33,Tamilnadu,3303,KANCHEEPURAM,330314,"ST.THOMAS MOUNT(RURAL)",1,"Department of Education",7,"SS (VI-X)",5,"Post graduate",3,"B.Ed. or equivalent",0,0,0,0,0,0,0,0,1,9,2,40,1,4,0,0,0,0,57,4,53
2019-20,33,Tamilnadu,3303,KANCHEEPURAM,330301,KANCHEEPURAM,1,"Department of Education",1,"PS (I-V)",5,"Post graduate",4,"M.Ed. or equivalent",0,0,0,0,0,1,0,0,0,0,0,0,0,0,0,0,0,0,1,0,1
2019-20,33,Tamilnadu,3303,KANCHEEPURAM,330302,WALAJABAD,1,"Department of Education",1,"PS (I-V)",5,"Post graduate",4,"M.Ed. or equivalent",0,0,0,0,1,0,0,0,0,0,0,0,0,0,0,0,0,0,1,1,0
2019-20,33,Tamilnadu,3303,KANCHEEPURAM,330303,UTHIRAMERUR,1,"Department of Education",1,"PS (I-V)",5,"Post graduate",4,"M.Ed. or equivalent",0,0,0,0,0,1,0,0,0,0,0,0,0,0,0,0,0,0,1,0,1
2019-20,33,Tamilnadu,3303,KANCHEEPURAM,330304,SRIPERUMBUDUR,1,"Department of Education",1,"PS (I-V)",5,"Post graduate",4,"M.Ed. or equivalent",0,0,0,0,0,1,0,0,0,0,0,0,0,0,0,0,0,0,1,0,1
2019-20,33,Tamilnadu,3303,KANCHEEPURAM,330305,KUNDRATHUR,1,"Department of Education",1,"PS (I-V)",5,"Post graduate",4,"M.Ed. or equivalent",0,0,0,0,0,2,0,0,0,0,0,0,0,0,0,0,0,0,2,0,2
2019-20,33,Tamilnadu,3303,KANCHEEPURAM,330307,KATTANKOLATHUR,1,"Department of Education",1,"PS (I-V)",5,"Post graduate",4,"M.Ed. or equivalent",0,0,0,0,0,1,0,0,0,0,0,0,0,0,0,0,0,0,1,0,1
2019-20,33,Tamilnadu,3303,KANCHEEPURAM,330310,ACHARAPAKKAM,1,"Department of Education",1,"PS (I-V)",5,"Post graduate",4,"M.Ed. or equivalent",0,0,0,0,0,1,0,0,0,0,0,0,0,0,0,0,0,0,1,0,1
2019-20,33,Tamilnadu,3303,KANCHEEPURAM,330311,MADURANTAGAM,1,"Department of Education",1,"PS (I-V)",5,"Post graduate",4,"M.Ed. or equivalent",0,0,0,0,0,3,0,0,0,0,0,0,0,0,0,0,0,0,3,0,3
2019-20,33,Tamilnadu,3303,KANCHEEPURAM,330314,"ST.THOMAS MOUNT(RURAL)",1,"Department of Education",1,"PS (I-V)",5,"Post graduate",4,"M.Ed. or equivalent",0,0,0,0,0,1,0,0,0,0,0,0,0,0,0,0,0,0,1,0,1
2019-20,33,Tamilnadu,3303,KANCHEEPURAM,330301,KANCHEEPURAM,1,"Department of Education",2,"UPS (I-VIII)",5,"Post graduate",4,"M.Ed. or equivalent",0,0,0,0,0,0,0,0,3,3,0,0,0,0,0,0,0,0,6,3,3
2019-20,33,Tamilnadu,3303,KANCHEEPURAM,330302,WALAJABAD,1,"Department of Education",2,"UPS (I-VIII)",5,"Post graduate",4,"M.Ed. or equivalent",0,0,0,0,0,0,0,0,1,4,0,0,0,0,0,0,0,0,5,1,4
2019-20,33,Tamilnadu,3303,KANCHEEPURAM,330303,UTHIRAMERUR,1,"Department of Education",2,"UPS (I-VIII)",5,"Post graduate",4,"M.Ed. or equivalent",0,0,0,0,0,0,0,0,2,2,0,0,0,0,0,0,0,0,4,2,2
2019-20,33,Tamilnadu,3303,KANCHEEPURAM,330304,SRIPERUMBUDUR,1,"Department of Education",2,"UPS (I-VIII)",5,"Post graduate",4,"M.Ed. or equivalent",0,0,0,0,0,0,0,0,0,5,0,0,0,0,0,0,0,0,5,0,5
2019-20,33,Tamilnadu,3303,KANCHEEPURAM,330305,KUNDRATHUR,1,"Department of Education",2,"UPS (I-VIII)",5,"Post graduate",4,"M.Ed. or equivalent",0,0,0,0,0,1,0,0,1,5,0,0,0,0,0,0,0,0,7,1,6
2019-20,33,Tamilnadu,3303,KANCHEEPURAM,330306,THIRUPORUR,1,"Department of Education",2,"UPS (I-VIII)",5,"Post graduate",4,"M.Ed. or equivalent",0,0,0,0,0,0,0,1,2,5,0,0,0,0,0,0,0,0,8,2,6
2019-20,33,Tamilnadu,3303,KANCHEEPURAM,330307,KATTANKOLATHUR,1,"Department of Education",2,"UPS (I-VIII)",5,"Post graduate",4,"M.Ed. or equivalent",0,0,0,0,0,1,0,1,5,11,0,0,0,0,0,0,0,0,18,5,13
2019-20,33,Tamilnadu,3303,KANCHEEPURAM,330308,THIRUKALUKUNDRAM,1,"Department of Education",2,"UPS (I-VIII)",5,"Post graduate",4,"M.Ed. or equivalent",0,0,0,0,0,0,0,0,0,4,0,0,0,0,0,0,0,0,4,0,4
2019-20,33,Tamilnadu,3303,KANCHEEPURAM,330310,ACHARAPAKKAM,1,"Department of Education",2,"UPS (I-VIII)",5,"Post graduate",4,"M.Ed. or equivalent",0,0,0,0,0,1,0,0,1,1,0,0,0,0,0,0,0,0,3,1,2
2019-20,33,Tamilnadu,3303,KANCHEEPURAM,330311,MADURANTAGAM,1,"Department of Education",2,"UPS (I-VIII)",5,"Post graduate",4,"M.Ed. or equivalent",0,0,0,0,0,0,0,0,0,5,0,0,0,0,0,0,0,0,5,0,5
2019-20,33,Tamilnadu,3303,KANCHEEPURAM,330312,LATHUR,1,"Department of Education",2,"UPS (I-VIII)",5,"Post graduate",4,"M.Ed. or equivalent",0,0,0,0,0,0,0,1,0,0,0,0,0,0,0,0,0,0,1,0,1
2019-20,33,Tamilnadu,3303,KANCHEEPURAM,330314,"ST.THOMAS MOUNT(RURAL)",1,"Department of Education",2,"UPS (I-VIII)",5,"Post graduate",4,"M.Ed. or equivalent",0,0,0,0,1,1,0,0,0,5,0,0,0,0,0,0,0,0,7,1,6
2019-20,33,Tamilnadu,3303,KANCHEEPURAM,330303,UTHIRAMERUR,1,"Department of Education",3,"HSS (I-XII)",5,"Post graduate",4,"M.Ed. or equivalent",0,0,0,0,0,0,0,0,0,0,0,0,0,1,0,0,0,0,1,0,1
2019-20,33,Tamilnadu,3303,KANCHEEPURAM,330307,KATTANKOLATHUR,1,"Department of Education",3,"HSS (I-XII)",5,"Post graduate",4,"M.Ed. or equivalent",0,0,0,0,0,0,0,0,0,0,0,0,1,1,0,0,2,0,4,3,1
2019-20,33,Tamilnadu,3303,KANCHEEPURAM,330301,KANCHEEPURAM,1,"Department of Education",5,"HSS (VI-XII)",5,"Post graduate",4,"M.Ed. or equivalent",0,0,0,0,0,0,0,0,0,0,1,7,3,2,0,0,3,2,18,7,11
2019-20,33,Tamilnadu,3303,KANCHEEPURAM,330302,WALAJABAD,1,"Department of Education",5,"HSS (VI-XII)",5,"Post graduate",4,"M.Ed. or equivalent",0,0,0,0,0,0,0,0,0,0,2,1,0,0,0,0,5,4,12,7,5
2019-20,33,Tamilnadu,3303,KANCHEEPURAM,330303,UTHIRAMERUR,1,"Department of Education",5,"HSS (VI-XII)",5,"Post graduate",4,"M.Ed. or equivalent",0,0,0,0,0,0,0,0,0,0,3,3,1,0,1,0,2,2,12,7,5
2019-20,33,Tamilnadu,3303,KANCHEEPURAM,330304,SRIPERUMBUDUR,1,"Department of Education",5,"HSS (VI-XII)",5,"Post graduate",4,"M.Ed. or equivalent",0,0,0,0,0,0,0,0,0,0,0,2,1,5,0,0,4,3,15,5,10
2019-20,33,Tamilnadu,3303,KANCHEEPURAM,330305,KUNDRATHUR,1,"Department of Education",5,"HSS (VI-XII)",5,"Post graduate",4,"M.Ed. or equivalent",0,0,0,0,0,0,0,0,0,3,1,5,1,4,0,0,4,7,25,6,19
2019-20,33,Tamilnadu,3303,KANCHEEPURAM,330306,THIRUPORUR,1,"Department of Education",5,"HSS (VI-XII)",5,"Post graduate",4,"M.Ed. or equivalent",0,0,0,0,0,0,0,0,0,0,2,4,2,2,0,1,3,7,21,7,14
2019-20,33,Tamilnadu,3303,KANCHEEPURAM,330307,KATTANKOLATHUR,1,"Department of Education",5,"HSS (VI-XII)",5,"Post graduate",4,"M.Ed. or equivalent",0,0,0,0,0,0,0,0,0,0,1,4,0,2,0,0,0,4,11,1,10
2019-20,33,Tamilnadu,3303,KANCHEEPURAM,330308,THIRUKALUKUNDRAM,1,"Department of Education",5,"HSS (VI-XII)",5,"Post graduate",4,"M.Ed. or equivalent",0,0,0,0,0,0,0,0,0,0,0,4,1,0,1,1,1,2,10,3,7
2019-20,33,Tamilnadu,3303,KANCHEEPURAM,330309,"ST.THOMAS MOUNT(URBAN)",1,"Department of Education",5,"HSS (VI-XII)",5,"Post graduate",4,"M.Ed. or equivalent",0,0,0,0,0,0,0,0,0,1,0,1,1,9,0,1,5,13,31,6,25
2019-20,33,Tamilnadu,3303,KANCHEEPURAM,330310,ACHARAPAKKAM,1,"Department of Education",5,"HSS (VI-XII)",5,"Post graduate",4,"M.Ed. or equivalent",0,0,0,0,0,0,0,0,0,0,6,6,0,1,0,0,5,3,21,11,10
2019-20,33,Tamilnadu,3303,KANCHEEPURAM,330311,MADURANTAGAM,1,"Department of Education",5,"HSS (VI-XII)",5,"Post graduate",4,"M.Ed. or equivalent",0,0,0,0,0,0,0,0,0,0,3,4,0,1,0,0,3,2,13,6,7
2019-20,33,Tamilnadu,3303,KANCHEEPURAM,330312,LATHUR,1,"Department of Education",5,"HSS (VI-XII)",5,"Post graduate",4,"M.Ed. or equivalent",0,0,0,0,0,0,0,0,0,0,0,0,0,0,0,0,1,0,1,1,0
2019-20,33,Tamilnadu,3303,KANCHEEPURAM,330313,CHITHAMUR,1,"Department of Education",5,"HSS (VI-XII)",5,"Post graduate",4,"M.Ed. or equivalent",0,0,0,0,0,0,0,0,0,0,2,0,1,1,2,2,0,2,10,5,5
2019-20,33,Tamilnadu,3303,KANCHEEPURAM,330314,"ST.THOMAS MOUNT(RURAL)",1,"Department of Education",5,"HSS (VI-XII)",5,"Post graduate",4,"M.Ed. or equivalent",0,0,0,0,0,0,0,0,2,3,1,10,2,4,0,3,6,13,44,11,33
2019-20,33,Tamilnadu,3303,KANCHEEPURAM,330301,KANCHEEPURAM,1,"Department of Education",7,"SS (VI-X)",5,"Post graduate",4,"M.Ed. or equivalent",0,0,0,0,0,0,0,0,0,1,2,2,1,0,0,0,0,0,6,3,3
2019-20,33,Tamilnadu,3303,KANCHEEPURAM,330302,WALAJABAD,1,"Department of Education",7,"SS (VI-X)",5,"Post graduate",4,"M.Ed. or equivalent",0,0,0,0,0,0,0,0,0,0,3,0,3,1,0,0,0,0,7,6,1
2019-20,33,Tamilnadu,3303,KANCHEEPURAM,330303,UTHIRAMERUR,1,"Department of Education",7,"SS (VI-X)",5,"Post graduate",4,"M.Ed. or equivalent",0,0,0,0,0,0,0,0,0,0,3,1,1,2,0,0,0,0,7,4,3
2019-20,33,Tamilnadu,3303,KANCHEEPURAM,330304,SRIPERUMBUDUR,1,"Department of Education",7,"SS (VI-X)",5,"Post graduate",4,"M.Ed. or equivalent",0,0,0,0,0,0,0,0,1,0,4,4,1,1,0,0,0,0,11,6,5
2019-20,33,Tamilnadu,3303,KANCHEEPURAM,330305,KUNDRATHUR,1,"Department of Education",7,"SS (VI-X)",5,"Post graduate",4,"M.Ed. or equivalent",0,0,0,0,0,0,0,0,1,0,2,6,4,5,0,0,0,0,18,7,11
2019-20,33,Tamilnadu,3303,KANCHEEPURAM,330306,THIRUPORUR,1,"Department of Education",7,"SS (VI-X)",5,"Post graduate",4,"M.Ed. or equivalent",0,0,0,0,0,0,0,0,0,1,1,8,0,1,0,0,0,0,11,1,10
2019-20,33,Tamilnadu,3303,KANCHEEPURAM,330307,KATTANKOLATHUR,1,"Department of Education",7,"SS (VI-X)",5,"Post graduate",4,"M.Ed. or equivalent",0,0,0,0,0,0,0,0,0,0,3,8,3,6,0,0,0,0,20,6,14
2019-20,33,Tamilnadu,3303,KANCHEEPURAM,330308,THIRUKALUKUNDRAM,1,"Department of Education",7,"SS (VI-X)",5,"Post graduate",4,"M.Ed. or equivalent",0,0,0,0,0,0,0,0,0,0,0,3,1,1,0,0,0,0,5,1,4
2019-20,33,Tamilnadu,3303,KANCHEEPURAM,330310,ACHARAPAKKAM,1,"Department of Education",7,"SS (VI-X)",5,"Post graduate",4,"M.Ed. or equivalent",0,0,0,0,0,0,0,0,0,0,0,0,1,0,0,0,0,0,1,1,0
2019-20,33,Tamilnadu,3303,KANCHEEPURAM,330311,MADURANTAGAM,1,"Department of Education",7,"SS (VI-X)",5,"Post graduate",4,"M.Ed. or equivalent",0,0,0,0,0,0,0,0,0,0,3,2,1,1,0,0,0,0,7,4,3
2019-20,33,Tamilnadu,3303,KANCHEEPURAM,330312,LATHUR,1,"Department of Education",7,"SS (VI-X)",5,"Post graduate",4,"M.Ed. or equivalent",0,0,0,0,0,0,0,0,0,0,1,2,0,0,0,0,0,0,3,1,2
2019-20,33,Tamilnadu,3303,KANCHEEPURAM,330313,CHITHAMUR,1,"Department of Education",7,"SS (VI-X)",5,"Post graduate",4,"M.Ed. or equivalent",0,0,0,0,0,0,0,0,0,0,1,2,1,1,0,0,0,0,5,2,3
2019-20,33,Tamilnadu,3303,KANCHEEPURAM,330314,"ST.THOMAS MOUNT(RURAL)",1,"Department of Education",7,"SS (VI-X)",5,"Post graduate",4,"M.Ed. or equivalent",0,0,0,0,0,0,0,0,0,3,3,3,1,3,0,0,0,0,13,4,9
2019-20,33,Tamilnadu,3303,KANCHEEPURAM,330301,KANCHEEPURAM,1,"Department of Education",1,"PS (I-V)",5,"Post graduate",5,Others,0,0,0,0,0,1,0,0,0,0,0,0,0,0,0,0,0,0,1,0,1
2019-20,33,Tamilnadu,3303,KANCHEEPURAM,330307,KATTANKOLATHUR,1,"Department of Education",1,"PS (I-V)",5,"Post graduate",5,Others,0,0,0,0,0,1,0,0,0,0,0,0,0,0,0,0,0,0,1,0,1
2019-20,33,Tamilnadu,3303,KANCHEEPURAM,330308,THIRUKALUKUNDRAM,1,"Department of Education",2,"UPS (I-VIII)",5,"Post graduate",5,Others,0,0,0,0,0,0,0,0,0,1,0,0,0,0,0,0,0,0,1,0,1
2019-20,33,Tamilnadu,3303,KANCHEEPURAM,330314,"ST.THOMAS MOUNT(RURAL)",1,"Department of Education",2,"UPS (I-VIII)",5,"Post graduate",5,Others,0,0,0,0,0,1,0,0,0,0,0,0,0,0,0,0,0,0,1,0,1
2019-20,33,Tamilnadu,3303,KANCHEEPURAM,330302,WALAJABAD,1,"Department of Education",5,"HSS (VI-XII)",5,"Post graduate",5,Others,0,0,0,0,0,0,0,0,0,2,1,1,0,0,0,0,0,0,4,1,3
2019-20,33,Tamilnadu,3303,KANCHEEPURAM,330303,UTHIRAMERUR,1,"Department of Education",5,"HSS (VI-XII)",5,"Post graduate",5,Others,0,0,0,0,0,0,0,0,1,2,0,0,0,0,0,0,0,0,3,1,2
2019-20,33,Tamilnadu,3303,KANCHEEPURAM,330306,THIRUPORUR,1,"Department of Education",5,"HSS (VI-XII)",5,"Post graduate",5,Others,0,0,0,0,0,0,0,0,1,0,0,0,0,0,0,0,0,1,2,1,1
2019-20,33,Tamilnadu,3303,KANCHEEPURAM,330307,KATTANKOLATHUR,1,"Department of Education",5,"HSS (VI-XII)",5,"Post graduate",5,Others,0,0,0,0,0,0,0,0,0,2,0,0,0,0,0,0,0,0,2,0,2
2019-20,33,Tamilnadu,3303,KANCHEEPURAM,330308,THIRUKALUKUNDRAM,1,"Department of Education",5,"HSS (VI-XII)",5,"Post graduate",5,Others,0,0,0,0,0,0,0,0,0,0,0,1,0,0,0,0,0,0,1,0,1
2019-20,33,Tamilnadu,3303,KANCHEEPURAM,330309,"ST.THOMAS MOUNT(URBAN)",1,"Department of Education",5,"HSS (VI-XII)",5,"Post graduate",5,Others,0,0,0,0,0,0,0,0,0,1,0,0,0,0,0,1,0,0,2,0,2
2019-20,33,Tamilnadu,3303,KANCHEEPURAM,330310,ACHARAPAKKAM,1,"Department of Education",5,"HSS (VI-XII)",5,"Post graduate",5,Others,0,0,0,0,0,0,0,0,0,1,0,0,0,0,0,0,0,0,1,0,1
2019-20,33,Tamilnadu,3303,KANCHEEPURAM,330311,MADURANTAGAM,1,"Department of Education",5,"HSS (VI-XII)",5,"Post graduate",5,Others,0,0,0,0,0,0,0,0,0,0,0,2,0,0,0,0,0,0,2,0,2
2019-20,33,Tamilnadu,3303,KANCHEEPURAM,330312,LATHUR,1,"Department of Education",5,"HSS (VI-XII)",5,"Post graduate",5,Others,0,0,0,0,0,0,0,0,0,0,2,0,0,0,0,0,0,0,2,2,0
2019-20,33,Tamilnadu,3303,KANCHEEPURAM,330314,"ST.THOMAS MOUNT(RURAL)",1,"Department of Education",5,"HSS (VI-XII)",5,"Post graduate",5,Others,0,0,0,0,0,0,0,0,1,3,1,0,0,0,0,0,0,0,5,2,3
2019-20,33,Tamilnadu,3303,KANCHEEPURAM,330302,WALAJABAD,1,"Department of Education",7,"SS (VI-X)",5,"Post graduate",5,Others,0,0,0,0,0,0,0,0,1,0,0,0,0,0,0,0,0,0,1,1,0
2019-20,33,Tamilnadu,3303,KANCHEEPURAM,330303,UTHIRAMERUR,1,"Department of Education",7,"SS (VI-X)",5,"Post graduate",5,Others,0,0,0,0,0,0,0,0,1,0,0,0,0,0,0,0,0,0,1,1,0
2019-20,33,Tamilnadu,3303,KANCHEEPURAM,330305,KUNDRATHUR,1,"Department of Education",7,"SS (VI-X)",5,"Post graduate",5,Others,0,0,0,0,0,0,0,0,0,2,0,0,0,0,0,0,0,0,2,0,2
2019-20,33,Tamilnadu,3303,KANCHEEPURAM,330306,THIRUPORUR,1,"Department of Education",7,"SS (VI-X)",5,"Post graduate",5,Others,0,0,0,0,0,0,0,0,1,0,0,0,0,0,0,0,0,0,1,1,0
2019-20,33,Tamilnadu,3303,KANCHEEPURAM,330307,KATTANKOLATHUR,1,"Department of Education",7,"SS (VI-X)",5,"Post graduate",5,Others,0,0,0,0,0,0,0,0,1,1,0,0,0,0,0,0,0,0,2,1,1
2019-20,33,Tamilnadu,3303,KANCHEEPURAM,330311,MADURANTAGAM,1,"Department of Education",7,"SS (VI-X)",5,"Post graduate",5,Others,0,0,0,0,0,0,0,0,2,1,0,0,0,0,0,0,0,0,3,2,1
2019-20,33,Tamilnadu,3303,KANCHEEPURAM,330313,CHITHAMUR,1,"Department of Education",7,"SS (VI-X)",5,"Post graduate",5,Others,0,0,0,0,0,0,0,0,1,0,0,0,0,0,0,0,0,0,1,1,0
2019-20,33,Tamilnadu,3303,KANCHEEPURAM,330314,"ST.THOMAS MOUNT(RURAL)",1,"Department of Education",7,"SS (VI-X)",5,"Post graduate",5,Others,0,0,0,0,0,0,0,0,2,0,0,0,0,0,0,0,0,0,2,2,0
2019-20,33,Tamilnadu,3303,KANCHEEPURAM,330310,ACHARAPAKKAM,1,"Department of Education",2,"UPS (I-VIII)",5,"Post graduate",6,None,0,0,0,0,0,0,0,0,1,0,0,0,0,0,0,0,0,0,1,1,0
2019-20,33,Tamilnadu,3303,KANCHEEPURAM,330314,"ST.THOMAS MOUNT(RURAL)",1,"Department of Education",2,"UPS (I-VIII)",5,"Post graduate",6,None,0,0,0,0,0,0,0,0,1,0,0,0,0,0,0,0,0,0,1,1,0
2019-20,33,Tamilnadu,3303,KANCHEEPURAM,330307,KATTANKOLATHUR,1,"Department of Education",3,"HSS (I-XII)",5,"Post graduate",6,None,0,0,0,0,0,0,0,0,0,1,0,0,0,0,0,0,0,0,1,0,1
2019-20,33,Tamilnadu,3303,KANCHEEPURAM,330301,KANCHEEPURAM,1,"Department of Education",5,"HSS (VI-XII)",5,"Post graduate",6,None,0,0,0,0,0,0,0,0,0,0,0,0,0,0,0,1,0,0,1,0,1
2019-20,33,Tamilnadu,3303,KANCHEEPURAM,330302,WALAJABAD,1,"Department of Education",5,"HSS (VI-XII)",5,"Post graduate",6,None,0,0,0,0,0,0,0,0,0,1,1,0,0,0,0,0,1,0,3,2,1
2019-20,33,Tamilnadu,3303,KANCHEEPURAM,330304,SRIPERUMBUDUR,1,"Department of Education",5,"HSS (VI-XII)",5,"Post graduate",6,None,0,0,0,0,0,0,0,0,0,0,1,0,0,0,0,0,0,0,1,1,0
2019-20,33,Tamilnadu,3303,KANCHEEPURAM,330305,KUNDRATHUR,1,"Department of Education",5,"HSS (VI-XII)",5,"Post graduate",6,None,0,0,0,0,0,0,0,0,0,0,0,0,0,0,0,0,2,1,3,2,1
2019-20,33,Tamilnadu,3303,KANCHEEPURAM,330308,THIRUKALUKUNDRAM,1,"Department of Education",5,"HSS (VI-XII)",5,"Post graduate",6,None,0,0,0,0,0,0,0,0,0,1,0,0,0,0,0,0,1,1,3,1,2
2019-20,33,Tamilnadu,3303,KANCHEEPURAM,330309,"ST.THOMAS MOUNT(URBAN)",1,"Department of Education",5,"HSS (VI-XII)",5,"Post graduate",6,None,0,0,0,0,0,0,0,0,0,1,1,1,0,1,0,0,2,0,6,3,3
2019-20,33,Tamilnadu,3303,KANCHEEPURAM,330311,MADURANTAGAM,1,"Department of Education",5,"HSS (VI-XII)",5,"Post graduate",6,None,0,0,0,0,0,0,0,0,0,0,0,0,0,0,0,0,0,2,2,0,2
2019-20,33,Tamilnadu,3303,KANCHEEPURAM,330312,LATHUR,1,"Department of Education",5,"HSS (VI-XII)",5,"Post graduate",6,None,0,0,0,0,0,0,0,0,0,0,0,0,0,0,0,0,1,0,1,1,0
2019-20,33,Tamilnadu,3303,KANCHEEPURAM,330303,UTHIRAMERUR,1,"Department of Education",7,"SS (VI-X)",5,"Post graduate",6,None,0,0,0,0,0,0,0,0,1,0,0,0,0,0,0,0,0,0,1,1,0
2019-20,33,Tamilnadu,3303,KANCHEEPURAM,330305,KUNDRATHUR,1,"Department of Education",7,"SS (VI-X)",5,"Post graduate",6,None,0,0,0,0,0,0,0,0,1,0,0,0,0,0,0,0,0,0,1,1,0
2019-20,33,Tamilnadu,3303,KANCHEEPURAM,330306,THIRUPORUR,1,"Department of Education",7,"SS (VI-X)",5,"Post graduate",6,None,0,0,0,0,0,0,0,0,1,1,0,0,0,0,0,0,0,0,2,1,1
2019-20,33,Tamilnadu,3303,KANCHEEPURAM,330307,KATTANKOLATHUR,1,"Department of Education",7,"SS (VI-X)",5,"Post graduate",6,None,0,0,0,0,0,0,0,0,0,0,2,0,0,0,0,0,0,0,2,2,0
2019-20,33,Tamilnadu,3303,KANCHEEPURAM,330308,THIRUKALUKUNDRAM,1,"Department of Education",7,"SS (VI-X)",5,"Post graduate",6,None,0,0,0,0,0,0,0,0,0,1,1,0,0,0,0,0,0,0,2,1,1
2019-20,33,Tamilnadu,3303,KANCHEEPURAM,330313,CHITHAMUR,1,"Department of Education",7,"SS (VI-X)",5,"Post graduate",6,None,0,0,0,0,0,0,0,0,1,0,0,0,0,0,0,0,0,0,1,1,0
2019-20,33,Tamilnadu,3303,KANCHEEPURAM,330303,UTHIRAMERUR,1,"Department of Education",1,"PS (I-V)",6,M.Phil,1,"Diploma or certificate in basic teachers training of a duration not less than two years",0,0,0,0,1,0,0,0,0,0,0,0,0,0,0,0,0,0,1,1,0
2019-20,33,Tamilnadu,3303,KANCHEEPURAM,330306,THIRUPORUR,1,"Department of Education",1,"PS (I-V)",6,M.Phil,1,"Diploma or certificate in basic teachers training of a duration not less than two years",0,0,0,0,1,1,0,0,0,0,0,0,0,0,0,0,0,0,2,1,1
2019-20,33,Tamilnadu,3303,KANCHEEPURAM,330308,THIRUKALUKUNDRAM,1,"Department of Education",1,"PS (I-V)",6,M.Phil,1,"Diploma or certificate in basic teachers training of a duration not less than two years",0,0,0,0,0,3,0,0,0,0,0,0,0,0,0,0,0,0,3,0,3
2019-20,33,Tamilnadu,3303,KANCHEEPURAM,330304,SRIPERUMBUDUR,1,"Department of Education",2,"UPS (I-VIII)",6,M.Phil,1,"Diploma or certificate in basic teachers training of a duration not less than two years",0,0,0,0,0,1,0,0,0,0,0,0,0,0,0,0,0,0,1,0,1
2019-20,33,Tamilnadu,3303,KANCHEEPURAM,330305,KUNDRATHUR,1,"Department of Education",2,"UPS (I-VIII)",6,M.Phil,1,"Diploma or certificate in basic teachers training of a duration not less than two years",0,0,0,0,0,1,0,0,0,0,0,0,0,0,0,0,0,0,1,0,1
2019-20,33,Tamilnadu,3303,KANCHEEPURAM,330301,KANCHEEPURAM,1,"Department of Education",1,"PS (I-V)",6,M.Phil,3,"B.Ed. or equivalent",0,0,0,0,0,2,0,0,0,0,0,0,0,0,0,0,0,0,2,0,2
2019-20,33,Tamilnadu,3303,KANCHEEPURAM,330302,WALAJABAD,1,"Department of Education",1,"PS (I-V)",6,M.Phil,3,"B.Ed. or equivalent",0,0,0,0,1,3,0,0,0,0,0,0,0,0,0,0,0,0,4,1,3
2019-20,33,Tamilnadu,3303,KANCHEEPURAM,330303,UTHIRAMERUR,1,"Department of Education",1,"PS (I-V)",6,M.Phil,3,"B.Ed. or equivalent",0,0,0,0,0,1,0,0,0,0,0,0,0,0,0,0,0,0,1,0,1
2019-20,33,Tamilnadu,3303,KANCHEEPURAM,330305,KUNDRATHUR,1,"Department of Education",1,"PS (I-V)",6,M.Phil,3,"B.Ed. or equivalent",0,0,0,0,0,1,0,0,0,0,0,0,0,0,0,0,0,0,1,0,1
2019-20,33,Tamilnadu,3303,KANCHEEPURAM,330306,THIRUPORUR,1,"Department of Education",1,"PS (I-V)",6,M.Phil,3,"B.Ed. or equivalent",0,0,0,0,0,1,0,0,0,0,0,0,0,0,0,0,0,0,1,0,1
2019-20,33,Tamilnadu,3303,KANCHEEPURAM,330310,ACHARAPAKKAM,1,"Department of Education",1,"PS (I-V)",6,M.Phil,3,"B.Ed. or equivalent",0,0,0,0,1,0,0,0,0,0,0,0,0,0,0,0,0,0,1,1,0
2019-20,33,Tamilnadu,3303,KANCHEEPURAM,330311,MADURANTAGAM,1,"Department of Education",1,"PS (I-V)",6,M.Phil,3,"B.Ed. or equivalent",0,0,0,0,1,1,0,0,0,0,0,0,0,0,0,0,0,0,2,1,1
2019-20,33,Tamilnadu,3303,KANCHEEPURAM,330301,KANCHEEPURAM,1,"Department of Education",2,"UPS (I-VIII)",6,M.Phil,3,"B.Ed. or equivalent",0,0,0,0,0,0,0,0,1,1,0,0,0,0,0,0,0,0,2,1,1
2019-20,33,Tamilnadu,3303,KANCHEEPURAM,330302,WALAJABAD,1,"Department of Education",2,"UPS (I-VIII)",6,M.Phil,3,"B.Ed. or equivalent",0,0,0,0,0,0,0,0,1,1,0,0,0,0,0,0,0,0,2,1,1
2019-20,33,Tamilnadu,3303,KANCHEEPURAM,330303,UTHIRAMERUR,1,"Department of Education",2,"UPS (I-VIII)",6,M.Phil,3,"B.Ed. or equivalent",0,0,0,0,1,0,0,0,1,5,0,0,0,0,0,0,0,0,7,2,5
2019-20,33,Tamilnadu,3303,KANCHEEPURAM,330304,SRIPERUMBUDUR,1,"Department of Education",2,"UPS (I-VIII)",6,M.Phil,3,"B.Ed. or equivalent",0,0,0,0,0,1,0,0,2,6,0,0,0,0,0,0,0,0,9,2,7
2019-20,33,Tamilnadu,3303,KANCHEEPURAM,330305,KUNDRATHUR,1,"Department of Education",2,"UPS (I-VIII)",6,M.Phil,3,"B.Ed. or equivalent",0,0,0,0,0,0,0,0,3,4,0,0,0,0,0,0,0,0,7,3,4
2019-20,33,Tamilnadu,3303,KANCHEEPURAM,330306,THIRUPORUR,1,"Department of Education",2,"UPS (I-VIII)",6,M.Phil,3,"B.Ed. or equivalent",0,0,0,0,0,0,0,0,0,3,0,0,0,0,0,0,0,0,3,0,3
2019-20,33,Tamilnadu,3303,KANCHEEPURAM,330307,KATTANKOLATHUR,1,"Department of Education",2,"UPS (I-VIII)",6,M.Phil,3,"B.Ed. or equivalent",0,0,0,0,0,0,0,0,3,16,0,0,0,0,0,0,0,0,19,3,16
2019-20,33,Tamilnadu,3303,KANCHEEPURAM,330308,THIRUKALUKUNDRAM,1,"Department of Education",2,"UPS (I-VIII)",6,M.Phil,3,"B.Ed. or equivalent",0,0,0,0,1,0,0,0,0,6,0,0,0,0,0,0,0,0,7,1,6
2019-20,33,Tamilnadu,3303,KANCHEEPURAM,330310,ACHARAPAKKAM,1,"Department of Education",2,"UPS (I-VIII)",6,M.Phil,3,"B.Ed. or equivalent",0,0,0,0,1,0,0,0,2,6,0,0,0,0,0,0,0,0,9,3,6
2019-20,33,Tamilnadu,3303,KANCHEEPURAM,330311,MADURANTAGAM,1,"Department of Education",2,"UPS (I-VIII)",6,M.Phil,3,"B.Ed. or equivalent",0,0,0,0,0,0,0,1,4,4,0,0,0,0,0,0,0,0,9,4,5
2019-20,33,Tamilnadu,3303,KANCHEEPURAM,330312,LATHUR,1,"Department of Education",2,"UPS (I-VIII)",6,M.Phil,3,"B.Ed. or equivalent",0,0,0,0,0,0,0,0,0,2,0,0,0,0,0,0,0,0,2,0,2
2019-20,33,Tamilnadu,3303,KANCHEEPURAM,330313,CHITHAMUR,1,"Department of Education",2,"UPS (I-VIII)",6,M.Phil,3,"B.Ed. or equivalent",0,0,0,0,1,0,0,2,1,4,0,0,0,0,0,0,0,0,8,2,6
2019-20,33,Tamilnadu,3303,KANCHEEPURAM,330314,"ST.THOMAS MOUNT(RURAL)",1,"Department of Education",2,"UPS (I-VIII)",6,M.Phil,3,"B.Ed. or equivalent",0,0,0,0,0,1,0,0,2,8,0,0,0,0,0,0,0,0,11,2,9
2019-20,33,Tamilnadu,3303,KANCHEEPURAM,330303,UTHIRAMERUR,1,"Department of Education",3,"HSS (I-XII)",6,M.Phil,3,"B.Ed. or equivalent",0,0,0,0,0,0,0,0,0,0,0,5,0,0,0,2,0,5,12,0,12
2019-20,33,Tamilnadu,3303,KANCHEEPURAM,330307,KATTANKOLATHUR,1,"Department of Education",3,"HSS (I-XII)",6,M.Phil,3,"B.Ed. or equivalent",0,0,0,0,0,0,0,0,0,0,0,1,0,2,0,1,2,3,9,2,7
2019-20,33,Tamilnadu,3303,KANCHEEPURAM,330301,KANCHEEPURAM,1,"Department of Education",5,"HSS (VI-XII)",6,M.Phil,3,"B.Ed. or equivalent",0,0,0,0,0,0,0,0,0,2,4,7,4,9,2,7,6,17,58,16,42
2019-20,33,Tamilnadu,3303,KANCHEEPURAM,330302,WALAJABAD,1,"Department of Education",5,"HSS (VI-XII)",6,M.Phil,3,"B.Ed. or equivalent",0,0,0,0,0,0,0,0,0,1,4,11,2,1,2,1,17,19,58,25,33
2019-20,33,Tamilnadu,3303,KANCHEEPURAM,330303,UTHIRAMERUR,1,"Department of Education",5,"HSS (VI-XII)",6,M.Phil,3,"B.Ed. or equivalent",0,0,0,0,0,0,0,0,0,0,4,1,0,4,2,1,9,3,24,15,9
2019-20,33,Tamilnadu,3303,KANCHEEPURAM,330304,SRIPERUMBUDUR,1,"Department of Education",5,"HSS (VI-XII)",6,M.Phil,3,"B.Ed. or equivalent",0,0,0,0,0,0,0,0,0,1,1,0,2,5,0,0,2,9,20,5,15
2019-20,33,Tamilnadu,3303,KANCHEEPURAM,330305,KUNDRATHUR,1,"Department of Education",5,"HSS (VI-XII)",6,M.Phil,3,"B.Ed. or equivalent",0,0,0,0,0,0,0,0,0,3,5,6,5,5,0,0,11,33,68,21,47
2019-20,33,Tamilnadu,3303,KANCHEEPURAM,330306,THIRUPORUR,1,"Department of Education",5,"HSS (VI-XII)",6,M.Phil,3,"B.Ed. or equivalent",0,0,0,0,0,0,0,0,0,2,2,9,3,2,1,0,4,6,29,10,19
2019-20,33,Tamilnadu,3303,KANCHEEPURAM,330307,KATTANKOLATHUR,1,"Department of Education",5,"HSS (VI-XII)",6,M.Phil,3,"B.Ed. or equivalent",0,0,0,0,0,0,0,0,0,2,1,3,4,5,0,0,6,24,45,11,34
2019-20,33,Tamilnadu,3303,KANCHEEPURAM,330308,THIRUKALUKUNDRAM,1,"Department of Education",5,"HSS (VI-XII)",6,M.Phil,3,"B.Ed. or equivalent",0,0,0,0,0,0,0,0,0,0,4,14,0,1,2,4,3,11,39,9,30
2019-20,33,Tamilnadu,3303,KANCHEEPURAM,330309,"ST.THOMAS MOUNT(URBAN)",1,"Department of Education",5,"HSS (VI-XII)",6,M.Phil,3,"B.Ed. or equivalent",0,0,0,0,0,0,0,0,0,4,2,8,1,17,0,2,7,20,61,10,51
2019-20,33,Tamilnadu,3303,KANCHEEPURAM,330310,ACHARAPAKKAM,1,"Department of Education",5,"HSS (VI-XII)",6,M.Phil,3,"B.Ed. or equivalent",0,0,0,0,0,0,0,0,1,1,3,8,2,2,1,0,10,8,36,17,19
2019-20,33,Tamilnadu,3303,KANCHEEPURAM,330311,MADURANTAGAM,1,"Department of Education",5,"HSS (VI-XII)",6,M.Phil,3,"B.Ed. or equivalent",0,0,0,0,0,0,0,0,0,0,1,3,2,1,2,2,7,5,23,12,11
2019-20,33,Tamilnadu,3303,KANCHEEPURAM,330312,LATHUR,1,"Department of Education",5,"HSS (VI-XII)",6,M.Phil,3,"B.Ed. or equivalent",0,0,0,0,0,0,0,0,0,0,5,4,1,2,1,1,6,9,29,13,16
2019-20,33,Tamilnadu,3303,KANCHEEPURAM,330313,CHITHAMUR,1,"Department of Education",5,"HSS (VI-XII)",6,M.Phil,3,"B.Ed. or equivalent",0,0,0,0,0,0,0,0,1,0,2,3,0,2,1,1,5,6,21,9,12
2019-20,33,Tamilnadu,3303,KANCHEEPURAM,330314,"ST.THOMAS MOUNT(RURAL)",1,"Department of Education",5,"HSS (VI-XII)",6,M.Phil,3,"B.Ed. or equivalent",0,0,0,0,0,0,0,0,1,4,2,17,1,6,1,1,14,38,85,19,66
2019-20,33,Tamilnadu,3303,KANCHEEPURAM,330314,"ST.THOMAS MOUNT(RURAL)",1,"Department of Education",6,"SS (I-X)",6,M.Phil,3,"B.Ed. or equivalent",0,0,0,0,0,0,0,0,0,0,0,1,0,0,0,0,0,0,1,0,1
2019-20,33,Tamilnadu,3303,KANCHEEPURAM,330301,KANCHEEPURAM,1,"Department of Education",7,"SS (VI-X)",6,M.Phil,3,"B.Ed. or equivalent",0,0,0,0,0,0,0,0,0,1,1,0,1,1,0,0,0,0,4,2,2
2019-20,33,Tamilnadu,3303,KANCHEEPURAM,330302,WALAJABAD,1,"Department of Education",7,"SS (VI-X)",6,M.Phil,3,"B.Ed. or equivalent",0,0,0,0,0,0,0,0,1,1,1,6,3,2,0,0,0,0,14,5,9
2019-20,33,Tamilnadu,3303,KANCHEEPURAM,330303,UTHIRAMERUR,1,"Department of Education",7,"SS (VI-X)",6,M.Phil,3,"B.Ed. or equivalent",0,0,0,0,0,0,0,0,0,0,0,3,1,0,0,0,0,0,4,1,3
2019-20,33,Tamilnadu,3303,KANCHEEPURAM,330304,SRIPERUMBUDUR,1,"Department of Education",7,"SS (VI-X)",6,M.Phil,3,"B.Ed. or equivalent",0,0,0,0,0,0,0,0,0,0,4,6,1,1,0,0,0,0,12,5,7
2019-20,33,Tamilnadu,3303,KANCHEEPURAM,330305,KUNDRATHUR,1,"Department of Education",7,"SS (VI-X)",6,M.Phil,3,"B.Ed. or equivalent",0,0,0,0,0,0,0,0,0,3,1,7,4,6,0,0,0,0,21,5,16
2019-20,33,Tamilnadu,3303,KANCHEEPURAM,330306,THIRUPORUR,1,"Department of Education",7,"SS (VI-X)",6,M.Phil,3,"B.Ed. or equivalent",0,0,0,0,0,0,0,0,1,2,1,7,1,0,0,0,0,0,12,3,9
2019-20,33,Tamilnadu,3303,KANCHEEPURAM,330307,KATTANKOLATHUR,1,"Department of Education",7,"SS (VI-X)",6,M.Phil,3,"B.Ed. or equivalent",0,0,0,0,0,0,0,0,0,1,1,8,0,2,0,0,0,0,12,1,11
2019-20,33,Tamilnadu,3303,KANCHEEPURAM,330308,THIRUKALUKUNDRAM,1,"Department of Education",7,"SS (VI-X)",6,M.Phil,3,"B.Ed. or equivalent",0,0,0,0,0,0,0,0,0,0,2,4,1,1,0,0,0,0,8,3,5
2019-20,33,Tamilnadu,3303,KANCHEEPURAM,330310,ACHARAPAKKAM,1,"Department of Education",7,"SS (VI-X)",6,M.Phil,3,"B.Ed. or equivalent",0,0,0,0,0,0,0,0,1,1,3,4,0,2,0,0,0,0,11,4,7
2019-20,33,Tamilnadu,3303,KANCHEEPURAM,330311,MADURANTAGAM,1,"Department of Education",7,"SS (VI-X)",6,M.Phil,3,"B.Ed. or equivalent",0,0,0,0,0,0,0,0,0,1,3,5,1,0,0,0,0,0,10,4,6
2019-20,33,Tamilnadu,3303,KANCHEEPURAM,330312,LATHUR,1,"Department of Education",7,"SS (VI-X)",6,M.Phil,3,"B.Ed. or equivalent",0,0,0,0,0,0,0,0,0,0,1,2,0,0,0,0,0,0,3,1,2
2019-20,33,Tamilnadu,3303,KANCHEEPURAM,330313,CHITHAMUR,1,"Department of Education",7,"SS (VI-X)",6,M.Phil,3,"B.Ed. or equivalent",0,0,0,0,0,0,0,0,0,1,3,2,0,2,0,0,0,0,8,3,5
2019-20,33,Tamilnadu,3303,KANCHEEPURAM,330314,"ST.THOMAS MOUNT(RURAL)",1,"Department of Education",7,"SS (VI-X)",6,M.Phil,3,"B.Ed. or equivalent",0,0,0,0,0,0,0,0,0,0,1,4,0,2,0,0,0,0,7,1,6
2019-20,33,Tamilnadu,3303,KANCHEEPURAM,330307,KATTANKOLATHUR,1,"Department of Education",1,"PS (I-V)",6,M.Phil,4,"M.Ed. or equivalent",0,0,0,0,0,1,0,0,0,0,0,0,0,0,0,0,0,0,1,0,1
2019-20,33,Tamilnadu,3303,KANCHEEPURAM,330308,THIRUKALUKUNDRAM,1,"Department of Education",1,"PS (I-V)",6,M.Phil,4,"M.Ed. or equivalent",0,0,0,0,1,0,0,0,0,0,0,0,0,0,0,0,0,0,1,1,0
2019-20,33,Tamilnadu,3303,KANCHEEPURAM,330311,MADURANTAGAM,1,"Department of Education",1,"PS (I-V)",6,M.Phil,4,"M.Ed. or equivalent",0,0,0,0,1,0,0,0,0,0,0,0,0,0,0,0,0,0,1,1,0
2019-20,33,Tamilnadu,3303,KANCHEEPURAM,330314,"ST.THOMAS MOUNT(RURAL)",1,"Department of Education",1,"PS (I-V)",6,M.Phil,4,"M.Ed. or equivalent",0,0,0,0,0,1,0,0,0,0,0,0,0,0,0,0,0,0,1,0,1
2019-20,33,Tamilnadu,3303,KANCHEEPURAM,330301,KANCHEEPURAM,1,"Department of Education",2,"UPS (I-VIII)",6,M.Phil,4,"M.Ed. or equivalent",0,0,0,0,0,1,0,0,1,0,0,0,0,0,0,0,0,0,2,1,1
2019-20,33,Tamilnadu,3303,KANCHEEPURAM,330303,UTHIRAMERUR,1,"Department of Education",2,"UPS (I-VIII)",6,M.Phil,4,"M.Ed. or equivalent",0,0,0,0,0,0,0,0,0,1,0,0,0,0,0,0,0,0,1,0,1
2019-20,33,Tamilnadu,3303,KANCHEEPURAM,330304,SRIPERUMBUDUR,1,"Department of Education",2,"UPS (I-VIII)",6,M.Phil,4,"M.Ed. or equivalent",0,0,0,0,0,0,0,0,0,1,0,0,0,0,0,0,0,0,1,0,1
2019-20,33,Tamilnadu,3303,KANCHEEPURAM,330305,KUNDRATHUR,1,"Department of Education",2,"UPS (I-VIII)",6,M.Phil,4,"M.Ed. or equivalent",0,0,0,0,0,0,0,0,0,1,0,0,0,0,0,0,0,0,1,0,1
2019-20,33,Tamilnadu,3303,KANCHEEPURAM,330306,THIRUPORUR,1,"Department of Education",2,"UPS (I-VIII)",6,M.Phil,4,"M.Ed. or equivalent",0,0,0,0,0,0,0,0,1,0,0,0,0,0,0,0,0,0,1,1,0
2019-20,33,Tamilnadu,3303,KANCHEEPURAM,330307,KATTANKOLATHUR,1,"Department of Education",2,"UPS (I-VIII)",6,M.Phil,4,"M.Ed. or equivalent",0,0,0,0,0,0,0,0,1,1,0,0,0,0,0,0,0,0,2,1,1
2019-20,33,Tamilnadu,3303,KANCHEEPURAM,330308,THIRUKALUKUNDRAM,1,"Department of Education",2,"UPS (I-VIII)",6,M.Phil,4,"M.Ed. or equivalent",0,0,0,0,0,0,0,0,0,3,0,0,0,0,0,0,0,0,3,0,3
2019-20,33,Tamilnadu,3303,KANCHEEPURAM,330310,ACHARAPAKKAM,1,"Department of Education",2,"UPS (I-VIII)",6,M.Phil,4,"M.Ed. or equivalent",0,0,0,0,0,0,0,0,1,0,0,0,0,0,0,0,0,0,1,1,0
2019-20,33,Tamilnadu,3303,KANCHEEPURAM,330311,MADURANTAGAM,1,"Department of Education",2,"UPS (I-VIII)",6,M.Phil,4,"M.Ed. or equivalent",0,0,0,0,0,0,0,0,1,0,0,0,0,0,0,0,0,0,1,1,0
2019-20,33,Tamilnadu,3303,KANCHEEPURAM,330314,"ST.THOMAS MOUNT(RURAL)",1,"Department of Education",2,"UPS (I-VIII)",6,M.Phil,4,"M.Ed. or equivalent",0,0,0,0,0,0,0,0,1,1,0,0,0,0,0,0,0,0,2,1,1
2019-20,33,Tamilnadu,3303,KANCHEEPURAM,330303,UTHIRAMERUR,1,"Department of Education",3,"HSS (I-XII)",6,M.Phil,4,"M.Ed. or equivalent",0,0,0,0,0,0,0,0,0,0,0,0,0,0,0,1,0,1,2,0,2
2019-20,33,Tamilnadu,3303,KANCHEEPURAM,330307,KATTANKOLATHUR,1,"Department of Education",3,"HSS (I-XII)",6,M.Phil,4,"M.Ed. or equivalent",0,0,0,0,0,0,0,0,0,0,0,0,0,0,1,0,0,0,1,1,0
2019-20,33,Tamilnadu,3303,KANCHEEPURAM,330301,KANCHEEPURAM,1,"Department of Education",5,"HSS (VI-XII)",6,M.Phil,4,"M.Ed. or equivalent",0,0,0,0,0,0,0,0,0,0,1,0,0,2,1,2,3,8,17,5,12
2019-20,33,Tamilnadu,3303,KANCHEEPURAM,330302,WALAJABAD,1,"Department of Education",5,"HSS (VI-XII)",6,M.Phil,4,"M.Ed. or equivalent",0,0,0,0,0,0,0,0,1,0,2,3,0,0,1,1,6,2,16,10,6
2019-20,33,Tamilnadu,3303,KANCHEEPURAM,330303,UTHIRAMERUR,1,"Department of Education",5,"HSS (VI-XII)",6,M.Phil,4,"M.Ed. or equivalent",0,0,0,0,0,0,0,0,0,0,1,2,0,0,0,0,3,3,9,4,5
2019-20,33,Tamilnadu,3303,KANCHEEPURAM,330304,SRIPERUMBUDUR,1,"Department of Education",5,"HSS (VI-XII)",6,M.Phil,4,"M.Ed. or equivalent",0,0,0,0,0,0,0,0,0,0,1,2,0,0,0,0,5,3,11,6,5
2019-20,33,Tamilnadu,3303,KANCHEEPURAM,330305,KUNDRATHUR,1,"Department of Education",5,"HSS (VI-XII)",6,M.Phil,4,"M.Ed. or equivalent",0,0,0,0,0,0,0,0,0,0,2,5,1,3,1,0,7,8,27,11,16
2019-20,33,Tamilnadu,3303,KANCHEEPURAM,330306,THIRUPORUR,1,"Department of Education",5,"HSS (VI-XII)",6,M.Phil,4,"M.Ed. or equivalent",0,0,0,0,0,0,0,0,0,0,1,0,0,0,0,0,5,6,12,6,6
2019-20,33,Tamilnadu,3303,KANCHEEPURAM,330307,KATTANKOLATHUR,1,"Department of Education",5,"HSS (VI-XII)",6,M.Phil,4,"M.Ed. or equivalent",0,0,0,0,0,0,0,0,0,0,0,1,2,3,0,1,6,5,18,8,10
2019-20,33,Tamilnadu,3303,KANCHEEPURAM,330308,THIRUKALUKUNDRAM,1,"Department of Education",5,"HSS (VI-XII)",6,M.Phil,4,"M.Ed. or equivalent",0,0,0,0,0,0,0,0,0,0,0,2,0,1,0,1,3,4,11,3,8
2019-20,33,Tamilnadu,3303,KANCHEEPURAM,330309,"ST.THOMAS MOUNT(URBAN)",1,"Department of Education",5,"HSS (VI-XII)",6,M.Phil,4,"M.Ed. or equivalent",0,0,0,0,0,0,0,0,0,0,0,0,2,2,0,0,4,18,26,6,20
2019-20,33,Tamilnadu,3303,KANCHEEPURAM,330310,ACHARAPAKKAM,1,"Department of Education",5,"HSS (VI-XII)",6,M.Phil,4,"M.Ed. or equivalent",0,0,0,0,0,0,0,0,0,0,0,2,1,1,0,0,1,3,8,2,6
2019-20,33,Tamilnadu,3303,KANCHEEPURAM,330311,MADURANTAGAM,1,"Department of Education",5,"HSS (VI-XII)",6,M.Phil,4,"M.Ed. or equivalent",0,0,0,0,0,0,0,0,0,0,0,2,0,0,0,0,3,0,5,3,2
2019-20,33,Tamilnadu,3303,KANCHEEPURAM,330312,LATHUR,1,"Department of Education",5,"HSS (VI-XII)",6,M.Phil,4,"M.Ed. or equivalent",0,0,0,0,0,0,0,0,1,0,1,1,0,0,0,0,3,2,8,5,3
2019-20,33,Tamilnadu,3303,KANCHEEPURAM,330313,CHITHAMUR,1,"Department of Education",5,"HSS (VI-XII)",6,M.Phil,4,"M.Ed. or equivalent",0,0,0,0,0,0,0,0,0,0,1,0,2,0,1,1,1,2,8,5,3
2019-20,33,Tamilnadu,3303,KANCHEEPURAM,330314,"ST.THOMAS MOUNT(RURAL)",1,"Department of Education",5,"HSS (VI-XII)",6,M.Phil,4,"M.Ed. or equivalent",0,0,0,0,0,0,0,0,1,0,1,3,0,0,2,1,8,11,27,12,15
2019-20,33,Tamilnadu,3303,KANCHEEPURAM,330302,WALAJABAD,1,"Department of Education",7,"SS (VI-X)",6,M.Phil,4,"M.Ed. or equivalent",0,0,0,0,0,0,0,0,0,0,1,1,0,1,0,0,0,0,3,1,2
2019-20,33,Tamilnadu,3303,KANCHEEPURAM,330304,SRIPERUMBUDUR,1,"Department of Education",7,"SS (VI-X)",6,M.Phil,4,"M.Ed. or equivalent",0,0,0,0,0,0,0,0,0,0,2,0,1,0,0,0,0,0,3,3,0
2019-20,33,Tamilnadu,3303,KANCHEEPURAM,330305,KUNDRATHUR,1,"Department of Education",7,"SS (VI-X)",6,M.Phil,4,"M.Ed. or equivalent",0,0,0,0,0,0,0,0,0,0,1,2,1,1,0,0,0,0,5,2,3
2019-20,33,Tamilnadu,3303,KANCHEEPURAM,330307,KATTANKOLATHUR,1,"Department of Education",7,"SS (VI-X)",6,M.Phil,4,"M.Ed. or equivalent",0,0,0,0,0,0,0,0,0,1,0,1,0,1,0,0,0,0,3,0,3
2019-20,33,Tamilnadu,3303,KANCHEEPURAM,330313,CHITHAMUR,1,"Department of Education",7,"SS (VI-X)",6,M.Phil,4,"M.Ed. or equivalent",0,0,0,0,0,0,0,0,0,0,0,1,1,1,0,0,0,0,3,1,2
2019-20,33,Tamilnadu,3303,KANCHEEPURAM,330301,KANCHEEPURAM,1,"Department of Education",5,"HSS (VI-XII)",6,M.Phil,5,Others,0,0,0,0,0,0,0,0,1,0,0,0,0,0,0,0,0,0,1,1,0
2019-20,33,Tamilnadu,3303,KANCHEEPURAM,330306,THIRUPORUR,1,"Department of Education",5,"HSS (VI-XII)",6,M.Phil,5,Others,0,0,0,0,0,0,0,0,0,1,0,0,0,0,0,0,0,0,1,0,1
2019-20,33,Tamilnadu,3303,KANCHEEPURAM,330309,"ST.THOMAS MOUNT(URBAN)",1,"Department of Education",5,"HSS (VI-XII)",6,M.Phil,5,Others,0,0,0,0,0,0,0,0,0,0,0,0,0,1,0,0,0,0,1,0,1
2019-20,33,Tamilnadu,3303,KANCHEEPURAM,330301,KANCHEEPURAM,1,"Department of Education",5,"HSS (VI-XII)",6,M.Phil,6,None,0,0,0,0,0,0,0,0,0,0,1,1,0,0,0,0,0,0,2,1,1
2019-20,33,Tamilnadu,3303,KANCHEEPURAM,330303,UTHIRAMERUR,1,"Department of Education",5,"HSS (VI-XII)",6,M.Phil,6,None,0,0,0,0,0,0,0,0,1,0,0,0,0,0,0,0,0,0,1,1,0
2019-20,33,Tamilnadu,3303,KANCHEEPURAM,330304,SRIPERUMBUDUR,1,"Department of Education",5,"HSS (VI-XII)",6,M.Phil,6,None,0,0,0,0,0,0,0,0,0,0,1,0,0,0,0,0,0,0,1,1,0
2019-20,33,Tamilnadu,3303,KANCHEEPURAM,330305,KUNDRATHUR,1,"Department of Education",5,"HSS (VI-XII)",6,M.Phil,6,None,0,0,0,0,0,0,0,0,0,1,0,0,0,0,0,0,1,0,2,1,1
2019-20,33,Tamilnadu,3303,KANCHEEPURAM,330306,THIRUPORUR,1,"Department of Education",5,"HSS (VI-XII)",6,M.Phil,6,None,0,0,0,0,0,0,0,0,1,0,0,0,0,0,1,0,0,0,2,2,0
2019-20,33,Tamilnadu,3303,KANCHEEPURAM,330308,THIRUKALUKUNDRAM,1,"Department of Education",5,"HSS (VI-XII)",6,M.Phil,6,None,0,0,0,0,0,0,0,0,1,0,0,1,0,0,0,0,0,0,2,1,1
2019-20,33,Tamilnadu,3303,KANCHEEPURAM,330309,"ST.THOMAS MOUNT(URBAN)",1,"Department of Education",5,"HSS (VI-XII)",6,M.Phil,6,None,0,0,0,0,0,0,0,0,0,0,0,0,0,1,0,0,1,0,2,1,1
2019-20,33,Tamilnadu,3303,KANCHEEPURAM,330310,ACHARAPAKKAM,1,"Department of Education",5,"HSS (VI-XII)",6,M.Phil,6,None,0,0,0,0,0,0,0,0,0,0,0,0,0,0,0,0,1,0,1,1,0
2019-20,33,Tamilnadu,3303,KANCHEEPURAM,330314,"ST.THOMAS MOUNT(RURAL)",1,"Department of Education",5,"HSS (VI-XII)",6,M.Phil,6,None,0,0,0,0,0,0,0,0,1,1,0,0,0,0,0,0,0,0,2,1,1
2019-20,33,Tamilnadu,3303,KANCHEEPURAM,330301,KANCHEEPURAM,1,"Department of Education",7,"SS (VI-X)",6,M.Phil,6,None,0,0,0,0,0,0,0,0,1,0,0,0,0,0,0,0,0,0,1,1,0
2019-20,33,Tamilnadu,3303,KANCHEEPURAM,330302,WALAJABAD,1,"Department of Education",7,"SS (VI-X)",6,M.Phil,6,None,0,0,0,0,0,0,0,0,0,0,1,0,0,0,0,0,0,0,1,1,0
2019-20,33,Tamilnadu,3303,KANCHEEPURAM,330304,SRIPERUMBUDUR,1,"Department of Education",7,"SS (VI-X)",6,M.Phil,6,None,0,0,0,0,0,0,0,0,0,0,0,0,0,1,0,0,0,0,1,0,1
2019-20,33,Tamilnadu,3303,KANCHEEPURAM,330306,THIRUPORUR,1,"Department of Education",7,"SS (VI-X)",6,M.Phil,6,None,0,0,0,0,0,0,0,0,0,0,0,1,0,0,0,0,0,0,1,0,1
2019-20,33,Tamilnadu,3303,KANCHEEPURAM,330301,KANCHEEPURAM,1,"Department of Education",1,"PS (I-V)",7,Ph.D,1,"Diploma or certificate in basic teachers training of a duration not less than two years",0,0,0,0,0,1,0,0,0,0,0,0,0,0,0,0,0,0,1,0,1
2019-20,33,Tamilnadu,3303,KANCHEEPURAM,330302,WALAJABAD,1,"Department of Education",1,"PS (I-V)",7,Ph.D,1,"Diploma or certificate in basic teachers training of a duration not less than two years",0,0,0,0,0,1,0,0,0,0,0,0,0,0,0,0,0,0,1,0,1
2019-20,33,Tamilnadu,3303,KANCHEEPURAM,330307,KATTANKOLATHUR,1,"Department of Education",1,"PS (I-V)",7,Ph.D,3,"B.Ed. or equivalent",0,0,0,0,1,0,0,0,0,0,0,0,0,0,0,0,0,0,1,1,0
2019-20,33,Tamilnadu,3303,KANCHEEPURAM,330305,KUNDRATHUR,1,"Department of Education",2,"UPS (I-VIII)",7,Ph.D,3,"B.Ed. or equivalent",0,0,0,0,0,0,0,0,1,0,0,0,0,0,0,0,0,0,1,1,0
2019-20,33,Tamilnadu,3303,KANCHEEPURAM,330301,KANCHEEPURAM,1,"Department of Education",5,"HSS (VI-XII)",7,Ph.D,3,"B.Ed. or equivalent",0,0,0,0,0,0,0,0,0,0,0,1,0,0,0,0,0,0,1,0,1
2019-20,33,Tamilnadu,3303,KANCHEEPURAM,330302,WALAJABAD,1,"Department of Education",5,"HSS (VI-XII)",7,Ph.D,3,"B.Ed. or equivalent",0,0,0,0,0,0,0,0,0,0,0,1,0,0,0,0,1,0,2,1,1
2019-20,33,Tamilnadu,3303,KANCHEEPURAM,330305,KUNDRATHUR,1,"Department of Education",5,"HSS (VI-XII)",7,Ph.D,3,"B.Ed. or equivalent",0,0,0,0,0,0,0,0,0,0,0,0,0,0,0,1,0,0,1,0,1
2019-20,33,Tamilnadu,3303,KANCHEEPURAM,330307,KATTANKOLATHUR,1,"Department of Education",5,"HSS (VI-XII)",7,Ph.D,3,"B.Ed. or equivalent",0,0,0,0,0,0,0,0,0,0,0,0,0,0,0,0,1,0,1,1,0
2019-20,33,Tamilnadu,3303,KANCHEEPURAM,330308,THIRUKALUKUNDRAM,1,"Department of Education",5,"HSS (VI-XII)",7,Ph.D,3,"B.Ed. or equivalent",0,0,0,0,0,0,0,0,0,0,0,0,0,0,0,0,1,0,1,1,0
2019-20,33,Tamilnadu,3303,KANCHEEPURAM,330309,"ST.THOMAS MOUNT(URBAN)",1,"Department of Education",5,"HSS (VI-XII)",7,Ph.D,3,"B.Ed. or equivalent",0,0,0,0,0,0,0,0,0,0,1,0,0,0,0,0,2,1,4,3,1
2019-20,33,Tamilnadu,3303,KANCHEEPURAM,330310,ACHARAPAKKAM,1,"Department of Education",5,"HSS (VI-XII)",7,Ph.D,3,"B.Ed. or equivalent",0,0,0,0,0,0,0,0,0,0,0,0,0,0,0,0,1,0,1,1,0
2019-20,33,Tamilnadu,3303,KANCHEEPURAM,330314,"ST.THOMAS MOUNT(RURAL)",1,"Department of Education",5,"HSS (VI-XII)",7,Ph.D,3,"B.Ed. or equivalent",0,0,0,0,0,0,0,0,0,0,0,0,0,0,0,0,1,0,1,1,0
2019-20,33,Tamilnadu,3303,KANCHEEPURAM,330302,WALAJABAD,1,"Department of Education",7,"SS (VI-X)",7,Ph.D,3,"B.Ed. or equivalent",0,0,0,0,0,0,0,0,0,0,1,0,1,0,0,0,0,0,2,2,0
2019-20,33,Tamilnadu,3303,KANCHEEPURAM,330305,KUNDRATHUR,1,"Department of Education",7,"SS (VI-X)",7,Ph.D,3,"B.Ed. or equivalent",0,0,0,0,0,0,0,0,0,0,0,0,2,0,0,0,0,0,2,2,0
2019-20,33,Tamilnadu,3303,KANCHEEPURAM,330310,ACHARAPAKKAM,1,"Department of Education",7,"SS (VI-X)",7,Ph.D,3,"B.Ed. or equivalent",0,0,0,0,0,0,0,0,0,0,1,0,0,0,0,0,0,0,1,1,0
2019-20,33,Tamilnadu,3303,KANCHEEPURAM,330314,"ST.THOMAS MOUNT(RURAL)",1,"Department of Education",7,"SS (VI-X)",7,Ph.D,3,"B.Ed. or equivalent",0,0,0,0,0,0,0,0,0,0,0,0,0,1,0,0,0,0,1,0,1
2019-20,33,Tamilnadu,3303,KANCHEEPURAM,330310,ACHARAPAKKAM,1,"Department of Education",2,"UPS (I-VIII)",7,Ph.D,4,"M.Ed. or equivalent",0,0,0,0,0,0,1,0,0,1,0,0,0,0,0,0,0,0,2,1,1
2019-20,33,Tamilnadu,3303,KANCHEEPURAM,330301,KANCHEEPURAM,1,"Department of Education",5,"HSS (VI-XII)",7,Ph.D,4,"M.Ed. or equivalent",0,0,0,0,0,0,0,0,0,0,0,0,0,0,0,0,1,0,1,1,0
2019-20,33,Tamilnadu,3303,KANCHEEPURAM,330302,WALAJABAD,1,"Department of Education",5,"HSS (VI-XII)",7,Ph.D,4,"M.Ed. or equivalent",0,0,0,0,0,0,0,0,0,0,0,0,0,0,0,0,0,1,1,0,1
2019-20,33,Tamilnadu,3303,KANCHEEPURAM,330303,UTHIRAMERUR,1,"Department of Education",5,"HSS (VI-XII)",7,Ph.D,4,"M.Ed. or equivalent",0,0,0,0,0,0,0,0,0,0,0,0,0,0,0,0,0,1,1,0,1
2019-20,33,Tamilnadu,3303,KANCHEEPURAM,330305,KUNDRATHUR,1,"Department of Education",5,"HSS (VI-XII)",7,Ph.D,4,"M.Ed. or equivalent",0,0,0,0,0,0,0,0,0,0,0,0,0,0,0,0,2,0,2,2,0
2019-20,33,Tamilnadu,3303,KANCHEEPURAM,330309,"ST.THOMAS MOUNT(URBAN)",1,"Department of Education",5,"HSS (VI-XII)",7,Ph.D,4,"M.Ed. or equivalent",0,0,0,0,0,0,0,0,0,0,0,0,0,0,0,0,0,2,2,0,2
2019-20,33,Tamilnadu,3303,KANCHEEPURAM,330314,"ST.THOMAS MOUNT(RURAL)",1,"Department of Education",5,"HSS (VI-XII)",7,Ph.D,4,"M.Ed. or equivalent",0,0,0,0,0,0,0,0,0,0,0,0,0,0,1,0,0,0,1,1,0
2019-20,33,Tamilnadu,3303,KANCHEEPURAM,330305,KUNDRATHUR,1,"Department of Education",7,"SS (VI-X)",7,Ph.D,4,"M.Ed. or equivalent",0,0,0,0,0,0,0,0,0,0,0,0,0,1,0,0,0,0,1,0,1
2019-20,33,Tamilnadu,3303,KANCHEEPURAM,330307,KATTANKOLATHUR,1,"Department of Education",7,"SS (VI-X)",7,Ph.D,4,"M.Ed. or equivalent",0,0,0,0,0,0,0,0,0,0,0,1,0,0,0,0,0,0,1,0,1
2019-20,33,Tamilnadu,3303,KANCHEEPURAM,330307,KATTANKOLATHUR,1,"Department of Education",5,"HSS (VI-XII)",7,Ph.D,6,None,0,0,0,0,0,0,0,0,0,0,0,0,0,0,0,0,1,0,1,1,0
2019-20,33,Tamilnadu,3303,KANCHEEPURAM,330308,THIRUKALUKUNDRAM,1,"Department of Education",5,"HSS (VI-XII)",7,Ph.D,6,None,0,0,0,0,0,0,0,0,0,0,1,0,0,0,0,0,0,0,1,1,0
2019-20,33,Tamilnadu,3303,KANCHEEPURAM,330306,THIRUPORUR,1,"Department of Education",1,"PS (I-V)",8,"Post Doctoral",3,"B.Ed. or equivalent",0,0,0,0,1,0,0,0,0,0,0,0,0,0,0,0,0,0,1,1,0
2019-20,33,Tamilnadu,3303,KANCHEEPURAM,330301,KANCHEEPURAM,13,"Government Aided",1,"PS (I-V)",1,"Below Secondary",1,"Diploma or certificate in basic teachers training of a duration not less than two years",0,0,0,0,1,6,0,0,0,0,0,0,0,0,0,0,0,0,7,1,6
2019-20,33,Tamilnadu,3303,KANCHEEPURAM,330302,WALAJABAD,13,"Government Aided",1,"PS (I-V)",1,"Below Secondary",1,"Diploma or certificate in basic teachers training of a duration not less than two years",0,0,0,0,1,2,0,0,0,0,0,0,0,0,0,0,0,0,3,1,2
2019-20,33,Tamilnadu,3303,KANCHEEPURAM,330303,UTHIRAMERUR,13,"Government Aided",1,"PS (I-V)",1,"Below Secondary",1,"Diploma or certificate in basic teachers training of a duration not less than two years",0,0,0,0,1,2,0,0,0,0,0,0,0,0,0,0,0,0,3,1,2
2019-20,33,Tamilnadu,3303,KANCHEEPURAM,330305,KUNDRATHUR,13,"Government Aided",1,"PS (I-V)",1,"Below Secondary",1,"Diploma or certificate in basic teachers training of a duration not less than two years",0,0,0,0,0,1,0,0,0,0,0,0,0,0,0,0,0,0,1,0,1
2019-20,33,Tamilnadu,3303,KANCHEEPURAM,330306,THIRUPORUR,13,"Government Aided",1,"PS (I-V)",1,"Below Secondary",1,"Diploma or certificate in basic teachers training of a duration not less than two years",0,0,0,0,0,1,0,0,0,0,0,0,0,0,0,0,0,0,1,0,1
2019-20,33,Tamilnadu,3303,KANCHEEPURAM,330307,KATTANKOLATHUR,13,"Government Aided",1,"PS (I-V)",1,"Below Secondary",1,"Diploma or certificate in basic teachers training of a duration not less than two years",0,0,0,0,0,4,0,0,0,0,0,0,0,0,0,0,0,0,4,0,4
2019-20,33,Tamilnadu,3303,KANCHEEPURAM,330308,THIRUKALUKUNDRAM,13,"Government Aided",1,"PS (I-V)",1,"Below Secondary",1,"Diploma or certificate in basic teachers training of a duration not less than two years",0,0,0,0,0,5,0,0,0,0,0,0,0,0,0,0,0,0,5,0,5
2019-20,33,Tamilnadu,3303,KANCHEEPURAM,330309,"ST.THOMAS MOUNT(URBAN)",13,"Government Aided",1,"PS (I-V)",1,"Below Secondary",1,"Diploma or certificate in basic teachers training of a duration not less than two years",0,0,0,0,0,8,0,0,0,0,0,0,0,0,0,0,0,0,8,0,8
2019-20,33,Tamilnadu,3303,KANCHEEPURAM,330310,ACHARAPAKKAM,13,"Government Aided",1,"PS (I-V)",1,"Below Secondary",1,"Diploma or certificate in basic teachers training of a duration not less than two years",0,0,0,0,1,2,0,0,0,0,0,0,0,0,0,0,0,0,3,1,2
2019-20,33,Tamilnadu,3303,KANCHEEPURAM,330311,MADURANTAGAM,13,"Government Aided",1,"PS (I-V)",1,"Below Secondary",1,"Diploma or certificate in basic teachers training of a duration not less than two years",0,0,0,0,0,1,0,0,0,0,0,0,0,0,0,0,0,0,1,0,1
2019-20,33,Tamilnadu,3303,KANCHEEPURAM,330314,"ST.THOMAS MOUNT(RURAL)",13,"Government Aided",1,"PS (I-V)",1,"Below Secondary",1,"Diploma or certificate in basic teachers training of a duration not less than two years",0,0,0,0,0,2,0,0,0,0,0,0,0,0,0,0,0,0,2,0,2
2019-20,33,Tamilnadu,3303,KANCHEEPURAM,330303,UTHIRAMERUR,13,"Government Aided",2,"UPS (I-VIII)",1,"Below Secondary",1,"Diploma or certificate in basic teachers training of a duration not less than two years",0,0,0,0,0,1,0,0,0,0,0,0,0,0,0,0,0,0,1,0,1
2019-20,33,Tamilnadu,3303,KANCHEEPURAM,330305,KUNDRATHUR,13,"Government Aided",2,"UPS (I-VIII)",1,"Below Secondary",1,"Diploma or certificate in basic teachers training of a duration not less than two years",0,0,0,0,0,1,0,0,0,0,0,0,0,0,0,0,0,0,1,0,1
2019-20,33,Tamilnadu,3303,KANCHEEPURAM,330306,THIRUPORUR,13,"Government Aided",2,"UPS (I-VIII)",1,"Below Secondary",1,"Diploma or certificate in basic teachers training of a duration not less than two years",0,0,0,0,0,1,0,0,0,0,0,0,0,0,0,0,0,0,1,0,1
2019-20,33,Tamilnadu,3303,KANCHEEPURAM,330308,THIRUKALUKUNDRAM,13,"Government Aided",2,"UPS (I-VIII)",1,"Below Secondary",1,"Diploma or certificate in basic teachers training of a duration not less than two years",0,0,0,0,0,2,0,0,0,0,0,0,0,0,0,0,0,0,2,0,2
2019-20,33,Tamilnadu,3303,KANCHEEPURAM,330309,"ST.THOMAS MOUNT(URBAN)",13,"Government Aided",2,"UPS (I-VIII)",1,"Below Secondary",1,"Diploma or certificate in basic teachers training of a duration not less than two years",0,0,0,0,0,4,0,0,0,0,0,0,0,0,0,0,0,0,4,0,4
2019-20,33,Tamilnadu,3303,KANCHEEPURAM,330309,"ST.THOMAS MOUNT(URBAN)",13,"Government Aided",1,"PS (I-V)",1,"Below Secondary",3,"B.Ed. or equivalent",0,0,0,0,0,1,0,0,0,0,0,0,0,0,0,0,0,0,1,0,1
2019-20,33,Tamilnadu,3303,KANCHEEPURAM,330301,KANCHEEPURAM,13,"Government Aided",2,"UPS (I-VIII)",1,"Below Secondary",3,"B.Ed. or equivalent",0,0,0,0,0,0,0,0,0,1,0,0,0,0,0,0,0,0,1,0,1
2019-20,33,Tamilnadu,3303,KANCHEEPURAM,330309,"ST.THOMAS MOUNT(URBAN)",13,"Government Aided",2,"UPS (I-VIII)",1,"Below Secondary",3,"B.Ed. or equivalent",0,0,0,0,0,0,0,1,0,0,0,0,0,0,0,0,0,0,1,0,1
2019-20,33,Tamilnadu,3303,KANCHEEPURAM,330311,MADURANTAGAM,13,"Government Aided",2,"UPS (I-VIII)",1,"Below Secondary",3,"B.Ed. or equivalent",0,0,0,0,0,0,1,0,0,0,0,0,0,0,0,0,0,0,1,1,0
2019-20,33,Tamilnadu,3303,KANCHEEPURAM,330309,"ST.THOMAS MOUNT(URBAN)",13,"Government Aided",7,"SS (VI-X)",1,"Below Secondary",3,"B.Ed. or equivalent",0,0,0,0,0,0,0,0,0,0,0,0,0,1,0,0,0,0,1,0,1
2019-20,33,Tamilnadu,3303,KANCHEEPURAM,330309,"ST.THOMAS MOUNT(URBAN)",13,"Government Aided",4,"UPS (VI-VIII)",1,"Below Secondary",4,"M.Ed. or equivalent",0,0,0,0,0,0,0,0,0,1,0,0,0,0,0,0,0,0,1,0,1
2019-20,33,Tamilnadu,3303,KANCHEEPURAM,330305,KUNDRATHUR,13,"Government Aided",2,"UPS (I-VIII)",1,"Below Secondary",5,Others,0,0,0,0,0,1,0,0,0,0,0,0,0,0,0,0,0,0,1,0,1
2019-20,33,Tamilnadu,3303,KANCHEEPURAM,330306,THIRUPORUR,13,"Government Aided",2,"UPS (I-VIII)",1,"Below Secondary",5,Others,0,0,0,0,0,0,0,1,0,0,0,0,0,0,0,0,0,0,1,0,1
2019-20,33,Tamilnadu,3303,KANCHEEPURAM,330309,"ST.THOMAS MOUNT(URBAN)",13,"Government Aided",2,"UPS (I-VIII)",1,"Below Secondary",5,Others,0,0,0,0,0,1,0,0,0,1,0,0,0,0,0,0,0,0,2,0,2
2019-20,33,Tamilnadu,3303,KANCHEEPURAM,330311,MADURANTAGAM,13,"Government Aided",2,"UPS (I-VIII)",1,"Below Secondary",5,Others,0,0,0,0,0,1,0,0,0,0,0,0,0,0,0,0,0,0,1,0,1
2019-20,33,Tamilnadu,3303,KANCHEEPURAM,330314,"ST.THOMAS MOUNT(RURAL)",13,"Government Aided",2,"UPS (I-VIII)",1,"Below Secondary",5,Others,0,0,0,0,0,0,0,0,0,1,0,0,0,0,0,0,0,0,1,0,1
2019-20,33,Tamilnadu,3303,KANCHEEPURAM,330307,KATTANKOLATHUR,13,"Government Aided",5,"HSS (VI-XII)",1,"Below Secondary",5,Others,0,0,0,0,0,0,0,0,0,0,1,0,0,0,0,0,0,0,1,1,0
2019-20,33,Tamilnadu,3303,KANCHEEPURAM,330309,"ST.THOMAS MOUNT(URBAN)",13,"Government Aided",5,"HSS (VI-XII)",1,"Below Secondary",5,Others,0,0,0,0,0,0,0,0,0,0,0,2,0,0,0,0,0,0,2,0,2
2019-20,33,Tamilnadu,3303,KANCHEEPURAM,330309,"ST.THOMAS MOUNT(URBAN)",13,"Government Aided",7,"SS (VI-X)",1,"Below Secondary",5,Others,0,0,0,0,0,0,0,0,0,0,0,1,0,0,0,0,0,0,1,0,1
2019-20,33,Tamilnadu,3303,KANCHEEPURAM,330311,MADURANTAGAM,13,"Government Aided",7,"SS (VI-X)",1,"Below Secondary",5,Others,0,0,0,0,0,0,0,0,0,1,0,0,0,0,0,0,0,0,1,0,1
2019-20,33,Tamilnadu,3303,KANCHEEPURAM,330309,"ST.THOMAS MOUNT(URBAN)",13,"Government Aided",5,"HSS (VI-XII)",1,"Below Secondary",6,None,0,0,0,0,0,0,0,0,0,0,0,0,1,0,0,0,0,0,1,1,0
2019-20,33,Tamilnadu,3303,KANCHEEPURAM,330311,MADURANTAGAM,13,"Government Aided",7,"SS (VI-X)",1,"Below Secondary",6,None,0,0,0,0,0,0,0,0,0,1,0,0,0,0,0,0,0,0,1,0,1
2019-20,33,Tamilnadu,3303,KANCHEEPURAM,330301,KANCHEEPURAM,13,"Government Aided",1,"PS (I-V)",3,"Higher secondary",1,"Diploma or certificate in basic teachers training of a duration not less than two years",0,0,0,0,1,22,0,0,0,0,0,0,0,0,0,0,0,0,23,1,22
2019-20,33,Tamilnadu,3303,KANCHEEPURAM,330302,WALAJABAD,13,"Government Aided",1,"PS (I-V)",3,"Higher secondary",1,"Diploma or certificate in basic teachers training of a duration not less than two years",0,0,0,0,2,10,0,0,0,0,0,0,0,0,0,0,0,0,12,2,10
2019-20,33,Tamilnadu,3303,KANCHEEPURAM,330303,UTHIRAMERUR,13,"Government Aided",1,"PS (I-V)",3,"Higher secondary",1,"Diploma or certificate in basic teachers training of a duration not less than two years",0,0,0,0,1,5,0,0,0,0,0,0,0,0,0,0,0,0,6,1,5
2019-20,33,Tamilnadu,3303,KANCHEEPURAM,330304,SRIPERUMBUDUR,13,"Government Aided",1,"PS (I-V)",3,"Higher secondary",1,"Diploma or certificate in basic teachers training of a duration not less than two years",0,0,0,0,0,6,0,0,0,0,0,0,0,0,0,0,0,0,6,0,6
2019-20,33,Tamilnadu,3303,KANCHEEPURAM,330305,KUNDRATHUR,13,"Government Aided",1,"PS (I-V)",3,"Higher secondary",1,"Diploma or certificate in basic teachers training of a duration not less than two years",0,0,0,0,0,3,0,0,0,0,0,0,0,0,0,0,0,0,3,0,3
2019-20,33,Tamilnadu,3303,KANCHEEPURAM,330306,THIRUPORUR,13,"Government Aided",1,"PS (I-V)",3,"Higher secondary",1,"Diploma or certificate in basic teachers training of a duration not less than two years",0,0,0,0,0,8,0,0,0,0,0,0,0,0,0,0,0,0,8,0,8
2019-20,33,Tamilnadu,3303,KANCHEEPURAM,330307,KATTANKOLATHUR,13,"Government Aided",1,"PS (I-V)",3,"Higher secondary",1,"Diploma or certificate in basic teachers training of a duration not less than two years",0,0,0,0,2,28,0,0,0,0,0,0,0,0,0,0,0,0,30,2,28
2019-20,33,Tamilnadu,3303,KANCHEEPURAM,330308,THIRUKALUKUNDRAM,13,"Government Aided",1,"PS (I-V)",3,"Higher secondary",1,"Diploma or certificate in basic teachers training of a duration not less than two years",0,0,0,0,0,6,0,0,0,0,0,0,0,0,0,0,0,0,6,0,6
2019-20,33,Tamilnadu,3303,KANCHEEPURAM,330309,"ST.THOMAS MOUNT(URBAN)",13,"Government Aided",1,"PS (I-V)",3,"Higher secondary",1,"Diploma or certificate in basic teachers training of a duration not less than two years",0,0,0,0,2,42,0,0,0,0,0,0,0,0,0,0,0,0,44,2,42
2019-20,33,Tamilnadu,3303,KANCHEEPURAM,330310,ACHARAPAKKAM,13,"Government Aided",1,"PS (I-V)",3,"Higher secondary",1,"Diploma or certificate in basic teachers training of a duration not less than two years",0,0,0,0,1,4,0,0,0,0,0,0,0,0,0,0,0,0,5,1,4
2019-20,33,Tamilnadu,3303,KANCHEEPURAM,330311,MADURANTAGAM,13,"Government Aided",1,"PS (I-V)",3,"Higher secondary",1,"Diploma or certificate in basic teachers training of a duration not less than two years",0,0,0,0,2,9,0,0,0,0,0,0,0,0,0,0,0,0,11,2,9
2019-20,33,Tamilnadu,3303,KANCHEEPURAM,330312,LATHUR,13,"Government Aided",1,"PS (I-V)",3,"Higher secondary",1,"Diploma or certificate in basic teachers training of a duration not less than two years",0,0,0,0,2,8,0,0,0,0,0,0,0,0,0,0,0,0,10,2,8
2019-20,33,Tamilnadu,3303,KANCHEEPURAM,330314,"ST.THOMAS MOUNT(RURAL)",13,"Government Aided",1,"PS (I-V)",3,"Higher secondary",1,"Diploma or certificate in basic teachers training of a duration not less than two years",0,0,0,0,1,23,0,0,0,0,0,0,0,0,0,0,0,0,24,1,23
2019-20,33,Tamilnadu,3303,KANCHEEPURAM,330301,KANCHEEPURAM,13,"Government Aided",2,"UPS (I-VIII)",3,"Higher secondary",1,"Diploma or certificate in basic teachers training of a duration not less than two years",0,0,0,0,1,8,0,0,0,0,0,0,0,0,0,0,0,0,9,1,8
2019-20,33,Tamilnadu,3303,KANCHEEPURAM,330302,WALAJABAD,13,"Government Aided",2,"UPS (I-VIII)",3,"Higher secondary",1,"Diploma or certificate in basic teachers training of a duration not less than two years",0,0,0,0,0,2,0,0,0,0,0,0,0,0,0,0,0,0,2,0,2
2019-20,33,Tamilnadu,3303,KANCHEEPURAM,330303,UTHIRAMERUR,13,"Government Aided",2,"UPS (I-VIII)",3,"Higher secondary",1,"Diploma or certificate in basic teachers training of a duration not less than two years",0,0,0,0,0,1,0,0,0,0,0,0,0,0,0,0,0,0,1,0,1
2019-20,33,Tamilnadu,3303,KANCHEEPURAM,330305,KUNDRATHUR,13,"Government Aided",2,"UPS (I-VIII)",3,"Higher secondary",1,"Diploma or certificate in basic teachers training of a duration not less than two years",0,0,0,0,0,1,0,0,0,0,0,0,0,0,0,0,0,0,1,0,1
2019-20,33,Tamilnadu,3303,KANCHEEPURAM,330306,THIRUPORUR,13,"Government Aided",2,"UPS (I-VIII)",3,"Higher secondary",1,"Diploma or certificate in basic teachers training of a duration not less than two years",0,0,0,0,0,1,0,0,0,0,0,0,0,0,0,0,0,0,1,0,1
2019-20,33,Tamilnadu,3303,KANCHEEPURAM,330307,KATTANKOLATHUR,13,"Government Aided",2,"UPS (I-VIII)",3,"Higher secondary",1,"Diploma or certificate in basic teachers training of a duration not less than two years",0,0,0,0,0,2,0,0,0,0,0,0,0,0,0,0,0,0,2,0,2
2019-20,33,Tamilnadu,3303,KANCHEEPURAM,330308,THIRUKALUKUNDRAM,13,"Government Aided",2,"UPS (I-VIII)",3,"Higher secondary",1,"Diploma or certificate in basic teachers training of a duration not less than two years",0,0,0,0,4,1,0,0,0,0,0,0,0,0,0,0,0,0,5,4,1
2019-20,33,Tamilnadu,3303,KANCHEEPURAM,330309,"ST.THOMAS MOUNT(URBAN)",13,"Government Aided",2,"UPS (I-VIII)",3,"Higher secondary",1,"Diploma or certificate in basic teachers training of a duration not less than two years",0,0,0,0,0,26,0,0,0,0,0,0,0,0,0,0,0,0,26,0,26
2019-20,33,Tamilnadu,3303,KANCHEEPURAM,330311,MADURANTAGAM,13,"Government Aided",2,"UPS (I-VIII)",3,"Higher secondary",1,"Diploma or certificate in basic teachers training of a duration not less than two years",0,0,0,0,0,4,0,0,0,0,0,0,0,0,0,0,0,0,4,0,4
2019-20,33,Tamilnadu,3303,KANCHEEPURAM,330312,LATHUR,13,"Government Aided",2,"UPS (I-VIII)",3,"Higher secondary",1,"Diploma or certificate in basic teachers training of a duration not less than two years",0,0,0,0,0,1,0,0,0,0,0,0,0,0,0,0,0,0,1,0,1
2019-20,33,Tamilnadu,3303,KANCHEEPURAM,330314,"ST.THOMAS MOUNT(RURAL)",13,"Government Aided",2,"UPS (I-VIII)",3,"Higher secondary",1,"Diploma or certificate in basic teachers training of a duration not less than two years",0,0,0,0,0,5,0,0,0,0,0,0,0,0,0,0,0,0,5,0,5
2019-20,33,Tamilnadu,3303,KANCHEEPURAM,330307,KATTANKOLATHUR,13,"Government Aided",1,"PS (I-V)",3,"Higher secondary",3,"B.Ed. or equivalent",0,0,0,0,0,1,0,0,0,0,0,0,0,0,0,0,0,0,1,0,1
2019-20,33,Tamilnadu,3303,KANCHEEPURAM,330309,"ST.THOMAS MOUNT(URBAN)",13,"Government Aided",1,"PS (I-V)",3,"Higher secondary",3,"B.Ed. or equivalent",0,0,0,0,1,8,0,0,0,0,0,0,0,0,0,0,0,0,9,1,8
2019-20,33,Tamilnadu,3303,KANCHEEPURAM,330301,KANCHEEPURAM,13,"Government Aided",2,"UPS (I-VIII)",3,"Higher secondary",3,"B.Ed. or equivalent",0,0,0,0,0,2,0,0,1,0,0,0,0,0,0,0,0,0,3,1,2
2019-20,33,Tamilnadu,3303,KANCHEEPURAM,330302,WALAJABAD,13,"Government Aided",2,"UPS (I-VIII)",3,"Higher secondary",3,"B.Ed. or equivalent",0,0,0,0,0,0,1,0,0,0,0,0,0,0,0,0,0,0,1,1,0
2019-20,33,Tamilnadu,3303,KANCHEEPURAM,330303,UTHIRAMERUR,13,"Government Aided",2,"UPS (I-VIII)",3,"Higher secondary",3,"B.Ed. or equivalent",0,0,0,0,0,0,0,0,0,1,0,0,0,0,0,0,0,0,1,0,1
2019-20,33,Tamilnadu,3303,KANCHEEPURAM,330309,"ST.THOMAS MOUNT(URBAN)",13,"Government Aided",2,"UPS (I-VIII)",3,"Higher secondary",3,"B.Ed. or equivalent",0,0,0,0,0,1,0,2,0,11,0,0,0,0,0,0,0,0,14,0,14
2019-20,33,Tamilnadu,3303,KANCHEEPURAM,330312,LATHUR,13,"Government Aided",2,"UPS (I-VIII)",3,"Higher secondary",3,"B.Ed. or equivalent",0,0,0,0,0,0,0,0,0,1,0,0,0,0,0,0,0,0,1,0,1
2019-20,33,Tamilnadu,3303,KANCHEEPURAM,330314,"ST.THOMAS MOUNT(RURAL)",13,"Government Aided",2,"UPS (I-VIII)",3,"Higher secondary",3,"B.Ed. or equivalent",0,0,0,0,0,0,1,0,0,0,0,0,0,0,0,0,0,0,1,1,0
2019-20,33,Tamilnadu,3303,KANCHEEPURAM,330309,"ST.THOMAS MOUNT(URBAN)",13,"Government Aided",5,"HSS (VI-XII)",3,"Higher secondary",3,"B.Ed. or equivalent",0,0,0,0,0,0,0,0,0,0,1,0,0,0,0,0,0,0,1,1,0
2019-20,33,Tamilnadu,3303,KANCHEEPURAM,330309,"ST.THOMAS MOUNT(URBAN)",13,"Government Aided",7,"SS (VI-X)",3,"Higher secondary",3,"B.Ed. or equivalent",0,0,0,0,0,0,0,0,0,5,0,2,0,3,0,0,0,0,10,0,10
2019-20,33,Tamilnadu,3303,KANCHEEPURAM,330301,KANCHEEPURAM,13,"Government Aided",2,"UPS (I-VIII)",3,"Higher secondary",4,"M.Ed. or equivalent",0,0,0,0,0,0,1,1,0,0,0,0,0,0,0,0,0,0,2,1,1
2019-20,33,Tamilnadu,3303,KANCHEEPURAM,330301,KANCHEEPURAM,13,"Government Aided",2,"UPS (I-VIII)",3,"Higher secondary",5,Others,0,0,0,0,0,0,0,1,0,0,0,0,0,0,0,0,0,0,1,0,1
2019-20,33,Tamilnadu,3303,KANCHEEPURAM,330302,WALAJABAD,13,"Government Aided",2,"UPS (I-VIII)",3,"Higher secondary",5,Others,0,0,0,0,0,0,0,1,0,0,0,0,0,0,0,0,0,0,1,0,1
2019-20,33,Tamilnadu,3303,KANCHEEPURAM,330309,"ST.THOMAS MOUNT(URBAN)",13,"Government Aided",7,"SS (VI-X)",3,"Higher secondary",6,None,0,0,0,0,0,0,0,0,0,0,0,0,0,1,0,0,0,0,1,0,1
2019-20,33,Tamilnadu,3303,KANCHEEPURAM,330301,KANCHEEPURAM,13,"Government Aided",1,"PS (I-V)",4,Graduate,1,"Diploma or certificate in basic teachers training of a duration not less than two years",0,0,0,0,1,1,0,0,0,0,0,0,0,0,0,0,0,0,2,1,1
2019-20,33,Tamilnadu,3303,KANCHEEPURAM,330302,WALAJABAD,13,"Government Aided",1,"PS (I-V)",4,Graduate,1,"Diploma or certificate in basic teachers training of a duration not less than two years",0,0,0,0,2,0,0,0,0,0,0,0,0,0,0,0,0,0,2,2,0
2019-20,33,Tamilnadu,3303,KANCHEEPURAM,330303,UTHIRAMERUR,13,"Government Aided",1,"PS (I-V)",4,Graduate,1,"Diploma or certificate in basic teachers training of a duration not less than two years",0,0,0,0,1,2,0,0,0,0,0,0,0,0,0,0,0,0,3,1,2
2019-20,33,Tamilnadu,3303,KANCHEEPURAM,330304,SRIPERUMBUDUR,13,"Government Aided",1,"PS (I-V)",4,Graduate,1,"Diploma or certificate in basic teachers training of a duration not less than two years",0,0,0,0,1,4,0,0,0,0,0,0,0,0,0,0,0,0,5,1,4
2019-20,33,Tamilnadu,3303,KANCHEEPURAM,330305,KUNDRATHUR,13,"Government Aided",1,"PS (I-V)",4,Graduate,1,"Diploma or certificate in basic teachers training of a duration not less than two years",0,0,0,0,0,3,0,0,0,0,0,0,0,0,0,0,0,0,3,0,3
2019-20,33,Tamilnadu,3303,KANCHEEPURAM,330306,THIRUPORUR,13,"Government Aided",1,"PS (I-V)",4,Graduate,1,"Diploma or certificate in basic teachers training of a duration not less than two years",0,0,0,0,0,2,0,0,0,0,0,0,0,0,0,0,0,0,2,0,2
2019-20,33,Tamilnadu,3303,KANCHEEPURAM,330307,KATTANKOLATHUR,13,"Government Aided",1,"PS (I-V)",4,Graduate,1,"Diploma or certificate in basic teachers training of a duration not less than two years",0,0,0,0,0,15,0,0,0,0,0,0,0,0,0,0,0,0,15,0,15
2019-20,33,Tamilnadu,3303,KANCHEEPURAM,330309,"ST.THOMAS MOUNT(URBAN)",13,"Government Aided",1,"PS (I-V)",4,Graduate,1,"Diploma or certificate in basic teachers training of a duration not less than two years",0,0,0,0,0,25,0,0,0,0,0,0,0,0,0,0,0,0,25,0,25
2019-20,33,Tamilnadu,3303,KANCHEEPURAM,330310,ACHARAPAKKAM,13,"Government Aided",1,"PS (I-V)",4,Graduate,1,"Diploma or certificate in basic teachers training of a duration not less than two years",0,0,0,0,1,4,0,0,0,0,0,0,0,0,0,0,0,0,5,1,4
2019-20,33,Tamilnadu,3303,KANCHEEPURAM,330311,MADURANTAGAM,13,"Government Aided",1,"PS (I-V)",4,Graduate,1,"Diploma or certificate in basic teachers training of a duration not less than two years",0,0,0,0,3,7,0,0,0,0,0,0,0,0,0,0,0,0,10,3,7
2019-20,33,Tamilnadu,3303,KANCHEEPURAM,330312,LATHUR,13,"Government Aided",1,"PS (I-V)",4,Graduate,1,"Diploma or certificate in basic teachers training of a duration not less than two years",0,0,0,0,1,2,0,0,0,0,0,0,0,0,0,0,0,0,3,1,2
2019-20,33,Tamilnadu,3303,KANCHEEPURAM,330314,"ST.THOMAS MOUNT(RURAL)",13,"Government Aided",1,"PS (I-V)",4,Graduate,1,"Diploma or certificate in basic teachers training of a duration not less than two years",0,0,0,0,0,3,0,0,0,0,0,0,0,0,0,0,0,0,3,0,3
2019-20,33,Tamilnadu,3303,KANCHEEPURAM,330301,KANCHEEPURAM,13,"Government Aided",2,"UPS (I-VIII)",4,Graduate,1,"Diploma or certificate in basic teachers training of a duration not less than two years",0,0,0,0,0,1,0,0,0,0,0,0,0,0,0,0,0,0,1,0,1
2019-20,33,Tamilnadu,3303,KANCHEEPURAM,330303,UTHIRAMERUR,13,"Government Aided",2,"UPS (I-VIII)",4,Graduate,1,"Diploma or certificate in basic teachers training of a duration not less than two years",0,0,0,0,0,1,0,0,0,0,0,0,0,0,0,0,0,0,1,0,1
2019-20,33,Tamilnadu,3303,KANCHEEPURAM,330308,THIRUKALUKUNDRAM,13,"Government Aided",2,"UPS (I-VIII)",4,Graduate,1,"Diploma or certificate in basic teachers training of a duration not less than two years",0,0,0,0,2,0,0,0,0,0,0,0,0,0,0,0,0,0,2,2,0
2019-20,33,Tamilnadu,3303,KANCHEEPURAM,330309,"ST.THOMAS MOUNT(URBAN)",13,"Government Aided",2,"UPS (I-VIII)",4,Graduate,1,"Diploma or certificate in basic teachers training of a duration not less than two years",0,0,0,0,0,5,0,0,0,0,0,0,0,0,0,0,0,0,5,0,5
2019-20,33,Tamilnadu,3303,KANCHEEPURAM,330311,MADURANTAGAM,13,"Government Aided",2,"UPS (I-VIII)",4,Graduate,1,"Diploma or certificate in basic teachers training of a duration not less than two years",0,0,0,0,0,1,0,0,0,0,0,0,0,0,0,0,0,0,1,0,1
2019-20,33,Tamilnadu,3303,KANCHEEPURAM,330301,KANCHEEPURAM,13,"Government Aided",1,"PS (I-V)",4,Graduate,3,"B.Ed. or equivalent",0,0,0,0,1,5,0,0,0,0,0,0,0,0,0,0,0,0,6,1,5
2019-20,33,Tamilnadu,3303,KANCHEEPURAM,330302,WALAJABAD,13,"Government Aided",1,"PS (I-V)",4,Graduate,3,"B.Ed. or equivalent",0,0,0,0,2,2,0,0,0,0,0,0,0,0,0,0,0,0,4,2,2
2019-20,33,Tamilnadu,3303,KANCHEEPURAM,330303,UTHIRAMERUR,13,"Government Aided",1,"PS (I-V)",4,Graduate,3,"B.Ed. or equivalent",0,0,0,0,0,4,0,0,0,0,0,0,0,0,0,0,0,0,4,0,4
2019-20,33,Tamilnadu,3303,KANCHEEPURAM,330304,SRIPERUMBUDUR,13,"Government Aided",1,"PS (I-V)",4,Graduate,3,"B.Ed. or equivalent",0,0,0,0,1,5,0,0,0,0,0,0,0,0,0,0,0,0,6,1,5
2019-20,33,Tamilnadu,3303,KANCHEEPURAM,330305,KUNDRATHUR,13,"Government Aided",1,"PS (I-V)",4,Graduate,3,"B.Ed. or equivalent",0,0,0,0,0,1,0,0,0,0,0,0,0,0,0,0,0,0,1,0,1
2019-20,33,Tamilnadu,3303,KANCHEEPURAM,330306,THIRUPORUR,13,"Government Aided",1,"PS (I-V)",4,Graduate,3,"B.Ed. or equivalent",0,0,0,0,0,10,0,0,0,0,0,0,0,0,0,0,0,0,10,0,10
2019-20,33,Tamilnadu,3303,KANCHEEPURAM,330307,KATTANKOLATHUR,13,"Government Aided",1,"PS (I-V)",4,Graduate,3,"B.Ed. or equivalent",0,0,0,0,0,2,0,0,0,0,0,0,0,0,0,0,0,0,2,0,2
2019-20,33,Tamilnadu,3303,KANCHEEPURAM,330308,THIRUKALUKUNDRAM,13,"Government Aided",1,"PS (I-V)",4,Graduate,3,"B.Ed. or equivalent",0,0,0,0,0,1,0,0,0,0,0,0,0,0,0,0,0,0,1,0,1
2019-20,33,Tamilnadu,3303,KANCHEEPURAM,330309,"ST.THOMAS MOUNT(URBAN)",13,"Government Aided",1,"PS (I-V)",4,Graduate,3,"B.Ed. or equivalent",0,0,0,0,0,15,0,0,0,0,0,0,0,0,0,0,0,0,15,0,15
2019-20,33,Tamilnadu,3303,KANCHEEPURAM,330310,ACHARAPAKKAM,13,"Government Aided",1,"PS (I-V)",4,Graduate,3,"B.Ed. or equivalent",0,0,0,0,1,0,0,0,0,0,0,0,0,0,0,0,0,0,1,1,0
2019-20,33,Tamilnadu,3303,KANCHEEPURAM,330311,MADURANTAGAM,13,"Government Aided",1,"PS (I-V)",4,Graduate,3,"B.Ed. or equivalent",0,0,0,0,3,5,0,0,0,0,0,0,0,0,0,0,0,0,8,3,5
2019-20,33,Tamilnadu,3303,KANCHEEPURAM,330312,LATHUR,13,"Government Aided",1,"PS (I-V)",4,Graduate,3,"B.Ed. or equivalent",0,0,0,0,0,2,0,0,0,0,0,0,0,0,0,0,0,0,2,0,2
2019-20,33,Tamilnadu,3303,KANCHEEPURAM,330314,"ST.THOMAS MOUNT(RURAL)",13,"Government Aided",1,"PS (I-V)",4,Graduate,3,"B.Ed. or equivalent",0,0,0,0,0,4,0,0,0,0,0,0,0,0,0,0,0,0,4,0,4
2019-20,33,Tamilnadu,3303,KANCHEEPURAM,330301,KANCHEEPURAM,13,"Government Aided",2,"UPS (I-VIII)",4,Graduate,3,"B.Ed. or equivalent",0,0,0,0,2,5,1,0,1,6,0,0,0,0,0,0,0,0,15,4,11
2019-20,33,Tamilnadu,3303,KANCHEEPURAM,330303,UTHIRAMERUR,13,"Government Aided",2,"UPS (I-VIII)",4,Graduate,3,"B.Ed. or equivalent",0,0,0,0,0,1,0,0,0,0,0,0,0,0,0,0,0,0,1,0,1
2019-20,33,Tamilnadu,3303,KANCHEEPURAM,330305,KUNDRATHUR,13,"Government Aided",2,"UPS (I-VIII)",4,Graduate,3,"B.Ed. or equivalent",0,0,0,0,0,0,0,0,1,1,0,0,0,0,0,0,0,0,2,1,1
2019-20,33,Tamilnadu,3303,KANCHEEPURAM,330306,THIRUPORUR,13,"Government Aided",2,"UPS (I-VIII)",4,Graduate,3,"B.Ed. or equivalent",0,0,0,0,0,1,0,0,0,0,0,0,0,0,0,0,0,0,1,0,1
2019-20,33,Tamilnadu,3303,KANCHEEPURAM,330308,THIRUKALUKUNDRAM,13,"Government Aided",2,"UPS (I-VIII)",4,Graduate,3,"B.Ed. or equivalent",0,0,0,0,0,0,0,0,0,4,0,0,0,0,0,0,0,0,4,0,4
2019-20,33,Tamilnadu,3303,KANCHEEPURAM,330309,"ST.THOMAS MOUNT(URBAN)",13,"Government Aided",2,"UPS (I-VIII)",4,Graduate,3,"B.Ed. or equivalent",0,0,0,0,0,0,0,1,2,13,0,0,0,0,0,0,0,0,16,2,14
2019-20,33,Tamilnadu,3303,KANCHEEPURAM,330311,MADURANTAGAM,13,"Government Aided",2,"UPS (I-VIII)",4,Graduate,3,"B.Ed. or equivalent",0,0,0,0,0,5,0,0,0,1,0,0,0,0,0,0,0,0,6,0,6
2019-20,33,Tamilnadu,3303,KANCHEEPURAM,330312,LATHUR,13,"Government Aided",2,"UPS (I-VIII)",4,Graduate,3,"B.Ed. or equivalent",0,0,0,0,0,0,2,0,0,0,0,0,0,0,0,0,0,0,2,2,0
2019-20,33,Tamilnadu,3303,KANCHEEPURAM,330314,"ST.THOMAS MOUNT(RURAL)",13,"Government Aided",2,"UPS (I-VIII)",4,Graduate,3,"B.Ed. or equivalent",0,0,0,0,0,2,0,0,0,7,0,0,0,0,0,0,0,0,9,0,9
2019-20,33,Tamilnadu,3303,KANCHEEPURAM,330301,KANCHEEPURAM,13,"Government Aided",4,"UPS (VI-VIII)",4,Graduate,3,"B.Ed. or equivalent",0,0,0,0,0,0,0,0,0,1,0,0,0,0,0,0,0,0,1,0,1
2019-20,33,Tamilnadu,3303,KANCHEEPURAM,330309,"ST.THOMAS MOUNT(URBAN)",13,"Government Aided",4,"UPS (VI-VIII)",4,Graduate,3,"B.Ed. or equivalent",0,0,0,0,0,0,0,0,1,3,0,0,0,0,0,0,0,0,4,1,3
2019-20,33,Tamilnadu,3303,KANCHEEPURAM,330307,KATTANKOLATHUR,13,"Government Aided",5,"HSS (VI-XII)",4,Graduate,3,"B.Ed. or equivalent",0,0,0,0,0,0,0,0,1,3,5,4,2,1,1,0,0,1,18,9,9
2019-20,33,Tamilnadu,3303,KANCHEEPURAM,330309,"ST.THOMAS MOUNT(URBAN)",13,"Government Aided",5,"HSS (VI-XII)",4,Graduate,3,"B.Ed. or equivalent",0,0,0,0,0,0,0,0,0,0,1,0,0,4,0,0,0,1,6,1,5
2019-20,33,Tamilnadu,3303,KANCHEEPURAM,330309,"ST.THOMAS MOUNT(URBAN)",13,"Government Aided",7,"SS (VI-X)",4,Graduate,3,"B.Ed. or equivalent",0,0,0,0,0,0,0,0,1,1,0,0,0,0,0,0,0,0,2,1,1
2019-20,33,Tamilnadu,3303,KANCHEEPURAM,330311,MADURANTAGAM,13,"Government Aided",7,"SS (VI-X)",4,Graduate,3,"B.Ed. or equivalent",0,0,0,0,0,0,0,0,0,0,1,0,1,0,0,0,0,0,2,2,0
2019-20,33,Tamilnadu,3303,KANCHEEPURAM,330307,KATTANKOLATHUR,13,"Government Aided",1,"PS (I-V)",4,Graduate,4,"M.Ed. or equivalent",0,0,0,0,0,1,0,0,0,0,0,0,0,0,0,0,0,0,1,0,1
2019-20,33,Tamilnadu,3303,KANCHEEPURAM,330301,KANCHEEPURAM,13,"Government Aided",2,"UPS (I-VIII)",4,Graduate,4,"M.Ed. or equivalent",0,0,0,0,0,1,0,0,0,0,0,0,0,0,0,0,0,0,1,0,1
2019-20,33,Tamilnadu,3303,KANCHEEPURAM,330303,UTHIRAMERUR,13,"Government Aided",2,"UPS (I-VIII)",4,Graduate,4,"M.Ed. or equivalent",0,0,0,0,0,0,0,0,0,1,0,0,0,0,0,0,0,0,1,0,1
2019-20,33,Tamilnadu,3303,KANCHEEPURAM,330312,LATHUR,13,"Government Aided",2,"UPS (I-VIII)",4,Graduate,4,"M.Ed. or equivalent",0,0,0,0,0,0,0,0,1,0,0,0,0,0,0,0,0,0,1,1,0
2019-20,33,Tamilnadu,3303,KANCHEEPURAM,330314,"ST.THOMAS MOUNT(RURAL)",13,"Government Aided",2,"UPS (I-VIII)",4,Graduate,4,"M.Ed. or equivalent",0,0,0,0,0,0,0,0,0,1,0,0,0,0,0,0,0,0,1,0,1
2019-20,33,Tamilnadu,3303,KANCHEEPURAM,330309,"ST.THOMAS MOUNT(URBAN)",13,"Government Aided",4,"UPS (VI-VIII)",4,Graduate,4,"M.Ed. or equivalent",0,0,0,0,0,0,0,0,0,1,0,0,0,0,0,0,0,0,1,0,1
2019-20,33,Tamilnadu,3303,KANCHEEPURAM,330307,KATTANKOLATHUR,13,"Government Aided",5,"HSS (VI-XII)",4,Graduate,4,"M.Ed. or equivalent",0,0,0,0,0,0,0,0,0,0,1,0,0,0,0,0,0,0,1,1,0
2019-20,33,Tamilnadu,3303,KANCHEEPURAM,330309,"ST.THOMAS MOUNT(URBAN)",13,"Government Aided",5,"HSS (VI-XII)",4,Graduate,4,"M.Ed. or equivalent",0,0,0,0,0,0,0,0,0,0,0,0,2,0,0,0,0,0,2,2,0
2019-20,33,Tamilnadu,3303,KANCHEEPURAM,330309,"ST.THOMAS MOUNT(URBAN)",13,"Government Aided",7,"SS (VI-X)",4,Graduate,4,"M.Ed. or equivalent",0,0,0,0,0,0,0,0,0,0,0,0,1,0,0,0,0,0,1,1,0
2019-20,33,Tamilnadu,3303,KANCHEEPURAM,330301,KANCHEEPURAM,13,"Government Aided",2,"UPS (I-VIII)",4,Graduate,5,Others,0,0,0,0,0,0,0,0,1,0,0,0,0,0,0,0,0,0,1,1,0
2019-20,33,Tamilnadu,3303,KANCHEEPURAM,330309,"ST.THOMAS MOUNT(URBAN)",13,"Government Aided",2,"UPS (I-VIII)",4,Graduate,5,Others,0,0,0,0,0,0,0,0,0,1,0,0,0,0,0,0,0,0,1,0,1
2019-20,33,Tamilnadu,3303,KANCHEEPURAM,330311,MADURANTAGAM,13,"Government Aided",2,"UPS (I-VIII)",4,Graduate,5,Others,0,0,0,0,0,0,1,0,0,0,0,0,0,0,0,0,0,0,1,1,0
2019-20,33,Tamilnadu,3303,KANCHEEPURAM,330301,KANCHEEPURAM,13,"Government Aided",4,"UPS (VI-VIII)",4,Graduate,5,Others,0,0,0,0,0,0,0,0,1,0,0,0,0,0,0,0,0,0,1,1,0
2019-20,33,Tamilnadu,3303,KANCHEEPURAM,330307,KATTANKOLATHUR,13,"Government Aided",5,"HSS (VI-XII)",4,Graduate,5,Others,0,0,0,0,0,0,0,0,0,0,1,0,0,0,0,0,0,0,1,1,0
2019-20,33,Tamilnadu,3303,KANCHEEPURAM,330307,KATTANKOLATHUR,13,"Government Aided",5,"HSS (VI-XII)",4,Graduate,6,None,0,0,0,0,0,0,0,0,0,0,0,0,0,0,0,1,0,0,1,0,1
2019-20,33,Tamilnadu,3303,KANCHEEPURAM,330309,"ST.THOMAS MOUNT(URBAN)",13,"Government Aided",5,"HSS (VI-XII)",4,Graduate,6,None,0,0,0,0,0,0,0,0,1,0,0,0,0,0,0,0,0,0,1,1,0
2019-20,33,Tamilnadu,3303,KANCHEEPURAM,330301,KANCHEEPURAM,13,"Government Aided",1,"PS (I-V)",5,"Post graduate",1,"Diploma or certificate in basic teachers training of a duration not less than two years",0,0,0,0,0,5,0,0,0,0,0,0,0,0,0,0,0,0,5,0,5
2019-20,33,Tamilnadu,3303,KANCHEEPURAM,330302,WALAJABAD,13,"Government Aided",1,"PS (I-V)",5,"Post graduate",1,"Diploma or certificate in basic teachers training of a duration not less than two years",0,0,0,0,0,1,0,0,0,0,0,0,0,0,0,0,0,0,1,0,1
2019-20,33,Tamilnadu,3303,KANCHEEPURAM,330303,UTHIRAMERUR,13,"Government Aided",1,"PS (I-V)",5,"Post graduate",1,"Diploma or certificate in basic teachers training of a duration not less than two years",0,0,0,0,0,2,0,0,0,0,0,0,0,0,0,0,0,0,2,0,2
2019-20,33,Tamilnadu,3303,KANCHEEPURAM,330304,SRIPERUMBUDUR,13,"Government Aided",1,"PS (I-V)",5,"Post graduate",1,"Diploma or certificate in basic teachers training of a duration not less than two years",0,0,0,0,0,6,0,0,0,0,0,0,0,0,0,0,0,0,6,0,6
2019-20,33,Tamilnadu,3303,KANCHEEPURAM,330305,KUNDRATHUR,13,"Government Aided",1,"PS (I-V)",5,"Post graduate",1,"Diploma or certificate in basic teachers training of a duration not less than two years",0,0,0,0,0,6,0,0,0,0,0,0,0,0,0,0,0,0,6,0,6
2019-20,33,Tamilnadu,3303,KANCHEEPURAM,330306,THIRUPORUR,13,"Government Aided",1,"PS (I-V)",5,"Post graduate",1,"Diploma or certificate in basic teachers training of a duration not less than two years",0,0,0,0,0,3,0,0,0,0,0,0,0,0,0,0,0,0,3,0,3
2019-20,33,Tamilnadu,3303,KANCHEEPURAM,330307,KATTANKOLATHUR,13,"Government Aided",1,"PS (I-V)",5,"Post graduate",1,"Diploma or certificate in basic teachers training of a duration not less than two years",0,0,0,0,0,9,0,0,0,0,0,0,0,0,0,0,0,0,9,0,9
2019-20,33,Tamilnadu,3303,KANCHEEPURAM,330309,"ST.THOMAS MOUNT(URBAN)",13,"Government Aided",1,"PS (I-V)",5,"Post graduate",1,"Diploma or certificate in basic teachers training of a duration not less than two years",0,0,0,0,1,26,0,0,0,0,0,0,0,0,0,0,0,0,27,1,26
2019-20,33,Tamilnadu,3303,KANCHEEPURAM,330310,ACHARAPAKKAM,13,"Government Aided",1,"PS (I-V)",5,"Post graduate",1,"Diploma or certificate in basic teachers training of a duration not less than two years",0,0,0,0,1,1,0,0,0,0,0,0,0,0,0,0,0,0,2,1,1
2019-20,33,Tamilnadu,3303,KANCHEEPURAM,330311,MADURANTAGAM,13,"Government Aided",1,"PS (I-V)",5,"Post graduate",1,"Diploma or certificate in basic teachers training of a duration not less than two years",0,0,0,0,1,3,0,0,0,0,0,0,0,0,0,0,0,0,4,1,3
2019-20,33,Tamilnadu,3303,KANCHEEPURAM,330314,"ST.THOMAS MOUNT(RURAL)",13,"Government Aided",1,"PS (I-V)",5,"Post graduate",1,"Diploma or certificate in basic teachers training of a duration not less than two years",0,0,0,0,0,1,0,0,0,0,0,0,0,0,0,0,0,0,1,0,1
2019-20,33,Tamilnadu,3303,KANCHEEPURAM,330301,KANCHEEPURAM,13,"Government Aided",2,"UPS (I-VIII)",5,"Post graduate",1,"Diploma or certificate in basic teachers training of a duration not less than two years",0,0,0,0,0,3,0,0,0,0,0,0,0,0,0,0,0,0,3,0,3
2019-20,33,Tamilnadu,3303,KANCHEEPURAM,330305,KUNDRATHUR,13,"Government Aided",2,"UPS (I-VIII)",5,"Post graduate",1,"Diploma or certificate in basic teachers training of a duration not less than two years",0,0,0,0,0,1,0,0,0,0,0,0,0,0,0,0,0,0,1,0,1
2019-20,33,Tamilnadu,3303,KANCHEEPURAM,330308,THIRUKALUKUNDRAM,13,"Government Aided",2,"UPS (I-VIII)",5,"Post graduate",1,"Diploma or certificate in basic teachers training of a duration not less than two years",0,0,0,0,0,1,0,0,0,0,0,0,0,0,0,0,0,0,1,0,1
2019-20,33,Tamilnadu,3303,KANCHEEPURAM,330309,"ST.THOMAS MOUNT(URBAN)",13,"Government Aided",2,"UPS (I-VIII)",5,"Post graduate",1,"Diploma or certificate in basic teachers training of a duration not less than two years",0,0,0,0,0,6,0,0,0,0,0,0,0,0,0,0,0,0,6,0,6
2019-20,33,Tamilnadu,3303,KANCHEEPURAM,330311,MADURANTAGAM,13,"Government Aided",2,"UPS (I-VIII)",5,"Post graduate",1,"Diploma or certificate in basic teachers training of a duration not less than two years",0,0,0,0,0,2,0,0,0,0,0,0,0,0,0,0,0,0,2,0,2
2019-20,33,Tamilnadu,3303,KANCHEEPURAM,330301,KANCHEEPURAM,13,"Government Aided",1,"PS (I-V)",5,"Post graduate",3,"B.Ed. or equivalent",0,0,0,0,3,13,0,0,0,0,0,0,0,0,0,0,0,0,16,3,13
2019-20,33,Tamilnadu,3303,KANCHEEPURAM,330302,WALAJABAD,13,"Government Aided",1,"PS (I-V)",5,"Post graduate",3,"B.Ed. or equivalent",0,0,0,0,3,2,0,0,0,0,0,0,0,0,0,0,0,0,5,3,2
2019-20,33,Tamilnadu,3303,KANCHEEPURAM,330303,UTHIRAMERUR,13,"Government Aided",1,"PS (I-V)",5,"Post graduate",3,"B.Ed. or equivalent",0,0,0,0,0,4,0,0,0,0,0,0,0,0,0,0,0,0,4,0,4
2019-20,33,Tamilnadu,3303,KANCHEEPURAM,330304,SRIPERUMBUDUR,13,"Government Aided",1,"PS (I-V)",5,"Post graduate",3,"B.Ed. or equivalent",0,0,0,0,1,5,0,0,0,0,0,0,0,0,0,0,0,0,6,1,5
2019-20,33,Tamilnadu,3303,KANCHEEPURAM,330305,KUNDRATHUR,13,"Government Aided",1,"PS (I-V)",5,"Post graduate",3,"B.Ed. or equivalent",0,0,0,0,0,1,0,0,0,0,0,0,0,0,0,0,0,0,1,0,1
2019-20,33,Tamilnadu,3303,KANCHEEPURAM,330306,THIRUPORUR,13,"Government Aided",1,"PS (I-V)",5,"Post graduate",3,"B.Ed. or equivalent",0,0,0,0,4,14,0,0,0,0,0,0,0,0,0,0,0,0,18,4,14
2019-20,33,Tamilnadu,3303,KANCHEEPURAM,330307,KATTANKOLATHUR,13,"Government Aided",1,"PS (I-V)",5,"Post graduate",3,"B.Ed. or equivalent",0,0,0,0,2,35,0,0,0,0,0,0,0,0,0,0,0,0,37,2,35
2019-20,33,Tamilnadu,3303,KANCHEEPURAM,330308,THIRUKALUKUNDRAM,13,"Government Aided",1,"PS (I-V)",5,"Post graduate",3,"B.Ed. or equivalent",0,0,0,0,1,2,0,0,0,0,0,0,0,0,0,0,0,0,3,1,2
2019-20,33,Tamilnadu,3303,KANCHEEPURAM,330309,"ST.THOMAS MOUNT(URBAN)",13,"Government Aided",1,"PS (I-V)",5,"Post graduate",3,"B.Ed. or equivalent",0,0,0,0,1,26,0,0,0,0,0,0,0,0,0,0,0,0,27,1,26
2019-20,33,Tamilnadu,3303,KANCHEEPURAM,330310,ACHARAPAKKAM,13,"Government Aided",1,"PS (I-V)",5,"Post graduate",3,"B.Ed. or equivalent",0,0,0,0,0,1,0,0,0,0,0,0,0,0,0,0,0,0,1,0,1
2019-20,33,Tamilnadu,3303,KANCHEEPURAM,330311,MADURANTAGAM,13,"Government Aided",1,"PS (I-V)",5,"Post graduate",3,"B.Ed. or equivalent",0,0,0,0,3,11,0,0,0,0,0,0,0,0,0,0,0,0,14,3,11
2019-20,33,Tamilnadu,3303,KANCHEEPURAM,330312,LATHUR,13,"Government Aided",1,"PS (I-V)",5,"Post graduate",3,"B.Ed. or equivalent",0,0,0,0,2,8,0,0,0,0,0,0,0,0,0,0,0,0,10,2,8
2019-20,33,Tamilnadu,3303,KANCHEEPURAM,330314,"ST.THOMAS MOUNT(RURAL)",13,"Government Aided",1,"PS (I-V)",5,"Post graduate",3,"B.Ed. or equivalent",0,0,0,0,1,5,0,0,0,0,0,0,0,0,0,0,0,0,6,1,5
2019-20,33,Tamilnadu,3303,KANCHEEPURAM,330301,KANCHEEPURAM,13,"Government Aided",2,"UPS (I-VIII)",5,"Post graduate",3,"B.Ed. or equivalent",0,0,0,0,1,6,0,0,5,10,0,0,0,0,0,0,0,0,22,6,16
2019-20,33,Tamilnadu,3303,KANCHEEPURAM,330302,WALAJABAD,13,"Government Aided",2,"UPS (I-VIII)",5,"Post graduate",3,"B.Ed. or equivalent",0,0,0,0,2,1,0,0,0,4,0,0,0,0,0,0,0,0,7,2,5
2019-20,33,Tamilnadu,3303,KANCHEEPURAM,330303,UTHIRAMERUR,13,"Government Aided",2,"UPS (I-VIII)",5,"Post graduate",3,"B.Ed. or equivalent",0,0,0,0,0,3,0,0,0,3,0,0,0,0,0,0,0,0,6,0,6
2019-20,33,Tamilnadu,3303,KANCHEEPURAM,330305,KUNDRATHUR,13,"Government Aided",2,"UPS (I-VIII)",5,"Post graduate",3,"B.Ed. or equivalent",0,0,0,0,0,1,0,0,1,2,0,0,0,0,0,0,0,0,4,1,3
2019-20,33,Tamilnadu,3303,KANCHEEPURAM,330306,THIRUPORUR,13,"Government Aided",2,"UPS (I-VIII)",5,"Post graduate",3,"B.Ed. or equivalent",0,0,0,0,0,0,0,0,1,1,0,0,0,0,0,0,0,0,2,1,1
2019-20,33,Tamilnadu,3303,KANCHEEPURAM,330308,THIRUKALUKUNDRAM,13,"Government Aided",2,"UPS (I-VIII)",5,"Post graduate",3,"B.Ed. or equivalent",0,0,0,0,0,1,0,0,3,1,0,0,0,0,0,0,0,0,5,3,2
2019-20,33,Tamilnadu,3303,KANCHEEPURAM,330309,"ST.THOMAS MOUNT(URBAN)",13,"Government Aided",2,"UPS (I-VIII)",5,"Post graduate",3,"B.Ed. or equivalent",0,0,0,0,0,2,0,0,2,14,0,0,0,0,0,0,0,0,18,2,16
2019-20,33,Tamilnadu,3303,KANCHEEPURAM,330311,MADURANTAGAM,13,"Government Aided",2,"UPS (I-VIII)",5,"Post graduate",3,"B.Ed. or equivalent",0,0,0,0,0,4,1,1,2,8,0,0,0,0,0,0,0,0,16,3,13
2019-20,33,Tamilnadu,3303,KANCHEEPURAM,330312,LATHUR,13,"Government Aided",2,"UPS (I-VIII)",5,"Post graduate",3,"B.Ed. or equivalent",0,0,0,0,1,0,0,0,0,1,0,0,0,0,0,0,0,0,2,1,1
2019-20,33,Tamilnadu,3303,KANCHEEPURAM,330314,"ST.THOMAS MOUNT(RURAL)",13,"Government Aided",2,"UPS (I-VIII)",5,"Post graduate",3,"B.Ed. or equivalent",0,0,0,0,0,3,0,0,0,3,0,0,0,0,0,0,0,0,6,0,6
2019-20,33,Tamilnadu,3303,KANCHEEPURAM,330301,KANCHEEPURAM,13,"Government Aided",4,"UPS (VI-VIII)",5,"Post graduate",3,"B.Ed. or equivalent",0,0,0,0,0,0,0,0,1,0,0,0,0,0,0,0,0,0,1,1,0
2019-20,33,Tamilnadu,3303,KANCHEEPURAM,330309,"ST.THOMAS MOUNT(URBAN)",13,"Government Aided",4,"UPS (VI-VIII)",5,"Post graduate",3,"B.Ed. or equivalent",0,0,0,0,0,0,0,0,0,2,0,0,0,0,0,0,0,0,2,0,2
2019-20,33,Tamilnadu,3303,KANCHEEPURAM,330307,KATTANKOLATHUR,13,"Government Aided",5,"HSS (VI-XII)",5,"Post graduate",3,"B.Ed. or equivalent",0,0,0,0,0,0,0,0,0,1,7,0,2,3,3,0,0,2,18,12,6
2019-20,33,Tamilnadu,3303,KANCHEEPURAM,330309,"ST.THOMAS MOUNT(URBAN)",13,"Government Aided",5,"HSS (VI-XII)",5,"Post graduate",3,"B.Ed. or equivalent",0,0,0,0,0,0,0,0,1,3,1,1,5,5,0,0,6,9,31,13,18
2019-20,33,Tamilnadu,3303,KANCHEEPURAM,330309,"ST.THOMAS MOUNT(URBAN)",13,"Government Aided",7,"SS (VI-X)",5,"Post graduate",3,"B.Ed. or equivalent",0,0,0,0,0,0,0,0,0,3,1,4,0,4,0,0,0,0,12,1,11
2019-20,33,Tamilnadu,3303,KANCHEEPURAM,330311,MADURANTAGAM,13,"Government Aided",7,"SS (VI-X)",5,"Post graduate",3,"B.Ed. or equivalent",0,0,0,0,0,0,0,0,2,6,2,1,0,0,0,0,0,0,11,4,7
2019-20,33,Tamilnadu,3303,KANCHEEPURAM,330301,KANCHEEPURAM,13,"Government Aided",1,"PS (I-V)",5,"Post graduate",4,"M.Ed. or equivalent",0,0,0,0,0,2,0,0,0,0,0,0,0,0,0,0,0,0,2,0,2
2019-20,33,Tamilnadu,3303,KANCHEEPURAM,330307,KATTANKOLATHUR,13,"Government Aided",1,"PS (I-V)",5,"Post graduate",4,"M.Ed. or equivalent",0,0,0,0,0,1,0,0,0,0,0,0,0,0,0,0,0,0,1,0,1
2019-20,33,Tamilnadu,3303,KANCHEEPURAM,330309,"ST.THOMAS MOUNT(URBAN)",13,"Government Aided",1,"PS (I-V)",5,"Post graduate",4,"M.Ed. or equivalent",0,0,0,0,0,1,0,0,0,0,0,0,0,0,0,0,0,0,1,0,1
2019-20,33,Tamilnadu,3303,KANCHEEPURAM,330311,MADURANTAGAM,13,"Government Aided",1,"PS (I-V)",5,"Post graduate",4,"M.Ed. or equivalent",0,0,0,0,0,1,0,0,0,0,0,0,0,0,0,0,0,0,1,0,1
2019-20,33,Tamilnadu,3303,KANCHEEPURAM,330314,"ST.THOMAS MOUNT(RURAL)",13,"Government Aided",1,"PS (I-V)",5,"Post graduate",4,"M.Ed. or equivalent",0,0,0,0,0,1,0,0,0,0,0,0,0,0,0,0,0,0,1,0,1
2019-20,33,Tamilnadu,3303,KANCHEEPURAM,330301,KANCHEEPURAM,13,"Government Aided",2,"UPS (I-VIII)",5,"Post graduate",4,"M.Ed. or equivalent",0,0,0,0,0,0,0,0,0,1,0,0,0,0,0,0,0,0,1,0,1
2019-20,33,Tamilnadu,3303,KANCHEEPURAM,330305,KUNDRATHUR,13,"Government Aided",2,"UPS (I-VIII)",5,"Post graduate",4,"M.Ed. or equivalent",0,0,0,0,0,0,0,0,1,1,0,0,0,0,0,0,0,0,2,1,1
2019-20,33,Tamilnadu,3303,KANCHEEPURAM,330306,THIRUPORUR,13,"Government Aided",2,"UPS (I-VIII)",5,"Post graduate",4,"M.Ed. or equivalent",0,0,0,0,0,0,0,0,0,1,0,0,0,0,0,0,0,0,1,0,1
2019-20,33,Tamilnadu,3303,KANCHEEPURAM,330309,"ST.THOMAS MOUNT(URBAN)",13,"Government Aided",2,"UPS (I-VIII)",5,"Post graduate",4,"M.Ed. or equivalent",0,0,0,0,0,0,0,0,0,1,0,0,0,0,0,0,0,0,1,0,1
2019-20,33,Tamilnadu,3303,KANCHEEPURAM,330311,MADURANTAGAM,13,"Government Aided",2,"UPS (I-VIII)",5,"Post graduate",4,"M.Ed. or equivalent",0,0,0,0,0,1,0,0,0,0,0,0,0,0,0,0,0,0,1,0,1
2019-20,33,Tamilnadu,3303,KANCHEEPURAM,330314,"ST.THOMAS MOUNT(RURAL)",13,"Government Aided",2,"UPS (I-VIII)",5,"Post graduate",4,"M.Ed. or equivalent",0,0,0,0,0,1,0,0,1,0,0,0,0,0,0,0,0,0,2,1,1
2019-20,33,Tamilnadu,3303,KANCHEEPURAM,330307,KATTANKOLATHUR,13,"Government Aided",5,"HSS (VI-XII)",5,"Post graduate",4,"M.Ed. or equivalent",0,0,0,0,0,0,0,0,1,0,0,0,1,0,0,0,2,0,4,4,0
2019-20,33,Tamilnadu,3303,KANCHEEPURAM,330309,"ST.THOMAS MOUNT(URBAN)",13,"Government Aided",5,"HSS (VI-XII)",5,"Post graduate",4,"M.Ed. or equivalent",0,0,0,0,0,0,0,0,0,0,0,0,0,2,0,0,1,1,4,1,3
2019-20,33,Tamilnadu,3303,KANCHEEPURAM,330309,"ST.THOMAS MOUNT(URBAN)",13,"Government Aided",7,"SS (VI-X)",5,"Post graduate",4,"M.Ed. or equivalent",0,0,0,0,0,0,0,0,0,0,0,0,0,2,0,0,0,0,2,0,2
2019-20,33,Tamilnadu,3303,KANCHEEPURAM,330301,KANCHEEPURAM,13,"Government Aided",2,"UPS (I-VIII)",5,"Post graduate",5,Others,0,0,0,0,0,0,0,0,0,1,0,0,0,0,0,0,0,0,1,0,1
2019-20,33,Tamilnadu,3303,KANCHEEPURAM,330311,MADURANTAGAM,13,"Government Aided",7,"SS (VI-X)",5,"Post graduate",5,Others,0,0,0,0,0,0,0,0,1,0,1,0,0,0,0,0,0,0,2,2,0
2019-20,33,Tamilnadu,3303,KANCHEEPURAM,330309,"ST.THOMAS MOUNT(URBAN)",13,"Government Aided",5,"HSS (VI-XII)",5,"Post graduate",6,None,0,0,0,0,0,0,0,0,0,0,0,0,0,0,0,0,1,0,1,1,0
2019-20,33,Tamilnadu,3303,KANCHEEPURAM,330310,ACHARAPAKKAM,13,"Government Aided",1,"PS (I-V)",6,M.Phil,1,"Diploma or certificate in basic teachers training of a duration not less than two years",0,0,0,0,0,1,0,0,0,0,0,0,0,0,0,0,0,0,1,0,1
2019-20,33,Tamilnadu,3303,KANCHEEPURAM,330307,KATTANKOLATHUR,13,"Government Aided",1,"PS (I-V)",6,M.Phil,3,"B.Ed. or equivalent",0,0,0,0,0,2,0,0,0,0,0,0,0,0,0,0,0,0,2,0,2
2019-20,33,Tamilnadu,3303,KANCHEEPURAM,330309,"ST.THOMAS MOUNT(URBAN)",13,"Government Aided",1,"PS (I-V)",6,M.Phil,3,"B.Ed. or equivalent",0,0,0,0,0,2,0,0,0,0,0,0,0,0,0,0,0,0,2,0,2
2019-20,33,Tamilnadu,3303,KANCHEEPURAM,330302,WALAJABAD,13,"Government Aided",2,"UPS (I-VIII)",6,M.Phil,3,"B.Ed. or equivalent",0,0,0,0,0,0,0,0,1,0,0,0,0,0,0,0,0,0,1,1,0
2019-20,33,Tamilnadu,3303,KANCHEEPURAM,330303,UTHIRAMERUR,13,"Government Aided",2,"UPS (I-VIII)",6,M.Phil,3,"B.Ed. or equivalent",0,0,0,0,0,0,0,0,1,0,0,0,0,0,0,0,0,0,1,1,0
2019-20,33,Tamilnadu,3303,KANCHEEPURAM,330311,MADURANTAGAM,13,"Government Aided",2,"UPS (I-VIII)",6,M.Phil,3,"B.Ed. or equivalent",0,0,0,0,0,0,0,0,1,0,0,0,0,0,0,0,0,0,1,1,0
2019-20,33,Tamilnadu,3303,KANCHEEPURAM,330301,KANCHEEPURAM,13,"Government Aided",4,"UPS (VI-VIII)",6,M.Phil,3,"B.Ed. or equivalent",0,0,0,0,0,0,0,0,1,0,0,0,0,0,0,0,0,0,1,1,0
2019-20,33,Tamilnadu,3303,KANCHEEPURAM,330307,KATTANKOLATHUR,13,"Government Aided",5,"HSS (VI-XII)",6,M.Phil,3,"B.Ed. or equivalent",0,0,0,0,0,0,0,0,0,0,3,1,1,0,3,1,5,1,15,12,3
2019-20,33,Tamilnadu,3303,KANCHEEPURAM,330309,"ST.THOMAS MOUNT(URBAN)",13,"Government Aided",5,"HSS (VI-XII)",6,M.Phil,3,"B.Ed. or equivalent",0,0,0,0,0,0,0,0,0,0,0,0,0,1,0,3,3,2,9,3,6
2019-20,33,Tamilnadu,3303,KANCHEEPURAM,330309,"ST.THOMAS MOUNT(URBAN)",13,"Government Aided",7,"SS (VI-X)",6,M.Phil,3,"B.Ed. or equivalent",0,0,0,0,0,0,0,0,0,0,0,0,0,3,0,0,0,0,3,0,3
2019-20,33,Tamilnadu,3303,KANCHEEPURAM,330311,MADURANTAGAM,13,"Government Aided",7,"SS (VI-X)",6,M.Phil,3,"B.Ed. or equivalent",0,0,0,0,0,0,0,0,0,0,0,0,2,0,0,0,0,0,2,2,0
2019-20,33,Tamilnadu,3303,KANCHEEPURAM,330301,KANCHEEPURAM,13,"Government Aided",2,"UPS (I-VIII)",6,M.Phil,4,"M.Ed. or equivalent",0,0,0,0,0,0,0,0,0,1,0,0,0,0,0,0,0,0,1,0,1
2019-20,33,Tamilnadu,3303,KANCHEEPURAM,330303,UTHIRAMERUR,13,"Government Aided",2,"UPS (I-VIII)",6,M.Phil,4,"M.Ed. or equivalent",0,0,0,0,0,0,0,0,1,0,0,0,0,0,0,0,0,0,1,1,0
2019-20,33,Tamilnadu,3303,KANCHEEPURAM,330307,KATTANKOLATHUR,13,"Government Aided",5,"HSS (VI-XII)",6,M.Phil,4,"M.Ed. or equivalent",0,0,0,0,0,0,0,0,0,0,1,0,0,0,0,0,1,0,2,2,0
2019-20,33,Tamilnadu,3303,KANCHEEPURAM,330309,"ST.THOMAS MOUNT(URBAN)",13,"Government Aided",5,"HSS (VI-XII)",6,M.Phil,4,"M.Ed. or equivalent",0,0,0,0,0,0,0,0,0,0,0,0,0,0,0,0,0,2,2,0,2
2019-20,33,Tamilnadu,3303,KANCHEEPURAM,330309,"ST.THOMAS MOUNT(URBAN)",13,"Government Aided",5,"HSS (VI-XII)",6,M.Phil,5,Others,0,0,0,0,0,0,0,0,0,0,0,0,1,0,0,0,0,0,1,1,0
2019-20,33,Tamilnadu,3303,KANCHEEPURAM,330309,"ST.THOMAS MOUNT(URBAN)",13,"Government Aided",5,"HSS (VI-XII)",6,M.Phil,6,None,0,0,0,0,0,0,0,0,0,0,0,0,0,0,0,0,0,1,1,0,1
2019-20,33,Tamilnadu,3303,KANCHEEPURAM,330309,"ST.THOMAS MOUNT(URBAN)",13,"Government Aided",7,"SS (VI-X)",6,M.Phil,6,None,0,0,0,0,0,0,0,0,0,0,0,0,1,0,0,0,0,0,1,1,0
2019-20,33,Tamilnadu,3303,KANCHEEPURAM,330309,"ST.THOMAS MOUNT(URBAN)",13,"Government Aided",7,"SS (VI-X)",7,Ph.D,3,"B.Ed. or equivalent",0,0,0,0,0,0,0,0,0,0,0,0,0,1,0,0,0,0,1,0,1
2019-20,33,Tamilnadu,3303,KANCHEEPURAM,330311,MADURANTAGAM,13,"Government Aided",7,"SS (VI-X)",7,Ph.D,3,"B.Ed. or equivalent",0,0,0,0,0,0,0,0,0,0,1,0,0,0,0,0,0,0,1,1,0
2019-20,33,Tamilnadu,3303,KANCHEEPURAM,330309,"ST.THOMAS MOUNT(URBAN)",13,"Government Aided",5,"HSS (VI-XII)",7,Ph.D,4,"M.Ed. or equivalent",0,0,0,0,0,0,0,0,0,0,0,0,1,0,0,0,0,0,1,1,0
2019-20,33,Tamilnadu,3303,KANCHEEPURAM,330305,KUNDRATHUR,14,"Government Aided",3,"HSS (I-XII)",1,"Below Secondary",3,"B.Ed. or equivalent",0,0,0,0,0,0,0,0,0,0,0,0,0,1,0,0,0,0,1,0,1
2019-20,33,Tamilnadu,3303,KANCHEEPURAM,330305,KUNDRATHUR,14,"Government Aided",5,"HSS (VI-XII)",1,"Below Secondary",3,"B.Ed. or equivalent",0,0,0,0,0,0,0,0,0,1,0,0,0,0,0,0,0,0,1,0,1
2019-20,33,Tamilnadu,3303,KANCHEEPURAM,330307,KATTANKOLATHUR,14,"Government Aided",5,"HSS (VI-XII)",1,"Below Secondary",3,"B.Ed. or equivalent",0,0,0,0,0,0,0,0,0,1,0,0,0,0,0,0,0,0,1,0,1
2019-20,33,Tamilnadu,3303,KANCHEEPURAM,330309,"ST.THOMAS MOUNT(URBAN)",14,"Government Aided",5,"HSS (VI-XII)",1,"Below Secondary",3,"B.Ed. or equivalent",0,0,0,0,0,0,0,0,2,2,0,0,0,1,0,1,0,0,6,2,4
2019-20,33,Tamilnadu,3303,KANCHEEPURAM,330301,KANCHEEPURAM,14,"Government Aided",7,"SS (VI-X)",1,"Below Secondary",3,"B.Ed. or equivalent",0,0,0,0,0,0,0,0,0,1,0,0,0,0,0,0,0,0,1,0,1
2019-20,33,Tamilnadu,3303,KANCHEEPURAM,330311,MADURANTAGAM,14,"Government Aided",7,"SS (VI-X)",1,"Below Secondary",3,"B.Ed. or equivalent",0,0,0,0,0,0,0,0,0,1,0,0,0,0,0,0,0,0,1,0,1
2019-20,33,Tamilnadu,3303,KANCHEEPURAM,330307,KATTANKOLATHUR,14,"Government Aided",5,"HSS (VI-XII)",1,"Below Secondary",4,"M.Ed. or equivalent",0,0,0,0,0,0,0,0,0,0,0,0,0,0,0,0,0,1,1,0,1
2019-20,33,Tamilnadu,3303,KANCHEEPURAM,330309,"ST.THOMAS MOUNT(URBAN)",14,"Government Aided",5,"HSS (VI-XII)",1,"Below Secondary",4,"M.Ed. or equivalent",0,0,0,0,0,0,0,0,0,0,0,0,1,0,0,0,0,0,1,1,0
2019-20,33,Tamilnadu,3303,KANCHEEPURAM,330303,UTHIRAMERUR,14,"Government Aided",7,"SS (VI-X)",1,"Below Secondary",4,"M.Ed. or equivalent",0,0,0,0,0,0,0,0,0,0,0,0,1,0,0,0,0,0,1,1,0
2019-20,33,Tamilnadu,3303,KANCHEEPURAM,330301,KANCHEEPURAM,14,"Government Aided",5,"HSS (VI-XII)",1,"Below Secondary",5,Others,0,0,0,0,0,0,0,0,0,0,1,0,0,1,0,0,0,0,2,1,1
2019-20,33,Tamilnadu,3303,KANCHEEPURAM,330305,KUNDRATHUR,14,"Government Aided",5,"HSS (VI-XII)",1,"Below Secondary",5,Others,0,0,0,0,0,0,0,0,0,0,0,1,0,0,0,0,0,0,1,0,1
2019-20,33,Tamilnadu,3303,KANCHEEPURAM,330307,KATTANKOLATHUR,14,"Government Aided",5,"HSS (VI-XII)",1,"Below Secondary",5,Others,0,0,0,0,0,0,0,0,0,1,0,0,0,0,0,0,0,0,1,0,1
2019-20,33,Tamilnadu,3303,KANCHEEPURAM,330309,"ST.THOMAS MOUNT(URBAN)",14,"Government Aided",5,"HSS (VI-XII)",1,"Below Secondary",5,Others,0,0,0,0,0,0,0,0,0,0,0,1,0,1,0,0,0,0,2,0,2
2019-20,33,Tamilnadu,3303,KANCHEEPURAM,330304,SRIPERUMBUDUR,14,"Government Aided",7,"SS (VI-X)",1,"Below Secondary",5,Others,0,0,0,0,0,0,0,0,0,1,0,0,0,0,0,0,0,0,1,0,1
2019-20,33,Tamilnadu,3303,KANCHEEPURAM,330308,THIRUKALUKUNDRAM,14,"Government Aided",7,"SS (VI-X)",1,"Below Secondary",5,Others,0,0,0,0,0,0,0,0,0,0,0,1,0,0,0,0,0,0,1,0,1
2019-20,33,Tamilnadu,3303,KANCHEEPURAM,330301,KANCHEEPURAM,14,"Government Aided",5,"HSS (VI-XII)",1,"Below Secondary",6,None,0,0,0,0,0,0,0,0,0,1,0,0,0,0,0,0,0,0,1,0,1
2019-20,33,Tamilnadu,3303,KANCHEEPURAM,330302,WALAJABAD,14,"Government Aided",2,"UPS (I-VIII)",3,"Higher secondary",1,"Diploma or certificate in basic teachers training of a duration not less than two years",0,0,0,0,0,1,0,0,0,0,0,0,0,0,0,0,0,0,1,0,1
2019-20,33,Tamilnadu,3303,KANCHEEPURAM,330309,"ST.THOMAS MOUNT(URBAN)",14,"Government Aided",2,"UPS (I-VIII)",3,"Higher secondary",1,"Diploma or certificate in basic teachers training of a duration not less than two years",0,0,0,0,0,8,0,0,0,0,0,0,0,0,0,0,0,0,8,0,8
2019-20,33,Tamilnadu,3303,KANCHEEPURAM,330314,"ST.THOMAS MOUNT(RURAL)",14,"Government Aided",3,"HSS (I-XII)",3,"Higher secondary",1,"Diploma or certificate in basic teachers training of a duration not less than two years",0,0,0,0,0,2,0,0,0,0,0,0,0,0,0,0,0,0,2,0,2
2019-20,33,Tamilnadu,3303,KANCHEEPURAM,330302,WALAJABAD,14,"Government Aided",7,"SS (VI-X)",3,"Higher secondary",1,"Diploma or certificate in basic teachers training of a duration not less than two years",0,0,0,0,0,0,0,0,0,0,0,2,0,0,0,0,0,0,2,0,2
2019-20,33,Tamilnadu,3303,KANCHEEPURAM,330309,"ST.THOMAS MOUNT(URBAN)",14,"Government Aided",2,"UPS (I-VIII)",3,"Higher secondary",3,"B.Ed. or equivalent",0,0,0,0,0,0,0,1,0,0,0,0,0,0,0,0,0,0,1,0,1
2019-20,33,Tamilnadu,3303,KANCHEEPURAM,330301,KANCHEEPURAM,14,"Government Aided",5,"HSS (VI-XII)",3,"Higher secondary",3,"B.Ed. or equivalent",0,0,0,0,0,0,0,0,0,1,3,1,0,0,0,0,0,1,6,3,3
2019-20,33,Tamilnadu,3303,KANCHEEPURAM,330303,UTHIRAMERUR,14,"Government Aided",5,"HSS (VI-XII)",3,"Higher secondary",3,"B.Ed. or equivalent",0,0,0,0,0,0,0,0,0,1,1,0,0,0,0,0,0,0,2,1,1
2019-20,33,Tamilnadu,3303,KANCHEEPURAM,330305,KUNDRATHUR,14,"Government Aided",5,"HSS (VI-XII)",3,"Higher secondary",3,"B.Ed. or equivalent",0,0,0,0,0,0,0,0,0,4,0,0,0,0,0,0,1,0,5,1,4
2019-20,33,Tamilnadu,3303,KANCHEEPURAM,330307,KATTANKOLATHUR,14,"Government Aided",5,"HSS (VI-XII)",3,"Higher secondary",3,"B.Ed. or equivalent",0,0,0,0,0,0,0,0,2,10,1,1,1,0,0,0,0,1,16,4,12
2019-20,33,Tamilnadu,3303,KANCHEEPURAM,330309,"ST.THOMAS MOUNT(URBAN)",14,"Government Aided",5,"HSS (VI-XII)",3,"Higher secondary",3,"B.Ed. or equivalent",0,0,0,0,0,0,0,0,0,19,0,0,0,0,0,0,0,0,19,0,19
2019-20,33,Tamilnadu,3303,KANCHEEPURAM,330311,MADURANTAGAM,14,"Government Aided",5,"HSS (VI-XII)",3,"Higher secondary",3,"B.Ed. or equivalent",0,0,0,0,0,0,0,0,0,0,0,0,1,0,0,0,0,0,1,1,0
2019-20,33,Tamilnadu,3303,KANCHEEPURAM,330314,"ST.THOMAS MOUNT(RURAL)",14,"Government Aided",5,"HSS (VI-XII)",3,"Higher secondary",3,"B.Ed. or equivalent",0,0,0,0,0,0,0,0,0,7,0,0,0,1,0,0,0,0,8,0,8
2019-20,33,Tamilnadu,3303,KANCHEEPURAM,330301,KANCHEEPURAM,14,"Government Aided",7,"SS (VI-X)",3,"Higher secondary",3,"B.Ed. or equivalent",0,0,0,0,0,0,0,0,0,2,0,0,0,0,0,0,0,0,2,0,2
2019-20,33,Tamilnadu,3303,KANCHEEPURAM,330302,WALAJABAD,14,"Government Aided",7,"SS (VI-X)",3,"Higher secondary",3,"B.Ed. or equivalent",0,0,0,0,0,0,0,0,0,0,0,3,0,0,0,0,0,0,3,0,3
2019-20,33,Tamilnadu,3303,KANCHEEPURAM,330309,"ST.THOMAS MOUNT(URBAN)",14,"Government Aided",7,"SS (VI-X)",3,"Higher secondary",3,"B.Ed. or equivalent",0,0,0,0,0,0,0,0,0,2,0,0,0,0,0,0,0,0,2,0,2
2019-20,33,Tamilnadu,3303,KANCHEEPURAM,330307,KATTANKOLATHUR,14,"Government Aided",5,"HSS (VI-XII)",3,"Higher secondary",4,"M.Ed. or equivalent",0,0,0,0,0,0,0,0,0,0,0,0,0,0,0,0,0,1,1,0,1
2019-20,33,Tamilnadu,3303,KANCHEEPURAM,330314,"ST.THOMAS MOUNT(RURAL)",14,"Government Aided",3,"HSS (I-XII)",3,"Higher secondary",5,Others,0,0,0,0,1,0,0,0,0,0,0,0,0,0,0,0,0,0,1,1,0
2019-20,33,Tamilnadu,3303,KANCHEEPURAM,330301,KANCHEEPURAM,14,"Government Aided",5,"HSS (VI-XII)",3,"Higher secondary",5,Others,0,0,0,0,0,0,0,0,0,0,1,1,0,0,0,0,0,0,2,1,1
2019-20,33,Tamilnadu,3303,KANCHEEPURAM,330304,SRIPERUMBUDUR,14,"Government Aided",5,"HSS (VI-XII)",3,"Higher secondary",5,Others,0,0,0,0,0,0,0,0,0,0,0,0,0,0,0,0,1,0,1,1,0
2019-20,33,Tamilnadu,3303,KANCHEEPURAM,330306,THIRUPORUR,14,"Government Aided",5,"HSS (VI-XII)",3,"Higher secondary",5,Others,0,0,0,0,0,0,0,0,0,0,0,0,0,1,0,0,0,0,1,0,1
2019-20,33,Tamilnadu,3303,KANCHEEPURAM,330307,KATTANKOLATHUR,14,"Government Aided",5,"HSS (VI-XII)",3,"Higher secondary",5,Others,0,0,0,0,0,0,0,0,1,0,0,0,0,0,0,0,0,0,1,1,0
2019-20,33,Tamilnadu,3303,KANCHEEPURAM,330309,"ST.THOMAS MOUNT(URBAN)",14,"Government Aided",5,"HSS (VI-XII)",3,"Higher secondary",5,Others,0,0,0,0,0,0,0,0,0,0,0,0,0,6,0,0,0,0,6,0,6
2019-20,33,Tamilnadu,3303,KANCHEEPURAM,330301,KANCHEEPURAM,14,"Government Aided",7,"SS (VI-X)",3,"Higher secondary",5,Others,0,0,0,0,0,0,0,0,0,0,0,1,0,0,0,0,0,0,1,0,1
2019-20,33,Tamilnadu,3303,KANCHEEPURAM,330309,"ST.THOMAS MOUNT(URBAN)",14,"Government Aided",7,"SS (VI-X)",3,"Higher secondary",5,Others,0,0,0,0,0,0,0,0,0,1,0,0,0,0,0,0,0,0,1,0,1
2019-20,33,Tamilnadu,3303,KANCHEEPURAM,330307,KATTANKOLATHUR,14,"Government Aided",5,"HSS (VI-XII)",3,"Higher secondary",6,None,0,0,0,0,0,0,0,0,0,0,0,0,0,0,0,0,1,0,1,1,0
2019-20,33,Tamilnadu,3303,KANCHEEPURAM,330309,"ST.THOMAS MOUNT(URBAN)",14,"Government Aided",5,"HSS (VI-XII)",3,"Higher secondary",6,None,0,0,0,0,0,0,0,0,0,0,0,0,1,0,0,0,0,0,1,1,0
2019-20,33,Tamilnadu,3303,KANCHEEPURAM,330311,MADURANTAGAM,14,"Government Aided",5,"HSS (VI-XII)",3,"Higher secondary",6,None,0,0,0,0,0,0,0,0,0,0,0,0,1,0,0,0,0,0,1,1,0
2019-20,33,Tamilnadu,3303,KANCHEEPURAM,330302,WALAJABAD,14,"Government Aided",2,"UPS (I-VIII)",4,Graduate,1,"Diploma or certificate in basic teachers training of a duration not less than two years",0,0,0,0,0,1,0,0,0,0,0,0,0,0,0,0,0,0,1,0,1
2019-20,33,Tamilnadu,3303,KANCHEEPURAM,330309,"ST.THOMAS MOUNT(URBAN)",14,"Government Aided",2,"UPS (I-VIII)",4,Graduate,3,"B.Ed. or equivalent",0,0,0,0,0,0,0,4,0,0,0,0,0,0,0,0,0,0,4,0,4
2019-20,33,Tamilnadu,3303,KANCHEEPURAM,330305,KUNDRATHUR,14,"Government Aided",3,"HSS (I-XII)",4,Graduate,3,"B.Ed. or equivalent",0,0,0,0,0,0,0,3,0,0,0,1,2,1,1,3,0,0,11,3,8
2019-20,33,Tamilnadu,3303,KANCHEEPURAM,330314,"ST.THOMAS MOUNT(RURAL)",14,"Government Aided",3,"HSS (I-XII)",4,Graduate,3,"B.Ed. or equivalent",0,0,0,0,0,0,0,0,0,1,0,2,0,1,0,0,0,0,4,0,4
2019-20,33,Tamilnadu,3303,KANCHEEPURAM,330301,KANCHEEPURAM,14,"Government Aided",5,"HSS (VI-XII)",4,Graduate,3,"B.Ed. or equivalent",0,0,0,0,0,0,0,0,2,8,2,18,12,8,0,1,0,4,55,16,39
2019-20,33,Tamilnadu,3303,KANCHEEPURAM,330302,WALAJABAD,14,"Government Aided",5,"HSS (VI-XII)",4,Graduate,3,"B.Ed. or equivalent",0,0,0,0,0,0,0,0,0,0,0,0,0,3,1,0,1,0,5,2,3
2019-20,33,Tamilnadu,3303,KANCHEEPURAM,330303,UTHIRAMERUR,14,"Government Aided",5,"HSS (VI-XII)",4,Graduate,3,"B.Ed. or equivalent",0,0,0,0,0,0,0,0,2,1,0,0,1,0,0,0,0,0,4,3,1
2019-20,33,Tamilnadu,3303,KANCHEEPURAM,330304,SRIPERUMBUDUR,14,"Government Aided",5,"HSS (VI-XII)",4,Graduate,3,"B.Ed. or equivalent",0,0,0,0,0,0,0,0,0,2,0,0,2,0,0,0,0,0,4,2,2
2019-20,33,Tamilnadu,3303,KANCHEEPURAM,330305,KUNDRATHUR,14,"Government Aided",5,"HSS (VI-XII)",4,Graduate,3,"B.Ed. or equivalent",0,0,0,0,0,0,0,0,1,0,1,2,1,0,0,0,0,1,6,3,3
2019-20,33,Tamilnadu,3303,KANCHEEPURAM,330306,THIRUPORUR,14,"Government Aided",5,"HSS (VI-XII)",4,Graduate,3,"B.Ed. or equivalent",0,0,0,0,0,0,0,0,1,0,0,0,2,5,0,0,0,0,8,3,5
2019-20,33,Tamilnadu,3303,KANCHEEPURAM,330307,KATTANKOLATHUR,14,"Government Aided",5,"HSS (VI-XII)",4,Graduate,3,"B.Ed. or equivalent",0,0,0,0,0,0,0,0,2,1,3,2,4,9,0,1,0,1,23,9,14
2019-20,33,Tamilnadu,3303,KANCHEEPURAM,330309,"ST.THOMAS MOUNT(URBAN)",14,"Government Aided",5,"HSS (VI-XII)",4,Graduate,3,"B.Ed. or equivalent",0,0,0,0,0,0,0,0,0,17,6,18,4,53,1,1,1,2,103,12,91
2019-20,33,Tamilnadu,3303,KANCHEEPURAM,330311,MADURANTAGAM,14,"Government Aided",5,"HSS (VI-XII)",4,Graduate,3,"B.Ed. or equivalent",0,0,0,0,0,0,0,0,0,0,4,1,3,6,0,0,0,5,19,7,12
2019-20,33,Tamilnadu,3303,KANCHEEPURAM,330312,LATHUR,14,"Government Aided",5,"HSS (VI-XII)",4,Graduate,3,"B.Ed. or equivalent",0,0,0,0,0,0,0,0,0,2,0,1,0,0,0,0,0,0,3,0,3
2019-20,33,Tamilnadu,3303,KANCHEEPURAM,330314,"ST.THOMAS MOUNT(RURAL)",14,"Government Aided",5,"HSS (VI-XII)",4,Graduate,3,"B.Ed. or equivalent",0,0,0,0,0,0,0,0,0,3,0,0,0,2,0,0,0,0,5,0,5
2019-20,33,Tamilnadu,3303,KANCHEEPURAM,330301,KANCHEEPURAM,14,"Government Aided",7,"SS (VI-X)",4,Graduate,3,"B.Ed. or equivalent",0,0,0,0,0,0,0,0,0,0,2,1,0,0,0,0,0,0,3,2,1
2019-20,33,Tamilnadu,3303,KANCHEEPURAM,330302,WALAJABAD,14,"Government Aided",7,"SS (VI-X)",4,Graduate,3,"B.Ed. or equivalent",0,0,0,0,0,0,0,0,0,0,1,5,0,1,0,0,0,0,7,1,6
2019-20,33,Tamilnadu,3303,KANCHEEPURAM,330304,SRIPERUMBUDUR,14,"Government Aided",7,"SS (VI-X)",4,Graduate,3,"B.Ed. or equivalent",0,0,0,0,0,0,0,0,1,2,0,0,0,0,0,0,0,0,3,1,2
2019-20,33,Tamilnadu,3303,KANCHEEPURAM,330307,KATTANKOLATHUR,14,"Government Aided",7,"SS (VI-X)",4,Graduate,3,"B.Ed. or equivalent",0,0,0,0,0,0,0,0,0,4,0,1,0,1,0,0,0,0,6,0,6
2019-20,33,Tamilnadu,3303,KANCHEEPURAM,330309,"ST.THOMAS MOUNT(URBAN)",14,"Government Aided",7,"SS (VI-X)",4,Graduate,3,"B.Ed. or equivalent",0,0,0,0,0,0,0,0,1,6,0,0,0,9,0,0,0,0,16,1,15
2019-20,33,Tamilnadu,3303,KANCHEEPURAM,330311,MADURANTAGAM,14,"Government Aided",7,"SS (VI-X)",4,Graduate,3,"B.Ed. or equivalent",0,0,0,0,0,0,0,0,2,6,0,0,0,0,0,0,0,0,8,2,6
2019-20,33,Tamilnadu,3303,KANCHEEPURAM,330312,LATHUR,14,"Government Aided",7,"SS (VI-X)",4,Graduate,3,"B.Ed. or equivalent",0,0,0,0,0,0,0,0,1,0,0,0,0,0,0,0,0,0,1,1,0
2019-20,33,Tamilnadu,3303,KANCHEEPURAM,330301,KANCHEEPURAM,14,"Government Aided",5,"HSS (VI-XII)",4,Graduate,4,"M.Ed. or equivalent",0,0,0,0,0,0,0,0,0,0,0,0,3,1,0,0,0,0,4,3,1
2019-20,33,Tamilnadu,3303,KANCHEEPURAM,330305,KUNDRATHUR,14,"Government Aided",5,"HSS (VI-XII)",4,Graduate,4,"M.Ed. or equivalent",0,0,0,0,0,0,0,0,0,2,0,0,0,0,0,0,0,0,2,0,2
2019-20,33,Tamilnadu,3303,KANCHEEPURAM,330307,KATTANKOLATHUR,14,"Government Aided",5,"HSS (VI-XII)",4,Graduate,4,"M.Ed. or equivalent",0,0,0,0,0,0,0,0,0,0,0,0,0,2,0,0,0,0,2,0,2
2019-20,33,Tamilnadu,3303,KANCHEEPURAM,330309,"ST.THOMAS MOUNT(URBAN)",14,"Government Aided",5,"HSS (VI-XII)",4,Graduate,4,"M.Ed. or equivalent",0,0,0,0,0,0,0,0,0,0,3,1,1,1,0,2,0,2,10,4,6
2019-20,33,Tamilnadu,3303,KANCHEEPURAM,330311,MADURANTAGAM,14,"Government Aided",5,"HSS (VI-XII)",4,Graduate,4,"M.Ed. or equivalent",0,0,0,0,0,0,0,0,0,0,0,0,1,0,0,0,0,0,1,1,0
2019-20,33,Tamilnadu,3303,KANCHEEPURAM,330314,"ST.THOMAS MOUNT(RURAL)",14,"Government Aided",5,"HSS (VI-XII)",4,Graduate,4,"M.Ed. or equivalent",0,0,0,0,0,0,0,0,0,0,0,0,0,1,0,0,0,0,1,0,1
2019-20,33,Tamilnadu,3303,KANCHEEPURAM,330301,KANCHEEPURAM,14,"Government Aided",7,"SS (VI-X)",4,Graduate,4,"M.Ed. or equivalent",0,0,0,0,0,0,0,0,0,0,0,1,0,0,0,0,0,0,1,0,1
2019-20,33,Tamilnadu,3303,KANCHEEPURAM,330309,"ST.THOMAS MOUNT(URBAN)",14,"Government Aided",7,"SS (VI-X)",4,Graduate,4,"M.Ed. or equivalent",0,0,0,0,0,0,0,0,0,1,0,0,0,0,0,0,0,0,1,0,1
2019-20,33,Tamilnadu,3303,KANCHEEPURAM,330305,KUNDRATHUR,14,"Government Aided",3,"HSS (I-XII)",4,Graduate,5,Others,0,0,0,0,0,0,1,0,0,0,0,0,0,2,0,0,0,0,3,1,2
2019-20,33,Tamilnadu,3303,KANCHEEPURAM,330301,KANCHEEPURAM,14,"Government Aided",5,"HSS (VI-XII)",4,Graduate,5,Others,0,0,0,0,0,0,0,0,0,3,0,0,0,0,0,0,0,0,3,0,3
2019-20,33,Tamilnadu,3303,KANCHEEPURAM,330306,THIRUPORUR,14,"Government Aided",5,"HSS (VI-XII)",4,Graduate,5,Others,0,0,0,0,0,0,0,0,0,0,0,0,2,0,0,0,0,0,2,2,0
2019-20,33,Tamilnadu,3303,KANCHEEPURAM,330307,KATTANKOLATHUR,14,"Government Aided",5,"HSS (VI-XII)",4,Graduate,5,Others,0,0,0,0,0,0,0,0,0,0,1,0,0,0,0,0,0,0,1,1,0
2019-20,33,Tamilnadu,3303,KANCHEEPURAM,330309,"ST.THOMAS MOUNT(URBAN)",14,"Government Aided",5,"HSS (VI-XII)",4,Graduate,5,Others,0,0,0,0,0,0,0,0,1,1,0,0,2,1,0,0,0,0,5,3,2
2019-20,33,Tamilnadu,3303,KANCHEEPURAM,330311,MADURANTAGAM,14,"Government Aided",5,"HSS (VI-XII)",4,Graduate,5,Others,0,0,0,0,0,0,0,0,0,0,0,0,1,0,0,0,0,1,2,1,1
2019-20,33,Tamilnadu,3303,KANCHEEPURAM,330312,LATHUR,14,"Government Aided",5,"HSS (VI-XII)",4,Graduate,5,Others,0,0,0,0,0,0,0,0,0,1,0,0,0,0,0,0,0,0,1,0,1
2019-20,33,Tamilnadu,3303,KANCHEEPURAM,330314,"ST.THOMAS MOUNT(RURAL)",14,"Government Aided",5,"HSS (VI-XII)",4,Graduate,5,Others,0,0,0,0,0,0,0,0,0,0,0,0,0,1,0,0,0,0,1,0,1
2019-20,33,Tamilnadu,3303,KANCHEEPURAM,330309,"ST.THOMAS MOUNT(URBAN)",14,"Government Aided",7,"SS (VI-X)",4,Graduate,5,Others,0,0,0,0,0,0,0,0,0,1,0,0,0,0,0,0,0,0,1,0,1
2019-20,33,Tamilnadu,3303,KANCHEEPURAM,330301,KANCHEEPURAM,14,"Government Aided",5,"HSS (VI-XII)",4,Graduate,6,None,0,0,0,0,0,0,0,0,0,0,1,0,0,0,0,0,0,0,1,1,0
2019-20,33,Tamilnadu,3303,KANCHEEPURAM,330307,KATTANKOLATHUR,14,"Government Aided",5,"HSS (VI-XII)",4,Graduate,6,None,0,0,0,0,0,0,0,0,0,0,0,0,0,1,0,0,1,0,2,1,1
2019-20,33,Tamilnadu,3303,KANCHEEPURAM,330309,"ST.THOMAS MOUNT(URBAN)",14,"Government Aided",5,"HSS (VI-XII)",4,Graduate,6,None,0,0,0,0,0,0,0,0,2,4,0,0,0,0,1,0,0,0,7,3,4
2019-20,33,Tamilnadu,3303,KANCHEEPURAM,330311,MADURANTAGAM,14,"Government Aided",5,"HSS (VI-XII)",4,Graduate,6,None,0,0,0,0,0,0,0,0,0,0,0,0,0,0,0,0,1,0,1,1,0
2019-20,33,Tamilnadu,3303,KANCHEEPURAM,330311,MADURANTAGAM,14,"Government Aided",7,"SS (VI-X)",4,Graduate,6,None,0,0,0,0,0,0,0,0,0,1,0,0,0,0,0,0,0,0,1,0,1
2019-20,33,Tamilnadu,3303,KANCHEEPURAM,330302,WALAJABAD,14,"Government Aided",2,"UPS (I-VIII)",5,"Post graduate",1,"Diploma or certificate in basic teachers training of a duration not less than two years",0,0,0,0,0,1,0,0,0,0,0,0,0,0,0,0,0,0,1,0,1
2019-20,33,Tamilnadu,3303,KANCHEEPURAM,330314,"ST.THOMAS MOUNT(RURAL)",14,"Government Aided",3,"HSS (I-XII)",5,"Post graduate",1,"Diploma or certificate in basic teachers training of a duration not less than two years",0,0,0,0,0,1,0,0,0,0,0,0,0,0,0,0,0,0,1,0,1
2019-20,33,Tamilnadu,3303,KANCHEEPURAM,330302,WALAJABAD,14,"Government Aided",2,"UPS (I-VIII)",5,"Post graduate",3,"B.Ed. or equivalent",0,0,0,0,1,3,0,0,0,0,0,0,0,0,0,0,0,0,4,1,3
2019-20,33,Tamilnadu,3303,KANCHEEPURAM,330309,"ST.THOMAS MOUNT(URBAN)",14,"Government Aided",2,"UPS (I-VIII)",5,"Post graduate",3,"B.Ed. or equivalent",0,0,0,0,1,2,0,0,0,0,0,0,0,0,0,0,0,0,3,1,2
2019-20,33,Tamilnadu,3303,KANCHEEPURAM,330312,LATHUR,14,"Government Aided",2,"UPS (I-VIII)",5,"Post graduate",3,"B.Ed. or equivalent",0,0,0,0,1,1,0,0,0,0,0,0,0,0,0,0,0,0,2,1,1
2019-20,33,Tamilnadu,3303,KANCHEEPURAM,330305,KUNDRATHUR,14,"Government Aided",3,"HSS (I-XII)",5,"Post graduate",3,"B.Ed. or equivalent",0,0,0,0,0,0,0,2,0,0,0,1,0,0,2,2,0,0,7,2,5
2019-20,33,Tamilnadu,3303,KANCHEEPURAM,330314,"ST.THOMAS MOUNT(RURAL)",14,"Government Aided",3,"HSS (I-XII)",5,"Post graduate",3,"B.Ed. or equivalent",0,0,0,0,0,0,0,0,0,0,2,2,0,1,1,7,1,1,15,4,11
2019-20,33,Tamilnadu,3303,KANCHEEPURAM,330301,KANCHEEPURAM,14,"Government Aided",5,"HSS (VI-XII)",5,"Post graduate",3,"B.Ed. or equivalent",0,0,0,0,0,0,0,0,0,5,2,21,0,0,0,1,7,17,53,9,44
2019-20,33,Tamilnadu,3303,KANCHEEPURAM,330302,WALAJABAD,14,"Government Aided",5,"HSS (VI-XII)",5,"Post graduate",3,"B.Ed. or equivalent",0,0,0,0,0,0,0,0,0,0,0,0,2,2,3,5,4,1,17,9,8
2019-20,33,Tamilnadu,3303,KANCHEEPURAM,330304,SRIPERUMBUDUR,14,"Government Aided",5,"HSS (VI-XII)",5,"Post graduate",3,"B.Ed. or equivalent",0,0,0,0,0,0,0,0,0,0,0,0,4,4,0,0,0,0,8,4,4
2019-20,33,Tamilnadu,3303,KANCHEEPURAM,330305,KUNDRATHUR,14,"Government Aided",5,"HSS (VI-XII)",5,"Post graduate",3,"B.Ed. or equivalent",0,0,0,0,0,0,0,0,0,4,0,2,1,2,1,2,0,4,16,2,14
2019-20,33,Tamilnadu,3303,KANCHEEPURAM,330306,THIRUPORUR,14,"Government Aided",5,"HSS (VI-XII)",5,"Post graduate",3,"B.Ed. or equivalent",0,0,0,0,0,0,0,0,0,2,0,0,8,6,1,0,8,2,27,17,10
2019-20,33,Tamilnadu,3303,KANCHEEPURAM,330307,KATTANKOLATHUR,14,"Government Aided",5,"HSS (VI-XII)",5,"Post graduate",3,"B.Ed. or equivalent",0,0,0,0,0,0,0,0,0,3,2,7,5,17,0,5,2,11,52,9,43
2019-20,33,Tamilnadu,3303,KANCHEEPURAM,330309,"ST.THOMAS MOUNT(URBAN)",14,"Government Aided",5,"HSS (VI-XII)",5,"Post graduate",3,"B.Ed. or equivalent",0,0,0,0,0,0,0,0,2,17,4,8,4,38,8,14,8,55,158,26,132
2019-20,33,Tamilnadu,3303,KANCHEEPURAM,330311,MADURANTAGAM,14,"Government Aided",5,"HSS (VI-XII)",5,"Post graduate",3,"B.Ed. or equivalent",0,0,0,0,0,0,0,0,0,0,5,1,1,0,0,0,11,3,21,17,4
2019-20,33,Tamilnadu,3303,KANCHEEPURAM,330312,LATHUR,14,"Government Aided",5,"HSS (VI-XII)",5,"Post graduate",3,"B.Ed. or equivalent",0,0,0,0,0,0,0,0,0,3,0,0,0,0,0,0,0,0,3,0,3
2019-20,33,Tamilnadu,3303,KANCHEEPURAM,330314,"ST.THOMAS MOUNT(RURAL)",14,"Government Aided",5,"HSS (VI-XII)",5,"Post graduate",3,"B.Ed. or equivalent",0,0,0,0,0,0,0,0,0,2,0,0,0,4,0,0,0,0,6,0,6
2019-20,33,Tamilnadu,3303,KANCHEEPURAM,330301,KANCHEEPURAM,14,"Government Aided",7,"SS (VI-X)",5,"Post graduate",3,"B.Ed. or equivalent",0,0,0,0,0,0,0,0,0,2,0,3,1,0,0,0,0,0,6,1,5
2019-20,33,Tamilnadu,3303,KANCHEEPURAM,330303,UTHIRAMERUR,14,"Government Aided",7,"SS (VI-X)",5,"Post graduate",3,"B.Ed. or equivalent",0,0,0,0,0,0,0,0,1,3,1,1,0,0,0,0,0,0,6,2,4
2019-20,33,Tamilnadu,3303,KANCHEEPURAM,330304,SRIPERUMBUDUR,14,"Government Aided",7,"SS (VI-X)",5,"Post graduate",3,"B.Ed. or equivalent",0,0,0,0,0,0,0,0,3,6,0,0,0,1,0,0,0,0,10,3,7
2019-20,33,Tamilnadu,3303,KANCHEEPURAM,330307,KATTANKOLATHUR,14,"Government Aided",7,"SS (VI-X)",5,"Post graduate",3,"B.Ed. or equivalent",0,0,0,0,0,0,0,0,0,2,4,2,2,1,0,0,0,0,11,6,5
2019-20,33,Tamilnadu,3303,KANCHEEPURAM,330308,THIRUKALUKUNDRAM,14,"Government Aided",7,"SS (VI-X)",5,"Post graduate",3,"B.Ed. or equivalent",0,0,0,0,0,0,0,0,0,0,4,2,0,0,0,0,0,0,6,4,2
2019-20,33,Tamilnadu,3303,KANCHEEPURAM,330309,"ST.THOMAS MOUNT(URBAN)",14,"Government Aided",7,"SS (VI-X)",5,"Post graduate",3,"B.Ed. or equivalent",0,0,0,0,0,0,0,0,0,4,0,1,0,1,0,0,0,0,6,0,6
2019-20,33,Tamilnadu,3303,KANCHEEPURAM,330311,MADURANTAGAM,14,"Government Aided",7,"SS (VI-X)",5,"Post graduate",3,"B.Ed. or equivalent",0,0,0,0,0,0,0,0,2,3,2,1,0,0,0,0,0,0,8,4,4
2019-20,33,Tamilnadu,3303,KANCHEEPURAM,330312,LATHUR,14,"Government Aided",7,"SS (VI-X)",5,"Post graduate",3,"B.Ed. or equivalent",0,0,0,0,0,0,0,0,3,0,0,0,0,0,0,0,0,0,3,3,0
2019-20,33,Tamilnadu,3303,KANCHEEPURAM,330305,KUNDRATHUR,14,"Government Aided",3,"HSS (I-XII)",5,"Post graduate",4,"M.Ed. or equivalent",0,0,0,0,0,0,0,0,0,0,0,0,0,2,0,2,0,1,5,0,5
2019-20,33,Tamilnadu,3303,KANCHEEPURAM,330301,KANCHEEPURAM,14,"Government Aided",5,"HSS (VI-XII)",5,"Post graduate",4,"M.Ed. or equivalent",0,0,0,0,0,0,0,0,0,0,0,2,1,0,1,0,4,2,10,6,4
2019-20,33,Tamilnadu,3303,KANCHEEPURAM,330302,WALAJABAD,14,"Government Aided",5,"HSS (VI-XII)",5,"Post graduate",4,"M.Ed. or equivalent",0,0,0,0,0,0,0,0,0,0,0,0,0,0,0,2,0,0,2,0,2
2019-20,33,Tamilnadu,3303,KANCHEEPURAM,330305,KUNDRATHUR,14,"Government Aided",5,"HSS (VI-XII)",5,"Post graduate",4,"M.Ed. or equivalent",0,0,0,0,0,0,0,0,1,1,0,0,0,0,0,1,0,1,4,1,3
2019-20,33,Tamilnadu,3303,KANCHEEPURAM,330306,THIRUPORUR,14,"Government Aided",5,"HSS (VI-XII)",5,"Post graduate",4,"M.Ed. or equivalent",0,0,0,0,0,0,0,0,0,0,0,0,0,1,0,0,2,1,4,2,2
2019-20,33,Tamilnadu,3303,KANCHEEPURAM,330307,KATTANKOLATHUR,14,"Government Aided",5,"HSS (VI-XII)",5,"Post graduate",4,"M.Ed. or equivalent",0,0,0,0,0,0,0,0,0,0,1,1,0,7,1,0,3,1,14,5,9
2019-20,33,Tamilnadu,3303,KANCHEEPURAM,330309,"ST.THOMAS MOUNT(URBAN)",14,"Government Aided",5,"HSS (VI-XII)",5,"Post graduate",4,"M.Ed. or equivalent",0,0,0,0,0,0,0,0,1,2,3,3,1,6,0,1,5,7,29,10,19
2019-20,33,Tamilnadu,3303,KANCHEEPURAM,330311,MADURANTAGAM,14,"Government Aided",5,"HSS (VI-XII)",5,"Post graduate",4,"M.Ed. or equivalent",0,0,0,0,0,0,0,0,0,0,0,0,0,0,0,0,2,0,2,2,0
2019-20,33,Tamilnadu,3303,KANCHEEPURAM,330312,LATHUR,14,"Government Aided",5,"HSS (VI-XII)",5,"Post graduate",4,"M.Ed. or equivalent",0,0,0,0,0,0,0,0,0,1,0,0,0,0,0,0,0,0,1,0,1
2019-20,33,Tamilnadu,3303,KANCHEEPURAM,330314,"ST.THOMAS MOUNT(RURAL)",14,"Government Aided",5,"HSS (VI-XII)",5,"Post graduate",4,"M.Ed. or equivalent",0,0,0,0,0,0,0,0,0,0,0,0,0,1,0,1,0,0,2,0,2
2019-20,33,Tamilnadu,3303,KANCHEEPURAM,330303,UTHIRAMERUR,14,"Government Aided",7,"SS (VI-X)",5,"Post graduate",4,"M.Ed. or equivalent",0,0,0,0,0,0,0,0,0,1,0,0,0,0,0,0,0,0,1,0,1
2019-20,33,Tamilnadu,3303,KANCHEEPURAM,330304,SRIPERUMBUDUR,14,"Government Aided",7,"SS (VI-X)",5,"Post graduate",4,"M.Ed. or equivalent",0,0,0,0,0,0,0,0,0,1,0,0,0,0,0,0,0,0,1,0,1
2019-20,33,Tamilnadu,3303,KANCHEEPURAM,330307,KATTANKOLATHUR,14,"Government Aided",7,"SS (VI-X)",5,"Post graduate",4,"M.Ed. or equivalent",0,0,0,0,0,0,0,0,0,1,0,0,0,1,0,0,0,0,2,0,2
2019-20,33,Tamilnadu,3303,KANCHEEPURAM,330301,KANCHEEPURAM,14,"Government Aided",5,"HSS (VI-XII)",5,"Post graduate",5,Others,0,0,0,0,0,0,0,0,0,0,0,1,0,0,0,0,0,1,2,0,2
2019-20,33,Tamilnadu,3303,KANCHEEPURAM,330306,THIRUPORUR,14,"Government Aided",5,"HSS (VI-XII)",5,"Post graduate",5,Others,0,0,0,0,0,0,0,0,0,0,0,0,0,0,0,1,0,0,1,0,1
2019-20,33,Tamilnadu,3303,KANCHEEPURAM,330307,KATTANKOLATHUR,14,"Government Aided",5,"HSS (VI-XII)",5,"Post graduate",5,Others,0,0,0,0,0,0,0,0,0,0,0,1,0,0,0,0,0,0,1,0,1
2019-20,33,Tamilnadu,3303,KANCHEEPURAM,330309,"ST.THOMAS MOUNT(URBAN)",14,"Government Aided",5,"HSS (VI-XII)",5,"Post graduate",5,Others,0,0,0,0,0,0,0,0,0,0,0,1,0,0,0,1,0,0,2,0,2
2019-20,33,Tamilnadu,3303,KANCHEEPURAM,330314,"ST.THOMAS MOUNT(RURAL)",14,"Government Aided",5,"HSS (VI-XII)",5,"Post graduate",5,Others,0,0,0,0,0,0,0,0,0,0,0,1,0,0,0,0,0,0,1,0,1
2019-20,33,Tamilnadu,3303,KANCHEEPURAM,330301,KANCHEEPURAM,14,"Government Aided",5,"HSS (VI-XII)",5,"Post graduate",6,None,0,0,0,0,0,0,0,0,0,0,0,0,0,0,1,0,1,0,2,2,0
2019-20,33,Tamilnadu,3303,KANCHEEPURAM,330305,KUNDRATHUR,14,"Government Aided",5,"HSS (VI-XII)",5,"Post graduate",6,None,0,0,0,0,0,0,0,0,1,0,0,0,0,0,0,0,0,0,1,1,0
2019-20,33,Tamilnadu,3303,KANCHEEPURAM,330306,THIRUPORUR,14,"Government Aided",5,"HSS (VI-XII)",5,"Post graduate",6,None,0,0,0,0,0,0,0,0,0,0,0,0,0,0,1,0,0,0,1,1,0
2019-20,33,Tamilnadu,3303,KANCHEEPURAM,330309,"ST.THOMAS MOUNT(URBAN)",14,"Government Aided",5,"HSS (VI-XII)",5,"Post graduate",6,None,0,0,0,0,0,0,0,0,0,0,0,1,0,0,0,0,2,1,4,2,2
2019-20,33,Tamilnadu,3303,KANCHEEPURAM,330309,"ST.THOMAS MOUNT(URBAN)",14,"Government Aided",2,"UPS (I-VIII)",6,M.Phil,3,"B.Ed. or equivalent",0,0,0,0,0,0,0,1,0,0,0,0,0,0,0,0,0,0,1,0,1
2019-20,33,Tamilnadu,3303,KANCHEEPURAM,330314,"ST.THOMAS MOUNT(RURAL)",14,"Government Aided",3,"HSS (I-XII)",6,M.Phil,3,"B.Ed. or equivalent",0,0,0,0,0,0,0,0,0,0,0,1,0,0,0,1,1,0,3,1,2
2019-20,33,Tamilnadu,3303,KANCHEEPURAM,330301,KANCHEEPURAM,14,"Government Aided",5,"HSS (VI-XII)",6,M.Phil,3,"B.Ed. or equivalent",0,0,0,0,0,0,0,0,0,0,0,9,0,1,0,2,0,5,17,0,17
2019-20,33,Tamilnadu,3303,KANCHEEPURAM,330304,SRIPERUMBUDUR,14,"Government Aided",5,"HSS (VI-XII)",6,M.Phil,3,"B.Ed. or equivalent",0,0,0,0,0,0,0,0,0,0,0,0,1,0,0,0,0,0,1,1,0
2019-20,33,Tamilnadu,3303,KANCHEEPURAM,330305,KUNDRATHUR,14,"Government Aided",5,"HSS (VI-XII)",6,M.Phil,3,"B.Ed. or equivalent",0,0,0,0,0,0,0,0,1,1,2,0,0,0,0,0,0,1,5,3,2
2019-20,33,Tamilnadu,3303,KANCHEEPURAM,330307,KATTANKOLATHUR,14,"Government Aided",5,"HSS (VI-XII)",6,M.Phil,3,"B.Ed. or equivalent",0,0,0,0,0,0,0,0,0,0,0,2,0,3,0,2,6,2,15,6,9
2019-20,33,Tamilnadu,3303,KANCHEEPURAM,330309,"ST.THOMAS MOUNT(URBAN)",14,"Government Aided",5,"HSS (VI-XII)",6,M.Phil,3,"B.Ed. or equivalent",0,0,0,0,0,0,0,0,0,0,4,0,3,9,1,0,5,6,28,13,15
2019-20,33,Tamilnadu,3303,KANCHEEPURAM,330311,MADURANTAGAM,14,"Government Aided",5,"HSS (VI-XII)",6,M.Phil,3,"B.Ed. or equivalent",0,0,0,0,0,0,0,0,0,0,1,0,0,0,0,0,0,0,1,1,0
2019-20,33,Tamilnadu,3303,KANCHEEPURAM,330314,"ST.THOMAS MOUNT(RURAL)",14,"Government Aided",5,"HSS (VI-XII)",6,M.Phil,3,"B.Ed. or equivalent",0,0,0,0,0,0,0,0,0,2,0,0,0,4,0,0,0,1,7,0,7
2019-20,33,Tamilnadu,3303,KANCHEEPURAM,330301,KANCHEEPURAM,14,"Government Aided",7,"SS (VI-X)",6,M.Phil,3,"B.Ed. or equivalent",0,0,0,0,0,0,0,0,0,0,0,1,1,0,0,0,0,0,2,1,1
2019-20,33,Tamilnadu,3303,KANCHEEPURAM,330303,UTHIRAMERUR,14,"Government Aided",7,"SS (VI-X)",6,M.Phil,3,"B.Ed. or equivalent",0,0,0,0,0,0,0,0,0,2,0,0,0,0,0,0,0,0,2,0,2
2019-20,33,Tamilnadu,3303,KANCHEEPURAM,330304,SRIPERUMBUDUR,14,"Government Aided",7,"SS (VI-X)",6,M.Phil,3,"B.Ed. or equivalent",0,0,0,0,0,0,0,0,1,0,0,0,0,0,0,0,0,0,1,1,0
2019-20,33,Tamilnadu,3303,KANCHEEPURAM,330307,KATTANKOLATHUR,14,"Government Aided",7,"SS (VI-X)",6,M.Phil,3,"B.Ed. or equivalent",0,0,0,0,0,0,0,0,0,0,0,1,0,0,0,0,0,0,1,0,1
2019-20,33,Tamilnadu,3303,KANCHEEPURAM,330308,THIRUKALUKUNDRAM,14,"Government Aided",7,"SS (VI-X)",6,M.Phil,3,"B.Ed. or equivalent",0,0,0,0,0,0,0,0,0,0,2,1,0,0,0,0,0,0,3,2,1
2019-20,33,Tamilnadu,3303,KANCHEEPURAM,330312,LATHUR,14,"Government Aided",7,"SS (VI-X)",6,M.Phil,3,"B.Ed. or equivalent",0,0,0,0,0,0,0,0,1,0,0,0,0,0,0,0,0,0,1,1,0
2019-20,33,Tamilnadu,3303,KANCHEEPURAM,330314,"ST.THOMAS MOUNT(RURAL)",14,"Government Aided",3,"HSS (I-XII)",6,M.Phil,4,"M.Ed. or equivalent",0,0,0,0,0,0,0,0,0,0,0,1,0,0,0,0,0,0,1,0,1
2019-20,33,Tamilnadu,3303,KANCHEEPURAM,330301,KANCHEEPURAM,14,"Government Aided",5,"HSS (VI-XII)",6,M.Phil,4,"M.Ed. or equivalent",0,0,0,0,0,0,0,0,0,0,0,1,0,0,0,0,0,1,2,0,2
2019-20,33,Tamilnadu,3303,KANCHEEPURAM,330302,WALAJABAD,14,"Government Aided",5,"HSS (VI-XII)",6,M.Phil,4,"M.Ed. or equivalent",0,0,0,0,0,0,0,0,0,0,0,0,0,0,0,0,1,0,1,1,0
2019-20,33,Tamilnadu,3303,KANCHEEPURAM,330305,KUNDRATHUR,14,"Government Aided",5,"HSS (VI-XII)",6,M.Phil,4,"M.Ed. or equivalent",0,0,0,0,0,0,0,0,0,1,0,0,0,0,0,0,0,1,2,0,2
2019-20,33,Tamilnadu,3303,KANCHEEPURAM,330307,KATTANKOLATHUR,14,"Government Aided",5,"HSS (VI-XII)",6,M.Phil,4,"M.Ed. or equivalent",0,0,0,0,0,0,0,0,0,0,0,1,0,0,0,0,5,3,9,5,4
2019-20,33,Tamilnadu,3303,KANCHEEPURAM,330309,"ST.THOMAS MOUNT(URBAN)",14,"Government Aided",5,"HSS (VI-XII)",6,M.Phil,4,"M.Ed. or equivalent",0,0,0,0,0,0,0,0,0,0,1,1,2,0,0,3,0,5,12,3,9
2019-20,33,Tamilnadu,3303,KANCHEEPURAM,330311,MADURANTAGAM,14,"Government Aided",5,"HSS (VI-XII)",6,M.Phil,4,"M.Ed. or equivalent",0,0,0,0,0,0,0,0,0,0,0,0,1,0,0,0,3,1,5,4,1
2019-20,33,Tamilnadu,3303,KANCHEEPURAM,330309,"ST.THOMAS MOUNT(URBAN)",14,"Government Aided",5,"HSS (VI-XII)",6,M.Phil,6,None,0,0,0,0,0,0,0,0,0,0,0,1,1,0,0,0,0,0,2,1,1
2019-20,33,Tamilnadu,3303,KANCHEEPURAM,330309,"ST.THOMAS MOUNT(URBAN)",14,"Government Aided",5,"HSS (VI-XII)",7,Ph.D,3,"B.Ed. or equivalent",0,0,0,0,0,0,0,0,0,0,0,0,0,1,0,0,0,1,2,0,2
2019-20,33,Tamilnadu,3303,KANCHEEPURAM,330309,"ST.THOMAS MOUNT(URBAN)",14,"Government Aided",5,"HSS (VI-XII)",7,Ph.D,4,"M.Ed. or equivalent",0,0,0,0,0,0,0,0,0,0,0,0,0,0,0,0,2,0,2,2,0
2019-20,33,Tamilnadu,3303,KANCHEEPURAM,330309,"ST.THOMAS MOUNT(URBAN)",14,"Government Aided",5,"HSS (VI-XII)",7,Ph.D,6,None,0,0,0,0,0,0,0,0,1,0,0,0,0,0,0,0,0,0,1,1,0
2019-20,33,Tamilnadu,3303,KANCHEEPURAM,330301,KANCHEEPURAM,18,"Government Aided",5,"HSS (VI-XII)",3,"Higher secondary",3,"B.Ed. or equivalent",0,0,0,0,0,0,0,0,0,0,1,0,0,0,0,0,0,0,1,1,0
2019-20,33,Tamilnadu,3303,KANCHEEPURAM,330301,KANCHEEPURAM,18,"Government Aided",5,"HSS (VI-XII)",4,Graduate,3,"B.Ed. or equivalent",0,0,0,0,0,0,0,0,0,0,5,1,0,0,0,0,0,0,6,5,1
2019-20,33,Tamilnadu,3303,KANCHEEPURAM,330301,KANCHEEPURAM,18,"Government Aided",5,"HSS (VI-XII)",5,"Post graduate",3,"B.Ed. or equivalent",0,0,0,0,0,0,0,0,0,0,2,3,0,0,0,0,2,2,9,4,5
2019-20,33,Tamilnadu,3303,KANCHEEPURAM,330301,KANCHEEPURAM,18,"Government Aided",5,"HSS (VI-XII)",5,"Post graduate",4,"M.Ed. or equivalent",0,0,0,0,0,0,0,0,0,0,0,0,0,0,0,0,0,1,1,0,1
2019-20,33,Tamilnadu,3303,KANCHEEPURAM,330301,KANCHEEPURAM,18,"Government Aided",5,"HSS (VI-XII)",6,M.Phil,3,"B.Ed. or equivalent",0,0,0,0,0,0,0,0,0,0,0,0,0,0,0,0,2,0,2,2,0
2019-20,33,Tamilnadu,3303,KANCHEEPURAM,330314,"ST.THOMAS MOUNT(RURAL)",12,"Kendriya Vidyalaya / Central School",3,"HSS (I-XII)",1,"Below Secondary",1,"Diploma or certificate in basic teachers training of a duration not less than two years",0,0,0,0,1,2,0,0,0,0,0,0,0,0,0,0,0,0,3,1,2
2019-20,33,Tamilnadu,3303,KANCHEEPURAM,330308,THIRUKALUKUNDRAM,12,"Kendriya Vidyalaya / Central School",3,"HSS (I-XII)",3,"Higher secondary",1,"Diploma or certificate in basic teachers training of a duration not less than two years",0,0,0,0,4,0,0,0,0,0,0,0,0,0,0,0,0,0,4,4,0
2019-20,33,Tamilnadu,3303,KANCHEEPURAM,330314,"ST.THOMAS MOUNT(RURAL)",12,"Kendriya Vidyalaya / Central School",3,"HSS (I-XII)",3,"Higher secondary",1,"Diploma or certificate in basic teachers training of a duration not less than two years",0,0,0,0,5,6,0,0,0,0,0,0,0,0,0,0,0,0,11,5,6
2019-20,33,Tamilnadu,3303,KANCHEEPURAM,330314,"ST.THOMAS MOUNT(RURAL)",12,"Kendriya Vidyalaya / Central School",3,"HSS (I-XII)",3,"Higher secondary",3,"B.Ed. or equivalent",0,0,0,0,0,1,0,0,0,0,0,0,0,0,0,0,0,0,1,0,1
2019-20,33,Tamilnadu,3303,KANCHEEPURAM,330309,"ST.THOMAS MOUNT(URBAN)",12,"Kendriya Vidyalaya / Central School",3,"HSS (I-XII)",3,"Higher secondary",5,Others,0,0,0,0,0,0,1,2,0,0,0,1,0,0,0,0,0,0,4,1,3
2019-20,33,Tamilnadu,3303,KANCHEEPURAM,330308,THIRUKALUKUNDRAM,12,"Kendriya Vidyalaya / Central School",3,"HSS (I-XII)",4,Graduate,1,"Diploma or certificate in basic teachers training of a duration not less than two years",0,0,0,0,9,4,0,0,0,0,0,0,0,0,0,0,0,0,13,9,4
2019-20,33,Tamilnadu,3303,KANCHEEPURAM,330309,"ST.THOMAS MOUNT(URBAN)",12,"Kendriya Vidyalaya / Central School",3,"HSS (I-XII)",4,Graduate,1,"Diploma or certificate in basic teachers training of a duration not less than two years",0,0,0,0,0,0,0,2,0,0,2,0,0,0,0,0,0,0,4,2,2
2019-20,33,Tamilnadu,3303,KANCHEEPURAM,330314,"ST.THOMAS MOUNT(RURAL)",12,"Kendriya Vidyalaya / Central School",3,"HSS (I-XII)",4,Graduate,1,"Diploma or certificate in basic teachers training of a duration not less than two years",0,0,0,0,0,8,0,1,0,0,0,0,0,0,0,0,0,0,9,0,9
2019-20,33,Tamilnadu,3303,KANCHEEPURAM,330308,THIRUKALUKUNDRAM,12,"Kendriya Vidyalaya / Central School",3,"HSS (I-XII)",4,Graduate,3,"B.Ed. or equivalent",0,0,0,0,0,2,0,3,0,0,0,1,3,9,0,0,0,0,18,3,15
2019-20,33,Tamilnadu,3303,KANCHEEPURAM,330309,"ST.THOMAS MOUNT(URBAN)",12,"Kendriya Vidyalaya / Central School",3,"HSS (I-XII)",4,Graduate,3,"B.Ed. or equivalent",0,0,0,0,0,0,0,11,0,0,0,5,0,0,0,0,0,0,16,0,16
2019-20,33,Tamilnadu,3303,KANCHEEPURAM,330314,"ST.THOMAS MOUNT(RURAL)",12,"Kendriya Vidyalaya / Central School",3,"HSS (I-XII)",4,Graduate,3,"B.Ed. or equivalent",0,0,0,0,0,6,0,0,0,1,0,0,0,0,0,0,0,0,7,0,7
2019-20,33,Tamilnadu,3303,KANCHEEPURAM,330309,"ST.THOMAS MOUNT(URBAN)",12,"Kendriya Vidyalaya / Central School",3,"HSS (I-XII)",4,Graduate,4,"M.Ed. or equivalent",0,0,0,0,0,0,1,0,0,0,0,1,0,0,0,0,0,0,2,1,1
2019-20,33,Tamilnadu,3303,KANCHEEPURAM,330314,"ST.THOMAS MOUNT(RURAL)",12,"Kendriya Vidyalaya / Central School",3,"HSS (I-XII)",4,Graduate,4,"M.Ed. or equivalent",0,0,0,0,0,1,0,0,0,1,0,0,0,0,0,0,0,0,2,0,2
2019-20,33,Tamilnadu,3303,KANCHEEPURAM,330308,THIRUKALUKUNDRAM,12,"Kendriya Vidyalaya / Central School",3,"HSS (I-XII)",4,Graduate,5,Others,0,0,0,0,7,6,0,0,0,0,0,1,0,2,0,0,0,1,17,7,10
2019-20,33,Tamilnadu,3303,KANCHEEPURAM,330309,"ST.THOMAS MOUNT(URBAN)",12,"Kendriya Vidyalaya / Central School",3,"HSS (I-XII)",4,Graduate,5,Others,0,0,0,0,0,0,2,0,0,0,0,1,0,0,0,0,0,0,3,2,1
2019-20,33,Tamilnadu,3303,KANCHEEPURAM,330308,THIRUKALUKUNDRAM,12,"Kendriya Vidyalaya / Central School",3,"HSS (I-XII)",4,Graduate,6,None,0,0,0,0,1,0,0,0,0,0,0,0,0,0,0,0,0,0,1,1,0
2019-20,33,Tamilnadu,3303,KANCHEEPURAM,330309,"ST.THOMAS MOUNT(URBAN)",12,"Kendriya Vidyalaya / Central School",3,"HSS (I-XII)",4,Graduate,6,None,0,0,0,0,0,0,2,0,0,0,0,0,0,0,0,0,0,0,2,2,0
2019-20,33,Tamilnadu,3303,KANCHEEPURAM,330314,"ST.THOMAS MOUNT(RURAL)",12,"Kendriya Vidyalaya / Central School",3,"HSS (I-XII)",4,Graduate,6,None,0,0,0,0,3,9,0,0,0,0,0,0,0,0,0,0,0,0,12,3,9
2019-20,33,Tamilnadu,3303,KANCHEEPURAM,330314,"ST.THOMAS MOUNT(RURAL)",12,"Kendriya Vidyalaya / Central School",3,"HSS (I-XII)",5,"Post graduate",1,"Diploma or certificate in basic teachers training of a duration not less than two years",0,1,0,0,3,1,0,0,0,0,0,0,0,0,0,0,0,0,5,3,2
2019-20,33,Tamilnadu,3303,KANCHEEPURAM,330308,THIRUKALUKUNDRAM,12,"Kendriya Vidyalaya / Central School",3,"HSS (I-XII)",5,"Post graduate",3,"B.Ed. or equivalent",0,0,0,0,1,2,2,6,0,0,0,0,4,2,2,3,0,3,25,9,16
2019-20,33,Tamilnadu,3303,KANCHEEPURAM,330309,"ST.THOMAS MOUNT(URBAN)",12,"Kendriya Vidyalaya / Central School",3,"HSS (I-XII)",5,"Post graduate",3,"B.Ed. or equivalent",0,0,0,0,0,0,3,11,0,0,3,11,0,1,0,1,0,0,30,6,24
2019-20,33,Tamilnadu,3303,KANCHEEPURAM,330314,"ST.THOMAS MOUNT(RURAL)",12,"Kendriya Vidyalaya / Central School",3,"HSS (I-XII)",5,"Post graduate",3,"B.Ed. or equivalent",0,0,0,0,0,12,0,0,2,1,0,1,1,6,0,1,4,1,29,7,22
2019-20,33,Tamilnadu,3303,KANCHEEPURAM,330309,"ST.THOMAS MOUNT(URBAN)",12,"Kendriya Vidyalaya / Central School",3,"HSS (I-XII)",5,"Post graduate",4,"M.Ed. or equivalent",0,0,0,0,0,0,2,4,0,0,0,2,0,0,0,0,0,0,8,2,6
2019-20,33,Tamilnadu,3303,KANCHEEPURAM,330314,"ST.THOMAS MOUNT(RURAL)",12,"Kendriya Vidyalaya / Central School",3,"HSS (I-XII)",5,"Post graduate",4,"M.Ed. or equivalent",0,0,0,0,1,3,0,0,0,0,0,0,0,2,1,0,2,0,9,4,5
2019-20,33,Tamilnadu,3303,KANCHEEPURAM,330309,"ST.THOMAS MOUNT(URBAN)",12,"Kendriya Vidyalaya / Central School",3,"HSS (I-XII)",5,"Post graduate",5,Others,0,0,0,0,0,0,0,1,0,0,0,1,0,0,0,0,0,0,2,0,2
2019-20,33,Tamilnadu,3303,KANCHEEPURAM,330308,THIRUKALUKUNDRAM,12,"Kendriya Vidyalaya / Central School",3,"HSS (I-XII)",5,"Post graduate",6,None,0,0,0,0,0,0,1,1,0,0,0,0,0,0,0,0,0,0,2,1,1
2019-20,33,Tamilnadu,3303,KANCHEEPURAM,330314,"ST.THOMAS MOUNT(RURAL)",12,"Kendriya Vidyalaya / Central School",3,"HSS (I-XII)",5,"Post graduate",6,None,0,0,0,0,0,0,0,0,0,0,0,0,0,0,0,0,0,1,1,0,1
2019-20,33,Tamilnadu,3303,KANCHEEPURAM,330308,THIRUKALUKUNDRAM,12,"Kendriya Vidyalaya / Central School",3,"HSS (I-XII)",6,M.Phil,3,"B.Ed. or equivalent",0,0,0,0,0,0,0,0,0,0,0,0,0,1,1,0,0,1,3,1,2
2019-20,33,Tamilnadu,3303,KANCHEEPURAM,330309,"ST.THOMAS MOUNT(URBAN)",12,"Kendriya Vidyalaya / Central School",3,"HSS (I-XII)",6,M.Phil,3,"B.Ed. or equivalent",0,0,0,0,0,0,0,0,0,0,0,1,0,0,0,0,0,0,1,0,1
2019-20,33,Tamilnadu,3303,KANCHEEPURAM,330314,"ST.THOMAS MOUNT(RURAL)",12,"Kendriya Vidyalaya / Central School",3,"HSS (I-XII)",6,M.Phil,3,"B.Ed. or equivalent",0,0,0,0,1,0,0,0,1,0,0,0,0,0,0,2,0,1,5,2,3
2019-20,33,Tamilnadu,3303,KANCHEEPURAM,330309,"ST.THOMAS MOUNT(URBAN)",12,"Kendriya Vidyalaya / Central School",3,"HSS (I-XII)",6,M.Phil,4,"M.Ed. or equivalent",0,0,0,0,0,0,0,1,0,0,0,0,0,0,0,0,0,0,1,0,1
2019-20,33,Tamilnadu,3303,KANCHEEPURAM,330308,THIRUKALUKUNDRAM,12,"Kendriya Vidyalaya / Central School",3,"HSS (I-XII)",6,M.Phil,6,None,0,0,0,0,0,0,0,0,0,0,0,0,1,0,0,0,0,0,1,1,0
2019-20,33,Tamilnadu,3303,KANCHEEPURAM,330308,THIRUKALUKUNDRAM,12,"Kendriya Vidyalaya / Central School",3,"HSS (I-XII)",7,Ph.D,3,"B.Ed. or equivalent",0,0,0,0,0,0,0,0,0,0,0,0,0,1,0,0,0,0,1,0,1
2019-20,33,Tamilnadu,3303,KANCHEEPURAM,330309,"ST.THOMAS MOUNT(URBAN)",12,"Kendriya Vidyalaya / Central School",3,"HSS (I-XII)",7,Ph.D,3,"B.Ed. or equivalent",0,0,0,0,0,0,2,0,0,0,0,0,0,0,0,0,0,0,2,2,0
2019-20,33,Tamilnadu,3303,KANCHEEPURAM,330309,"ST.THOMAS MOUNT(URBAN)",3,"Local body",1,"PS (I-V)",1,"Below Secondary",1,"Diploma or certificate in basic teachers training of a duration not less than two years",0,0,0,0,1,4,0,0,0,0,0,0,0,0,0,0,0,0,5,1,4
2019-20,33,Tamilnadu,3303,KANCHEEPURAM,330307,KATTANKOLATHUR,3,"Local body",5,"HSS (VI-XII)",1,"Below Secondary",3,"B.Ed. or equivalent",0,0,0,0,0,0,0,0,0,0,1,0,0,0,0,0,0,0,1,1,0
2019-20,33,Tamilnadu,3303,KANCHEEPURAM,330309,"ST.THOMAS MOUNT(URBAN)",3,"Local body",5,"HSS (VI-XII)",1,"Below Secondary",3,"B.Ed. or equivalent",0,0,0,0,0,0,0,0,1,0,0,0,0,0,0,0,0,0,1,1,0
2019-20,33,Tamilnadu,3303,KANCHEEPURAM,330301,KANCHEEPURAM,3,"Local body",5,"HSS (VI-XII)",1,"Below Secondary",5,Others,0,0,0,0,0,0,0,0,0,0,0,1,0,0,0,0,0,0,1,0,1
2019-20,33,Tamilnadu,3303,KANCHEEPURAM,330301,KANCHEEPURAM,3,"Local body",1,"PS (I-V)",3,"Higher secondary",1,"Diploma or certificate in basic teachers training of a duration not less than two years",0,0,0,0,1,4,0,0,0,0,0,0,0,0,0,0,0,0,5,1,4
2019-20,33,Tamilnadu,3303,KANCHEEPURAM,330307,KATTANKOLATHUR,3,"Local body",1,"PS (I-V)",3,"Higher secondary",1,"Diploma or certificate in basic teachers training of a duration not less than two years",0,0,0,0,0,3,0,0,0,0,0,0,0,0,0,0,0,0,3,0,3
2019-20,33,Tamilnadu,3303,KANCHEEPURAM,330309,"ST.THOMAS MOUNT(URBAN)",3,"Local body",1,"PS (I-V)",3,"Higher secondary",1,"Diploma or certificate in basic teachers training of a duration not less than two years",0,0,0,0,0,9,0,0,0,0,0,0,0,0,0,0,0,0,9,0,9
2019-20,33,Tamilnadu,3303,KANCHEEPURAM,330311,MADURANTAGAM,3,"Local body",1,"PS (I-V)",3,"Higher secondary",1,"Diploma or certificate in basic teachers training of a duration not less than two years",0,0,0,0,1,0,0,0,0,0,0,0,0,0,0,0,0,0,1,1,0
2019-20,33,Tamilnadu,3303,KANCHEEPURAM,330309,"ST.THOMAS MOUNT(URBAN)",3,"Local body",2,"UPS (I-VIII)",3,"Higher secondary",1,"Diploma or certificate in basic teachers training of a duration not less than two years",0,0,0,0,0,1,0,0,0,0,0,0,0,0,0,0,0,0,1,0,1
2019-20,33,Tamilnadu,3303,KANCHEEPURAM,330301,KANCHEEPURAM,3,"Local body",2,"UPS (I-VIII)",3,"Higher secondary",5,Others,0,0,0,0,0,0,0,0,0,1,0,0,0,0,0,0,0,0,1,0,1
2019-20,33,Tamilnadu,3303,KANCHEEPURAM,330301,KANCHEEPURAM,3,"Local body",5,"HSS (VI-XII)",3,"Higher secondary",5,Others,0,0,0,0,0,0,0,0,0,0,0,0,0,0,0,0,1,0,1,1,0
2019-20,33,Tamilnadu,3303,KANCHEEPURAM,330309,"ST.THOMAS MOUNT(URBAN)",3,"Local body",5,"HSS (VI-XII)",3,"Higher secondary",5,Others,0,0,0,0,0,0,0,0,1,2,0,0,0,1,0,0,0,0,4,1,3
2019-20,33,Tamilnadu,3303,KANCHEEPURAM,330309,"ST.THOMAS MOUNT(URBAN)",3,"Local body",7,"SS (VI-X)",3,"Higher secondary",5,Others,0,0,0,0,0,0,0,0,0,1,0,0,0,0,0,0,0,0,1,0,1
2019-20,33,Tamilnadu,3303,KANCHEEPURAM,330301,KANCHEEPURAM,3,"Local body",1,"PS (I-V)",4,Graduate,1,"Diploma or certificate in basic teachers training of a duration not less than two years",0,0,0,0,0,5,0,0,0,0,0,0,0,0,0,0,0,0,5,0,5
2019-20,33,Tamilnadu,3303,KANCHEEPURAM,330309,"ST.THOMAS MOUNT(URBAN)",3,"Local body",1,"PS (I-V)",4,Graduate,1,"Diploma or certificate in basic teachers training of a duration not less than two years",0,0,0,0,0,11,0,0,0,0,0,0,0,0,0,0,0,0,11,0,11
2019-20,33,Tamilnadu,3303,KANCHEEPURAM,330301,KANCHEEPURAM,3,"Local body",2,"UPS (I-VIII)",4,Graduate,1,"Diploma or certificate in basic teachers training of a duration not less than two years",0,0,0,0,0,2,0,0,0,0,0,0,0,0,0,0,0,0,2,0,2
2019-20,33,Tamilnadu,3303,KANCHEEPURAM,330309,"ST.THOMAS MOUNT(URBAN)",3,"Local body",2,"UPS (I-VIII)",4,Graduate,1,"Diploma or certificate in basic teachers training of a duration not less than two years",0,0,0,0,0,5,0,0,1,0,0,0,0,0,0,0,0,0,6,1,5
2019-20,33,Tamilnadu,3303,KANCHEEPURAM,330301,KANCHEEPURAM,3,"Local body",5,"HSS (VI-XII)",4,Graduate,1,"Diploma or certificate in basic teachers training of a duration not less than two years",0,0,0,0,0,0,0,0,1,0,0,0,0,0,0,0,0,0,1,1,0
2019-20,33,Tamilnadu,3303,KANCHEEPURAM,330301,KANCHEEPURAM,3,"Local body",1,"PS (I-V)",4,Graduate,3,"B.Ed. or equivalent",0,0,0,0,0,5,0,0,0,0,0,0,0,0,0,0,0,0,5,0,5
2019-20,33,Tamilnadu,3303,KANCHEEPURAM,330309,"ST.THOMAS MOUNT(URBAN)",3,"Local body",1,"PS (I-V)",4,Graduate,3,"B.Ed. or equivalent",0,0,0,0,0,2,0,0,0,0,0,0,0,0,0,0,0,0,2,0,2
2019-20,33,Tamilnadu,3303,KANCHEEPURAM,330301,KANCHEEPURAM,3,"Local body",2,"UPS (I-VIII)",4,Graduate,3,"B.Ed. or equivalent",0,0,0,0,0,3,0,0,1,5,0,0,0,0,0,0,0,0,9,1,8
2019-20,33,Tamilnadu,3303,KANCHEEPURAM,330309,"ST.THOMAS MOUNT(URBAN)",3,"Local body",2,"UPS (I-VIII)",4,Graduate,3,"B.Ed. or equivalent",0,0,0,0,0,2,0,0,0,1,0,0,0,0,0,0,0,0,3,0,3
2019-20,33,Tamilnadu,3303,KANCHEEPURAM,330311,MADURANTAGAM,3,"Local body",2,"UPS (I-VIII)",4,Graduate,3,"B.Ed. or equivalent",0,0,0,0,0,0,0,0,0,1,0,0,0,0,0,0,0,0,1,0,1
2019-20,33,Tamilnadu,3303,KANCHEEPURAM,330301,KANCHEEPURAM,3,"Local body",5,"HSS (VI-XII)",4,Graduate,3,"B.Ed. or equivalent",0,0,0,0,0,0,0,0,1,1,1,4,0,1,0,0,0,0,8,2,6
2019-20,33,Tamilnadu,3303,KANCHEEPURAM,330307,KATTANKOLATHUR,3,"Local body",5,"HSS (VI-XII)",4,Graduate,3,"B.Ed. or equivalent",0,0,0,0,0,0,0,0,0,1,0,0,0,0,0,0,0,0,1,0,1
2019-20,33,Tamilnadu,3303,KANCHEEPURAM,330309,"ST.THOMAS MOUNT(URBAN)",3,"Local body",5,"HSS (VI-XII)",4,Graduate,3,"B.Ed. or equivalent",0,0,0,0,0,0,0,0,2,6,0,6,0,2,0,0,0,0,16,2,14
2019-20,33,Tamilnadu,3303,KANCHEEPURAM,330301,KANCHEEPURAM,3,"Local body",7,"SS (VI-X)",4,Graduate,3,"B.Ed. or equivalent",0,0,0,0,0,0,0,0,0,0,0,0,0,1,0,0,0,0,1,0,1
2019-20,33,Tamilnadu,3303,KANCHEEPURAM,330309,"ST.THOMAS MOUNT(URBAN)",3,"Local body",7,"SS (VI-X)",4,Graduate,3,"B.Ed. or equivalent",0,0,0,0,0,0,0,0,0,2,0,2,0,0,0,0,0,0,4,0,4
2019-20,33,Tamilnadu,3303,KANCHEEPURAM,330301,KANCHEEPURAM,3,"Local body",2,"UPS (I-VIII)",4,Graduate,4,"M.Ed. or equivalent",0,0,0,0,0,0,0,0,0,7,0,0,0,0,0,0,0,0,7,0,7
2019-20,33,Tamilnadu,3303,KANCHEEPURAM,330311,MADURANTAGAM,3,"Local body",1,"PS (I-V)",4,Graduate,5,Others,0,0,0,0,0,1,0,0,0,0,0,0,0,0,0,0,0,0,1,0,1
2019-20,33,Tamilnadu,3303,KANCHEEPURAM,330309,"ST.THOMAS MOUNT(URBAN)",3,"Local body",5,"HSS (VI-XII)",4,Graduate,5,Others,0,0,0,0,0,0,0,0,1,1,0,0,0,0,0,0,0,0,2,1,1
2019-20,33,Tamilnadu,3303,KANCHEEPURAM,330301,KANCHEEPURAM,3,"Local body",7,"SS (VI-X)",4,Graduate,6,None,0,0,0,0,0,0,0,0,0,0,1,0,0,0,0,0,0,0,1,1,0
2019-20,33,Tamilnadu,3303,KANCHEEPURAM,330301,KANCHEEPURAM,3,"Local body",1,"PS (I-V)",5,"Post graduate",1,"Diploma or certificate in basic teachers training of a duration not less than two years",0,0,0,0,0,4,0,0,0,0,0,0,0,0,0,0,0,0,4,0,4
2019-20,33,Tamilnadu,3303,KANCHEEPURAM,330309,"ST.THOMAS MOUNT(URBAN)",3,"Local body",1,"PS (I-V)",5,"Post graduate",1,"Diploma or certificate in basic teachers training of a duration not less than two years",0,0,0,0,0,11,0,0,0,0,0,0,0,0,0,0,0,0,11,0,11
2019-20,33,Tamilnadu,3303,KANCHEEPURAM,330301,KANCHEEPURAM,3,"Local body",2,"UPS (I-VIII)",5,"Post graduate",1,"Diploma or certificate in basic teachers training of a duration not less than two years",0,0,0,0,0,11,0,0,0,0,0,0,0,0,0,0,0,0,11,0,11
2019-20,33,Tamilnadu,3303,KANCHEEPURAM,330309,"ST.THOMAS MOUNT(URBAN)",3,"Local body",2,"UPS (I-VIII)",5,"Post graduate",1,"Diploma or certificate in basic teachers training of a duration not less than two years",0,0,0,0,0,9,0,0,0,0,0,0,0,0,0,0,0,0,9,0,9
2019-20,33,Tamilnadu,3303,KANCHEEPURAM,330311,MADURANTAGAM,3,"Local body",2,"UPS (I-VIII)",5,"Post graduate",1,"Diploma or certificate in basic teachers training of a duration not less than two years",0,0,0,0,0,1,0,0,0,0,0,0,0,0,0,0,0,0,1,0,1
2019-20,33,Tamilnadu,3303,KANCHEEPURAM,330301,KANCHEEPURAM,3,"Local body",1,"PS (I-V)",5,"Post graduate",3,"B.Ed. or equivalent",0,0,0,0,0,16,0,0,0,0,0,0,0,0,0,0,0,0,16,0,16
2019-20,33,Tamilnadu,3303,KANCHEEPURAM,330309,"ST.THOMAS MOUNT(URBAN)",3,"Local body",1,"PS (I-V)",5,"Post graduate",3,"B.Ed. or equivalent",0,0,0,0,1,27,0,0,0,0,0,0,0,0,0,0,0,0,28,1,27
2019-20,33,Tamilnadu,3303,KANCHEEPURAM,330311,MADURANTAGAM,3,"Local body",1,"PS (I-V)",5,"Post graduate",3,"B.Ed. or equivalent",0,0,0,0,0,2,0,0,0,0,0,0,0,0,0,0,0,0,2,0,2
2019-20,33,Tamilnadu,3303,KANCHEEPURAM,330301,KANCHEEPURAM,3,"Local body",2,"UPS (I-VIII)",5,"Post graduate",3,"B.Ed. or equivalent",0,0,0,0,1,18,0,0,2,16,0,0,0,0,0,0,0,0,37,3,34
2019-20,33,Tamilnadu,3303,KANCHEEPURAM,330307,KATTANKOLATHUR,3,"Local body",2,"UPS (I-VIII)",5,"Post graduate",3,"B.Ed. or equivalent",0,0,0,0,0,0,0,0,0,2,0,0,0,0,0,0,0,0,2,0,2
2019-20,33,Tamilnadu,3303,KANCHEEPURAM,330309,"ST.THOMAS MOUNT(URBAN)",3,"Local body",2,"UPS (I-VIII)",5,"Post graduate",3,"B.Ed. or equivalent",0,0,0,0,0,3,0,5,0,9,0,0,0,0,0,0,0,0,17,0,17
2019-20,33,Tamilnadu,3303,KANCHEEPURAM,330311,MADURANTAGAM,3,"Local body",2,"UPS (I-VIII)",5,"Post graduate",3,"B.Ed. or equivalent",0,0,0,0,0,1,0,1,0,2,0,0,0,0,0,0,0,0,4,0,4
2019-20,33,Tamilnadu,3303,KANCHEEPURAM,330301,KANCHEEPURAM,3,"Local body",5,"HSS (VI-XII)",5,"Post graduate",3,"B.Ed. or equivalent",0,0,0,0,0,0,0,0,0,3,0,3,4,4,0,1,3,7,25,7,18
2019-20,33,Tamilnadu,3303,KANCHEEPURAM,330307,KATTANKOLATHUR,3,"Local body",5,"HSS (VI-XII)",5,"Post graduate",3,"B.Ed. or equivalent",0,0,0,0,0,0,0,0,0,1,1,3,1,0,1,1,1,0,9,4,5
2019-20,33,Tamilnadu,3303,KANCHEEPURAM,330309,"ST.THOMAS MOUNT(URBAN)",3,"Local body",5,"HSS (VI-XII)",5,"Post graduate",3,"B.Ed. or equivalent",0,0,0,0,0,0,0,0,1,6,0,22,2,9,2,1,3,10,56,8,48
2019-20,33,Tamilnadu,3303,KANCHEEPURAM,330301,KANCHEEPURAM,3,"Local body",7,"SS (VI-X)",5,"Post graduate",3,"B.Ed. or equivalent",0,0,0,0,0,0,0,0,0,3,1,4,1,0,0,0,0,0,9,2,7
2019-20,33,Tamilnadu,3303,KANCHEEPURAM,330309,"ST.THOMAS MOUNT(URBAN)",3,"Local body",7,"SS (VI-X)",5,"Post graduate",3,"B.Ed. or equivalent",0,0,0,0,0,0,0,0,1,0,0,6,0,0,0,0,0,0,7,1,6
2019-20,33,Tamilnadu,3303,KANCHEEPURAM,330311,MADURANTAGAM,3,"Local body",1,"PS (I-V)",5,"Post graduate",4,"M.Ed. or equivalent",0,0,0,0,1,0,0,0,0,0,0,0,0,0,0,0,0,0,1,1,0
2019-20,33,Tamilnadu,3303,KANCHEEPURAM,330301,KANCHEEPURAM,3,"Local body",2,"UPS (I-VIII)",5,"Post graduate",4,"M.Ed. or equivalent",0,0,0,0,0,0,0,0,0,3,0,0,0,0,0,0,0,0,3,0,3
2019-20,33,Tamilnadu,3303,KANCHEEPURAM,330309,"ST.THOMAS MOUNT(URBAN)",3,"Local body",2,"UPS (I-VIII)",5,"Post graduate",4,"M.Ed. or equivalent",0,0,0,0,0,0,0,1,1,4,0,0,0,0,0,0,0,0,6,1,5
2019-20,33,Tamilnadu,3303,KANCHEEPURAM,330301,KANCHEEPURAM,3,"Local body",5,"HSS (VI-XII)",5,"Post graduate",4,"M.Ed. or equivalent",0,0,0,0,0,0,0,0,0,0,0,0,1,0,0,0,0,0,1,1,0
2019-20,33,Tamilnadu,3303,KANCHEEPURAM,330307,KATTANKOLATHUR,3,"Local body",5,"HSS (VI-XII)",5,"Post graduate",4,"M.Ed. or equivalent",0,0,0,0,0,0,0,0,0,0,0,0,0,0,0,0,1,1,2,1,1
2019-20,33,Tamilnadu,3303,KANCHEEPURAM,330309,"ST.THOMAS MOUNT(URBAN)",3,"Local body",5,"HSS (VI-XII)",5,"Post graduate",4,"M.Ed. or equivalent",0,0,0,0,0,0,0,0,0,1,1,1,0,0,0,0,0,2,5,1,4
2019-20,33,Tamilnadu,3303,KANCHEEPURAM,330309,"ST.THOMAS MOUNT(URBAN)",3,"Local body",7,"SS (VI-X)",5,"Post graduate",4,"M.Ed. or equivalent",0,0,0,0,0,0,0,0,0,0,0,4,0,0,0,0,0,0,4,0,4
2019-20,33,Tamilnadu,3303,KANCHEEPURAM,330309,"ST.THOMAS MOUNT(URBAN)",3,"Local body",1,"PS (I-V)",6,M.Phil,1,"Diploma or certificate in basic teachers training of a duration not less than two years",0,0,0,0,0,1,0,0,0,0,0,0,0,0,0,0,0,0,1,0,1
2019-20,33,Tamilnadu,3303,KANCHEEPURAM,330301,KANCHEEPURAM,3,"Local body",1,"PS (I-V)",6,M.Phil,3,"B.Ed. or equivalent",0,0,0,0,0,1,0,0,0,0,0,0,0,0,0,0,0,0,1,0,1
2019-20,33,Tamilnadu,3303,KANCHEEPURAM,330309,"ST.THOMAS MOUNT(URBAN)",3,"Local body",1,"PS (I-V)",6,M.Phil,3,"B.Ed. or equivalent",0,0,0,0,0,1,0,0,0,0,0,0,0,0,0,0,0,0,1,0,1
2019-20,33,Tamilnadu,3303,KANCHEEPURAM,330301,KANCHEEPURAM,3,"Local body",2,"UPS (I-VIII)",6,M.Phil,3,"B.Ed. or equivalent",0,0,0,0,0,0,0,0,1,1,0,0,0,0,0,0,0,0,2,1,1
2019-20,33,Tamilnadu,3303,KANCHEEPURAM,330309,"ST.THOMAS MOUNT(URBAN)",3,"Local body",2,"UPS (I-VIII)",6,M.Phil,3,"B.Ed. or equivalent",0,0,0,0,0,0,0,0,0,4,0,0,0,0,0,0,0,0,4,0,4
2019-20,33,Tamilnadu,3303,KANCHEEPURAM,330301,KANCHEEPURAM,3,"Local body",5,"HSS (VI-XII)",6,M.Phil,3,"B.Ed. or equivalent",0,0,0,0,0,0,0,0,0,0,0,1,0,2,1,0,8,8,20,9,11
2019-20,33,Tamilnadu,3303,KANCHEEPURAM,330307,KATTANKOLATHUR,3,"Local body",5,"HSS (VI-XII)",6,M.Phil,3,"B.Ed. or equivalent",0,0,0,0,0,0,0,0,0,0,0,0,1,0,0,0,2,0,3,3,0
2019-20,33,Tamilnadu,3303,KANCHEEPURAM,330309,"ST.THOMAS MOUNT(URBAN)",3,"Local body",5,"HSS (VI-XII)",6,M.Phil,3,"B.Ed. or equivalent",0,0,0,0,0,0,0,0,0,0,0,5,3,2,1,3,2,6,22,6,16
2019-20,33,Tamilnadu,3303,KANCHEEPURAM,330301,KANCHEEPURAM,3,"Local body",7,"SS (VI-X)",6,M.Phil,3,"B.Ed. or equivalent",0,0,0,0,0,0,0,0,0,0,0,0,0,1,0,0,0,0,1,0,1
2019-20,33,Tamilnadu,3303,KANCHEEPURAM,330309,"ST.THOMAS MOUNT(URBAN)",3,"Local body",7,"SS (VI-X)",6,M.Phil,3,"B.Ed. or equivalent",0,0,0,0,0,0,0,0,0,1,0,2,0,1,0,0,0,0,4,0,4
2019-20,33,Tamilnadu,3303,KANCHEEPURAM,330309,"ST.THOMAS MOUNT(URBAN)",3,"Local body",1,"PS (I-V)",6,M.Phil,4,"M.Ed. or equivalent",0,0,0,0,0,1,0,0,0,0,0,0,0,0,0,0,0,0,1,0,1
2019-20,33,Tamilnadu,3303,KANCHEEPURAM,330309,"ST.THOMAS MOUNT(URBAN)",3,"Local body",2,"UPS (I-VIII)",6,M.Phil,4,"M.Ed. or equivalent",0,0,0,0,0,0,0,0,0,1,0,0,0,0,0,0,0,0,1,0,1
2019-20,33,Tamilnadu,3303,KANCHEEPURAM,330301,KANCHEEPURAM,3,"Local body",5,"HSS (VI-XII)",6,M.Phil,4,"M.Ed. or equivalent",0,0,0,0,0,0,0,0,0,0,1,0,0,0,0,0,4,2,7,5,2
2019-20,33,Tamilnadu,3303,KANCHEEPURAM,330307,KATTANKOLATHUR,3,"Local body",5,"HSS (VI-XII)",6,M.Phil,4,"M.Ed. or equivalent",0,0,0,0,0,0,0,0,0,0,0,0,0,0,0,0,1,0,1,1,0
2019-20,33,Tamilnadu,3303,KANCHEEPURAM,330309,"ST.THOMAS MOUNT(URBAN)",3,"Local body",5,"HSS (VI-XII)",6,M.Phil,4,"M.Ed. or equivalent",0,0,0,0,0,0,0,0,0,0,0,0,0,0,1,0,3,3,7,4,3
2019-20,33,Tamilnadu,3303,KANCHEEPURAM,330309,"ST.THOMAS MOUNT(URBAN)",3,"Local body",7,"SS (VI-X)",6,M.Phil,4,"M.Ed. or equivalent",0,0,0,0,0,0,0,0,0,0,0,1,1,0,0,0,0,0,2,1,1
2019-20,33,Tamilnadu,3303,KANCHEEPURAM,330301,KANCHEEPURAM,3,"Local body",2,"UPS (I-VIII)",6,M.Phil,6,None,0,0,0,0,0,0,0,0,0,1,0,0,0,0,0,0,0,0,1,0,1
2019-20,33,Tamilnadu,3303,KANCHEEPURAM,330309,"ST.THOMAS MOUNT(URBAN)",3,"Local body",2,"UPS (I-VIII)",6,M.Phil,6,None,0,0,0,0,0,0,0,0,1,0,0,0,0,0,0,0,0,0,1,1,0
2019-20,33,Tamilnadu,3303,KANCHEEPURAM,330309,"ST.THOMAS MOUNT(URBAN)",3,"Local body",7,"SS (VI-X)",6,M.Phil,6,None,0,0,0,0,0,0,0,0,0,0,0,1,0,0,0,0,0,0,1,0,1
2019-20,33,Tamilnadu,3303,KANCHEEPURAM,330309,"ST.THOMAS MOUNT(URBAN)",3,"Local body",5,"HSS (VI-XII)",7,Ph.D,3,"B.Ed. or equivalent",0,0,0,0,0,0,0,0,0,0,0,1,0,0,0,0,0,0,1,0,1
2019-20,33,Tamilnadu,3303,KANCHEEPURAM,330309,"ST.THOMAS MOUNT(URBAN)",3,"Local body",5,"HSS (VI-XII)",7,Ph.D,4,"M.Ed. or equivalent",0,0,0,0,0,0,0,0,0,0,0,0,0,0,0,0,1,0,1,1,0
2019-20,33,Tamilnadu,3303,KANCHEEPURAM,330301,KANCHEEPURAM,24,"Private Unaided (Recognized)",1,"PS (I-V)",3,"Higher secondary",5,Others,0,0,0,0,0,2,0,0,0,0,0,0,0,0,0,0,0,0,2,0,2
2019-20,33,Tamilnadu,3303,KANCHEEPURAM,330302,WALAJABAD,24,"Private Unaided (Recognized)",1,"PS (I-V)",3,"Higher secondary",5,Others,0,0,0,0,0,1,0,0,0,0,0,0,0,0,0,0,0,0,1,0,1
2019-20,33,Tamilnadu,3303,KANCHEEPURAM,330303,UTHIRAMERUR,24,"Private Unaided (Recognized)",1,"PS (I-V)",3,"Higher secondary",5,Others,0,0,0,0,0,2,0,0,0,0,0,0,0,0,0,0,0,0,2,0,2
2019-20,33,Tamilnadu,3303,KANCHEEPURAM,330305,KUNDRATHUR,24,"Private Unaided (Recognized)",1,"PS (I-V)",3,"Higher secondary",5,Others,0,4,0,0,0,12,0,0,0,0,0,0,0,0,0,0,0,0,16,0,16
2019-20,33,Tamilnadu,3303,KANCHEEPURAM,330306,THIRUPORUR,24,"Private Unaided (Recognized)",1,"PS (I-V)",3,"Higher secondary",5,Others,0,0,0,1,0,1,0,0,0,0,0,0,0,0,0,0,0,0,2,0,2
2019-20,33,Tamilnadu,3303,KANCHEEPURAM,330307,KATTANKOLATHUR,24,"Private Unaided (Recognized)",1,"PS (I-V)",3,"Higher secondary",5,Others,0,1,0,0,1,10,0,0,0,0,0,0,0,0,0,0,0,0,12,1,11
2019-20,33,Tamilnadu,3303,KANCHEEPURAM,330308,THIRUKALUKUNDRAM,24,"Private Unaided (Recognized)",1,"PS (I-V)",3,"Higher secondary",5,Others,0,1,0,0,0,1,0,0,0,0,0,0,0,0,0,0,0,0,2,0,2
2019-20,33,Tamilnadu,3303,KANCHEEPURAM,330309,"ST.THOMAS MOUNT(URBAN)",24,"Private Unaided (Recognized)",1,"PS (I-V)",3,"Higher secondary",5,Others,0,3,0,2,0,10,0,0,0,0,0,0,0,0,0,0,0,0,15,0,15
2019-20,33,Tamilnadu,3303,KANCHEEPURAM,330310,ACHARAPAKKAM,24,"Private Unaided (Recognized)",1,"PS (I-V)",3,"Higher secondary",5,Others,0,0,0,1,0,0,0,0,0,0,0,0,0,0,0,0,0,0,1,0,1
2019-20,33,Tamilnadu,3303,KANCHEEPURAM,330314,"ST.THOMAS MOUNT(RURAL)",24,"Private Unaided (Recognized)",1,"PS (I-V)",3,"Higher secondary",5,Others,0,1,0,3,1,18,0,0,0,0,0,0,0,0,0,0,0,0,23,1,22
2019-20,33,Tamilnadu,3303,KANCHEEPURAM,330308,THIRUKALUKUNDRAM,33,"Other Central Govt. Schools",6,"SS (I-X)",1,"Below Secondary",5,Others,0,0,0,0,0,0,0,0,0,0,0,1,1,0,0,0,0,0,2,1,1
2019-20,33,Tamilnadu,3303,KANCHEEPURAM,330308,THIRUKALUKUNDRAM,33,"Other Central Govt. Schools",3,"HSS (I-XII)",3,"Higher secondary",1,"Diploma or certificate in basic teachers training of a duration not less than two years",0,0,0,0,1,1,0,0,0,0,0,0,0,0,0,0,0,0,2,1,1
2019-20,33,Tamilnadu,3303,KANCHEEPURAM,330308,THIRUKALUKUNDRAM,33,"Other Central Govt. Schools",6,"SS (I-X)",3,"Higher secondary",1,"Diploma or certificate in basic teachers training of a duration not less than two years",0,0,0,0,0,2,0,0,0,0,0,0,0,0,0,0,0,0,2,0,2
2019-20,33,Tamilnadu,3303,KANCHEEPURAM,330308,THIRUKALUKUNDRAM,33,"Other Central Govt. Schools",3,"HSS (I-XII)",3,"Higher secondary",3,"B.Ed. or equivalent",0,0,0,0,0,0,0,0,0,0,0,0,1,0,0,0,0,0,1,1,0
2019-20,33,Tamilnadu,3303,KANCHEEPURAM,330308,THIRUKALUKUNDRAM,33,"Other Central Govt. Schools",3,"HSS (I-XII)",4,Graduate,1,"Diploma or certificate in basic teachers training of a duration not less than two years",0,0,0,0,1,0,1,0,0,0,0,0,0,0,0,0,0,0,2,2,0
2019-20,33,Tamilnadu,3303,KANCHEEPURAM,330308,THIRUKALUKUNDRAM,33,"Other Central Govt. Schools",6,"SS (I-X)",4,Graduate,1,"Diploma or certificate in basic teachers training of a duration not less than two years",0,0,0,0,1,0,0,0,0,0,0,0,0,0,0,0,0,0,1,1,0
2019-20,33,Tamilnadu,3303,KANCHEEPURAM,330308,THIRUKALUKUNDRAM,33,"Other Central Govt. Schools",3,"HSS (I-XII)",4,Graduate,3,"B.Ed. or equivalent",0,0,0,0,1,4,0,0,0,0,0,0,1,2,0,0,0,0,8,2,6
2019-20,33,Tamilnadu,3303,KANCHEEPURAM,330308,THIRUKALUKUNDRAM,33,"Other Central Govt. Schools",6,"SS (I-X)",4,Graduate,3,"B.Ed. or equivalent",0,0,0,0,2,7,0,0,0,0,1,1,0,4,0,0,0,0,15,3,12
2019-20,33,Tamilnadu,3303,KANCHEEPURAM,330308,THIRUKALUKUNDRAM,33,"Other Central Govt. Schools",3,"HSS (I-XII)",4,Graduate,5,Others,0,0,0,0,1,1,0,0,0,0,1,0,0,0,0,0,0,0,3,2,1
2019-20,33,Tamilnadu,3303,KANCHEEPURAM,330308,THIRUKALUKUNDRAM,33,"Other Central Govt. Schools",6,"SS (I-X)",4,Graduate,5,Others,0,0,0,0,0,2,1,1,0,0,0,0,1,0,0,0,0,0,5,2,3
2019-20,33,Tamilnadu,3303,KANCHEEPURAM,330308,THIRUKALUKUNDRAM,33,"Other Central Govt. Schools",6,"SS (I-X)",4,Graduate,6,None,0,0,0,0,0,0,0,0,0,0,0,0,0,1,0,0,0,0,1,0,1
2019-20,33,Tamilnadu,3303,KANCHEEPURAM,330308,THIRUKALUKUNDRAM,33,"Other Central Govt. Schools",3,"HSS (I-XII)",5,"Post graduate",1,"Diploma or certificate in basic teachers training of a duration not less than two years",0,0,0,0,0,1,0,0,0,0,0,0,0,0,0,0,0,0,1,0,1
2019-20,33,Tamilnadu,3303,KANCHEEPURAM,330308,THIRUKALUKUNDRAM,33,"Other Central Govt. Schools",3,"HSS (I-XII)",5,"Post graduate",3,"B.Ed. or equivalent",0,0,0,0,1,3,0,2,0,0,0,0,4,1,2,1,0,1,15,7,8
2019-20,33,Tamilnadu,3303,KANCHEEPURAM,330308,THIRUKALUKUNDRAM,33,"Other Central Govt. Schools",6,"SS (I-X)",5,"Post graduate",3,"B.Ed. or equivalent",0,0,0,0,2,7,0,2,0,0,4,1,4,3,0,0,0,0,23,10,13
2019-20,33,Tamilnadu,3303,KANCHEEPURAM,330308,THIRUKALUKUNDRAM,33,"Other Central Govt. Schools",11,"HSS (XI-XII)",5,"Post graduate",3,"B.Ed. or equivalent",0,0,0,0,0,0,0,0,0,0,0,0,0,0,0,0,3,2,5,3,2
2019-20,33,Tamilnadu,3303,KANCHEEPURAM,330308,THIRUKALUKUNDRAM,33,"Other Central Govt. Schools",3,"HSS (I-XII)",5,"Post graduate",4,"M.Ed. or equivalent",0,0,0,0,0,1,1,0,0,0,0,0,1,0,1,0,0,0,4,3,1
2019-20,33,Tamilnadu,3303,KANCHEEPURAM,330308,THIRUKALUKUNDRAM,33,"Other Central Govt. Schools",6,"SS (I-X)",5,"Post graduate",4,"M.Ed. or equivalent",0,0,0,0,0,0,0,0,0,0,1,0,1,0,0,0,0,0,2,2,0
2019-20,33,Tamilnadu,3303,KANCHEEPURAM,330308,THIRUKALUKUNDRAM,33,"Other Central Govt. Schools",11,"HSS (XI-XII)",5,"Post graduate",4,"M.Ed. or equivalent",0,0,0,0,0,0,0,0,0,0,0,0,0,0,0,0,0,1,1,0,1
2019-20,33,Tamilnadu,3303,KANCHEEPURAM,330308,THIRUKALUKUNDRAM,33,"Other Central Govt. Schools",3,"HSS (I-XII)",5,"Post graduate",5,Others,0,0,0,0,0,0,0,0,0,0,0,0,0,0,0,1,0,0,1,0,1
2019-20,33,Tamilnadu,3303,KANCHEEPURAM,330308,THIRUKALUKUNDRAM,33,"Other Central Govt. Schools",6,"SS (I-X)",5,"Post graduate",5,Others,0,0,0,0,0,0,0,0,0,0,0,0,1,0,0,0,0,0,1,1,0
2019-20,33,Tamilnadu,3303,KANCHEEPURAM,330308,THIRUKALUKUNDRAM,33,"Other Central Govt. Schools",3,"HSS (I-XII)",5,"Post graduate",6,None,0,0,0,0,0,0,0,0,0,0,1,0,0,0,0,0,0,0,1,1,0
2019-20,33,Tamilnadu,3303,KANCHEEPURAM,330308,THIRUKALUKUNDRAM,33,"Other Central Govt. Schools",6,"SS (I-X)",6,M.Phil,3,"B.Ed. or equivalent",0,0,0,0,0,0,0,0,0,0,0,0,1,0,0,0,0,0,1,1,0
2019-20,33,Tamilnadu,3303,KANCHEEPURAM,330308,THIRUKALUKUNDRAM,33,"Other Central Govt. Schools",11,"HSS (XI-XII)",6,M.Phil,3,"B.Ed. or equivalent",0,0,0,0,0,0,0,0,0,0,0,0,0,0,0,0,3,1,4,3,1
2019-20,33,Tamilnadu,3303,KANCHEEPURAM,330308,THIRUKALUKUNDRAM,33,"Other Central Govt. Schools",11,"HSS (XI-XII)",6,M.Phil,4,"M.Ed. or equivalent",0,0,0,0,0,0,0,0,0,0,0,0,0,0,0,0,1,0,1,1,0
2019-20,33,Tamilnadu,3303,KANCHEEPURAM,330308,THIRUKALUKUNDRAM,33,"Other Central Govt. Schools",3,"HSS (I-XII)",6,M.Phil,6,None,0,0,0,0,0,1,0,0,0,0,0,0,0,1,0,0,0,0,2,0,2
2019-20,33,Tamilnadu,3303,KANCHEEPURAM,330308,THIRUKALUKUNDRAM,33,"Other Central Govt. Schools",6,"SS (I-X)",6,M.Phil,6,None,0,0,0,0,0,0,0,0,0,0,1,0,0,0,0,0,0,0,1,1,0
2019-20,33,Tamilnadu,3303,KANCHEEPURAM,330308,THIRUKALUKUNDRAM,33,"Other Central Govt. Schools",6,"SS (I-X)",7,Ph.D,3,"B.Ed. or equivalent",0,0,0,0,0,0,0,0,0,0,0,0,3,0,0,0,0,0,3,3,0
2019-20,33,Tamilnadu,3303,KANCHEEPURAM,330308,THIRUKALUKUNDRAM,33,"Other Central Govt. Schools",6,"SS (I-X)",7,Ph.D,6,None,0,0,0,0,0,0,0,0,0,0,0,1,0,0,0,0,0,0,1,0,1
2019-20,33,Tamilnadu,3303,KANCHEEPURAM,330301,KANCHEEPURAM,24,"Private Unaided (Recognized)",1,"PS (I-V)",3,"Higher secondary",6,None,0,1,0,1,0,2,0,0,0,0,0,0,0,0,0,0,0,0,4,0,4
2019-20,33,Tamilnadu,3303,KANCHEEPURAM,330303,UTHIRAMERUR,24,"Private Unaided (Recognized)",1,"PS (I-V)",3,"Higher secondary",6,None,0,0,0,0,0,1,0,0,0,0,0,0,0,0,0,0,0,0,1,0,1
2019-20,33,Tamilnadu,3303,KANCHEEPURAM,330305,KUNDRATHUR,24,"Private Unaided (Recognized)",1,"PS (I-V)",3,"Higher secondary",6,None,0,3,0,1,1,8,0,0,0,0,0,0,0,0,0,0,0,0,13,1,12
2019-20,33,Tamilnadu,3303,KANCHEEPURAM,330307,KATTANKOLATHUR,24,"Private Unaided (Recognized)",1,"PS (I-V)",3,"Higher secondary",6,None,0,1,0,0,0,5,0,0,0,0,0,0,0,0,0,0,0,0,6,0,6
2019-20,33,Tamilnadu,3303,KANCHEEPURAM,330308,THIRUKALUKUNDRAM,24,"Private Unaided (Recognized)",1,"PS (I-V)",3,"Higher secondary",6,None,0,0,0,0,0,1,0,0,0,0,0,0,0,0,0,0,0,0,1,0,1
2019-20,33,Tamilnadu,3303,KANCHEEPURAM,330304,SRIPERUMBUDUR,24,"Private Unaided (Recognized)",2,"UPS (I-VIII)",3,"Higher secondary",5,Others,0,0,0,0,0,2,0,0,0,1,0,0,0,0,0,0,0,0,3,0,3
2019-20,33,Tamilnadu,3303,KANCHEEPURAM,330305,KUNDRATHUR,24,"Private Unaided (Recognized)",2,"UPS (I-VIII)",3,"Higher secondary",5,Others,0,0,0,0,0,1,0,0,0,0,0,0,0,0,0,0,0,0,1,0,1
2019-20,33,Tamilnadu,3303,KANCHEEPURAM,330310,ACHARAPAKKAM,24,"Private Unaided (Recognized)",2,"UPS (I-VIII)",3,"Higher secondary",5,Others,0,0,0,1,0,0,0,0,0,0,0,0,0,0,0,0,0,0,1,0,1
2019-20,33,Tamilnadu,3303,KANCHEEPURAM,330304,SRIPERUMBUDUR,24,"Private Unaided (Recognized)",2,"UPS (I-VIII)",4,Graduate,5,Others,0,0,0,0,0,5,0,1,0,0,0,0,0,0,0,0,0,0,6,0,6
2019-20,33,Tamilnadu,3303,KANCHEEPURAM,330305,KUNDRATHUR,24,"Private Unaided (Recognized)",2,"UPS (I-VIII)",4,Graduate,5,Others,0,0,0,0,0,3,0,1,0,0,0,0,0,0,0,0,0,0,4,0,4
2019-20,33,Tamilnadu,3303,KANCHEEPURAM,330310,ACHARAPAKKAM,24,"Private Unaided (Recognized)",2,"UPS (I-VIII)",4,Graduate,5,Others,0,0,0,0,0,3,0,0,0,0,0,0,0,0,0,0,0,0,3,0,3
2019-20,33,Tamilnadu,3303,KANCHEEPURAM,330314,"ST.THOMAS MOUNT(RURAL)",24,"Private Unaided (Recognized)",2,"UPS (I-VIII)",4,Graduate,5,Others,0,0,0,0,0,1,0,0,0,0,0,0,0,0,0,0,0,0,1,0,1
2019-20,33,Tamilnadu,3303,KANCHEEPURAM,330314,"ST.THOMAS MOUNT(RURAL)",24,"Private Unaided (Recognized)",6,"SS (I-X)",3,"Higher secondary",5,Others,0,0,0,0,0,3,0,0,0,0,0,0,0,0,0,0,0,0,3,0,3
2019-20,33,Tamilnadu,3303,KANCHEEPURAM,330309,"ST.THOMAS MOUNT(URBAN)",24,"Private Unaided (Recognized)",1,"PS (I-V)",3,"Higher secondary",6,None,0,1,0,0,0,7,0,0,0,0,0,0,0,0,0,0,0,0,8,0,8
2019-20,33,Tamilnadu,3303,KANCHEEPURAM,330311,MADURANTAGAM,24,"Private Unaided (Recognized)",1,"PS (I-V)",3,"Higher secondary",6,None,0,0,0,0,0,1,0,0,0,0,0,0,0,0,0,0,0,0,1,0,1
2019-20,33,Tamilnadu,3303,KANCHEEPURAM,330313,CHITHAMUR,24,"Private Unaided (Recognized)",1,"PS (I-V)",3,"Higher secondary",6,None,0,0,0,2,0,1,0,0,0,0,0,0,0,0,0,0,0,0,3,0,3
2019-20,33,Tamilnadu,3303,KANCHEEPURAM,330314,"ST.THOMAS MOUNT(RURAL)",24,"Private Unaided (Recognized)",1,"PS (I-V)",3,"Higher secondary",6,None,0,2,0,2,0,13,0,0,0,0,0,0,0,0,0,0,0,0,17,0,17
2019-20,33,Tamilnadu,3303,KANCHEEPURAM,330312,LATHUR,22,"Private Unaided (Recognized)",5,"HSS (VI-XII)",1,"Below Secondary",3,"B.Ed. or equivalent",0,0,0,0,0,0,0,0,0,0,0,0,0,0,0,0,1,0,1,1,0
2019-20,33,Tamilnadu,3303,KANCHEEPURAM,330314,"ST.THOMAS MOUNT(RURAL)",22,"Private Unaided (Recognized)",6,"SS (I-X)",1,"Below Secondary",3,"B.Ed. or equivalent",0,0,0,0,0,0,0,0,0,0,0,0,1,0,0,0,0,0,1,1,0
2019-20,33,Tamilnadu,3303,KANCHEEPURAM,330303,UTHIRAMERUR,22,"Private Unaided (Recognized)",1,"PS (I-V)",3,"Higher secondary",1,"Diploma or certificate in basic teachers training of a duration not less than two years",0,0,0,0,0,1,0,0,0,0,0,0,0,0,0,0,0,0,1,0,1
2019-20,33,Tamilnadu,3303,KANCHEEPURAM,330309,"ST.THOMAS MOUNT(URBAN)",22,"Private Unaided (Recognized)",3,"HSS (I-XII)",3,"Higher secondary",1,"Diploma or certificate in basic teachers training of a duration not less than two years",0,0,0,0,0,11,0,6,0,0,0,1,0,0,0,0,0,0,18,0,18
2019-20,33,Tamilnadu,3303,KANCHEEPURAM,330310,ACHARAPAKKAM,22,"Private Unaided (Recognized)",5,"HSS (VI-XII)",3,"Higher secondary",1,"Diploma or certificate in basic teachers training of a duration not less than two years",0,0,0,0,0,0,0,0,0,0,0,0,0,1,0,0,0,0,1,0,1
2019-20,33,Tamilnadu,3303,KANCHEEPURAM,330307,KATTANKOLATHUR,22,"Private Unaided (Recognized)",6,"SS (I-X)",3,"Higher secondary",1,"Diploma or certificate in basic teachers training of a duration not less than two years",0,0,0,0,0,0,0,0,0,0,0,0,1,2,0,0,0,0,3,1,2
2019-20,33,Tamilnadu,3303,KANCHEEPURAM,330306,THIRUPORUR,22,"Private Unaided (Recognized)",7,"SS (VI-X)",3,"Higher secondary",1,"Diploma or certificate in basic teachers training of a duration not less than two years",0,0,0,0,0,0,0,0,1,2,0,0,0,0,0,0,0,0,3,1,2
2019-20,33,Tamilnadu,3303,KANCHEEPURAM,330307,KATTANKOLATHUR,22,"Private Unaided (Recognized)",7,"SS (VI-X)",3,"Higher secondary",1,"Diploma or certificate in basic teachers training of a duration not less than two years",0,0,0,0,0,0,0,0,0,0,0,2,0,0,0,0,0,0,2,0,2
2019-20,33,Tamilnadu,3303,KANCHEEPURAM,330312,LATHUR,22,"Private Unaided (Recognized)",7,"SS (VI-X)",3,"Higher secondary",1,"Diploma or certificate in basic teachers training of a duration not less than two years",0,0,0,0,0,0,0,0,0,1,1,0,0,0,0,0,0,0,2,1,1
2019-20,33,Tamilnadu,3303,KANCHEEPURAM,330313,CHITHAMUR,22,"Private Unaided (Recognized)",1,"PS (I-V)",3,"Higher secondary",3,"B.Ed. or equivalent",0,0,0,0,0,1,0,0,0,0,0,0,0,0,0,0,0,0,1,0,1
2019-20,33,Tamilnadu,3303,KANCHEEPURAM,330306,THIRUPORUR,22,"Private Unaided (Recognized)",7,"SS (VI-X)",3,"Higher secondary",5,Others,0,0,0,0,0,0,0,0,1,0,0,0,0,0,0,0,0,0,1,1,0
2019-20,33,Tamilnadu,3303,KANCHEEPURAM,330310,ACHARAPAKKAM,22,"Private Unaided (Recognized)",5,"HSS (VI-XII)",4,Graduate,1,"Diploma or certificate in basic teachers training of a duration not less than two years",0,0,0,0,0,0,0,0,0,0,0,0,0,1,0,0,0,0,1,0,1
2019-20,33,Tamilnadu,3303,KANCHEEPURAM,330312,LATHUR,22,"Private Unaided (Recognized)",5,"HSS (VI-XII)",4,Graduate,1,"Diploma or certificate in basic teachers training of a duration not less than two years",0,0,0,0,0,0,0,0,0,0,0,1,0,0,0,0,0,0,1,0,1
2019-20,33,Tamilnadu,3303,KANCHEEPURAM,330307,KATTANKOLATHUR,22,"Private Unaided (Recognized)",6,"SS (I-X)",4,Graduate,1,"Diploma or certificate in basic teachers training of a duration not less than two years",0,0,0,0,0,1,0,0,0,0,0,0,1,0,0,0,0,0,2,1,1
2019-20,33,Tamilnadu,3303,KANCHEEPURAM,330301,KANCHEEPURAM,22,"Private Unaided (Recognized)",2,"UPS (I-VIII)",4,Graduate,3,"B.Ed. or equivalent",0,0,0,0,0,0,0,0,0,1,0,0,0,0,0,0,0,0,1,0,1
2019-20,33,Tamilnadu,3303,KANCHEEPURAM,330309,"ST.THOMAS MOUNT(URBAN)",22,"Private Unaided (Recognized)",3,"HSS (I-XII)",4,Graduate,3,"B.Ed. or equivalent",0,0,0,0,0,1,0,2,0,0,0,6,0,1,0,1,0,0,11,0,11
2019-20,33,Tamilnadu,3303,KANCHEEPURAM,330303,UTHIRAMERUR,22,"Private Unaided (Recognized)",5,"HSS (VI-XII)",4,Graduate,3,"B.Ed. or equivalent",0,0,0,0,0,0,0,0,0,0,1,6,0,0,0,0,0,0,7,1,6
2019-20,33,Tamilnadu,3303,KANCHEEPURAM,330306,THIRUPORUR,22,"Private Unaided (Recognized)",5,"HSS (VI-XII)",4,Graduate,3,"B.Ed. or equivalent",0,0,0,0,0,0,0,0,0,1,1,6,0,0,0,0,0,0,8,1,7
2019-20,33,Tamilnadu,3303,KANCHEEPURAM,330310,ACHARAPAKKAM,22,"Private Unaided (Recognized)",5,"HSS (VI-XII)",4,Graduate,3,"B.Ed. or equivalent",0,0,0,0,0,0,0,0,0,2,5,3,0,1,1,1,2,0,15,8,7
2019-20,33,Tamilnadu,3303,KANCHEEPURAM,330312,LATHUR,22,"Private Unaided (Recognized)",5,"HSS (VI-XII)",4,Graduate,3,"B.Ed. or equivalent",0,0,0,0,0,0,0,0,0,0,0,4,1,2,3,0,0,0,10,4,6
2019-20,33,Tamilnadu,3303,KANCHEEPURAM,330307,KATTANKOLATHUR,22,"Private Unaided (Recognized)",6,"SS (I-X)",4,Graduate,3,"B.Ed. or equivalent",0,0,0,0,0,1,0,0,0,0,0,0,0,5,0,0,0,0,6,0,6
2019-20,33,Tamilnadu,3303,KANCHEEPURAM,330314,"ST.THOMAS MOUNT(RURAL)",22,"Private Unaided (Recognized)",6,"SS (I-X)",4,Graduate,3,"B.Ed. or equivalent",0,0,0,0,0,0,0,0,0,0,0,1,1,0,0,0,0,0,2,1,1
2019-20,33,Tamilnadu,3303,KANCHEEPURAM,330303,UTHIRAMERUR,22,"Private Unaided (Recognized)",7,"SS (VI-X)",4,Graduate,3,"B.Ed. or equivalent",0,0,0,0,0,0,0,0,0,0,2,0,1,0,0,0,0,0,3,3,0
2019-20,33,Tamilnadu,3303,KANCHEEPURAM,330306,THIRUPORUR,22,"Private Unaided (Recognized)",7,"SS (VI-X)",4,Graduate,3,"B.Ed. or equivalent",0,0,0,0,0,0,0,0,0,0,1,2,0,6,0,0,0,0,9,1,8
2019-20,33,Tamilnadu,3303,KANCHEEPURAM,330307,KATTANKOLATHUR,22,"Private Unaided (Recognized)",7,"SS (VI-X)",4,Graduate,3,"B.Ed. or equivalent",0,0,0,0,0,0,0,0,0,0,0,4,0,0,0,0,0,0,4,0,4
2019-20,33,Tamilnadu,3303,KANCHEEPURAM,330308,THIRUKALUKUNDRAM,22,"Private Unaided (Recognized)",7,"SS (VI-X)",4,Graduate,3,"B.Ed. or equivalent",0,0,0,0,0,0,0,0,0,0,0,0,0,3,0,0,0,0,3,0,3
2019-20,33,Tamilnadu,3303,KANCHEEPURAM,330312,LATHUR,22,"Private Unaided (Recognized)",7,"SS (VI-X)",4,Graduate,3,"B.Ed. or equivalent",0,0,0,0,0,0,0,0,0,0,0,2,0,0,0,0,0,0,2,0,2
2019-20,33,Tamilnadu,3303,KANCHEEPURAM,330313,CHITHAMUR,22,"Private Unaided (Recognized)",7,"SS (VI-X)",4,Graduate,3,"B.Ed. or equivalent",0,0,0,0,0,0,0,0,0,1,2,2,2,1,0,0,0,0,8,4,4
2019-20,33,Tamilnadu,3303,KANCHEEPURAM,330306,THIRUPORUR,22,"Private Unaided (Recognized)",5,"HSS (VI-XII)",4,Graduate,4,"M.Ed. or equivalent",0,0,0,0,0,0,0,0,0,0,0,1,0,0,0,0,0,0,1,0,1
2019-20,33,Tamilnadu,3303,KANCHEEPURAM,330310,ACHARAPAKKAM,22,"Private Unaided (Recognized)",5,"HSS (VI-XII)",4,Graduate,4,"M.Ed. or equivalent",0,0,0,0,0,0,0,0,0,0,0,0,0,1,0,0,0,0,1,0,1
2019-20,33,Tamilnadu,3303,KANCHEEPURAM,330307,KATTANKOLATHUR,22,"Private Unaided (Recognized)",6,"SS (I-X)",4,Graduate,5,Others,0,0,0,0,0,1,0,0,0,0,0,0,0,1,0,0,0,0,2,0,2
2019-20,33,Tamilnadu,3303,KANCHEEPURAM,330307,KATTANKOLATHUR,22,"Private Unaided (Recognized)",7,"SS (VI-X)",4,Graduate,5,Others,0,0,0,0,0,0,0,0,0,0,0,1,0,0,0,0,0,0,1,0,1
2019-20,33,Tamilnadu,3303,KANCHEEPURAM,330308,THIRUKALUKUNDRAM,22,"Private Unaided (Recognized)",7,"SS (VI-X)",4,Graduate,5,Others,0,0,0,0,0,0,0,0,0,0,0,0,0,1,0,0,0,0,1,0,1
2019-20,33,Tamilnadu,3303,KANCHEEPURAM,330309,"ST.THOMAS MOUNT(URBAN)",22,"Private Unaided (Recognized)",11,"HSS (XI-XII)",4,Graduate,5,Others,0,0,0,0,0,0,0,0,0,0,0,0,0,0,0,0,0,1,1,0,1
2019-20,33,Tamilnadu,3303,KANCHEEPURAM,330309,"ST.THOMAS MOUNT(URBAN)",22,"Private Unaided (Recognized)",3,"HSS (I-XII)",4,Graduate,6,None,0,0,0,0,0,0,0,0,0,0,0,0,0,0,0,1,0,0,1,0,1
2019-20,33,Tamilnadu,3303,KANCHEEPURAM,330303,UTHIRAMERUR,22,"Private Unaided (Recognized)",5,"HSS (VI-XII)",4,Graduate,6,None,0,0,0,0,0,0,0,0,0,0,1,0,0,0,0,0,0,0,1,1,0
2019-20,33,Tamilnadu,3303,KANCHEEPURAM,330314,"ST.THOMAS MOUNT(RURAL)",22,"Private Unaided (Recognized)",6,"SS (I-X)",4,Graduate,6,None,0,0,0,0,0,1,0,0,0,0,1,2,0,2,0,0,0,0,6,1,5
2019-20,33,Tamilnadu,3303,KANCHEEPURAM,330303,UTHIRAMERUR,22,"Private Unaided (Recognized)",7,"SS (VI-X)",4,Graduate,6,None,0,0,0,0,0,0,0,0,0,0,0,1,0,0,0,0,0,0,1,0,1
2019-20,33,Tamilnadu,3303,KANCHEEPURAM,330313,CHITHAMUR,22,"Private Unaided (Recognized)",1,"PS (I-V)",5,"Post graduate",1,"Diploma or certificate in basic teachers training of a duration not less than two years",0,0,0,0,0,1,0,0,0,0,0,0,0,0,0,0,0,0,1,0,1
2019-20,33,Tamilnadu,3303,KANCHEEPURAM,330306,THIRUPORUR,22,"Private Unaided (Recognized)",5,"HSS (VI-XII)",5,"Post graduate",1,"Diploma or certificate in basic teachers training of a duration not less than two years",0,0,0,0,0,0,0,0,0,0,0,1,0,0,0,0,0,0,1,0,1
2019-20,33,Tamilnadu,3303,KANCHEEPURAM,330308,THIRUKALUKUNDRAM,22,"Private Unaided (Recognized)",7,"SS (VI-X)",5,"Post graduate",1,"Diploma or certificate in basic teachers training of a duration not less than two years",0,0,0,0,0,0,0,0,0,0,0,0,0,1,0,0,0,0,1,0,1
2019-20,33,Tamilnadu,3303,KANCHEEPURAM,330313,CHITHAMUR,22,"Private Unaided (Recognized)",1,"PS (I-V)",5,"Post graduate",3,"B.Ed. or equivalent",0,0,0,0,0,2,0,0,0,0,0,0,0,0,0,0,0,0,2,0,2
2019-20,33,Tamilnadu,3303,KANCHEEPURAM,330301,KANCHEEPURAM,22,"Private Unaided (Recognized)",2,"UPS (I-VIII)",5,"Post graduate",3,"B.Ed. or equivalent",0,0,0,0,0,0,0,0,1,1,0,0,0,0,0,0,0,0,2,1,1
2019-20,33,Tamilnadu,3303,KANCHEEPURAM,330309,"ST.THOMAS MOUNT(URBAN)",22,"Private Unaided (Recognized)",3,"HSS (I-XII)",5,"Post graduate",3,"B.Ed. or equivalent",0,0,0,0,0,0,0,0,0,0,0,0,0,0,0,3,0,1,4,0,4
2019-20,33,Tamilnadu,3303,KANCHEEPURAM,330303,UTHIRAMERUR,22,"Private Unaided (Recognized)",5,"HSS (VI-XII)",5,"Post graduate",3,"B.Ed. or equivalent",0,0,0,0,0,0,0,0,0,0,5,3,0,0,4,1,2,0,15,11,4
2019-20,33,Tamilnadu,3303,KANCHEEPURAM,330306,THIRUPORUR,22,"Private Unaided (Recognized)",5,"HSS (VI-XII)",5,"Post graduate",3,"B.Ed. or equivalent",0,0,0,0,0,0,0,0,0,0,5,12,0,3,0,2,1,3,26,6,20
2019-20,33,Tamilnadu,3303,KANCHEEPURAM,330310,ACHARAPAKKAM,22,"Private Unaided (Recognized)",5,"HSS (VI-XII)",5,"Post graduate",3,"B.Ed. or equivalent",0,0,0,0,0,0,0,0,0,0,0,1,0,0,0,1,1,7,10,1,9
2019-20,33,Tamilnadu,3303,KANCHEEPURAM,330312,LATHUR,22,"Private Unaided (Recognized)",5,"HSS (VI-XII)",5,"Post graduate",3,"B.Ed. or equivalent",0,0,0,0,0,0,0,0,0,0,0,0,1,1,0,0,5,3,10,6,4
2019-20,33,Tamilnadu,3303,KANCHEEPURAM,330307,KATTANKOLATHUR,22,"Private Unaided (Recognized)",6,"SS (I-X)",5,"Post graduate",3,"B.Ed. or equivalent",0,0,0,0,0,0,0,0,1,0,0,0,0,5,0,0,0,0,6,1,5
2019-20,33,Tamilnadu,3303,KANCHEEPURAM,330314,"ST.THOMAS MOUNT(RURAL)",22,"Private Unaided (Recognized)",6,"SS (I-X)",5,"Post graduate",3,"B.Ed. or equivalent",0,0,0,0,0,0,0,0,0,0,0,0,1,3,0,0,0,0,4,1,3
2019-20,33,Tamilnadu,3303,KANCHEEPURAM,330303,UTHIRAMERUR,22,"Private Unaided (Recognized)",7,"SS (VI-X)",5,"Post graduate",3,"B.Ed. or equivalent",0,0,0,0,0,0,0,0,0,0,2,1,2,1,0,0,0,0,6,4,2
2019-20,33,Tamilnadu,3303,KANCHEEPURAM,330306,THIRUPORUR,22,"Private Unaided (Recognized)",7,"SS (VI-X)",5,"Post graduate",3,"B.Ed. or equivalent",0,0,0,0,0,0,0,0,0,0,0,1,0,0,0,0,0,0,1,0,1
2019-20,33,Tamilnadu,3303,KANCHEEPURAM,330308,THIRUKALUKUNDRAM,22,"Private Unaided (Recognized)",7,"SS (VI-X)",5,"Post graduate",3,"B.Ed. or equivalent",0,0,0,0,0,0,0,0,0,0,0,0,1,4,0,0,0,0,5,1,4
2019-20,33,Tamilnadu,3303,KANCHEEPURAM,330312,LATHUR,22,"Private Unaided (Recognized)",7,"SS (VI-X)",5,"Post graduate",3,"B.Ed. or equivalent",0,0,0,0,0,0,0,0,0,0,0,3,0,0,0,0,0,0,3,0,3
2019-20,33,Tamilnadu,3303,KANCHEEPURAM,330313,CHITHAMUR,22,"Private Unaided (Recognized)",7,"SS (VI-X)",5,"Post graduate",3,"B.Ed. or equivalent",0,0,0,0,0,0,0,0,0,0,0,1,2,2,0,0,0,0,5,2,3
2019-20,33,Tamilnadu,3303,KANCHEEPURAM,330309,"ST.THOMAS MOUNT(URBAN)",22,"Private Unaided (Recognized)",11,"HSS (XI-XII)",5,"Post graduate",3,"B.Ed. or equivalent",0,0,0,0,0,0,0,0,0,0,0,0,0,0,0,0,0,8,8,0,8
2019-20,33,Tamilnadu,3303,KANCHEEPURAM,330309,"ST.THOMAS MOUNT(URBAN)",22,"Private Unaided (Recognized)",3,"HSS (I-XII)",5,"Post graduate",4,"M.Ed. or equivalent",0,0,0,0,0,0,0,0,0,0,0,0,0,0,0,0,0,3,3,0,3
2019-20,33,Tamilnadu,3303,KANCHEEPURAM,330306,THIRUPORUR,22,"Private Unaided (Recognized)",5,"HSS (VI-XII)",5,"Post graduate",4,"M.Ed. or equivalent",0,0,0,0,0,0,0,0,0,0,0,1,0,0,0,0,0,0,1,0,1
2019-20,33,Tamilnadu,3303,KANCHEEPURAM,330310,ACHARAPAKKAM,22,"Private Unaided (Recognized)",5,"HSS (VI-XII)",5,"Post graduate",4,"M.Ed. or equivalent",0,0,0,0,0,0,0,0,0,0,0,0,0,0,1,0,2,1,4,3,1
2019-20,33,Tamilnadu,3303,KANCHEEPURAM,330312,LATHUR,22,"Private Unaided (Recognized)",5,"HSS (VI-XII)",5,"Post graduate",4,"M.Ed. or equivalent",0,0,0,0,0,0,0,0,0,0,1,0,0,0,0,0,0,0,1,1,0
2019-20,33,Tamilnadu,3303,KANCHEEPURAM,330314,"ST.THOMAS MOUNT(RURAL)",22,"Private Unaided (Recognized)",6,"SS (I-X)",5,"Post graduate",4,"M.Ed. or equivalent",0,0,0,0,0,0,0,0,0,0,0,1,0,0,0,0,0,0,1,0,1
2019-20,33,Tamilnadu,3303,KANCHEEPURAM,330306,THIRUPORUR,22,"Private Unaided (Recognized)",7,"SS (VI-X)",5,"Post graduate",4,"M.Ed. or equivalent",0,0,0,0,0,0,0,0,0,0,0,1,0,0,0,0,0,0,1,0,1
2019-20,33,Tamilnadu,3303,KANCHEEPURAM,330308,THIRUKALUKUNDRAM,22,"Private Unaided (Recognized)",7,"SS (VI-X)",5,"Post graduate",4,"M.Ed. or equivalent",0,0,0,0,0,0,0,0,0,0,0,0,0,2,0,0,0,0,2,0,2
2019-20,33,Tamilnadu,3303,KANCHEEPURAM,330306,THIRUPORUR,22,"Private Unaided (Recognized)",5,"HSS (VI-XII)",5,"Post graduate",5,Others,0,0,0,0,0,0,0,0,0,0,0,0,0,0,0,0,0,1,1,0,1
2019-20,33,Tamilnadu,3303,KANCHEEPURAM,330312,LATHUR,22,"Private Unaided (Recognized)",5,"HSS (VI-XII)",5,"Post graduate",5,Others,0,0,0,0,0,0,0,0,0,0,0,0,0,0,0,0,0,1,1,0,1
2019-20,33,Tamilnadu,3303,KANCHEEPURAM,330307,KATTANKOLATHUR,22,"Private Unaided (Recognized)",6,"SS (I-X)",5,"Post graduate",5,Others,0,0,0,0,0,0,0,0,0,0,0,0,0,1,0,0,0,0,1,0,1
2019-20,33,Tamilnadu,3303,KANCHEEPURAM,330307,KATTANKOLATHUR,22,"Private Unaided (Recognized)",7,"SS (VI-X)",5,"Post graduate",5,Others,0,0,0,0,0,0,0,0,0,0,0,1,0,0,0,0,0,0,1,0,1
2019-20,33,Tamilnadu,3303,KANCHEEPURAM,330309,"ST.THOMAS MOUNT(URBAN)",22,"Private Unaided (Recognized)",11,"HSS (XI-XII)",5,"Post graduate",5,Others,0,0,0,0,0,0,0,0,0,0,0,0,0,0,0,0,0,1,1,0,1
2019-20,33,Tamilnadu,3303,KANCHEEPURAM,330306,THIRUPORUR,22,"Private Unaided (Recognized)",5,"HSS (VI-XII)",5,"Post graduate",6,None,0,0,0,0,0,0,0,0,0,0,0,1,0,0,0,0,0,0,1,0,1
2019-20,33,Tamilnadu,3303,KANCHEEPURAM,330314,"ST.THOMAS MOUNT(RURAL)",22,"Private Unaided (Recognized)",6,"SS (I-X)",5,"Post graduate",6,None,0,0,0,0,0,1,0,0,0,0,0,0,0,0,0,0,0,0,1,0,1
2019-20,33,Tamilnadu,3303,KANCHEEPURAM,330306,THIRUPORUR,22,"Private Unaided (Recognized)",5,"HSS (VI-XII)",6,M.Phil,3,"B.Ed. or equivalent",0,0,0,0,0,0,0,0,0,0,0,0,0,0,1,0,0,0,1,1,0
2019-20,33,Tamilnadu,3303,KANCHEEPURAM,330310,ACHARAPAKKAM,22,"Private Unaided (Recognized)",5,"HSS (VI-XII)",6,M.Phil,3,"B.Ed. or equivalent",0,0,0,0,0,0,0,0,0,0,0,0,0,0,0,0,2,0,2,2,0
2019-20,33,Tamilnadu,3303,KANCHEEPURAM,330303,UTHIRAMERUR,22,"Private Unaided (Recognized)",7,"SS (VI-X)",6,M.Phil,3,"B.Ed. or equivalent",0,0,0,0,0,0,0,0,0,0,1,0,0,0,0,0,0,0,1,1,0
2019-20,33,Tamilnadu,3303,KANCHEEPURAM,330309,"ST.THOMAS MOUNT(URBAN)",22,"Private Unaided (Recognized)",11,"HSS (XI-XII)",6,M.Phil,3,"B.Ed. or equivalent",0,0,0,0,0,0,0,0,0,0,0,0,0,0,0,0,0,1,1,0,1
2019-20,33,Tamilnadu,3303,KANCHEEPURAM,330307,KATTANKOLATHUR,22,"Private Unaided (Recognized)",6,"SS (I-X)",6,M.Phil,4,"M.Ed. or equivalent",0,0,0,0,0,0,0,0,1,0,0,0,0,0,0,0,0,0,1,1,0
2019-20,33,Tamilnadu,3303,KANCHEEPURAM,330314,"ST.THOMAS MOUNT(RURAL)",22,"Private Unaided (Recognized)",6,"SS (I-X)",6,M.Phil,4,"M.Ed. or equivalent",0,0,0,0,0,0,0,0,0,0,1,0,0,0,0,0,0,0,1,1,0
2019-20,33,Tamilnadu,3303,KANCHEEPURAM,330313,CHITHAMUR,22,"Private Unaided (Recognized)",7,"SS (VI-X)",6,M.Phil,4,"M.Ed. or equivalent",0,0,0,0,0,0,0,0,0,0,0,0,0,1,0,0,0,0,1,0,1
2019-20,33,Tamilnadu,3303,KANCHEEPURAM,330314,"ST.THOMAS MOUNT(RURAL)",22,"Private Unaided (Recognized)",6,"SS (I-X)",6,M.Phil,5,Others,0,0,0,0,0,0,0,0,0,0,0,0,0,1,0,0,0,0,1,0,1
2019-20,33,Tamilnadu,3303,KANCHEEPURAM,330307,KATTANKOLATHUR,22,"Private Unaided (Recognized)",7,"SS (VI-X)",6,M.Phil,5,Others,0,0,0,0,0,0,0,0,0,0,0,2,0,0,0,0,0,0,2,0,2
2019-20,33,Tamilnadu,3303,KANCHEEPURAM,330309,"ST.THOMAS MOUNT(URBAN)",22,"Private Unaided (Recognized)",11,"HSS (XI-XII)",6,M.Phil,5,Others,0,0,0,0,0,0,0,0,0,0,0,0,0,0,0,0,0,2,2,0,2
2019-20,33,Tamilnadu,3303,KANCHEEPURAM,330314,"ST.THOMAS MOUNT(RURAL)",22,"Private Unaided (Recognized)",6,"SS (I-X)",8,"Post Doctoral",3,"B.Ed. or equivalent",0,0,0,0,0,0,0,0,0,0,0,0,0,1,0,0,0,0,1,0,1
2019-20,33,Tamilnadu,3303,KANCHEEPURAM,330305,KUNDRATHUR,23,"Private Unaided (Recognized)",1,"PS (I-V)",1,"Below Secondary",1,"Diploma or certificate in basic teachers training of a duration not less than two years",0,0,0,1,0,0,0,0,0,0,0,0,0,0,0,0,0,0,1,0,1
2019-20,33,Tamilnadu,3303,KANCHEEPURAM,330301,KANCHEEPURAM,23,"Private Unaided (Recognized)",3,"HSS (I-XII)",1,"Below Secondary",1,"Diploma or certificate in basic teachers training of a duration not less than two years",0,0,0,0,0,1,0,0,0,0,0,0,0,0,0,0,0,0,1,0,1
2019-20,33,Tamilnadu,3303,KANCHEEPURAM,330302,WALAJABAD,23,"Private Unaided (Recognized)",3,"HSS (I-XII)",1,"Below Secondary",1,"Diploma or certificate in basic teachers training of a duration not less than two years",0,0,0,0,0,0,0,2,0,0,0,0,0,0,0,0,0,0,2,0,2
2019-20,33,Tamilnadu,3303,KANCHEEPURAM,330304,SRIPERUMBUDUR,23,"Private Unaided (Recognized)",3,"HSS (I-XII)",1,"Below Secondary",1,"Diploma or certificate in basic teachers training of a duration not less than two years",0,0,0,0,0,1,0,0,0,0,0,0,0,0,0,0,0,0,1,0,1
2019-20,33,Tamilnadu,3303,KANCHEEPURAM,330305,KUNDRATHUR,23,"Private Unaided (Recognized)",3,"HSS (I-XII)",1,"Below Secondary",1,"Diploma or certificate in basic teachers training of a duration not less than two years",0,0,0,0,0,6,0,2,0,1,0,0,0,0,0,0,0,0,9,0,9
2019-20,33,Tamilnadu,3303,KANCHEEPURAM,330307,KATTANKOLATHUR,23,"Private Unaided (Recognized)",3,"HSS (I-XII)",1,"Below Secondary",1,"Diploma or certificate in basic teachers training of a duration not less than two years",0,0,0,0,0,2,0,0,0,0,0,0,0,0,0,0,0,0,2,0,2
2019-20,33,Tamilnadu,3303,KANCHEEPURAM,330308,THIRUKALUKUNDRAM,23,"Private Unaided (Recognized)",3,"HSS (I-XII)",1,"Below Secondary",1,"Diploma or certificate in basic teachers training of a duration not less than two years",0,1,0,0,0,0,0,0,0,0,0,0,0,0,0,0,0,0,1,0,1
2019-20,33,Tamilnadu,3303,KANCHEEPURAM,330309,"ST.THOMAS MOUNT(URBAN)",23,"Private Unaided (Recognized)",3,"HSS (I-XII)",1,"Below Secondary",1,"Diploma or certificate in basic teachers training of a duration not less than two years",0,1,0,0,0,3,0,4,0,0,0,0,0,0,0,0,0,0,8,0,8
2019-20,33,Tamilnadu,3303,KANCHEEPURAM,330313,CHITHAMUR,23,"Private Unaided (Recognized)",3,"HSS (I-XII)",1,"Below Secondary",1,"Diploma or certificate in basic teachers training of a duration not less than two years",0,0,0,0,0,2,0,0,1,0,0,0,0,0,0,0,0,0,3,1,2
2019-20,33,Tamilnadu,3303,KANCHEEPURAM,330314,"ST.THOMAS MOUNT(RURAL)",23,"Private Unaided (Recognized)",3,"HSS (I-XII)",1,"Below Secondary",1,"Diploma or certificate in basic teachers training of a duration not less than two years",0,3,0,0,0,18,0,3,1,1,0,0,0,0,0,0,0,0,26,1,25
2019-20,33,Tamilnadu,3303,KANCHEEPURAM,330306,THIRUPORUR,23,"Private Unaided (Recognized)",6,"SS (I-X)",1,"Below Secondary",1,"Diploma or certificate in basic teachers training of a duration not less than two years",0,0,0,0,1,2,0,0,0,0,0,0,0,0,0,0,0,0,3,1,2
2019-20,33,Tamilnadu,3303,KANCHEEPURAM,330307,KATTANKOLATHUR,23,"Private Unaided (Recognized)",6,"SS (I-X)",1,"Below Secondary",1,"Diploma or certificate in basic teachers training of a duration not less than two years",0,0,0,0,0,0,0,0,0,0,0,0,0,1,0,0,0,0,1,0,1
2019-20,33,Tamilnadu,3303,KANCHEEPURAM,330309,"ST.THOMAS MOUNT(URBAN)",23,"Private Unaided (Recognized)",6,"SS (I-X)",1,"Below Secondary",1,"Diploma or certificate in basic teachers training of a duration not less than two years",0,0,0,0,0,1,0,0,0,0,0,0,0,0,0,0,0,0,1,0,1
2019-20,33,Tamilnadu,3303,KANCHEEPURAM,330311,MADURANTAGAM,23,"Private Unaided (Recognized)",6,"SS (I-X)",1,"Below Secondary",1,"Diploma or certificate in basic teachers training of a duration not less than two years",0,0,0,0,0,0,0,0,0,0,0,0,0,3,0,0,0,0,3,0,3
2019-20,33,Tamilnadu,3303,KANCHEEPURAM,330313,CHITHAMUR,23,"Private Unaided (Recognized)",6,"SS (I-X)",1,"Below Secondary",1,"Diploma or certificate in basic teachers training of a duration not less than two years",0,0,0,0,0,0,0,1,0,0,0,0,0,0,0,0,0,0,1,0,1
2019-20,33,Tamilnadu,3303,KANCHEEPURAM,330314,"ST.THOMAS MOUNT(RURAL)",23,"Private Unaided (Recognized)",6,"SS (I-X)",1,"Below Secondary",1,"Diploma or certificate in basic teachers training of a duration not less than two years",0,0,0,0,0,1,0,0,0,0,0,0,0,1,0,0,0,0,2,0,2
2019-20,33,Tamilnadu,3303,KANCHEEPURAM,330305,KUNDRATHUR,23,"Private Unaided (Recognized)",3,"HSS (I-XII)",1,"Below Secondary",3,"B.Ed. or equivalent",0,0,0,0,0,0,1,0,0,0,0,0,0,1,0,0,0,0,2,1,1
2019-20,33,Tamilnadu,3303,KANCHEEPURAM,330307,KATTANKOLATHUR,23,"Private Unaided (Recognized)",3,"HSS (I-XII)",1,"Below Secondary",3,"B.Ed. or equivalent",0,0,0,0,0,0,1,0,0,0,0,1,0,0,0,0,0,0,2,1,1
2019-20,33,Tamilnadu,3303,KANCHEEPURAM,330309,"ST.THOMAS MOUNT(URBAN)",23,"Private Unaided (Recognized)",3,"HSS (I-XII)",1,"Below Secondary",3,"B.Ed. or equivalent",0,0,0,0,0,0,0,0,0,1,0,0,0,1,0,0,1,0,3,1,2
2019-20,33,Tamilnadu,3303,KANCHEEPURAM,330311,MADURANTAGAM,23,"Private Unaided (Recognized)",3,"HSS (I-XII)",1,"Below Secondary",3,"B.Ed. or equivalent",0,0,0,0,0,0,0,0,0,1,0,0,0,0,0,0,0,0,1,0,1
2019-20,33,Tamilnadu,3303,KANCHEEPURAM,330313,CHITHAMUR,23,"Private Unaided (Recognized)",3,"HSS (I-XII)",1,"Below Secondary",3,"B.Ed. or equivalent",0,0,0,0,0,0,0,0,0,0,0,0,0,0,1,0,0,0,1,1,0
2019-20,33,Tamilnadu,3303,KANCHEEPURAM,330314,"ST.THOMAS MOUNT(RURAL)",23,"Private Unaided (Recognized)",3,"HSS (I-XII)",1,"Below Secondary",3,"B.Ed. or equivalent",0,0,0,0,0,5,1,3,0,1,0,6,0,0,0,4,0,0,20,1,19
2019-20,33,Tamilnadu,3303,KANCHEEPURAM,330309,"ST.THOMAS MOUNT(URBAN)",23,"Private Unaided (Recognized)",6,"SS (I-X)",1,"Below Secondary",3,"B.Ed. or equivalent",0,0,0,0,0,1,0,0,0,1,0,0,0,0,0,0,0,0,2,0,2
2019-20,33,Tamilnadu,3303,KANCHEEPURAM,330305,KUNDRATHUR,23,"Private Unaided (Recognized)",1,"PS (I-V)",1,"Below Secondary",5,Others,0,0,0,1,0,0,0,0,0,0,0,0,0,0,0,0,0,0,1,0,1
2019-20,33,Tamilnadu,3303,KANCHEEPURAM,330302,WALAJABAD,23,"Private Unaided (Recognized)",2,"UPS (I-VIII)",1,"Below Secondary",5,Others,0,0,0,0,0,0,0,0,0,1,0,0,0,0,0,0,0,0,1,0,1
2019-20,33,Tamilnadu,3303,KANCHEEPURAM,330309,"ST.THOMAS MOUNT(URBAN)",23,"Private Unaided (Recognized)",2,"UPS (I-VIII)",1,"Below Secondary",5,Others,0,0,0,0,0,2,0,0,0,0,0,0,0,0,0,0,0,0,2,0,2
2019-20,33,Tamilnadu,3303,KANCHEEPURAM,330314,"ST.THOMAS MOUNT(RURAL)",23,"Private Unaided (Recognized)",2,"UPS (I-VIII)",1,"Below Secondary",5,Others,0,0,0,0,0,1,0,0,0,0,0,0,0,0,0,0,0,0,1,0,1
2019-20,33,Tamilnadu,3303,KANCHEEPURAM,330301,KANCHEEPURAM,23,"Private Unaided (Recognized)",3,"HSS (I-XII)",1,"Below Secondary",5,Others,0,0,0,0,0,0,0,0,0,0,1,0,0,0,0,1,0,0,2,1,1
2019-20,33,Tamilnadu,3303,KANCHEEPURAM,330302,WALAJABAD,23,"Private Unaided (Recognized)",3,"HSS (I-XII)",1,"Below Secondary",5,Others,0,0,0,0,0,0,0,0,1,0,0,0,0,0,0,0,0,0,1,1,0
2019-20,33,Tamilnadu,3303,KANCHEEPURAM,330305,KUNDRATHUR,23,"Private Unaided (Recognized)",3,"HSS (I-XII)",1,"Below Secondary",5,Others,0,1,0,0,0,2,0,0,0,0,0,0,0,0,0,1,0,0,4,0,4
2019-20,33,Tamilnadu,3303,KANCHEEPURAM,330307,KATTANKOLATHUR,23,"Private Unaided (Recognized)",3,"HSS (I-XII)",1,"Below Secondary",5,Others,0,2,0,2,0,8,0,0,0,0,0,0,0,1,0,0,0,0,13,0,13
2019-20,33,Tamilnadu,3303,KANCHEEPURAM,330309,"ST.THOMAS MOUNT(URBAN)",23,"Private Unaided (Recognized)",3,"HSS (I-XII)",1,"Below Secondary",5,Others,0,6,0,0,0,4,1,1,0,0,0,0,0,0,0,0,0,0,12,1,11
2019-20,33,Tamilnadu,3303,KANCHEEPURAM,330313,CHITHAMUR,23,"Private Unaided (Recognized)",3,"HSS (I-XII)",1,"Below Secondary",5,Others,0,0,0,0,0,0,0,0,0,1,0,0,0,0,0,0,0,0,1,0,1
2019-20,33,Tamilnadu,3303,KANCHEEPURAM,330314,"ST.THOMAS MOUNT(RURAL)",23,"Private Unaided (Recognized)",3,"HSS (I-XII)",1,"Below Secondary",5,Others,0,0,0,0,0,6,0,1,0,0,0,0,0,0,0,2,0,0,9,0,9
2019-20,33,Tamilnadu,3303,KANCHEEPURAM,330305,KUNDRATHUR,23,"Private Unaided (Recognized)",6,"SS (I-X)",1,"Below Secondary",5,Others,0,0,0,0,0,0,0,0,0,0,0,0,0,1,0,0,0,0,1,0,1
2019-20,33,Tamilnadu,3303,KANCHEEPURAM,330306,THIRUPORUR,23,"Private Unaided (Recognized)",6,"SS (I-X)",1,"Below Secondary",5,Others,0,0,0,0,0,0,1,0,0,0,0,0,0,0,0,0,0,0,1,1,0
2019-20,33,Tamilnadu,3303,KANCHEEPURAM,330307,KATTANKOLATHUR,23,"Private Unaided (Recognized)",6,"SS (I-X)",1,"Below Secondary",5,Others,0,0,0,0,0,2,0,0,0,0,0,0,0,0,0,0,0,0,2,0,2
2019-20,33,Tamilnadu,3303,KANCHEEPURAM,330309,"ST.THOMAS MOUNT(URBAN)",23,"Private Unaided (Recognized)",6,"SS (I-X)",1,"Below Secondary",5,Others,0,0,0,0,1,0,0,0,0,2,0,0,0,4,0,0,0,0,7,1,6
2019-20,33,Tamilnadu,3303,KANCHEEPURAM,330311,MADURANTAGAM,23,"Private Unaided (Recognized)",6,"SS (I-X)",1,"Below Secondary",5,Others,0,0,0,0,0,0,0,0,0,0,0,0,0,1,0,0,0,0,1,0,1
2019-20,33,Tamilnadu,3303,KANCHEEPURAM,330314,"ST.THOMAS MOUNT(RURAL)",23,"Private Unaided (Recognized)",6,"SS (I-X)",1,"Below Secondary",5,Others,0,0,0,0,0,1,0,0,0,0,0,0,0,2,0,0,0,0,3,0,3
2019-20,33,Tamilnadu,3303,KANCHEEPURAM,330305,KUNDRATHUR,23,"Private Unaided (Recognized)",2,"UPS (I-VIII)",1,"Below Secondary",6,None,0,0,0,0,0,0,0,0,0,1,0,0,0,0,0,0,0,0,1,0,1
2019-20,33,Tamilnadu,3303,KANCHEEPURAM,330305,KUNDRATHUR,23,"Private Unaided (Recognized)",3,"HSS (I-XII)",1,"Below Secondary",6,None,0,0,0,0,0,1,0,0,0,0,0,0,0,0,0,0,0,0,1,0,1
2019-20,33,Tamilnadu,3303,KANCHEEPURAM,330307,KATTANKOLATHUR,23,"Private Unaided (Recognized)",3,"HSS (I-XII)",1,"Below Secondary",6,None,0,0,0,0,0,0,0,1,0,0,0,0,0,0,0,0,0,0,1,0,1
2019-20,33,Tamilnadu,3303,KANCHEEPURAM,330309,"ST.THOMAS MOUNT(URBAN)",23,"Private Unaided (Recognized)",3,"HSS (I-XII)",1,"Below Secondary",6,None,0,4,0,0,0,2,1,2,0,2,0,1,0,0,0,0,0,0,12,1,11
2019-20,33,Tamilnadu,3303,KANCHEEPURAM,330314,"ST.THOMAS MOUNT(RURAL)",23,"Private Unaided (Recognized)",3,"HSS (I-XII)",1,"Below Secondary",6,None,0,0,0,0,0,2,0,2,0,1,0,0,0,0,0,0,0,0,5,0,5
2019-20,33,Tamilnadu,3303,KANCHEEPURAM,330307,KATTANKOLATHUR,23,"Private Unaided (Recognized)",6,"SS (I-X)",1,"Below Secondary",6,None,0,0,0,0,0,0,0,0,0,0,0,0,1,0,0,0,0,0,1,1,0
2019-20,33,Tamilnadu,3303,KANCHEEPURAM,330309,"ST.THOMAS MOUNT(URBAN)",23,"Private Unaided (Recognized)",6,"SS (I-X)",1,"Below Secondary",6,None,0,0,0,0,0,0,0,0,0,0,0,0,0,1,0,0,0,0,1,0,1
2019-20,33,Tamilnadu,3303,KANCHEEPURAM,330305,KUNDRATHUR,23,"Private Unaided (Recognized)",1,"PS (I-V)",3,"Higher secondary",1,"Diploma or certificate in basic teachers training of a duration not less than two years",0,0,0,2,0,1,0,0,0,0,0,0,0,0,0,0,0,0,3,0,3
2019-20,33,Tamilnadu,3303,KANCHEEPURAM,330301,KANCHEEPURAM,23,"Private Unaided (Recognized)",2,"UPS (I-VIII)",3,"Higher secondary",1,"Diploma or certificate in basic teachers training of a duration not less than two years",0,0,0,0,0,1,0,0,0,0,0,0,0,0,0,0,0,0,1,0,1
2019-20,33,Tamilnadu,3303,KANCHEEPURAM,330302,WALAJABAD,23,"Private Unaided (Recognized)",2,"UPS (I-VIII)",3,"Higher secondary",1,"Diploma or certificate in basic teachers training of a duration not less than two years",0,0,0,0,0,0,0,0,0,1,0,0,0,0,0,0,0,0,1,0,1
2019-20,33,Tamilnadu,3303,KANCHEEPURAM,330305,KUNDRATHUR,23,"Private Unaided (Recognized)",2,"UPS (I-VIII)",3,"Higher secondary",1,"Diploma or certificate in basic teachers training of a duration not less than two years",0,0,0,0,0,1,0,0,0,2,0,0,0,0,0,0,0,0,3,0,3
2019-20,33,Tamilnadu,3303,KANCHEEPURAM,330306,THIRUPORUR,23,"Private Unaided (Recognized)",2,"UPS (I-VIII)",3,"Higher secondary",1,"Diploma or certificate in basic teachers training of a duration not less than two years",0,0,0,0,0,0,0,1,0,0,0,0,0,0,0,0,0,0,1,0,1
2019-20,33,Tamilnadu,3303,KANCHEEPURAM,330307,KATTANKOLATHUR,23,"Private Unaided (Recognized)",2,"UPS (I-VIII)",3,"Higher secondary",1,"Diploma or certificate in basic teachers training of a duration not less than two years",0,0,0,0,0,0,0,0,0,2,0,0,0,0,0,0,0,0,2,0,2
2019-20,33,Tamilnadu,3303,KANCHEEPURAM,330308,THIRUKALUKUNDRAM,23,"Private Unaided (Recognized)",2,"UPS (I-VIII)",3,"Higher secondary",1,"Diploma or certificate in basic teachers training of a duration not less than two years",0,0,0,0,0,4,0,0,0,1,0,0,0,0,0,0,0,0,5,0,5
2019-20,33,Tamilnadu,3303,KANCHEEPURAM,330309,"ST.THOMAS MOUNT(URBAN)",23,"Private Unaided (Recognized)",2,"UPS (I-VIII)",3,"Higher secondary",1,"Diploma or certificate in basic teachers training of a duration not less than two years",0,0,0,0,0,1,0,0,0,0,0,0,0,0,0,0,0,0,1,0,1
2019-20,33,Tamilnadu,3303,KANCHEEPURAM,330301,KANCHEEPURAM,23,"Private Unaided (Recognized)",3,"HSS (I-XII)",3,"Higher secondary",1,"Diploma or certificate in basic teachers training of a duration not less than two years",0,0,0,2,0,10,0,3,0,1,0,1,0,1,0,0,0,0,18,0,18
2019-20,33,Tamilnadu,3303,KANCHEEPURAM,330302,WALAJABAD,23,"Private Unaided (Recognized)",3,"HSS (I-XII)",3,"Higher secondary",1,"Diploma or certificate in basic teachers training of a duration not less than two years",0,0,0,0,0,4,0,0,0,0,0,0,0,2,0,0,0,0,6,0,6
2019-20,33,Tamilnadu,3303,KANCHEEPURAM,330305,KUNDRATHUR,23,"Private Unaided (Recognized)",3,"HSS (I-XII)",3,"Higher secondary",1,"Diploma or certificate in basic teachers training of a duration not less than two years",0,0,0,0,0,6,0,3,0,1,0,0,0,0,0,0,0,0,10,0,10
2019-20,33,Tamilnadu,3303,KANCHEEPURAM,330306,THIRUPORUR,23,"Private Unaided (Recognized)",3,"HSS (I-XII)",3,"Higher secondary",1,"Diploma or certificate in basic teachers training of a duration not less than two years",0,0,0,0,0,2,0,0,0,0,0,0,0,1,0,0,0,0,3,0,3
2019-20,33,Tamilnadu,3303,KANCHEEPURAM,330307,KATTANKOLATHUR,23,"Private Unaided (Recognized)",3,"HSS (I-XII)",3,"Higher secondary",1,"Diploma or certificate in basic teachers training of a duration not less than two years",1,2,0,0,0,15,0,6,0,2,0,1,0,1,0,1,0,0,29,1,28
2019-20,33,Tamilnadu,3303,KANCHEEPURAM,330308,THIRUKALUKUNDRAM,23,"Private Unaided (Recognized)",3,"HSS (I-XII)",3,"Higher secondary",1,"Diploma or certificate in basic teachers training of a duration not less than two years",0,2,0,0,0,13,0,1,0,1,0,0,0,0,1,0,0,0,18,1,17
2019-20,33,Tamilnadu,3303,KANCHEEPURAM,330309,"ST.THOMAS MOUNT(URBAN)",23,"Private Unaided (Recognized)",3,"HSS (I-XII)",3,"Higher secondary",1,"Diploma or certificate in basic teachers training of a duration not less than two years",0,5,0,0,0,5,2,3,0,2,0,1,0,0,0,0,0,0,18,2,16
2019-20,33,Tamilnadu,3303,KANCHEEPURAM,330310,ACHARAPAKKAM,23,"Private Unaided (Recognized)",3,"HSS (I-XII)",3,"Higher secondary",1,"Diploma or certificate in basic teachers training of a duration not less than two years",0,0,0,1,0,1,0,7,0,0,0,0,0,0,0,0,0,0,9,0,9
2019-20,33,Tamilnadu,3303,KANCHEEPURAM,330312,LATHUR,23,"Private Unaided (Recognized)",3,"HSS (I-XII)",3,"Higher secondary",1,"Diploma or certificate in basic teachers training of a duration not less than two years",0,1,0,0,0,4,0,0,0,0,0,0,0,0,0,0,0,0,5,0,5
2019-20,33,Tamilnadu,3303,KANCHEEPURAM,330313,CHITHAMUR,23,"Private Unaided (Recognized)",3,"HSS (I-XII)",3,"Higher secondary",1,"Diploma or certificate in basic teachers training of a duration not less than two years",0,0,0,0,0,8,0,0,0,0,0,0,0,0,0,0,0,0,8,0,8
2019-20,33,Tamilnadu,3303,KANCHEEPURAM,330314,"ST.THOMAS MOUNT(RURAL)",23,"Private Unaided (Recognized)",3,"HSS (I-XII)",3,"Higher secondary",1,"Diploma or certificate in basic teachers training of a duration not less than two years",0,4,0,0,1,16,0,13,0,0,0,0,0,0,0,0,0,0,34,1,33
2019-20,33,Tamilnadu,3303,KANCHEEPURAM,330301,KANCHEEPURAM,23,"Private Unaided (Recognized)",6,"SS (I-X)",3,"Higher secondary",1,"Diploma or certificate in basic teachers training of a duration not less than two years",0,0,0,0,0,1,0,1,0,0,0,0,0,3,0,0,0,0,5,0,5
2019-20,33,Tamilnadu,3303,KANCHEEPURAM,330302,WALAJABAD,23,"Private Unaided (Recognized)",6,"SS (I-X)",3,"Higher secondary",1,"Diploma or certificate in basic teachers training of a duration not less than two years",0,0,0,0,0,1,0,0,0,0,0,0,0,0,0,0,0,0,1,0,1
2019-20,33,Tamilnadu,3303,KANCHEEPURAM,330303,UTHIRAMERUR,23,"Private Unaided (Recognized)",6,"SS (I-X)",3,"Higher secondary",1,"Diploma or certificate in basic teachers training of a duration not less than two years",0,0,0,0,0,9,0,1,0,0,0,0,0,0,0,0,0,0,10,0,10
2019-20,33,Tamilnadu,3303,KANCHEEPURAM,330305,KUNDRATHUR,23,"Private Unaided (Recognized)",6,"SS (I-X)",3,"Higher secondary",1,"Diploma or certificate in basic teachers training of a duration not less than two years",0,0,0,0,0,2,0,0,0,0,0,0,1,1,0,0,0,0,4,1,3
2019-20,33,Tamilnadu,3303,KANCHEEPURAM,330306,THIRUPORUR,23,"Private Unaided (Recognized)",6,"SS (I-X)",3,"Higher secondary",1,"Diploma or certificate in basic teachers training of a duration not less than two years",0,0,0,0,0,1,0,0,0,0,0,0,0,5,0,0,0,0,6,0,6
2019-20,33,Tamilnadu,3303,KANCHEEPURAM,330307,KATTANKOLATHUR,23,"Private Unaided (Recognized)",6,"SS (I-X)",3,"Higher secondary",1,"Diploma or certificate in basic teachers training of a duration not less than two years",0,0,0,0,0,1,0,0,0,0,0,0,0,2,0,0,0,0,3,0,3
2019-20,33,Tamilnadu,3303,KANCHEEPURAM,330308,THIRUKALUKUNDRAM,23,"Private Unaided (Recognized)",6,"SS (I-X)",3,"Higher secondary",1,"Diploma or certificate in basic teachers training of a duration not less than two years",0,0,0,0,0,5,0,6,0,0,0,0,0,0,0,0,0,0,11,0,11
2019-20,33,Tamilnadu,3303,KANCHEEPURAM,330309,"ST.THOMAS MOUNT(URBAN)",23,"Private Unaided (Recognized)",6,"SS (I-X)",3,"Higher secondary",1,"Diploma or certificate in basic teachers training of a duration not less than two years",0,0,0,0,1,6,0,8,0,0,0,0,0,7,0,0,0,0,22,1,21
2019-20,33,Tamilnadu,3303,KANCHEEPURAM,330310,ACHARAPAKKAM,23,"Private Unaided (Recognized)",6,"SS (I-X)",3,"Higher secondary",1,"Diploma or certificate in basic teachers training of a duration not less than two years",0,0,0,0,0,0,0,0,0,0,0,0,0,1,0,0,0,0,1,0,1
2019-20,33,Tamilnadu,3303,KANCHEEPURAM,330312,LATHUR,23,"Private Unaided (Recognized)",6,"SS (I-X)",3,"Higher secondary",1,"Diploma or certificate in basic teachers training of a duration not less than two years",0,0,0,0,0,1,0,0,0,2,0,0,0,0,0,0,0,0,3,0,3
2019-20,33,Tamilnadu,3303,KANCHEEPURAM,330313,CHITHAMUR,23,"Private Unaided (Recognized)",6,"SS (I-X)",3,"Higher secondary",1,"Diploma or certificate in basic teachers training of a duration not less than two years",0,0,0,0,0,5,0,0,0,0,0,0,0,0,0,0,0,0,5,0,5
2019-20,33,Tamilnadu,3303,KANCHEEPURAM,330314,"ST.THOMAS MOUNT(RURAL)",23,"Private Unaided (Recognized)",6,"SS (I-X)",3,"Higher secondary",1,"Diploma or certificate in basic teachers training of a duration not less than two years",0,0,0,0,0,5,0,1,0,3,0,0,0,7,0,0,0,0,16,0,16
2019-20,33,Tamilnadu,3303,KANCHEEPURAM,330305,KUNDRATHUR,23,"Private Unaided (Recognized)",2,"UPS (I-VIII)",3,"Higher secondary",3,"B.Ed. or equivalent",0,0,0,0,0,0,0,0,0,1,0,0,0,0,0,0,0,0,1,0,1
2019-20,33,Tamilnadu,3303,KANCHEEPURAM,330301,KANCHEEPURAM,23,"Private Unaided (Recognized)",3,"HSS (I-XII)",3,"Higher secondary",3,"B.Ed. or equivalent",0,0,0,0,0,0,1,1,0,0,0,0,0,0,0,0,0,0,2,1,1
2019-20,33,Tamilnadu,3303,KANCHEEPURAM,330303,UTHIRAMERUR,23,"Private Unaided (Recognized)",3,"HSS (I-XII)",3,"Higher secondary",3,"B.Ed. or equivalent",0,0,0,0,0,0,0,0,0,0,0,0,0,0,1,0,0,0,1,1,0
2019-20,33,Tamilnadu,3303,KANCHEEPURAM,330304,SRIPERUMBUDUR,23,"Private Unaided (Recognized)",3,"HSS (I-XII)",3,"Higher secondary",3,"B.Ed. or equivalent",0,0,0,0,0,0,0,0,0,0,0,0,1,1,0,0,0,2,4,1,3
2019-20,33,Tamilnadu,3303,KANCHEEPURAM,330307,KATTANKOLATHUR,23,"Private Unaided (Recognized)",3,"HSS (I-XII)",3,"Higher secondary",3,"B.Ed. or equivalent",0,0,0,0,0,0,0,1,0,0,0,0,0,0,0,0,0,1,2,0,2
2019-20,33,Tamilnadu,3303,KANCHEEPURAM,330309,"ST.THOMAS MOUNT(URBAN)",23,"Private Unaided (Recognized)",3,"HSS (I-XII)",3,"Higher secondary",3,"B.Ed. or equivalent",0,0,0,0,0,1,1,0,0,0,0,0,0,2,0,2,0,2,8,1,7
2019-20,33,Tamilnadu,3303,KANCHEEPURAM,330310,ACHARAPAKKAM,23,"Private Unaided (Recognized)",3,"HSS (I-XII)",3,"Higher secondary",3,"B.Ed. or equivalent",0,0,0,0,0,0,0,1,0,0,0,0,0,0,0,0,0,0,1,0,1
2019-20,33,Tamilnadu,3303,KANCHEEPURAM,330311,MADURANTAGAM,23,"Private Unaided (Recognized)",3,"HSS (I-XII)",3,"Higher secondary",3,"B.Ed. or equivalent",0,0,0,0,0,0,0,0,0,0,0,0,0,1,0,0,0,0,1,0,1
2019-20,33,Tamilnadu,3303,KANCHEEPURAM,330313,CHITHAMUR,23,"Private Unaided (Recognized)",3,"HSS (I-XII)",3,"Higher secondary",3,"B.Ed. or equivalent",0,0,0,0,0,0,0,0,0,0,0,0,0,0,0,0,1,1,2,1,1
2019-20,33,Tamilnadu,3303,KANCHEEPURAM,330314,"ST.THOMAS MOUNT(RURAL)",23,"Private Unaided (Recognized)",3,"HSS (I-XII)",3,"Higher secondary",3,"B.Ed. or equivalent",0,0,0,0,0,0,1,1,0,1,0,0,0,1,0,3,0,0,7,1,6
2019-20,33,Tamilnadu,3303,KANCHEEPURAM,330309,"ST.THOMAS MOUNT(URBAN)",23,"Private Unaided (Recognized)",6,"SS (I-X)",3,"Higher secondary",3,"B.Ed. or equivalent",0,0,0,0,0,0,1,0,0,3,0,0,0,0,0,0,0,0,4,1,3
2019-20,33,Tamilnadu,3303,KANCHEEPURAM,330314,"ST.THOMAS MOUNT(RURAL)",23,"Private Unaided (Recognized)",6,"SS (I-X)",3,"Higher secondary",3,"B.Ed. or equivalent",0,0,0,0,0,1,0,0,0,0,0,0,0,0,0,0,0,0,1,0,1
2019-20,33,Tamilnadu,3303,KANCHEEPURAM,330309,"ST.THOMAS MOUNT(URBAN)",23,"Private Unaided (Recognized)",3,"HSS (I-XII)",3,"Higher secondary",4,"M.Ed. or equivalent",0,0,0,0,0,0,1,0,0,0,0,0,0,0,0,0,0,0,1,1,0
2019-20,33,Tamilnadu,3303,KANCHEEPURAM,330313,CHITHAMUR,23,"Private Unaided (Recognized)",3,"HSS (I-XII)",3,"Higher secondary",4,"M.Ed. or equivalent",0,0,0,0,0,0,0,0,0,0,0,0,0,0,0,0,0,1,1,0,1
2019-20,33,Tamilnadu,3303,KANCHEEPURAM,330305,KUNDRATHUR,23,"Private Unaided (Recognized)",2,"UPS (I-VIII)",3,"Higher secondary",5,Others,0,0,0,0,0,0,0,0,0,1,0,0,0,0,0,0,0,0,1,0,1
2019-20,33,Tamilnadu,3303,KANCHEEPURAM,330308,THIRUKALUKUNDRAM,23,"Private Unaided (Recognized)",2,"UPS (I-VIII)",3,"Higher secondary",5,Others,0,0,0,0,0,1,0,0,0,0,0,0,0,0,0,0,0,0,1,0,1
2019-20,33,Tamilnadu,3303,KANCHEEPURAM,330309,"ST.THOMAS MOUNT(URBAN)",23,"Private Unaided (Recognized)",2,"UPS (I-VIII)",3,"Higher secondary",5,Others,0,0,0,0,0,0,0,0,0,1,0,0,0,0,0,0,0,0,1,0,1
2019-20,33,Tamilnadu,3303,KANCHEEPURAM,330314,"ST.THOMAS MOUNT(RURAL)",23,"Private Unaided (Recognized)",2,"UPS (I-VIII)",3,"Higher secondary",5,Others,0,0,0,0,0,0,0,0,0,2,0,0,0,0,0,0,0,0,2,0,2
2019-20,33,Tamilnadu,3303,KANCHEEPURAM,330301,KANCHEEPURAM,23,"Private Unaided (Recognized)",3,"HSS (I-XII)",3,"Higher secondary",5,Others,1,0,0,1,0,0,0,1,0,0,0,0,0,0,0,0,0,0,3,1,2
2019-20,33,Tamilnadu,3303,KANCHEEPURAM,330303,UTHIRAMERUR,23,"Private Unaided (Recognized)",3,"HSS (I-XII)",3,"Higher secondary",5,Others,0,1,0,0,0,0,0,0,0,0,0,0,0,0,0,0,0,0,1,0,1
2019-20,33,Tamilnadu,3303,KANCHEEPURAM,330305,KUNDRATHUR,23,"Private Unaided (Recognized)",3,"HSS (I-XII)",3,"Higher secondary",5,Others,0,0,0,0,0,1,0,0,1,0,0,1,0,0,0,0,0,0,3,1,2
2019-20,33,Tamilnadu,3303,KANCHEEPURAM,330306,THIRUPORUR,23,"Private Unaided (Recognized)",3,"HSS (I-XII)",3,"Higher secondary",5,Others,0,0,0,0,0,1,0,0,0,0,0,0,0,0,0,0,0,0,1,0,1
2019-20,33,Tamilnadu,3303,KANCHEEPURAM,330307,KATTANKOLATHUR,23,"Private Unaided (Recognized)",3,"HSS (I-XII)",3,"Higher secondary",5,Others,0,6,0,0,0,2,0,2,0,2,0,0,0,0,0,0,0,0,12,0,12
2019-20,33,Tamilnadu,3303,KANCHEEPURAM,330309,"ST.THOMAS MOUNT(URBAN)",23,"Private Unaided (Recognized)",3,"HSS (I-XII)",3,"Higher secondary",5,Others,0,8,0,1,1,10,1,5,0,3,0,0,0,0,0,0,0,2,31,2,29
2019-20,33,Tamilnadu,3303,KANCHEEPURAM,330310,ACHARAPAKKAM,23,"Private Unaided (Recognized)",3,"HSS (I-XII)",3,"Higher secondary",5,Others,0,0,0,0,0,0,1,0,0,0,0,0,0,0,0,0,0,0,1,1,0
2019-20,33,Tamilnadu,3303,KANCHEEPURAM,330314,"ST.THOMAS MOUNT(RURAL)",23,"Private Unaided (Recognized)",3,"HSS (I-XII)",3,"Higher secondary",5,Others,0,8,0,1,0,3,2,10,0,0,0,0,0,2,0,0,0,0,26,2,24
2019-20,33,Tamilnadu,3303,KANCHEEPURAM,330305,KUNDRATHUR,23,"Private Unaided (Recognized)",6,"SS (I-X)",3,"Higher secondary",5,Others,0,0,0,0,0,1,0,0,0,0,0,0,0,2,0,0,0,0,3,0,3
2019-20,33,Tamilnadu,3303,KANCHEEPURAM,330309,"ST.THOMAS MOUNT(URBAN)",23,"Private Unaided (Recognized)",6,"SS (I-X)",3,"Higher secondary",5,Others,0,0,0,0,1,1,1,0,0,0,0,0,0,0,0,0,0,0,3,2,1
2019-20,33,Tamilnadu,3303,KANCHEEPURAM,330312,LATHUR,23,"Private Unaided (Recognized)",6,"SS (I-X)",3,"Higher secondary",5,Others,0,0,0,0,0,0,0,0,0,0,0,0,0,1,0,0,0,0,1,0,1
2019-20,33,Tamilnadu,3303,KANCHEEPURAM,330314,"ST.THOMAS MOUNT(RURAL)",23,"Private Unaided (Recognized)",6,"SS (I-X)",3,"Higher secondary",5,Others,0,0,0,0,0,0,0,1,0,2,1,0,0,2,0,0,0,0,6,1,5
2019-20,33,Tamilnadu,3303,KANCHEEPURAM,330305,KUNDRATHUR,23,"Private Unaided (Recognized)",2,"UPS (I-VIII)",3,"Higher secondary",6,None,0,0,0,0,0,0,0,0,0,1,0,0,0,0,0,0,0,0,1,0,1
2019-20,33,Tamilnadu,3303,KANCHEEPURAM,330307,KATTANKOLATHUR,23,"Private Unaided (Recognized)",2,"UPS (I-VIII)",3,"Higher secondary",6,None,0,0,0,0,0,0,0,0,0,1,0,0,0,0,0,0,0,0,1,0,1
2019-20,33,Tamilnadu,3303,KANCHEEPURAM,330308,THIRUKALUKUNDRAM,23,"Private Unaided (Recognized)",2,"UPS (I-VIII)",3,"Higher secondary",6,None,0,0,0,0,0,1,0,0,0,0,0,0,0,0,0,0,0,0,1,0,1
2019-20,33,Tamilnadu,3303,KANCHEEPURAM,330301,KANCHEEPURAM,23,"Private Unaided (Recognized)",3,"HSS (I-XII)",3,"Higher secondary",6,None,0,0,0,0,0,1,0,1,0,0,0,0,0,0,0,0,0,0,2,0,2
2019-20,33,Tamilnadu,3303,KANCHEEPURAM,330302,WALAJABAD,23,"Private Unaided (Recognized)",3,"HSS (I-XII)",3,"Higher secondary",6,None,0,0,0,0,0,0,0,1,0,0,0,0,0,0,0,0,0,0,1,0,1
2019-20,33,Tamilnadu,3303,KANCHEEPURAM,330306,THIRUPORUR,23,"Private Unaided (Recognized)",3,"HSS (I-XII)",3,"Higher secondary",6,None,0,1,0,0,0,0,0,0,0,0,0,0,0,0,0,0,0,0,1,0,1
2019-20,33,Tamilnadu,3303,KANCHEEPURAM,330309,"ST.THOMAS MOUNT(URBAN)",23,"Private Unaided (Recognized)",3,"HSS (I-XII)",3,"Higher secondary",6,None,0,1,0,1,0,1,0,0,0,1,0,0,0,0,0,0,0,0,4,0,4
2019-20,33,Tamilnadu,3303,KANCHEEPURAM,330310,ACHARAPAKKAM,23,"Private Unaided (Recognized)",3,"HSS (I-XII)",3,"Higher secondary",6,None,0,0,0,0,0,1,0,0,0,0,0,0,0,0,0,0,0,0,1,0,1
2019-20,33,Tamilnadu,3303,KANCHEEPURAM,330314,"ST.THOMAS MOUNT(RURAL)",23,"Private Unaided (Recognized)",3,"HSS (I-XII)",3,"Higher secondary",6,None,0,1,0,1,1,3,0,2,0,2,0,0,0,0,0,0,0,0,10,1,9
2019-20,33,Tamilnadu,3303,KANCHEEPURAM,330302,WALAJABAD,23,"Private Unaided (Recognized)",6,"SS (I-X)",3,"Higher secondary",6,None,0,0,0,0,0,1,0,0,0,0,0,0,0,0,0,0,0,0,1,0,1
2019-20,33,Tamilnadu,3303,KANCHEEPURAM,330309,"ST.THOMAS MOUNT(URBAN)",23,"Private Unaided (Recognized)",6,"SS (I-X)",3,"Higher secondary",6,None,0,0,0,0,0,0,0,2,1,0,0,0,0,1,0,0,0,0,4,1,3
2019-20,33,Tamilnadu,3303,KANCHEEPURAM,330305,KUNDRATHUR,23,"Private Unaided (Recognized)",1,"PS (I-V)",4,Graduate,1,"Diploma or certificate in basic teachers training of a duration not less than two years",0,0,0,0,0,1,0,0,0,0,0,0,0,0,0,0,0,0,1,0,1
2019-20,33,Tamilnadu,3303,KANCHEEPURAM,330301,KANCHEEPURAM,23,"Private Unaided (Recognized)",2,"UPS (I-VIII)",4,Graduate,1,"Diploma or certificate in basic teachers training of a duration not less than two years",0,0,0,0,0,3,0,0,0,5,0,0,0,0,0,0,0,0,8,0,8
2019-20,33,Tamilnadu,3303,KANCHEEPURAM,330302,WALAJABAD,23,"Private Unaided (Recognized)",2,"UPS (I-VIII)",4,Graduate,1,"Diploma or certificate in basic teachers training of a duration not less than two years",0,0,0,0,0,1,0,0,0,3,0,0,0,0,0,0,0,0,4,0,4
2019-20,33,Tamilnadu,3303,KANCHEEPURAM,330305,KUNDRATHUR,23,"Private Unaided (Recognized)",2,"UPS (I-VIII)",4,Graduate,1,"Diploma or certificate in basic teachers training of a duration not less than two years",0,0,0,0,0,3,0,1,0,2,0,0,0,0,0,0,0,0,6,0,6
2019-20,33,Tamilnadu,3303,KANCHEEPURAM,330306,THIRUPORUR,23,"Private Unaided (Recognized)",2,"UPS (I-VIII)",4,Graduate,1,"Diploma or certificate in basic teachers training of a duration not less than two years",0,0,0,0,0,0,0,1,0,0,0,0,0,0,0,0,0,0,1,0,1
2019-20,33,Tamilnadu,3303,KANCHEEPURAM,330307,KATTANKOLATHUR,23,"Private Unaided (Recognized)",2,"UPS (I-VIII)",4,Graduate,1,"Diploma or certificate in basic teachers training of a duration not less than two years",0,0,0,0,0,0,0,1,0,5,0,0,0,0,0,0,0,0,6,0,6
2019-20,33,Tamilnadu,3303,KANCHEEPURAM,330308,THIRUKALUKUNDRAM,23,"Private Unaided (Recognized)",2,"UPS (I-VIII)",4,Graduate,1,"Diploma or certificate in basic teachers training of a duration not less than two years",0,0,0,0,0,3,0,1,0,3,0,0,0,0,0,0,0,0,7,0,7
2019-20,33,Tamilnadu,3303,KANCHEEPURAM,330309,"ST.THOMAS MOUNT(URBAN)",23,"Private Unaided (Recognized)",2,"UPS (I-VIII)",4,Graduate,1,"Diploma or certificate in basic teachers training of a duration not less than two years",0,0,0,0,0,1,0,0,0,0,0,0,0,0,0,0,0,0,1,0,1
2019-20,33,Tamilnadu,3303,KANCHEEPURAM,330314,"ST.THOMAS MOUNT(RURAL)",23,"Private Unaided (Recognized)",2,"UPS (I-VIII)",4,Graduate,1,"Diploma or certificate in basic teachers training of a duration not less than two years",0,0,0,0,0,0,0,0,0,2,0,0,0,0,0,0,0,0,2,0,2
2019-20,33,Tamilnadu,3303,KANCHEEPURAM,330301,KANCHEEPURAM,23,"Private Unaided (Recognized)",3,"HSS (I-XII)",4,Graduate,1,"Diploma or certificate in basic teachers training of a duration not less than two years",0,4,0,14,2,34,0,17,0,13,1,1,0,1,0,1,0,0,88,3,85
2019-20,33,Tamilnadu,3303,KANCHEEPURAM,330302,WALAJABAD,23,"Private Unaided (Recognized)",3,"HSS (I-XII)",4,Graduate,1,"Diploma or certificate in basic teachers training of a duration not less than two years",0,0,0,0,0,3,0,8,0,1,0,0,1,8,0,0,0,1,22,1,21
2019-20,33,Tamilnadu,3303,KANCHEEPURAM,330303,UTHIRAMERUR,23,"Private Unaided (Recognized)",3,"HSS (I-XII)",4,Graduate,1,"Diploma or certificate in basic teachers training of a duration not less than two years",0,0,0,0,1,0,0,0,0,0,0,1,0,0,0,0,0,0,2,1,1
2019-20,33,Tamilnadu,3303,KANCHEEPURAM,330304,SRIPERUMBUDUR,23,"Private Unaided (Recognized)",3,"HSS (I-XII)",4,Graduate,1,"Diploma or certificate in basic teachers training of a duration not less than two years",0,11,0,5,0,9,0,1,0,2,0,1,0,2,0,0,0,0,31,0,31
2019-20,33,Tamilnadu,3303,KANCHEEPURAM,330305,KUNDRATHUR,23,"Private Unaided (Recognized)",3,"HSS (I-XII)",4,Graduate,1,"Diploma or certificate in basic teachers training of a duration not less than two years",0,5,0,2,0,26,1,45,0,0,0,4,0,4,0,0,0,1,88,1,87
2019-20,33,Tamilnadu,3303,KANCHEEPURAM,330306,THIRUPORUR,23,"Private Unaided (Recognized)",3,"HSS (I-XII)",4,Graduate,1,"Diploma or certificate in basic teachers training of a duration not less than two years",0,1,0,0,0,22,0,6,0,1,0,0,0,2,0,0,0,0,32,0,32
2019-20,33,Tamilnadu,3303,KANCHEEPURAM,330307,KATTANKOLATHUR,23,"Private Unaided (Recognized)",3,"HSS (I-XII)",4,Graduate,1,"Diploma or certificate in basic teachers training of a duration not less than two years",0,6,0,3,0,46,1,17,0,7,0,4,0,4,2,1,0,0,91,3,88
2019-20,33,Tamilnadu,3303,KANCHEEPURAM,330308,THIRUKALUKUNDRAM,23,"Private Unaided (Recognized)",3,"HSS (I-XII)",4,Graduate,1,"Diploma or certificate in basic teachers training of a duration not less than two years",0,0,0,0,0,23,0,2,1,0,0,0,0,1,0,0,0,1,28,1,27
2019-20,33,Tamilnadu,3303,KANCHEEPURAM,330309,"ST.THOMAS MOUNT(URBAN)",23,"Private Unaided (Recognized)",3,"HSS (I-XII)",4,Graduate,1,"Diploma or certificate in basic teachers training of a duration not less than two years",0,15,0,5,0,47,0,36,1,6,0,3,0,4,0,3,0,0,120,1,119
2019-20,33,Tamilnadu,3303,KANCHEEPURAM,330310,ACHARAPAKKAM,23,"Private Unaided (Recognized)",3,"HSS (I-XII)",4,Graduate,1,"Diploma or certificate in basic teachers training of a duration not less than two years",0,0,0,1,0,6,0,3,0,1,0,0,0,0,0,0,0,0,11,0,11
2019-20,33,Tamilnadu,3303,KANCHEEPURAM,330311,MADURANTAGAM,23,"Private Unaided (Recognized)",3,"HSS (I-XII)",4,Graduate,1,"Diploma or certificate in basic teachers training of a duration not less than two years",0,0,0,0,0,0,0,2,0,0,0,0,0,1,0,0,0,0,3,0,3
2019-20,33,Tamilnadu,3303,KANCHEEPURAM,330312,LATHUR,23,"Private Unaided (Recognized)",3,"HSS (I-XII)",4,Graduate,1,"Diploma or certificate in basic teachers training of a duration not less than two years",0,0,0,0,0,2,0,4,0,1,0,0,0,0,0,0,0,0,7,0,7
2019-20,33,Tamilnadu,3303,KANCHEEPURAM,330313,CHITHAMUR,23,"Private Unaided (Recognized)",3,"HSS (I-XII)",4,Graduate,1,"Diploma or certificate in basic teachers training of a duration not less than two years",0,0,0,0,0,5,1,4,0,0,0,0,0,1,0,0,0,1,12,1,11
2019-20,33,Tamilnadu,3303,KANCHEEPURAM,330314,"ST.THOMAS MOUNT(RURAL)",23,"Private Unaided (Recognized)",3,"HSS (I-XII)",4,Graduate,1,"Diploma or certificate in basic teachers training of a duration not less than two years",0,7,1,0,0,36,2,79,1,10,0,4,0,3,0,1,1,1,146,5,141
2019-20,33,Tamilnadu,3303,KANCHEEPURAM,330301,KANCHEEPURAM,23,"Private Unaided (Recognized)",6,"SS (I-X)",4,Graduate,1,"Diploma or certificate in basic teachers training of a duration not less than two years",0,0,0,0,0,4,0,11,0,0,0,1,0,1,0,0,0,0,17,0,17
2019-20,33,Tamilnadu,3303,KANCHEEPURAM,330302,WALAJABAD,23,"Private Unaided (Recognized)",6,"SS (I-X)",4,Graduate,1,"Diploma or certificate in basic teachers training of a duration not less than two years",0,0,0,0,1,5,0,2,0,0,0,0,0,5,0,0,0,0,13,1,12
2019-20,33,Tamilnadu,3303,KANCHEEPURAM,330303,UTHIRAMERUR,23,"Private Unaided (Recognized)",6,"SS (I-X)",4,Graduate,1,"Diploma or certificate in basic teachers training of a duration not less than two years",0,0,0,0,0,3,0,4,1,0,0,0,0,0,0,0,0,0,8,1,7
2019-20,33,Tamilnadu,3303,KANCHEEPURAM,330305,KUNDRATHUR,23,"Private Unaided (Recognized)",6,"SS (I-X)",4,Graduate,1,"Diploma or certificate in basic teachers training of a duration not less than two years",0,0,0,0,0,4,0,4,0,0,0,0,0,7,0,0,0,0,15,0,15
2019-20,33,Tamilnadu,3303,KANCHEEPURAM,330306,THIRUPORUR,23,"Private Unaided (Recognized)",6,"SS (I-X)",4,Graduate,1,"Diploma or certificate in basic teachers training of a duration not less than two years",0,0,0,0,0,12,0,5,0,0,0,3,0,1,0,0,0,0,21,0,21
2019-20,33,Tamilnadu,3303,KANCHEEPURAM,330307,KATTANKOLATHUR,23,"Private Unaided (Recognized)",6,"SS (I-X)",4,Graduate,1,"Diploma or certificate in basic teachers training of a duration not less than two years",0,0,0,0,0,9,0,0,0,0,0,0,0,8,0,0,0,0,17,0,17
2019-20,33,Tamilnadu,3303,KANCHEEPURAM,330308,THIRUKALUKUNDRAM,23,"Private Unaided (Recognized)",6,"SS (I-X)",4,Graduate,1,"Diploma or certificate in basic teachers training of a duration not less than two years",0,0,0,0,0,2,0,2,0,0,0,0,0,0,0,0,0,0,4,0,4
2019-20,33,Tamilnadu,3303,KANCHEEPURAM,330309,"ST.THOMAS MOUNT(URBAN)",23,"Private Unaided (Recognized)",6,"SS (I-X)",4,Graduate,1,"Diploma or certificate in basic teachers training of a duration not less than two years",0,0,0,0,0,9,0,3,0,2,0,0,0,3,0,0,0,0,17,0,17
2019-20,33,Tamilnadu,3303,KANCHEEPURAM,330310,ACHARAPAKKAM,23,"Private Unaided (Recognized)",6,"SS (I-X)",4,Graduate,1,"Diploma or certificate in basic teachers training of a duration not less than two years",0,0,0,0,0,0,0,0,0,3,0,0,0,0,0,0,0,0,3,0,3
2019-20,33,Tamilnadu,3303,KANCHEEPURAM,330311,MADURANTAGAM,23,"Private Unaided (Recognized)",6,"SS (I-X)",4,Graduate,1,"Diploma or certificate in basic teachers training of a duration not less than two years",0,0,0,0,0,0,0,0,0,0,0,0,0,2,0,0,0,0,2,0,2
2019-20,33,Tamilnadu,3303,KANCHEEPURAM,330312,LATHUR,23,"Private Unaided (Recognized)",6,"SS (I-X)",4,Graduate,1,"Diploma or certificate in basic teachers training of a duration not less than two years",0,0,0,0,0,9,0,0,0,1,0,0,0,5,0,0,0,0,15,0,15
2019-20,33,Tamilnadu,3303,KANCHEEPURAM,330314,"ST.THOMAS MOUNT(RURAL)",23,"Private Unaided (Recognized)",6,"SS (I-X)",4,Graduate,1,"Diploma or certificate in basic teachers training of a duration not less than two years",0,2,0,1,0,17,0,4,0,5,1,0,0,13,0,0,0,0,43,1,42
2019-20,33,Tamilnadu,3303,KANCHEEPURAM,330301,KANCHEEPURAM,23,"Private Unaided (Recognized)",2,"UPS (I-VIII)",4,Graduate,3,"B.Ed. or equivalent",0,0,0,0,0,4,0,1,1,6,0,0,0,0,0,0,0,0,12,1,11
2019-20,33,Tamilnadu,3303,KANCHEEPURAM,330302,WALAJABAD,23,"Private Unaided (Recognized)",2,"UPS (I-VIII)",4,Graduate,3,"B.Ed. or equivalent",0,0,0,0,0,2,0,2,0,4,0,0,0,0,0,0,0,0,8,0,8
2019-20,33,Tamilnadu,3303,KANCHEEPURAM,330305,KUNDRATHUR,23,"Private Unaided (Recognized)",2,"UPS (I-VIII)",4,Graduate,3,"B.Ed. or equivalent",0,0,0,0,0,0,0,1,0,5,0,0,0,0,0,0,0,0,6,0,6
2019-20,33,Tamilnadu,3303,KANCHEEPURAM,330306,THIRUPORUR,23,"Private Unaided (Recognized)",2,"UPS (I-VIII)",4,Graduate,3,"B.Ed. or equivalent",0,0,0,0,0,0,0,1,0,0,0,0,0,0,0,0,0,0,1,0,1
2019-20,33,Tamilnadu,3303,KANCHEEPURAM,330307,KATTANKOLATHUR,23,"Private Unaided (Recognized)",2,"UPS (I-VIII)",4,Graduate,3,"B.Ed. or equivalent",0,0,0,0,0,0,0,4,0,4,0,0,0,0,0,0,0,0,8,0,8
2019-20,33,Tamilnadu,3303,KANCHEEPURAM,330308,THIRUKALUKUNDRAM,23,"Private Unaided (Recognized)",2,"UPS (I-VIII)",4,Graduate,3,"B.Ed. or equivalent",0,0,0,0,0,1,0,0,0,2,0,0,0,0,0,0,0,0,3,0,3
2019-20,33,Tamilnadu,3303,KANCHEEPURAM,330309,"ST.THOMAS MOUNT(URBAN)",23,"Private Unaided (Recognized)",2,"UPS (I-VIII)",4,Graduate,3,"B.Ed. or equivalent",0,0,0,0,0,7,0,0,1,1,0,0,0,0,0,0,0,0,9,1,8
2019-20,33,Tamilnadu,3303,KANCHEEPURAM,330314,"ST.THOMAS MOUNT(RURAL)",23,"Private Unaided (Recognized)",2,"UPS (I-VIII)",4,Graduate,3,"B.Ed. or equivalent",0,0,0,0,0,0,0,1,1,4,0,0,0,0,0,0,0,0,6,1,5
2019-20,33,Tamilnadu,3303,KANCHEEPURAM,330301,KANCHEEPURAM,23,"Private Unaided (Recognized)",3,"HSS (I-XII)",4,Graduate,3,"B.Ed. or equivalent",0,1,0,1,1,39,10,58,4,31,1,10,8,22,4,7,2,6,205,30,175
2019-20,33,Tamilnadu,3303,KANCHEEPURAM,330302,WALAJABAD,23,"Private Unaided (Recognized)",3,"HSS (I-XII)",4,Graduate,3,"B.Ed. or equivalent",0,0,0,0,0,4,1,7,0,1,1,0,4,19,0,2,0,0,39,6,33
2019-20,33,Tamilnadu,3303,KANCHEEPURAM,330303,UTHIRAMERUR,23,"Private Unaided (Recognized)",3,"HSS (I-XII)",4,Graduate,3,"B.Ed. or equivalent",0,0,0,0,0,1,0,3,0,0,0,6,0,0,0,0,0,0,10,0,10
2019-20,33,Tamilnadu,3303,KANCHEEPURAM,330304,SRIPERUMBUDUR,23,"Private Unaided (Recognized)",3,"HSS (I-XII)",4,Graduate,3,"B.Ed. or equivalent",0,3,0,3,0,3,0,11,0,5,2,4,1,0,2,0,0,0,34,5,29
2019-20,33,Tamilnadu,3303,KANCHEEPURAM,330305,KUNDRATHUR,23,"Private Unaided (Recognized)",3,"HSS (I-XII)",4,Graduate,3,"B.Ed. or equivalent",0,1,0,5,2,13,3,52,1,20,3,4,2,15,2,1,1,4,129,14,115
2019-20,33,Tamilnadu,3303,KANCHEEPURAM,330306,THIRUPORUR,23,"Private Unaided (Recognized)",3,"HSS (I-XII)",4,Graduate,3,"B.Ed. or equivalent",0,0,0,0,0,16,4,15,0,7,0,0,1,4,2,0,2,0,51,9,42
2019-20,33,Tamilnadu,3303,KANCHEEPURAM,330307,KATTANKOLATHUR,23,"Private Unaided (Recognized)",3,"HSS (I-XII)",4,Graduate,3,"B.Ed. or equivalent",0,8,0,7,0,87,5,56,1,18,5,21,3,39,4,11,1,10,276,19,257
2019-20,33,Tamilnadu,3303,KANCHEEPURAM,330308,THIRUKALUKUNDRAM,23,"Private Unaided (Recognized)",3,"HSS (I-XII)",4,Graduate,3,"B.Ed. or equivalent",0,0,0,0,2,22,0,12,0,2,1,0,2,8,2,0,2,1,54,9,45
2019-20,33,Tamilnadu,3303,KANCHEEPURAM,330309,"ST.THOMAS MOUNT(URBAN)",23,"Private Unaided (Recognized)",3,"HSS (I-XII)",4,Graduate,3,"B.Ed. or equivalent",0,12,0,7,2,106,4,133,1,42,7,42,5,56,5,15,4,8,449,28,421
2019-20,33,Tamilnadu,3303,KANCHEEPURAM,330310,ACHARAPAKKAM,23,"Private Unaided (Recognized)",3,"HSS (I-XII)",4,Graduate,3,"B.Ed. or equivalent",0,0,0,1,0,4,1,10,0,1,0,2,2,3,1,0,0,0,25,4,21
2019-20,33,Tamilnadu,3303,KANCHEEPURAM,330311,MADURANTAGAM,23,"Private Unaided (Recognized)",3,"HSS (I-XII)",4,Graduate,3,"B.Ed. or equivalent",0,0,0,0,0,2,1,7,1,2,0,0,0,6,1,0,2,5,27,5,22
2019-20,33,Tamilnadu,3303,KANCHEEPURAM,330312,LATHUR,23,"Private Unaided (Recognized)",3,"HSS (I-XII)",4,Graduate,3,"B.Ed. or equivalent",0,0,0,0,0,0,0,1,0,0,2,2,1,2,0,1,0,0,9,3,6
2019-20,33,Tamilnadu,3303,KANCHEEPURAM,330313,CHITHAMUR,23,"Private Unaided (Recognized)",3,"HSS (I-XII)",4,Graduate,3,"B.Ed. or equivalent",0,0,0,0,0,4,0,10,1,5,0,0,2,3,0,0,1,1,27,4,23
2019-20,33,Tamilnadu,3303,KANCHEEPURAM,330314,"ST.THOMAS MOUNT(RURAL)",23,"Private Unaided (Recognized)",3,"HSS (I-XII)",4,Graduate,3,"B.Ed. or equivalent",0,8,0,1,4,88,19,195,2,46,7,19,4,29,6,17,6,10,461,48,413
2019-20,33,Tamilnadu,3303,KANCHEEPURAM,330301,KANCHEEPURAM,23,"Private Unaided (Recognized)",5,"HSS (VI-XII)",4,Graduate,3,"B.Ed. or equivalent",0,0,0,0,0,0,0,0,0,0,0,2,0,0,0,0,0,0,2,0,2
2019-20,33,Tamilnadu,3303,KANCHEEPURAM,330307,KATTANKOLATHUR,23,"Private Unaided (Recognized)",5,"HSS (VI-XII)",4,Graduate,3,"B.Ed. or equivalent",0,0,0,0,0,0,0,0,0,1,0,0,0,1,0,0,0,0,2,0,2
2019-20,33,Tamilnadu,3303,KANCHEEPURAM,330301,KANCHEEPURAM,23,"Private Unaided (Recognized)",6,"SS (I-X)",4,Graduate,3,"B.Ed. or equivalent",0,0,0,0,0,6,0,13,0,3,1,4,0,1,0,0,0,0,28,1,27
2019-20,33,Tamilnadu,3303,KANCHEEPURAM,330302,WALAJABAD,23,"Private Unaided (Recognized)",6,"SS (I-X)",4,Graduate,3,"B.Ed. or equivalent",0,0,0,0,0,1,0,1,0,0,1,5,3,4,0,0,0,0,15,4,11
2019-20,33,Tamilnadu,3303,KANCHEEPURAM,330303,UTHIRAMERUR,23,"Private Unaided (Recognized)",6,"SS (I-X)",4,Graduate,3,"B.Ed. or equivalent",0,0,0,0,0,3,0,6,0,2,1,3,0,3,0,0,0,0,18,1,17
2019-20,33,Tamilnadu,3303,KANCHEEPURAM,330305,KUNDRATHUR,23,"Private Unaided (Recognized)",6,"SS (I-X)",4,Graduate,3,"B.Ed. or equivalent",0,0,0,0,1,4,0,3,0,0,0,4,1,9,0,0,0,0,22,2,20
2019-20,33,Tamilnadu,3303,KANCHEEPURAM,330306,THIRUPORUR,23,"Private Unaided (Recognized)",6,"SS (I-X)",4,Graduate,3,"B.Ed. or equivalent",0,0,0,0,0,3,0,2,2,1,1,2,0,2,0,0,0,0,13,3,10
2019-20,33,Tamilnadu,3303,KANCHEEPURAM,330307,KATTANKOLATHUR,23,"Private Unaided (Recognized)",6,"SS (I-X)",4,Graduate,3,"B.Ed. or equivalent",0,0,0,0,0,8,0,7,0,3,0,3,0,16,0,0,0,0,37,0,37
2019-20,33,Tamilnadu,3303,KANCHEEPURAM,330308,THIRUKALUKUNDRAM,23,"Private Unaided (Recognized)",6,"SS (I-X)",4,Graduate,3,"B.Ed. or equivalent",0,0,0,0,0,1,0,2,0,1,0,0,1,1,0,0,0,0,6,1,5
2019-20,33,Tamilnadu,3303,KANCHEEPURAM,330309,"ST.THOMAS MOUNT(URBAN)",23,"Private Unaided (Recognized)",6,"SS (I-X)",4,Graduate,3,"B.Ed. or equivalent",0,0,0,0,1,19,2,11,0,2,0,11,3,19,0,0,0,0,68,6,62
2019-20,33,Tamilnadu,3303,KANCHEEPURAM,330310,ACHARAPAKKAM,23,"Private Unaided (Recognized)",6,"SS (I-X)",4,Graduate,3,"B.Ed. or equivalent",0,0,0,0,0,0,0,0,0,0,0,0,2,3,0,0,0,0,5,2,3
2019-20,33,Tamilnadu,3303,KANCHEEPURAM,330311,MADURANTAGAM,23,"Private Unaided (Recognized)",6,"SS (I-X)",4,Graduate,3,"B.Ed. or equivalent",0,0,0,0,0,0,0,0,0,0,0,0,0,5,0,0,0,0,5,0,5
2019-20,33,Tamilnadu,3303,KANCHEEPURAM,330312,LATHUR,23,"Private Unaided (Recognized)",6,"SS (I-X)",4,Graduate,3,"B.Ed. or equivalent",0,0,0,0,0,2,1,7,0,0,0,0,1,13,0,0,0,0,24,2,22
2019-20,33,Tamilnadu,3303,KANCHEEPURAM,330313,CHITHAMUR,23,"Private Unaided (Recognized)",6,"SS (I-X)",4,Graduate,3,"B.Ed. or equivalent",0,0,0,0,0,0,0,1,0,0,0,6,0,0,0,0,0,0,7,0,7
2019-20,33,Tamilnadu,3303,KANCHEEPURAM,330314,"ST.THOMAS MOUNT(RURAL)",23,"Private Unaided (Recognized)",6,"SS (I-X)",4,Graduate,3,"B.Ed. or equivalent",0,0,0,0,0,19,1,12,1,4,0,10,3,34,0,0,0,0,84,5,79
2019-20,33,Tamilnadu,3303,KANCHEEPURAM,330301,KANCHEEPURAM,23,"Private Unaided (Recognized)",3,"HSS (I-XII)",4,Graduate,4,"M.Ed. or equivalent",0,0,0,0,0,0,0,2,0,1,0,1,1,1,0,0,0,0,6,1,5
2019-20,33,Tamilnadu,3303,KANCHEEPURAM,330303,UTHIRAMERUR,23,"Private Unaided (Recognized)",3,"HSS (I-XII)",4,Graduate,4,"M.Ed. or equivalent",0,0,0,0,0,1,0,1,0,0,0,0,0,0,0,0,0,0,2,0,2
2019-20,33,Tamilnadu,3303,KANCHEEPURAM,330305,KUNDRATHUR,23,"Private Unaided (Recognized)",3,"HSS (I-XII)",4,Graduate,4,"M.Ed. or equivalent",0,0,0,0,0,1,0,0,0,0,0,0,0,0,0,0,0,0,1,0,1
2019-20,33,Tamilnadu,3303,KANCHEEPURAM,330307,KATTANKOLATHUR,23,"Private Unaided (Recognized)",3,"HSS (I-XII)",4,Graduate,4,"M.Ed. or equivalent",0,0,0,0,0,1,0,2,0,0,0,0,0,1,0,0,0,0,4,0,4
2019-20,33,Tamilnadu,3303,KANCHEEPURAM,330309,"ST.THOMAS MOUNT(URBAN)",23,"Private Unaided (Recognized)",3,"HSS (I-XII)",4,Graduate,4,"M.Ed. or equivalent",0,0,0,0,0,1,0,0,0,0,0,1,1,1,0,0,0,0,4,1,3
2019-20,33,Tamilnadu,3303,KANCHEEPURAM,330311,MADURANTAGAM,23,"Private Unaided (Recognized)",3,"HSS (I-XII)",4,Graduate,4,"M.Ed. or equivalent",0,0,0,0,0,0,0,0,0,0,1,0,0,0,0,0,0,0,1,1,0
2019-20,33,Tamilnadu,3303,KANCHEEPURAM,330313,CHITHAMUR,23,"Private Unaided (Recognized)",3,"HSS (I-XII)",4,Graduate,4,"M.Ed. or equivalent",0,0,0,0,0,0,0,1,0,1,0,0,0,0,0,0,0,0,2,0,2
2019-20,33,Tamilnadu,3303,KANCHEEPURAM,330314,"ST.THOMAS MOUNT(RURAL)",23,"Private Unaided (Recognized)",3,"HSS (I-XII)",4,Graduate,4,"M.Ed. or equivalent",0,0,0,1,0,0,0,2,0,2,0,1,0,1,1,1,0,0,9,1,8
2019-20,33,Tamilnadu,3303,KANCHEEPURAM,330308,THIRUKALUKUNDRAM,23,"Private Unaided (Recognized)",6,"SS (I-X)",4,Graduate,4,"M.Ed. or equivalent",0,0,0,0,0,0,0,0,0,1,0,0,0,0,0,0,0,0,1,0,1
2019-20,33,Tamilnadu,3303,KANCHEEPURAM,330309,"ST.THOMAS MOUNT(URBAN)",23,"Private Unaided (Recognized)",6,"SS (I-X)",4,Graduate,4,"M.Ed. or equivalent",0,0,0,0,0,0,0,0,0,0,1,0,0,0,0,0,0,0,1,1,0
2019-20,33,Tamilnadu,3303,KANCHEEPURAM,330311,MADURANTAGAM,23,"Private Unaided (Recognized)",6,"SS (I-X)",4,Graduate,4,"M.Ed. or equivalent",0,0,0,0,0,0,0,0,0,0,0,0,1,0,0,0,0,0,1,1,0
2019-20,33,Tamilnadu,3303,KANCHEEPURAM,330314,"ST.THOMAS MOUNT(RURAL)",23,"Private Unaided (Recognized)",6,"SS (I-X)",4,Graduate,4,"M.Ed. or equivalent",0,0,0,0,0,0,0,0,0,0,0,0,0,1,0,0,0,0,1,0,1
2019-20,33,Tamilnadu,3303,KANCHEEPURAM,330305,KUNDRATHUR,23,"Private Unaided (Recognized)",1,"PS (I-V)",4,Graduate,5,Others,0,0,0,1,0,0,0,0,0,0,0,0,0,0,0,0,0,0,1,0,1
2019-20,33,Tamilnadu,3303,KANCHEEPURAM,330301,KANCHEEPURAM,23,"Private Unaided (Recognized)",2,"UPS (I-VIII)",4,Graduate,5,Others,0,0,0,0,0,2,0,0,0,0,0,0,0,0,0,0,0,0,2,0,2
2019-20,33,Tamilnadu,3303,KANCHEEPURAM,330302,WALAJABAD,23,"Private Unaided (Recognized)",2,"UPS (I-VIII)",4,Graduate,5,Others,0,0,0,0,0,0,0,1,1,2,0,0,0,0,0,0,0,0,4,1,3
2019-20,33,Tamilnadu,3303,KANCHEEPURAM,330305,KUNDRATHUR,23,"Private Unaided (Recognized)",2,"UPS (I-VIII)",4,Graduate,5,Others,0,0,0,0,0,0,0,0,0,7,0,0,0,0,0,0,0,0,7,0,7
2019-20,33,Tamilnadu,3303,KANCHEEPURAM,330306,THIRUPORUR,23,"Private Unaided (Recognized)",2,"UPS (I-VIII)",4,Graduate,5,Others,0,0,0,0,0,0,0,3,0,0,0,0,0,0,0,0,0,0,3,0,3
2019-20,33,Tamilnadu,3303,KANCHEEPURAM,330307,KATTANKOLATHUR,23,"Private Unaided (Recognized)",2,"UPS (I-VIII)",4,Graduate,5,Others,0,0,0,0,0,0,0,1,0,3,0,0,0,0,0,0,0,0,4,0,4
2019-20,33,Tamilnadu,3303,KANCHEEPURAM,330309,"ST.THOMAS MOUNT(URBAN)",23,"Private Unaided (Recognized)",2,"UPS (I-VIII)",4,Graduate,5,Others,0,0,0,0,0,3,0,0,0,0,0,0,0,0,0,0,0,0,3,0,3
2019-20,33,Tamilnadu,3303,KANCHEEPURAM,330314,"ST.THOMAS MOUNT(RURAL)",23,"Private Unaided (Recognized)",2,"UPS (I-VIII)",4,Graduate,5,Others,0,0,0,0,0,0,0,0,0,12,0,0,0,0,0,0,0,0,12,0,12
2019-20,33,Tamilnadu,3303,KANCHEEPURAM,330301,KANCHEEPURAM,23,"Private Unaided (Recognized)",3,"HSS (I-XII)",4,Graduate,5,Others,0,0,0,5,0,8,0,9,0,4,0,0,0,0,1,1,0,1,29,1,28
2019-20,33,Tamilnadu,3303,KANCHEEPURAM,330302,WALAJABAD,23,"Private Unaided (Recognized)",3,"HSS (I-XII)",4,Graduate,5,Others,0,0,0,0,0,2,0,4,0,0,0,0,0,2,0,0,0,0,8,0,8
2019-20,33,Tamilnadu,3303,KANCHEEPURAM,330303,UTHIRAMERUR,23,"Private Unaided (Recognized)",3,"HSS (I-XII)",4,Graduate,5,Others,0,0,0,0,0,0,0,0,0,0,0,0,0,0,0,1,0,0,1,0,1
2019-20,33,Tamilnadu,3303,KANCHEEPURAM,330305,KUNDRATHUR,23,"Private Unaided (Recognized)",3,"HSS (I-XII)",4,Graduate,5,Others,0,1,0,1,0,19,1,7,1,4,0,1,0,3,0,2,0,2,42,2,40
2019-20,33,Tamilnadu,3303,KANCHEEPURAM,330306,THIRUPORUR,23,"Private Unaided (Recognized)",3,"HSS (I-XII)",4,Graduate,5,Others,0,6,0,0,0,10,0,0,0,1,0,0,0,0,0,0,1,0,18,1,17
2019-20,33,Tamilnadu,3303,KANCHEEPURAM,330307,KATTANKOLATHUR,23,"Private Unaided (Recognized)",3,"HSS (I-XII)",4,Graduate,5,Others,0,12,0,4,0,41,1,16,0,6,0,2,0,3,2,2,0,1,90,3,87
2019-20,33,Tamilnadu,3303,KANCHEEPURAM,330308,THIRUKALUKUNDRAM,23,"Private Unaided (Recognized)",3,"HSS (I-XII)",4,Graduate,5,Others,0,1,0,0,1,8,0,0,1,0,0,1,0,0,0,1,0,0,13,2,11
2019-20,33,Tamilnadu,3303,KANCHEEPURAM,330309,"ST.THOMAS MOUNT(URBAN)",23,"Private Unaided (Recognized)",3,"HSS (I-XII)",4,Graduate,5,Others,0,33,0,3,2,44,3,37,1,7,0,5,3,8,1,2,1,1,151,11,140
2019-20,33,Tamilnadu,3303,KANCHEEPURAM,330310,ACHARAPAKKAM,23,"Private Unaided (Recognized)",3,"HSS (I-XII)",4,Graduate,5,Others,0,0,0,1,0,0,1,0,0,0,0,0,0,0,0,0,0,0,2,1,1
2019-20,33,Tamilnadu,3303,KANCHEEPURAM,330311,MADURANTAGAM,23,"Private Unaided (Recognized)",3,"HSS (I-XII)",4,Graduate,5,Others,0,0,0,0,0,2,0,1,0,2,0,0,0,0,0,1,0,0,6,0,6
2019-20,33,Tamilnadu,3303,KANCHEEPURAM,330312,LATHUR,23,"Private Unaided (Recognized)",3,"HSS (I-XII)",4,Graduate,5,Others,0,1,0,0,0,2,0,3,0,0,0,0,0,0,0,1,1,0,8,1,7
2019-20,33,Tamilnadu,3303,KANCHEEPURAM,330313,CHITHAMUR,23,"Private Unaided (Recognized)",3,"HSS (I-XII)",4,Graduate,5,Others,0,0,0,0,0,0,0,1,0,0,0,0,0,0,0,0,0,0,1,0,1
2019-20,33,Tamilnadu,3303,KANCHEEPURAM,330314,"ST.THOMAS MOUNT(RURAL)",23,"Private Unaided (Recognized)",3,"HSS (I-XII)",4,Graduate,5,Others,1,31,0,3,3,55,7,106,2,10,1,2,3,3,2,5,1,1,236,20,216
2019-20,33,Tamilnadu,3303,KANCHEEPURAM,330309,"ST.THOMAS MOUNT(URBAN)",23,"Private Unaided (Recognized)",5,"HSS (VI-XII)",4,Graduate,5,Others,0,0,0,0,0,0,0,0,0,0,0,0,0,0,0,0,0,1,1,0,1
2019-20,33,Tamilnadu,3303,KANCHEEPURAM,330301,KANCHEEPURAM,23,"Private Unaided (Recognized)",6,"SS (I-X)",4,Graduate,5,Others,0,0,0,0,0,2,0,3,0,2,0,0,0,1,0,0,0,0,8,0,8
2019-20,33,Tamilnadu,3303,KANCHEEPURAM,330302,WALAJABAD,23,"Private Unaided (Recognized)",6,"SS (I-X)",4,Graduate,5,Others,0,0,0,0,0,0,0,2,0,0,0,0,0,1,0,0,0,0,3,0,3
2019-20,33,Tamilnadu,3303,KANCHEEPURAM,330303,UTHIRAMERUR,23,"Private Unaided (Recognized)",6,"SS (I-X)",4,Graduate,5,Others,0,0,0,0,0,0,0,1,0,0,0,0,0,3,0,0,0,0,4,0,4
2019-20,33,Tamilnadu,3303,KANCHEEPURAM,330305,KUNDRATHUR,23,"Private Unaided (Recognized)",6,"SS (I-X)",4,Graduate,5,Others,0,0,0,0,0,5,0,2,0,0,1,0,0,5,0,0,0,0,13,1,12
2019-20,33,Tamilnadu,3303,KANCHEEPURAM,330306,THIRUPORUR,23,"Private Unaided (Recognized)",6,"SS (I-X)",4,Graduate,5,Others,0,0,0,0,0,0,0,0,0,1,0,1,0,0,0,0,0,0,2,0,2
2019-20,33,Tamilnadu,3303,KANCHEEPURAM,330307,KATTANKOLATHUR,23,"Private Unaided (Recognized)",6,"SS (I-X)",4,Graduate,5,Others,0,0,0,0,0,4,0,3,0,0,0,0,0,3,0,0,0,0,10,0,10
2019-20,33,Tamilnadu,3303,KANCHEEPURAM,330308,THIRUKALUKUNDRAM,23,"Private Unaided (Recognized)",6,"SS (I-X)",4,Graduate,5,Others,0,0,0,0,0,0,0,0,0,1,0,0,0,0,0,0,0,0,1,0,1
2019-20,33,Tamilnadu,3303,KANCHEEPURAM,330309,"ST.THOMAS MOUNT(URBAN)",23,"Private Unaided (Recognized)",6,"SS (I-X)",4,Graduate,5,Others,0,0,0,0,1,10,0,4,1,0,0,2,0,8,0,0,0,0,26,2,24
2019-20,33,Tamilnadu,3303,KANCHEEPURAM,330312,LATHUR,23,"Private Unaided (Recognized)",6,"SS (I-X)",4,Graduate,5,Others,0,0,0,0,0,2,0,0,0,0,0,0,0,3,0,0,0,0,5,0,5
2019-20,33,Tamilnadu,3303,KANCHEEPURAM,330314,"ST.THOMAS MOUNT(RURAL)",23,"Private Unaided (Recognized)",6,"SS (I-X)",4,Graduate,5,Others,0,0,0,0,0,18,0,5,0,3,0,6,3,13,0,0,0,0,48,3,45
2019-20,33,Tamilnadu,3303,KANCHEEPURAM,330301,KANCHEEPURAM,23,"Private Unaided (Recognized)",2,"UPS (I-VIII)",4,Graduate,6,None,0,0,0,0,0,3,0,0,0,7,0,0,0,0,0,0,0,0,10,0,10
2019-20,33,Tamilnadu,3303,KANCHEEPURAM,330305,KUNDRATHUR,23,"Private Unaided (Recognized)",2,"UPS (I-VIII)",4,Graduate,6,None,0,0,0,0,0,0,0,3,0,1,0,0,0,0,0,0,0,0,4,0,4
2019-20,33,Tamilnadu,3303,KANCHEEPURAM,330307,KATTANKOLATHUR,23,"Private Unaided (Recognized)",2,"UPS (I-VIII)",4,Graduate,6,None,0,0,0,0,0,0,0,1,0,1,0,0,0,0,0,0,0,0,2,0,2
2019-20,33,Tamilnadu,3303,KANCHEEPURAM,330308,THIRUKALUKUNDRAM,23,"Private Unaided (Recognized)",2,"UPS (I-VIII)",4,Graduate,6,None,0,0,0,0,1,3,0,1,0,4,0,0,0,0,0,0,0,0,9,1,8
2019-20,33,Tamilnadu,3303,KANCHEEPURAM,330314,"ST.THOMAS MOUNT(RURAL)",23,"Private Unaided (Recognized)",2,"UPS (I-VIII)",4,Graduate,6,None,0,0,0,0,0,0,0,0,0,2,0,0,0,0,0,0,0,0,2,0,2
2019-20,33,Tamilnadu,3303,KANCHEEPURAM,330301,KANCHEEPURAM,23,"Private Unaided (Recognized)",3,"HSS (I-XII)",4,Graduate,6,None,0,2,0,4,0,37,0,16,0,5,0,5,0,3,2,2,0,4,80,2,78
2019-20,33,Tamilnadu,3303,KANCHEEPURAM,330302,WALAJABAD,23,"Private Unaided (Recognized)",3,"HSS (I-XII)",4,Graduate,6,None,0,0,0,0,0,2,0,1,0,0,0,0,0,0,0,0,0,0,3,0,3
2019-20,33,Tamilnadu,3303,KANCHEEPURAM,330304,SRIPERUMBUDUR,23,"Private Unaided (Recognized)",3,"HSS (I-XII)",4,Graduate,6,None,0,3,0,0,0,1,0,0,0,0,0,1,0,0,0,0,0,0,5,0,5
2019-20,33,Tamilnadu,3303,KANCHEEPURAM,330305,KUNDRATHUR,23,"Private Unaided (Recognized)",3,"HSS (I-XII)",4,Graduate,6,None,0,3,0,0,2,8,0,10,0,1,0,0,0,0,0,0,0,0,24,2,22
2019-20,33,Tamilnadu,3303,KANCHEEPURAM,330306,THIRUPORUR,23,"Private Unaided (Recognized)",3,"HSS (I-XII)",4,Graduate,6,None,0,0,0,0,0,3,0,0,0,0,0,0,0,0,0,0,0,0,3,0,3
2019-20,33,Tamilnadu,3303,KANCHEEPURAM,330307,KATTANKOLATHUR,23,"Private Unaided (Recognized)",3,"HSS (I-XII)",4,Graduate,6,None,0,4,0,1,0,13,2,10,0,2,0,4,2,3,2,1,1,0,45,7,38
2019-20,33,Tamilnadu,3303,KANCHEEPURAM,330308,THIRUKALUKUNDRAM,23,"Private Unaided (Recognized)",3,"HSS (I-XII)",4,Graduate,6,None,0,0,0,0,1,4,1,0,0,0,0,0,0,0,0,0,0,0,6,2,4
2019-20,33,Tamilnadu,3303,KANCHEEPURAM,330309,"ST.THOMAS MOUNT(URBAN)",23,"Private Unaided (Recognized)",3,"HSS (I-XII)",4,Graduate,6,None,0,17,0,3,0,35,4,37,0,7,1,0,0,2,5,2,2,2,117,12,105
2019-20,33,Tamilnadu,3303,KANCHEEPURAM,330310,ACHARAPAKKAM,23,"Private Unaided (Recognized)",3,"HSS (I-XII)",4,Graduate,6,None,0,0,0,0,0,0,0,1,0,0,0,0,0,0,0,0,0,0,1,0,1
2019-20,33,Tamilnadu,3303,KANCHEEPURAM,330312,LATHUR,23,"Private Unaided (Recognized)",3,"HSS (I-XII)",4,Graduate,6,None,0,0,0,0,0,1,0,0,0,0,0,0,0,1,0,0,0,0,2,0,2
2019-20,33,Tamilnadu,3303,KANCHEEPURAM,330313,CHITHAMUR,23,"Private Unaided (Recognized)",3,"HSS (I-XII)",4,Graduate,6,None,0,0,0,0,0,3,0,0,0,0,0,1,0,0,1,0,1,0,6,2,4
2019-20,33,Tamilnadu,3303,KANCHEEPURAM,330314,"ST.THOMAS MOUNT(RURAL)",23,"Private Unaided (Recognized)",3,"HSS (I-XII)",4,Graduate,6,None,0,7,0,6,1,17,11,50,1,9,0,2,0,1,2,6,1,1,115,16,99
2019-20,33,Tamilnadu,3303,KANCHEEPURAM,330301,KANCHEEPURAM,23,"Private Unaided (Recognized)",5,"HSS (VI-XII)",4,Graduate,6,None,0,0,0,0,0,0,0,0,0,1,0,1,0,0,0,0,0,0,2,0,2
2019-20,33,Tamilnadu,3303,KANCHEEPURAM,330307,KATTANKOLATHUR,23,"Private Unaided (Recognized)",5,"HSS (VI-XII)",4,Graduate,6,None,0,0,0,0,0,0,0,0,0,0,0,0,0,0,1,0,0,0,1,1,0
2019-20,33,Tamilnadu,3303,KANCHEEPURAM,330301,KANCHEEPURAM,23,"Private Unaided (Recognized)",6,"SS (I-X)",4,Graduate,6,None,0,0,0,0,0,2,0,0,0,0,0,1,0,3,0,0,0,0,6,0,6
2019-20,33,Tamilnadu,3303,KANCHEEPURAM,330302,WALAJABAD,23,"Private Unaided (Recognized)",6,"SS (I-X)",4,Graduate,6,None,0,0,0,0,0,0,0,0,0,0,0,0,0,1,0,0,0,0,1,0,1
2019-20,33,Tamilnadu,3303,KANCHEEPURAM,330305,KUNDRATHUR,23,"Private Unaided (Recognized)",6,"SS (I-X)",4,Graduate,6,None,0,0,0,0,0,0,0,0,0,0,0,0,0,3,0,0,0,0,3,0,3
2019-20,33,Tamilnadu,3303,KANCHEEPURAM,330306,THIRUPORUR,23,"Private Unaided (Recognized)",6,"SS (I-X)",4,Graduate,6,None,0,0,0,0,0,0,0,0,0,0,0,0,1,1,0,0,0,0,2,1,1
2019-20,33,Tamilnadu,3303,KANCHEEPURAM,330307,KATTANKOLATHUR,23,"Private Unaided (Recognized)",6,"SS (I-X)",4,Graduate,6,None,0,0,0,0,0,0,0,3,0,0,0,0,0,2,0,0,0,0,5,0,5
2019-20,33,Tamilnadu,3303,KANCHEEPURAM,330308,THIRUKALUKUNDRAM,23,"Private Unaided (Recognized)",6,"SS (I-X)",4,Graduate,6,None,0,0,0,0,0,1,0,0,0,0,0,0,0,0,0,0,0,0,1,0,1
2019-20,33,Tamilnadu,3303,KANCHEEPURAM,330309,"ST.THOMAS MOUNT(URBAN)",23,"Private Unaided (Recognized)",6,"SS (I-X)",4,Graduate,6,None,0,1,0,0,1,15,0,2,0,1,0,0,2,2,0,0,0,0,24,3,21
2019-20,33,Tamilnadu,3303,KANCHEEPURAM,330310,ACHARAPAKKAM,23,"Private Unaided (Recognized)",6,"SS (I-X)",4,Graduate,6,None,0,0,0,0,0,0,0,0,0,0,0,0,0,1,0,0,0,0,1,0,1
2019-20,33,Tamilnadu,3303,KANCHEEPURAM,330313,CHITHAMUR,23,"Private Unaided (Recognized)",6,"SS (I-X)",4,Graduate,6,None,0,0,0,0,0,0,0,0,0,0,0,0,0,1,0,0,0,0,1,0,1
2019-20,33,Tamilnadu,3303,KANCHEEPURAM,330314,"ST.THOMAS MOUNT(RURAL)",23,"Private Unaided (Recognized)",6,"SS (I-X)",4,Graduate,6,None,0,0,0,0,0,8,0,1,0,2,1,4,0,4,0,0,0,0,20,1,19
2019-20,33,Tamilnadu,3303,KANCHEEPURAM,330302,WALAJABAD,23,"Private Unaided (Recognized)",2,"UPS (I-VIII)",5,"Post graduate",1,"Diploma or certificate in basic teachers training of a duration not less than two years",0,0,0,0,0,0,0,1,0,1,0,0,0,0,0,0,0,0,2,0,2
2019-20,33,Tamilnadu,3303,KANCHEEPURAM,330305,KUNDRATHUR,23,"Private Unaided (Recognized)",2,"UPS (I-VIII)",5,"Post graduate",1,"Diploma or certificate in basic teachers training of a duration not less than two years",0,0,0,0,0,0,0,0,0,2,0,0,0,0,0,0,0,0,2,0,2
2019-20,33,Tamilnadu,3303,KANCHEEPURAM,330306,THIRUPORUR,23,"Private Unaided (Recognized)",2,"UPS (I-VIII)",5,"Post graduate",1,"Diploma or certificate in basic teachers training of a duration not less than two years",0,0,0,0,0,0,0,1,0,0,0,0,0,0,0,0,0,0,1,0,1
2019-20,33,Tamilnadu,3303,KANCHEEPURAM,330307,KATTANKOLATHUR,23,"Private Unaided (Recognized)",2,"UPS (I-VIII)",5,"Post graduate",1,"Diploma or certificate in basic teachers training of a duration not less than two years",0,0,0,0,0,0,0,0,0,1,0,0,0,0,0,0,0,0,1,0,1
2019-20,33,Tamilnadu,3303,KANCHEEPURAM,330308,THIRUKALUKUNDRAM,23,"Private Unaided (Recognized)",2,"UPS (I-VIII)",5,"Post graduate",1,"Diploma or certificate in basic teachers training of a duration not less than two years",0,0,0,0,0,0,0,0,0,1,0,0,0,0,0,0,0,0,1,0,1
2019-20,33,Tamilnadu,3303,KANCHEEPURAM,330314,"ST.THOMAS MOUNT(RURAL)",23,"Private Unaided (Recognized)",2,"UPS (I-VIII)",5,"Post graduate",1,"Diploma or certificate in basic teachers training of a duration not less than two years",0,0,0,0,0,0,0,0,0,1,0,0,0,0,0,0,0,0,1,0,1
2019-20,33,Tamilnadu,3303,KANCHEEPURAM,330301,KANCHEEPURAM,23,"Private Unaided (Recognized)",3,"HSS (I-XII)",5,"Post graduate",1,"Diploma or certificate in basic teachers training of a duration not less than two years",0,0,0,0,0,16,0,2,0,3,0,0,0,2,0,3,0,0,26,0,26
2019-20,33,Tamilnadu,3303,KANCHEEPURAM,330302,WALAJABAD,23,"Private Unaided (Recognized)",3,"HSS (I-XII)",5,"Post graduate",1,"Diploma or certificate in basic teachers training of a duration not less than two years",0,0,0,0,0,1,0,1,0,0,0,0,0,3,0,0,0,0,5,0,5
2019-20,33,Tamilnadu,3303,KANCHEEPURAM,330304,SRIPERUMBUDUR,23,"Private Unaided (Recognized)",3,"HSS (I-XII)",5,"Post graduate",1,"Diploma or certificate in basic teachers training of a duration not less than two years",0,0,0,0,0,1,0,0,0,0,0,0,0,0,0,0,0,0,1,0,1
2019-20,33,Tamilnadu,3303,KANCHEEPURAM,330305,KUNDRATHUR,23,"Private Unaided (Recognized)",3,"HSS (I-XII)",5,"Post graduate",1,"Diploma or certificate in basic teachers training of a duration not less than two years",0,1,0,0,0,5,0,15,0,2,0,0,0,3,0,2,0,0,28,0,28
2019-20,33,Tamilnadu,3303,KANCHEEPURAM,330306,THIRUPORUR,23,"Private Unaided (Recognized)",3,"HSS (I-XII)",5,"Post graduate",1,"Diploma or certificate in basic teachers training of a duration not less than two years",0,1,0,0,0,5,0,3,0,2,0,0,1,0,0,0,0,0,12,1,11
2019-20,33,Tamilnadu,3303,KANCHEEPURAM,330307,KATTANKOLATHUR,23,"Private Unaided (Recognized)",3,"HSS (I-XII)",5,"Post graduate",1,"Diploma or certificate in basic teachers training of a duration not less than two years",0,0,0,0,0,7,0,11,0,6,0,1,0,2,0,1,1,0,29,1,28
2019-20,33,Tamilnadu,3303,KANCHEEPURAM,330308,THIRUKALUKUNDRAM,23,"Private Unaided (Recognized)",3,"HSS (I-XII)",5,"Post graduate",1,"Diploma or certificate in basic teachers training of a duration not less than two years",0,0,0,0,0,0,0,1,0,1,0,0,0,1,0,0,0,0,3,0,3
2019-20,33,Tamilnadu,3303,KANCHEEPURAM,330309,"ST.THOMAS MOUNT(URBAN)",23,"Private Unaided (Recognized)",3,"HSS (I-XII)",5,"Post graduate",1,"Diploma or certificate in basic teachers training of a duration not less than two years",0,5,0,0,0,10,0,7,0,2,0,2,0,4,0,1,0,1,32,0,32
2019-20,33,Tamilnadu,3303,KANCHEEPURAM,330310,ACHARAPAKKAM,23,"Private Unaided (Recognized)",3,"HSS (I-XII)",5,"Post graduate",1,"Diploma or certificate in basic teachers training of a duration not less than two years",0,0,0,0,0,0,0,1,0,0,0,0,0,0,0,0,0,0,1,0,1
2019-20,33,Tamilnadu,3303,KANCHEEPURAM,330311,MADURANTAGAM,23,"Private Unaided (Recognized)",3,"HSS (I-XII)",5,"Post graduate",1,"Diploma or certificate in basic teachers training of a duration not less than two years",0,0,0,0,0,0,0,0,0,0,0,0,0,1,0,0,0,0,1,0,1
2019-20,33,Tamilnadu,3303,KANCHEEPURAM,330313,CHITHAMUR,23,"Private Unaided (Recognized)",3,"HSS (I-XII)",5,"Post graduate",1,"Diploma or certificate in basic teachers training of a duration not less than two years",0,0,0,0,0,0,0,0,0,1,0,0,0,1,0,0,0,0,2,0,2
2019-20,33,Tamilnadu,3303,KANCHEEPURAM,330314,"ST.THOMAS MOUNT(RURAL)",23,"Private Unaided (Recognized)",3,"HSS (I-XII)",5,"Post graduate",1,"Diploma or certificate in basic teachers training of a duration not less than two years",0,3,0,1,0,17,0,29,0,4,0,4,1,2,0,3,0,0,64,1,63
2019-20,33,Tamilnadu,3303,KANCHEEPURAM,330301,KANCHEEPURAM,23,"Private Unaided (Recognized)",6,"SS (I-X)",5,"Post graduate",1,"Diploma or certificate in basic teachers training of a duration not less than two years",0,0,0,0,0,0,0,1,0,0,0,0,0,1,0,0,0,0,2,0,2
2019-20,33,Tamilnadu,3303,KANCHEEPURAM,330302,WALAJABAD,23,"Private Unaided (Recognized)",6,"SS (I-X)",5,"Post graduate",1,"Diploma or certificate in basic teachers training of a duration not less than two years",0,0,0,0,0,0,0,0,0,0,0,0,0,3,0,0,0,0,3,0,3
2019-20,33,Tamilnadu,3303,KANCHEEPURAM,330303,UTHIRAMERUR,23,"Private Unaided (Recognized)",6,"SS (I-X)",5,"Post graduate",1,"Diploma or certificate in basic teachers training of a duration not less than two years",0,0,0,0,0,1,0,1,0,0,0,0,0,0,0,0,0,0,2,0,2
2019-20,33,Tamilnadu,3303,KANCHEEPURAM,330305,KUNDRATHUR,23,"Private Unaided (Recognized)",6,"SS (I-X)",5,"Post graduate",1,"Diploma or certificate in basic teachers training of a duration not less than two years",0,0,0,0,0,1,0,0,0,0,0,0,0,3,0,0,0,0,4,0,4
2019-20,33,Tamilnadu,3303,KANCHEEPURAM,330306,THIRUPORUR,23,"Private Unaided (Recognized)",6,"SS (I-X)",5,"Post graduate",1,"Diploma or certificate in basic teachers training of a duration not less than two years",0,0,0,0,0,1,0,1,0,0,0,0,0,0,0,0,0,0,2,0,2
2019-20,33,Tamilnadu,3303,KANCHEEPURAM,330307,KATTANKOLATHUR,23,"Private Unaided (Recognized)",6,"SS (I-X)",5,"Post graduate",1,"Diploma or certificate in basic teachers training of a duration not less than two years",0,0,0,0,0,1,0,0,0,0,0,0,0,1,0,0,0,0,2,0,2
2019-20,33,Tamilnadu,3303,KANCHEEPURAM,330309,"ST.THOMAS MOUNT(URBAN)",23,"Private Unaided (Recognized)",6,"SS (I-X)",5,"Post graduate",1,"Diploma or certificate in basic teachers training of a duration not less than two years",0,0,0,0,0,3,0,2,0,1,0,0,0,0,0,0,0,0,6,0,6
2019-20,33,Tamilnadu,3303,KANCHEEPURAM,330310,ACHARAPAKKAM,23,"Private Unaided (Recognized)",6,"SS (I-X)",5,"Post graduate",1,"Diploma or certificate in basic teachers training of a duration not less than two years",0,0,0,0,0,0,0,0,0,0,0,0,0,1,0,0,0,0,1,0,1
2019-20,33,Tamilnadu,3303,KANCHEEPURAM,330314,"ST.THOMAS MOUNT(RURAL)",23,"Private Unaided (Recognized)",6,"SS (I-X)",5,"Post graduate",1,"Diploma or certificate in basic teachers training of a duration not less than two years",0,0,0,1,0,11,0,1,0,1,0,0,0,1,0,0,0,0,15,0,15
2019-20,33,Tamilnadu,3303,KANCHEEPURAM,330305,KUNDRATHUR,23,"Private Unaided (Recognized)",1,"PS (I-V)",5,"Post graduate",3,"B.Ed. or equivalent",0,0,1,0,0,1,0,0,0,0,0,0,0,0,0,0,0,0,2,1,1
2019-20,33,Tamilnadu,3303,KANCHEEPURAM,330301,KANCHEEPURAM,23,"Private Unaided (Recognized)",2,"UPS (I-VIII)",5,"Post graduate",3,"B.Ed. or equivalent",0,0,0,0,0,2,0,0,0,6,0,0,0,0,0,0,0,0,8,0,8
2019-20,33,Tamilnadu,3303,KANCHEEPURAM,330302,WALAJABAD,23,"Private Unaided (Recognized)",2,"UPS (I-VIII)",5,"Post graduate",3,"B.Ed. or equivalent",0,0,0,0,0,2,0,0,0,6,0,0,0,0,0,0,0,0,8,0,8
2019-20,33,Tamilnadu,3303,KANCHEEPURAM,330305,KUNDRATHUR,23,"Private Unaided (Recognized)",2,"UPS (I-VIII)",5,"Post graduate",3,"B.Ed. or equivalent",0,0,0,0,0,0,0,1,1,2,0,0,0,0,0,0,0,0,4,1,3
2019-20,33,Tamilnadu,3303,KANCHEEPURAM,330306,THIRUPORUR,23,"Private Unaided (Recognized)",2,"UPS (I-VIII)",5,"Post graduate",3,"B.Ed. or equivalent",0,0,0,0,0,0,1,1,0,2,0,0,0,0,0,0,0,0,4,1,3
2019-20,33,Tamilnadu,3303,KANCHEEPURAM,330307,KATTANKOLATHUR,23,"Private Unaided (Recognized)",2,"UPS (I-VIII)",5,"Post graduate",3,"B.Ed. or equivalent",0,0,0,0,0,0,0,1,0,4,0,0,0,0,0,0,0,0,5,0,5
2019-20,33,Tamilnadu,3303,KANCHEEPURAM,330308,THIRUKALUKUNDRAM,23,"Private Unaided (Recognized)",2,"UPS (I-VIII)",5,"Post graduate",3,"B.Ed. or equivalent",0,0,0,0,0,1,0,0,1,1,0,0,0,0,0,0,0,0,3,1,2
2019-20,33,Tamilnadu,3303,KANCHEEPURAM,330309,"ST.THOMAS MOUNT(URBAN)",23,"Private Unaided (Recognized)",2,"UPS (I-VIII)",5,"Post graduate",3,"B.Ed. or equivalent",0,0,0,0,0,6,0,0,0,1,0,0,0,0,0,0,0,0,7,0,7
2019-20,33,Tamilnadu,3303,KANCHEEPURAM,330314,"ST.THOMAS MOUNT(RURAL)",23,"Private Unaided (Recognized)",2,"UPS (I-VIII)",5,"Post graduate",3,"B.Ed. or equivalent",0,0,0,0,0,0,0,0,0,8,0,0,0,0,0,0,0,0,8,0,8
2019-20,33,Tamilnadu,3303,KANCHEEPURAM,330301,KANCHEEPURAM,23,"Private Unaided (Recognized)",3,"HSS (I-XII)",5,"Post graduate",3,"B.Ed. or equivalent",0,0,1,2,1,38,7,65,7,36,7,7,11,36,15,27,29,47,336,78,258
2019-20,33,Tamilnadu,3303,KANCHEEPURAM,330302,WALAJABAD,23,"Private Unaided (Recognized)",3,"HSS (I-XII)",5,"Post graduate",3,"B.Ed. or equivalent",0,0,0,0,0,0,1,7,0,0,0,0,2,12,6,6,5,18,57,14,43
2019-20,33,Tamilnadu,3303,KANCHEEPURAM,330303,UTHIRAMERUR,23,"Private Unaided (Recognized)",3,"HSS (I-XII)",5,"Post graduate",3,"B.Ed. or equivalent",0,0,0,0,0,0,1,0,0,0,5,11,0,0,5,7,2,3,34,13,21
2019-20,33,Tamilnadu,3303,KANCHEEPURAM,330304,SRIPERUMBUDUR,23,"Private Unaided (Recognized)",3,"HSS (I-XII)",5,"Post graduate",3,"B.Ed. or equivalent",0,4,0,1,0,4,0,11,0,5,1,9,2,5,8,9,1,8,68,12,56
2019-20,33,Tamilnadu,3303,KANCHEEPURAM,330305,KUNDRATHUR,23,"Private Unaided (Recognized)",3,"HSS (I-XII)",5,"Post graduate",3,"B.Ed. or equivalent",0,0,0,2,1,25,11,61,1,9,1,8,2,29,10,29,13,28,230,39,191
2019-20,33,Tamilnadu,3303,KANCHEEPURAM,330306,THIRUPORUR,23,"Private Unaided (Recognized)",3,"HSS (I-XII)",5,"Post graduate",3,"B.Ed. or equivalent",0,2,0,0,1,6,4,7,0,6,1,2,5,14,5,12,9,13,87,25,62
2019-20,33,Tamilnadu,3303,KANCHEEPURAM,330307,KATTANKOLATHUR,23,"Private Unaided (Recognized)",3,"HSS (I-XII)",5,"Post graduate",3,"B.Ed. or equivalent",0,5,0,3,1,73,5,97,1,17,2,28,7,49,19,69,20,73,469,55,414
2019-20,33,Tamilnadu,3303,KANCHEEPURAM,330308,THIRUKALUKUNDRAM,23,"Private Unaided (Recognized)",3,"HSS (I-XII)",5,"Post graduate",3,"B.Ed. or equivalent",0,0,0,0,4,12,0,9,0,4,1,6,6,10,6,22,5,14,99,22,77
2019-20,33,Tamilnadu,3303,KANCHEEPURAM,330309,"ST.THOMAS MOUNT(URBAN)",23,"Private Unaided (Recognized)",3,"HSS (I-XII)",5,"Post graduate",3,"B.Ed. or equivalent",0,8,0,3,0,79,16,198,0,36,3,85,11,121,36,125,33,149,903,99,804
2019-20,33,Tamilnadu,3303,KANCHEEPURAM,330310,ACHARAPAKKAM,23,"Private Unaided (Recognized)",3,"HSS (I-XII)",5,"Post graduate",3,"B.Ed. or equivalent",0,0,0,0,0,3,0,6,0,2,0,3,1,1,4,7,2,0,29,7,22
2019-20,33,Tamilnadu,3303,KANCHEEPURAM,330311,MADURANTAGAM,23,"Private Unaided (Recognized)",3,"HSS (I-XII)",5,"Post graduate",3,"B.Ed. or equivalent",0,0,0,0,0,0,0,2,0,1,0,0,2,4,3,4,1,1,18,6,12
2019-20,33,Tamilnadu,3303,KANCHEEPURAM,330312,LATHUR,23,"Private Unaided (Recognized)",3,"HSS (I-XII)",5,"Post graduate",3,"B.Ed. or equivalent",0,0,0,0,0,0,1,0,0,0,1,1,0,0,2,2,2,0,9,6,3
2019-20,33,Tamilnadu,3303,KANCHEEPURAM,330313,CHITHAMUR,23,"Private Unaided (Recognized)",3,"HSS (I-XII)",5,"Post graduate",3,"B.Ed. or equivalent",0,0,0,0,1,3,2,4,0,6,3,1,2,6,5,2,13,11,59,26,33
2019-20,33,Tamilnadu,3303,KANCHEEPURAM,330314,"ST.THOMAS MOUNT(RURAL)",23,"Private Unaided (Recognized)",3,"HSS (I-XII)",5,"Post graduate",3,"B.Ed. or equivalent",0,6,0,3,4,51,48,261,3,49,4,45,15,89,38,119,41,100,876,153,723
2019-20,33,Tamilnadu,3303,KANCHEEPURAM,330301,KANCHEEPURAM,23,"Private Unaided (Recognized)",5,"HSS (VI-XII)",5,"Post graduate",3,"B.Ed. or equivalent",0,0,0,0,0,0,0,0,0,1,0,3,0,0,3,3,0,5,15,3,12
2019-20,33,Tamilnadu,3303,KANCHEEPURAM,330307,KATTANKOLATHUR,23,"Private Unaided (Recognized)",5,"HSS (VI-XII)",5,"Post graduate",3,"B.Ed. or equivalent",0,0,0,0,0,0,0,0,0,1,6,4,0,0,0,0,0,3,14,6,8
2019-20,33,Tamilnadu,3303,KANCHEEPURAM,330309,"ST.THOMAS MOUNT(URBAN)",23,"Private Unaided (Recognized)",5,"HSS (VI-XII)",5,"Post graduate",3,"B.Ed. or equivalent",0,0,0,0,0,0,0,0,0,0,1,1,0,0,4,6,0,1,13,5,8
2019-20,33,Tamilnadu,3303,KANCHEEPURAM,330301,KANCHEEPURAM,23,"Private Unaided (Recognized)",6,"SS (I-X)",5,"Post graduate",3,"B.Ed. or equivalent",0,0,0,0,0,4,0,6,0,0,0,7,1,3,0,0,0,0,21,1,20
2019-20,33,Tamilnadu,3303,KANCHEEPURAM,330302,WALAJABAD,23,"Private Unaided (Recognized)",6,"SS (I-X)",5,"Post graduate",3,"B.Ed. or equivalent",0,0,0,0,0,0,0,0,0,0,0,6,4,5,0,0,0,0,15,4,11
2019-20,33,Tamilnadu,3303,KANCHEEPURAM,330303,UTHIRAMERUR,23,"Private Unaided (Recognized)",6,"SS (I-X)",5,"Post graduate",3,"B.Ed. or equivalent",0,0,0,0,0,1,0,0,0,2,2,4,3,8,0,0,0,0,20,5,15
2019-20,33,Tamilnadu,3303,KANCHEEPURAM,330305,KUNDRATHUR,23,"Private Unaided (Recognized)",6,"SS (I-X)",5,"Post graduate",3,"B.Ed. or equivalent",0,0,0,0,0,2,0,5,0,0,1,6,4,20,0,0,0,0,38,5,33
2019-20,33,Tamilnadu,3303,KANCHEEPURAM,330306,THIRUPORUR,23,"Private Unaided (Recognized)",6,"SS (I-X)",5,"Post graduate",3,"B.Ed. or equivalent",0,0,0,0,0,1,0,6,0,0,1,7,1,14,0,0,0,0,30,2,28
2019-20,33,Tamilnadu,3303,KANCHEEPURAM,330307,KATTANKOLATHUR,23,"Private Unaided (Recognized)",6,"SS (I-X)",5,"Post graduate",3,"B.Ed. or equivalent",0,0,0,0,0,7,0,5,0,3,0,3,2,22,0,0,0,0,42,2,40
2019-20,33,Tamilnadu,3303,KANCHEEPURAM,330308,THIRUKALUKUNDRAM,23,"Private Unaided (Recognized)",6,"SS (I-X)",5,"Post graduate",3,"B.Ed. or equivalent",0,0,0,0,0,0,0,0,1,2,0,0,1,1,0,0,0,0,5,2,3
2019-20,33,Tamilnadu,3303,KANCHEEPURAM,330309,"ST.THOMAS MOUNT(URBAN)",23,"Private Unaided (Recognized)",6,"SS (I-X)",5,"Post graduate",3,"B.Ed. or equivalent",0,0,0,0,1,15,0,9,0,5,1,25,0,18,0,0,0,0,74,2,72
2019-20,33,Tamilnadu,3303,KANCHEEPURAM,330310,ACHARAPAKKAM,23,"Private Unaided (Recognized)",6,"SS (I-X)",5,"Post graduate",3,"B.Ed. or equivalent",0,0,0,0,0,0,0,0,0,0,0,0,0,5,0,0,0,0,5,0,5
2019-20,33,Tamilnadu,3303,KANCHEEPURAM,330311,MADURANTAGAM,23,"Private Unaided (Recognized)",6,"SS (I-X)",5,"Post graduate",3,"B.Ed. or equivalent",0,0,0,0,1,0,0,0,0,0,0,0,0,2,0,0,0,0,3,1,2
2019-20,33,Tamilnadu,3303,KANCHEEPURAM,330312,LATHUR,23,"Private Unaided (Recognized)",6,"SS (I-X)",5,"Post graduate",3,"B.Ed. or equivalent",0,0,0,0,0,2,3,3,0,2,0,2,3,12,0,0,0,0,27,6,21
2019-20,33,Tamilnadu,3303,KANCHEEPURAM,330313,CHITHAMUR,23,"Private Unaided (Recognized)",6,"SS (I-X)",5,"Post graduate",3,"B.Ed. or equivalent",0,0,0,0,0,0,0,0,0,0,1,0,0,1,0,0,0,0,2,1,1
2019-20,33,Tamilnadu,3303,KANCHEEPURAM,330314,"ST.THOMAS MOUNT(RURAL)",23,"Private Unaided (Recognized)",6,"SS (I-X)",5,"Post graduate",3,"B.Ed. or equivalent",0,0,0,0,0,23,1,15,1,14,2,20,8,53,0,0,0,0,137,12,125
2019-20,33,Tamilnadu,3303,KANCHEEPURAM,330302,WALAJABAD,23,"Private Unaided (Recognized)",2,"UPS (I-VIII)",5,"Post graduate",4,"M.Ed. or equivalent",0,0,0,0,0,0,0,1,0,2,0,0,0,0,0,0,0,0,3,0,3
2019-20,33,Tamilnadu,3303,KANCHEEPURAM,330305,KUNDRATHUR,23,"Private Unaided (Recognized)",2,"UPS (I-VIII)",5,"Post graduate",4,"M.Ed. or equivalent",0,0,0,0,0,0,0,1,0,0,0,0,0,0,0,0,0,0,1,0,1
2019-20,33,Tamilnadu,3303,KANCHEEPURAM,330309,"ST.THOMAS MOUNT(URBAN)",23,"Private Unaided (Recognized)",2,"UPS (I-VIII)",5,"Post graduate",4,"M.Ed. or equivalent",0,0,0,0,0,1,0,0,0,0,0,0,0,0,0,0,0,0,1,0,1
2019-20,33,Tamilnadu,3303,KANCHEEPURAM,330314,"ST.THOMAS MOUNT(RURAL)",23,"Private Unaided (Recognized)",2,"UPS (I-VIII)",5,"Post graduate",4,"M.Ed. or equivalent",0,0,0,0,0,0,0,0,0,1,0,0,0,0,0,0,0,0,1,0,1
2019-20,33,Tamilnadu,3303,KANCHEEPURAM,330301,KANCHEEPURAM,23,"Private Unaided (Recognized)",3,"HSS (I-XII)",5,"Post graduate",4,"M.Ed. or equivalent",0,0,0,0,0,1,1,3,0,1,0,0,0,5,1,4,3,4,23,5,18
2019-20,33,Tamilnadu,3303,KANCHEEPURAM,330302,WALAJABAD,23,"Private Unaided (Recognized)",3,"HSS (I-XII)",5,"Post graduate",4,"M.Ed. or equivalent",0,0,0,0,0,0,0,0,0,0,0,0,1,0,0,0,0,0,1,1,0
2019-20,33,Tamilnadu,3303,KANCHEEPURAM,330303,UTHIRAMERUR,23,"Private Unaided (Recognized)",3,"HSS (I-XII)",5,"Post graduate",4,"M.Ed. or equivalent",0,0,0,0,0,0,0,0,0,0,0,1,1,0,0,0,1,0,3,2,1
2019-20,33,Tamilnadu,3303,KANCHEEPURAM,330304,SRIPERUMBUDUR,23,"Private Unaided (Recognized)",3,"HSS (I-XII)",5,"Post graduate",4,"M.Ed. or equivalent",0,0,0,0,0,0,0,0,0,1,0,0,0,1,0,0,0,0,2,0,2
2019-20,33,Tamilnadu,3303,KANCHEEPURAM,330305,KUNDRATHUR,23,"Private Unaided (Recognized)",3,"HSS (I-XII)",5,"Post graduate",4,"M.Ed. or equivalent",0,0,0,0,0,2,2,2,0,0,0,0,1,0,0,1,4,0,12,7,5
2019-20,33,Tamilnadu,3303,KANCHEEPURAM,330306,THIRUPORUR,23,"Private Unaided (Recognized)",3,"HSS (I-XII)",5,"Post graduate",4,"M.Ed. or equivalent",0,0,0,0,0,0,0,0,0,0,0,0,0,0,2,0,1,2,5,3,2
2019-20,33,Tamilnadu,3303,KANCHEEPURAM,330307,KATTANKOLATHUR,23,"Private Unaided (Recognized)",3,"HSS (I-XII)",5,"Post graduate",4,"M.Ed. or equivalent",0,0,0,0,0,6,0,6,0,1,0,0,0,4,3,7,3,9,39,6,33
2019-20,33,Tamilnadu,3303,KANCHEEPURAM,330308,THIRUKALUKUNDRAM,23,"Private Unaided (Recognized)",3,"HSS (I-XII)",5,"Post graduate",4,"M.Ed. or equivalent",0,0,0,0,1,1,0,0,0,0,0,0,0,0,0,0,1,0,3,2,1
2019-20,33,Tamilnadu,3303,KANCHEEPURAM,330309,"ST.THOMAS MOUNT(URBAN)",23,"Private Unaided (Recognized)",3,"HSS (I-XII)",5,"Post graduate",4,"M.Ed. or equivalent",0,0,0,0,0,1,1,8,0,2,1,4,0,5,4,8,2,23,59,8,51
2019-20,33,Tamilnadu,3303,KANCHEEPURAM,330310,ACHARAPAKKAM,23,"Private Unaided (Recognized)",3,"HSS (I-XII)",5,"Post graduate",4,"M.Ed. or equivalent",0,0,0,0,0,0,0,0,0,0,0,0,0,1,1,0,1,0,3,2,1
2019-20,33,Tamilnadu,3303,KANCHEEPURAM,330311,MADURANTAGAM,23,"Private Unaided (Recognized)",3,"HSS (I-XII)",5,"Post graduate",4,"M.Ed. or equivalent",0,0,0,0,0,0,0,0,0,0,0,0,0,1,2,0,0,0,3,2,1
2019-20,33,Tamilnadu,3303,KANCHEEPURAM,330313,CHITHAMUR,23,"Private Unaided (Recognized)",3,"HSS (I-XII)",5,"Post graduate",4,"M.Ed. or equivalent",0,0,0,0,0,0,0,0,0,0,0,0,1,0,1,0,2,2,6,4,2
2019-20,33,Tamilnadu,3303,KANCHEEPURAM,330314,"ST.THOMAS MOUNT(RURAL)",23,"Private Unaided (Recognized)",3,"HSS (I-XII)",5,"Post graduate",4,"M.Ed. or equivalent",0,0,0,0,1,4,2,12,2,2,2,4,2,11,3,10,2,8,65,14,51
2019-20,33,Tamilnadu,3303,KANCHEEPURAM,330301,KANCHEEPURAM,23,"Private Unaided (Recognized)",5,"HSS (VI-XII)",5,"Post graduate",4,"M.Ed. or equivalent",0,0,0,0,0,0,0,0,0,1,0,1,0,0,0,0,0,0,2,0,2
2019-20,33,Tamilnadu,3303,KANCHEEPURAM,330307,KATTANKOLATHUR,23,"Private Unaided (Recognized)",5,"HSS (VI-XII)",5,"Post graduate",4,"M.Ed. or equivalent",0,0,0,0,0,0,0,0,0,0,0,0,0,0,2,0,0,0,2,2,0
2019-20,33,Tamilnadu,3303,KANCHEEPURAM,330301,KANCHEEPURAM,23,"Private Unaided (Recognized)",6,"SS (I-X)",5,"Post graduate",4,"M.Ed. or equivalent",0,0,0,0,0,0,0,0,0,0,0,0,0,3,0,0,0,0,3,0,3
2019-20,33,Tamilnadu,3303,KANCHEEPURAM,330303,UTHIRAMERUR,23,"Private Unaided (Recognized)",6,"SS (I-X)",5,"Post graduate",4,"M.Ed. or equivalent",0,0,0,0,0,0,0,0,0,0,0,1,2,2,0,0,0,0,5,2,3
2019-20,33,Tamilnadu,3303,KANCHEEPURAM,330305,KUNDRATHUR,23,"Private Unaided (Recognized)",6,"SS (I-X)",5,"Post graduate",4,"M.Ed. or equivalent",0,0,0,0,0,0,0,0,0,0,0,0,0,2,0,0,0,0,2,0,2
2019-20,33,Tamilnadu,3303,KANCHEEPURAM,330306,THIRUPORUR,23,"Private Unaided (Recognized)",6,"SS (I-X)",5,"Post graduate",4,"M.Ed. or equivalent",0,0,0,0,0,0,0,0,0,0,0,1,0,0,0,0,0,0,1,0,1
2019-20,33,Tamilnadu,3303,KANCHEEPURAM,330307,KATTANKOLATHUR,23,"Private Unaided (Recognized)",6,"SS (I-X)",5,"Post graduate",4,"M.Ed. or equivalent",0,0,0,0,0,0,0,0,0,0,0,1,0,2,0,0,0,0,3,0,3
2019-20,33,Tamilnadu,3303,KANCHEEPURAM,330309,"ST.THOMAS MOUNT(URBAN)",23,"Private Unaided (Recognized)",6,"SS (I-X)",5,"Post graduate",4,"M.Ed. or equivalent",0,0,0,0,1,3,0,1,0,0,1,1,0,3,0,0,0,0,10,2,8
2019-20,33,Tamilnadu,3303,KANCHEEPURAM,330310,ACHARAPAKKAM,23,"Private Unaided (Recognized)",6,"SS (I-X)",5,"Post graduate",4,"M.Ed. or equivalent",0,0,0,0,0,0,0,0,0,0,0,0,0,1,0,0,0,0,1,0,1
2019-20,33,Tamilnadu,3303,KANCHEEPURAM,330312,LATHUR,23,"Private Unaided (Recognized)",6,"SS (I-X)",5,"Post graduate",4,"M.Ed. or equivalent",0,0,0,0,0,0,0,0,0,0,0,0,0,3,0,0,0,0,3,0,3
2019-20,33,Tamilnadu,3303,KANCHEEPURAM,330314,"ST.THOMAS MOUNT(RURAL)",23,"Private Unaided (Recognized)",6,"SS (I-X)",5,"Post graduate",4,"M.Ed. or equivalent",0,0,0,0,0,1,0,0,0,2,0,1,2,1,0,0,0,0,7,2,5
2019-20,33,Tamilnadu,3303,KANCHEEPURAM,330305,KUNDRATHUR,23,"Private Unaided (Recognized)",1,"PS (I-V)",5,"Post graduate",5,Others,0,0,0,0,0,1,0,0,0,0,0,0,0,0,0,0,0,0,1,0,1
2019-20,33,Tamilnadu,3303,KANCHEEPURAM,330301,KANCHEEPURAM,23,"Private Unaided (Recognized)",2,"UPS (I-VIII)",5,"Post graduate",5,Others,0,0,0,0,0,1,0,0,0,4,0,0,0,0,0,0,0,0,5,0,5
2019-20,33,Tamilnadu,3303,KANCHEEPURAM,330305,KUNDRATHUR,23,"Private Unaided (Recognized)",2,"UPS (I-VIII)",5,"Post graduate",5,Others,0,0,0,0,0,0,0,1,0,7,0,0,0,0,0,0,0,0,8,0,8
2019-20,33,Tamilnadu,3303,KANCHEEPURAM,330306,THIRUPORUR,23,"Private Unaided (Recognized)",2,"UPS (I-VIII)",5,"Post graduate",5,Others,0,0,0,0,0,0,0,1,0,0,0,0,0,0,0,0,0,0,1,0,1
2019-20,33,Tamilnadu,3303,KANCHEEPURAM,330308,THIRUKALUKUNDRAM,23,"Private Unaided (Recognized)",2,"UPS (I-VIII)",5,"Post graduate",5,Others,0,0,0,0,0,0,0,0,0,1,0,0,0,0,0,0,0,0,1,0,1
2019-20,33,Tamilnadu,3303,KANCHEEPURAM,330309,"ST.THOMAS MOUNT(URBAN)",23,"Private Unaided (Recognized)",2,"UPS (I-VIII)",5,"Post graduate",5,Others,0,0,0,0,1,2,0,0,0,0,0,0,0,0,0,0,0,0,3,1,2
2019-20,33,Tamilnadu,3303,KANCHEEPURAM,330314,"ST.THOMAS MOUNT(RURAL)",23,"Private Unaided (Recognized)",2,"UPS (I-VIII)",5,"Post graduate",5,Others,0,0,0,0,0,0,0,0,0,4,0,0,0,0,0,0,0,0,4,0,4
2019-20,33,Tamilnadu,3303,KANCHEEPURAM,330301,KANCHEEPURAM,23,"Private Unaided (Recognized)",3,"HSS (I-XII)",5,"Post graduate",5,Others,0,0,0,1,0,2,2,10,0,0,0,2,0,1,0,1,0,3,22,2,20
2019-20,33,Tamilnadu,3303,KANCHEEPURAM,330302,WALAJABAD,23,"Private Unaided (Recognized)",3,"HSS (I-XII)",5,"Post graduate",5,Others,0,0,0,0,0,0,0,0,0,0,0,1,0,0,0,1,2,1,5,2,3
2019-20,33,Tamilnadu,3303,KANCHEEPURAM,330305,KUNDRATHUR,23,"Private Unaided (Recognized)",3,"HSS (I-XII)",5,"Post graduate",5,Others,0,0,0,1,0,5,0,2,0,5,0,1,0,1,0,1,0,4,20,0,20
2019-20,33,Tamilnadu,3303,KANCHEEPURAM,330306,THIRUPORUR,23,"Private Unaided (Recognized)",3,"HSS (I-XII)",5,"Post graduate",5,Others,0,0,0,0,0,1,0,1,0,0,0,0,0,1,0,1,2,5,11,2,9
2019-20,33,Tamilnadu,3303,KANCHEEPURAM,330307,KATTANKOLATHUR,23,"Private Unaided (Recognized)",3,"HSS (I-XII)",5,"Post graduate",5,Others,0,3,0,0,0,15,2,14,1,14,0,1,0,5,0,7,0,5,67,3,64
2019-20,33,Tamilnadu,3303,KANCHEEPURAM,330308,THIRUKALUKUNDRAM,23,"Private Unaided (Recognized)",3,"HSS (I-XII)",5,"Post graduate",5,Others,0,0,0,0,0,4,0,0,0,0,0,0,0,3,1,2,0,0,10,1,9
2019-20,33,Tamilnadu,3303,KANCHEEPURAM,330309,"ST.THOMAS MOUNT(URBAN)",23,"Private Unaided (Recognized)",3,"HSS (I-XII)",5,"Post graduate",5,Others,0,7,0,3,0,26,2,34,0,2,0,5,2,8,0,6,2,7,104,6,98
2019-20,33,Tamilnadu,3303,KANCHEEPURAM,330311,MADURANTAGAM,23,"Private Unaided (Recognized)",3,"HSS (I-XII)",5,"Post graduate",5,Others,0,0,0,0,1,0,0,1,0,0,0,1,0,1,0,1,0,1,6,1,5
2019-20,33,Tamilnadu,3303,KANCHEEPURAM,330312,LATHUR,23,"Private Unaided (Recognized)",3,"HSS (I-XII)",5,"Post graduate",5,Others,0,0,0,0,0,0,0,0,0,1,0,1,0,0,0,0,0,1,3,0,3
2019-20,33,Tamilnadu,3303,KANCHEEPURAM,330313,CHITHAMUR,23,"Private Unaided (Recognized)",3,"HSS (I-XII)",5,"Post graduate",5,Others,0,0,0,0,0,0,0,1,0,0,0,0,0,0,0,0,0,1,2,0,2
2019-20,33,Tamilnadu,3303,KANCHEEPURAM,330314,"ST.THOMAS MOUNT(RURAL)",23,"Private Unaided (Recognized)",3,"HSS (I-XII)",5,"Post graduate",5,Others,0,7,0,6,0,27,0,39,0,7,1,5,2,6,2,5,0,9,116,5,111
2019-20,33,Tamilnadu,3303,KANCHEEPURAM,330301,KANCHEEPURAM,23,"Private Unaided (Recognized)",6,"SS (I-X)",5,"Post graduate",5,Others,0,0,0,0,0,0,0,3,0,0,0,0,0,5,0,0,0,0,8,0,8
2019-20,33,Tamilnadu,3303,KANCHEEPURAM,330302,WALAJABAD,23,"Private Unaided (Recognized)",6,"SS (I-X)",5,"Post graduate",5,Others,0,0,0,0,0,0,0,0,0,0,0,2,0,1,0,0,0,0,3,0,3
2019-20,33,Tamilnadu,3303,KANCHEEPURAM,330303,UTHIRAMERUR,23,"Private Unaided (Recognized)",6,"SS (I-X)",5,"Post graduate",5,Others,0,0,0,0,0,0,0,1,0,1,0,1,0,0,0,0,0,0,3,0,3
2019-20,33,Tamilnadu,3303,KANCHEEPURAM,330305,KUNDRATHUR,23,"Private Unaided (Recognized)",6,"SS (I-X)",5,"Post graduate",5,Others,0,0,0,0,0,2,0,3,0,0,0,1,0,5,0,0,0,0,11,0,11
2019-20,33,Tamilnadu,3303,KANCHEEPURAM,330306,THIRUPORUR,23,"Private Unaided (Recognized)",6,"SS (I-X)",5,"Post graduate",5,Others,0,0,0,0,0,1,0,0,0,1,0,0,0,0,0,0,0,0,2,0,2
2019-20,33,Tamilnadu,3303,KANCHEEPURAM,330307,KATTANKOLATHUR,23,"Private Unaided (Recognized)",6,"SS (I-X)",5,"Post graduate",5,Others,0,0,0,0,0,2,0,0,0,0,0,0,0,2,0,0,0,0,4,0,4
2019-20,33,Tamilnadu,3303,KANCHEEPURAM,330309,"ST.THOMAS MOUNT(URBAN)",23,"Private Unaided (Recognized)",6,"SS (I-X)",5,"Post graduate",5,Others,0,0,0,0,0,3,0,2,0,0,0,0,0,5,0,0,0,0,10,0,10
2019-20,33,Tamilnadu,3303,KANCHEEPURAM,330312,LATHUR,23,"Private Unaided (Recognized)",6,"SS (I-X)",5,"Post graduate",5,Others,0,0,0,0,0,0,0,0,0,1,0,0,0,0,0,0,0,0,1,0,1
2019-20,33,Tamilnadu,3303,KANCHEEPURAM,330314,"ST.THOMAS MOUNT(RURAL)",23,"Private Unaided (Recognized)",6,"SS (I-X)",5,"Post graduate",5,Others,0,0,0,0,1,6,1,1,0,0,0,4,1,8,0,0,0,0,22,3,19
2019-20,33,Tamilnadu,3303,KANCHEEPURAM,330301,KANCHEEPURAM,23,"Private Unaided (Recognized)",2,"UPS (I-VIII)",5,"Post graduate",6,None,0,0,0,0,0,1,0,0,0,6,0,0,0,0,0,0,0,0,7,0,7
2019-20,33,Tamilnadu,3303,KANCHEEPURAM,330305,KUNDRATHUR,23,"Private Unaided (Recognized)",2,"UPS (I-VIII)",5,"Post graduate",6,None,0,0,0,0,0,0,0,1,1,1,0,0,0,0,0,0,0,0,3,1,2
2019-20,33,Tamilnadu,3303,KANCHEEPURAM,330307,KATTANKOLATHUR,23,"Private Unaided (Recognized)",2,"UPS (I-VIII)",5,"Post graduate",6,None,0,0,0,0,0,0,0,0,1,2,0,0,0,0,0,0,0,0,3,1,2
2019-20,33,Tamilnadu,3303,KANCHEEPURAM,330308,THIRUKALUKUNDRAM,23,"Private Unaided (Recognized)",2,"UPS (I-VIII)",5,"Post graduate",6,None,0,0,0,0,0,0,0,0,0,2,0,0,0,0,0,0,0,0,2,0,2
2019-20,33,Tamilnadu,3303,KANCHEEPURAM,330314,"ST.THOMAS MOUNT(RURAL)",23,"Private Unaided (Recognized)",2,"UPS (I-VIII)",5,"Post graduate",6,None,0,0,0,0,0,0,0,0,0,4,0,0,0,0,0,0,0,0,4,0,4
2019-20,33,Tamilnadu,3303,KANCHEEPURAM,330301,KANCHEEPURAM,23,"Private Unaided (Recognized)",3,"HSS (I-XII)",5,"Post graduate",6,None,0,0,0,0,0,17,0,16,0,6,0,5,0,2,0,0,0,9,55,0,55
2019-20,33,Tamilnadu,3303,KANCHEEPURAM,330302,WALAJABAD,23,"Private Unaided (Recognized)",3,"HSS (I-XII)",5,"Post graduate",6,None,0,0,0,0,0,0,0,2,0,0,0,0,0,0,0,1,0,1,4,0,4
2019-20,33,Tamilnadu,3303,KANCHEEPURAM,330305,KUNDRATHUR,23,"Private Unaided (Recognized)",3,"HSS (I-XII)",5,"Post graduate",6,None,0,0,0,0,1,6,0,4,0,1,0,3,0,2,0,2,0,1,20,1,19
2019-20,33,Tamilnadu,3303,KANCHEEPURAM,330306,THIRUPORUR,23,"Private Unaided (Recognized)",3,"HSS (I-XII)",5,"Post graduate",6,None,0,0,0,0,0,0,0,0,0,1,0,0,0,1,1,2,0,0,5,1,4
2019-20,33,Tamilnadu,3303,KANCHEEPURAM,330307,KATTANKOLATHUR,23,"Private Unaided (Recognized)",3,"HSS (I-XII)",5,"Post graduate",6,None,0,0,0,0,0,7,0,4,0,1,1,1,0,1,0,2,0,4,21,1,20
2019-20,33,Tamilnadu,3303,KANCHEEPURAM,330308,THIRUKALUKUNDRAM,23,"Private Unaided (Recognized)",3,"HSS (I-XII)",5,"Post graduate",6,None,0,0,0,0,0,0,0,0,0,0,0,0,0,0,0,1,0,0,1,0,1
2019-20,33,Tamilnadu,3303,KANCHEEPURAM,330309,"ST.THOMAS MOUNT(URBAN)",23,"Private Unaided (Recognized)",3,"HSS (I-XII)",5,"Post graduate",6,None,0,8,0,2,0,15,2,13,1,9,0,2,0,13,2,2,5,9,83,10,73
2019-20,33,Tamilnadu,3303,KANCHEEPURAM,330310,ACHARAPAKKAM,23,"Private Unaided (Recognized)",3,"HSS (I-XII)",5,"Post graduate",6,None,0,0,0,0,0,0,0,0,0,0,0,0,0,0,1,0,0,0,1,1,0
2019-20,33,Tamilnadu,3303,KANCHEEPURAM,330313,CHITHAMUR,23,"Private Unaided (Recognized)",3,"HSS (I-XII)",5,"Post graduate",6,None,0,0,0,0,0,1,0,0,0,0,0,0,0,0,0,0,0,0,1,0,1
2019-20,33,Tamilnadu,3303,KANCHEEPURAM,330314,"ST.THOMAS MOUNT(RURAL)",23,"Private Unaided (Recognized)",3,"HSS (I-XII)",5,"Post graduate",6,None,0,4,0,1,0,9,6,30,1,4,1,1,0,2,4,7,3,3,76,15,61
2019-20,33,Tamilnadu,3303,KANCHEEPURAM,330301,KANCHEEPURAM,23,"Private Unaided (Recognized)",5,"HSS (VI-XII)",5,"Post graduate",6,None,0,0,0,0,0,0,0,0,0,0,0,2,0,0,1,1,1,0,5,2,3
2019-20,33,Tamilnadu,3303,KANCHEEPURAM,330301,KANCHEEPURAM,23,"Private Unaided (Recognized)",6,"SS (I-X)",5,"Post graduate",6,None,0,0,0,0,0,1,0,0,0,0,0,1,0,0,0,0,0,0,2,0,2
2019-20,33,Tamilnadu,3303,KANCHEEPURAM,330302,WALAJABAD,23,"Private Unaided (Recognized)",6,"SS (I-X)",5,"Post graduate",6,None,0,0,0,0,0,0,0,0,0,0,0,0,0,1,0,0,0,0,1,0,1
2019-20,33,Tamilnadu,3303,KANCHEEPURAM,330306,THIRUPORUR,23,"Private Unaided (Recognized)",6,"SS (I-X)",5,"Post graduate",6,None,0,0,0,0,0,0,0,0,0,0,0,1,0,1,0,0,0,0,2,0,2
2019-20,33,Tamilnadu,3303,KANCHEEPURAM,330307,KATTANKOLATHUR,23,"Private Unaided (Recognized)",6,"SS (I-X)",5,"Post graduate",6,None,0,0,0,0,0,1,0,1,0,1,1,1,0,0,0,0,0,0,5,1,4
2019-20,33,Tamilnadu,3303,KANCHEEPURAM,330309,"ST.THOMAS MOUNT(URBAN)",23,"Private Unaided (Recognized)",6,"SS (I-X)",5,"Post graduate",6,None,0,0,0,0,0,4,0,1,0,1,0,0,0,1,0,0,0,0,7,0,7
2019-20,33,Tamilnadu,3303,KANCHEEPURAM,330314,"ST.THOMAS MOUNT(RURAL)",23,"Private Unaided (Recognized)",6,"SS (I-X)",5,"Post graduate",6,None,0,0,0,0,0,6,0,1,0,0,0,1,2,2,0,0,0,0,12,2,10
2019-20,33,Tamilnadu,3303,KANCHEEPURAM,330305,KUNDRATHUR,23,"Private Unaided (Recognized)",3,"HSS (I-XII)",6,M.Phil,1,"Diploma or certificate in basic teachers training of a duration not less than two years",0,0,0,0,0,0,0,0,0,0,0,1,0,0,0,0,0,0,1,0,1
2019-20,33,Tamilnadu,3303,KANCHEEPURAM,330306,THIRUPORUR,23,"Private Unaided (Recognized)",3,"HSS (I-XII)",6,M.Phil,1,"Diploma or certificate in basic teachers training of a duration not less than two years",0,0,0,0,0,0,0,1,0,0,0,0,0,0,0,0,0,0,1,0,1
2019-20,33,Tamilnadu,3303,KANCHEEPURAM,330309,"ST.THOMAS MOUNT(URBAN)",23,"Private Unaided (Recognized)",3,"HSS (I-XII)",6,M.Phil,1,"Diploma or certificate in basic teachers training of a duration not less than two years",0,0,0,0,0,2,0,1,0,0,0,0,0,0,0,0,0,0,3,0,3
2019-20,33,Tamilnadu,3303,KANCHEEPURAM,330312,LATHUR,23,"Private Unaided (Recognized)",3,"HSS (I-XII)",6,M.Phil,1,"Diploma or certificate in basic teachers training of a duration not less than two years",0,0,0,0,0,0,0,1,0,0,0,0,0,0,0,0,0,0,1,0,1
2019-20,33,Tamilnadu,3303,KANCHEEPURAM,330314,"ST.THOMAS MOUNT(RURAL)",23,"Private Unaided (Recognized)",3,"HSS (I-XII)",6,M.Phil,1,"Diploma or certificate in basic teachers training of a duration not less than two years",0,0,0,0,0,0,0,0,0,1,0,0,0,1,0,0,0,0,2,0,2
2019-20,33,Tamilnadu,3303,KANCHEEPURAM,330305,KUNDRATHUR,23,"Private Unaided (Recognized)",2,"UPS (I-VIII)",6,M.Phil,3,"B.Ed. or equivalent",0,0,0,0,0,0,0,0,0,2,0,0,0,0,0,0,0,0,2,0,2
2019-20,33,Tamilnadu,3303,KANCHEEPURAM,330306,THIRUPORUR,23,"Private Unaided (Recognized)",2,"UPS (I-VIII)",6,M.Phil,3,"B.Ed. or equivalent",0,0,0,0,0,0,0,2,0,0,0,0,0,0,0,0,0,0,2,0,2
2019-20,33,Tamilnadu,3303,KANCHEEPURAM,330314,"ST.THOMAS MOUNT(RURAL)",23,"Private Unaided (Recognized)",2,"UPS (I-VIII)",6,M.Phil,3,"B.Ed. or equivalent",0,0,0,0,0,0,0,0,0,2,0,0,0,0,0,0,0,0,2,0,2
2019-20,33,Tamilnadu,3303,KANCHEEPURAM,330301,KANCHEEPURAM,23,"Private Unaided (Recognized)",3,"HSS (I-XII)",6,M.Phil,3,"B.Ed. or equivalent",0,0,0,0,0,4,0,5,0,4,0,2,1,1,3,5,4,5,34,8,26
2019-20,33,Tamilnadu,3303,KANCHEEPURAM,330302,WALAJABAD,23,"Private Unaided (Recognized)",3,"HSS (I-XII)",6,M.Phil,3,"B.Ed. or equivalent",0,0,0,0,0,0,0,1,0,0,0,0,0,0,2,2,0,0,5,2,3
2019-20,33,Tamilnadu,3303,KANCHEEPURAM,330303,UTHIRAMERUR,23,"Private Unaided (Recognized)",3,"HSS (I-XII)",6,M.Phil,3,"B.Ed. or equivalent",0,1,0,0,0,0,0,0,0,0,0,0,0,0,1,1,0,2,5,1,4
2019-20,33,Tamilnadu,3303,KANCHEEPURAM,330304,SRIPERUMBUDUR,23,"Private Unaided (Recognized)",3,"HSS (I-XII)",6,M.Phil,3,"B.Ed. or equivalent",0,0,0,0,0,0,0,0,0,0,0,0,0,1,0,2,0,4,7,0,7
2019-20,33,Tamilnadu,3303,KANCHEEPURAM,330305,KUNDRATHUR,23,"Private Unaided (Recognized)",3,"HSS (I-XII)",6,M.Phil,3,"B.Ed. or equivalent",0,0,0,0,0,2,4,4,0,0,0,2,0,3,0,3,1,6,25,5,20
2019-20,33,Tamilnadu,3303,KANCHEEPURAM,330306,THIRUPORUR,23,"Private Unaided (Recognized)",3,"HSS (I-XII)",6,M.Phil,3,"B.Ed. or equivalent",0,0,0,0,0,0,0,0,0,0,0,0,0,0,0,1,1,0,2,1,1
2019-20,33,Tamilnadu,3303,KANCHEEPURAM,330307,KATTANKOLATHUR,23,"Private Unaided (Recognized)",3,"HSS (I-XII)",6,M.Phil,3,"B.Ed. or equivalent",0,0,0,0,0,3,3,5,0,1,0,3,1,3,3,14,2,8,46,9,37
2019-20,33,Tamilnadu,3303,KANCHEEPURAM,330308,THIRUKALUKUNDRAM,23,"Private Unaided (Recognized)",3,"HSS (I-XII)",6,M.Phil,3,"B.Ed. or equivalent",0,0,0,0,1,0,0,0,0,0,0,0,0,0,0,2,1,1,5,2,3
2019-20,33,Tamilnadu,3303,KANCHEEPURAM,330309,"ST.THOMAS MOUNT(URBAN)",23,"Private Unaided (Recognized)",3,"HSS (I-XII)",6,M.Phil,3,"B.Ed. or equivalent",0,1,0,0,0,5,8,27,1,4,2,7,1,25,10,34,11,45,181,33,148
2019-20,33,Tamilnadu,3303,KANCHEEPURAM,330310,ACHARAPAKKAM,23,"Private Unaided (Recognized)",3,"HSS (I-XII)",6,M.Phil,3,"B.Ed. or equivalent",0,0,0,0,0,0,0,0,0,1,0,0,0,0,0,0,0,0,1,0,1
2019-20,33,Tamilnadu,3303,KANCHEEPURAM,330311,MADURANTAGAM,23,"Private Unaided (Recognized)",3,"HSS (I-XII)",6,M.Phil,3,"B.Ed. or equivalent",0,0,0,0,0,0,0,0,0,0,0,0,0,0,0,0,1,0,1,1,0
2019-20,33,Tamilnadu,3303,KANCHEEPURAM,330312,LATHUR,23,"Private Unaided (Recognized)",3,"HSS (I-XII)",6,M.Phil,3,"B.Ed. or equivalent",0,0,0,0,0,0,0,0,0,0,0,0,0,0,1,0,0,0,1,1,0
2019-20,33,Tamilnadu,3303,KANCHEEPURAM,330313,CHITHAMUR,23,"Private Unaided (Recognized)",3,"HSS (I-XII)",6,M.Phil,3,"B.Ed. or equivalent",0,0,0,0,0,0,0,0,0,0,0,0,0,1,0,1,3,3,8,3,5
2019-20,33,Tamilnadu,3303,KANCHEEPURAM,330314,"ST.THOMAS MOUNT(RURAL)",23,"Private Unaided (Recognized)",3,"HSS (I-XII)",6,M.Phil,3,"B.Ed. or equivalent",0,1,0,0,2,7,6,19,0,4,2,6,1,18,10,31,9,32,148,30,118
2019-20,33,Tamilnadu,3303,KANCHEEPURAM,330301,KANCHEEPURAM,23,"Private Unaided (Recognized)",5,"HSS (VI-XII)",6,M.Phil,3,"B.Ed. or equivalent",0,0,0,0,0,0,0,0,0,0,0,0,0,0,0,0,0,1,1,0,1
2019-20,33,Tamilnadu,3303,KANCHEEPURAM,330307,KATTANKOLATHUR,23,"Private Unaided (Recognized)",5,"HSS (VI-XII)",6,M.Phil,3,"B.Ed. or equivalent",0,0,0,0,0,0,0,0,0,0,1,2,0,0,0,0,0,0,3,1,2
2019-20,33,Tamilnadu,3303,KANCHEEPURAM,330309,"ST.THOMAS MOUNT(URBAN)",23,"Private Unaided (Recognized)",5,"HSS (VI-XII)",6,M.Phil,3,"B.Ed. or equivalent",0,0,0,0,0,0,0,0,0,0,0,0,0,0,1,0,0,0,1,1,0
2019-20,33,Tamilnadu,3303,KANCHEEPURAM,330301,KANCHEEPURAM,23,"Private Unaided (Recognized)",6,"SS (I-X)",6,M.Phil,3,"B.Ed. or equivalent",0,0,0,0,0,0,0,1,0,0,0,0,0,0,0,0,0,0,1,0,1
2019-20,33,Tamilnadu,3303,KANCHEEPURAM,330302,WALAJABAD,23,"Private Unaided (Recognized)",6,"SS (I-X)",6,M.Phil,3,"B.Ed. or equivalent",0,0,0,0,0,0,0,0,0,0,0,1,2,0,0,0,0,0,3,2,1
2019-20,33,Tamilnadu,3303,KANCHEEPURAM,330303,UTHIRAMERUR,23,"Private Unaided (Recognized)",6,"SS (I-X)",6,M.Phil,3,"B.Ed. or equivalent",0,0,0,0,0,0,0,0,0,0,0,0,1,1,0,0,0,0,2,1,1
2019-20,33,Tamilnadu,3303,KANCHEEPURAM,330305,KUNDRATHUR,23,"Private Unaided (Recognized)",6,"SS (I-X)",6,M.Phil,3,"B.Ed. or equivalent",0,0,0,0,0,0,0,0,0,0,1,2,0,0,0,0,0,0,3,1,2
2019-20,33,Tamilnadu,3303,KANCHEEPURAM,330306,THIRUPORUR,23,"Private Unaided (Recognized)",6,"SS (I-X)",6,M.Phil,3,"B.Ed. or equivalent",0,0,0,0,0,0,0,0,0,0,0,1,0,0,0,0,0,0,1,0,1
2019-20,33,Tamilnadu,3303,KANCHEEPURAM,330307,KATTANKOLATHUR,23,"Private Unaided (Recognized)",6,"SS (I-X)",6,M.Phil,3,"B.Ed. or equivalent",0,0,0,0,0,0,0,0,1,1,0,0,0,2,0,0,0,0,4,1,3
2019-20,33,Tamilnadu,3303,KANCHEEPURAM,330309,"ST.THOMAS MOUNT(URBAN)",23,"Private Unaided (Recognized)",6,"SS (I-X)",6,M.Phil,3,"B.Ed. or equivalent",0,0,0,0,0,1,0,0,0,0,2,0,0,1,0,0,0,0,4,2,2
2019-20,33,Tamilnadu,3303,KANCHEEPURAM,330312,LATHUR,23,"Private Unaided (Recognized)",6,"SS (I-X)",6,M.Phil,3,"B.Ed. or equivalent",0,0,0,0,0,0,0,0,0,0,0,0,1,0,0,0,0,0,1,1,0
2019-20,33,Tamilnadu,3303,KANCHEEPURAM,330313,CHITHAMUR,23,"Private Unaided (Recognized)",6,"SS (I-X)",6,M.Phil,3,"B.Ed. or equivalent",0,0,0,0,0,0,0,0,0,0,0,1,0,0,0,0,0,0,1,0,1
2019-20,33,Tamilnadu,3303,KANCHEEPURAM,330314,"ST.THOMAS MOUNT(RURAL)",23,"Private Unaided (Recognized)",6,"SS (I-X)",6,M.Phil,3,"B.Ed. or equivalent",0,0,0,0,0,0,0,0,0,2,0,6,2,4,0,0,0,0,14,2,12
2019-20,33,Tamilnadu,3303,KANCHEEPURAM,330307,KATTANKOLATHUR,23,"Private Unaided (Recognized)",2,"UPS (I-VIII)",6,M.Phil,4,"M.Ed. or equivalent",0,0,0,0,0,0,0,0,1,0,0,0,0,0,0,0,0,0,1,1,0
2019-20,33,Tamilnadu,3303,KANCHEEPURAM,330301,KANCHEEPURAM,23,"Private Unaided (Recognized)",3,"HSS (I-XII)",6,M.Phil,4,"M.Ed. or equivalent",0,0,0,0,0,0,1,0,0,1,0,0,1,1,0,0,1,2,7,3,4
2019-20,33,Tamilnadu,3303,KANCHEEPURAM,330302,WALAJABAD,23,"Private Unaided (Recognized)",3,"HSS (I-XII)",6,M.Phil,4,"M.Ed. or equivalent",0,0,0,0,0,0,0,0,0,0,0,0,0,0,0,0,1,0,1,1,0
2019-20,33,Tamilnadu,3303,KANCHEEPURAM,330303,UTHIRAMERUR,23,"Private Unaided (Recognized)",3,"HSS (I-XII)",6,M.Phil,4,"M.Ed. or equivalent",0,0,0,0,0,0,0,0,0,0,0,0,0,0,1,0,1,0,2,2,0
2019-20,33,Tamilnadu,3303,KANCHEEPURAM,330305,KUNDRATHUR,23,"Private Unaided (Recognized)",3,"HSS (I-XII)",6,M.Phil,4,"M.Ed. or equivalent",0,0,0,0,0,1,0,2,0,0,0,0,0,0,0,1,1,0,5,1,4
2019-20,33,Tamilnadu,3303,KANCHEEPURAM,330306,THIRUPORUR,23,"Private Unaided (Recognized)",3,"HSS (I-XII)",6,M.Phil,4,"M.Ed. or equivalent",0,0,0,0,0,0,0,0,0,0,0,0,0,0,0,0,1,0,1,1,0
2019-20,33,Tamilnadu,3303,KANCHEEPURAM,330307,KATTANKOLATHUR,23,"Private Unaided (Recognized)",3,"HSS (I-XII)",6,M.Phil,4,"M.Ed. or equivalent",0,0,0,0,0,1,0,3,0,0,0,1,0,0,0,1,1,1,8,1,7
2019-20,33,Tamilnadu,3303,KANCHEEPURAM,330308,THIRUKALUKUNDRAM,23,"Private Unaided (Recognized)",3,"HSS (I-XII)",6,M.Phil,4,"M.Ed. or equivalent",0,0,0,0,0,0,0,0,0,0,0,0,0,0,2,1,2,0,5,4,1
2019-20,33,Tamilnadu,3303,KANCHEEPURAM,330309,"ST.THOMAS MOUNT(URBAN)",23,"Private Unaided (Recognized)",3,"HSS (I-XII)",6,M.Phil,4,"M.Ed. or equivalent",0,0,0,0,0,2,0,2,0,0,0,0,0,1,2,1,1,2,11,3,8
2019-20,33,Tamilnadu,3303,KANCHEEPURAM,330311,MADURANTAGAM,23,"Private Unaided (Recognized)",3,"HSS (I-XII)",6,M.Phil,4,"M.Ed. or equivalent",0,0,0,0,0,0,0,0,0,0,0,0,0,0,0,0,0,1,1,0,1
2019-20,33,Tamilnadu,3303,KANCHEEPURAM,330312,LATHUR,23,"Private Unaided (Recognized)",3,"HSS (I-XII)",6,M.Phil,4,"M.Ed. or equivalent",0,0,0,0,0,0,0,0,0,0,1,0,0,0,0,0,0,1,2,1,1
2019-20,33,Tamilnadu,3303,KANCHEEPURAM,330313,CHITHAMUR,23,"Private Unaided (Recognized)",3,"HSS (I-XII)",6,M.Phil,4,"M.Ed. or equivalent",0,0,0,0,0,0,0,0,0,0,0,0,0,0,0,1,1,0,2,1,1
2019-20,33,Tamilnadu,3303,KANCHEEPURAM,330314,"ST.THOMAS MOUNT(RURAL)",23,"Private Unaided (Recognized)",3,"HSS (I-XII)",6,M.Phil,4,"M.Ed. or equivalent",0,0,0,0,1,1,0,2,0,0,0,1,0,1,4,4,3,1,18,8,10
2019-20,33,Tamilnadu,3303,KANCHEEPURAM,330307,KATTANKOLATHUR,23,"Private Unaided (Recognized)",5,"HSS (VI-XII)",6,M.Phil,4,"M.Ed. or equivalent",0,0,0,0,0,0,0,0,0,0,0,1,0,0,0,0,0,0,1,0,1
2019-20,33,Tamilnadu,3303,KANCHEEPURAM,330303,UTHIRAMERUR,23,"Private Unaided (Recognized)",6,"SS (I-X)",6,M.Phil,4,"M.Ed. or equivalent",0,0,0,0,0,0,0,0,0,1,0,0,0,0,0,0,0,0,1,0,1
2019-20,33,Tamilnadu,3303,KANCHEEPURAM,330307,KATTANKOLATHUR,23,"Private Unaided (Recognized)",6,"SS (I-X)",6,M.Phil,4,"M.Ed. or equivalent",0,0,0,0,0,0,0,0,0,1,0,1,0,0,0,0,0,0,2,0,2
2019-20,33,Tamilnadu,3303,KANCHEEPURAM,330308,THIRUKALUKUNDRAM,23,"Private Unaided (Recognized)",6,"SS (I-X)",6,M.Phil,4,"M.Ed. or equivalent",0,0,0,0,0,0,0,0,0,0,0,0,1,0,0,0,0,0,1,1,0
2019-20,33,Tamilnadu,3303,KANCHEEPURAM,330309,"ST.THOMAS MOUNT(URBAN)",23,"Private Unaided (Recognized)",6,"SS (I-X)",6,M.Phil,4,"M.Ed. or equivalent",0,0,0,0,0,0,0,0,0,1,0,0,0,2,0,0,0,0,3,0,3
2019-20,33,Tamilnadu,3303,KANCHEEPURAM,330302,WALAJABAD,23,"Private Unaided (Recognized)",2,"UPS (I-VIII)",6,M.Phil,5,Others,0,0,0,0,0,0,0,1,0,0,0,0,0,0,0,0,0,0,1,0,1
2019-20,33,Tamilnadu,3303,KANCHEEPURAM,330314,"ST.THOMAS MOUNT(RURAL)",23,"Private Unaided (Recognized)",2,"UPS (I-VIII)",6,M.Phil,5,Others,0,0,0,0,0,0,0,0,0,1,0,0,0,0,0,0,0,0,1,0,1
2019-20,33,Tamilnadu,3303,KANCHEEPURAM,330301,KANCHEEPURAM,23,"Private Unaided (Recognized)",3,"HSS (I-XII)",6,M.Phil,5,Others,0,0,0,0,0,0,0,0,0,0,0,0,1,0,0,0,0,0,1,1,0
2019-20,33,Tamilnadu,3303,KANCHEEPURAM,330305,KUNDRATHUR,23,"Private Unaided (Recognized)",3,"HSS (I-XII)",6,M.Phil,5,Others,0,0,0,0,0,0,0,1,0,0,0,0,0,0,0,2,0,2,5,0,5
2019-20,33,Tamilnadu,3303,KANCHEEPURAM,330306,THIRUPORUR,23,"Private Unaided (Recognized)",3,"HSS (I-XII)",6,M.Phil,5,Others,0,0,0,0,0,0,0,0,0,0,0,0,0,1,0,0,0,1,2,0,2
2019-20,33,Tamilnadu,3303,KANCHEEPURAM,330307,KATTANKOLATHUR,23,"Private Unaided (Recognized)",3,"HSS (I-XII)",6,M.Phil,5,Others,0,0,0,0,0,1,0,0,0,0,0,0,0,2,1,2,0,1,7,1,6
2019-20,33,Tamilnadu,3303,KANCHEEPURAM,330308,THIRUKALUKUNDRAM,23,"Private Unaided (Recognized)",3,"HSS (I-XII)",6,M.Phil,5,Others,0,0,0,0,0,0,0,0,0,0,0,0,0,0,0,1,0,0,1,0,1
2019-20,33,Tamilnadu,3303,KANCHEEPURAM,330309,"ST.THOMAS MOUNT(URBAN)",23,"Private Unaided (Recognized)",3,"HSS (I-XII)",6,M.Phil,5,Others,0,0,0,0,0,2,0,3,0,0,0,0,1,1,0,0,0,1,8,1,7
2019-20,33,Tamilnadu,3303,KANCHEEPURAM,330314,"ST.THOMAS MOUNT(RURAL)",23,"Private Unaided (Recognized)",3,"HSS (I-XII)",6,M.Phil,5,Others,0,0,0,0,0,2,2,2,0,0,0,1,2,3,0,1,1,2,16,5,11
2019-20,33,Tamilnadu,3303,KANCHEEPURAM,330301,KANCHEEPURAM,23,"Private Unaided (Recognized)",5,"HSS (VI-XII)",6,M.Phil,5,Others,0,0,0,0,0,0,0,0,0,0,0,1,0,0,0,0,0,0,1,0,1
2019-20,33,Tamilnadu,3303,KANCHEEPURAM,330314,"ST.THOMAS MOUNT(RURAL)",23,"Private Unaided (Recognized)",6,"SS (I-X)",6,M.Phil,5,Others,0,0,0,0,0,2,1,0,0,0,0,1,0,2,0,0,0,0,6,1,5
2019-20,33,Tamilnadu,3303,KANCHEEPURAM,330301,KANCHEEPURAM,23,"Private Unaided (Recognized)",2,"UPS (I-VIII)",6,M.Phil,6,None,0,0,0,0,0,1,0,0,0,0,0,0,0,0,0,0,0,0,1,0,1
2019-20,33,Tamilnadu,3303,KANCHEEPURAM,330301,KANCHEEPURAM,23,"Private Unaided (Recognized)",3,"HSS (I-XII)",6,M.Phil,6,None,0,0,0,0,0,0,0,1,0,0,1,0,0,0,0,0,0,0,2,1,1
2019-20,33,Tamilnadu,3303,KANCHEEPURAM,330303,UTHIRAMERUR,23,"Private Unaided (Recognized)",3,"HSS (I-XII)",6,M.Phil,6,None,0,0,0,0,0,0,0,0,0,0,0,0,0,0,1,0,0,0,1,1,0
2019-20,33,Tamilnadu,3303,KANCHEEPURAM,330305,KUNDRATHUR,23,"Private Unaided (Recognized)",3,"HSS (I-XII)",6,M.Phil,6,None,0,0,0,0,0,0,0,0,0,0,0,0,0,0,0,0,0,1,1,0,1
2019-20,33,Tamilnadu,3303,KANCHEEPURAM,330307,KATTANKOLATHUR,23,"Private Unaided (Recognized)",3,"HSS (I-XII)",6,M.Phil,6,None,0,0,0,0,0,0,0,0,0,1,1,0,0,2,0,1,1,2,8,2,6
2019-20,33,Tamilnadu,3303,KANCHEEPURAM,330309,"ST.THOMAS MOUNT(URBAN)",23,"Private Unaided (Recognized)",3,"HSS (I-XII)",6,M.Phil,6,None,0,0,0,0,1,1,2,6,0,4,0,0,0,2,2,0,2,8,28,7,21
2019-20,33,Tamilnadu,3303,KANCHEEPURAM,330314,"ST.THOMAS MOUNT(RURAL)",23,"Private Unaided (Recognized)",3,"HSS (I-XII)",6,M.Phil,6,None,0,0,0,0,0,2,0,10,0,3,0,1,0,3,0,4,1,5,29,1,28
2019-20,33,Tamilnadu,3303,KANCHEEPURAM,330307,KATTANKOLATHUR,23,"Private Unaided (Recognized)",5,"HSS (VI-XII)",6,M.Phil,6,None,0,0,0,0,0,0,0,0,0,0,2,0,0,0,0,0,0,0,2,2,0
2019-20,33,Tamilnadu,3303,KANCHEEPURAM,330301,KANCHEEPURAM,23,"Private Unaided (Recognized)",6,"SS (I-X)",6,M.Phil,6,None,0,0,0,0,0,0,0,0,0,0,0,1,0,0,0,0,0,0,1,0,1
2019-20,33,Tamilnadu,3303,KANCHEEPURAM,330309,"ST.THOMAS MOUNT(URBAN)",23,"Private Unaided (Recognized)",6,"SS (I-X)",6,M.Phil,6,None,0,0,0,0,0,0,0,1,0,0,0,0,0,0,0,0,0,0,1,0,1
2019-20,33,Tamilnadu,3303,KANCHEEPURAM,330309,"ST.THOMAS MOUNT(URBAN)",23,"Private Unaided (Recognized)",3,"HSS (I-XII)",7,Ph.D,1,"Diploma or certificate in basic teachers training of a duration not less than two years",0,0,0,0,0,1,0,0,0,0,0,0,0,0,0,0,0,0,1,0,1
2019-20,33,Tamilnadu,3303,KANCHEEPURAM,330305,KUNDRATHUR,23,"Private Unaided (Recognized)",3,"HSS (I-XII)",7,Ph.D,3,"B.Ed. or equivalent",0,0,0,0,0,0,0,0,1,0,0,0,0,1,0,0,0,0,2,1,1
2019-20,33,Tamilnadu,3303,KANCHEEPURAM,330306,THIRUPORUR,23,"Private Unaided (Recognized)",3,"HSS (I-XII)",7,Ph.D,3,"B.Ed. or equivalent",0,0,0,0,0,0,0,0,0,0,0,0,0,0,2,0,0,0,2,2,0
2019-20,33,Tamilnadu,3303,KANCHEEPURAM,330307,KATTANKOLATHUR,23,"Private Unaided (Recognized)",3,"HSS (I-XII)",7,Ph.D,3,"B.Ed. or equivalent",0,0,0,0,0,0,0,0,0,0,0,0,0,1,0,0,0,0,1,0,1
2019-20,33,Tamilnadu,3303,KANCHEEPURAM,330309,"ST.THOMAS MOUNT(URBAN)",23,"Private Unaided (Recognized)",3,"HSS (I-XII)",7,Ph.D,3,"B.Ed. or equivalent",0,0,0,0,0,1,2,4,0,0,0,0,0,0,0,0,1,4,12,3,9
2019-20,33,Tamilnadu,3303,KANCHEEPURAM,330312,LATHUR,23,"Private Unaided (Recognized)",3,"HSS (I-XII)",7,Ph.D,3,"B.Ed. or equivalent",0,0,0,0,0,0,1,0,0,0,0,0,0,0,0,0,0,0,1,1,0
2019-20,33,Tamilnadu,3303,KANCHEEPURAM,330313,CHITHAMUR,23,"Private Unaided (Recognized)",3,"HSS (I-XII)",7,Ph.D,3,"B.Ed. or equivalent",0,0,0,0,0,0,0,0,0,0,1,0,0,0,0,1,0,1,3,1,2
2019-20,33,Tamilnadu,3303,KANCHEEPURAM,330314,"ST.THOMAS MOUNT(RURAL)",23,"Private Unaided (Recognized)",3,"HSS (I-XII)",7,Ph.D,3,"B.Ed. or equivalent",0,0,0,0,0,0,1,0,0,0,0,0,1,0,0,2,1,0,5,3,2
2019-20,33,Tamilnadu,3303,KANCHEEPURAM,330307,KATTANKOLATHUR,23,"Private Unaided (Recognized)",5,"HSS (VI-XII)",7,Ph.D,3,"B.Ed. or equivalent",0,0,0,0,0,0,0,0,0,0,1,0,0,0,0,0,0,0,1,1,0
2019-20,33,Tamilnadu,3303,KANCHEEPURAM,330301,KANCHEEPURAM,23,"Private Unaided (Recognized)",3,"HSS (I-XII)",7,Ph.D,4,"M.Ed. or equivalent",0,0,0,0,0,0,0,0,0,0,0,0,0,0,0,0,0,1,1,0,1
2019-20,33,Tamilnadu,3303,KANCHEEPURAM,330305,KUNDRATHUR,23,"Private Unaided (Recognized)",3,"HSS (I-XII)",7,Ph.D,4,"M.Ed. or equivalent",0,0,0,0,0,0,1,0,0,0,0,0,0,0,0,0,0,0,1,1,0
2019-20,33,Tamilnadu,3303,KANCHEEPURAM,330307,KATTANKOLATHUR,23,"Private Unaided (Recognized)",3,"HSS (I-XII)",7,Ph.D,4,"M.Ed. or equivalent",0,0,0,0,0,0,0,1,0,0,0,0,0,0,1,0,1,0,3,2,1
2019-20,33,Tamilnadu,3303,KANCHEEPURAM,330308,THIRUKALUKUNDRAM,23,"Private Unaided (Recognized)",3,"HSS (I-XII)",7,Ph.D,4,"M.Ed. or equivalent",0,0,0,0,0,0,0,0,0,0,0,0,0,0,1,0,0,0,1,1,0
2019-20,33,Tamilnadu,3303,KANCHEEPURAM,330309,"ST.THOMAS MOUNT(URBAN)",23,"Private Unaided (Recognized)",3,"HSS (I-XII)",7,Ph.D,4,"M.Ed. or equivalent",0,0,0,0,0,0,0,1,0,0,0,0,0,0,0,0,1,0,2,1,1
2019-20,33,Tamilnadu,3303,KANCHEEPURAM,330314,"ST.THOMAS MOUNT(RURAL)",23,"Private Unaided (Recognized)",3,"HSS (I-XII)",7,Ph.D,4,"M.Ed. or equivalent",0,0,0,0,0,0,0,2,0,0,0,0,0,1,0,1,0,0,4,0,4
2019-20,33,Tamilnadu,3303,KANCHEEPURAM,330307,KATTANKOLATHUR,23,"Private Unaided (Recognized)",6,"SS (I-X)",7,Ph.D,4,"M.Ed. or equivalent",0,0,0,0,0,0,0,0,0,0,0,0,0,1,0,0,0,0,1,0,1
2019-20,33,Tamilnadu,3303,KANCHEEPURAM,330314,"ST.THOMAS MOUNT(RURAL)",23,"Private Unaided (Recognized)",2,"UPS (I-VIII)",7,Ph.D,5,Others,0,0,0,0,0,0,0,1,0,0,0,0,0,0,0,0,0,0,1,0,1
2019-20,33,Tamilnadu,3303,KANCHEEPURAM,330305,KUNDRATHUR,23,"Private Unaided (Recognized)",3,"HSS (I-XII)",7,Ph.D,5,Others,0,0,0,0,0,0,0,1,0,0,0,0,0,0,0,0,0,1,2,0,2
2019-20,33,Tamilnadu,3303,KANCHEEPURAM,330309,"ST.THOMAS MOUNT(URBAN)",23,"Private Unaided (Recognized)",3,"HSS (I-XII)",7,Ph.D,5,Others,0,0,0,0,0,1,0,0,0,0,0,0,0,0,0,0,0,0,1,0,1
2019-20,33,Tamilnadu,3303,KANCHEEPURAM,330314,"ST.THOMAS MOUNT(RURAL)",23,"Private Unaided (Recognized)",3,"HSS (I-XII)",7,Ph.D,5,Others,0,0,0,0,0,0,0,0,0,0,0,0,0,0,0,0,0,1,1,0,1
2019-20,33,Tamilnadu,3303,KANCHEEPURAM,330307,KATTANKOLATHUR,23,"Private Unaided (Recognized)",3,"HSS (I-XII)",7,Ph.D,6,None,0,0,0,0,0,0,0,0,0,0,0,0,0,0,1,0,0,0,1,1,0
2019-20,33,Tamilnadu,3303,KANCHEEPURAM,330309,"ST.THOMAS MOUNT(URBAN)",23,"Private Unaided (Recognized)",3,"HSS (I-XII)",7,Ph.D,6,None,0,0,0,0,0,0,0,0,0,0,0,0,0,0,0,1,0,0,1,0,1
2019-20,33,Tamilnadu,3303,KANCHEEPURAM,330314,"ST.THOMAS MOUNT(RURAL)",23,"Private Unaided (Recognized)",2,"UPS (I-VIII)",8,"Post Doctoral",3,"B.Ed. or equivalent",0,0,0,0,0,0,0,0,0,1,0,0,0,0,0,0,0,0,1,0,1
2019-20,33,Tamilnadu,3303,KANCHEEPURAM,330308,THIRUKALUKUNDRAM,23,"Private Unaided (Recognized)",3,"HSS (I-XII)",8,"Post Doctoral",3,"B.Ed. or equivalent",0,0,0,0,0,0,0,0,0,0,0,0,0,0,0,0,0,1,1,0,1
2019-20,33,Tamilnadu,3303,KANCHEEPURAM,330309,"ST.THOMAS MOUNT(URBAN)",23,"Private Unaided (Recognized)",3,"HSS (I-XII)",8,"Post Doctoral",3,"B.Ed. or equivalent",0,0,0,0,0,0,0,0,0,0,0,1,0,0,0,0,0,0,1,0,1
2019-20,33,Tamilnadu,3303,KANCHEEPURAM,330312,LATHUR,23,"Private Unaided (Recognized)",3,"HSS (I-XII)",8,"Post Doctoral",3,"B.Ed. or equivalent",0,0,0,0,0,0,0,1,0,0,0,0,0,0,0,0,0,0,1,0,1
2019-20,33,Tamilnadu,3303,KANCHEEPURAM,330314,"ST.THOMAS MOUNT(RURAL)",23,"Private Unaided (Recognized)",3,"HSS (I-XII)",8,"Post Doctoral",3,"B.Ed. or equivalent",0,0,0,0,0,0,0,1,0,0,0,0,0,0,0,0,0,0,1,0,1
2019-20,33,Tamilnadu,3303,KANCHEEPURAM,330308,THIRUKALUKUNDRAM,23,"Private Unaided (Recognized)",3,"HSS (I-XII)",8,"Post Doctoral",5,Others,0,0,0,0,0,0,0,0,0,0,0,0,1,0,0,0,0,0,1,1,0
2019-20,33,Tamilnadu,3303,KANCHEEPURAM,330309,"ST.THOMAS MOUNT(URBAN)",23,"Private Unaided (Recognized)",3,"HSS (I-XII)",8,"Post Doctoral",5,Others,0,0,0,0,0,0,0,1,0,0,0,0,0,0,0,0,0,0,1,0,1
2019-20,33,Tamilnadu,3303,KANCHEEPURAM,330303,UTHIRAMERUR,24,"Private Unaided (Recognized)",1,"PS (I-V)",1,"Below Secondary",1,"Diploma or certificate in basic teachers training of a duration not less than two years",0,0,0,0,0,1,0,0,0,0,0,0,0,0,0,0,0,0,1,0,1
2019-20,33,Tamilnadu,3303,KANCHEEPURAM,330304,SRIPERUMBUDUR,24,"Private Unaided (Recognized)",1,"PS (I-V)",1,"Below Secondary",1,"Diploma or certificate in basic teachers training of a duration not less than two years",0,0,0,0,0,2,0,0,0,0,0,0,0,0,0,0,0,0,2,0,2
2019-20,33,Tamilnadu,3303,KANCHEEPURAM,330305,KUNDRATHUR,24,"Private Unaided (Recognized)",1,"PS (I-V)",1,"Below Secondary",1,"Diploma or certificate in basic teachers training of a duration not less than two years",0,1,0,1,0,2,0,0,0,0,0,0,0,0,0,0,0,0,4,0,4
2019-20,33,Tamilnadu,3303,KANCHEEPURAM,330307,KATTANKOLATHUR,24,"Private Unaided (Recognized)",1,"PS (I-V)",1,"Below Secondary",1,"Diploma or certificate in basic teachers training of a duration not less than two years",0,0,0,0,0,2,0,0,0,0,0,0,0,0,0,0,0,0,2,0,2
2019-20,33,Tamilnadu,3303,KANCHEEPURAM,330308,THIRUKALUKUNDRAM,24,"Private Unaided (Recognized)",1,"PS (I-V)",1,"Below Secondary",1,"Diploma or certificate in basic teachers training of a duration not less than two years",0,0,0,1,0,0,0,0,0,0,0,0,0,0,0,0,0,0,1,0,1
2019-20,33,Tamilnadu,3303,KANCHEEPURAM,330309,"ST.THOMAS MOUNT(URBAN)",24,"Private Unaided (Recognized)",1,"PS (I-V)",1,"Below Secondary",1,"Diploma or certificate in basic teachers training of a duration not less than two years",0,1,0,0,0,6,0,0,0,0,0,0,0,0,0,0,0,0,7,0,7
2019-20,33,Tamilnadu,3303,KANCHEEPURAM,330311,MADURANTAGAM,24,"Private Unaided (Recognized)",1,"PS (I-V)",1,"Below Secondary",1,"Diploma or certificate in basic teachers training of a duration not less than two years",0,0,0,0,0,2,0,0,0,0,0,0,0,0,0,0,0,0,2,0,2
2019-20,33,Tamilnadu,3303,KANCHEEPURAM,330313,CHITHAMUR,24,"Private Unaided (Recognized)",1,"PS (I-V)",1,"Below Secondary",1,"Diploma or certificate in basic teachers training of a duration not less than two years",0,0,0,0,1,0,0,0,0,0,0,0,0,0,0,0,0,0,1,1,0
2019-20,33,Tamilnadu,3303,KANCHEEPURAM,330314,"ST.THOMAS MOUNT(RURAL)",24,"Private Unaided (Recognized)",1,"PS (I-V)",1,"Below Secondary",1,"Diploma or certificate in basic teachers training of a duration not less than two years",0,0,0,0,0,4,0,0,0,0,0,0,0,0,0,0,0,0,4,0,4
2019-20,33,Tamilnadu,3303,KANCHEEPURAM,330305,KUNDRATHUR,24,"Private Unaided (Recognized)",2,"UPS (I-VIII)",1,"Below Secondary",1,"Diploma or certificate in basic teachers training of a duration not less than two years",0,0,0,1,0,0,0,0,0,0,0,0,0,0,0,0,0,0,1,0,1
2019-20,33,Tamilnadu,3303,KANCHEEPURAM,330303,UTHIRAMERUR,24,"Private Unaided (Recognized)",1,"PS (I-V)",1,"Below Secondary",3,"B.Ed. or equivalent",0,0,0,0,0,1,0,0,0,0,0,0,0,0,0,0,0,0,1,0,1
2019-20,33,Tamilnadu,3303,KANCHEEPURAM,330304,SRIPERUMBUDUR,24,"Private Unaided (Recognized)",1,"PS (I-V)",1,"Below Secondary",3,"B.Ed. or equivalent",0,0,0,0,0,1,0,0,0,0,0,0,0,0,0,0,0,0,1,0,1
2019-20,33,Tamilnadu,3303,KANCHEEPURAM,330305,KUNDRATHUR,24,"Private Unaided (Recognized)",1,"PS (I-V)",1,"Below Secondary",3,"B.Ed. or equivalent",0,0,0,0,0,1,0,0,0,0,0,0,0,0,0,0,0,0,1,0,1
2019-20,33,Tamilnadu,3303,KANCHEEPURAM,330309,"ST.THOMAS MOUNT(URBAN)",24,"Private Unaided (Recognized)",1,"PS (I-V)",1,"Below Secondary",3,"B.Ed. or equivalent",0,1,0,0,0,2,0,0,0,0,0,0,0,0,0,0,0,0,3,0,3
2019-20,33,Tamilnadu,3303,KANCHEEPURAM,330311,MADURANTAGAM,24,"Private Unaided (Recognized)",1,"PS (I-V)",1,"Below Secondary",3,"B.Ed. or equivalent",0,0,0,0,0,1,0,0,0,0,0,0,0,0,0,0,0,0,1,0,1
2019-20,33,Tamilnadu,3303,KANCHEEPURAM,330301,KANCHEEPURAM,24,"Private Unaided (Recognized)",1,"PS (I-V)",1,"Below Secondary",5,Others,0,2,0,0,1,0,0,0,0,0,0,0,0,0,0,0,0,0,3,1,2
2019-20,33,Tamilnadu,3303,KANCHEEPURAM,330302,WALAJABAD,24,"Private Unaided (Recognized)",1,"PS (I-V)",1,"Below Secondary",5,Others,0,0,0,0,0,1,0,0,0,0,0,0,0,0,0,0,0,0,1,0,1
2019-20,33,Tamilnadu,3303,KANCHEEPURAM,330305,KUNDRATHUR,24,"Private Unaided (Recognized)",1,"PS (I-V)",1,"Below Secondary",5,Others,0,5,0,1,0,9,0,0,0,0,0,0,0,0,0,0,0,0,15,0,15
2019-20,33,Tamilnadu,3303,KANCHEEPURAM,330306,THIRUPORUR,24,"Private Unaided (Recognized)",1,"PS (I-V)",1,"Below Secondary",5,Others,0,0,0,0,0,1,0,0,0,0,0,0,0,0,0,0,0,0,1,0,1
2019-20,33,Tamilnadu,3303,KANCHEEPURAM,330307,KATTANKOLATHUR,24,"Private Unaided (Recognized)",1,"PS (I-V)",1,"Below Secondary",5,Others,0,0,0,0,1,4,0,0,0,0,0,0,0,0,0,0,0,0,5,1,4
2019-20,33,Tamilnadu,3303,KANCHEEPURAM,330308,THIRUKALUKUNDRAM,24,"Private Unaided (Recognized)",1,"PS (I-V)",1,"Below Secondary",5,Others,0,0,0,0,0,3,0,0,0,0,0,0,0,0,0,0,0,0,3,0,3
2019-20,33,Tamilnadu,3303,KANCHEEPURAM,330309,"ST.THOMAS MOUNT(URBAN)",24,"Private Unaided (Recognized)",1,"PS (I-V)",1,"Below Secondary",5,Others,0,5,0,0,0,4,0,0,0,0,0,0,0,0,0,0,0,0,9,0,9
2019-20,33,Tamilnadu,3303,KANCHEEPURAM,330311,MADURANTAGAM,24,"Private Unaided (Recognized)",1,"PS (I-V)",1,"Below Secondary",5,Others,0,0,0,0,0,1,0,0,0,0,0,0,0,0,0,0,0,0,1,0,1
2019-20,33,Tamilnadu,3303,KANCHEEPURAM,330314,"ST.THOMAS MOUNT(RURAL)",24,"Private Unaided (Recognized)",1,"PS (I-V)",1,"Below Secondary",5,Others,0,2,0,0,1,4,0,0,0,0,0,0,0,0,0,0,0,0,7,1,6
2019-20,33,Tamilnadu,3303,KANCHEEPURAM,330305,KUNDRATHUR,24,"Private Unaided (Recognized)",2,"UPS (I-VIII)",1,"Below Secondary",5,Others,0,1,0,0,0,0,0,0,0,0,0,0,0,0,0,0,0,0,1,0,1
2019-20,33,Tamilnadu,3303,KANCHEEPURAM,330301,KANCHEEPURAM,24,"Private Unaided (Recognized)",1,"PS (I-V)",1,"Below Secondary",6,None,0,0,0,0,0,1,0,0,0,0,0,0,0,0,0,0,0,0,1,0,1
2019-20,33,Tamilnadu,3303,KANCHEEPURAM,330305,KUNDRATHUR,24,"Private Unaided (Recognized)",1,"PS (I-V)",1,"Below Secondary",6,None,0,0,0,0,0,6,0,0,0,0,0,0,0,0,0,0,0,0,6,0,6
2019-20,33,Tamilnadu,3303,KANCHEEPURAM,330307,KATTANKOLATHUR,24,"Private Unaided (Recognized)",1,"PS (I-V)",1,"Below Secondary",6,None,0,0,0,2,0,2,0,0,0,0,0,0,0,0,0,0,0,0,4,0,4
2019-20,33,Tamilnadu,3303,KANCHEEPURAM,330308,THIRUKALUKUNDRAM,24,"Private Unaided (Recognized)",1,"PS (I-V)",1,"Below Secondary",6,None,0,0,0,0,0,1,0,0,0,0,0,0,0,0,0,0,0,0,1,0,1
2019-20,33,Tamilnadu,3303,KANCHEEPURAM,330309,"ST.THOMAS MOUNT(URBAN)",24,"Private Unaided (Recognized)",1,"PS (I-V)",1,"Below Secondary",6,None,0,1,0,1,0,8,0,0,0,0,0,0,0,0,0,0,0,0,10,0,10
2019-20,33,Tamilnadu,3303,KANCHEEPURAM,330313,CHITHAMUR,24,"Private Unaided (Recognized)",1,"PS (I-V)",1,"Below Secondary",6,None,0,1,0,0,0,0,0,0,0,0,0,0,0,0,0,0,0,0,1,0,1
2019-20,33,Tamilnadu,3303,KANCHEEPURAM,330314,"ST.THOMAS MOUNT(RURAL)",24,"Private Unaided (Recognized)",1,"PS (I-V)",1,"Below Secondary",6,None,0,0,0,0,2,5,0,0,0,0,0,0,0,0,0,0,0,0,7,2,5
2019-20,33,Tamilnadu,3303,KANCHEEPURAM,330301,KANCHEEPURAM,24,"Private Unaided (Recognized)",1,"PS (I-V)",3,"Higher secondary",1,"Diploma or certificate in basic teachers training of a duration not less than two years",0,0,0,2,0,22,0,0,0,0,0,0,0,0,0,0,0,0,24,0,24
2019-20,33,Tamilnadu,3303,KANCHEEPURAM,330302,WALAJABAD,24,"Private Unaided (Recognized)",1,"PS (I-V)",3,"Higher secondary",1,"Diploma or certificate in basic teachers training of a duration not less than two years",0,0,0,0,0,2,0,0,0,0,0,0,0,0,0,0,0,0,2,0,2
2019-20,33,Tamilnadu,3303,KANCHEEPURAM,330303,UTHIRAMERUR,24,"Private Unaided (Recognized)",1,"PS (I-V)",3,"Higher secondary",1,"Diploma or certificate in basic teachers training of a duration not less than two years",0,0,0,0,0,33,0,0,0,0,0,0,0,0,0,0,0,0,33,0,33
2019-20,33,Tamilnadu,3303,KANCHEEPURAM,330304,SRIPERUMBUDUR,24,"Private Unaided (Recognized)",1,"PS (I-V)",3,"Higher secondary",1,"Diploma or certificate in basic teachers training of a duration not less than two years",0,0,0,1,0,10,0,0,0,0,0,0,0,0,0,0,0,0,11,0,11
2019-20,33,Tamilnadu,3303,KANCHEEPURAM,330305,KUNDRATHUR,24,"Private Unaided (Recognized)",1,"PS (I-V)",3,"Higher secondary",1,"Diploma or certificate in basic teachers training of a duration not less than two years",0,1,0,6,0,45,0,0,0,0,0,0,0,0,0,0,0,0,52,0,52
2019-20,33,Tamilnadu,3303,KANCHEEPURAM,330306,THIRUPORUR,24,"Private Unaided (Recognized)",1,"PS (I-V)",3,"Higher secondary",1,"Diploma or certificate in basic teachers training of a duration not less than two years",0,1,0,6,0,8,0,0,0,0,0,0,0,0,0,0,0,0,15,0,15
2019-20,33,Tamilnadu,3303,KANCHEEPURAM,330307,KATTANKOLATHUR,24,"Private Unaided (Recognized)",1,"PS (I-V)",3,"Higher secondary",1,"Diploma or certificate in basic teachers training of a duration not less than two years",0,0,0,6,0,22,0,0,0,0,0,0,0,0,0,0,0,0,28,0,28
2019-20,33,Tamilnadu,3303,KANCHEEPURAM,330308,THIRUKALUKUNDRAM,24,"Private Unaided (Recognized)",1,"PS (I-V)",3,"Higher secondary",1,"Diploma or certificate in basic teachers training of a duration not less than two years",0,2,0,1,0,16,0,0,0,0,0,0,0,0,0,0,0,0,19,0,19
2019-20,33,Tamilnadu,3303,KANCHEEPURAM,330309,"ST.THOMAS MOUNT(URBAN)",24,"Private Unaided (Recognized)",1,"PS (I-V)",3,"Higher secondary",1,"Diploma or certificate in basic teachers training of a duration not less than two years",0,0,0,2,0,35,0,0,0,0,0,0,0,0,0,0,0,0,37,0,37
2019-20,33,Tamilnadu,3303,KANCHEEPURAM,330310,ACHARAPAKKAM,24,"Private Unaided (Recognized)",1,"PS (I-V)",3,"Higher secondary",1,"Diploma or certificate in basic teachers training of a duration not less than two years",0,0,0,0,0,3,0,0,0,0,0,0,0,0,0,0,0,0,3,0,3
2019-20,33,Tamilnadu,3303,KANCHEEPURAM,330311,MADURANTAGAM,24,"Private Unaided (Recognized)",1,"PS (I-V)",3,"Higher secondary",1,"Diploma or certificate in basic teachers training of a duration not less than two years",0,0,0,1,0,7,0,0,0,0,0,0,0,0,0,0,0,0,8,0,8
2019-20,33,Tamilnadu,3303,KANCHEEPURAM,330312,LATHUR,24,"Private Unaided (Recognized)",1,"PS (I-V)",3,"Higher secondary",1,"Diploma or certificate in basic teachers training of a duration not less than two years",0,3,0,2,0,7,0,0,0,0,0,0,0,0,0,0,0,0,12,0,12
2019-20,33,Tamilnadu,3303,KANCHEEPURAM,330313,CHITHAMUR,24,"Private Unaided (Recognized)",1,"PS (I-V)",3,"Higher secondary",1,"Diploma or certificate in basic teachers training of a duration not less than two years",0,4,0,0,0,11,0,0,0,0,0,0,0,0,0,0,0,0,15,0,15
2019-20,33,Tamilnadu,3303,KANCHEEPURAM,330314,"ST.THOMAS MOUNT(RURAL)",24,"Private Unaided (Recognized)",1,"PS (I-V)",3,"Higher secondary",1,"Diploma or certificate in basic teachers training of a duration not less than two years",0,2,0,0,0,22,0,0,0,0,0,0,0,0,0,0,0,0,24,0,24
2019-20,33,Tamilnadu,3303,KANCHEEPURAM,330304,SRIPERUMBUDUR,24,"Private Unaided (Recognized)",2,"UPS (I-VIII)",3,"Higher secondary",1,"Diploma or certificate in basic teachers training of a duration not less than two years",0,0,0,0,0,2,0,0,0,1,0,0,0,0,0,0,0,0,3,0,3
2019-20,33,Tamilnadu,3303,KANCHEEPURAM,330307,KATTANKOLATHUR,24,"Private Unaided (Recognized)",2,"UPS (I-VIII)",3,"Higher secondary",1,"Diploma or certificate in basic teachers training of a duration not less than two years",0,0,0,0,0,4,0,0,0,0,0,0,0,0,0,0,0,0,4,0,4
2019-20,33,Tamilnadu,3303,KANCHEEPURAM,330310,ACHARAPAKKAM,24,"Private Unaided (Recognized)",2,"UPS (I-VIII)",3,"Higher secondary",1,"Diploma or certificate in basic teachers training of a duration not less than two years",0,0,0,0,0,0,0,1,0,0,0,0,0,0,0,0,0,0,1,0,1
2019-20,33,Tamilnadu,3303,KANCHEEPURAM,330314,"ST.THOMAS MOUNT(RURAL)",24,"Private Unaided (Recognized)",6,"SS (I-X)",3,"Higher secondary",1,"Diploma or certificate in basic teachers training of a duration not less than two years",0,0,0,0,0,1,0,0,0,0,0,0,0,0,0,0,0,0,1,0,1
2019-20,33,Tamilnadu,3303,KANCHEEPURAM,330301,KANCHEEPURAM,24,"Private Unaided (Recognized)",1,"PS (I-V)",4,Graduate,1,"Diploma or certificate in basic teachers training of a duration not less than two years",0,0,0,2,0,36,0,0,0,0,0,0,0,0,0,0,0,0,38,0,38
2019-20,33,Tamilnadu,3303,KANCHEEPURAM,330302,WALAJABAD,24,"Private Unaided (Recognized)",1,"PS (I-V)",4,Graduate,1,"Diploma or certificate in basic teachers training of a duration not less than two years",0,0,0,0,0,9,0,0,0,0,0,0,0,0,0,0,0,0,9,0,9
2019-20,33,Tamilnadu,3303,KANCHEEPURAM,330303,UTHIRAMERUR,24,"Private Unaided (Recognized)",1,"PS (I-V)",4,Graduate,1,"Diploma or certificate in basic teachers training of a duration not less than two years",0,0,0,0,3,40,0,0,0,0,0,0,0,0,0,0,0,0,43,3,40
2019-20,33,Tamilnadu,3303,KANCHEEPURAM,330304,SRIPERUMBUDUR,24,"Private Unaided (Recognized)",1,"PS (I-V)",4,Graduate,1,"Diploma or certificate in basic teachers training of a duration not less than two years",0,0,0,0,0,21,0,0,0,0,0,0,0,0,0,0,0,0,21,0,21
2019-20,33,Tamilnadu,3303,KANCHEEPURAM,330305,KUNDRATHUR,24,"Private Unaided (Recognized)",1,"PS (I-V)",4,Graduate,1,"Diploma or certificate in basic teachers training of a duration not less than two years",0,1,0,7,0,67,0,0,0,0,0,0,0,0,0,0,0,0,75,0,75
2019-20,33,Tamilnadu,3303,KANCHEEPURAM,330306,THIRUPORUR,24,"Private Unaided (Recognized)",1,"PS (I-V)",4,Graduate,1,"Diploma or certificate in basic teachers training of a duration not less than two years",0,1,0,4,1,22,0,0,0,0,0,0,0,0,0,0,0,0,28,1,27
2019-20,33,Tamilnadu,3303,KANCHEEPURAM,330307,KATTANKOLATHUR,24,"Private Unaided (Recognized)",1,"PS (I-V)",4,Graduate,1,"Diploma or certificate in basic teachers training of a duration not less than two years",0,0,0,6,2,43,0,0,0,0,0,0,0,0,0,0,0,0,51,2,49
2019-20,33,Tamilnadu,3303,KANCHEEPURAM,330308,THIRUKALUKUNDRAM,24,"Private Unaided (Recognized)",1,"PS (I-V)",4,Graduate,1,"Diploma or certificate in basic teachers training of a duration not less than two years",0,0,0,1,1,36,0,0,0,0,0,0,0,0,0,0,0,0,38,1,37
2019-20,33,Tamilnadu,3303,KANCHEEPURAM,330309,"ST.THOMAS MOUNT(URBAN)",24,"Private Unaided (Recognized)",1,"PS (I-V)",4,Graduate,1,"Diploma or certificate in basic teachers training of a duration not less than two years",0,0,0,9,1,48,0,0,0,0,0,0,0,0,0,0,0,0,58,1,57
2019-20,33,Tamilnadu,3303,KANCHEEPURAM,330310,ACHARAPAKKAM,24,"Private Unaided (Recognized)",1,"PS (I-V)",4,Graduate,1,"Diploma or certificate in basic teachers training of a duration not less than two years",0,0,0,1,0,13,0,0,0,0,0,0,0,0,0,0,0,0,14,0,14
2019-20,33,Tamilnadu,3303,KANCHEEPURAM,330311,MADURANTAGAM,24,"Private Unaided (Recognized)",1,"PS (I-V)",4,Graduate,1,"Diploma or certificate in basic teachers training of a duration not less than two years",0,0,0,1,0,15,0,0,0,0,0,0,0,0,0,0,0,0,16,0,16
2019-20,33,Tamilnadu,3303,KANCHEEPURAM,330312,LATHUR,24,"Private Unaided (Recognized)",1,"PS (I-V)",4,Graduate,1,"Diploma or certificate in basic teachers training of a duration not less than two years",0,0,0,2,1,14,0,0,0,0,0,0,0,0,0,0,0,0,17,1,16
2019-20,33,Tamilnadu,3303,KANCHEEPURAM,330313,CHITHAMUR,24,"Private Unaided (Recognized)",1,"PS (I-V)",4,Graduate,1,"Diploma or certificate in basic teachers training of a duration not less than two years",0,1,0,0,1,10,0,0,0,0,0,0,0,0,0,0,0,0,12,1,11
2019-20,33,Tamilnadu,3303,KANCHEEPURAM,330314,"ST.THOMAS MOUNT(RURAL)",24,"Private Unaided (Recognized)",1,"PS (I-V)",4,Graduate,1,"Diploma or certificate in basic teachers training of a duration not less than two years",0,5,0,7,0,55,0,0,0,0,0,0,0,0,0,0,0,0,67,0,67
2019-20,33,Tamilnadu,3303,KANCHEEPURAM,330301,KANCHEEPURAM,24,"Private Unaided (Recognized)",1,"PS (I-V)",4,Graduate,3,"B.Ed. or equivalent",0,0,0,0,5,36,0,0,0,0,0,0,0,0,0,0,0,0,41,5,36
2019-20,33,Tamilnadu,3303,KANCHEEPURAM,330302,WALAJABAD,24,"Private Unaided (Recognized)",1,"PS (I-V)",4,Graduate,3,"B.Ed. or equivalent",0,0,0,0,0,11,0,0,0,0,0,0,0,0,0,0,0,0,11,0,11
2019-20,33,Tamilnadu,3303,KANCHEEPURAM,330301,KANCHEEPURAM,24,"Private Unaided (Recognized)",2,"UPS (I-VIII)",4,Graduate,1,"Diploma or certificate in basic teachers training of a duration not less than two years",0,0,0,0,0,2,0,1,0,0,0,0,0,0,0,0,0,0,3,0,3
2019-20,33,Tamilnadu,3303,KANCHEEPURAM,330304,SRIPERUMBUDUR,24,"Private Unaided (Recognized)",2,"UPS (I-VIII)",4,Graduate,1,"Diploma or certificate in basic teachers training of a duration not less than two years",0,0,0,0,0,8,0,2,0,1,0,0,0,0,0,0,0,0,11,0,11
2019-20,33,Tamilnadu,3303,KANCHEEPURAM,330307,KATTANKOLATHUR,24,"Private Unaided (Recognized)",2,"UPS (I-VIII)",4,Graduate,1,"Diploma or certificate in basic teachers training of a duration not less than two years",0,0,0,0,1,1,0,0,0,0,0,0,0,0,0,0,0,0,2,1,1
2019-20,33,Tamilnadu,3303,KANCHEEPURAM,330310,ACHARAPAKKAM,24,"Private Unaided (Recognized)",2,"UPS (I-VIII)",4,Graduate,1,"Diploma or certificate in basic teachers training of a duration not less than two years",0,0,0,0,1,5,0,0,0,0,0,0,0,0,0,0,0,0,6,1,5
2019-20,33,Tamilnadu,3303,KANCHEEPURAM,330314,"ST.THOMAS MOUNT(RURAL)",24,"Private Unaided (Recognized)",2,"UPS (I-VIII)",4,Graduate,1,"Diploma or certificate in basic teachers training of a duration not less than two years",0,1,0,0,0,2,0,0,0,0,0,0,0,0,0,0,0,0,3,0,3
2019-20,33,Tamilnadu,3303,KANCHEEPURAM,330307,KATTANKOLATHUR,24,"Private Unaided (Recognized)",1,"PS (I-V)",4,Graduate,3,"B.Ed. or equivalent",0,0,0,2,2,43,0,0,0,0,0,0,0,0,0,0,0,0,47,2,45
2019-20,33,Tamilnadu,3303,KANCHEEPURAM,330308,THIRUKALUKUNDRAM,24,"Private Unaided (Recognized)",1,"PS (I-V)",4,Graduate,3,"B.Ed. or equivalent",0,0,0,0,1,24,0,0,0,0,0,0,0,0,0,0,0,0,25,1,24
2019-20,33,Tamilnadu,3303,KANCHEEPURAM,330309,"ST.THOMAS MOUNT(URBAN)",24,"Private Unaided (Recognized)",1,"PS (I-V)",4,Graduate,3,"B.Ed. or equivalent",0,0,0,6,2,76,0,0,0,0,0,0,0,0,0,0,0,0,84,2,82
2019-20,33,Tamilnadu,3303,KANCHEEPURAM,330310,ACHARAPAKKAM,24,"Private Unaided (Recognized)",1,"PS (I-V)",4,Graduate,3,"B.Ed. or equivalent",0,0,0,1,0,8,0,0,0,0,0,0,0,0,0,0,0,0,9,0,9
2019-20,33,Tamilnadu,3303,KANCHEEPURAM,330311,MADURANTAGAM,24,"Private Unaided (Recognized)",1,"PS (I-V)",4,Graduate,3,"B.Ed. or equivalent",0,0,0,0,1,8,0,0,0,0,0,0,0,0,0,0,0,0,9,1,8
2019-20,33,Tamilnadu,3303,KANCHEEPURAM,330312,LATHUR,24,"Private Unaided (Recognized)",1,"PS (I-V)",4,Graduate,3,"B.Ed. or equivalent",0,0,0,0,0,5,0,0,0,0,0,0,0,0,0,0,0,0,5,0,5
2019-20,33,Tamilnadu,3303,KANCHEEPURAM,330313,CHITHAMUR,24,"Private Unaided (Recognized)",1,"PS (I-V)",4,Graduate,3,"B.Ed. or equivalent",0,0,0,0,1,14,0,0,0,0,0,0,0,0,0,0,0,0,15,1,14
2019-20,33,Tamilnadu,3303,KANCHEEPURAM,330314,"ST.THOMAS MOUNT(RURAL)",24,"Private Unaided (Recognized)",1,"PS (I-V)",4,Graduate,3,"B.Ed. or equivalent",0,3,0,3,1,85,0,0,0,0,0,0,0,0,0,0,0,0,92,1,91
2019-20,33,Tamilnadu,3303,KANCHEEPURAM,330301,KANCHEEPURAM,24,"Private Unaided (Recognized)",2,"UPS (I-VIII)",4,Graduate,3,"B.Ed. or equivalent",0,0,0,0,0,1,0,1,0,0,0,0,0,0,0,0,0,0,2,0,2
2019-20,33,Tamilnadu,3303,KANCHEEPURAM,330304,SRIPERUMBUDUR,24,"Private Unaided (Recognized)",2,"UPS (I-VIII)",4,Graduate,3,"B.Ed. or equivalent",0,0,0,0,1,6,0,8,0,3,0,0,0,0,0,0,0,0,18,1,17
2019-20,33,Tamilnadu,3303,KANCHEEPURAM,330305,KUNDRATHUR,24,"Private Unaided (Recognized)",2,"UPS (I-VIII)",4,Graduate,3,"B.Ed. or equivalent",0,0,0,0,0,0,0,1,0,0,0,0,0,0,0,0,0,0,1,0,1
2019-20,33,Tamilnadu,3303,KANCHEEPURAM,330307,KATTANKOLATHUR,24,"Private Unaided (Recognized)",2,"UPS (I-VIII)",4,Graduate,3,"B.Ed. or equivalent",0,0,0,0,0,0,0,0,0,2,0,0,0,0,0,0,0,0,2,0,2
2019-20,33,Tamilnadu,3303,KANCHEEPURAM,330310,ACHARAPAKKAM,24,"Private Unaided (Recognized)",2,"UPS (I-VIII)",4,Graduate,3,"B.Ed. or equivalent",0,0,0,0,1,3,0,4,0,0,0,0,0,0,0,0,0,0,8,1,7
2019-20,33,Tamilnadu,3303,KANCHEEPURAM,330314,"ST.THOMAS MOUNT(RURAL)",24,"Private Unaided (Recognized)",2,"UPS (I-VIII)",4,Graduate,3,"B.Ed. or equivalent",0,0,0,0,0,1,0,0,0,0,0,0,0,0,0,0,0,0,1,0,1
2019-20,33,Tamilnadu,3303,KANCHEEPURAM,330314,"ST.THOMAS MOUNT(RURAL)",24,"Private Unaided (Recognized)",6,"SS (I-X)",4,Graduate,3,"B.Ed. or equivalent",0,0,0,0,0,7,0,0,0,0,0,0,0,0,0,0,0,0,7,0,7
2019-20,33,Tamilnadu,3303,KANCHEEPURAM,330308,THIRUKALUKUNDRAM,24,"Private Unaided (Recognized)",1,"PS (I-V)",4,Graduate,4,"M.Ed. or equivalent",0,0,0,0,0,1,0,0,0,0,0,0,0,0,0,0,0,0,1,0,1
2019-20,33,Tamilnadu,3303,KANCHEEPURAM,330309,"ST.THOMAS MOUNT(URBAN)",24,"Private Unaided (Recognized)",1,"PS (I-V)",4,Graduate,4,"M.Ed. or equivalent",0,0,0,0,0,2,0,0,0,0,0,0,0,0,0,0,0,0,2,0,2
2019-20,33,Tamilnadu,3303,KANCHEEPURAM,330311,MADURANTAGAM,24,"Private Unaided (Recognized)",1,"PS (I-V)",4,Graduate,4,"M.Ed. or equivalent",0,0,0,0,0,4,0,0,0,0,0,0,0,0,0,0,0,0,4,0,4
2019-20,33,Tamilnadu,3303,KANCHEEPURAM,330314,"ST.THOMAS MOUNT(RURAL)",24,"Private Unaided (Recognized)",1,"PS (I-V)",4,Graduate,4,"M.Ed. or equivalent",0,0,0,0,0,2,0,0,0,0,0,0,0,0,0,0,0,0,2,0,2
2019-20,33,Tamilnadu,3303,KANCHEEPURAM,330314,"ST.THOMAS MOUNT(RURAL)",24,"Private Unaided (Recognized)",2,"UPS (I-VIII)",4,Graduate,4,"M.Ed. or equivalent",0,0,0,0,0,1,0,0,0,0,0,0,0,0,0,0,0,0,1,0,1
2019-20,33,Tamilnadu,3303,KANCHEEPURAM,330314,"ST.THOMAS MOUNT(RURAL)",24,"Private Unaided (Recognized)",6,"SS (I-X)",4,Graduate,5,Others,0,0,0,0,0,4,0,0,0,0,0,0,0,0,0,0,0,0,4,0,4
2019-20,33,Tamilnadu,3303,KANCHEEPURAM,330301,KANCHEEPURAM,24,"Private Unaided (Recognized)",1,"PS (I-V)",4,Graduate,6,None,0,0,0,2,0,17,0,0,0,0,0,0,0,0,0,0,0,0,19,0,19
2019-20,33,Tamilnadu,3303,KANCHEEPURAM,330303,UTHIRAMERUR,24,"Private Unaided (Recognized)",1,"PS (I-V)",4,Graduate,6,None,0,0,0,0,0,4,0,0,0,0,0,0,0,0,0,0,0,0,4,0,4
2019-20,33,Tamilnadu,3303,KANCHEEPURAM,330304,SRIPERUMBUDUR,24,"Private Unaided (Recognized)",1,"PS (I-V)",4,Graduate,6,None,0,0,0,0,0,3,0,0,0,0,0,0,0,0,0,0,0,0,3,0,3
2019-20,33,Tamilnadu,3303,KANCHEEPURAM,330305,KUNDRATHUR,24,"Private Unaided (Recognized)",1,"PS (I-V)",4,Graduate,6,None,0,2,0,1,2,51,0,0,0,0,0,0,0,0,0,0,0,0,56,2,54
2019-20,33,Tamilnadu,3303,KANCHEEPURAM,330306,THIRUPORUR,24,"Private Unaided (Recognized)",1,"PS (I-V)",4,Graduate,6,None,0,1,0,2,0,4,0,0,0,0,0,0,0,0,0,0,0,0,7,0,7
2019-20,33,Tamilnadu,3303,KANCHEEPURAM,330307,KATTANKOLATHUR,24,"Private Unaided (Recognized)",1,"PS (I-V)",4,Graduate,6,None,0,1,0,3,0,17,0,0,0,0,0,0,0,0,0,0,0,0,21,0,21
2019-20,33,Tamilnadu,3303,KANCHEEPURAM,330308,THIRUKALUKUNDRAM,24,"Private Unaided (Recognized)",1,"PS (I-V)",4,Graduate,6,None,0,1,0,0,0,6,0,0,0,0,0,0,0,0,0,0,0,0,7,0,7
2019-20,33,Tamilnadu,3303,KANCHEEPURAM,330309,"ST.THOMAS MOUNT(URBAN)",24,"Private Unaided (Recognized)",1,"PS (I-V)",4,Graduate,6,None,0,3,0,3,0,34,0,0,0,0,0,0,0,0,0,0,0,0,40,0,40
2019-20,33,Tamilnadu,3303,KANCHEEPURAM,330310,ACHARAPAKKAM,24,"Private Unaided (Recognized)",1,"PS (I-V)",4,Graduate,6,None,0,0,0,0,0,1,0,0,0,0,0,0,0,0,0,0,0,0,1,0,1
2019-20,33,Tamilnadu,3303,KANCHEEPURAM,330311,MADURANTAGAM,24,"Private Unaided (Recognized)",1,"PS (I-V)",4,Graduate,6,None,0,1,0,0,0,9,0,0,0,0,0,0,0,0,0,0,0,0,10,0,10
2019-20,33,Tamilnadu,3303,KANCHEEPURAM,330313,CHITHAMUR,24,"Private Unaided (Recognized)",1,"PS (I-V)",4,Graduate,6,None,0,0,0,1,0,1,0,0,0,0,0,0,0,0,0,0,0,0,2,0,2
2019-20,33,Tamilnadu,3303,KANCHEEPURAM,330314,"ST.THOMAS MOUNT(RURAL)",24,"Private Unaided (Recognized)",1,"PS (I-V)",4,Graduate,6,None,0,7,0,4,1,40,0,0,0,0,0,0,0,0,0,0,0,0,52,1,51
2019-20,33,Tamilnadu,3303,KANCHEEPURAM,330307,KATTANKOLATHUR,24,"Private Unaided (Recognized)",2,"UPS (I-VIII)",4,Graduate,6,None,0,0,0,0,0,1,0,0,0,0,0,0,0,0,0,0,0,0,1,0,1
2019-20,33,Tamilnadu,3303,KANCHEEPURAM,330310,ACHARAPAKKAM,24,"Private Unaided (Recognized)",2,"UPS (I-VIII)",4,Graduate,6,None,0,0,0,0,0,1,0,0,0,0,0,0,0,0,0,0,0,0,1,0,1
2019-20,33,Tamilnadu,3303,KANCHEEPURAM,330314,"ST.THOMAS MOUNT(RURAL)",24,"Private Unaided (Recognized)",2,"UPS (I-VIII)",4,Graduate,6,None,0,0,0,1,1,1,0,0,0,0,0,0,0,0,0,0,0,0,3,1,2
2019-20,33,Tamilnadu,3303,KANCHEEPURAM,330314,"ST.THOMAS MOUNT(RURAL)",24,"Private Unaided (Recognized)",6,"SS (I-X)",4,Graduate,6,None,0,0,0,0,0,1,0,0,0,0,0,0,0,0,0,0,0,0,1,0,1
2019-20,33,Tamilnadu,3303,KANCHEEPURAM,330301,KANCHEEPURAM,24,"Private Unaided (Recognized)",1,"PS (I-V)",5,"Post graduate",1,"Diploma or certificate in basic teachers training of a duration not less than two years",0,0,0,0,0,10,0,0,0,0,0,0,0,0,0,0,0,0,10,0,10
2019-20,33,Tamilnadu,3303,KANCHEEPURAM,330302,WALAJABAD,24,"Private Unaided (Recognized)",1,"PS (I-V)",5,"Post graduate",1,"Diploma or certificate in basic teachers training of a duration not less than two years",0,0,0,0,0,4,0,0,0,0,0,0,0,0,0,0,0,0,4,0,4
2019-20,33,Tamilnadu,3303,KANCHEEPURAM,330303,UTHIRAMERUR,24,"Private Unaided (Recognized)",1,"PS (I-V)",5,"Post graduate",1,"Diploma or certificate in basic teachers training of a duration not less than two years",0,0,0,0,0,1,0,0,0,0,0,0,0,0,0,0,0,0,1,0,1
2019-20,33,Tamilnadu,3303,KANCHEEPURAM,330304,SRIPERUMBUDUR,24,"Private Unaided (Recognized)",1,"PS (I-V)",5,"Post graduate",1,"Diploma or certificate in basic teachers training of a duration not less than two years",0,0,0,0,0,3,0,0,0,0,0,0,0,0,0,0,0,0,3,0,3
2019-20,33,Tamilnadu,3303,KANCHEEPURAM,330305,KUNDRATHUR,24,"Private Unaided (Recognized)",1,"PS (I-V)",5,"Post graduate",1,"Diploma or certificate in basic teachers training of a duration not less than two years",0,0,0,0,0,6,0,0,0,0,0,0,0,0,0,0,0,0,6,0,6
2019-20,33,Tamilnadu,3303,KANCHEEPURAM,330306,THIRUPORUR,24,"Private Unaided (Recognized)",1,"PS (I-V)",5,"Post graduate",1,"Diploma or certificate in basic teachers training of a duration not less than two years",0,0,0,0,0,6,0,0,0,0,0,0,0,0,0,0,0,0,6,0,6
2019-20,33,Tamilnadu,3303,KANCHEEPURAM,330307,KATTANKOLATHUR,24,"Private Unaided (Recognized)",1,"PS (I-V)",5,"Post graduate",1,"Diploma or certificate in basic teachers training of a duration not less than two years",0,0,0,0,1,9,0,0,0,0,0,0,0,0,0,0,0,0,10,1,9
2019-20,33,Tamilnadu,3303,KANCHEEPURAM,330308,THIRUKALUKUNDRAM,24,"Private Unaided (Recognized)",1,"PS (I-V)",5,"Post graduate",1,"Diploma or certificate in basic teachers training of a duration not less than two years",0,0,0,0,0,5,0,0,0,0,0,0,0,0,0,0,0,0,5,0,5
2019-20,33,Tamilnadu,3303,KANCHEEPURAM,330309,"ST.THOMAS MOUNT(URBAN)",24,"Private Unaided (Recognized)",1,"PS (I-V)",5,"Post graduate",1,"Diploma or certificate in basic teachers training of a duration not less than two years",0,0,0,3,0,12,0,0,0,0,0,0,0,0,0,0,0,0,15,0,15
2019-20,33,Tamilnadu,3303,KANCHEEPURAM,330310,ACHARAPAKKAM,24,"Private Unaided (Recognized)",1,"PS (I-V)",5,"Post graduate",1,"Diploma or certificate in basic teachers training of a duration not less than two years",0,0,0,0,0,1,0,0,0,0,0,0,0,0,0,0,0,0,1,0,1
2019-20,33,Tamilnadu,3303,KANCHEEPURAM,330311,MADURANTAGAM,24,"Private Unaided (Recognized)",1,"PS (I-V)",5,"Post graduate",1,"Diploma or certificate in basic teachers training of a duration not less than two years",0,0,0,0,0,4,0,0,0,0,0,0,0,0,0,0,0,0,4,0,4
2019-20,33,Tamilnadu,3303,KANCHEEPURAM,330312,LATHUR,24,"Private Unaided (Recognized)",1,"PS (I-V)",5,"Post graduate",1,"Diploma or certificate in basic teachers training of a duration not less than two years",0,0,0,0,1,0,0,0,0,0,0,0,0,0,0,0,0,0,1,1,0
2019-20,33,Tamilnadu,3303,KANCHEEPURAM,330313,CHITHAMUR,24,"Private Unaided (Recognized)",1,"PS (I-V)",5,"Post graduate",1,"Diploma or certificate in basic teachers training of a duration not less than two years",0,0,0,0,0,2,0,0,0,0,0,0,0,0,0,0,0,0,2,0,2
2019-20,33,Tamilnadu,3303,KANCHEEPURAM,330314,"ST.THOMAS MOUNT(RURAL)",24,"Private Unaided (Recognized)",1,"PS (I-V)",5,"Post graduate",1,"Diploma or certificate in basic teachers training of a duration not less than two years",0,2,0,2,1,15,0,0,0,0,0,0,0,0,0,0,0,0,20,1,19
2019-20,33,Tamilnadu,3303,KANCHEEPURAM,330304,SRIPERUMBUDUR,24,"Private Unaided (Recognized)",2,"UPS (I-VIII)",5,"Post graduate",1,"Diploma or certificate in basic teachers training of a duration not less than two years",0,0,0,0,0,2,0,0,0,0,0,0,0,0,0,0,0,0,2,0,2
2019-20,33,Tamilnadu,3303,KANCHEEPURAM,330307,KATTANKOLATHUR,24,"Private Unaided (Recognized)",2,"UPS (I-VIII)",5,"Post graduate",1,"Diploma or certificate in basic teachers training of a duration not less than two years",0,0,0,0,0,3,0,0,0,0,0,0,0,0,0,0,0,0,3,0,3
2019-20,33,Tamilnadu,3303,KANCHEEPURAM,330314,"ST.THOMAS MOUNT(RURAL)",24,"Private Unaided (Recognized)",6,"SS (I-X)",5,"Post graduate",1,"Diploma or certificate in basic teachers training of a duration not less than two years",0,0,0,0,0,2,0,0,0,0,0,0,0,0,0,0,0,0,2,0,2
2019-20,33,Tamilnadu,3303,KANCHEEPURAM,330301,KANCHEEPURAM,24,"Private Unaided (Recognized)",1,"PS (I-V)",5,"Post graduate",3,"B.Ed. or equivalent",0,0,0,0,6,36,0,0,0,0,0,0,0,0,0,0,0,0,42,6,36
2019-20,33,Tamilnadu,3303,KANCHEEPURAM,330302,WALAJABAD,24,"Private Unaided (Recognized)",1,"PS (I-V)",5,"Post graduate",3,"B.Ed. or equivalent",0,0,0,0,0,6,0,0,0,0,0,0,0,0,0,0,0,0,6,0,6
2019-20,33,Tamilnadu,3303,KANCHEEPURAM,330303,UTHIRAMERUR,24,"Private Unaided (Recognized)",1,"PS (I-V)",5,"Post graduate",3,"B.Ed. or equivalent",0,0,0,0,1,10,0,0,0,0,0,0,0,0,0,0,0,0,11,1,10
2019-20,33,Tamilnadu,3303,KANCHEEPURAM,330304,SRIPERUMBUDUR,24,"Private Unaided (Recognized)",1,"PS (I-V)",5,"Post graduate",3,"B.Ed. or equivalent",0,0,0,1,1,5,0,0,0,0,0,0,0,0,0,0,0,0,7,1,6
2019-20,33,Tamilnadu,3303,KANCHEEPURAM,330305,KUNDRATHUR,24,"Private Unaided (Recognized)",1,"PS (I-V)",5,"Post graduate",3,"B.Ed. or equivalent",0,0,0,2,2,41,0,0,0,0,0,0,0,0,0,0,0,0,45,2,43
2019-20,33,Tamilnadu,3303,KANCHEEPURAM,330306,THIRUPORUR,24,"Private Unaided (Recognized)",1,"PS (I-V)",5,"Post graduate",3,"B.Ed. or equivalent",0,0,0,3,2,18,0,0,0,0,0,0,0,0,0,0,0,0,23,2,21
2019-20,33,Tamilnadu,3303,KANCHEEPURAM,330307,KATTANKOLATHUR,24,"Private Unaided (Recognized)",1,"PS (I-V)",5,"Post graduate",3,"B.Ed. or equivalent",0,0,0,2,2,23,0,0,0,0,0,0,0,0,0,0,0,0,27,2,25
2019-20,33,Tamilnadu,3303,KANCHEEPURAM,330308,THIRUKALUKUNDRAM,24,"Private Unaided (Recognized)",1,"PS (I-V)",5,"Post graduate",3,"B.Ed. or equivalent",0,0,0,1,1,11,0,0,0,0,0,0,0,0,0,0,0,0,13,1,12
2019-20,33,Tamilnadu,3303,KANCHEEPURAM,330309,"ST.THOMAS MOUNT(URBAN)",24,"Private Unaided (Recognized)",1,"PS (I-V)",5,"Post graduate",3,"B.Ed. or equivalent",0,0,0,4,1,38,0,0,0,0,0,0,0,0,0,0,0,0,43,1,42
2019-20,33,Tamilnadu,3303,KANCHEEPURAM,330310,ACHARAPAKKAM,24,"Private Unaided (Recognized)",1,"PS (I-V)",5,"Post graduate",3,"B.Ed. or equivalent",0,0,0,0,1,4,0,0,0,0,0,0,0,0,0,0,0,0,5,1,4
2019-20,33,Tamilnadu,3303,KANCHEEPURAM,330311,MADURANTAGAM,24,"Private Unaided (Recognized)",1,"PS (I-V)",5,"Post graduate",3,"B.Ed. or equivalent",0,0,0,0,1,7,0,0,0,0,0,0,0,0,0,0,0,0,8,1,7
2019-20,33,Tamilnadu,3303,KANCHEEPURAM,330312,LATHUR,24,"Private Unaided (Recognized)",1,"PS (I-V)",5,"Post graduate",3,"B.Ed. or equivalent",0,0,0,0,3,0,0,0,0,0,0,0,0,0,0,0,0,0,3,3,0
2019-20,33,Tamilnadu,3303,KANCHEEPURAM,330313,CHITHAMUR,24,"Private Unaided (Recognized)",1,"PS (I-V)",5,"Post graduate",3,"B.Ed. or equivalent",0,0,0,0,1,1,0,0,0,0,0,0,0,0,0,0,0,0,2,1,1
2019-20,33,Tamilnadu,3303,KANCHEEPURAM,330314,"ST.THOMAS MOUNT(RURAL)",24,"Private Unaided (Recognized)",1,"PS (I-V)",5,"Post graduate",3,"B.Ed. or equivalent",0,1,0,2,3,67,0,0,0,0,0,0,0,0,0,0,0,0,73,3,70
2019-20,33,Tamilnadu,3303,KANCHEEPURAM,330301,KANCHEEPURAM,24,"Private Unaided (Recognized)",2,"UPS (I-VIII)",5,"Post graduate",3,"B.Ed. or equivalent",0,0,0,0,0,0,0,0,0,2,0,0,0,0,0,0,0,0,2,0,2
2019-20,33,Tamilnadu,3303,KANCHEEPURAM,330304,SRIPERUMBUDUR,24,"Private Unaided (Recognized)",2,"UPS (I-VIII)",5,"Post graduate",3,"B.Ed. or equivalent",0,0,0,0,0,0,0,4,1,2,0,0,0,0,0,0,0,0,7,1,6
2019-20,33,Tamilnadu,3303,KANCHEEPURAM,330305,KUNDRATHUR,24,"Private Unaided (Recognized)",2,"UPS (I-VIII)",5,"Post graduate",3,"B.Ed. or equivalent",0,0,0,0,0,2,0,3,0,0,0,0,0,0,0,0,0,0,5,0,5
2019-20,33,Tamilnadu,3303,KANCHEEPURAM,330307,KATTANKOLATHUR,24,"Private Unaided (Recognized)",2,"UPS (I-VIII)",5,"Post graduate",3,"B.Ed. or equivalent",0,0,0,0,0,0,0,0,0,1,0,0,0,0,0,0,0,0,1,0,1
2019-20,33,Tamilnadu,3303,KANCHEEPURAM,330310,ACHARAPAKKAM,24,"Private Unaided (Recognized)",2,"UPS (I-VIII)",5,"Post graduate",3,"B.Ed. or equivalent",0,0,0,0,1,1,0,0,0,0,0,0,0,0,0,0,0,0,2,1,1
2019-20,33,Tamilnadu,3303,KANCHEEPURAM,330301,KANCHEEPURAM,24,"Private Unaided (Recognized)",1,"PS (I-V)",5,"Post graduate",4,"M.Ed. or equivalent",0,0,0,0,1,2,0,0,0,0,0,0,0,0,0,0,0,0,3,1,2
2019-20,33,Tamilnadu,3303,KANCHEEPURAM,330303,UTHIRAMERUR,24,"Private Unaided (Recognized)",1,"PS (I-V)",5,"Post graduate",4,"M.Ed. or equivalent",0,0,0,0,0,4,0,0,0,0,0,0,0,0,0,0,0,0,4,0,4
2019-20,33,Tamilnadu,3303,KANCHEEPURAM,330304,SRIPERUMBUDUR,24,"Private Unaided (Recognized)",1,"PS (I-V)",5,"Post graduate",4,"M.Ed. or equivalent",0,0,0,0,0,1,0,0,0,0,0,0,0,0,0,0,0,0,1,0,1
2019-20,33,Tamilnadu,3303,KANCHEEPURAM,330305,KUNDRATHUR,24,"Private Unaided (Recognized)",1,"PS (I-V)",5,"Post graduate",4,"M.Ed. or equivalent",0,0,0,0,0,3,0,0,0,0,0,0,0,0,0,0,0,0,3,0,3
2019-20,33,Tamilnadu,3303,KANCHEEPURAM,330306,THIRUPORUR,24,"Private Unaided (Recognized)",1,"PS (I-V)",5,"Post graduate",4,"M.Ed. or equivalent",0,0,0,0,1,0,0,0,0,0,0,0,0,0,0,0,0,0,1,1,0
2019-20,33,Tamilnadu,3303,KANCHEEPURAM,330307,KATTANKOLATHUR,24,"Private Unaided (Recognized)",1,"PS (I-V)",5,"Post graduate",4,"M.Ed. or equivalent",0,0,0,0,0,4,0,0,0,0,0,0,0,0,0,0,0,0,4,0,4
2019-20,33,Tamilnadu,3303,KANCHEEPURAM,330308,THIRUKALUKUNDRAM,24,"Private Unaided (Recognized)",1,"PS (I-V)",5,"Post graduate",4,"M.Ed. or equivalent",0,0,0,0,2,1,0,0,0,0,0,0,0,0,0,0,0,0,3,2,1
2019-20,33,Tamilnadu,3303,KANCHEEPURAM,330309,"ST.THOMAS MOUNT(URBAN)",24,"Private Unaided (Recognized)",1,"PS (I-V)",5,"Post graduate",4,"M.Ed. or equivalent",0,0,0,0,2,5,0,0,0,0,0,0,0,0,0,0,0,0,7,2,5
2019-20,33,Tamilnadu,3303,KANCHEEPURAM,330310,ACHARAPAKKAM,24,"Private Unaided (Recognized)",1,"PS (I-V)",5,"Post graduate",4,"M.Ed. or equivalent",0,0,0,0,0,1,0,0,0,0,0,0,0,0,0,0,0,0,1,0,1
2019-20,33,Tamilnadu,3303,KANCHEEPURAM,330313,CHITHAMUR,24,"Private Unaided (Recognized)",1,"PS (I-V)",5,"Post graduate",4,"M.Ed. or equivalent",0,0,0,0,0,1,0,0,0,0,0,0,0,0,0,0,0,0,1,0,1
2019-20,33,Tamilnadu,3303,KANCHEEPURAM,330314,"ST.THOMAS MOUNT(RURAL)",24,"Private Unaided (Recognized)",1,"PS (I-V)",5,"Post graduate",4,"M.Ed. or equivalent",0,0,0,0,2,7,0,0,0,0,0,0,0,0,0,0,0,0,9,2,7
2019-20,33,Tamilnadu,3303,KANCHEEPURAM,330304,SRIPERUMBUDUR,24,"Private Unaided (Recognized)",2,"UPS (I-VIII)",5,"Post graduate",4,"M.Ed. or equivalent",0,0,0,0,0,0,0,1,0,0,0,0,0,0,0,0,0,0,1,0,1
2019-20,33,Tamilnadu,3303,KANCHEEPURAM,330314,"ST.THOMAS MOUNT(RURAL)",24,"Private Unaided (Recognized)",6,"SS (I-X)",5,"Post graduate",4,"M.Ed. or equivalent",0,0,0,0,0,1,0,0,0,0,0,0,0,0,0,0,0,0,1,0,1
2019-20,33,Tamilnadu,3303,KANCHEEPURAM,330301,KANCHEEPURAM,24,"Private Unaided (Recognized)",1,"PS (I-V)",5,"Post graduate",5,Others,0,0,0,0,2,8,0,0,0,0,0,0,0,0,0,0,0,0,10,2,8
2019-20,33,Tamilnadu,3303,KANCHEEPURAM,330303,UTHIRAMERUR,24,"Private Unaided (Recognized)",1,"PS (I-V)",5,"Post graduate",5,Others,0,0,0,0,0,3,0,0,0,0,0,0,0,0,0,0,0,0,3,0,3
2019-20,33,Tamilnadu,3303,KANCHEEPURAM,330304,SRIPERUMBUDUR,24,"Private Unaided (Recognized)",1,"PS (I-V)",5,"Post graduate",5,Others,0,0,0,0,0,4,0,0,0,0,0,0,0,0,0,0,0,0,4,0,4
2019-20,33,Tamilnadu,3303,KANCHEEPURAM,330305,KUNDRATHUR,24,"Private Unaided (Recognized)",1,"PS (I-V)",5,"Post graduate",5,Others,0,0,0,0,2,19,0,0,0,0,0,0,0,0,0,0,0,0,21,2,19
2019-20,33,Tamilnadu,3303,KANCHEEPURAM,330306,THIRUPORUR,24,"Private Unaided (Recognized)",1,"PS (I-V)",5,"Post graduate",5,Others,0,0,0,1,0,5,0,0,0,0,0,0,0,0,0,0,0,0,6,0,6
2019-20,33,Tamilnadu,3303,KANCHEEPURAM,330307,KATTANKOLATHUR,24,"Private Unaided (Recognized)",1,"PS (I-V)",5,"Post graduate",5,Others,0,0,0,0,0,7,0,0,0,0,0,0,0,0,0,0,0,0,7,0,7
2019-20,33,Tamilnadu,3303,KANCHEEPURAM,330308,THIRUKALUKUNDRAM,24,"Private Unaided (Recognized)",1,"PS (I-V)",5,"Post graduate",5,Others,0,0,0,1,0,1,0,0,0,0,0,0,0,0,0,0,0,0,2,0,2
2019-20,33,Tamilnadu,3303,KANCHEEPURAM,330309,"ST.THOMAS MOUNT(URBAN)",24,"Private Unaided (Recognized)",1,"PS (I-V)",5,"Post graduate",5,Others,0,0,0,1,0,22,0,0,0,0,0,0,0,0,0,0,0,0,23,0,23
2019-20,33,Tamilnadu,3303,KANCHEEPURAM,330314,"ST.THOMAS MOUNT(RURAL)",24,"Private Unaided (Recognized)",1,"PS (I-V)",5,"Post graduate",5,Others,0,0,1,0,0,26,0,0,0,0,0,0,0,0,0,0,0,0,27,1,26
2019-20,33,Tamilnadu,3303,KANCHEEPURAM,330301,KANCHEEPURAM,24,"Private Unaided (Recognized)",2,"UPS (I-VIII)",5,"Post graduate",5,Others,0,0,0,0,0,0,0,1,0,0,0,0,0,0,0,0,0,0,1,0,1
2019-20,33,Tamilnadu,3303,KANCHEEPURAM,330304,SRIPERUMBUDUR,24,"Private Unaided (Recognized)",2,"UPS (I-VIII)",5,"Post graduate",5,Others,0,0,0,0,0,0,0,2,0,1,0,0,0,0,0,0,0,0,3,0,3
2019-20,33,Tamilnadu,3303,KANCHEEPURAM,330301,KANCHEEPURAM,24,"Private Unaided (Recognized)",1,"PS (I-V)",5,"Post graduate",6,None,0,0,0,0,1,5,0,0,0,0,0,0,0,0,0,0,0,0,6,1,5
2019-20,33,Tamilnadu,3303,KANCHEEPURAM,330303,UTHIRAMERUR,24,"Private Unaided (Recognized)",1,"PS (I-V)",5,"Post graduate",6,None,0,0,0,0,0,1,0,0,0,0,0,0,0,0,0,0,0,0,1,0,1
2019-20,33,Tamilnadu,3303,KANCHEEPURAM,330304,SRIPERUMBUDUR,24,"Private Unaided (Recognized)",1,"PS (I-V)",5,"Post graduate",6,None,0,0,0,0,0,1,0,0,0,0,0,0,0,0,0,0,0,0,1,0,1
2019-20,33,Tamilnadu,3303,KANCHEEPURAM,330305,KUNDRATHUR,24,"Private Unaided (Recognized)",1,"PS (I-V)",5,"Post graduate",6,None,0,0,0,0,0,13,0,0,0,0,0,0,0,0,0,0,0,0,13,0,13
2019-20,33,Tamilnadu,3303,KANCHEEPURAM,330306,THIRUPORUR,24,"Private Unaided (Recognized)",1,"PS (I-V)",5,"Post graduate",6,None,0,0,0,0,0,4,0,0,0,0,0,0,0,0,0,0,0,0,4,0,4
2019-20,33,Tamilnadu,3303,KANCHEEPURAM,330307,KATTANKOLATHUR,24,"Private Unaided (Recognized)",1,"PS (I-V)",5,"Post graduate",6,None,0,0,0,2,0,7,0,0,0,0,0,0,0,0,0,0,0,0,9,0,9
2019-20,33,Tamilnadu,3303,KANCHEEPURAM,330308,THIRUKALUKUNDRAM,24,"Private Unaided (Recognized)",1,"PS (I-V)",5,"Post graduate",6,None,0,0,0,0,0,5,0,0,0,0,0,0,0,0,0,0,0,0,5,0,5
2019-20,33,Tamilnadu,3303,KANCHEEPURAM,330309,"ST.THOMAS MOUNT(URBAN)",24,"Private Unaided (Recognized)",1,"PS (I-V)",5,"Post graduate",6,None,0,0,0,2,0,12,0,0,0,0,0,0,0,0,0,0,0,0,14,0,14
2019-20,33,Tamilnadu,3303,KANCHEEPURAM,330311,MADURANTAGAM,24,"Private Unaided (Recognized)",1,"PS (I-V)",5,"Post graduate",6,None,0,0,0,0,0,1,0,0,0,0,0,0,0,0,0,0,0,0,1,0,1
2019-20,33,Tamilnadu,3303,KANCHEEPURAM,330312,LATHUR,24,"Private Unaided (Recognized)",1,"PS (I-V)",5,"Post graduate",6,None,0,0,0,0,0,1,0,0,0,0,0,0,0,0,0,0,0,0,1,0,1
2019-20,33,Tamilnadu,3303,KANCHEEPURAM,330314,"ST.THOMAS MOUNT(RURAL)",24,"Private Unaided (Recognized)",1,"PS (I-V)",5,"Post graduate",6,None,0,0,0,0,1,15,0,0,0,0,0,0,0,0,0,0,0,0,16,1,15
2019-20,33,Tamilnadu,3303,KANCHEEPURAM,330310,ACHARAPAKKAM,24,"Private Unaided (Recognized)",1,"PS (I-V)",6,M.Phil,1,"Diploma or certificate in basic teachers training of a duration not less than two years",0,0,0,0,0,1,0,0,0,0,0,0,0,0,0,0,0,0,1,0,1
2019-20,33,Tamilnadu,3303,KANCHEEPURAM,330314,"ST.THOMAS MOUNT(RURAL)",24,"Private Unaided (Recognized)",1,"PS (I-V)",6,M.Phil,1,"Diploma or certificate in basic teachers training of a duration not less than two years",0,0,0,0,0,1,0,0,0,0,0,0,0,0,0,0,0,0,1,0,1
2019-20,33,Tamilnadu,3303,KANCHEEPURAM,330301,KANCHEEPURAM,24,"Private Unaided (Recognized)",1,"PS (I-V)",6,M.Phil,3,"B.Ed. or equivalent",0,0,0,0,1,0,0,0,0,0,0,0,0,0,0,0,0,0,1,1,0
2019-20,33,Tamilnadu,3303,KANCHEEPURAM,330303,UTHIRAMERUR,24,"Private Unaided (Recognized)",1,"PS (I-V)",6,M.Phil,3,"B.Ed. or equivalent",0,0,0,0,0,1,0,0,0,0,0,0,0,0,0,0,0,0,1,0,1
2019-20,33,Tamilnadu,3303,KANCHEEPURAM,330305,KUNDRATHUR,24,"Private Unaided (Recognized)",1,"PS (I-V)",6,M.Phil,3,"B.Ed. or equivalent",0,0,0,0,2,1,0,0,0,0,0,0,0,0,0,0,0,0,3,2,1
2019-20,33,Tamilnadu,3303,KANCHEEPURAM,330307,KATTANKOLATHUR,24,"Private Unaided (Recognized)",1,"PS (I-V)",6,M.Phil,3,"B.Ed. or equivalent",0,0,0,0,0,2,0,0,0,0,0,0,0,0,0,0,0,0,2,0,2
2019-20,33,Tamilnadu,3303,KANCHEEPURAM,330308,THIRUKALUKUNDRAM,24,"Private Unaided (Recognized)",1,"PS (I-V)",6,M.Phil,3,"B.Ed. or equivalent",0,0,0,0,0,1,0,0,0,0,0,0,0,0,0,0,0,0,1,0,1
2019-20,33,Tamilnadu,3303,KANCHEEPURAM,330309,"ST.THOMAS MOUNT(URBAN)",24,"Private Unaided (Recognized)",1,"PS (I-V)",6,M.Phil,3,"B.Ed. or equivalent",0,0,0,0,1,7,0,0,0,0,0,0,0,0,0,0,0,0,8,1,7
2019-20,33,Tamilnadu,3303,KANCHEEPURAM,330311,MADURANTAGAM,24,"Private Unaided (Recognized)",1,"PS (I-V)",6,M.Phil,3,"B.Ed. or equivalent",0,0,0,0,0,1,0,0,0,0,0,0,0,0,0,0,0,0,1,0,1
2019-20,33,Tamilnadu,3303,KANCHEEPURAM,330313,CHITHAMUR,24,"Private Unaided (Recognized)",1,"PS (I-V)",6,M.Phil,3,"B.Ed. or equivalent",0,0,0,0,0,1,0,0,0,0,0,0,0,0,0,0,0,0,1,0,1
2019-20,33,Tamilnadu,3303,KANCHEEPURAM,330314,"ST.THOMAS MOUNT(RURAL)",24,"Private Unaided (Recognized)",1,"PS (I-V)",6,M.Phil,3,"B.Ed. or equivalent",0,0,0,0,1,3,0,0,0,0,0,0,0,0,0,0,0,0,4,1,3
2019-20,33,Tamilnadu,3303,KANCHEEPURAM,330304,SRIPERUMBUDUR,24,"Private Unaided (Recognized)",2,"UPS (I-VIII)",6,M.Phil,3,"B.Ed. or equivalent",0,0,0,0,0,0,0,2,0,0,0,0,0,0,0,0,0,0,2,0,2
2019-20,33,Tamilnadu,3303,KANCHEEPURAM,330314,"ST.THOMAS MOUNT(RURAL)",24,"Private Unaided (Recognized)",6,"SS (I-X)",6,M.Phil,3,"B.Ed. or equivalent",0,0,0,0,0,1,0,0,0,0,0,0,0,0,0,0,0,0,1,0,1
2019-20,33,Tamilnadu,3303,KANCHEEPURAM,330303,UTHIRAMERUR,24,"Private Unaided (Recognized)",1,"PS (I-V)",6,M.Phil,4,"M.Ed. or equivalent",0,0,0,0,0,1,0,0,0,0,0,0,0,0,0,0,0,0,1,0,1
2019-20,33,Tamilnadu,3303,KANCHEEPURAM,330305,KUNDRATHUR,24,"Private Unaided (Recognized)",1,"PS (I-V)",6,M.Phil,4,"M.Ed. or equivalent",0,0,0,0,0,2,0,0,0,0,0,0,0,0,0,0,0,0,2,0,2
2019-20,33,Tamilnadu,3303,KANCHEEPURAM,330307,KATTANKOLATHUR,24,"Private Unaided (Recognized)",1,"PS (I-V)",6,M.Phil,4,"M.Ed. or equivalent",0,0,0,0,1,0,0,0,0,0,0,0,0,0,0,0,0,0,1,1,0
2019-20,33,Tamilnadu,3303,KANCHEEPURAM,330309,"ST.THOMAS MOUNT(URBAN)",24,"Private Unaided (Recognized)",1,"PS (I-V)",6,M.Phil,4,"M.Ed. or equivalent",0,0,0,0,0,2,0,0,0,0,0,0,0,0,0,0,0,0,2,0,2
2019-20,33,Tamilnadu,3303,KANCHEEPURAM,330305,KUNDRATHUR,24,"Private Unaided (Recognized)",1,"PS (I-V)",6,M.Phil,5,Others,0,0,0,0,0,2,0,0,0,0,0,0,0,0,0,0,0,0,2,0,2
2019-20,33,Tamilnadu,3303,KANCHEEPURAM,330306,THIRUPORUR,24,"Private Unaided (Recognized)",1,"PS (I-V)",6,M.Phil,5,Others,0,0,0,0,1,0,0,0,0,0,0,0,0,0,0,0,0,0,1,1,0
2019-20,33,Tamilnadu,3303,KANCHEEPURAM,330311,MADURANTAGAM,24,"Private Unaided (Recognized)",1,"PS (I-V)",6,M.Phil,5,Others,0,0,0,0,0,1,0,0,0,0,0,0,0,0,0,0,0,0,1,0,1
2019-20,33,Tamilnadu,3303,KANCHEEPURAM,330314,"ST.THOMAS MOUNT(RURAL)",24,"Private Unaided (Recognized)",1,"PS (I-V)",6,M.Phil,5,Others,0,0,0,0,0,2,0,0,0,0,0,0,0,0,0,0,0,0,2,0,2
2019-20,33,Tamilnadu,3303,KANCHEEPURAM,330301,KANCHEEPURAM,24,"Private Unaided (Recognized)",1,"PS (I-V)",6,M.Phil,6,None,0,0,0,0,0,1,0,0,0,0,0,0,0,0,0,0,0,0,1,0,1
2019-20,33,Tamilnadu,3303,KANCHEEPURAM,330305,KUNDRATHUR,24,"Private Unaided (Recognized)",1,"PS (I-V)",6,M.Phil,6,None,0,0,0,0,0,1,0,0,0,0,0,0,0,0,0,0,0,0,1,0,1
2019-20,33,Tamilnadu,3303,KANCHEEPURAM,330309,"ST.THOMAS MOUNT(URBAN)",24,"Private Unaided (Recognized)",1,"PS (I-V)",6,M.Phil,6,None,0,0,0,1,0,2,0,0,0,0,0,0,0,0,0,0,0,0,3,0,3
2019-20,33,Tamilnadu,3303,KANCHEEPURAM,330314,"ST.THOMAS MOUNT(RURAL)",24,"Private Unaided (Recognized)",1,"PS (I-V)",6,M.Phil,6,None,0,0,0,0,0,3,0,0,0,0,0,0,0,0,0,0,0,0,3,0,3
2019-20,33,Tamilnadu,3303,KANCHEEPURAM,330305,KUNDRATHUR,24,"Private Unaided (Recognized)",1,"PS (I-V)",7,Ph.D,3,"B.Ed. or equivalent",0,0,0,0,0,1,0,0,0,0,0,0,0,0,0,0,0,0,1,0,1
2019-20,33,Tamilnadu,3303,KANCHEEPURAM,330305,KUNDRATHUR,24,"Private Unaided (Recognized)",1,"PS (I-V)",7,Ph.D,4,"M.Ed. or equivalent",0,0,0,0,1,0,0,0,0,0,0,0,0,0,0,0,0,0,1,1,0
2019-20,33,Tamilnadu,3303,KANCHEEPURAM,330307,KATTANKOLATHUR,24,"Private Unaided (Recognized)",1,"PS (I-V)",7,Ph.D,4,"M.Ed. or equivalent",0,0,0,0,1,0,0,0,0,0,0,0,0,0,0,0,0,0,1,1,0
2019-20,33,Tamilnadu,3303,KANCHEEPURAM,330314,"ST.THOMAS MOUNT(RURAL)",24,"Private Unaided (Recognized)",1,"PS (I-V)",7,Ph.D,4,"M.Ed. or equivalent",0,0,0,0,0,1,0,0,0,0,0,0,0,0,0,0,0,0,1,0,1
2019-20,33,Tamilnadu,3303,KANCHEEPURAM,330304,SRIPERUMBUDUR,24,"Private Unaided (Recognized)",1,"PS (I-V)",7,Ph.D,5,Others,0,0,0,0,0,1,0,0,0,0,0,0,0,0,0,0,0,0,1,0,1
2019-20,33,Tamilnadu,3303,KANCHEEPURAM,330309,"ST.THOMAS MOUNT(URBAN)",24,"Private Unaided (Recognized)",1,"PS (I-V)",7,Ph.D,6,None,0,0,0,0,0,1,0,0,0,0,0,0,0,0,0,0,0,0,1,0,1
2019-20,33,Tamilnadu,3303,KANCHEEPURAM,330309,"ST.THOMAS MOUNT(URBAN)",24,"Private Unaided (Recognized)",1,"PS (I-V)",8,"Post Doctoral",3,"B.Ed. or equivalent",0,0,0,0,0,1,0,0,0,0,0,0,0,0,0,0,0,0,1,0,1
2019-20,33,Tamilnadu,3303,KANCHEEPURAM,330310,ACHARAPAKKAM,24,"Private Unaided (Recognized)",2,"UPS (I-VIII)",8,"Post Doctoral",3,"B.Ed. or equivalent",0,0,0,0,0,0,0,1,0,0,0,0,0,0,0,0,0,0,1,0,1
2019-20,33,Tamilnadu,3303,KANCHEEPURAM,330306,THIRUPORUR,25,"Private Unaided (Recognized)",2,"UPS (I-VIII)",3,"Higher secondary",1,"Diploma or certificate in basic teachers training of a duration not less than two years",0,0,0,0,0,0,0,0,0,2,0,0,0,0,0,0,0,0,2,0,2
2019-20,33,Tamilnadu,3303,KANCHEEPURAM,330306,THIRUPORUR,25,"Private Unaided (Recognized)",2,"UPS (I-VIII)",3,"Higher secondary",3,"B.Ed. or equivalent",0,0,0,0,0,0,0,0,0,1,0,0,0,0,0,0,0,0,1,0,1
2019-20,33,Tamilnadu,3303,KANCHEEPURAM,330306,THIRUPORUR,25,"Private Unaided (Recognized)",2,"UPS (I-VIII)",5,"Post graduate",3,"B.Ed. or equivalent",0,0,0,0,0,0,0,0,0,1,0,0,0,0,0,0,0,0,1,0,1
2019-20,33,Tamilnadu,3303,KANCHEEPURAM,330301,KANCHEEPURAM,29,"Private Unaided (Recognized)",2,"UPS (I-VIII)",1,"Below Secondary",1,"Diploma or certificate in basic teachers training of a duration not less than two years",0,0,0,0,0,0,0,0,0,1,0,0,0,0,0,0,0,0,1,0,1
2019-20,33,Tamilnadu,3303,KANCHEEPURAM,330311,MADURANTAGAM,29,"Private Unaided (Recognized)",2,"UPS (I-VIII)",1,"Below Secondary",1,"Diploma or certificate in basic teachers training of a duration not less than two years",0,0,0,0,0,0,0,1,0,0,0,0,0,0,0,0,0,0,1,0,1
2019-20,33,Tamilnadu,3303,KANCHEEPURAM,330306,THIRUPORUR,29,"Private Unaided (Recognized)",3,"HSS (I-XII)",1,"Below Secondary",1,"Diploma or certificate in basic teachers training of a duration not less than two years",0,0,0,0,0,0,0,1,0,0,0,0,0,0,0,0,0,0,1,0,1
2019-20,33,Tamilnadu,3303,KANCHEEPURAM,330313,CHITHAMUR,29,"Private Unaided (Recognized)",3,"HSS (I-XII)",1,"Below Secondary",1,"Diploma or certificate in basic teachers training of a duration not less than two years",0,0,0,0,0,0,0,0,0,1,0,0,0,0,0,0,0,0,1,0,1
2019-20,33,Tamilnadu,3303,KANCHEEPURAM,330314,"ST.THOMAS MOUNT(RURAL)",29,"Private Unaided (Recognized)",3,"HSS (I-XII)",1,"Below Secondary",1,"Diploma or certificate in basic teachers training of a duration not less than two years",0,0,0,0,0,0,0,1,0,0,0,0,0,0,0,0,0,0,1,0,1
2019-20,33,Tamilnadu,3303,KANCHEEPURAM,330304,SRIPERUMBUDUR,29,"Private Unaided (Recognized)",6,"SS (I-X)",1,"Below Secondary",1,"Diploma or certificate in basic teachers training of a duration not less than two years",0,0,0,0,0,0,0,0,0,0,0,0,0,1,0,0,0,0,1,0,1
2019-20,33,Tamilnadu,3303,KANCHEEPURAM,330314,"ST.THOMAS MOUNT(RURAL)",29,"Private Unaided (Recognized)",6,"SS (I-X)",1,"Below Secondary",1,"Diploma or certificate in basic teachers training of a duration not less than two years",0,0,0,0,0,1,0,0,0,0,0,0,0,0,0,0,0,0,1,0,1
2019-20,33,Tamilnadu,3303,KANCHEEPURAM,330301,KANCHEEPURAM,29,"Private Unaided (Recognized)",2,"UPS (I-VIII)",1,"Below Secondary",3,"B.Ed. or equivalent",0,0,0,0,0,0,0,1,0,1,0,0,0,0,0,0,0,0,2,0,2
2019-20,33,Tamilnadu,3303,KANCHEEPURAM,330307,KATTANKOLATHUR,29,"Private Unaided (Recognized)",2,"UPS (I-VIII)",1,"Below Secondary",3,"B.Ed. or equivalent",0,0,0,0,0,0,0,0,1,0,0,0,0,0,0,0,0,0,1,1,0
2019-20,33,Tamilnadu,3303,KANCHEEPURAM,330314,"ST.THOMAS MOUNT(RURAL)",29,"Private Unaided (Recognized)",2,"UPS (I-VIII)",1,"Below Secondary",3,"B.Ed. or equivalent",0,0,0,0,0,0,0,0,1,0,0,0,0,0,0,0,0,0,1,1,0
2019-20,33,Tamilnadu,3303,KANCHEEPURAM,330304,SRIPERUMBUDUR,29,"Private Unaided (Recognized)",3,"HSS (I-XII)",1,"Below Secondary",3,"B.Ed. or equivalent",0,1,0,1,0,0,0,0,0,0,0,0,0,0,0,0,0,0,2,0,2
2019-20,33,Tamilnadu,3303,KANCHEEPURAM,330306,THIRUPORUR,29,"Private Unaided (Recognized)",3,"HSS (I-XII)",1,"Below Secondary",3,"B.Ed. or equivalent",0,0,0,0,0,1,0,0,0,0,0,0,0,0,0,0,0,0,1,0,1
2019-20,33,Tamilnadu,3303,KANCHEEPURAM,330309,"ST.THOMAS MOUNT(URBAN)",29,"Private Unaided (Recognized)",3,"HSS (I-XII)",1,"Below Secondary",3,"B.Ed. or equivalent",0,0,0,0,0,1,0,0,0,0,0,0,0,0,0,0,0,0,1,0,1
2019-20,33,Tamilnadu,3303,KANCHEEPURAM,330313,CHITHAMUR,29,"Private Unaided (Recognized)",3,"HSS (I-XII)",1,"Below Secondary",3,"B.Ed. or equivalent",0,0,0,0,0,1,0,0,0,0,0,1,0,0,0,0,0,0,2,0,2
2019-20,33,Tamilnadu,3303,KANCHEEPURAM,330314,"ST.THOMAS MOUNT(RURAL)",29,"Private Unaided (Recognized)",3,"HSS (I-XII)",1,"Below Secondary",3,"B.Ed. or equivalent",0,0,0,0,0,1,1,0,0,0,0,0,0,0,0,0,0,0,2,1,1
2019-20,33,Tamilnadu,3303,KANCHEEPURAM,330307,KATTANKOLATHUR,29,"Private Unaided (Recognized)",2,"UPS (I-VIII)",1,"Below Secondary",4,"M.Ed. or equivalent",0,0,0,0,0,1,0,0,0,0,0,0,0,0,0,0,0,0,1,0,1
2019-20,33,Tamilnadu,3303,KANCHEEPURAM,330314,"ST.THOMAS MOUNT(RURAL)",29,"Private Unaided (Recognized)",2,"UPS (I-VIII)",1,"Below Secondary",4,"M.Ed. or equivalent",0,0,0,0,0,0,0,1,0,0,0,0,0,0,0,0,0,0,1,0,1
2019-20,33,Tamilnadu,3303,KANCHEEPURAM,330307,KATTANKOLATHUR,29,"Private Unaided (Recognized)",3,"HSS (I-XII)",1,"Below Secondary",4,"M.Ed. or equivalent",0,0,0,0,0,0,0,0,0,0,0,1,0,0,0,0,0,0,1,0,1
2019-20,33,Tamilnadu,3303,KANCHEEPURAM,330309,"ST.THOMAS MOUNT(URBAN)",29,"Private Unaided (Recognized)",3,"HSS (I-XII)",1,"Below Secondary",4,"M.Ed. or equivalent",0,0,0,0,0,0,0,0,0,0,0,1,0,0,0,0,0,0,1,0,1
2019-20,33,Tamilnadu,3303,KANCHEEPURAM,330304,SRIPERUMBUDUR,29,"Private Unaided (Recognized)",6,"SS (I-X)",1,"Below Secondary",4,"M.Ed. or equivalent",0,0,0,0,0,0,0,0,0,0,0,0,1,0,0,0,0,0,1,1,0
2019-20,33,Tamilnadu,3303,KANCHEEPURAM,330307,KATTANKOLATHUR,29,"Private Unaided (Recognized)",6,"SS (I-X)",1,"Below Secondary",4,"M.Ed. or equivalent",0,0,0,0,0,0,0,0,0,0,0,1,0,0,0,0,0,0,1,0,1
2019-20,33,Tamilnadu,3303,KANCHEEPURAM,330301,KANCHEEPURAM,29,"Private Unaided (Recognized)",2,"UPS (I-VIII)",1,"Below Secondary",5,Others,0,0,0,0,0,0,0,0,0,1,0,0,0,0,0,0,0,0,1,0,1
2019-20,33,Tamilnadu,3303,KANCHEEPURAM,330307,KATTANKOLATHUR,29,"Private Unaided (Recognized)",2,"UPS (I-VIII)",1,"Below Secondary",5,Others,0,0,0,0,0,1,0,0,0,0,0,0,0,0,0,0,0,0,1,0,1
2019-20,33,Tamilnadu,3303,KANCHEEPURAM,330308,THIRUKALUKUNDRAM,29,"Private Unaided (Recognized)",2,"UPS (I-VIII)",1,"Below Secondary",5,Others,0,0,0,0,0,0,0,0,0,1,0,0,0,0,0,0,0,0,1,0,1
2019-20,33,Tamilnadu,3303,KANCHEEPURAM,330309,"ST.THOMAS MOUNT(URBAN)",29,"Private Unaided (Recognized)",2,"UPS (I-VIII)",1,"Below Secondary",5,Others,0,0,0,0,0,1,0,0,0,0,0,0,0,0,0,0,0,0,1,0,1
2019-20,33,Tamilnadu,3303,KANCHEEPURAM,330311,MADURANTAGAM,29,"Private Unaided (Recognized)",2,"UPS (I-VIII)",1,"Below Secondary",5,Others,0,0,0,0,0,0,0,0,0,1,0,0,0,0,0,0,0,0,1,0,1
2019-20,33,Tamilnadu,3303,KANCHEEPURAM,330305,KUNDRATHUR,29,"Private Unaided (Recognized)",3,"HSS (I-XII)",1,"Below Secondary",5,Others,0,0,1,0,3,0,1,2,0,0,0,0,0,0,0,0,0,0,7,5,2
2019-20,33,Tamilnadu,3303,KANCHEEPURAM,330307,KATTANKOLATHUR,29,"Private Unaided (Recognized)",3,"HSS (I-XII)",1,"Below Secondary",5,Others,0,0,0,0,0,0,1,0,0,0,0,0,0,0,0,0,0,0,1,1,0
2019-20,33,Tamilnadu,3303,KANCHEEPURAM,330309,"ST.THOMAS MOUNT(URBAN)",29,"Private Unaided (Recognized)",3,"HSS (I-XII)",1,"Below Secondary",5,Others,0,2,0,0,0,0,1,0,0,1,0,0,0,0,0,0,0,0,4,1,3
2019-20,33,Tamilnadu,3303,KANCHEEPURAM,330313,CHITHAMUR,29,"Private Unaided (Recognized)",3,"HSS (I-XII)",1,"Below Secondary",5,Others,0,0,0,0,0,0,0,0,1,0,0,0,0,0,0,0,0,0,1,1,0
2019-20,33,Tamilnadu,3303,KANCHEEPURAM,330314,"ST.THOMAS MOUNT(RURAL)",29,"Private Unaided (Recognized)",3,"HSS (I-XII)",1,"Below Secondary",5,Others,0,2,0,0,0,2,6,3,0,0,0,0,0,0,0,0,0,0,13,6,7
2019-20,33,Tamilnadu,3303,KANCHEEPURAM,330307,KATTANKOLATHUR,29,"Private Unaided (Recognized)",6,"SS (I-X)",1,"Below Secondary",5,Others,0,0,0,0,0,0,0,1,0,0,0,0,0,0,0,0,0,0,1,0,1
2019-20,33,Tamilnadu,3303,KANCHEEPURAM,330309,"ST.THOMAS MOUNT(URBAN)",29,"Private Unaided (Recognized)",6,"SS (I-X)",1,"Below Secondary",5,Others,0,0,0,0,0,1,0,0,0,0,0,0,0,0,0,0,0,0,1,0,1
2019-20,33,Tamilnadu,3303,KANCHEEPURAM,330314,"ST.THOMAS MOUNT(RURAL)",29,"Private Unaided (Recognized)",6,"SS (I-X)",1,"Below Secondary",5,Others,0,0,0,0,0,0,0,0,1,0,0,0,2,1,0,0,0,0,4,3,1
2019-20,33,Tamilnadu,3303,KANCHEEPURAM,330305,KUNDRATHUR,29,"Private Unaided (Recognized)",1,"PS (I-V)",1,"Below Secondary",6,None,0,0,0,0,0,1,0,0,0,0,0,0,0,0,0,0,0,0,1,0,1
2019-20,33,Tamilnadu,3303,KANCHEEPURAM,330314,"ST.THOMAS MOUNT(RURAL)",29,"Private Unaided (Recognized)",1,"PS (I-V)",1,"Below Secondary",6,None,0,0,0,1,0,0,0,0,0,0,0,0,0,0,0,0,0,0,1,0,1
2019-20,33,Tamilnadu,3303,KANCHEEPURAM,330301,KANCHEEPURAM,29,"Private Unaided (Recognized)",2,"UPS (I-VIII)",1,"Below Secondary",6,None,0,0,0,0,0,2,0,0,0,2,0,0,0,0,0,0,0,0,4,0,4
2019-20,33,Tamilnadu,3303,KANCHEEPURAM,330308,THIRUKALUKUNDRAM,29,"Private Unaided (Recognized)",2,"UPS (I-VIII)",1,"Below Secondary",6,None,0,0,0,0,1,0,0,0,0,0,0,0,0,0,0,0,0,0,1,1,0
2019-20,33,Tamilnadu,3303,KANCHEEPURAM,330305,KUNDRATHUR,29,"Private Unaided (Recognized)",3,"HSS (I-XII)",1,"Below Secondary",6,None,1,0,0,0,0,1,1,0,0,0,0,1,0,0,0,0,0,0,4,2,2
2019-20,33,Tamilnadu,3303,KANCHEEPURAM,330306,THIRUPORUR,29,"Private Unaided (Recognized)",3,"HSS (I-XII)",1,"Below Secondary",6,None,0,1,0,0,0,0,0,1,0,0,0,0,0,0,0,0,0,0,2,0,2
2019-20,33,Tamilnadu,3303,KANCHEEPURAM,330309,"ST.THOMAS MOUNT(URBAN)",29,"Private Unaided (Recognized)",3,"HSS (I-XII)",1,"Below Secondary",6,None,0,0,0,0,0,1,1,1,0,0,0,1,0,0,0,0,0,0,4,1,3
2019-20,33,Tamilnadu,3303,KANCHEEPURAM,330314,"ST.THOMAS MOUNT(RURAL)",29,"Private Unaided (Recognized)",3,"HSS (I-XII)",1,"Below Secondary",6,None,0,0,0,0,0,1,1,2,0,0,0,0,0,0,0,0,0,1,5,1,4
2019-20,33,Tamilnadu,3303,KANCHEEPURAM,330305,KUNDRATHUR,29,"Private Unaided (Recognized)",6,"SS (I-X)",1,"Below Secondary",6,None,0,0,0,0,0,0,0,0,0,0,0,0,1,0,0,0,0,0,1,1,0
2019-20,33,Tamilnadu,3303,KANCHEEPURAM,330307,KATTANKOLATHUR,29,"Private Unaided (Recognized)",1,"PS (I-V)",3,"Higher secondary",1,"Diploma or certificate in basic teachers training of a duration not less than two years",0,0,0,0,0,1,0,0,0,0,0,0,0,0,0,0,0,0,1,0,1
2019-20,33,Tamilnadu,3303,KANCHEEPURAM,330301,KANCHEEPURAM,29,"Private Unaided (Recognized)",2,"UPS (I-VIII)",3,"Higher secondary",1,"Diploma or certificate in basic teachers training of a duration not less than two years",0,0,0,0,0,1,0,0,0,3,0,0,0,0,0,0,0,0,4,0,4
2019-20,33,Tamilnadu,3303,KANCHEEPURAM,330308,THIRUKALUKUNDRAM,29,"Private Unaided (Recognized)",2,"UPS (I-VIII)",3,"Higher secondary",1,"Diploma or certificate in basic teachers training of a duration not less than two years",0,0,0,0,0,0,0,0,0,2,0,0,0,0,0,0,0,0,2,0,2
2019-20,33,Tamilnadu,3303,KANCHEEPURAM,330305,KUNDRATHUR,29,"Private Unaided (Recognized)",3,"HSS (I-XII)",3,"Higher secondary",1,"Diploma or certificate in basic teachers training of a duration not less than two years",0,0,0,0,0,1,0,1,0,0,0,0,0,0,0,0,0,2,4,0,4
2019-20,33,Tamilnadu,3303,KANCHEEPURAM,330306,THIRUPORUR,29,"Private Unaided (Recognized)",3,"HSS (I-XII)",3,"Higher secondary",1,"Diploma or certificate in basic teachers training of a duration not less than two years",0,0,0,0,0,2,0,0,0,0,0,0,0,0,0,0,0,0,2,0,2
2019-20,33,Tamilnadu,3303,KANCHEEPURAM,330307,KATTANKOLATHUR,29,"Private Unaided (Recognized)",3,"HSS (I-XII)",3,"Higher secondary",1,"Diploma or certificate in basic teachers training of a duration not less than two years",0,0,0,0,0,1,0,1,0,0,0,0,0,0,0,0,0,0,2,0,2
2019-20,33,Tamilnadu,3303,KANCHEEPURAM,330309,"ST.THOMAS MOUNT(URBAN)",29,"Private Unaided (Recognized)",3,"HSS (I-XII)",3,"Higher secondary",1,"Diploma or certificate in basic teachers training of a duration not less than two years",0,0,0,0,0,2,0,0,0,0,0,0,0,0,0,0,0,0,2,0,2
2019-20,33,Tamilnadu,3303,KANCHEEPURAM,330314,"ST.THOMAS MOUNT(RURAL)",29,"Private Unaided (Recognized)",3,"HSS (I-XII)",3,"Higher secondary",1,"Diploma or certificate in basic teachers training of a duration not less than two years",0,0,0,0,0,1,0,0,0,0,0,0,0,0,0,0,0,0,1,0,1
2019-20,33,Tamilnadu,3303,KANCHEEPURAM,330304,SRIPERUMBUDUR,29,"Private Unaided (Recognized)",6,"SS (I-X)",3,"Higher secondary",1,"Diploma or certificate in basic teachers training of a duration not less than two years",0,0,0,0,0,2,0,0,0,0,0,0,0,0,0,0,0,0,2,0,2
2019-20,33,Tamilnadu,3303,KANCHEEPURAM,330305,KUNDRATHUR,29,"Private Unaided (Recognized)",6,"SS (I-X)",3,"Higher secondary",1,"Diploma or certificate in basic teachers training of a duration not less than two years",0,0,0,0,0,0,0,0,0,0,0,0,0,1,0,0,0,0,1,0,1
2019-20,33,Tamilnadu,3303,KANCHEEPURAM,330309,"ST.THOMAS MOUNT(URBAN)",29,"Private Unaided (Recognized)",6,"SS (I-X)",3,"Higher secondary",1,"Diploma or certificate in basic teachers training of a duration not less than two years",0,0,0,0,0,0,0,0,0,0,0,0,0,1,0,0,0,0,1,0,1
2019-20,33,Tamilnadu,3303,KANCHEEPURAM,330310,ACHARAPAKKAM,29,"Private Unaided (Recognized)",6,"SS (I-X)",3,"Higher secondary",1,"Diploma or certificate in basic teachers training of a duration not less than two years",0,0,0,0,0,1,0,0,0,0,0,0,0,1,0,0,0,0,2,0,2
2019-20,33,Tamilnadu,3303,KANCHEEPURAM,330314,"ST.THOMAS MOUNT(RURAL)",29,"Private Unaided (Recognized)",6,"SS (I-X)",3,"Higher secondary",1,"Diploma or certificate in basic teachers training of a duration not less than two years",0,0,0,0,1,3,0,0,0,0,0,0,0,0,0,0,0,0,4,1,3
2019-20,33,Tamilnadu,3303,KANCHEEPURAM,330307,KATTANKOLATHUR,29,"Private Unaided (Recognized)",2,"UPS (I-VIII)",3,"Higher secondary",3,"B.Ed. or equivalent",0,0,0,0,0,0,0,0,0,1,0,0,0,0,0,0,0,0,1,0,1
2019-20,33,Tamilnadu,3303,KANCHEEPURAM,330304,SRIPERUMBUDUR,29,"Private Unaided (Recognized)",3,"HSS (I-XII)",3,"Higher secondary",3,"B.Ed. or equivalent",0,0,0,0,0,0,0,0,0,0,0,0,0,0,0,1,0,0,1,0,1
2019-20,33,Tamilnadu,3303,KANCHEEPURAM,330306,THIRUPORUR,29,"Private Unaided (Recognized)",3,"HSS (I-XII)",3,"Higher secondary",3,"B.Ed. or equivalent",0,0,0,0,0,0,0,1,0,0,0,0,0,0,0,2,0,0,3,0,3
2019-20,33,Tamilnadu,3303,KANCHEEPURAM,330314,"ST.THOMAS MOUNT(RURAL)",29,"Private Unaided (Recognized)",3,"HSS (I-XII)",3,"Higher secondary",3,"B.Ed. or equivalent",0,0,0,0,0,0,1,0,0,0,0,0,0,0,0,0,0,1,2,1,1
2019-20,33,Tamilnadu,3303,KANCHEEPURAM,330301,KANCHEEPURAM,29,"Private Unaided (Recognized)",1,"PS (I-V)",3,"Higher secondary",4,"M.Ed. or equivalent",0,0,0,0,0,1,0,0,0,0,0,0,0,0,0,0,0,0,1,0,1
2019-20,33,Tamilnadu,3303,KANCHEEPURAM,330301,KANCHEEPURAM,29,"Private Unaided (Recognized)",6,"SS (I-X)",3,"Higher secondary",4,"M.Ed. or equivalent",0,0,0,0,0,0,0,0,0,0,0,0,1,0,0,0,0,0,1,1,0
2019-20,33,Tamilnadu,3303,KANCHEEPURAM,330307,KATTANKOLATHUR,29,"Private Unaided (Recognized)",2,"UPS (I-VIII)",3,"Higher secondary",5,Others,0,0,0,0,0,1,0,1,0,0,0,0,0,0,0,0,0,0,2,0,2
2019-20,33,Tamilnadu,3303,KANCHEEPURAM,330314,"ST.THOMAS MOUNT(RURAL)",29,"Private Unaided (Recognized)",2,"UPS (I-VIII)",3,"Higher secondary",5,Others,0,0,0,0,0,1,0,0,0,1,0,0,0,0,0,0,0,0,2,0,2
2019-20,33,Tamilnadu,3303,KANCHEEPURAM,330305,KUNDRATHUR,29,"Private Unaided (Recognized)",3,"HSS (I-XII)",3,"Higher secondary",5,Others,0,0,0,0,0,2,2,1,0,0,0,0,0,0,0,0,0,0,5,2,3
2019-20,33,Tamilnadu,3303,KANCHEEPURAM,330306,THIRUPORUR,29,"Private Unaided (Recognized)",3,"HSS (I-XII)",3,"Higher secondary",5,Others,0,0,0,0,0,0,1,0,0,0,0,0,0,0,0,0,0,0,1,1,0
2019-20,33,Tamilnadu,3303,KANCHEEPURAM,330307,KATTANKOLATHUR,29,"Private Unaided (Recognized)",3,"HSS (I-XII)",3,"Higher secondary",5,Others,0,1,0,1,0,1,0,1,0,0,0,0,0,0,0,0,0,0,4,0,4
2019-20,33,Tamilnadu,3303,KANCHEEPURAM,330308,THIRUKALUKUNDRAM,29,"Private Unaided (Recognized)",3,"HSS (I-XII)",3,"Higher secondary",5,Others,0,0,0,0,0,0,0,1,0,0,0,0,0,0,0,0,0,0,1,0,1
2019-20,33,Tamilnadu,3303,KANCHEEPURAM,330314,"ST.THOMAS MOUNT(RURAL)",29,"Private Unaided (Recognized)",3,"HSS (I-XII)",3,"Higher secondary",5,Others,0,1,0,0,3,1,3,5,0,0,0,0,1,0,0,1,0,0,15,7,8
2019-20,33,Tamilnadu,3303,KANCHEEPURAM,330305,KUNDRATHUR,29,"Private Unaided (Recognized)",6,"SS (I-X)",3,"Higher secondary",5,Others,0,0,0,0,0,0,0,0,0,0,0,0,0,2,0,0,0,0,2,0,2
2019-20,33,Tamilnadu,3303,KANCHEEPURAM,330307,KATTANKOLATHUR,29,"Private Unaided (Recognized)",6,"SS (I-X)",3,"Higher secondary",5,Others,0,0,0,0,0,0,0,1,0,0,0,0,0,0,0,0,0,0,1,0,1
2019-20,33,Tamilnadu,3303,KANCHEEPURAM,330301,KANCHEEPURAM,29,"Private Unaided (Recognized)",2,"UPS (I-VIII)",3,"Higher secondary",6,None,0,0,0,0,0,1,0,0,0,0,0,0,0,0,0,0,0,0,1,0,1
2019-20,33,Tamilnadu,3303,KANCHEEPURAM,330308,THIRUKALUKUNDRAM,29,"Private Unaided (Recognized)",2,"UPS (I-VIII)",3,"Higher secondary",6,None,0,0,0,0,0,2,0,0,0,0,0,0,0,0,0,0,0,0,2,0,2
2019-20,33,Tamilnadu,3303,KANCHEEPURAM,330309,"ST.THOMAS MOUNT(URBAN)",29,"Private Unaided (Recognized)",2,"UPS (I-VIII)",3,"Higher secondary",6,None,0,0,0,0,0,1,0,0,0,0,0,0,0,0,0,0,0,0,1,0,1
2019-20,33,Tamilnadu,3303,KANCHEEPURAM,330305,KUNDRATHUR,29,"Private Unaided (Recognized)",3,"HSS (I-XII)",3,"Higher secondary",6,None,0,0,0,0,0,0,0,0,0,0,0,0,1,0,0,0,0,0,1,1,0
2019-20,33,Tamilnadu,3303,KANCHEEPURAM,330306,THIRUPORUR,29,"Private Unaided (Recognized)",3,"HSS (I-XII)",3,"Higher secondary",6,None,0,0,0,0,0,1,0,0,0,0,0,0,0,0,0,0,0,2,3,0,3
2019-20,33,Tamilnadu,3303,KANCHEEPURAM,330307,KATTANKOLATHUR,29,"Private Unaided (Recognized)",3,"HSS (I-XII)",3,"Higher secondary",6,None,0,0,0,0,0,0,1,0,0,0,0,0,0,0,0,0,0,0,1,1,0
2019-20,33,Tamilnadu,3303,KANCHEEPURAM,330314,"ST.THOMAS MOUNT(RURAL)",29,"Private Unaided (Recognized)",3,"HSS (I-XII)",3,"Higher secondary",6,None,0,0,1,0,0,0,1,1,0,0,0,0,0,0,0,0,0,0,3,2,1
2019-20,33,Tamilnadu,3303,KANCHEEPURAM,330314,"ST.THOMAS MOUNT(RURAL)",29,"Private Unaided (Recognized)",6,"SS (I-X)",3,"Higher secondary",6,None,0,0,0,0,0,0,0,0,0,0,0,1,0,0,0,0,0,0,1,0,1
2019-20,33,Tamilnadu,3303,KANCHEEPURAM,330305,KUNDRATHUR,29,"Private Unaided (Recognized)",1,"PS (I-V)",4,Graduate,1,"Diploma or certificate in basic teachers training of a duration not less than two years",0,0,0,0,0,1,0,0,0,0,0,0,0,0,0,0,0,0,1,0,1
2019-20,33,Tamilnadu,3303,KANCHEEPURAM,330307,KATTANKOLATHUR,29,"Private Unaided (Recognized)",1,"PS (I-V)",4,Graduate,1,"Diploma or certificate in basic teachers training of a duration not less than two years",0,0,0,1,0,0,0,0,0,0,0,0,0,0,0,0,0,0,1,0,1
2019-20,33,Tamilnadu,3303,KANCHEEPURAM,330301,KANCHEEPURAM,29,"Private Unaided (Recognized)",2,"UPS (I-VIII)",4,Graduate,1,"Diploma or certificate in basic teachers training of a duration not less than two years",0,0,0,0,0,0,0,0,0,3,0,0,0,0,0,0,0,0,3,0,3
2019-20,33,Tamilnadu,3303,KANCHEEPURAM,330305,KUNDRATHUR,29,"Private Unaided (Recognized)",2,"UPS (I-VIII)",4,Graduate,1,"Diploma or certificate in basic teachers training of a duration not less than two years",0,0,0,0,0,0,0,0,0,2,0,0,0,0,0,0,0,0,2,0,2
2019-20,33,Tamilnadu,3303,KANCHEEPURAM,330306,THIRUPORUR,29,"Private Unaided (Recognized)",2,"UPS (I-VIII)",4,Graduate,1,"Diploma or certificate in basic teachers training of a duration not less than two years",0,0,0,0,1,2,0,0,1,1,0,0,0,0,0,0,0,0,5,2,3
2019-20,33,Tamilnadu,3303,KANCHEEPURAM,330307,KATTANKOLATHUR,29,"Private Unaided (Recognized)",2,"UPS (I-VIII)",4,Graduate,1,"Diploma or certificate in basic teachers training of a duration not less than two years",0,0,0,0,0,2,0,0,0,11,0,0,0,0,0,0,0,0,13,0,13
2019-20,33,Tamilnadu,3303,KANCHEEPURAM,330308,THIRUKALUKUNDRAM,29,"Private Unaided (Recognized)",2,"UPS (I-VIII)",4,Graduate,1,"Diploma or certificate in basic teachers training of a duration not less than two years",0,0,0,0,0,1,0,0,0,0,0,0,0,0,0,0,0,0,1,0,1
2019-20,33,Tamilnadu,3303,KANCHEEPURAM,330309,"ST.THOMAS MOUNT(URBAN)",29,"Private Unaided (Recognized)",2,"UPS (I-VIII)",4,Graduate,1,"Diploma or certificate in basic teachers training of a duration not less than two years",0,0,0,0,0,5,0,0,0,0,0,0,0,0,0,0,0,0,5,0,5
2019-20,33,Tamilnadu,3303,KANCHEEPURAM,330311,MADURANTAGAM,29,"Private Unaided (Recognized)",2,"UPS (I-VIII)",4,Graduate,1,"Diploma or certificate in basic teachers training of a duration not less than two years",0,0,0,0,0,0,0,0,0,1,0,0,0,0,0,0,0,0,1,0,1
2019-20,33,Tamilnadu,3303,KANCHEEPURAM,330314,"ST.THOMAS MOUNT(RURAL)",29,"Private Unaided (Recognized)",2,"UPS (I-VIII)",4,Graduate,1,"Diploma or certificate in basic teachers training of a duration not less than two years",0,0,0,0,0,2,0,2,0,3,0,0,0,0,0,0,0,0,7,0,7
2019-20,33,Tamilnadu,3303,KANCHEEPURAM,330301,KANCHEEPURAM,29,"Private Unaided (Recognized)",3,"HSS (I-XII)",4,Graduate,1,"Diploma or certificate in basic teachers training of a duration not less than two years",0,0,0,0,0,0,0,2,0,3,0,0,0,0,0,0,0,0,5,0,5
2019-20,33,Tamilnadu,3303,KANCHEEPURAM,330302,WALAJABAD,29,"Private Unaided (Recognized)",3,"HSS (I-XII)",4,Graduate,1,"Diploma or certificate in basic teachers training of a duration not less than two years",0,0,0,0,0,1,0,2,0,0,0,0,0,0,0,0,0,0,3,0,3
2019-20,33,Tamilnadu,3303,KANCHEEPURAM,330304,SRIPERUMBUDUR,29,"Private Unaided (Recognized)",3,"HSS (I-XII)",4,Graduate,1,"Diploma or certificate in basic teachers training of a duration not less than two years",0,3,0,0,2,12,0,0,0,1,0,0,1,0,0,0,0,0,19,3,16
2019-20,33,Tamilnadu,3303,KANCHEEPURAM,330305,KUNDRATHUR,29,"Private Unaided (Recognized)",3,"HSS (I-XII)",4,Graduate,1,"Diploma or certificate in basic teachers training of a duration not less than two years",0,1,0,0,0,30,0,12,0,4,0,0,0,0,0,0,0,1,48,0,48
2019-20,33,Tamilnadu,3303,KANCHEEPURAM,330306,THIRUPORUR,29,"Private Unaided (Recognized)",3,"HSS (I-XII)",4,Graduate,1,"Diploma or certificate in basic teachers training of a duration not less than two years",0,0,0,0,0,9,0,6,0,0,0,0,0,0,0,0,0,1,16,0,16
2019-20,33,Tamilnadu,3303,KANCHEEPURAM,330307,KATTANKOLATHUR,29,"Private Unaided (Recognized)",3,"HSS (I-XII)",4,Graduate,1,"Diploma or certificate in basic teachers training of a duration not less than two years",0,3,0,1,0,5,0,4,0,0,0,0,0,0,0,0,0,0,13,0,13
2019-20,33,Tamilnadu,3303,KANCHEEPURAM,330309,"ST.THOMAS MOUNT(URBAN)",29,"Private Unaided (Recognized)",3,"HSS (I-XII)",4,Graduate,1,"Diploma or certificate in basic teachers training of a duration not less than two years",0,6,0,0,0,4,0,3,0,0,0,0,0,0,0,0,0,0,13,0,13
2019-20,33,Tamilnadu,3303,KANCHEEPURAM,330311,MADURANTAGAM,29,"Private Unaided (Recognized)",3,"HSS (I-XII)",4,Graduate,1,"Diploma or certificate in basic teachers training of a duration not less than two years",0,0,0,0,0,2,0,2,0,1,0,0,0,0,0,0,0,0,5,0,5
2019-20,33,Tamilnadu,3303,KANCHEEPURAM,330313,CHITHAMUR,29,"Private Unaided (Recognized)",3,"HSS (I-XII)",4,Graduate,1,"Diploma or certificate in basic teachers training of a duration not less than two years",0,1,0,0,0,1,0,0,0,0,0,0,0,0,0,0,0,0,2,0,2
2019-20,33,Tamilnadu,3303,KANCHEEPURAM,330314,"ST.THOMAS MOUNT(RURAL)",29,"Private Unaided (Recognized)",3,"HSS (I-XII)",4,Graduate,1,"Diploma or certificate in basic teachers training of a duration not less than two years",0,3,0,1,1,8,0,8,0,3,0,4,0,2,0,0,0,0,30,1,29
2019-20,33,Tamilnadu,3303,KANCHEEPURAM,330309,"ST.THOMAS MOUNT(URBAN)",29,"Private Unaided (Recognized)",5,"HSS (VI-XII)",4,Graduate,1,"Diploma or certificate in basic teachers training of a duration not less than two years",0,0,0,0,0,0,0,0,0,1,0,0,0,0,0,0,0,0,1,0,1
2019-20,33,Tamilnadu,3303,KANCHEEPURAM,330301,KANCHEEPURAM,29,"Private Unaided (Recognized)",6,"SS (I-X)",4,Graduate,1,"Diploma or certificate in basic teachers training of a duration not less than two years",0,0,0,0,0,0,0,0,0,0,0,0,0,1,0,0,0,0,1,0,1
2019-20,33,Tamilnadu,3303,KANCHEEPURAM,330302,WALAJABAD,29,"Private Unaided (Recognized)",6,"SS (I-X)",4,Graduate,1,"Diploma or certificate in basic teachers training of a duration not less than two years",0,0,0,0,0,0,0,2,0,0,0,0,0,0,0,0,0,0,2,0,2
2019-20,33,Tamilnadu,3303,KANCHEEPURAM,330303,UTHIRAMERUR,29,"Private Unaided (Recognized)",6,"SS (I-X)",4,Graduate,1,"Diploma or certificate in basic teachers training of a duration not less than two years",0,0,0,0,0,0,0,0,0,0,0,0,0,1,0,0,0,0,1,0,1
2019-20,33,Tamilnadu,3303,KANCHEEPURAM,330304,SRIPERUMBUDUR,29,"Private Unaided (Recognized)",6,"SS (I-X)",4,Graduate,1,"Diploma or certificate in basic teachers training of a duration not less than two years",0,0,0,0,0,5,0,0,0,0,1,0,0,1,0,0,0,0,7,1,6
2019-20,33,Tamilnadu,3303,KANCHEEPURAM,330305,KUNDRATHUR,29,"Private Unaided (Recognized)",6,"SS (I-X)",4,Graduate,1,"Diploma or certificate in basic teachers training of a duration not less than two years",0,0,0,0,0,6,0,0,0,0,0,1,0,3,0,0,0,0,10,0,10
2019-20,33,Tamilnadu,3303,KANCHEEPURAM,330306,THIRUPORUR,29,"Private Unaided (Recognized)",6,"SS (I-X)",4,Graduate,1,"Diploma or certificate in basic teachers training of a duration not less than two years",0,0,0,0,0,0,0,0,0,0,0,1,0,0,0,0,0,0,1,0,1
2019-20,33,Tamilnadu,3303,KANCHEEPURAM,330307,KATTANKOLATHUR,29,"Private Unaided (Recognized)",6,"SS (I-X)",4,Graduate,1,"Diploma or certificate in basic teachers training of a duration not less than two years",0,0,0,0,0,5,0,0,0,0,0,0,0,3,0,0,0,0,8,0,8
2019-20,33,Tamilnadu,3303,KANCHEEPURAM,330308,THIRUKALUKUNDRAM,29,"Private Unaided (Recognized)",6,"SS (I-X)",4,Graduate,1,"Diploma or certificate in basic teachers training of a duration not less than two years",0,0,0,0,0,3,0,3,0,1,0,0,0,0,0,0,0,0,7,0,7
2019-20,33,Tamilnadu,3303,KANCHEEPURAM,330309,"ST.THOMAS MOUNT(URBAN)",29,"Private Unaided (Recognized)",6,"SS (I-X)",4,Graduate,1,"Diploma or certificate in basic teachers training of a duration not less than two years",0,0,0,0,0,2,0,1,0,1,0,0,0,1,0,0,0,0,5,0,5
2019-20,33,Tamilnadu,3303,KANCHEEPURAM,330310,ACHARAPAKKAM,29,"Private Unaided (Recognized)",6,"SS (I-X)",4,Graduate,1,"Diploma or certificate in basic teachers training of a duration not less than two years",0,0,0,0,0,0,0,0,0,0,0,0,0,4,0,0,0,0,4,0,4
2019-20,33,Tamilnadu,3303,KANCHEEPURAM,330314,"ST.THOMAS MOUNT(RURAL)",29,"Private Unaided (Recognized)",6,"SS (I-X)",4,Graduate,1,"Diploma or certificate in basic teachers training of a duration not less than two years",0,0,0,0,1,6,0,1,0,0,0,0,0,3,0,0,0,0,11,1,10
2019-20,33,Tamilnadu,3303,KANCHEEPURAM,330305,KUNDRATHUR,29,"Private Unaided (Recognized)",1,"PS (I-V)",4,Graduate,3,"B.Ed. or equivalent",0,1,0,1,0,2,0,0,0,0,0,0,0,0,0,0,0,0,4,0,4
2019-20,33,Tamilnadu,3303,KANCHEEPURAM,330306,THIRUPORUR,29,"Private Unaided (Recognized)",1,"PS (I-V)",4,Graduate,3,"B.Ed. or equivalent",0,0,0,0,1,7,0,0,0,0,0,0,0,0,0,0,0,0,8,1,7
2019-20,33,Tamilnadu,3303,KANCHEEPURAM,330307,KATTANKOLATHUR,29,"Private Unaided (Recognized)",1,"PS (I-V)",4,Graduate,3,"B.Ed. or equivalent",0,1,0,0,0,2,0,0,0,0,0,0,0,0,0,0,0,0,3,0,3
2019-20,33,Tamilnadu,3303,KANCHEEPURAM,330314,"ST.THOMAS MOUNT(RURAL)",29,"Private Unaided (Recognized)",1,"PS (I-V)",4,Graduate,3,"B.Ed. or equivalent",0,1,0,0,0,1,0,0,0,0,0,0,0,0,0,0,0,0,2,0,2
2019-20,33,Tamilnadu,3303,KANCHEEPURAM,330301,KANCHEEPURAM,29,"Private Unaided (Recognized)",2,"UPS (I-VIII)",4,Graduate,3,"B.Ed. or equivalent",0,0,0,0,0,1,0,1,1,6,0,0,0,0,0,0,0,0,9,1,8
2019-20,33,Tamilnadu,3303,KANCHEEPURAM,330302,WALAJABAD,29,"Private Unaided (Recognized)",2,"UPS (I-VIII)",4,Graduate,3,"B.Ed. or equivalent",0,0,0,0,0,0,0,4,0,0,0,0,0,0,0,0,0,0,4,0,4
2019-20,33,Tamilnadu,3303,KANCHEEPURAM,330304,SRIPERUMBUDUR,29,"Private Unaided (Recognized)",2,"UPS (I-VIII)",4,Graduate,3,"B.Ed. or equivalent",0,0,0,0,0,0,0,0,0,1,0,0,0,0,0,0,0,0,1,0,1
2019-20,33,Tamilnadu,3303,KANCHEEPURAM,330305,KUNDRATHUR,29,"Private Unaided (Recognized)",2,"UPS (I-VIII)",4,Graduate,3,"B.Ed. or equivalent",0,0,0,0,0,23,2,7,1,19,0,0,0,0,0,0,0,0,52,3,49
2019-20,33,Tamilnadu,3303,KANCHEEPURAM,330306,THIRUPORUR,29,"Private Unaided (Recognized)",2,"UPS (I-VIII)",4,Graduate,3,"B.Ed. or equivalent",0,0,0,0,0,6,1,3,2,4,0,0,0,0,0,0,0,0,16,3,13
2019-20,33,Tamilnadu,3303,KANCHEEPURAM,330307,KATTANKOLATHUR,29,"Private Unaided (Recognized)",2,"UPS (I-VIII)",4,Graduate,3,"B.Ed. or equivalent",0,0,0,0,0,11,0,3,2,12,0,0,0,0,0,0,0,0,28,2,26
2019-20,33,Tamilnadu,3303,KANCHEEPURAM,330308,THIRUKALUKUNDRAM,29,"Private Unaided (Recognized)",2,"UPS (I-VIII)",4,Graduate,3,"B.Ed. or equivalent",0,0,0,0,0,1,0,0,0,1,0,0,0,0,0,0,0,0,2,0,2
2019-20,33,Tamilnadu,3303,KANCHEEPURAM,330309,"ST.THOMAS MOUNT(URBAN)",29,"Private Unaided (Recognized)",2,"UPS (I-VIII)",4,Graduate,3,"B.Ed. or equivalent",0,0,0,0,0,3,0,0,0,1,0,0,0,0,0,0,0,0,4,0,4
2019-20,33,Tamilnadu,3303,KANCHEEPURAM,330311,MADURANTAGAM,29,"Private Unaided (Recognized)",2,"UPS (I-VIII)",4,Graduate,3,"B.Ed. or equivalent",0,0,0,0,0,0,0,1,0,3,0,0,0,0,0,0,0,0,4,0,4
2019-20,33,Tamilnadu,3303,KANCHEEPURAM,330313,CHITHAMUR,29,"Private Unaided (Recognized)",2,"UPS (I-VIII)",4,Graduate,3,"B.Ed. or equivalent",0,0,0,0,0,1,2,1,2,1,0,0,0,0,0,0,0,0,7,4,3
2019-20,33,Tamilnadu,3303,KANCHEEPURAM,330314,"ST.THOMAS MOUNT(RURAL)",29,"Private Unaided (Recognized)",2,"UPS (I-VIII)",4,Graduate,3,"B.Ed. or equivalent",0,0,0,0,0,6,0,3,4,17,0,0,0,0,0,0,0,0,30,4,26
2019-20,33,Tamilnadu,3303,KANCHEEPURAM,330301,KANCHEEPURAM,29,"Private Unaided (Recognized)",3,"HSS (I-XII)",4,Graduate,3,"B.Ed. or equivalent",0,0,0,2,0,4,1,3,2,2,0,0,0,5,0,0,0,0,19,3,16
2019-20,33,Tamilnadu,3303,KANCHEEPURAM,330302,WALAJABAD,29,"Private Unaided (Recognized)",3,"HSS (I-XII)",4,Graduate,3,"B.Ed. or equivalent",0,0,0,0,1,1,0,4,0,0,0,0,0,1,0,0,0,0,7,1,6
2019-20,33,Tamilnadu,3303,KANCHEEPURAM,330304,SRIPERUMBUDUR,29,"Private Unaided (Recognized)",3,"HSS (I-XII)",4,Graduate,3,"B.Ed. or equivalent",0,3,0,4,3,22,3,9,1,6,3,5,4,5,1,1,1,0,71,16,55
2019-20,33,Tamilnadu,3303,KANCHEEPURAM,330305,KUNDRATHUR,29,"Private Unaided (Recognized)",3,"HSS (I-XII)",4,Graduate,3,"B.Ed. or equivalent",0,11,0,3,1,54,3,45,1,19,6,9,2,4,4,5,1,6,174,18,156
2019-20,33,Tamilnadu,3303,KANCHEEPURAM,330306,THIRUPORUR,29,"Private Unaided (Recognized)",3,"HSS (I-XII)",4,Graduate,3,"B.Ed. or equivalent",0,0,0,1,0,12,0,30,0,2,1,2,0,3,1,3,0,1,56,2,54
2019-20,33,Tamilnadu,3303,KANCHEEPURAM,330307,KATTANKOLATHUR,29,"Private Unaided (Recognized)",3,"HSS (I-XII)",4,Graduate,3,"B.Ed. or equivalent",0,2,0,2,1,13,3,91,0,7,1,3,1,4,1,3,0,1,133,7,126
2019-20,33,Tamilnadu,3303,KANCHEEPURAM,330308,THIRUKALUKUNDRAM,29,"Private Unaided (Recognized)",3,"HSS (I-XII)",4,Graduate,3,"B.Ed. or equivalent",0,1,0,0,0,10,1,2,0,4,1,1,0,0,0,0,0,0,20,2,18
2019-20,33,Tamilnadu,3303,KANCHEEPURAM,330309,"ST.THOMAS MOUNT(URBAN)",29,"Private Unaided (Recognized)",3,"HSS (I-XII)",4,Graduate,3,"B.Ed. or equivalent",0,21,0,5,0,105,6,56,0,28,3,18,0,11,0,12,1,2,268,10,258
2019-20,33,Tamilnadu,3303,KANCHEEPURAM,330311,MADURANTAGAM,29,"Private Unaided (Recognized)",3,"HSS (I-XII)",4,Graduate,3,"B.Ed. or equivalent",0,0,0,0,0,3,0,6,0,3,0,0,0,1,1,1,0,0,15,1,14
2019-20,33,Tamilnadu,3303,KANCHEEPURAM,330312,LATHUR,29,"Private Unaided (Recognized)",3,"HSS (I-XII)",4,Graduate,3,"B.Ed. or equivalent",0,0,0,0,0,3,0,0,0,0,0,0,0,1,0,0,0,0,4,0,4
2019-20,33,Tamilnadu,3303,KANCHEEPURAM,330313,CHITHAMUR,29,"Private Unaided (Recognized)",3,"HSS (I-XII)",4,Graduate,3,"B.Ed. or equivalent",0,0,0,0,0,5,0,0,0,1,0,1,0,1,0,0,0,0,8,0,8
2019-20,33,Tamilnadu,3303,KANCHEEPURAM,330314,"ST.THOMAS MOUNT(RURAL)",29,"Private Unaided (Recognized)",3,"HSS (I-XII)",4,Graduate,3,"B.Ed. or equivalent",0,21,0,6,0,74,12,136,1,22,4,32,3,29,5,14,0,1,360,25,335
2019-20,33,Tamilnadu,3303,KANCHEEPURAM,330301,KANCHEEPURAM,29,"Private Unaided (Recognized)",6,"SS (I-X)",4,Graduate,3,"B.Ed. or equivalent",0,0,0,0,0,1,0,2,0,0,0,2,3,13,0,0,0,0,21,3,18
2019-20,33,Tamilnadu,3303,KANCHEEPURAM,330302,WALAJABAD,29,"Private Unaided (Recognized)",6,"SS (I-X)",4,Graduate,3,"B.Ed. or equivalent",0,0,0,0,0,0,0,2,0,0,0,1,0,1,0,0,0,0,4,0,4
2019-20,33,Tamilnadu,3303,KANCHEEPURAM,330303,UTHIRAMERUR,29,"Private Unaided (Recognized)",6,"SS (I-X)",4,Graduate,3,"B.Ed. or equivalent",0,0,0,0,0,3,0,2,0,1,0,1,1,0,0,0,0,0,8,1,7
2019-20,33,Tamilnadu,3303,KANCHEEPURAM,330304,SRIPERUMBUDUR,29,"Private Unaided (Recognized)",6,"SS (I-X)",4,Graduate,3,"B.Ed. or equivalent",0,0,0,0,0,20,0,2,0,9,0,1,0,10,0,0,0,0,42,0,42
2019-20,33,Tamilnadu,3303,KANCHEEPURAM,330305,KUNDRATHUR,29,"Private Unaided (Recognized)",6,"SS (I-X)",4,Graduate,3,"B.Ed. or equivalent",0,0,0,0,0,22,1,11,0,4,0,6,4,37,0,0,0,0,85,5,80
2019-20,33,Tamilnadu,3303,KANCHEEPURAM,330306,THIRUPORUR,29,"Private Unaided (Recognized)",6,"SS (I-X)",4,Graduate,3,"B.Ed. or equivalent",0,0,0,0,0,1,0,5,0,0,1,1,1,3,0,0,0,0,12,2,10
2019-20,33,Tamilnadu,3303,KANCHEEPURAM,330307,KATTANKOLATHUR,29,"Private Unaided (Recognized)",6,"SS (I-X)",4,Graduate,3,"B.Ed. or equivalent",0,0,0,0,1,18,1,7,0,3,1,4,2,33,0,0,0,0,70,5,65
2019-20,33,Tamilnadu,3303,KANCHEEPURAM,330308,THIRUKALUKUNDRAM,29,"Private Unaided (Recognized)",6,"SS (I-X)",4,Graduate,3,"B.Ed. or equivalent",0,0,0,0,0,6,0,0,0,2,0,4,0,3,0,0,0,0,15,0,15
2019-20,33,Tamilnadu,3303,KANCHEEPURAM,330309,"ST.THOMAS MOUNT(URBAN)",29,"Private Unaided (Recognized)",6,"SS (I-X)",4,Graduate,3,"B.Ed. or equivalent",0,0,0,1,0,17,2,10,0,3,1,4,1,10,0,0,0,0,49,4,45
2019-20,33,Tamilnadu,3303,KANCHEEPURAM,330310,ACHARAPAKKAM,29,"Private Unaided (Recognized)",6,"SS (I-X)",4,Graduate,3,"B.Ed. or equivalent",0,0,0,0,0,5,1,1,0,2,1,2,0,2,0,0,0,0,14,2,12
2019-20,33,Tamilnadu,3303,KANCHEEPURAM,330314,"ST.THOMAS MOUNT(RURAL)",29,"Private Unaided (Recognized)",6,"SS (I-X)",4,Graduate,3,"B.Ed. or equivalent",0,0,0,0,0,8,1,6,0,2,0,4,5,21,0,0,0,0,47,6,41
2019-20,33,Tamilnadu,3303,KANCHEEPURAM,330307,KATTANKOLATHUR,29,"Private Unaided (Recognized)",2,"UPS (I-VIII)",4,Graduate,4,"M.Ed. or equivalent",0,0,0,0,0,0,0,1,0,0,0,0,0,0,0,0,0,0,1,0,1
2019-20,33,Tamilnadu,3303,KANCHEEPURAM,330314,"ST.THOMAS MOUNT(RURAL)",29,"Private Unaided (Recognized)",2,"UPS (I-VIII)",4,Graduate,4,"M.Ed. or equivalent",0,0,0,0,0,0,0,0,1,1,0,0,0,0,0,0,0,0,2,1,1
2019-20,33,Tamilnadu,3303,KANCHEEPURAM,330302,WALAJABAD,29,"Private Unaided (Recognized)",3,"HSS (I-XII)",4,Graduate,4,"M.Ed. or equivalent",0,0,0,0,0,0,0,1,0,0,0,0,0,0,0,0,0,0,1,0,1
2019-20,33,Tamilnadu,3303,KANCHEEPURAM,330305,KUNDRATHUR,29,"Private Unaided (Recognized)",3,"HSS (I-XII)",4,Graduate,4,"M.Ed. or equivalent",0,0,0,0,0,0,0,2,0,0,0,0,0,1,0,0,0,1,4,0,4
2019-20,33,Tamilnadu,3303,KANCHEEPURAM,330306,THIRUPORUR,29,"Private Unaided (Recognized)",3,"HSS (I-XII)",4,Graduate,4,"M.Ed. or equivalent",0,0,0,0,0,1,0,2,0,0,0,0,0,0,0,0,0,0,3,0,3
2019-20,33,Tamilnadu,3303,KANCHEEPURAM,330307,KATTANKOLATHUR,29,"Private Unaided (Recognized)",3,"HSS (I-XII)",4,Graduate,4,"M.Ed. or equivalent",0,0,0,0,0,1,0,1,0,0,0,0,0,0,0,0,0,0,2,0,2
2019-20,33,Tamilnadu,3303,KANCHEEPURAM,330309,"ST.THOMAS MOUNT(URBAN)",29,"Private Unaided (Recognized)",3,"HSS (I-XII)",4,Graduate,4,"M.Ed. or equivalent",0,1,0,1,0,1,0,2,0,0,0,1,0,0,0,0,0,0,6,0,6
2019-20,33,Tamilnadu,3303,KANCHEEPURAM,330314,"ST.THOMAS MOUNT(RURAL)",29,"Private Unaided (Recognized)",3,"HSS (I-XII)",4,Graduate,4,"M.Ed. or equivalent",0,0,0,0,0,1,0,5,0,2,0,0,0,1,0,0,0,0,9,0,9
2019-20,33,Tamilnadu,3303,KANCHEEPURAM,330301,KANCHEEPURAM,29,"Private Unaided (Recognized)",6,"SS (I-X)",4,Graduate,4,"M.Ed. or equivalent",0,0,0,0,0,0,0,0,0,0,0,0,1,0,0,0,0,0,1,1,0
2019-20,33,Tamilnadu,3303,KANCHEEPURAM,330302,WALAJABAD,29,"Private Unaided (Recognized)",6,"SS (I-X)",4,Graduate,4,"M.Ed. or equivalent",0,0,0,0,0,0,0,0,0,0,0,1,0,0,0,0,0,0,1,0,1
2019-20,33,Tamilnadu,3303,KANCHEEPURAM,330304,SRIPERUMBUDUR,29,"Private Unaided (Recognized)",6,"SS (I-X)",4,Graduate,4,"M.Ed. or equivalent",0,0,0,0,0,0,0,0,0,0,0,0,0,1,0,0,0,0,1,0,1
2019-20,33,Tamilnadu,3303,KANCHEEPURAM,330305,KUNDRATHUR,29,"Private Unaided (Recognized)",6,"SS (I-X)",4,Graduate,4,"M.Ed. or equivalent",0,0,0,1,0,0,0,0,0,0,0,0,0,0,0,0,0,0,1,0,1
2019-20,33,Tamilnadu,3303,KANCHEEPURAM,330307,KATTANKOLATHUR,29,"Private Unaided (Recognized)",6,"SS (I-X)",4,Graduate,4,"M.Ed. or equivalent",0,0,0,0,0,0,0,0,0,0,0,0,0,2,0,0,0,0,2,0,2
2019-20,33,Tamilnadu,3303,KANCHEEPURAM,330309,"ST.THOMAS MOUNT(URBAN)",29,"Private Unaided (Recognized)",6,"SS (I-X)",4,Graduate,4,"M.Ed. or equivalent",0,0,0,0,0,1,0,0,0,0,0,0,0,0,0,0,0,0,1,0,1
2019-20,33,Tamilnadu,3303,KANCHEEPURAM,330314,"ST.THOMAS MOUNT(RURAL)",29,"Private Unaided (Recognized)",6,"SS (I-X)",4,Graduate,4,"M.Ed. or equivalent",0,0,0,0,0,1,0,0,0,0,0,0,0,1,0,0,0,0,2,0,2
2019-20,33,Tamilnadu,3303,KANCHEEPURAM,330305,KUNDRATHUR,29,"Private Unaided (Recognized)",1,"PS (I-V)",4,Graduate,5,Others,0,0,0,0,0,1,0,0,0,0,0,0,0,0,0,0,0,0,1,0,1
2019-20,33,Tamilnadu,3303,KANCHEEPURAM,330306,THIRUPORUR,29,"Private Unaided (Recognized)",1,"PS (I-V)",4,Graduate,5,Others,0,1,0,0,0,12,0,0,0,0,0,0,0,0,0,0,0,0,13,0,13
2019-20,33,Tamilnadu,3303,KANCHEEPURAM,330307,KATTANKOLATHUR,29,"Private Unaided (Recognized)",1,"PS (I-V)",4,Graduate,5,Others,0,1,0,0,0,4,0,0,0,0,0,0,0,0,0,0,0,0,5,0,5
2019-20,33,Tamilnadu,3303,KANCHEEPURAM,330314,"ST.THOMAS MOUNT(RURAL)",29,"Private Unaided (Recognized)",1,"PS (I-V)",4,Graduate,5,Others,0,0,0,0,0,1,0,0,0,0,0,0,0,0,0,0,0,0,1,0,1
2019-20,33,Tamilnadu,3303,KANCHEEPURAM,330301,KANCHEEPURAM,29,"Private Unaided (Recognized)",2,"UPS (I-VIII)",4,Graduate,5,Others,0,0,0,0,0,0,0,0,0,13,0,0,0,0,0,0,0,0,13,0,13
2019-20,33,Tamilnadu,3303,KANCHEEPURAM,330304,SRIPERUMBUDUR,29,"Private Unaided (Recognized)",2,"UPS (I-VIII)",4,Graduate,5,Others,0,0,0,0,0,0,0,0,0,1,0,0,0,0,0,0,0,0,1,0,1
2019-20,33,Tamilnadu,3303,KANCHEEPURAM,330305,KUNDRATHUR,29,"Private Unaided (Recognized)",2,"UPS (I-VIII)",4,Graduate,5,Others,0,0,0,0,0,7,0,3,1,19,0,0,0,0,0,0,0,0,30,1,29
2019-20,33,Tamilnadu,3303,KANCHEEPURAM,330306,THIRUPORUR,29,"Private Unaided (Recognized)",2,"UPS (I-VIII)",4,Graduate,5,Others,0,0,0,0,0,6,2,3,3,1,0,0,0,0,0,0,0,0,15,5,10
2019-20,33,Tamilnadu,3303,KANCHEEPURAM,330307,KATTANKOLATHUR,29,"Private Unaided (Recognized)",2,"UPS (I-VIII)",4,Graduate,5,Others,0,0,0,0,0,4,0,0,4,9,0,0,0,0,0,0,0,0,17,4,13
2019-20,33,Tamilnadu,3303,KANCHEEPURAM,330309,"ST.THOMAS MOUNT(URBAN)",29,"Private Unaided (Recognized)",2,"UPS (I-VIII)",4,Graduate,5,Others,0,0,0,0,0,3,0,0,0,3,0,0,0,0,0,0,0,0,6,0,6
2019-20,33,Tamilnadu,3303,KANCHEEPURAM,330311,MADURANTAGAM,29,"Private Unaided (Recognized)",2,"UPS (I-VIII)",4,Graduate,5,Others,0,0,0,0,0,0,0,0,0,1,0,0,0,0,0,0,0,0,1,0,1
2019-20,33,Tamilnadu,3303,KANCHEEPURAM,330313,CHITHAMUR,29,"Private Unaided (Recognized)",2,"UPS (I-VIII)",4,Graduate,5,Others,0,0,0,0,0,0,0,0,0,1,0,0,0,0,0,0,0,0,1,0,1
2019-20,33,Tamilnadu,3303,KANCHEEPURAM,330314,"ST.THOMAS MOUNT(RURAL)",29,"Private Unaided (Recognized)",2,"UPS (I-VIII)",4,Graduate,5,Others,0,0,0,0,1,18,2,8,1,32,0,0,0,0,0,0,0,0,62,4,58
2019-20,33,Tamilnadu,3303,KANCHEEPURAM,330301,KANCHEEPURAM,29,"Private Unaided (Recognized)",3,"HSS (I-XII)",4,Graduate,5,Others,0,0,0,0,0,0,0,0,0,0,0,0,0,0,0,0,1,0,1,1,0
2019-20,33,Tamilnadu,3303,KANCHEEPURAM,330302,WALAJABAD,29,"Private Unaided (Recognized)",3,"HSS (I-XII)",4,Graduate,5,Others,0,0,0,0,0,3,0,1,0,1,0,0,0,0,0,0,0,0,5,0,5
2019-20,33,Tamilnadu,3303,KANCHEEPURAM,330304,SRIPERUMBUDUR,29,"Private Unaided (Recognized)",3,"HSS (I-XII)",4,Graduate,5,Others,0,5,0,2,0,5,1,5,3,1,0,2,0,1,0,1,0,2,28,4,24
2019-20,33,Tamilnadu,3303,KANCHEEPURAM,330305,KUNDRATHUR,29,"Private Unaided (Recognized)",3,"HSS (I-XII)",4,Graduate,5,Others,0,23,0,3,3,28,7,53,1,13,0,2,1,3,0,3,0,1,141,12,129
2019-20,33,Tamilnadu,3303,KANCHEEPURAM,330306,THIRUPORUR,29,"Private Unaided (Recognized)",3,"HSS (I-XII)",4,Graduate,5,Others,0,2,0,0,0,15,6,12,0,0,0,2,2,0,1,0,0,1,41,9,32
2019-20,33,Tamilnadu,3303,KANCHEEPURAM,330307,KATTANKOLATHUR,29,"Private Unaided (Recognized)",3,"HSS (I-XII)",4,Graduate,5,Others,0,3,0,3,0,4,3,46,0,0,0,0,0,0,1,1,0,0,61,4,57
2019-20,33,Tamilnadu,3303,KANCHEEPURAM,330308,THIRUKALUKUNDRAM,29,"Private Unaided (Recognized)",3,"HSS (I-XII)",4,Graduate,5,Others,0,1,1,0,0,1,1,3,0,1,0,0,0,0,1,0,1,1,11,4,7
2019-20,33,Tamilnadu,3303,KANCHEEPURAM,330309,"ST.THOMAS MOUNT(URBAN)",29,"Private Unaided (Recognized)",3,"HSS (I-XII)",4,Graduate,5,Others,0,25,0,2,1,39,1,22,0,5,0,4,0,1,1,2,0,1,104,3,101
2019-20,33,Tamilnadu,3303,KANCHEEPURAM,330311,MADURANTAGAM,29,"Private Unaided (Recognized)",3,"HSS (I-XII)",4,Graduate,5,Others,0,0,0,0,0,1,0,4,0,0,1,1,0,0,1,1,0,0,9,2,7
2019-20,33,Tamilnadu,3303,KANCHEEPURAM,330313,CHITHAMUR,29,"Private Unaided (Recognized)",3,"HSS (I-XII)",4,Graduate,5,Others,0,1,0,0,0,3,0,0,0,1,0,0,0,0,0,0,0,0,5,0,5
2019-20,33,Tamilnadu,3303,KANCHEEPURAM,330314,"ST.THOMAS MOUNT(RURAL)",29,"Private Unaided (Recognized)",3,"HSS (I-XII)",4,Graduate,5,Others,0,43,1,14,6,75,12,62,1,19,5,18,2,10,2,10,0,5,285,29,256
2019-20,33,Tamilnadu,3303,KANCHEEPURAM,330309,"ST.THOMAS MOUNT(URBAN)",29,"Private Unaided (Recognized)",5,"HSS (VI-XII)",4,Graduate,5,Others,0,0,0,0,0,0,0,0,0,0,1,0,0,0,0,0,0,0,1,1,0
2019-20,33,Tamilnadu,3303,KANCHEEPURAM,330301,KANCHEEPURAM,29,"Private Unaided (Recognized)",6,"SS (I-X)",4,Graduate,5,Others,0,0,0,0,0,0,0,1,0,0,0,0,0,7,0,0,0,0,8,0,8
2019-20,33,Tamilnadu,3303,KANCHEEPURAM,330304,SRIPERUMBUDUR,29,"Private Unaided (Recognized)",6,"SS (I-X)",4,Graduate,5,Others,0,0,0,0,0,4,0,1,1,2,0,1,2,1,0,0,0,0,12,3,9
2019-20,33,Tamilnadu,3303,KANCHEEPURAM,330305,KUNDRATHUR,29,"Private Unaided (Recognized)",6,"SS (I-X)",4,Graduate,5,Others,0,4,0,0,0,29,0,7,0,2,1,3,6,68,0,0,0,0,120,7,113
2019-20,33,Tamilnadu,3303,KANCHEEPURAM,330306,THIRUPORUR,29,"Private Unaided (Recognized)",6,"SS (I-X)",4,Graduate,5,Others,0,0,0,0,0,0,2,2,0,0,0,1,1,6,0,0,0,0,12,3,9
2019-20,33,Tamilnadu,3303,KANCHEEPURAM,330307,KATTANKOLATHUR,29,"Private Unaided (Recognized)",6,"SS (I-X)",4,Graduate,5,Others,0,0,0,0,0,6,2,2,0,0,2,1,0,22,0,0,0,0,35,4,31
2019-20,33,Tamilnadu,3303,KANCHEEPURAM,330309,"ST.THOMAS MOUNT(URBAN)",29,"Private Unaided (Recognized)",6,"SS (I-X)",4,Graduate,5,Others,0,2,0,0,0,12,0,3,0,0,0,1,3,16,0,0,0,0,37,3,34
2019-20,33,Tamilnadu,3303,KANCHEEPURAM,330310,ACHARAPAKKAM,29,"Private Unaided (Recognized)",6,"SS (I-X)",4,Graduate,5,Others,0,0,0,0,0,0,2,0,0,0,0,0,0,1,0,0,0,0,3,2,1
2019-20,33,Tamilnadu,3303,KANCHEEPURAM,330314,"ST.THOMAS MOUNT(RURAL)",29,"Private Unaided (Recognized)",6,"SS (I-X)",4,Graduate,5,Others,0,4,0,0,0,9,0,2,1,4,0,3,6,33,0,0,0,0,62,7,55
2019-20,33,Tamilnadu,3303,KANCHEEPURAM,330305,KUNDRATHUR,29,"Private Unaided (Recognized)",1,"PS (I-V)",4,Graduate,6,None,0,0,0,0,0,2,0,0,0,0,0,0,0,0,0,0,0,0,2,0,2
2019-20,33,Tamilnadu,3303,KANCHEEPURAM,330306,THIRUPORUR,29,"Private Unaided (Recognized)",1,"PS (I-V)",4,Graduate,6,None,0,0,0,0,0,3,0,0,0,0,0,0,0,0,0,0,0,0,3,0,3
2019-20,33,Tamilnadu,3303,KANCHEEPURAM,330307,KATTANKOLATHUR,29,"Private Unaided (Recognized)",1,"PS (I-V)",4,Graduate,6,None,0,1,0,3,0,1,0,0,0,0,0,0,0,0,0,0,0,0,5,0,5
2019-20,33,Tamilnadu,3303,KANCHEEPURAM,330314,"ST.THOMAS MOUNT(RURAL)",29,"Private Unaided (Recognized)",1,"PS (I-V)",4,Graduate,6,None,0,1,0,0,0,1,0,0,0,0,0,0,0,0,0,0,0,0,2,0,2
2019-20,33,Tamilnadu,3303,KANCHEEPURAM,330301,KANCHEEPURAM,29,"Private Unaided (Recognized)",2,"UPS (I-VIII)",4,Graduate,6,None,0,0,0,0,0,3,0,1,0,1,0,0,0,0,0,0,0,0,5,0,5
2019-20,33,Tamilnadu,3303,KANCHEEPURAM,330302,WALAJABAD,29,"Private Unaided (Recognized)",2,"UPS (I-VIII)",4,Graduate,6,None,0,0,0,0,0,0,0,2,0,0,0,0,0,0,0,0,0,0,2,0,2
2019-20,33,Tamilnadu,3303,KANCHEEPURAM,330305,KUNDRATHUR,29,"Private Unaided (Recognized)",2,"UPS (I-VIII)",4,Graduate,6,None,0,0,0,0,0,1,0,0,5,17,0,0,0,0,0,0,0,0,23,5,18
2019-20,33,Tamilnadu,3303,KANCHEEPURAM,330306,THIRUPORUR,29,"Private Unaided (Recognized)",2,"UPS (I-VIII)",4,Graduate,6,None,0,0,0,0,0,0,0,0,2,3,0,0,0,0,0,0,0,0,5,2,3
2019-20,33,Tamilnadu,3303,KANCHEEPURAM,330307,KATTANKOLATHUR,29,"Private Unaided (Recognized)",2,"UPS (I-VIII)",4,Graduate,6,None,0,0,0,0,0,2,0,0,0,5,0,0,0,0,0,0,0,0,7,0,7
2019-20,33,Tamilnadu,3303,KANCHEEPURAM,330308,THIRUKALUKUNDRAM,29,"Private Unaided (Recognized)",2,"UPS (I-VIII)",4,Graduate,6,None,0,0,0,0,0,3,0,1,0,3,0,0,0,0,0,0,0,0,7,0,7
2019-20,33,Tamilnadu,3303,KANCHEEPURAM,330309,"ST.THOMAS MOUNT(URBAN)",29,"Private Unaided (Recognized)",2,"UPS (I-VIII)",4,Graduate,6,None,0,0,0,0,0,1,0,0,0,0,0,0,0,0,0,0,0,0,1,0,1
2019-20,33,Tamilnadu,3303,KANCHEEPURAM,330311,MADURANTAGAM,29,"Private Unaided (Recognized)",2,"UPS (I-VIII)",4,Graduate,6,None,0,0,0,0,0,1,0,0,0,0,0,0,0,0,0,0,0,0,1,0,1
2019-20,33,Tamilnadu,3303,KANCHEEPURAM,330314,"ST.THOMAS MOUNT(RURAL)",29,"Private Unaided (Recognized)",2,"UPS (I-VIII)",4,Graduate,6,None,0,0,0,0,0,5,0,3,0,17,0,0,0,0,0,0,0,0,25,0,25
2019-20,33,Tamilnadu,3303,KANCHEEPURAM,330301,KANCHEEPURAM,29,"Private Unaided (Recognized)",3,"HSS (I-XII)",4,Graduate,6,None,0,0,0,0,0,0,0,0,0,1,0,0,0,0,0,0,0,0,1,0,1
2019-20,33,Tamilnadu,3303,KANCHEEPURAM,330304,SRIPERUMBUDUR,29,"Private Unaided (Recognized)",3,"HSS (I-XII)",4,Graduate,6,None,0,0,0,0,0,11,1,0,0,1,1,2,0,0,2,1,1,2,22,5,17
2019-20,33,Tamilnadu,3303,KANCHEEPURAM,330305,KUNDRATHUR,29,"Private Unaided (Recognized)",3,"HSS (I-XII)",4,Graduate,6,None,0,11,1,2,1,23,2,23,2,4,1,0,0,1,1,1,1,2,76,9,67
2019-20,33,Tamilnadu,3303,KANCHEEPURAM,330306,THIRUPORUR,29,"Private Unaided (Recognized)",3,"HSS (I-XII)",4,Graduate,6,None,0,3,0,0,0,15,3,19,0,0,2,1,0,1,2,3,0,0,49,7,42
2019-20,33,Tamilnadu,3303,KANCHEEPURAM,330307,KATTANKOLATHUR,29,"Private Unaided (Recognized)",3,"HSS (I-XII)",4,Graduate,6,None,0,0,0,0,1,6,2,6,0,1,0,0,0,0,0,2,0,0,18,3,15
2019-20,33,Tamilnadu,3303,KANCHEEPURAM,330308,THIRUKALUKUNDRAM,29,"Private Unaided (Recognized)",3,"HSS (I-XII)",4,Graduate,6,None,0,1,0,0,1,0,0,1,1,0,0,0,0,0,0,1,0,0,5,2,3
2019-20,33,Tamilnadu,3303,KANCHEEPURAM,330309,"ST.THOMAS MOUNT(URBAN)",29,"Private Unaided (Recognized)",3,"HSS (I-XII)",4,Graduate,6,None,0,12,0,2,1,19,2,10,0,0,1,2,1,0,0,1,1,0,52,6,46
2019-20,33,Tamilnadu,3303,KANCHEEPURAM,330311,MADURANTAGAM,29,"Private Unaided (Recognized)",3,"HSS (I-XII)",4,Graduate,6,None,0,3,0,0,0,2,0,5,0,0,0,2,0,0,0,0,0,0,12,0,12
2019-20,33,Tamilnadu,3303,KANCHEEPURAM,330314,"ST.THOMAS MOUNT(RURAL)",29,"Private Unaided (Recognized)",3,"HSS (I-XII)",4,Graduate,6,None,0,17,1,0,1,28,9,37,0,5,3,7,0,4,1,3,0,1,117,15,102
2019-20,33,Tamilnadu,3303,KANCHEEPURAM,330301,KANCHEEPURAM,29,"Private Unaided (Recognized)",6,"SS (I-X)",4,Graduate,6,None,0,0,0,0,0,0,1,0,0,0,1,1,0,5,0,0,0,0,8,2,6
2019-20,33,Tamilnadu,3303,KANCHEEPURAM,330302,WALAJABAD,29,"Private Unaided (Recognized)",6,"SS (I-X)",4,Graduate,6,None,0,0,0,0,0,1,2,0,0,0,0,0,0,0,0,0,0,0,3,2,1
2019-20,33,Tamilnadu,3303,KANCHEEPURAM,330303,UTHIRAMERUR,29,"Private Unaided (Recognized)",6,"SS (I-X)",4,Graduate,6,None,0,0,0,0,0,1,1,0,0,0,0,0,0,1,0,0,0,0,3,1,2
2019-20,33,Tamilnadu,3303,KANCHEEPURAM,330304,SRIPERUMBUDUR,29,"Private Unaided (Recognized)",6,"SS (I-X)",4,Graduate,6,None,0,0,0,0,0,0,0,0,0,0,0,0,0,1,0,0,0,0,1,0,1
2019-20,33,Tamilnadu,3303,KANCHEEPURAM,330305,KUNDRATHUR,29,"Private Unaided (Recognized)",6,"SS (I-X)",4,Graduate,6,None,0,0,0,0,1,13,2,1,0,1,0,1,2,25,0,0,0,0,46,5,41
2019-20,33,Tamilnadu,3303,KANCHEEPURAM,330307,KATTANKOLATHUR,29,"Private Unaided (Recognized)",6,"SS (I-X)",4,Graduate,6,None,0,0,0,0,0,3,1,3,0,1,1,0,1,11,0,0,0,0,21,3,18
2019-20,33,Tamilnadu,3303,KANCHEEPURAM,330309,"ST.THOMAS MOUNT(URBAN)",29,"Private Unaided (Recognized)",6,"SS (I-X)",4,Graduate,6,None,0,7,0,0,0,4,1,5,0,0,1,2,2,2,0,0,0,0,24,4,20
2019-20,33,Tamilnadu,3303,KANCHEEPURAM,330310,ACHARAPAKKAM,29,"Private Unaided (Recognized)",6,"SS (I-X)",4,Graduate,6,None,0,0,0,0,0,1,0,0,0,0,0,0,0,0,0,0,0,0,1,0,1
2019-20,33,Tamilnadu,3303,KANCHEEPURAM,330314,"ST.THOMAS MOUNT(RURAL)",29,"Private Unaided (Recognized)",6,"SS (I-X)",4,Graduate,6,None,0,1,0,9,1,8,0,1,0,1,1,0,1,8,0,0,0,0,31,3,28
2019-20,33,Tamilnadu,3303,KANCHEEPURAM,330308,THIRUKALUKUNDRAM,29,"Private Unaided (Recognized)",7,"SS (VI-X)",4,Graduate,6,None,0,0,0,0,0,0,0,0,0,0,1,1,0,0,0,0,0,0,2,1,1
2019-20,33,Tamilnadu,3303,KANCHEEPURAM,330305,KUNDRATHUR,29,"Private Unaided (Recognized)",1,"PS (I-V)",5,"Post graduate",1,"Diploma or certificate in basic teachers training of a duration not less than two years",0,0,0,0,0,1,0,0,0,0,0,0,0,0,0,0,0,0,1,0,1
2019-20,33,Tamilnadu,3303,KANCHEEPURAM,330301,KANCHEEPURAM,29,"Private Unaided (Recognized)",2,"UPS (I-VIII)",5,"Post graduate",1,"Diploma or certificate in basic teachers training of a duration not less than two years",0,0,0,0,0,0,0,0,0,2,0,0,0,0,0,0,0,0,2,0,2
2019-20,33,Tamilnadu,3303,KANCHEEPURAM,330305,KUNDRATHUR,29,"Private Unaided (Recognized)",2,"UPS (I-VIII)",5,"Post graduate",1,"Diploma or certificate in basic teachers training of a duration not less than two years",0,0,0,0,0,3,0,0,0,2,0,0,0,0,0,0,0,0,5,0,5
2019-20,33,Tamilnadu,3303,KANCHEEPURAM,330306,THIRUPORUR,29,"Private Unaided (Recognized)",2,"UPS (I-VIII)",5,"Post graduate",1,"Diploma or certificate in basic teachers training of a duration not less than two years",0,0,0,0,0,1,0,0,0,0,0,0,0,0,0,0,0,0,1,0,1
2019-20,33,Tamilnadu,3303,KANCHEEPURAM,330307,KATTANKOLATHUR,29,"Private Unaided (Recognized)",2,"UPS (I-VIII)",5,"Post graduate",1,"Diploma or certificate in basic teachers training of a duration not less than two years",0,0,0,0,0,2,0,0,0,5,0,0,0,0,0,0,0,0,7,0,7
2019-20,33,Tamilnadu,3303,KANCHEEPURAM,330309,"ST.THOMAS MOUNT(URBAN)",29,"Private Unaided (Recognized)",2,"UPS (I-VIII)",5,"Post graduate",1,"Diploma or certificate in basic teachers training of a duration not less than two years",0,0,0,0,0,1,0,0,0,0,0,0,0,0,0,0,0,0,1,0,1
2019-20,33,Tamilnadu,3303,KANCHEEPURAM,330314,"ST.THOMAS MOUNT(RURAL)",29,"Private Unaided (Recognized)",2,"UPS (I-VIII)",5,"Post graduate",1,"Diploma or certificate in basic teachers training of a duration not less than two years",0,0,0,0,0,1,0,0,0,1,0,0,0,0,0,0,0,0,2,0,2
2019-20,33,Tamilnadu,3303,KANCHEEPURAM,330301,KANCHEEPURAM,29,"Private Unaided (Recognized)",3,"HSS (I-XII)",5,"Post graduate",1,"Diploma or certificate in basic teachers training of a duration not less than two years",0,0,0,0,0,0,0,0,0,1,0,0,0,1,0,0,0,0,2,0,2
2019-20,33,Tamilnadu,3303,KANCHEEPURAM,330302,WALAJABAD,29,"Private Unaided (Recognized)",3,"HSS (I-XII)",5,"Post graduate",1,"Diploma or certificate in basic teachers training of a duration not less than two years",0,0,0,0,0,0,0,1,0,0,0,0,0,0,0,0,0,0,1,0,1
2019-20,33,Tamilnadu,3303,KANCHEEPURAM,330304,SRIPERUMBUDUR,29,"Private Unaided (Recognized)",3,"HSS (I-XII)",5,"Post graduate",1,"Diploma or certificate in basic teachers training of a duration not less than two years",0,2,0,0,0,3,0,0,0,0,1,0,0,0,0,0,0,0,6,1,5
2019-20,33,Tamilnadu,3303,KANCHEEPURAM,330305,KUNDRATHUR,29,"Private Unaided (Recognized)",3,"HSS (I-XII)",5,"Post graduate",1,"Diploma or certificate in basic teachers training of a duration not less than two years",0,3,0,0,0,20,0,3,0,2,0,0,0,0,0,0,0,1,29,0,29
2019-20,33,Tamilnadu,3303,KANCHEEPURAM,330306,THIRUPORUR,29,"Private Unaided (Recognized)",3,"HSS (I-XII)",5,"Post graduate",1,"Diploma or certificate in basic teachers training of a duration not less than two years",0,0,0,0,0,4,0,3,0,0,0,0,0,1,0,0,0,0,8,0,8
2019-20,33,Tamilnadu,3303,KANCHEEPURAM,330307,KATTANKOLATHUR,29,"Private Unaided (Recognized)",3,"HSS (I-XII)",5,"Post graduate",1,"Diploma or certificate in basic teachers training of a duration not less than two years",0,0,0,0,0,1,0,0,0,1,0,0,0,0,0,0,0,0,2,0,2
2019-20,33,Tamilnadu,3303,KANCHEEPURAM,330309,"ST.THOMAS MOUNT(URBAN)",29,"Private Unaided (Recognized)",3,"HSS (I-XII)",5,"Post graduate",1,"Diploma or certificate in basic teachers training of a duration not less than two years",0,0,0,0,0,5,0,3,0,0,0,1,0,1,0,0,0,0,10,0,10
2019-20,33,Tamilnadu,3303,KANCHEEPURAM,330311,MADURANTAGAM,29,"Private Unaided (Recognized)",3,"HSS (I-XII)",5,"Post graduate",1,"Diploma or certificate in basic teachers training of a duration not less than two years",0,0,0,0,0,1,0,2,0,0,0,1,0,0,0,0,0,0,4,0,4
2019-20,33,Tamilnadu,3303,KANCHEEPURAM,330314,"ST.THOMAS MOUNT(RURAL)",29,"Private Unaided (Recognized)",3,"HSS (I-XII)",5,"Post graduate",1,"Diploma or certificate in basic teachers training of a duration not less than two years",0,3,0,1,0,9,0,7,0,1,0,0,0,0,0,0,0,0,21,0,21
2019-20,33,Tamilnadu,3303,KANCHEEPURAM,330302,WALAJABAD,29,"Private Unaided (Recognized)",6,"SS (I-X)",5,"Post graduate",1,"Diploma or certificate in basic teachers training of a duration not less than two years",0,0,0,0,0,0,0,0,0,0,0,0,0,1,0,0,0,0,1,0,1
2019-20,33,Tamilnadu,3303,KANCHEEPURAM,330303,UTHIRAMERUR,29,"Private Unaided (Recognized)",6,"SS (I-X)",5,"Post graduate",1,"Diploma or certificate in basic teachers training of a duration not less than two years",0,0,0,0,0,1,0,0,0,0,0,0,0,0,0,0,0,0,1,0,1
2019-20,33,Tamilnadu,3303,KANCHEEPURAM,330304,SRIPERUMBUDUR,29,"Private Unaided (Recognized)",6,"SS (I-X)",5,"Post graduate",1,"Diploma or certificate in basic teachers training of a duration not less than two years",0,0,0,0,0,1,0,0,0,1,0,0,0,0,0,0,0,0,2,0,2
2019-20,33,Tamilnadu,3303,KANCHEEPURAM,330305,KUNDRATHUR,29,"Private Unaided (Recognized)",6,"SS (I-X)",5,"Post graduate",1,"Diploma or certificate in basic teachers training of a duration not less than two years",0,0,0,0,0,1,0,0,0,0,0,0,0,2,0,0,0,0,3,0,3
2019-20,33,Tamilnadu,3303,KANCHEEPURAM,330307,KATTANKOLATHUR,29,"Private Unaided (Recognized)",6,"SS (I-X)",5,"Post graduate",1,"Diploma or certificate in basic teachers training of a duration not less than two years",0,0,0,0,0,2,0,1,0,0,0,0,0,1,0,0,0,0,4,0,4
2019-20,33,Tamilnadu,3303,KANCHEEPURAM,330308,THIRUKALUKUNDRAM,29,"Private Unaided (Recognized)",6,"SS (I-X)",5,"Post graduate",1,"Diploma or certificate in basic teachers training of a duration not less than two years",0,0,0,0,0,0,0,1,0,0,0,0,0,1,0,0,0,0,2,0,2
2019-20,33,Tamilnadu,3303,KANCHEEPURAM,330309,"ST.THOMAS MOUNT(URBAN)",29,"Private Unaided (Recognized)",6,"SS (I-X)",5,"Post graduate",1,"Diploma or certificate in basic teachers training of a duration not less than two years",0,0,0,0,0,0,0,1,0,0,0,1,0,1,0,0,0,0,3,0,3
2019-20,33,Tamilnadu,3303,KANCHEEPURAM,330314,"ST.THOMAS MOUNT(RURAL)",29,"Private Unaided (Recognized)",6,"SS (I-X)",5,"Post graduate",1,"Diploma or certificate in basic teachers training of a duration not less than two years",0,0,0,0,0,1,0,0,0,0,0,1,0,1,0,0,0,0,3,0,3
2019-20,33,Tamilnadu,3303,KANCHEEPURAM,330305,KUNDRATHUR,29,"Private Unaided (Recognized)",1,"PS (I-V)",5,"Post graduate",3,"B.Ed. or equivalent",0,0,0,0,0,2,0,0,0,0,0,0,0,0,0,0,0,0,2,0,2
2019-20,33,Tamilnadu,3303,KANCHEEPURAM,330306,THIRUPORUR,29,"Private Unaided (Recognized)",1,"PS (I-V)",5,"Post graduate",3,"B.Ed. or equivalent",0,0,0,0,0,10,0,0,0,0,0,0,0,0,0,0,0,0,10,0,10
2019-20,33,Tamilnadu,3303,KANCHEEPURAM,330307,KATTANKOLATHUR,29,"Private Unaided (Recognized)",1,"PS (I-V)",5,"Post graduate",3,"B.Ed. or equivalent",0,0,0,0,0,2,0,0,0,0,0,0,0,0,0,0,0,0,2,0,2
2019-20,33,Tamilnadu,3303,KANCHEEPURAM,330309,"ST.THOMAS MOUNT(URBAN)",29,"Private Unaided (Recognized)",1,"PS (I-V)",5,"Post graduate",3,"B.Ed. or equivalent",0,0,0,0,0,2,0,0,0,0,0,0,0,0,0,0,0,0,2,0,2
2019-20,33,Tamilnadu,3303,KANCHEEPURAM,330314,"ST.THOMAS MOUNT(RURAL)",29,"Private Unaided (Recognized)",1,"PS (I-V)",5,"Post graduate",3,"B.Ed. or equivalent",0,0,0,0,0,1,0,0,0,0,0,0,0,0,0,0,0,0,1,0,1
2019-20,33,Tamilnadu,3303,KANCHEEPURAM,330301,KANCHEEPURAM,29,"Private Unaided (Recognized)",2,"UPS (I-VIII)",5,"Post graduate",3,"B.Ed. or equivalent",0,0,0,0,0,0,0,3,2,10,0,0,0,0,0,0,0,0,15,2,13
2019-20,33,Tamilnadu,3303,KANCHEEPURAM,330302,WALAJABAD,29,"Private Unaided (Recognized)",2,"UPS (I-VIII)",5,"Post graduate",3,"B.Ed. or equivalent",0,0,0,0,0,0,0,1,0,1,0,0,0,0,0,0,0,0,2,0,2
2019-20,33,Tamilnadu,3303,KANCHEEPURAM,330304,SRIPERUMBUDUR,29,"Private Unaided (Recognized)",2,"UPS (I-VIII)",5,"Post graduate",3,"B.Ed. or equivalent",0,0,0,0,0,0,0,0,0,2,0,0,0,0,0,0,0,0,2,0,2
2019-20,33,Tamilnadu,3303,KANCHEEPURAM,330305,KUNDRATHUR,29,"Private Unaided (Recognized)",2,"UPS (I-VIII)",5,"Post graduate",3,"B.Ed. or equivalent",0,0,0,0,0,11,0,7,1,53,0,0,0,0,0,0,0,0,72,1,71
2019-20,33,Tamilnadu,3303,KANCHEEPURAM,330306,THIRUPORUR,29,"Private Unaided (Recognized)",2,"UPS (I-VIII)",5,"Post graduate",3,"B.Ed. or equivalent",0,0,0,0,0,5,1,8,1,15,0,0,0,0,0,0,0,0,30,2,28
2019-20,33,Tamilnadu,3303,KANCHEEPURAM,330307,KATTANKOLATHUR,29,"Private Unaided (Recognized)",2,"UPS (I-VIII)",5,"Post graduate",3,"B.Ed. or equivalent",0,0,0,0,0,9,0,3,2,21,0,0,0,0,0,0,0,0,35,2,33
2019-20,33,Tamilnadu,3303,KANCHEEPURAM,330308,THIRUKALUKUNDRAM,29,"Private Unaided (Recognized)",2,"UPS (I-VIII)",5,"Post graduate",3,"B.Ed. or equivalent",0,0,0,0,0,0,0,2,0,0,0,0,0,0,0,0,0,0,2,0,2
2019-20,33,Tamilnadu,3303,KANCHEEPURAM,330309,"ST.THOMAS MOUNT(URBAN)",29,"Private Unaided (Recognized)",2,"UPS (I-VIII)",5,"Post graduate",3,"B.Ed. or equivalent",0,0,0,0,0,5,0,1,0,1,0,0,0,0,0,0,0,0,7,0,7
2019-20,33,Tamilnadu,3303,KANCHEEPURAM,330313,CHITHAMUR,29,"Private Unaided (Recognized)",2,"UPS (I-VIII)",5,"Post graduate",3,"B.Ed. or equivalent",0,0,0,0,0,0,0,0,0,3,0,0,0,0,0,0,0,0,3,0,3
2019-20,33,Tamilnadu,3303,KANCHEEPURAM,330314,"ST.THOMAS MOUNT(RURAL)",29,"Private Unaided (Recognized)",2,"UPS (I-VIII)",5,"Post graduate",3,"B.Ed. or equivalent",0,0,0,0,0,7,0,16,5,45,0,0,0,0,0,0,0,0,73,5,68
2019-20,33,Tamilnadu,3303,KANCHEEPURAM,330301,KANCHEEPURAM,29,"Private Unaided (Recognized)",3,"HSS (I-XII)",5,"Post graduate",3,"B.Ed. or equivalent",0,0,0,0,0,4,0,3,3,1,0,0,0,3,2,2,0,0,18,5,13
2019-20,33,Tamilnadu,3303,KANCHEEPURAM,330302,WALAJABAD,29,"Private Unaided (Recognized)",3,"HSS (I-XII)",5,"Post graduate",3,"B.Ed. or equivalent",0,0,0,0,0,2,1,17,0,1,0,3,0,1,0,2,0,0,27,1,26
2019-20,33,Tamilnadu,3303,KANCHEEPURAM,330304,SRIPERUMBUDUR,29,"Private Unaided (Recognized)",3,"HSS (I-XII)",5,"Post graduate",3,"B.Ed. or equivalent",0,7,1,2,0,25,7,16,2,8,2,8,8,14,5,11,10,9,135,35,100
2019-20,33,Tamilnadu,3303,KANCHEEPURAM,330305,KUNDRATHUR,29,"Private Unaided (Recognized)",3,"HSS (I-XII)",5,"Post graduate",3,"B.Ed. or equivalent",0,3,1,6,1,73,12,110,4,31,2,22,2,22,6,32,4,25,356,32,324
2019-20,33,Tamilnadu,3303,KANCHEEPURAM,330306,THIRUPORUR,29,"Private Unaided (Recognized)",3,"HSS (I-XII)",5,"Post graduate",3,"B.Ed. or equivalent",0,0,0,0,1,22,12,66,0,5,0,9,1,10,2,11,6,9,154,22,132
2019-20,33,Tamilnadu,3303,KANCHEEPURAM,330307,KATTANKOLATHUR,29,"Private Unaided (Recognized)",3,"HSS (I-XII)",5,"Post graduate",3,"B.Ed. or equivalent",0,0,0,5,0,14,9,126,1,4,2,22,1,4,2,13,0,7,210,15,195
2019-20,33,Tamilnadu,3303,KANCHEEPURAM,330308,THIRUKALUKUNDRAM,29,"Private Unaided (Recognized)",3,"HSS (I-XII)",5,"Post graduate",3,"B.Ed. or equivalent",0,3,0,0,0,9,0,3,1,0,2,4,0,0,3,4,0,1,30,6,24
2019-20,33,Tamilnadu,3303,KANCHEEPURAM,330309,"ST.THOMAS MOUNT(URBAN)",29,"Private Unaided (Recognized)",3,"HSS (I-XII)",5,"Post graduate",3,"B.Ed. or equivalent",1,18,0,3,3,102,7,101,0,49,3,63,1,34,5,54,0,33,477,20,457
2019-20,33,Tamilnadu,3303,KANCHEEPURAM,330311,MADURANTAGAM,29,"Private Unaided (Recognized)",3,"HSS (I-XII)",5,"Post graduate",3,"B.Ed. or equivalent",0,0,0,0,0,0,0,12,1,1,0,6,0,0,1,6,0,2,29,2,27
2019-20,33,Tamilnadu,3303,KANCHEEPURAM,330312,LATHUR,29,"Private Unaided (Recognized)",3,"HSS (I-XII)",5,"Post graduate",3,"B.Ed. or equivalent",0,0,0,0,0,1,0,4,0,0,1,0,0,1,0,2,0,2,11,1,10
2019-20,33,Tamilnadu,3303,KANCHEEPURAM,330313,CHITHAMUR,29,"Private Unaided (Recognized)",3,"HSS (I-XII)",5,"Post graduate",3,"B.Ed. or equivalent",0,0,0,0,0,3,0,0,0,1,1,1,2,3,2,1,0,0,14,5,9
2019-20,33,Tamilnadu,3303,KANCHEEPURAM,330314,"ST.THOMAS MOUNT(RURAL)",29,"Private Unaided (Recognized)",3,"HSS (I-XII)",5,"Post graduate",3,"B.Ed. or equivalent",0,11,1,6,3,84,6,109,0,40,9,76,5,64,8,68,1,31,522,33,489
2019-20,33,Tamilnadu,3303,KANCHEEPURAM,330309,"ST.THOMAS MOUNT(URBAN)",29,"Private Unaided (Recognized)",5,"HSS (VI-XII)",5,"Post graduate",3,"B.Ed. or equivalent",0,0,0,0,0,0,0,0,0,0,0,0,0,1,0,0,0,0,1,0,1
2019-20,33,Tamilnadu,3303,KANCHEEPURAM,330301,KANCHEEPURAM,29,"Private Unaided (Recognized)",6,"SS (I-X)",5,"Post graduate",3,"B.Ed. or equivalent",0,0,0,0,0,0,0,2,0,0,0,2,1,7,0,0,0,0,12,1,11
2019-20,33,Tamilnadu,3303,KANCHEEPURAM,330302,WALAJABAD,29,"Private Unaided (Recognized)",6,"SS (I-X)",5,"Post graduate",3,"B.Ed. or equivalent",0,0,0,0,0,0,0,1,0,0,0,3,0,0,0,0,0,0,4,0,4
2019-20,33,Tamilnadu,3303,KANCHEEPURAM,330303,UTHIRAMERUR,29,"Private Unaided (Recognized)",6,"SS (I-X)",5,"Post graduate",3,"B.Ed. or equivalent",0,0,0,0,0,11,0,2,0,2,0,3,1,0,0,0,0,0,19,1,18
2019-20,33,Tamilnadu,3303,KANCHEEPURAM,330304,SRIPERUMBUDUR,29,"Private Unaided (Recognized)",6,"SS (I-X)",5,"Post graduate",3,"B.Ed. or equivalent",0,0,0,0,0,15,0,1,0,6,0,5,0,15,0,0,0,0,42,0,42
2019-20,33,Tamilnadu,3303,KANCHEEPURAM,330305,KUNDRATHUR,29,"Private Unaided (Recognized)",6,"SS (I-X)",5,"Post graduate",3,"B.Ed. or equivalent",0,0,0,0,0,32,4,20,5,8,1,12,9,86,0,0,0,0,177,19,158
2019-20,33,Tamilnadu,3303,KANCHEEPURAM,330306,THIRUPORUR,29,"Private Unaided (Recognized)",6,"SS (I-X)",5,"Post graduate",3,"B.Ed. or equivalent",0,0,0,0,0,0,2,6,0,0,0,2,0,2,0,0,0,0,12,2,10
2019-20,33,Tamilnadu,3303,KANCHEEPURAM,330307,KATTANKOLATHUR,29,"Private Unaided (Recognized)",6,"SS (I-X)",5,"Post graduate",3,"B.Ed. or equivalent",0,0,0,0,0,22,2,14,1,8,0,5,8,47,0,0,0,0,107,11,96
2019-20,33,Tamilnadu,3303,KANCHEEPURAM,330308,THIRUKALUKUNDRAM,29,"Private Unaided (Recognized)",6,"SS (I-X)",5,"Post graduate",3,"B.Ed. or equivalent",0,0,0,0,0,2,0,2,0,4,1,3,1,4,0,0,0,0,17,2,15
2019-20,33,Tamilnadu,3303,KANCHEEPURAM,330309,"ST.THOMAS MOUNT(URBAN)",29,"Private Unaided (Recognized)",6,"SS (I-X)",5,"Post graduate",3,"B.Ed. or equivalent",0,2,0,1,0,11,1,24,0,5,0,24,4,23,0,0,0,0,95,5,90
2019-20,33,Tamilnadu,3303,KANCHEEPURAM,330310,ACHARAPAKKAM,29,"Private Unaided (Recognized)",6,"SS (I-X)",5,"Post graduate",3,"B.Ed. or equivalent",0,0,0,0,0,3,1,1,0,1,0,2,0,3,0,0,0,0,11,1,10
2019-20,33,Tamilnadu,3303,KANCHEEPURAM,330314,"ST.THOMAS MOUNT(RURAL)",29,"Private Unaided (Recognized)",6,"SS (I-X)",5,"Post graduate",3,"B.Ed. or equivalent",0,1,1,0,0,14,2,9,0,3,2,9,14,42,0,0,0,0,97,19,78
2019-20,33,Tamilnadu,3303,KANCHEEPURAM,330308,THIRUKALUKUNDRAM,29,"Private Unaided (Recognized)",7,"SS (VI-X)",5,"Post graduate",3,"B.Ed. or equivalent",0,0,0,0,0,0,0,0,0,0,2,0,0,0,0,0,0,0,2,2,0
2019-20,33,Tamilnadu,3303,KANCHEEPURAM,330306,THIRUPORUR,29,"Private Unaided (Recognized)",1,"PS (I-V)",5,"Post graduate",4,"M.Ed. or equivalent",0,0,0,0,0,2,0,0,0,0,0,0,0,0,0,0,0,0,2,0,2
2019-20,33,Tamilnadu,3303,KANCHEEPURAM,330307,KATTANKOLATHUR,29,"Private Unaided (Recognized)",1,"PS (I-V)",5,"Post graduate",4,"M.Ed. or equivalent",0,0,0,0,0,1,0,0,0,0,0,0,0,0,0,0,0,0,1,0,1
2019-20,33,Tamilnadu,3303,KANCHEEPURAM,330301,KANCHEEPURAM,29,"Private Unaided (Recognized)",2,"UPS (I-VIII)",5,"Post graduate",4,"M.Ed. or equivalent",0,0,0,0,0,0,0,0,1,0,0,0,0,0,0,0,0,0,1,1,0
2019-20,33,Tamilnadu,3303,KANCHEEPURAM,330305,KUNDRATHUR,29,"Private Unaided (Recognized)",2,"UPS (I-VIII)",5,"Post graduate",4,"M.Ed. or equivalent",0,0,0,0,0,1,0,0,0,2,0,0,0,0,0,0,0,0,3,0,3
2019-20,33,Tamilnadu,3303,KANCHEEPURAM,330306,THIRUPORUR,29,"Private Unaided (Recognized)",2,"UPS (I-VIII)",5,"Post graduate",4,"M.Ed. or equivalent",0,0,0,0,0,0,0,1,0,1,0,0,0,0,0,0,0,0,2,0,2
2019-20,33,Tamilnadu,3303,KANCHEEPURAM,330307,KATTANKOLATHUR,29,"Private Unaided (Recognized)",2,"UPS (I-VIII)",5,"Post graduate",4,"M.Ed. or equivalent",0,0,0,0,0,0,0,0,1,5,0,0,0,0,0,0,0,0,6,1,5
2019-20,33,Tamilnadu,3303,KANCHEEPURAM,330308,THIRUKALUKUNDRAM,29,"Private Unaided (Recognized)",2,"UPS (I-VIII)",5,"Post graduate",4,"M.Ed. or equivalent",0,0,0,0,0,0,1,0,0,0,0,0,0,0,0,0,0,0,1,1,0
2019-20,33,Tamilnadu,3303,KANCHEEPURAM,330314,"ST.THOMAS MOUNT(RURAL)",29,"Private Unaided (Recognized)",2,"UPS (I-VIII)",5,"Post graduate",4,"M.Ed. or equivalent",0,0,0,0,0,0,0,1,0,3,0,0,0,0,0,0,0,0,4,0,4
2019-20,33,Tamilnadu,3303,KANCHEEPURAM,330304,SRIPERUMBUDUR,29,"Private Unaided (Recognized)",3,"HSS (I-XII)",5,"Post graduate",4,"M.Ed. or equivalent",0,0,0,0,0,0,0,0,0,1,1,0,2,3,0,1,0,5,13,3,10
2019-20,33,Tamilnadu,3303,KANCHEEPURAM,330305,KUNDRATHUR,29,"Private Unaided (Recognized)",3,"HSS (I-XII)",5,"Post graduate",4,"M.Ed. or equivalent",0,0,0,1,2,5,1,7,0,4,1,7,0,3,2,4,3,1,41,9,32
2019-20,33,Tamilnadu,3303,KANCHEEPURAM,330306,THIRUPORUR,29,"Private Unaided (Recognized)",3,"HSS (I-XII)",5,"Post graduate",4,"M.Ed. or equivalent",0,0,0,0,0,0,2,7,0,0,0,1,0,1,0,1,0,2,14,2,12
2019-20,33,Tamilnadu,3303,KANCHEEPURAM,330307,KATTANKOLATHUR,29,"Private Unaided (Recognized)",3,"HSS (I-XII)",5,"Post graduate",4,"M.Ed. or equivalent",0,1,0,0,0,1,0,8,0,2,0,2,0,0,1,4,0,3,22,1,21
2019-20,33,Tamilnadu,3303,KANCHEEPURAM,330308,THIRUKALUKUNDRAM,29,"Private Unaided (Recognized)",3,"HSS (I-XII)",5,"Post graduate",4,"M.Ed. or equivalent",0,0,0,0,0,1,0,0,0,0,0,0,0,0,0,1,0,0,2,0,2
2019-20,33,Tamilnadu,3303,KANCHEEPURAM,330309,"ST.THOMAS MOUNT(URBAN)",29,"Private Unaided (Recognized)",3,"HSS (I-XII)",5,"Post graduate",4,"M.Ed. or equivalent",0,0,0,0,0,7,2,4,0,1,0,2,2,3,0,2,1,6,30,5,25
2019-20,33,Tamilnadu,3303,KANCHEEPURAM,330311,MADURANTAGAM,29,"Private Unaided (Recognized)",3,"HSS (I-XII)",5,"Post graduate",4,"M.Ed. or equivalent",0,0,0,0,0,0,0,1,0,0,0,2,0,0,0,1,0,0,4,0,4
2019-20,33,Tamilnadu,3303,KANCHEEPURAM,330313,CHITHAMUR,29,"Private Unaided (Recognized)",3,"HSS (I-XII)",5,"Post graduate",4,"M.Ed. or equivalent",0,0,0,0,0,0,0,0,0,0,0,0,0,1,0,0,0,0,1,0,1
2019-20,33,Tamilnadu,3303,KANCHEEPURAM,330314,"ST.THOMAS MOUNT(RURAL)",29,"Private Unaided (Recognized)",3,"HSS (I-XII)",5,"Post graduate",4,"M.Ed. or equivalent",0,1,0,1,0,4,0,4,0,3,1,4,0,2,2,6,0,6,34,3,31
2019-20,33,Tamilnadu,3303,KANCHEEPURAM,330302,WALAJABAD,29,"Private Unaided (Recognized)",6,"SS (I-X)",5,"Post graduate",4,"M.Ed. or equivalent",0,0,0,0,0,0,0,0,0,0,0,0,1,0,0,0,0,0,1,1,0
2019-20,33,Tamilnadu,3303,KANCHEEPURAM,330303,UTHIRAMERUR,29,"Private Unaided (Recognized)",6,"SS (I-X)",5,"Post graduate",4,"M.Ed. or equivalent",0,0,0,0,0,0,0,0,0,0,1,0,0,0,0,0,0,0,1,1,0
2019-20,33,Tamilnadu,3303,KANCHEEPURAM,330304,SRIPERUMBUDUR,29,"Private Unaided (Recognized)",6,"SS (I-X)",5,"Post graduate",4,"M.Ed. or equivalent",0,0,0,0,0,1,0,0,0,1,0,0,0,1,0,0,0,0,3,0,3
2019-20,33,Tamilnadu,3303,KANCHEEPURAM,330305,KUNDRATHUR,29,"Private Unaided (Recognized)",6,"SS (I-X)",5,"Post graduate",4,"M.Ed. or equivalent",0,0,0,0,0,1,0,1,0,0,0,0,2,4,0,0,0,0,8,2,6
2019-20,33,Tamilnadu,3303,KANCHEEPURAM,330307,KATTANKOLATHUR,29,"Private Unaided (Recognized)",6,"SS (I-X)",5,"Post graduate",4,"M.Ed. or equivalent",0,0,0,0,0,1,0,1,0,0,1,1,1,6,0,0,0,0,11,2,9
2019-20,33,Tamilnadu,3303,KANCHEEPURAM,330308,THIRUKALUKUNDRAM,29,"Private Unaided (Recognized)",6,"SS (I-X)",5,"Post graduate",4,"M.Ed. or equivalent",0,0,0,0,0,1,0,0,0,0,0,0,0,0,0,0,0,0,1,0,1
2019-20,33,Tamilnadu,3303,KANCHEEPURAM,330309,"ST.THOMAS MOUNT(URBAN)",29,"Private Unaided (Recognized)",6,"SS (I-X)",5,"Post graduate",4,"M.Ed. or equivalent",0,0,0,0,0,3,0,0,0,1,0,2,0,2,0,0,0,0,8,0,8
2019-20,33,Tamilnadu,3303,KANCHEEPURAM,330314,"ST.THOMAS MOUNT(RURAL)",29,"Private Unaided (Recognized)",6,"SS (I-X)",5,"Post graduate",4,"M.Ed. or equivalent",0,0,0,0,0,1,0,0,0,1,0,1,2,2,0,0,0,0,7,2,5
2019-20,33,Tamilnadu,3303,KANCHEEPURAM,330301,KANCHEEPURAM,29,"Private Unaided (Recognized)",1,"PS (I-V)",5,"Post graduate",5,Others,0,0,0,0,0,1,0,0,0,0,0,0,0,0,0,0,0,0,1,0,1
2019-20,33,Tamilnadu,3303,KANCHEEPURAM,330305,KUNDRATHUR,29,"Private Unaided (Recognized)",1,"PS (I-V)",5,"Post graduate",5,Others,0,0,0,0,0,4,0,0,0,0,0,0,0,0,0,0,0,0,4,0,4
2019-20,33,Tamilnadu,3303,KANCHEEPURAM,330306,THIRUPORUR,29,"Private Unaided (Recognized)",1,"PS (I-V)",5,"Post graduate",5,Others,0,0,0,0,0,5,0,0,0,0,0,0,0,0,0,0,0,0,5,0,5
2019-20,33,Tamilnadu,3303,KANCHEEPURAM,330307,KATTANKOLATHUR,29,"Private Unaided (Recognized)",1,"PS (I-V)",5,"Post graduate",5,Others,0,2,0,3,0,1,0,0,0,0,0,0,0,0,0,0,0,0,6,0,6
2019-20,33,Tamilnadu,3303,KANCHEEPURAM,330301,KANCHEEPURAM,29,"Private Unaided (Recognized)",2,"UPS (I-VIII)",5,"Post graduate",5,Others,0,0,0,0,0,0,0,0,0,7,0,0,0,0,0,0,0,0,7,0,7
2019-20,33,Tamilnadu,3303,KANCHEEPURAM,330304,SRIPERUMBUDUR,29,"Private Unaided (Recognized)",2,"UPS (I-VIII)",5,"Post graduate",5,Others,0,0,0,0,0,0,0,1,0,0,0,0,0,0,0,0,0,0,1,0,1
2019-20,33,Tamilnadu,3303,KANCHEEPURAM,330305,KUNDRATHUR,29,"Private Unaided (Recognized)",2,"UPS (I-VIII)",5,"Post graduate",5,Others,0,0,0,0,1,4,0,4,1,5,0,0,0,0,0,0,0,0,15,2,13
2019-20,33,Tamilnadu,3303,KANCHEEPURAM,330306,THIRUPORUR,29,"Private Unaided (Recognized)",2,"UPS (I-VIII)",5,"Post graduate",5,Others,0,0,0,0,0,1,0,0,0,4,0,0,0,0,0,0,0,0,5,0,5
2019-20,33,Tamilnadu,3303,KANCHEEPURAM,330307,KATTANKOLATHUR,29,"Private Unaided (Recognized)",2,"UPS (I-VIII)",5,"Post graduate",5,Others,0,0,0,0,0,4,0,0,1,9,0,0,0,0,0,0,0,0,14,1,13
2019-20,33,Tamilnadu,3303,KANCHEEPURAM,330314,"ST.THOMAS MOUNT(RURAL)",29,"Private Unaided (Recognized)",2,"UPS (I-VIII)",5,"Post graduate",5,Others,0,0,0,0,0,10,0,4,1,27,0,0,0,0,0,0,0,0,42,1,41
2019-20,33,Tamilnadu,3303,KANCHEEPURAM,330301,KANCHEEPURAM,29,"Private Unaided (Recognized)",3,"HSS (I-XII)",5,"Post graduate",5,Others,0,0,0,0,0,1,0,1,0,0,0,1,0,0,0,1,0,0,4,0,4
2019-20,33,Tamilnadu,3303,KANCHEEPURAM,330302,WALAJABAD,29,"Private Unaided (Recognized)",3,"HSS (I-XII)",5,"Post graduate",5,Others,0,0,0,0,0,1,1,3,0,0,0,0,0,0,0,0,0,0,5,1,4
2019-20,33,Tamilnadu,3303,KANCHEEPURAM,330304,SRIPERUMBUDUR,29,"Private Unaided (Recognized)",3,"HSS (I-XII)",5,"Post graduate",5,Others,0,0,0,2,0,2,0,4,0,0,0,0,0,1,0,0,0,1,10,0,10
2019-20,33,Tamilnadu,3303,KANCHEEPURAM,330305,KUNDRATHUR,29,"Private Unaided (Recognized)",3,"HSS (I-XII)",5,"Post graduate",5,Others,0,14,0,2,1,19,5,37,0,6,1,4,0,1,0,1,0,4,95,7,88
2019-20,33,Tamilnadu,3303,KANCHEEPURAM,330306,THIRUPORUR,29,"Private Unaided (Recognized)",3,"HSS (I-XII)",5,"Post graduate",5,Others,0,3,0,0,0,9,0,15,0,2,0,1,0,2,0,3,0,4,39,0,39
2019-20,33,Tamilnadu,3303,KANCHEEPURAM,330307,KATTANKOLATHUR,29,"Private Unaided (Recognized)",3,"HSS (I-XII)",5,"Post graduate",5,Others,0,0,0,0,0,4,0,29,0,2,0,2,0,0,1,0,1,1,40,2,38
2019-20,33,Tamilnadu,3303,KANCHEEPURAM,330308,THIRUKALUKUNDRAM,29,"Private Unaided (Recognized)",3,"HSS (I-XII)",5,"Post graduate",5,Others,0,1,0,0,0,2,1,0,0,1,0,1,0,0,0,0,0,0,6,1,5
2019-20,33,Tamilnadu,3303,KANCHEEPURAM,330309,"ST.THOMAS MOUNT(URBAN)",29,"Private Unaided (Recognized)",3,"HSS (I-XII)",5,"Post graduate",5,Others,0,16,0,0,0,23,0,11,0,6,0,4,4,5,0,4,0,2,75,4,71
2019-20,33,Tamilnadu,3303,KANCHEEPURAM,330311,MADURANTAGAM,29,"Private Unaided (Recognized)",3,"HSS (I-XII)",5,"Post graduate",5,Others,0,0,0,0,0,1,0,1,0,0,0,0,0,0,0,0,0,0,2,0,2
2019-20,33,Tamilnadu,3303,KANCHEEPURAM,330313,CHITHAMUR,29,"Private Unaided (Recognized)",3,"HSS (I-XII)",5,"Post graduate",5,Others,0,2,0,0,0,0,0,0,0,0,0,1,0,0,1,0,0,0,4,1,3
2019-20,33,Tamilnadu,3303,KANCHEEPURAM,330314,"ST.THOMAS MOUNT(RURAL)",29,"Private Unaided (Recognized)",3,"HSS (I-XII)",5,"Post graduate",5,Others,0,18,0,5,0,46,2,40,1,15,3,16,2,6,2,15,2,7,180,12,168
2019-20,33,Tamilnadu,3303,KANCHEEPURAM,330301,KANCHEEPURAM,29,"Private Unaided (Recognized)",6,"SS (I-X)",5,"Post graduate",5,Others,0,0,0,0,0,0,0,0,0,0,0,0,2,7,0,0,0,0,9,2,7
2019-20,33,Tamilnadu,3303,KANCHEEPURAM,330303,UTHIRAMERUR,29,"Private Unaided (Recognized)",6,"SS (I-X)",5,"Post graduate",5,Others,0,0,0,0,0,1,0,0,0,0,0,0,0,0,0,0,0,0,1,0,1
2019-20,33,Tamilnadu,3303,KANCHEEPURAM,330304,SRIPERUMBUDUR,29,"Private Unaided (Recognized)",6,"SS (I-X)",5,"Post graduate",5,Others,0,0,0,0,0,2,0,0,0,0,0,1,0,2,0,0,0,0,5,0,5
2019-20,33,Tamilnadu,3303,KANCHEEPURAM,330305,KUNDRATHUR,29,"Private Unaided (Recognized)",6,"SS (I-X)",5,"Post graduate",5,Others,0,6,0,0,0,17,1,11,0,1,0,0,5,29,0,0,0,0,70,6,64
2019-20,33,Tamilnadu,3303,KANCHEEPURAM,330306,THIRUPORUR,29,"Private Unaided (Recognized)",6,"SS (I-X)",5,"Post graduate",5,Others,0,0,0,0,0,0,0,3,0,0,0,0,0,1,0,0,0,0,4,0,4
2019-20,33,Tamilnadu,3303,KANCHEEPURAM,330307,KATTANKOLATHUR,29,"Private Unaided (Recognized)",6,"SS (I-X)",5,"Post graduate",5,Others,0,0,0,0,0,4,1,5,0,1,0,0,0,28,0,0,0,0,39,1,38
2019-20,33,Tamilnadu,3303,KANCHEEPURAM,330308,THIRUKALUKUNDRAM,29,"Private Unaided (Recognized)",6,"SS (I-X)",5,"Post graduate",5,Others,0,0,0,0,0,0,0,3,0,1,0,1,0,0,0,0,0,0,5,0,5
2019-20,33,Tamilnadu,3303,KANCHEEPURAM,330309,"ST.THOMAS MOUNT(URBAN)",29,"Private Unaided (Recognized)",6,"SS (I-X)",5,"Post graduate",5,Others,0,3,0,0,0,4,1,1,1,2,0,0,1,20,0,0,0,0,33,3,30
2019-20,33,Tamilnadu,3303,KANCHEEPURAM,330314,"ST.THOMAS MOUNT(RURAL)",29,"Private Unaided (Recognized)",6,"SS (I-X)",5,"Post graduate",5,Others,0,2,0,0,0,9,0,1,2,4,2,3,4,31,0,0,0,0,58,8,50
2019-20,33,Tamilnadu,3303,KANCHEEPURAM,330305,KUNDRATHUR,29,"Private Unaided (Recognized)",1,"PS (I-V)",5,"Post graduate",6,None,0,0,0,1,0,2,0,0,0,0,0,0,0,0,0,0,0,0,3,0,3
2019-20,33,Tamilnadu,3303,KANCHEEPURAM,330306,THIRUPORUR,29,"Private Unaided (Recognized)",1,"PS (I-V)",5,"Post graduate",6,None,0,0,0,0,0,2,0,0,0,0,0,0,0,0,0,0,0,0,2,0,2
2019-20,33,Tamilnadu,3303,KANCHEEPURAM,330307,KATTANKOLATHUR,29,"Private Unaided (Recognized)",1,"PS (I-V)",5,"Post graduate",6,None,0,0,0,0,0,4,0,0,0,0,0,0,0,0,0,0,0,0,4,0,4
2019-20,33,Tamilnadu,3303,KANCHEEPURAM,330309,"ST.THOMAS MOUNT(URBAN)",29,"Private Unaided (Recognized)",1,"PS (I-V)",5,"Post graduate",6,None,0,0,0,0,0,3,0,0,0,0,0,0,0,0,0,0,0,0,3,0,3
2019-20,33,Tamilnadu,3303,KANCHEEPURAM,330301,KANCHEEPURAM,29,"Private Unaided (Recognized)",2,"UPS (I-VIII)",5,"Post graduate",6,None,0,0,0,0,0,0,0,2,0,1,0,0,0,0,0,0,0,0,3,0,3
2019-20,33,Tamilnadu,3303,KANCHEEPURAM,330302,WALAJABAD,29,"Private Unaided (Recognized)",2,"UPS (I-VIII)",5,"Post graduate",6,None,0,0,0,0,0,0,0,1,0,0,0,0,0,0,0,0,0,0,1,0,1
2019-20,33,Tamilnadu,3303,KANCHEEPURAM,330305,KUNDRATHUR,29,"Private Unaided (Recognized)",2,"UPS (I-VIII)",5,"Post graduate",6,None,0,0,0,0,0,4,0,0,0,5,0,0,0,0,0,0,0,0,9,0,9
2019-20,33,Tamilnadu,3303,KANCHEEPURAM,330306,THIRUPORUR,29,"Private Unaided (Recognized)",2,"UPS (I-VIII)",5,"Post graduate",6,None,0,0,0,0,0,1,0,1,1,4,0,0,0,0,0,0,0,0,7,1,6
2019-20,33,Tamilnadu,3303,KANCHEEPURAM,330307,KATTANKOLATHUR,29,"Private Unaided (Recognized)",2,"UPS (I-VIII)",5,"Post graduate",6,None,0,0,0,0,0,2,1,0,0,6,0,0,0,0,0,0,0,0,9,1,8
2019-20,33,Tamilnadu,3303,KANCHEEPURAM,330308,THIRUKALUKUNDRAM,29,"Private Unaided (Recognized)",2,"UPS (I-VIII)",5,"Post graduate",6,None,0,0,0,0,0,1,0,1,0,2,0,0,0,0,0,0,0,0,4,0,4
2019-20,33,Tamilnadu,3303,KANCHEEPURAM,330314,"ST.THOMAS MOUNT(RURAL)",29,"Private Unaided (Recognized)",2,"UPS (I-VIII)",5,"Post graduate",6,None,0,0,0,0,0,3,0,3,2,14,0,0,0,0,0,0,0,0,22,2,20
2019-20,33,Tamilnadu,3303,KANCHEEPURAM,330301,KANCHEEPURAM,29,"Private Unaided (Recognized)",3,"HSS (I-XII)",5,"Post graduate",6,None,0,0,0,4,0,0,0,0,0,0,0,0,0,0,0,1,0,0,5,0,5
2019-20,33,Tamilnadu,3303,KANCHEEPURAM,330304,SRIPERUMBUDUR,29,"Private Unaided (Recognized)",3,"HSS (I-XII)",5,"Post graduate",6,None,0,1,0,0,0,4,0,3,1,0,1,1,0,1,2,2,3,1,20,7,13
2019-20,33,Tamilnadu,3303,KANCHEEPURAM,330305,KUNDRATHUR,29,"Private Unaided (Recognized)",3,"HSS (I-XII)",5,"Post graduate",6,None,0,4,0,2,0,15,3,28,1,7,1,7,0,3,0,9,0,2,82,5,77
2019-20,33,Tamilnadu,3303,KANCHEEPURAM,330306,THIRUPORUR,29,"Private Unaided (Recognized)",3,"HSS (I-XII)",5,"Post graduate",6,None,0,0,0,0,0,4,5,17,0,2,1,2,0,1,1,7,1,0,41,8,33
2019-20,33,Tamilnadu,3303,KANCHEEPURAM,330307,KATTANKOLATHUR,29,"Private Unaided (Recognized)",3,"HSS (I-XII)",5,"Post graduate",6,None,0,1,0,1,0,3,2,13,0,0,0,1,0,0,0,0,0,1,22,2,20
2019-20,33,Tamilnadu,3303,KANCHEEPURAM,330308,THIRUKALUKUNDRAM,29,"Private Unaided (Recognized)",3,"HSS (I-XII)",5,"Post graduate",6,None,0,0,0,0,0,1,0,2,0,1,0,0,0,0,2,0,0,0,6,2,4
2019-20,33,Tamilnadu,3303,KANCHEEPURAM,330309,"ST.THOMAS MOUNT(URBAN)",29,"Private Unaided (Recognized)",3,"HSS (I-XII)",5,"Post graduate",6,None,0,3,0,0,1,16,2,11,0,1,1,2,2,1,2,2,1,1,46,9,37
2019-20,33,Tamilnadu,3303,KANCHEEPURAM,330311,MADURANTAGAM,29,"Private Unaided (Recognized)",3,"HSS (I-XII)",5,"Post graduate",6,None,0,0,0,0,0,1,0,2,0,0,0,1,0,0,0,0,0,0,4,0,4
2019-20,33,Tamilnadu,3303,KANCHEEPURAM,330313,CHITHAMUR,29,"Private Unaided (Recognized)",3,"HSS (I-XII)",5,"Post graduate",6,None,0,0,0,0,0,0,0,0,0,0,0,0,0,0,1,0,0,0,1,1,0
2019-20,33,Tamilnadu,3303,KANCHEEPURAM,330314,"ST.THOMAS MOUNT(RURAL)",29,"Private Unaided (Recognized)",3,"HSS (I-XII)",5,"Post graduate",6,None,0,12,0,3,1,17,1,29,0,2,2,6,1,5,7,5,3,9,103,15,88
2019-20,33,Tamilnadu,3303,KANCHEEPURAM,330301,KANCHEEPURAM,29,"Private Unaided (Recognized)",6,"SS (I-X)",5,"Post graduate",6,None,0,0,0,0,0,2,0,0,0,0,0,0,0,5,0,0,0,0,7,0,7
2019-20,33,Tamilnadu,3303,KANCHEEPURAM,330302,WALAJABAD,29,"Private Unaided (Recognized)",6,"SS (I-X)",5,"Post graduate",6,None,0,0,0,0,0,1,0,1,0,0,0,0,0,0,0,0,0,0,2,0,2
2019-20,33,Tamilnadu,3303,KANCHEEPURAM,330303,UTHIRAMERUR,29,"Private Unaided (Recognized)",6,"SS (I-X)",5,"Post graduate",6,None,0,0,0,0,0,1,0,0,0,0,0,0,0,0,0,0,0,0,1,0,1
2019-20,33,Tamilnadu,3303,KANCHEEPURAM,330304,SRIPERUMBUDUR,29,"Private Unaided (Recognized)",6,"SS (I-X)",5,"Post graduate",6,None,0,0,0,0,0,0,0,0,0,0,0,0,0,1,0,0,0,0,1,0,1
2019-20,33,Tamilnadu,3303,KANCHEEPURAM,330305,KUNDRATHUR,29,"Private Unaided (Recognized)",6,"SS (I-X)",5,"Post graduate",6,None,0,0,0,0,0,22,0,3,0,2,3,3,6,14,0,0,0,0,53,9,44
2019-20,33,Tamilnadu,3303,KANCHEEPURAM,330306,THIRUPORUR,29,"Private Unaided (Recognized)",6,"SS (I-X)",5,"Post graduate",6,None,0,0,0,0,0,0,1,0,0,0,0,0,1,0,0,0,0,0,2,2,0
2019-20,33,Tamilnadu,3303,KANCHEEPURAM,330307,KATTANKOLATHUR,29,"Private Unaided (Recognized)",6,"SS (I-X)",5,"Post graduate",6,None,0,0,0,0,1,6,1,4,0,0,1,0,1,12,0,0,0,0,26,4,22
2019-20,33,Tamilnadu,3303,KANCHEEPURAM,330308,THIRUKALUKUNDRAM,29,"Private Unaided (Recognized)",6,"SS (I-X)",5,"Post graduate",6,None,0,0,0,0,0,1,0,1,0,2,0,0,0,0,0,0,0,0,4,0,4
2019-20,33,Tamilnadu,3303,KANCHEEPURAM,330309,"ST.THOMAS MOUNT(URBAN)",29,"Private Unaided (Recognized)",6,"SS (I-X)",5,"Post graduate",6,None,0,0,0,0,0,2,0,3,0,1,0,1,0,6,0,0,0,0,13,0,13
2019-20,33,Tamilnadu,3303,KANCHEEPURAM,330310,ACHARAPAKKAM,29,"Private Unaided (Recognized)",6,"SS (I-X)",5,"Post graduate",6,None,0,0,0,0,0,1,0,0,0,0,0,0,1,1,0,0,0,0,3,1,2
2019-20,33,Tamilnadu,3303,KANCHEEPURAM,330314,"ST.THOMAS MOUNT(RURAL)",29,"Private Unaided (Recognized)",6,"SS (I-X)",5,"Post graduate",6,None,0,0,0,1,0,5,1,2,0,1,0,0,1,5,0,0,0,0,16,2,14
2019-20,33,Tamilnadu,3303,KANCHEEPURAM,330308,THIRUKALUKUNDRAM,29,"Private Unaided (Recognized)",7,"SS (VI-X)",5,"Post graduate",6,None,0,0,0,0,0,0,0,0,0,1,2,0,0,0,0,0,0,0,3,2,1
2019-20,33,Tamilnadu,3303,KANCHEEPURAM,330307,KATTANKOLATHUR,29,"Private Unaided (Recognized)",2,"UPS (I-VIII)",6,M.Phil,1,"Diploma or certificate in basic teachers training of a duration not less than two years",0,0,0,0,0,0,0,1,0,0,0,0,0,0,0,0,0,0,1,0,1
2019-20,33,Tamilnadu,3303,KANCHEEPURAM,330305,KUNDRATHUR,29,"Private Unaided (Recognized)",3,"HSS (I-XII)",6,M.Phil,1,"Diploma or certificate in basic teachers training of a duration not less than two years",0,0,0,0,0,1,0,0,0,0,0,0,0,0,0,0,0,0,1,0,1
2019-20,33,Tamilnadu,3303,KANCHEEPURAM,330306,THIRUPORUR,29,"Private Unaided (Recognized)",3,"HSS (I-XII)",6,M.Phil,1,"Diploma or certificate in basic teachers training of a duration not less than two years",0,0,0,0,0,2,0,0,0,0,0,0,0,0,0,0,0,0,2,0,2
2019-20,33,Tamilnadu,3303,KANCHEEPURAM,330305,KUNDRATHUR,29,"Private Unaided (Recognized)",6,"SS (I-X)",6,M.Phil,1,"Diploma or certificate in basic teachers training of a duration not less than two years",0,0,0,0,0,1,0,0,0,0,0,0,0,0,0,0,0,0,1,0,1
2019-20,33,Tamilnadu,3303,KANCHEEPURAM,330314,"ST.THOMAS MOUNT(RURAL)",29,"Private Unaided (Recognized)",6,"SS (I-X)",6,M.Phil,1,"Diploma or certificate in basic teachers training of a duration not less than two years",0,0,0,0,0,0,0,0,0,0,0,0,0,1,0,0,0,0,1,0,1
2019-20,33,Tamilnadu,3303,KANCHEEPURAM,330305,KUNDRATHUR,29,"Private Unaided (Recognized)",1,"PS (I-V)",6,M.Phil,3,"B.Ed. or equivalent",0,0,0,0,0,1,0,0,0,0,0,0,0,0,0,0,0,0,1,0,1
2019-20,33,Tamilnadu,3303,KANCHEEPURAM,330305,KUNDRATHUR,29,"Private Unaided (Recognized)",2,"UPS (I-VIII)",6,M.Phil,3,"B.Ed. or equivalent",0,0,0,0,0,1,0,0,1,11,0,0,0,0,0,0,0,0,13,1,12
2019-20,33,Tamilnadu,3303,KANCHEEPURAM,330306,THIRUPORUR,29,"Private Unaided (Recognized)",2,"UPS (I-VIII)",6,M.Phil,3,"B.Ed. or equivalent",0,0,0,0,0,0,0,1,2,0,0,0,0,0,0,0,0,0,3,2,1
2019-20,33,Tamilnadu,3303,KANCHEEPURAM,330307,KATTANKOLATHUR,29,"Private Unaided (Recognized)",2,"UPS (I-VIII)",6,M.Phil,3,"B.Ed. or equivalent",0,0,0,0,0,2,0,1,0,2,0,0,0,0,0,0,0,0,5,0,5
2019-20,33,Tamilnadu,3303,KANCHEEPURAM,330309,"ST.THOMAS MOUNT(URBAN)",29,"Private Unaided (Recognized)",2,"UPS (I-VIII)",6,M.Phil,3,"B.Ed. or equivalent",0,0,0,0,0,1,0,0,0,0,0,0,0,0,0,0,0,0,1,0,1
2019-20,33,Tamilnadu,3303,KANCHEEPURAM,330314,"ST.THOMAS MOUNT(RURAL)",29,"Private Unaided (Recognized)",2,"UPS (I-VIII)",6,M.Phil,3,"B.Ed. or equivalent",0,0,0,0,0,1,0,1,0,5,0,0,0,0,0,0,0,0,7,0,7
2019-20,33,Tamilnadu,3303,KANCHEEPURAM,330301,KANCHEEPURAM,29,"Private Unaided (Recognized)",3,"HSS (I-XII)",6,M.Phil,3,"B.Ed. or equivalent",0,0,0,0,0,0,0,0,0,0,0,0,0,1,1,0,0,0,2,1,1
2019-20,33,Tamilnadu,3303,KANCHEEPURAM,330302,WALAJABAD,29,"Private Unaided (Recognized)",3,"HSS (I-XII)",6,M.Phil,3,"B.Ed. or equivalent",0,0,0,0,0,0,0,3,0,0,0,0,0,0,0,0,0,0,3,0,3
2019-20,33,Tamilnadu,3303,KANCHEEPURAM,330304,SRIPERUMBUDUR,29,"Private Unaided (Recognized)",3,"HSS (I-XII)",6,M.Phil,3,"B.Ed. or equivalent",0,0,0,0,0,1,0,1,0,0,1,1,1,3,2,0,7,7,24,11,13
2019-20,33,Tamilnadu,3303,KANCHEEPURAM,330305,KUNDRATHUR,29,"Private Unaided (Recognized)",3,"HSS (I-XII)",6,M.Phil,3,"B.Ed. or equivalent",0,0,0,1,0,4,7,15,1,6,2,5,1,1,0,8,4,11,66,15,51
2019-20,33,Tamilnadu,3303,KANCHEEPURAM,330306,THIRUPORUR,29,"Private Unaided (Recognized)",3,"HSS (I-XII)",6,M.Phil,3,"B.Ed. or equivalent",0,0,0,0,0,0,1,7,0,0,1,1,0,3,1,4,0,1,19,3,16
2019-20,33,Tamilnadu,3303,KANCHEEPURAM,330307,KATTANKOLATHUR,29,"Private Unaided (Recognized)",3,"HSS (I-XII)",6,M.Phil,3,"B.Ed. or equivalent",0,0,0,0,0,2,3,18,0,2,0,0,0,0,1,1,1,2,30,5,25
2019-20,33,Tamilnadu,3303,KANCHEEPURAM,330308,THIRUKALUKUNDRAM,29,"Private Unaided (Recognized)",3,"HSS (I-XII)",6,M.Phil,3,"B.Ed. or equivalent",0,0,0,0,0,1,0,0,0,0,0,1,0,0,0,1,0,0,3,0,3
2019-20,33,Tamilnadu,3303,KANCHEEPURAM,330309,"ST.THOMAS MOUNT(URBAN)",29,"Private Unaided (Recognized)",3,"HSS (I-XII)",6,M.Phil,3,"B.Ed. or equivalent",0,1,0,0,0,12,0,15,0,10,0,10,0,8,2,14,1,11,84,3,81
2019-20,33,Tamilnadu,3303,KANCHEEPURAM,330311,MADURANTAGAM,29,"Private Unaided (Recognized)",3,"HSS (I-XII)",6,M.Phil,3,"B.Ed. or equivalent",0,0,0,0,0,0,1,0,0,0,0,0,0,0,0,1,0,0,2,1,1
2019-20,33,Tamilnadu,3303,KANCHEEPURAM,330312,LATHUR,29,"Private Unaided (Recognized)",3,"HSS (I-XII)",6,M.Phil,3,"B.Ed. or equivalent",0,0,0,0,0,0,0,1,0,1,0,0,0,0,0,1,0,2,5,0,5
2019-20,33,Tamilnadu,3303,KANCHEEPURAM,330313,CHITHAMUR,29,"Private Unaided (Recognized)",3,"HSS (I-XII)",6,M.Phil,3,"B.Ed. or equivalent",0,0,0,0,0,1,0,0,0,0,0,0,0,0,0,0,0,0,1,0,1
2019-20,33,Tamilnadu,3303,KANCHEEPURAM,330314,"ST.THOMAS MOUNT(RURAL)",29,"Private Unaided (Recognized)",3,"HSS (I-XII)",6,M.Phil,3,"B.Ed. or equivalent",0,0,0,1,1,9,2,21,0,6,1,10,2,9,0,25,1,13,101,7,94
2019-20,33,Tamilnadu,3303,KANCHEEPURAM,330301,KANCHEEPURAM,29,"Private Unaided (Recognized)",6,"SS (I-X)",6,M.Phil,3,"B.Ed. or equivalent",0,0,0,0,0,0,0,0,0,0,0,0,0,2,0,0,0,0,2,0,2
2019-20,33,Tamilnadu,3303,KANCHEEPURAM,330303,UTHIRAMERUR,29,"Private Unaided (Recognized)",6,"SS (I-X)",6,M.Phil,3,"B.Ed. or equivalent",0,0,0,0,0,0,0,0,0,0,0,0,0,1,0,0,0,0,1,0,1
2019-20,33,Tamilnadu,3303,KANCHEEPURAM,330304,SRIPERUMBUDUR,29,"Private Unaided (Recognized)",6,"SS (I-X)",6,M.Phil,3,"B.Ed. or equivalent",0,0,0,0,0,2,0,0,0,0,0,0,0,1,0,0,0,0,3,0,3
2019-20,33,Tamilnadu,3303,KANCHEEPURAM,330305,KUNDRATHUR,29,"Private Unaided (Recognized)",6,"SS (I-X)",6,M.Phil,3,"B.Ed. or equivalent",0,0,0,0,0,3,0,3,0,0,1,1,2,22,0,0,0,0,32,3,29
2019-20,33,Tamilnadu,3303,KANCHEEPURAM,330306,THIRUPORUR,29,"Private Unaided (Recognized)",6,"SS (I-X)",6,M.Phil,3,"B.Ed. or equivalent",0,0,0,0,0,0,0,0,0,0,0,1,0,0,0,0,0,0,1,0,1
2019-20,33,Tamilnadu,3303,KANCHEEPURAM,330307,KATTANKOLATHUR,29,"Private Unaided (Recognized)",6,"SS (I-X)",6,M.Phil,3,"B.Ed. or equivalent",0,0,0,0,0,3,1,5,1,3,0,1,0,13,0,0,0,0,27,2,25
2019-20,33,Tamilnadu,3303,KANCHEEPURAM,330308,THIRUKALUKUNDRAM,29,"Private Unaided (Recognized)",6,"SS (I-X)",6,M.Phil,3,"B.Ed. or equivalent",0,0,0,0,0,0,0,2,0,0,0,0,0,0,0,0,0,0,2,0,2
2019-20,33,Tamilnadu,3303,KANCHEEPURAM,330309,"ST.THOMAS MOUNT(URBAN)",29,"Private Unaided (Recognized)",6,"SS (I-X)",6,M.Phil,3,"B.Ed. or equivalent",0,0,0,0,0,1,1,0,0,0,0,5,1,1,0,0,0,0,9,2,7
2019-20,33,Tamilnadu,3303,KANCHEEPURAM,330314,"ST.THOMAS MOUNT(RURAL)",29,"Private Unaided (Recognized)",6,"SS (I-X)",6,M.Phil,3,"B.Ed. or equivalent",0,0,0,0,0,2,0,1,0,0,0,1,3,8,0,0,0,0,15,3,12
2019-20,33,Tamilnadu,3303,KANCHEEPURAM,330309,"ST.THOMAS MOUNT(URBAN)",29,"Private Unaided (Recognized)",1,"PS (I-V)",6,M.Phil,4,"M.Ed. or equivalent",0,0,0,0,0,1,0,0,0,0,0,0,0,0,0,0,0,0,1,0,1
2019-20,33,Tamilnadu,3303,KANCHEEPURAM,330301,KANCHEEPURAM,29,"Private Unaided (Recognized)",2,"UPS (I-VIII)",6,M.Phil,4,"M.Ed. or equivalent",0,0,0,0,0,0,0,0,0,2,0,0,0,0,0,0,0,0,2,0,2
2019-20,33,Tamilnadu,3303,KANCHEEPURAM,330305,KUNDRATHUR,29,"Private Unaided (Recognized)",2,"UPS (I-VIII)",6,M.Phil,4,"M.Ed. or equivalent",0,0,0,0,0,1,0,0,0,1,0,0,0,0,0,0,0,0,2,0,2
2019-20,33,Tamilnadu,3303,KANCHEEPURAM,330306,THIRUPORUR,29,"Private Unaided (Recognized)",2,"UPS (I-VIII)",6,M.Phil,4,"M.Ed. or equivalent",0,0,0,0,0,0,0,1,0,0,0,0,0,0,0,0,0,0,1,0,1
2019-20,33,Tamilnadu,3303,KANCHEEPURAM,330304,SRIPERUMBUDUR,29,"Private Unaided (Recognized)",3,"HSS (I-XII)",6,M.Phil,4,"M.Ed. or equivalent",0,0,0,0,0,0,1,0,0,0,1,0,0,0,0,0,0,1,3,2,1
2019-20,33,Tamilnadu,3303,KANCHEEPURAM,330305,KUNDRATHUR,29,"Private Unaided (Recognized)",3,"HSS (I-XII)",6,M.Phil,4,"M.Ed. or equivalent",0,0,0,0,0,1,0,2,0,0,0,0,0,1,1,1,0,1,7,1,6
2019-20,33,Tamilnadu,3303,KANCHEEPURAM,330306,THIRUPORUR,29,"Private Unaided (Recognized)",3,"HSS (I-XII)",6,M.Phil,4,"M.Ed. or equivalent",0,0,0,0,0,1,0,1,0,0,0,1,0,0,0,3,0,0,6,0,6
2019-20,33,Tamilnadu,3303,KANCHEEPURAM,330307,KATTANKOLATHUR,29,"Private Unaided (Recognized)",3,"HSS (I-XII)",6,M.Phil,4,"M.Ed. or equivalent",0,0,0,1,0,0,0,2,0,0,0,1,0,0,0,0,0,0,4,0,4
2019-20,33,Tamilnadu,3303,KANCHEEPURAM,330308,THIRUKALUKUNDRAM,29,"Private Unaided (Recognized)",3,"HSS (I-XII)",6,M.Phil,4,"M.Ed. or equivalent",0,0,0,0,0,0,0,0,0,0,0,0,0,0,0,2,0,0,2,0,2
2019-20,33,Tamilnadu,3303,KANCHEEPURAM,330309,"ST.THOMAS MOUNT(URBAN)",29,"Private Unaided (Recognized)",3,"HSS (I-XII)",6,M.Phil,4,"M.Ed. or equivalent",0,0,0,0,0,0,2,1,0,2,0,1,0,0,0,3,0,1,10,2,8
2019-20,33,Tamilnadu,3303,KANCHEEPURAM,330311,MADURANTAGAM,29,"Private Unaided (Recognized)",3,"HSS (I-XII)",6,M.Phil,4,"M.Ed. or equivalent",0,0,0,0,0,0,0,0,0,0,0,0,0,0,0,1,0,0,1,0,1
2019-20,33,Tamilnadu,3303,KANCHEEPURAM,330313,CHITHAMUR,29,"Private Unaided (Recognized)",3,"HSS (I-XII)",6,M.Phil,4,"M.Ed. or equivalent",0,0,0,0,0,0,0,0,0,0,0,0,0,0,0,0,0,1,1,0,1
2019-20,33,Tamilnadu,3303,KANCHEEPURAM,330314,"ST.THOMAS MOUNT(RURAL)",29,"Private Unaided (Recognized)",3,"HSS (I-XII)",6,M.Phil,4,"M.Ed. or equivalent",0,0,0,0,0,1,1,1,0,1,1,2,0,0,2,1,1,2,13,5,8
2019-20,33,Tamilnadu,3303,KANCHEEPURAM,330303,UTHIRAMERUR,29,"Private Unaided (Recognized)",6,"SS (I-X)",6,M.Phil,4,"M.Ed. or equivalent",0,0,0,0,0,0,0,0,0,0,0,0,0,1,0,0,0,0,1,0,1
2019-20,33,Tamilnadu,3303,KANCHEEPURAM,330305,KUNDRATHUR,29,"Private Unaided (Recognized)",6,"SS (I-X)",6,M.Phil,4,"M.Ed. or equivalent",0,0,0,0,0,0,0,0,0,0,0,0,0,3,0,0,0,0,3,0,3
2019-20,33,Tamilnadu,3303,KANCHEEPURAM,330307,KATTANKOLATHUR,29,"Private Unaided (Recognized)",6,"SS (I-X)",6,M.Phil,4,"M.Ed. or equivalent",0,0,0,0,0,1,0,1,0,1,0,0,1,2,0,0,0,0,6,1,5
2019-20,33,Tamilnadu,3303,KANCHEEPURAM,330308,THIRUKALUKUNDRAM,29,"Private Unaided (Recognized)",7,"SS (VI-X)",6,M.Phil,4,"M.Ed. or equivalent",0,0,0,0,0,0,0,0,0,0,1,0,0,0,0,0,0,0,1,1,0
2019-20,33,Tamilnadu,3303,KANCHEEPURAM,330306,THIRUPORUR,29,"Private Unaided (Recognized)",1,"PS (I-V)",6,M.Phil,5,Others,0,0,0,0,0,1,0,0,0,0,0,0,0,0,0,0,0,0,1,0,1
2019-20,33,Tamilnadu,3303,KANCHEEPURAM,330309,"ST.THOMAS MOUNT(URBAN)",29,"Private Unaided (Recognized)",1,"PS (I-V)",6,M.Phil,5,Others,0,0,0,0,0,1,0,0,0,0,0,0,0,0,0,0,0,0,1,0,1
2019-20,33,Tamilnadu,3303,KANCHEEPURAM,330308,THIRUKALUKUNDRAM,29,"Private Unaided (Recognized)",2,"UPS (I-VIII)",6,M.Phil,5,Others,0,0,0,0,0,0,0,1,0,0,0,0,0,0,0,0,0,0,1,0,1
2019-20,33,Tamilnadu,3303,KANCHEEPURAM,330311,MADURANTAGAM,29,"Private Unaided (Recognized)",2,"UPS (I-VIII)",6,M.Phil,5,Others,0,0,0,0,0,0,0,0,0,1,0,0,0,0,0,0,0,0,1,0,1
2019-20,33,Tamilnadu,3303,KANCHEEPURAM,330314,"ST.THOMAS MOUNT(RURAL)",29,"Private Unaided (Recognized)",2,"UPS (I-VIII)",6,M.Phil,5,Others,0,0,0,0,0,0,0,0,1,3,0,0,0,0,0,0,0,0,4,1,3
2019-20,33,Tamilnadu,3303,KANCHEEPURAM,330302,WALAJABAD,29,"Private Unaided (Recognized)",3,"HSS (I-XII)",6,M.Phil,5,Others,0,0,0,0,0,0,0,3,0,0,0,0,0,0,0,0,0,0,3,0,3
2019-20,33,Tamilnadu,3303,KANCHEEPURAM,330304,SRIPERUMBUDUR,29,"Private Unaided (Recognized)",3,"HSS (I-XII)",6,M.Phil,5,Others,0,0,0,0,0,2,0,0,0,0,0,0,0,0,0,0,0,0,2,0,2
2019-20,33,Tamilnadu,3303,KANCHEEPURAM,330305,KUNDRATHUR,29,"Private Unaided (Recognized)",3,"HSS (I-XII)",6,M.Phil,5,Others,0,0,0,1,0,2,1,8,0,1,0,2,0,0,1,2,0,0,18,2,16
2019-20,33,Tamilnadu,3303,KANCHEEPURAM,330306,THIRUPORUR,29,"Private Unaided (Recognized)",3,"HSS (I-XII)",6,M.Phil,5,Others,0,0,0,0,0,0,0,0,0,1,0,1,0,1,0,0,0,1,4,0,4
2019-20,33,Tamilnadu,3303,KANCHEEPURAM,330307,KATTANKOLATHUR,29,"Private Unaided (Recognized)",3,"HSS (I-XII)",6,M.Phil,5,Others,0,0,0,0,0,0,0,3,0,0,0,0,0,0,0,0,0,0,3,0,3
2019-20,33,Tamilnadu,3303,KANCHEEPURAM,330309,"ST.THOMAS MOUNT(URBAN)",29,"Private Unaided (Recognized)",3,"HSS (I-XII)",6,M.Phil,5,Others,0,0,0,0,0,4,0,4,0,0,0,4,0,3,0,2,0,0,17,0,17
2019-20,33,Tamilnadu,3303,KANCHEEPURAM,330311,MADURANTAGAM,29,"Private Unaided (Recognized)",3,"HSS (I-XII)",6,M.Phil,5,Others,0,0,0,0,0,0,0,1,0,0,0,0,0,0,0,0,0,0,1,0,1
2019-20,33,Tamilnadu,3303,KANCHEEPURAM,330313,CHITHAMUR,29,"Private Unaided (Recognized)",3,"HSS (I-XII)",6,M.Phil,5,Others,0,0,0,0,0,1,0,0,0,0,0,0,0,0,0,0,0,0,1,0,1
2019-20,33,Tamilnadu,3303,KANCHEEPURAM,330314,"ST.THOMAS MOUNT(RURAL)",29,"Private Unaided (Recognized)",3,"HSS (I-XII)",6,M.Phil,5,Others,0,1,0,2,0,3,0,4,0,1,1,2,0,2,3,4,0,2,25,4,21
2019-20,33,Tamilnadu,3303,KANCHEEPURAM,330302,WALAJABAD,29,"Private Unaided (Recognized)",6,"SS (I-X)",6,M.Phil,5,Others,0,0,0,0,0,0,0,0,0,0,0,0,0,1,0,0,0,0,1,0,1
2019-20,33,Tamilnadu,3303,KANCHEEPURAM,330304,SRIPERUMBUDUR,29,"Private Unaided (Recognized)",6,"SS (I-X)",6,M.Phil,5,Others,0,0,0,0,0,0,0,0,0,0,0,1,0,0,0,0,0,0,1,0,1
2019-20,33,Tamilnadu,3303,KANCHEEPURAM,330305,KUNDRATHUR,29,"Private Unaided (Recognized)",6,"SS (I-X)",6,M.Phil,5,Others,0,0,0,0,0,1,1,1,0,0,0,0,0,2,0,0,0,0,5,1,4
2019-20,33,Tamilnadu,3303,KANCHEEPURAM,330306,THIRUPORUR,29,"Private Unaided (Recognized)",6,"SS (I-X)",6,M.Phil,5,Others,0,0,0,0,0,0,0,0,0,0,0,0,0,1,0,0,0,0,1,0,1
2019-20,33,Tamilnadu,3303,KANCHEEPURAM,330307,KATTANKOLATHUR,29,"Private Unaided (Recognized)",6,"SS (I-X)",6,M.Phil,5,Others,0,0,0,0,0,1,0,0,0,0,0,0,0,2,0,0,0,0,3,0,3
2019-20,33,Tamilnadu,3303,KANCHEEPURAM,330308,THIRUKALUKUNDRAM,29,"Private Unaided (Recognized)",6,"SS (I-X)",6,M.Phil,5,Others,0,0,0,0,0,0,0,0,0,0,0,1,0,0,0,0,0,0,1,0,1
2019-20,33,Tamilnadu,3303,KANCHEEPURAM,330309,"ST.THOMAS MOUNT(URBAN)",29,"Private Unaided (Recognized)",6,"SS (I-X)",6,M.Phil,5,Others,0,0,0,0,0,1,0,0,0,0,0,0,0,0,0,0,0,0,1,0,1
2019-20,33,Tamilnadu,3303,KANCHEEPURAM,330314,"ST.THOMAS MOUNT(RURAL)",29,"Private Unaided (Recognized)",6,"SS (I-X)",6,M.Phil,5,Others,0,0,0,0,0,1,0,0,0,2,0,0,0,0,0,0,0,0,3,0,3
2019-20,33,Tamilnadu,3303,KANCHEEPURAM,330305,KUNDRATHUR,29,"Private Unaided (Recognized)",2,"UPS (I-VIII)",6,M.Phil,6,None,0,0,0,0,0,0,0,1,1,1,0,0,0,0,0,0,0,0,3,1,2
2019-20,33,Tamilnadu,3303,KANCHEEPURAM,330306,THIRUPORUR,29,"Private Unaided (Recognized)",2,"UPS (I-VIII)",6,M.Phil,6,None,0,0,0,0,0,1,1,0,0,0,0,0,0,0,0,0,0,0,2,1,1
2019-20,33,Tamilnadu,3303,KANCHEEPURAM,330314,"ST.THOMAS MOUNT(RURAL)",29,"Private Unaided (Recognized)",2,"UPS (I-VIII)",6,M.Phil,6,None,0,0,0,0,0,0,2,0,0,2,0,0,0,0,0,0,0,0,4,2,2
2019-20,33,Tamilnadu,3303,KANCHEEPURAM,330301,KANCHEEPURAM,29,"Private Unaided (Recognized)",3,"HSS (I-XII)",6,M.Phil,6,None,0,0,0,0,0,0,0,0,0,0,0,0,0,1,0,1,0,0,2,0,2
2019-20,33,Tamilnadu,3303,KANCHEEPURAM,330302,WALAJABAD,29,"Private Unaided (Recognized)",3,"HSS (I-XII)",6,M.Phil,6,None,0,0,0,0,0,0,0,0,0,0,0,0,0,0,1,0,0,0,1,1,0
2019-20,33,Tamilnadu,3303,KANCHEEPURAM,330304,SRIPERUMBUDUR,29,"Private Unaided (Recognized)",3,"HSS (I-XII)",6,M.Phil,6,None,0,0,0,0,0,1,0,0,0,0,1,1,0,0,0,0,1,0,4,2,2
2019-20,33,Tamilnadu,3303,KANCHEEPURAM,330305,KUNDRATHUR,29,"Private Unaided (Recognized)",3,"HSS (I-XII)",6,M.Phil,6,None,0,0,0,0,0,2,1,6,0,1,0,1,0,0,0,0,2,2,15,3,12
2019-20,33,Tamilnadu,3303,KANCHEEPURAM,330306,THIRUPORUR,29,"Private Unaided (Recognized)",3,"HSS (I-XII)",6,M.Phil,6,None,0,0,0,0,0,0,1,1,0,0,1,0,0,0,0,0,0,0,3,2,1
2019-20,33,Tamilnadu,3303,KANCHEEPURAM,330307,KATTANKOLATHUR,29,"Private Unaided (Recognized)",3,"HSS (I-XII)",6,M.Phil,6,None,0,0,0,0,0,0,2,2,0,0,0,0,0,0,2,1,1,0,8,5,3
2019-20,33,Tamilnadu,3303,KANCHEEPURAM,330309,"ST.THOMAS MOUNT(URBAN)",29,"Private Unaided (Recognized)",3,"HSS (I-XII)",6,M.Phil,6,None,0,0,0,0,0,2,1,6,0,0,1,1,0,1,2,2,0,0,16,4,12
2019-20,33,Tamilnadu,3303,KANCHEEPURAM,330314,"ST.THOMAS MOUNT(RURAL)",29,"Private Unaided (Recognized)",3,"HSS (I-XII)",6,M.Phil,6,None,0,0,0,0,0,0,3,11,0,1,2,3,0,1,2,8,0,1,32,7,25
2019-20,33,Tamilnadu,3303,KANCHEEPURAM,330303,UTHIRAMERUR,29,"Private Unaided (Recognized)",6,"SS (I-X)",6,M.Phil,6,None,0,0,0,0,0,0,0,0,0,0,0,0,1,0,0,0,0,0,1,1,0
2019-20,33,Tamilnadu,3303,KANCHEEPURAM,330305,KUNDRATHUR,29,"Private Unaided (Recognized)",6,"SS (I-X)",6,M.Phil,6,None,0,1,0,0,0,2,1,1,0,2,0,1,3,6,0,0,0,0,17,4,13
2019-20,33,Tamilnadu,3303,KANCHEEPURAM,330307,KATTANKOLATHUR,29,"Private Unaided (Recognized)",6,"SS (I-X)",6,M.Phil,6,None,0,0,0,0,0,2,0,1,0,0,0,0,0,0,0,0,0,0,3,0,3
2019-20,33,Tamilnadu,3303,KANCHEEPURAM,330308,THIRUKALUKUNDRAM,29,"Private Unaided (Recognized)",6,"SS (I-X)",6,M.Phil,6,None,0,0,0,0,0,1,0,0,0,0,0,0,0,0,0,0,0,0,1,0,1
2019-20,33,Tamilnadu,3303,KANCHEEPURAM,330309,"ST.THOMAS MOUNT(URBAN)",29,"Private Unaided (Recognized)",6,"SS (I-X)",6,M.Phil,6,None,0,1,0,0,0,0,1,1,0,0,0,0,0,1,0,0,0,0,4,1,3
2019-20,33,Tamilnadu,3303,KANCHEEPURAM,330314,"ST.THOMAS MOUNT(RURAL)",29,"Private Unaided (Recognized)",6,"SS (I-X)",6,M.Phil,6,None,0,0,0,0,0,0,0,0,0,0,2,0,0,1,0,0,0,0,3,2,1
2019-20,33,Tamilnadu,3303,KANCHEEPURAM,330308,THIRUKALUKUNDRAM,29,"Private Unaided (Recognized)",7,"SS (VI-X)",6,M.Phil,6,None,0,0,0,0,0,0,0,0,1,0,0,0,0,0,0,0,0,0,1,1,0
2019-20,33,Tamilnadu,3303,KANCHEEPURAM,330307,KATTANKOLATHUR,29,"Private Unaided (Recognized)",2,"UPS (I-VIII)",7,Ph.D,1,"Diploma or certificate in basic teachers training of a duration not less than two years",0,0,0,0,0,0,0,0,0,1,0,0,0,0,0,0,0,0,1,0,1
2019-20,33,Tamilnadu,3303,KANCHEEPURAM,330305,KUNDRATHUR,29,"Private Unaided (Recognized)",3,"HSS (I-XII)",7,Ph.D,1,"Diploma or certificate in basic teachers training of a duration not less than two years",0,0,0,0,0,1,0,0,0,0,0,0,0,0,0,0,0,0,1,0,1
2019-20,33,Tamilnadu,3303,KANCHEEPURAM,330306,THIRUPORUR,29,"Private Unaided (Recognized)",2,"UPS (I-VIII)",7,Ph.D,3,"B.Ed. or equivalent",0,0,0,0,0,0,0,0,0,1,0,0,0,0,0,0,0,0,1,0,1
2019-20,33,Tamilnadu,3303,KANCHEEPURAM,330304,SRIPERUMBUDUR,29,"Private Unaided (Recognized)",3,"HSS (I-XII)",7,Ph.D,3,"B.Ed. or equivalent",0,0,0,0,0,0,0,0,0,0,0,0,1,0,0,0,0,2,3,1,2
2019-20,33,Tamilnadu,3303,KANCHEEPURAM,330305,KUNDRATHUR,29,"Private Unaided (Recognized)",3,"HSS (I-XII)",7,Ph.D,3,"B.Ed. or equivalent",0,0,0,0,0,1,1,1,0,1,0,0,0,0,0,1,0,0,5,1,4
2019-20,33,Tamilnadu,3303,KANCHEEPURAM,330306,THIRUPORUR,29,"Private Unaided (Recognized)",3,"HSS (I-XII)",7,Ph.D,3,"B.Ed. or equivalent",0,0,0,0,0,0,0,0,0,0,0,0,0,0,0,1,0,0,1,0,1
2019-20,33,Tamilnadu,3303,KANCHEEPURAM,330307,KATTANKOLATHUR,29,"Private Unaided (Recognized)",3,"HSS (I-XII)",7,Ph.D,3,"B.Ed. or equivalent",0,0,0,0,0,0,1,0,0,0,0,0,1,0,0,2,0,0,4,2,2
2019-20,33,Tamilnadu,3303,KANCHEEPURAM,330309,"ST.THOMAS MOUNT(URBAN)",29,"Private Unaided (Recognized)",3,"HSS (I-XII)",7,Ph.D,3,"B.Ed. or equivalent",0,0,0,0,0,2,0,0,0,0,1,0,0,1,0,0,1,1,6,2,4
2019-20,33,Tamilnadu,3303,KANCHEEPURAM,330311,MADURANTAGAM,29,"Private Unaided (Recognized)",3,"HSS (I-XII)",7,Ph.D,3,"B.Ed. or equivalent",0,0,0,0,0,0,0,0,0,0,0,0,0,0,0,1,0,0,1,0,1
2019-20,33,Tamilnadu,3303,KANCHEEPURAM,330313,CHITHAMUR,29,"Private Unaided (Recognized)",3,"HSS (I-XII)",7,Ph.D,3,"B.Ed. or equivalent",0,0,0,0,0,1,0,0,0,0,0,0,0,0,0,0,0,0,1,0,1
2019-20,33,Tamilnadu,3303,KANCHEEPURAM,330314,"ST.THOMAS MOUNT(RURAL)",29,"Private Unaided (Recognized)",3,"HSS (I-XII)",7,Ph.D,3,"B.Ed. or equivalent",0,0,0,0,0,0,0,2,0,0,0,1,0,0,0,3,0,1,7,0,7
2019-20,33,Tamilnadu,3303,KANCHEEPURAM,330309,"ST.THOMAS MOUNT(URBAN)",29,"Private Unaided (Recognized)",6,"SS (I-X)",7,Ph.D,3,"B.Ed. or equivalent",0,0,0,0,0,0,0,0,0,0,0,0,0,1,0,0,0,0,1,0,1
2019-20,33,Tamilnadu,3303,KANCHEEPURAM,330304,SRIPERUMBUDUR,29,"Private Unaided (Recognized)",3,"HSS (I-XII)",7,Ph.D,4,"M.Ed. or equivalent",0,0,0,0,0,0,0,0,0,0,0,0,0,0,0,0,0,1,1,0,1
2019-20,33,Tamilnadu,3303,KANCHEEPURAM,330305,KUNDRATHUR,29,"Private Unaided (Recognized)",3,"HSS (I-XII)",7,Ph.D,4,"M.Ed. or equivalent",0,0,0,0,0,0,0,0,0,0,0,0,0,0,0,0,0,1,1,0,1
2019-20,33,Tamilnadu,3303,KANCHEEPURAM,330306,THIRUPORUR,29,"Private Unaided (Recognized)",3,"HSS (I-XII)",7,Ph.D,4,"M.Ed. or equivalent",0,0,0,0,0,0,0,0,0,0,0,0,0,0,0,0,1,0,1,1,0
2019-20,33,Tamilnadu,3303,KANCHEEPURAM,330307,KATTANKOLATHUR,29,"Private Unaided (Recognized)",3,"HSS (I-XII)",7,Ph.D,4,"M.Ed. or equivalent",0,0,0,0,1,0,0,1,0,0,1,0,0,0,0,0,0,0,3,2,1
2019-20,33,Tamilnadu,3303,KANCHEEPURAM,330307,KATTANKOLATHUR,29,"Private Unaided (Recognized)",6,"SS (I-X)",7,Ph.D,4,"M.Ed. or equivalent",0,0,0,0,0,0,0,0,0,0,0,0,1,0,0,0,0,0,1,1,0
2019-20,33,Tamilnadu,3303,KANCHEEPURAM,330314,"ST.THOMAS MOUNT(RURAL)",29,"Private Unaided (Recognized)",6,"SS (I-X)",7,Ph.D,4,"M.Ed. or equivalent",0,0,0,0,0,0,0,0,0,0,0,0,0,1,0,0,0,0,1,0,1
2019-20,33,Tamilnadu,3303,KANCHEEPURAM,330305,KUNDRATHUR,29,"Private Unaided (Recognized)",2,"UPS (I-VIII)",7,Ph.D,5,Others,0,0,0,0,0,0,0,1,0,1,0,0,0,0,0,0,0,0,2,0,2
2019-20,33,Tamilnadu,3303,KANCHEEPURAM,330305,KUNDRATHUR,29,"Private Unaided (Recognized)",3,"HSS (I-XII)",7,Ph.D,5,Others,0,0,0,0,0,0,0,1,0,0,0,0,0,0,0,0,0,0,1,0,1
2019-20,33,Tamilnadu,3303,KANCHEEPURAM,330306,THIRUPORUR,29,"Private Unaided (Recognized)",3,"HSS (I-XII)",7,Ph.D,5,Others,0,0,0,0,0,0,0,0,0,0,0,1,0,0,0,0,0,0,1,0,1
2019-20,33,Tamilnadu,3303,KANCHEEPURAM,330309,"ST.THOMAS MOUNT(URBAN)",29,"Private Unaided (Recognized)",3,"HSS (I-XII)",7,Ph.D,5,Others,0,0,0,0,0,0,1,2,0,0,0,0,0,0,0,0,0,0,3,1,2
2019-20,33,Tamilnadu,3303,KANCHEEPURAM,330314,"ST.THOMAS MOUNT(RURAL)",29,"Private Unaided (Recognized)",3,"HSS (I-XII)",7,Ph.D,5,Others,0,0,0,0,0,1,0,2,0,0,0,1,0,1,0,0,0,0,5,0,5
2019-20,33,Tamilnadu,3303,KANCHEEPURAM,330305,KUNDRATHUR,29,"Private Unaided (Recognized)",6,"SS (I-X)",7,Ph.D,5,Others,0,0,0,0,0,0,0,0,0,0,0,0,0,1,0,0,0,0,1,0,1
2019-20,33,Tamilnadu,3303,KANCHEEPURAM,330314,"ST.THOMAS MOUNT(RURAL)",29,"Private Unaided (Recognized)",6,"SS (I-X)",7,Ph.D,5,Others,0,0,0,0,0,0,0,0,0,0,0,0,0,2,0,0,0,0,2,0,2
2019-20,33,Tamilnadu,3303,KANCHEEPURAM,330308,THIRUKALUKUNDRAM,29,"Private Unaided (Recognized)",7,"SS (VI-X)",7,Ph.D,5,Others,0,0,0,0,0,0,0,0,0,0,0,1,0,0,0,0,0,0,1,0,1
2019-20,33,Tamilnadu,3303,KANCHEEPURAM,330314,"ST.THOMAS MOUNT(RURAL)",29,"Private Unaided (Recognized)",2,"UPS (I-VIII)",7,Ph.D,6,None,0,0,0,0,0,0,0,0,0,3,0,0,0,0,0,0,0,0,3,0,3
2019-20,33,Tamilnadu,3303,KANCHEEPURAM,330305,KUNDRATHUR,29,"Private Unaided (Recognized)",3,"HSS (I-XII)",7,Ph.D,6,None,0,0,0,0,0,0,1,0,1,0,0,0,0,0,1,0,0,0,3,3,0
2019-20,33,Tamilnadu,3303,KANCHEEPURAM,330306,THIRUPORUR,29,"Private Unaided (Recognized)",3,"HSS (I-XII)",7,Ph.D,6,None,0,0,0,0,0,0,0,0,0,0,0,0,0,0,0,1,0,1,2,0,2
2019-20,33,Tamilnadu,3303,KANCHEEPURAM,330309,"ST.THOMAS MOUNT(URBAN)",29,"Private Unaided (Recognized)",3,"HSS (I-XII)",7,Ph.D,6,None,0,0,0,0,0,0,0,0,0,0,0,0,0,0,0,1,0,0,1,0,1
2019-20,33,Tamilnadu,3303,KANCHEEPURAM,330314,"ST.THOMAS MOUNT(RURAL)",29,"Private Unaided (Recognized)",3,"HSS (I-XII)",7,Ph.D,6,None,0,0,0,0,0,1,1,0,0,0,0,0,0,0,1,1,0,0,4,2,2
2019-20,33,Tamilnadu,3303,KANCHEEPURAM,330305,KUNDRATHUR,29,"Private Unaided (Recognized)",6,"SS (I-X)",7,Ph.D,6,None,0,0,0,0,0,0,0,0,0,1,0,0,0,0,0,0,0,0,1,0,1
2019-20,33,Tamilnadu,3303,KANCHEEPURAM,330308,THIRUKALUKUNDRAM,29,"Private Unaided (Recognized)",2,"UPS (I-VIII)",8,"Post Doctoral",3,"B.Ed. or equivalent",0,0,0,0,0,0,0,1,0,0,0,0,0,0,0,0,0,0,1,0,1
2019-20,33,Tamilnadu,3303,KANCHEEPURAM,330314,"ST.THOMAS MOUNT(RURAL)",29,"Private Unaided (Recognized)",3,"HSS (I-XII)",8,"Post Doctoral",3,"B.Ed. or equivalent",0,1,0,0,0,0,0,1,0,0,0,0,0,0,0,0,0,0,2,0,2
2019-20,33,Tamilnadu,3303,KANCHEEPURAM,330314,"ST.THOMAS MOUNT(RURAL)",29,"Private Unaided (Recognized)",6,"SS (I-X)",8,"Post Doctoral",3,"B.Ed. or equivalent",0,0,0,0,0,0,0,0,0,0,0,0,1,1,0,0,0,0,2,1,1
2019-20,33,Tamilnadu,3303,KANCHEEPURAM,330305,KUNDRATHUR,29,"Private Unaided (Recognized)",3,"HSS (I-XII)",8,"Post Doctoral",5,Others,0,0,0,0,0,0,1,0,0,0,0,0,0,0,0,0,0,0,1,1,0
2019-20,33,Tamilnadu,3303,KANCHEEPURAM,330314,"ST.THOMAS MOUNT(RURAL)",6,"Social welfare Department",2,"UPS (I-VIII)",1,"Below Secondary",3,"B.Ed. or equivalent",0,0,0,0,0,0,0,1,0,0,0,0,0,0,0,0,0,0,1,0,1
2019-20,33,Tamilnadu,3303,KANCHEEPURAM,330314,"ST.THOMAS MOUNT(RURAL)",6,"Social welfare Department",2,"UPS (I-VIII)",1,"Below Secondary",6,None,0,0,0,0,0,1,0,0,0,0,0,0,0,0,0,0,0,0,1,0,1
2019-20,33,Tamilnadu,3303,KANCHEEPURAM,330301,KANCHEEPURAM,6,"Social welfare Department",6,"SS (I-X)",3,"Higher secondary",1,"Diploma or certificate in basic teachers training of a duration not less than two years",0,0,0,0,0,1,0,0,0,0,0,0,0,0,0,0,0,0,1,0,1
2019-20,33,Tamilnadu,3303,KANCHEEPURAM,330301,KANCHEEPURAM,6,"Social welfare Department",6,"SS (I-X)",3,"Higher secondary",3,"B.Ed. or equivalent",0,0,0,0,0,0,0,0,0,1,0,0,0,0,0,0,0,0,1,0,1
2019-20,33,Tamilnadu,3303,KANCHEEPURAM,330314,"ST.THOMAS MOUNT(RURAL)",6,"Social welfare Department",2,"UPS (I-VIII)",4,Graduate,3,"B.Ed. or equivalent",0,0,0,0,0,0,0,1,0,0,0,0,0,0,0,0,0,0,1,0,1
2019-20,33,Tamilnadu,3303,KANCHEEPURAM,330301,KANCHEEPURAM,6,"Social welfare Department",6,"SS (I-X)",4,Graduate,5,Others,0,0,0,0,0,1,0,0,0,0,0,0,0,0,0,0,0,0,1,0,1
2019-20,33,Tamilnadu,3303,KANCHEEPURAM,330314,"ST.THOMAS MOUNT(RURAL)",6,"Social welfare Department",2,"UPS (I-VIII)",5,"Post graduate",3,"B.Ed. or equivalent",0,0,0,0,0,0,0,0,1,0,0,0,0,0,0,0,0,0,1,1,0
2019-20,33,Tamilnadu,3303,KANCHEEPURAM,330301,KANCHEEPURAM,6,"Social welfare Department",6,"SS (I-X)",5,"Post graduate",3,"B.Ed. or equivalent",0,0,0,0,0,1,0,0,0,2,0,0,1,2,0,0,0,0,6,1,5
2019-20,33,Tamilnadu,3303,KANCHEEPURAM,330301,KANCHEEPURAM,6,"Social welfare Department",6,"SS (I-X)",6,M.Phil,3,"B.Ed. or equivalent",0,0,0,0,0,0,0,0,0,0,0,0,0,2,0,0,0,0,2,0,2
2019-20,33,Tamilnadu,3303,KANCHEEPURAM,330307,KATTANKOLATHUR,21,"Social welfare Department",1,"PS (I-V)",3,"Higher secondary",1,"Diploma or certificate in basic teachers training of a duration not less than two years",0,0,0,0,0,1,0,0,0,0,0,0,0,0,0,0,0,0,1,0,1
2019-20,33,Tamilnadu,3303,KANCHEEPURAM,330307,KATTANKOLATHUR,21,"Social welfare Department",1,"PS (I-V)",4,Graduate,3,"B.Ed. or equivalent",0,0,0,0,0,1,0,0,0,0,0,0,0,0,0,0,0,0,1,0,1
2019-20,33,Tamilnadu,3303,KANCHEEPURAM,330305,KUNDRATHUR,4,"Tribal Welfare Department",1,"PS (I-V)",1,"Below Secondary",1,"Diploma or certificate in basic teachers training of a duration not less than two years",0,0,0,0,0,6,0,0,0,0,0,0,0,0,0,0,0,0,6,0,6
2019-20,33,Tamilnadu,3303,KANCHEEPURAM,330307,KATTANKOLATHUR,4,"Tribal Welfare Department",1,"PS (I-V)",1,"Below Secondary",1,"Diploma or certificate in basic teachers training of a duration not less than two years",0,0,0,0,0,1,0,0,0,0,0,0,0,0,0,0,0,0,1,0,1
2019-20,33,Tamilnadu,3303,KANCHEEPURAM,330311,MADURANTAGAM,4,"Tribal Welfare Department",1,"PS (I-V)",1,"Below Secondary",1,"Diploma or certificate in basic teachers training of a duration not less than two years",0,0,0,0,1,0,0,0,0,0,0,0,0,0,0,0,0,0,1,1,0
2019-20,33,Tamilnadu,3303,KANCHEEPURAM,330314,"ST.THOMAS MOUNT(RURAL)",4,"Tribal Welfare Department",1,"PS (I-V)",1,"Below Secondary",1,"Diploma or certificate in basic teachers training of a duration not less than two years",0,0,0,0,0,1,0,0,0,0,0,0,0,0,0,0,0,0,1,0,1
2019-20,33,Tamilnadu,3303,KANCHEEPURAM,330301,KANCHEEPURAM,4,"Tribal Welfare Department",1,"PS (I-V)",1,"Below Secondary",3,"B.Ed. or equivalent",0,0,0,0,0,1,0,0,0,0,0,0,0,0,0,0,0,0,1,0,1
2019-20,33,Tamilnadu,3303,KANCHEEPURAM,330307,KATTANKOLATHUR,4,"Tribal Welfare Department",5,"HSS (VI-XII)",1,"Below Secondary",3,"B.Ed. or equivalent",0,0,0,0,0,0,0,0,0,0,0,0,1,0,0,0,0,0,1,1,0
2019-20,33,Tamilnadu,3303,KANCHEEPURAM,330305,KUNDRATHUR,4,"Tribal Welfare Department",5,"HSS (VI-XII)",1,"Below Secondary",5,Others,0,0,0,0,0,0,0,0,1,0,0,0,0,0,0,0,0,0,1,1,0
2019-20,33,Tamilnadu,3303,KANCHEEPURAM,330305,KUNDRATHUR,4,"Tribal Welfare Department",7,"SS (VI-X)",1,"Below Secondary",5,Others,0,0,0,0,0,0,0,0,1,0,0,0,0,0,0,0,0,0,1,1,0
2019-20,33,Tamilnadu,3303,KANCHEEPURAM,330307,KATTANKOLATHUR,4,"Tribal Welfare Department",5,"HSS (VI-XII)",1,"Below Secondary",6,None,0,0,0,0,0,0,0,0,0,1,0,0,0,0,0,0,0,0,1,0,1
2019-20,33,Tamilnadu,3303,KANCHEEPURAM,330301,KANCHEEPURAM,4,"Tribal Welfare Department",1,"PS (I-V)",3,"Higher secondary",1,"Diploma or certificate in basic teachers training of a duration not less than two years",0,0,0,0,1,4,0,0,0,0,0,0,0,0,0,0,0,0,5,1,4
2019-20,33,Tamilnadu,3303,KANCHEEPURAM,330302,WALAJABAD,4,"Tribal Welfare Department",1,"PS (I-V)",3,"Higher secondary",1,"Diploma or certificate in basic teachers training of a duration not less than two years",0,0,0,0,1,1,0,0,0,0,0,0,0,0,0,0,0,0,2,1,1
2019-20,33,Tamilnadu,3303,KANCHEEPURAM,330303,UTHIRAMERUR,4,"Tribal Welfare Department",1,"PS (I-V)",3,"Higher secondary",1,"Diploma or certificate in basic teachers training of a duration not less than two years",0,0,0,0,1,0,0,0,0,0,0,0,0,0,0,0,0,0,1,1,0
2019-20,33,Tamilnadu,3303,KANCHEEPURAM,330304,SRIPERUMBUDUR,4,"Tribal Welfare Department",1,"PS (I-V)",3,"Higher secondary",1,"Diploma or certificate in basic teachers training of a duration not less than two years",0,0,0,0,0,3,0,0,0,0,0,0,0,0,0,0,0,0,3,0,3
2019-20,33,Tamilnadu,3303,KANCHEEPURAM,330305,KUNDRATHUR,4,"Tribal Welfare Department",1,"PS (I-V)",3,"Higher secondary",1,"Diploma or certificate in basic teachers training of a duration not less than two years",0,0,0,0,0,3,0,0,0,0,0,0,0,0,0,0,0,0,3,0,3
2019-20,33,Tamilnadu,3303,KANCHEEPURAM,330307,KATTANKOLATHUR,4,"Tribal Welfare Department",1,"PS (I-V)",3,"Higher secondary",1,"Diploma or certificate in basic teachers training of a duration not less than two years",0,0,0,0,1,11,0,0,0,0,0,0,0,0,0,0,0,0,12,1,11
2019-20,33,Tamilnadu,3303,KANCHEEPURAM,330308,THIRUKALUKUNDRAM,4,"Tribal Welfare Department",1,"PS (I-V)",3,"Higher secondary",1,"Diploma or certificate in basic teachers training of a duration not less than two years",0,0,0,0,0,3,0,0,0,0,0,0,0,0,0,0,0,0,3,0,3
2019-20,33,Tamilnadu,3303,KANCHEEPURAM,330309,"ST.THOMAS MOUNT(URBAN)",4,"Tribal Welfare Department",1,"PS (I-V)",3,"Higher secondary",1,"Diploma or certificate in basic teachers training of a duration not less than two years",0,0,0,0,0,7,0,0,0,0,0,0,0,0,0,0,0,0,7,0,7
2019-20,33,Tamilnadu,3303,KANCHEEPURAM,330310,ACHARAPAKKAM,4,"Tribal Welfare Department",1,"PS (I-V)",3,"Higher secondary",1,"Diploma or certificate in basic teachers training of a duration not less than two years",0,0,0,0,0,2,0,0,0,0,0,0,0,0,0,0,0,0,2,0,2
2019-20,33,Tamilnadu,3303,KANCHEEPURAM,330311,MADURANTAGAM,4,"Tribal Welfare Department",1,"PS (I-V)",3,"Higher secondary",1,"Diploma or certificate in basic teachers training of a duration not less than two years",0,0,0,0,0,3,0,0,0,0,0,0,0,0,0,0,0,0,3,0,3
2019-20,33,Tamilnadu,3303,KANCHEEPURAM,330313,CHITHAMUR,4,"Tribal Welfare Department",1,"PS (I-V)",3,"Higher secondary",1,"Diploma or certificate in basic teachers training of a duration not less than two years",0,0,0,0,1,2,0,0,0,0,0,0,0,0,0,0,0,0,3,1,2
2019-20,33,Tamilnadu,3303,KANCHEEPURAM,330314,"ST.THOMAS MOUNT(RURAL)",4,"Tribal Welfare Department",1,"PS (I-V)",3,"Higher secondary",1,"Diploma or certificate in basic teachers training of a duration not less than two years",0,0,0,0,0,4,0,0,0,0,0,0,0,0,0,0,0,0,4,0,4
2019-20,33,Tamilnadu,3303,KANCHEEPURAM,330308,THIRUKALUKUNDRAM,4,"Tribal Welfare Department",2,"UPS (I-VIII)",3,"Higher secondary",1,"Diploma or certificate in basic teachers training of a duration not less than two years",0,0,0,0,0,2,0,0,0,0,0,0,0,0,0,0,0,0,2,0,2
2019-20,33,Tamilnadu,3303,KANCHEEPURAM,330309,"ST.THOMAS MOUNT(URBAN)",4,"Tribal Welfare Department",2,"UPS (I-VIII)",3,"Higher secondary",1,"Diploma or certificate in basic teachers training of a duration not less than two years",0,0,0,0,0,1,0,0,0,0,0,0,0,0,0,0,0,0,1,0,1
2019-20,33,Tamilnadu,3303,KANCHEEPURAM,330305,KUNDRATHUR,4,"Tribal Welfare Department",1,"PS (I-V)",3,"Higher secondary",3,"B.Ed. or equivalent",0,0,0,0,0,1,0,0,0,0,0,0,0,0,0,0,0,0,1,0,1
2019-20,33,Tamilnadu,3303,KANCHEEPURAM,330309,"ST.THOMAS MOUNT(URBAN)",4,"Tribal Welfare Department",2,"UPS (I-VIII)",3,"Higher secondary",3,"B.Ed. or equivalent",0,0,0,0,0,1,0,0,0,0,0,0,0,0,0,0,0,0,1,0,1
2019-20,33,Tamilnadu,3303,KANCHEEPURAM,330305,KUNDRATHUR,4,"Tribal Welfare Department",5,"HSS (VI-XII)",3,"Higher secondary",3,"B.Ed. or equivalent",0,0,0,0,0,0,0,0,1,0,0,0,0,0,0,0,0,0,1,1,0
2019-20,33,Tamilnadu,3303,KANCHEEPURAM,330309,"ST.THOMAS MOUNT(URBAN)",4,"Tribal Welfare Department",1,"PS (I-V)",3,"Higher secondary",4,"M.Ed. or equivalent",0,0,0,0,0,1,0,0,0,0,0,0,0,0,0,0,0,0,1,0,1
2019-20,33,Tamilnadu,3303,KANCHEEPURAM,330305,KUNDRATHUR,4,"Tribal Welfare Department",1,"PS (I-V)",3,"Higher secondary",5,Others,0,0,0,0,0,1,0,0,0,0,0,0,0,0,0,0,0,0,1,0,1
2019-20,33,Tamilnadu,3303,KANCHEEPURAM,330302,WALAJABAD,4,"Tribal Welfare Department",5,"HSS (VI-XII)",3,"Higher secondary",5,Others,0,0,0,0,0,0,0,0,0,1,0,0,0,0,0,0,0,0,1,0,1
2019-20,33,Tamilnadu,3303,KANCHEEPURAM,330306,THIRUPORUR,4,"Tribal Welfare Department",5,"HSS (VI-XII)",3,"Higher secondary",5,Others,0,0,0,0,0,0,0,0,0,1,0,0,0,0,0,0,0,0,1,0,1
2019-20,33,Tamilnadu,3303,KANCHEEPURAM,330314,"ST.THOMAS MOUNT(RURAL)",4,"Tribal Welfare Department",7,"SS (VI-X)",3,"Higher secondary",5,Others,0,0,0,0,0,0,0,0,0,1,0,0,0,0,0,0,0,0,1,0,1
2019-20,33,Tamilnadu,3303,KANCHEEPURAM,330301,KANCHEEPURAM,4,"Tribal Welfare Department",1,"PS (I-V)",4,Graduate,1,"Diploma or certificate in basic teachers training of a duration not less than two years",0,0,0,0,1,3,0,0,0,0,0,0,0,0,0,0,0,0,4,1,3
2019-20,33,Tamilnadu,3303,KANCHEEPURAM,330303,UTHIRAMERUR,4,"Tribal Welfare Department",1,"PS (I-V)",4,Graduate,1,"Diploma or certificate in basic teachers training of a duration not less than two years",0,0,0,0,1,4,0,0,0,0,0,0,0,0,0,0,0,0,5,1,4
2019-20,33,Tamilnadu,3303,KANCHEEPURAM,330304,SRIPERUMBUDUR,4,"Tribal Welfare Department",1,"PS (I-V)",4,Graduate,1,"Diploma or certificate in basic teachers training of a duration not less than two years",0,0,0,0,0,1,0,0,0,0,0,0,0,0,0,0,0,0,1,0,1
2019-20,33,Tamilnadu,3303,KANCHEEPURAM,330305,KUNDRATHUR,4,"Tribal Welfare Department",1,"PS (I-V)",4,Graduate,1,"Diploma or certificate in basic teachers training of a duration not less than two years",0,0,0,0,0,2,0,0,0,0,0,0,0,0,0,0,0,0,2,0,2
2019-20,33,Tamilnadu,3303,KANCHEEPURAM,330306,THIRUPORUR,4,"Tribal Welfare Department",1,"PS (I-V)",4,Graduate,1,"Diploma or certificate in basic teachers training of a duration not less than two years",0,0,0,0,1,2,0,0,0,0,0,0,0,0,0,0,0,0,3,1,2
2019-20,33,Tamilnadu,3303,KANCHEEPURAM,330308,THIRUKALUKUNDRAM,4,"Tribal Welfare Department",1,"PS (I-V)",4,Graduate,1,"Diploma or certificate in basic teachers training of a duration not less than two years",0,0,0,0,0,4,0,0,0,0,0,0,0,0,0,0,0,0,4,0,4
2019-20,33,Tamilnadu,3303,KANCHEEPURAM,330309,"ST.THOMAS MOUNT(URBAN)",4,"Tribal Welfare Department",1,"PS (I-V)",4,Graduate,1,"Diploma or certificate in basic teachers training of a duration not less than two years",0,0,0,0,0,1,0,0,0,0,0,0,0,0,0,0,0,0,1,0,1
2019-20,33,Tamilnadu,3303,KANCHEEPURAM,330310,ACHARAPAKKAM,4,"Tribal Welfare Department",1,"PS (I-V)",4,Graduate,1,"Diploma or certificate in basic teachers training of a duration not less than two years",0,0,0,0,0,1,0,0,0,0,0,0,0,0,0,0,0,0,1,0,1
2019-20,33,Tamilnadu,3303,KANCHEEPURAM,330311,MADURANTAGAM,4,"Tribal Welfare Department",1,"PS (I-V)",4,Graduate,1,"Diploma or certificate in basic teachers training of a duration not less than two years",0,0,0,0,1,5,0,0,0,0,0,0,0,0,0,0,0,0,6,1,5
2019-20,33,Tamilnadu,3303,KANCHEEPURAM,330312,LATHUR,4,"Tribal Welfare Department",1,"PS (I-V)",4,Graduate,1,"Diploma or certificate in basic teachers training of a duration not less than two years",0,0,0,0,0,2,0,0,0,0,0,0,0,0,0,0,0,0,2,0,2
2019-20,33,Tamilnadu,3303,KANCHEEPURAM,330313,CHITHAMUR,4,"Tribal Welfare Department",1,"PS (I-V)",4,Graduate,1,"Diploma or certificate in basic teachers training of a duration not less than two years",0,0,0,0,0,3,0,0,0,0,0,0,0,0,0,0,0,0,3,0,3
2019-20,33,Tamilnadu,3303,KANCHEEPURAM,330314,"ST.THOMAS MOUNT(RURAL)",4,"Tribal Welfare Department",1,"PS (I-V)",4,Graduate,1,"Diploma or certificate in basic teachers training of a duration not less than two years",0,0,0,0,0,7,0,0,0,0,0,0,0,0,0,0,0,0,7,0,7
2019-20,33,Tamilnadu,3303,KANCHEEPURAM,330310,ACHARAPAKKAM,4,"Tribal Welfare Department",1,"PS (I-V)",4,Graduate,3,"B.Ed. or equivalent",0,0,0,0,0,1,0,0,0,0,0,0,0,0,0,0,0,0,1,0,1
2019-20,33,Tamilnadu,3303,KANCHEEPURAM,330312,LATHUR,4,"Tribal Welfare Department",1,"PS (I-V)",4,Graduate,3,"B.Ed. or equivalent",0,0,0,0,0,2,0,0,0,0,0,0,0,0,0,0,0,0,2,0,2
2019-20,33,Tamilnadu,3303,KANCHEEPURAM,330314,"ST.THOMAS MOUNT(RURAL)",4,"Tribal Welfare Department",1,"PS (I-V)",4,Graduate,3,"B.Ed. or equivalent",0,0,0,0,0,1,0,0,0,0,0,0,0,0,0,0,0,0,1,0,1
2019-20,33,Tamilnadu,3303,KANCHEEPURAM,330302,WALAJABAD,4,"Tribal Welfare Department",2,"UPS (I-VIII)",4,Graduate,1,"Diploma or certificate in basic teachers training of a duration not less than two years",0,0,0,0,1,0,0,0,0,0,0,0,0,0,0,0,0,0,1,1,0
2019-20,33,Tamilnadu,3303,KANCHEEPURAM,330306,THIRUPORUR,4,"Tribal Welfare Department",2,"UPS (I-VIII)",4,Graduate,1,"Diploma or certificate in basic teachers training of a duration not less than two years",0,0,0,0,0,1,0,0,0,0,0,0,0,0,0,0,0,0,1,0,1
2019-20,33,Tamilnadu,3303,KANCHEEPURAM,330307,KATTANKOLATHUR,4,"Tribal Welfare Department",2,"UPS (I-VIII)",4,Graduate,1,"Diploma or certificate in basic teachers training of a duration not less than two years",0,0,0,0,0,2,0,0,0,0,0,0,0,0,0,0,0,0,2,0,2
2019-20,33,Tamilnadu,3303,KANCHEEPURAM,330311,MADURANTAGAM,4,"Tribal Welfare Department",2,"UPS (I-VIII)",4,Graduate,1,"Diploma or certificate in basic teachers training of a duration not less than two years",0,0,0,0,0,2,0,0,0,0,0,0,0,0,0,0,0,0,2,0,2
2019-20,33,Tamilnadu,3303,KANCHEEPURAM,330313,CHITHAMUR,4,"Tribal Welfare Department",2,"UPS (I-VIII)",4,Graduate,1,"Diploma or certificate in basic teachers training of a duration not less than two years",0,0,0,0,0,1,0,0,0,0,0,0,0,0,0,0,0,0,1,0,1
2019-20,33,Tamilnadu,3303,KANCHEEPURAM,330302,WALAJABAD,4,"Tribal Welfare Department",5,"HSS (VI-XII)",4,Graduate,1,"Diploma or certificate in basic teachers training of a duration not less than two years",0,0,0,0,0,0,0,0,0,1,0,0,0,0,0,0,0,0,1,0,1
2019-20,33,Tamilnadu,3303,KANCHEEPURAM,330301,KANCHEEPURAM,4,"Tribal Welfare Department",1,"PS (I-V)",4,Graduate,3,"B.Ed. or equivalent",0,0,0,0,0,5,0,0,0,0,0,0,0,0,0,0,0,0,5,0,5
2019-20,33,Tamilnadu,3303,KANCHEEPURAM,330303,UTHIRAMERUR,4,"Tribal Welfare Department",1,"PS (I-V)",4,Graduate,3,"B.Ed. or equivalent",0,0,0,0,3,0,0,0,0,0,0,0,0,0,0,0,0,0,3,3,0
2019-20,33,Tamilnadu,3303,KANCHEEPURAM,330305,KUNDRATHUR,4,"Tribal Welfare Department",1,"PS (I-V)",4,Graduate,3,"B.Ed. or equivalent",0,0,0,0,0,2,0,0,0,0,0,0,0,0,0,0,0,0,2,0,2
2019-20,33,Tamilnadu,3303,KANCHEEPURAM,330306,THIRUPORUR,4,"Tribal Welfare Department",1,"PS (I-V)",4,Graduate,3,"B.Ed. or equivalent",0,0,0,0,0,1,0,0,0,0,0,0,0,0,0,0,0,0,1,0,1
2019-20,33,Tamilnadu,3303,KANCHEEPURAM,330307,KATTANKOLATHUR,4,"Tribal Welfare Department",1,"PS (I-V)",4,Graduate,3,"B.Ed. or equivalent",0,0,0,0,0,1,0,0,0,0,0,0,0,0,0,0,0,0,1,0,1
2019-20,33,Tamilnadu,3303,KANCHEEPURAM,330308,THIRUKALUKUNDRAM,4,"Tribal Welfare Department",1,"PS (I-V)",4,Graduate,3,"B.Ed. or equivalent",0,0,0,0,1,1,0,0,0,0,0,0,0,0,0,0,0,0,2,1,1
2019-20,33,Tamilnadu,3303,KANCHEEPURAM,330302,WALAJABAD,4,"Tribal Welfare Department",2,"UPS (I-VIII)",4,Graduate,3,"B.Ed. or equivalent",0,0,0,0,0,0,0,0,1,0,0,0,0,0,0,0,0,0,1,1,0
2019-20,33,Tamilnadu,3303,KANCHEEPURAM,330306,THIRUPORUR,4,"Tribal Welfare Department",2,"UPS (I-VIII)",4,Graduate,3,"B.Ed. or equivalent",0,0,0,0,0,2,0,0,0,1,0,0,0,0,0,0,0,0,3,0,3
2019-20,33,Tamilnadu,3303,KANCHEEPURAM,330307,KATTANKOLATHUR,4,"Tribal Welfare Department",2,"UPS (I-VIII)",4,Graduate,3,"B.Ed. or equivalent",0,0,0,0,0,2,0,0,0,1,0,0,0,0,0,0,0,0,3,0,3
2019-20,33,Tamilnadu,3303,KANCHEEPURAM,330308,THIRUKALUKUNDRAM,4,"Tribal Welfare Department",2,"UPS (I-VIII)",4,Graduate,3,"B.Ed. or equivalent",0,0,0,0,0,0,0,0,0,3,0,0,0,0,0,0,0,0,3,0,3
2019-20,33,Tamilnadu,3303,KANCHEEPURAM,330309,"ST.THOMAS MOUNT(URBAN)",4,"Tribal Welfare Department",2,"UPS (I-VIII)",4,Graduate,3,"B.Ed. or equivalent",0,0,0,0,0,0,0,0,0,1,0,0,0,0,0,0,0,0,1,0,1
2019-20,33,Tamilnadu,3303,KANCHEEPURAM,330311,MADURANTAGAM,4,"Tribal Welfare Department",2,"UPS (I-VIII)",4,Graduate,3,"B.Ed. or equivalent",0,0,0,0,0,1,0,0,1,0,0,0,0,0,0,0,0,0,2,1,1
2019-20,33,Tamilnadu,3303,KANCHEEPURAM,330313,CHITHAMUR,4,"Tribal Welfare Department",2,"UPS (I-VIII)",4,Graduate,3,"B.Ed. or equivalent",0,0,0,0,0,2,0,0,0,2,0,0,0,0,0,0,0,0,4,0,4
2019-20,33,Tamilnadu,3303,KANCHEEPURAM,330302,WALAJABAD,4,"Tribal Welfare Department",5,"HSS (VI-XII)",4,Graduate,3,"B.Ed. or equivalent",0,0,0,0,0,0,0,0,0,1,0,0,0,0,0,0,0,0,1,0,1
2019-20,33,Tamilnadu,3303,KANCHEEPURAM,330303,UTHIRAMERUR,4,"Tribal Welfare Department",5,"HSS (VI-XII)",4,Graduate,3,"B.Ed. or equivalent",0,0,0,0,0,0,0,0,0,1,0,0,0,3,0,0,0,0,4,0,4
2019-20,33,Tamilnadu,3303,KANCHEEPURAM,330305,KUNDRATHUR,4,"Tribal Welfare Department",5,"HSS (VI-XII)",4,Graduate,3,"B.Ed. or equivalent",0,0,0,0,0,0,0,0,1,0,0,2,0,1,0,1,0,0,5,1,4
2019-20,33,Tamilnadu,3303,KANCHEEPURAM,330306,THIRUPORUR,4,"Tribal Welfare Department",5,"HSS (VI-XII)",4,Graduate,3,"B.Ed. or equivalent",0,0,0,0,0,0,0,0,0,0,0,4,0,0,0,0,0,0,4,0,4
2019-20,33,Tamilnadu,3303,KANCHEEPURAM,330307,KATTANKOLATHUR,4,"Tribal Welfare Department",5,"HSS (VI-XII)",4,Graduate,3,"B.Ed. or equivalent",0,0,0,0,0,0,0,0,0,3,1,0,1,1,0,0,0,0,6,2,4
2019-20,33,Tamilnadu,3303,KANCHEEPURAM,330308,THIRUKALUKUNDRAM,4,"Tribal Welfare Department",5,"HSS (VI-XII)",4,Graduate,3,"B.Ed. or equivalent",0,0,0,0,0,0,0,0,0,0,0,1,1,0,0,0,0,0,2,1,1
2019-20,33,Tamilnadu,3303,KANCHEEPURAM,330309,"ST.THOMAS MOUNT(URBAN)",4,"Tribal Welfare Department",5,"HSS (VI-XII)",4,Graduate,3,"B.Ed. or equivalent",0,0,0,0,0,0,0,0,0,1,0,0,0,0,0,0,0,0,1,0,1
2019-20,33,Tamilnadu,3303,KANCHEEPURAM,330314,"ST.THOMAS MOUNT(RURAL)",4,"Tribal Welfare Department",5,"HSS (VI-XII)",4,Graduate,3,"B.Ed. or equivalent",0,0,0,0,0,0,0,0,0,1,0,0,0,2,0,0,0,0,3,0,3
2019-20,33,Tamilnadu,3303,KANCHEEPURAM,330301,KANCHEEPURAM,4,"Tribal Welfare Department",7,"SS (VI-X)",4,Graduate,3,"B.Ed. or equivalent",0,0,0,0,0,0,0,0,1,1,3,2,0,0,0,0,0,0,7,4,3
2019-20,33,Tamilnadu,3303,KANCHEEPURAM,330305,KUNDRATHUR,4,"Tribal Welfare Department",7,"SS (VI-X)",4,Graduate,3,"B.Ed. or equivalent",0,0,0,0,0,0,0,0,1,0,0,3,1,1,0,0,0,0,6,2,4
2019-20,33,Tamilnadu,3303,KANCHEEPURAM,330306,THIRUPORUR,4,"Tribal Welfare Department",7,"SS (VI-X)",4,Graduate,3,"B.Ed. or equivalent",0,0,0,0,0,0,0,0,0,0,0,1,0,0,0,0,0,0,1,0,1
2019-20,33,Tamilnadu,3303,KANCHEEPURAM,330308,THIRUKALUKUNDRAM,4,"Tribal Welfare Department",7,"SS (VI-X)",4,Graduate,3,"B.Ed. or equivalent",0,0,0,0,0,0,0,0,0,0,0,2,0,0,0,0,0,0,2,0,2
2019-20,33,Tamilnadu,3303,KANCHEEPURAM,330309,"ST.THOMAS MOUNT(URBAN)",4,"Tribal Welfare Department",7,"SS (VI-X)",4,Graduate,3,"B.Ed. or equivalent",0,0,0,0,0,0,0,0,0,0,1,3,0,0,0,0,0,0,4,1,3
2019-20,33,Tamilnadu,3303,KANCHEEPURAM,330311,MADURANTAGAM,4,"Tribal Welfare Department",7,"SS (VI-X)",4,Graduate,3,"B.Ed. or equivalent",0,0,0,0,0,0,0,0,0,0,2,0,0,0,0,0,0,0,2,2,0
2019-20,33,Tamilnadu,3303,KANCHEEPURAM,330314,"ST.THOMAS MOUNT(RURAL)",4,"Tribal Welfare Department",7,"SS (VI-X)",4,Graduate,3,"B.Ed. or equivalent",0,0,0,0,0,0,0,0,1,2,0,4,1,0,0,0,0,0,8,2,6
2019-20,33,Tamilnadu,3303,KANCHEEPURAM,330307,KATTANKOLATHUR,4,"Tribal Welfare Department",2,"UPS (I-VIII)",4,Graduate,4,"M.Ed. or equivalent",0,0,0,0,0,0,0,0,0,1,0,0,0,0,0,0,0,0,1,0,1
2019-20,33,Tamilnadu,3303,KANCHEEPURAM,330301,KANCHEEPURAM,4,"Tribal Welfare Department",7,"SS (VI-X)",4,Graduate,4,"M.Ed. or equivalent",0,0,0,0,0,0,0,0,0,0,1,0,0,0,0,0,0,0,1,1,0
2019-20,33,Tamilnadu,3303,KANCHEEPURAM,330307,KATTANKOLATHUR,4,"Tribal Welfare Department",5,"HSS (VI-XII)",4,Graduate,5,Others,0,0,0,0,0,0,0,0,0,0,1,0,0,0,0,0,0,0,1,1,0
2019-20,33,Tamilnadu,3303,KANCHEEPURAM,330314,"ST.THOMAS MOUNT(RURAL)",4,"Tribal Welfare Department",7,"SS (VI-X)",4,Graduate,5,Others,0,0,0,0,0,0,0,0,1,1,0,0,0,0,0,0,0,0,2,1,1
2019-20,33,Tamilnadu,3303,KANCHEEPURAM,330307,KATTANKOLATHUR,4,"Tribal Welfare Department",5,"HSS (VI-XII)",4,Graduate,6,None,0,0,0,0,0,0,0,0,0,1,0,0,0,0,0,0,0,0,1,0,1
2019-20,33,Tamilnadu,3303,KANCHEEPURAM,330301,KANCHEEPURAM,4,"Tribal Welfare Department",7,"SS (VI-X)",4,Graduate,6,None,0,0,0,0,0,0,0,0,0,0,1,0,0,0,0,0,0,0,1,1,0
2019-20,33,Tamilnadu,3303,KANCHEEPURAM,330301,KANCHEEPURAM,4,"Tribal Welfare Department",1,"PS (I-V)",5,"Post graduate",1,"Diploma or certificate in basic teachers training of a duration not less than two years",0,0,0,0,0,1,0,0,0,0,0,0,0,0,0,0,0,0,1,0,1
2019-20,33,Tamilnadu,3303,KANCHEEPURAM,330302,WALAJABAD,4,"Tribal Welfare Department",1,"PS (I-V)",5,"Post graduate",1,"Diploma or certificate in basic teachers training of a duration not less than two years",0,0,0,0,1,0,0,0,0,0,0,0,0,0,0,0,0,0,1,1,0
2019-20,33,Tamilnadu,3303,KANCHEEPURAM,330305,KUNDRATHUR,4,"Tribal Welfare Department",1,"PS (I-V)",5,"Post graduate",1,"Diploma or certificate in basic teachers training of a duration not less than two years",0,0,0,0,1,0,0,0,0,0,0,0,0,0,0,0,0,0,1,1,0
2019-20,33,Tamilnadu,3303,KANCHEEPURAM,330306,THIRUPORUR,4,"Tribal Welfare Department",1,"PS (I-V)",5,"Post graduate",1,"Diploma or certificate in basic teachers training of a duration not less than two years",0,0,0,0,0,3,0,0,0,0,0,0,0,0,0,0,0,0,3,0,3
2019-20,33,Tamilnadu,3303,KANCHEEPURAM,330308,THIRUKALUKUNDRAM,4,"Tribal Welfare Department",1,"PS (I-V)",5,"Post graduate",1,"Diploma or certificate in basic teachers training of a duration not less than two years",0,0,0,0,0,1,0,0,0,0,0,0,0,0,0,0,0,0,1,0,1
2019-20,33,Tamilnadu,3303,KANCHEEPURAM,330309,"ST.THOMAS MOUNT(URBAN)",4,"Tribal Welfare Department",1,"PS (I-V)",5,"Post graduate",1,"Diploma or certificate in basic teachers training of a duration not less than two years",0,0,0,0,0,1,0,0,0,0,0,0,0,0,0,0,0,0,1,0,1
2019-20,33,Tamilnadu,3303,KANCHEEPURAM,330311,MADURANTAGAM,4,"Tribal Welfare Department",1,"PS (I-V)",5,"Post graduate",1,"Diploma or certificate in basic teachers training of a duration not less than two years",0,0,0,0,0,1,0,0,0,0,0,0,0,0,0,0,0,0,1,0,1
2019-20,33,Tamilnadu,3303,KANCHEEPURAM,330312,LATHUR,4,"Tribal Welfare Department",1,"PS (I-V)",5,"Post graduate",1,"Diploma or certificate in basic teachers training of a duration not less than two years",0,0,0,0,1,0,0,0,0,0,0,0,0,0,0,0,0,0,1,1,0
2019-20,33,Tamilnadu,3303,KANCHEEPURAM,330313,CHITHAMUR,4,"Tribal Welfare Department",1,"PS (I-V)",5,"Post graduate",1,"Diploma or certificate in basic teachers training of a duration not less than two years",0,0,0,0,2,1,0,0,0,0,0,0,0,0,0,0,0,0,3,2,1
2019-20,33,Tamilnadu,3303,KANCHEEPURAM,330314,"ST.THOMAS MOUNT(RURAL)",4,"Tribal Welfare Department",1,"PS (I-V)",5,"Post graduate",1,"Diploma or certificate in basic teachers training of a duration not less than two years",0,0,0,0,1,0,0,0,0,0,0,0,0,0,0,0,0,0,1,1,0
2019-20,33,Tamilnadu,3303,KANCHEEPURAM,330301,KANCHEEPURAM,4,"Tribal Welfare Department",1,"PS (I-V)",5,"Post graduate",3,"B.Ed. or equivalent",0,0,0,0,2,0,0,0,0,0,0,0,0,0,0,0,0,0,2,2,0
2019-20,33,Tamilnadu,3303,KANCHEEPURAM,330302,WALAJABAD,4,"Tribal Welfare Department",1,"PS (I-V)",5,"Post graduate",3,"B.Ed. or equivalent",0,0,0,0,0,3,0,0,0,0,0,0,0,0,0,0,0,0,3,0,3
2019-20,33,Tamilnadu,3303,KANCHEEPURAM,330304,SRIPERUMBUDUR,4,"Tribal Welfare Department",1,"PS (I-V)",5,"Post graduate",3,"B.Ed. or equivalent",0,0,0,0,0,2,0,0,0,0,0,0,0,0,0,0,0,0,2,0,2
2019-20,33,Tamilnadu,3303,KANCHEEPURAM,330305,KUNDRATHUR,4,"Tribal Welfare Department",1,"PS (I-V)",5,"Post graduate",3,"B.Ed. or equivalent",0,0,0,0,1,5,0,0,0,0,0,0,0,0,0,0,0,0,6,1,5
2019-20,33,Tamilnadu,3303,KANCHEEPURAM,330306,THIRUPORUR,4,"Tribal Welfare Department",1,"PS (I-V)",5,"Post graduate",3,"B.Ed. or equivalent",0,0,0,0,1,1,0,0,0,0,0,0,0,0,0,0,0,0,2,1,1
2019-20,33,Tamilnadu,3303,KANCHEEPURAM,330307,KATTANKOLATHUR,4,"Tribal Welfare Department",1,"PS (I-V)",5,"Post graduate",3,"B.Ed. or equivalent",0,0,0,0,0,4,0,0,0,0,0,0,0,0,0,0,0,0,4,0,4
2019-20,33,Tamilnadu,3303,KANCHEEPURAM,330308,THIRUKALUKUNDRAM,4,"Tribal Welfare Department",1,"PS (I-V)",5,"Post graduate",3,"B.Ed. or equivalent",0,0,0,0,0,1,0,0,0,0,0,0,0,0,0,0,0,0,1,0,1
2019-20,33,Tamilnadu,3303,KANCHEEPURAM,330310,ACHARAPAKKAM,4,"Tribal Welfare Department",1,"PS (I-V)",5,"Post graduate",3,"B.Ed. or equivalent",0,0,0,0,1,1,0,0,0,0,0,0,0,0,0,0,0,0,2,1,1
2019-20,33,Tamilnadu,3303,KANCHEEPURAM,330313,CHITHAMUR,4,"Tribal Welfare Department",1,"PS (I-V)",5,"Post graduate",3,"B.Ed. or equivalent",0,0,0,0,0,2,0,0,0,0,0,0,0,0,0,0,0,0,2,0,2
2019-20,33,Tamilnadu,3303,KANCHEEPURAM,330314,"ST.THOMAS MOUNT(RURAL)",4,"Tribal Welfare Department",1,"PS (I-V)",5,"Post graduate",3,"B.Ed. or equivalent",0,0,0,0,0,3,0,0,0,0,0,0,0,0,0,0,0,0,3,0,3
2019-20,33,Tamilnadu,3303,KANCHEEPURAM,330302,WALAJABAD,4,"Tribal Welfare Department",2,"UPS (I-VIII)",5,"Post graduate",3,"B.Ed. or equivalent",0,0,0,0,0,1,0,0,0,2,0,0,0,0,0,0,0,0,3,0,3
2019-20,33,Tamilnadu,3303,KANCHEEPURAM,330304,SRIPERUMBUDUR,4,"Tribal Welfare Department",2,"UPS (I-VIII)",5,"Post graduate",3,"B.Ed. or equivalent",0,0,0,0,0,0,0,1,0,2,0,0,0,0,0,0,0,0,3,0,3
2019-20,33,Tamilnadu,3303,KANCHEEPURAM,330306,THIRUPORUR,4,"Tribal Welfare Department",2,"UPS (I-VIII)",5,"Post graduate",3,"B.Ed. or equivalent",0,0,0,0,0,2,0,0,1,4,0,0,0,0,0,0,0,0,7,1,6
2019-20,33,Tamilnadu,3303,KANCHEEPURAM,330307,KATTANKOLATHUR,4,"Tribal Welfare Department",2,"UPS (I-VIII)",5,"Post graduate",3,"B.Ed. or equivalent",0,0,0,0,0,0,0,0,1,2,0,0,0,0,0,0,0,0,3,1,2
2019-20,33,Tamilnadu,3303,KANCHEEPURAM,330308,THIRUKALUKUNDRAM,4,"Tribal Welfare Department",2,"UPS (I-VIII)",5,"Post graduate",3,"B.Ed. or equivalent",0,0,0,0,0,0,0,0,1,0,0,0,0,0,0,0,0,0,1,1,0
2019-20,33,Tamilnadu,3303,KANCHEEPURAM,330309,"ST.THOMAS MOUNT(URBAN)",4,"Tribal Welfare Department",2,"UPS (I-VIII)",5,"Post graduate",3,"B.Ed. or equivalent",0,0,0,0,0,0,0,0,0,1,0,0,0,0,0,0,0,0,1,0,1
2019-20,33,Tamilnadu,3303,KANCHEEPURAM,330311,MADURANTAGAM,4,"Tribal Welfare Department",2,"UPS (I-VIII)",5,"Post graduate",3,"B.Ed. or equivalent",0,0,0,0,0,2,0,0,2,2,0,0,0,0,0,0,0,0,6,2,4
2019-20,33,Tamilnadu,3303,KANCHEEPURAM,330313,CHITHAMUR,4,"Tribal Welfare Department",2,"UPS (I-VIII)",5,"Post graduate",3,"B.Ed. or equivalent",0,0,0,0,0,0,0,0,5,1,0,0,0,0,0,0,0,0,6,5,1
2019-20,33,Tamilnadu,3303,KANCHEEPURAM,330302,WALAJABAD,4,"Tribal Welfare Department",5,"HSS (VI-XII)",5,"Post graduate",3,"B.Ed. or equivalent",0,0,0,0,0,0,0,0,1,2,3,4,1,0,0,0,0,0,11,5,6
2019-20,33,Tamilnadu,3303,KANCHEEPURAM,330303,UTHIRAMERUR,4,"Tribal Welfare Department",5,"HSS (VI-XII)",5,"Post graduate",3,"B.Ed. or equivalent",0,0,0,0,0,0,0,0,1,1,0,0,4,6,0,0,2,0,14,7,7
2019-20,33,Tamilnadu,3303,KANCHEEPURAM,330305,KUNDRATHUR,4,"Tribal Welfare Department",5,"HSS (VI-XII)",5,"Post graduate",3,"B.Ed. or equivalent",0,0,0,0,0,0,0,0,0,1,1,2,0,4,0,1,0,0,9,1,8
2019-20,33,Tamilnadu,3303,KANCHEEPURAM,330306,THIRUPORUR,4,"Tribal Welfare Department",5,"HSS (VI-XII)",5,"Post graduate",3,"B.Ed. or equivalent",0,0,0,0,0,0,0,0,0,0,0,3,1,0,0,0,0,2,6,1,5
2019-20,33,Tamilnadu,3303,KANCHEEPURAM,330307,KATTANKOLATHUR,4,"Tribal Welfare Department",5,"HSS (VI-XII)",5,"Post graduate",3,"B.Ed. or equivalent",0,0,0,0,0,0,0,0,3,4,0,6,1,13,0,0,3,6,36,7,29
2019-20,33,Tamilnadu,3303,KANCHEEPURAM,330308,THIRUKALUKUNDRAM,4,"Tribal Welfare Department",5,"HSS (VI-XII)",5,"Post graduate",3,"B.Ed. or equivalent",0,0,0,0,0,0,0,0,0,0,0,0,0,0,1,0,0,0,1,1,0
2019-20,33,Tamilnadu,3303,KANCHEEPURAM,330309,"ST.THOMAS MOUNT(URBAN)",4,"Tribal Welfare Department",5,"HSS (VI-XII)",5,"Post graduate",3,"B.Ed. or equivalent",0,0,0,0,0,0,0,0,0,0,0,1,1,11,0,0,1,2,16,2,14
2019-20,33,Tamilnadu,3303,KANCHEEPURAM,330314,"ST.THOMAS MOUNT(RURAL)",4,"Tribal Welfare Department",5,"HSS (VI-XII)",5,"Post graduate",3,"B.Ed. or equivalent",0,0,0,0,0,0,0,0,0,2,0,2,0,7,0,0,1,1,13,1,12
2019-20,33,Tamilnadu,3303,KANCHEEPURAM,330301,KANCHEEPURAM,4,"Tribal Welfare Department",7,"SS (VI-X)",5,"Post graduate",3,"B.Ed. or equivalent",0,0,0,0,0,0,0,0,1,2,0,0,1,2,0,0,0,0,6,2,4
2019-20,33,Tamilnadu,3303,KANCHEEPURAM,330305,KUNDRATHUR,4,"Tribal Welfare Department",7,"SS (VI-X)",5,"Post graduate",3,"B.Ed. or equivalent",0,0,0,0,0,0,0,0,1,0,3,3,2,2,0,0,0,0,11,6,5
2019-20,33,Tamilnadu,3303,KANCHEEPURAM,330306,THIRUPORUR,4,"Tribal Welfare Department",7,"SS (VI-X)",5,"Post graduate",3,"B.Ed. or equivalent",0,0,0,0,0,0,0,0,0,0,1,9,0,0,0,0,0,0,10,1,9
2019-20,33,Tamilnadu,3303,KANCHEEPURAM,330308,THIRUKALUKUNDRAM,4,"Tribal Welfare Department",7,"SS (VI-X)",5,"Post graduate",3,"B.Ed. or equivalent",0,0,0,0,0,0,0,0,0,0,1,0,1,0,0,0,0,0,2,2,0
2019-20,33,Tamilnadu,3303,KANCHEEPURAM,330309,"ST.THOMAS MOUNT(URBAN)",4,"Tribal Welfare Department",7,"SS (VI-X)",5,"Post graduate",3,"B.Ed. or equivalent",0,0,0,0,0,0,0,0,0,0,1,3,0,0,0,0,0,0,4,1,3
2019-20,33,Tamilnadu,3303,KANCHEEPURAM,330311,MADURANTAGAM,4,"Tribal Welfare Department",7,"SS (VI-X)",5,"Post graduate",3,"B.Ed. or equivalent",0,0,0,0,0,0,0,0,0,0,2,5,1,0,0,0,0,0,8,3,5
2019-20,33,Tamilnadu,3303,KANCHEEPURAM,330314,"ST.THOMAS MOUNT(RURAL)",4,"Tribal Welfare Department",7,"SS (VI-X)",5,"Post graduate",3,"B.Ed. or equivalent",0,0,0,0,0,0,0,0,1,0,0,11,0,0,0,0,0,0,12,1,11
2019-20,33,Tamilnadu,3303,KANCHEEPURAM,330301,KANCHEEPURAM,4,"Tribal Welfare Department",1,"PS (I-V)",5,"Post graduate",4,"M.Ed. or equivalent",0,0,0,0,0,1,0,0,0,0,0,0,0,0,0,0,0,0,1,0,1
2019-20,33,Tamilnadu,3303,KANCHEEPURAM,330307,KATTANKOLATHUR,4,"Tribal Welfare Department",2,"UPS (I-VIII)",5,"Post graduate",4,"M.Ed. or equivalent",0,0,0,0,0,0,0,0,1,1,0,0,0,0,0,0,0,0,2,1,1
2019-20,33,Tamilnadu,3303,KANCHEEPURAM,330309,"ST.THOMAS MOUNT(URBAN)",4,"Tribal Welfare Department",2,"UPS (I-VIII)",5,"Post graduate",4,"M.Ed. or equivalent",0,0,0,0,0,0,0,0,0,1,0,0,0,0,0,0,0,0,1,0,1
2019-20,33,Tamilnadu,3303,KANCHEEPURAM,330303,UTHIRAMERUR,4,"Tribal Welfare Department",5,"HSS (VI-XII)",5,"Post graduate",4,"M.Ed. or equivalent",0,0,0,0,0,0,0,0,0,1,0,0,0,0,0,0,0,1,2,0,2
2019-20,33,Tamilnadu,3303,KANCHEEPURAM,330305,KUNDRATHUR,4,"Tribal Welfare Department",5,"HSS (VI-XII)",5,"Post graduate",4,"M.Ed. or equivalent",0,0,0,0,0,0,0,0,0,0,0,0,0,1,0,0,0,0,1,0,1
2019-20,33,Tamilnadu,3303,KANCHEEPURAM,330307,KATTANKOLATHUR,4,"Tribal Welfare Department",5,"HSS (VI-XII)",5,"Post graduate",4,"M.Ed. or equivalent",0,0,0,0,0,0,0,0,0,0,0,0,1,1,0,0,0,0,2,1,1
2019-20,33,Tamilnadu,3303,KANCHEEPURAM,330308,THIRUKALUKUNDRAM,4,"Tribal Welfare Department",5,"HSS (VI-XII)",5,"Post graduate",4,"M.Ed. or equivalent",0,0,0,0,0,0,0,0,0,0,0,0,0,0,1,0,0,0,1,1,0
2019-20,33,Tamilnadu,3303,KANCHEEPURAM,330309,"ST.THOMAS MOUNT(URBAN)",4,"Tribal Welfare Department",5,"HSS (VI-XII)",5,"Post graduate",4,"M.Ed. or equivalent",0,0,0,0,0,0,0,0,0,0,0,0,0,3,0,0,1,1,5,1,4
2019-20,33,Tamilnadu,3303,KANCHEEPURAM,330314,"ST.THOMAS MOUNT(RURAL)",4,"Tribal Welfare Department",5,"HSS (VI-XII)",5,"Post graduate",4,"M.Ed. or equivalent",0,0,0,0,0,0,0,0,0,0,0,0,2,1,0,0,0,2,5,2,3
2019-20,33,Tamilnadu,3303,KANCHEEPURAM,330305,KUNDRATHUR,4,"Tribal Welfare Department",7,"SS (VI-X)",5,"Post graduate",4,"M.Ed. or equivalent",0,0,0,0,0,0,0,0,0,0,0,0,1,0,0,0,0,0,1,1,0
2019-20,33,Tamilnadu,3303,KANCHEEPURAM,330309,"ST.THOMAS MOUNT(URBAN)",4,"Tribal Welfare Department",7,"SS (VI-X)",5,"Post graduate",4,"M.Ed. or equivalent",0,0,0,0,0,0,0,0,0,0,0,1,0,0,0,0,0,0,1,0,1
2019-20,33,Tamilnadu,3303,KANCHEEPURAM,330314,"ST.THOMAS MOUNT(RURAL)",4,"Tribal Welfare Department",7,"SS (VI-X)",5,"Post graduate",4,"M.Ed. or equivalent",0,0,0,0,0,0,0,0,0,0,0,2,0,0,0,0,0,0,2,0,2
2019-20,33,Tamilnadu,3303,KANCHEEPURAM,330308,THIRUKALUKUNDRAM,4,"Tribal Welfare Department",1,"PS (I-V)",5,"Post graduate",5,Others,0,0,0,0,0,1,0,0,0,0,0,0,0,0,0,0,0,0,1,0,1
2019-20,33,Tamilnadu,3303,KANCHEEPURAM,330301,KANCHEEPURAM,4,"Tribal Welfare Department",7,"SS (VI-X)",5,"Post graduate",5,Others,0,0,0,0,0,0,0,0,0,2,0,0,0,0,0,0,0,0,2,0,2
2019-20,33,Tamilnadu,3303,KANCHEEPURAM,330314,"ST.THOMAS MOUNT(RURAL)",4,"Tribal Welfare Department",7,"SS (VI-X)",5,"Post graduate",5,Others,0,0,0,0,0,0,0,0,1,0,0,0,0,0,0,0,0,0,1,1,0
2019-20,33,Tamilnadu,3303,KANCHEEPURAM,330306,THIRUPORUR,4,"Tribal Welfare Department",5,"HSS (VI-XII)",5,"Post graduate",6,None,0,0,0,0,0,0,0,0,0,0,0,1,0,0,0,0,0,0,1,0,1
2019-20,33,Tamilnadu,3303,KANCHEEPURAM,330309,"ST.THOMAS MOUNT(URBAN)",4,"Tribal Welfare Department",5,"HSS (VI-XII)",5,"Post graduate",6,None,0,0,0,0,0,0,0,0,0,0,0,0,0,0,0,0,1,0,1,1,0
2019-20,33,Tamilnadu,3303,KANCHEEPURAM,330314,"ST.THOMAS MOUNT(RURAL)",4,"Tribal Welfare Department",5,"HSS (VI-XII)",5,"Post graduate",6,None,0,0,0,0,0,0,0,0,0,0,0,0,1,0,0,0,0,0,1,1,0
2019-20,33,Tamilnadu,3303,KANCHEEPURAM,330304,SRIPERUMBUDUR,4,"Tribal Welfare Department",2,"UPS (I-VIII)",6,M.Phil,3,"B.Ed. or equivalent",0,0,0,0,0,1,0,0,0,0,0,0,0,0,0,0,0,0,1,0,1
2019-20,33,Tamilnadu,3303,KANCHEEPURAM,330306,THIRUPORUR,4,"Tribal Welfare Department",2,"UPS (I-VIII)",6,M.Phil,3,"B.Ed. or equivalent",0,0,0,0,0,1,0,0,0,0,0,0,0,0,0,0,0,0,1,0,1
2019-20,33,Tamilnadu,3303,KANCHEEPURAM,330302,WALAJABAD,4,"Tribal Welfare Department",5,"HSS (VI-XII)",6,M.Phil,3,"B.Ed. or equivalent",0,0,0,0,0,0,0,0,0,0,0,0,1,2,0,0,2,3,8,3,5
2019-20,33,Tamilnadu,3303,KANCHEEPURAM,330303,UTHIRAMERUR,4,"Tribal Welfare Department",5,"HSS (VI-XII)",6,M.Phil,3,"B.Ed. or equivalent",0,0,0,0,0,0,0,0,0,0,0,0,0,0,0,0,1,2,3,1,2
2019-20,33,Tamilnadu,3303,KANCHEEPURAM,330305,KUNDRATHUR,4,"Tribal Welfare Department",5,"HSS (VI-XII)",6,M.Phil,3,"B.Ed. or equivalent",0,0,0,0,0,0,0,0,0,0,0,0,1,0,0,0,1,1,3,2,1
2019-20,33,Tamilnadu,3303,KANCHEEPURAM,330306,THIRUPORUR,4,"Tribal Welfare Department",5,"HSS (VI-XII)",6,M.Phil,3,"B.Ed. or equivalent",0,0,0,0,0,0,0,0,0,0,0,0,0,0,0,0,1,1,2,1,1
2019-20,33,Tamilnadu,3303,KANCHEEPURAM,330307,KATTANKOLATHUR,4,"Tribal Welfare Department",5,"HSS (VI-XII)",6,M.Phil,3,"B.Ed. or equivalent",0,0,0,0,0,0,0,0,0,0,0,1,1,2,0,0,2,3,9,3,6
2019-20,33,Tamilnadu,3303,KANCHEEPURAM,330308,THIRUKALUKUNDRAM,4,"Tribal Welfare Department",5,"HSS (VI-XII)",6,M.Phil,3,"B.Ed. or equivalent",0,0,0,0,0,0,0,0,0,0,0,0,0,0,0,0,0,1,1,0,1
2019-20,33,Tamilnadu,3303,KANCHEEPURAM,330309,"ST.THOMAS MOUNT(URBAN)",4,"Tribal Welfare Department",5,"HSS (VI-XII)",6,M.Phil,3,"B.Ed. or equivalent",0,0,0,0,0,0,0,0,0,0,0,0,0,2,0,0,2,1,5,2,3
2019-20,33,Tamilnadu,3303,KANCHEEPURAM,330314,"ST.THOMAS MOUNT(RURAL)",4,"Tribal Welfare Department",5,"HSS (VI-XII)",6,M.Phil,3,"B.Ed. or equivalent",0,0,0,0,0,0,0,0,0,0,0,1,0,0,0,0,1,1,3,1,2
2019-20,33,Tamilnadu,3303,KANCHEEPURAM,330308,THIRUKALUKUNDRAM,4,"Tribal Welfare Department",7,"SS (VI-X)",6,M.Phil,3,"B.Ed. or equivalent",0,0,0,0,0,0,0,0,0,0,1,0,0,0,0,0,0,0,1,1,0
2019-20,33,Tamilnadu,3303,KANCHEEPURAM,330314,"ST.THOMAS MOUNT(RURAL)",4,"Tribal Welfare Department",7,"SS (VI-X)",6,M.Phil,3,"B.Ed. or equivalent",0,0,0,0,0,0,0,0,0,0,1,0,1,0,0,0,0,0,2,2,0
2019-20,33,Tamilnadu,3303,KANCHEEPURAM,330302,WALAJABAD,4,"Tribal Welfare Department",2,"UPS (I-VIII)",6,M.Phil,4,"M.Ed. or equivalent",0,0,0,0,0,0,0,0,1,0,0,0,0,0,0,0,0,0,1,1,0
2019-20,33,Tamilnadu,3303,KANCHEEPURAM,330302,WALAJABAD,4,"Tribal Welfare Department",5,"HSS (VI-XII)",6,M.Phil,4,"M.Ed. or equivalent",0,0,0,0,0,0,0,0,0,0,0,0,0,0,0,0,1,2,3,1,2
2019-20,33,Tamilnadu,3303,KANCHEEPURAM,330305,KUNDRATHUR,4,"Tribal Welfare Department",5,"HSS (VI-XII)",6,M.Phil,4,"M.Ed. or equivalent",0,0,0,0,0,0,0,0,0,0,0,0,0,0,0,0,2,1,3,2,1
2019-20,33,Tamilnadu,3303,KANCHEEPURAM,330306,THIRUPORUR,4,"Tribal Welfare Department",5,"HSS (VI-XII)",6,M.Phil,4,"M.Ed. or equivalent",0,0,0,0,0,0,0,0,0,0,0,0,0,0,0,0,1,2,3,1,2
2019-20,33,Tamilnadu,3303,KANCHEEPURAM,330307,KATTANKOLATHUR,4,"Tribal Welfare Department",5,"HSS (VI-XII)",6,M.Phil,4,"M.Ed. or equivalent",0,0,0,0,0,0,0,0,0,0,0,0,0,1,0,0,1,0,2,1,1
2019-20,33,Tamilnadu,3303,KANCHEEPURAM,330309,"ST.THOMAS MOUNT(URBAN)",4,"Tribal Welfare Department",5,"HSS (VI-XII)",6,M.Phil,4,"M.Ed. or equivalent",0,0,0,0,0,0,0,0,0,0,0,0,0,2,0,0,1,0,3,1,2
2019-20,33,Tamilnadu,3303,KANCHEEPURAM,330314,"ST.THOMAS MOUNT(RURAL)",4,"Tribal Welfare Department",5,"HSS (VI-XII)",6,M.Phil,4,"M.Ed. or equivalent",0,0,0,0,0,0,0,0,0,0,0,0,0,1,0,0,0,4,5,0,5
2019-20,33,Tamilnadu,3303,KANCHEEPURAM,330314,"ST.THOMAS MOUNT(RURAL)",4,"Tribal Welfare Department",7,"SS (VI-X)",6,M.Phil,6,None,0,0,0,0,0,0,0,0,0,0,0,1,0,0,0,0,0,0,1,0,1
2019-20,33,Tamilnadu,3303,KANCHEEPURAM,330308,THIRUKALUKUNDRAM,4,"Tribal Welfare Department",5,"HSS (VI-XII)",7,Ph.D,3,"B.Ed. or equivalent",0,0,0,0,0,0,0,0,0,0,0,0,0,0,1,0,0,0,1,1,0
2019-20,33,Tamilnadu,3303,KANCHEEPURAM,330311,MADURANTAGAM,4,"Tribal Welfare Department",7,"SS (VI-X)",8,"Post Doctoral",3,"B.Ed. or equivalent",0,0,0,0,0,0,0,0,0,0,1,0,0,0,0,0,0,0,1,1,0
2019-20,33,Tamilnadu,3303,KANCHEEPURAM,330306,THIRUPORUR,9,"Tribal Welfare Department",7,"SS (VI-X)",4,Graduate,3,"B.Ed. or equivalent",0,0,0,0,0,0,0,0,0,0,1,2,0,0,0,0,0,0,3,1,2
2019-20,33,Tamilnadu,3303,KANCHEEPURAM,330301,KANCHEEPURAM,9,"Tribal Welfare Department",1,"PS (I-V)",5,"Post graduate",3,"B.Ed. or equivalent",0,0,0,0,0,1,0,0,0,0,0,0,0,0,0,0,0,0,1,0,1
2019-20,33,Tamilnadu,3303,KANCHEEPURAM,330306,THIRUPORUR,9,"Tribal Welfare Department",7,"SS (VI-X)",5,"Post graduate",3,"B.Ed. or equivalent",0,0,0,0,0,0,0,0,0,0,2,1,0,0,0,0,0,0,3,2,1
2019-20,33,Tamilnadu,3303,KANCHEEPURAM,330313,CHITHAMUR,35,Unrecognized,1,"PS (I-V)",4,Graduate,3,"B.Ed. or equivalent",0,0,0,0,0,1,0,0,0,0,0,0,0,0,0,0,0,0,1,0,1
2019-20,33,Tamilnadu,3303,KANCHEEPURAM,330313,CHITHAMUR,35,Unrecognized,1,"PS (I-V)",5,"Post graduate",1,"Diploma or certificate in basic teachers training of a duration not less than two years",0,0,0,0,0,1,0,0,0,0,0,0,0,0,0,0,0,0,1,0,1
2019-20,33,Tamilnadu,3303,KANCHEEPURAM,330313,CHITHAMUR,35,Unrecognized,1,"PS (I-V)",5,"Post graduate",3,"B.Ed. or equivalent",0,0,0,0,1,2,0,0,0,0,0,0,0,0,0,0,0,0,3,1,2
