ac_year,st_code,state_name,dt_code,district_name,block_cd,udise_block_name,loc_name,sch_category_id,tr_cat_name,school_category,sch_mgmt_id,sch_mgmt_name,caste_id,caste_name,pre_primary_boy,pre_primary_girl,class1_boy,class2_boy,class3_boy,class4_boy,class5_boy,class6_boy,class7_boy,class8_boy,class9_boy,class10_boy,class11_boy,class12_boy,class1_girl,class2_girl,class3_girl,class4_girl,class5_girl,class6_girl,class7_girl,class8_girl,class9_girl,class10_girl,class11_girl,class12_girl
2019-20,33,Tamilnadu,3322,PUDUKKOTTAI,332205,PUDUKKOTTAI,Urban,2,cat2,"UPS (I-VIII)",3,"Local body",4,OBC,27,27,48,66,86,59,80,85,73,69,0,0,0,0,67,71,69,84,57,70,90,59,0,0,0,0
2019-20,33,Tamilnadu,3322,PUDUKKOTTAI,332211,ARANTHANGI,Urban,2,cat2,"UPS (I-VIII)",3,"Local body",4,OBC,6,3,11,7,14,16,19,16,24,18,0,0,0,0,18,20,22,14,15,18,23,20,0,0,0,0
2019-20,33,Tamilnadu,3322,PUDUKKOTTAI,332201,KUNNANDARKOIL,Rural,2,cat2,"UPS (I-VIII)",4,"Government Aided",4,OBC,0,0,21,11,5,9,9,14,20,21,0,0,0,0,9,7,15,11,14,17,20,16,0,0,0,0
2019-20,33,Tamilnadu,3322,PUDUKKOTTAI,332203,VIRALIMALAI,Rural,2,cat2,"UPS (I-VIII)",4,"Government Aided",4,OBC,0,0,7,11,9,9,11,10,10,11,0,0,0,0,11,10,14,10,16,15,13,12,0,0,0,0
2019-20,33,Tamilnadu,3322,PUDUKKOTTAI,332205,PUDUKKOTTAI,Rural,2,cat2,"UPS (I-VIII)",4,"Government Aided",4,OBC,0,0,2,5,7,7,8,14,16,5,0,0,0,0,3,4,9,4,7,8,7,8,0,0,0,0
2019-20,33,Tamilnadu,3322,PUDUKKOTTAI,332206,THIRUVARANKULAM,Rural,2,cat2,"UPS (I-VIII)",4,"Government Aided",4,OBC,0,0,27,28,25,20,23,36,38,37,0,0,0,0,21,20,25,24,15,31,41,38,0,0,0,0
2019-20,33,Tamilnadu,3322,PUDUKKOTTAI,332208,THIRUMAYAM,Rural,2,cat2,"UPS (I-VIII)",4,"Government Aided",4,OBC,0,0,16,17,22,19,19,40,48,38,0,0,0,0,19,21,24,25,26,39,42,41,0,0,0,0
2019-20,33,Tamilnadu,3322,PUDUKKOTTAI,332210,ARIMALAM,Rural,2,cat2,"UPS (I-VIII)",4,"Government Aided",4,OBC,0,0,1,4,6,4,8,3,10,7,0,0,0,0,4,6,11,4,5,3,9,8,0,0,0,0
2019-20,33,Tamilnadu,3322,PUDUKKOTTAI,332211,ARANTHANGI,Rural,2,cat2,"UPS (I-VIII)",4,"Government Aided",4,OBC,0,0,0,0,1,1,0,0,4,4,0,0,0,0,0,0,1,0,0,1,1,0,0,0,0,0
2019-20,33,Tamilnadu,3322,PUDUKKOTTAI,332212,MANAMELKUDI,Rural,2,cat2,"UPS (I-VIII)",4,"Government Aided",4,OBC,8,8,14,3,11,3,9,12,11,6,0,0,0,0,4,3,8,8,6,8,18,9,0,0,0,0
2019-20,33,Tamilnadu,3322,PUDUKKOTTAI,332213,AVUDAIYARKOIL,Rural,2,cat2,"UPS (I-VIII)",4,"Government Aided",4,OBC,0,0,3,11,11,14,17,24,22,15,0,0,0,0,7,11,13,17,9,22,23,16,0,0,0,0
2019-20,33,Tamilnadu,3322,PUDUKKOTTAI,332201,KUNNANDARKOIL,Urban,2,cat2,"UPS (I-VIII)",4,"Government Aided",4,OBC,0,0,24,32,45,43,50,52,78,50,0,0,0,0,25,26,34,35,38,56,62,49,0,0,0,0
2019-20,33,Tamilnadu,3322,PUDUKKOTTAI,332205,PUDUKKOTTAI,Urban,2,cat2,"UPS (I-VIII)",4,"Government Aided",4,OBC,0,0,35,41,41,48,39,56,63,59,0,0,0,0,38,29,42,41,45,43,44,46,0,0,0,0
2019-20,33,Tamilnadu,3322,PUDUKKOTTAI,332206,THIRUVARANKULAM,Urban,2,cat2,"UPS (I-VIII)",4,"Government Aided",4,OBC,0,0,31,18,26,44,42,86,68,59,0,0,0,0,20,31,36,38,43,61,80,59,0,0,0,0
2019-20,33,Tamilnadu,3322,PUDUKKOTTAI,332211,ARANTHANGI,Urban,2,cat2,"UPS (I-VIII)",4,"Government Aided",4,OBC,0,0,30,23,36,42,43,46,55,66,0,0,0,0,35,41,41,48,47,56,68,55,0,0,0,0
2019-20,33,Tamilnadu,3322,PUDUKKOTTAI,332201,KUNNANDARKOIL,Rural,2,cat2,"UPS (I-VIII)",5,"Private Unaided (Recognized)",4,OBC,63,51,43,23,23,24,14,11,6,0,0,0,0,0,23,22,13,26,27,8,3,0,0,0,0,0
2019-20,33,Tamilnadu,3322,PUDUKKOTTAI,332202,ANNAVASAL,Rural,2,cat2,"UPS (I-VIII)",5,"Private Unaided (Recognized)",4,OBC,22,23,9,4,2,1,2,0,0,0,0,0,0,0,7,4,2,2,2,0,0,0,0,0,0,0
2019-20,33,Tamilnadu,3322,PUDUKKOTTAI,332203,VIRALIMALAI,Rural,2,cat2,"UPS (I-VIII)",5,"Private Unaided (Recognized)",4,OBC,72,63,49,28,14,18,10,5,10,0,0,0,0,0,33,26,18,4,7,5,7,0,0,0,0,0
2019-20,33,Tamilnadu,3322,PUDUKKOTTAI,332207,KARAMBAKKUDI,Rural,2,cat2,"UPS (I-VIII)",5,"Private Unaided (Recognized)",4,OBC,85,58,39,24,18,20,20,11,0,0,0,0,0,0,20,20,16,14,10,8,0,0,0,0,0,0
2019-20,33,Tamilnadu,3322,PUDUKKOTTAI,332208,THIRUMAYAM,Rural,2,cat2,"UPS (I-VIII)",5,"Private Unaided (Recognized)",4,OBC,40,15,15,19,10,16,10,12,9,0,0,0,0,0,11,7,10,13,8,12,8,0,0,0,0,0
2019-20,33,Tamilnadu,3322,PUDUKKOTTAI,332210,ARIMALAM,Rural,2,cat2,"UPS (I-VIII)",5,"Private Unaided (Recognized)",4,OBC,30,37,10,11,5,8,3,3,5,0,0,0,0,0,8,4,1,3,4,4,2,0,0,0,0,0
2019-20,33,Tamilnadu,3322,PUDUKKOTTAI,332211,ARANTHANGI,Rural,2,cat2,"UPS (I-VIII)",5,"Private Unaided (Recognized)",4,OBC,35,27,11,17,11,8,10,5,7,0,0,0,0,0,10,7,9,9,2,3,0,0,0,0,0,0
2019-20,33,Tamilnadu,3322,PUDUKKOTTAI,332212,MANAMELKUDI,Rural,2,cat2,"UPS (I-VIII)",5,"Private Unaided (Recognized)",4,OBC,20,22,13,23,19,24,14,22,9,13,0,0,0,0,13,15,15,12,12,10,8,6,0,0,0,0
2019-20,33,Tamilnadu,3322,PUDUKKOTTAI,332205,PUDUKKOTTAI,Urban,2,cat2,"UPS (I-VIII)",5,"Private Unaided (Recognized)",4,OBC,0,0,0,0,0,0,2,0,0,0,0,0,0,0,0,0,0,0,0,0,0,0,0,0,0,0
2019-20,33,Tamilnadu,3322,PUDUKKOTTAI,332206,THIRUVARANKULAM,Urban,2,cat2,"UPS (I-VIII)",5,"Private Unaided (Recognized)",4,OBC,35,49,7,11,17,11,11,16,5,5,0,0,0,0,12,15,20,22,11,4,1,5,0,0,0,0
2019-20,33,Tamilnadu,3322,PUDUKKOTTAI,332205,PUDUKKOTTAI,Urban,2,cat2,"UPS (I-VIII)",90,"Social welfare Department",4,OBC,0,0,1,1,5,8,3,6,7,7,0,0,0,0,2,3,3,2,6,7,4,2,0,0,0,0
2019-20,33,Tamilnadu,3322,PUDUKKOTTAI,332205,PUDUKKOTTAI,Urban,4,cat4,"UPS (VI-VIII)",4,"Government Aided",4,OBC,0,0,0,0,0,0,0,5,3,8,0,0,0,0,0,0,0,0,0,3,5,5,0,0,0,0
2019-20,33,Tamilnadu,3322,PUDUKKOTTAI,332203,VIRALIMALAI,Rural,3,cat3,"HSS (I-XII)",1,"Department of Education",1,General,0,0,0,0,0,0,0,0,0,0,0,0,1,0,0,0,0,0,0,0,0,0,0,0,1,0
2019-20,33,Tamilnadu,3322,PUDUKKOTTAI,332205,PUDUKKOTTAI,Rural,3,cat3,"HSS (I-XII)",1,"Department of Education",1,General,0,0,0,0,0,0,0,0,0,0,0,0,0,0,0,0,0,0,0,0,0,0,0,0,0,0
2019-20,33,Tamilnadu,3322,PUDUKKOTTAI,332201,KUNNANDARKOIL,Rural,3,cat3,"HSS (I-XII)",5,"Private Unaided (Recognized)",1,General,0,0,0,0,0,0,0,0,0,0,0,1,0,0,0,0,0,0,0,1,0,1,0,0,0,0
2019-20,33,Tamilnadu,3322,PUDUKKOTTAI,332202,ANNAVASAL,Rural,3,cat3,"HSS (I-XII)",5,"Private Unaided (Recognized)",1,General,1,0,1,1,1,1,1,1,1,3,0,1,1,2,0,0,1,1,2,0,0,0,1,0,0,0
2019-20,33,Tamilnadu,3322,PUDUKKOTTAI,332203,VIRALIMALAI,Rural,3,cat3,"HSS (I-XII)",5,"Private Unaided (Recognized)",1,General,5,7,1,0,5,0,1,3,1,0,1,4,0,3,1,1,1,2,2,0,2,2,0,2,1,1
2019-20,33,Tamilnadu,3322,PUDUKKOTTAI,332204,GANDARVAKKOTTAI,Rural,3,cat3,"HSS (I-XII)",5,"Private Unaided (Recognized)",1,General,0,0,0,0,0,1,0,1,0,0,3,3,3,4,0,0,1,0,1,1,0,0,0,2,3,2
2019-20,33,Tamilnadu,3322,PUDUKKOTTAI,332205,PUDUKKOTTAI,Rural,3,cat3,"HSS (I-XII)",5,"Private Unaided (Recognized)",1,General,1,0,1,0,0,0,0,2,0,0,0,0,0,0,0,0,0,0,1,0,1,1,0,1,0,0
2019-20,33,Tamilnadu,3322,PUDUKKOTTAI,332206,THIRUVARANKULAM,Rural,3,cat3,"HSS (I-XII)",5,"Private Unaided (Recognized)",1,General,0,2,0,0,0,3,2,0,2,1,0,0,3,0,0,1,0,0,0,0,1,1,0,0,1,3
2019-20,33,Tamilnadu,3322,PUDUKKOTTAI,332208,THIRUMAYAM,Rural,3,cat3,"HSS (I-XII)",5,"Private Unaided (Recognized)",1,General,2,0,2,2,5,1,3,4,6,4,6,2,5,2,2,0,1,1,4,6,6,2,1,4,1,0
2019-20,33,Tamilnadu,3322,PUDUKKOTTAI,332209,PONNAMARAVATHY,Rural,3,cat3,"HSS (I-XII)",5,"Private Unaided (Recognized)",1,General,0,0,0,1,0,0,0,0,1,1,0,0,0,0,0,0,0,0,0,0,0,0,1,0,0,0
2019-20,33,Tamilnadu,3322,PUDUKKOTTAI,332210,ARIMALAM,Rural,3,cat3,"HSS (I-XII)",5,"Private Unaided (Recognized)",1,General,3,4,3,2,0,2,4,5,0,3,4,5,5,3,3,2,1,1,1,4,5,2,2,5,2,2
2019-20,33,Tamilnadu,3322,PUDUKKOTTAI,332211,ARANTHANGI,Rural,3,cat3,"HSS (I-XII)",5,"Private Unaided (Recognized)",1,General,0,1,0,0,0,0,0,0,1,0,0,0,0,0,0,0,1,0,2,0,0,0,0,1,0,0
2019-20,33,Tamilnadu,3322,PUDUKKOTTAI,332212,MANAMELKUDI,Rural,3,cat3,"HSS (I-XII)",5,"Private Unaided (Recognized)",1,General,0,0,0,0,0,0,0,0,0,1,0,0,0,0,0,0,0,0,0,0,0,0,0,0,0,0
2019-20,33,Tamilnadu,3322,PUDUKKOTTAI,332213,AVUDAIYARKOIL,Rural,3,cat3,"HSS (I-XII)",5,"Private Unaided (Recognized)",1,General,1,0,0,1,0,0,1,0,1,0,2,1,0,0,0,0,0,0,1,0,0,1,1,3,0,0
2019-20,33,Tamilnadu,3322,PUDUKKOTTAI,332202,ANNAVASAL,Urban,3,cat3,"HSS (I-XII)",5,"Private Unaided (Recognized)",1,General,0,0,0,0,0,0,0,0,1,3,5,0,1,1,0,0,0,0,0,0,0,1,2,0,1,0
2019-20,33,Tamilnadu,3322,PUDUKKOTTAI,332205,PUDUKKOTTAI,Urban,3,cat3,"HSS (I-XII)",5,"Private Unaided (Recognized)",1,General,11,13,7,10,6,3,13,14,12,13,13,8,24,13,11,5,6,10,12,7,14,9,5,11,15,17
2019-20,33,Tamilnadu,3322,PUDUKKOTTAI,332206,THIRUVARANKULAM,Urban,3,cat3,"HSS (I-XII)",5,"Private Unaided (Recognized)",1,General,0,0,0,0,0,0,0,0,1,0,0,0,0,0,0,0,1,0,0,0,0,0,0,0,0,0
2019-20,33,Tamilnadu,3322,PUDUKKOTTAI,332209,PONNAMARAVATHY,Urban,3,cat3,"HSS (I-XII)",5,"Private Unaided (Recognized)",1,General,6,6,3,1,2,2,2,2,5,4,3,2,3,6,2,2,4,1,2,2,1,1,1,2,3,0
2019-20,33,Tamilnadu,3322,PUDUKKOTTAI,332210,ARIMALAM,Urban,3,cat3,"HSS (I-XII)",5,"Private Unaided (Recognized)",1,General,0,1,1,1,1,0,0,0,0,0,0,0,1,0,0,0,0,0,0,0,1,0,0,0,0,0
2019-20,33,Tamilnadu,3322,PUDUKKOTTAI,332211,ARANTHANGI,Urban,3,cat3,"HSS (I-XII)",5,"Private Unaided (Recognized)",1,General,1,0,1,1,0,2,2,1,0,0,3,2,2,3,0,0,1,1,4,0,1,2,1,0,3,1
2019-20,33,Tamilnadu,3322,PUDUKKOTTAI,332201,KUNNANDARKOIL,Rural,5,cat5,"HSS (VI-XII)",1,"Department of Education",1,General,0,0,0,0,0,0,0,0,0,1,0,0,0,0,0,0,0,0,0,0,0,0,0,0,0,3
2019-20,33,Tamilnadu,3322,PUDUKKOTTAI,332202,ANNAVASAL,Rural,5,cat5,"HSS (VI-XII)",1,"Department of Education",1,General,0,0,0,0,0,0,0,0,0,0,0,0,2,0,0,0,0,0,0,1,0,0,1,0,1,0
2019-20,33,Tamilnadu,3322,PUDUKKOTTAI,332203,VIRALIMALAI,Rural,5,cat5,"HSS (VI-XII)",1,"Department of Education",1,General,0,0,0,0,0,0,0,1,0,0,0,0,0,1,0,0,0,0,0,0,0,0,0,0,0,1
2019-20,33,Tamilnadu,3322,PUDUKKOTTAI,332204,GANDARVAKKOTTAI,Rural,5,cat5,"HSS (VI-XII)",1,"Department of Education",1,General,0,0,0,0,0,0,0,0,0,0,0,0,0,0,0,0,0,0,0,0,0,0,0,0,0,0
2019-20,33,Tamilnadu,3322,PUDUKKOTTAI,332205,PUDUKKOTTAI,Rural,5,cat5,"HSS (VI-XII)",1,"Department of Education",1,General,0,0,0,0,0,0,0,0,0,0,0,0,1,1,0,0,0,0,0,0,0,0,0,0,0,0
2019-20,33,Tamilnadu,3322,PUDUKKOTTAI,332206,THIRUVARANKULAM,Rural,5,cat5,"HSS (VI-XII)",1,"Department of Education",1,General,0,0,0,0,0,0,0,0,0,0,2,1,6,1,0,0,0,0,0,0,1,0,3,5,2,2
2019-20,33,Tamilnadu,3322,PUDUKKOTTAI,332207,KARAMBAKKUDI,Rural,5,cat5,"HSS (VI-XII)",1,"Department of Education",1,General,0,0,0,0,0,0,0,0,0,0,0,0,0,0,0,0,0,0,0,0,0,0,0,0,0,0
2019-20,33,Tamilnadu,3322,PUDUKKOTTAI,332208,THIRUMAYAM,Rural,5,cat5,"HSS (VI-XII)",1,"Department of Education",1,General,0,0,0,0,0,0,0,6,4,6,10,4,5,5,0,0,0,0,0,5,9,5,7,11,5,3
2019-20,33,Tamilnadu,3322,PUDUKKOTTAI,332209,PONNAMARAVATHY,Rural,5,cat5,"HSS (VI-XII)",1,"Department of Education",1,General,0,0,0,0,0,0,0,0,0,1,0,1,0,1,0,0,0,0,0,0,0,3,0,1,0,0
2019-20,33,Tamilnadu,3322,PUDUKKOTTAI,332210,ARIMALAM,Rural,5,cat5,"HSS (VI-XII)",1,"Department of Education",1,General,0,0,0,0,0,0,0,0,1,1,1,0,1,0,0,0,0,0,0,1,0,0,1,0,0,0
2019-20,33,Tamilnadu,3322,PUDUKKOTTAI,332211,ARANTHANGI,Rural,5,cat5,"HSS (VI-XII)",1,"Department of Education",1,General,0,0,0,0,0,0,0,0,1,0,1,5,4,1,0,0,0,0,0,0,0,1,1,2,1,1
2019-20,33,Tamilnadu,3322,PUDUKKOTTAI,332212,MANAMELKUDI,Rural,5,cat5,"HSS (VI-XII)",1,"Department of Education",1,General,0,0,0,0,0,0,0,0,0,0,0,0,0,0,0,0,0,0,0,0,0,0,0,0,0,1
2019-20,33,Tamilnadu,3322,PUDUKKOTTAI,332213,AVUDAIYARKOIL,Rural,5,cat5,"HSS (VI-XII)",1,"Department of Education",1,General,0,0,0,0,0,0,0,0,0,0,0,0,1,0,0,0,0,0,0,0,0,0,0,0,1,0
2019-20,33,Tamilnadu,3322,PUDUKKOTTAI,332201,KUNNANDARKOIL,Urban,5,cat5,"HSS (VI-XII)",1,"Department of Education",1,General,0,0,0,0,0,0,0,0,0,0,0,0,0,0,0,0,0,0,0,0,0,0,0,0,0,0
2019-20,33,Tamilnadu,3322,PUDUKKOTTAI,332202,ANNAVASAL,Urban,5,cat5,"HSS (VI-XII)",1,"Department of Education",1,General,0,0,0,0,0,0,0,0,0,0,0,0,1,0,0,0,0,0,0,0,0,0,0,0,0,0
2019-20,33,Tamilnadu,3322,PUDUKKOTTAI,332205,PUDUKKOTTAI,Urban,5,cat5,"HSS (VI-XII)",1,"Department of Education",1,General,0,0,0,0,0,0,0,0,1,0,1,0,0,2,0,0,0,0,0,0,1,0,3,3,6,10
2019-20,33,Tamilnadu,3322,PUDUKKOTTAI,332206,THIRUVARANKULAM,Urban,5,cat5,"HSS (VI-XII)",1,"Department of Education",1,General,0,0,0,0,0,0,0,0,0,0,0,0,0,0,0,0,0,0,0,0,0,0,1,1,0,0
2019-20,33,Tamilnadu,3322,PUDUKKOTTAI,332207,KARAMBAKKUDI,Urban,5,cat5,"HSS (VI-XII)",1,"Department of Education",1,General,0,0,0,0,0,0,0,0,0,0,0,0,0,0,0,0,0,0,0,0,1,0,0,1,0,0
2019-20,33,Tamilnadu,3322,PUDUKKOTTAI,332209,PONNAMARAVATHY,Urban,5,cat5,"HSS (VI-XII)",1,"Department of Education",1,General,0,0,0,0,0,0,0,0,0,0,0,0,0,0,0,0,0,0,0,2,1,3,0,1,0,1
2019-20,33,Tamilnadu,3322,PUDUKKOTTAI,332211,ARANTHANGI,Urban,5,cat5,"HSS (VI-XII)",1,"Department of Education",1,General,0,0,0,0,0,0,0,0,0,0,0,0,2,0,0,0,0,0,0,0,2,0,0,0,1,5
2019-20,33,Tamilnadu,3322,PUDUKKOTTAI,332207,KARAMBAKKUDI,Rural,5,cat5,"HSS (VI-XII)",2,"Tribal Welfare Department",1,General,0,0,0,0,0,0,0,0,0,0,0,0,0,0,0,0,0,0,0,0,0,0,0,0,0,0
2019-20,33,Tamilnadu,3322,PUDUKKOTTAI,332203,VIRALIMALAI,Rural,5,cat5,"HSS (VI-XII)",4,"Government Aided",1,General,0,0,0,0,0,0,0,0,0,0,0,0,0,0,0,0,0,0,0,0,0,0,0,0,1,1
2019-20,33,Tamilnadu,3322,PUDUKKOTTAI,332204,GANDARVAKKOTTAI,Rural,5,cat5,"HSS (VI-XII)",4,"Government Aided",1,General,0,0,0,0,0,0,0,1,0,0,0,0,0,0,0,0,0,0,0,0,0,0,0,0,0,1
2019-20,33,Tamilnadu,3322,PUDUKKOTTAI,332206,THIRUVARANKULAM,Rural,5,cat5,"HSS (VI-XII)",4,"Government Aided",1,General,0,0,0,0,0,0,0,0,0,0,0,0,2,1,0,0,0,0,0,0,0,0,1,0,0,0
2019-20,33,Tamilnadu,3322,PUDUKKOTTAI,332207,KARAMBAKKUDI,Rural,5,cat5,"HSS (VI-XII)",4,"Government Aided",1,General,0,0,0,0,0,0,0,0,0,0,0,0,0,0,0,0,0,0,0,0,0,0,0,0,0,0
2019-20,33,Tamilnadu,3322,PUDUKKOTTAI,332208,THIRUMAYAM,Rural,5,cat5,"HSS (VI-XII)",4,"Government Aided",1,General,0,0,0,0,0,0,0,0,1,0,0,0,2,1,0,0,0,0,0,1,0,0,0,1,0,0
2019-20,33,Tamilnadu,3322,PUDUKKOTTAI,332210,ARIMALAM,Rural,5,cat5,"HSS (VI-XII)",4,"Government Aided",1,General,0,0,0,0,0,0,0,0,0,0,1,0,1,1,0,0,0,0,0,0,0,0,1,0,1,1
2019-20,33,Tamilnadu,3322,PUDUKKOTTAI,332212,MANAMELKUDI,Rural,5,cat5,"HSS (VI-XII)",4,"Government Aided",1,General,0,0,0,0,0,0,0,0,0,0,0,0,0,0,0,0,0,0,0,0,0,0,0,0,0,0
2019-20,33,Tamilnadu,3322,PUDUKKOTTAI,332213,AVUDAIYARKOIL,Rural,5,cat5,"HSS (VI-XII)",4,"Government Aided",1,General,0,0,0,0,0,0,0,0,0,0,0,1,0,0,0,0,0,0,0,1,0,1,0,0,0,0
2019-20,33,Tamilnadu,3322,PUDUKKOTTAI,332201,KUNNANDARKOIL,Urban,5,cat5,"HSS (VI-XII)",4,"Government Aided",1,General,0,0,0,0,0,0,0,0,0,0,0,0,0,0,0,0,0,0,0,0,0,0,0,0,0,0
2019-20,33,Tamilnadu,3322,PUDUKKOTTAI,332202,ANNAVASAL,Urban,5,cat5,"HSS (VI-XII)",4,"Government Aided",1,General,0,0,0,0,0,0,0,0,0,0,0,0,0,0,0,0,0,0,0,0,0,0,0,0,1,1
2019-20,33,Tamilnadu,3322,PUDUKKOTTAI,332205,PUDUKKOTTAI,Urban,5,cat5,"HSS (VI-XII)",4,"Government Aided",1,General,0,0,0,0,0,0,0,1,4,6,11,5,2,6,0,0,0,0,0,3,2,2,16,11,7,5
2019-20,33,Tamilnadu,3322,PUDUKKOTTAI,332209,PONNAMARAVATHY,Urban,5,cat5,"HSS (VI-XII)",4,"Government Aided",1,General,0,0,0,0,0,0,0,0,1,0,1,0,0,0,0,0,0,0,0,0,0,0,0,0,0,0
2019-20,33,Tamilnadu,3322,PUDUKKOTTAI,332211,ARANTHANGI,Urban,5,cat5,"HSS (VI-XII)",4,"Government Aided",1,General,0,0,0,0,0,0,0,0,0,0,0,0,0,0,0,0,0,0,0,0,0,0,0,0,0,0
2019-20,33,Tamilnadu,3322,PUDUKKOTTAI,332207,KARAMBAKKUDI,Rural,5,cat5,"HSS (VI-XII)",5,"Private Unaided (Recognized)",1,General,0,0,0,0,0,0,0,0,0,0,0,0,0,0,0,0,0,0,0,0,0,0,0,0,0,0
2019-20,33,Tamilnadu,3322,PUDUKKOTTAI,332211,ARANTHANGI,Rural,5,cat5,"HSS (VI-XII)",5,"Private Unaided (Recognized)",1,General,0,0,0,0,0,0,0,1,0,0,0,1,0,2,0,0,0,0,0,0,0,0,1,1,0,1
2019-20,33,Tamilnadu,3322,PUDUKKOTTAI,332213,AVUDAIYARKOIL,Rural,5,cat5,"HSS (VI-XII)",5,"Private Unaided (Recognized)",1,General,0,0,0,0,0,0,0,0,0,0,0,1,0,0,0,0,0,0,0,0,0,0,0,0,0,0
2019-20,33,Tamilnadu,3322,PUDUKKOTTAI,332201,KUNNANDARKOIL,Rural,1,cat1,"PS (I-V)",1,"Department of Education",1,General,0,0,0,0,0,0,0,0,0,0,0,0,0,0,0,0,0,0,0,0,0,0,0,0,0,0
2019-20,33,Tamilnadu,3322,PUDUKKOTTAI,332202,ANNAVASAL,Rural,1,cat1,"PS (I-V)",1,"Department of Education",1,General,0,0,0,0,2,2,1,0,0,0,0,0,0,0,0,1,1,0,3,0,0,0,0,0,0,0
2019-20,33,Tamilnadu,3322,PUDUKKOTTAI,332203,VIRALIMALAI,Rural,1,cat1,"PS (I-V)",1,"Department of Education",1,General,0,0,1,1,0,0,0,0,0,0,0,0,0,0,3,2,1,0,0,0,0,0,0,0,0,0
2019-20,33,Tamilnadu,3322,PUDUKKOTTAI,332204,GANDARVAKKOTTAI,Rural,1,cat1,"PS (I-V)",1,"Department of Education",1,General,0,0,0,0,0,0,0,0,0,0,0,0,0,0,0,0,0,0,0,0,0,0,0,0,0,0
2019-20,33,Tamilnadu,3322,PUDUKKOTTAI,332205,PUDUKKOTTAI,Rural,1,cat1,"PS (I-V)",1,"Department of Education",1,General,0,0,0,0,0,0,1,0,0,0,0,0,0,0,0,0,1,0,1,0,0,0,0,0,0,0
2019-20,33,Tamilnadu,3322,PUDUKKOTTAI,332206,THIRUVARANKULAM,Rural,1,cat1,"PS (I-V)",1,"Department of Education",1,General,0,0,0,1,1,0,0,0,0,0,0,0,0,0,0,0,0,0,0,0,0,0,0,0,0,0
2019-20,33,Tamilnadu,3322,PUDUKKOTTAI,332207,KARAMBAKKUDI,Rural,1,cat1,"PS (I-V)",1,"Department of Education",1,General,0,0,1,1,0,1,0,0,0,0,0,0,0,0,0,0,0,0,0,0,0,0,0,0,0,0
2019-20,33,Tamilnadu,3322,PUDUKKOTTAI,332208,THIRUMAYAM,Rural,1,cat1,"PS (I-V)",1,"Department of Education",1,General,0,0,0,0,0,0,0,0,0,0,0,0,0,0,0,0,0,1,0,0,0,0,0,0,0,0
2019-20,33,Tamilnadu,3322,PUDUKKOTTAI,332209,PONNAMARAVATHY,Rural,1,cat1,"PS (I-V)",1,"Department of Education",1,General,0,0,0,0,0,0,1,0,0,0,0,0,0,0,0,0,0,0,0,0,0,0,0,0,0,0
2019-20,33,Tamilnadu,3322,PUDUKKOTTAI,332210,ARIMALAM,Rural,1,cat1,"PS (I-V)",1,"Department of Education",1,General,0,0,0,0,0,0,0,0,0,0,0,0,0,0,0,1,0,0,0,0,0,0,0,0,0,0
2019-20,33,Tamilnadu,3322,PUDUKKOTTAI,332211,ARANTHANGI,Rural,1,cat1,"PS (I-V)",1,"Department of Education",1,General,0,0,0,1,0,1,1,0,0,0,0,0,0,0,0,1,1,0,1,0,0,0,0,0,0,0
2019-20,33,Tamilnadu,3322,PUDUKKOTTAI,332212,MANAMELKUDI,Rural,1,cat1,"PS (I-V)",1,"Department of Education",1,General,0,0,0,0,0,0,0,0,0,0,0,0,0,0,0,0,0,0,0,0,0,0,0,0,0,0
2019-20,33,Tamilnadu,3322,PUDUKKOTTAI,332213,AVUDAIYARKOIL,Rural,1,cat1,"PS (I-V)",1,"Department of Education",1,General,0,0,0,0,1,0,0,0,0,0,0,0,0,0,0,0,1,0,1,0,0,0,0,0,0,0
2019-20,33,Tamilnadu,3322,PUDUKKOTTAI,332201,KUNNANDARKOIL,Urban,1,cat1,"PS (I-V)",1,"Department of Education",1,General,0,0,0,0,0,0,0,0,0,0,0,0,0,0,0,0,0,0,0,0,0,0,0,0,0,0
2019-20,33,Tamilnadu,3322,PUDUKKOTTAI,332202,ANNAVASAL,Urban,1,cat1,"PS (I-V)",1,"Department of Education",1,General,1,0,0,0,0,1,0,0,0,0,0,0,0,0,1,0,0,2,0,0,0,0,0,0,0,0
2019-20,33,Tamilnadu,3322,PUDUKKOTTAI,332205,PUDUKKOTTAI,Urban,1,cat1,"PS (I-V)",1,"Department of Education",1,General,0,0,0,0,0,0,0,0,0,0,0,0,0,0,0,0,0,0,0,0,0,0,0,0,0,0
2019-20,33,Tamilnadu,3322,PUDUKKOTTAI,332206,THIRUVARANKULAM,Urban,1,cat1,"PS (I-V)",1,"Department of Education",1,General,0,0,0,0,0,0,0,0,0,0,0,0,0,0,0,0,0,0,0,0,0,0,0,0,0,0
2019-20,33,Tamilnadu,3322,PUDUKKOTTAI,332207,KARAMBAKKUDI,Urban,1,cat1,"PS (I-V)",1,"Department of Education",1,General,0,0,0,0,0,0,0,0,0,0,0,0,0,0,0,0,0,0,0,0,0,0,0,0,0,0
2019-20,33,Tamilnadu,3322,PUDUKKOTTAI,332209,PONNAMARAVATHY,Urban,1,cat1,"PS (I-V)",1,"Department of Education",1,General,0,0,0,0,0,0,0,0,0,0,0,0,0,0,0,0,0,0,0,0,0,0,0,0,0,0
2019-20,33,Tamilnadu,3322,PUDUKKOTTAI,332210,ARIMALAM,Urban,1,cat1,"PS (I-V)",1,"Department of Education",1,General,0,0,0,0,0,0,0,0,0,0,0,0,0,0,0,0,0,0,0,0,0,0,0,0,0,0
2019-20,33,Tamilnadu,3322,PUDUKKOTTAI,332202,ANNAVASAL,Rural,1,cat1,"PS (I-V)",2,"Tribal Welfare Department",1,General,0,0,0,0,0,0,0,0,0,0,0,0,0,0,0,0,0,0,0,0,0,0,0,0,0,0
2019-20,33,Tamilnadu,3322,PUDUKKOTTAI,332204,GANDARVAKKOTTAI,Rural,1,cat1,"PS (I-V)",2,"Tribal Welfare Department",1,General,0,0,0,0,0,0,0,0,0,0,0,0,0,0,0,0,0,0,0,0,0,0,0,0,0,0
2019-20,33,Tamilnadu,3322,PUDUKKOTTAI,332205,PUDUKKOTTAI,Rural,1,cat1,"PS (I-V)",2,"Tribal Welfare Department",1,General,0,0,0,0,0,0,0,0,0,0,0,0,0,0,0,0,0,0,0,0,0,0,0,0,0,0
2019-20,33,Tamilnadu,3322,PUDUKKOTTAI,332206,THIRUVARANKULAM,Rural,1,cat1,"PS (I-V)",2,"Tribal Welfare Department",1,General,0,0,0,0,0,0,0,0,0,0,0,0,0,0,0,0,0,0,0,0,0,0,0,0,0,0
2019-20,33,Tamilnadu,3322,PUDUKKOTTAI,332207,KARAMBAKKUDI,Rural,1,cat1,"PS (I-V)",2,"Tribal Welfare Department",1,General,0,0,0,0,0,0,0,0,0,0,0,0,0,0,0,0,0,0,0,0,0,0,0,0,0,0
2019-20,33,Tamilnadu,3322,PUDUKKOTTAI,332208,THIRUMAYAM,Rural,1,cat1,"PS (I-V)",2,"Tribal Welfare Department",1,General,0,0,0,0,0,0,0,0,0,0,0,0,0,0,0,0,0,0,0,0,0,0,0,0,0,0
2019-20,33,Tamilnadu,3322,PUDUKKOTTAI,332213,AVUDAIYARKOIL,Rural,1,cat1,"PS (I-V)",2,"Tribal Welfare Department",1,General,0,0,0,0,0,0,0,0,0,0,0,0,0,0,0,0,0,0,0,0,0,0,0,0,0,0
2019-20,33,Tamilnadu,3322,PUDUKKOTTAI,332205,PUDUKKOTTAI,Urban,1,cat1,"PS (I-V)",3,"Local body",1,General,0,0,1,0,0,1,1,0,0,0,0,0,0,0,0,2,1,1,1,0,0,0,0,0,0,0
2019-20,33,Tamilnadu,3322,PUDUKKOTTAI,332211,ARANTHANGI,Urban,1,cat1,"PS (I-V)",3,"Local body",1,General,0,0,0,0,0,0,0,0,0,0,0,0,0,0,0,0,0,0,0,0,0,0,0,0,0,0
2019-20,33,Tamilnadu,3322,PUDUKKOTTAI,332201,KUNNANDARKOIL,Rural,1,cat1,"PS (I-V)",4,"Government Aided",1,General,0,0,0,0,0,0,0,0,0,0,0,0,0,0,0,0,0,0,0,0,0,0,0,0,0,0
2019-20,33,Tamilnadu,3322,PUDUKKOTTAI,332202,ANNAVASAL,Rural,1,cat1,"PS (I-V)",4,"Government Aided",1,General,0,0,0,0,0,0,0,0,0,0,0,0,0,0,0,0,0,0,0,0,0,0,0,0,0,0
2019-20,33,Tamilnadu,3322,PUDUKKOTTAI,332203,VIRALIMALAI,Rural,1,cat1,"PS (I-V)",4,"Government Aided",1,General,0,0,0,0,0,0,0,0,0,0,0,0,0,0,0,0,0,0,0,0,0,0,0,0,0,0
2019-20,33,Tamilnadu,3322,PUDUKKOTTAI,332205,PUDUKKOTTAI,Rural,1,cat1,"PS (I-V)",4,"Government Aided",1,General,0,0,0,0,0,0,0,0,0,0,0,0,0,0,0,0,0,0,0,0,0,0,0,0,0,0
2019-20,33,Tamilnadu,3322,PUDUKKOTTAI,332206,THIRUVARANKULAM,Rural,1,cat1,"PS (I-V)",4,"Government Aided",1,General,0,0,0,0,0,0,0,0,0,0,0,0,0,0,0,0,0,0,0,0,0,0,0,0,0,0
2019-20,33,Tamilnadu,3322,PUDUKKOTTAI,332207,KARAMBAKKUDI,Rural,1,cat1,"PS (I-V)",4,"Government Aided",1,General,0,0,0,0,0,0,0,0,0,0,0,0,0,0,0,0,0,0,0,0,0,0,0,0,0,0
2019-20,33,Tamilnadu,3322,PUDUKKOTTAI,332208,THIRUMAYAM,Rural,1,cat1,"PS (I-V)",4,"Government Aided",1,General,0,0,1,0,0,1,0,0,0,0,0,0,0,0,0,1,0,0,1,0,0,0,0,0,0,0
2019-20,33,Tamilnadu,3322,PUDUKKOTTAI,332209,PONNAMARAVATHY,Rural,1,cat1,"PS (I-V)",4,"Government Aided",1,General,0,0,0,0,0,0,0,0,0,0,0,0,0,0,0,0,0,0,0,0,0,0,0,0,0,0
2019-20,33,Tamilnadu,3322,PUDUKKOTTAI,332210,ARIMALAM,Rural,1,cat1,"PS (I-V)",4,"Government Aided",1,General,0,0,0,0,0,0,0,0,0,0,0,0,0,0,0,0,0,0,1,0,0,0,0,0,0,0
2019-20,33,Tamilnadu,3322,PUDUKKOTTAI,332212,MANAMELKUDI,Rural,1,cat1,"PS (I-V)",4,"Government Aided",1,General,0,0,0,0,0,0,0,0,0,0,0,0,0,0,0,0,0,0,0,0,0,0,0,0,0,0
2019-20,33,Tamilnadu,3322,PUDUKKOTTAI,332213,AVUDAIYARKOIL,Rural,1,cat1,"PS (I-V)",4,"Government Aided",1,General,0,0,0,0,0,0,0,0,0,0,0,0,0,0,0,0,0,0,0,0,0,0,0,0,0,0
2019-20,33,Tamilnadu,3322,PUDUKKOTTAI,332202,ANNAVASAL,Urban,1,cat1,"PS (I-V)",4,"Government Aided",1,General,0,0,0,1,0,0,0,0,0,0,0,0,0,0,0,0,1,0,0,0,0,0,0,0,0,0
2019-20,33,Tamilnadu,3322,PUDUKKOTTAI,332205,PUDUKKOTTAI,Urban,1,cat1,"PS (I-V)",4,"Government Aided",1,General,0,0,0,0,0,0,0,0,0,0,0,0,0,0,0,0,0,0,1,0,0,0,0,0,0,0
2019-20,33,Tamilnadu,3322,PUDUKKOTTAI,332207,KARAMBAKKUDI,Urban,1,cat1,"PS (I-V)",4,"Government Aided",1,General,0,0,0,0,0,0,0,0,0,0,0,0,0,0,0,0,0,0,0,0,0,0,0,0,0,0
2019-20,33,Tamilnadu,3322,PUDUKKOTTAI,332209,PONNAMARAVATHY,Urban,1,cat1,"PS (I-V)",4,"Government Aided",1,General,0,0,0,0,0,0,0,0,0,0,0,0,0,0,0,0,0,0,1,0,0,0,0,0,0,0
2019-20,33,Tamilnadu,3322,PUDUKKOTTAI,332211,ARANTHANGI,Urban,1,cat1,"PS (I-V)",4,"Government Aided",1,General,0,0,1,0,0,0,0,0,0,0,0,0,0,0,0,0,1,0,0,0,0,0,0,0,0,0
2019-20,33,Tamilnadu,3322,PUDUKKOTTAI,332201,KUNNANDARKOIL,Rural,1,cat1,"PS (I-V)",5,"Private Unaided (Recognized)",1,General,0,0,0,1,0,0,0,0,0,0,0,0,0,0,0,0,0,0,0,0,0,0,0,0,0,0
2019-20,33,Tamilnadu,3322,PUDUKKOTTAI,332202,ANNAVASAL,Rural,1,cat1,"PS (I-V)",5,"Private Unaided (Recognized)",1,General,0,2,1,0,0,1,0,0,0,0,0,0,0,0,0,0,0,0,0,0,0,0,0,0,0,0
2019-20,33,Tamilnadu,3322,PUDUKKOTTAI,332203,VIRALIMALAI,Rural,1,cat1,"PS (I-V)",5,"Private Unaided (Recognized)",1,General,2,3,0,0,1,0,0,0,0,0,0,0,0,0,1,0,0,0,0,0,0,0,0,0,0,0
2019-20,33,Tamilnadu,3322,PUDUKKOTTAI,332204,GANDARVAKKOTTAI,Rural,1,cat1,"PS (I-V)",5,"Private Unaided (Recognized)",1,General,0,0,0,0,1,0,0,0,0,0,0,0,0,0,1,0,0,1,1,0,0,0,0,0,0,0
2019-20,33,Tamilnadu,3322,PUDUKKOTTAI,332205,PUDUKKOTTAI,Rural,1,cat1,"PS (I-V)",5,"Private Unaided (Recognized)",1,General,0,0,2,1,0,0,2,0,0,0,0,0,0,0,1,0,1,1,0,0,0,0,0,0,0,0
2019-20,33,Tamilnadu,3322,PUDUKKOTTAI,332206,THIRUVARANKULAM,Rural,1,cat1,"PS (I-V)",5,"Private Unaided (Recognized)",1,General,8,3,2,2,3,6,1,0,0,0,0,0,0,0,2,5,1,3,0,0,0,0,0,0,0,0
2019-20,33,Tamilnadu,3322,PUDUKKOTTAI,332207,KARAMBAKKUDI,Rural,1,cat1,"PS (I-V)",5,"Private Unaided (Recognized)",1,General,0,0,0,0,0,0,0,0,0,0,0,0,0,0,0,0,0,0,0,0,0,0,0,0,0,0
2019-20,33,Tamilnadu,3322,PUDUKKOTTAI,332208,THIRUMAYAM,Rural,1,cat1,"PS (I-V)",5,"Private Unaided (Recognized)",1,General,3,0,1,0,1,0,1,0,0,0,0,0,0,0,3,0,2,0,0,0,0,0,0,0,0,0
2019-20,33,Tamilnadu,3322,PUDUKKOTTAI,332210,ARIMALAM,Rural,1,cat1,"PS (I-V)",5,"Private Unaided (Recognized)",1,General,1,4,0,1,0,0,0,0,0,0,0,0,0,0,3,0,0,1,0,0,0,0,0,0,0,0
2019-20,33,Tamilnadu,3322,PUDUKKOTTAI,332211,ARANTHANGI,Rural,1,cat1,"PS (I-V)",5,"Private Unaided (Recognized)",1,General,2,2,1,0,0,1,0,0,0,0,0,0,0,0,0,1,0,0,1,0,0,0,0,0,0,0
2019-20,33,Tamilnadu,3322,PUDUKKOTTAI,332212,MANAMELKUDI,Rural,1,cat1,"PS (I-V)",5,"Private Unaided (Recognized)",1,General,1,0,0,0,1,0,1,0,0,0,0,0,0,0,1,0,1,1,0,0,0,0,0,0,0,0
2019-20,33,Tamilnadu,3322,PUDUKKOTTAI,332213,AVUDAIYARKOIL,Rural,1,cat1,"PS (I-V)",5,"Private Unaided (Recognized)",1,General,1,2,1,0,0,0,0,0,0,0,0,0,0,0,1,0,0,2,2,0,0,0,0,0,0,0
2019-20,33,Tamilnadu,3322,PUDUKKOTTAI,332201,KUNNANDARKOIL,Urban,1,cat1,"PS (I-V)",5,"Private Unaided (Recognized)",1,General,0,0,1,0,1,0,0,0,0,0,0,0,0,0,0,1,1,1,0,0,0,0,0,0,0,0
2019-20,33,Tamilnadu,3322,PUDUKKOTTAI,332205,PUDUKKOTTAI,Urban,1,cat1,"PS (I-V)",5,"Private Unaided (Recognized)",1,General,20,17,9,7,2,3,6,0,0,0,0,0,0,0,6,3,5,9,1,0,0,0,0,0,0,0
2019-20,33,Tamilnadu,3322,PUDUKKOTTAI,332206,THIRUVARANKULAM,Urban,1,cat1,"PS (I-V)",5,"Private Unaided (Recognized)",1,General,0,1,1,0,0,0,0,0,0,0,0,0,0,0,0,0,0,0,0,0,0,0,0,0,0,0
2019-20,33,Tamilnadu,3322,PUDUKKOTTAI,332207,KARAMBAKKUDI,Urban,1,cat1,"PS (I-V)",5,"Private Unaided (Recognized)",1,General,1,0,1,1,0,0,0,0,0,0,0,0,0,0,0,0,2,0,1,0,0,0,0,0,0,0
2019-20,33,Tamilnadu,3322,PUDUKKOTTAI,332209,PONNAMARAVATHY,Urban,1,cat1,"PS (I-V)",5,"Private Unaided (Recognized)",1,General,2,1,0,1,0,0,0,0,0,0,0,0,0,0,0,0,0,0,0,0,0,0,0,0,0,0
2019-20,33,Tamilnadu,3322,PUDUKKOTTAI,332210,ARIMALAM,Urban,1,cat1,"PS (I-V)",5,"Private Unaided (Recognized)",1,General,0,0,0,0,0,0,0,0,0,0,0,0,0,0,0,0,0,0,0,0,0,0,0,0,0,0
2019-20,33,Tamilnadu,3322,PUDUKKOTTAI,332211,ARANTHANGI,Urban,1,cat1,"PS (I-V)",5,"Private Unaided (Recognized)",1,General,1,2,0,2,0,2,0,0,0,0,0,0,0,0,1,1,0,0,2,0,0,0,0,0,0,0
2019-20,33,Tamilnadu,3322,PUDUKKOTTAI,332201,KUNNANDARKOIL,Rural,1,cat1,"PS (I-V)",8,Unrecognized,1,General,0,0,0,0,0,0,0,0,0,0,0,0,0,0,0,0,0,0,0,0,0,0,0,0,0,0
2019-20,33,Tamilnadu,3322,PUDUKKOTTAI,332204,GANDARVAKKOTTAI,Rural,1,cat1,"PS (I-V)",8,Unrecognized,1,General,1,0,0,0,0,0,0,0,0,0,0,0,0,0,0,0,0,0,0,0,0,0,0,0,0,0
2019-20,33,Tamilnadu,3322,PUDUKKOTTAI,332205,PUDUKKOTTAI,Rural,1,cat1,"PS (I-V)",8,Unrecognized,1,General,0,0,0,0,0,0,0,0,0,0,0,0,0,0,0,0,0,0,0,0,0,0,0,0,0,0
2019-20,33,Tamilnadu,3322,PUDUKKOTTAI,332209,PONNAMARAVATHY,Rural,1,cat1,"PS (I-V)",8,Unrecognized,1,General,1,0,0,0,0,0,0,0,0,0,0,0,0,0,0,0,0,0,0,0,0,0,0,0,0,0
2019-20,33,Tamilnadu,3322,PUDUKKOTTAI,332212,MANAMELKUDI,Rural,1,cat1,"PS (I-V)",8,Unrecognized,1,General,0,0,0,0,0,0,0,0,0,0,0,0,0,0,0,0,0,0,0,0,0,0,0,0,0,0
2019-20,33,Tamilnadu,3322,PUDUKKOTTAI,332205,PUDUKKOTTAI,Urban,1,cat1,"PS (I-V)",90,"Social welfare Department",1,General,0,0,0,0,0,0,0,0,0,0,0,0,0,0,0,0,0,0,0,0,0,0,0,0,0,0
2019-20,33,Tamilnadu,3322,PUDUKKOTTAI,332208,THIRUMAYAM,Rural,6,cat6,"SS (I-X)",4,"Government Aided",1,General,0,0,0,0,0,0,0,0,0,0,2,0,0,0,0,0,0,0,0,0,1,0,0,0,0,0
2019-20,33,Tamilnadu,3322,PUDUKKOTTAI,332211,ARANTHANGI,Rural,6,cat6,"SS (I-X)",4,"Government Aided",1,General,0,0,0,0,0,0,0,0,0,0,0,0,0,0,0,0,0,0,0,0,0,0,0,0,0,0
2019-20,33,Tamilnadu,3322,PUDUKKOTTAI,332202,ANNAVASAL,Rural,6,cat6,"SS (I-X)",5,"Private Unaided (Recognized)",1,General,0,0,0,2,3,1,0,1,0,0,0,1,0,0,0,0,1,0,2,0,2,1,1,0,0,0
2019-20,33,Tamilnadu,3322,PUDUKKOTTAI,332203,VIRALIMALAI,Rural,6,cat6,"SS (I-X)",5,"Private Unaided (Recognized)",1,General,1,3,1,1,3,0,1,0,0,1,1,0,0,0,0,2,2,0,0,1,0,1,3,2,0,0
2019-20,33,Tamilnadu,3322,PUDUKKOTTAI,332204,GANDARVAKKOTTAI,Rural,6,cat6,"SS (I-X)",5,"Private Unaided (Recognized)",1,General,0,2,0,0,0,0,0,0,0,1,0,0,0,0,1,1,0,0,0,0,0,0,0,0,0,0
2019-20,33,Tamilnadu,3322,PUDUKKOTTAI,332205,PUDUKKOTTAI,Rural,6,cat6,"SS (I-X)",5,"Private Unaided (Recognized)",1,General,0,0,0,0,0,0,0,0,0,0,0,0,0,0,0,0,0,0,0,0,0,1,0,0,0,0
2019-20,33,Tamilnadu,3322,PUDUKKOTTAI,332206,THIRUVARANKULAM,Rural,6,cat6,"SS (I-X)",5,"Private Unaided (Recognized)",1,General,0,0,0,0,1,0,0,0,0,0,1,0,0,0,1,0,0,0,1,0,0,0,0,0,0,0
2019-20,33,Tamilnadu,3322,PUDUKKOTTAI,332208,THIRUMAYAM,Rural,6,cat6,"SS (I-X)",5,"Private Unaided (Recognized)",1,General,1,1,2,0,1,1,0,3,1,0,2,0,0,0,1,4,2,2,2,1,2,1,0,2,0,0
2019-20,33,Tamilnadu,3322,PUDUKKOTTAI,332209,PONNAMARAVATHY,Rural,6,cat6,"SS (I-X)",5,"Private Unaided (Recognized)",1,General,2,2,1,0,5,4,3,1,0,1,0,0,0,0,3,4,4,3,0,1,3,2,0,0,0,0
2019-20,33,Tamilnadu,3322,PUDUKKOTTAI,332210,ARIMALAM,Rural,6,cat6,"SS (I-X)",5,"Private Unaided (Recognized)",1,General,1,0,2,0,0,0,0,0,1,0,0,0,0,0,1,1,0,0,0,0,0,0,0,0,0,0
2019-20,33,Tamilnadu,3322,PUDUKKOTTAI,332211,ARANTHANGI,Rural,6,cat6,"SS (I-X)",5,"Private Unaided (Recognized)",1,General,0,0,0,1,0,0,1,1,0,0,0,0,0,0,0,0,1,1,1,0,0,0,0,0,0,0
2019-20,33,Tamilnadu,3322,PUDUKKOTTAI,332212,MANAMELKUDI,Rural,6,cat6,"SS (I-X)",5,"Private Unaided (Recognized)",1,General,0,0,0,0,0,0,0,0,0,0,0,0,0,0,0,0,0,0,0,0,0,0,0,0,0,0
2019-20,33,Tamilnadu,3322,PUDUKKOTTAI,332202,ANNAVASAL,Urban,6,cat6,"SS (I-X)",5,"Private Unaided (Recognized)",1,General,0,0,1,0,0,0,0,0,1,0,0,0,0,0,0,0,0,0,0,0,0,0,1,0,0,0
2019-20,33,Tamilnadu,3322,PUDUKKOTTAI,332205,PUDUKKOTTAI,Urban,6,cat6,"SS (I-X)",5,"Private Unaided (Recognized)",1,General,1,1,0,2,1,0,0,1,1,0,0,2,0,0,0,1,1,0,0,1,0,1,3,0,0,0
2019-20,33,Tamilnadu,3322,PUDUKKOTTAI,332207,KARAMBAKKUDI,Urban,6,cat6,"SS (I-X)",5,"Private Unaided (Recognized)",1,General,0,0,0,0,0,0,0,0,1,0,0,0,0,0,0,0,0,0,0,0,1,0,0,0,0,0
2019-20,33,Tamilnadu,3322,PUDUKKOTTAI,332209,PONNAMARAVATHY,Urban,6,cat6,"SS (I-X)",5,"Private Unaided (Recognized)",1,General,0,0,0,0,0,1,0,1,0,0,0,0,0,0,0,0,1,0,0,0,0,0,0,0,0,0
2019-20,33,Tamilnadu,3322,PUDUKKOTTAI,332211,ARANTHANGI,Urban,6,cat6,"SS (I-X)",5,"Private Unaided (Recognized)",1,General,0,0,0,0,0,0,0,0,0,0,0,1,0,0,0,0,0,0,0,0,0,0,0,0,0,0
2019-20,33,Tamilnadu,3322,PUDUKKOTTAI,332201,KUNNANDARKOIL,Rural,7,cat7,"SS (VI-X)",1,"Department of Education",1,General,0,0,0,0,0,0,0,0,0,0,0,0,0,0,0,0,0,0,0,0,0,0,0,0,0,0
2019-20,33,Tamilnadu,3322,PUDUKKOTTAI,332202,ANNAVASAL,Rural,7,cat7,"SS (VI-X)",1,"Department of Education",1,General,0,0,0,0,0,0,0,3,2,0,0,1,0,0,0,0,0,0,0,3,0,0,0,0,0,0
2019-20,33,Tamilnadu,3322,PUDUKKOTTAI,332203,VIRALIMALAI,Rural,7,cat7,"SS (VI-X)",1,"Department of Education",1,General,0,0,0,0,0,0,0,0,0,1,0,0,0,0,0,0,0,0,0,0,0,0,0,1,0,0
2019-20,33,Tamilnadu,3322,PUDUKKOTTAI,332204,GANDARVAKKOTTAI,Rural,7,cat7,"SS (VI-X)",1,"Department of Education",1,General,0,0,0,0,0,0,0,0,0,0,0,0,0,0,0,0,0,0,0,0,0,0,0,0,0,0
2019-20,33,Tamilnadu,3322,PUDUKKOTTAI,332205,PUDUKKOTTAI,Rural,7,cat7,"SS (VI-X)",1,"Department of Education",1,General,0,0,0,0,0,0,0,0,1,0,1,0,0,0,0,0,0,0,0,0,0,0,0,0,0,0
2019-20,33,Tamilnadu,3322,PUDUKKOTTAI,332206,THIRUVARANKULAM,Rural,7,cat7,"SS (VI-X)",1,"Department of Education",1,General,0,0,0,0,0,0,0,0,0,0,0,0,0,0,0,0,0,0,0,0,0,0,0,0,0,0
2019-20,33,Tamilnadu,3322,PUDUKKOTTAI,332207,KARAMBAKKUDI,Rural,7,cat7,"SS (VI-X)",1,"Department of Education",1,General,0,0,0,0,0,0,0,2,2,0,0,1,0,0,0,0,0,0,0,0,0,0,2,0,0,0
2019-20,33,Tamilnadu,3322,PUDUKKOTTAI,332208,THIRUMAYAM,Rural,7,cat7,"SS (VI-X)",1,"Department of Education",1,General,0,0,0,0,0,0,0,0,0,0,0,0,0,0,0,0,0,0,0,0,0,0,0,0,0,0
2019-20,33,Tamilnadu,3322,PUDUKKOTTAI,332209,PONNAMARAVATHY,Rural,7,cat7,"SS (VI-X)",1,"Department of Education",1,General,0,0,0,0,0,0,0,0,0,0,0,0,0,0,0,0,0,0,0,0,0,0,0,0,0,0
2019-20,33,Tamilnadu,3322,PUDUKKOTTAI,332210,ARIMALAM,Rural,7,cat7,"SS (VI-X)",1,"Department of Education",1,General,0,0,0,0,0,0,0,0,0,0,0,0,0,0,0,0,0,0,0,0,0,0,0,0,0,0
2019-20,33,Tamilnadu,3322,PUDUKKOTTAI,332211,ARANTHANGI,Rural,7,cat7,"SS (VI-X)",1,"Department of Education",1,General,0,0,0,0,0,0,0,0,0,5,2,0,0,0,0,0,0,0,0,0,0,1,3,3,0,0
2019-20,33,Tamilnadu,3322,PUDUKKOTTAI,332212,MANAMELKUDI,Rural,7,cat7,"SS (VI-X)",1,"Department of Education",1,General,0,0,0,0,0,0,0,0,0,0,1,0,0,0,0,0,0,0,0,0,0,0,0,0,0,0
2019-20,33,Tamilnadu,3322,PUDUKKOTTAI,332213,AVUDAIYARKOIL,Rural,7,cat7,"SS (VI-X)",1,"Department of Education",1,General,0,0,0,0,0,0,0,0,1,0,0,0,0,0,0,0,0,0,0,0,0,0,0,0,0,0
2019-20,33,Tamilnadu,3322,PUDUKKOTTAI,332202,ANNAVASAL,Urban,7,cat7,"SS (VI-X)",1,"Department of Education",1,General,0,0,0,0,0,0,0,0,0,0,0,0,0,0,0,0,0,0,0,0,0,0,0,1,0,0
2019-20,33,Tamilnadu,3322,PUDUKKOTTAI,332205,PUDUKKOTTAI,Urban,7,cat7,"SS (VI-X)",1,"Department of Education",1,General,0,0,0,0,0,0,0,0,0,0,0,0,0,0,0,0,0,0,0,1,3,4,3,4,0,0
2019-20,33,Tamilnadu,3322,PUDUKKOTTAI,332202,ANNAVASAL,Rural,7,cat7,"SS (VI-X)",2,"Tribal Welfare Department",1,General,0,0,0,0,0,0,0,0,0,0,0,0,0,0,0,0,0,0,0,0,0,0,0,0,0,0
2019-20,33,Tamilnadu,3322,PUDUKKOTTAI,332207,KARAMBAKKUDI,Rural,7,cat7,"SS (VI-X)",2,"Tribal Welfare Department",1,General,0,0,0,0,0,0,0,0,0,0,0,0,0,0,0,0,0,0,0,0,0,0,0,0,0,0
2019-20,33,Tamilnadu,3322,PUDUKKOTTAI,332205,PUDUKKOTTAI,Urban,7,cat7,"SS (VI-X)",3,"Local body",1,General,0,0,0,0,0,0,0,3,0,0,0,0,0,0,0,0,0,0,0,0,0,0,0,0,0,0
2019-20,33,Tamilnadu,3322,PUDUKKOTTAI,332203,VIRALIMALAI,Rural,7,cat7,"SS (VI-X)",4,"Government Aided",1,General,0,0,0,0,0,0,0,0,0,0,0,0,0,0,0,0,0,0,0,0,0,0,0,0,0,0
2019-20,33,Tamilnadu,3322,PUDUKKOTTAI,332208,THIRUMAYAM,Rural,7,cat7,"SS (VI-X)",4,"Government Aided",1,General,0,0,0,0,0,0,0,0,0,0,0,0,0,0,0,0,0,0,0,0,0,0,3,0,0,0
2019-20,33,Tamilnadu,3322,PUDUKKOTTAI,332209,PONNAMARAVATHY,Rural,7,cat7,"SS (VI-X)",4,"Government Aided",1,General,0,0,0,0,0,0,0,0,0,0,0,0,0,0,0,0,0,0,0,0,1,0,1,0,0,0
2019-20,33,Tamilnadu,3322,PUDUKKOTTAI,332210,ARIMALAM,Rural,7,cat7,"SS (VI-X)",4,"Government Aided",1,General,0,0,0,0,0,0,0,0,1,0,0,2,0,0,0,0,0,0,0,1,0,1,1,0,0,0
2019-20,33,Tamilnadu,3322,PUDUKKOTTAI,332213,AVUDAIYARKOIL,Rural,7,cat7,"SS (VI-X)",4,"Government Aided",1,General,0,0,0,0,0,0,0,0,0,0,0,0,0,0,0,0,0,0,0,0,0,0,0,0,0,0
2019-20,33,Tamilnadu,3322,PUDUKKOTTAI,332205,PUDUKKOTTAI,Urban,7,cat7,"SS (VI-X)",4,"Government Aided",1,General,0,0,0,0,0,0,0,0,0,0,1,3,0,0,0,0,0,0,0,0,0,0,0,1,0,0
2019-20,33,Tamilnadu,3322,PUDUKKOTTAI,332211,ARANTHANGI,Urban,7,cat7,"SS (VI-X)",4,"Government Aided",1,General,0,0,0,0,0,0,0,0,0,0,0,0,0,0,0,0,0,0,0,0,0,0,1,0,0,0
2019-20,33,Tamilnadu,3322,PUDUKKOTTAI,332201,KUNNANDARKOIL,Rural,7,cat7,"SS (VI-X)",5,"Private Unaided (Recognized)",1,General,0,0,0,0,0,0,0,0,0,0,0,0,0,0,0,0,0,0,0,0,0,0,0,0,0,0
2019-20,33,Tamilnadu,3322,PUDUKKOTTAI,332202,ANNAVASAL,Rural,7,cat7,"SS (VI-X)",5,"Private Unaided (Recognized)",1,General,0,0,0,0,0,0,0,0,0,0,0,0,0,0,0,0,0,0,0,0,0,0,0,0,0,0
2019-20,33,Tamilnadu,3322,PUDUKKOTTAI,332206,THIRUVARANKULAM,Rural,7,cat7,"SS (VI-X)",5,"Private Unaided (Recognized)",1,General,0,0,0,0,0,0,0,0,0,0,0,0,0,0,0,0,0,0,0,0,0,0,0,0,0,0
2019-20,33,Tamilnadu,3322,PUDUKKOTTAI,332211,ARANTHANGI,Rural,7,cat7,"SS (VI-X)",5,"Private Unaided (Recognized)",1,General,0,0,0,0,0,0,0,0,0,0,0,0,0,0,0,0,0,0,0,0,0,0,0,0,0,0
2019-20,33,Tamilnadu,3322,PUDUKKOTTAI,332201,KUNNANDARKOIL,Rural,2,cat2,"UPS (I-VIII)",1,"Department of Education",1,General,0,0,1,0,0,0,0,0,0,0,0,0,0,0,0,0,0,0,2,0,0,0,0,0,0,0
2019-20,33,Tamilnadu,3322,PUDUKKOTTAI,332202,ANNAVASAL,Rural,2,cat2,"UPS (I-VIII)",1,"Department of Education",1,General,0,0,0,0,0,0,0,0,2,0,0,0,0,0,0,0,0,0,0,0,0,0,0,0,0,0
2019-20,33,Tamilnadu,3322,PUDUKKOTTAI,332203,VIRALIMALAI,Rural,2,cat2,"UPS (I-VIII)",1,"Department of Education",1,General,0,0,0,0,0,0,0,0,0,0,0,0,0,0,0,0,0,0,0,0,0,0,0,0,0,0
2019-20,33,Tamilnadu,3322,PUDUKKOTTAI,332204,GANDARVAKKOTTAI,Rural,2,cat2,"UPS (I-VIII)",1,"Department of Education",1,General,0,0,0,0,0,0,0,0,0,0,0,0,0,0,0,0,0,0,1,0,0,0,0,0,0,0
2019-20,33,Tamilnadu,3322,PUDUKKOTTAI,332205,PUDUKKOTTAI,Rural,2,cat2,"UPS (I-VIII)",1,"Department of Education",1,General,0,0,0,0,0,0,0,0,0,0,0,0,0,0,0,0,0,0,0,0,0,0,0,0,0,0
2019-20,33,Tamilnadu,3322,PUDUKKOTTAI,332206,THIRUVARANKULAM,Rural,2,cat2,"UPS (I-VIII)",1,"Department of Education",1,General,1,0,0,0,0,0,1,0,0,0,0,0,0,0,0,0,0,0,0,0,0,0,0,0,0,0
2019-20,33,Tamilnadu,3322,PUDUKKOTTAI,332207,KARAMBAKKUDI,Rural,2,cat2,"UPS (I-VIII)",1,"Department of Education",1,General,0,0,0,0,0,0,0,0,0,0,0,0,0,0,0,0,0,0,0,0,0,0,0,0,0,0
2019-20,33,Tamilnadu,3322,PUDUKKOTTAI,332208,THIRUMAYAM,Rural,2,cat2,"UPS (I-VIII)",1,"Department of Education",1,General,0,1,0,0,0,0,1,0,0,0,0,0,0,0,0,0,0,0,1,0,0,0,0,0,0,0
2019-20,33,Tamilnadu,3322,PUDUKKOTTAI,332209,PONNAMARAVATHY,Rural,2,cat2,"UPS (I-VIII)",1,"Department of Education",1,General,0,0,0,0,0,0,0,0,0,0,0,0,0,0,0,0,0,0,0,0,0,0,0,0,0,0
2019-20,33,Tamilnadu,3322,PUDUKKOTTAI,332210,ARIMALAM,Rural,2,cat2,"UPS (I-VIII)",1,"Department of Education",1,General,0,0,0,0,0,0,0,0,2,0,0,0,0,0,0,0,0,0,0,0,0,0,0,0,0,0
2019-20,33,Tamilnadu,3322,PUDUKKOTTAI,332211,ARANTHANGI,Rural,2,cat2,"UPS (I-VIII)",1,"Department of Education",1,General,0,0,0,1,0,0,0,0,0,0,0,0,0,0,0,0,1,0,0,0,0,0,0,0,0,0
2019-20,33,Tamilnadu,3322,PUDUKKOTTAI,332212,MANAMELKUDI,Rural,2,cat2,"UPS (I-VIII)",1,"Department of Education",1,General,0,0,0,0,0,0,0,0,0,0,0,0,0,0,1,0,0,0,0,0,0,0,0,0,0,0
2019-20,33,Tamilnadu,3322,PUDUKKOTTAI,332213,AVUDAIYARKOIL,Rural,2,cat2,"UPS (I-VIII)",1,"Department of Education",1,General,0,0,0,0,0,0,0,0,0,1,0,0,0,0,0,0,0,0,0,0,0,0,0,0,0,0
2019-20,33,Tamilnadu,3322,PUDUKKOTTAI,332205,PUDUKKOTTAI,Urban,2,cat2,"UPS (I-VIII)",1,"Department of Education",1,General,0,0,0,0,0,0,1,1,0,0,0,0,0,0,0,0,0,0,0,0,0,1,0,0,0,0
2019-20,33,Tamilnadu,3322,PUDUKKOTTAI,332206,THIRUVARANKULAM,Urban,2,cat2,"UPS (I-VIII)",1,"Department of Education",1,General,0,0,0,0,0,0,0,0,0,0,0,0,0,0,0,0,0,0,0,0,0,0,0,0,0,0
2019-20,33,Tamilnadu,3322,PUDUKKOTTAI,332207,KARAMBAKKUDI,Urban,2,cat2,"UPS (I-VIII)",1,"Department of Education",1,General,0,0,0,0,0,0,0,0,0,0,0,0,0,0,0,0,0,0,0,0,0,0,0,0,0,0
2019-20,33,Tamilnadu,3322,PUDUKKOTTAI,332209,PONNAMARAVATHY,Urban,2,cat2,"UPS (I-VIII)",1,"Department of Education",1,General,0,0,0,0,0,0,1,0,0,0,0,0,0,0,1,0,0,0,0,0,0,0,0,0,0,0
2019-20,33,Tamilnadu,3322,PUDUKKOTTAI,332205,PUDUKKOTTAI,Urban,2,cat2,"UPS (I-VIII)",3,"Local body",1,General,3,1,0,0,0,1,0,0,0,0,0,0,0,0,0,0,1,0,0,1,0,0,0,0,0,0
2019-20,33,Tamilnadu,3322,PUDUKKOTTAI,332211,ARANTHANGI,Urban,2,cat2,"UPS (I-VIII)",3,"Local body",1,General,0,0,0,0,0,0,0,0,1,0,0,0,0,0,0,0,0,0,0,0,0,0,0,0,0,0
2019-20,33,Tamilnadu,3322,PUDUKKOTTAI,332201,KUNNANDARKOIL,Rural,2,cat2,"UPS (I-VIII)",4,"Government Aided",1,General,0,0,0,0,0,0,0,0,0,0,0,0,0,0,0,0,0,0,0,0,0,0,0,0,0,0
2019-20,33,Tamilnadu,3322,PUDUKKOTTAI,332203,VIRALIMALAI,Rural,2,cat2,"UPS (I-VIII)",4,"Government Aided",1,General,0,0,1,0,0,1,0,0,0,1,0,0,0,0,0,0,0,0,0,2,1,0,0,0,0,0
2019-20,33,Tamilnadu,3322,PUDUKKOTTAI,332205,PUDUKKOTTAI,Rural,2,cat2,"UPS (I-VIII)",4,"Government Aided",1,General,0,0,0,0,0,0,0,0,0,0,0,0,0,0,0,0,0,0,0,0,0,0,0,0,0,0
2019-20,33,Tamilnadu,3322,PUDUKKOTTAI,332206,THIRUVARANKULAM,Rural,2,cat2,"UPS (I-VIII)",4,"Government Aided",1,General,0,0,0,0,0,0,0,0,0,0,0,0,0,0,0,0,0,0,0,0,0,0,0,0,0,0
2019-20,33,Tamilnadu,3322,PUDUKKOTTAI,332208,THIRUMAYAM,Rural,2,cat2,"UPS (I-VIII)",4,"Government Aided",1,General,0,0,1,0,0,0,0,0,0,0,0,0,0,0,0,0,0,0,0,0,0,0,0,0,0,0
2019-20,33,Tamilnadu,3322,PUDUKKOTTAI,332210,ARIMALAM,Rural,2,cat2,"UPS (I-VIII)",4,"Government Aided",1,General,0,0,0,0,0,0,0,0,0,0,0,0,0,0,0,0,0,0,0,0,0,0,0,0,0,0
2019-20,33,Tamilnadu,3322,PUDUKKOTTAI,332211,ARANTHANGI,Rural,2,cat2,"UPS (I-VIII)",4,"Government Aided",1,General,0,0,0,0,0,0,0,0,0,0,0,0,0,0,0,0,0,0,0,0,0,0,0,0,0,0
2019-20,33,Tamilnadu,3322,PUDUKKOTTAI,332212,MANAMELKUDI,Rural,2,cat2,"UPS (I-VIII)",4,"Government Aided",1,General,0,0,0,0,0,0,0,0,0,0,0,0,0,0,0,0,0,0,0,0,0,0,0,0,0,0
2019-20,33,Tamilnadu,3322,PUDUKKOTTAI,332213,AVUDAIYARKOIL,Rural,2,cat2,"UPS (I-VIII)",4,"Government Aided",1,General,0,0,0,0,0,0,0,0,1,0,0,0,0,0,0,0,0,0,0,0,0,0,0,0,0,0
2019-20,33,Tamilnadu,3322,PUDUKKOTTAI,332201,KUNNANDARKOIL,Urban,2,cat2,"UPS (I-VIII)",4,"Government Aided",1,General,0,0,0,0,0,1,0,0,0,0,0,0,0,0,0,0,0,0,0,1,0,0,0,0,0,0
2019-20,33,Tamilnadu,3322,PUDUKKOTTAI,332205,PUDUKKOTTAI,Urban,2,cat2,"UPS (I-VIII)",4,"Government Aided",1,General,0,0,0,0,0,0,0,0,0,2,0,0,0,0,0,0,1,2,1,0,0,0,0,0,0,0
2019-20,33,Tamilnadu,3322,PUDUKKOTTAI,332206,THIRUVARANKULAM,Urban,2,cat2,"UPS (I-VIII)",4,"Government Aided",1,General,0,0,0,0,0,1,0,0,0,1,0,0,0,0,0,0,0,0,0,1,0,0,0,0,0,0
2019-20,33,Tamilnadu,3322,PUDUKKOTTAI,332211,ARANTHANGI,Urban,2,cat2,"UPS (I-VIII)",4,"Government Aided",1,General,0,0,0,0,1,0,0,0,0,1,0,0,0,0,0,0,0,0,0,0,0,0,0,0,0,0
2019-20,33,Tamilnadu,3322,PUDUKKOTTAI,332201,KUNNANDARKOIL,Rural,2,cat2,"UPS (I-VIII)",5,"Private Unaided (Recognized)",1,General,0,1,0,0,0,0,0,0,0,0,0,0,0,0,0,0,0,1,0,0,0,0,0,0,0,0
2019-20,33,Tamilnadu,3322,PUDUKKOTTAI,332202,ANNAVASAL,Rural,2,cat2,"UPS (I-VIII)",5,"Private Unaided (Recognized)",1,General,0,0,0,0,0,0,0,0,0,0,0,0,0,0,0,0,0,0,0,0,0,0,0,0,0,0
2019-20,33,Tamilnadu,3322,PUDUKKOTTAI,332203,VIRALIMALAI,Rural,2,cat2,"UPS (I-VIII)",5,"Private Unaided (Recognized)",1,General,1,0,0,0,0,0,0,0,1,0,0,0,0,0,0,1,0,0,0,0,0,0,0,0,0,0
2019-20,33,Tamilnadu,3322,PUDUKKOTTAI,332207,KARAMBAKKUDI,Rural,2,cat2,"UPS (I-VIII)",5,"Private Unaided (Recognized)",1,General,0,0,0,0,0,0,0,0,0,0,0,0,0,0,0,0,0,0,0,0,0,0,0,0,0,0
2019-20,33,Tamilnadu,3322,PUDUKKOTTAI,332208,THIRUMAYAM,Rural,2,cat2,"UPS (I-VIII)",5,"Private Unaided (Recognized)",1,General,0,1,5,3,2,1,1,1,1,0,0,0,0,0,1,0,3,1,0,0,0,0,0,0,0,0
2019-20,33,Tamilnadu,3322,PUDUKKOTTAI,332210,ARIMALAM,Rural,2,cat2,"UPS (I-VIII)",5,"Private Unaided (Recognized)",1,General,0,0,0,0,0,0,0,0,0,0,0,0,0,0,0,0,0,0,0,0,0,0,0,0,0,0
2019-20,33,Tamilnadu,3322,PUDUKKOTTAI,332211,ARANTHANGI,Rural,2,cat2,"UPS (I-VIII)",5,"Private Unaided (Recognized)",1,General,0,0,0,0,0,0,0,0,0,0,0,0,0,0,0,0,0,0,0,0,0,0,0,0,0,0
2019-20,33,Tamilnadu,3322,PUDUKKOTTAI,332212,MANAMELKUDI,Rural,2,cat2,"UPS (I-VIII)",5,"Private Unaided (Recognized)",1,General,0,0,0,0,0,0,0,0,0,0,0,0,0,0,0,0,0,0,0,0,0,0,0,0,0,0
2019-20,33,Tamilnadu,3322,PUDUKKOTTAI,332205,PUDUKKOTTAI,Urban,2,cat2,"UPS (I-VIII)",5,"Private Unaided (Recognized)",1,General,0,0,0,0,0,0,0,0,0,0,0,0,0,0,0,0,0,0,0,0,0,0,0,0,0,0
2019-20,33,Tamilnadu,3322,PUDUKKOTTAI,332206,THIRUVARANKULAM,Urban,2,cat2,"UPS (I-VIII)",5,"Private Unaided (Recognized)",1,General,0,0,0,0,0,0,0,0,0,0,0,0,0,0,1,0,2,0,0,0,0,0,0,0,0,0
2019-20,33,Tamilnadu,3322,PUDUKKOTTAI,332205,PUDUKKOTTAI,Urban,2,cat2,"UPS (I-VIII)",90,"Social welfare Department",1,General,0,0,0,0,0,0,0,0,0,0,0,0,0,0,0,0,0,0,0,0,0,0,0,0,0,0
2019-20,33,Tamilnadu,3322,PUDUKKOTTAI,332205,PUDUKKOTTAI,Urban,4,cat4,"UPS (VI-VIII)",4,"Government Aided",1,General,0,0,0,0,0,0,0,0,0,0,0,0,0,0,0,0,0,0,0,0,0,0,0,0,0,0
2019-20,33,Tamilnadu,3322,PUDUKKOTTAI,332203,VIRALIMALAI,Rural,3,cat3,"HSS (I-XII)",1,"Department of Education",2,SC,0,0,2,1,1,2,1,4,12,12,17,26,19,8,1,1,3,1,1,18,13,16,20,14,27,25
2019-20,33,Tamilnadu,3322,PUDUKKOTTAI,332205,PUDUKKOTTAI,Rural,3,cat3,"HSS (I-XII)",1,"Department of Education",2,SC,14,12,0,0,0,0,0,8,13,13,23,13,30,17,0,0,0,0,0,9,9,12,14,13,16,19
2019-20,33,Tamilnadu,3322,PUDUKKOTTAI,332201,KUNNANDARKOIL,Rural,3,cat3,"HSS (I-XII)",5,"Private Unaided (Recognized)",2,SC,11,6,9,2,3,3,1,3,7,4,4,0,3,0,0,3,2,3,4,0,3,3,1,3,3,1
2019-20,33,Tamilnadu,3322,PUDUKKOTTAI,332202,ANNAVASAL,Rural,3,cat3,"HSS (I-XII)",5,"Private Unaided (Recognized)",2,SC,28,24,7,4,6,8,9,10,7,8,8,2,5,3,8,1,5,7,2,5,5,11,0,0,3,2
2019-20,33,Tamilnadu,3322,PUDUKKOTTAI,332203,VIRALIMALAI,Rural,3,cat3,"HSS (I-XII)",5,"Private Unaided (Recognized)",2,SC,44,30,20,24,14,19,18,14,20,21,20,21,12,13,15,13,15,12,11,11,11,12,14,6,2,10
2019-20,33,Tamilnadu,3322,PUDUKKOTTAI,332204,GANDARVAKKOTTAI,Rural,3,cat3,"HSS (I-XII)",5,"Private Unaided (Recognized)",2,SC,26,18,4,4,6,3,7,12,6,17,16,17,22,35,3,6,5,4,1,9,9,16,12,13,24,32
2019-20,33,Tamilnadu,3322,PUDUKKOTTAI,332205,PUDUKKOTTAI,Rural,3,cat3,"HSS (I-XII)",5,"Private Unaided (Recognized)",2,SC,9,7,7,1,5,3,4,4,4,1,0,3,3,3,6,3,4,3,2,2,1,1,2,2,1,0
2019-20,33,Tamilnadu,3322,PUDUKKOTTAI,332206,THIRUVARANKULAM,Rural,3,cat3,"HSS (I-XII)",5,"Private Unaided (Recognized)",2,SC,53,29,26,27,22,15,12,14,10,13,14,10,8,9,16,13,16,17,14,15,15,6,8,8,9,7
2019-20,33,Tamilnadu,3322,PUDUKKOTTAI,332208,THIRUMAYAM,Rural,3,cat3,"HSS (I-XII)",5,"Private Unaided (Recognized)",2,SC,41,29,18,18,31,24,13,23,23,15,8,17,9,10,20,12,16,20,18,15,18,9,12,4,6,6
2019-20,33,Tamilnadu,3322,PUDUKKOTTAI,332209,PONNAMARAVATHY,Rural,3,cat3,"HSS (I-XII)",5,"Private Unaided (Recognized)",2,SC,15,21,13,9,6,10,4,4,3,3,1,0,1,1,12,2,5,2,3,4,0,0,1,1,0,2
2019-20,33,Tamilnadu,3322,PUDUKKOTTAI,332210,ARIMALAM,Rural,3,cat3,"HSS (I-XII)",5,"Private Unaided (Recognized)",2,SC,52,34,28,23,27,28,31,27,26,24,23,21,23,16,22,23,16,14,16,17,14,20,17,24,12,8
2019-20,33,Tamilnadu,3322,PUDUKKOTTAI,332211,ARANTHANGI,Rural,3,cat3,"HSS (I-XII)",5,"Private Unaided (Recognized)",2,SC,10,21,8,8,4,4,5,7,7,5,5,4,1,1,20,11,7,12,10,7,9,3,3,3,4,3
2019-20,33,Tamilnadu,3322,PUDUKKOTTAI,332212,MANAMELKUDI,Rural,3,cat3,"HSS (I-XII)",5,"Private Unaided (Recognized)",2,SC,9,5,7,8,7,3,3,2,8,6,2,1,1,0,2,5,7,8,7,2,2,1,2,0,0,2
2019-20,33,Tamilnadu,3322,PUDUKKOTTAI,332213,AVUDAIYARKOIL,Rural,3,cat3,"HSS (I-XII)",5,"Private Unaided (Recognized)",2,SC,31,29,25,17,11,11,14,17,19,16,16,9,2,2,12,16,9,10,9,12,8,23,9,5,2,4
2019-20,33,Tamilnadu,3322,PUDUKKOTTAI,332202,ANNAVASAL,Urban,3,cat3,"HSS (I-XII)",5,"Private Unaided (Recognized)",2,SC,8,13,11,11,5,4,3,3,3,2,5,0,6,5,8,2,9,1,10,1,3,1,2,3,2,2
2019-20,33,Tamilnadu,3322,PUDUKKOTTAI,332205,PUDUKKOTTAI,Urban,3,cat3,"HSS (I-XII)",5,"Private Unaided (Recognized)",2,SC,88,99,55,62,68,50,60,90,79,71,91,60,54,29,49,53,48,40,70,57,53,52,52,60,51,45
2019-20,33,Tamilnadu,3322,PUDUKKOTTAI,332206,THIRUVARANKULAM,Urban,3,cat3,"HSS (I-XII)",5,"Private Unaided (Recognized)",2,SC,16,19,9,3,9,5,9,4,2,5,3,5,1,0,8,7,9,2,4,3,3,4,6,5,2,0
2019-20,33,Tamilnadu,3322,PUDUKKOTTAI,332209,PONNAMARAVATHY,Urban,3,cat3,"HSS (I-XII)",5,"Private Unaided (Recognized)",2,SC,73,67,32,30,39,31,31,21,18,14,24,26,12,20,44,23,34,28,25,17,19,7,8,12,14,12
2019-20,33,Tamilnadu,3322,PUDUKKOTTAI,332210,ARIMALAM,Urban,3,cat3,"HSS (I-XII)",5,"Private Unaided (Recognized)",2,SC,14,11,12,7,9,14,4,5,1,1,6,2,0,1,7,9,4,9,0,8,3,0,0,1,0,0
2019-20,33,Tamilnadu,3322,PUDUKKOTTAI,332211,ARANTHANGI,Urban,3,cat3,"HSS (I-XII)",5,"Private Unaided (Recognized)",2,SC,61,52,27,31,16,25,14,14,23,19,16,16,39,16,13,21,20,21,13,13,13,15,11,14,23,10
2019-20,33,Tamilnadu,3322,PUDUKKOTTAI,332201,KUNNANDARKOIL,Rural,5,cat5,"HSS (VI-XII)",1,"Department of Education",2,SC,0,0,0,0,0,0,0,28,30,24,48,39,45,30,0,0,0,0,0,15,31,34,46,30,42,39
2019-20,33,Tamilnadu,3322,PUDUKKOTTAI,332202,ANNAVASAL,Rural,5,cat5,"HSS (VI-XII)",1,"Department of Education",2,SC,0,0,0,0,0,0,0,59,89,77,120,101,125,94,0,0,0,0,0,66,86,74,89,89,126,123
2019-20,33,Tamilnadu,3322,PUDUKKOTTAI,332203,VIRALIMALAI,Rural,5,cat5,"HSS (VI-XII)",1,"Department of Education",2,SC,0,0,0,0,0,0,0,85,85,92,116,93,118,91,0,0,0,0,0,56,91,60,92,113,124,116
2019-20,33,Tamilnadu,3322,PUDUKKOTTAI,332204,GANDARVAKKOTTAI,Rural,5,cat5,"HSS (VI-XII)",1,"Department of Education",2,SC,0,0,0,0,0,0,0,21,31,25,73,76,108,107,0,0,0,0,0,31,32,31,88,93,126,111
2019-20,33,Tamilnadu,3322,PUDUKKOTTAI,332205,PUDUKKOTTAI,Rural,5,cat5,"HSS (VI-XII)",1,"Department of Education",2,SC,0,0,0,0,0,0,0,25,32,41,59,61,78,82,0,0,0,0,0,27,37,23,49,54,74,60
2019-20,33,Tamilnadu,3322,PUDUKKOTTAI,332206,THIRUVARANKULAM,Rural,5,cat5,"HSS (VI-XII)",1,"Department of Education",2,SC,0,0,0,0,0,0,0,43,56,70,113,97,131,132,0,0,0,0,0,55,69,61,103,106,139,152
2019-20,33,Tamilnadu,3322,PUDUKKOTTAI,332207,KARAMBAKKUDI,Rural,5,cat5,"HSS (VI-XII)",1,"Department of Education",2,SC,0,0,0,0,0,0,0,21,27,39,29,35,50,60,0,0,0,0,0,16,20,18,43,27,68,51
2019-20,33,Tamilnadu,3322,PUDUKKOTTAI,332208,THIRUMAYAM,Rural,5,cat5,"HSS (VI-XII)",1,"Department of Education",2,SC,0,0,0,0,0,0,0,16,18,21,25,28,32,22,0,0,0,0,0,33,31,36,47,56,66,61
2019-20,33,Tamilnadu,3322,PUDUKKOTTAI,332209,PONNAMARAVATHY,Rural,5,cat5,"HSS (VI-XII)",1,"Department of Education",2,SC,0,0,0,0,0,0,0,48,51,47,50,55,47,57,0,0,0,0,0,29,32,45,44,53,50,59
2019-20,33,Tamilnadu,3322,PUDUKKOTTAI,332210,ARIMALAM,Rural,5,cat5,"HSS (VI-XII)",1,"Department of Education",2,SC,0,0,0,0,0,0,0,35,43,34,43,44,51,50,0,0,0,0,0,34,21,33,38,40,56,52
2019-20,33,Tamilnadu,3322,PUDUKKOTTAI,332211,ARANTHANGI,Rural,5,cat5,"HSS (VI-XII)",1,"Department of Education",2,SC,0,0,0,0,0,0,0,25,29,40,46,45,50,40,0,0,0,0,0,19,19,25,37,35,47,58
2019-20,33,Tamilnadu,3322,PUDUKKOTTAI,332212,MANAMELKUDI,Rural,5,cat5,"HSS (VI-XII)",1,"Department of Education",2,SC,0,0,0,0,0,0,0,27,33,35,41,26,59,37,0,0,0,0,0,27,14,28,49,47,68,69
2019-20,33,Tamilnadu,3322,PUDUKKOTTAI,332213,AVUDAIYARKOIL,Rural,5,cat5,"HSS (VI-XII)",1,"Department of Education",2,SC,0,0,0,0,0,0,0,18,17,17,40,38,41,39,0,0,0,0,0,12,13,19,21,12,44,47
2019-20,33,Tamilnadu,3322,PUDUKKOTTAI,332201,KUNNANDARKOIL,Urban,5,cat5,"HSS (VI-XII)",1,"Department of Education",2,SC,0,0,0,0,0,0,0,2,4,9,12,24,24,23,0,0,0,0,0,14,24,16,33,30,69,64
2019-20,33,Tamilnadu,3322,PUDUKKOTTAI,332202,ANNAVASAL,Urban,5,cat5,"HSS (VI-XII)",1,"Department of Education",2,SC,0,0,0,0,0,0,0,35,37,35,64,57,68,50,0,0,0,0,0,15,17,26,43,54,69,95
2019-20,33,Tamilnadu,3322,PUDUKKOTTAI,332205,PUDUKKOTTAI,Urban,5,cat5,"HSS (VI-XII)",1,"Department of Education",2,SC,0,0,0,0,0,0,0,11,14,19,30,21,84,56,0,0,0,0,0,31,30,29,63,81,214,194
2019-20,33,Tamilnadu,3322,PUDUKKOTTAI,332206,THIRUVARANKULAM,Urban,5,cat5,"HSS (VI-XII)",1,"Department of Education",2,SC,0,0,0,0,0,0,0,4,3,1,0,2,3,6,0,0,0,0,0,3,7,5,16,12,13,27
2019-20,33,Tamilnadu,3322,PUDUKKOTTAI,332207,KARAMBAKKUDI,Urban,5,cat5,"HSS (VI-XII)",1,"Department of Education",2,SC,0,0,0,0,0,0,0,11,24,25,19,15,35,35,0,0,0,0,0,23,31,21,43,36,61,75
2019-20,33,Tamilnadu,3322,PUDUKKOTTAI,332209,PONNAMARAVATHY,Urban,5,cat5,"HSS (VI-XII)",1,"Department of Education",2,SC,0,0,0,0,0,0,0,0,0,0,0,0,0,0,0,0,0,0,0,29,14,16,31,28,24,20
2019-20,33,Tamilnadu,3322,PUDUKKOTTAI,332211,ARANTHANGI,Urban,5,cat5,"HSS (VI-XII)",1,"Department of Education",2,SC,0,0,0,0,0,0,0,2,4,9,35,26,61,59,0,0,0,0,0,7,11,15,45,60,78,84
2019-20,33,Tamilnadu,3322,PUDUKKOTTAI,332207,KARAMBAKKUDI,Rural,5,cat5,"HSS (VI-XII)",2,"Tribal Welfare Department",2,SC,0,0,0,0,0,0,0,6,16,12,11,12,26,35,0,0,0,0,0,20,13,12,11,14,16,22
2019-20,33,Tamilnadu,3322,PUDUKKOTTAI,332203,VIRALIMALAI,Rural,5,cat5,"HSS (VI-XII)",4,"Government Aided",2,SC,0,0,0,0,0,0,0,10,20,15,22,14,16,17,0,0,0,0,0,20,8,10,17,12,9,20
2019-20,33,Tamilnadu,3322,PUDUKKOTTAI,332204,GANDARVAKKOTTAI,Rural,5,cat5,"HSS (VI-XII)",4,"Government Aided",2,SC,0,0,0,0,0,0,0,9,20,15,13,9,8,10,0,0,0,0,0,16,16,14,18,22,17,11
2019-20,33,Tamilnadu,3322,PUDUKKOTTAI,332206,THIRUVARANKULAM,Rural,5,cat5,"HSS (VI-XII)",4,"Government Aided",2,SC,0,0,0,0,0,0,0,9,9,12,19,20,23,16,0,0,0,0,0,2,8,12,12,15,13,14
2019-20,33,Tamilnadu,3322,PUDUKKOTTAI,332207,KARAMBAKKUDI,Rural,5,cat5,"HSS (VI-XII)",4,"Government Aided",2,SC,0,0,0,0,0,0,0,9,18,6,13,7,1,2,0,0,0,0,0,7,8,9,6,3,5,4
2019-20,33,Tamilnadu,3322,PUDUKKOTTAI,332208,THIRUMAYAM,Rural,5,cat5,"HSS (VI-XII)",4,"Government Aided",2,SC,0,0,0,0,0,0,0,27,27,41,68,44,47,37,0,0,0,0,0,23,23,35,41,51,51,60
2019-20,33,Tamilnadu,3322,PUDUKKOTTAI,332210,ARIMALAM,Rural,5,cat5,"HSS (VI-XII)",4,"Government Aided",2,SC,0,0,0,0,0,0,0,9,14,17,19,13,14,4,0,0,0,0,0,15,13,11,21,19,32,31
2019-20,33,Tamilnadu,3322,PUDUKKOTTAI,332212,MANAMELKUDI,Rural,5,cat5,"HSS (VI-XII)",4,"Government Aided",2,SC,0,0,0,0,0,0,0,7,13,9,10,8,10,8,0,0,0,0,0,13,5,6,8,6,6,4
2019-20,33,Tamilnadu,3322,PUDUKKOTTAI,332213,AVUDAIYARKOIL,Rural,5,cat5,"HSS (VI-XII)",4,"Government Aided",2,SC,0,0,0,0,0,0,0,12,7,14,14,19,21,20,0,0,0,0,0,13,9,7,15,12,15,31
2019-20,33,Tamilnadu,3322,PUDUKKOTTAI,332201,KUNNANDARKOIL,Urban,5,cat5,"HSS (VI-XII)",4,"Government Aided",2,SC,0,0,0,0,0,0,0,16,11,10,42,32,24,12,0,0,0,0,0,3,2,3,9,8,4,3
2019-20,33,Tamilnadu,3322,PUDUKKOTTAI,332202,ANNAVASAL,Urban,5,cat5,"HSS (VI-XII)",4,"Government Aided",2,SC,0,0,0,0,0,0,0,36,33,35,28,21,0,0,0,0,0,0,0,23,23,22,21,22,14,25
2019-20,33,Tamilnadu,3322,PUDUKKOTTAI,332205,PUDUKKOTTAI,Urban,5,cat5,"HSS (VI-XII)",4,"Government Aided",2,SC,0,0,0,0,0,0,0,45,49,58,90,69,81,53,0,0,0,0,0,47,56,68,71,85,67,49
2019-20,33,Tamilnadu,3322,PUDUKKOTTAI,332209,PONNAMARAVATHY,Urban,5,cat5,"HSS (VI-XII)",4,"Government Aided",2,SC,0,0,0,0,0,0,0,10,23,23,25,25,13,12,0,0,0,0,0,10,9,7,11,6,14,18
2019-20,33,Tamilnadu,3322,PUDUKKOTTAI,332211,ARANTHANGI,Urban,5,cat5,"HSS (VI-XII)",4,"Government Aided",2,SC,0,0,0,0,0,0,0,8,5,7,5,5,1,1,0,0,0,0,0,9,7,9,4,8,0,0
2019-20,33,Tamilnadu,3322,PUDUKKOTTAI,332207,KARAMBAKKUDI,Rural,5,cat5,"HSS (VI-XII)",5,"Private Unaided (Recognized)",2,SC,0,0,0,0,0,0,0,6,4,5,4,2,3,1,0,0,0,0,0,3,3,4,2,4,0,1
2019-20,33,Tamilnadu,3322,PUDUKKOTTAI,332211,ARANTHANGI,Rural,5,cat5,"HSS (VI-XII)",5,"Private Unaided (Recognized)",2,SC,0,0,0,0,0,0,0,6,11,6,10,13,21,21,0,0,0,0,0,6,9,3,14,15,12,17
2019-20,33,Tamilnadu,3322,PUDUKKOTTAI,332213,AVUDAIYARKOIL,Rural,5,cat5,"HSS (VI-XII)",5,"Private Unaided (Recognized)",2,SC,0,0,0,0,0,0,0,4,7,7,9,10,4,1,0,0,0,0,0,1,2,8,7,4,8,2
2019-20,33,Tamilnadu,3322,PUDUKKOTTAI,332201,KUNNANDARKOIL,Rural,1,cat1,"PS (I-V)",1,"Department of Education",2,SC,0,0,45,47,59,52,56,0,0,0,0,0,0,0,38,45,51,57,65,0,0,0,0,0,0,0
2019-20,33,Tamilnadu,3322,PUDUKKOTTAI,332202,ANNAVASAL,Rural,1,cat1,"PS (I-V)",1,"Department of Education",2,SC,14,16,134,150,154,152,145,0,0,0,0,0,0,0,142,160,171,162,123,0,0,0,0,0,0,0
2019-20,33,Tamilnadu,3322,PUDUKKOTTAI,332203,VIRALIMALAI,Rural,1,cat1,"PS (I-V)",1,"Department of Education",2,SC,0,0,136,120,133,107,117,0,0,0,0,0,0,0,121,119,111,127,120,0,0,0,0,0,0,0
2019-20,33,Tamilnadu,3322,PUDUKKOTTAI,332204,GANDARVAKKOTTAI,Rural,1,cat1,"PS (I-V)",1,"Department of Education",2,SC,0,0,62,99,86,86,81,0,0,0,0,0,0,0,76,97,99,86,73,0,0,0,0,0,0,0
2019-20,33,Tamilnadu,3322,PUDUKKOTTAI,332205,PUDUKKOTTAI,Rural,1,cat1,"PS (I-V)",1,"Department of Education",2,SC,0,0,59,93,93,72,95,0,0,0,0,0,0,0,66,85,81,75,65,0,0,0,0,0,0,0
2019-20,33,Tamilnadu,3322,PUDUKKOTTAI,332206,THIRUVARANKULAM,Rural,1,cat1,"PS (I-V)",1,"Department of Education",2,SC,0,0,62,62,66,86,83,0,0,0,0,0,0,0,67,69,79,89,67,0,0,0,0,0,0,0
2019-20,33,Tamilnadu,3322,PUDUKKOTTAI,332207,KARAMBAKKUDI,Rural,1,cat1,"PS (I-V)",1,"Department of Education",2,SC,0,0,62,79,85,98,82,0,0,0,0,0,0,0,63,92,102,98,101,0,0,0,0,0,0,0
2019-20,33,Tamilnadu,3322,PUDUKKOTTAI,332208,THIRUMAYAM,Rural,1,cat1,"PS (I-V)",1,"Department of Education",2,SC,0,0,42,30,41,41,32,0,0,0,0,0,0,0,47,49,45,40,47,0,0,0,0,0,0,0
2019-20,33,Tamilnadu,3322,PUDUKKOTTAI,332209,PONNAMARAVATHY,Rural,1,cat1,"PS (I-V)",1,"Department of Education",2,SC,0,0,67,71,79,58,65,0,0,0,0,0,0,0,69,65,87,81,74,0,0,0,0,0,0,0
2019-20,33,Tamilnadu,3322,PUDUKKOTTAI,332210,ARIMALAM,Rural,1,cat1,"PS (I-V)",1,"Department of Education",2,SC,0,0,29,40,55,41,50,0,0,0,0,0,0,0,43,46,29,56,51,0,0,0,0,0,0,0
2019-20,33,Tamilnadu,3322,PUDUKKOTTAI,332211,ARANTHANGI,Rural,1,cat1,"PS (I-V)",1,"Department of Education",2,SC,0,0,35,31,44,54,54,0,0,0,0,0,0,0,55,47,67,51,44,0,0,0,0,0,0,0
2019-20,33,Tamilnadu,3322,PUDUKKOTTAI,332212,MANAMELKUDI,Rural,1,cat1,"PS (I-V)",1,"Department of Education",2,SC,0,0,54,59,69,49,57,0,0,0,0,0,0,0,58,48,81,72,70,0,0,0,0,0,0,0
2019-20,33,Tamilnadu,3322,PUDUKKOTTAI,332213,AVUDAIYARKOIL,Rural,1,cat1,"PS (I-V)",1,"Department of Education",2,SC,0,0,51,58,53,55,65,0,0,0,0,0,0,0,50,56,54,67,73,0,0,0,0,0,0,0
2019-20,33,Tamilnadu,3322,PUDUKKOTTAI,332201,KUNNANDARKOIL,Urban,1,cat1,"PS (I-V)",1,"Department of Education",2,SC,0,0,0,2,1,0,1,0,0,0,0,0,0,0,1,1,1,1,0,0,0,0,0,0,0,0
2019-20,33,Tamilnadu,3322,PUDUKKOTTAI,332202,ANNAVASAL,Urban,1,cat1,"PS (I-V)",1,"Department of Education",2,SC,5,0,28,35,33,31,27,0,0,0,0,0,0,0,37,33,39,27,35,0,0,0,0,0,0,0
2019-20,33,Tamilnadu,3322,PUDUKKOTTAI,332205,PUDUKKOTTAI,Urban,1,cat1,"PS (I-V)",1,"Department of Education",2,SC,0,0,0,2,2,2,1,0,0,0,0,0,0,0,1,0,0,1,0,0,0,0,0,0,0,0
2019-20,33,Tamilnadu,3322,PUDUKKOTTAI,332206,THIRUVARANKULAM,Urban,1,cat1,"PS (I-V)",1,"Department of Education",2,SC,0,0,4,2,2,2,1,0,0,0,0,0,0,0,4,2,4,4,5,0,0,0,0,0,0,0
2019-20,33,Tamilnadu,3322,PUDUKKOTTAI,332207,KARAMBAKKUDI,Urban,1,cat1,"PS (I-V)",1,"Department of Education",2,SC,0,0,0,1,1,2,0,0,0,0,0,0,0,0,1,2,1,0,0,0,0,0,0,0,0,0
2019-20,33,Tamilnadu,3322,PUDUKKOTTAI,332209,PONNAMARAVATHY,Urban,1,cat1,"PS (I-V)",1,"Department of Education",2,SC,0,0,4,7,9,7,1,0,0,0,0,0,0,0,9,4,2,3,5,0,0,0,0,0,0,0
2019-20,33,Tamilnadu,3322,PUDUKKOTTAI,332210,ARIMALAM,Urban,1,cat1,"PS (I-V)",1,"Department of Education",2,SC,0,0,1,3,2,0,0,0,0,0,0,0,0,0,3,0,1,0,3,0,0,0,0,0,0,0
2019-20,33,Tamilnadu,3322,PUDUKKOTTAI,332202,ANNAVASAL,Rural,1,cat1,"PS (I-V)",2,"Tribal Welfare Department",2,SC,0,0,5,2,5,2,11,0,0,0,0,0,0,0,4,7,6,5,4,0,0,0,0,0,0,0
2019-20,33,Tamilnadu,3322,PUDUKKOTTAI,332204,GANDARVAKKOTTAI,Rural,1,cat1,"PS (I-V)",2,"Tribal Welfare Department",2,SC,0,0,1,1,0,3,1,0,0,0,0,0,0,0,1,1,1,1,1,0,0,0,0,0,0,0
2019-20,33,Tamilnadu,3322,PUDUKKOTTAI,332205,PUDUKKOTTAI,Rural,1,cat1,"PS (I-V)",2,"Tribal Welfare Department",2,SC,0,0,3,0,3,2,4,0,0,0,0,0,0,0,4,4,4,1,4,0,0,0,0,0,0,0
2019-20,33,Tamilnadu,3322,PUDUKKOTTAI,332206,THIRUVARANKULAM,Rural,1,cat1,"PS (I-V)",2,"Tribal Welfare Department",2,SC,0,0,4,4,3,4,5,0,0,0,0,0,0,0,2,1,5,5,0,0,0,0,0,0,0,0
2019-20,33,Tamilnadu,3322,PUDUKKOTTAI,332207,KARAMBAKKUDI,Rural,1,cat1,"PS (I-V)",2,"Tribal Welfare Department",2,SC,0,0,17,10,17,18,20,0,0,0,0,0,0,0,10,19,16,16,17,0,0,0,0,0,0,0
2019-20,33,Tamilnadu,3322,PUDUKKOTTAI,332208,THIRUMAYAM,Rural,1,cat1,"PS (I-V)",2,"Tribal Welfare Department",2,SC,0,0,2,2,5,5,2,0,0,0,0,0,0,0,2,0,4,2,1,0,0,0,0,0,0,0
2019-20,33,Tamilnadu,3322,PUDUKKOTTAI,332213,AVUDAIYARKOIL,Rural,1,cat1,"PS (I-V)",2,"Tribal Welfare Department",2,SC,0,0,0,1,0,1,0,0,0,0,0,0,0,0,0,0,0,0,0,0,0,0,0,0,0,0
2019-20,33,Tamilnadu,3322,PUDUKKOTTAI,332205,PUDUKKOTTAI,Urban,1,cat1,"PS (I-V)",3,"Local body",2,SC,0,0,25,19,36,32,17,0,0,0,0,0,0,0,30,26,33,38,35,0,0,0,0,0,0,0
2019-20,33,Tamilnadu,3322,PUDUKKOTTAI,332211,ARANTHANGI,Urban,1,cat1,"PS (I-V)",3,"Local body",2,SC,0,0,0,0,1,0,0,0,0,0,0,0,0,0,0,0,0,0,0,0,0,0,0,0,0,0
2019-20,33,Tamilnadu,3322,PUDUKKOTTAI,332201,KUNNANDARKOIL,Rural,1,cat1,"PS (I-V)",4,"Government Aided",2,SC,0,0,1,2,3,4,1,0,0,0,0,0,0,0,4,1,0,1,4,0,0,0,0,0,0,0
2019-20,33,Tamilnadu,3322,PUDUKKOTTAI,332202,ANNAVASAL,Rural,1,cat1,"PS (I-V)",4,"Government Aided",2,SC,0,0,5,11,13,15,14,0,0,0,0,0,0,0,8,7,11,7,4,0,0,0,0,0,0,0
2019-20,33,Tamilnadu,3322,PUDUKKOTTAI,332203,VIRALIMALAI,Rural,1,cat1,"PS (I-V)",4,"Government Aided",2,SC,0,0,16,27,36,21,30,0,0,0,0,0,0,0,21,34,27,34,28,0,0,0,0,0,0,0
2019-20,33,Tamilnadu,3322,PUDUKKOTTAI,332205,PUDUKKOTTAI,Rural,1,cat1,"PS (I-V)",4,"Government Aided",2,SC,0,0,0,1,0,0,1,0,0,0,0,0,0,0,1,0,1,0,2,0,0,0,0,0,0,0
2019-20,33,Tamilnadu,3322,PUDUKKOTTAI,332206,THIRUVARANKULAM,Rural,1,cat1,"PS (I-V)",4,"Government Aided",2,SC,0,0,3,10,7,5,6,0,0,0,0,0,0,0,5,6,8,6,8,0,0,0,0,0,0,0
2019-20,33,Tamilnadu,3322,PUDUKKOTTAI,332207,KARAMBAKKUDI,Rural,1,cat1,"PS (I-V)",4,"Government Aided",2,SC,0,0,5,0,2,5,3,0,0,0,0,0,0,0,4,3,0,2,0,0,0,0,0,0,0,0
2019-20,33,Tamilnadu,3322,PUDUKKOTTAI,332208,THIRUMAYAM,Rural,1,cat1,"PS (I-V)",4,"Government Aided",2,SC,0,0,17,25,23,19,22,0,0,0,0,0,0,0,9,32,24,31,31,0,0,0,0,0,0,0
2019-20,33,Tamilnadu,3322,PUDUKKOTTAI,332209,PONNAMARAVATHY,Rural,1,cat1,"PS (I-V)",4,"Government Aided",2,SC,1,1,10,8,6,5,9,0,0,0,0,0,0,0,5,6,6,7,7,0,0,0,0,0,0,0
2019-20,33,Tamilnadu,3322,PUDUKKOTTAI,332210,ARIMALAM,Rural,1,cat1,"PS (I-V)",4,"Government Aided",2,SC,0,0,12,19,12,18,21,0,0,0,0,0,0,0,8,15,19,17,14,0,0,0,0,0,0,0
2019-20,33,Tamilnadu,3322,PUDUKKOTTAI,332212,MANAMELKUDI,Rural,1,cat1,"PS (I-V)",4,"Government Aided",2,SC,0,0,1,0,4,0,4,0,0,0,0,0,0,0,2,1,5,2,6,0,0,0,0,0,0,0
2019-20,33,Tamilnadu,3322,PUDUKKOTTAI,332213,AVUDAIYARKOIL,Rural,1,cat1,"PS (I-V)",4,"Government Aided",2,SC,0,0,5,3,13,8,8,0,0,0,0,0,0,0,3,7,14,11,7,0,0,0,0,0,0,0
2019-20,33,Tamilnadu,3322,PUDUKKOTTAI,332202,ANNAVASAL,Urban,1,cat1,"PS (I-V)",4,"Government Aided",2,SC,0,0,19,23,30,22,26,0,0,0,0,0,0,0,12,14,16,16,15,0,0,0,0,0,0,0
2019-20,33,Tamilnadu,3322,PUDUKKOTTAI,332205,PUDUKKOTTAI,Urban,1,cat1,"PS (I-V)",4,"Government Aided",2,SC,0,0,2,1,11,8,5,0,0,0,0,0,0,0,3,2,8,6,5,0,0,0,0,0,0,0
2019-20,33,Tamilnadu,3322,PUDUKKOTTAI,332207,KARAMBAKKUDI,Urban,1,cat1,"PS (I-V)",4,"Government Aided",2,SC,0,0,8,8,9,17,16,0,0,0,0,0,0,0,9,3,16,14,19,0,0,0,0,0,0,0
2019-20,33,Tamilnadu,3322,PUDUKKOTTAI,332209,PONNAMARAVATHY,Urban,1,cat1,"PS (I-V)",4,"Government Aided",2,SC,0,0,4,2,3,2,7,0,0,0,0,0,0,0,5,2,3,3,3,0,0,0,0,0,0,0
2019-20,33,Tamilnadu,3322,PUDUKKOTTAI,332211,ARANTHANGI,Urban,1,cat1,"PS (I-V)",4,"Government Aided",2,SC,0,0,8,8,8,13,11,0,0,0,0,0,0,0,11,7,12,6,9,0,0,0,0,0,0,0
2019-20,33,Tamilnadu,3322,PUDUKKOTTAI,332201,KUNNANDARKOIL,Rural,1,cat1,"PS (I-V)",5,"Private Unaided (Recognized)",2,SC,25,15,12,7,11,9,2,0,0,0,0,0,0,0,4,7,6,3,4,0,0,0,0,0,0,0
2019-20,33,Tamilnadu,3322,PUDUKKOTTAI,332202,ANNAVASAL,Rural,1,cat1,"PS (I-V)",5,"Private Unaided (Recognized)",2,SC,58,50,30,17,17,11,16,0,0,0,0,0,0,0,24,19,12,10,8,0,0,0,0,0,0,0
2019-20,33,Tamilnadu,3322,PUDUKKOTTAI,332203,VIRALIMALAI,Rural,1,cat1,"PS (I-V)",5,"Private Unaided (Recognized)",2,SC,38,29,15,12,8,4,3,0,0,0,0,0,0,0,4,6,6,5,5,0,0,0,0,0,0,0
2019-20,33,Tamilnadu,3322,PUDUKKOTTAI,332204,GANDARVAKKOTTAI,Rural,1,cat1,"PS (I-V)",5,"Private Unaided (Recognized)",2,SC,91,77,32,32,29,25,24,0,0,0,0,0,0,0,27,27,28,18,12,0,0,0,0,0,0,0
2019-20,33,Tamilnadu,3322,PUDUKKOTTAI,332205,PUDUKKOTTAI,Rural,1,cat1,"PS (I-V)",5,"Private Unaided (Recognized)",2,SC,30,35,20,16,15,10,12,0,0,0,0,0,0,0,17,18,14,16,13,0,0,0,0,0,0,0
2019-20,33,Tamilnadu,3322,PUDUKKOTTAI,332206,THIRUVARANKULAM,Rural,1,cat1,"PS (I-V)",5,"Private Unaided (Recognized)",2,SC,85,58,35,36,28,20,17,0,0,0,0,0,0,0,20,23,31,16,25,0,0,0,0,0,0,0
2019-20,33,Tamilnadu,3322,PUDUKKOTTAI,332207,KARAMBAKKUDI,Rural,1,cat1,"PS (I-V)",5,"Private Unaided (Recognized)",2,SC,25,14,12,4,7,3,4,0,0,0,0,0,0,0,10,3,2,5,4,0,0,0,0,0,0,0
2019-20,33,Tamilnadu,3322,PUDUKKOTTAI,332208,THIRUMAYAM,Rural,1,cat1,"PS (I-V)",5,"Private Unaided (Recognized)",2,SC,57,42,23,22,22,14,14,0,0,0,0,0,0,0,14,26,12,19,10,0,0,0,0,0,0,0
2019-20,33,Tamilnadu,3322,PUDUKKOTTAI,332210,ARIMALAM,Rural,1,cat1,"PS (I-V)",5,"Private Unaided (Recognized)",2,SC,48,45,14,21,22,22,10,0,0,0,0,0,0,0,16,13,19,10,11,0,0,0,0,0,0,0
2019-20,33,Tamilnadu,3322,PUDUKKOTTAI,332211,ARANTHANGI,Rural,1,cat1,"PS (I-V)",5,"Private Unaided (Recognized)",2,SC,44,43,31,23,24,24,19,0,0,0,0,0,0,0,29,22,15,23,18,0,0,0,0,0,0,0
2019-20,33,Tamilnadu,3322,PUDUKKOTTAI,332212,MANAMELKUDI,Rural,1,cat1,"PS (I-V)",5,"Private Unaided (Recognized)",2,SC,27,37,14,19,18,16,8,0,0,0,0,0,0,0,20,9,16,7,8,0,0,0,0,0,0,0
2019-20,33,Tamilnadu,3322,PUDUKKOTTAI,332213,AVUDAIYARKOIL,Rural,1,cat1,"PS (I-V)",5,"Private Unaided (Recognized)",2,SC,61,64,33,26,24,21,15,0,0,0,0,0,0,0,25,19,28,15,18,0,0,0,0,0,0,0
2019-20,33,Tamilnadu,3322,PUDUKKOTTAI,332201,KUNNANDARKOIL,Urban,1,cat1,"PS (I-V)",5,"Private Unaided (Recognized)",2,SC,24,23,11,10,7,7,10,0,0,0,0,0,0,0,8,9,6,7,6,0,0,0,0,0,0,0
2019-20,33,Tamilnadu,3322,PUDUKKOTTAI,332205,PUDUKKOTTAI,Urban,1,cat1,"PS (I-V)",5,"Private Unaided (Recognized)",2,SC,173,151,61,75,62,45,39,0,0,0,0,0,0,0,57,55,59,53,42,0,0,0,0,0,0,0
2019-20,33,Tamilnadu,3322,PUDUKKOTTAI,332206,THIRUVARANKULAM,Urban,1,cat1,"PS (I-V)",5,"Private Unaided (Recognized)",2,SC,15,17,8,5,4,2,3,0,0,0,0,0,0,0,8,9,4,5,5,0,0,0,0,0,0,0
2019-20,33,Tamilnadu,3322,PUDUKKOTTAI,332207,KARAMBAKKUDI,Urban,1,cat1,"PS (I-V)",5,"Private Unaided (Recognized)",2,SC,50,71,31,18,11,13,8,0,0,0,0,0,0,0,12,12,8,8,4,0,0,0,0,0,0,0
2019-20,33,Tamilnadu,3322,PUDUKKOTTAI,332209,PONNAMARAVATHY,Urban,1,cat1,"PS (I-V)",5,"Private Unaided (Recognized)",2,SC,2,7,4,4,3,2,2,0,0,0,0,0,0,0,4,3,2,0,2,0,0,0,0,0,0,0
2019-20,33,Tamilnadu,3322,PUDUKKOTTAI,332210,ARIMALAM,Urban,1,cat1,"PS (I-V)",5,"Private Unaided (Recognized)",2,SC,3,0,0,0,2,2,2,0,0,0,0,0,0,0,3,0,0,0,0,0,0,0,0,0,0,0
2019-20,33,Tamilnadu,3322,PUDUKKOTTAI,332211,ARANTHANGI,Urban,1,cat1,"PS (I-V)",5,"Private Unaided (Recognized)",2,SC,23,11,9,11,6,10,4,0,0,0,0,0,0,0,7,7,5,3,4,0,0,0,0,0,0,0
2019-20,33,Tamilnadu,3322,PUDUKKOTTAI,332201,KUNNANDARKOIL,Rural,1,cat1,"PS (I-V)",8,Unrecognized,2,SC,1,2,1,1,1,0,0,0,0,0,0,0,0,0,0,0,1,0,0,0,0,0,0,0,0,0
2019-20,33,Tamilnadu,3322,PUDUKKOTTAI,332204,GANDARVAKKOTTAI,Rural,1,cat1,"PS (I-V)",8,Unrecognized,2,SC,8,11,1,0,0,0,0,0,0,0,0,0,0,0,3,0,0,0,0,0,0,0,0,0,0,0
2019-20,33,Tamilnadu,3322,PUDUKKOTTAI,332205,PUDUKKOTTAI,Rural,1,cat1,"PS (I-V)",8,Unrecognized,2,SC,5,2,2,0,0,0,0,0,0,0,0,0,0,0,1,1,0,1,0,0,0,0,0,0,0,0
2019-20,33,Tamilnadu,3322,PUDUKKOTTAI,332209,PONNAMARAVATHY,Rural,1,cat1,"PS (I-V)",8,Unrecognized,2,SC,1,0,1,2,0,0,0,0,0,0,0,0,0,0,2,0,1,0,0,0,0,0,0,0,0,0
2019-20,33,Tamilnadu,3322,PUDUKKOTTAI,332212,MANAMELKUDI,Rural,1,cat1,"PS (I-V)",8,Unrecognized,2,SC,1,0,0,0,0,0,0,0,0,0,0,0,0,0,0,0,0,0,0,0,0,0,0,0,0,0
2019-20,33,Tamilnadu,3322,PUDUKKOTTAI,332205,PUDUKKOTTAI,Urban,1,cat1,"PS (I-V)",90,"Social welfare Department",2,SC,0,0,0,0,0,0,0,0,0,0,0,0,0,0,0,0,0,1,1,0,0,0,0,0,0,0
2019-20,33,Tamilnadu,3322,PUDUKKOTTAI,332208,THIRUMAYAM,Rural,6,cat6,"SS (I-X)",4,"Government Aided",2,SC,0,0,1,1,1,2,2,4,8,5,2,1,0,0,1,1,0,3,3,13,5,2,7,4,0,0
2019-20,33,Tamilnadu,3322,PUDUKKOTTAI,332211,ARANTHANGI,Rural,6,cat6,"SS (I-X)",4,"Government Aided",2,SC,0,0,2,0,3,1,2,5,8,1,2,3,0,0,1,0,2,2,2,5,3,1,5,3,0,0
2019-20,33,Tamilnadu,3322,PUDUKKOTTAI,332202,ANNAVASAL,Rural,6,cat6,"SS (I-X)",5,"Private Unaided (Recognized)",2,SC,11,6,2,0,2,4,5,2,4,1,3,2,0,0,4,1,5,0,2,3,1,2,3,3,0,0
2019-20,33,Tamilnadu,3322,PUDUKKOTTAI,332203,VIRALIMALAI,Rural,6,cat6,"SS (I-X)",5,"Private Unaided (Recognized)",2,SC,20,12,16,12,15,18,17,15,19,17,20,15,0,0,12,13,18,10,9,14,12,10,17,10,0,0
2019-20,33,Tamilnadu,3322,PUDUKKOTTAI,332204,GANDARVAKKOTTAI,Rural,6,cat6,"SS (I-X)",5,"Private Unaided (Recognized)",2,SC,33,22,13,17,18,10,7,8,12,12,4,5,0,0,9,12,16,9,4,5,2,6,10,3,0,0
2019-20,33,Tamilnadu,3322,PUDUKKOTTAI,332205,PUDUKKOTTAI,Rural,6,cat6,"SS (I-X)",5,"Private Unaided (Recognized)",2,SC,7,7,1,0,0,0,1,1,0,3,0,0,0,0,1,2,4,0,1,1,0,2,0,0,0,0
2019-20,33,Tamilnadu,3322,PUDUKKOTTAI,332206,THIRUVARANKULAM,Rural,6,cat6,"SS (I-X)",5,"Private Unaided (Recognized)",2,SC,20,27,8,12,2,14,9,9,7,4,4,5,0,0,5,8,3,4,7,3,9,5,5,7,0,0
2019-20,33,Tamilnadu,3322,PUDUKKOTTAI,332208,THIRUMAYAM,Rural,6,cat6,"SS (I-X)",5,"Private Unaided (Recognized)",2,SC,43,42,19,17,10,18,6,6,6,5,10,5,0,0,9,12,17,9,10,5,8,6,10,6,0,0
2019-20,33,Tamilnadu,3322,PUDUKKOTTAI,332209,PONNAMARAVATHY,Rural,6,cat6,"SS (I-X)",5,"Private Unaided (Recognized)",2,SC,13,8,3,6,2,5,5,3,1,1,5,4,0,0,1,3,1,2,2,1,1,1,1,0,0,0
2019-20,33,Tamilnadu,3322,PUDUKKOTTAI,332210,ARIMALAM,Rural,6,cat6,"SS (I-X)",5,"Private Unaided (Recognized)",2,SC,21,13,6,5,2,1,5,0,0,0,1,0,0,0,5,6,2,1,1,0,1,0,2,1,0,0
2019-20,33,Tamilnadu,3322,PUDUKKOTTAI,332211,ARANTHANGI,Rural,6,cat6,"SS (I-X)",5,"Private Unaided (Recognized)",2,SC,11,9,9,8,3,7,10,3,1,4,1,2,0,0,4,3,4,4,1,3,5,1,2,2,0,0
2019-20,33,Tamilnadu,3322,PUDUKKOTTAI,332212,MANAMELKUDI,Rural,6,cat6,"SS (I-X)",5,"Private Unaided (Recognized)",2,SC,2,1,0,0,1,1,0,2,1,0,2,0,0,0,0,1,1,0,0,0,0,1,1,0,0,0
2019-20,33,Tamilnadu,3322,PUDUKKOTTAI,332202,ANNAVASAL,Urban,6,cat6,"SS (I-X)",5,"Private Unaided (Recognized)",2,SC,20,17,10,7,4,2,1,2,0,1,1,0,0,0,4,3,5,3,0,1,1,2,0,1,0,0
2019-20,33,Tamilnadu,3322,PUDUKKOTTAI,332205,PUDUKKOTTAI,Urban,6,cat6,"SS (I-X)",5,"Private Unaided (Recognized)",2,SC,6,13,3,3,4,1,3,5,1,4,3,4,0,0,4,3,2,5,1,2,1,0,2,1,0,0
2019-20,33,Tamilnadu,3322,PUDUKKOTTAI,332207,KARAMBAKKUDI,Urban,6,cat6,"SS (I-X)",5,"Private Unaided (Recognized)",2,SC,69,70,31,33,26,38,30,24,27,19,18,18,0,0,35,29,27,20,27,9,11,15,16,9,0,0
2019-20,33,Tamilnadu,3322,PUDUKKOTTAI,332209,PONNAMARAVATHY,Urban,6,cat6,"SS (I-X)",5,"Private Unaided (Recognized)",2,SC,7,1,6,2,1,3,1,2,0,0,0,0,0,0,3,2,2,3,0,0,0,0,0,0,0,0
2019-20,33,Tamilnadu,3322,PUDUKKOTTAI,332211,ARANTHANGI,Urban,6,cat6,"SS (I-X)",5,"Private Unaided (Recognized)",2,SC,6,4,1,0,3,1,2,0,2,0,1,1,0,0,4,2,1,0,5,2,0,1,1,0,0,0
2019-20,33,Tamilnadu,3322,PUDUKKOTTAI,332201,KUNNANDARKOIL,Rural,7,cat7,"SS (VI-X)",1,"Department of Education",2,SC,0,0,0,0,0,0,0,20,29,19,26,28,0,0,0,0,0,0,0,25,21,28,17,31,0,0
2019-20,33,Tamilnadu,3322,PUDUKKOTTAI,332202,ANNAVASAL,Rural,7,cat7,"SS (VI-X)",1,"Department of Education",2,SC,0,0,0,0,0,0,0,76,74,65,59,58,0,0,0,0,0,0,0,63,67,45,59,61,0,0
2019-20,33,Tamilnadu,3322,PUDUKKOTTAI,332203,VIRALIMALAI,Rural,7,cat7,"SS (VI-X)",1,"Department of Education",2,SC,0,0,0,0,0,0,0,24,37,30,26,29,0,0,0,0,0,0,0,35,27,17,30,20,0,0
2019-20,33,Tamilnadu,3322,PUDUKKOTTAI,332204,GANDARVAKKOTTAI,Rural,7,cat7,"SS (VI-X)",1,"Department of Education",2,SC,0,0,0,0,0,0,0,53,60,56,67,58,0,0,0,0,0,0,0,40,55,51,67,63,0,0
2019-20,33,Tamilnadu,3322,PUDUKKOTTAI,332205,PUDUKKOTTAI,Rural,7,cat7,"SS (VI-X)",1,"Department of Education",2,SC,0,0,0,0,0,0,0,39,45,44,55,58,0,0,0,0,0,0,0,38,29,39,62,64,0,0
2019-20,33,Tamilnadu,3322,PUDUKKOTTAI,332206,THIRUVARANKULAM,Rural,7,cat7,"SS (VI-X)",1,"Department of Education",2,SC,0,0,0,0,0,0,0,17,30,16,32,31,0,0,0,0,0,0,0,31,29,31,22,38,0,0
2019-20,33,Tamilnadu,3322,PUDUKKOTTAI,332207,KARAMBAKKUDI,Rural,7,cat7,"SS (VI-X)",1,"Department of Education",2,SC,0,0,0,0,0,0,0,43,50,58,75,61,0,0,0,0,0,0,0,49,53,45,55,53,0,0
2019-20,33,Tamilnadu,3322,PUDUKKOTTAI,332208,THIRUMAYAM,Rural,7,cat7,"SS (VI-X)",1,"Department of Education",2,SC,0,0,0,0,0,0,0,4,5,3,8,4,0,0,0,0,0,0,0,5,3,6,4,8,0,0
2019-20,33,Tamilnadu,3322,PUDUKKOTTAI,332209,PONNAMARAVATHY,Rural,7,cat7,"SS (VI-X)",1,"Department of Education",2,SC,0,0,0,0,0,0,0,11,15,10,9,9,0,0,0,0,0,0,0,9,8,12,11,16,0,0
2019-20,33,Tamilnadu,3322,PUDUKKOTTAI,332210,ARIMALAM,Rural,7,cat7,"SS (VI-X)",1,"Department of Education",2,SC,0,0,0,0,0,0,0,13,27,10,28,18,0,0,0,0,0,0,0,15,23,21,15,26,0,0
2019-20,33,Tamilnadu,3322,PUDUKKOTTAI,332211,ARANTHANGI,Rural,7,cat7,"SS (VI-X)",1,"Department of Education",2,SC,0,0,0,0,0,0,0,20,23,25,29,39,0,0,0,0,0,0,0,24,28,29,32,40,0,0
2019-20,33,Tamilnadu,3322,PUDUKKOTTAI,332212,MANAMELKUDI,Rural,7,cat7,"SS (VI-X)",1,"Department of Education",2,SC,0,0,0,0,0,0,0,33,24,18,23,30,0,0,0,0,0,0,0,33,52,28,36,35,0,0
2019-20,33,Tamilnadu,3322,PUDUKKOTTAI,332213,AVUDAIYARKOIL,Rural,7,cat7,"SS (VI-X)",1,"Department of Education",2,SC,0,0,0,0,0,0,0,30,28,30,31,28,0,0,0,0,0,0,0,22,21,34,54,40,0,0
2019-20,33,Tamilnadu,3322,PUDUKKOTTAI,332202,ANNAVASAL,Urban,7,cat7,"SS (VI-X)",1,"Department of Education",2,SC,0,0,0,0,0,0,0,0,0,0,0,0,0,0,0,0,0,0,0,28,22,22,31,41,0,0
2019-20,33,Tamilnadu,3322,PUDUKKOTTAI,332205,PUDUKKOTTAI,Urban,7,cat7,"SS (VI-X)",1,"Department of Education",2,SC,0,0,0,0,0,0,0,12,20,9,19,20,0,0,0,0,0,0,0,19,30,32,35,30,0,0
2019-20,33,Tamilnadu,3322,PUDUKKOTTAI,332202,ANNAVASAL,Rural,7,cat7,"SS (VI-X)",2,"Tribal Welfare Department",2,SC,0,0,0,0,0,0,0,3,3,3,4,0,0,0,0,0,0,0,0,3,4,4,2,5,0,0
2019-20,33,Tamilnadu,3322,PUDUKKOTTAI,332207,KARAMBAKKUDI,Rural,7,cat7,"SS (VI-X)",2,"Tribal Welfare Department",2,SC,0,0,0,0,0,0,0,6,15,13,12,8,0,0,0,0,0,0,0,14,13,24,8,10,0,0
2019-20,33,Tamilnadu,3322,PUDUKKOTTAI,332205,PUDUKKOTTAI,Urban,7,cat7,"SS (VI-X)",3,"Local body",2,SC,0,0,0,0,0,0,0,18,26,21,23,40,0,0,0,0,0,0,0,25,22,19,20,28,0,0
2019-20,33,Tamilnadu,3322,PUDUKKOTTAI,332203,VIRALIMALAI,Rural,7,cat7,"SS (VI-X)",4,"Government Aided",2,SC,0,0,0,0,0,0,0,0,0,0,0,0,0,0,0,0,0,0,0,20,38,15,28,15,0,0
2019-20,33,Tamilnadu,3322,PUDUKKOTTAI,332208,THIRUMAYAM,Rural,7,cat7,"SS (VI-X)",4,"Government Aided",2,SC,0,0,0,0,0,0,0,9,12,11,21,18,0,0,0,0,0,0,0,14,17,12,9,10,0,0
2019-20,33,Tamilnadu,3322,PUDUKKOTTAI,332209,PONNAMARAVATHY,Rural,7,cat7,"SS (VI-X)",4,"Government Aided",2,SC,0,0,0,0,0,0,0,5,2,3,8,9,0,0,0,0,0,0,0,6,8,8,7,4,0,0
2019-20,33,Tamilnadu,3322,PUDUKKOTTAI,332210,ARIMALAM,Rural,7,cat7,"SS (VI-X)",4,"Government Aided",2,SC,0,0,0,0,0,0,0,21,16,9,20,13,0,0,0,0,0,0,0,16,18,19,20,18,0,0
2019-20,33,Tamilnadu,3322,PUDUKKOTTAI,332213,AVUDAIYARKOIL,Rural,7,cat7,"SS (VI-X)",4,"Government Aided",2,SC,0,0,0,0,0,0,0,1,3,5,1,5,0,0,0,0,0,0,0,4,4,8,1,3,0,0
2019-20,33,Tamilnadu,3322,PUDUKKOTTAI,332205,PUDUKKOTTAI,Urban,7,cat7,"SS (VI-X)",4,"Government Aided",2,SC,0,0,0,0,0,0,0,1,2,3,6,5,0,0,0,0,0,0,0,1,2,2,2,0,0,0
2019-20,33,Tamilnadu,3322,PUDUKKOTTAI,332211,ARANTHANGI,Urban,7,cat7,"SS (VI-X)",4,"Government Aided",2,SC,0,0,0,0,0,0,0,6,13,10,19,18,0,0,0,0,0,0,0,4,7,9,14,7,0,0
2019-20,33,Tamilnadu,3322,PUDUKKOTTAI,332201,KUNNANDARKOIL,Rural,7,cat7,"SS (VI-X)",5,"Private Unaided (Recognized)",2,SC,0,0,0,0,0,0,0,4,4,0,3,1,0,0,0,0,0,0,0,1,2,0,7,1,0,0
2019-20,33,Tamilnadu,3322,PUDUKKOTTAI,332202,ANNAVASAL,Rural,7,cat7,"SS (VI-X)",5,"Private Unaided (Recognized)",2,SC,0,0,0,0,0,0,0,14,14,10,12,13,0,0,0,0,0,0,0,9,9,6,3,5,0,0
2019-20,33,Tamilnadu,3322,PUDUKKOTTAI,332206,THIRUVARANKULAM,Rural,7,cat7,"SS (VI-X)",5,"Private Unaided (Recognized)",2,SC,0,0,0,0,0,0,0,5,1,0,0,0,0,0,0,0,0,0,0,0,1,0,2,0,0,0
2019-20,33,Tamilnadu,3322,PUDUKKOTTAI,332211,ARANTHANGI,Rural,7,cat7,"SS (VI-X)",5,"Private Unaided (Recognized)",2,SC,0,0,0,0,0,0,0,1,0,0,0,0,0,0,0,0,0,0,0,0,1,0,0,0,0,0
2019-20,33,Tamilnadu,3322,PUDUKKOTTAI,332201,KUNNANDARKOIL,Rural,2,cat2,"UPS (I-VIII)",1,"Department of Education",2,SC,11,9,18,17,28,24,22,28,31,17,0,0,0,0,20,23,22,22,21,28,43,22,0,0,0,0
2019-20,33,Tamilnadu,3322,PUDUKKOTTAI,332202,ANNAVASAL,Rural,2,cat2,"UPS (I-VIII)",1,"Department of Education",2,SC,8,2,58,67,63,47,65,68,86,51,0,0,0,0,45,59,71,79,68,61,78,64,0,0,0,0
2019-20,33,Tamilnadu,3322,PUDUKKOTTAI,332203,VIRALIMALAI,Rural,2,cat2,"UPS (I-VIII)",1,"Department of Education",2,SC,10,8,35,42,39,45,34,53,46,57,0,0,0,0,37,39,41,40,50,53,52,59,0,0,0,0
2019-20,33,Tamilnadu,3322,PUDUKKOTTAI,332204,GANDARVAKKOTTAI,Rural,2,cat2,"UPS (I-VIII)",1,"Department of Education",2,SC,26,20,49,47,64,49,46,70,88,83,0,0,0,0,39,52,56,44,72,77,105,88,0,0,0,0
2019-20,33,Tamilnadu,3322,PUDUKKOTTAI,332205,PUDUKKOTTAI,Rural,2,cat2,"UPS (I-VIII)",1,"Department of Education",2,SC,25,21,22,44,33,34,43,38,52,44,0,0,0,0,32,33,35,41,40,38,45,41,0,0,0,0
2019-20,33,Tamilnadu,3322,PUDUKKOTTAI,332206,THIRUVARANKULAM,Rural,2,cat2,"UPS (I-VIII)",1,"Department of Education",2,SC,15,12,21,21,16,25,28,21,30,26,0,0,0,0,11,17,23,23,20,32,22,28,0,0,0,0
2019-20,33,Tamilnadu,3322,PUDUKKOTTAI,332207,KARAMBAKKUDI,Rural,2,cat2,"UPS (I-VIII)",1,"Department of Education",2,SC,55,42,50,56,46,63,48,89,100,75,0,0,0,0,50,53,51,65,61,72,101,81,0,0,0,0
2019-20,33,Tamilnadu,3322,PUDUKKOTTAI,332208,THIRUMAYAM,Rural,2,cat2,"UPS (I-VIII)",1,"Department of Education",2,SC,4,3,10,12,8,10,15,11,21,13,0,0,0,0,17,21,23,22,19,24,30,16,0,0,0,0
2019-20,33,Tamilnadu,3322,PUDUKKOTTAI,332209,PONNAMARAVATHY,Rural,2,cat2,"UPS (I-VIII)",1,"Department of Education",2,SC,7,8,19,9,18,18,11,25,29,20,0,0,0,0,11,21,30,17,14,27,20,18,0,0,0,0
2019-20,33,Tamilnadu,3322,PUDUKKOTTAI,332210,ARIMALAM,Rural,2,cat2,"UPS (I-VIII)",1,"Department of Education",2,SC,6,7,10,23,9,16,14,26,22,15,0,0,0,0,15,10,18,14,10,16,18,20,0,0,0,0
2019-20,33,Tamilnadu,3322,PUDUKKOTTAI,332211,ARANTHANGI,Rural,2,cat2,"UPS (I-VIII)",1,"Department of Education",2,SC,8,7,33,27,37,40,43,55,45,50,0,0,0,0,38,33,38,33,41,45,50,48,0,0,0,0
2019-20,33,Tamilnadu,3322,PUDUKKOTTAI,332212,MANAMELKUDI,Rural,2,cat2,"UPS (I-VIII)",1,"Department of Education",2,SC,6,4,16,16,16,23,22,36,25,24,0,0,0,0,12,10,18,13,17,20,31,34,0,0,0,0
2019-20,33,Tamilnadu,3322,PUDUKKOTTAI,332213,AVUDAIYARKOIL,Rural,2,cat2,"UPS (I-VIII)",1,"Department of Education",2,SC,10,8,27,40,33,23,34,33,46,42,0,0,0,0,23,26,34,21,36,37,34,32,0,0,0,0
2019-20,33,Tamilnadu,3322,PUDUKKOTTAI,332205,PUDUKKOTTAI,Urban,2,cat2,"UPS (I-VIII)",1,"Department of Education",2,SC,0,0,5,6,10,10,4,8,8,5,0,0,0,0,3,8,6,10,6,3,8,6,0,0,0,0
2019-20,33,Tamilnadu,3322,PUDUKKOTTAI,332206,THIRUVARANKULAM,Urban,2,cat2,"UPS (I-VIII)",1,"Department of Education",2,SC,0,0,3,1,0,1,2,6,5,1,0,0,0,0,0,1,4,4,0,3,1,0,0,0,0,0
2019-20,33,Tamilnadu,3322,PUDUKKOTTAI,332207,KARAMBAKKUDI,Urban,2,cat2,"UPS (I-VIII)",1,"Department of Education",2,SC,4,4,3,2,4,4,7,2,11,5,0,0,0,0,3,4,5,1,3,3,4,5,0,0,0,0
2019-20,33,Tamilnadu,3322,PUDUKKOTTAI,332209,PONNAMARAVATHY,Urban,2,cat2,"UPS (I-VIII)",1,"Department of Education",2,SC,0,0,7,6,7,5,7,4,2,4,0,0,0,0,7,7,9,11,7,7,5,5,0,0,0,0
2019-20,33,Tamilnadu,3322,PUDUKKOTTAI,332205,PUDUKKOTTAI,Urban,2,cat2,"UPS (I-VIII)",3,"Local body",2,SC,4,3,13,10,13,10,16,19,18,12,0,0,0,0,10,16,13,13,13,11,13,17,0,0,0,0
2019-20,33,Tamilnadu,3322,PUDUKKOTTAI,332211,ARANTHANGI,Urban,2,cat2,"UPS (I-VIII)",3,"Local body",2,SC,0,0,1,5,1,1,2,2,5,5,0,0,0,0,1,7,3,2,4,3,3,3,0,0,0,0
2019-20,33,Tamilnadu,3322,PUDUKKOTTAI,332201,KUNNANDARKOIL,Rural,2,cat2,"UPS (I-VIII)",4,"Government Aided",2,SC,0,0,0,1,0,0,2,2,5,5,0,0,0,0,1,1,0,2,1,1,1,2,0,0,0,0
2019-20,33,Tamilnadu,3322,PUDUKKOTTAI,332203,VIRALIMALAI,Rural,2,cat2,"UPS (I-VIII)",4,"Government Aided",2,SC,0,0,5,6,5,5,5,1,5,6,0,0,0,0,4,6,5,3,0,2,5,4,0,0,0,0
2019-20,33,Tamilnadu,3322,PUDUKKOTTAI,332205,PUDUKKOTTAI,Rural,2,cat2,"UPS (I-VIII)",4,"Government Aided",2,SC,0,0,2,0,4,3,1,3,5,1,0,0,0,0,1,2,3,2,2,1,3,3,0,0,0,0
2019-20,33,Tamilnadu,3322,PUDUKKOTTAI,332206,THIRUVARANKULAM,Rural,2,cat2,"UPS (I-VIII)",4,"Government Aided",2,SC,0,0,3,3,3,4,0,6,6,7,0,0,0,0,4,2,2,2,0,1,7,3,0,0,0,0
2019-20,33,Tamilnadu,3322,PUDUKKOTTAI,332208,THIRUMAYAM,Rural,2,cat2,"UPS (I-VIII)",4,"Government Aided",2,SC,0,0,14,13,17,11,22,20,22,21,0,0,0,0,10,15,12,18,10,22,34,19,0,0,0,0
2019-20,33,Tamilnadu,3322,PUDUKKOTTAI,332210,ARIMALAM,Rural,2,cat2,"UPS (I-VIII)",4,"Government Aided",2,SC,0,0,1,0,0,0,1,1,1,0,0,0,0,0,2,1,5,1,3,1,1,0,0,0,0,0
2019-20,33,Tamilnadu,3322,PUDUKKOTTAI,332211,ARANTHANGI,Rural,2,cat2,"UPS (I-VIII)",4,"Government Aided",2,SC,0,0,0,0,0,0,0,0,0,0,0,0,0,0,0,0,0,0,0,0,2,0,0,0,0,0
2019-20,33,Tamilnadu,3322,PUDUKKOTTAI,332212,MANAMELKUDI,Rural,2,cat2,"UPS (I-VIII)",4,"Government Aided",2,SC,2,1,1,1,1,2,2,4,5,1,0,0,0,0,1,1,2,1,0,1,3,2,0,0,0,0
2019-20,33,Tamilnadu,3322,PUDUKKOTTAI,332213,AVUDAIYARKOIL,Rural,2,cat2,"UPS (I-VIII)",4,"Government Aided",2,SC,0,0,3,1,6,2,6,10,7,4,0,0,0,0,2,4,3,3,3,12,3,8,0,0,0,0
2019-20,33,Tamilnadu,3322,PUDUKKOTTAI,332201,KUNNANDARKOIL,Urban,2,cat2,"UPS (I-VIII)",4,"Government Aided",2,SC,0,0,5,11,10,6,8,14,15,15,0,0,0,0,9,4,2,12,12,11,11,17,0,0,0,0
2019-20,33,Tamilnadu,3322,PUDUKKOTTAI,332205,PUDUKKOTTAI,Urban,2,cat2,"UPS (I-VIII)",4,"Government Aided",2,SC,0,0,6,16,19,16,24,21,27,23,0,0,0,0,12,11,12,18,22,15,25,23,0,0,0,0
2019-20,33,Tamilnadu,3322,PUDUKKOTTAI,332206,THIRUVARANKULAM,Urban,2,cat2,"UPS (I-VIII)",4,"Government Aided",2,SC,0,0,6,8,11,8,6,18,30,18,0,0,0,0,9,11,6,12,16,18,26,14,0,0,0,0
2019-20,33,Tamilnadu,3322,PUDUKKOTTAI,332211,ARANTHANGI,Urban,2,cat2,"UPS (I-VIII)",4,"Government Aided",2,SC,0,0,7,9,10,6,12,20,21,21,0,0,0,0,8,6,5,6,10,20,22,18,0,0,0,0
2019-20,33,Tamilnadu,3322,PUDUKKOTTAI,332201,KUNNANDARKOIL,Rural,2,cat2,"UPS (I-VIII)",5,"Private Unaided (Recognized)",2,SC,7,8,3,5,2,5,5,4,0,0,0,0,0,0,3,5,3,6,1,1,0,0,0,0,0,0
2019-20,33,Tamilnadu,3322,PUDUKKOTTAI,332202,ANNAVASAL,Rural,2,cat2,"UPS (I-VIII)",5,"Private Unaided (Recognized)",2,SC,12,2,3,3,3,0,3,0,0,0,0,0,0,0,3,3,0,1,1,0,0,0,0,0,0,0
2019-20,33,Tamilnadu,3322,PUDUKKOTTAI,332203,VIRALIMALAI,Rural,2,cat2,"UPS (I-VIII)",5,"Private Unaided (Recognized)",2,SC,4,8,1,3,1,0,1,0,1,0,0,0,0,0,4,2,2,0,1,0,1,0,0,0,0,0
2019-20,33,Tamilnadu,3322,PUDUKKOTTAI,332207,KARAMBAKKUDI,Rural,2,cat2,"UPS (I-VIII)",5,"Private Unaided (Recognized)",2,SC,18,7,1,3,5,0,1,0,0,0,0,0,0,0,3,3,2,1,0,2,0,0,0,0,0,0
2019-20,33,Tamilnadu,3322,PUDUKKOTTAI,332208,THIRUMAYAM,Rural,2,cat2,"UPS (I-VIII)",5,"Private Unaided (Recognized)",2,SC,19,9,9,3,3,5,6,5,3,0,0,0,0,0,6,2,4,5,7,4,5,0,0,0,0,0
2019-20,33,Tamilnadu,3322,PUDUKKOTTAI,332210,ARIMALAM,Rural,2,cat2,"UPS (I-VIII)",5,"Private Unaided (Recognized)",2,SC,15,6,6,5,7,4,0,0,2,0,0,0,0,0,5,4,2,5,1,0,3,0,0,0,0,0
2019-20,33,Tamilnadu,3322,PUDUKKOTTAI,332211,ARANTHANGI,Rural,2,cat2,"UPS (I-VIII)",5,"Private Unaided (Recognized)",2,SC,2,4,3,3,1,0,0,1,1,0,0,0,0,0,0,1,1,0,0,1,0,0,0,0,0,0
2019-20,33,Tamilnadu,3322,PUDUKKOTTAI,332212,MANAMELKUDI,Rural,2,cat2,"UPS (I-VIII)",5,"Private Unaided (Recognized)",2,SC,0,1,0,0,1,1,0,0,0,0,0,0,0,0,0,0,0,0,0,0,0,0,0,0,0,0
2019-20,33,Tamilnadu,3322,PUDUKKOTTAI,332205,PUDUKKOTTAI,Urban,2,cat2,"UPS (I-VIII)",5,"Private Unaided (Recognized)",2,SC,0,0,0,0,0,0,0,0,0,0,0,0,0,0,0,0,0,0,0,0,0,0,0,0,0,0
2019-20,33,Tamilnadu,3322,PUDUKKOTTAI,332206,THIRUVARANKULAM,Urban,2,cat2,"UPS (I-VIII)",5,"Private Unaided (Recognized)",2,SC,1,2,1,1,0,0,0,0,1,1,0,0,0,0,3,1,1,1,1,0,0,0,0,0,0,0
2019-20,33,Tamilnadu,3322,PUDUKKOTTAI,332205,PUDUKKOTTAI,Urban,2,cat2,"UPS (I-VIII)",90,"Social welfare Department",2,SC,0,0,2,0,1,0,0,5,1,3,0,0,0,0,0,0,0,0,0,1,4,2,0,0,0,0
2019-20,33,Tamilnadu,3322,PUDUKKOTTAI,332205,PUDUKKOTTAI,Urban,4,cat4,"UPS (VI-VIII)",4,"Government Aided",2,SC,0,0,0,0,0,0,0,0,1,1,0,0,0,0,0,0,0,0,0,0,1,1,0,0,0,0
2019-20,33,Tamilnadu,3322,PUDUKKOTTAI,332203,VIRALIMALAI,Rural,3,cat3,"HSS (I-XII)",1,"Department of Education",3,ST,0,0,0,0,0,0,0,0,0,0,0,0,0,0,0,0,1,0,0,0,0,0,0,0,0,0
2019-20,33,Tamilnadu,3322,PUDUKKOTTAI,332205,PUDUKKOTTAI,Rural,3,cat3,"HSS (I-XII)",1,"Department of Education",3,ST,1,0,0,0,0,0,0,0,0,0,0,0,0,0,0,0,0,0,0,0,0,0,0,0,0,0
2019-20,33,Tamilnadu,3322,PUDUKKOTTAI,332201,KUNNANDARKOIL,Rural,3,cat3,"HSS (I-XII)",5,"Private Unaided (Recognized)",3,ST,0,0,0,0,0,0,0,0,0,0,0,0,0,0,0,0,0,0,0,0,0,0,0,0,0,0
2019-20,33,Tamilnadu,3322,PUDUKKOTTAI,332202,ANNAVASAL,Rural,3,cat3,"HSS (I-XII)",5,"Private Unaided (Recognized)",3,ST,0,0,0,0,0,0,0,0,0,0,1,0,0,0,0,0,0,0,0,0,0,0,0,0,0,0
2019-20,33,Tamilnadu,3322,PUDUKKOTTAI,332203,VIRALIMALAI,Rural,3,cat3,"HSS (I-XII)",5,"Private Unaided (Recognized)",3,ST,0,1,1,0,0,1,0,0,0,0,1,0,0,1,1,0,0,0,0,0,0,0,0,0,0,0
2019-20,33,Tamilnadu,3322,PUDUKKOTTAI,332204,GANDARVAKKOTTAI,Rural,3,cat3,"HSS (I-XII)",5,"Private Unaided (Recognized)",3,ST,0,0,0,0,0,0,0,0,0,1,0,0,1,2,0,0,0,0,0,0,0,0,0,0,1,2
2019-20,33,Tamilnadu,3322,PUDUKKOTTAI,332205,PUDUKKOTTAI,Rural,3,cat3,"HSS (I-XII)",5,"Private Unaided (Recognized)",3,ST,0,0,0,0,0,0,0,0,0,0,0,0,0,0,0,0,0,0,0,0,0,0,0,0,0,0
2019-20,33,Tamilnadu,3322,PUDUKKOTTAI,332206,THIRUVARANKULAM,Rural,3,cat3,"HSS (I-XII)",5,"Private Unaided (Recognized)",3,ST,0,0,0,0,0,0,0,0,0,0,0,0,0,0,0,0,0,0,0,0,0,0,0,0,0,0
2019-20,33,Tamilnadu,3322,PUDUKKOTTAI,332208,THIRUMAYAM,Rural,3,cat3,"HSS (I-XII)",5,"Private Unaided (Recognized)",3,ST,0,1,0,0,0,1,0,1,0,0,0,0,0,0,0,0,0,0,0,0,0,0,0,0,0,0
2019-20,33,Tamilnadu,3322,PUDUKKOTTAI,332209,PONNAMARAVATHY,Rural,3,cat3,"HSS (I-XII)",5,"Private Unaided (Recognized)",3,ST,0,0,0,0,0,0,0,0,0,0,0,0,0,0,0,0,0,0,0,0,0,0,0,0,0,0
2019-20,33,Tamilnadu,3322,PUDUKKOTTAI,332210,ARIMALAM,Rural,3,cat3,"HSS (I-XII)",5,"Private Unaided (Recognized)",3,ST,0,0,0,0,0,0,0,0,0,0,0,0,0,0,0,0,0,0,0,0,0,0,0,0,0,0
2019-20,33,Tamilnadu,3322,PUDUKKOTTAI,332211,ARANTHANGI,Rural,3,cat3,"HSS (I-XII)",5,"Private Unaided (Recognized)",3,ST,0,0,0,0,0,0,0,0,1,0,0,0,1,0,0,0,0,0,0,0,0,0,0,0,0,0
2019-20,33,Tamilnadu,3322,PUDUKKOTTAI,332212,MANAMELKUDI,Rural,3,cat3,"HSS (I-XII)",5,"Private Unaided (Recognized)",3,ST,0,0,0,0,0,1,0,0,0,0,0,0,0,0,0,0,0,0,0,0,0,0,0,0,0,0
2019-20,33,Tamilnadu,3322,PUDUKKOTTAI,332213,AVUDAIYARKOIL,Rural,3,cat3,"HSS (I-XII)",5,"Private Unaided (Recognized)",3,ST,0,0,0,0,0,0,0,0,0,0,0,0,0,0,0,0,0,0,0,0,0,0,0,0,0,0
2019-20,33,Tamilnadu,3322,PUDUKKOTTAI,332202,ANNAVASAL,Urban,3,cat3,"HSS (I-XII)",5,"Private Unaided (Recognized)",3,ST,0,0,0,0,0,0,0,0,0,0,0,0,0,0,0,0,0,0,0,0,0,0,0,0,0,0
2019-20,33,Tamilnadu,3322,PUDUKKOTTAI,332205,PUDUKKOTTAI,Urban,3,cat3,"HSS (I-XII)",5,"Private Unaided (Recognized)",3,ST,1,0,3,0,0,1,1,1,0,4,5,1,0,1,0,2,0,0,0,0,1,0,5,1,0,0
2019-20,33,Tamilnadu,3322,PUDUKKOTTAI,332206,THIRUVARANKULAM,Urban,3,cat3,"HSS (I-XII)",5,"Private Unaided (Recognized)",3,ST,0,0,0,0,0,0,0,0,0,0,0,0,0,0,0,0,0,0,0,0,0,0,0,0,0,0
2019-20,33,Tamilnadu,3322,PUDUKKOTTAI,332209,PONNAMARAVATHY,Urban,3,cat3,"HSS (I-XII)",5,"Private Unaided (Recognized)",3,ST,0,0,0,0,0,0,0,0,1,0,0,0,0,0,0,0,0,0,0,0,0,0,1,0,0,0
2019-20,33,Tamilnadu,3322,PUDUKKOTTAI,332210,ARIMALAM,Urban,3,cat3,"HSS (I-XII)",5,"Private Unaided (Recognized)",3,ST,0,0,0,0,0,0,0,0,0,0,1,0,0,0,0,0,0,0,0,0,0,0,0,0,0,0
2019-20,33,Tamilnadu,3322,PUDUKKOTTAI,332211,ARANTHANGI,Urban,3,cat3,"HSS (I-XII)",5,"Private Unaided (Recognized)",3,ST,0,1,0,0,0,0,0,1,0,0,0,0,0,0,0,0,1,0,1,0,0,0,1,0,0,1
2019-20,33,Tamilnadu,3322,PUDUKKOTTAI,332201,KUNNANDARKOIL,Rural,5,cat5,"HSS (VI-XII)",1,"Department of Education",3,ST,0,0,0,0,0,0,0,0,0,0,0,0,0,0,0,0,0,0,0,0,0,0,0,0,0,0
2019-20,33,Tamilnadu,3322,PUDUKKOTTAI,332202,ANNAVASAL,Rural,5,cat5,"HSS (VI-XII)",1,"Department of Education",3,ST,0,0,0,0,0,0,0,0,0,0,1,0,1,0,0,0,0,0,0,1,1,1,2,1,2,0
2019-20,33,Tamilnadu,3322,PUDUKKOTTAI,332203,VIRALIMALAI,Rural,5,cat5,"HSS (VI-XII)",1,"Department of Education",3,ST,0,0,0,0,0,0,0,0,0,0,0,0,2,1,0,0,0,0,0,0,0,1,0,0,0,0
2019-20,33,Tamilnadu,3322,PUDUKKOTTAI,332204,GANDARVAKKOTTAI,Rural,5,cat5,"HSS (VI-XII)",1,"Department of Education",3,ST,0,0,0,0,0,0,0,0,0,0,0,0,0,0,0,0,0,0,0,0,0,0,0,0,0,0
2019-20,33,Tamilnadu,3322,PUDUKKOTTAI,332205,PUDUKKOTTAI,Rural,5,cat5,"HSS (VI-XII)",1,"Department of Education",3,ST,0,0,0,0,0,0,0,0,0,0,0,0,0,0,0,0,0,0,0,0,0,0,0,0,0,0
2019-20,33,Tamilnadu,3322,PUDUKKOTTAI,332206,THIRUVARANKULAM,Rural,5,cat5,"HSS (VI-XII)",1,"Department of Education",3,ST,0,0,0,0,0,0,0,0,0,0,0,0,0,0,0,0,0,0,0,0,0,0,0,0,0,0
2019-20,33,Tamilnadu,3322,PUDUKKOTTAI,332207,KARAMBAKKUDI,Rural,5,cat5,"HSS (VI-XII)",1,"Department of Education",3,ST,0,0,0,0,0,0,0,0,0,0,1,0,0,0,0,0,0,0,0,0,0,0,0,0,0,0
2019-20,33,Tamilnadu,3322,PUDUKKOTTAI,332208,THIRUMAYAM,Rural,5,cat5,"HSS (VI-XII)",1,"Department of Education",3,ST,0,0,0,0,0,0,0,0,0,0,0,2,0,0,0,0,0,0,0,0,0,0,0,0,0,1
2019-20,33,Tamilnadu,3322,PUDUKKOTTAI,332209,PONNAMARAVATHY,Rural,5,cat5,"HSS (VI-XII)",1,"Department of Education",3,ST,0,0,0,0,0,0,0,0,0,0,0,0,0,0,0,0,0,0,0,0,0,0,0,0,0,0
2019-20,33,Tamilnadu,3322,PUDUKKOTTAI,332210,ARIMALAM,Rural,5,cat5,"HSS (VI-XII)",1,"Department of Education",3,ST,0,0,0,0,0,0,0,0,0,0,0,0,0,0,0,0,0,0,0,0,0,0,0,0,0,0
2019-20,33,Tamilnadu,3322,PUDUKKOTTAI,332211,ARANTHANGI,Rural,5,cat5,"HSS (VI-XII)",1,"Department of Education",3,ST,0,0,0,0,0,0,0,0,0,0,0,0,0,0,0,0,0,0,0,0,0,0,0,0,0,0
2019-20,33,Tamilnadu,3322,PUDUKKOTTAI,332212,MANAMELKUDI,Rural,5,cat5,"HSS (VI-XII)",1,"Department of Education",3,ST,0,0,0,0,0,0,0,0,0,0,0,0,0,0,0,0,0,0,0,0,0,0,0,0,0,0
2019-20,33,Tamilnadu,3322,PUDUKKOTTAI,332213,AVUDAIYARKOIL,Rural,5,cat5,"HSS (VI-XII)",1,"Department of Education",3,ST,0,0,0,0,0,0,0,0,0,0,0,0,0,0,0,0,0,0,0,0,0,0,0,0,0,0
2019-20,33,Tamilnadu,3322,PUDUKKOTTAI,332201,KUNNANDARKOIL,Urban,5,cat5,"HSS (VI-XII)",1,"Department of Education",3,ST,0,0,0,0,0,0,0,0,0,0,0,0,0,0,0,0,0,0,0,0,0,0,0,0,0,0
2019-20,33,Tamilnadu,3322,PUDUKKOTTAI,332202,ANNAVASAL,Urban,5,cat5,"HSS (VI-XII)",1,"Department of Education",3,ST,0,0,0,0,0,0,0,0,0,0,0,0,0,0,0,0,0,0,0,0,0,0,0,0,0,0
2019-20,33,Tamilnadu,3322,PUDUKKOTTAI,332205,PUDUKKOTTAI,Urban,5,cat5,"HSS (VI-XII)",1,"Department of Education",3,ST,0,0,0,0,0,0,0,0,0,1,0,1,0,1,0,0,0,0,0,1,0,0,0,0,0,0
2019-20,33,Tamilnadu,3322,PUDUKKOTTAI,332206,THIRUVARANKULAM,Urban,5,cat5,"HSS (VI-XII)",1,"Department of Education",3,ST,0,0,0,0,0,0,0,0,0,0,0,0,0,0,0,0,0,0,0,0,0,0,0,0,0,0
2019-20,33,Tamilnadu,3322,PUDUKKOTTAI,332207,KARAMBAKKUDI,Urban,5,cat5,"HSS (VI-XII)",1,"Department of Education",3,ST,0,0,0,0,0,0,0,0,0,0,0,0,0,0,0,0,0,0,0,0,0,0,0,0,0,0
2019-20,33,Tamilnadu,3322,PUDUKKOTTAI,332209,PONNAMARAVATHY,Urban,5,cat5,"HSS (VI-XII)",1,"Department of Education",3,ST,0,0,0,0,0,0,0,0,0,0,0,0,0,0,0,0,0,0,0,0,0,0,0,0,0,0
2019-20,33,Tamilnadu,3322,PUDUKKOTTAI,332211,ARANTHANGI,Urban,5,cat5,"HSS (VI-XII)",1,"Department of Education",3,ST,0,0,0,0,0,0,0,0,0,0,3,1,0,0,0,0,0,0,0,0,0,0,3,0,0,1
2019-20,33,Tamilnadu,3322,PUDUKKOTTAI,332207,KARAMBAKKUDI,Rural,5,cat5,"HSS (VI-XII)",2,"Tribal Welfare Department",3,ST,0,0,0,0,0,0,0,0,0,0,0,0,0,0,0,0,0,0,0,0,0,0,0,0,0,0
2019-20,33,Tamilnadu,3322,PUDUKKOTTAI,332203,VIRALIMALAI,Rural,5,cat5,"HSS (VI-XII)",4,"Government Aided",3,ST,0,0,0,0,0,0,0,0,0,0,0,0,0,0,0,0,0,0,0,0,0,0,0,0,0,0
2019-20,33,Tamilnadu,3322,PUDUKKOTTAI,332204,GANDARVAKKOTTAI,Rural,5,cat5,"HSS (VI-XII)",4,"Government Aided",3,ST,0,0,0,0,0,0,0,0,0,0,1,0,0,0,0,0,0,0,0,0,0,0,0,0,0,0
2019-20,33,Tamilnadu,3322,PUDUKKOTTAI,332206,THIRUVARANKULAM,Rural,5,cat5,"HSS (VI-XII)",4,"Government Aided",3,ST,0,0,0,0,0,0,0,0,0,0,0,0,0,0,0,0,0,0,0,0,0,0,0,0,0,0
2019-20,33,Tamilnadu,3322,PUDUKKOTTAI,332207,KARAMBAKKUDI,Rural,5,cat5,"HSS (VI-XII)",4,"Government Aided",3,ST,0,0,0,0,0,0,0,0,0,0,0,0,0,0,0,0,0,0,0,0,0,0,0,0,0,0
2019-20,33,Tamilnadu,3322,PUDUKKOTTAI,332208,THIRUMAYAM,Rural,5,cat5,"HSS (VI-XII)",4,"Government Aided",3,ST,0,0,0,0,0,0,0,0,0,0,0,0,0,0,0,0,0,0,0,0,0,0,0,0,2,0
2019-20,33,Tamilnadu,3322,PUDUKKOTTAI,332210,ARIMALAM,Rural,5,cat5,"HSS (VI-XII)",4,"Government Aided",3,ST,0,0,0,0,0,0,0,0,0,0,0,0,0,0,0,0,0,0,0,0,0,0,0,0,0,0
2019-20,33,Tamilnadu,3322,PUDUKKOTTAI,332212,MANAMELKUDI,Rural,5,cat5,"HSS (VI-XII)",4,"Government Aided",3,ST,0,0,0,0,0,0,0,0,0,0,0,0,0,0,0,0,0,0,0,0,0,0,0,0,0,0
2019-20,33,Tamilnadu,3322,PUDUKKOTTAI,332213,AVUDAIYARKOIL,Rural,5,cat5,"HSS (VI-XII)",4,"Government Aided",3,ST,0,0,0,0,0,0,0,0,0,0,0,0,0,0,0,0,0,0,0,0,0,0,0,0,0,0
2019-20,33,Tamilnadu,3322,PUDUKKOTTAI,332201,KUNNANDARKOIL,Urban,5,cat5,"HSS (VI-XII)",4,"Government Aided",3,ST,0,0,0,0,0,0,0,0,0,0,0,0,0,0,0,0,0,0,0,0,0,0,0,0,0,0
2019-20,33,Tamilnadu,3322,PUDUKKOTTAI,332202,ANNAVASAL,Urban,5,cat5,"HSS (VI-XII)",4,"Government Aided",3,ST,0,0,0,0,0,0,0,0,0,0,0,0,0,0,0,0,0,0,0,0,0,0,0,0,0,0
2019-20,33,Tamilnadu,3322,PUDUKKOTTAI,332205,PUDUKKOTTAI,Urban,5,cat5,"HSS (VI-XII)",4,"Government Aided",3,ST,0,0,0,0,0,0,0,0,0,0,1,2,0,1,0,0,0,0,0,0,0,0,1,0,0,0
2019-20,33,Tamilnadu,3322,PUDUKKOTTAI,332209,PONNAMARAVATHY,Urban,5,cat5,"HSS (VI-XII)",4,"Government Aided",3,ST,0,0,0,0,0,0,0,0,0,0,0,0,0,0,0,0,0,0,0,0,0,0,0,0,0,0
2019-20,33,Tamilnadu,3322,PUDUKKOTTAI,332211,ARANTHANGI,Urban,5,cat5,"HSS (VI-XII)",4,"Government Aided",3,ST,0,0,0,0,0,0,0,0,0,0,0,0,0,0,0,0,0,0,0,0,0,0,0,0,0,0
2019-20,33,Tamilnadu,3322,PUDUKKOTTAI,332207,KARAMBAKKUDI,Rural,5,cat5,"HSS (VI-XII)",5,"Private Unaided (Recognized)",3,ST,0,0,0,0,0,0,0,0,0,1,1,0,0,0,0,0,0,0,0,0,0,0,0,0,0,0
2019-20,33,Tamilnadu,3322,PUDUKKOTTAI,332211,ARANTHANGI,Rural,5,cat5,"HSS (VI-XII)",5,"Private Unaided (Recognized)",3,ST,0,0,0,0,0,0,0,0,0,1,0,0,0,0,0,0,0,0,0,0,0,1,0,0,0,2
2019-20,33,Tamilnadu,3322,PUDUKKOTTAI,332213,AVUDAIYARKOIL,Rural,5,cat5,"HSS (VI-XII)",5,"Private Unaided (Recognized)",3,ST,0,0,0,0,0,0,0,0,0,0,0,0,0,0,0,0,0,0,0,0,0,0,0,0,0,0
2019-20,33,Tamilnadu,3322,PUDUKKOTTAI,332201,KUNNANDARKOIL,Rural,1,cat1,"PS (I-V)",1,"Department of Education",3,ST,0,0,0,0,0,0,0,0,0,0,0,0,0,0,1,0,0,0,0,0,0,0,0,0,0,0
2019-20,33,Tamilnadu,3322,PUDUKKOTTAI,332202,ANNAVASAL,Rural,1,cat1,"PS (I-V)",1,"Department of Education",3,ST,0,0,0,0,0,0,1,0,0,0,0,0,0,0,0,0,0,0,1,0,0,0,0,0,0,0
2019-20,33,Tamilnadu,3322,PUDUKKOTTAI,332203,VIRALIMALAI,Rural,1,cat1,"PS (I-V)",1,"Department of Education",3,ST,0,0,0,0,0,0,0,0,0,0,0,0,0,0,0,0,0,0,0,0,0,0,0,0,0,0
2019-20,33,Tamilnadu,3322,PUDUKKOTTAI,332204,GANDARVAKKOTTAI,Rural,1,cat1,"PS (I-V)",1,"Department of Education",3,ST,0,0,0,2,0,0,1,0,0,0,0,0,0,0,0,0,0,0,0,0,0,0,0,0,0,0
2019-20,33,Tamilnadu,3322,PUDUKKOTTAI,332205,PUDUKKOTTAI,Rural,1,cat1,"PS (I-V)",1,"Department of Education",3,ST,0,0,0,0,0,1,0,0,0,0,0,0,0,0,2,0,1,0,0,0,0,0,0,0,0,0
2019-20,33,Tamilnadu,3322,PUDUKKOTTAI,332206,THIRUVARANKULAM,Rural,1,cat1,"PS (I-V)",1,"Department of Education",3,ST,0,0,0,0,0,0,0,0,0,0,0,0,0,0,0,0,0,0,0,0,0,0,0,0,0,0
2019-20,33,Tamilnadu,3322,PUDUKKOTTAI,332207,KARAMBAKKUDI,Rural,1,cat1,"PS (I-V)",1,"Department of Education",3,ST,0,0,0,0,0,0,0,0,0,0,0,0,0,0,0,0,0,0,0,0,0,0,0,0,0,0
2019-20,33,Tamilnadu,3322,PUDUKKOTTAI,332208,THIRUMAYAM,Rural,1,cat1,"PS (I-V)",1,"Department of Education",3,ST,0,0,0,1,0,0,0,0,0,0,0,0,0,0,0,0,0,0,0,0,0,0,0,0,0,0
2019-20,33,Tamilnadu,3322,PUDUKKOTTAI,332209,PONNAMARAVATHY,Rural,1,cat1,"PS (I-V)",1,"Department of Education",3,ST,0,0,0,0,0,0,0,0,0,0,0,0,0,0,0,0,0,0,0,0,0,0,0,0,0,0
2019-20,33,Tamilnadu,3322,PUDUKKOTTAI,332210,ARIMALAM,Rural,1,cat1,"PS (I-V)",1,"Department of Education",3,ST,0,0,0,0,0,0,0,0,0,0,0,0,0,0,0,0,0,0,0,0,0,0,0,0,0,0
2019-20,33,Tamilnadu,3322,PUDUKKOTTAI,332211,ARANTHANGI,Rural,1,cat1,"PS (I-V)",1,"Department of Education",3,ST,0,0,0,0,1,0,0,0,0,0,0,0,0,0,0,0,0,0,0,0,0,0,0,0,0,0
2019-20,33,Tamilnadu,3322,PUDUKKOTTAI,332212,MANAMELKUDI,Rural,1,cat1,"PS (I-V)",1,"Department of Education",3,ST,0,0,0,0,0,0,0,0,0,0,0,0,0,0,0,0,0,0,0,0,0,0,0,0,0,0
2019-20,33,Tamilnadu,3322,PUDUKKOTTAI,332213,AVUDAIYARKOIL,Rural,1,cat1,"PS (I-V)",1,"Department of Education",3,ST,0,0,0,0,0,0,0,0,0,0,0,0,0,0,0,0,0,0,0,0,0,0,0,0,0,0
2019-20,33,Tamilnadu,3322,PUDUKKOTTAI,332201,KUNNANDARKOIL,Urban,1,cat1,"PS (I-V)",1,"Department of Education",3,ST,0,0,0,0,0,0,0,0,0,0,0,0,0,0,0,0,0,0,0,0,0,0,0,0,0,0
2019-20,33,Tamilnadu,3322,PUDUKKOTTAI,332202,ANNAVASAL,Urban,1,cat1,"PS (I-V)",1,"Department of Education",3,ST,0,0,0,0,0,0,0,0,0,0,0,0,0,0,0,0,0,0,0,0,0,0,0,0,0,0
2019-20,33,Tamilnadu,3322,PUDUKKOTTAI,332205,PUDUKKOTTAI,Urban,1,cat1,"PS (I-V)",1,"Department of Education",3,ST,0,0,0,0,0,0,0,0,0,0,0,0,0,0,0,0,0,0,0,0,0,0,0,0,0,0
2019-20,33,Tamilnadu,3322,PUDUKKOTTAI,332206,THIRUVARANKULAM,Urban,1,cat1,"PS (I-V)",1,"Department of Education",3,ST,0,0,0,0,0,0,0,0,0,0,0,0,0,0,0,0,0,0,0,0,0,0,0,0,0,0
2019-20,33,Tamilnadu,3322,PUDUKKOTTAI,332207,KARAMBAKKUDI,Urban,1,cat1,"PS (I-V)",1,"Department of Education",3,ST,0,0,0,0,0,0,0,0,0,0,0,0,0,0,0,0,0,1,0,0,0,0,0,0,0,0
2019-20,33,Tamilnadu,3322,PUDUKKOTTAI,332209,PONNAMARAVATHY,Urban,1,cat1,"PS (I-V)",1,"Department of Education",3,ST,0,0,0,0,0,0,0,0,0,0,0,0,0,0,0,0,0,0,0,0,0,0,0,0,0,0
2019-20,33,Tamilnadu,3322,PUDUKKOTTAI,332210,ARIMALAM,Urban,1,cat1,"PS (I-V)",1,"Department of Education",3,ST,0,0,0,0,0,0,0,0,0,0,0,0,0,0,0,0,0,0,0,0,0,0,0,0,0,0
2019-20,33,Tamilnadu,3322,PUDUKKOTTAI,332202,ANNAVASAL,Rural,1,cat1,"PS (I-V)",2,"Tribal Welfare Department",3,ST,0,0,0,0,0,0,0,0,0,0,0,0,0,0,0,0,0,0,0,0,0,0,0,0,0,0
2019-20,33,Tamilnadu,3322,PUDUKKOTTAI,332204,GANDARVAKKOTTAI,Rural,1,cat1,"PS (I-V)",2,"Tribal Welfare Department",3,ST,0,0,0,0,0,0,0,0,0,0,0,0,0,0,0,0,0,0,0,0,0,0,0,0,0,0
2019-20,33,Tamilnadu,3322,PUDUKKOTTAI,332205,PUDUKKOTTAI,Rural,1,cat1,"PS (I-V)",2,"Tribal Welfare Department",3,ST,0,0,0,0,0,0,0,0,0,0,0,0,0,0,0,0,0,0,0,0,0,0,0,0,0,0
2019-20,33,Tamilnadu,3322,PUDUKKOTTAI,332206,THIRUVARANKULAM,Rural,1,cat1,"PS (I-V)",2,"Tribal Welfare Department",3,ST,0,0,0,0,0,0,0,0,0,0,0,0,0,0,0,0,0,0,0,0,0,0,0,0,0,0
2019-20,33,Tamilnadu,3322,PUDUKKOTTAI,332207,KARAMBAKKUDI,Rural,1,cat1,"PS (I-V)",2,"Tribal Welfare Department",3,ST,0,0,0,0,0,0,0,0,0,0,0,0,0,0,0,0,0,0,0,0,0,0,0,0,0,0
2019-20,33,Tamilnadu,3322,PUDUKKOTTAI,332208,THIRUMAYAM,Rural,1,cat1,"PS (I-V)",2,"Tribal Welfare Department",3,ST,0,0,0,0,0,0,0,0,0,0,0,0,0,0,0,0,0,0,0,0,0,0,0,0,0,0
2019-20,33,Tamilnadu,3322,PUDUKKOTTAI,332213,AVUDAIYARKOIL,Rural,1,cat1,"PS (I-V)",2,"Tribal Welfare Department",3,ST,0,0,0,0,0,0,0,0,0,0,0,0,0,0,0,0,0,0,0,0,0,0,0,0,0,0
2019-20,33,Tamilnadu,3322,PUDUKKOTTAI,332205,PUDUKKOTTAI,Urban,1,cat1,"PS (I-V)",3,"Local body",3,ST,0,0,0,0,0,0,0,0,0,0,0,0,0,0,0,0,0,0,0,0,0,0,0,0,0,0
2019-20,33,Tamilnadu,3322,PUDUKKOTTAI,332211,ARANTHANGI,Urban,1,cat1,"PS (I-V)",3,"Local body",3,ST,0,0,0,0,0,0,0,0,0,0,0,0,0,0,0,0,0,0,0,0,0,0,0,0,0,0
2019-20,33,Tamilnadu,3322,PUDUKKOTTAI,332201,KUNNANDARKOIL,Rural,1,cat1,"PS (I-V)",4,"Government Aided",3,ST,0,0,0,0,0,0,0,0,0,0,0,0,0,0,0,0,0,0,0,0,0,0,0,0,0,0
2019-20,33,Tamilnadu,3322,PUDUKKOTTAI,332202,ANNAVASAL,Rural,1,cat1,"PS (I-V)",4,"Government Aided",3,ST,0,0,0,0,0,0,0,0,0,0,0,0,0,0,0,0,0,0,0,0,0,0,0,0,0,0
2019-20,33,Tamilnadu,3322,PUDUKKOTTAI,332203,VIRALIMALAI,Rural,1,cat1,"PS (I-V)",4,"Government Aided",3,ST,0,0,0,0,0,0,0,0,0,0,0,0,0,0,0,0,0,0,0,0,0,0,0,0,0,0
2019-20,33,Tamilnadu,3322,PUDUKKOTTAI,332205,PUDUKKOTTAI,Rural,1,cat1,"PS (I-V)",4,"Government Aided",3,ST,0,0,0,0,0,0,0,0,0,0,0,0,0,0,0,0,0,0,0,0,0,0,0,0,0,0
2019-20,33,Tamilnadu,3322,PUDUKKOTTAI,332206,THIRUVARANKULAM,Rural,1,cat1,"PS (I-V)",4,"Government Aided",3,ST,0,0,0,0,0,0,0,0,0,0,0,0,0,0,0,0,0,0,0,0,0,0,0,0,0,0
2019-20,33,Tamilnadu,3322,PUDUKKOTTAI,332207,KARAMBAKKUDI,Rural,1,cat1,"PS (I-V)",4,"Government Aided",3,ST,0,0,0,0,0,0,0,0,0,0,0,0,0,0,0,0,0,0,0,0,0,0,0,0,0,0
2019-20,33,Tamilnadu,3322,PUDUKKOTTAI,332208,THIRUMAYAM,Rural,1,cat1,"PS (I-V)",4,"Government Aided",3,ST,0,0,0,0,0,0,0,0,0,0,0,0,0,0,0,0,0,0,0,0,0,0,0,0,0,0
2019-20,33,Tamilnadu,3322,PUDUKKOTTAI,332209,PONNAMARAVATHY,Rural,1,cat1,"PS (I-V)",4,"Government Aided",3,ST,0,0,0,0,0,0,0,0,0,0,0,0,0,0,0,0,0,0,0,0,0,0,0,0,0,0
2019-20,33,Tamilnadu,3322,PUDUKKOTTAI,332210,ARIMALAM,Rural,1,cat1,"PS (I-V)",4,"Government Aided",3,ST,0,0,0,0,0,0,0,0,0,0,0,0,0,0,0,0,0,0,0,0,0,0,0,0,0,0
2019-20,33,Tamilnadu,3322,PUDUKKOTTAI,332212,MANAMELKUDI,Rural,1,cat1,"PS (I-V)",4,"Government Aided",3,ST,0,0,0,0,0,0,0,0,0,0,0,0,0,0,0,0,0,0,0,0,0,0,0,0,0,0
2019-20,33,Tamilnadu,3322,PUDUKKOTTAI,332213,AVUDAIYARKOIL,Rural,1,cat1,"PS (I-V)",4,"Government Aided",3,ST,0,0,0,0,0,0,0,0,0,0,0,0,0,0,0,0,0,0,0,0,0,0,0,0,0,0
2019-20,33,Tamilnadu,3322,PUDUKKOTTAI,332202,ANNAVASAL,Urban,1,cat1,"PS (I-V)",4,"Government Aided",3,ST,0,0,0,0,0,0,0,0,0,0,0,0,0,0,0,0,0,0,0,0,0,0,0,0,0,0
2019-20,33,Tamilnadu,3322,PUDUKKOTTAI,332205,PUDUKKOTTAI,Urban,1,cat1,"PS (I-V)",4,"Government Aided",3,ST,0,0,0,0,0,0,0,0,0,0,0,0,0,0,0,0,0,0,0,0,0,0,0,0,0,0
2019-20,33,Tamilnadu,3322,PUDUKKOTTAI,332207,KARAMBAKKUDI,Urban,1,cat1,"PS (I-V)",4,"Government Aided",3,ST,0,0,0,0,0,0,0,0,0,0,0,0,0,0,0,0,0,0,0,0,0,0,0,0,0,0
2019-20,33,Tamilnadu,3322,PUDUKKOTTAI,332209,PONNAMARAVATHY,Urban,1,cat1,"PS (I-V)",4,"Government Aided",3,ST,0,0,0,0,0,0,0,0,0,0,0,0,0,0,0,0,0,0,0,0,0,0,0,0,0,0
2019-20,33,Tamilnadu,3322,PUDUKKOTTAI,332211,ARANTHANGI,Urban,1,cat1,"PS (I-V)",4,"Government Aided",3,ST,0,0,0,0,1,0,3,0,0,0,0,0,0,0,0,0,0,0,0,0,0,0,0,0,0,0
2019-20,33,Tamilnadu,3322,PUDUKKOTTAI,332201,KUNNANDARKOIL,Rural,1,cat1,"PS (I-V)",5,"Private Unaided (Recognized)",3,ST,0,0,0,0,0,0,0,0,0,0,0,0,0,0,0,0,0,0,0,0,0,0,0,0,0,0
2019-20,33,Tamilnadu,3322,PUDUKKOTTAI,332202,ANNAVASAL,Rural,1,cat1,"PS (I-V)",5,"Private Unaided (Recognized)",3,ST,1,0,0,0,0,0,0,0,0,0,0,0,0,0,0,0,0,0,0,0,0,0,0,0,0,0
2019-20,33,Tamilnadu,3322,PUDUKKOTTAI,332203,VIRALIMALAI,Rural,1,cat1,"PS (I-V)",5,"Private Unaided (Recognized)",3,ST,0,1,0,0,0,0,0,0,0,0,0,0,0,0,0,1,0,0,1,0,0,0,0,0,0,0
2019-20,33,Tamilnadu,3322,PUDUKKOTTAI,332204,GANDARVAKKOTTAI,Rural,1,cat1,"PS (I-V)",5,"Private Unaided (Recognized)",3,ST,0,0,1,0,0,0,0,0,0,0,0,0,0,0,0,0,0,0,0,0,0,0,0,0,0,0
2019-20,33,Tamilnadu,3322,PUDUKKOTTAI,332205,PUDUKKOTTAI,Rural,1,cat1,"PS (I-V)",5,"Private Unaided (Recognized)",3,ST,0,0,0,0,0,0,0,0,0,0,0,0,0,0,0,0,0,0,0,0,0,0,0,0,0,0
2019-20,33,Tamilnadu,3322,PUDUKKOTTAI,332206,THIRUVARANKULAM,Rural,1,cat1,"PS (I-V)",5,"Private Unaided (Recognized)",3,ST,0,0,0,0,0,0,0,0,0,0,0,0,0,0,0,0,0,0,0,0,0,0,0,0,0,0
2019-20,33,Tamilnadu,3322,PUDUKKOTTAI,332207,KARAMBAKKUDI,Rural,1,cat1,"PS (I-V)",5,"Private Unaided (Recognized)",3,ST,0,0,0,0,0,0,0,0,0,0,0,0,0,0,0,0,0,0,0,0,0,0,0,0,0,0
2019-20,33,Tamilnadu,3322,PUDUKKOTTAI,332208,THIRUMAYAM,Rural,1,cat1,"PS (I-V)",5,"Private Unaided (Recognized)",3,ST,0,0,0,0,0,0,0,0,0,0,0,0,0,0,0,0,0,0,0,0,0,0,0,0,0,0
2019-20,33,Tamilnadu,3322,PUDUKKOTTAI,332210,ARIMALAM,Rural,1,cat1,"PS (I-V)",5,"Private Unaided (Recognized)",3,ST,0,0,0,0,0,0,0,0,0,0,0,0,0,0,0,0,0,0,0,0,0,0,0,0,0,0
2019-20,33,Tamilnadu,3322,PUDUKKOTTAI,332211,ARANTHANGI,Rural,1,cat1,"PS (I-V)",5,"Private Unaided (Recognized)",3,ST,1,0,1,0,0,0,0,0,0,0,0,0,0,0,0,0,0,2,0,0,0,0,0,0,0,0
2019-20,33,Tamilnadu,3322,PUDUKKOTTAI,332212,MANAMELKUDI,Rural,1,cat1,"PS (I-V)",5,"Private Unaided (Recognized)",3,ST,0,0,1,0,0,0,0,0,0,0,0,0,0,0,0,0,0,0,0,0,0,0,0,0,0,0
2019-20,33,Tamilnadu,3322,PUDUKKOTTAI,332213,AVUDAIYARKOIL,Rural,1,cat1,"PS (I-V)",5,"Private Unaided (Recognized)",3,ST,0,0,0,0,0,0,0,0,0,0,0,0,0,0,0,0,0,0,0,0,0,0,0,0,0,0
2019-20,33,Tamilnadu,3322,PUDUKKOTTAI,332201,KUNNANDARKOIL,Urban,1,cat1,"PS (I-V)",5,"Private Unaided (Recognized)",3,ST,0,0,0,0,0,0,0,0,0,0,0,0,0,0,0,0,0,0,0,0,0,0,0,0,0,0
2019-20,33,Tamilnadu,3322,PUDUKKOTTAI,332205,PUDUKKOTTAI,Urban,1,cat1,"PS (I-V)",5,"Private Unaided (Recognized)",3,ST,0,1,0,0,0,1,0,0,0,0,0,0,0,0,0,0,0,0,0,0,0,0,0,0,0,0
2019-20,33,Tamilnadu,3322,PUDUKKOTTAI,332206,THIRUVARANKULAM,Urban,1,cat1,"PS (I-V)",5,"Private Unaided (Recognized)",3,ST,0,0,0,0,0,0,0,0,0,0,0,0,0,0,0,0,0,0,0,0,0,0,0,0,0,0
2019-20,33,Tamilnadu,3322,PUDUKKOTTAI,332207,KARAMBAKKUDI,Urban,1,cat1,"PS (I-V)",5,"Private Unaided (Recognized)",3,ST,0,0,0,0,0,0,0,0,0,0,0,0,0,0,0,0,0,0,0,0,0,0,0,0,0,0
2019-20,33,Tamilnadu,3322,PUDUKKOTTAI,332209,PONNAMARAVATHY,Urban,1,cat1,"PS (I-V)",5,"Private Unaided (Recognized)",3,ST,0,0,0,0,0,0,0,0,0,0,0,0,0,0,0,0,0,0,0,0,0,0,0,0,0,0
2019-20,33,Tamilnadu,3322,PUDUKKOTTAI,332210,ARIMALAM,Urban,1,cat1,"PS (I-V)",5,"Private Unaided (Recognized)",3,ST,0,0,0,0,0,0,0,0,0,0,0,0,0,0,0,0,0,0,0,0,0,0,0,0,0,0
2019-20,33,Tamilnadu,3322,PUDUKKOTTAI,332211,ARANTHANGI,Urban,1,cat1,"PS (I-V)",5,"Private Unaided (Recognized)",3,ST,1,1,0,1,1,1,0,0,0,0,0,0,0,0,0,0,0,0,0,0,0,0,0,0,0,0
2019-20,33,Tamilnadu,3322,PUDUKKOTTAI,332201,KUNNANDARKOIL,Rural,1,cat1,"PS (I-V)",8,Unrecognized,3,ST,0,0,0,0,0,0,0,0,0,0,0,0,0,0,0,0,0,0,0,0,0,0,0,0,0,0
2019-20,33,Tamilnadu,3322,PUDUKKOTTAI,332204,GANDARVAKKOTTAI,Rural,1,cat1,"PS (I-V)",8,Unrecognized,3,ST,1,0,0,0,0,0,0,0,0,0,0,0,0,0,1,0,0,0,0,0,0,0,0,0,0,0
2019-20,33,Tamilnadu,3322,PUDUKKOTTAI,332205,PUDUKKOTTAI,Rural,1,cat1,"PS (I-V)",8,Unrecognized,3,ST,0,0,0,0,0,0,0,0,0,0,0,0,0,0,0,0,0,0,0,0,0,0,0,0,0,0
2019-20,33,Tamilnadu,3322,PUDUKKOTTAI,332209,PONNAMARAVATHY,Rural,1,cat1,"PS (I-V)",8,Unrecognized,3,ST,0,0,0,0,0,0,0,0,0,0,0,0,0,0,0,0,0,0,0,0,0,0,0,0,0,0
2019-20,33,Tamilnadu,3322,PUDUKKOTTAI,332212,MANAMELKUDI,Rural,1,cat1,"PS (I-V)",8,Unrecognized,3,ST,0,0,0,0,0,0,0,0,0,0,0,0,0,0,0,0,0,0,0,0,0,0,0,0,0,0
2019-20,33,Tamilnadu,3322,PUDUKKOTTAI,332205,PUDUKKOTTAI,Urban,1,cat1,"PS (I-V)",90,"Social welfare Department",3,ST,0,0,0,0,0,0,0,0,0,0,0,0,0,0,0,0,0,0,0,0,0,0,0,0,0,0
2019-20,33,Tamilnadu,3322,PUDUKKOTTAI,332208,THIRUMAYAM,Rural,6,cat6,"SS (I-X)",4,"Government Aided",3,ST,0,0,0,0,0,0,0,0,0,0,1,0,0,0,0,2,0,0,1,1,0,0,0,0,0,0
2019-20,33,Tamilnadu,3322,PUDUKKOTTAI,332211,ARANTHANGI,Rural,6,cat6,"SS (I-X)",4,"Government Aided",3,ST,0,0,0,0,0,0,0,0,0,0,0,0,0,0,0,0,0,0,0,0,0,0,0,0,0,0
2019-20,33,Tamilnadu,3322,PUDUKKOTTAI,332202,ANNAVASAL,Rural,6,cat6,"SS (I-X)",5,"Private Unaided (Recognized)",3,ST,0,0,0,0,0,0,0,0,0,0,0,0,0,0,0,0,0,0,0,0,0,0,0,0,0,0
2019-20,33,Tamilnadu,3322,PUDUKKOTTAI,332203,VIRALIMALAI,Rural,6,cat6,"SS (I-X)",5,"Private Unaided (Recognized)",3,ST,0,0,0,0,0,0,0,0,1,1,1,0,0,0,0,0,0,0,0,1,1,1,3,1,0,0
2019-20,33,Tamilnadu,3322,PUDUKKOTTAI,332204,GANDARVAKKOTTAI,Rural,6,cat6,"SS (I-X)",5,"Private Unaided (Recognized)",3,ST,0,0,0,0,1,0,0,0,1,0,0,0,0,0,0,0,0,1,0,0,0,0,0,0,0,0
2019-20,33,Tamilnadu,3322,PUDUKKOTTAI,332205,PUDUKKOTTAI,Rural,6,cat6,"SS (I-X)",5,"Private Unaided (Recognized)",3,ST,0,0,0,0,0,0,0,0,0,0,0,0,0,0,0,0,0,0,0,0,0,0,0,0,0,0
2019-20,33,Tamilnadu,3322,PUDUKKOTTAI,332206,THIRUVARANKULAM,Rural,6,cat6,"SS (I-X)",5,"Private Unaided (Recognized)",3,ST,0,0,0,0,0,0,0,0,0,0,0,0,0,0,0,0,0,0,0,0,0,0,0,0,0,0
2019-20,33,Tamilnadu,3322,PUDUKKOTTAI,332208,THIRUMAYAM,Rural,6,cat6,"SS (I-X)",5,"Private Unaided (Recognized)",3,ST,1,1,0,0,0,0,0,0,1,0,0,0,0,0,0,0,0,0,0,0,0,1,0,0,0,0
2019-20,33,Tamilnadu,3322,PUDUKKOTTAI,332209,PONNAMARAVATHY,Rural,6,cat6,"SS (I-X)",5,"Private Unaided (Recognized)",3,ST,0,0,0,0,0,0,0,0,0,0,0,0,0,0,0,0,0,0,0,0,0,0,0,0,0,0
2019-20,33,Tamilnadu,3322,PUDUKKOTTAI,332210,ARIMALAM,Rural,6,cat6,"SS (I-X)",5,"Private Unaided (Recognized)",3,ST,0,0,0,0,0,0,0,0,0,0,0,0,0,0,0,0,0,0,0,0,0,0,0,0,0,0
2019-20,33,Tamilnadu,3322,PUDUKKOTTAI,332211,ARANTHANGI,Rural,6,cat6,"SS (I-X)",5,"Private Unaided (Recognized)",3,ST,0,0,0,0,0,0,0,0,0,1,0,0,0,0,0,0,0,0,0,0,1,0,0,0,0,0
2019-20,33,Tamilnadu,3322,PUDUKKOTTAI,332212,MANAMELKUDI,Rural,6,cat6,"SS (I-X)",5,"Private Unaided (Recognized)",3,ST,0,0,0,0,0,0,0,0,0,0,0,0,0,0,0,0,0,0,0,0,0,0,0,0,0,0
2019-20,33,Tamilnadu,3322,PUDUKKOTTAI,332202,ANNAVASAL,Urban,6,cat6,"SS (I-X)",5,"Private Unaided (Recognized)",3,ST,0,0,0,0,0,0,0,0,0,0,0,0,0,0,0,0,0,0,0,0,0,0,0,0,0,0
2019-20,33,Tamilnadu,3322,PUDUKKOTTAI,332205,PUDUKKOTTAI,Urban,6,cat6,"SS (I-X)",5,"Private Unaided (Recognized)",3,ST,0,2,0,0,0,1,0,0,0,0,0,0,0,0,0,0,0,0,0,0,0,0,0,0,0,0
2019-20,33,Tamilnadu,3322,PUDUKKOTTAI,332207,KARAMBAKKUDI,Urban,6,cat6,"SS (I-X)",5,"Private Unaided (Recognized)",3,ST,0,0,0,0,0,0,0,0,0,0,0,0,0,0,0,0,0,0,0,0,0,0,0,0,0,0
2019-20,33,Tamilnadu,3322,PUDUKKOTTAI,332209,PONNAMARAVATHY,Urban,6,cat6,"SS (I-X)",5,"Private Unaided (Recognized)",3,ST,0,0,0,0,0,0,0,0,0,0,0,0,0,0,0,0,0,0,0,0,0,0,0,0,0,0
2019-20,33,Tamilnadu,3322,PUDUKKOTTAI,332211,ARANTHANGI,Urban,6,cat6,"SS (I-X)",5,"Private Unaided (Recognized)",3,ST,0,0,0,0,0,0,0,0,0,0,0,0,0,0,0,0,0,0,0,0,0,0,0,0,0,0
2019-20,33,Tamilnadu,3322,PUDUKKOTTAI,332201,KUNNANDARKOIL,Rural,7,cat7,"SS (VI-X)",1,"Department of Education",3,ST,0,0,0,0,0,0,0,0,0,0,0,0,0,0,0,0,0,0,0,0,0,0,0,0,0,0
2019-20,33,Tamilnadu,3322,PUDUKKOTTAI,332202,ANNAVASAL,Rural,7,cat7,"SS (VI-X)",1,"Department of Education",3,ST,0,0,0,0,0,0,0,0,0,0,0,0,0,0,0,0,0,0,0,0,0,0,0,1,0,0
2019-20,33,Tamilnadu,3322,PUDUKKOTTAI,332203,VIRALIMALAI,Rural,7,cat7,"SS (VI-X)",1,"Department of Education",3,ST,0,0,0,0,0,0,0,0,0,0,0,0,0,0,0,0,0,0,0,0,0,0,0,0,0,0
2019-20,33,Tamilnadu,3322,PUDUKKOTTAI,332204,GANDARVAKKOTTAI,Rural,7,cat7,"SS (VI-X)",1,"Department of Education",3,ST,0,0,0,0,0,0,0,0,0,0,0,0,0,0,0,0,0,0,0,0,0,0,1,0,0,0
2019-20,33,Tamilnadu,3322,PUDUKKOTTAI,332205,PUDUKKOTTAI,Rural,7,cat7,"SS (VI-X)",1,"Department of Education",3,ST,0,0,0,0,0,0,0,0,0,0,0,1,0,0,0,0,0,0,0,0,0,0,0,0,0,0
2019-20,33,Tamilnadu,3322,PUDUKKOTTAI,332206,THIRUVARANKULAM,Rural,7,cat7,"SS (VI-X)",1,"Department of Education",3,ST,0,0,0,0,0,0,0,0,0,0,0,0,0,0,0,0,0,0,0,0,0,0,0,0,0,0
2019-20,33,Tamilnadu,3322,PUDUKKOTTAI,332207,KARAMBAKKUDI,Rural,7,cat7,"SS (VI-X)",1,"Department of Education",3,ST,0,0,0,0,0,0,0,0,0,0,0,0,0,0,0,0,0,0,0,0,0,0,0,0,0,0
2019-20,33,Tamilnadu,3322,PUDUKKOTTAI,332208,THIRUMAYAM,Rural,7,cat7,"SS (VI-X)",1,"Department of Education",3,ST,0,0,0,0,0,0,0,0,0,0,0,0,0,0,0,0,0,0,0,0,0,0,0,0,0,0
2019-20,33,Tamilnadu,3322,PUDUKKOTTAI,332209,PONNAMARAVATHY,Rural,7,cat7,"SS (VI-X)",1,"Department of Education",3,ST,0,0,0,0,0,0,0,0,0,0,0,0,0,0,0,0,0,0,0,0,0,0,0,0,0,0
2019-20,33,Tamilnadu,3322,PUDUKKOTTAI,332210,ARIMALAM,Rural,7,cat7,"SS (VI-X)",1,"Department of Education",3,ST,0,0,0,0,0,0,0,0,0,0,0,0,0,0,0,0,0,0,0,0,0,0,0,0,0,0
2019-20,33,Tamilnadu,3322,PUDUKKOTTAI,332211,ARANTHANGI,Rural,7,cat7,"SS (VI-X)",1,"Department of Education",3,ST,0,0,0,0,0,0,0,0,0,0,0,0,0,0,0,0,0,0,0,0,0,0,0,0,0,0
2019-20,33,Tamilnadu,3322,PUDUKKOTTAI,332212,MANAMELKUDI,Rural,7,cat7,"SS (VI-X)",1,"Department of Education",3,ST,0,0,0,0,0,0,0,0,0,0,0,0,0,0,0,0,0,0,0,0,0,0,0,0,0,0
2019-20,33,Tamilnadu,3322,PUDUKKOTTAI,332213,AVUDAIYARKOIL,Rural,7,cat7,"SS (VI-X)",1,"Department of Education",3,ST,0,0,0,0,0,0,0,0,0,0,0,0,0,0,0,0,0,0,0,0,0,0,0,0,0,0
2019-20,33,Tamilnadu,3322,PUDUKKOTTAI,332202,ANNAVASAL,Urban,7,cat7,"SS (VI-X)",1,"Department of Education",3,ST,0,0,0,0,0,0,0,0,0,0,0,0,0,0,0,0,0,0,0,0,0,0,0,0,0,0
2019-20,33,Tamilnadu,3322,PUDUKKOTTAI,332205,PUDUKKOTTAI,Urban,7,cat7,"SS (VI-X)",1,"Department of Education",3,ST,0,0,0,0,0,0,0,0,0,0,0,0,0,0,0,0,0,0,0,0,0,0,0,0,0,0
2019-20,33,Tamilnadu,3322,PUDUKKOTTAI,332202,ANNAVASAL,Rural,7,cat7,"SS (VI-X)",2,"Tribal Welfare Department",3,ST,0,0,0,0,0,0,0,0,0,0,0,0,0,0,0,0,0,0,0,0,0,0,0,0,0,0
2019-20,33,Tamilnadu,3322,PUDUKKOTTAI,332207,KARAMBAKKUDI,Rural,7,cat7,"SS (VI-X)",2,"Tribal Welfare Department",3,ST,0,0,0,0,0,0,0,0,0,0,0,0,0,0,0,0,0,0,0,0,0,0,0,0,0,0
2019-20,33,Tamilnadu,3322,PUDUKKOTTAI,332205,PUDUKKOTTAI,Urban,7,cat7,"SS (VI-X)",3,"Local body",3,ST,0,0,0,0,0,0,0,0,0,0,0,0,0,0,0,0,0,0,0,0,0,0,0,0,0,0
2019-20,33,Tamilnadu,3322,PUDUKKOTTAI,332203,VIRALIMALAI,Rural,7,cat7,"SS (VI-X)",4,"Government Aided",3,ST,0,0,0,0,0,0,0,0,0,0,0,0,0,0,0,0,0,0,0,0,0,0,0,0,0,0
2019-20,33,Tamilnadu,3322,PUDUKKOTTAI,332208,THIRUMAYAM,Rural,7,cat7,"SS (VI-X)",4,"Government Aided",3,ST,0,0,0,0,0,0,0,0,0,0,0,0,0,0,0,0,0,0,0,0,0,0,1,0,0,0
2019-20,33,Tamilnadu,3322,PUDUKKOTTAI,332209,PONNAMARAVATHY,Rural,7,cat7,"SS (VI-X)",4,"Government Aided",3,ST,0,0,0,0,0,0,0,0,0,0,0,0,0,0,0,0,0,0,0,0,0,0,0,0,0,0
2019-20,33,Tamilnadu,3322,PUDUKKOTTAI,332210,ARIMALAM,Rural,7,cat7,"SS (VI-X)",4,"Government Aided",3,ST,0,0,0,0,0,0,0,0,0,0,0,0,0,0,0,0,0,0,0,0,0,0,0,0,0,0
2019-20,33,Tamilnadu,3322,PUDUKKOTTAI,332213,AVUDAIYARKOIL,Rural,7,cat7,"SS (VI-X)",4,"Government Aided",3,ST,0,0,0,0,0,0,0,0,0,0,0,0,0,0,0,0,0,0,0,0,0,0,0,0,0,0
2019-20,33,Tamilnadu,3322,PUDUKKOTTAI,332205,PUDUKKOTTAI,Urban,7,cat7,"SS (VI-X)",4,"Government Aided",3,ST,0,0,0,0,0,0,0,0,0,0,0,0,0,0,0,0,0,0,0,0,0,0,0,0,0,0
2019-20,33,Tamilnadu,3322,PUDUKKOTTAI,332211,ARANTHANGI,Urban,7,cat7,"SS (VI-X)",4,"Government Aided",3,ST,0,0,0,0,0,0,0,0,0,0,0,0,0,0,0,0,0,0,0,0,0,0,0,0,0,0
2019-20,33,Tamilnadu,3322,PUDUKKOTTAI,332201,KUNNANDARKOIL,Rural,7,cat7,"SS (VI-X)",5,"Private Unaided (Recognized)",3,ST,0,0,0,0,0,0,0,0,0,0,0,0,0,0,0,0,0,0,0,0,0,0,0,0,0,0
2019-20,33,Tamilnadu,3322,PUDUKKOTTAI,332202,ANNAVASAL,Rural,7,cat7,"SS (VI-X)",5,"Private Unaided (Recognized)",3,ST,0,0,0,0,0,0,0,0,0,0,0,0,0,0,0,0,0,0,0,0,0,0,0,0,0,0
2019-20,33,Tamilnadu,3322,PUDUKKOTTAI,332206,THIRUVARANKULAM,Rural,7,cat7,"SS (VI-X)",5,"Private Unaided (Recognized)",3,ST,0,0,0,0,0,0,0,0,0,0,0,0,0,0,0,0,0,0,0,0,0,0,0,0,0,0
2019-20,33,Tamilnadu,3322,PUDUKKOTTAI,332211,ARANTHANGI,Rural,7,cat7,"SS (VI-X)",5,"Private Unaided (Recognized)",3,ST,0,0,0,0,0,0,0,0,0,0,0,0,0,0,0,0,0,0,0,0,0,0,0,0,0,0
2019-20,33,Tamilnadu,3322,PUDUKKOTTAI,332201,KUNNANDARKOIL,Rural,2,cat2,"UPS (I-VIII)",1,"Department of Education",3,ST,0,0,0,0,0,0,0,0,0,0,0,0,0,0,0,0,0,0,0,0,0,0,0,0,0,0
2019-20,33,Tamilnadu,3322,PUDUKKOTTAI,332202,ANNAVASAL,Rural,2,cat2,"UPS (I-VIII)",1,"Department of Education",3,ST,0,0,0,0,0,0,0,0,0,0,0,0,0,0,0,0,0,0,0,0,0,0,0,0,0,0
2019-20,33,Tamilnadu,3322,PUDUKKOTTAI,332203,VIRALIMALAI,Rural,2,cat2,"UPS (I-VIII)",1,"Department of Education",3,ST,0,0,0,0,0,0,0,0,0,0,0,0,0,0,0,0,0,0,0,0,0,0,0,0,0,0
2019-20,33,Tamilnadu,3322,PUDUKKOTTAI,332204,GANDARVAKKOTTAI,Rural,2,cat2,"UPS (I-VIII)",1,"Department of Education",3,ST,0,0,0,0,0,0,0,0,3,0,0,0,0,0,0,1,0,0,0,0,2,0,0,0,0,0
2019-20,33,Tamilnadu,3322,PUDUKKOTTAI,332205,PUDUKKOTTAI,Rural,2,cat2,"UPS (I-VIII)",1,"Department of Education",3,ST,0,0,0,0,0,0,0,0,0,0,0,0,0,0,0,0,0,0,0,0,0,0,0,0,0,0
2019-20,33,Tamilnadu,3322,PUDUKKOTTAI,332206,THIRUVARANKULAM,Rural,2,cat2,"UPS (I-VIII)",1,"Department of Education",3,ST,0,0,0,0,0,0,0,0,0,0,0,0,0,0,0,0,0,0,0,0,0,0,0,0,0,0
2019-20,33,Tamilnadu,3322,PUDUKKOTTAI,332207,KARAMBAKKUDI,Rural,2,cat2,"UPS (I-VIII)",1,"Department of Education",3,ST,0,0,0,0,0,0,0,0,0,0,0,0,0,0,0,0,0,0,0,0,0,0,0,0,0,0
2019-20,33,Tamilnadu,3322,PUDUKKOTTAI,332208,THIRUMAYAM,Rural,2,cat2,"UPS (I-VIII)",1,"Department of Education",3,ST,0,0,0,0,0,0,0,0,0,0,0,0,0,0,0,0,0,0,0,0,0,0,0,0,0,0
2019-20,33,Tamilnadu,3322,PUDUKKOTTAI,332209,PONNAMARAVATHY,Rural,2,cat2,"UPS (I-VIII)",1,"Department of Education",3,ST,0,0,0,0,0,0,0,0,0,0,0,0,0,0,0,0,0,0,0,0,0,0,0,0,0,0
2019-20,33,Tamilnadu,3322,PUDUKKOTTAI,332210,ARIMALAM,Rural,2,cat2,"UPS (I-VIII)",1,"Department of Education",3,ST,0,0,0,0,0,0,0,0,0,0,0,0,0,0,0,0,0,0,0,0,0,0,0,0,0,0
2019-20,33,Tamilnadu,3322,PUDUKKOTTAI,332211,ARANTHANGI,Rural,2,cat2,"UPS (I-VIII)",1,"Department of Education",3,ST,0,0,0,0,0,0,0,0,0,0,0,0,0,0,0,0,0,0,0,1,0,0,0,0,0,0
2019-20,33,Tamilnadu,3322,PUDUKKOTTAI,332212,MANAMELKUDI,Rural,2,cat2,"UPS (I-VIII)",1,"Department of Education",3,ST,0,0,0,0,0,0,0,0,0,0,0,0,0,0,0,0,0,0,0,0,0,0,0,0,0,0
2019-20,33,Tamilnadu,3322,PUDUKKOTTAI,332213,AVUDAIYARKOIL,Rural,2,cat2,"UPS (I-VIII)",1,"Department of Education",3,ST,0,0,0,0,0,0,0,0,0,0,0,0,0,0,0,0,0,0,0,0,0,0,0,0,0,0
2019-20,33,Tamilnadu,3322,PUDUKKOTTAI,332205,PUDUKKOTTAI,Urban,2,cat2,"UPS (I-VIII)",1,"Department of Education",3,ST,0,0,0,0,0,0,0,0,0,0,0,0,0,0,0,0,0,0,0,0,0,0,0,0,0,0
2019-20,33,Tamilnadu,3322,PUDUKKOTTAI,332206,THIRUVARANKULAM,Urban,2,cat2,"UPS (I-VIII)",1,"Department of Education",3,ST,0,0,0,0,0,0,1,0,0,0,0,0,0,0,0,0,0,0,0,0,0,0,0,0,0,0
2019-20,33,Tamilnadu,3322,PUDUKKOTTAI,332207,KARAMBAKKUDI,Urban,2,cat2,"UPS (I-VIII)",1,"Department of Education",3,ST,0,0,0,0,0,0,0,0,0,0,0,0,0,0,0,0,0,0,0,0,0,0,0,0,0,0
2019-20,33,Tamilnadu,3322,PUDUKKOTTAI,332209,PONNAMARAVATHY,Urban,2,cat2,"UPS (I-VIII)",1,"Department of Education",3,ST,0,0,0,0,0,0,0,0,0,0,0,0,0,0,0,0,0,0,0,0,0,0,0,0,0,0
2019-20,33,Tamilnadu,3322,PUDUKKOTTAI,332205,PUDUKKOTTAI,Urban,2,cat2,"UPS (I-VIII)",3,"Local body",3,ST,0,0,0,0,0,0,1,0,0,0,0,0,0,0,0,0,0,0,0,0,0,0,0,0,0,0
2019-20,33,Tamilnadu,3322,PUDUKKOTTAI,332211,ARANTHANGI,Urban,2,cat2,"UPS (I-VIII)",3,"Local body",3,ST,0,0,0,0,0,0,0,0,0,0,0,0,0,0,0,0,0,0,0,0,0,0,0,0,0,0
2019-20,33,Tamilnadu,3322,PUDUKKOTTAI,332201,KUNNANDARKOIL,Rural,2,cat2,"UPS (I-VIII)",4,"Government Aided",3,ST,0,0,0,0,0,0,0,0,0,0,0,0,0,0,0,0,0,0,0,0,0,0,0,0,0,0
2019-20,33,Tamilnadu,3322,PUDUKKOTTAI,332203,VIRALIMALAI,Rural,2,cat2,"UPS (I-VIII)",4,"Government Aided",3,ST,0,0,0,0,1,0,0,0,0,0,0,0,0,0,1,0,0,0,1,0,0,0,0,0,0,0
2019-20,33,Tamilnadu,3322,PUDUKKOTTAI,332205,PUDUKKOTTAI,Rural,2,cat2,"UPS (I-VIII)",4,"Government Aided",3,ST,0,0,0,0,0,0,0,0,0,0,0,0,0,0,0,0,0,0,0,0,0,0,0,0,0,0
2019-20,33,Tamilnadu,3322,PUDUKKOTTAI,332206,THIRUVARANKULAM,Rural,2,cat2,"UPS (I-VIII)",4,"Government Aided",3,ST,0,0,0,0,0,0,0,0,0,0,0,0,0,0,0,0,0,0,0,0,0,0,0,0,0,0
2019-20,33,Tamilnadu,3322,PUDUKKOTTAI,332208,THIRUMAYAM,Rural,2,cat2,"UPS (I-VIII)",4,"Government Aided",3,ST,0,0,0,0,0,0,0,0,0,0,0,0,0,0,0,0,0,0,1,0,0,0,0,0,0,0
2019-20,33,Tamilnadu,3322,PUDUKKOTTAI,332210,ARIMALAM,Rural,2,cat2,"UPS (I-VIII)",4,"Government Aided",3,ST,0,0,0,0,0,0,0,0,0,0,0,0,0,0,0,0,0,0,0,0,0,0,0,0,0,0
2019-20,33,Tamilnadu,3322,PUDUKKOTTAI,332211,ARANTHANGI,Rural,2,cat2,"UPS (I-VIII)",4,"Government Aided",3,ST,0,0,0,0,0,0,0,0,0,0,0,0,0,0,0,0,0,0,0,0,0,0,0,0,0,0
2019-20,33,Tamilnadu,3322,PUDUKKOTTAI,332212,MANAMELKUDI,Rural,2,cat2,"UPS (I-VIII)",4,"Government Aided",3,ST,0,0,0,0,0,0,0,0,0,0,0,0,0,0,0,0,0,0,0,0,0,0,0,0,0,0
2019-20,33,Tamilnadu,3322,PUDUKKOTTAI,332213,AVUDAIYARKOIL,Rural,2,cat2,"UPS (I-VIII)",4,"Government Aided",3,ST,0,0,0,0,0,0,0,0,0,0,0,0,0,0,0,0,0,0,0,0,0,0,0,0,0,0
2019-20,33,Tamilnadu,3322,PUDUKKOTTAI,332201,KUNNANDARKOIL,Urban,2,cat2,"UPS (I-VIII)",4,"Government Aided",3,ST,0,0,0,0,0,0,0,0,0,0,0,0,0,0,0,0,0,0,0,0,0,0,0,0,0,0
2019-20,33,Tamilnadu,3322,PUDUKKOTTAI,332205,PUDUKKOTTAI,Urban,2,cat2,"UPS (I-VIII)",4,"Government Aided",3,ST,0,0,0,0,0,0,0,0,0,0,0,0,0,0,0,1,0,1,0,0,1,0,0,0,0,0
2019-20,33,Tamilnadu,3322,PUDUKKOTTAI,332206,THIRUVARANKULAM,Urban,2,cat2,"UPS (I-VIII)",4,"Government Aided",3,ST,0,0,0,0,0,0,0,0,0,0,0,0,0,0,0,0,0,0,0,0,0,0,0,0,0,0
2019-20,33,Tamilnadu,3322,PUDUKKOTTAI,332211,ARANTHANGI,Urban,2,cat2,"UPS (I-VIII)",4,"Government Aided",3,ST,0,0,0,1,0,0,0,3,0,6,0,0,0,0,0,0,0,0,1,1,0,0,0,0,0,0
2019-20,33,Tamilnadu,3322,PUDUKKOTTAI,332201,KUNNANDARKOIL,Rural,2,cat2,"UPS (I-VIII)",5,"Private Unaided (Recognized)",3,ST,0,0,0,0,0,0,0,0,0,0,0,0,0,0,0,0,0,0,0,0,0,0,0,0,0,0
2019-20,33,Tamilnadu,3322,PUDUKKOTTAI,332202,ANNAVASAL,Rural,2,cat2,"UPS (I-VIII)",5,"Private Unaided (Recognized)",3,ST,0,0,0,0,0,0,0,0,0,0,0,0,0,0,0,0,0,0,0,0,0,0,0,0,0,0
2019-20,33,Tamilnadu,3322,PUDUKKOTTAI,332203,VIRALIMALAI,Rural,2,cat2,"UPS (I-VIII)",5,"Private Unaided (Recognized)",3,ST,0,1,0,0,0,0,0,0,0,0,0,0,0,0,0,0,0,0,0,0,0,0,0,0,0,0
2019-20,33,Tamilnadu,3322,PUDUKKOTTAI,332207,KARAMBAKKUDI,Rural,2,cat2,"UPS (I-VIII)",5,"Private Unaided (Recognized)",3,ST,0,0,0,0,0,0,0,0,0,0,0,0,0,0,0,0,0,0,0,0,0,0,0,0,0,0
2019-20,33,Tamilnadu,3322,PUDUKKOTTAI,332208,THIRUMAYAM,Rural,2,cat2,"UPS (I-VIII)",5,"Private Unaided (Recognized)",3,ST,0,0,0,0,0,0,0,0,0,0,0,0,0,0,0,0,0,0,0,0,0,0,0,0,0,0
2019-20,33,Tamilnadu,3322,PUDUKKOTTAI,332210,ARIMALAM,Rural,2,cat2,"UPS (I-VIII)",5,"Private Unaided (Recognized)",3,ST,0,0,0,0,0,0,0,0,0,0,0,0,0,0,0,0,0,0,0,0,0,0,0,0,0,0
2019-20,33,Tamilnadu,3322,PUDUKKOTTAI,332211,ARANTHANGI,Rural,2,cat2,"UPS (I-VIII)",5,"Private Unaided (Recognized)",3,ST,0,0,0,0,0,0,0,0,0,0,0,0,0,0,0,0,0,0,0,0,0,0,0,0,0,0
2019-20,33,Tamilnadu,3322,PUDUKKOTTAI,332212,MANAMELKUDI,Rural,2,cat2,"UPS (I-VIII)",5,"Private Unaided (Recognized)",3,ST,0,0,0,0,0,0,0,0,0,0,0,0,0,0,0,0,0,0,0,0,0,0,0,0,0,0
2019-20,33,Tamilnadu,3322,PUDUKKOTTAI,332205,PUDUKKOTTAI,Urban,2,cat2,"UPS (I-VIII)",5,"Private Unaided (Recognized)",3,ST,0,0,0,0,0,0,0,0,0,0,0,0,0,0,0,0,0,0,0,0,0,0,0,0,0,0
2019-20,33,Tamilnadu,3322,PUDUKKOTTAI,332206,THIRUVARANKULAM,Urban,2,cat2,"UPS (I-VIII)",5,"Private Unaided (Recognized)",3,ST,0,0,0,0,0,0,0,0,0,0,0,0,0,0,0,0,0,0,0,0,0,0,0,0,0,0
2019-20,33,Tamilnadu,3322,PUDUKKOTTAI,332205,PUDUKKOTTAI,Urban,2,cat2,"UPS (I-VIII)",90,"Social welfare Department",3,ST,0,0,0,0,0,0,0,0,0,0,0,0,0,0,0,0,0,0,0,0,0,0,0,0,0,0
2019-20,33,Tamilnadu,3322,PUDUKKOTTAI,332205,PUDUKKOTTAI,Urban,4,cat4,"UPS (VI-VIII)",4,"Government Aided",3,ST,0,0,0,0,0,0,0,0,0,0,0,0,0,0,0,0,0,0,0,0,0,0,0,0,0,0
2019-20,33,Tamilnadu,3322,PUDUKKOTTAI,332203,VIRALIMALAI,Rural,3,cat3,"HSS (I-XII)",1,"Department of Education",4,OBC,0,0,3,2,2,2,6,21,11,34,40,32,46,35,5,2,9,4,4,17,18,19,33,35,39,32
2019-20,33,Tamilnadu,3322,PUDUKKOTTAI,332205,PUDUKKOTTAI,Rural,3,cat3,"HSS (I-XII)",1,"Department of Education",4,OBC,45,26,0,0,0,0,0,47,55,44,56,57,75,80,0,0,0,0,0,47,45,36,68,48,76,79
2019-20,33,Tamilnadu,3322,PUDUKKOTTAI,332201,KUNNANDARKOIL,Rural,3,cat3,"HSS (I-XII)",5,"Private Unaided (Recognized)",4,OBC,71,62,53,49,45,49,51,50,45,51,38,27,25,25,46,38,43,34,26,28,28,20,16,19,14,9
2019-20,33,Tamilnadu,3322,PUDUKKOTTAI,332202,ANNAVASAL,Rural,3,cat3,"HSS (I-XII)",5,"Private Unaided (Recognized)",4,OBC,249,140,96,99,87,89,77,90,81,100,57,59,52,34,77,76,65,56,53,46,57,53,35,36,30,32
2019-20,33,Tamilnadu,3322,PUDUKKOTTAI,332203,VIRALIMALAI,Rural,3,cat3,"HSS (I-XII)",5,"Private Unaided (Recognized)",4,OBC,222,195,109,104,85,98,73,90,78,108,100,81,78,102,90,87,69,79,47,57,72,60,67,45,54,62
2019-20,33,Tamilnadu,3322,PUDUKKOTTAI,332204,GANDARVAKKOTTAI,Rural,3,cat3,"HSS (I-XII)",5,"Private Unaided (Recognized)",4,OBC,103,55,27,33,38,44,42,62,74,109,111,187,186,249,18,20,29,26,33,33,30,41,66,76,99,158
2019-20,33,Tamilnadu,3322,PUDUKKOTTAI,332205,PUDUKKOTTAI,Rural,3,cat3,"HSS (I-XII)",5,"Private Unaided (Recognized)",4,OBC,48,38,24,24,18,14,15,18,13,11,14,6,7,0,19,8,21,12,14,16,14,7,3,9,7,2
2019-20,33,Tamilnadu,3322,PUDUKKOTTAI,332206,THIRUVARANKULAM,Rural,3,cat3,"HSS (I-XII)",5,"Private Unaided (Recognized)",4,OBC,262,208,122,111,123,118,149,124,129,128,124,92,79,58,114,99,100,102,109,79,65,77,79,66,63,82
2019-20,33,Tamilnadu,3322,PUDUKKOTTAI,332208,THIRUMAYAM,Rural,3,cat3,"HSS (I-XII)",5,"Private Unaided (Recognized)",4,OBC,149,120,117,107,125,129,132,133,142,115,107,56,54,34,70,73,88,90,84,61,85,72,51,57,44,44
2019-20,33,Tamilnadu,3322,PUDUKKOTTAI,332209,PONNAMARAVATHY,Rural,3,cat3,"HSS (I-XII)",5,"Private Unaided (Recognized)",4,OBC,73,54,44,34,28,28,20,21,26,19,10,21,10,12,30,25,20,19,27,26,21,18,19,20,11,14
2019-20,33,Tamilnadu,3322,PUDUKKOTTAI,332210,ARIMALAM,Rural,3,cat3,"HSS (I-XII)",5,"Private Unaided (Recognized)",4,OBC,152,87,85,92,122,128,130,136,146,173,167,153,120,106,61,67,79,117,90,105,100,93,107,98,83,72
2019-20,33,Tamilnadu,3322,PUDUKKOTTAI,332211,ARANTHANGI,Rural,3,cat3,"HSS (I-XII)",5,"Private Unaided (Recognized)",4,OBC,77,172,47,54,47,51,54,42,56,43,28,53,22,13,98,123,98,121,111,148,129,115,128,101,76,77
2019-20,33,Tamilnadu,3322,PUDUKKOTTAI,332212,MANAMELKUDI,Rural,3,cat3,"HSS (I-XII)",5,"Private Unaided (Recognized)",4,OBC,104,67,67,71,59,45,52,75,69,61,48,58,40,37,46,60,58,41,36,38,35,26,37,35,37,31
2019-20,33,Tamilnadu,3322,PUDUKKOTTAI,332213,AVUDAIYARKOIL,Rural,3,cat3,"HSS (I-XII)",5,"Private Unaided (Recognized)",4,OBC,211,194,115,127,144,131,123,178,160,124,116,100,75,85,129,120,114,120,125,130,103,92,84,87,68,56
2019-20,33,Tamilnadu,3322,PUDUKKOTTAI,332202,ANNAVASAL,Urban,3,cat3,"HSS (I-XII)",5,"Private Unaided (Recognized)",4,OBC,77,51,74,52,51,48,37,55,42,38,31,46,58,63,42,29,47,36,31,33,38,35,30,26,45,25
2019-20,33,Tamilnadu,3322,PUDUKKOTTAI,332205,PUDUKKOTTAI,Urban,3,cat3,"HSS (I-XII)",5,"Private Unaided (Recognized)",4,OBC,638,545,360,336,375,396,425,473,520,423,445,425,443,370,326,345,355,362,379,385,332,341,345,337,380,309
2019-20,33,Tamilnadu,3322,PUDUKKOTTAI,332206,THIRUVARANKULAM,Urban,3,cat3,"HSS (I-XII)",5,"Private Unaided (Recognized)",4,OBC,111,79,58,61,54,59,51,48,44,59,46,48,17,0,29,40,47,40,43,27,26,32,20,35,11,0
2019-20,33,Tamilnadu,3322,PUDUKKOTTAI,332209,PONNAMARAVATHY,Urban,3,cat3,"HSS (I-XII)",5,"Private Unaided (Recognized)",4,OBC,281,197,145,138,135,122,134,121,104,114,111,117,111,95,110,78,80,84,98,70,75,79,80,77,88,99
2019-20,33,Tamilnadu,3322,PUDUKKOTTAI,332210,ARIMALAM,Urban,3,cat3,"HSS (I-XII)",5,"Private Unaided (Recognized)",4,OBC,116,80,38,46,41,32,31,18,23,15,11,10,6,6,31,41,18,28,23,15,18,4,9,14,11,7
2019-20,33,Tamilnadu,3322,PUDUKKOTTAI,332211,ARANTHANGI,Urban,3,cat3,"HSS (I-XII)",5,"Private Unaided (Recognized)",4,OBC,420,328,204,231,245,256,245,277,260,228,241,229,279,239,182,174,174,180,171,167,125,135,128,123,171,146
2019-20,33,Tamilnadu,3322,PUDUKKOTTAI,332201,KUNNANDARKOIL,Rural,5,cat5,"HSS (VI-XII)",1,"Department of Education",4,OBC,0,0,0,0,0,0,0,170,178,163,226,234,237,204,0,0,0,0,0,157,223,166,230,248,234,209
2019-20,33,Tamilnadu,3322,PUDUKKOTTAI,332202,ANNAVASAL,Rural,5,cat5,"HSS (VI-XII)",1,"Department of Education",4,OBC,0,0,0,0,0,0,0,231,282,234,378,347,411,307,0,0,0,0,0,243,284,217,338,310,380,390
2019-20,33,Tamilnadu,3322,PUDUKKOTTAI,332203,VIRALIMALAI,Rural,5,cat5,"HSS (VI-XII)",1,"Department of Education",4,OBC,0,0,0,0,0,0,0,247,258,272,335,303,338,301,0,0,0,0,0,241,227,249,306,311,411,440
2019-20,33,Tamilnadu,3322,PUDUKKOTTAI,332204,GANDARVAKKOTTAI,Rural,5,cat5,"HSS (VI-XII)",1,"Department of Education",4,OBC,0,0,0,0,0,0,0,44,60,60,140,140,216,159,0,0,0,0,0,61,85,68,146,137,251,256
2019-20,33,Tamilnadu,3322,PUDUKKOTTAI,332205,PUDUKKOTTAI,Rural,5,cat5,"HSS (VI-XII)",1,"Department of Education",4,OBC,0,0,0,0,0,0,0,101,123,126,192,209,306,301,0,0,0,0,0,87,97,89,162,175,241,274
2019-20,33,Tamilnadu,3322,PUDUKKOTTAI,332206,THIRUVARANKULAM,Rural,5,cat5,"HSS (VI-XII)",1,"Department of Education",4,OBC,0,0,0,0,0,0,0,262,361,318,554,540,610,555,0,0,0,0,0,318,407,354,622,547,709,680
2019-20,33,Tamilnadu,3322,PUDUKKOTTAI,332207,KARAMBAKKUDI,Rural,5,cat5,"HSS (VI-XII)",1,"Department of Education",4,OBC,0,0,0,0,0,0,0,84,118,111,162,156,198,170,0,0,0,0,0,80,85,108,135,158,217,234
2019-20,33,Tamilnadu,3322,PUDUKKOTTAI,332208,THIRUMAYAM,Rural,5,cat5,"HSS (VI-XII)",1,"Department of Education",4,OBC,0,0,0,0,0,0,0,41,38,43,73,61,55,49,0,0,0,0,0,70,91,99,157,212,224,203
2019-20,33,Tamilnadu,3322,PUDUKKOTTAI,332209,PONNAMARAVATHY,Rural,5,cat5,"HSS (VI-XII)",1,"Department of Education",4,OBC,0,0,0,0,0,0,0,152,152,156,215,213,231,243,0,0,0,0,0,160,148,157,213,211,252,273
2019-20,33,Tamilnadu,3322,PUDUKKOTTAI,332210,ARIMALAM,Rural,5,cat5,"HSS (VI-XII)",1,"Department of Education",4,OBC,0,0,0,0,0,0,0,145,184,160,196,186,210,217,0,0,0,0,0,173,169,151,194,212,250,263
2019-20,33,Tamilnadu,3322,PUDUKKOTTAI,332211,ARANTHANGI,Rural,5,cat5,"HSS (VI-XII)",1,"Department of Education",4,OBC,0,0,0,0,0,0,0,210,261,269,402,396,516,509,0,0,0,0,0,164,225,199,371,363,593,615
2019-20,33,Tamilnadu,3322,PUDUKKOTTAI,332212,MANAMELKUDI,Rural,5,cat5,"HSS (VI-XII)",1,"Department of Education",4,OBC,0,0,0,0,0,0,0,70,75,84,122,119,203,173,0,0,0,0,0,119,152,163,164,203,275,280
2019-20,33,Tamilnadu,3322,PUDUKKOTTAI,332213,AVUDAIYARKOIL,Rural,5,cat5,"HSS (VI-XII)",1,"Department of Education",4,OBC,0,0,0,0,0,0,0,43,50,41,115,105,143,108,0,0,0,0,0,45,55,47,81,56,118,121
2019-20,33,Tamilnadu,3322,PUDUKKOTTAI,332201,KUNNANDARKOIL,Urban,5,cat5,"HSS (VI-XII)",1,"Department of Education",4,OBC,0,0,0,0,0,0,0,35,29,40,67,62,107,94,0,0,0,0,0,98,124,106,173,200,278,264
2019-20,33,Tamilnadu,3322,PUDUKKOTTAI,332202,ANNAVASAL,Urban,5,cat5,"HSS (VI-XII)",1,"Department of Education",4,OBC,0,0,0,0,0,0,0,66,77,84,139,118,154,123,0,0,0,0,0,46,50,54,98,115,174,134
2019-20,33,Tamilnadu,3322,PUDUKKOTTAI,332205,PUDUKKOTTAI,Urban,5,cat5,"HSS (VI-XII)",1,"Department of Education",4,OBC,0,0,0,0,0,0,0,43,43,43,84,103,188,170,0,0,0,0,0,108,110,151,257,289,623,597
2019-20,33,Tamilnadu,3322,PUDUKKOTTAI,332206,THIRUVARANKULAM,Urban,5,cat5,"HSS (VI-XII)",1,"Department of Education",4,OBC,0,0,0,0,0,0,0,33,40,48,62,45,128,92,0,0,0,0,0,69,73,68,109,92,139,170
2019-20,33,Tamilnadu,3322,PUDUKKOTTAI,332207,KARAMBAKKUDI,Urban,5,cat5,"HSS (VI-XII)",1,"Department of Education",4,OBC,0,0,0,0,0,0,0,34,33,36,69,66,55,58,0,0,0,0,0,56,62,61,90,77,135,128
2019-20,33,Tamilnadu,3322,PUDUKKOTTAI,332209,PONNAMARAVATHY,Urban,5,cat5,"HSS (VI-XII)",1,"Department of Education",4,OBC,0,0,0,0,0,0,0,0,0,0,0,0,0,0,0,0,0,0,0,65,67,75,104,89,97,87
2019-20,33,Tamilnadu,3322,PUDUKKOTTAI,332211,ARANTHANGI,Urban,5,cat5,"HSS (VI-XII)",1,"Department of Education",4,OBC,0,0,0,0,0,0,0,19,24,35,108,124,176,167,0,0,0,0,0,64,72,59,197,183,289,290
2019-20,33,Tamilnadu,3322,PUDUKKOTTAI,332207,KARAMBAKKUDI,Rural,5,cat5,"HSS (VI-XII)",2,"Tribal Welfare Department",4,OBC,0,0,0,0,0,0,0,7,6,2,11,17,31,29,0,0,0,0,0,6,10,13,7,12,20,22
2019-20,33,Tamilnadu,3322,PUDUKKOTTAI,332203,VIRALIMALAI,Rural,5,cat5,"HSS (VI-XII)",4,"Government Aided",4,OBC,0,0,0,0,0,0,0,18,24,26,31,28,32,33,0,0,0,0,0,22,21,18,31,21,37,39
2019-20,33,Tamilnadu,3322,PUDUKKOTTAI,332204,GANDARVAKKOTTAI,Rural,5,cat5,"HSS (VI-XII)",4,"Government Aided",4,OBC,0,0,0,0,0,0,0,29,57,45,28,53,20,27,0,0,0,0,0,30,38,30,45,43,36,45
2019-20,33,Tamilnadu,3322,PUDUKKOTTAI,332206,THIRUVARANKULAM,Rural,5,cat5,"HSS (VI-XII)",4,"Government Aided",4,OBC,0,0,0,0,0,0,0,42,38,54,97,65,84,88,0,0,0,0,0,22,31,40,42,39,78,73
2019-20,33,Tamilnadu,3322,PUDUKKOTTAI,332207,KARAMBAKKUDI,Rural,5,cat5,"HSS (VI-XII)",4,"Government Aided",4,OBC,0,0,0,0,0,0,0,25,20,36,29,32,15,11,0,0,0,0,0,28,25,29,30,31,18,16
2019-20,33,Tamilnadu,3322,PUDUKKOTTAI,332208,THIRUMAYAM,Rural,5,cat5,"HSS (VI-XII)",4,"Government Aided",4,OBC,0,0,0,0,0,0,0,96,91,88,144,168,124,108,0,0,0,0,0,85,88,87,154,139,214,215
2019-20,33,Tamilnadu,3322,PUDUKKOTTAI,332210,ARIMALAM,Rural,5,cat5,"HSS (VI-XII)",4,"Government Aided",4,OBC,0,0,0,0,0,0,0,16,15,15,29,25,36,43,0,0,0,0,0,12,23,14,31,33,70,85
2019-20,33,Tamilnadu,3322,PUDUKKOTTAI,332212,MANAMELKUDI,Rural,5,cat5,"HSS (VI-XII)",4,"Government Aided",4,OBC,0,0,0,0,0,0,0,56,48,74,94,55,65,59,0,0,0,0,0,41,38,36,51,44,45,39
2019-20,33,Tamilnadu,3322,PUDUKKOTTAI,332213,AVUDAIYARKOIL,Rural,5,cat5,"HSS (VI-XII)",4,"Government Aided",4,OBC,0,0,0,0,0,0,0,39,24,35,52,47,46,78,0,0,0,0,0,19,32,27,30,29,40,56
2019-20,33,Tamilnadu,3322,PUDUKKOTTAI,332201,KUNNANDARKOIL,Urban,5,cat5,"HSS (VI-XII)",4,"Government Aided",4,OBC,0,0,0,0,0,0,0,81,97,95,169,202,140,128,0,0,0,0,0,30,31,28,58,76,70,45
2019-20,33,Tamilnadu,3322,PUDUKKOTTAI,332202,ANNAVASAL,Urban,5,cat5,"HSS (VI-XII)",4,"Government Aided",4,OBC,0,0,0,0,0,0,0,84,73,78,61,79,0,0,0,0,0,0,0,52,73,74,60,73,46,65
2019-20,33,Tamilnadu,3322,PUDUKKOTTAI,332205,PUDUKKOTTAI,Urban,5,cat5,"HSS (VI-XII)",4,"Government Aided",4,OBC,0,0,0,0,0,0,0,172,215,230,309,283,296,236,0,0,0,0,0,199,225,194,294,238,236,237
2019-20,33,Tamilnadu,3322,PUDUKKOTTAI,332209,PONNAMARAVATHY,Urban,5,cat5,"HSS (VI-XII)",4,"Government Aided",4,OBC,0,0,0,0,0,0,0,35,41,41,56,78,73,61,0,0,0,0,0,10,10,10,21,26,18,37
2019-20,33,Tamilnadu,3322,PUDUKKOTTAI,332211,ARANTHANGI,Urban,5,cat5,"HSS (VI-XII)",4,"Government Aided",4,OBC,0,0,0,0,0,0,0,31,35,29,42,34,12,14,0,0,0,0,0,42,47,33,35,35,27,19
2019-20,33,Tamilnadu,3322,PUDUKKOTTAI,332207,KARAMBAKKUDI,Rural,5,cat5,"HSS (VI-XII)",5,"Private Unaided (Recognized)",4,OBC,0,0,0,0,0,0,0,35,40,18,29,33,23,8,0,0,0,0,0,16,16,19,20,20,23,13
2019-20,33,Tamilnadu,3322,PUDUKKOTTAI,332211,ARANTHANGI,Rural,5,cat5,"HSS (VI-XII)",5,"Private Unaided (Recognized)",4,OBC,0,0,0,0,0,0,0,58,93,89,111,166,155,172,0,0,0,0,0,39,47,64,81,88,118,143
2019-20,33,Tamilnadu,3322,PUDUKKOTTAI,332213,AVUDAIYARKOIL,Rural,5,cat5,"HSS (VI-XII)",5,"Private Unaided (Recognized)",4,OBC,0,0,0,0,0,0,0,32,39,36,48,47,26,26,0,0,0,0,0,23,17,13,21,22,18,14
2019-20,33,Tamilnadu,3322,PUDUKKOTTAI,332201,KUNNANDARKOIL,Rural,1,cat1,"PS (I-V)",1,"Department of Education",4,OBC,0,0,277,334,313,331,326,0,0,0,0,0,0,0,280,330,351,321,325,0,0,0,0,0,0,0
2019-20,33,Tamilnadu,3322,PUDUKKOTTAI,332202,ANNAVASAL,Rural,1,cat1,"PS (I-V)",1,"Department of Education",4,OBC,22,23,353,407,405,431,419,0,0,0,0,0,0,0,392,414,406,392,422,0,0,0,0,0,0,0
2019-20,33,Tamilnadu,3322,PUDUKKOTTAI,332203,VIRALIMALAI,Rural,1,cat1,"PS (I-V)",1,"Department of Education",4,OBC,0,0,428,426,474,500,463,0,0,0,0,0,0,0,452,480,479,483,485,0,0,0,0,0,0,0
2019-20,33,Tamilnadu,3322,PUDUKKOTTAI,332204,GANDARVAKKOTTAI,Rural,1,cat1,"PS (I-V)",1,"Department of Education",4,OBC,0,0,172,185,193,181,165,0,0,0,0,0,0,0,156,174,222,182,188,0,0,0,0,0,0,0
2019-20,33,Tamilnadu,3322,PUDUKKOTTAI,332205,PUDUKKOTTAI,Rural,1,cat1,"PS (I-V)",1,"Department of Education",4,OBC,0,0,257,272,259,265,277,0,0,0,0,0,0,0,235,260,282,285,271,0,0,0,0,0,0,0
2019-20,33,Tamilnadu,3322,PUDUKKOTTAI,332206,THIRUVARANKULAM,Rural,1,cat1,"PS (I-V)",1,"Department of Education",4,OBC,0,0,312,351,387,407,379,0,0,0,0,0,0,0,329,383,417,387,422,0,0,0,0,0,0,0
2019-20,33,Tamilnadu,3322,PUDUKKOTTAI,332207,KARAMBAKKUDI,Rural,1,cat1,"PS (I-V)",1,"Department of Education",4,OBC,0,0,169,247,246,285,268,0,0,0,0,0,0,0,193,254,245,272,254,0,0,0,0,0,0,0
2019-20,33,Tamilnadu,3322,PUDUKKOTTAI,332208,THIRUMAYAM,Rural,1,cat1,"PS (I-V)",1,"Department of Education",4,OBC,0,0,105,101,117,110,113,0,0,0,0,0,0,0,103,135,139,109,119,0,0,0,0,0,0,0
2019-20,33,Tamilnadu,3322,PUDUKKOTTAI,332209,PONNAMARAVATHY,Rural,1,cat1,"PS (I-V)",1,"Department of Education",4,OBC,0,0,247,263,266,290,274,0,0,0,0,0,0,0,250,256,315,267,262,0,0,0,0,0,0,0
2019-20,33,Tamilnadu,3322,PUDUKKOTTAI,332210,ARIMALAM,Rural,1,cat1,"PS (I-V)",1,"Department of Education",4,OBC,0,0,184,211,228,252,215,0,0,0,0,0,0,0,182,225,245,205,249,0,0,0,0,0,0,0
2019-20,33,Tamilnadu,3322,PUDUKKOTTAI,332211,ARANTHANGI,Rural,1,cat1,"PS (I-V)",1,"Department of Education",4,OBC,10,11,318,362,364,360,383,0,0,0,0,0,0,0,343,359,404,362,359,0,0,0,0,0,0,0
2019-20,33,Tamilnadu,3322,PUDUKKOTTAI,332212,MANAMELKUDI,Rural,1,cat1,"PS (I-V)",1,"Department of Education",4,OBC,0,0,153,168,179,199,199,0,0,0,0,0,0,0,214,217,235,240,263,0,0,0,0,0,0,0
2019-20,33,Tamilnadu,3322,PUDUKKOTTAI,332213,AVUDAIYARKOIL,Rural,1,cat1,"PS (I-V)",1,"Department of Education",4,OBC,0,0,97,101,139,139,165,0,0,0,0,0,0,0,98,126,157,128,184,0,0,0,0,0,0,0
2019-20,33,Tamilnadu,3322,PUDUKKOTTAI,332201,KUNNANDARKOIL,Urban,1,cat1,"PS (I-V)",1,"Department of Education",4,OBC,0,0,0,11,6,12,8,0,0,0,0,0,0,0,6,8,8,5,11,0,0,0,0,0,0,0
2019-20,33,Tamilnadu,3322,PUDUKKOTTAI,332202,ANNAVASAL,Urban,1,cat1,"PS (I-V)",1,"Department of Education",4,OBC,30,37,55,62,57,60,55,0,0,0,0,0,0,0,48,47,44,52,54,0,0,0,0,0,0,0
2019-20,33,Tamilnadu,3322,PUDUKKOTTAI,332205,PUDUKKOTTAI,Urban,1,cat1,"PS (I-V)",1,"Department of Education",4,OBC,0,0,3,7,9,8,8,0,0,0,0,0,0,0,5,3,7,9,6,0,0,0,0,0,0,0
2019-20,33,Tamilnadu,3322,PUDUKKOTTAI,332206,THIRUVARANKULAM,Urban,1,cat1,"PS (I-V)",1,"Department of Education",4,OBC,0,0,19,29,16,30,34,0,0,0,0,0,0,0,19,18,32,22,24,0,0,0,0,0,0,0
2019-20,33,Tamilnadu,3322,PUDUKKOTTAI,332207,KARAMBAKKUDI,Urban,1,cat1,"PS (I-V)",1,"Department of Education",4,OBC,0,0,15,14,17,20,14,0,0,0,0,0,0,0,13,10,16,19,18,0,0,0,0,0,0,0
2019-20,33,Tamilnadu,3322,PUDUKKOTTAI,332209,PONNAMARAVATHY,Urban,1,cat1,"PS (I-V)",1,"Department of Education",4,OBC,0,0,8,13,4,11,13,0,0,0,0,0,0,0,9,5,12,13,12,0,0,0,0,0,0,0
2019-20,33,Tamilnadu,3322,PUDUKKOTTAI,332210,ARIMALAM,Urban,1,cat1,"PS (I-V)",1,"Department of Education",4,OBC,0,0,4,9,3,6,9,0,0,0,0,0,0,0,7,8,8,6,11,0,0,0,0,0,0,0
2019-20,33,Tamilnadu,3322,PUDUKKOTTAI,332202,ANNAVASAL,Rural,1,cat1,"PS (I-V)",2,"Tribal Welfare Department",4,OBC,0,0,5,5,7,6,8,0,0,0,0,0,0,0,8,7,12,7,5,0,0,0,0,0,0,0
2019-20,33,Tamilnadu,3322,PUDUKKOTTAI,332204,GANDARVAKKOTTAI,Rural,1,cat1,"PS (I-V)",2,"Tribal Welfare Department",4,OBC,0,0,0,0,0,0,0,0,0,0,0,0,0,0,0,0,0,0,0,0,0,0,0,0,0,0
2019-20,33,Tamilnadu,3322,PUDUKKOTTAI,332205,PUDUKKOTTAI,Rural,1,cat1,"PS (I-V)",2,"Tribal Welfare Department",4,OBC,0,0,0,0,0,0,0,0,0,0,0,0,0,0,0,0,0,0,0,0,0,0,0,0,0,0
2019-20,33,Tamilnadu,3322,PUDUKKOTTAI,332206,THIRUVARANKULAM,Rural,1,cat1,"PS (I-V)",2,"Tribal Welfare Department",4,OBC,0,0,0,1,0,0,0,0,0,0,0,0,0,0,0,0,0,1,0,0,0,0,0,0,0,0
2019-20,33,Tamilnadu,3322,PUDUKKOTTAI,332207,KARAMBAKKUDI,Rural,1,cat1,"PS (I-V)",2,"Tribal Welfare Department",4,OBC,0,0,7,8,1,4,4,0,0,0,0,0,0,0,3,4,6,4,2,0,0,0,0,0,0,0
2019-20,33,Tamilnadu,3322,PUDUKKOTTAI,332208,THIRUMAYAM,Rural,1,cat1,"PS (I-V)",2,"Tribal Welfare Department",4,OBC,0,0,0,0,0,0,0,0,0,0,0,0,0,0,0,0,0,0,0,0,0,0,0,0,0,0
2019-20,33,Tamilnadu,3322,PUDUKKOTTAI,332213,AVUDAIYARKOIL,Rural,1,cat1,"PS (I-V)",2,"Tribal Welfare Department",4,OBC,0,0,0,1,3,3,0,0,0,0,0,0,0,0,1,3,1,0,2,0,0,0,0,0,0,0
2019-20,33,Tamilnadu,3322,PUDUKKOTTAI,332205,PUDUKKOTTAI,Urban,1,cat1,"PS (I-V)",3,"Local body",4,OBC,0,0,55,66,73,84,63,0,0,0,0,0,0,0,65,79,77,76,85,0,0,0,0,0,0,0
2019-20,33,Tamilnadu,3322,PUDUKKOTTAI,332211,ARANTHANGI,Urban,1,cat1,"PS (I-V)",3,"Local body",4,OBC,0,0,5,3,1,2,0,0,0,0,0,0,0,0,1,3,4,2,2,0,0,0,0,0,0,0
2019-20,33,Tamilnadu,3322,PUDUKKOTTAI,332201,KUNNANDARKOIL,Rural,1,cat1,"PS (I-V)",4,"Government Aided",4,OBC,0,0,13,31,20,18,28,0,0,0,0,0,0,0,20,24,21,16,15,0,0,0,0,0,0,0
2019-20,33,Tamilnadu,3322,PUDUKKOTTAI,332202,ANNAVASAL,Rural,1,cat1,"PS (I-V)",4,"Government Aided",4,OBC,0,0,16,38,42,33,42,0,0,0,0,0,0,0,31,26,33,34,37,0,0,0,0,0,0,0
2019-20,33,Tamilnadu,3322,PUDUKKOTTAI,332203,VIRALIMALAI,Rural,1,cat1,"PS (I-V)",4,"Government Aided",4,OBC,0,0,69,67,58,67,71,0,0,0,0,0,0,0,58,55,84,77,78,0,0,0,0,0,0,0
2019-20,33,Tamilnadu,3322,PUDUKKOTTAI,332205,PUDUKKOTTAI,Rural,1,cat1,"PS (I-V)",4,"Government Aided",4,OBC,0,0,1,2,5,0,5,0,0,0,0,0,0,0,2,3,3,4,5,0,0,0,0,0,0,0
2019-20,33,Tamilnadu,3322,PUDUKKOTTAI,332206,THIRUVARANKULAM,Rural,1,cat1,"PS (I-V)",4,"Government Aided",4,OBC,0,0,38,29,47,48,36,0,0,0,0,0,0,0,27,32,38,47,27,0,0,0,0,0,0,0
2019-20,33,Tamilnadu,3322,PUDUKKOTTAI,332207,KARAMBAKKUDI,Rural,1,cat1,"PS (I-V)",4,"Government Aided",4,OBC,0,0,10,16,14,14,17,0,0,0,0,0,0,0,17,13,13,22,17,0,0,0,0,0,0,0
2019-20,33,Tamilnadu,3322,PUDUKKOTTAI,332208,THIRUMAYAM,Rural,1,cat1,"PS (I-V)",4,"Government Aided",4,OBC,0,0,40,31,62,51,47,0,0,0,0,0,0,0,55,63,61,56,46,0,0,0,0,0,0,0
2019-20,33,Tamilnadu,3322,PUDUKKOTTAI,332209,PONNAMARAVATHY,Rural,1,cat1,"PS (I-V)",4,"Government Aided",4,OBC,19,23,40,36,31,27,31,0,0,0,0,0,0,0,22,25,30,41,28,0,0,0,0,0,0,0
2019-20,33,Tamilnadu,3322,PUDUKKOTTAI,332210,ARIMALAM,Rural,1,cat1,"PS (I-V)",4,"Government Aided",4,OBC,0,0,18,37,36,30,31,0,0,0,0,0,0,0,24,38,34,41,35,0,0,0,0,0,0,0
2019-20,33,Tamilnadu,3322,PUDUKKOTTAI,332212,MANAMELKUDI,Rural,1,cat1,"PS (I-V)",4,"Government Aided",4,OBC,0,0,12,13,12,23,38,0,0,0,0,0,0,0,5,13,17,16,13,0,0,0,0,0,0,0
2019-20,33,Tamilnadu,3322,PUDUKKOTTAI,332213,AVUDAIYARKOIL,Rural,1,cat1,"PS (I-V)",4,"Government Aided",4,OBC,0,0,16,22,21,21,20,0,0,0,0,0,0,0,21,22,26,26,21,0,0,0,0,0,0,0
2019-20,33,Tamilnadu,3322,PUDUKKOTTAI,332202,ANNAVASAL,Urban,1,cat1,"PS (I-V)",4,"Government Aided",4,OBC,0,0,40,64,48,53,52,0,0,0,0,0,0,0,51,56,47,60,58,0,0,0,0,0,0,0
2019-20,33,Tamilnadu,3322,PUDUKKOTTAI,332205,PUDUKKOTTAI,Urban,1,cat1,"PS (I-V)",4,"Government Aided",4,OBC,0,0,9,14,26,25,31,0,0,0,0,0,0,0,10,12,22,20,15,0,0,0,0,0,0,0
2019-20,33,Tamilnadu,3322,PUDUKKOTTAI,332207,KARAMBAKKUDI,Urban,1,cat1,"PS (I-V)",4,"Government Aided",4,OBC,0,0,7,6,16,16,15,0,0,0,0,0,0,0,8,7,13,16,12,0,0,0,0,0,0,0
2019-20,33,Tamilnadu,3322,PUDUKKOTTAI,332209,PONNAMARAVATHY,Urban,1,cat1,"PS (I-V)",4,"Government Aided",4,OBC,0,0,22,8,19,19,14,0,0,0,0,0,0,0,21,21,18,15,21,0,0,0,0,0,0,0
2019-20,33,Tamilnadu,3322,PUDUKKOTTAI,332211,ARANTHANGI,Urban,1,cat1,"PS (I-V)",4,"Government Aided",4,OBC,0,0,31,39,44,43,46,0,0,0,0,0,0,0,30,43,44,67,50,0,0,0,0,0,0,0
2019-20,33,Tamilnadu,3322,PUDUKKOTTAI,332201,KUNNANDARKOIL,Rural,1,cat1,"PS (I-V)",5,"Private Unaided (Recognized)",4,OBC,159,69,61,45,41,36,35,0,0,0,0,0,0,0,46,33,33,24,27,0,0,0,0,0,0,0
2019-20,33,Tamilnadu,3322,PUDUKKOTTAI,332202,ANNAVASAL,Rural,1,cat1,"PS (I-V)",5,"Private Unaided (Recognized)",4,OBC,213,149,104,77,62,41,39,0,0,0,0,0,0,0,73,55,43,40,25,0,0,0,0,0,0,0
2019-20,33,Tamilnadu,3322,PUDUKKOTTAI,332203,VIRALIMALAI,Rural,1,cat1,"PS (I-V)",5,"Private Unaided (Recognized)",4,OBC,110,106,48,40,22,27,22,0,0,0,0,0,0,0,39,27,24,23,17,0,0,0,0,0,0,0
2019-20,33,Tamilnadu,3322,PUDUKKOTTAI,332204,GANDARVAKKOTTAI,Rural,1,cat1,"PS (I-V)",5,"Private Unaided (Recognized)",4,OBC,329,219,138,149,111,100,91,0,0,0,0,0,0,0,137,108,90,78,74,0,0,0,0,0,0,0
2019-20,33,Tamilnadu,3322,PUDUKKOTTAI,332205,PUDUKKOTTAI,Rural,1,cat1,"PS (I-V)",5,"Private Unaided (Recognized)",4,OBC,147,126,61,63,60,39,39,0,0,0,0,0,0,0,61,42,54,34,33,0,0,0,0,0,0,0
2019-20,33,Tamilnadu,3322,PUDUKKOTTAI,332206,THIRUVARANKULAM,Rural,1,cat1,"PS (I-V)",5,"Private Unaided (Recognized)",4,OBC,447,371,189,175,140,139,141,0,0,0,0,0,0,0,181,155,135,116,125,0,0,0,0,0,0,0
2019-20,33,Tamilnadu,3322,PUDUKKOTTAI,332207,KARAMBAKKUDI,Rural,1,cat1,"PS (I-V)",5,"Private Unaided (Recognized)",4,OBC,129,106,48,42,50,39,45,0,0,0,0,0,0,0,43,53,28,26,29,0,0,0,0,0,0,0
2019-20,33,Tamilnadu,3322,PUDUKKOTTAI,332208,THIRUMAYAM,Rural,1,cat1,"PS (I-V)",5,"Private Unaided (Recognized)",4,OBC,106,77,41,39,41,34,24,0,0,0,0,0,0,0,37,37,21,29,26,0,0,0,0,0,0,0
2019-20,33,Tamilnadu,3322,PUDUKKOTTAI,332210,ARIMALAM,Rural,1,cat1,"PS (I-V)",5,"Private Unaided (Recognized)",4,OBC,168,148,79,77,64,40,52,0,0,0,0,0,0,0,60,56,45,45,52,0,0,0,0,0,0,0
2019-20,33,Tamilnadu,3322,PUDUKKOTTAI,332211,ARANTHANGI,Rural,1,cat1,"PS (I-V)",5,"Private Unaided (Recognized)",4,OBC,679,592,296,264,252,234,214,0,0,0,0,0,0,0,281,239,192,181,171,0,0,0,0,0,0,0
2019-20,33,Tamilnadu,3322,PUDUKKOTTAI,332212,MANAMELKUDI,Rural,1,cat1,"PS (I-V)",5,"Private Unaided (Recognized)",4,OBC,359,284,174,149,132,120,87,0,0,0,0,0,0,0,135,127,107,93,66,0,0,0,0,0,0,0
2019-20,33,Tamilnadu,3322,PUDUKKOTTAI,332213,AVUDAIYARKOIL,Rural,1,cat1,"PS (I-V)",5,"Private Unaided (Recognized)",4,OBC,236,242,120,99,106,105,86,0,0,0,0,0,0,0,117,123,81,82,82,0,0,0,0,0,0,0
2019-20,33,Tamilnadu,3322,PUDUKKOTTAI,332201,KUNNANDARKOIL,Urban,1,cat1,"PS (I-V)",5,"Private Unaided (Recognized)",4,OBC,187,182,90,96,84,65,65,0,0,0,0,0,0,0,81,80,79,59,55,0,0,0,0,0,0,0
2019-20,33,Tamilnadu,3322,PUDUKKOTTAI,332205,PUDUKKOTTAI,Urban,1,cat1,"PS (I-V)",5,"Private Unaided (Recognized)",4,OBC,827,827,344,320,335,291,242,0,0,0,0,0,0,0,338,328,288,293,233,0,0,0,0,0,0,0
2019-20,33,Tamilnadu,3322,PUDUKKOTTAI,332206,THIRUVARANKULAM,Urban,1,cat1,"PS (I-V)",5,"Private Unaided (Recognized)",4,OBC,139,101,51,44,49,29,33,0,0,0,0,0,0,0,63,49,37,35,43,0,0,0,0,0,0,0
2019-20,33,Tamilnadu,3322,PUDUKKOTTAI,332207,KARAMBAKKUDI,Urban,1,cat1,"PS (I-V)",5,"Private Unaided (Recognized)",4,OBC,138,112,66,55,59,52,31,0,0,0,0,0,0,0,46,56,56,15,30,0,0,0,0,0,0,0
2019-20,33,Tamilnadu,3322,PUDUKKOTTAI,332209,PONNAMARAVATHY,Urban,1,cat1,"PS (I-V)",5,"Private Unaided (Recognized)",4,OBC,43,39,19,23,12,10,10,0,0,0,0,0,0,0,14,13,9,14,6,0,0,0,0,0,0,0
2019-20,33,Tamilnadu,3322,PUDUKKOTTAI,332210,ARIMALAM,Urban,1,cat1,"PS (I-V)",5,"Private Unaided (Recognized)",4,OBC,10,13,6,4,13,3,6,0,0,0,0,0,0,0,8,10,2,4,3,0,0,0,0,0,0,0
2019-20,33,Tamilnadu,3322,PUDUKKOTTAI,332211,ARANTHANGI,Urban,1,cat1,"PS (I-V)",5,"Private Unaided (Recognized)",4,OBC,212,180,120,98,99,84,77,0,0,0,0,0,0,0,83,81,83,53,57,0,0,0,0,0,0,0
2019-20,33,Tamilnadu,3322,PUDUKKOTTAI,332201,KUNNANDARKOIL,Rural,1,cat1,"PS (I-V)",8,Unrecognized,4,OBC,7,6,2,3,2,0,0,0,0,0,0,0,0,0,3,1,3,3,0,0,0,0,0,0,0,0
2019-20,33,Tamilnadu,3322,PUDUKKOTTAI,332204,GANDARVAKKOTTAI,Rural,1,cat1,"PS (I-V)",8,Unrecognized,4,OBC,23,28,10,0,0,0,0,0,0,0,0,0,0,0,8,0,0,0,0,0,0,0,0,0,0,0
2019-20,33,Tamilnadu,3322,PUDUKKOTTAI,332205,PUDUKKOTTAI,Rural,1,cat1,"PS (I-V)",8,Unrecognized,4,OBC,34,36,11,8,4,2,0,0,0,0,0,0,0,0,10,4,4,0,0,0,0,0,0,0,0,0
2019-20,33,Tamilnadu,3322,PUDUKKOTTAI,332209,PONNAMARAVATHY,Rural,1,cat1,"PS (I-V)",8,Unrecognized,4,OBC,53,58,15,12,15,12,15,0,0,0,0,0,0,0,23,11,13,7,13,0,0,0,0,0,0,0
2019-20,33,Tamilnadu,3322,PUDUKKOTTAI,332212,MANAMELKUDI,Rural,1,cat1,"PS (I-V)",8,Unrecognized,4,OBC,16,19,6,1,0,7,0,0,0,0,0,0,0,0,3,2,3,3,0,0,0,0,0,0,0,0
2019-20,33,Tamilnadu,3322,PUDUKKOTTAI,332205,PUDUKKOTTAI,Urban,1,cat1,"PS (I-V)",90,"Social welfare Department",4,OBC,0,0,0,0,0,0,0,0,0,0,0,0,0,0,0,0,0,0,1,0,0,0,0,0,0,0
2019-20,33,Tamilnadu,3322,PUDUKKOTTAI,332208,THIRUMAYAM,Rural,6,cat6,"SS (I-X)",4,"Government Aided",4,OBC,0,0,2,2,2,6,8,13,10,13,5,10,0,0,2,2,6,4,10,6,13,10,6,6,0,0
2019-20,33,Tamilnadu,3322,PUDUKKOTTAI,332211,ARANTHANGI,Rural,6,cat6,"SS (I-X)",4,"Government Aided",4,OBC,0,0,9,4,11,14,10,16,12,11,11,16,0,0,7,9,11,10,10,18,25,12,13,18,0,0
2019-20,33,Tamilnadu,3322,PUDUKKOTTAI,332202,ANNAVASAL,Rural,6,cat6,"SS (I-X)",5,"Private Unaided (Recognized)",4,OBC,38,15,27,20,25,24,18,21,23,17,13,9,0,0,23,13,16,17,14,17,17,10,8,10,0,0
2019-20,33,Tamilnadu,3322,PUDUKKOTTAI,332203,VIRALIMALAI,Rural,6,cat6,"SS (I-X)",5,"Private Unaided (Recognized)",4,OBC,203,130,97,107,124,91,101,102,96,81,65,54,0,0,77,78,90,68,77,65,64,59,51,60,0,0
2019-20,33,Tamilnadu,3322,PUDUKKOTTAI,332204,GANDARVAKKOTTAI,Rural,6,cat6,"SS (I-X)",5,"Private Unaided (Recognized)",4,OBC,95,80,47,61,53,46,49,53,77,54,52,43,0,0,34,38,32,37,24,47,36,42,28,27,0,0
2019-20,33,Tamilnadu,3322,PUDUKKOTTAI,332205,PUDUKKOTTAI,Rural,6,cat6,"SS (I-X)",5,"Private Unaided (Recognized)",4,OBC,26,14,13,6,13,9,5,5,3,18,0,0,0,0,8,4,8,2,7,1,1,3,0,0,0,0
2019-20,33,Tamilnadu,3322,PUDUKKOTTAI,332206,THIRUVARANKULAM,Rural,6,cat6,"SS (I-X)",5,"Private Unaided (Recognized)",4,OBC,225,179,83,85,106,82,80,78,70,65,61,42,0,0,81,65,76,68,64,69,65,58,42,53,0,0
2019-20,33,Tamilnadu,3322,PUDUKKOTTAI,332208,THIRUMAYAM,Rural,6,cat6,"SS (I-X)",5,"Private Unaided (Recognized)",4,OBC,277,198,106,83,89,69,79,81,72,58,52,58,0,0,103,59,73,57,68,53,48,31,33,41,0,0
2019-20,33,Tamilnadu,3322,PUDUKKOTTAI,332209,PONNAMARAVATHY,Rural,6,cat6,"SS (I-X)",5,"Private Unaided (Recognized)",4,OBC,81,59,34,41,28,22,19,27,13,23,24,24,0,0,29,23,23,14,15,9,12,12,12,12,0,0
2019-20,33,Tamilnadu,3322,PUDUKKOTTAI,332210,ARIMALAM,Rural,6,cat6,"SS (I-X)",5,"Private Unaided (Recognized)",4,OBC,109,94,65,52,38,38,29,17,23,12,8,9,0,0,63,35,32,28,30,10,15,11,3,12,0,0
2019-20,33,Tamilnadu,3322,PUDUKKOTTAI,332211,ARANTHANGI,Rural,6,cat6,"SS (I-X)",5,"Private Unaided (Recognized)",4,OBC,133,84,61,64,67,62,66,61,54,54,40,21,0,0,33,22,40,37,40,26,37,23,11,8,0,0
2019-20,33,Tamilnadu,3322,PUDUKKOTTAI,332212,MANAMELKUDI,Rural,6,cat6,"SS (I-X)",5,"Private Unaided (Recognized)",4,OBC,86,83,47,37,36,35,45,31,27,24,26,20,0,0,40,30,26,31,25,13,16,12,12,14,0,0
2019-20,33,Tamilnadu,3322,PUDUKKOTTAI,332202,ANNAVASAL,Urban,6,cat6,"SS (I-X)",5,"Private Unaided (Recognized)",4,OBC,133,93,55,40,31,35,19,15,27,20,13,12,0,0,45,38,46,24,29,22,15,25,15,11,0,0
2019-20,33,Tamilnadu,3322,PUDUKKOTTAI,332205,PUDUKKOTTAI,Urban,6,cat6,"SS (I-X)",5,"Private Unaided (Recognized)",4,OBC,77,69,25,35,34,28,24,40,35,20,14,11,0,0,32,19,26,28,24,19,19,21,16,7,0,0
2019-20,33,Tamilnadu,3322,PUDUKKOTTAI,332207,KARAMBAKKUDI,Urban,6,cat6,"SS (I-X)",5,"Private Unaided (Recognized)",4,OBC,169,149,67,83,85,69,64,92,88,77,70,64,0,0,69,61,64,63,59,47,66,44,58,53,0,0
2019-20,33,Tamilnadu,3322,PUDUKKOTTAI,332209,PONNAMARAVATHY,Urban,6,cat6,"SS (I-X)",5,"Private Unaided (Recognized)",4,OBC,31,33,13,17,17,11,9,8,2,2,2,0,0,0,15,10,9,7,10,3,1,1,2,0,0,0
2019-20,33,Tamilnadu,3322,PUDUKKOTTAI,332211,ARANTHANGI,Urban,6,cat6,"SS (I-X)",5,"Private Unaided (Recognized)",4,OBC,22,9,20,17,16,22,9,14,9,9,13,7,0,0,16,13,14,18,14,18,10,12,12,6,0,0
2019-20,33,Tamilnadu,3322,PUDUKKOTTAI,332201,KUNNANDARKOIL,Rural,7,cat7,"SS (VI-X)",1,"Department of Education",4,OBC,0,0,0,0,0,0,0,104,146,116,127,147,0,0,0,0,0,0,0,126,146,106,121,128,0,0
2019-20,33,Tamilnadu,3322,PUDUKKOTTAI,332202,ANNAVASAL,Rural,7,cat7,"SS (VI-X)",1,"Department of Education",4,OBC,0,0,0,0,0,0,0,92,120,113,123,112,0,0,0,0,0,0,0,91,132,118,94,120,0,0
2019-20,33,Tamilnadu,3322,PUDUKKOTTAI,332203,VIRALIMALAI,Rural,7,cat7,"SS (VI-X)",1,"Department of Education",4,OBC,0,0,0,0,0,0,0,110,134,111,149,135,0,0,0,0,0,0,0,112,143,120,129,103,0,0
2019-20,33,Tamilnadu,3322,PUDUKKOTTAI,332204,GANDARVAKKOTTAI,Rural,7,cat7,"SS (VI-X)",1,"Department of Education",4,OBC,0,0,0,0,0,0,0,105,117,116,136,129,0,0,0,0,0,0,0,101,135,129,153,114,0,0
2019-20,33,Tamilnadu,3322,PUDUKKOTTAI,332205,PUDUKKOTTAI,Rural,7,cat7,"SS (VI-X)",1,"Department of Education",4,OBC,0,0,0,0,0,0,0,153,185,156,178,202,0,0,0,0,0,0,0,134,160,153,182,195,0,0
2019-20,33,Tamilnadu,3322,PUDUKKOTTAI,332206,THIRUVARANKULAM,Rural,7,cat7,"SS (VI-X)",1,"Department of Education",4,OBC,0,0,0,0,0,0,0,166,165,197,219,223,0,0,0,0,0,0,0,157,170,148,218,166,0,0
2019-20,33,Tamilnadu,3322,PUDUKKOTTAI,332207,KARAMBAKKUDI,Rural,7,cat7,"SS (VI-X)",1,"Department of Education",4,OBC,0,0,0,0,0,0,0,154,186,137,209,162,0,0,0,0,0,0,0,151,205,152,179,182,0,0
2019-20,33,Tamilnadu,3322,PUDUKKOTTAI,332208,THIRUMAYAM,Rural,7,cat7,"SS (VI-X)",1,"Department of Education",4,OBC,0,0,0,0,0,0,0,14,9,11,23,16,0,0,0,0,0,0,0,16,12,7,20,13,0,0
2019-20,33,Tamilnadu,3322,PUDUKKOTTAI,332209,PONNAMARAVATHY,Rural,7,cat7,"SS (VI-X)",1,"Department of Education",4,OBC,0,0,0,0,0,0,0,83,81,81,78,66,0,0,0,0,0,0,0,71,59,71,60,72,0,0
2019-20,33,Tamilnadu,3322,PUDUKKOTTAI,332210,ARIMALAM,Rural,7,cat7,"SS (VI-X)",1,"Department of Education",4,OBC,0,0,0,0,0,0,0,88,91,68,88,109,0,0,0,0,0,0,0,95,102,77,98,84,0,0
2019-20,33,Tamilnadu,3322,PUDUKKOTTAI,332211,ARANTHANGI,Rural,7,cat7,"SS (VI-X)",1,"Department of Education",4,OBC,0,0,0,0,0,0,0,215,261,194,304,225,0,0,0,0,0,0,0,235,246,230,305,271,0,0
2019-20,33,Tamilnadu,3322,PUDUKKOTTAI,332212,MANAMELKUDI,Rural,7,cat7,"SS (VI-X)",1,"Department of Education",4,OBC,0,0,0,0,0,0,0,101,113,111,168,145,0,0,0,0,0,0,0,170,151,190,209,163,0,0
2019-20,33,Tamilnadu,3322,PUDUKKOTTAI,332213,AVUDAIYARKOIL,Rural,7,cat7,"SS (VI-X)",1,"Department of Education",4,OBC,0,0,0,0,0,0,0,55,45,70,60,56,0,0,0,0,0,0,0,61,59,64,119,103,0,0
2019-20,33,Tamilnadu,3322,PUDUKKOTTAI,332202,ANNAVASAL,Urban,7,cat7,"SS (VI-X)",1,"Department of Education",4,OBC,0,0,0,0,0,0,0,0,0,0,0,0,0,0,0,0,0,0,0,46,59,46,47,62,0,0
2019-20,33,Tamilnadu,3322,PUDUKKOTTAI,332205,PUDUKKOTTAI,Urban,7,cat7,"SS (VI-X)",1,"Department of Education",4,OBC,0,0,0,0,0,0,0,2,1,5,6,3,0,0,0,0,0,0,0,95,106,91,140,147,0,0
2019-20,33,Tamilnadu,3322,PUDUKKOTTAI,332202,ANNAVASAL,Rural,7,cat7,"SS (VI-X)",2,"Tribal Welfare Department",4,OBC,0,0,0,0,0,0,0,12,12,17,17,7,0,0,0,0,0,0,0,18,12,10,11,11,0,0
2019-20,33,Tamilnadu,3322,PUDUKKOTTAI,332207,KARAMBAKKUDI,Rural,7,cat7,"SS (VI-X)",2,"Tribal Welfare Department",4,OBC,0,0,0,0,0,0,0,0,0,0,0,0,0,0,0,0,0,0,0,0,0,0,0,0,0,0
2019-20,33,Tamilnadu,3322,PUDUKKOTTAI,332205,PUDUKKOTTAI,Urban,7,cat7,"SS (VI-X)",3,"Local body",4,OBC,0,0,0,0,0,0,0,52,61,64,68,60,0,0,0,0,0,0,0,45,55,45,46,46,0,0
2019-20,33,Tamilnadu,3322,PUDUKKOTTAI,332203,VIRALIMALAI,Rural,7,cat7,"SS (VI-X)",4,"Government Aided",4,OBC,0,0,0,0,0,0,0,0,0,0,0,0,0,0,0,0,0,0,0,74,61,73,58,63,0,0
2019-20,33,Tamilnadu,3322,PUDUKKOTTAI,332208,THIRUMAYAM,Rural,7,cat7,"SS (VI-X)",4,"Government Aided",4,OBC,0,0,0,0,0,0,0,45,49,59,67,75,0,0,0,0,0,0,0,32,63,54,51,53,0,0
2019-20,33,Tamilnadu,3322,PUDUKKOTTAI,332209,PONNAMARAVATHY,Rural,7,cat7,"SS (VI-X)",4,"Government Aided",4,OBC,0,0,0,0,0,0,0,25,25,21,32,28,0,0,0,0,0,0,0,37,39,29,62,42,0,0
2019-20,33,Tamilnadu,3322,PUDUKKOTTAI,332210,ARIMALAM,Rural,7,cat7,"SS (VI-X)",4,"Government Aided",4,OBC,0,0,0,0,0,0,0,58,71,59,60,87,0,0,0,0,0,0,0,57,66,61,72,67,0,0
2019-20,33,Tamilnadu,3322,PUDUKKOTTAI,332213,AVUDAIYARKOIL,Rural,7,cat7,"SS (VI-X)",4,"Government Aided",4,OBC,0,0,0,0,0,0,0,27,29,30,29,18,0,0,0,0,0,0,0,23,19,19,24,19,0,0
2019-20,33,Tamilnadu,3322,PUDUKKOTTAI,332205,PUDUKKOTTAI,Urban,7,cat7,"SS (VI-X)",4,"Government Aided",4,OBC,0,0,0,0,0,0,0,18,33,35,52,44,0,0,0,0,0,0,0,0,2,2,7,7,0,0
2019-20,33,Tamilnadu,3322,PUDUKKOTTAI,332211,ARANTHANGI,Urban,7,cat7,"SS (VI-X)",4,"Government Aided",4,OBC,0,0,0,0,0,0,0,27,24,38,50,52,0,0,0,0,0,0,0,22,30,27,29,26,0,0
2019-20,33,Tamilnadu,3322,PUDUKKOTTAI,332201,KUNNANDARKOIL,Rural,7,cat7,"SS (VI-X)",5,"Private Unaided (Recognized)",4,OBC,0,0,0,0,0,0,0,18,16,20,19,18,0,0,0,0,0,0,0,20,17,14,14,13,0,0
2019-20,33,Tamilnadu,3322,PUDUKKOTTAI,332202,ANNAVASAL,Rural,7,cat7,"SS (VI-X)",5,"Private Unaided (Recognized)",4,OBC,0,0,0,0,0,0,0,34,50,51,31,36,0,0,0,0,0,0,0,46,38,23,30,31,0,0
2019-20,33,Tamilnadu,3322,PUDUKKOTTAI,332206,THIRUVARANKULAM,Rural,7,cat7,"SS (VI-X)",5,"Private Unaided (Recognized)",4,OBC,0,0,0,0,0,0,0,15,15,13,15,19,0,0,0,0,0,0,0,16,12,12,10,14,0,0
2019-20,33,Tamilnadu,3322,PUDUKKOTTAI,332211,ARANTHANGI,Rural,7,cat7,"SS (VI-X)",5,"Private Unaided (Recognized)",4,OBC,0,0,0,0,0,0,0,15,11,6,8,2,0,0,0,0,0,0,0,11,15,7,17,6,0,0
2019-20,33,Tamilnadu,3322,PUDUKKOTTAI,332201,KUNNANDARKOIL,Rural,2,cat2,"UPS (I-VIII)",1,"Department of Education",4,OBC,20,25,75,84,86,95,70,115,106,101,0,0,0,0,85,74,94,96,82,98,128,103,0,0,0,0
2019-20,33,Tamilnadu,3322,PUDUKKOTTAI,332202,ANNAVASAL,Rural,2,cat2,"UPS (I-VIII)",1,"Department of Education",4,OBC,46,42,102,121,107,108,114,182,169,149,0,0,0,0,120,107,104,129,117,154,195,156,0,0,0,0
2019-20,33,Tamilnadu,3322,PUDUKKOTTAI,332203,VIRALIMALAI,Rural,2,cat2,"UPS (I-VIII)",1,"Department of Education",4,OBC,13,11,127,134,144,131,125,147,151,148,0,0,0,0,133,145,151,148,117,163,169,137,0,0,0,0
2019-20,33,Tamilnadu,3322,PUDUKKOTTAI,332204,GANDARVAKKOTTAI,Rural,2,cat2,"UPS (I-VIII)",1,"Department of Education",4,OBC,13,16,85,111,101,101,93,129,155,151,0,0,0,0,77,80,117,105,96,131,191,118,0,0,0,0
2019-20,33,Tamilnadu,3322,PUDUKKOTTAI,332205,PUDUKKOTTAI,Rural,2,cat2,"UPS (I-VIII)",1,"Department of Education",4,OBC,83,58,108,99,132,117,92,119,132,126,0,0,0,0,98,112,119,115,106,160,155,143,0,0,0,0
2019-20,33,Tamilnadu,3322,PUDUKKOTTAI,332206,THIRUVARANKULAM,Rural,2,cat2,"UPS (I-VIII)",1,"Department of Education",4,OBC,83,84,86,101,108,126,125,155,177,191,0,0,0,0,104,96,119,118,131,150,175,165,0,0,0,0
2019-20,33,Tamilnadu,3322,PUDUKKOTTAI,332207,KARAMBAKKUDI,Rural,2,cat2,"UPS (I-VIII)",1,"Department of Education",4,OBC,62,43,103,116,131,113,126,167,199,151,0,0,0,0,90,111,114,128,110,177,206,183,0,0,0,0
2019-20,33,Tamilnadu,3322,PUDUKKOTTAI,332208,THIRUMAYAM,Rural,2,cat2,"UPS (I-VIII)",1,"Department of Education",4,OBC,37,49,65,69,86,70,62,93,80,77,0,0,0,0,70,59,74,57,88,83,103,72,0,0,0,0
2019-20,33,Tamilnadu,3322,PUDUKKOTTAI,332209,PONNAMARAVATHY,Rural,2,cat2,"UPS (I-VIII)",1,"Department of Education",4,OBC,67,54,102,81,92,94,89,93,102,96,0,0,0,0,83,74,96,89,76,89,111,97,0,0,0,0
2019-20,33,Tamilnadu,3322,PUDUKKOTTAI,332210,ARIMALAM,Rural,2,cat2,"UPS (I-VIII)",1,"Department of Education",4,OBC,31,36,41,44,36,35,38,56,68,65,0,0,0,0,33,59,37,39,40,40,56,52,0,0,0,0
2019-20,33,Tamilnadu,3322,PUDUKKOTTAI,332211,ARANTHANGI,Rural,2,cat2,"UPS (I-VIII)",1,"Department of Education",4,OBC,70,77,190,211,217,255,209,283,277,273,0,0,0,0,211,180,238,239,217,325,346,266,0,0,0,0
2019-20,33,Tamilnadu,3322,PUDUKKOTTAI,332212,MANAMELKUDI,Rural,2,cat2,"UPS (I-VIII)",1,"Department of Education",4,OBC,25,25,67,76,95,106,123,150,165,102,0,0,0,0,81,81,95,105,97,133,119,114,0,0,0,0
2019-20,33,Tamilnadu,3322,PUDUKKOTTAI,332213,AVUDAIYARKOIL,Rural,2,cat2,"UPS (I-VIII)",1,"Department of Education",4,OBC,44,33,65,55,85,76,82,108,106,103,0,0,0,0,60,72,70,82,92,108,120,114,0,0,0,0
2019-20,33,Tamilnadu,3322,PUDUKKOTTAI,332205,PUDUKKOTTAI,Urban,2,cat2,"UPS (I-VIII)",1,"Department of Education",4,OBC,0,0,32,35,33,31,27,42,33,18,0,0,0,0,30,28,37,24,25,25,27,21,0,0,0,0
2019-20,33,Tamilnadu,3322,PUDUKKOTTAI,332206,THIRUVARANKULAM,Urban,2,cat2,"UPS (I-VIII)",1,"Department of Education",4,OBC,0,0,0,2,2,5,3,7,12,9,0,0,0,0,3,1,1,3,6,10,8,10,0,0,0,0
2019-20,33,Tamilnadu,3322,PUDUKKOTTAI,332207,KARAMBAKKUDI,Urban,2,cat2,"UPS (I-VIII)",1,"Department of Education",4,OBC,11,17,10,9,11,6,9,18,23,13,0,0,0,0,8,13,13,10,10,14,15,15,0,0,0,0
2019-20,33,Tamilnadu,3322,PUDUKKOTTAI,332209,PONNAMARAVATHY,Urban,2,cat2,"UPS (I-VIII)",1,"Department of Education",4,OBC,0,0,10,12,15,16,15,22,13,15,0,0,0,0,11,18,18,18,19,8,20,15,0,0,0,0
