ac_year,st_code,state_name,dt_code,district_name,block_cd,udise_block_name,loc_name,sch_category_id,tr_cat_name,school_category,sch_mgmt_id,sch_mgmt_name,caste_id,caste_name,pre_primary_boy,pre_primary_girl,class1_boy,class2_boy,class3_boy,class4_boy,class5_boy,class6_boy,class7_boy,class8_boy,class9_boy,class10_boy,class11_boy,class12_boy,class1_girl,class2_girl,class3_girl,class4_girl,class5_girl,class6_girl,class7_girl,class8_girl,class9_girl,class10_girl,class11_girl,class12_girl
2019-20,33,Tamilnadu,3306,TIRUVANNAMALAI,330607,ARNI,Rural,2,cat2,"UPS (I-VIII)",3,"Local body",4,OBC,0,0,16,26,21,30,22,29,24,17,0,0,0,0,12,11,17,18,18,24,17,19,0,0,0,0
2019-20,33,Tamilnadu,3306,TIRUVANNAMALAI,330602,CHEYYAR,Urban,2,cat2,"UPS (I-VIII)",3,"Local body",4,OBC,0,0,12,16,24,19,22,28,24,20,0,0,0,0,16,18,21,18,19,16,22,15,0,0,0,0
2019-20,33,Tamilnadu,3306,TIRUVANNAMALAI,330607,ARNI,Urban,2,cat2,"UPS (I-VIII)",3,"Local body",4,OBC,22,21,19,19,26,26,25,21,30,21,0,0,0,0,19,6,25,13,12,23,18,12,0,0,0,0
2019-20,33,Tamilnadu,3306,TIRUVANNAMALAI,330614,TIRUVANNAMALAI,Urban,2,cat2,"UPS (I-VIII)",3,"Local body",4,OBC,16,14,22,21,23,33,38,44,30,31,0,0,0,0,24,20,26,25,34,37,29,31,0,0,0,0
2019-20,33,Tamilnadu,3306,TIRUVANNAMALAI,330604,PERANAMALLUR,Rural,2,cat2,"UPS (I-VIII)",4,"Government Aided",4,OBC,0,0,5,4,4,5,2,3,3,1,0,0,0,0,2,2,3,1,1,6,1,7,0,0,0,0
2019-20,33,Tamilnadu,3306,TIRUVANNAMALAI,330608,"WEST ARNI",Rural,2,cat2,"UPS (I-VIII)",4,"Government Aided",4,OBC,0,0,1,5,5,2,7,10,10,7,0,0,0,0,1,2,4,7,5,10,10,8,0,0,0,0
2019-20,33,Tamilnadu,3306,TIRUVANNAMALAI,330610,KALASAPAKKAM,Rural,2,cat2,"UPS (I-VIII)",4,"Government Aided",4,OBC,0,0,10,11,17,18,13,17,19,20,0,0,0,0,9,9,11,10,18,26,30,30,0,0,0,0
2019-20,33,Tamilnadu,3306,TIRUVANNAMALAI,330611,CHETPET,Rural,2,cat2,"UPS (I-VIII)",4,"Government Aided",4,OBC,0,0,3,11,10,10,5,13,9,10,0,0,0,0,11,6,5,7,9,9,10,10,0,0,0,0
2019-20,33,Tamilnadu,3306,TIRUVANNAMALAI,330612,THURINJAPURAM,Rural,2,cat2,"UPS (I-VIII)",4,"Government Aided",4,OBC,0,0,6,7,5,8,11,4,13,9,0,0,0,0,2,5,5,8,8,6,9,10,0,0,0,0
2019-20,33,Tamilnadu,3306,TIRUVANNAMALAI,330614,TIRUVANNAMALAI,Rural,2,cat2,"UPS (I-VIII)",4,"Government Aided",4,OBC,0,0,18,9,18,15,17,12,14,20,0,0,0,0,15,13,9,11,12,14,14,15,0,0,0,0
2019-20,33,Tamilnadu,3306,TIRUVANNAMALAI,330617,THANDRAMPET,Rural,2,cat2,"UPS (I-VIII)",4,"Government Aided",4,OBC,0,0,10,14,16,16,18,24,14,18,0,0,0,0,17,16,11,26,18,18,14,15,0,0,0,0
2019-20,33,Tamilnadu,3306,TIRUVANNAMALAI,330606,THELLAR,Urban,2,cat2,"UPS (I-VIII)",4,"Government Aided",4,OBC,0,0,6,7,7,13,9,10,9,8,0,0,0,0,7,6,3,11,8,8,14,9,0,0,0,0
2019-20,33,Tamilnadu,3306,TIRUVANNAMALAI,330609,POLUR,Urban,2,cat2,"UPS (I-VIII)",4,"Government Aided",4,OBC,0,0,7,8,12,20,13,26,31,28,0,0,0,0,5,7,10,11,19,18,22,15,0,0,0,0
2019-20,33,Tamilnadu,3306,TIRUVANNAMALAI,330614,TIRUVANNAMALAI,Urban,2,cat2,"UPS (I-VIII)",4,"Government Aided",4,OBC,25,9,7,17,10,10,13,13,15,18,0,0,0,0,8,8,10,9,5,15,10,11,0,0,0,0
2019-20,33,Tamilnadu,3306,TIRUVANNAMALAI,330602,CHEYYAR,Rural,2,cat2,"UPS (I-VIII)",5,"Private Unaided (Recognized)",4,OBC,38,34,15,17,23,12,6,6,4,7,0,0,0,0,18,9,14,10,10,5,1,4,0,0,0,0
2019-20,33,Tamilnadu,3306,TIRUVANNAMALAI,330608,"WEST ARNI",Rural,2,cat2,"UPS (I-VIII)",5,"Private Unaided (Recognized)",4,OBC,88,79,49,54,35,33,25,19,27,12,0,0,0,0,37,28,26,10,14,14,11,8,0,0,0,0
2019-20,33,Tamilnadu,3306,TIRUVANNAMALAI,330609,POLUR,Rural,2,cat2,"UPS (I-VIII)",5,"Private Unaided (Recognized)",4,OBC,14,13,12,12,11,11,19,20,13,17,0,0,0,0,11,12,14,9,8,16,7,8,0,0,0,0
2019-20,33,Tamilnadu,3306,TIRUVANNAMALAI,330610,KALASAPAKKAM,Rural,2,cat2,"UPS (I-VIII)",5,"Private Unaided (Recognized)",4,OBC,25,16,13,5,9,7,4,2,3,0,0,0,0,0,5,5,6,3,3,1,2,0,0,0,0,0
2019-20,33,Tamilnadu,3306,TIRUVANNAMALAI,330612,THURINJAPURAM,Rural,2,cat2,"UPS (I-VIII)",5,"Private Unaided (Recognized)",4,OBC,0,0,0,0,0,0,0,0,0,0,0,0,0,0,0,0,0,0,0,0,0,0,0,0,0,0
2019-20,33,Tamilnadu,3306,TIRUVANNAMALAI,330613,KILPENNATHUR,Rural,2,cat2,"UPS (I-VIII)",5,"Private Unaided (Recognized)",4,OBC,24,22,4,3,3,6,0,2,0,0,0,0,0,0,8,3,1,1,2,2,0,0,0,0,0,0
2019-20,33,Tamilnadu,3306,TIRUVANNAMALAI,330614,TIRUVANNAMALAI,Rural,2,cat2,"UPS (I-VIII)",5,"Private Unaided (Recognized)",4,OBC,5,5,4,2,2,4,2,2,7,1,0,0,0,0,2,5,3,3,2,4,4,1,0,0,0,0
2019-20,33,Tamilnadu,3306,TIRUVANNAMALAI,330616,CHENGAM,Rural,2,cat2,"UPS (I-VIII)",5,"Private Unaided (Recognized)",4,OBC,20,13,6,7,7,6,7,4,2,1,0,0,0,0,13,2,5,4,3,2,3,0,0,0,0,0
2019-20,33,Tamilnadu,3306,TIRUVANNAMALAI,330617,THANDRAMPET,Rural,2,cat2,"UPS (I-VIII)",5,"Private Unaided (Recognized)",4,OBC,3,4,28,2,2,6,6,7,3,2,0,0,0,0,12,7,0,1,4,3,6,8,0,0,0,0
2019-20,33,Tamilnadu,3306,TIRUVANNAMALAI,330602,CHEYYAR,Urban,2,cat2,"UPS (I-VIII)",5,"Private Unaided (Recognized)",4,OBC,0,0,0,0,0,0,0,0,0,0,0,0,0,0,0,0,0,0,0,0,0,0,0,0,0,0
2019-20,33,Tamilnadu,3306,TIRUVANNAMALAI,330604,PERANAMALLUR,Urban,2,cat2,"UPS (I-VIII)",5,"Private Unaided (Recognized)",4,OBC,7,15,3,7,6,4,6,3,3,0,0,0,0,0,11,8,7,4,6,0,0,2,0,0,0,0
2019-20,33,Tamilnadu,3306,TIRUVANNAMALAI,330614,TIRUVANNAMALAI,Urban,2,cat2,"UPS (I-VIII)",5,"Private Unaided (Recognized)",4,OBC,68,49,31,15,20,11,17,11,1,0,0,0,0,0,23,11,7,12,8,5,0,0,0,0,0,0
2019-20,33,Tamilnadu,3306,TIRUVANNAMALAI,330616,CHENGAM,Urban,2,cat2,"UPS (I-VIII)",5,"Private Unaided (Recognized)",4,OBC,31,23,15,11,15,11,10,7,2,6,0,0,0,0,9,4,6,3,5,2,5,5,0,0,0,0
2019-20,33,Tamilnadu,3306,TIRUVANNAMALAI,330617,THANDRAMPET,Rural,4,cat4,"UPS (VI-VIII)",6,"Other Govt. managed schools",4,OBC,0,0,0,0,0,0,0,0,0,0,0,0,0,0,0,0,0,0,0,9,5,21,0,0,0,0
2019-20,33,Tamilnadu,3306,TIRUVANNAMALAI,330618,"JAWADHU HILLS",Rural,4,cat4,"UPS (VI-VIII)",6,"Other Govt. managed schools",4,OBC,0,0,0,0,0,0,0,0,0,0,0,0,0,0,0,0,0,0,0,0,0,0,0,0,0,0
2019-20,33,Tamilnadu,3306,TIRUVANNAMALAI,330614,TIRUVANNAMALAI,Urban,3,cat3,"HSS (I-XII)",3,"Local body",1,General,1,1,0,0,0,1,0,0,0,0,0,0,0,0,0,0,0,1,0,4,4,3,3,5,11,3
2019-20,33,Tamilnadu,3306,TIRUVANNAMALAI,330611,CHETPET,Rural,3,cat3,"HSS (I-XII)",4,"Government Aided",1,General,0,0,0,0,0,0,0,0,0,0,0,0,0,0,0,0,0,0,0,0,0,0,0,0,0,0
2019-20,33,Tamilnadu,3306,TIRUVANNAMALAI,330614,TIRUVANNAMALAI,Rural,3,cat3,"HSS (I-XII)",4,"Government Aided",1,General,0,0,0,0,0,0,0,1,0,0,2,0,0,0,0,0,0,0,0,0,0,0,0,0,1,0
2019-20,33,Tamilnadu,3306,TIRUVANNAMALAI,330601,VEMBAKKAM,Rural,3,cat3,"HSS (I-XII)",5,"Private Unaided (Recognized)",1,General,1,2,4,1,2,1,1,19,1,1,2,3,0,0,3,1,3,0,2,8,0,2,2,1,0,2
2019-20,33,Tamilnadu,3306,TIRUVANNAMALAI,330602,CHEYYAR,Rural,3,cat3,"HSS (I-XII)",5,"Private Unaided (Recognized)",1,General,17,18,7,13,10,9,4,8,7,6,5,6,3,3,8,11,8,14,11,17,5,10,4,5,4,1
2019-20,33,Tamilnadu,3306,TIRUVANNAMALAI,330603,ANAKKAVUR,Rural,3,cat3,"HSS (I-XII)",5,"Private Unaided (Recognized)",1,General,0,2,0,1,1,2,1,0,3,0,1,2,2,0,1,0,1,2,4,1,1,0,4,2,5,1
2019-20,33,Tamilnadu,3306,TIRUVANNAMALAI,330604,PERANAMALLUR,Rural,3,cat3,"HSS (I-XII)",5,"Private Unaided (Recognized)",1,General,5,1,3,1,2,2,2,4,0,1,5,1,1,2,0,1,6,0,3,1,1,3,4,4,5,3
2019-20,33,Tamilnadu,3306,TIRUVANNAMALAI,330605,VANDAVASI,Rural,3,cat3,"HSS (I-XII)",5,"Private Unaided (Recognized)",1,General,6,11,0,5,4,2,2,4,3,4,2,2,0,0,3,8,1,4,4,2,2,2,1,0,3,0
2019-20,33,Tamilnadu,3306,TIRUVANNAMALAI,330607,ARNI,Rural,3,cat3,"HSS (I-XII)",5,"Private Unaided (Recognized)",1,General,3,2,2,3,5,4,2,3,5,4,6,7,12,7,1,5,1,4,4,3,3,7,6,5,2,8
2019-20,33,Tamilnadu,3306,TIRUVANNAMALAI,330608,"WEST ARNI",Rural,3,cat3,"HSS (I-XII)",5,"Private Unaided (Recognized)",1,General,4,5,2,4,3,4,3,5,4,8,5,5,9,6,3,2,2,6,5,3,3,0,4,6,9,8
2019-20,33,Tamilnadu,3306,TIRUVANNAMALAI,330609,POLUR,Rural,3,cat3,"HSS (I-XII)",5,"Private Unaided (Recognized)",1,General,6,8,7,6,5,2,3,3,2,4,1,2,0,0,5,4,2,6,4,1,1,4,0,4,1,0
2019-20,33,Tamilnadu,3306,TIRUVANNAMALAI,330610,KALASAPAKKAM,Rural,3,cat3,"HSS (I-XII)",5,"Private Unaided (Recognized)",1,General,5,3,1,2,4,0,4,1,1,3,2,1,0,1,1,3,0,1,1,0,2,1,1,4,2,1
2019-20,33,Tamilnadu,3306,TIRUVANNAMALAI,330611,CHETPET,Rural,3,cat3,"HSS (I-XII)",5,"Private Unaided (Recognized)",1,General,1,2,3,4,0,1,2,0,1,3,3,2,6,3,0,2,6,1,0,5,0,0,2,3,3,5
2019-20,33,Tamilnadu,3306,TIRUVANNAMALAI,330612,THURINJAPURAM,Rural,3,cat3,"HSS (I-XII)",5,"Private Unaided (Recognized)",1,General,4,4,2,1,1,3,3,13,11,10,16,19,15,24,1,1,2,1,2,13,6,13,14,16,16,19
2019-20,33,Tamilnadu,3306,TIRUVANNAMALAI,330613,KILPENNATHUR,Rural,3,cat3,"HSS (I-XII)",5,"Private Unaided (Recognized)",1,General,1,2,0,1,0,1,0,0,0,0,0,0,1,0,0,0,1,0,1,1,0,0,1,0,1,1
2019-20,33,Tamilnadu,3306,TIRUVANNAMALAI,330614,TIRUVANNAMALAI,Rural,3,cat3,"HSS (I-XII)",5,"Private Unaided (Recognized)",1,General,14,10,11,17,15,21,19,26,25,27,19,34,30,16,7,13,10,14,16,14,23,19,20,16,27,20
2019-20,33,Tamilnadu,3306,TIRUVANNAMALAI,330615,PUDUPALAYAM,Rural,3,cat3,"HSS (I-XII)",5,"Private Unaided (Recognized)",1,General,1,1,1,0,0,2,0,0,1,0,1,1,1,2,0,0,0,2,0,0,1,0,0,1,1,0
2019-20,33,Tamilnadu,3306,TIRUVANNAMALAI,330617,THANDRAMPET,Rural,3,cat3,"HSS (I-XII)",5,"Private Unaided (Recognized)",1,General,1,4,2,3,1,0,1,1,2,2,3,2,2,2,3,0,1,0,1,3,2,2,0,2,2,1
2019-20,33,Tamilnadu,3306,TIRUVANNAMALAI,330602,CHEYYAR,Urban,3,cat3,"HSS (I-XII)",5,"Private Unaided (Recognized)",1,General,3,8,4,3,4,3,2,6,5,7,4,9,8,2,1,2,2,4,1,6,2,0,3,4,6,5
2019-20,33,Tamilnadu,3306,TIRUVANNAMALAI,330604,PERANAMALLUR,Urban,3,cat3,"HSS (I-XII)",5,"Private Unaided (Recognized)",1,General,2,0,1,1,2,1,2,1,1,0,2,1,1,0,1,1,2,1,0,1,0,0,1,1,0,1
2019-20,33,Tamilnadu,3306,TIRUVANNAMALAI,330605,VANDAVASI,Urban,3,cat3,"HSS (I-XII)",5,"Private Unaided (Recognized)",1,General,9,13,6,10,8,6,5,6,15,10,11,14,13,8,8,4,8,9,7,9,6,6,3,7,10,7
2019-20,33,Tamilnadu,3306,TIRUVANNAMALAI,330607,ARNI,Urban,3,cat3,"HSS (I-XII)",5,"Private Unaided (Recognized)",1,General,0,2,0,1,0,0,2,1,0,1,1,0,0,0,1,0,1,2,2,0,0,2,1,1,1,2
2019-20,33,Tamilnadu,3306,TIRUVANNAMALAI,330608,"WEST ARNI",Urban,3,cat3,"HSS (I-XII)",5,"Private Unaided (Recognized)",1,General,0,0,0,1,0,0,0,0,0,0,0,0,0,0,1,0,0,0,0,0,0,1,0,0,1,0
2019-20,33,Tamilnadu,3306,TIRUVANNAMALAI,330609,POLUR,Urban,3,cat3,"HSS (I-XII)",5,"Private Unaided (Recognized)",1,General,3,1,0,0,2,0,1,2,1,0,0,0,1,1,0,3,0,0,2,1,2,0,0,1,1,0
2019-20,33,Tamilnadu,3306,TIRUVANNAMALAI,330613,KILPENNATHUR,Urban,3,cat3,"HSS (I-XII)",5,"Private Unaided (Recognized)",1,General,0,1,1,0,0,0,1,0,0,1,0,0,0,1,1,0,1,0,1,0,0,0,0,0,1,0
2019-20,33,Tamilnadu,3306,TIRUVANNAMALAI,330614,TIRUVANNAMALAI,Urban,3,cat3,"HSS (I-XII)",5,"Private Unaided (Recognized)",1,General,3,5,3,4,6,3,12,10,8,8,13,11,4,9,7,1,9,9,4,6,10,7,9,13,10,8
2019-20,33,Tamilnadu,3306,TIRUVANNAMALAI,330616,CHENGAM,Urban,3,cat3,"HSS (I-XII)",5,"Private Unaided (Recognized)",1,General,1,1,1,3,4,1,2,0,0,0,2,2,0,2,1,2,0,1,2,2,0,3,1,1,3,1
2019-20,33,Tamilnadu,3306,TIRUVANNAMALAI,330614,TIRUVANNAMALAI,Rural,3,cat3,"HSS (I-XII)",92,"Kendriya Vidyalaya / Central School",1,General,0,0,3,7,3,6,2,4,5,0,4,3,3,0,5,3,1,4,6,2,2,0,5,1,2,0
2019-20,33,Tamilnadu,3306,TIRUVANNAMALAI,330601,VEMBAKKAM,Rural,5,cat5,"HSS (VI-XII)",1,"Department of Education",1,General,0,0,0,0,0,0,0,1,2,3,1,1,3,1,0,0,0,0,0,0,0,4,0,1,1,3
2019-20,33,Tamilnadu,3306,TIRUVANNAMALAI,330602,CHEYYAR,Rural,5,cat5,"HSS (VI-XII)",1,"Department of Education",1,General,0,0,0,0,0,0,0,0,1,1,0,2,0,0,0,0,0,0,0,1,2,0,1,0,1,1
2019-20,33,Tamilnadu,3306,TIRUVANNAMALAI,330603,ANAKKAVUR,Rural,5,cat5,"HSS (VI-XII)",1,"Department of Education",1,General,0,0,0,0,0,0,0,1,1,3,0,3,1,2,0,0,0,0,0,0,4,2,1,0,1,0
2019-20,33,Tamilnadu,3306,TIRUVANNAMALAI,330604,PERANAMALLUR,Rural,5,cat5,"HSS (VI-XII)",1,"Department of Education",1,General,0,0,0,0,0,0,0,0,0,0,0,1,2,1,0,0,0,0,0,1,2,1,0,0,0,1
2019-20,33,Tamilnadu,3306,TIRUVANNAMALAI,330605,VANDAVASI,Rural,5,cat5,"HSS (VI-XII)",1,"Department of Education",1,General,0,0,0,0,0,0,0,0,2,0,0,0,0,0,0,0,0,0,0,0,0,0,2,0,0,1
2019-20,33,Tamilnadu,3306,TIRUVANNAMALAI,330606,THELLAR,Rural,5,cat5,"HSS (VI-XII)",1,"Department of Education",1,General,0,0,0,0,0,0,0,1,1,1,3,3,3,0,0,0,0,0,0,1,3,2,2,0,0,2
2019-20,33,Tamilnadu,3306,TIRUVANNAMALAI,330607,ARNI,Rural,5,cat5,"HSS (VI-XII)",1,"Department of Education",1,General,0,0,0,0,0,0,0,0,0,0,1,3,0,2,0,0,0,0,0,0,1,0,0,1,3,2
2019-20,33,Tamilnadu,3306,TIRUVANNAMALAI,330608,"WEST ARNI",Rural,5,cat5,"HSS (VI-XII)",1,"Department of Education",1,General,0,0,0,0,0,0,0,1,0,1,0,1,2,3,0,0,0,0,0,0,0,1,0,0,1,2
2019-20,33,Tamilnadu,3306,TIRUVANNAMALAI,330609,POLUR,Rural,5,cat5,"HSS (VI-XII)",1,"Department of Education",1,General,0,0,0,0,0,0,0,0,0,1,0,0,2,0,0,0,0,0,0,0,1,0,0,0,1,0
2019-20,33,Tamilnadu,3306,TIRUVANNAMALAI,330610,KALASAPAKKAM,Rural,5,cat5,"HSS (VI-XII)",1,"Department of Education",1,General,0,0,0,0,0,0,0,3,5,2,3,4,6,2,0,0,0,0,0,5,1,1,3,5,2,3
2019-20,33,Tamilnadu,3306,TIRUVANNAMALAI,330611,CHETPET,Rural,5,cat5,"HSS (VI-XII)",1,"Department of Education",1,General,0,0,0,0,0,0,0,0,0,0,0,0,0,0,0,0,0,0,0,0,0,1,1,0,1,0
2019-20,33,Tamilnadu,3306,TIRUVANNAMALAI,330612,THURINJAPURAM,Rural,5,cat5,"HSS (VI-XII)",1,"Department of Education",1,General,0,0,0,0,0,0,0,1,1,4,1,2,6,1,0,0,0,0,0,1,3,2,1,0,5,1
2019-20,33,Tamilnadu,3306,TIRUVANNAMALAI,330613,KILPENNATHUR,Rural,5,cat5,"HSS (VI-XII)",1,"Department of Education",1,General,0,0,0,0,0,0,0,0,0,0,0,1,0,2,0,0,0,0,0,0,0,0,0,0,0,0
2019-20,33,Tamilnadu,3306,TIRUVANNAMALAI,330614,TIRUVANNAMALAI,Rural,5,cat5,"HSS (VI-XII)",1,"Department of Education",1,General,0,0,0,0,0,0,0,4,0,2,3,4,0,0,0,0,0,0,0,2,2,3,1,5,3,0
2019-20,33,Tamilnadu,3306,TIRUVANNAMALAI,330615,PUDUPALAYAM,Rural,5,cat5,"HSS (VI-XII)",1,"Department of Education",1,General,0,0,0,0,0,0,0,3,6,4,2,5,2,3,0,0,0,0,0,3,3,2,5,7,2,6
2019-20,33,Tamilnadu,3306,TIRUVANNAMALAI,330616,CHENGAM,Rural,5,cat5,"HSS (VI-XII)",1,"Department of Education",1,General,0,0,0,0,0,0,0,1,0,1,0,0,1,0,0,0,0,0,0,0,0,0,0,0,1,1
2019-20,33,Tamilnadu,3306,TIRUVANNAMALAI,330617,THANDRAMPET,Rural,5,cat5,"HSS (VI-XII)",1,"Department of Education",1,General,0,0,0,0,0,0,0,2,2,2,0,0,5,2,0,0,0,0,0,0,0,1,3,1,2,2
2019-20,33,Tamilnadu,3306,TIRUVANNAMALAI,330618,"JAWADHU HILLS",Rural,5,cat5,"HSS (VI-XII)",1,"Department of Education",1,General,0,0,0,0,0,0,0,0,0,0,0,0,0,0,0,0,0,0,0,0,0,0,1,0,1,0
2019-20,33,Tamilnadu,3306,TIRUVANNAMALAI,330602,CHEYYAR,Urban,5,cat5,"HSS (VI-XII)",1,"Department of Education",1,General,0,0,0,0,0,0,0,0,0,0,0,1,6,9,0,0,0,0,0,1,4,3,9,7,10,10
2019-20,33,Tamilnadu,3306,TIRUVANNAMALAI,330604,PERANAMALLUR,Urban,5,cat5,"HSS (VI-XII)",1,"Department of Education",1,General,0,0,0,0,0,0,0,0,0,0,0,0,1,2,0,0,0,0,0,1,1,0,0,0,3,0
2019-20,33,Tamilnadu,3306,TIRUVANNAMALAI,330605,VANDAVASI,Urban,5,cat5,"HSS (VI-XII)",1,"Department of Education",1,General,0,0,0,0,0,0,0,0,0,1,1,0,1,3,0,0,0,0,0,3,1,3,3,5,7,3
2019-20,33,Tamilnadu,3306,TIRUVANNAMALAI,330606,THELLAR,Urban,5,cat5,"HSS (VI-XII)",1,"Department of Education",1,General,0,0,0,0,0,0,0,0,0,0,0,0,0,0,0,0,0,0,0,0,0,0,1,0,3,0
2019-20,33,Tamilnadu,3306,TIRUVANNAMALAI,330607,ARNI,Urban,5,cat5,"HSS (VI-XII)",1,"Department of Education",1,General,0,0,0,0,0,0,0,0,0,0,0,0,0,0,0,0,0,0,0,2,0,0,2,0,1,14
2019-20,33,Tamilnadu,3306,TIRUVANNAMALAI,330609,POLUR,Urban,5,cat5,"HSS (VI-XII)",1,"Department of Education",1,General,0,0,0,0,0,0,0,0,0,0,1,0,6,1,0,0,0,0,0,1,1,0,1,2,4,3
2019-20,33,Tamilnadu,3306,TIRUVANNAMALAI,330611,CHETPET,Urban,5,cat5,"HSS (VI-XII)",1,"Department of Education",1,General,0,0,0,0,0,0,0,0,0,0,1,0,1,1,0,0,0,0,0,0,1,0,0,0,0,0
2019-20,33,Tamilnadu,3306,TIRUVANNAMALAI,330613,KILPENNATHUR,Urban,5,cat5,"HSS (VI-XII)",1,"Department of Education",1,General,0,0,0,0,0,0,0,0,0,0,0,0,1,0,0,0,0,0,0,0,0,0,0,0,1,1
2019-20,33,Tamilnadu,3306,TIRUVANNAMALAI,330614,TIRUVANNAMALAI,Urban,5,cat5,"HSS (VI-XII)",1,"Department of Education",1,General,0,0,0,0,0,0,0,1,2,0,0,0,3,2,0,0,0,0,0,0,0,0,1,1,1,3
2019-20,33,Tamilnadu,3306,TIRUVANNAMALAI,330615,PUDUPALAYAM,Urban,5,cat5,"HSS (VI-XII)",1,"Department of Education",1,General,0,0,0,0,0,0,0,0,0,0,0,0,0,0,0,0,0,0,0,0,0,0,0,0,0,1
2019-20,33,Tamilnadu,3306,TIRUVANNAMALAI,330616,CHENGAM,Urban,5,cat5,"HSS (VI-XII)",1,"Department of Education",1,General,0,0,0,0,0,0,0,1,0,0,0,0,0,1,0,0,0,0,0,0,0,0,0,0,1,2
2019-20,33,Tamilnadu,3306,TIRUVANNAMALAI,330618,"JAWADHU HILLS",Rural,5,cat5,"HSS (VI-XII)",2,"Tribal Welfare Department",1,General,0,0,0,0,0,0,0,0,0,0,0,0,0,0,0,0,0,0,0,0,0,0,0,0,0,0
2019-20,33,Tamilnadu,3306,TIRUVANNAMALAI,330614,TIRUVANNAMALAI,Urban,5,cat5,"HSS (VI-XII)",3,"Local body",1,General,0,0,0,0,0,0,0,0,0,0,0,0,0,0,0,0,0,0,0,0,0,0,0,0,0,0
2019-20,33,Tamilnadu,3306,TIRUVANNAMALAI,330611,CHETPET,Rural,5,cat5,"HSS (VI-XII)",4,"Government Aided",1,General,0,0,0,0,0,0,0,1,1,4,1,4,3,4,0,0,0,0,0,0,0,0,0,0,5,0
2019-20,33,Tamilnadu,3306,TIRUVANNAMALAI,330613,KILPENNATHUR,Rural,5,cat5,"HSS (VI-XII)",4,"Government Aided",1,General,0,0,0,0,0,0,0,0,1,0,0,0,0,0,0,0,0,0,0,0,0,0,0,1,0,0
2019-20,33,Tamilnadu,3306,TIRUVANNAMALAI,330614,TIRUVANNAMALAI,Rural,5,cat5,"HSS (VI-XII)",4,"Government Aided",1,General,0,0,0,0,0,0,0,0,0,0,0,0,0,0,0,0,0,0,0,0,0,2,0,0,3,0
2019-20,33,Tamilnadu,3306,TIRUVANNAMALAI,330617,THANDRAMPET,Rural,5,cat5,"HSS (VI-XII)",4,"Government Aided",1,General,0,0,0,0,0,0,0,0,0,0,0,0,0,0,0,0,0,0,0,0,0,0,0,0,0,0
2019-20,33,Tamilnadu,3306,TIRUVANNAMALAI,330618,"JAWADHU HILLS",Rural,5,cat5,"HSS (VI-XII)",4,"Government Aided",1,General,0,0,0,0,0,0,0,0,0,0,0,0,1,0,0,0,0,0,0,0,0,0,0,0,0,0
2019-20,33,Tamilnadu,3306,TIRUVANNAMALAI,330605,VANDAVASI,Urban,5,cat5,"HSS (VI-XII)",4,"Government Aided",1,General,0,0,0,0,0,0,0,0,2,0,1,5,1,1,0,0,0,0,0,0,1,0,1,1,2,2
2019-20,33,Tamilnadu,3306,TIRUVANNAMALAI,330607,ARNI,Urban,5,cat5,"HSS (VI-XII)",4,"Government Aided",1,General,0,0,0,0,0,0,0,1,3,3,2,5,0,4,0,0,0,0,0,5,2,4,6,6,6,10
2019-20,33,Tamilnadu,3306,TIRUVANNAMALAI,330609,POLUR,Urban,5,cat5,"HSS (VI-XII)",4,"Government Aided",1,General,0,0,0,0,0,0,0,0,1,2,2,1,1,3,0,0,0,0,0,1,1,0,0,1,0,2
2019-20,33,Tamilnadu,3306,TIRUVANNAMALAI,330611,CHETPET,Urban,5,cat5,"HSS (VI-XII)",4,"Government Aided",1,General,0,0,0,0,0,0,0,0,0,0,0,0,0,0,0,0,0,0,0,0,1,0,0,1,0,1
2019-20,33,Tamilnadu,3306,TIRUVANNAMALAI,330613,KILPENNATHUR,Urban,5,cat5,"HSS (VI-XII)",4,"Government Aided",1,General,0,0,0,0,0,0,0,0,0,0,0,0,0,0,0,0,0,0,0,0,0,0,0,0,0,0
2019-20,33,Tamilnadu,3306,TIRUVANNAMALAI,330614,TIRUVANNAMALAI,Urban,5,cat5,"HSS (VI-XII)",4,"Government Aided",1,General,0,0,0,0,0,0,0,2,2,5,6,5,8,8,0,0,0,0,0,2,3,3,4,1,6,3
2019-20,33,Tamilnadu,3306,TIRUVANNAMALAI,330606,THELLAR,Rural,5,cat5,"HSS (VI-XII)",5,"Private Unaided (Recognized)",1,General,0,0,0,0,0,0,0,0,1,0,0,0,0,1,0,0,0,0,0,0,0,0,0,0,0,0
2019-20,33,Tamilnadu,3306,TIRUVANNAMALAI,330611,CHETPET,Rural,5,cat5,"HSS (VI-XII)",5,"Private Unaided (Recognized)",1,General,0,0,0,0,0,0,0,1,4,2,1,0,0,0,0,0,0,0,0,1,0,1,0,0,0,0
2019-20,33,Tamilnadu,3306,TIRUVANNAMALAI,330614,TIRUVANNAMALAI,Rural,5,cat5,"HSS (VI-XII)",5,"Private Unaided (Recognized)",1,General,0,0,0,0,0,0,0,6,3,7,3,6,2,0,0,0,0,0,0,2,1,6,2,5,5,5
2019-20,33,Tamilnadu,3306,TIRUVANNAMALAI,330616,CHENGAM,Urban,5,cat5,"HSS (VI-XII)",5,"Private Unaided (Recognized)",1,General,0,0,0,0,0,0,0,1,0,2,0,1,2,2,0,0,0,0,0,0,0,2,0,2,1,5
2019-20,33,Tamilnadu,3306,TIRUVANNAMALAI,330601,VEMBAKKAM,Rural,1,cat1,"PS (I-V)",1,"Department of Education",1,General,0,0,2,2,1,1,1,0,0,0,0,0,0,0,1,0,1,0,0,0,0,0,0,0,0,0
2019-20,33,Tamilnadu,3306,TIRUVANNAMALAI,330602,CHEYYAR,Rural,1,cat1,"PS (I-V)",1,"Department of Education",1,General,0,0,2,3,2,4,2,0,0,0,0,0,0,0,0,0,0,2,1,0,0,0,0,0,0,0
2019-20,33,Tamilnadu,3306,TIRUVANNAMALAI,330603,ANAKKAVUR,Rural,1,cat1,"PS (I-V)",1,"Department of Education",1,General,0,0,1,1,0,1,0,0,0,0,0,0,0,0,0,1,2,0,5,0,0,0,0,0,0,0
2019-20,33,Tamilnadu,3306,TIRUVANNAMALAI,330604,PERANAMALLUR,Rural,1,cat1,"PS (I-V)",1,"Department of Education",1,General,0,0,0,0,0,0,1,0,0,0,0,0,0,0,1,2,0,2,0,0,0,0,0,0,0,0
2019-20,33,Tamilnadu,3306,TIRUVANNAMALAI,330605,VANDAVASI,Rural,1,cat1,"PS (I-V)",1,"Department of Education",1,General,0,0,0,1,0,2,0,0,0,0,0,0,0,0,1,0,0,0,1,0,0,0,0,0,0,0
2019-20,33,Tamilnadu,3306,TIRUVANNAMALAI,330606,THELLAR,Rural,1,cat1,"PS (I-V)",1,"Department of Education",1,General,0,0,1,3,2,1,0,0,0,0,0,0,0,0,4,1,0,3,1,0,0,0,0,0,0,0
2019-20,33,Tamilnadu,3306,TIRUVANNAMALAI,330607,ARNI,Rural,1,cat1,"PS (I-V)",1,"Department of Education",1,General,0,0,0,1,0,1,0,0,0,0,0,0,0,0,1,1,2,1,0,0,0,0,0,0,0,0
2019-20,33,Tamilnadu,3306,TIRUVANNAMALAI,330608,"WEST ARNI",Rural,1,cat1,"PS (I-V)",1,"Department of Education",1,General,0,1,2,0,0,0,1,0,0,0,0,0,0,0,1,0,4,1,0,0,0,0,0,0,0,0
2019-20,33,Tamilnadu,3306,TIRUVANNAMALAI,330609,POLUR,Rural,1,cat1,"PS (I-V)",1,"Department of Education",1,General,0,0,0,1,0,0,0,0,0,0,0,0,0,0,2,1,1,1,1,0,0,0,0,0,0,0
2019-20,33,Tamilnadu,3306,TIRUVANNAMALAI,330610,KALASAPAKKAM,Rural,1,cat1,"PS (I-V)",1,"Department of Education",1,General,0,0,7,2,4,0,2,0,0,0,0,0,0,0,1,4,0,1,4,0,0,0,0,0,0,0
2019-20,33,Tamilnadu,3306,TIRUVANNAMALAI,330611,CHETPET,Rural,1,cat1,"PS (I-V)",1,"Department of Education",1,General,0,0,0,0,0,0,0,0,0,0,0,0,0,0,0,0,1,1,0,0,0,0,0,0,0,0
2019-20,33,Tamilnadu,3306,TIRUVANNAMALAI,330612,THURINJAPURAM,Rural,1,cat1,"PS (I-V)",1,"Department of Education",1,General,0,0,0,2,0,2,1,0,0,0,0,0,0,0,1,0,1,0,0,0,0,0,0,0,0,0
2019-20,33,Tamilnadu,3306,TIRUVANNAMALAI,330613,KILPENNATHUR,Rural,1,cat1,"PS (I-V)",1,"Department of Education",1,General,0,0,0,1,0,3,1,0,0,0,0,0,0,0,1,0,0,1,1,0,0,0,0,0,0,0
2019-20,33,Tamilnadu,3306,TIRUVANNAMALAI,330614,TIRUVANNAMALAI,Rural,1,cat1,"PS (I-V)",1,"Department of Education",1,General,2,0,2,1,1,1,3,0,0,0,0,0,0,0,0,0,0,2,0,0,0,0,0,0,0,0
2019-20,33,Tamilnadu,3306,TIRUVANNAMALAI,330615,PUDUPALAYAM,Rural,1,cat1,"PS (I-V)",1,"Department of Education",1,General,1,1,2,1,0,1,2,0,0,0,0,0,0,0,3,0,1,0,2,0,0,0,0,0,0,0
2019-20,33,Tamilnadu,3306,TIRUVANNAMALAI,330616,CHENGAM,Rural,1,cat1,"PS (I-V)",1,"Department of Education",1,General,0,0,0,0,0,0,0,0,0,0,0,0,0,0,0,0,0,0,0,0,0,0,0,0,0,0
2019-20,33,Tamilnadu,3306,TIRUVANNAMALAI,330617,THANDRAMPET,Rural,1,cat1,"PS (I-V)",1,"Department of Education",1,General,1,0,0,2,0,3,1,0,0,0,0,0,0,0,0,1,0,2,2,0,0,0,0,0,0,0
2019-20,33,Tamilnadu,3306,TIRUVANNAMALAI,330618,"JAWADHU HILLS",Rural,1,cat1,"PS (I-V)",1,"Department of Education",1,General,0,0,0,0,0,0,0,0,0,0,0,0,0,0,0,0,0,0,0,0,0,0,0,0,0,0
2019-20,33,Tamilnadu,3306,TIRUVANNAMALAI,330604,PERANAMALLUR,Urban,1,cat1,"PS (I-V)",1,"Department of Education",1,General,0,0,0,0,0,0,0,0,0,0,0,0,0,0,0,0,0,0,0,0,0,0,0,0,0,0
2019-20,33,Tamilnadu,3306,TIRUVANNAMALAI,330605,VANDAVASI,Urban,1,cat1,"PS (I-V)",1,"Department of Education",1,General,0,0,0,0,0,0,0,0,0,0,0,0,0,0,0,0,0,0,0,0,0,0,0,0,0,0
2019-20,33,Tamilnadu,3306,TIRUVANNAMALAI,330606,THELLAR,Urban,1,cat1,"PS (I-V)",1,"Department of Education",1,General,0,0,0,0,0,0,0,0,0,0,0,0,0,0,0,0,0,0,0,0,0,0,0,0,0,0
2019-20,33,Tamilnadu,3306,TIRUVANNAMALAI,330608,"WEST ARNI",Urban,1,cat1,"PS (I-V)",1,"Department of Education",1,General,0,0,0,0,0,0,0,0,0,0,0,0,0,0,0,0,0,0,0,0,0,0,0,0,0,0
2019-20,33,Tamilnadu,3306,TIRUVANNAMALAI,330609,POLUR,Urban,1,cat1,"PS (I-V)",1,"Department of Education",1,General,0,0,0,0,0,0,0,0,0,0,0,0,0,0,0,0,1,0,0,0,0,0,0,0,0,0
2019-20,33,Tamilnadu,3306,TIRUVANNAMALAI,330611,CHETPET,Urban,1,cat1,"PS (I-V)",1,"Department of Education",1,General,0,0,0,0,1,0,0,0,0,0,0,0,0,0,0,0,0,0,1,0,0,0,0,0,0,0
2019-20,33,Tamilnadu,3306,TIRUVANNAMALAI,330613,KILPENNATHUR,Urban,1,cat1,"PS (I-V)",1,"Department of Education",1,General,0,0,0,0,0,0,0,0,0,0,0,0,0,0,0,0,0,0,0,0,0,0,0,0,0,0
2019-20,33,Tamilnadu,3306,TIRUVANNAMALAI,330614,TIRUVANNAMALAI,Urban,1,cat1,"PS (I-V)",1,"Department of Education",1,General,0,0,0,0,0,0,0,0,0,0,0,0,0,0,0,0,0,0,0,0,0,0,0,0,0,0
2019-20,33,Tamilnadu,3306,TIRUVANNAMALAI,330615,PUDUPALAYAM,Urban,1,cat1,"PS (I-V)",1,"Department of Education",1,General,0,0,0,0,0,0,0,0,0,0,0,0,0,0,0,0,0,0,1,0,0,0,0,0,0,0
2019-20,33,Tamilnadu,3306,TIRUVANNAMALAI,330616,CHENGAM,Urban,1,cat1,"PS (I-V)",1,"Department of Education",1,General,0,0,0,0,0,0,0,0,0,0,0,0,0,0,0,0,0,0,0,0,0,0,0,0,0,0
2019-20,33,Tamilnadu,3306,TIRUVANNAMALAI,330601,VEMBAKKAM,Rural,1,cat1,"PS (I-V)",2,"Tribal Welfare Department",1,General,0,0,0,0,0,0,0,0,0,0,0,0,0,0,0,0,0,0,0,0,0,0,0,0,0,0
2019-20,33,Tamilnadu,3306,TIRUVANNAMALAI,330602,CHEYYAR,Rural,1,cat1,"PS (I-V)",2,"Tribal Welfare Department",1,General,0,0,0,0,0,0,0,0,0,0,0,0,0,0,0,0,0,0,0,0,0,0,0,0,0,0
2019-20,33,Tamilnadu,3306,TIRUVANNAMALAI,330603,ANAKKAVUR,Rural,1,cat1,"PS (I-V)",2,"Tribal Welfare Department",1,General,0,0,0,0,0,0,0,0,0,0,0,0,0,0,0,0,0,0,0,0,0,0,0,0,0,0
2019-20,33,Tamilnadu,3306,TIRUVANNAMALAI,330604,PERANAMALLUR,Rural,1,cat1,"PS (I-V)",2,"Tribal Welfare Department",1,General,0,0,0,0,0,0,0,0,0,0,0,0,0,0,0,0,0,0,0,0,0,0,0,0,0,0
2019-20,33,Tamilnadu,3306,TIRUVANNAMALAI,330605,VANDAVASI,Rural,1,cat1,"PS (I-V)",2,"Tribal Welfare Department",1,General,0,0,0,0,0,0,0,0,0,0,0,0,0,0,0,0,0,0,0,0,0,0,0,0,0,0
2019-20,33,Tamilnadu,3306,TIRUVANNAMALAI,330606,THELLAR,Rural,1,cat1,"PS (I-V)",2,"Tribal Welfare Department",1,General,0,0,0,0,0,0,0,0,0,0,0,0,0,0,0,0,0,0,0,0,0,0,0,0,0,0
2019-20,33,Tamilnadu,3306,TIRUVANNAMALAI,330607,ARNI,Rural,1,cat1,"PS (I-V)",2,"Tribal Welfare Department",1,General,0,0,0,0,0,0,0,0,0,0,0,0,0,0,0,0,0,0,0,0,0,0,0,0,0,0
2019-20,33,Tamilnadu,3306,TIRUVANNAMALAI,330608,"WEST ARNI",Rural,1,cat1,"PS (I-V)",2,"Tribal Welfare Department",1,General,0,0,0,0,0,0,0,0,0,0,0,0,0,0,0,0,0,0,0,0,0,0,0,0,0,0
2019-20,33,Tamilnadu,3306,TIRUVANNAMALAI,330609,POLUR,Rural,1,cat1,"PS (I-V)",2,"Tribal Welfare Department",1,General,0,0,0,0,0,0,0,0,0,0,0,0,0,0,0,0,0,0,0,0,0,0,0,0,0,0
2019-20,33,Tamilnadu,3306,TIRUVANNAMALAI,330610,KALASAPAKKAM,Rural,1,cat1,"PS (I-V)",2,"Tribal Welfare Department",1,General,0,0,0,0,0,0,0,0,0,0,0,0,0,0,0,0,0,0,0,0,0,0,0,0,0,0
2019-20,33,Tamilnadu,3306,TIRUVANNAMALAI,330611,CHETPET,Rural,1,cat1,"PS (I-V)",2,"Tribal Welfare Department",1,General,0,0,0,0,0,0,0,0,0,0,0,0,0,0,0,0,0,0,0,0,0,0,0,0,0,0
2019-20,33,Tamilnadu,3306,TIRUVANNAMALAI,330612,THURINJAPURAM,Rural,1,cat1,"PS (I-V)",2,"Tribal Welfare Department",1,General,0,0,0,0,0,0,0,0,0,0,0,0,0,0,0,0,0,0,0,0,0,0,0,0,0,0
2019-20,33,Tamilnadu,3306,TIRUVANNAMALAI,330614,TIRUVANNAMALAI,Rural,1,cat1,"PS (I-V)",2,"Tribal Welfare Department",1,General,0,0,0,0,0,0,0,0,0,0,0,0,0,0,0,0,0,0,0,0,0,0,0,0,0,0
2019-20,33,Tamilnadu,3306,TIRUVANNAMALAI,330615,PUDUPALAYAM,Rural,1,cat1,"PS (I-V)",2,"Tribal Welfare Department",1,General,0,0,0,0,0,0,0,0,0,0,0,0,0,0,0,0,0,0,0,0,0,0,0,0,0,0
2019-20,33,Tamilnadu,3306,TIRUVANNAMALAI,330616,CHENGAM,Rural,1,cat1,"PS (I-V)",2,"Tribal Welfare Department",1,General,0,0,0,0,0,0,0,0,0,0,0,0,0,0,0,0,0,0,0,0,0,0,0,0,0,0
2019-20,33,Tamilnadu,3306,TIRUVANNAMALAI,330617,THANDRAMPET,Rural,1,cat1,"PS (I-V)",2,"Tribal Welfare Department",1,General,0,0,0,0,0,0,0,0,0,0,0,0,0,0,0,0,0,0,0,0,0,0,0,0,0,0
2019-20,33,Tamilnadu,3306,TIRUVANNAMALAI,330618,"JAWADHU HILLS",Rural,1,cat1,"PS (I-V)",2,"Tribal Welfare Department",1,General,0,0,0,0,0,0,0,0,0,0,0,0,0,0,0,0,0,0,0,0,0,0,0,0,0,0
2019-20,33,Tamilnadu,3306,TIRUVANNAMALAI,330613,KILPENNATHUR,Urban,1,cat1,"PS (I-V)",2,"Tribal Welfare Department",1,General,0,0,0,0,0,0,0,0,0,0,0,0,0,0,0,0,0,0,0,0,0,0,0,0,0,0
2019-20,33,Tamilnadu,3306,TIRUVANNAMALAI,330614,TIRUVANNAMALAI,Urban,1,cat1,"PS (I-V)",2,"Tribal Welfare Department",1,General,0,0,0,0,0,0,0,0,0,0,0,0,0,0,0,0,0,0,0,0,0,0,0,0,0,0
2019-20,33,Tamilnadu,3306,TIRUVANNAMALAI,330602,CHEYYAR,Urban,1,cat1,"PS (I-V)",3,"Local body",1,General,1,0,0,0,0,0,1,0,0,0,0,0,0,0,0,1,0,1,0,0,0,0,0,0,0,0
2019-20,33,Tamilnadu,3306,TIRUVANNAMALAI,330607,ARNI,Urban,1,cat1,"PS (I-V)",3,"Local body",1,General,0,0,1,1,0,2,0,0,0,0,0,0,0,0,0,1,0,0,1,0,0,0,0,0,0,0
2019-20,33,Tamilnadu,3306,TIRUVANNAMALAI,330614,TIRUVANNAMALAI,Urban,1,cat1,"PS (I-V)",3,"Local body",1,General,1,0,0,0,1,0,0,0,0,0,0,0,0,0,0,0,1,0,0,0,0,0,0,0,0,0
2019-20,33,Tamilnadu,3306,TIRUVANNAMALAI,330602,CHEYYAR,Rural,1,cat1,"PS (I-V)",4,"Government Aided",1,General,0,0,0,0,0,0,0,0,0,0,0,0,0,0,0,0,0,0,0,0,0,0,0,0,0,0
2019-20,33,Tamilnadu,3306,TIRUVANNAMALAI,330603,ANAKKAVUR,Rural,1,cat1,"PS (I-V)",4,"Government Aided",1,General,0,0,0,0,0,0,0,0,0,0,0,0,0,0,0,0,0,0,0,0,0,0,0,0,0,0
2019-20,33,Tamilnadu,3306,TIRUVANNAMALAI,330604,PERANAMALLUR,Rural,1,cat1,"PS (I-V)",4,"Government Aided",1,General,0,0,0,0,0,0,1,0,0,0,0,0,0,0,0,0,0,0,0,0,0,0,0,0,0,0
2019-20,33,Tamilnadu,3306,TIRUVANNAMALAI,330605,VANDAVASI,Rural,1,cat1,"PS (I-V)",4,"Government Aided",1,General,0,0,1,0,0,0,0,0,0,0,0,0,0,0,1,0,0,0,0,0,0,0,0,0,0,0
2019-20,33,Tamilnadu,3306,TIRUVANNAMALAI,330606,THELLAR,Rural,1,cat1,"PS (I-V)",4,"Government Aided",1,General,0,0,0,1,0,0,0,0,0,0,0,0,0,0,0,0,0,0,0,0,0,0,0,0,0,0
2019-20,33,Tamilnadu,3306,TIRUVANNAMALAI,330607,ARNI,Rural,1,cat1,"PS (I-V)",4,"Government Aided",1,General,0,0,0,0,0,0,0,0,0,0,0,0,0,0,0,0,0,0,0,0,0,0,0,0,0,0
2019-20,33,Tamilnadu,3306,TIRUVANNAMALAI,330608,"WEST ARNI",Rural,1,cat1,"PS (I-V)",4,"Government Aided",1,General,0,0,0,0,0,0,0,0,0,0,0,0,0,0,0,0,0,0,0,0,0,0,0,0,0,0
2019-20,33,Tamilnadu,3306,TIRUVANNAMALAI,330609,POLUR,Rural,1,cat1,"PS (I-V)",4,"Government Aided",1,General,0,0,0,0,0,0,0,0,0,0,0,0,0,0,0,0,0,0,0,0,0,0,0,0,0,0
2019-20,33,Tamilnadu,3306,TIRUVANNAMALAI,330610,KALASAPAKKAM,Rural,1,cat1,"PS (I-V)",4,"Government Aided",1,General,0,0,0,0,0,0,0,0,0,0,0,0,0,0,0,0,0,0,0,0,0,0,0,0,0,0
2019-20,33,Tamilnadu,3306,TIRUVANNAMALAI,330611,CHETPET,Rural,1,cat1,"PS (I-V)",4,"Government Aided",1,General,0,0,0,0,1,1,1,0,0,0,0,0,0,0,1,0,0,0,0,0,0,0,0,0,0,0
2019-20,33,Tamilnadu,3306,TIRUVANNAMALAI,330612,THURINJAPURAM,Rural,1,cat1,"PS (I-V)",4,"Government Aided",1,General,0,0,0,0,0,0,0,0,0,0,0,0,0,0,0,0,0,0,0,0,0,0,0,0,0,0
2019-20,33,Tamilnadu,3306,TIRUVANNAMALAI,330613,KILPENNATHUR,Rural,1,cat1,"PS (I-V)",4,"Government Aided",1,General,0,0,0,0,1,0,0,0,0,0,0,0,0,0,0,0,0,0,1,0,0,0,0,0,0,0
2019-20,33,Tamilnadu,3306,TIRUVANNAMALAI,330614,TIRUVANNAMALAI,Rural,1,cat1,"PS (I-V)",4,"Government Aided",1,General,0,0,0,0,0,0,0,0,0,0,0,0,0,0,0,0,0,0,0,0,0,0,0,0,0,0
2019-20,33,Tamilnadu,3306,TIRUVANNAMALAI,330615,PUDUPALAYAM,Rural,1,cat1,"PS (I-V)",4,"Government Aided",1,General,0,0,0,4,1,0,1,0,0,0,0,0,0,0,0,2,2,1,1,0,0,0,0,0,0,0
2019-20,33,Tamilnadu,3306,TIRUVANNAMALAI,330616,CHENGAM,Rural,1,cat1,"PS (I-V)",4,"Government Aided",1,General,0,0,0,0,0,0,0,0,0,0,0,0,0,0,0,0,0,0,0,0,0,0,0,0,0,0
2019-20,33,Tamilnadu,3306,TIRUVANNAMALAI,330617,THANDRAMPET,Rural,1,cat1,"PS (I-V)",4,"Government Aided",1,General,0,0,0,0,0,0,0,0,0,0,0,0,0,0,0,0,0,0,0,0,0,0,0,0,0,0
2019-20,33,Tamilnadu,3306,TIRUVANNAMALAI,330618,"JAWADHU HILLS",Rural,1,cat1,"PS (I-V)",4,"Government Aided",1,General,0,0,0,0,0,0,0,0,0,0,0,0,0,0,0,0,0,0,0,0,0,0,0,0,0,0
2019-20,33,Tamilnadu,3306,TIRUVANNAMALAI,330602,CHEYYAR,Urban,1,cat1,"PS (I-V)",4,"Government Aided",1,General,0,0,0,0,0,0,0,0,0,0,0,0,0,0,0,0,0,0,0,0,0,0,0,0,0,0
2019-20,33,Tamilnadu,3306,TIRUVANNAMALAI,330605,VANDAVASI,Urban,1,cat1,"PS (I-V)",4,"Government Aided",1,General,1,1,0,1,0,0,2,0,0,0,0,0,0,0,0,0,0,0,0,0,0,0,0,0,0,0
2019-20,33,Tamilnadu,3306,TIRUVANNAMALAI,330607,ARNI,Urban,1,cat1,"PS (I-V)",4,"Government Aided",1,General,0,0,2,0,0,0,0,0,0,0,0,0,0,0,1,1,0,1,0,0,0,0,0,0,0,0
2019-20,33,Tamilnadu,3306,TIRUVANNAMALAI,330609,POLUR,Urban,1,cat1,"PS (I-V)",4,"Government Aided",1,General,0,0,0,0,0,0,0,0,0,0,0,0,0,0,0,0,0,1,0,0,0,0,0,0,0,0
2019-20,33,Tamilnadu,3306,TIRUVANNAMALAI,330611,CHETPET,Urban,1,cat1,"PS (I-V)",4,"Government Aided",1,General,0,0,0,0,0,0,0,0,0,0,0,0,0,0,0,0,0,0,0,0,0,0,0,0,0,0
2019-20,33,Tamilnadu,3306,TIRUVANNAMALAI,330613,KILPENNATHUR,Urban,1,cat1,"PS (I-V)",4,"Government Aided",1,General,0,0,0,0,0,0,0,0,0,0,0,0,0,0,0,0,0,0,0,0,0,0,0,0,0,0
2019-20,33,Tamilnadu,3306,TIRUVANNAMALAI,330614,TIRUVANNAMALAI,Urban,1,cat1,"PS (I-V)",4,"Government Aided",1,General,0,0,0,0,0,2,0,0,0,0,0,0,0,0,0,1,0,3,0,0,0,0,0,0,0,0
2019-20,33,Tamilnadu,3306,TIRUVANNAMALAI,330616,CHENGAM,Urban,1,cat1,"PS (I-V)",4,"Government Aided",1,General,0,0,0,0,0,0,0,0,0,0,0,0,0,0,0,0,0,0,0,0,0,0,0,0,0,0
2019-20,33,Tamilnadu,3306,TIRUVANNAMALAI,330601,VEMBAKKAM,Rural,1,cat1,"PS (I-V)",5,"Private Unaided (Recognized)",1,General,1,3,1,2,1,1,3,0,0,0,0,0,0,0,2,2,1,0,1,0,0,0,0,0,0,0
2019-20,33,Tamilnadu,3306,TIRUVANNAMALAI,330602,CHEYYAR,Rural,1,cat1,"PS (I-V)",5,"Private Unaided (Recognized)",1,General,2,4,0,1,1,1,0,0,0,0,0,0,0,0,1,2,0,0,0,0,0,0,0,0,0,0
2019-20,33,Tamilnadu,3306,TIRUVANNAMALAI,330603,ANAKKAVUR,Rural,1,cat1,"PS (I-V)",5,"Private Unaided (Recognized)",1,General,0,2,0,0,1,1,0,0,0,0,0,0,0,0,0,1,0,2,0,0,0,0,0,0,0,0
2019-20,33,Tamilnadu,3306,TIRUVANNAMALAI,330604,PERANAMALLUR,Rural,1,cat1,"PS (I-V)",5,"Private Unaided (Recognized)",1,General,0,0,0,0,0,1,0,0,0,0,0,0,0,0,0,0,0,0,0,0,0,0,0,0,0,0
2019-20,33,Tamilnadu,3306,TIRUVANNAMALAI,330605,VANDAVASI,Rural,1,cat1,"PS (I-V)",5,"Private Unaided (Recognized)",1,General,0,0,0,0,0,0,0,0,0,0,0,0,0,0,0,1,0,0,0,0,0,0,0,0,0,0
2019-20,33,Tamilnadu,3306,TIRUVANNAMALAI,330606,THELLAR,Rural,1,cat1,"PS (I-V)",5,"Private Unaided (Recognized)",1,General,1,6,1,2,0,1,5,0,0,0,0,0,0,0,4,3,1,1,1,0,0,0,0,0,0,0
2019-20,33,Tamilnadu,3306,TIRUVANNAMALAI,330607,ARNI,Rural,1,cat1,"PS (I-V)",5,"Private Unaided (Recognized)",1,General,6,1,0,0,1,0,0,0,0,0,0,0,0,0,1,0,1,0,0,0,0,0,0,0,0,0
2019-20,33,Tamilnadu,3306,TIRUVANNAMALAI,330608,"WEST ARNI",Rural,1,cat1,"PS (I-V)",5,"Private Unaided (Recognized)",1,General,1,0,0,0,0,0,0,0,0,0,0,0,0,0,1,1,0,0,0,0,0,0,0,0,0,0
2019-20,33,Tamilnadu,3306,TIRUVANNAMALAI,330609,POLUR,Rural,1,cat1,"PS (I-V)",5,"Private Unaided (Recognized)",1,General,2,3,1,3,3,2,0,0,0,0,0,0,0,0,1,4,0,3,1,0,0,0,0,0,0,0
2019-20,33,Tamilnadu,3306,TIRUVANNAMALAI,330610,KALASAPAKKAM,Rural,1,cat1,"PS (I-V)",5,"Private Unaided (Recognized)",1,General,18,13,3,5,2,3,3,0,0,0,0,0,0,0,8,6,2,5,2,0,0,0,0,0,0,0
2019-20,33,Tamilnadu,3306,TIRUVANNAMALAI,330611,CHETPET,Rural,1,cat1,"PS (I-V)",5,"Private Unaided (Recognized)",1,General,2,1,0,0,1,0,0,0,0,0,0,0,0,0,0,0,1,0,0,0,0,0,0,0,0,0
2019-20,33,Tamilnadu,3306,TIRUVANNAMALAI,330612,THURINJAPURAM,Rural,1,cat1,"PS (I-V)",5,"Private Unaided (Recognized)",1,General,1,0,0,0,0,0,0,0,0,0,0,0,0,0,0,0,0,0,0,0,0,0,0,0,0,0
2019-20,33,Tamilnadu,3306,TIRUVANNAMALAI,330613,KILPENNATHUR,Rural,1,cat1,"PS (I-V)",5,"Private Unaided (Recognized)",1,General,0,0,1,0,0,0,0,0,0,0,0,0,0,0,0,0,0,1,0,0,0,0,0,0,0,0
2019-20,33,Tamilnadu,3306,TIRUVANNAMALAI,330614,TIRUVANNAMALAI,Rural,1,cat1,"PS (I-V)",5,"Private Unaided (Recognized)",1,General,13,12,6,4,5,5,7,0,0,0,0,0,0,0,9,4,5,3,6,0,0,0,0,0,0,0
2019-20,33,Tamilnadu,3306,TIRUVANNAMALAI,330615,PUDUPALAYAM,Rural,1,cat1,"PS (I-V)",5,"Private Unaided (Recognized)",1,General,7,5,2,2,1,1,2,0,0,0,0,0,0,0,3,3,1,3,3,0,0,0,0,0,0,0
2019-20,33,Tamilnadu,3306,TIRUVANNAMALAI,330616,CHENGAM,Rural,1,cat1,"PS (I-V)",5,"Private Unaided (Recognized)",1,General,1,1,1,1,0,0,0,0,0,0,0,0,0,0,2,0,1,2,0,0,0,0,0,0,0,0
2019-20,33,Tamilnadu,3306,TIRUVANNAMALAI,330617,THANDRAMPET,Rural,1,cat1,"PS (I-V)",5,"Private Unaided (Recognized)",1,General,0,0,0,0,0,0,0,0,0,0,0,0,0,0,0,1,0,0,0,0,0,0,0,0,0,0
2019-20,33,Tamilnadu,3306,TIRUVANNAMALAI,330618,"JAWADHU HILLS",Rural,1,cat1,"PS (I-V)",5,"Private Unaided (Recognized)",1,General,0,0,0,0,0,0,0,0,0,0,0,0,0,0,0,0,0,0,0,0,0,0,0,0,0,0
2019-20,33,Tamilnadu,3306,TIRUVANNAMALAI,330602,CHEYYAR,Urban,1,cat1,"PS (I-V)",5,"Private Unaided (Recognized)",1,General,5,0,1,2,1,2,0,0,0,0,0,0,0,0,1,0,0,1,1,0,0,0,0,0,0,0
2019-20,33,Tamilnadu,3306,TIRUVANNAMALAI,330604,PERANAMALLUR,Urban,1,cat1,"PS (I-V)",5,"Private Unaided (Recognized)",1,General,0,1,2,1,0,0,1,0,0,0,0,0,0,0,0,0,0,0,0,0,0,0,0,0,0,0
2019-20,33,Tamilnadu,3306,TIRUVANNAMALAI,330605,VANDAVASI,Urban,1,cat1,"PS (I-V)",5,"Private Unaided (Recognized)",1,General,0,3,1,2,0,0,0,0,0,0,0,0,0,0,0,1,3,1,0,0,0,0,0,0,0,0
2019-20,33,Tamilnadu,3306,TIRUVANNAMALAI,330607,ARNI,Urban,1,cat1,"PS (I-V)",5,"Private Unaided (Recognized)",1,General,7,4,0,5,5,2,4,0,0,0,0,0,0,0,3,3,1,5,1,0,0,0,0,0,0,0
2019-20,33,Tamilnadu,3306,TIRUVANNAMALAI,330609,POLUR,Urban,1,cat1,"PS (I-V)",5,"Private Unaided (Recognized)",1,General,2,1,0,1,0,0,0,0,0,0,0,0,0,0,0,0,0,0,0,0,0,0,0,0,0,0
2019-20,33,Tamilnadu,3306,TIRUVANNAMALAI,330611,CHETPET,Urban,1,cat1,"PS (I-V)",5,"Private Unaided (Recognized)",1,General,2,1,0,0,0,0,0,0,0,0,0,0,0,0,0,0,0,0,0,0,0,0,0,0,0,0
2019-20,33,Tamilnadu,3306,TIRUVANNAMALAI,330613,KILPENNATHUR,Urban,1,cat1,"PS (I-V)",5,"Private Unaided (Recognized)",1,General,0,0,0,0,0,0,0,0,0,0,0,0,0,0,0,0,0,0,0,0,0,0,0,0,0,0
2019-20,33,Tamilnadu,3306,TIRUVANNAMALAI,330614,TIRUVANNAMALAI,Urban,1,cat1,"PS (I-V)",5,"Private Unaided (Recognized)",1,General,40,26,20,11,9,10,3,0,0,0,0,0,0,0,13,6,10,8,10,0,0,0,0,0,0,0
2019-20,33,Tamilnadu,3306,TIRUVANNAMALAI,330615,PUDUPALAYAM,Urban,1,cat1,"PS (I-V)",5,"Private Unaided (Recognized)",1,General,1,0,0,0,0,1,0,0,0,0,0,0,0,0,0,0,0,0,0,0,0,0,0,0,0,0
2019-20,33,Tamilnadu,3306,TIRUVANNAMALAI,330616,CHENGAM,Urban,1,cat1,"PS (I-V)",5,"Private Unaided (Recognized)",1,General,4,5,3,0,0,0,0,0,0,0,0,0,0,0,2,1,0,0,0,0,0,0,0,0,0,0
2019-20,33,Tamilnadu,3306,TIRUVANNAMALAI,330617,THANDRAMPET,Urban,1,cat1,"PS (I-V)",5,"Private Unaided (Recognized)",1,General,0,2,1,2,0,0,2,0,0,0,0,0,0,0,1,1,1,0,0,0,0,0,0,0,0,0
2019-20,33,Tamilnadu,3306,TIRUVANNAMALAI,330601,VEMBAKKAM,Rural,6,cat6,"SS (I-X)",5,"Private Unaided (Recognized)",1,General,8,10,7,2,1,7,3,3,5,3,5,1,0,0,4,3,7,0,1,1,5,2,2,2,0,0
2019-20,33,Tamilnadu,3306,TIRUVANNAMALAI,330602,CHEYYAR,Rural,6,cat6,"SS (I-X)",5,"Private Unaided (Recognized)",1,General,1,0,0,1,0,1,1,0,1,0,1,0,0,0,0,1,0,0,1,0,0,0,0,2,0,0
2019-20,33,Tamilnadu,3306,TIRUVANNAMALAI,330603,ANAKKAVUR,Rural,6,cat6,"SS (I-X)",5,"Private Unaided (Recognized)",1,General,1,1,1,0,0,0,0,0,0,0,0,0,0,0,0,1,0,0,1,0,0,1,0,0,0,0
2019-20,33,Tamilnadu,3306,TIRUVANNAMALAI,330604,PERANAMALLUR,Rural,6,cat6,"SS (I-X)",5,"Private Unaided (Recognized)",1,General,0,0,1,1,1,1,0,0,0,0,0,0,0,0,0,0,1,1,0,0,0,1,0,0,0,0
2019-20,33,Tamilnadu,3306,TIRUVANNAMALAI,330605,VANDAVASI,Rural,6,cat6,"SS (I-X)",5,"Private Unaided (Recognized)",1,General,3,2,0,2,0,0,0,1,0,0,0,0,0,0,1,0,0,0,0,1,0,1,0,1,0,0
2019-20,33,Tamilnadu,3306,TIRUVANNAMALAI,330606,THELLAR,Rural,6,cat6,"SS (I-X)",5,"Private Unaided (Recognized)",1,General,2,1,0,2,0,1,1,1,0,2,2,1,0,0,0,2,1,1,4,1,1,2,0,1,0,0
2019-20,33,Tamilnadu,3306,TIRUVANNAMALAI,330607,ARNI,Rural,6,cat6,"SS (I-X)",5,"Private Unaided (Recognized)",1,General,2,2,2,3,2,2,1,0,2,2,3,3,0,0,0,2,1,2,2,0,0,0,1,1,0,0
2019-20,33,Tamilnadu,3306,TIRUVANNAMALAI,330608,"WEST ARNI",Rural,6,cat6,"SS (I-X)",5,"Private Unaided (Recognized)",1,General,0,1,0,0,1,2,2,0,1,0,1,1,0,0,0,0,0,1,0,0,1,0,1,0,0,0
2019-20,33,Tamilnadu,3306,TIRUVANNAMALAI,330609,POLUR,Rural,6,cat6,"SS (I-X)",5,"Private Unaided (Recognized)",1,General,1,1,0,1,2,2,4,3,2,2,1,2,0,0,1,2,1,0,1,2,1,1,1,3,0,0
2019-20,33,Tamilnadu,3306,TIRUVANNAMALAI,330611,CHETPET,Rural,6,cat6,"SS (I-X)",5,"Private Unaided (Recognized)",1,General,5,1,3,1,2,0,5,4,2,1,0,1,0,0,1,0,2,2,3,0,1,1,3,1,0,0
2019-20,33,Tamilnadu,3306,TIRUVANNAMALAI,330612,THURINJAPURAM,Rural,6,cat6,"SS (I-X)",5,"Private Unaided (Recognized)",1,General,1,1,2,0,1,0,1,2,4,0,2,0,0,0,1,0,1,1,1,0,3,2,2,0,0,0
2019-20,33,Tamilnadu,3306,TIRUVANNAMALAI,330613,KILPENNATHUR,Rural,6,cat6,"SS (I-X)",5,"Private Unaided (Recognized)",1,General,2,1,0,0,1,7,0,2,4,3,1,2,0,0,1,3,0,6,2,3,1,1,1,0,0,0
2019-20,33,Tamilnadu,3306,TIRUVANNAMALAI,330614,TIRUVANNAMALAI,Rural,6,cat6,"SS (I-X)",5,"Private Unaided (Recognized)",1,General,8,14,7,7,8,5,7,4,9,5,3,2,0,0,3,4,7,10,4,7,8,5,1,0,0,0
2019-20,33,Tamilnadu,3306,TIRUVANNAMALAI,330615,PUDUPALAYAM,Rural,6,cat6,"SS (I-X)",5,"Private Unaided (Recognized)",1,General,11,4,7,3,6,4,5,6,10,6,3,4,0,0,7,4,2,1,5,4,2,8,6,7,0,0
2019-20,33,Tamilnadu,3306,TIRUVANNAMALAI,330616,CHENGAM,Rural,6,cat6,"SS (I-X)",5,"Private Unaided (Recognized)",1,General,1,0,0,0,1,1,0,1,0,0,0,0,0,0,0,1,1,1,0,0,0,1,0,0,0,0
2019-20,33,Tamilnadu,3306,TIRUVANNAMALAI,330617,THANDRAMPET,Rural,6,cat6,"SS (I-X)",5,"Private Unaided (Recognized)",1,General,4,0,0,2,0,0,2,0,0,0,0,1,0,0,2,0,0,0,1,1,0,0,3,0,0,0
2019-20,33,Tamilnadu,3306,TIRUVANNAMALAI,330602,CHEYYAR,Urban,6,cat6,"SS (I-X)",5,"Private Unaided (Recognized)",1,General,0,1,0,0,4,2,2,0,0,0,1,3,0,0,0,0,1,2,1,0,2,0,1,0,0,0
2019-20,33,Tamilnadu,3306,TIRUVANNAMALAI,330605,VANDAVASI,Urban,6,cat6,"SS (I-X)",5,"Private Unaided (Recognized)",1,General,1,3,1,0,0,0,0,1,0,0,0,0,0,0,0,0,0,0,0,0,0,0,0,0,0,0
2019-20,33,Tamilnadu,3306,TIRUVANNAMALAI,330607,ARNI,Urban,6,cat6,"SS (I-X)",5,"Private Unaided (Recognized)",1,General,4,3,0,2,1,0,1,3,1,1,0,0,0,0,3,2,2,2,1,2,0,3,1,0,0,0
2019-20,33,Tamilnadu,3306,TIRUVANNAMALAI,330608,"WEST ARNI",Urban,6,cat6,"SS (I-X)",5,"Private Unaided (Recognized)",1,General,0,1,0,0,0,0,0,0,0,0,0,0,0,0,0,0,0,0,1,0,0,0,0,0,0,0
2019-20,33,Tamilnadu,3306,TIRUVANNAMALAI,330611,CHETPET,Urban,6,cat6,"SS (I-X)",5,"Private Unaided (Recognized)",1,General,0,3,0,1,0,0,1,0,1,0,0,2,0,0,1,1,0,0,1,0,0,0,0,0,0,0
2019-20,33,Tamilnadu,3306,TIRUVANNAMALAI,330613,KILPENNATHUR,Urban,6,cat6,"SS (I-X)",5,"Private Unaided (Recognized)",1,General,1,0,1,0,0,0,0,0,0,0,0,0,0,0,0,0,0,0,0,0,0,0,0,0,0,0
2019-20,33,Tamilnadu,3306,TIRUVANNAMALAI,330614,TIRUVANNAMALAI,Urban,6,cat6,"SS (I-X)",5,"Private Unaided (Recognized)",1,General,0,0,0,1,1,0,0,0,0,0,0,0,0,0,0,1,0,0,0,1,1,0,0,0,0,0
2019-20,33,Tamilnadu,3306,TIRUVANNAMALAI,330601,VEMBAKKAM,Rural,7,cat7,"SS (VI-X)",1,"Department of Education",1,General,0,0,0,0,0,0,0,0,0,0,0,1,0,0,0,0,0,0,0,1,1,1,0,0,0,0
2019-20,33,Tamilnadu,3306,TIRUVANNAMALAI,330602,CHEYYAR,Rural,7,cat7,"SS (VI-X)",1,"Department of Education",1,General,0,0,0,0,0,0,0,0,4,1,3,2,0,0,0,0,0,0,0,2,0,0,3,2,0,0
2019-20,33,Tamilnadu,3306,TIRUVANNAMALAI,330603,ANAKKAVUR,Rural,7,cat7,"SS (VI-X)",1,"Department of Education",1,General,0,0,0,0,0,0,0,0,0,0,0,0,0,0,0,0,0,0,0,0,0,0,0,0,0,0
2019-20,33,Tamilnadu,3306,TIRUVANNAMALAI,330604,PERANAMALLUR,Rural,7,cat7,"SS (VI-X)",1,"Department of Education",1,General,0,0,0,0,0,0,0,0,1,0,0,1,0,0,0,0,0,0,0,1,2,0,0,0,0,0
2019-20,33,Tamilnadu,3306,TIRUVANNAMALAI,330605,VANDAVASI,Rural,7,cat7,"SS (VI-X)",1,"Department of Education",1,General,0,0,0,0,0,0,0,1,2,1,2,0,0,0,0,0,0,0,0,0,2,1,0,2,0,0
2019-20,33,Tamilnadu,3306,TIRUVANNAMALAI,330606,THELLAR,Rural,7,cat7,"SS (VI-X)",1,"Department of Education",1,General,0,0,0,0,0,0,0,2,0,0,0,3,0,0,0,0,0,0,0,1,1,1,3,0,0,0
2019-20,33,Tamilnadu,3306,TIRUVANNAMALAI,330607,ARNI,Rural,7,cat7,"SS (VI-X)",1,"Department of Education",1,General,0,0,0,0,0,0,0,1,2,2,1,2,0,0,0,0,0,0,0,0,1,2,1,0,0,0
2019-20,33,Tamilnadu,3306,TIRUVANNAMALAI,330608,"WEST ARNI",Rural,7,cat7,"SS (VI-X)",1,"Department of Education",1,General,0,0,0,0,0,0,0,0,0,0,0,2,0,0,0,0,0,0,0,2,2,0,5,0,0,0
2019-20,33,Tamilnadu,3306,TIRUVANNAMALAI,330609,POLUR,Rural,7,cat7,"SS (VI-X)",1,"Department of Education",1,General,0,0,0,0,0,0,0,0,0,0,5,6,0,0,0,0,0,0,0,1,0,0,6,5,0,0
2019-20,33,Tamilnadu,3306,TIRUVANNAMALAI,330610,KALASAPAKKAM,Rural,7,cat7,"SS (VI-X)",1,"Department of Education",1,General,0,0,0,0,0,0,0,0,0,0,0,1,0,0,0,0,0,0,0,0,0,0,0,0,0,0
2019-20,33,Tamilnadu,3306,TIRUVANNAMALAI,330611,CHETPET,Rural,7,cat7,"SS (VI-X)",1,"Department of Education",1,General,0,0,0,0,0,0,0,0,0,0,0,0,0,0,0,0,0,0,0,0,0,0,0,0,0,0
2019-20,33,Tamilnadu,3306,TIRUVANNAMALAI,330612,THURINJAPURAM,Rural,7,cat7,"SS (VI-X)",1,"Department of Education",1,General,0,0,0,0,0,0,0,1,0,0,1,0,0,0,0,0,0,0,0,0,0,0,0,0,0,0
2019-20,33,Tamilnadu,3306,TIRUVANNAMALAI,330613,KILPENNATHUR,Rural,7,cat7,"SS (VI-X)",1,"Department of Education",1,General,0,0,0,0,0,0,0,0,0,0,0,0,0,0,0,0,0,0,0,0,1,0,0,0,0,0
2019-20,33,Tamilnadu,3306,TIRUVANNAMALAI,330614,TIRUVANNAMALAI,Rural,7,cat7,"SS (VI-X)",1,"Department of Education",1,General,0,0,0,0,0,0,0,0,0,0,1,0,0,0,0,0,0,0,0,0,0,0,1,0,0,0
2019-20,33,Tamilnadu,3306,TIRUVANNAMALAI,330615,PUDUPALAYAM,Rural,7,cat7,"SS (VI-X)",1,"Department of Education",1,General,0,0,0,0,0,0,0,1,0,0,0,0,0,0,0,0,0,0,0,0,0,0,0,0,0,0
2019-20,33,Tamilnadu,3306,TIRUVANNAMALAI,330616,CHENGAM,Rural,7,cat7,"SS (VI-X)",1,"Department of Education",1,General,0,0,0,0,0,0,0,0,0,1,0,0,0,0,0,0,0,0,0,1,0,0,0,0,0,0
2019-20,33,Tamilnadu,3306,TIRUVANNAMALAI,330617,THANDRAMPET,Rural,7,cat7,"SS (VI-X)",1,"Department of Education",1,General,0,0,0,0,0,0,0,0,0,0,0,1,0,0,0,0,0,0,0,0,1,0,0,1,0,0
2019-20,33,Tamilnadu,3306,TIRUVANNAMALAI,330618,"JAWADHU HILLS",Rural,7,cat7,"SS (VI-X)",1,"Department of Education",1,General,0,0,0,0,0,0,0,0,0,0,0,0,0,0,0,0,0,0,0,0,0,0,0,0,0,0
2019-20,33,Tamilnadu,3306,TIRUVANNAMALAI,330602,CHEYYAR,Urban,7,cat7,"SS (VI-X)",1,"Department of Education",1,General,0,0,0,0,0,0,0,1,2,1,0,2,0,0,0,0,0,0,0,1,0,0,2,2,0,0
2019-20,33,Tamilnadu,3306,TIRUVANNAMALAI,330604,PERANAMALLUR,Urban,7,cat7,"SS (VI-X)",1,"Department of Education",1,General,0,0,0,0,0,0,0,0,0,0,0,0,0,0,0,0,0,0,0,0,0,0,0,0,0,0
2019-20,33,Tamilnadu,3306,TIRUVANNAMALAI,330616,CHENGAM,Urban,7,cat7,"SS (VI-X)",1,"Department of Education",1,General,0,0,0,0,0,0,0,0,0,0,0,0,0,0,0,0,0,0,0,0,0,0,0,0,0,0
2019-20,33,Tamilnadu,3306,TIRUVANNAMALAI,330601,VEMBAKKAM,Rural,7,cat7,"SS (VI-X)",2,"Tribal Welfare Department",1,General,0,0,0,0,0,0,0,0,0,0,0,0,0,0,0,0,0,0,0,0,0,0,0,0,0,0
2019-20,33,Tamilnadu,3306,TIRUVANNAMALAI,330602,CHEYYAR,Rural,7,cat7,"SS (VI-X)",2,"Tribal Welfare Department",1,General,0,0,0,0,0,0,0,0,0,0,0,0,0,0,0,0,0,0,0,0,0,0,0,0,0,0
2019-20,33,Tamilnadu,3306,TIRUVANNAMALAI,330609,POLUR,Rural,7,cat7,"SS (VI-X)",2,"Tribal Welfare Department",1,General,0,0,0,0,0,0,0,0,0,0,0,0,0,0,0,0,0,0,0,0,0,0,0,0,0,0
2019-20,33,Tamilnadu,3306,TIRUVANNAMALAI,330610,KALASAPAKKAM,Rural,7,cat7,"SS (VI-X)",2,"Tribal Welfare Department",1,General,0,0,0,0,0,0,0,0,0,0,0,0,0,0,0,0,0,0,0,0,0,0,0,0,0,0
2019-20,33,Tamilnadu,3306,TIRUVANNAMALAI,330614,TIRUVANNAMALAI,Rural,7,cat7,"SS (VI-X)",2,"Tribal Welfare Department",1,General,0,0,0,0,0,0,0,0,0,0,0,0,0,0,0,0,0,0,0,0,0,0,0,0,0,0
2019-20,33,Tamilnadu,3306,TIRUVANNAMALAI,330616,CHENGAM,Rural,7,cat7,"SS (VI-X)",2,"Tribal Welfare Department",1,General,0,0,0,0,0,0,0,0,0,0,0,0,0,0,0,0,0,0,0,0,0,0,0,0,0,0
2019-20,33,Tamilnadu,3306,TIRUVANNAMALAI,330618,"JAWADHU HILLS",Rural,7,cat7,"SS (VI-X)",2,"Tribal Welfare Department",1,General,0,0,0,0,0,0,0,0,0,0,0,0,0,0,0,0,0,0,0,0,0,0,0,0,0,0
2019-20,33,Tamilnadu,3306,TIRUVANNAMALAI,330602,CHEYYAR,Urban,7,cat7,"SS (VI-X)",3,"Local body",1,General,0,0,0,0,0,0,0,0,0,0,1,1,0,0,0,0,0,0,0,0,1,0,0,0,0,0
2019-20,33,Tamilnadu,3306,TIRUVANNAMALAI,330607,ARNI,Urban,7,cat7,"SS (VI-X)",3,"Local body",1,General,0,0,0,0,0,0,0,0,0,0,0,0,0,0,0,0,0,0,0,0,0,0,0,0,0,0
2019-20,33,Tamilnadu,3306,TIRUVANNAMALAI,330614,TIRUVANNAMALAI,Urban,7,cat7,"SS (VI-X)",3,"Local body",1,General,0,0,0,0,0,0,0,0,0,0,0,0,0,0,0,0,0,0,0,3,1,0,0,0,0,0
2019-20,33,Tamilnadu,3306,TIRUVANNAMALAI,330609,POLUR,Rural,7,cat7,"SS (VI-X)",4,"Government Aided",1,General,0,0,0,0,0,0,0,0,0,0,0,0,0,0,0,0,0,0,0,0,0,0,0,0,0,0
2019-20,33,Tamilnadu,3306,TIRUVANNAMALAI,330612,THURINJAPURAM,Rural,7,cat7,"SS (VI-X)",4,"Government Aided",1,General,0,0,0,0,0,0,0,0,0,0,1,1,0,0,0,0,0,0,0,0,0,0,1,1,0,0
2019-20,33,Tamilnadu,3306,TIRUVANNAMALAI,330613,KILPENNATHUR,Rural,7,cat7,"SS (VI-X)",4,"Government Aided",1,General,0,0,0,0,0,0,0,0,0,0,0,0,0,0,0,0,0,0,0,0,0,0,0,0,0,0
2019-20,33,Tamilnadu,3306,TIRUVANNAMALAI,330614,TIRUVANNAMALAI,Rural,7,cat7,"SS (VI-X)",4,"Government Aided",1,General,0,0,0,0,0,0,0,0,0,1,0,0,0,0,0,0,0,0,0,0,0,0,0,0,0,0
2019-20,33,Tamilnadu,3306,TIRUVANNAMALAI,330615,PUDUPALAYAM,Rural,7,cat7,"SS (VI-X)",4,"Government Aided",1,General,0,0,0,0,0,0,0,1,0,0,1,0,0,0,0,0,0,0,0,3,1,0,1,0,0,0
2019-20,33,Tamilnadu,3306,TIRUVANNAMALAI,330602,CHEYYAR,Urban,7,cat7,"SS (VI-X)",4,"Government Aided",1,General,0,0,0,0,0,0,0,0,0,0,0,1,0,0,0,0,0,0,0,0,0,0,0,0,0,0
2019-20,33,Tamilnadu,3306,TIRUVANNAMALAI,330605,VANDAVASI,Urban,7,cat7,"SS (VI-X)",4,"Government Aided",1,General,0,0,0,0,0,0,0,0,0,0,0,0,0,0,0,0,0,0,0,0,0,0,0,0,0,0
2019-20,33,Tamilnadu,3306,TIRUVANNAMALAI,330613,KILPENNATHUR,Urban,7,cat7,"SS (VI-X)",4,"Government Aided",1,General,0,0,0,0,0,0,0,0,0,0,0,0,0,0,0,0,0,0,0,0,0,0,0,0,0,0
2019-20,33,Tamilnadu,3306,TIRUVANNAMALAI,330614,TIRUVANNAMALAI,Urban,7,cat7,"SS (VI-X)",4,"Government Aided",1,General,0,0,0,0,0,0,0,0,0,0,0,0,0,0,0,0,0,0,0,0,0,0,0,0,0,0
2019-20,33,Tamilnadu,3306,TIRUVANNAMALAI,330611,CHETPET,Rural,7,cat7,"SS (VI-X)",5,"Private Unaided (Recognized)",1,General,0,0,0,0,0,0,0,0,0,0,0,0,0,0,0,0,0,0,0,0,0,0,0,0,0,0
2019-20,33,Tamilnadu,3306,TIRUVANNAMALAI,330616,CHENGAM,Rural,7,cat7,"SS (VI-X)",5,"Private Unaided (Recognized)",1,General,0,0,0,0,0,0,0,0,0,0,1,0,0,0,0,0,0,0,0,0,0,0,0,0,0,0
2019-20,33,Tamilnadu,3306,TIRUVANNAMALAI,330617,THANDRAMPET,Rural,7,cat7,"SS (VI-X)",5,"Private Unaided (Recognized)",1,General,0,0,0,0,0,0,0,0,0,0,0,0,0,0,0,0,0,0,0,0,0,0,0,0,0,0
2019-20,33,Tamilnadu,3306,TIRUVANNAMALAI,330601,VEMBAKKAM,Rural,2,cat2,"UPS (I-VIII)",1,"Department of Education",1,General,0,0,0,0,0,0,0,0,0,0,0,0,0,0,0,0,0,0,0,0,0,0,0,0,0,0
2019-20,33,Tamilnadu,3306,TIRUVANNAMALAI,330602,CHEYYAR,Rural,2,cat2,"UPS (I-VIII)",1,"Department of Education",1,General,0,0,0,0,0,0,0,0,0,0,0,0,0,0,1,0,1,0,0,0,0,0,0,0,0,0
2019-20,33,Tamilnadu,3306,TIRUVANNAMALAI,330603,ANAKKAVUR,Rural,2,cat2,"UPS (I-VIII)",1,"Department of Education",1,General,0,0,0,0,0,0,0,0,0,0,0,0,0,0,0,0,0,0,0,0,0,0,0,0,0,0
2019-20,33,Tamilnadu,3306,TIRUVANNAMALAI,330604,PERANAMALLUR,Rural,2,cat2,"UPS (I-VIII)",1,"Department of Education",1,General,0,0,0,0,0,1,0,1,0,0,0,0,0,0,0,0,0,0,0,1,0,0,0,0,0,0
2019-20,33,Tamilnadu,3306,TIRUVANNAMALAI,330605,VANDAVASI,Rural,2,cat2,"UPS (I-VIII)",1,"Department of Education",1,General,0,0,0,0,0,0,0,0,1,0,0,0,0,0,0,0,0,0,0,0,0,0,0,0,0,0
2019-20,33,Tamilnadu,3306,TIRUVANNAMALAI,330606,THELLAR,Rural,2,cat2,"UPS (I-VIII)",1,"Department of Education",1,General,0,0,0,0,1,0,0,1,0,0,0,0,0,0,0,0,0,0,0,2,0,1,0,0,0,0
2019-20,33,Tamilnadu,3306,TIRUVANNAMALAI,330607,ARNI,Rural,2,cat2,"UPS (I-VIII)",1,"Department of Education",1,General,0,0,0,1,0,0,0,0,0,0,0,0,0,0,0,0,0,1,0,0,1,1,0,0,0,0
2019-20,33,Tamilnadu,3306,TIRUVANNAMALAI,330608,"WEST ARNI",Rural,2,cat2,"UPS (I-VIII)",1,"Department of Education",1,General,0,0,0,0,0,0,0,1,0,0,0,0,0,0,0,1,0,0,0,0,1,2,0,0,0,0
2019-20,33,Tamilnadu,3306,TIRUVANNAMALAI,330609,POLUR,Rural,2,cat2,"UPS (I-VIII)",1,"Department of Education",1,General,0,0,6,5,4,6,9,4,4,9,0,0,0,0,4,5,3,2,3,2,3,6,0,0,0,0
2019-20,33,Tamilnadu,3306,TIRUVANNAMALAI,330610,KALASAPAKKAM,Rural,2,cat2,"UPS (I-VIII)",1,"Department of Education",1,General,0,0,0,0,0,0,0,0,0,0,0,0,0,0,0,0,0,0,0,1,0,0,0,0,0,0
2019-20,33,Tamilnadu,3306,TIRUVANNAMALAI,330611,CHETPET,Rural,2,cat2,"UPS (I-VIII)",1,"Department of Education",1,General,0,0,0,0,0,0,0,0,0,0,0,0,0,0,0,0,0,0,0,0,0,0,0,0,0,0
2019-20,33,Tamilnadu,3306,TIRUVANNAMALAI,330612,THURINJAPURAM,Rural,2,cat2,"UPS (I-VIII)",1,"Department of Education",1,General,0,0,0,0,0,0,0,1,1,0,0,0,0,0,0,0,0,1,0,0,0,0,0,0,0,0
2019-20,33,Tamilnadu,3306,TIRUVANNAMALAI,330613,KILPENNATHUR,Rural,2,cat2,"UPS (I-VIII)",1,"Department of Education",1,General,0,0,0,0,0,0,0,0,0,0,0,0,0,0,0,0,0,0,0,0,0,0,0,0,0,0
2019-20,33,Tamilnadu,3306,TIRUVANNAMALAI,330614,TIRUVANNAMALAI,Rural,2,cat2,"UPS (I-VIII)",1,"Department of Education",1,General,0,0,0,0,0,0,0,1,1,0,0,0,0,0,0,0,0,0,0,0,0,0,0,0,0,0
2019-20,33,Tamilnadu,3306,TIRUVANNAMALAI,330615,PUDUPALAYAM,Rural,2,cat2,"UPS (I-VIII)",1,"Department of Education",1,General,0,0,0,0,0,0,0,0,0,0,0,0,0,0,1,0,0,1,0,0,0,0,0,0,0,0
2019-20,33,Tamilnadu,3306,TIRUVANNAMALAI,330616,CHENGAM,Rural,2,cat2,"UPS (I-VIII)",1,"Department of Education",1,General,0,0,0,0,1,0,0,1,0,0,0,0,0,0,1,0,0,0,0,0,0,0,0,0,0,0
2019-20,33,Tamilnadu,3306,TIRUVANNAMALAI,330617,THANDRAMPET,Rural,2,cat2,"UPS (I-VIII)",1,"Department of Education",1,General,0,0,1,0,2,1,1,0,0,1,0,0,0,0,1,1,0,0,0,1,0,0,0,0,0,0
2019-20,33,Tamilnadu,3306,TIRUVANNAMALAI,330618,"JAWADHU HILLS",Rural,2,cat2,"UPS (I-VIII)",1,"Department of Education",1,General,0,0,0,0,0,0,0,0,0,0,0,0,0,0,0,0,0,0,0,0,0,0,0,0,0,0
2019-20,33,Tamilnadu,3306,TIRUVANNAMALAI,330608,"WEST ARNI",Urban,2,cat2,"UPS (I-VIII)",1,"Department of Education",1,General,0,0,0,0,0,0,0,0,0,0,0,0,0,0,0,0,0,0,0,0,0,0,0,0,0,0
2019-20,33,Tamilnadu,3306,TIRUVANNAMALAI,330609,POLUR,Urban,2,cat2,"UPS (I-VIII)",1,"Department of Education",1,General,0,0,0,0,0,0,0,0,0,0,0,0,0,0,0,0,0,1,0,0,0,0,0,0,0,0
2019-20,33,Tamilnadu,3306,TIRUVANNAMALAI,330613,KILPENNATHUR,Urban,2,cat2,"UPS (I-VIII)",1,"Department of Education",1,General,0,0,0,0,0,0,0,0,0,0,0,0,0,0,0,0,0,0,0,0,0,0,0,0,0,0
2019-20,33,Tamilnadu,3306,TIRUVANNAMALAI,330615,PUDUPALAYAM,Urban,2,cat2,"UPS (I-VIII)",1,"Department of Education",1,General,0,0,0,0,0,0,0,0,0,0,0,0,0,0,0,0,0,0,0,0,0,1,0,0,0,0
2019-20,33,Tamilnadu,3306,TIRUVANNAMALAI,330616,CHENGAM,Urban,2,cat2,"UPS (I-VIII)",1,"Department of Education",1,General,0,0,0,0,0,0,0,0,0,0,0,0,0,0,1,0,0,0,0,0,0,0,0,0,0,0
2019-20,33,Tamilnadu,3306,TIRUVANNAMALAI,330601,VEMBAKKAM,Rural,2,cat2,"UPS (I-VIII)",2,"Tribal Welfare Department",1,General,0,0,0,0,0,0,0,0,0,0,0,0,0,0,0,0,0,0,0,0,0,0,0,0,0,0
2019-20,33,Tamilnadu,3306,TIRUVANNAMALAI,330607,ARNI,Rural,2,cat2,"UPS (I-VIII)",2,"Tribal Welfare Department",1,General,0,0,0,0,0,0,0,0,0,0,0,0,0,0,0,0,0,0,0,0,0,0,0,0,0,0
2019-20,33,Tamilnadu,3306,TIRUVANNAMALAI,330609,POLUR,Rural,2,cat2,"UPS (I-VIII)",2,"Tribal Welfare Department",1,General,0,0,0,0,0,0,0,0,0,0,0,0,0,0,0,0,0,0,0,0,0,0,0,0,0,0
2019-20,33,Tamilnadu,3306,TIRUVANNAMALAI,330610,KALASAPAKKAM,Rural,2,cat2,"UPS (I-VIII)",2,"Tribal Welfare Department",1,General,0,0,0,0,0,0,0,0,0,0,0,0,0,0,0,0,0,0,0,0,0,0,0,0,0,0
2019-20,33,Tamilnadu,3306,TIRUVANNAMALAI,330613,KILPENNATHUR,Rural,2,cat2,"UPS (I-VIII)",2,"Tribal Welfare Department",1,General,0,0,0,0,0,0,0,0,0,0,0,0,0,0,0,0,0,0,0,0,0,0,0,0,0,0
2019-20,33,Tamilnadu,3306,TIRUVANNAMALAI,330614,TIRUVANNAMALAI,Rural,2,cat2,"UPS (I-VIII)",2,"Tribal Welfare Department",1,General,0,0,0,0,0,0,0,0,0,0,0,0,0,0,0,0,0,0,0,0,0,0,0,0,0,0
2019-20,33,Tamilnadu,3306,TIRUVANNAMALAI,330616,CHENGAM,Rural,2,cat2,"UPS (I-VIII)",2,"Tribal Welfare Department",1,General,0,0,0,0,0,0,0,0,0,0,0,0,0,0,0,0,0,0,0,0,0,0,0,0,0,0
2019-20,33,Tamilnadu,3306,TIRUVANNAMALAI,330618,"JAWADHU HILLS",Rural,2,cat2,"UPS (I-VIII)",2,"Tribal Welfare Department",1,General,0,0,0,0,0,0,0,0,0,1,0,0,0,0,0,0,0,0,0,0,0,0,0,0,0,0
2019-20,33,Tamilnadu,3306,TIRUVANNAMALAI,330607,ARNI,Rural,2,cat2,"UPS (I-VIII)",3,"Local body",1,General,0,0,0,1,0,0,0,0,0,0,0,0,0,0,0,0,0,0,0,0,0,0,0,0,0,0
2019-20,33,Tamilnadu,3306,TIRUVANNAMALAI,330602,CHEYYAR,Urban,2,cat2,"UPS (I-VIII)",3,"Local body",1,General,0,0,0,0,0,0,0,0,0,0,0,0,0,0,0,0,0,0,0,0,0,0,0,0,0,0
2019-20,33,Tamilnadu,3306,TIRUVANNAMALAI,330607,ARNI,Urban,2,cat2,"UPS (I-VIII)",3,"Local body",1,General,0,0,0,0,0,0,0,0,0,0,0,0,0,0,0,1,0,0,0,0,0,0,0,0,0,0
2019-20,33,Tamilnadu,3306,TIRUVANNAMALAI,330614,TIRUVANNAMALAI,Urban,2,cat2,"UPS (I-VIII)",3,"Local body",1,General,0,1,0,0,1,1,1,0,0,0,0,0,0,0,1,0,0,0,0,0,0,0,0,0,0,0
2019-20,33,Tamilnadu,3306,TIRUVANNAMALAI,330604,PERANAMALLUR,Rural,2,cat2,"UPS (I-VIII)",4,"Government Aided",1,General,0,0,0,0,0,0,0,0,0,0,0,0,0,0,0,0,0,0,0,0,0,0,0,0,0,0
2019-20,33,Tamilnadu,3306,TIRUVANNAMALAI,330608,"WEST ARNI",Rural,2,cat2,"UPS (I-VIII)",4,"Government Aided",1,General,0,0,0,0,0,0,0,0,0,0,0,0,0,0,0,0,0,0,0,0,0,0,0,0,0,0
2019-20,33,Tamilnadu,3306,TIRUVANNAMALAI,330610,KALASAPAKKAM,Rural,2,cat2,"UPS (I-VIII)",4,"Government Aided",1,General,0,0,0,0,0,0,0,0,0,0,0,0,0,0,0,0,0,0,0,0,0,0,0,0,0,0
2019-20,33,Tamilnadu,3306,TIRUVANNAMALAI,330611,CHETPET,Rural,2,cat2,"UPS (I-VIII)",4,"Government Aided",1,General,0,0,0,0,0,0,0,0,0,0,0,0,0,0,0,0,0,0,0,0,0,0,0,0,0,0
2019-20,33,Tamilnadu,3306,TIRUVANNAMALAI,330612,THURINJAPURAM,Rural,2,cat2,"UPS (I-VIII)",4,"Government Aided",1,General,0,0,0,0,0,0,0,0,0,0,0,0,0,0,0,0,0,0,0,0,1,0,0,0,0,0
2019-20,33,Tamilnadu,3306,TIRUVANNAMALAI,330614,TIRUVANNAMALAI,Rural,2,cat2,"UPS (I-VIII)",4,"Government Aided",1,General,0,0,0,0,0,0,0,0,0,0,0,0,0,0,0,0,0,0,0,0,0,0,0,0,0,0
2019-20,33,Tamilnadu,3306,TIRUVANNAMALAI,330617,THANDRAMPET,Rural,2,cat2,"UPS (I-VIII)",4,"Government Aided",1,General,0,0,0,0,0,0,0,0,0,0,0,0,0,0,0,0,0,0,0,0,0,0,0,0,0,0
2019-20,33,Tamilnadu,3306,TIRUVANNAMALAI,330606,THELLAR,Urban,2,cat2,"UPS (I-VIII)",4,"Government Aided",1,General,0,0,0,0,0,0,0,0,0,0,0,0,0,0,0,0,0,0,0,0,1,0,0,0,0,0
2019-20,33,Tamilnadu,3306,TIRUVANNAMALAI,330609,POLUR,Urban,2,cat2,"UPS (I-VIII)",4,"Government Aided",1,General,0,0,0,0,0,0,0,0,0,0,0,0,0,0,0,1,0,0,0,0,0,0,0,0,0,0
2019-20,33,Tamilnadu,3306,TIRUVANNAMALAI,330614,TIRUVANNAMALAI,Urban,2,cat2,"UPS (I-VIII)",4,"Government Aided",1,General,0,1,0,0,0,0,0,0,0,0,0,0,0,0,0,0,0,1,0,1,0,0,0,0,0,0
2019-20,33,Tamilnadu,3306,TIRUVANNAMALAI,330602,CHEYYAR,Rural,2,cat2,"UPS (I-VIII)",5,"Private Unaided (Recognized)",1,General,1,0,0,2,2,0,0,0,0,0,0,0,0,0,0,1,0,0,0,0,0,1,0,0,0,0
2019-20,33,Tamilnadu,3306,TIRUVANNAMALAI,330608,"WEST ARNI",Rural,2,cat2,"UPS (I-VIII)",5,"Private Unaided (Recognized)",1,General,1,1,2,0,0,0,1,1,1,3,0,0,0,0,1,0,0,0,0,0,1,0,0,0,0,0
2019-20,33,Tamilnadu,3306,TIRUVANNAMALAI,330609,POLUR,Rural,2,cat2,"UPS (I-VIII)",5,"Private Unaided (Recognized)",1,General,0,0,0,0,0,0,0,0,0,0,0,0,0,0,0,0,2,0,0,0,0,2,0,0,0,0
2019-20,33,Tamilnadu,3306,TIRUVANNAMALAI,330610,KALASAPAKKAM,Rural,2,cat2,"UPS (I-VIII)",5,"Private Unaided (Recognized)",1,General,0,0,0,0,1,0,0,0,0,0,0,0,0,0,0,0,0,0,0,0,0,0,0,0,0,0
2019-20,33,Tamilnadu,3306,TIRUVANNAMALAI,330612,THURINJAPURAM,Rural,2,cat2,"UPS (I-VIII)",5,"Private Unaided (Recognized)",1,General,0,0,0,0,0,0,0,0,0,0,0,0,0,0,0,0,0,0,0,0,0,0,0,0,0,0
2019-20,33,Tamilnadu,3306,TIRUVANNAMALAI,330613,KILPENNATHUR,Rural,2,cat2,"UPS (I-VIII)",5,"Private Unaided (Recognized)",1,General,0,1,0,0,0,0,0,0,0,0,0,0,0,0,0,0,0,0,0,0,0,0,0,0,0,0
2019-20,33,Tamilnadu,3306,TIRUVANNAMALAI,330614,TIRUVANNAMALAI,Rural,2,cat2,"UPS (I-VIII)",5,"Private Unaided (Recognized)",1,General,0,0,0,0,0,0,0,0,0,0,0,0,0,0,0,2,0,0,0,0,0,0,0,0,0,0
2019-20,33,Tamilnadu,3306,TIRUVANNAMALAI,330616,CHENGAM,Rural,2,cat2,"UPS (I-VIII)",5,"Private Unaided (Recognized)",1,General,0,0,0,0,0,0,0,0,0,0,0,0,0,0,0,0,0,0,0,0,0,0,0,0,0,0
2019-20,33,Tamilnadu,3306,TIRUVANNAMALAI,330617,THANDRAMPET,Rural,2,cat2,"UPS (I-VIII)",5,"Private Unaided (Recognized)",1,General,0,0,0,0,0,0,0,0,0,0,0,0,0,0,0,0,0,0,0,0,0,0,0,0,0,0
2019-20,33,Tamilnadu,3306,TIRUVANNAMALAI,330602,CHEYYAR,Urban,2,cat2,"UPS (I-VIII)",5,"Private Unaided (Recognized)",1,General,0,0,0,0,0,0,0,0,0,0,0,0,0,0,0,0,0,0,0,0,0,0,0,0,0,0
2019-20,33,Tamilnadu,3306,TIRUVANNAMALAI,330604,PERANAMALLUR,Urban,2,cat2,"UPS (I-VIII)",5,"Private Unaided (Recognized)",1,General,0,0,0,1,0,0,0,0,0,0,0,0,0,0,0,0,0,0,0,0,0,0,0,0,0,0
2019-20,33,Tamilnadu,3306,TIRUVANNAMALAI,330614,TIRUVANNAMALAI,Urban,2,cat2,"UPS (I-VIII)",5,"Private Unaided (Recognized)",1,General,3,4,3,1,0,1,1,0,0,0,0,0,0,0,1,0,0,1,0,1,0,0,0,0,0,0
2019-20,33,Tamilnadu,3306,TIRUVANNAMALAI,330616,CHENGAM,Urban,2,cat2,"UPS (I-VIII)",5,"Private Unaided (Recognized)",1,General,0,1,1,0,0,0,0,0,0,0,0,0,0,0,0,0,0,0,1,0,0,0,0,0,0,0
2019-20,33,Tamilnadu,3306,TIRUVANNAMALAI,330617,THANDRAMPET,Rural,4,cat4,"UPS (VI-VIII)",6,"Other Govt. managed schools",1,General,0,0,0,0,0,0,0,0,0,0,0,0,0,0,0,0,0,0,0,0,0,0,0,0,0,0
2019-20,33,Tamilnadu,3306,TIRUVANNAMALAI,330618,"JAWADHU HILLS",Rural,4,cat4,"UPS (VI-VIII)",6,"Other Govt. managed schools",1,General,0,0,0,0,0,0,0,0,0,0,0,0,0,0,0,0,0,0,0,0,0,0,0,0,0,0
2019-20,33,Tamilnadu,3306,TIRUVANNAMALAI,330614,TIRUVANNAMALAI,Urban,3,cat3,"HSS (I-XII)",3,"Local body",2,SC,13,16,5,4,1,0,0,0,0,0,0,0,0,0,1,3,3,6,4,55,59,65,98,91,121,102
2019-20,33,Tamilnadu,3306,TIRUVANNAMALAI,330611,CHETPET,Rural,3,cat3,"HSS (I-XII)",4,"Government Aided",2,SC,0,0,0,3,0,1,1,1,0,1,3,2,2,1,0,1,0,1,2,0,1,1,0,4,2,0
2019-20,33,Tamilnadu,3306,TIRUVANNAMALAI,330614,TIRUVANNAMALAI,Rural,3,cat3,"HSS (I-XII)",4,"Government Aided",2,SC,0,0,0,1,0,1,2,0,2,2,6,2,1,0,0,0,2,0,1,0,5,0,3,2,1,0
2019-20,33,Tamilnadu,3306,TIRUVANNAMALAI,330601,VEMBAKKAM,Rural,3,cat3,"HSS (I-XII)",5,"Private Unaided (Recognized)",2,SC,45,33,24,23,19,14,8,16,13,13,16,6,7,12,11,13,10,12,7,8,8,5,14,4,9,5
2019-20,33,Tamilnadu,3306,TIRUVANNAMALAI,330602,CHEYYAR,Rural,3,cat3,"HSS (I-XII)",5,"Private Unaided (Recognized)",2,SC,88,70,52,40,40,35,19,29,32,14,12,21,6,12,39,25,37,29,36,16,10,20,12,16,2,1
2019-20,33,Tamilnadu,3306,TIRUVANNAMALAI,330603,ANAKKAVUR,Rural,3,cat3,"HSS (I-XII)",5,"Private Unaided (Recognized)",2,SC,14,10,9,8,9,6,7,5,3,3,10,7,7,4,9,9,10,4,4,2,3,2,7,6,6,3
2019-20,33,Tamilnadu,3306,TIRUVANNAMALAI,330604,PERANAMALLUR,Rural,3,cat3,"HSS (I-XII)",5,"Private Unaided (Recognized)",2,SC,16,18,10,6,4,7,3,5,3,8,4,5,5,3,7,3,5,6,4,9,3,7,4,3,3,6
2019-20,33,Tamilnadu,3306,TIRUVANNAMALAI,330605,VANDAVASI,Rural,3,cat3,"HSS (I-XII)",5,"Private Unaided (Recognized)",2,SC,136,121,36,52,32,26,26,28,21,14,10,14,3,4,30,33,40,15,18,10,18,10,7,7,1,3
2019-20,33,Tamilnadu,3306,TIRUVANNAMALAI,330607,ARNI,Rural,3,cat3,"HSS (I-XII)",5,"Private Unaided (Recognized)",2,SC,78,71,37,50,42,44,40,32,49,40,35,32,30,38,40,42,30,20,29,33,22,31,21,24,21,20
2019-20,33,Tamilnadu,3306,TIRUVANNAMALAI,330608,"WEST ARNI",Rural,3,cat3,"HSS (I-XII)",5,"Private Unaided (Recognized)",2,SC,66,68,35,30,29,33,20,28,13,22,22,30,22,19,30,24,27,17,10,19,21,22,28,16,31,23
2019-20,33,Tamilnadu,3306,TIRUVANNAMALAI,330609,POLUR,Rural,3,cat3,"HSS (I-XII)",5,"Private Unaided (Recognized)",2,SC,57,52,29,41,34,29,24,20,21,18,11,15,6,10,17,22,23,24,24,18,18,15,13,16,9,6
2019-20,33,Tamilnadu,3306,TIRUVANNAMALAI,330610,KALASAPAKKAM,Rural,3,cat3,"HSS (I-XII)",5,"Private Unaided (Recognized)",2,SC,59,53,33,27,26,18,14,15,11,9,8,5,4,3,23,13,15,10,5,9,6,11,7,8,3,5
2019-20,33,Tamilnadu,3306,TIRUVANNAMALAI,330611,CHETPET,Rural,3,cat3,"HSS (I-XII)",5,"Private Unaided (Recognized)",2,SC,15,15,17,12,14,9,12,13,8,14,11,9,19,22,16,12,13,10,8,8,5,8,12,6,16,16
2019-20,33,Tamilnadu,3306,TIRUVANNAMALAI,330612,THURINJAPURAM,Rural,3,cat3,"HSS (I-XII)",5,"Private Unaided (Recognized)",2,SC,53,54,40,32,38,33,31,47,47,37,43,39,54,52,26,31,27,33,16,38,35,25,32,39,39,34
2019-20,33,Tamilnadu,3306,TIRUVANNAMALAI,330613,KILPENNATHUR,Rural,3,cat3,"HSS (I-XII)",5,"Private Unaided (Recognized)",2,SC,53,40,32,20,14,10,14,6,15,10,8,6,7,11,13,15,16,14,13,8,7,9,10,10,7,9
2019-20,33,Tamilnadu,3306,TIRUVANNAMALAI,330614,TIRUVANNAMALAI,Rural,3,cat3,"HSS (I-XII)",5,"Private Unaided (Recognized)",2,SC,108,68,68,62,71,46,68,77,59,68,52,61,53,34,37,37,46,45,48,42,49,42,41,47,31,42
2019-20,33,Tamilnadu,3306,TIRUVANNAMALAI,330615,PUDUPALAYAM,Rural,3,cat3,"HSS (I-XII)",5,"Private Unaided (Recognized)",2,SC,24,8,6,5,10,2,6,7,5,7,6,8,4,3,7,6,8,1,4,3,3,1,2,3,0,1
2019-20,33,Tamilnadu,3306,TIRUVANNAMALAI,330617,THANDRAMPET,Rural,3,cat3,"HSS (I-XII)",5,"Private Unaided (Recognized)",2,SC,142,108,67,49,56,59,28,31,24,18,23,13,20,10,55,42,26,23,21,17,16,14,15,15,13,14
2019-20,33,Tamilnadu,3306,TIRUVANNAMALAI,330602,CHEYYAR,Urban,3,cat3,"HSS (I-XII)",5,"Private Unaided (Recognized)",2,SC,53,42,20,14,27,18,16,11,12,7,10,11,18,22,16,8,17,12,16,11,6,8,6,6,8,11
2019-20,33,Tamilnadu,3306,TIRUVANNAMALAI,330604,PERANAMALLUR,Urban,3,cat3,"HSS (I-XII)",5,"Private Unaided (Recognized)",2,SC,75,50,20,24,20,12,17,8,4,14,7,6,0,2,15,18,16,11,6,11,8,9,4,2,3,0
2019-20,33,Tamilnadu,3306,TIRUVANNAMALAI,330605,VANDAVASI,Urban,3,cat3,"HSS (I-XII)",5,"Private Unaided (Recognized)",2,SC,75,61,17,26,31,14,18,25,15,19,19,31,29,28,25,25,20,23,18,14,22,16,15,14,21,22
2019-20,33,Tamilnadu,3306,TIRUVANNAMALAI,330607,ARNI,Urban,3,cat3,"HSS (I-XII)",5,"Private Unaided (Recognized)",2,SC,15,11,8,18,8,5,8,10,7,15,4,13,6,5,4,5,6,2,8,5,6,4,4,7,1,6
2019-20,33,Tamilnadu,3306,TIRUVANNAMALAI,330608,"WEST ARNI",Urban,3,cat3,"HSS (I-XII)",5,"Private Unaided (Recognized)",2,SC,17,16,8,9,6,8,6,3,4,5,2,1,0,2,5,10,8,7,7,3,5,6,5,7,2,3
2019-20,33,Tamilnadu,3306,TIRUVANNAMALAI,330609,POLUR,Urban,3,cat3,"HSS (I-XII)",5,"Private Unaided (Recognized)",2,SC,8,8,2,9,7,4,2,2,3,1,2,2,1,1,3,5,2,2,3,3,1,1,4,4,0,2
2019-20,33,Tamilnadu,3306,TIRUVANNAMALAI,330613,KILPENNATHUR,Urban,3,cat3,"HSS (I-XII)",5,"Private Unaided (Recognized)",2,SC,55,38,23,15,18,8,15,10,6,9,1,7,5,3,13,6,6,10,8,6,9,9,5,2,1,7
2019-20,33,Tamilnadu,3306,TIRUVANNAMALAI,330614,TIRUVANNAMALAI,Urban,3,cat3,"HSS (I-XII)",5,"Private Unaided (Recognized)",2,SC,64,54,22,34,35,30,41,39,31,31,21,30,18,18,24,24,25,27,28,48,43,29,28,18,17,15
2019-20,33,Tamilnadu,3306,TIRUVANNAMALAI,330616,CHENGAM,Urban,3,cat3,"HSS (I-XII)",5,"Private Unaided (Recognized)",2,SC,132,117,77,84,67,60,40,32,35,31,29,31,19,27,58,36,49,47,28,30,26,18,17,18,21,15
2019-20,33,Tamilnadu,3306,TIRUVANNAMALAI,330614,TIRUVANNAMALAI,Rural,3,cat3,"HSS (I-XII)",92,"Kendriya Vidyalaya / Central School",2,SC,0,0,2,7,9,16,9,9,3,12,8,1,1,3,2,14,11,12,5,8,2,11,1,4,3,4
2019-20,33,Tamilnadu,3306,TIRUVANNAMALAI,330601,VEMBAKKAM,Rural,5,cat5,"HSS (VI-XII)",1,"Department of Education",2,SC,0,0,0,0,0,0,0,100,108,97,170,122,164,127,0,0,0,0,0,89,102,107,152,129,177,161
2019-20,33,Tamilnadu,3306,TIRUVANNAMALAI,330602,CHEYYAR,Rural,5,cat5,"HSS (VI-XII)",1,"Department of Education",2,SC,0,0,0,0,0,0,0,49,38,42,51,52,56,41,0,0,0,0,0,43,67,46,48,50,62,63
2019-20,33,Tamilnadu,3306,TIRUVANNAMALAI,330603,ANAKKAVUR,Rural,5,cat5,"HSS (VI-XII)",1,"Department of Education",2,SC,0,0,0,0,0,0,0,59,54,55,67,70,63,58,0,0,0,0,0,47,71,75,57,62,67,68
2019-20,33,Tamilnadu,3306,TIRUVANNAMALAI,330604,PERANAMALLUR,Rural,5,cat5,"HSS (VI-XII)",1,"Department of Education",2,SC,0,0,0,0,0,0,0,16,22,16,27,26,28,37,0,0,0,0,0,15,29,15,25,18,41,29
2019-20,33,Tamilnadu,3306,TIRUVANNAMALAI,330605,VANDAVASI,Rural,5,cat5,"HSS (VI-XII)",1,"Department of Education",2,SC,0,0,0,0,0,0,0,32,28,30,50,75,87,70,0,0,0,0,0,21,16,20,35,33,84,97
2019-20,33,Tamilnadu,3306,TIRUVANNAMALAI,330606,THELLAR,Rural,5,cat5,"HSS (VI-XII)",1,"Department of Education",2,SC,0,0,0,0,0,0,0,40,37,51,72,55,95,100,0,0,0,0,0,26,25,28,35,34,91,94
2019-20,33,Tamilnadu,3306,TIRUVANNAMALAI,330607,ARNI,Rural,5,cat5,"HSS (VI-XII)",1,"Department of Education",2,SC,0,0,0,0,0,0,0,19,30,37,48,53,52,47,0,0,0,0,0,40,17,21,37,45,59,39
2019-20,33,Tamilnadu,3306,TIRUVANNAMALAI,330608,"WEST ARNI",Rural,5,cat5,"HSS (VI-XII)",1,"Department of Education",2,SC,0,0,0,0,0,0,0,38,44,50,64,65,69,61,0,0,0,0,0,26,29,27,45,46,95,67
2019-20,33,Tamilnadu,3306,TIRUVANNAMALAI,330609,POLUR,Rural,5,cat5,"HSS (VI-XII)",1,"Department of Education",2,SC,0,0,0,0,0,0,0,28,31,41,57,55,69,57,0,0,0,0,0,26,25,28,29,35,80,65
2019-20,33,Tamilnadu,3306,TIRUVANNAMALAI,330610,KALASAPAKKAM,Rural,5,cat5,"HSS (VI-XII)",1,"Department of Education",2,SC,0,0,0,0,0,0,0,77,76,76,142,135,148,148,0,0,0,0,0,77,78,97,101,116,144,143
2019-20,33,Tamilnadu,3306,TIRUVANNAMALAI,330611,CHETPET,Rural,5,cat5,"HSS (VI-XII)",1,"Department of Education",2,SC,0,0,0,0,0,0,0,32,31,37,35,34,49,32,0,0,0,0,0,25,25,26,27,31,41,33
2019-20,33,Tamilnadu,3306,TIRUVANNAMALAI,330612,THURINJAPURAM,Rural,5,cat5,"HSS (VI-XII)",1,"Department of Education",2,SC,0,0,0,0,0,0,0,59,49,59,103,84,114,92,0,0,0,0,0,67,61,78,91,85,106,102
2019-20,33,Tamilnadu,3306,TIRUVANNAMALAI,330613,KILPENNATHUR,Rural,5,cat5,"HSS (VI-XII)",1,"Department of Education",2,SC,0,0,0,0,0,0,0,29,41,29,51,47,62,67,0,0,0,0,0,31,29,34,32,36,81,47
2019-20,33,Tamilnadu,3306,TIRUVANNAMALAI,330614,TIRUVANNAMALAI,Rural,5,cat5,"HSS (VI-XII)",1,"Department of Education",2,SC,0,0,0,0,0,0,0,44,64,76,197,189,141,148,0,0,0,0,0,42,62,71,162,186,165,149
2019-20,33,Tamilnadu,3306,TIRUVANNAMALAI,330615,PUDUPALAYAM,Rural,5,cat5,"HSS (VI-XII)",1,"Department of Education",2,SC,0,0,0,0,0,0,0,80,93,105,134,152,242,182,0,0,0,0,0,54,68,69,107,87,182,165
2019-20,33,Tamilnadu,3306,TIRUVANNAMALAI,330616,CHENGAM,Rural,5,cat5,"HSS (VI-XII)",1,"Department of Education",2,SC,0,0,0,0,0,0,0,115,130,126,152,143,183,148,0,0,0,0,0,131,122,114,176,155,197,171
2019-20,33,Tamilnadu,3306,TIRUVANNAMALAI,330617,THANDRAMPET,Rural,5,cat5,"HSS (VI-XII)",1,"Department of Education",2,SC,0,0,0,0,0,0,0,73,101,124,195,198,262,223,0,0,0,0,0,69,79,72,154,173,284,240
2019-20,33,Tamilnadu,3306,TIRUVANNAMALAI,330618,"JAWADHU HILLS",Rural,5,cat5,"HSS (VI-XII)",1,"Department of Education",2,SC,0,0,0,0,0,0,0,0,2,4,1,1,0,0,0,0,0,0,0,1,0,1,1,2,6,3
2019-20,33,Tamilnadu,3306,TIRUVANNAMALAI,330602,CHEYYAR,Urban,5,cat5,"HSS (VI-XII)",1,"Department of Education",2,SC,0,0,0,0,0,0,0,18,14,25,30,36,88,96,0,0,0,0,0,31,44,43,64,71,148,150
2019-20,33,Tamilnadu,3306,TIRUVANNAMALAI,330604,PERANAMALLUR,Urban,5,cat5,"HSS (VI-XII)",1,"Department of Education",2,SC,0,0,0,0,0,0,0,16,13,8,11,20,18,19,0,0,0,0,0,4,11,9,24,15,17,33
2019-20,33,Tamilnadu,3306,TIRUVANNAMALAI,330605,VANDAVASI,Urban,5,cat5,"HSS (VI-XII)",1,"Department of Education",2,SC,0,0,0,0,0,0,0,14,12,25,40,38,72,77,0,0,0,0,0,27,32,31,65,74,118,130
2019-20,33,Tamilnadu,3306,TIRUVANNAMALAI,330606,THELLAR,Urban,5,cat5,"HSS (VI-XII)",1,"Department of Education",2,SC,0,0,0,0,0,0,0,0,0,0,0,0,0,0,0,0,0,0,0,9,13,8,14,13,18,29
2019-20,33,Tamilnadu,3306,TIRUVANNAMALAI,330607,ARNI,Urban,5,cat5,"HSS (VI-XII)",1,"Department of Education",2,SC,0,0,0,0,0,0,0,8,10,6,15,13,58,36,0,0,0,0,0,17,13,33,45,34,106,141
2019-20,33,Tamilnadu,3306,TIRUVANNAMALAI,330609,POLUR,Urban,5,cat5,"HSS (VI-XII)",1,"Department of Education",2,SC,0,0,0,0,0,0,0,22,35,28,54,49,93,65,0,0,0,0,0,36,39,45,69,85,128,105
2019-20,33,Tamilnadu,3306,TIRUVANNAMALAI,330611,CHETPET,Urban,5,cat5,"HSS (VI-XII)",1,"Department of Education",2,SC,0,0,0,0,0,0,0,0,1,2,5,7,21,9,0,0,0,0,0,0,1,1,2,1,5,11
2019-20,33,Tamilnadu,3306,TIRUVANNAMALAI,330613,KILPENNATHUR,Urban,5,cat5,"HSS (VI-XII)",1,"Department of Education",2,SC,0,0,0,0,0,0,0,19,28,29,78,59,134,137,0,0,0,0,0,19,28,33,87,77,143,138
2019-20,33,Tamilnadu,3306,TIRUVANNAMALAI,330614,TIRUVANNAMALAI,Urban,5,cat5,"HSS (VI-XII)",1,"Department of Education",2,SC,0,0,0,0,0,0,0,16,23,12,43,41,73,64,0,0,0,0,0,6,11,16,25,24,49,48
2019-20,33,Tamilnadu,3306,TIRUVANNAMALAI,330615,PUDUPALAYAM,Urban,5,cat5,"HSS (VI-XII)",1,"Department of Education",2,SC,0,0,0,0,0,0,0,0,0,0,0,0,0,0,0,0,0,0,0,33,28,30,35,49,58,45
2019-20,33,Tamilnadu,3306,TIRUVANNAMALAI,330616,CHENGAM,Urban,5,cat5,"HSS (VI-XII)",1,"Department of Education",2,SC,0,0,0,0,0,0,0,20,24,35,92,73,58,109,0,0,0,0,0,25,30,32,108,91,120,112
2019-20,33,Tamilnadu,3306,TIRUVANNAMALAI,330618,"JAWADHU HILLS",Rural,5,cat5,"HSS (VI-XII)",2,"Tribal Welfare Department",2,SC,0,0,0,0,0,0,0,0,0,1,1,2,4,2,0,0,0,0,0,0,0,2,1,2,4,1
2019-20,33,Tamilnadu,3306,TIRUVANNAMALAI,330614,TIRUVANNAMALAI,Urban,5,cat5,"HSS (VI-XII)",3,"Local body",2,SC,0,0,0,0,0,0,0,1,2,1,7,3,9,21,0,0,0,0,0,0,0,0,1,0,5,5
2019-20,33,Tamilnadu,3306,TIRUVANNAMALAI,330611,CHETPET,Rural,5,cat5,"HSS (VI-XII)",4,"Government Aided",2,SC,0,0,0,0,0,0,0,50,58,58,71,82,72,69,0,0,0,0,0,20,22,18,28,22,33,49
2019-20,33,Tamilnadu,3306,TIRUVANNAMALAI,330613,KILPENNATHUR,Rural,5,cat5,"HSS (VI-XII)",4,"Government Aided",2,SC,0,0,0,0,0,0,0,6,6,14,7,14,0,0,0,0,0,0,0,12,5,14,7,11,0,0
2019-20,33,Tamilnadu,3306,TIRUVANNAMALAI,330614,TIRUVANNAMALAI,Rural,5,cat5,"HSS (VI-XII)",4,"Government Aided",2,SC,0,0,0,0,0,0,0,2,15,18,17,30,26,30,0,0,0,0,0,13,17,12,35,47,49,63
2019-20,33,Tamilnadu,3306,TIRUVANNAMALAI,330617,THANDRAMPET,Rural,5,cat5,"HSS (VI-XII)",4,"Government Aided",2,SC,0,0,0,0,0,0,0,5,2,1,3,11,0,6,0,0,0,0,0,4,2,6,5,9,5,4
2019-20,33,Tamilnadu,3306,TIRUVANNAMALAI,330618,"JAWADHU HILLS",Rural,5,cat5,"HSS (VI-XII)",4,"Government Aided",2,SC,0,0,0,0,0,0,0,5,15,13,15,19,19,14,0,0,0,0,0,6,4,4,7,6,8,14
2019-20,33,Tamilnadu,3306,TIRUVANNAMALAI,330605,VANDAVASI,Urban,5,cat5,"HSS (VI-XII)",4,"Government Aided",2,SC,0,0,0,0,0,0,0,15,16,20,24,21,12,9,0,0,0,0,0,39,44,53,39,47,57,49
2019-20,33,Tamilnadu,3306,TIRUVANNAMALAI,330607,ARNI,Urban,5,cat5,"HSS (VI-XII)",4,"Government Aided",2,SC,0,0,0,0,0,0,0,37,43,41,62,56,49,54,0,0,0,0,0,55,66,79,75,63,56,64
2019-20,33,Tamilnadu,3306,TIRUVANNAMALAI,330609,POLUR,Urban,5,cat5,"HSS (VI-XII)",4,"Government Aided",2,SC,0,0,0,0,0,0,0,30,24,34,32,34,21,25,0,0,0,0,0,18,20,20,21,13,15,15
2019-20,33,Tamilnadu,3306,TIRUVANNAMALAI,330611,CHETPET,Urban,5,cat5,"HSS (VI-XII)",4,"Government Aided",2,SC,0,0,0,0,0,0,0,0,0,0,0,0,0,0,0,0,0,0,0,26,32,30,55,52,62,71
2019-20,33,Tamilnadu,3306,TIRUVANNAMALAI,330613,KILPENNATHUR,Urban,5,cat5,"HSS (VI-XII)",4,"Government Aided",2,SC,0,0,0,0,0,0,0,27,32,34,36,39,23,31,0,0,0,0,0,18,30,20,32,28,27,26
2019-20,33,Tamilnadu,3306,TIRUVANNAMALAI,330614,TIRUVANNAMALAI,Urban,5,cat5,"HSS (VI-XII)",4,"Government Aided",2,SC,0,0,0,0,0,0,0,99,97,109,139,123,146,147,0,0,0,0,0,35,36,63,71,65,58,83
2019-20,33,Tamilnadu,3306,TIRUVANNAMALAI,330606,THELLAR,Rural,5,cat5,"HSS (VI-XII)",5,"Private Unaided (Recognized)",2,SC,0,0,0,0,0,0,0,1,0,0,1,8,0,0,0,0,0,0,0,0,2,0,0,0,0,0
2019-20,33,Tamilnadu,3306,TIRUVANNAMALAI,330611,CHETPET,Rural,5,cat5,"HSS (VI-XII)",5,"Private Unaided (Recognized)",2,SC,0,0,0,0,0,0,0,6,2,8,4,6,2,2,0,0,0,0,0,4,2,3,4,8,4,2
2019-20,33,Tamilnadu,3306,TIRUVANNAMALAI,330614,TIRUVANNAMALAI,Rural,5,cat5,"HSS (VI-XII)",5,"Private Unaided (Recognized)",2,SC,0,0,0,0,0,0,0,18,26,21,26,21,19,8,0,0,0,0,0,7,10,9,14,16,16,14
2019-20,33,Tamilnadu,3306,TIRUVANNAMALAI,330616,CHENGAM,Urban,5,cat5,"HSS (VI-XII)",5,"Private Unaided (Recognized)",2,SC,0,0,0,0,0,0,0,36,30,40,36,40,40,33,0,0,0,0,0,19,18,21,31,32,41,28
2019-20,33,Tamilnadu,3306,TIRUVANNAMALAI,330601,VEMBAKKAM,Rural,1,cat1,"PS (I-V)",1,"Department of Education",2,SC,13,14,91,79,115,94,90,0,0,0,0,0,0,0,103,96,109,114,108,0,0,0,0,0,0,0
2019-20,33,Tamilnadu,3306,TIRUVANNAMALAI,330602,CHEYYAR,Rural,1,cat1,"PS (I-V)",1,"Department of Education",2,SC,33,33,82,90,89,102,84,0,0,0,0,0,0,0,82,74,76,80,94,0,0,0,0,0,0,0
2019-20,33,Tamilnadu,3306,TIRUVANNAMALAI,330603,ANAKKAVUR,Rural,1,cat1,"PS (I-V)",1,"Department of Education",2,SC,2,3,67,65,71,66,72,0,0,0,0,0,0,0,56,64,81,70,61,0,0,0,0,0,0,0
2019-20,33,Tamilnadu,3306,TIRUVANNAMALAI,330604,PERANAMALLUR,Rural,1,cat1,"PS (I-V)",1,"Department of Education",2,SC,0,0,43,42,55,58,45,0,0,0,0,0,0,0,38,60,52,56,44,0,0,0,0,0,0,0
2019-20,33,Tamilnadu,3306,TIRUVANNAMALAI,330605,VANDAVASI,Rural,1,cat1,"PS (I-V)",1,"Department of Education",2,SC,2,1,74,88,97,84,81,0,0,0,0,0,0,0,87,87,101,103,105,0,0,0,0,0,0,0
2019-20,33,Tamilnadu,3306,TIRUVANNAMALAI,330606,THELLAR,Rural,1,cat1,"PS (I-V)",1,"Department of Education",2,SC,0,0,56,66,67,77,64,0,0,0,0,0,0,0,60,63,65,72,56,0,0,0,0,0,0,0
2019-20,33,Tamilnadu,3306,TIRUVANNAMALAI,330607,ARNI,Rural,1,cat1,"PS (I-V)",1,"Department of Education",2,SC,0,0,54,52,72,80,69,0,0,0,0,0,0,0,59,68,75,62,51,0,0,0,0,0,0,0
2019-20,33,Tamilnadu,3306,TIRUVANNAMALAI,330608,"WEST ARNI",Rural,1,cat1,"PS (I-V)",1,"Department of Education",2,SC,2,8,41,49,48,51,48,0,0,0,0,0,0,0,55,48,54,52,60,0,0,0,0,0,0,0
2019-20,33,Tamilnadu,3306,TIRUVANNAMALAI,330609,POLUR,Rural,1,cat1,"PS (I-V)",1,"Department of Education",2,SC,11,6,45,60,55,61,56,0,0,0,0,0,0,0,53,65,49,54,59,0,0,0,0,0,0,0
2019-20,33,Tamilnadu,3306,TIRUVANNAMALAI,330610,KALASAPAKKAM,Rural,1,cat1,"PS (I-V)",1,"Department of Education",2,SC,0,0,89,99,107,96,95,0,0,0,0,0,0,0,78,72,91,96,79,0,0,0,0,0,0,0
2019-20,33,Tamilnadu,3306,TIRUVANNAMALAI,330611,CHETPET,Rural,1,cat1,"PS (I-V)",1,"Department of Education",2,SC,1,0,20,20,28,40,26,0,0,0,0,0,0,0,24,23,37,27,34,0,0,0,0,0,0,0
2019-20,33,Tamilnadu,3306,TIRUVANNAMALAI,330612,THURINJAPURAM,Rural,1,cat1,"PS (I-V)",1,"Department of Education",2,SC,25,22,54,74,69,87,86,0,0,0,0,0,0,0,71,73,77,65,77,0,0,0,0,0,0,0
2019-20,33,Tamilnadu,3306,TIRUVANNAMALAI,330613,KILPENNATHUR,Rural,1,cat1,"PS (I-V)",1,"Department of Education",2,SC,42,45,85,105,115,100,104,0,0,0,0,0,0,0,91,91,108,110,96,0,0,0,0,0,0,0
2019-20,33,Tamilnadu,3306,TIRUVANNAMALAI,330614,TIRUVANNAMALAI,Rural,1,cat1,"PS (I-V)",1,"Department of Education",2,SC,22,32,104,114,107,101,116,0,0,0,0,0,0,0,91,109,99,105,105,0,0,0,0,0,0,0
2019-20,33,Tamilnadu,3306,TIRUVANNAMALAI,330615,PUDUPALAYAM,Rural,1,cat1,"PS (I-V)",1,"Department of Education",2,SC,24,21,158,146,158,146,174,0,0,0,0,0,0,0,145,164,171,168,147,0,0,0,0,0,0,0
2019-20,33,Tamilnadu,3306,TIRUVANNAMALAI,330616,CHENGAM,Rural,1,cat1,"PS (I-V)",1,"Department of Education",2,SC,0,0,184,202,203,220,223,0,0,0,0,0,0,0,179,210,221,219,215,0,0,0,0,0,0,0
2019-20,33,Tamilnadu,3306,TIRUVANNAMALAI,330617,THANDRAMPET,Rural,1,cat1,"PS (I-V)",1,"Department of Education",2,SC,36,33,158,148,188,170,167,0,0,0,0,0,0,0,159,154,172,170,166,0,0,0,0,0,0,0
2019-20,33,Tamilnadu,3306,TIRUVANNAMALAI,330618,"JAWADHU HILLS",Rural,1,cat1,"PS (I-V)",1,"Department of Education",2,SC,0,0,1,3,1,3,4,0,0,0,0,0,0,0,4,0,4,3,2,0,0,0,0,0,0,0
2019-20,33,Tamilnadu,3306,TIRUVANNAMALAI,330604,PERANAMALLUR,Urban,1,cat1,"PS (I-V)",1,"Department of Education",2,SC,0,0,2,4,1,1,3,0,0,0,0,0,0,0,0,3,2,3,5,0,0,0,0,0,0,0
2019-20,33,Tamilnadu,3306,TIRUVANNAMALAI,330605,VANDAVASI,Urban,1,cat1,"PS (I-V)",1,"Department of Education",2,SC,0,0,0,0,0,0,0,0,0,0,0,0,0,0,0,0,1,3,2,0,0,0,0,0,0,0
2019-20,33,Tamilnadu,3306,TIRUVANNAMALAI,330606,THELLAR,Urban,1,cat1,"PS (I-V)",1,"Department of Education",2,SC,0,0,3,3,1,3,4,0,0,0,0,0,0,0,2,0,3,3,2,0,0,0,0,0,0,0
2019-20,33,Tamilnadu,3306,TIRUVANNAMALAI,330608,"WEST ARNI",Urban,1,cat1,"PS (I-V)",1,"Department of Education",2,SC,4,8,4,7,5,7,7,0,0,0,0,0,0,0,3,3,2,6,8,0,0,0,0,0,0,0
2019-20,33,Tamilnadu,3306,TIRUVANNAMALAI,330609,POLUR,Urban,1,cat1,"PS (I-V)",1,"Department of Education",2,SC,0,0,11,11,10,15,13,0,0,0,0,0,0,0,5,16,9,11,7,0,0,0,0,0,0,0
2019-20,33,Tamilnadu,3306,TIRUVANNAMALAI,330611,CHETPET,Urban,1,cat1,"PS (I-V)",1,"Department of Education",2,SC,0,0,0,0,0,0,0,0,0,0,0,0,0,0,0,0,0,0,1,0,0,0,0,0,0,0
2019-20,33,Tamilnadu,3306,TIRUVANNAMALAI,330613,KILPENNATHUR,Urban,1,cat1,"PS (I-V)",1,"Department of Education",2,SC,6,3,9,7,9,13,12,0,0,0,0,0,0,0,6,11,14,12,8,0,0,0,0,0,0,0
2019-20,33,Tamilnadu,3306,TIRUVANNAMALAI,330614,TIRUVANNAMALAI,Urban,1,cat1,"PS (I-V)",1,"Department of Education",2,SC,0,0,0,0,0,0,0,0,0,0,0,0,0,0,0,0,0,0,0,0,0,0,0,0,0,0
2019-20,33,Tamilnadu,3306,TIRUVANNAMALAI,330615,PUDUPALAYAM,Urban,1,cat1,"PS (I-V)",1,"Department of Education",2,SC,0,0,1,1,0,0,1,0,0,0,0,0,0,0,0,0,0,1,0,0,0,0,0,0,0,0
2019-20,33,Tamilnadu,3306,TIRUVANNAMALAI,330616,CHENGAM,Urban,1,cat1,"PS (I-V)",1,"Department of Education",2,SC,0,0,7,20,15,16,16,0,0,0,0,0,0,0,13,19,7,20,18,0,0,0,0,0,0,0
2019-20,33,Tamilnadu,3306,TIRUVANNAMALAI,330601,VEMBAKKAM,Rural,1,cat1,"PS (I-V)",2,"Tribal Welfare Department",2,SC,0,0,25,28,28,25,20,0,0,0,0,0,0,0,24,19,21,18,29,0,0,0,0,0,0,0
2019-20,33,Tamilnadu,3306,TIRUVANNAMALAI,330602,CHEYYAR,Rural,1,cat1,"PS (I-V)",2,"Tribal Welfare Department",2,SC,0,0,4,12,4,8,12,0,0,0,0,0,0,0,14,10,11,11,10,0,0,0,0,0,0,0
2019-20,33,Tamilnadu,3306,TIRUVANNAMALAI,330603,ANAKKAVUR,Rural,1,cat1,"PS (I-V)",2,"Tribal Welfare Department",2,SC,0,0,5,3,3,1,3,0,0,0,0,0,0,0,2,4,3,4,2,0,0,0,0,0,0,0
2019-20,33,Tamilnadu,3306,TIRUVANNAMALAI,330604,PERANAMALLUR,Rural,1,cat1,"PS (I-V)",2,"Tribal Welfare Department",2,SC,0,0,1,1,1,2,2,0,0,0,0,0,0,0,4,4,2,1,3,0,0,0,0,0,0,0
2019-20,33,Tamilnadu,3306,TIRUVANNAMALAI,330605,VANDAVASI,Rural,1,cat1,"PS (I-V)",2,"Tribal Welfare Department",2,SC,0,0,3,7,2,8,3,0,0,0,0,0,0,0,3,9,9,3,4,0,0,0,0,0,0,0
2019-20,33,Tamilnadu,3306,TIRUVANNAMALAI,330606,THELLAR,Rural,1,cat1,"PS (I-V)",2,"Tribal Welfare Department",2,SC,0,0,6,7,11,3,7,0,0,0,0,0,0,0,5,5,6,7,7,0,0,0,0,0,0,0
2019-20,33,Tamilnadu,3306,TIRUVANNAMALAI,330607,ARNI,Rural,1,cat1,"PS (I-V)",2,"Tribal Welfare Department",2,SC,0,0,6,9,8,5,7,0,0,0,0,0,0,0,5,9,4,8,10,0,0,0,0,0,0,0
2019-20,33,Tamilnadu,3306,TIRUVANNAMALAI,330608,"WEST ARNI",Rural,1,cat1,"PS (I-V)",2,"Tribal Welfare Department",2,SC,0,0,1,3,2,6,0,0,0,0,0,0,0,0,2,0,4,2,1,0,0,0,0,0,0,0
2019-20,33,Tamilnadu,3306,TIRUVANNAMALAI,330609,POLUR,Rural,1,cat1,"PS (I-V)",2,"Tribal Welfare Department",2,SC,0,0,6,14,9,12,14,0,0,0,0,0,0,0,15,26,13,16,16,0,0,0,0,0,0,0
2019-20,33,Tamilnadu,3306,TIRUVANNAMALAI,330610,KALASAPAKKAM,Rural,1,cat1,"PS (I-V)",2,"Tribal Welfare Department",2,SC,0,0,21,13,14,19,22,0,0,0,0,0,0,0,35,18,20,15,23,0,0,0,0,0,0,0
2019-20,33,Tamilnadu,3306,TIRUVANNAMALAI,330611,CHETPET,Rural,1,cat1,"PS (I-V)",2,"Tribal Welfare Department",2,SC,0,0,0,0,0,0,0,0,0,0,0,0,0,0,0,0,0,0,0,0,0,0,0,0,0,0
2019-20,33,Tamilnadu,3306,TIRUVANNAMALAI,330612,THURINJAPURAM,Rural,1,cat1,"PS (I-V)",2,"Tribal Welfare Department",2,SC,12,6,14,15,11,18,16,0,0,0,0,0,0,0,12,19,20,14,17,0,0,0,0,0,0,0
2019-20,33,Tamilnadu,3306,TIRUVANNAMALAI,330614,TIRUVANNAMALAI,Rural,1,cat1,"PS (I-V)",2,"Tribal Welfare Department",2,SC,0,0,11,14,12,18,18,0,0,0,0,0,0,0,14,15,30,28,13,0,0,0,0,0,0,0
2019-20,33,Tamilnadu,3306,TIRUVANNAMALAI,330615,PUDUPALAYAM,Rural,1,cat1,"PS (I-V)",2,"Tribal Welfare Department",2,SC,0,0,5,15,6,5,9,0,0,0,0,0,0,0,3,15,10,8,6,0,0,0,0,0,0,0
2019-20,33,Tamilnadu,3306,TIRUVANNAMALAI,330616,CHENGAM,Rural,1,cat1,"PS (I-V)",2,"Tribal Welfare Department",2,SC,0,0,13,21,30,25,28,0,0,0,0,0,0,0,13,29,15,27,25,0,0,0,0,0,0,0
2019-20,33,Tamilnadu,3306,TIRUVANNAMALAI,330617,THANDRAMPET,Rural,1,cat1,"PS (I-V)",2,"Tribal Welfare Department",2,SC,0,0,3,6,2,6,7,0,0,0,0,0,0,0,4,2,3,3,5,0,0,0,0,0,0,0
2019-20,33,Tamilnadu,3306,TIRUVANNAMALAI,330618,"JAWADHU HILLS",Rural,1,cat1,"PS (I-V)",2,"Tribal Welfare Department",2,SC,0,0,1,0,1,2,1,0,0,0,0,0,0,0,2,1,0,0,1,0,0,0,0,0,0,0
2019-20,33,Tamilnadu,3306,TIRUVANNAMALAI,330613,KILPENNATHUR,Urban,1,cat1,"PS (I-V)",2,"Tribal Welfare Department",2,SC,0,0,1,3,4,3,8,0,0,0,0,0,0,0,4,5,6,5,5,0,0,0,0,0,0,0
2019-20,33,Tamilnadu,3306,TIRUVANNAMALAI,330614,TIRUVANNAMALAI,Urban,1,cat1,"PS (I-V)",2,"Tribal Welfare Department",2,SC,0,0,0,0,0,0,0,0,0,0,0,0,0,0,0,0,0,0,0,0,0,0,0,0,0,0
2019-20,33,Tamilnadu,3306,TIRUVANNAMALAI,330602,CHEYYAR,Urban,1,cat1,"PS (I-V)",3,"Local body",2,SC,1,1,12,8,15,5,10,0,0,0,0,0,0,0,8,5,10,6,7,0,0,0,0,0,0,0
2019-20,33,Tamilnadu,3306,TIRUVANNAMALAI,330607,ARNI,Urban,1,cat1,"PS (I-V)",3,"Local body",2,SC,4,2,4,5,1,10,12,0,0,0,0,0,0,0,7,2,2,3,8,0,0,0,0,0,0,0
2019-20,33,Tamilnadu,3306,TIRUVANNAMALAI,330614,TIRUVANNAMALAI,Urban,1,cat1,"PS (I-V)",3,"Local body",2,SC,0,0,12,12,13,19,13,0,0,0,0,0,0,0,14,16,19,16,16,0,0,0,0,0,0,0
2019-20,33,Tamilnadu,3306,TIRUVANNAMALAI,330602,CHEYYAR,Rural,1,cat1,"PS (I-V)",4,"Government Aided",2,SC,0,0,1,6,4,1,1,0,0,0,0,0,0,0,5,4,5,1,0,0,0,0,0,0,0,0
2019-20,33,Tamilnadu,3306,TIRUVANNAMALAI,330603,ANAKKAVUR,Rural,1,cat1,"PS (I-V)",4,"Government Aided",2,SC,0,0,2,3,6,7,3,0,0,0,0,0,0,0,3,2,4,3,3,0,0,0,0,0,0,0
2019-20,33,Tamilnadu,3306,TIRUVANNAMALAI,330604,PERANAMALLUR,Rural,1,cat1,"PS (I-V)",4,"Government Aided",2,SC,0,0,5,0,5,6,12,0,0,0,0,0,0,0,3,7,7,8,13,0,0,0,0,0,0,0
2019-20,33,Tamilnadu,3306,TIRUVANNAMALAI,330605,VANDAVASI,Rural,1,cat1,"PS (I-V)",4,"Government Aided",2,SC,0,0,13,15,13,17,13,0,0,0,0,0,0,0,10,14,17,15,16,0,0,0,0,0,0,0
2019-20,33,Tamilnadu,3306,TIRUVANNAMALAI,330606,THELLAR,Rural,1,cat1,"PS (I-V)",4,"Government Aided",2,SC,0,0,9,7,6,10,11,0,0,0,0,0,0,0,6,10,13,9,15,0,0,0,0,0,0,0
2019-20,33,Tamilnadu,3306,TIRUVANNAMALAI,330607,ARNI,Rural,1,cat1,"PS (I-V)",4,"Government Aided",2,SC,0,0,13,10,11,11,16,0,0,0,0,0,0,0,11,16,19,24,15,0,0,0,0,0,0,0
2019-20,33,Tamilnadu,3306,TIRUVANNAMALAI,330608,"WEST ARNI",Rural,1,cat1,"PS (I-V)",4,"Government Aided",2,SC,0,0,10,16,18,19,18,0,0,0,0,0,0,0,20,24,26,14,17,0,0,0,0,0,0,0
2019-20,33,Tamilnadu,3306,TIRUVANNAMALAI,330609,POLUR,Rural,1,cat1,"PS (I-V)",4,"Government Aided",2,SC,0,0,17,11,15,15,20,0,0,0,0,0,0,0,31,30,31,38,24,0,0,0,0,0,0,0
2019-20,33,Tamilnadu,3306,TIRUVANNAMALAI,330610,KALASAPAKKAM,Rural,1,cat1,"PS (I-V)",4,"Government Aided",2,SC,0,0,5,14,13,8,7,0,0,0,0,0,0,0,10,11,7,13,13,0,0,0,0,0,0,0
2019-20,33,Tamilnadu,3306,TIRUVANNAMALAI,330611,CHETPET,Rural,1,cat1,"PS (I-V)",4,"Government Aided",2,SC,0,0,27,19,24,31,42,0,0,0,0,0,0,0,28,25,29,23,30,0,0,0,0,0,0,0
2019-20,33,Tamilnadu,3306,TIRUVANNAMALAI,330612,THURINJAPURAM,Rural,1,cat1,"PS (I-V)",4,"Government Aided",2,SC,0,0,33,35,23,27,16,0,0,0,0,0,0,0,36,29,28,33,29,0,0,0,0,0,0,0
2019-20,33,Tamilnadu,3306,TIRUVANNAMALAI,330613,KILPENNATHUR,Rural,1,cat1,"PS (I-V)",4,"Government Aided",2,SC,14,9,34,31,30,34,37,0,0,0,0,0,0,0,38,25,34,32,34,0,0,0,0,0,0,0
2019-20,33,Tamilnadu,3306,TIRUVANNAMALAI,330614,TIRUVANNAMALAI,Rural,1,cat1,"PS (I-V)",4,"Government Aided",2,SC,8,14,29,16,24,31,32,0,0,0,0,0,0,0,20,23,15,27,33,0,0,0,0,0,0,0
2019-20,33,Tamilnadu,3306,TIRUVANNAMALAI,330615,PUDUPALAYAM,Rural,1,cat1,"PS (I-V)",4,"Government Aided",2,SC,0,0,24,25,26,22,25,0,0,0,0,0,0,0,28,15,22,23,29,0,0,0,0,0,0,0
2019-20,33,Tamilnadu,3306,TIRUVANNAMALAI,330616,CHENGAM,Rural,1,cat1,"PS (I-V)",4,"Government Aided",2,SC,0,0,6,2,4,7,5,0,0,0,0,0,0,0,8,4,2,3,3,0,0,0,0,0,0,0
2019-20,33,Tamilnadu,3306,TIRUVANNAMALAI,330617,THANDRAMPET,Rural,1,cat1,"PS (I-V)",4,"Government Aided",2,SC,0,0,3,0,5,6,4,0,0,0,0,0,0,0,2,4,2,7,9,0,0,0,0,0,0,0
2019-20,33,Tamilnadu,3306,TIRUVANNAMALAI,330618,"JAWADHU HILLS",Rural,1,cat1,"PS (I-V)",4,"Government Aided",2,SC,0,0,0,2,4,2,2,0,0,0,0,0,0,0,1,2,4,2,4,0,0,0,0,0,0,0
2019-20,33,Tamilnadu,3306,TIRUVANNAMALAI,330602,CHEYYAR,Urban,1,cat1,"PS (I-V)",4,"Government Aided",2,SC,0,6,5,5,8,9,7,0,0,0,0,0,0,0,9,10,3,9,9,0,0,0,0,0,0,0
2019-20,33,Tamilnadu,3306,TIRUVANNAMALAI,330605,VANDAVASI,Urban,1,cat1,"PS (I-V)",4,"Government Aided",2,SC,3,3,16,11,19,16,17,0,0,0,0,0,0,0,26,22,17,16,12,0,0,0,0,0,0,0
2019-20,33,Tamilnadu,3306,TIRUVANNAMALAI,330607,ARNI,Urban,1,cat1,"PS (I-V)",4,"Government Aided",2,SC,0,0,9,10,5,12,9,0,0,0,0,0,0,0,29,28,43,36,38,0,0,0,0,0,0,0
2019-20,33,Tamilnadu,3306,TIRUVANNAMALAI,330609,POLUR,Urban,1,cat1,"PS (I-V)",4,"Government Aided",2,SC,0,0,9,10,14,13,9,0,0,0,0,0,0,0,10,11,11,10,8,0,0,0,0,0,0,0
2019-20,33,Tamilnadu,3306,TIRUVANNAMALAI,330611,CHETPET,Urban,1,cat1,"PS (I-V)",4,"Government Aided",2,SC,0,0,7,10,11,16,13,0,0,0,0,0,0,0,11,11,16,9,8,0,0,0,0,0,0,0
2019-20,33,Tamilnadu,3306,TIRUVANNAMALAI,330613,KILPENNATHUR,Urban,1,cat1,"PS (I-V)",4,"Government Aided",2,SC,9,10,16,16,22,20,29,0,0,0,0,0,0,0,13,26,26,25,27,0,0,0,0,0,0,0
2019-20,33,Tamilnadu,3306,TIRUVANNAMALAI,330614,TIRUVANNAMALAI,Urban,1,cat1,"PS (I-V)",4,"Government Aided",2,SC,29,29,39,39,49,53,64,0,0,0,0,0,0,0,43,35,53,39,47,0,0,0,0,0,0,0
2019-20,33,Tamilnadu,3306,TIRUVANNAMALAI,330616,CHENGAM,Urban,1,cat1,"PS (I-V)",4,"Government Aided",2,SC,0,0,11,20,20,25,24,0,0,0,0,0,0,0,17,21,31,23,22,0,0,0,0,0,0,0
2019-20,33,Tamilnadu,3306,TIRUVANNAMALAI,330601,VEMBAKKAM,Rural,1,cat1,"PS (I-V)",5,"Private Unaided (Recognized)",2,SC,63,47,26,22,23,11,17,0,0,0,0,0,0,0,18,22,23,11,22,0,0,0,0,0,0,0
2019-20,33,Tamilnadu,3306,TIRUVANNAMALAI,330602,CHEYYAR,Rural,1,cat1,"PS (I-V)",5,"Private Unaided (Recognized)",2,SC,21,22,9,16,8,9,3,0,0,0,0,0,0,0,10,11,5,8,6,0,0,0,0,0,0,0
2019-20,33,Tamilnadu,3306,TIRUVANNAMALAI,330603,ANAKKAVUR,Rural,1,cat1,"PS (I-V)",5,"Private Unaided (Recognized)",2,SC,18,12,4,9,1,4,3,0,0,0,0,0,0,0,7,4,7,3,5,0,0,0,0,0,0,0
2019-20,33,Tamilnadu,3306,TIRUVANNAMALAI,330604,PERANAMALLUR,Rural,1,cat1,"PS (I-V)",5,"Private Unaided (Recognized)",2,SC,19,9,12,8,6,4,3,0,0,0,0,0,0,0,2,5,6,5,6,0,0,0,0,0,0,0
2019-20,33,Tamilnadu,3306,TIRUVANNAMALAI,330605,VANDAVASI,Rural,1,cat1,"PS (I-V)",5,"Private Unaided (Recognized)",2,SC,14,9,4,3,5,6,7,0,0,0,0,0,0,0,10,4,12,3,3,0,0,0,0,0,0,0
2019-20,33,Tamilnadu,3306,TIRUVANNAMALAI,330606,THELLAR,Rural,1,cat1,"PS (I-V)",5,"Private Unaided (Recognized)",2,SC,48,36,25,12,20,11,8,0,0,0,0,0,0,0,15,18,15,12,9,0,0,0,0,0,0,0
2019-20,33,Tamilnadu,3306,TIRUVANNAMALAI,330607,ARNI,Rural,1,cat1,"PS (I-V)",5,"Private Unaided (Recognized)",2,SC,70,45,42,28,26,23,15,0,0,0,0,0,0,0,30,14,20,12,12,0,0,0,0,0,0,0
2019-20,33,Tamilnadu,3306,TIRUVANNAMALAI,330608,"WEST ARNI",Rural,1,cat1,"PS (I-V)",5,"Private Unaided (Recognized)",2,SC,19,17,9,11,14,6,8,0,0,0,0,0,0,0,4,3,6,4,4,0,0,0,0,0,0,0
2019-20,33,Tamilnadu,3306,TIRUVANNAMALAI,330609,POLUR,Rural,1,cat1,"PS (I-V)",5,"Private Unaided (Recognized)",2,SC,57,38,25,28,18,14,14,0,0,0,0,0,0,0,20,21,11,13,10,0,0,0,0,0,0,0
2019-20,33,Tamilnadu,3306,TIRUVANNAMALAI,330610,KALASAPAKKAM,Rural,1,cat1,"PS (I-V)",5,"Private Unaided (Recognized)",2,SC,94,68,44,38,22,25,17,0,0,0,0,0,0,0,31,30,21,21,17,0,0,0,0,0,0,0
2019-20,33,Tamilnadu,3306,TIRUVANNAMALAI,330611,CHETPET,Rural,1,cat1,"PS (I-V)",5,"Private Unaided (Recognized)",2,SC,22,20,8,9,9,1,4,0,0,0,0,0,0,0,9,2,7,7,3,0,0,0,0,0,0,0
2019-20,33,Tamilnadu,3306,TIRUVANNAMALAI,330612,THURINJAPURAM,Rural,1,cat1,"PS (I-V)",5,"Private Unaided (Recognized)",2,SC,23,12,3,3,9,5,5,0,0,0,0,0,0,0,8,5,6,2,5,0,0,0,0,0,0,0
2019-20,33,Tamilnadu,3306,TIRUVANNAMALAI,330613,KILPENNATHUR,Rural,1,cat1,"PS (I-V)",5,"Private Unaided (Recognized)",2,SC,22,18,15,5,5,4,1,0,0,0,0,0,0,0,5,5,1,4,1,0,0,0,0,0,0,0
2019-20,33,Tamilnadu,3306,TIRUVANNAMALAI,330614,TIRUVANNAMALAI,Rural,1,cat1,"PS (I-V)",5,"Private Unaided (Recognized)",2,SC,158,116,64,48,56,45,39,0,0,0,0,0,0,0,53,48,24,35,28,0,0,0,0,0,0,0
2019-20,33,Tamilnadu,3306,TIRUVANNAMALAI,330615,PUDUPALAYAM,Rural,1,cat1,"PS (I-V)",5,"Private Unaided (Recognized)",2,SC,28,17,11,10,10,9,3,0,0,0,0,0,0,0,10,4,8,4,7,0,0,0,0,0,0,0
2019-20,33,Tamilnadu,3306,TIRUVANNAMALAI,330616,CHENGAM,Rural,1,cat1,"PS (I-V)",5,"Private Unaided (Recognized)",2,SC,97,99,55,39,41,23,24,0,0,0,0,0,0,0,47,34,30,18,22,0,0,0,0,0,0,0
2019-20,33,Tamilnadu,3306,TIRUVANNAMALAI,330617,THANDRAMPET,Rural,1,cat1,"PS (I-V)",5,"Private Unaided (Recognized)",2,SC,50,38,20,23,21,15,16,0,0,0,0,0,0,0,24,17,19,10,11,0,0,0,0,0,0,0
2019-20,33,Tamilnadu,3306,TIRUVANNAMALAI,330618,"JAWADHU HILLS",Rural,1,cat1,"PS (I-V)",5,"Private Unaided (Recognized)",2,SC,5,4,4,2,2,4,2,0,0,0,0,0,0,0,4,5,2,5,2,0,0,0,0,0,0,0
2019-20,33,Tamilnadu,3306,TIRUVANNAMALAI,330602,CHEYYAR,Urban,1,cat1,"PS (I-V)",5,"Private Unaided (Recognized)",2,SC,23,23,11,12,12,9,11,0,0,0,0,0,0,0,14,11,10,9,12,0,0,0,0,0,0,0
2019-20,33,Tamilnadu,3306,TIRUVANNAMALAI,330604,PERANAMALLUR,Urban,1,cat1,"PS (I-V)",5,"Private Unaided (Recognized)",2,SC,9,2,2,2,4,1,2,0,0,0,0,0,0,0,3,0,0,2,0,0,0,0,0,0,0,0
2019-20,33,Tamilnadu,3306,TIRUVANNAMALAI,330605,VANDAVASI,Urban,1,cat1,"PS (I-V)",5,"Private Unaided (Recognized)",2,SC,20,17,6,11,13,9,6,0,0,0,0,0,0,0,16,6,9,9,8,0,0,0,0,0,0,0
2019-20,33,Tamilnadu,3306,TIRUVANNAMALAI,330607,ARNI,Urban,1,cat1,"PS (I-V)",5,"Private Unaided (Recognized)",2,SC,40,32,30,28,25,19,22,0,0,0,0,0,0,0,14,14,10,11,11,0,0,0,0,0,0,0
2019-20,33,Tamilnadu,3306,TIRUVANNAMALAI,330609,POLUR,Urban,1,cat1,"PS (I-V)",5,"Private Unaided (Recognized)",2,SC,35,23,12,7,5,7,10,0,0,0,0,0,0,0,9,13,2,8,2,0,0,0,0,0,0,0
2019-20,33,Tamilnadu,3306,TIRUVANNAMALAI,330611,CHETPET,Urban,1,cat1,"PS (I-V)",5,"Private Unaided (Recognized)",2,SC,2,0,1,0,0,0,0,0,0,0,0,0,0,0,0,0,1,0,0,0,0,0,0,0,0,0
2019-20,33,Tamilnadu,3306,TIRUVANNAMALAI,330613,KILPENNATHUR,Urban,1,cat1,"PS (I-V)",5,"Private Unaided (Recognized)",2,SC,5,2,1,0,0,2,2,0,0,0,0,0,0,0,0,0,1,0,0,0,0,0,0,0,0,0
2019-20,33,Tamilnadu,3306,TIRUVANNAMALAI,330614,TIRUVANNAMALAI,Urban,1,cat1,"PS (I-V)",5,"Private Unaided (Recognized)",2,SC,148,133,74,73,69,41,56,0,0,0,0,0,0,0,72,51,54,49,45,0,0,0,0,0,0,0
2019-20,33,Tamilnadu,3306,TIRUVANNAMALAI,330615,PUDUPALAYAM,Urban,1,cat1,"PS (I-V)",5,"Private Unaided (Recognized)",2,SC,10,9,8,2,4,4,3,0,0,0,0,0,0,0,1,3,0,1,2,0,0,0,0,0,0,0
2019-20,33,Tamilnadu,3306,TIRUVANNAMALAI,330616,CHENGAM,Urban,1,cat1,"PS (I-V)",5,"Private Unaided (Recognized)",2,SC,33,37,11,6,10,3,3,0,0,0,0,0,0,0,11,6,5,0,2,0,0,0,0,0,0,0
2019-20,33,Tamilnadu,3306,TIRUVANNAMALAI,330617,THANDRAMPET,Urban,1,cat1,"PS (I-V)",5,"Private Unaided (Recognized)",2,SC,7,7,4,5,2,1,3,0,0,0,0,0,0,0,5,0,1,2,1,0,0,0,0,0,0,0
2019-20,33,Tamilnadu,3306,TIRUVANNAMALAI,330601,VEMBAKKAM,Rural,6,cat6,"SS (I-X)",5,"Private Unaided (Recognized)",2,SC,83,74,19,16,12,13,8,9,9,4,4,3,0,0,25,14,15,5,7,6,5,7,3,2,0,0
2019-20,33,Tamilnadu,3306,TIRUVANNAMALAI,330602,CHEYYAR,Rural,6,cat6,"SS (I-X)",5,"Private Unaided (Recognized)",2,SC,25,28,21,12,8,5,4,3,2,0,4,2,0,0,11,9,8,5,2,1,1,2,1,2,0,0
2019-20,33,Tamilnadu,3306,TIRUVANNAMALAI,330603,ANAKKAVUR,Rural,6,cat6,"SS (I-X)",5,"Private Unaided (Recognized)",2,SC,7,6,3,4,6,2,0,1,2,6,1,0,0,0,3,2,0,4,2,3,0,2,0,0,0,0
2019-20,33,Tamilnadu,3306,TIRUVANNAMALAI,330604,PERANAMALLUR,Rural,6,cat6,"SS (I-X)",5,"Private Unaided (Recognized)",2,SC,19,12,10,9,6,6,6,5,1,3,3,3,0,0,7,7,3,4,1,2,4,1,9,0,0,0
2019-20,33,Tamilnadu,3306,TIRUVANNAMALAI,330605,VANDAVASI,Rural,6,cat6,"SS (I-X)",5,"Private Unaided (Recognized)",2,SC,10,19,7,5,7,6,3,4,6,1,1,2,0,0,5,5,3,2,4,0,0,1,1,2,0,0
2019-20,33,Tamilnadu,3306,TIRUVANNAMALAI,330606,THELLAR,Rural,6,cat6,"SS (I-X)",5,"Private Unaided (Recognized)",2,SC,24,7,21,7,8,9,5,2,1,1,0,1,0,0,5,10,2,3,1,3,2,2,4,0,0,0
2019-20,33,Tamilnadu,3306,TIRUVANNAMALAI,330607,ARNI,Rural,6,cat6,"SS (I-X)",5,"Private Unaided (Recognized)",2,SC,15,10,5,6,3,2,1,4,0,1,0,1,0,0,5,1,1,1,1,5,3,0,1,1,0,0
2019-20,33,Tamilnadu,3306,TIRUVANNAMALAI,330608,"WEST ARNI",Rural,6,cat6,"SS (I-X)",5,"Private Unaided (Recognized)",2,SC,9,5,3,6,2,2,9,0,0,0,0,0,0,0,1,3,4,3,2,0,1,0,1,0,0,0
2019-20,33,Tamilnadu,3306,TIRUVANNAMALAI,330609,POLUR,Rural,6,cat6,"SS (I-X)",5,"Private Unaided (Recognized)",2,SC,25,16,7,12,9,13,7,9,10,6,2,4,0,0,6,7,9,4,6,5,6,9,3,5,0,0
2019-20,33,Tamilnadu,3306,TIRUVANNAMALAI,330611,CHETPET,Rural,6,cat6,"SS (I-X)",5,"Private Unaided (Recognized)",2,SC,36,26,10,15,10,12,10,6,5,1,5,2,0,0,6,7,4,9,7,11,6,4,3,4,0,0
2019-20,33,Tamilnadu,3306,TIRUVANNAMALAI,330612,THURINJAPURAM,Rural,6,cat6,"SS (I-X)",5,"Private Unaided (Recognized)",2,SC,81,59,42,39,35,28,17,13,14,8,12,11,0,0,23,31,16,25,11,17,9,7,5,2,0,0
2019-20,33,Tamilnadu,3306,TIRUVANNAMALAI,330613,KILPENNATHUR,Rural,6,cat6,"SS (I-X)",5,"Private Unaided (Recognized)",2,SC,56,44,33,23,20,15,11,10,9,5,4,9,0,0,19,18,15,10,3,8,6,2,5,2,0,0
2019-20,33,Tamilnadu,3306,TIRUVANNAMALAI,330614,TIRUVANNAMALAI,Rural,6,cat6,"SS (I-X)",5,"Private Unaided (Recognized)",2,SC,55,38,18,19,25,11,13,23,13,18,15,11,0,0,12,15,14,10,10,8,4,11,7,18,0,0
2019-20,33,Tamilnadu,3306,TIRUVANNAMALAI,330615,PUDUPALAYAM,Rural,6,cat6,"SS (I-X)",5,"Private Unaided (Recognized)",2,SC,77,55,28,29,23,16,10,18,18,16,9,12,0,0,26,21,14,11,19,13,8,7,9,8,0,0
2019-20,33,Tamilnadu,3306,TIRUVANNAMALAI,330616,CHENGAM,Rural,6,cat6,"SS (I-X)",5,"Private Unaided (Recognized)",2,SC,67,43,22,19,20,15,14,8,7,5,3,0,0,0,19,9,11,8,8,8,5,4,3,3,0,0
2019-20,33,Tamilnadu,3306,TIRUVANNAMALAI,330617,THANDRAMPET,Rural,6,cat6,"SS (I-X)",5,"Private Unaided (Recognized)",2,SC,60,36,33,16,7,11,7,16,12,15,7,7,0,0,20,12,8,3,8,12,8,6,9,10,0,0
2019-20,33,Tamilnadu,3306,TIRUVANNAMALAI,330602,CHEYYAR,Urban,6,cat6,"SS (I-X)",5,"Private Unaided (Recognized)",2,SC,20,25,17,12,7,9,11,9,12,5,8,4,0,0,13,13,9,12,12,6,4,3,3,0,0,0
2019-20,33,Tamilnadu,3306,TIRUVANNAMALAI,330605,VANDAVASI,Urban,6,cat6,"SS (I-X)",5,"Private Unaided (Recognized)",2,SC,3,4,2,5,3,2,2,0,3,1,2,0,0,0,4,3,2,2,1,1,1,1,0,0,0,0
2019-20,33,Tamilnadu,3306,TIRUVANNAMALAI,330607,ARNI,Urban,6,cat6,"SS (I-X)",5,"Private Unaided (Recognized)",2,SC,36,31,8,14,19,15,9,7,13,12,4,5,0,0,18,16,15,17,25,14,19,12,15,8,0,0
2019-20,33,Tamilnadu,3306,TIRUVANNAMALAI,330608,"WEST ARNI",Urban,6,cat6,"SS (I-X)",5,"Private Unaided (Recognized)",2,SC,8,5,2,10,6,2,2,1,2,0,1,0,0,0,1,2,1,7,7,6,0,0,0,0,0,0
2019-20,33,Tamilnadu,3306,TIRUVANNAMALAI,330611,CHETPET,Urban,6,cat6,"SS (I-X)",5,"Private Unaided (Recognized)",2,SC,7,1,0,2,6,1,4,0,0,0,2,1,0,0,3,0,3,2,3,1,0,0,1,0,0,0
2019-20,33,Tamilnadu,3306,TIRUVANNAMALAI,330613,KILPENNATHUR,Urban,6,cat6,"SS (I-X)",5,"Private Unaided (Recognized)",2,SC,0,2,0,1,1,0,0,0,0,0,0,0,0,0,0,1,0,1,0,1,0,0,0,0,0,0
2019-20,33,Tamilnadu,3306,TIRUVANNAMALAI,330614,TIRUVANNAMALAI,Urban,6,cat6,"SS (I-X)",5,"Private Unaided (Recognized)",2,SC,7,10,5,1,3,1,3,2,1,1,1,1,0,0,7,1,2,2,1,2,1,5,1,2,0,0
2019-20,33,Tamilnadu,3306,TIRUVANNAMALAI,330601,VEMBAKKAM,Rural,7,cat7,"SS (VI-X)",1,"Department of Education",2,SC,0,0,0,0,0,0,0,44,49,45,48,46,0,0,0,0,0,0,0,44,33,33,45,45,0,0
2019-20,33,Tamilnadu,3306,TIRUVANNAMALAI,330602,CHEYYAR,Rural,7,cat7,"SS (VI-X)",1,"Department of Education",2,SC,0,0,0,0,0,0,0,51,66,71,66,88,0,0,0,0,0,0,0,72,65,51,78,57,0,0
2019-20,33,Tamilnadu,3306,TIRUVANNAMALAI,330603,ANAKKAVUR,Rural,7,cat7,"SS (VI-X)",1,"Department of Education",2,SC,0,0,0,0,0,0,0,11,21,15,15,18,0,0,0,0,0,0,0,9,11,10,7,14,0,0
2019-20,33,Tamilnadu,3306,TIRUVANNAMALAI,330604,PERANAMALLUR,Rural,7,cat7,"SS (VI-X)",1,"Department of Education",2,SC,0,0,0,0,0,0,0,32,35,38,55,40,0,0,0,0,0,0,0,34,28,30,37,40,0,0
2019-20,33,Tamilnadu,3306,TIRUVANNAMALAI,330605,VANDAVASI,Rural,7,cat7,"SS (VI-X)",1,"Department of Education",2,SC,0,0,0,0,0,0,0,56,61,70,73,61,0,0,0,0,0,0,0,69,91,68,87,100,0,0
2019-20,33,Tamilnadu,3306,TIRUVANNAMALAI,330606,THELLAR,Rural,7,cat7,"SS (VI-X)",1,"Department of Education",2,SC,0,0,0,0,0,0,0,33,23,41,44,50,0,0,0,0,0,0,0,48,56,58,58,70,0,0
2019-20,33,Tamilnadu,3306,TIRUVANNAMALAI,330607,ARNI,Rural,7,cat7,"SS (VI-X)",1,"Department of Education",2,SC,0,0,0,0,0,0,0,49,53,42,49,55,0,0,0,0,0,0,0,40,60,54,71,59,0,0
2019-20,33,Tamilnadu,3306,TIRUVANNAMALAI,330608,"WEST ARNI",Rural,7,cat7,"SS (VI-X)",1,"Department of Education",2,SC,0,0,0,0,0,0,0,42,30,49,51,50,0,0,0,0,0,0,0,45,48,44,49,76,0,0
2019-20,33,Tamilnadu,3306,TIRUVANNAMALAI,330609,POLUR,Rural,7,cat7,"SS (VI-X)",1,"Department of Education",2,SC,0,0,0,0,0,0,0,37,47,26,42,48,0,0,0,0,0,0,0,42,37,33,50,41,0,0
2019-20,33,Tamilnadu,3306,TIRUVANNAMALAI,330610,KALASAPAKKAM,Rural,7,cat7,"SS (VI-X)",1,"Department of Education",2,SC,0,0,0,0,0,0,0,64,61,59,76,55,0,0,0,0,0,0,0,61,77,66,70,62,0,0
2019-20,33,Tamilnadu,3306,TIRUVANNAMALAI,330611,CHETPET,Rural,7,cat7,"SS (VI-X)",1,"Department of Education",2,SC,0,0,0,0,0,0,0,16,23,13,16,15,0,0,0,0,0,0,0,12,8,11,10,11,0,0
2019-20,33,Tamilnadu,3306,TIRUVANNAMALAI,330612,THURINJAPURAM,Rural,7,cat7,"SS (VI-X)",1,"Department of Education",2,SC,0,0,0,0,0,0,0,64,54,51,53,70,0,0,0,0,0,0,0,46,62,63,63,79,0,0
2019-20,33,Tamilnadu,3306,TIRUVANNAMALAI,330613,KILPENNATHUR,Rural,7,cat7,"SS (VI-X)",1,"Department of Education",2,SC,0,0,0,0,0,0,0,90,79,84,83,114,0,0,0,0,0,0,0,52,79,96,85,79,0,0
2019-20,33,Tamilnadu,3306,TIRUVANNAMALAI,330614,TIRUVANNAMALAI,Rural,7,cat7,"SS (VI-X)",1,"Department of Education",2,SC,0,0,0,0,0,0,0,59,73,72,62,63,0,0,0,0,0,0,0,56,55,60,81,79,0,0
2019-20,33,Tamilnadu,3306,TIRUVANNAMALAI,330615,PUDUPALAYAM,Rural,7,cat7,"SS (VI-X)",1,"Department of Education",2,SC,0,0,0,0,0,0,0,109,125,139,129,140,0,0,0,0,0,0,0,108,99,118,120,131,0,0
2019-20,33,Tamilnadu,3306,TIRUVANNAMALAI,330616,CHENGAM,Rural,7,cat7,"SS (VI-X)",1,"Department of Education",2,SC,0,0,0,0,0,0,0,101,91,109,103,108,0,0,0,0,0,0,0,80,112,82,108,91,0,0
2019-20,33,Tamilnadu,3306,TIRUVANNAMALAI,330617,THANDRAMPET,Rural,7,cat7,"SS (VI-X)",1,"Department of Education",2,SC,0,0,0,0,0,0,0,81,74,79,107,129,0,0,0,0,0,0,0,133,125,107,181,156,0,0
2019-20,33,Tamilnadu,3306,TIRUVANNAMALAI,330618,"JAWADHU HILLS",Rural,7,cat7,"SS (VI-X)",1,"Department of Education",2,SC,0,0,0,0,0,0,0,1,2,0,2,2,0,0,0,0,0,0,0,2,1,0,4,3,0,0
2019-20,33,Tamilnadu,3306,TIRUVANNAMALAI,330602,CHEYYAR,Urban,7,cat7,"SS (VI-X)",1,"Department of Education",2,SC,0,0,0,0,0,0,0,13,13,14,37,25,0,0,0,0,0,0,0,9,10,10,10,6,0,0
2019-20,33,Tamilnadu,3306,TIRUVANNAMALAI,330604,PERANAMALLUR,Urban,7,cat7,"SS (VI-X)",1,"Department of Education",2,SC,0,0,0,0,0,0,0,1,2,2,5,6,0,0,0,0,0,0,0,2,5,0,1,3,0,0
2019-20,33,Tamilnadu,3306,TIRUVANNAMALAI,330616,CHENGAM,Urban,7,cat7,"SS (VI-X)",1,"Department of Education",2,SC,0,0,0,0,0,0,0,8,6,8,2,13,0,0,0,0,0,0,0,8,8,8,5,8,0,0
2019-20,33,Tamilnadu,3306,TIRUVANNAMALAI,330601,VEMBAKKAM,Rural,7,cat7,"SS (VI-X)",2,"Tribal Welfare Department",2,SC,0,0,0,0,0,0,0,7,14,16,13,13,0,0,0,0,0,0,0,13,7,14,4,11,0,0
2019-20,33,Tamilnadu,3306,TIRUVANNAMALAI,330602,CHEYYAR,Rural,7,cat7,"SS (VI-X)",2,"Tribal Welfare Department",2,SC,0,0,0,0,0,0,0,6,12,12,10,7,0,0,0,0,0,0,0,5,5,10,13,10,0,0
2019-20,33,Tamilnadu,3306,TIRUVANNAMALAI,330609,POLUR,Rural,7,cat7,"SS (VI-X)",2,"Tribal Welfare Department",2,SC,0,0,0,0,0,0,0,5,7,10,12,17,0,0,0,0,0,0,0,12,16,11,8,4,0,0
2019-20,33,Tamilnadu,3306,TIRUVANNAMALAI,330610,KALASAPAKKAM,Rural,7,cat7,"SS (VI-X)",2,"Tribal Welfare Department",2,SC,0,0,0,0,0,0,0,3,6,5,4,1,0,0,0,0,0,0,0,5,4,12,7,10,0,0
2019-20,33,Tamilnadu,3306,TIRUVANNAMALAI,330614,TIRUVANNAMALAI,Rural,7,cat7,"SS (VI-X)",2,"Tribal Welfare Department",2,SC,0,0,0,0,0,0,0,19,17,11,16,21,0,0,0,0,0,0,0,13,10,18,20,10,0,0
2019-20,33,Tamilnadu,3306,TIRUVANNAMALAI,330616,CHENGAM,Rural,7,cat7,"SS (VI-X)",2,"Tribal Welfare Department",2,SC,0,0,0,0,0,0,0,22,22,26,24,10,0,0,0,0,0,0,0,18,22,22,18,22,0,0
2019-20,33,Tamilnadu,3306,TIRUVANNAMALAI,330618,"JAWADHU HILLS",Rural,7,cat7,"SS (VI-X)",2,"Tribal Welfare Department",2,SC,0,0,0,0,0,0,0,0,0,0,0,1,0,0,0,0,0,0,0,0,0,0,0,0,0,0
2019-20,33,Tamilnadu,3306,TIRUVANNAMALAI,330602,CHEYYAR,Urban,7,cat7,"SS (VI-X)",3,"Local body",2,SC,0,0,0,0,0,0,0,11,8,8,5,8,0,0,0,0,0,0,0,7,10,5,2,9,0,0
2019-20,33,Tamilnadu,3306,TIRUVANNAMALAI,330607,ARNI,Urban,7,cat7,"SS (VI-X)",3,"Local body",2,SC,0,0,0,0,0,0,0,8,7,10,10,10,0,0,0,0,0,0,0,11,12,3,7,7,0,0
2019-20,33,Tamilnadu,3306,TIRUVANNAMALAI,330614,TIRUVANNAMALAI,Urban,7,cat7,"SS (VI-X)",3,"Local body",2,SC,0,0,0,0,0,0,0,22,18,10,6,7,0,0,0,0,0,0,0,26,19,13,19,18,0,0
2019-20,33,Tamilnadu,3306,TIRUVANNAMALAI,330609,POLUR,Rural,7,cat7,"SS (VI-X)",4,"Government Aided",2,SC,0,0,0,0,0,0,0,3,1,1,1,6,0,0,0,0,0,0,0,2,1,1,0,1,0,0
2019-20,33,Tamilnadu,3306,TIRUVANNAMALAI,330612,THURINJAPURAM,Rural,7,cat7,"SS (VI-X)",4,"Government Aided",2,SC,0,0,0,0,0,0,0,5,6,8,12,8,0,0,0,0,0,0,0,8,10,5,9,7,0,0
2019-20,33,Tamilnadu,3306,TIRUVANNAMALAI,330613,KILPENNATHUR,Rural,7,cat7,"SS (VI-X)",4,"Government Aided",2,SC,0,0,0,0,0,0,0,10,5,10,4,6,0,0,0,0,0,0,0,4,5,6,2,5,0,0
2019-20,33,Tamilnadu,3306,TIRUVANNAMALAI,330614,TIRUVANNAMALAI,Rural,7,cat7,"SS (VI-X)",4,"Government Aided",2,SC,0,0,0,0,0,0,0,5,13,14,13,17,0,0,0,0,0,0,0,13,15,14,15,19,0,0
2019-20,33,Tamilnadu,3306,TIRUVANNAMALAI,330615,PUDUPALAYAM,Rural,7,cat7,"SS (VI-X)",4,"Government Aided",2,SC,0,0,0,0,0,0,0,18,7,22,18,18,0,0,0,0,0,0,0,10,14,11,11,14,0,0
2019-20,33,Tamilnadu,3306,TIRUVANNAMALAI,330602,CHEYYAR,Urban,7,cat7,"SS (VI-X)",4,"Government Aided",2,SC,0,0,0,0,0,0,0,11,11,8,10,6,0,0,0,0,0,0,0,10,8,11,9,7,0,0
2019-20,33,Tamilnadu,3306,TIRUVANNAMALAI,330605,VANDAVASI,Urban,7,cat7,"SS (VI-X)",4,"Government Aided",2,SC,0,0,0,0,0,0,0,21,22,25,23,32,0,0,0,0,0,0,0,2,4,4,5,1,0,0
2019-20,33,Tamilnadu,3306,TIRUVANNAMALAI,330613,KILPENNATHUR,Urban,7,cat7,"SS (VI-X)",4,"Government Aided",2,SC,0,0,0,0,0,0,0,9,14,13,14,12,0,0,0,0,0,0,0,11,13,13,8,10,0,0
2019-20,33,Tamilnadu,3306,TIRUVANNAMALAI,330614,TIRUVANNAMALAI,Urban,7,cat7,"SS (VI-X)",4,"Government Aided",2,SC,0,0,0,0,0,0,0,12,9,10,4,9,0,0,0,0,0,0,0,11,13,7,6,10,0,0
2019-20,33,Tamilnadu,3306,TIRUVANNAMALAI,330611,CHETPET,Rural,7,cat7,"SS (VI-X)",5,"Private Unaided (Recognized)",2,SC,0,0,0,0,0,0,0,0,0,0,1,0,0,0,0,0,0,0,0,0,1,0,1,0,0,0
2019-20,33,Tamilnadu,3306,TIRUVANNAMALAI,330616,CHENGAM,Rural,7,cat7,"SS (VI-X)",5,"Private Unaided (Recognized)",2,SC,0,0,0,0,0,0,0,13,15,9,12,20,0,0,0,0,0,0,0,2,4,5,6,5,0,0
2019-20,33,Tamilnadu,3306,TIRUVANNAMALAI,330617,THANDRAMPET,Rural,7,cat7,"SS (VI-X)",5,"Private Unaided (Recognized)",2,SC,0,0,0,0,0,0,0,0,1,2,0,0,0,0,0,0,0,0,0,0,0,2,2,2,0,0
2019-20,33,Tamilnadu,3306,TIRUVANNAMALAI,330601,VEMBAKKAM,Rural,2,cat2,"UPS (I-VIII)",1,"Department of Education",2,SC,1,1,31,33,34,42,35,53,51,38,0,0,0,0,26,33,50,39,38,53,54,43,0,0,0,0
2019-20,33,Tamilnadu,3306,TIRUVANNAMALAI,330602,CHEYYAR,Rural,2,cat2,"UPS (I-VIII)",1,"Department of Education",2,SC,1,1,7,16,15,12,12,16,11,8,0,0,0,0,13,14,15,14,14,13,14,16,0,0,0,0
2019-20,33,Tamilnadu,3306,TIRUVANNAMALAI,330603,ANAKKAVUR,Rural,2,cat2,"UPS (I-VIII)",1,"Department of Education",2,SC,7,5,13,20,22,18,17,31,23,21,0,0,0,0,17,17,27,22,25,29,22,21,0,0,0,0
2019-20,33,Tamilnadu,3306,TIRUVANNAMALAI,330604,PERANAMALLUR,Rural,2,cat2,"UPS (I-VIII)",1,"Department of Education",2,SC,6,4,18,23,26,12,15,18,16,20,0,0,0,0,17,19,15,25,20,19,26,22,0,0,0,0
2019-20,33,Tamilnadu,3306,TIRUVANNAMALAI,330605,VANDAVASI,Rural,2,cat2,"UPS (I-VIII)",1,"Department of Education",2,SC,4,6,22,27,38,38,29,61,60,55,0,0,0,0,23,26,31,30,30,51,42,53,0,0,0,0
2019-20,33,Tamilnadu,3306,TIRUVANNAMALAI,330606,THELLAR,Rural,2,cat2,"UPS (I-VIII)",1,"Department of Education",2,SC,10,10,20,28,26,23,22,37,38,42,0,0,0,0,28,28,25,30,28,48,47,31,0,0,0,0
2019-20,33,Tamilnadu,3306,TIRUVANNAMALAI,330607,ARNI,Rural,2,cat2,"UPS (I-VIII)",1,"Department of Education",2,SC,0,0,31,34,24,34,19,27,28,39,0,0,0,0,26,20,23,33,29,34,46,35,0,0,0,0
2019-20,33,Tamilnadu,3306,TIRUVANNAMALAI,330608,"WEST ARNI",Rural,2,cat2,"UPS (I-VIII)",1,"Department of Education",2,SC,30,26,30,38,33,36,20,22,34,26,0,0,0,0,22,37,25,20,33,32,33,27,0,0,0,0
2019-20,33,Tamilnadu,3306,TIRUVANNAMALAI,330609,POLUR,Rural,2,cat2,"UPS (I-VIII)",1,"Department of Education",2,SC,9,8,19,32,19,26,21,22,28,24,0,0,0,0,31,35,23,35,23,23,32,31,0,0,0,0
2019-20,33,Tamilnadu,3306,TIRUVANNAMALAI,330610,KALASAPAKKAM,Rural,2,cat2,"UPS (I-VIII)",1,"Department of Education",2,SC,12,11,32,30,46,38,29,44,35,64,0,0,0,0,31,31,23,32,41,53,43,37,0,0,0,0
2019-20,33,Tamilnadu,3306,TIRUVANNAMALAI,330611,CHETPET,Rural,2,cat2,"UPS (I-VIII)",1,"Department of Education",2,SC,4,6,2,10,8,17,16,18,13,16,0,0,0,0,11,9,13,9,19,17,17,17,0,0,0,0
2019-20,33,Tamilnadu,3306,TIRUVANNAMALAI,330612,THURINJAPURAM,Rural,2,cat2,"UPS (I-VIII)",1,"Department of Education",2,SC,3,3,17,26,27,29,28,39,37,51,0,0,0,0,37,20,28,28,27,49,45,39,0,0,0,0
2019-20,33,Tamilnadu,3306,TIRUVANNAMALAI,330613,KILPENNATHUR,Rural,2,cat2,"UPS (I-VIII)",1,"Department of Education",2,SC,12,9,19,29,38,32,26,21,30,28,0,0,0,0,25,36,23,29,23,26,31,28,0,0,0,0
2019-20,33,Tamilnadu,3306,TIRUVANNAMALAI,330614,TIRUVANNAMALAI,Rural,2,cat2,"UPS (I-VIII)",1,"Department of Education",2,SC,39,46,129,166,155,156,167,160,144,164,0,0,0,0,99,140,167,149,154,178,151,159,0,0,0,0
2019-20,33,Tamilnadu,3306,TIRUVANNAMALAI,330615,PUDUPALAYAM,Rural,2,cat2,"UPS (I-VIII)",1,"Department of Education",2,SC,32,37,48,47,46,55,41,51,43,48,0,0,0,0,38,45,48,46,40,53,61,54,0,0,0,0
2019-20,33,Tamilnadu,3306,TIRUVANNAMALAI,330616,CHENGAM,Rural,2,cat2,"UPS (I-VIII)",1,"Department of Education",2,SC,18,19,87,77,86,101,120,109,131,128,0,0,0,0,90,97,107,103,107,113,139,134,0,0,0,0
2019-20,33,Tamilnadu,3306,TIRUVANNAMALAI,330617,THANDRAMPET,Rural,2,cat2,"UPS (I-VIII)",1,"Department of Education",2,SC,13,22,67,84,73,99,96,94,107,86,0,0,0,0,69,83,76,85,82,82,93,86,0,0,0,0
2019-20,33,Tamilnadu,3306,TIRUVANNAMALAI,330618,"JAWADHU HILLS",Rural,2,cat2,"UPS (I-VIII)",1,"Department of Education",2,SC,0,0,1,1,0,0,0,1,1,0,0,0,0,0,2,1,1,0,0,1,1,2,0,0,0,0
2019-20,33,Tamilnadu,3306,TIRUVANNAMALAI,330608,"WEST ARNI",Urban,2,cat2,"UPS (I-VIII)",1,"Department of Education",2,SC,0,0,0,0,0,0,0,0,0,0,0,0,0,0,0,0,0,0,0,0,0,0,0,0,0,0
2019-20,33,Tamilnadu,3306,TIRUVANNAMALAI,330609,POLUR,Urban,2,cat2,"UPS (I-VIII)",1,"Department of Education",2,SC,0,0,0,0,2,1,0,0,0,1,0,0,0,0,0,1,0,0,0,2,0,3,0,0,0,0
2019-20,33,Tamilnadu,3306,TIRUVANNAMALAI,330613,KILPENNATHUR,Urban,2,cat2,"UPS (I-VIII)",1,"Department of Education",2,SC,0,0,3,3,1,3,4,1,6,7,0,0,0,0,5,5,5,2,7,10,5,5,0,0,0,0
2019-20,33,Tamilnadu,3306,TIRUVANNAMALAI,330615,PUDUPALAYAM,Urban,2,cat2,"UPS (I-VIII)",1,"Department of Education",2,SC,0,0,2,10,10,7,17,7,8,12,0,0,0,0,5,8,10,4,8,9,10,7,0,0,0,0
2019-20,33,Tamilnadu,3306,TIRUVANNAMALAI,330616,CHENGAM,Urban,2,cat2,"UPS (I-VIII)",1,"Department of Education",2,SC,0,0,0,0,0,2,1,3,1,6,0,0,0,0,2,3,3,1,2,1,1,2,0,0,0,0
2019-20,33,Tamilnadu,3306,TIRUVANNAMALAI,330601,VEMBAKKAM,Rural,2,cat2,"UPS (I-VIII)",2,"Tribal Welfare Department",2,SC,0,0,1,2,6,4,2,4,8,6,0,0,0,0,8,10,7,4,4,9,4,10,0,0,0,0
2019-20,33,Tamilnadu,3306,TIRUVANNAMALAI,330607,ARNI,Rural,2,cat2,"UPS (I-VIII)",2,"Tribal Welfare Department",2,SC,0,0,9,12,11,7,4,8,8,10,0,0,0,0,6,7,11,9,6,10,14,9,0,0,0,0
2019-20,33,Tamilnadu,3306,TIRUVANNAMALAI,330609,POLUR,Rural,2,cat2,"UPS (I-VIII)",2,"Tribal Welfare Department",2,SC,0,0,3,10,8,7,5,11,8,7,0,0,0,0,5,5,2,5,5,9,7,8,0,0,0,0
2019-20,33,Tamilnadu,3306,TIRUVANNAMALAI,330610,KALASAPAKKAM,Rural,2,cat2,"UPS (I-VIII)",2,"Tribal Welfare Department",2,SC,0,0,15,10,10,16,13,14,10,12,0,0,0,0,13,14,15,10,18,16,14,11,0,0,0,0
2019-20,33,Tamilnadu,3306,TIRUVANNAMALAI,330613,KILPENNATHUR,Rural,2,cat2,"UPS (I-VIII)",2,"Tribal Welfare Department",2,SC,3,9,14,5,14,17,18,18,17,17,0,0,0,0,12,18,11,9,14,11,21,18,0,0,0,0
2019-20,33,Tamilnadu,3306,TIRUVANNAMALAI,330614,TIRUVANNAMALAI,Rural,2,cat2,"UPS (I-VIII)",2,"Tribal Welfare Department",2,SC,0,0,15,24,29,16,18,22,24,20,0,0,0,0,13,24,24,23,19,23,19,18,0,0,0,0
2019-20,33,Tamilnadu,3306,TIRUVANNAMALAI,330616,CHENGAM,Rural,2,cat2,"UPS (I-VIII)",2,"Tribal Welfare Department",2,SC,0,0,3,9,4,16,10,11,10,11,0,0,0,0,8,8,10,8,9,8,18,17,0,0,0,0
2019-20,33,Tamilnadu,3306,TIRUVANNAMALAI,330618,"JAWADHU HILLS",Rural,2,cat2,"UPS (I-VIII)",2,"Tribal Welfare Department",2,SC,1,0,1,0,3,0,0,4,2,1,0,0,0,0,0,0,2,1,3,1,0,3,0,0,0,0
2019-20,33,Tamilnadu,3306,TIRUVANNAMALAI,330607,ARNI,Rural,2,cat2,"UPS (I-VIII)",3,"Local body",2,SC,0,0,0,2,1,1,3,2,1,1,0,0,0,0,0,0,2,1,1,0,1,1,0,0,0,0
2019-20,33,Tamilnadu,3306,TIRUVANNAMALAI,330602,CHEYYAR,Urban,2,cat2,"UPS (I-VIII)",3,"Local body",2,SC,0,0,3,3,2,3,4,2,4,6,0,0,0,0,1,2,5,0,1,3,3,7,0,0,0,0
2019-20,33,Tamilnadu,3306,TIRUVANNAMALAI,330607,ARNI,Urban,2,cat2,"UPS (I-VIII)",3,"Local body",2,SC,0,1,0,1,1,2,2,4,2,1,0,0,0,0,1,0,0,0,1,2,3,1,0,0,0,0
2019-20,33,Tamilnadu,3306,TIRUVANNAMALAI,330614,TIRUVANNAMALAI,Urban,2,cat2,"UPS (I-VIII)",3,"Local body",2,SC,13,13,11,10,10,16,5,16,7,11,0,0,0,0,12,16,13,18,7,13,13,8,0,0,0,0
2019-20,33,Tamilnadu,3306,TIRUVANNAMALAI,330604,PERANAMALLUR,Rural,2,cat2,"UPS (I-VIII)",4,"Government Aided",2,SC,0,0,2,2,2,5,1,1,2,3,0,0,0,0,2,5,4,1,8,1,1,1,0,0,0,0
2019-20,33,Tamilnadu,3306,TIRUVANNAMALAI,330608,"WEST ARNI",Rural,2,cat2,"UPS (I-VIII)",4,"Government Aided",2,SC,0,0,0,0,0,0,0,1,1,2,0,0,0,0,0,0,1,0,0,0,0,0,0,0,0,0
2019-20,33,Tamilnadu,3306,TIRUVANNAMALAI,330610,KALASAPAKKAM,Rural,2,cat2,"UPS (I-VIII)",4,"Government Aided",2,SC,0,0,3,4,1,5,1,8,8,11,0,0,0,0,2,6,3,2,1,9,8,2,0,0,0,0
2019-20,33,Tamilnadu,3306,TIRUVANNAMALAI,330611,CHETPET,Rural,2,cat2,"UPS (I-VIII)",4,"Government Aided",2,SC,0,0,3,5,3,3,7,8,7,8,0,0,0,0,1,3,5,5,3,7,0,5,0,0,0,0
2019-20,33,Tamilnadu,3306,TIRUVANNAMALAI,330612,THURINJAPURAM,Rural,2,cat2,"UPS (I-VIII)",4,"Government Aided",2,SC,0,0,5,2,2,3,6,3,5,2,0,0,0,0,5,2,7,5,1,5,4,0,0,0,0,0
2019-20,33,Tamilnadu,3306,TIRUVANNAMALAI,330614,TIRUVANNAMALAI,Rural,2,cat2,"UPS (I-VIII)",4,"Government Aided",2,SC,0,0,1,2,1,2,0,1,0,3,0,0,0,0,4,0,1,3,2,1,1,0,0,0,0,0
2019-20,33,Tamilnadu,3306,TIRUVANNAMALAI,330617,THANDRAMPET,Rural,2,cat2,"UPS (I-VIII)",4,"Government Aided",2,SC,0,0,20,13,10,20,16,17,21,20,0,0,0,0,21,34,20,17,19,15,18,21,0,0,0,0
2019-20,33,Tamilnadu,3306,TIRUVANNAMALAI,330606,THELLAR,Urban,2,cat2,"UPS (I-VIII)",4,"Government Aided",2,SC,0,0,0,2,2,4,2,3,2,1,0,0,0,0,1,0,2,1,1,3,1,1,0,0,0,0
2019-20,33,Tamilnadu,3306,TIRUVANNAMALAI,330609,POLUR,Urban,2,cat2,"UPS (I-VIII)",4,"Government Aided",2,SC,0,0,1,1,0,0,1,3,2,1,0,0,0,0,1,1,1,4,1,1,2,3,0,0,0,0
2019-20,33,Tamilnadu,3306,TIRUVANNAMALAI,330614,TIRUVANNAMALAI,Urban,2,cat2,"UPS (I-VIII)",4,"Government Aided",2,SC,5,2,3,3,4,2,2,0,4,4,0,0,0,0,4,6,1,3,0,8,0,5,0,0,0,0
2019-20,33,Tamilnadu,3306,TIRUVANNAMALAI,330602,CHEYYAR,Rural,2,cat2,"UPS (I-VIII)",5,"Private Unaided (Recognized)",2,SC,8,15,4,5,4,2,1,2,1,1,0,0,0,0,4,2,1,3,2,1,0,1,0,0,0,0
2019-20,33,Tamilnadu,3306,TIRUVANNAMALAI,330608,"WEST ARNI",Rural,2,cat2,"UPS (I-VIII)",5,"Private Unaided (Recognized)",2,SC,4,6,7,3,2,1,1,2,0,1,0,0,0,0,4,4,1,4,2,3,1,1,0,0,0,0
2019-20,33,Tamilnadu,3306,TIRUVANNAMALAI,330609,POLUR,Rural,2,cat2,"UPS (I-VIII)",5,"Private Unaided (Recognized)",2,SC,2,4,2,1,1,3,1,2,1,2,0,0,0,0,0,0,0,0,2,2,1,0,0,0,0,0
2019-20,33,Tamilnadu,3306,TIRUVANNAMALAI,330610,KALASAPAKKAM,Rural,2,cat2,"UPS (I-VIII)",5,"Private Unaided (Recognized)",2,SC,24,10,10,9,4,3,4,1,4,0,0,0,0,0,10,5,4,1,2,1,2,0,0,0,0,0
2019-20,33,Tamilnadu,3306,TIRUVANNAMALAI,330612,THURINJAPURAM,Rural,2,cat2,"UPS (I-VIII)",5,"Private Unaided (Recognized)",2,SC,0,0,0,0,0,0,0,0,0,0,0,0,0,0,0,0,0,0,0,0,0,0,0,0,0,0
2019-20,33,Tamilnadu,3306,TIRUVANNAMALAI,330613,KILPENNATHUR,Rural,2,cat2,"UPS (I-VIII)",5,"Private Unaided (Recognized)",2,SC,6,2,1,0,1,1,0,0,0,0,0,0,0,0,1,1,1,2,0,1,0,0,0,0,0,0
2019-20,33,Tamilnadu,3306,TIRUVANNAMALAI,330614,TIRUVANNAMALAI,Rural,2,cat2,"UPS (I-VIII)",5,"Private Unaided (Recognized)",2,SC,0,0,0,0,0,0,0,0,1,0,0,0,0,0,0,0,0,0,0,0,0,0,0,0,0,0
2019-20,33,Tamilnadu,3306,TIRUVANNAMALAI,330616,CHENGAM,Rural,2,cat2,"UPS (I-VIII)",5,"Private Unaided (Recognized)",2,SC,3,5,5,0,3,2,0,0,0,0,0,0,0,0,4,1,1,1,1,0,1,0,0,0,0,0
2019-20,33,Tamilnadu,3306,TIRUVANNAMALAI,330617,THANDRAMPET,Rural,2,cat2,"UPS (I-VIII)",5,"Private Unaided (Recognized)",2,SC,1,0,2,0,0,0,0,0,0,0,0,0,0,0,1,0,0,0,0,0,0,0,0,0,0,0
2019-20,33,Tamilnadu,3306,TIRUVANNAMALAI,330602,CHEYYAR,Urban,2,cat2,"UPS (I-VIII)",5,"Private Unaided (Recognized)",2,SC,0,0,0,0,0,0,0,0,0,0,0,0,0,0,0,0,0,0,0,0,0,0,0,0,0,0
2019-20,33,Tamilnadu,3306,TIRUVANNAMALAI,330604,PERANAMALLUR,Urban,2,cat2,"UPS (I-VIII)",5,"Private Unaided (Recognized)",2,SC,3,3,2,7,0,3,4,0,1,0,0,0,0,0,0,3,0,1,5,0,1,0,0,0,0,0
2019-20,33,Tamilnadu,3306,TIRUVANNAMALAI,330614,TIRUVANNAMALAI,Urban,2,cat2,"UPS (I-VIII)",5,"Private Unaided (Recognized)",2,SC,13,11,5,6,9,5,1,1,0,1,0,0,0,0,6,6,6,8,9,1,2,1,0,0,0,0
2019-20,33,Tamilnadu,3306,TIRUVANNAMALAI,330616,CHENGAM,Urban,2,cat2,"UPS (I-VIII)",5,"Private Unaided (Recognized)",2,SC,8,7,3,7,4,4,1,3,2,1,0,0,0,0,3,2,1,2,3,3,1,0,0,0,0,0
2019-20,33,Tamilnadu,3306,TIRUVANNAMALAI,330617,THANDRAMPET,Rural,4,cat4,"UPS (VI-VIII)",6,"Other Govt. managed schools",2,SC,0,0,0,0,0,0,0,0,0,0,0,0,0,0,0,0,0,0,0,1,4,0,0,0,0,0
2019-20,33,Tamilnadu,3306,TIRUVANNAMALAI,330618,"JAWADHU HILLS",Rural,4,cat4,"UPS (VI-VIII)",6,"Other Govt. managed schools",2,SC,0,0,0,0,0,0,0,0,0,0,0,0,0,0,0,0,0,0,0,0,0,0,0,0,0,0
2019-20,33,Tamilnadu,3306,TIRUVANNAMALAI,330614,TIRUVANNAMALAI,Urban,3,cat3,"HSS (I-XII)",3,"Local body",3,ST,3,0,0,1,0,1,0,0,0,0,0,0,0,0,0,0,0,1,1,1,5,9,12,6,13,9
2019-20,33,Tamilnadu,3306,TIRUVANNAMALAI,330611,CHETPET,Rural,3,cat3,"HSS (I-XII)",4,"Government Aided",3,ST,0,0,0,0,1,0,1,1,0,0,0,1,0,1,0,1,0,0,0,1,0,1,0,0,0,0
2019-20,33,Tamilnadu,3306,TIRUVANNAMALAI,330614,TIRUVANNAMALAI,Rural,3,cat3,"HSS (I-XII)",4,"Government Aided",3,ST,0,0,0,0,0,0,0,0,1,0,0,0,0,1,0,0,1,0,1,0,0,0,0,0,1,0
2019-20,33,Tamilnadu,3306,TIRUVANNAMALAI,330601,VEMBAKKAM,Rural,3,cat3,"HSS (I-XII)",5,"Private Unaided (Recognized)",3,ST,0,0,1,0,1,0,3,0,0,0,0,0,0,0,0,1,0,0,0,1,5,0,1,0,0,1
2019-20,33,Tamilnadu,3306,TIRUVANNAMALAI,330602,CHEYYAR,Rural,3,cat3,"HSS (I-XII)",5,"Private Unaided (Recognized)",3,ST,2,3,0,3,0,2,0,2,0,0,2,1,0,0,1,2,0,1,0,0,0,0,1,2,0,1
2019-20,33,Tamilnadu,3306,TIRUVANNAMALAI,330603,ANAKKAVUR,Rural,3,cat3,"HSS (I-XII)",5,"Private Unaided (Recognized)",3,ST,1,1,0,0,0,0,0,0,0,1,0,0,0,0,0,0,0,0,0,0,0,0,1,0,0,0
2019-20,33,Tamilnadu,3306,TIRUVANNAMALAI,330604,PERANAMALLUR,Rural,3,cat3,"HSS (I-XII)",5,"Private Unaided (Recognized)",3,ST,1,0,0,0,0,0,0,0,0,0,0,0,0,0,0,1,0,0,0,0,0,0,0,0,0,0
2019-20,33,Tamilnadu,3306,TIRUVANNAMALAI,330605,VANDAVASI,Rural,3,cat3,"HSS (I-XII)",5,"Private Unaided (Recognized)",3,ST,5,0,0,2,0,0,0,0,0,0,0,0,0,0,1,2,0,2,0,0,0,1,0,0,0,0
2019-20,33,Tamilnadu,3306,TIRUVANNAMALAI,330607,ARNI,Rural,3,cat3,"HSS (I-XII)",5,"Private Unaided (Recognized)",3,ST,0,1,0,1,0,0,0,0,0,0,0,0,1,0,0,0,2,2,0,0,1,0,0,0,0,0
2019-20,33,Tamilnadu,3306,TIRUVANNAMALAI,330608,"WEST ARNI",Rural,3,cat3,"HSS (I-XII)",5,"Private Unaided (Recognized)",3,ST,1,1,0,1,0,1,0,2,1,0,0,0,0,0,0,0,0,0,0,0,0,1,0,0,0,3
2019-20,33,Tamilnadu,3306,TIRUVANNAMALAI,330609,POLUR,Rural,3,cat3,"HSS (I-XII)",5,"Private Unaided (Recognized)",3,ST,1,3,0,0,1,2,0,0,0,0,1,0,0,0,0,1,0,2,0,0,0,0,0,0,0,0
2019-20,33,Tamilnadu,3306,TIRUVANNAMALAI,330610,KALASAPAKKAM,Rural,3,cat3,"HSS (I-XII)",5,"Private Unaided (Recognized)",3,ST,1,0,0,1,0,0,0,0,1,1,0,1,0,0,0,1,1,0,0,1,0,0,0,0,0,0
2019-20,33,Tamilnadu,3306,TIRUVANNAMALAI,330611,CHETPET,Rural,3,cat3,"HSS (I-XII)",5,"Private Unaided (Recognized)",3,ST,3,0,1,0,0,1,0,1,0,0,0,0,0,0,2,2,2,0,0,1,0,0,0,0,0,2
2019-20,33,Tamilnadu,3306,TIRUVANNAMALAI,330612,THURINJAPURAM,Rural,3,cat3,"HSS (I-XII)",5,"Private Unaided (Recognized)",3,ST,2,3,1,0,2,1,1,2,4,4,4,0,1,4,0,0,0,0,4,3,3,3,4,2,5,2
2019-20,33,Tamilnadu,3306,TIRUVANNAMALAI,330613,KILPENNATHUR,Rural,3,cat3,"HSS (I-XII)",5,"Private Unaided (Recognized)",3,ST,5,6,3,2,2,3,2,1,2,4,1,2,1,1,1,2,1,1,4,2,2,1,1,2,0,1
2019-20,33,Tamilnadu,3306,TIRUVANNAMALAI,330614,TIRUVANNAMALAI,Rural,3,cat3,"HSS (I-XII)",5,"Private Unaided (Recognized)",3,ST,1,5,5,2,6,4,9,7,9,5,2,2,2,2,0,2,4,3,7,5,5,3,3,5,1,3
2019-20,33,Tamilnadu,3306,TIRUVANNAMALAI,330615,PUDUPALAYAM,Rural,3,cat3,"HSS (I-XII)",5,"Private Unaided (Recognized)",3,ST,0,0,0,0,0,0,0,0,0,0,0,0,0,0,0,0,0,0,0,0,0,0,0,1,0,0
2019-20,33,Tamilnadu,3306,TIRUVANNAMALAI,330617,THANDRAMPET,Rural,3,cat3,"HSS (I-XII)",5,"Private Unaided (Recognized)",3,ST,30,19,11,11,9,15,11,9,7,8,11,6,12,4,4,14,7,5,9,7,5,4,5,1,11,5
2019-20,33,Tamilnadu,3306,TIRUVANNAMALAI,330602,CHEYYAR,Urban,3,cat3,"HSS (I-XII)",5,"Private Unaided (Recognized)",3,ST,1,0,0,0,0,0,0,0,0,0,0,0,0,0,0,0,0,0,1,0,0,0,0,0,1,0
2019-20,33,Tamilnadu,3306,TIRUVANNAMALAI,330604,PERANAMALLUR,Urban,3,cat3,"HSS (I-XII)",5,"Private Unaided (Recognized)",3,ST,0,0,0,0,0,0,0,0,0,1,0,0,0,0,0,0,0,0,0,0,0,0,0,0,0,0
2019-20,33,Tamilnadu,3306,TIRUVANNAMALAI,330605,VANDAVASI,Urban,3,cat3,"HSS (I-XII)",5,"Private Unaided (Recognized)",3,ST,0,0,0,1,0,1,0,1,0,0,0,0,0,0,0,0,0,0,0,0,0,1,0,0,0,0
2019-20,33,Tamilnadu,3306,TIRUVANNAMALAI,330607,ARNI,Urban,3,cat3,"HSS (I-XII)",5,"Private Unaided (Recognized)",3,ST,1,0,0,0,0,0,0,0,0,0,0,1,0,0,0,0,0,0,0,0,0,0,0,0,0,0
2019-20,33,Tamilnadu,3306,TIRUVANNAMALAI,330608,"WEST ARNI",Urban,3,cat3,"HSS (I-XII)",5,"Private Unaided (Recognized)",3,ST,1,0,0,0,1,0,0,0,1,0,0,0,0,0,0,0,0,0,0,0,0,0,0,0,0,0
2019-20,33,Tamilnadu,3306,TIRUVANNAMALAI,330609,POLUR,Urban,3,cat3,"HSS (I-XII)",5,"Private Unaided (Recognized)",3,ST,0,0,0,1,0,0,1,0,0,0,0,0,0,0,0,0,1,0,0,0,0,0,0,0,0,0
2019-20,33,Tamilnadu,3306,TIRUVANNAMALAI,330613,KILPENNATHUR,Urban,3,cat3,"HSS (I-XII)",5,"Private Unaided (Recognized)",3,ST,1,3,0,0,0,0,0,0,0,1,0,0,1,1,3,0,0,0,2,1,0,0,1,0,0,0
2019-20,33,Tamilnadu,3306,TIRUVANNAMALAI,330614,TIRUVANNAMALAI,Urban,3,cat3,"HSS (I-XII)",5,"Private Unaided (Recognized)",3,ST,5,4,4,1,8,3,1,1,2,2,1,0,0,1,3,0,1,8,2,1,1,2,0,3,0,0
2019-20,33,Tamilnadu,3306,TIRUVANNAMALAI,330616,CHENGAM,Urban,3,cat3,"HSS (I-XII)",5,"Private Unaided (Recognized)",3,ST,3,1,0,1,4,2,0,3,0,1,4,1,0,0,1,3,0,1,1,0,1,1,4,1,0,2
2019-20,33,Tamilnadu,3306,TIRUVANNAMALAI,330614,TIRUVANNAMALAI,Rural,3,cat3,"HSS (I-XII)",92,"Kendriya Vidyalaya / Central School",3,ST,0,0,4,0,4,2,1,1,0,0,0,0,0,0,2,6,1,4,1,3,1,0,0,1,0,2
2019-20,33,Tamilnadu,3306,TIRUVANNAMALAI,330601,VEMBAKKAM,Rural,5,cat5,"HSS (VI-XII)",1,"Department of Education",3,ST,0,0,0,0,0,0,0,13,9,8,8,4,4,2,0,0,0,0,0,6,10,9,8,5,1,7
2019-20,33,Tamilnadu,3306,TIRUVANNAMALAI,330602,CHEYYAR,Rural,5,cat5,"HSS (VI-XII)",1,"Department of Education",3,ST,0,0,0,0,0,0,0,1,6,7,6,6,2,2,0,0,0,0,0,8,4,4,7,3,4,3
2019-20,33,Tamilnadu,3306,TIRUVANNAMALAI,330603,ANAKKAVUR,Rural,5,cat5,"HSS (VI-XII)",1,"Department of Education",3,ST,0,0,0,0,0,0,0,3,4,9,5,6,1,2,0,0,0,0,0,5,3,6,8,3,3,6
2019-20,33,Tamilnadu,3306,TIRUVANNAMALAI,330604,PERANAMALLUR,Rural,5,cat5,"HSS (VI-XII)",1,"Department of Education",3,ST,0,0,0,0,0,0,0,1,2,0,3,2,1,1,0,0,0,0,0,1,1,4,3,0,2,4
2019-20,33,Tamilnadu,3306,TIRUVANNAMALAI,330605,VANDAVASI,Rural,5,cat5,"HSS (VI-XII)",1,"Department of Education",3,ST,0,0,0,0,0,0,0,6,11,8,5,5,3,4,0,0,0,0,0,3,2,0,5,1,2,4
2019-20,33,Tamilnadu,3306,TIRUVANNAMALAI,330606,THELLAR,Rural,5,cat5,"HSS (VI-XII)",1,"Department of Education",3,ST,0,0,0,0,0,0,0,10,3,7,14,3,7,4,0,0,0,0,0,6,0,3,5,5,3,8
2019-20,33,Tamilnadu,3306,TIRUVANNAMALAI,330607,ARNI,Rural,5,cat5,"HSS (VI-XII)",1,"Department of Education",3,ST,0,0,0,0,0,0,0,1,2,1,1,3,2,0,0,0,0,0,0,4,0,0,0,0,1,0
2019-20,33,Tamilnadu,3306,TIRUVANNAMALAI,330608,"WEST ARNI",Rural,5,cat5,"HSS (VI-XII)",1,"Department of Education",3,ST,0,0,0,0,0,0,0,1,2,0,3,2,1,2,0,0,0,0,0,8,5,6,7,3,1,12
2019-20,33,Tamilnadu,3306,TIRUVANNAMALAI,330609,POLUR,Rural,5,cat5,"HSS (VI-XII)",1,"Department of Education",3,ST,0,0,0,0,0,0,0,1,3,6,4,5,7,8,0,0,0,0,0,3,1,2,4,0,10,3
2019-20,33,Tamilnadu,3306,TIRUVANNAMALAI,330610,KALASAPAKKAM,Rural,5,cat5,"HSS (VI-XII)",1,"Department of Education",3,ST,0,0,0,0,0,0,0,2,1,0,2,2,1,1,0,0,0,0,0,1,1,3,2,5,2,1
2019-20,33,Tamilnadu,3306,TIRUVANNAMALAI,330611,CHETPET,Rural,5,cat5,"HSS (VI-XII)",1,"Department of Education",3,ST,0,0,0,0,0,0,0,2,1,0,0,1,1,0,0,0,0,0,0,0,1,0,2,3,2,0
2019-20,33,Tamilnadu,3306,TIRUVANNAMALAI,330612,THURINJAPURAM,Rural,5,cat5,"HSS (VI-XII)",1,"Department of Education",3,ST,0,0,0,0,0,0,0,4,9,8,6,9,2,2,0,0,0,0,0,9,12,6,6,11,6,4
2019-20,33,Tamilnadu,3306,TIRUVANNAMALAI,330613,KILPENNATHUR,Rural,5,cat5,"HSS (VI-XII)",1,"Department of Education",3,ST,0,0,0,0,0,0,0,2,1,2,0,1,0,0,0,0,0,0,0,2,1,1,3,0,2,0
2019-20,33,Tamilnadu,3306,TIRUVANNAMALAI,330614,TIRUVANNAMALAI,Rural,5,cat5,"HSS (VI-XII)",1,"Department of Education",3,ST,0,0,0,0,0,0,0,4,7,1,5,1,4,3,0,0,0,0,0,2,5,2,6,3,3,3
2019-20,33,Tamilnadu,3306,TIRUVANNAMALAI,330615,PUDUPALAYAM,Rural,5,cat5,"HSS (VI-XII)",1,"Department of Education",3,ST,0,0,0,0,0,0,0,1,5,5,7,2,0,4,0,0,0,0,0,1,1,0,4,2,0,1
2019-20,33,Tamilnadu,3306,TIRUVANNAMALAI,330616,CHENGAM,Rural,5,cat5,"HSS (VI-XII)",1,"Department of Education",3,ST,0,0,0,0,0,0,0,7,4,2,4,6,12,8,0,0,0,0,0,4,4,1,1,2,3,1
2019-20,33,Tamilnadu,3306,TIRUVANNAMALAI,330617,THANDRAMPET,Rural,5,cat5,"HSS (VI-XII)",1,"Department of Education",3,ST,0,0,0,0,0,0,0,23,17,35,49,37,58,46,0,0,0,0,0,15,20,13,61,58,91,52
2019-20,33,Tamilnadu,3306,TIRUVANNAMALAI,330618,"JAWADHU HILLS",Rural,5,cat5,"HSS (VI-XII)",1,"Department of Education",3,ST,0,0,0,0,0,0,0,19,9,12,8,6,4,0,0,0,0,0,0,27,12,19,23,24,36,13
2019-20,33,Tamilnadu,3306,TIRUVANNAMALAI,330602,CHEYYAR,Urban,5,cat5,"HSS (VI-XII)",1,"Department of Education",3,ST,0,0,0,0,0,0,0,0,1,0,1,1,3,2,0,0,0,0,0,1,2,1,2,1,6,3
2019-20,33,Tamilnadu,3306,TIRUVANNAMALAI,330604,PERANAMALLUR,Urban,5,cat5,"HSS (VI-XII)",1,"Department of Education",3,ST,0,0,0,0,0,0,0,0,2,0,0,0,0,1,0,0,0,0,0,0,2,0,1,1,1,1
2019-20,33,Tamilnadu,3306,TIRUVANNAMALAI,330605,VANDAVASI,Urban,5,cat5,"HSS (VI-XII)",1,"Department of Education",3,ST,0,0,0,0,0,0,0,1,2,4,6,7,6,2,0,0,0,0,0,4,4,4,11,6,7,9
2019-20,33,Tamilnadu,3306,TIRUVANNAMALAI,330606,THELLAR,Urban,5,cat5,"HSS (VI-XII)",1,"Department of Education",3,ST,0,0,0,0,0,0,0,0,0,0,0,0,0,0,0,0,0,0,0,2,0,1,3,3,5,3
2019-20,33,Tamilnadu,3306,TIRUVANNAMALAI,330607,ARNI,Urban,5,cat5,"HSS (VI-XII)",1,"Department of Education",3,ST,0,0,0,0,0,0,0,1,2,3,11,7,3,2,0,0,0,0,0,0,0,0,10,4,8,6
2019-20,33,Tamilnadu,3306,TIRUVANNAMALAI,330609,POLUR,Urban,5,cat5,"HSS (VI-XII)",1,"Department of Education",3,ST,0,0,0,0,0,0,0,5,6,7,8,5,7,4,0,0,0,0,0,3,0,3,17,10,7,7
2019-20,33,Tamilnadu,3306,TIRUVANNAMALAI,330611,CHETPET,Urban,5,cat5,"HSS (VI-XII)",1,"Department of Education",3,ST,0,0,0,0,0,0,0,3,2,3,1,2,2,3,0,0,0,0,0,2,0,2,0,2,0,2
2019-20,33,Tamilnadu,3306,TIRUVANNAMALAI,330613,KILPENNATHUR,Urban,5,cat5,"HSS (VI-XII)",1,"Department of Education",3,ST,0,0,0,0,0,0,0,8,12,11,19,9,19,19,0,0,0,0,0,14,16,10,7,10,16,9
2019-20,33,Tamilnadu,3306,TIRUVANNAMALAI,330614,TIRUVANNAMALAI,Urban,5,cat5,"HSS (VI-XII)",1,"Department of Education",3,ST,0,0,0,0,0,0,0,8,6,2,4,2,8,7,0,0,0,0,0,0,5,1,6,2,6,3
2019-20,33,Tamilnadu,3306,TIRUVANNAMALAI,330615,PUDUPALAYAM,Urban,5,cat5,"HSS (VI-XII)",1,"Department of Education",3,ST,0,0,0,0,0,0,0,0,0,0,0,0,0,0,0,0,0,0,0,1,1,1,0,0,0,0
2019-20,33,Tamilnadu,3306,TIRUVANNAMALAI,330616,CHENGAM,Urban,5,cat5,"HSS (VI-XII)",1,"Department of Education",3,ST,0,0,0,0,0,0,0,2,0,3,1,1,1,2,0,0,0,0,0,0,2,1,7,4,6,4
2019-20,33,Tamilnadu,3306,TIRUVANNAMALAI,330618,"JAWADHU HILLS",Rural,5,cat5,"HSS (VI-XII)",2,"Tribal Welfare Department",3,ST,0,0,0,0,0,0,0,91,115,105,173,155,116,103,0,0,0,0,0,62,90,70,134,110,101,62
2019-20,33,Tamilnadu,3306,TIRUVANNAMALAI,330614,TIRUVANNAMALAI,Urban,5,cat5,"HSS (VI-XII)",3,"Local body",3,ST,0,0,0,0,0,0,0,0,0,3,7,1,2,8,0,0,0,0,0,0,1,0,3,2,1,4
2019-20,33,Tamilnadu,3306,TIRUVANNAMALAI,330611,CHETPET,Rural,5,cat5,"HSS (VI-XII)",4,"Government Aided",3,ST,0,0,0,0,0,0,0,2,1,3,2,3,2,0,0,0,0,0,0,1,0,0,1,1,0,1
2019-20,33,Tamilnadu,3306,TIRUVANNAMALAI,330613,KILPENNATHUR,Rural,5,cat5,"HSS (VI-XII)",4,"Government Aided",3,ST,0,0,0,0,0,0,0,4,0,7,3,1,0,0,0,0,0,0,0,0,0,2,2,0,0,0
2019-20,33,Tamilnadu,3306,TIRUVANNAMALAI,330614,TIRUVANNAMALAI,Rural,5,cat5,"HSS (VI-XII)",4,"Government Aided",3,ST,0,0,0,0,0,0,0,1,0,2,0,2,1,0,0,0,0,0,0,1,0,1,2,0,7,0
2019-20,33,Tamilnadu,3306,TIRUVANNAMALAI,330617,THANDRAMPET,Rural,5,cat5,"HSS (VI-XII)",4,"Government Aided",3,ST,0,0,0,0,0,0,0,1,1,1,2,0,1,1,0,0,0,0,0,0,2,2,2,4,5,7
2019-20,33,Tamilnadu,3306,TIRUVANNAMALAI,330618,"JAWADHU HILLS",Rural,5,cat5,"HSS (VI-XII)",4,"Government Aided",3,ST,0,0,0,0,0,0,0,73,158,146,193,168,118,107,0,0,0,0,0,83,65,100,188,152,114,109
2019-20,33,Tamilnadu,3306,TIRUVANNAMALAI,330605,VANDAVASI,Urban,5,cat5,"HSS (VI-XII)",4,"Government Aided",3,ST,0,0,0,0,0,0,0,1,1,0,5,0,1,0,0,0,0,0,0,0,0,0,1,1,1,0
2019-20,33,Tamilnadu,3306,TIRUVANNAMALAI,330607,ARNI,Urban,5,cat5,"HSS (VI-XII)",4,"Government Aided",3,ST,0,0,0,0,0,0,0,1,0,2,0,10,0,1,0,0,0,0,0,1,0,0,4,1,0,2
2019-20,33,Tamilnadu,3306,TIRUVANNAMALAI,330609,POLUR,Urban,5,cat5,"HSS (VI-XII)",4,"Government Aided",3,ST,0,0,0,0,0,0,0,0,0,0,1,0,0,0,0,0,0,0,0,0,0,1,0,0,0,0
2019-20,33,Tamilnadu,3306,TIRUVANNAMALAI,330611,CHETPET,Urban,5,cat5,"HSS (VI-XII)",4,"Government Aided",3,ST,0,0,0,0,0,0,0,0,0,0,0,0,0,0,0,0,0,0,0,2,3,2,2,2,1,2
2019-20,33,Tamilnadu,3306,TIRUVANNAMALAI,330613,KILPENNATHUR,Urban,5,cat5,"HSS (VI-XII)",4,"Government Aided",3,ST,0,0,0,0,0,0,0,0,0,0,1,1,1,2,0,0,0,0,0,1,0,0,0,0,0,0
2019-20,33,Tamilnadu,3306,TIRUVANNAMALAI,330614,TIRUVANNAMALAI,Urban,5,cat5,"HSS (VI-XII)",4,"Government Aided",3,ST,0,0,0,0,0,0,0,7,14,21,21,20,16,8,0,0,0,0,0,11,7,8,5,10,5,9
2019-20,33,Tamilnadu,3306,TIRUVANNAMALAI,330606,THELLAR,Rural,5,cat5,"HSS (VI-XII)",5,"Private Unaided (Recognized)",3,ST,0,0,0,0,0,0,0,0,0,0,0,0,0,0,0,0,0,0,0,0,0,0,0,0,0,0
2019-20,33,Tamilnadu,3306,TIRUVANNAMALAI,330611,CHETPET,Rural,5,cat5,"HSS (VI-XII)",5,"Private Unaided (Recognized)",3,ST,0,0,0,0,0,0,0,0,0,0,0,0,0,0,0,0,0,0,0,0,0,0,0,0,0,0
2019-20,33,Tamilnadu,3306,TIRUVANNAMALAI,330614,TIRUVANNAMALAI,Rural,5,cat5,"HSS (VI-XII)",5,"Private Unaided (Recognized)",3,ST,0,0,0,0,0,0,0,2,4,2,0,5,5,2,0,0,0,0,0,4,0,0,1,1,3,1
2019-20,33,Tamilnadu,3306,TIRUVANNAMALAI,330616,CHENGAM,Urban,5,cat5,"HSS (VI-XII)",5,"Private Unaided (Recognized)",3,ST,0,0,0,0,0,0,0,3,1,3,3,0,2,1,0,0,0,0,0,0,1,2,1,1,1,0
2019-20,33,Tamilnadu,3306,TIRUVANNAMALAI,330601,VEMBAKKAM,Rural,1,cat1,"PS (I-V)",1,"Department of Education",3,ST,1,1,21,18,12,12,13,0,0,0,0,0,0,0,10,23,14,8,14,0,0,0,0,0,0,0
2019-20,33,Tamilnadu,3306,TIRUVANNAMALAI,330602,CHEYYAR,Rural,1,cat1,"PS (I-V)",1,"Department of Education",3,ST,3,1,16,10,17,10,13,0,0,0,0,0,0,0,12,10,18,18,8,0,0,0,0,0,0,0
2019-20,33,Tamilnadu,3306,TIRUVANNAMALAI,330603,ANAKKAVUR,Rural,1,cat1,"PS (I-V)",1,"Department of Education",3,ST,0,1,7,12,13,13,13,0,0,0,0,0,0,0,13,9,12,9,16,0,0,0,0,0,0,0
2019-20,33,Tamilnadu,3306,TIRUVANNAMALAI,330604,PERANAMALLUR,Rural,1,cat1,"PS (I-V)",1,"Department of Education",3,ST,0,0,12,10,7,6,3,0,0,0,0,0,0,0,3,8,4,9,4,0,0,0,0,0,0,0
2019-20,33,Tamilnadu,3306,TIRUVANNAMALAI,330605,VANDAVASI,Rural,1,cat1,"PS (I-V)",1,"Department of Education",3,ST,1,1,27,15,22,13,17,0,0,0,0,0,0,0,24,19,15,15,18,0,0,0,0,0,0,0
2019-20,33,Tamilnadu,3306,TIRUVANNAMALAI,330606,THELLAR,Rural,1,cat1,"PS (I-V)",1,"Department of Education",3,ST,0,0,26,23,10,6,11,0,0,0,0,0,0,0,26,19,21,14,12,0,0,0,0,0,0,0
2019-20,33,Tamilnadu,3306,TIRUVANNAMALAI,330607,ARNI,Rural,1,cat1,"PS (I-V)",1,"Department of Education",3,ST,0,0,3,5,0,2,1,0,0,0,0,0,0,0,3,6,3,4,3,0,0,0,0,0,0,0
2019-20,33,Tamilnadu,3306,TIRUVANNAMALAI,330608,"WEST ARNI",Rural,1,cat1,"PS (I-V)",1,"Department of Education",3,ST,0,0,2,2,1,4,2,0,0,0,0,0,0,0,7,4,3,1,2,0,0,0,0,0,0,0
2019-20,33,Tamilnadu,3306,TIRUVANNAMALAI,330609,POLUR,Rural,1,cat1,"PS (I-V)",1,"Department of Education",3,ST,0,0,5,8,6,4,4,0,0,0,0,0,0,0,8,8,4,9,3,0,0,0,0,0,0,0
2019-20,33,Tamilnadu,3306,TIRUVANNAMALAI,330610,KALASAPAKKAM,Rural,1,cat1,"PS (I-V)",1,"Department of Education",3,ST,0,0,3,1,1,2,3,0,0,0,0,0,0,0,2,2,2,0,4,0,0,0,0,0,0,0
2019-20,33,Tamilnadu,3306,TIRUVANNAMALAI,330611,CHETPET,Rural,1,cat1,"PS (I-V)",1,"Department of Education",3,ST,0,0,2,3,4,1,1,0,0,0,0,0,0,0,5,1,2,0,2,0,0,0,0,0,0,0
2019-20,33,Tamilnadu,3306,TIRUVANNAMALAI,330612,THURINJAPURAM,Rural,1,cat1,"PS (I-V)",1,"Department of Education",3,ST,1,1,6,9,17,14,8,0,0,0,0,0,0,0,7,12,9,6,8,0,0,0,0,0,0,0
2019-20,33,Tamilnadu,3306,TIRUVANNAMALAI,330613,KILPENNATHUR,Rural,1,cat1,"PS (I-V)",1,"Department of Education",3,ST,0,0,5,14,18,9,8,0,0,0,0,0,0,0,8,10,15,13,11,0,0,0,0,0,0,0
2019-20,33,Tamilnadu,3306,TIRUVANNAMALAI,330614,TIRUVANNAMALAI,Rural,1,cat1,"PS (I-V)",1,"Department of Education",3,ST,1,0,5,11,20,10,10,0,0,0,0,0,0,0,13,7,11,14,4,0,0,0,0,0,0,0
2019-20,33,Tamilnadu,3306,TIRUVANNAMALAI,330615,PUDUPALAYAM,Rural,1,cat1,"PS (I-V)",1,"Department of Education",3,ST,0,0,3,7,8,4,3,0,0,0,0,0,0,0,7,2,3,4,6,0,0,0,0,0,0,0
2019-20,33,Tamilnadu,3306,TIRUVANNAMALAI,330616,CHENGAM,Rural,1,cat1,"PS (I-V)",1,"Department of Education",3,ST,0,0,15,10,18,15,16,0,0,0,0,0,0,0,16,12,7,17,13,0,0,0,0,0,0,0
2019-20,33,Tamilnadu,3306,TIRUVANNAMALAI,330617,THANDRAMPET,Rural,1,cat1,"PS (I-V)",1,"Department of Education",3,ST,11,17,60,58,68,54,70,0,0,0,0,0,0,0,56,57,65,61,58,0,0,0,0,0,0,0
2019-20,33,Tamilnadu,3306,TIRUVANNAMALAI,330618,"JAWADHU HILLS",Rural,1,cat1,"PS (I-V)",1,"Department of Education",3,ST,0,0,205,166,181,151,146,0,0,0,0,0,0,0,179,174,190,156,128,0,0,0,0,0,0,0
2019-20,33,Tamilnadu,3306,TIRUVANNAMALAI,330604,PERANAMALLUR,Urban,1,cat1,"PS (I-V)",1,"Department of Education",3,ST,0,0,1,0,2,0,1,0,0,0,0,0,0,0,1,1,0,0,0,0,0,0,0,0,0,0
2019-20,33,Tamilnadu,3306,TIRUVANNAMALAI,330605,VANDAVASI,Urban,1,cat1,"PS (I-V)",1,"Department of Education",3,ST,0,0,0,0,3,0,0,0,0,0,0,0,0,0,1,1,2,1,0,0,0,0,0,0,0,0
2019-20,33,Tamilnadu,3306,TIRUVANNAMALAI,330606,THELLAR,Urban,1,cat1,"PS (I-V)",1,"Department of Education",3,ST,0,0,0,0,0,0,1,0,0,0,0,0,0,0,3,0,2,0,0,0,0,0,0,0,0,0
2019-20,33,Tamilnadu,3306,TIRUVANNAMALAI,330608,"WEST ARNI",Urban,1,cat1,"PS (I-V)",1,"Department of Education",3,ST,0,0,0,2,1,1,2,0,0,0,0,0,0,0,0,1,0,0,4,0,0,0,0,0,0,0
2019-20,33,Tamilnadu,3306,TIRUVANNAMALAI,330609,POLUR,Urban,1,cat1,"PS (I-V)",1,"Department of Education",3,ST,0,0,0,0,0,0,0,0,0,0,0,0,0,0,0,0,0,0,0,0,0,0,0,0,0,0
2019-20,33,Tamilnadu,3306,TIRUVANNAMALAI,330611,CHETPET,Urban,1,cat1,"PS (I-V)",1,"Department of Education",3,ST,0,0,3,1,0,1,0,0,0,0,0,0,0,0,1,0,0,0,1,0,0,0,0,0,0,0
2019-20,33,Tamilnadu,3306,TIRUVANNAMALAI,330613,KILPENNATHUR,Urban,1,cat1,"PS (I-V)",1,"Department of Education",3,ST,2,1,8,7,11,7,8,0,0,0,0,0,0,0,5,6,10,6,6,0,0,0,0,0,0,0
2019-20,33,Tamilnadu,3306,TIRUVANNAMALAI,330614,TIRUVANNAMALAI,Urban,1,cat1,"PS (I-V)",1,"Department of Education",3,ST,0,0,4,2,0,1,1,0,0,0,0,0,0,0,1,1,3,0,3,0,0,0,0,0,0,0
2019-20,33,Tamilnadu,3306,TIRUVANNAMALAI,330615,PUDUPALAYAM,Urban,1,cat1,"PS (I-V)",1,"Department of Education",3,ST,0,0,0,0,0,0,0,0,0,0,0,0,0,0,0,0,0,0,0,0,0,0,0,0,0,0
2019-20,33,Tamilnadu,3306,TIRUVANNAMALAI,330616,CHENGAM,Urban,1,cat1,"PS (I-V)",1,"Department of Education",3,ST,0,0,0,0,0,1,0,0,0,0,0,0,0,0,3,1,1,0,0,0,0,0,0,0,0,0
2019-20,33,Tamilnadu,3306,TIRUVANNAMALAI,330601,VEMBAKKAM,Rural,1,cat1,"PS (I-V)",2,"Tribal Welfare Department",3,ST,0,0,0,0,0,0,0,0,0,0,0,0,0,0,0,0,0,0,0,0,0,0,0,0,0,0
2019-20,33,Tamilnadu,3306,TIRUVANNAMALAI,330602,CHEYYAR,Rural,1,cat1,"PS (I-V)",2,"Tribal Welfare Department",3,ST,0,0,0,0,0,0,0,0,0,0,0,0,0,0,0,0,0,0,0,0,0,0,0,0,0,0
2019-20,33,Tamilnadu,3306,TIRUVANNAMALAI,330603,ANAKKAVUR,Rural,1,cat1,"PS (I-V)",2,"Tribal Welfare Department",3,ST,0,0,0,0,0,0,0,0,0,0,0,0,0,0,0,0,0,0,0,0,0,0,0,0,0,0
2019-20,33,Tamilnadu,3306,TIRUVANNAMALAI,330604,PERANAMALLUR,Rural,1,cat1,"PS (I-V)",2,"Tribal Welfare Department",3,ST,0,0,0,0,0,0,0,0,0,0,0,0,0,0,0,0,0,0,0,0,0,0,0,0,0,0
2019-20,33,Tamilnadu,3306,TIRUVANNAMALAI,330605,VANDAVASI,Rural,1,cat1,"PS (I-V)",2,"Tribal Welfare Department",3,ST,0,0,0,0,0,0,0,0,0,0,0,0,0,0,0,0,0,0,0,0,0,0,0,0,0,0
2019-20,33,Tamilnadu,3306,TIRUVANNAMALAI,330606,THELLAR,Rural,1,cat1,"PS (I-V)",2,"Tribal Welfare Department",3,ST,0,0,0,0,0,0,0,0,0,0,0,0,0,0,0,0,0,0,0,0,0,0,0,0,0,0
2019-20,33,Tamilnadu,3306,TIRUVANNAMALAI,330607,ARNI,Rural,1,cat1,"PS (I-V)",2,"Tribal Welfare Department",3,ST,0,0,0,0,0,0,0,0,0,0,0,0,0,0,0,0,0,0,0,0,0,0,0,0,0,0
2019-20,33,Tamilnadu,3306,TIRUVANNAMALAI,330608,"WEST ARNI",Rural,1,cat1,"PS (I-V)",2,"Tribal Welfare Department",3,ST,0,0,0,0,0,0,0,0,0,0,0,0,0,0,0,0,0,0,0,0,0,0,0,0,0,0
2019-20,33,Tamilnadu,3306,TIRUVANNAMALAI,330609,POLUR,Rural,1,cat1,"PS (I-V)",2,"Tribal Welfare Department",3,ST,0,0,0,0,0,0,0,0,0,0,0,0,0,0,0,0,0,0,0,0,0,0,0,0,0,0
2019-20,33,Tamilnadu,3306,TIRUVANNAMALAI,330610,KALASAPAKKAM,Rural,1,cat1,"PS (I-V)",2,"Tribal Welfare Department",3,ST,0,0,0,0,0,0,0,0,0,0,0,0,0,0,0,0,0,0,0,0,0,0,0,0,0,0
2019-20,33,Tamilnadu,3306,TIRUVANNAMALAI,330611,CHETPET,Rural,1,cat1,"PS (I-V)",2,"Tribal Welfare Department",3,ST,0,0,0,0,0,0,0,0,0,0,0,0,0,0,0,0,0,0,0,0,0,0,0,0,0,0
2019-20,33,Tamilnadu,3306,TIRUVANNAMALAI,330612,THURINJAPURAM,Rural,1,cat1,"PS (I-V)",2,"Tribal Welfare Department",3,ST,0,0,0,0,0,0,0,0,0,0,0,0,0,0,0,0,0,0,0,0,0,0,0,0,0,0
2019-20,33,Tamilnadu,3306,TIRUVANNAMALAI,330614,TIRUVANNAMALAI,Rural,1,cat1,"PS (I-V)",2,"Tribal Welfare Department",3,ST,0,0,0,2,0,1,2,0,0,0,0,0,0,0,0,2,1,1,0,0,0,0,0,0,0,0
2019-20,33,Tamilnadu,3306,TIRUVANNAMALAI,330615,PUDUPALAYAM,Rural,1,cat1,"PS (I-V)",2,"Tribal Welfare Department",3,ST,0,0,0,0,0,0,0,0,0,0,0,0,0,0,0,0,0,0,0,0,0,0,0,0,0,0
2019-20,33,Tamilnadu,3306,TIRUVANNAMALAI,330616,CHENGAM,Rural,1,cat1,"PS (I-V)",2,"Tribal Welfare Department",3,ST,0,0,0,0,0,0,0,0,0,0,0,0,0,0,0,0,0,0,0,0,0,0,0,0,0,0
2019-20,33,Tamilnadu,3306,TIRUVANNAMALAI,330617,THANDRAMPET,Rural,1,cat1,"PS (I-V)",2,"Tribal Welfare Department",3,ST,0,0,7,13,14,10,7,0,0,0,0,0,0,0,7,3,7,10,13,0,0,0,0,0,0,0
2019-20,33,Tamilnadu,3306,TIRUVANNAMALAI,330618,"JAWADHU HILLS",Rural,1,cat1,"PS (I-V)",2,"Tribal Welfare Department",3,ST,0,0,141,130,106,116,108,0,0,0,0,0,0,0,119,120,104,87,67,0,0,0,0,0,0,0
2019-20,33,Tamilnadu,3306,TIRUVANNAMALAI,330613,KILPENNATHUR,Urban,1,cat1,"PS (I-V)",2,"Tribal Welfare Department",3,ST,0,0,0,0,0,0,0,0,0,0,0,0,0,0,0,0,0,0,0,0,0,0,0,0,0,0
2019-20,33,Tamilnadu,3306,TIRUVANNAMALAI,330614,TIRUVANNAMALAI,Urban,1,cat1,"PS (I-V)",2,"Tribal Welfare Department",3,ST,0,0,0,0,0,0,0,0,0,0,0,0,0,0,0,0,0,0,0,0,0,0,0,0,0,0
2019-20,33,Tamilnadu,3306,TIRUVANNAMALAI,330602,CHEYYAR,Urban,1,cat1,"PS (I-V)",3,"Local body",3,ST,0,1,1,0,0,2,1,0,0,0,0,0,0,0,0,2,2,0,1,0,0,0,0,0,0,0
2019-20,33,Tamilnadu,3306,TIRUVANNAMALAI,330607,ARNI,Urban,1,cat1,"PS (I-V)",3,"Local body",3,ST,0,0,0,0,0,0,0,0,0,0,0,0,0,0,0,0,0,0,0,0,0,0,0,0,0,0
2019-20,33,Tamilnadu,3306,TIRUVANNAMALAI,330614,TIRUVANNAMALAI,Urban,1,cat1,"PS (I-V)",3,"Local body",3,ST,1,1,2,4,2,3,3,0,0,0,0,0,0,0,2,1,2,6,1,0,0,0,0,0,0,0
2019-20,33,Tamilnadu,3306,TIRUVANNAMALAI,330602,CHEYYAR,Rural,1,cat1,"PS (I-V)",4,"Government Aided",3,ST,0,0,0,0,0,0,0,0,0,0,0,0,0,0,0,0,0,0,0,0,0,0,0,0,0,0
2019-20,33,Tamilnadu,3306,TIRUVANNAMALAI,330603,ANAKKAVUR,Rural,1,cat1,"PS (I-V)",4,"Government Aided",3,ST,0,0,0,0,0,0,0,0,0,0,0,0,0,0,0,0,0,0,0,0,0,0,0,0,0,0
2019-20,33,Tamilnadu,3306,TIRUVANNAMALAI,330604,PERANAMALLUR,Rural,1,cat1,"PS (I-V)",4,"Government Aided",3,ST,0,0,0,0,0,0,0,0,0,0,0,0,0,0,0,0,0,0,0,0,0,0,0,0,0,0
2019-20,33,Tamilnadu,3306,TIRUVANNAMALAI,330605,VANDAVASI,Rural,1,cat1,"PS (I-V)",4,"Government Aided",3,ST,0,0,2,1,1,3,0,0,0,0,0,0,0,0,1,1,0,1,1,0,0,0,0,0,0,0
2019-20,33,Tamilnadu,3306,TIRUVANNAMALAI,330606,THELLAR,Rural,1,cat1,"PS (I-V)",4,"Government Aided",3,ST,0,0,0,5,2,0,0,0,0,0,0,0,0,0,2,0,2,0,1,0,0,0,0,0,0,0
2019-20,33,Tamilnadu,3306,TIRUVANNAMALAI,330607,ARNI,Rural,1,cat1,"PS (I-V)",4,"Government Aided",3,ST,0,0,0,0,0,0,0,0,0,0,0,0,0,0,0,0,0,0,0,0,0,0,0,0,0,0
2019-20,33,Tamilnadu,3306,TIRUVANNAMALAI,330608,"WEST ARNI",Rural,1,cat1,"PS (I-V)",4,"Government Aided",3,ST,0,0,0,0,0,0,0,0,0,0,0,0,0,0,0,0,0,0,0,0,0,0,0,0,0,0
2019-20,33,Tamilnadu,3306,TIRUVANNAMALAI,330609,POLUR,Rural,1,cat1,"PS (I-V)",4,"Government Aided",3,ST,0,0,2,1,1,1,1,0,0,0,0,0,0,0,5,4,4,6,1,0,0,0,0,0,0,0
2019-20,33,Tamilnadu,3306,TIRUVANNAMALAI,330610,KALASAPAKKAM,Rural,1,cat1,"PS (I-V)",4,"Government Aided",3,ST,0,0,0,0,0,0,0,0,0,0,0,0,0,0,0,0,0,0,0,0,0,0,0,0,0,0
2019-20,33,Tamilnadu,3306,TIRUVANNAMALAI,330611,CHETPET,Rural,1,cat1,"PS (I-V)",4,"Government Aided",3,ST,0,0,0,0,0,0,0,0,0,0,0,0,0,0,0,0,1,0,0,0,0,0,0,0,0,0
2019-20,33,Tamilnadu,3306,TIRUVANNAMALAI,330612,THURINJAPURAM,Rural,1,cat1,"PS (I-V)",4,"Government Aided",3,ST,0,0,0,1,1,0,1,0,0,0,0,0,0,0,1,2,3,0,2,0,0,0,0,0,0,0
2019-20,33,Tamilnadu,3306,TIRUVANNAMALAI,330613,KILPENNATHUR,Rural,1,cat1,"PS (I-V)",4,"Government Aided",3,ST,0,0,1,0,1,4,1,0,0,0,0,0,0,0,0,0,0,0,2,0,0,0,0,0,0,0
2019-20,33,Tamilnadu,3306,TIRUVANNAMALAI,330614,TIRUVANNAMALAI,Rural,1,cat1,"PS (I-V)",4,"Government Aided",3,ST,0,0,0,0,1,1,0,0,0,0,0,0,0,0,0,0,1,0,1,0,0,0,0,0,0,0
2019-20,33,Tamilnadu,3306,TIRUVANNAMALAI,330615,PUDUPALAYAM,Rural,1,cat1,"PS (I-V)",4,"Government Aided",3,ST,0,0,1,1,2,2,1,0,0,0,0,0,0,0,3,1,2,1,0,0,0,0,0,0,0,0
2019-20,33,Tamilnadu,3306,TIRUVANNAMALAI,330616,CHENGAM,Rural,1,cat1,"PS (I-V)",4,"Government Aided",3,ST,0,0,0,0,0,0,0,0,0,0,0,0,0,0,0,0,0,0,0,0,0,0,0,0,0,0
2019-20,33,Tamilnadu,3306,TIRUVANNAMALAI,330617,THANDRAMPET,Rural,1,cat1,"PS (I-V)",4,"Government Aided",3,ST,0,0,8,14,22,22,14,0,0,0,0,0,0,0,6,15,6,16,22,0,0,0,0,0,0,0
2019-20,33,Tamilnadu,3306,TIRUVANNAMALAI,330618,"JAWADHU HILLS",Rural,1,cat1,"PS (I-V)",4,"Government Aided",3,ST,0,0,55,55,60,38,75,0,0,0,0,0,0,0,49,64,47,49,45,0,0,0,0,0,0,0
2019-20,33,Tamilnadu,3306,TIRUVANNAMALAI,330602,CHEYYAR,Urban,1,cat1,"PS (I-V)",4,"Government Aided",3,ST,1,0,2,1,1,3,1,0,0,0,0,0,0,0,0,1,4,1,2,0,0,0,0,0,0,0
2019-20,33,Tamilnadu,3306,TIRUVANNAMALAI,330605,VANDAVASI,Urban,1,cat1,"PS (I-V)",4,"Government Aided",3,ST,0,1,0,2,2,1,4,0,0,0,0,0,0,0,0,0,2,2,2,0,0,0,0,0,0,0
2019-20,33,Tamilnadu,3306,TIRUVANNAMALAI,330607,ARNI,Urban,1,cat1,"PS (I-V)",4,"Government Aided",3,ST,0,0,1,0,2,0,0,0,0,0,0,0,0,0,1,0,1,1,0,0,0,0,0,0,0,0
2019-20,33,Tamilnadu,3306,TIRUVANNAMALAI,330609,POLUR,Urban,1,cat1,"PS (I-V)",4,"Government Aided",3,ST,0,0,0,0,0,0,0,0,0,0,0,0,0,0,0,0,0,0,0,0,0,0,0,0,0,0
2019-20,33,Tamilnadu,3306,TIRUVANNAMALAI,330611,CHETPET,Urban,1,cat1,"PS (I-V)",4,"Government Aided",3,ST,0,0,1,0,0,0,0,0,0,0,0,0,0,0,1,0,0,2,2,0,0,0,0,0,0,0
2019-20,33,Tamilnadu,3306,TIRUVANNAMALAI,330613,KILPENNATHUR,Urban,1,cat1,"PS (I-V)",4,"Government Aided",3,ST,0,0,0,1,0,0,0,0,0,0,0,0,0,0,0,1,0,0,0,0,0,0,0,0,0,0
2019-20,33,Tamilnadu,3306,TIRUVANNAMALAI,330614,TIRUVANNAMALAI,Urban,1,cat1,"PS (I-V)",4,"Government Aided",3,ST,3,2,3,8,9,7,15,0,0,0,0,0,0,0,8,4,9,5,11,0,0,0,0,0,0,0
2019-20,33,Tamilnadu,3306,TIRUVANNAMALAI,330616,CHENGAM,Urban,1,cat1,"PS (I-V)",4,"Government Aided",3,ST,0,0,0,0,0,0,0,0,0,0,0,0,0,0,0,0,0,0,0,0,0,0,0,0,0,0
2019-20,33,Tamilnadu,3306,TIRUVANNAMALAI,330601,VEMBAKKAM,Rural,1,cat1,"PS (I-V)",5,"Private Unaided (Recognized)",3,ST,1,2,0,0,0,0,0,0,0,0,0,0,0,0,0,0,0,0,0,0,0,0,0,0,0,0
2019-20,33,Tamilnadu,3306,TIRUVANNAMALAI,330602,CHEYYAR,Rural,1,cat1,"PS (I-V)",5,"Private Unaided (Recognized)",3,ST,1,0,0,0,0,0,0,0,0,0,0,0,0,0,0,1,0,0,0,0,0,0,0,0,0,0
2019-20,33,Tamilnadu,3306,TIRUVANNAMALAI,330603,ANAKKAVUR,Rural,1,cat1,"PS (I-V)",5,"Private Unaided (Recognized)",3,ST,0,0,0,0,0,0,0,0,0,0,0,0,0,0,0,0,0,0,0,0,0,0,0,0,0,0
2019-20,33,Tamilnadu,3306,TIRUVANNAMALAI,330604,PERANAMALLUR,Rural,1,cat1,"PS (I-V)",5,"Private Unaided (Recognized)",3,ST,1,0,0,0,0,0,0,0,0,0,0,0,0,0,3,0,0,1,0,0,0,0,0,0,0,0
2019-20,33,Tamilnadu,3306,TIRUVANNAMALAI,330605,VANDAVASI,Rural,1,cat1,"PS (I-V)",5,"Private Unaided (Recognized)",3,ST,1,0,0,0,0,0,0,0,0,0,0,0,0,0,0,1,0,1,0,0,0,0,0,0,0,0
2019-20,33,Tamilnadu,3306,TIRUVANNAMALAI,330606,THELLAR,Rural,1,cat1,"PS (I-V)",5,"Private Unaided (Recognized)",3,ST,1,0,0,0,0,0,0,0,0,0,0,0,0,0,0,0,0,0,0,0,0,0,0,0,0,0
2019-20,33,Tamilnadu,3306,TIRUVANNAMALAI,330607,ARNI,Rural,1,cat1,"PS (I-V)",5,"Private Unaided (Recognized)",3,ST,0,1,0,0,0,0,0,0,0,0,0,0,0,0,0,0,0,0,0,0,0,0,0,0,0,0
2019-20,33,Tamilnadu,3306,TIRUVANNAMALAI,330608,"WEST ARNI",Rural,1,cat1,"PS (I-V)",5,"Private Unaided (Recognized)",3,ST,0,0,0,0,0,0,0,0,0,0,0,0,0,0,0,0,0,0,1,0,0,0,0,0,0,0
2019-20,33,Tamilnadu,3306,TIRUVANNAMALAI,330609,POLUR,Rural,1,cat1,"PS (I-V)",5,"Private Unaided (Recognized)",3,ST,3,1,1,2,0,0,0,0,0,0,0,0,0,0,0,0,0,0,0,0,0,0,0,0,0,0
2019-20,33,Tamilnadu,3306,TIRUVANNAMALAI,330610,KALASAPAKKAM,Rural,1,cat1,"PS (I-V)",5,"Private Unaided (Recognized)",3,ST,1,0,0,0,0,0,0,0,0,0,0,0,0,0,0,2,0,0,0,0,0,0,0,0,0,0
2019-20,33,Tamilnadu,3306,TIRUVANNAMALAI,330611,CHETPET,Rural,1,cat1,"PS (I-V)",5,"Private Unaided (Recognized)",3,ST,2,0,0,0,0,0,0,0,0,0,0,0,0,0,0,0,0,0,0,0,0,0,0,0,0,0
2019-20,33,Tamilnadu,3306,TIRUVANNAMALAI,330612,THURINJAPURAM,Rural,1,cat1,"PS (I-V)",5,"Private Unaided (Recognized)",3,ST,0,0,0,0,0,0,0,0,0,0,0,0,0,0,0,1,0,0,0,0,0,0,0,0,0,0
2019-20,33,Tamilnadu,3306,TIRUVANNAMALAI,330613,KILPENNATHUR,Rural,1,cat1,"PS (I-V)",5,"Private Unaided (Recognized)",3,ST,0,2,1,0,0,0,0,0,0,0,0,0,0,0,0,0,1,0,0,0,0,0,0,0,0,0
2019-20,33,Tamilnadu,3306,TIRUVANNAMALAI,330614,TIRUVANNAMALAI,Rural,1,cat1,"PS (I-V)",5,"Private Unaided (Recognized)",3,ST,12,8,2,4,2,2,0,0,0,0,0,0,0,0,1,2,2,6,1,0,0,0,0,0,0,0
2019-20,33,Tamilnadu,3306,TIRUVANNAMALAI,330615,PUDUPALAYAM,Rural,1,cat1,"PS (I-V)",5,"Private Unaided (Recognized)",3,ST,0,0,0,0,0,0,0,0,0,0,0,0,0,0,0,0,0,0,0,0,0,0,0,0,0,0
2019-20,33,Tamilnadu,3306,TIRUVANNAMALAI,330616,CHENGAM,Rural,1,cat1,"PS (I-V)",5,"Private Unaided (Recognized)",3,ST,1,2,2,3,1,0,1,0,0,0,0,0,0,0,1,1,1,0,1,0,0,0,0,0,0,0
2019-20,33,Tamilnadu,3306,TIRUVANNAMALAI,330617,THANDRAMPET,Rural,1,cat1,"PS (I-V)",5,"Private Unaided (Recognized)",3,ST,53,46,23,18,18,20,9,0,0,0,0,0,0,0,16,8,7,6,5,0,0,0,0,0,0,0
2019-20,33,Tamilnadu,3306,TIRUVANNAMALAI,330618,"JAWADHU HILLS",Rural,1,cat1,"PS (I-V)",5,"Private Unaided (Recognized)",3,ST,81,64,68,40,25,29,42,0,0,0,0,0,0,0,37,39,15,11,19,0,0,0,0,0,0,0
2019-20,33,Tamilnadu,3306,TIRUVANNAMALAI,330602,CHEYYAR,Urban,1,cat1,"PS (I-V)",5,"Private Unaided (Recognized)",3,ST,1,0,0,0,0,0,0,0,0,0,0,0,0,0,0,0,0,1,0,0,0,0,0,0,0,0
2019-20,33,Tamilnadu,3306,TIRUVANNAMALAI,330604,PERANAMALLUR,Urban,1,cat1,"PS (I-V)",5,"Private Unaided (Recognized)",3,ST,0,0,0,0,0,0,0,0,0,0,0,0,0,0,0,0,0,0,0,0,0,0,0,0,0,0
2019-20,33,Tamilnadu,3306,TIRUVANNAMALAI,330605,VANDAVASI,Urban,1,cat1,"PS (I-V)",5,"Private Unaided (Recognized)",3,ST,4,1,0,0,0,0,0,0,0,0,0,0,0,0,1,2,0,0,0,0,0,0,0,0,0,0
2019-20,33,Tamilnadu,3306,TIRUVANNAMALAI,330607,ARNI,Urban,1,cat1,"PS (I-V)",5,"Private Unaided (Recognized)",3,ST,2,0,1,1,0,0,0,0,0,0,0,0,0,0,0,0,0,0,0,0,0,0,0,0,0,0
2019-20,33,Tamilnadu,3306,TIRUVANNAMALAI,330609,POLUR,Urban,1,cat1,"PS (I-V)",5,"Private Unaided (Recognized)",3,ST,1,0,0,0,0,0,1,0,0,0,0,0,0,0,0,0,0,0,0,0,0,0,0,0,0,0
2019-20,33,Tamilnadu,3306,TIRUVANNAMALAI,330611,CHETPET,Urban,1,cat1,"PS (I-V)",5,"Private Unaided (Recognized)",3,ST,0,0,0,0,0,0,0,0,0,0,0,0,0,0,0,0,0,0,0,0,0,0,0,0,0,0
2019-20,33,Tamilnadu,3306,TIRUVANNAMALAI,330613,KILPENNATHUR,Urban,1,cat1,"PS (I-V)",5,"Private Unaided (Recognized)",3,ST,0,0,0,0,0,0,0,0,0,0,0,0,0,0,0,0,0,0,0,0,0,0,0,0,0,0
2019-20,33,Tamilnadu,3306,TIRUVANNAMALAI,330614,TIRUVANNAMALAI,Urban,1,cat1,"PS (I-V)",5,"Private Unaided (Recognized)",3,ST,10,5,5,2,3,2,2,0,0,0,0,0,0,0,5,5,0,0,1,0,0,0,0,0,0,0
2019-20,33,Tamilnadu,3306,TIRUVANNAMALAI,330615,PUDUPALAYAM,Urban,1,cat1,"PS (I-V)",5,"Private Unaided (Recognized)",3,ST,0,0,0,0,0,0,0,0,0,0,0,0,0,0,0,0,0,0,0,0,0,0,0,0,0,0
2019-20,33,Tamilnadu,3306,TIRUVANNAMALAI,330616,CHENGAM,Urban,1,cat1,"PS (I-V)",5,"Private Unaided (Recognized)",3,ST,0,2,0,0,1,0,0,0,0,0,0,0,0,0,0,0,1,0,0,0,0,0,0,0,0,0
2019-20,33,Tamilnadu,3306,TIRUVANNAMALAI,330617,THANDRAMPET,Urban,1,cat1,"PS (I-V)",5,"Private Unaided (Recognized)",3,ST,1,1,0,0,0,0,0,0,0,0,0,0,0,0,0,0,0,0,0,0,0,0,0,0,0,0
2019-20,33,Tamilnadu,3306,TIRUVANNAMALAI,330601,VEMBAKKAM,Rural,6,cat6,"SS (I-X)",5,"Private Unaided (Recognized)",3,ST,0,2,0,2,0,0,1,0,0,0,0,0,0,0,0,0,0,0,0,0,0,0,1,0,0,0
2019-20,33,Tamilnadu,3306,TIRUVANNAMALAI,330602,CHEYYAR,Rural,6,cat6,"SS (I-X)",5,"Private Unaided (Recognized)",3,ST,0,0,0,0,0,0,0,0,0,0,0,0,0,0,0,0,0,0,0,0,0,0,0,0,0,0
2019-20,33,Tamilnadu,3306,TIRUVANNAMALAI,330603,ANAKKAVUR,Rural,6,cat6,"SS (I-X)",5,"Private Unaided (Recognized)",3,ST,0,0,1,0,0,0,1,1,0,0,0,0,0,0,0,0,0,0,0,0,0,0,0,0,0,0
2019-20,33,Tamilnadu,3306,TIRUVANNAMALAI,330604,PERANAMALLUR,Rural,6,cat6,"SS (I-X)",5,"Private Unaided (Recognized)",3,ST,0,0,0,0,0,0,0,0,0,0,0,0,0,0,0,0,0,0,0,0,0,0,0,0,0,0
2019-20,33,Tamilnadu,3306,TIRUVANNAMALAI,330605,VANDAVASI,Rural,6,cat6,"SS (I-X)",5,"Private Unaided (Recognized)",3,ST,0,1,0,0,0,0,0,0,0,0,0,0,0,0,0,0,0,0,0,0,0,0,0,0,0,0
2019-20,33,Tamilnadu,3306,TIRUVANNAMALAI,330606,THELLAR,Rural,6,cat6,"SS (I-X)",5,"Private Unaided (Recognized)",3,ST,1,0,0,0,0,0,0,0,0,0,0,0,0,0,0,0,0,0,0,0,0,0,0,0,0,0
2019-20,33,Tamilnadu,3306,TIRUVANNAMALAI,330607,ARNI,Rural,6,cat6,"SS (I-X)",5,"Private Unaided (Recognized)",3,ST,0,0,0,0,0,0,0,0,0,0,0,0,0,0,0,0,0,0,0,0,0,0,0,0,0,0
2019-20,33,Tamilnadu,3306,TIRUVANNAMALAI,330608,"WEST ARNI",Rural,6,cat6,"SS (I-X)",5,"Private Unaided (Recognized)",3,ST,0,0,0,0,0,0,0,0,0,0,0,0,0,0,0,0,0,0,0,0,0,0,0,0,0,0
2019-20,33,Tamilnadu,3306,TIRUVANNAMALAI,330609,POLUR,Rural,6,cat6,"SS (I-X)",5,"Private Unaided (Recognized)",3,ST,1,1,0,0,0,1,0,0,0,0,0,0,0,0,0,0,0,1,0,1,0,0,0,0,0,0
2019-20,33,Tamilnadu,3306,TIRUVANNAMALAI,330611,CHETPET,Rural,6,cat6,"SS (I-X)",5,"Private Unaided (Recognized)",3,ST,1,0,0,0,0,0,0,0,0,0,0,0,0,0,0,0,0,0,0,0,1,0,0,0,0,0
2019-20,33,Tamilnadu,3306,TIRUVANNAMALAI,330612,THURINJAPURAM,Rural,6,cat6,"SS (I-X)",5,"Private Unaided (Recognized)",3,ST,13,2,2,2,4,2,0,0,1,0,0,0,0,0,1,2,2,2,0,1,0,1,0,0,0,0
2019-20,33,Tamilnadu,3306,TIRUVANNAMALAI,330613,KILPENNATHUR,Rural,6,cat6,"SS (I-X)",5,"Private Unaided (Recognized)",3,ST,4,3,1,3,2,1,6,1,2,0,1,1,0,0,1,3,1,0,2,0,1,0,0,0,0,0
2019-20,33,Tamilnadu,3306,TIRUVANNAMALAI,330614,TIRUVANNAMALAI,Rural,6,cat6,"SS (I-X)",5,"Private Unaided (Recognized)",3,ST,5,5,2,2,1,1,5,1,1,0,1,1,0,0,1,1,1,1,1,2,4,2,1,1,0,0
2019-20,33,Tamilnadu,3306,TIRUVANNAMALAI,330615,PUDUPALAYAM,Rural,6,cat6,"SS (I-X)",5,"Private Unaided (Recognized)",3,ST,0,0,0,0,0,0,0,0,1,0,0,0,0,0,0,0,0,4,0,0,0,0,0,0,0,0
2019-20,33,Tamilnadu,3306,TIRUVANNAMALAI,330616,CHENGAM,Rural,6,cat6,"SS (I-X)",5,"Private Unaided (Recognized)",3,ST,8,2,2,3,3,2,0,0,0,0,0,0,0,0,3,2,0,1,1,0,0,0,0,0,0,0
2019-20,33,Tamilnadu,3306,TIRUVANNAMALAI,330617,THANDRAMPET,Rural,6,cat6,"SS (I-X)",5,"Private Unaided (Recognized)",3,ST,0,1,0,2,0,0,0,1,2,3,0,0,0,0,1,0,0,1,0,1,0,2,0,0,0,0
2019-20,33,Tamilnadu,3306,TIRUVANNAMALAI,330602,CHEYYAR,Urban,6,cat6,"SS (I-X)",5,"Private Unaided (Recognized)",3,ST,0,0,0,1,0,0,0,0,0,0,0,0,0,0,0,0,1,0,1,1,0,0,0,0,0,0
2019-20,33,Tamilnadu,3306,TIRUVANNAMALAI,330605,VANDAVASI,Urban,6,cat6,"SS (I-X)",5,"Private Unaided (Recognized)",3,ST,0,0,0,0,0,0,0,0,0,0,0,0,0,0,0,0,0,0,1,0,0,0,0,0,0,0
2019-20,33,Tamilnadu,3306,TIRUVANNAMALAI,330607,ARNI,Urban,6,cat6,"SS (I-X)",5,"Private Unaided (Recognized)",3,ST,0,0,0,0,0,0,0,0,1,0,0,0,0,0,0,0,0,0,0,0,0,0,0,0,0,0
2019-20,33,Tamilnadu,3306,TIRUVANNAMALAI,330608,"WEST ARNI",Urban,6,cat6,"SS (I-X)",5,"Private Unaided (Recognized)",3,ST,0,0,0,0,0,0,0,0,0,0,0,0,0,0,0,0,0,0,0,0,0,0,0,0,0,0
2019-20,33,Tamilnadu,3306,TIRUVANNAMALAI,330611,CHETPET,Urban,6,cat6,"SS (I-X)",5,"Private Unaided (Recognized)",3,ST,0,0,0,0,0,0,0,0,0,0,0,0,0,0,0,0,0,0,0,0,0,0,0,0,0,0
2019-20,33,Tamilnadu,3306,TIRUVANNAMALAI,330613,KILPENNATHUR,Urban,6,cat6,"SS (I-X)",5,"Private Unaided (Recognized)",3,ST,1,0,0,1,1,0,0,0,0,0,0,0,0,0,0,0,0,0,0,0,0,0,0,0,0,0
2019-20,33,Tamilnadu,3306,TIRUVANNAMALAI,330614,TIRUVANNAMALAI,Urban,6,cat6,"SS (I-X)",5,"Private Unaided (Recognized)",3,ST,0,0,0,0,1,0,0,0,0,0,0,1,0,0,0,0,0,0,0,1,0,0,0,0,0,0
2019-20,33,Tamilnadu,3306,TIRUVANNAMALAI,330601,VEMBAKKAM,Rural,7,cat7,"SS (VI-X)",1,"Department of Education",3,ST,0,0,0,0,0,0,0,0,4,3,2,4,0,0,0,0,0,0,0,4,2,3,4,5,0,0
2019-20,33,Tamilnadu,3306,TIRUVANNAMALAI,330602,CHEYYAR,Rural,7,cat7,"SS (VI-X)",1,"Department of Education",3,ST,0,0,0,0,0,0,0,4,1,2,6,2,0,0,0,0,0,0,0,3,5,4,3,3,0,0
2019-20,33,Tamilnadu,3306,TIRUVANNAMALAI,330603,ANAKKAVUR,Rural,7,cat7,"SS (VI-X)",1,"Department of Education",3,ST,0,0,0,0,0,0,0,0,2,1,1,1,0,0,0,0,0,0,0,1,1,1,1,0,0,0
2019-20,33,Tamilnadu,3306,TIRUVANNAMALAI,330604,PERANAMALLUR,Rural,7,cat7,"SS (VI-X)",1,"Department of Education",3,ST,0,0,0,0,0,0,0,4,4,3,4,5,0,0,0,0,0,0,0,4,3,1,3,3,0,0
2019-20,33,Tamilnadu,3306,TIRUVANNAMALAI,330605,VANDAVASI,Rural,7,cat7,"SS (VI-X)",1,"Department of Education",3,ST,0,0,0,0,0,0,0,7,3,4,2,2,0,0,0,0,0,0,0,7,7,5,5,5,0,0
2019-20,33,Tamilnadu,3306,TIRUVANNAMALAI,330606,THELLAR,Rural,7,cat7,"SS (VI-X)",1,"Department of Education",3,ST,0,0,0,0,0,0,0,11,10,5,5,3,0,0,0,0,0,0,0,10,3,10,4,6,0,0
2019-20,33,Tamilnadu,3306,TIRUVANNAMALAI,330607,ARNI,Rural,7,cat7,"SS (VI-X)",1,"Department of Education",3,ST,0,0,0,0,0,0,0,2,0,2,0,0,0,0,0,0,0,0,0,2,1,0,3,2,0,0
2019-20,33,Tamilnadu,3306,TIRUVANNAMALAI,330608,"WEST ARNI",Rural,7,cat7,"SS (VI-X)",1,"Department of Education",3,ST,0,0,0,0,0,0,0,1,3,1,0,2,0,0,0,0,0,0,0,0,6,1,2,1,0,0
2019-20,33,Tamilnadu,3306,TIRUVANNAMALAI,330609,POLUR,Rural,7,cat7,"SS (VI-X)",1,"Department of Education",3,ST,0,0,0,0,0,0,0,6,15,3,6,0,0,0,0,0,0,0,0,3,7,4,5,3,0,0
2019-20,33,Tamilnadu,3306,TIRUVANNAMALAI,330610,KALASAPAKKAM,Rural,7,cat7,"SS (VI-X)",1,"Department of Education",3,ST,0,0,0,0,0,0,0,1,1,3,1,0,0,0,0,0,0,0,0,1,5,1,1,0,0,0
2019-20,33,Tamilnadu,3306,TIRUVANNAMALAI,330611,CHETPET,Rural,7,cat7,"SS (VI-X)",1,"Department of Education",3,ST,0,0,0,0,0,0,0,0,2,0,3,1,0,0,0,0,0,0,0,0,0,1,0,1,0,0
2019-20,33,Tamilnadu,3306,TIRUVANNAMALAI,330612,THURINJAPURAM,Rural,7,cat7,"SS (VI-X)",1,"Department of Education",3,ST,0,0,0,0,0,0,0,3,6,0,3,5,0,0,0,0,0,0,0,4,3,2,2,2,0,0
2019-20,33,Tamilnadu,3306,TIRUVANNAMALAI,330613,KILPENNATHUR,Rural,7,cat7,"SS (VI-X)",1,"Department of Education",3,ST,0,0,0,0,0,0,0,10,8,5,5,6,0,0,0,0,0,0,0,5,5,8,12,4,0,0
2019-20,33,Tamilnadu,3306,TIRUVANNAMALAI,330614,TIRUVANNAMALAI,Rural,7,cat7,"SS (VI-X)",1,"Department of Education",3,ST,0,0,0,0,0,0,0,6,8,3,1,5,0,0,0,0,0,0,0,8,5,7,2,2,0,0
2019-20,33,Tamilnadu,3306,TIRUVANNAMALAI,330615,PUDUPALAYAM,Rural,7,cat7,"SS (VI-X)",1,"Department of Education",3,ST,0,0,0,0,0,0,0,2,2,3,2,0,0,0,0,0,0,0,0,1,3,1,2,1,0,0
2019-20,33,Tamilnadu,3306,TIRUVANNAMALAI,330616,CHENGAM,Rural,7,cat7,"SS (VI-X)",1,"Department of Education",3,ST,0,0,0,0,0,0,0,3,4,5,6,2,0,0,0,0,0,0,0,5,1,4,7,5,0,0
2019-20,33,Tamilnadu,3306,TIRUVANNAMALAI,330617,THANDRAMPET,Rural,7,cat7,"SS (VI-X)",1,"Department of Education",3,ST,0,0,0,0,0,0,0,28,28,21,23,8,0,0,0,0,0,0,0,21,28,29,38,20,0,0
2019-20,33,Tamilnadu,3306,TIRUVANNAMALAI,330618,"JAWADHU HILLS",Rural,7,cat7,"SS (VI-X)",1,"Department of Education",3,ST,0,0,0,0,0,0,0,14,23,19,26,16,0,0,0,0,0,0,0,12,15,15,28,18,0,0
2019-20,33,Tamilnadu,3306,TIRUVANNAMALAI,330602,CHEYYAR,Urban,7,cat7,"SS (VI-X)",1,"Department of Education",3,ST,0,0,0,0,0,0,0,3,0,3,2,0,0,0,0,0,0,0,0,0,0,0,1,1,0,0
2019-20,33,Tamilnadu,3306,TIRUVANNAMALAI,330604,PERANAMALLUR,Urban,7,cat7,"SS (VI-X)",1,"Department of Education",3,ST,0,0,0,0,0,0,0,1,0,0,0,1,0,0,0,0,0,0,0,0,2,2,0,0,0,0
2019-20,33,Tamilnadu,3306,TIRUVANNAMALAI,330616,CHENGAM,Urban,7,cat7,"SS (VI-X)",1,"Department of Education",3,ST,0,0,0,0,0,0,0,0,0,0,0,0,0,0,0,0,0,0,0,0,0,0,0,0,0,0
2019-20,33,Tamilnadu,3306,TIRUVANNAMALAI,330601,VEMBAKKAM,Rural,7,cat7,"SS (VI-X)",2,"Tribal Welfare Department",3,ST,0,0,0,0,0,0,0,0,0,1,0,0,0,0,0,0,0,0,0,0,0,0,1,0,0,0
2019-20,33,Tamilnadu,3306,TIRUVANNAMALAI,330602,CHEYYAR,Rural,7,cat7,"SS (VI-X)",2,"Tribal Welfare Department",3,ST,0,0,0,0,0,0,0,0,1,3,2,0,0,0,0,0,0,0,0,1,0,2,2,0,0,0
2019-20,33,Tamilnadu,3306,TIRUVANNAMALAI,330609,POLUR,Rural,7,cat7,"SS (VI-X)",2,"Tribal Welfare Department",3,ST,0,0,0,0,0,0,0,0,0,0,0,0,0,0,0,0,0,0,0,0,0,0,0,0,0,0
2019-20,33,Tamilnadu,3306,TIRUVANNAMALAI,330610,KALASAPAKKAM,Rural,7,cat7,"SS (VI-X)",2,"Tribal Welfare Department",3,ST,0,0,0,0,0,0,0,0,0,0,0,0,0,0,0,0,0,0,0,0,0,0,0,0,0,0
2019-20,33,Tamilnadu,3306,TIRUVANNAMALAI,330614,TIRUVANNAMALAI,Rural,7,cat7,"SS (VI-X)",2,"Tribal Welfare Department",3,ST,0,0,0,0,0,0,0,4,4,0,5,0,0,0,0,0,0,0,0,3,4,1,3,3,0,0
2019-20,33,Tamilnadu,3306,TIRUVANNAMALAI,330616,CHENGAM,Rural,7,cat7,"SS (VI-X)",2,"Tribal Welfare Department",3,ST,0,0,0,0,0,0,0,0,0,0,0,0,0,0,0,0,0,0,0,0,0,0,0,0,0,0
2019-20,33,Tamilnadu,3306,TIRUVANNAMALAI,330618,"JAWADHU HILLS",Rural,7,cat7,"SS (VI-X)",2,"Tribal Welfare Department",3,ST,0,0,0,0,0,0,0,43,36,34,41,20,0,0,0,0,0,0,0,20,21,20,30,7,0,0
2019-20,33,Tamilnadu,3306,TIRUVANNAMALAI,330602,CHEYYAR,Urban,7,cat7,"SS (VI-X)",3,"Local body",3,ST,0,0,0,0,0,0,0,0,0,0,0,0,0,0,0,0,0,0,0,0,0,0,0,0,0,0
2019-20,33,Tamilnadu,3306,TIRUVANNAMALAI,330607,ARNI,Urban,7,cat7,"SS (VI-X)",3,"Local body",3,ST,0,0,0,0,0,0,0,0,0,0,1,0,0,0,0,0,0,0,0,0,0,0,0,0,0,0
2019-20,33,Tamilnadu,3306,TIRUVANNAMALAI,330614,TIRUVANNAMALAI,Urban,7,cat7,"SS (VI-X)",3,"Local body",3,ST,0,0,0,0,0,0,0,2,0,1,0,0,0,0,0,0,0,0,0,5,2,3,4,4,0,0
2019-20,33,Tamilnadu,3306,TIRUVANNAMALAI,330609,POLUR,Rural,7,cat7,"SS (VI-X)",4,"Government Aided",3,ST,0,0,0,0,0,0,0,0,0,0,0,0,0,0,0,0,0,0,0,0,0,0,0,0,0,0
2019-20,33,Tamilnadu,3306,TIRUVANNAMALAI,330612,THURINJAPURAM,Rural,7,cat7,"SS (VI-X)",4,"Government Aided",3,ST,0,0,0,0,0,0,0,0,0,0,0,0,0,0,0,0,0,0,0,0,0,0,0,0,0,0
2019-20,33,Tamilnadu,3306,TIRUVANNAMALAI,330613,KILPENNATHUR,Rural,7,cat7,"SS (VI-X)",4,"Government Aided",3,ST,0,0,0,0,0,0,0,1,0,0,1,1,0,0,0,0,0,0,0,1,0,1,1,1,0,0
2019-20,33,Tamilnadu,3306,TIRUVANNAMALAI,330614,TIRUVANNAMALAI,Rural,7,cat7,"SS (VI-X)",4,"Government Aided",3,ST,0,0,0,0,0,0,0,1,0,0,2,1,0,0,0,0,0,0,0,1,0,1,0,1,0,0
2019-20,33,Tamilnadu,3306,TIRUVANNAMALAI,330615,PUDUPALAYAM,Rural,7,cat7,"SS (VI-X)",4,"Government Aided",3,ST,0,0,0,0,0,0,0,1,0,1,1,1,0,0,0,0,0,0,0,2,3,3,2,2,0,0
2019-20,33,Tamilnadu,3306,TIRUVANNAMALAI,330602,CHEYYAR,Urban,7,cat7,"SS (VI-X)",4,"Government Aided",3,ST,0,0,0,0,0,0,0,0,0,0,2,0,0,0,0,0,0,0,0,2,0,0,1,0,0,0
2019-20,33,Tamilnadu,3306,TIRUVANNAMALAI,330605,VANDAVASI,Urban,7,cat7,"SS (VI-X)",4,"Government Aided",3,ST,0,0,0,0,0,0,0,2,1,2,1,0,0,0,0,0,0,0,0,5,1,1,2,0,0,0
2019-20,33,Tamilnadu,3306,TIRUVANNAMALAI,330613,KILPENNATHUR,Urban,7,cat7,"SS (VI-X)",4,"Government Aided",3,ST,0,0,0,0,0,0,0,0,0,0,0,0,0,0,0,0,0,0,0,0,0,0,0,0,0,0
2019-20,33,Tamilnadu,3306,TIRUVANNAMALAI,330614,TIRUVANNAMALAI,Urban,7,cat7,"SS (VI-X)",4,"Government Aided",3,ST,0,0,0,0,0,0,0,0,0,0,0,0,0,0,0,0,0,0,0,0,0,0,0,0,0,0
2019-20,33,Tamilnadu,3306,TIRUVANNAMALAI,330611,CHETPET,Rural,7,cat7,"SS (VI-X)",5,"Private Unaided (Recognized)",3,ST,0,0,0,0,0,0,0,0,0,0,0,0,0,0,0,0,0,0,0,0,0,0,0,0,0,0
2019-20,33,Tamilnadu,3306,TIRUVANNAMALAI,330616,CHENGAM,Rural,7,cat7,"SS (VI-X)",5,"Private Unaided (Recognized)",3,ST,0,0,0,0,0,0,0,0,0,0,0,0,0,0,0,0,0,0,0,0,0,0,0,0,0,0
2019-20,33,Tamilnadu,3306,TIRUVANNAMALAI,330617,THANDRAMPET,Rural,7,cat7,"SS (VI-X)",5,"Private Unaided (Recognized)",3,ST,0,0,0,0,0,0,0,10,16,24,21,28,0,0,0,0,0,0,0,13,16,27,35,29,0,0
2019-20,33,Tamilnadu,3306,TIRUVANNAMALAI,330601,VEMBAKKAM,Rural,2,cat2,"UPS (I-VIII)",1,"Department of Education",3,ST,1,2,6,6,5,5,1,2,3,4,0,0,0,0,4,6,2,5,2,4,4,5,0,0,0,0
2019-20,33,Tamilnadu,3306,TIRUVANNAMALAI,330602,CHEYYAR,Rural,2,cat2,"UPS (I-VIII)",1,"Department of Education",3,ST,0,2,1,0,1,0,1,1,0,1,0,0,0,0,1,1,1,0,1,0,1,1,0,0,0,0
2019-20,33,Tamilnadu,3306,TIRUVANNAMALAI,330603,ANAKKAVUR,Rural,2,cat2,"UPS (I-VIII)",1,"Department of Education",3,ST,0,0,4,3,3,8,4,4,4,3,0,0,0,0,2,3,2,1,2,5,3,3,0,0,0,0
2019-20,33,Tamilnadu,3306,TIRUVANNAMALAI,330604,PERANAMALLUR,Rural,2,cat2,"UPS (I-VIII)",1,"Department of Education",3,ST,0,0,2,1,4,1,1,3,3,1,0,0,0,0,5,2,2,1,4,1,2,8,0,0,0,0
2019-20,33,Tamilnadu,3306,TIRUVANNAMALAI,330605,VANDAVASI,Rural,2,cat2,"UPS (I-VIII)",1,"Department of Education",3,ST,0,0,7,6,10,7,4,11,10,9,0,0,0,0,3,5,7,4,2,10,9,16,0,0,0,0
2019-20,33,Tamilnadu,3306,TIRUVANNAMALAI,330606,THELLAR,Rural,2,cat2,"UPS (I-VIII)",1,"Department of Education",3,ST,0,1,9,4,4,5,6,8,9,6,0,0,0,0,11,8,5,8,4,11,8,3,0,0,0,0
2019-20,33,Tamilnadu,3306,TIRUVANNAMALAI,330607,ARNI,Rural,2,cat2,"UPS (I-VIII)",1,"Department of Education",3,ST,0,0,4,4,2,0,5,0,2,3,0,0,0,0,1,1,2,2,3,1,1,3,0,0,0,0
2019-20,33,Tamilnadu,3306,TIRUVANNAMALAI,330608,"WEST ARNI",Rural,2,cat2,"UPS (I-VIII)",1,"Department of Education",3,ST,0,0,4,0,3,2,0,4,2,1,0,0,0,0,5,1,7,1,1,1,1,0,0,0,0,0
2019-20,33,Tamilnadu,3306,TIRUVANNAMALAI,330609,POLUR,Rural,2,cat2,"UPS (I-VIII)",1,"Department of Education",3,ST,0,1,2,1,1,0,2,0,0,2,0,0,0,0,2,0,2,1,2,3,1,0,0,0,0,0
2019-20,33,Tamilnadu,3306,TIRUVANNAMALAI,330610,KALASAPAKKAM,Rural,2,cat2,"UPS (I-VIII)",1,"Department of Education",3,ST,0,0,4,3,1,1,4,2,3,1,0,0,0,0,0,0,3,1,4,4,3,2,0,0,0,0
2019-20,33,Tamilnadu,3306,TIRUVANNAMALAI,330611,CHETPET,Rural,2,cat2,"UPS (I-VIII)",1,"Department of Education",3,ST,1,3,0,2,2,1,1,1,0,0,0,0,0,0,1,0,0,1,0,0,2,1,0,0,0,0
2019-20,33,Tamilnadu,3306,TIRUVANNAMALAI,330612,THURINJAPURAM,Rural,2,cat2,"UPS (I-VIII)",1,"Department of Education",3,ST,2,2,3,1,3,2,2,2,2,4,0,0,0,0,3,0,2,3,2,2,4,2,0,0,0,0
2019-20,33,Tamilnadu,3306,TIRUVANNAMALAI,330613,KILPENNATHUR,Rural,2,cat2,"UPS (I-VIII)",1,"Department of Education",3,ST,0,0,1,2,0,0,0,1,1,0,0,0,0,0,0,3,0,1,0,1,2,1,0,0,0,0
2019-20,33,Tamilnadu,3306,TIRUVANNAMALAI,330614,TIRUVANNAMALAI,Rural,2,cat2,"UPS (I-VIII)",1,"Department of Education",3,ST,1,0,2,10,13,11,6,10,7,9,0,0,0,0,7,4,10,9,6,7,6,4,0,0,0,0
2019-20,33,Tamilnadu,3306,TIRUVANNAMALAI,330615,PUDUPALAYAM,Rural,2,cat2,"UPS (I-VIII)",1,"Department of Education",3,ST,1,2,0,1,3,1,1,0,0,0,0,0,0,0,2,1,1,0,2,1,0,0,0,0,0,0
2019-20,33,Tamilnadu,3306,TIRUVANNAMALAI,330616,CHENGAM,Rural,2,cat2,"UPS (I-VIII)",1,"Department of Education",3,ST,0,0,11,6,11,8,6,14,9,3,0,0,0,0,5,10,13,13,9,8,10,8,0,0,0,0
2019-20,33,Tamilnadu,3306,TIRUVANNAMALAI,330617,THANDRAMPET,Rural,2,cat2,"UPS (I-VIII)",1,"Department of Education",3,ST,0,0,20,29,36,30,33,32,37,30,0,0,0,0,21,25,22,34,35,36,38,25,0,0,0,0
2019-20,33,Tamilnadu,3306,TIRUVANNAMALAI,330618,"JAWADHU HILLS",Rural,2,cat2,"UPS (I-VIII)",1,"Department of Education",3,ST,77,64,67,64,77,61,69,74,83,86,0,0,0,0,72,74,72,48,68,70,94,83,0,0,0,0
2019-20,33,Tamilnadu,3306,TIRUVANNAMALAI,330608,"WEST ARNI",Urban,2,cat2,"UPS (I-VIII)",1,"Department of Education",3,ST,0,0,0,0,0,0,0,0,0,0,0,0,0,0,0,0,0,0,0,0,0,0,0,0,0,0
2019-20,33,Tamilnadu,3306,TIRUVANNAMALAI,330609,POLUR,Urban,2,cat2,"UPS (I-VIII)",1,"Department of Education",3,ST,0,0,0,0,0,0,0,0,0,0,0,0,0,0,0,0,0,0,0,0,0,0,0,0,0,0
2019-20,33,Tamilnadu,3306,TIRUVANNAMALAI,330613,KILPENNATHUR,Urban,2,cat2,"UPS (I-VIII)",1,"Department of Education",3,ST,0,0,0,0,0,0,0,1,1,1,0,0,0,0,0,0,0,0,0,0,0,0,0,0,0,0
2019-20,33,Tamilnadu,3306,TIRUVANNAMALAI,330615,PUDUPALAYAM,Urban,2,cat2,"UPS (I-VIII)",1,"Department of Education",3,ST,0,0,0,0,0,0,0,0,0,0,0,0,0,0,0,0,0,0,0,0,0,1,0,0,0,0
2019-20,33,Tamilnadu,3306,TIRUVANNAMALAI,330616,CHENGAM,Urban,2,cat2,"UPS (I-VIII)",1,"Department of Education",3,ST,0,0,0,0,0,1,0,0,0,0,0,0,0,0,0,0,0,0,0,0,1,0,0,0,0,0
2019-20,33,Tamilnadu,3306,TIRUVANNAMALAI,330601,VEMBAKKAM,Rural,2,cat2,"UPS (I-VIII)",2,"Tribal Welfare Department",3,ST,0,0,0,0,0,0,0,0,0,0,0,0,0,0,0,0,0,0,0,0,0,0,0,0,0,0
2019-20,33,Tamilnadu,3306,TIRUVANNAMALAI,330607,ARNI,Rural,2,cat2,"UPS (I-VIII)",2,"Tribal Welfare Department",3,ST,0,0,0,0,0,0,1,0,0,0,0,0,0,0,0,0,1,0,0,0,0,0,0,0,0,0
2019-20,33,Tamilnadu,3306,TIRUVANNAMALAI,330609,POLUR,Rural,2,cat2,"UPS (I-VIII)",2,"Tribal Welfare Department",3,ST,0,0,0,0,1,0,0,0,0,2,0,0,0,0,0,0,0,0,1,1,0,0,0,0,0,0
2019-20,33,Tamilnadu,3306,TIRUVANNAMALAI,330610,KALASAPAKKAM,Rural,2,cat2,"UPS (I-VIII)",2,"Tribal Welfare Department",3,ST,0,0,0,0,0,0,0,0,0,0,0,0,0,0,0,0,0,0,0,0,0,0,0,0,0,0
2019-20,33,Tamilnadu,3306,TIRUVANNAMALAI,330613,KILPENNATHUR,Rural,2,cat2,"UPS (I-VIII)",2,"Tribal Welfare Department",3,ST,0,0,0,0,0,0,0,0,0,0,0,0,0,0,0,0,0,0,0,0,0,0,0,0,0,0
2019-20,33,Tamilnadu,3306,TIRUVANNAMALAI,330614,TIRUVANNAMALAI,Rural,2,cat2,"UPS (I-VIII)",2,"Tribal Welfare Department",3,ST,0,0,0,0,0,0,0,0,0,0,0,0,0,0,0,0,0,0,0,0,0,0,0,0,0,0
2019-20,33,Tamilnadu,3306,TIRUVANNAMALAI,330616,CHENGAM,Rural,2,cat2,"UPS (I-VIII)",2,"Tribal Welfare Department",3,ST,0,0,0,0,0,0,0,0,0,0,0,0,0,0,0,0,0,0,0,0,0,0,0,0,0,0
2019-20,33,Tamilnadu,3306,TIRUVANNAMALAI,330618,"JAWADHU HILLS",Rural,2,cat2,"UPS (I-VIII)",2,"Tribal Welfare Department",3,ST,8,20,79,89,95,74,80,126,118,91,0,0,0,0,68,68,76,77,82,79,83,83,0,0,0,0
2019-20,33,Tamilnadu,3306,TIRUVANNAMALAI,330607,ARNI,Rural,2,cat2,"UPS (I-VIII)",3,"Local body",3,ST,0,0,0,0,0,0,0,0,0,0,0,0,0,0,0,0,0,0,0,0,0,0,0,0,0,0
2019-20,33,Tamilnadu,3306,TIRUVANNAMALAI,330602,CHEYYAR,Urban,2,cat2,"UPS (I-VIII)",3,"Local body",3,ST,0,0,0,0,0,0,2,0,1,0,0,0,0,0,0,0,0,0,1,0,0,0,0,0,0,0
2019-20,33,Tamilnadu,3306,TIRUVANNAMALAI,330607,ARNI,Urban,2,cat2,"UPS (I-VIII)",3,"Local body",3,ST,0,1,3,2,1,0,1,0,0,1,0,0,0,0,2,2,0,1,0,0,0,0,0,0,0,0
2019-20,33,Tamilnadu,3306,TIRUVANNAMALAI,330614,TIRUVANNAMALAI,Urban,2,cat2,"UPS (I-VIII)",3,"Local body",3,ST,0,1,0,1,1,1,0,2,0,1,0,0,0,0,2,1,0,2,0,0,1,2,0,0,0,0
2019-20,33,Tamilnadu,3306,TIRUVANNAMALAI,330604,PERANAMALLUR,Rural,2,cat2,"UPS (I-VIII)",4,"Government Aided",3,ST,0,0,0,0,0,0,0,0,0,0,0,0,0,0,0,0,0,0,0,0,0,0,0,0,0,0
2019-20,33,Tamilnadu,3306,TIRUVANNAMALAI,330608,"WEST ARNI",Rural,2,cat2,"UPS (I-VIII)",4,"Government Aided",3,ST,0,0,0,0,0,0,0,0,0,0,0,0,0,0,0,0,0,0,0,0,0,0,0,0,0,0
2019-20,33,Tamilnadu,3306,TIRUVANNAMALAI,330610,KALASAPAKKAM,Rural,2,cat2,"UPS (I-VIII)",4,"Government Aided",3,ST,0,0,0,0,0,0,0,0,0,0,0,0,0,0,1,0,0,0,0,0,0,0,0,0,0,0
2019-20,33,Tamilnadu,3306,TIRUVANNAMALAI,330611,CHETPET,Rural,2,cat2,"UPS (I-VIII)",4,"Government Aided",3,ST,0,0,2,0,0,1,1,1,1,0,0,0,0,0,1,1,1,2,2,0,1,0,0,0,0,0
2019-20,33,Tamilnadu,3306,TIRUVANNAMALAI,330612,THURINJAPURAM,Rural,2,cat2,"UPS (I-VIII)",4,"Government Aided",3,ST,0,0,0,0,0,0,1,0,0,1,0,0,0,0,0,0,1,0,0,2,1,0,0,0,0,0
2019-20,33,Tamilnadu,3306,TIRUVANNAMALAI,330614,TIRUVANNAMALAI,Rural,2,cat2,"UPS (I-VIII)",4,"Government Aided",3,ST,0,0,0,0,0,0,0,0,0,1,0,0,0,0,0,0,0,0,0,0,0,0,0,0,0,0
2019-20,33,Tamilnadu,3306,TIRUVANNAMALAI,330617,THANDRAMPET,Rural,2,cat2,"UPS (I-VIII)",4,"Government Aided",3,ST,0,0,0,0,0,0,1,1,0,0,0,0,0,0,0,0,1,2,1,2,0,0,0,0,0,0
2019-20,33,Tamilnadu,3306,TIRUVANNAMALAI,330606,THELLAR,Urban,2,cat2,"UPS (I-VIII)",4,"Government Aided",3,ST,0,0,0,1,1,0,0,0,1,0,0,0,0,0,0,1,0,0,0,0,0,0,0,0,0,0
2019-20,33,Tamilnadu,3306,TIRUVANNAMALAI,330609,POLUR,Urban,2,cat2,"UPS (I-VIII)",4,"Government Aided",3,ST,0,0,0,0,0,1,0,0,0,0,0,0,0,0,0,0,0,0,0,0,0,0,0,0,0,0
2019-20,33,Tamilnadu,3306,TIRUVANNAMALAI,330614,TIRUVANNAMALAI,Urban,2,cat2,"UPS (I-VIII)",4,"Government Aided",3,ST,5,2,1,0,0,1,1,2,1,1,0,0,0,0,0,1,1,2,0,3,2,1,0,0,0,0
2019-20,33,Tamilnadu,3306,TIRUVANNAMALAI,330602,CHEYYAR,Rural,2,cat2,"UPS (I-VIII)",5,"Private Unaided (Recognized)",3,ST,0,0,0,0,0,0,0,0,0,0,0,0,0,0,0,0,0,0,0,0,0,0,0,0,0,0
2019-20,33,Tamilnadu,3306,TIRUVANNAMALAI,330608,"WEST ARNI",Rural,2,cat2,"UPS (I-VIII)",5,"Private Unaided (Recognized)",3,ST,0,0,0,0,0,0,0,0,0,0,0,0,0,0,0,0,0,0,0,0,0,0,0,0,0,0
2019-20,33,Tamilnadu,3306,TIRUVANNAMALAI,330609,POLUR,Rural,2,cat2,"UPS (I-VIII)",5,"Private Unaided (Recognized)",3,ST,0,0,0,0,0,0,0,0,0,0,0,0,0,0,0,0,0,0,0,0,0,0,0,0,0,0
2019-20,33,Tamilnadu,3306,TIRUVANNAMALAI,330610,KALASAPAKKAM,Rural,2,cat2,"UPS (I-VIII)",5,"Private Unaided (Recognized)",3,ST,1,0,0,0,0,0,0,0,0,0,0,0,0,0,0,0,0,0,0,0,0,0,0,0,0,0
2019-20,33,Tamilnadu,3306,TIRUVANNAMALAI,330612,THURINJAPURAM,Rural,2,cat2,"UPS (I-VIII)",5,"Private Unaided (Recognized)",3,ST,0,0,0,0,0,0,0,0,0,0,0,0,0,0,0,0,0,0,0,0,0,0,0,0,0,0
2019-20,33,Tamilnadu,3306,TIRUVANNAMALAI,330613,KILPENNATHUR,Rural,2,cat2,"UPS (I-VIII)",5,"Private Unaided (Recognized)",3,ST,0,0,0,0,0,0,0,0,0,0,0,0,0,0,0,0,0,0,0,0,0,0,0,0,0,0
2019-20,33,Tamilnadu,3306,TIRUVANNAMALAI,330614,TIRUVANNAMALAI,Rural,2,cat2,"UPS (I-VIII)",5,"Private Unaided (Recognized)",3,ST,0,0,0,0,0,0,0,0,0,0,0,0,0,0,0,0,0,0,0,0,0,0,0,0,0,0
2019-20,33,Tamilnadu,3306,TIRUVANNAMALAI,330616,CHENGAM,Rural,2,cat2,"UPS (I-VIII)",5,"Private Unaided (Recognized)",3,ST,2,0,0,0,0,0,0,0,0,0,0,0,0,0,0,0,0,0,0,0,0,0,0,0,0,0
2019-20,33,Tamilnadu,3306,TIRUVANNAMALAI,330617,THANDRAMPET,Rural,2,cat2,"UPS (I-VIII)",5,"Private Unaided (Recognized)",3,ST,0,0,5,1,2,7,4,9,7,11,0,0,0,0,1,7,4,4,8,8,10,6,0,0,0,0
2019-20,33,Tamilnadu,3306,TIRUVANNAMALAI,330602,CHEYYAR,Urban,2,cat2,"UPS (I-VIII)",5,"Private Unaided (Recognized)",3,ST,0,0,0,0,0,0,0,0,0,0,0,0,0,0,0,0,0,0,0,0,0,0,0,0,0,0
2019-20,33,Tamilnadu,3306,TIRUVANNAMALAI,330604,PERANAMALLUR,Urban,2,cat2,"UPS (I-VIII)",5,"Private Unaided (Recognized)",3,ST,0,0,0,0,0,0,0,0,0,0,0,0,0,0,0,0,0,0,0,0,0,0,0,0,0,0
2019-20,33,Tamilnadu,3306,TIRUVANNAMALAI,330614,TIRUVANNAMALAI,Urban,2,cat2,"UPS (I-VIII)",5,"Private Unaided (Recognized)",3,ST,1,0,1,0,0,2,0,0,0,0,0,0,0,0,1,0,0,0,0,0,0,0,0,0,0,0
2019-20,33,Tamilnadu,3306,TIRUVANNAMALAI,330616,CHENGAM,Urban,2,cat2,"UPS (I-VIII)",5,"Private Unaided (Recognized)",3,ST,0,0,0,0,0,1,0,1,0,0,0,0,0,0,0,0,1,0,0,0,0,0,0,0,0,0
2019-20,33,Tamilnadu,3306,TIRUVANNAMALAI,330617,THANDRAMPET,Rural,4,cat4,"UPS (VI-VIII)",6,"Other Govt. managed schools",3,ST,0,0,0,0,0,0,0,0,0,0,0,0,0,0,0,0,0,0,0,5,5,3,0,0,0,0
2019-20,33,Tamilnadu,3306,TIRUVANNAMALAI,330618,"JAWADHU HILLS",Rural,4,cat4,"UPS (VI-VIII)",6,"Other Govt. managed schools",3,ST,0,0,0,0,0,0,0,0,0,0,0,0,0,0,0,0,0,0,0,82,96,102,0,0,0,0
2019-20,33,Tamilnadu,3306,TIRUVANNAMALAI,330614,TIRUVANNAMALAI,Urban,3,cat3,"HSS (I-XII)",3,"Local body",4,OBC,54,87,10,14,11,9,8,0,0,0,0,0,0,0,23,17,20,28,28,262,268,288,425,389,545,493
2019-20,33,Tamilnadu,3306,TIRUVANNAMALAI,330611,CHETPET,Rural,3,cat3,"HSS (I-XII)",4,"Government Aided",4,OBC,0,0,0,0,1,3,0,3,4,2,7,7,6,9,1,0,3,4,2,2,1,2,2,6,2,1
2019-20,33,Tamilnadu,3306,TIRUVANNAMALAI,330614,TIRUVANNAMALAI,Rural,3,cat3,"HSS (I-XII)",4,"Government Aided",4,OBC,0,0,4,6,5,8,7,10,6,7,11,11,12,6,3,3,1,1,3,3,8,9,8,14,10,1
2019-20,33,Tamilnadu,3306,TIRUVANNAMALAI,330601,VEMBAKKAM,Rural,3,cat3,"HSS (I-XII)",5,"Private Unaided (Recognized)",4,OBC,106,59,54,45,41,49,48,41,55,32,41,43,47,39,32,25,40,29,27,34,37,25,35,26,35,41
2019-20,33,Tamilnadu,3306,TIRUVANNAMALAI,330602,CHEYYAR,Rural,3,cat3,"HSS (I-XII)",5,"Private Unaided (Recognized)",4,OBC,328,236,178,184,153,137,126,143,139,115,97,117,39,37,119,134,132,112,121,88,98,80,43,65,16,36
2019-20,33,Tamilnadu,3306,TIRUVANNAMALAI,330603,ANAKKAVUR,Rural,3,cat3,"HSS (I-XII)",5,"Private Unaided (Recognized)",4,OBC,38,14,23,21,20,14,31,19,11,23,46,24,50,18,14,16,12,10,22,13,10,13,33,8,44,12
2019-20,33,Tamilnadu,3306,TIRUVANNAMALAI,330604,PERANAMALLUR,Rural,3,cat3,"HSS (I-XII)",5,"Private Unaided (Recognized)",4,OBC,67,50,30,42,34,22,45,28,31,29,30,33,32,31,19,26,17,21,17,20,25,24,19,27,22,25
2019-20,33,Tamilnadu,3306,TIRUVANNAMALAI,330605,VANDAVASI,Rural,3,cat3,"HSS (I-XII)",5,"Private Unaided (Recognized)",4,OBC,325,252,152,126,139,116,93,98,92,85,65,49,38,25,126,124,112,91,81,66,53,40,34,22,18,18
2019-20,33,Tamilnadu,3306,TIRUVANNAMALAI,330607,ARNI,Rural,3,cat3,"HSS (I-XII)",5,"Private Unaided (Recognized)",4,OBC,296,222,161,166,171,139,187,209,223,191,216,222,146,173,123,126,124,118,124,142,146,119,127,137,122,140
2019-20,33,Tamilnadu,3306,TIRUVANNAMALAI,330608,"WEST ARNI",Rural,3,cat3,"HSS (I-XII)",5,"Private Unaided (Recognized)",4,OBC,394,337,217,213,209,169,175,200,224,194,252,262,240,207,173,165,139,135,182,115,133,164,157,166,198,183
2019-20,33,Tamilnadu,3306,TIRUVANNAMALAI,330609,POLUR,Rural,3,cat3,"HSS (I-XII)",5,"Private Unaided (Recognized)",4,OBC,264,195,143,163,165,134,161,115,112,112,105,108,50,73,114,119,120,102,117,98,100,82,76,89,50,59
2019-20,33,Tamilnadu,3306,TIRUVANNAMALAI,330610,KALASAPAKKAM,Rural,3,cat3,"HSS (I-XII)",5,"Private Unaided (Recognized)",4,OBC,325,219,141,158,118,112,83,104,89,97,61,69,65,52,106,80,83,65,67,61,63,62,46,46,35,34
2019-20,33,Tamilnadu,3306,TIRUVANNAMALAI,330611,CHETPET,Rural,3,cat3,"HSS (I-XII)",5,"Private Unaided (Recognized)",4,OBC,180,149,130,133,150,133,160,122,111,137,129,113,175,165,111,115,104,78,99,82,89,66,75,86,145,125
2019-20,33,Tamilnadu,3306,TIRUVANNAMALAI,330612,THURINJAPURAM,Rural,3,cat3,"HSS (I-XII)",5,"Private Unaided (Recognized)",4,OBC,339,246,193,190,216,227,226,324,307,316,320,381,354,344,129,137,142,132,145,222,227,258,233,276,332,300
2019-20,33,Tamilnadu,3306,TIRUVANNAMALAI,330613,KILPENNATHUR,Rural,3,cat3,"HSS (I-XII)",5,"Private Unaided (Recognized)",4,OBC,230,166,110,120,94,112,104,84,82,71,63,66,59,48,93,71,87,78,50,56,49,37,48,39,37,40
2019-20,33,Tamilnadu,3306,TIRUVANNAMALAI,330614,TIRUVANNAMALAI,Rural,3,cat3,"HSS (I-XII)",5,"Private Unaided (Recognized)",4,OBC,416,354,336,362,386,418,379,468,439,398,393,426,298,325,234,285,246,274,266,359,372,345,330,315,272,251
2019-20,33,Tamilnadu,3306,TIRUVANNAMALAI,330615,PUDUPALAYAM,Rural,3,cat3,"HSS (I-XII)",5,"Private Unaided (Recognized)",4,OBC,57,54,31,24,28,17,23,26,22,24,23,25,19,31,21,20,19,19,16,10,15,18,19,24,5,7
2019-20,33,Tamilnadu,3306,TIRUVANNAMALAI,330617,THANDRAMPET,Rural,3,cat3,"HSS (I-XII)",5,"Private Unaided (Recognized)",4,OBC,597,462,272,278,271,229,237,224,207,201,176,154,172,151,237,231,194,187,152,136,128,122,115,136,134,113
2019-20,33,Tamilnadu,3306,TIRUVANNAMALAI,330602,CHEYYAR,Urban,3,cat3,"HSS (I-XII)",5,"Private Unaided (Recognized)",4,OBC,112,110,37,51,45,56,43,43,42,40,47,61,80,74,44,42,46,34,31,35,36,38,35,28,52,46
2019-20,33,Tamilnadu,3306,TIRUVANNAMALAI,330604,PERANAMALLUR,Urban,3,cat3,"HSS (I-XII)",5,"Private Unaided (Recognized)",4,OBC,202,178,87,78,69,45,54,34,46,22,12,15,8,6,63,52,49,44,36,28,13,14,16,16,9,1
2019-20,33,Tamilnadu,3306,TIRUVANNAMALAI,330605,VANDAVASI,Urban,3,cat3,"HSS (I-XII)",5,"Private Unaided (Recognized)",4,OBC,246,227,129,140,134,130,144,163,147,131,148,150,141,164,135,106,105,111,109,106,89,88,81,91,83,96
2019-20,33,Tamilnadu,3306,TIRUVANNAMALAI,330607,ARNI,Urban,3,cat3,"HSS (I-XII)",5,"Private Unaided (Recognized)",4,OBC,64,48,38,42,51,44,37,52,51,57,51,39,35,36,27,24,34,41,28,34,23,28,23,26,18,15
2019-20,33,Tamilnadu,3306,TIRUVANNAMALAI,330608,"WEST ARNI",Urban,3,cat3,"HSS (I-XII)",5,"Private Unaided (Recognized)",4,OBC,86,55,33,30,36,40,42,27,35,40,28,32,5,16,40,45,30,45,36,23,25,26,28,41,22,16
2019-20,33,Tamilnadu,3306,TIRUVANNAMALAI,330609,POLUR,Urban,3,cat3,"HSS (I-XII)",5,"Private Unaided (Recognized)",4,OBC,68,31,40,25,30,31,27,22,28,17,25,19,11,16,21,25,16,19,22,11,15,11,7,15,10,14
2019-20,33,Tamilnadu,3306,TIRUVANNAMALAI,330613,KILPENNATHUR,Urban,3,cat3,"HSS (I-XII)",5,"Private Unaided (Recognized)",4,OBC,155,106,95,63,52,42,38,47,40,34,31,40,14,31,42,50,37,36,21,23,23,23,20,20,16,14
2019-20,33,Tamilnadu,3306,TIRUVANNAMALAI,330614,TIRUVANNAMALAI,Urban,3,cat3,"HSS (I-XII)",5,"Private Unaided (Recognized)",4,OBC,253,229,150,159,168,170,207,232,220,202,169,190,98,153,112,140,141,128,148,203,164,185,167,153,129,113
2019-20,33,Tamilnadu,3306,TIRUVANNAMALAI,330616,CHENGAM,Urban,3,cat3,"HSS (I-XII)",5,"Private Unaided (Recognized)",4,OBC,225,184,124,138,140,135,131,93,70,80,63,80,74,85,111,124,105,101,96,63,83,67,68,68,59,63
2019-20,33,Tamilnadu,3306,TIRUVANNAMALAI,330614,TIRUVANNAMALAI,Rural,3,cat3,"HSS (I-XII)",92,"Kendriya Vidyalaya / Central School",4,OBC,0,0,67,45,58,48,35,30,20,16,15,10,8,4,50,38,36,41,22,25,18,11,15,8,10,6
2019-20,33,Tamilnadu,3306,TIRUVANNAMALAI,330601,VEMBAKKAM,Rural,5,cat5,"HSS (VI-XII)",1,"Department of Education",4,OBC,0,0,0,0,0,0,0,301,284,296,374,345,391,411,0,0,0,0,0,304,316,308,347,409,477,468
2019-20,33,Tamilnadu,3306,TIRUVANNAMALAI,330602,CHEYYAR,Rural,5,cat5,"HSS (VI-XII)",1,"Department of Education",4,OBC,0,0,0,0,0,0,0,111,112,118,121,124,105,105,0,0,0,0,0,114,88,98,98,135,135,125
2019-20,33,Tamilnadu,3306,TIRUVANNAMALAI,330603,ANAKKAVUR,Rural,5,cat5,"HSS (VI-XII)",1,"Department of Education",4,OBC,0,0,0,0,0,0,0,96,106,109,122,119,116,101,0,0,0,0,0,123,121,113,129,102,135,119
2019-20,33,Tamilnadu,3306,TIRUVANNAMALAI,330604,PERANAMALLUR,Rural,5,cat5,"HSS (VI-XII)",1,"Department of Education",4,OBC,0,0,0,0,0,0,0,62,61,65,92,82,126,111,0,0,0,0,0,57,62,69,81,77,125,117
2019-20,33,Tamilnadu,3306,TIRUVANNAMALAI,330605,VANDAVASI,Rural,5,cat5,"HSS (VI-XII)",1,"Department of Education",4,OBC,0,0,0,0,0,0,0,54,91,82,126,144,99,107,0,0,0,0,0,50,54,64,76,81,118,134
2019-20,33,Tamilnadu,3306,TIRUVANNAMALAI,330606,THELLAR,Rural,5,cat5,"HSS (VI-XII)",1,"Department of Education",4,OBC,0,0,0,0,0,0,0,141,129,137,180,162,223,230,0,0,0,0,0,81,77,101,98,108,193,202
2019-20,33,Tamilnadu,3306,TIRUVANNAMALAI,330607,ARNI,Rural,5,cat5,"HSS (VI-XII)",1,"Department of Education",4,OBC,0,0,0,0,0,0,0,91,118,109,144,122,152,109,0,0,0,0,0,95,108,106,128,125,146,128
2019-20,33,Tamilnadu,3306,TIRUVANNAMALAI,330608,"WEST ARNI",Rural,5,cat5,"HSS (VI-XII)",1,"Department of Education",4,OBC,0,0,0,0,0,0,0,139,169,170,294,277,318,280,0,0,0,0,0,119,102,110,204,225,348,342
2019-20,33,Tamilnadu,3306,TIRUVANNAMALAI,330609,POLUR,Rural,5,cat5,"HSS (VI-XII)",1,"Department of Education",4,OBC,0,0,0,0,0,0,0,195,232,234,323,332,381,377,0,0,0,0,0,147,170,174,241,235,383,354
2019-20,33,Tamilnadu,3306,TIRUVANNAMALAI,330610,KALASAPAKKAM,Rural,5,cat5,"HSS (VI-XII)",1,"Department of Education",4,OBC,0,0,0,0,0,0,0,175,165,196,232,247,296,256,0,0,0,0,0,156,142,150,275,257,271,274
2019-20,33,Tamilnadu,3306,TIRUVANNAMALAI,330611,CHETPET,Rural,5,cat5,"HSS (VI-XII)",1,"Department of Education",4,OBC,0,0,0,0,0,0,0,157,126,130,181,199,242,267,0,0,0,0,0,121,125,130,224,183,253,247
2019-20,33,Tamilnadu,3306,TIRUVANNAMALAI,330612,THURINJAPURAM,Rural,5,cat5,"HSS (VI-XII)",1,"Department of Education",4,OBC,0,0,0,0,0,0,0,114,142,161,193,183,267,261,0,0,0,0,0,131,156,148,200,197,285,286
2019-20,33,Tamilnadu,3306,TIRUVANNAMALAI,330613,KILPENNATHUR,Rural,5,cat5,"HSS (VI-XII)",1,"Department of Education",4,OBC,0,0,0,0,0,0,0,53,55,46,78,81,116,106,0,0,0,0,0,37,46,54,73,87,146,110
2019-20,33,Tamilnadu,3306,TIRUVANNAMALAI,330614,TIRUVANNAMALAI,Rural,5,cat5,"HSS (VI-XII)",1,"Department of Education",4,OBC,0,0,0,0,0,0,0,146,149,160,272,250,269,258,0,0,0,0,0,111,133,142,254,297,267,283
2019-20,33,Tamilnadu,3306,TIRUVANNAMALAI,330615,PUDUPALAYAM,Rural,5,cat5,"HSS (VI-XII)",1,"Department of Education",4,OBC,0,0,0,0,0,0,0,121,145,144,229,229,296,298,0,0,0,0,0,100,127,111,184,193,301,224
2019-20,33,Tamilnadu,3306,TIRUVANNAMALAI,330616,CHENGAM,Rural,5,cat5,"HSS (VI-XII)",1,"Department of Education",4,OBC,0,0,0,0,0,0,0,124,148,138,198,220,312,285,0,0,0,0,0,125,130,130,227,230,305,271
2019-20,33,Tamilnadu,3306,TIRUVANNAMALAI,330617,THANDRAMPET,Rural,5,cat5,"HSS (VI-XII)",1,"Department of Education",4,OBC,0,0,0,0,0,0,0,237,264,284,458,460,559,519,0,0,0,0,0,180,213,227,347,416,568,535
2019-20,33,Tamilnadu,3306,TIRUVANNAMALAI,330618,"JAWADHU HILLS",Rural,5,cat5,"HSS (VI-XII)",1,"Department of Education",4,OBC,0,0,0,0,0,0,0,3,3,5,2,2,2,0,0,0,0,0,0,7,5,4,6,6,19,7
2019-20,33,Tamilnadu,3306,TIRUVANNAMALAI,330602,CHEYYAR,Urban,5,cat5,"HSS (VI-XII)",1,"Department of Education",4,OBC,0,0,0,0,0,0,0,27,35,34,56,69,223,283,0,0,0,0,0,103,98,121,158,163,340,368
2019-20,33,Tamilnadu,3306,TIRUVANNAMALAI,330604,PERANAMALLUR,Urban,5,cat5,"HSS (VI-XII)",1,"Department of Education",4,OBC,0,0,0,0,0,0,0,30,26,30,53,66,63,71,0,0,0,0,0,41,34,35,67,50,70,86
2019-20,33,Tamilnadu,3306,TIRUVANNAMALAI,330605,VANDAVASI,Urban,5,cat5,"HSS (VI-XII)",1,"Department of Education",4,OBC,0,0,0,0,0,0,0,22,28,40,86,79,177,155,0,0,0,0,0,92,109,124,204,203,369,322
2019-20,33,Tamilnadu,3306,TIRUVANNAMALAI,330606,THELLAR,Urban,5,cat5,"HSS (VI-XII)",1,"Department of Education",4,OBC,0,0,0,0,0,0,0,0,0,0,0,0,0,0,0,0,0,0,0,33,14,30,49,55,54,85
2019-20,33,Tamilnadu,3306,TIRUVANNAMALAI,330607,ARNI,Urban,5,cat5,"HSS (VI-XII)",1,"Department of Education",4,OBC,0,0,0,0,0,0,0,2,5,6,11,9,97,99,0,0,0,0,0,48,69,84,127,135,363,417
2019-20,33,Tamilnadu,3306,TIRUVANNAMALAI,330609,POLUR,Urban,5,cat5,"HSS (VI-XII)",1,"Department of Education",4,OBC,0,0,0,0,0,0,0,111,123,133,181,177,288,270,0,0,0,0,0,178,186,234,281,276,454,429
2019-20,33,Tamilnadu,3306,TIRUVANNAMALAI,330611,CHETPET,Urban,5,cat5,"HSS (VI-XII)",1,"Department of Education",4,OBC,0,0,0,0,0,0,0,49,51,59,60,76,135,135,0,0,0,0,0,28,36,25,51,63,69,93
2019-20,33,Tamilnadu,3306,TIRUVANNAMALAI,330613,KILPENNATHUR,Urban,5,cat5,"HSS (VI-XII)",1,"Department of Education",4,OBC,0,0,0,0,0,0,0,97,96,104,151,137,309,237,0,0,0,0,0,99,120,113,202,183,332,324
2019-20,33,Tamilnadu,3306,TIRUVANNAMALAI,330614,TIRUVANNAMALAI,Urban,5,cat5,"HSS (VI-XII)",1,"Department of Education",4,OBC,0,0,0,0,0,0,0,56,66,66,103,145,151,147,0,0,0,0,0,20,25,24,31,62,92,90
2019-20,33,Tamilnadu,3306,TIRUVANNAMALAI,330615,PUDUPALAYAM,Urban,5,cat5,"HSS (VI-XII)",1,"Department of Education",4,OBC,0,0,0,0,0,0,0,0,0,0,0,0,0,0,0,0,0,0,0,17,20,18,32,42,52,38
2019-20,33,Tamilnadu,3306,TIRUVANNAMALAI,330616,CHENGAM,Urban,5,cat5,"HSS (VI-XII)",1,"Department of Education",4,OBC,0,0,0,0,0,0,0,14,25,30,66,73,80,128,0,0,0,0,0,28,40,49,96,105,132,137
2019-20,33,Tamilnadu,3306,TIRUVANNAMALAI,330618,"JAWADHU HILLS",Rural,5,cat5,"HSS (VI-XII)",2,"Tribal Welfare Department",4,OBC,0,0,0,0,0,0,0,9,1,2,0,3,0,3,0,0,0,0,0,0,1,3,2,1,5,7
2019-20,33,Tamilnadu,3306,TIRUVANNAMALAI,330614,TIRUVANNAMALAI,Urban,5,cat5,"HSS (VI-XII)",3,"Local body",4,OBC,0,0,0,0,0,0,0,8,7,6,10,14,18,39,0,0,0,0,0,2,5,7,7,14,11,2
2019-20,33,Tamilnadu,3306,TIRUVANNAMALAI,330611,CHETPET,Rural,5,cat5,"HSS (VI-XII)",4,"Government Aided",4,OBC,0,0,0,0,0,0,0,102,124,129,184,210,196,168,0,0,0,0,0,26,26,42,47,59,79,87
2019-20,33,Tamilnadu,3306,TIRUVANNAMALAI,330613,KILPENNATHUR,Rural,5,cat5,"HSS (VI-XII)",4,"Government Aided",4,OBC,0,0,0,0,0,0,0,8,11,16,6,17,0,0,0,0,0,0,0,9,5,5,10,15,0,0
2019-20,33,Tamilnadu,3306,TIRUVANNAMALAI,330614,TIRUVANNAMALAI,Rural,5,cat5,"HSS (VI-XII)",4,"Government Aided",4,OBC,0,0,0,0,0,0,0,29,23,39,47,50,45,40,0,0,0,0,0,16,31,31,66,87,121,145
2019-20,33,Tamilnadu,3306,TIRUVANNAMALAI,330617,THANDRAMPET,Rural,5,cat5,"HSS (VI-XII)",4,"Government Aided",4,OBC,0,0,0,0,0,0,0,39,34,29,31,28,47,50,0,0,0,0,0,27,26,30,36,41,66,64
2019-20,33,Tamilnadu,3306,TIRUVANNAMALAI,330618,"JAWADHU HILLS",Rural,5,cat5,"HSS (VI-XII)",4,"Government Aided",4,OBC,0,0,0,0,0,0,0,16,31,42,54,48,61,55,0,0,0,0,0,6,8,5,15,15,35,34
2019-20,33,Tamilnadu,3306,TIRUVANNAMALAI,330605,VANDAVASI,Urban,5,cat5,"HSS (VI-XII)",4,"Government Aided",4,OBC,0,0,0,0,0,0,0,86,107,86,119,114,79,61,0,0,0,0,0,109,111,116,146,131,124,102
2019-20,33,Tamilnadu,3306,TIRUVANNAMALAI,330607,ARNI,Urban,5,cat5,"HSS (VI-XII)",4,"Government Aided",4,OBC,0,0,0,0,0,0,0,195,195,209,245,251,284,282,0,0,0,0,0,196,207,210,219,238,315,250
2019-20,33,Tamilnadu,3306,TIRUVANNAMALAI,330609,POLUR,Urban,5,cat5,"HSS (VI-XII)",4,"Government Aided",4,OBC,0,0,0,0,0,0,0,67,70,84,80,96,77,95,0,0,0,0,0,25,35,34,41,35,21,53
2019-20,33,Tamilnadu,3306,TIRUVANNAMALAI,330611,CHETPET,Urban,5,cat5,"HSS (VI-XII)",4,"Government Aided",4,OBC,0,0,0,0,0,0,0,0,0,0,0,0,0,0,0,0,0,0,0,70,85,87,118,119,186,170
2019-20,33,Tamilnadu,3306,TIRUVANNAMALAI,330613,KILPENNATHUR,Urban,5,cat5,"HSS (VI-XII)",4,"Government Aided",4,OBC,0,0,0,0,0,0,0,26,34,49,45,68,53,89,0,0,0,0,0,37,28,37,45,57,62,60
2019-20,33,Tamilnadu,3306,TIRUVANNAMALAI,330614,TIRUVANNAMALAI,Urban,5,cat5,"HSS (VI-XII)",4,"Government Aided",4,OBC,0,0,0,0,0,0,0,255,294,329,415,398,508,497,0,0,0,0,0,74,103,138,165,186,217,244
2019-20,33,Tamilnadu,3306,TIRUVANNAMALAI,330606,THELLAR,Rural,5,cat5,"HSS (VI-XII)",5,"Private Unaided (Recognized)",4,OBC,0,0,0,0,0,0,0,7,4,0,4,2,0,2,0,0,0,0,0,2,2,0,5,3,0,0
2019-20,33,Tamilnadu,3306,TIRUVANNAMALAI,330611,CHETPET,Rural,5,cat5,"HSS (VI-XII)",5,"Private Unaided (Recognized)",4,OBC,0,0,0,0,0,0,0,21,32,23,25,16,23,19,0,0,0,0,0,15,12,10,12,8,20,3
2019-20,33,Tamilnadu,3306,TIRUVANNAMALAI,330614,TIRUVANNAMALAI,Rural,5,cat5,"HSS (VI-XII)",5,"Private Unaided (Recognized)",4,OBC,0,0,0,0,0,0,0,146,170,173,187,206,179,118,0,0,0,0,0,73,96,95,106,105,121,114
2019-20,33,Tamilnadu,3306,TIRUVANNAMALAI,330616,CHENGAM,Urban,5,cat5,"HSS (VI-XII)",5,"Private Unaided (Recognized)",4,OBC,0,0,0,0,0,0,0,82,90,100,112,121,126,83,0,0,0,0,0,42,59,62,70,56,137,70
2019-20,33,Tamilnadu,3306,TIRUVANNAMALAI,330601,VEMBAKKAM,Rural,1,cat1,"PS (I-V)",1,"Department of Education",4,OBC,108,112,322,343,381,386,362,0,0,0,0,0,0,0,347,387,384,407,416,0,0,0,0,0,0,0
2019-20,33,Tamilnadu,3306,TIRUVANNAMALAI,330602,CHEYYAR,Rural,1,cat1,"PS (I-V)",1,"Department of Education",4,OBC,39,36,160,167,190,158,229,0,0,0,0,0,0,0,162,181,243,175,206,0,0,0,0,0,0,0
2019-20,33,Tamilnadu,3306,TIRUVANNAMALAI,330603,ANAKKAVUR,Rural,1,cat1,"PS (I-V)",1,"Department of Education",4,OBC,15,22,158,164,207,173,204,0,0,0,0,0,0,0,163,194,223,206,209,0,0,0,0,0,0,0
2019-20,33,Tamilnadu,3306,TIRUVANNAMALAI,330604,PERANAMALLUR,Rural,1,cat1,"PS (I-V)",1,"Department of Education",4,OBC,0,0,117,123,150,139,171,0,0,0,0,0,0,0,125,158,156,171,174,0,0,0,0,0,0,0
2019-20,33,Tamilnadu,3306,TIRUVANNAMALAI,330605,VANDAVASI,Rural,1,cat1,"PS (I-V)",1,"Department of Education",4,OBC,7,22,111,137,171,149,154,0,0,0,0,0,0,0,128,158,165,170,173,0,0,0,0,0,0,0
2019-20,33,Tamilnadu,3306,TIRUVANNAMALAI,330606,THELLAR,Rural,1,cat1,"PS (I-V)",1,"Department of Education",4,OBC,0,0,111,114,167,174,160,0,0,0,0,0,0,0,124,149,164,169,156,0,0,0,0,0,0,0
2019-20,33,Tamilnadu,3306,TIRUVANNAMALAI,330607,ARNI,Rural,1,cat1,"PS (I-V)",1,"Department of Education",4,OBC,0,0,183,217,220,235,259,0,0,0,0,0,0,0,197,234,248,251,262,0,0,0,0,0,0,0
2019-20,33,Tamilnadu,3306,TIRUVANNAMALAI,330608,"WEST ARNI",Rural,1,cat1,"PS (I-V)",1,"Department of Education",4,OBC,23,26,159,189,219,220,213,0,0,0,0,0,0,0,183,220,225,225,194,0,0,0,0,0,0,0
2019-20,33,Tamilnadu,3306,TIRUVANNAMALAI,330609,POLUR,Rural,1,cat1,"PS (I-V)",1,"Department of Education",4,OBC,93,92,257,282,348,346,309,0,0,0,0,0,0,0,265,311,335,327,313,0,0,0,0,0,0,0
2019-20,33,Tamilnadu,3306,TIRUVANNAMALAI,330610,KALASAPAKKAM,Rural,1,cat1,"PS (I-V)",1,"Department of Education",4,OBC,0,0,211,213,205,247,252,0,0,0,0,0,0,0,207,215,282,240,252,0,0,0,0,0,0,0
2019-20,33,Tamilnadu,3306,TIRUVANNAMALAI,330611,CHETPET,Rural,1,cat1,"PS (I-V)",1,"Department of Education",4,OBC,10,14,151,147,201,198,201,0,0,0,0,0,0,0,177,154,196,190,177,0,0,0,0,0,0,0
2019-20,33,Tamilnadu,3306,TIRUVANNAMALAI,330612,THURINJAPURAM,Rural,1,cat1,"PS (I-V)",1,"Department of Education",4,OBC,145,113,197,216,222,261,253,0,0,0,0,0,0,0,184,222,225,233,240,0,0,0,0,0,0,0
2019-20,33,Tamilnadu,3306,TIRUVANNAMALAI,330613,KILPENNATHUR,Rural,1,cat1,"PS (I-V)",1,"Department of Education",4,OBC,75,64,118,169,195,184,195,0,0,0,0,0,0,0,141,185,175,201,181,0,0,0,0,0,0,0
2019-20,33,Tamilnadu,3306,TIRUVANNAMALAI,330614,TIRUVANNAMALAI,Rural,1,cat1,"PS (I-V)",1,"Department of Education",4,OBC,19,23,259,258,271,251,274,0,0,0,0,0,0,0,224,233,279,274,284,0,0,0,0,0,0,0
2019-20,33,Tamilnadu,3306,TIRUVANNAMALAI,330615,PUDUPALAYAM,Rural,1,cat1,"PS (I-V)",1,"Department of Education",4,OBC,58,48,154,179,195,201,199,0,0,0,0,0,0,0,155,163,185,177,173,0,0,0,0,0,0,0
2019-20,33,Tamilnadu,3306,TIRUVANNAMALAI,330616,CHENGAM,Rural,1,cat1,"PS (I-V)",1,"Department of Education",4,OBC,6,7,183,206,251,252,264,0,0,0,0,0,0,0,202,225,254,255,243,0,0,0,0,0,0,0
2019-20,33,Tamilnadu,3306,TIRUVANNAMALAI,330617,THANDRAMPET,Rural,1,cat1,"PS (I-V)",1,"Department of Education",4,OBC,55,33,275,327,328,362,383,0,0,0,0,0,0,0,292,321,357,370,358,0,0,0,0,0,0,0
2019-20,33,Tamilnadu,3306,TIRUVANNAMALAI,330618,"JAWADHU HILLS",Rural,1,cat1,"PS (I-V)",1,"Department of Education",4,OBC,0,0,5,8,14,6,11,0,0,0,0,0,0,0,10,9,9,10,13,0,0,0,0,0,0,0
2019-20,33,Tamilnadu,3306,TIRUVANNAMALAI,330604,PERANAMALLUR,Urban,1,cat1,"PS (I-V)",1,"Department of Education",4,OBC,0,0,8,10,13,11,8,0,0,0,0,0,0,0,7,14,11,9,17,0,0,0,0,0,0,0
2019-20,33,Tamilnadu,3306,TIRUVANNAMALAI,330605,VANDAVASI,Urban,1,cat1,"PS (I-V)",1,"Department of Education",4,OBC,0,0,15,9,13,9,11,0,0,0,0,0,0,0,21,17,19,17,13,0,0,0,0,0,0,0
2019-20,33,Tamilnadu,3306,TIRUVANNAMALAI,330606,THELLAR,Urban,1,cat1,"PS (I-V)",1,"Department of Education",4,OBC,0,0,1,3,5,3,6,0,0,0,0,0,0,0,2,4,2,3,5,0,0,0,0,0,0,0
2019-20,33,Tamilnadu,3306,TIRUVANNAMALAI,330608,"WEST ARNI",Urban,1,cat1,"PS (I-V)",1,"Department of Education",4,OBC,10,14,3,4,12,5,9,0,0,0,0,0,0,0,10,13,6,11,20,0,0,0,0,0,0,0
2019-20,33,Tamilnadu,3306,TIRUVANNAMALAI,330609,POLUR,Urban,1,cat1,"PS (I-V)",1,"Department of Education",4,OBC,0,0,25,27,45,38,58,0,0,0,0,0,0,0,42,41,35,41,48,0,0,0,0,0,0,0
2019-20,33,Tamilnadu,3306,TIRUVANNAMALAI,330611,CHETPET,Urban,1,cat1,"PS (I-V)",1,"Department of Education",4,OBC,0,0,14,10,20,11,16,0,0,0,0,0,0,0,14,17,15,17,13,0,0,0,0,0,0,0
2019-20,33,Tamilnadu,3306,TIRUVANNAMALAI,330613,KILPENNATHUR,Urban,1,cat1,"PS (I-V)",1,"Department of Education",4,OBC,14,32,40,49,50,50,52,0,0,0,0,0,0,0,48,39,47,63,51,0,0,0,0,0,0,0
2019-20,33,Tamilnadu,3306,TIRUVANNAMALAI,330614,TIRUVANNAMALAI,Urban,1,cat1,"PS (I-V)",1,"Department of Education",4,OBC,0,0,1,2,1,0,0,0,0,0,0,0,0,0,1,0,1,1,1,0,0,0,0,0,0,0
2019-20,33,Tamilnadu,3306,TIRUVANNAMALAI,330615,PUDUPALAYAM,Urban,1,cat1,"PS (I-V)",1,"Department of Education",4,OBC,0,0,0,0,1,1,1,0,0,0,0,0,0,0,0,0,0,1,0,0,0,0,0,0,0,0
2019-20,33,Tamilnadu,3306,TIRUVANNAMALAI,330616,CHENGAM,Urban,1,cat1,"PS (I-V)",1,"Department of Education",4,OBC,0,0,33,29,34,32,43,0,0,0,0,0,0,0,22,27,30,30,35,0,0,0,0,0,0,0
2019-20,33,Tamilnadu,3306,TIRUVANNAMALAI,330601,VEMBAKKAM,Rural,1,cat1,"PS (I-V)",2,"Tribal Welfare Department",4,OBC,0,0,0,1,0,0,2,0,0,0,0,0,0,0,0,1,3,0,4,0,0,0,0,0,0,0
2019-20,33,Tamilnadu,3306,TIRUVANNAMALAI,330602,CHEYYAR,Rural,1,cat1,"PS (I-V)",2,"Tribal Welfare Department",4,OBC,0,0,3,0,1,0,2,0,0,0,0,0,0,0,0,0,0,1,1,0,0,0,0,0,0,0
2019-20,33,Tamilnadu,3306,TIRUVANNAMALAI,330603,ANAKKAVUR,Rural,1,cat1,"PS (I-V)",2,"Tribal Welfare Department",4,OBC,0,0,0,0,0,0,0,0,0,0,0,0,0,0,0,0,0,0,0,0,0,0,0,0,0,0
2019-20,33,Tamilnadu,3306,TIRUVANNAMALAI,330604,PERANAMALLUR,Rural,1,cat1,"PS (I-V)",2,"Tribal Welfare Department",4,OBC,0,0,0,0,0,0,0,0,0,0,0,0,0,0,0,0,0,0,0,0,0,0,0,0,0,0
2019-20,33,Tamilnadu,3306,TIRUVANNAMALAI,330605,VANDAVASI,Rural,1,cat1,"PS (I-V)",2,"Tribal Welfare Department",4,OBC,0,0,0,1,3,0,3,0,0,0,0,0,0,0,0,0,0,1,1,0,0,0,0,0,0,0
2019-20,33,Tamilnadu,3306,TIRUVANNAMALAI,330606,THELLAR,Rural,1,cat1,"PS (I-V)",2,"Tribal Welfare Department",4,OBC,0,0,0,0,0,1,0,0,0,0,0,0,0,0,0,0,1,0,0,0,0,0,0,0,0,0
2019-20,33,Tamilnadu,3306,TIRUVANNAMALAI,330607,ARNI,Rural,1,cat1,"PS (I-V)",2,"Tribal Welfare Department",4,OBC,0,0,0,0,0,0,0,0,0,0,0,0,0,0,0,0,0,0,0,0,0,0,0,0,0,0
2019-20,33,Tamilnadu,3306,TIRUVANNAMALAI,330608,"WEST ARNI",Rural,1,cat1,"PS (I-V)",2,"Tribal Welfare Department",4,OBC,0,0,0,0,0,0,0,0,0,0,0,0,0,0,0,0,0,0,0,0,0,0,0,0,0,0
2019-20,33,Tamilnadu,3306,TIRUVANNAMALAI,330609,POLUR,Rural,1,cat1,"PS (I-V)",2,"Tribal Welfare Department",4,OBC,0,0,0,0,0,0,0,0,0,0,0,0,0,0,0,0,0,0,0,0,0,0,0,0,0,0
2019-20,33,Tamilnadu,3306,TIRUVANNAMALAI,330610,KALASAPAKKAM,Rural,1,cat1,"PS (I-V)",2,"Tribal Welfare Department",4,OBC,0,0,0,0,0,0,0,0,0,0,0,0,0,0,1,0,0,0,0,0,0,0,0,0,0,0
2019-20,33,Tamilnadu,3306,TIRUVANNAMALAI,330611,CHETPET,Rural,1,cat1,"PS (I-V)",2,"Tribal Welfare Department",4,OBC,0,0,0,0,0,0,0,0,0,0,0,0,0,0,0,0,0,0,0,0,0,0,0,0,0,0
2019-20,33,Tamilnadu,3306,TIRUVANNAMALAI,330612,THURINJAPURAM,Rural,1,cat1,"PS (I-V)",2,"Tribal Welfare Department",4,OBC,0,0,0,0,0,0,1,0,0,0,0,0,0,0,0,0,1,0,0,0,0,0,0,0,0,0
2019-20,33,Tamilnadu,3306,TIRUVANNAMALAI,330614,TIRUVANNAMALAI,Rural,1,cat1,"PS (I-V)",2,"Tribal Welfare Department",4,OBC,0,0,0,2,0,0,0,0,0,0,0,0,0,0,0,1,1,0,0,0,0,0,0,0,0,0
2019-20,33,Tamilnadu,3306,TIRUVANNAMALAI,330615,PUDUPALAYAM,Rural,1,cat1,"PS (I-V)",2,"Tribal Welfare Department",4,OBC,0,0,0,0,0,0,0,0,0,0,0,0,0,0,0,0,0,0,0,0,0,0,0,0,0,0
2019-20,33,Tamilnadu,3306,TIRUVANNAMALAI,330616,CHENGAM,Rural,1,cat1,"PS (I-V)",2,"Tribal Welfare Department",4,OBC,0,0,2,1,0,3,1,0,0,0,0,0,0,0,0,0,0,1,1,0,0,0,0,0,0,0
2019-20,33,Tamilnadu,3306,TIRUVANNAMALAI,330617,THANDRAMPET,Rural,1,cat1,"PS (I-V)",2,"Tribal Welfare Department",4,OBC,0,0,0,0,0,0,0,0,0,0,0,0,0,0,0,0,0,0,0,0,0,0,0,0,0,0
2019-20,33,Tamilnadu,3306,TIRUVANNAMALAI,330618,"JAWADHU HILLS",Rural,1,cat1,"PS (I-V)",2,"Tribal Welfare Department",4,OBC,0,0,0,0,1,1,1,0,0,0,0,0,0,0,0,0,0,1,0,0,0,0,0,0,0,0
2019-20,33,Tamilnadu,3306,TIRUVANNAMALAI,330613,KILPENNATHUR,Urban,1,cat1,"PS (I-V)",2,"Tribal Welfare Department",4,OBC,0,0,0,0,0,1,1,0,0,0,0,0,0,0,0,0,0,0,0,0,0,0,0,0,0,0
2019-20,33,Tamilnadu,3306,TIRUVANNAMALAI,330614,TIRUVANNAMALAI,Urban,1,cat1,"PS (I-V)",2,"Tribal Welfare Department",4,OBC,0,0,0,0,0,0,0,0,0,0,0,0,0,0,0,0,0,0,2,0,0,0,0,0,0,0
2019-20,33,Tamilnadu,3306,TIRUVANNAMALAI,330602,CHEYYAR,Urban,1,cat1,"PS (I-V)",3,"Local body",4,OBC,18,22,19,33,32,32,45,0,0,0,0,0,0,0,17,32,39,46,49,0,0,0,0,0,0,0
2019-20,33,Tamilnadu,3306,TIRUVANNAMALAI,330607,ARNI,Urban,1,cat1,"PS (I-V)",3,"Local body",4,OBC,14,11,17,21,21,30,27,0,0,0,0,0,0,0,11,20,15,21,28,0,0,0,0,0,0,0
2019-20,33,Tamilnadu,3306,TIRUVANNAMALAI,330614,TIRUVANNAMALAI,Urban,1,cat1,"PS (I-V)",3,"Local body",4,OBC,12,8,39,43,60,44,54,0,0,0,0,0,0,0,43,45,45,54,59,0,0,0,0,0,0,0
2019-20,33,Tamilnadu,3306,TIRUVANNAMALAI,330602,CHEYYAR,Rural,1,cat1,"PS (I-V)",4,"Government Aided",4,OBC,0,0,0,0,1,3,1,0,0,0,0,0,0,0,0,1,0,0,0,0,0,0,0,0,0,0
2019-20,33,Tamilnadu,3306,TIRUVANNAMALAI,330603,ANAKKAVUR,Rural,1,cat1,"PS (I-V)",4,"Government Aided",4,OBC,0,0,1,5,3,1,4,0,0,0,0,0,0,0,5,1,5,1,4,0,0,0,0,0,0,0
2019-20,33,Tamilnadu,3306,TIRUVANNAMALAI,330604,PERANAMALLUR,Rural,1,cat1,"PS (I-V)",4,"Government Aided",4,OBC,0,0,3,2,7,5,4,0,0,0,0,0,0,0,6,5,4,7,7,0,0,0,0,0,0,0
2019-20,33,Tamilnadu,3306,TIRUVANNAMALAI,330605,VANDAVASI,Rural,1,cat1,"PS (I-V)",4,"Government Aided",4,OBC,0,0,5,12,7,8,12,0,0,0,0,0,0,0,6,7,8,12,15,0,0,0,0,0,0,0
2019-20,33,Tamilnadu,3306,TIRUVANNAMALAI,330606,THELLAR,Rural,1,cat1,"PS (I-V)",4,"Government Aided",4,OBC,0,0,12,13,20,25,29,0,0,0,0,0,0,0,15,18,19,31,18,0,0,0,0,0,0,0
2019-20,33,Tamilnadu,3306,TIRUVANNAMALAI,330607,ARNI,Rural,1,cat1,"PS (I-V)",4,"Government Aided",4,OBC,0,0,10,3,8,11,9,0,0,0,0,0,0,0,6,15,3,16,5,0,0,0,0,0,0,0
2019-20,33,Tamilnadu,3306,TIRUVANNAMALAI,330608,"WEST ARNI",Rural,1,cat1,"PS (I-V)",4,"Government Aided",4,OBC,0,0,0,0,0,1,0,0,0,0,0,0,0,0,0,1,0,0,1,0,0,0,0,0,0,0
2019-20,33,Tamilnadu,3306,TIRUVANNAMALAI,330609,POLUR,Rural,1,cat1,"PS (I-V)",4,"Government Aided",4,OBC,10,8,8,10,14,10,13,0,0,0,0,0,0,0,12,14,15,15,16,0,0,0,0,0,0,0
2019-20,33,Tamilnadu,3306,TIRUVANNAMALAI,330610,KALASAPAKKAM,Rural,1,cat1,"PS (I-V)",4,"Government Aided",4,OBC,0,0,0,3,2,4,4,0,0,0,0,0,0,0,0,3,2,1,8,0,0,0,0,0,0,0
2019-20,33,Tamilnadu,3306,TIRUVANNAMALAI,330611,CHETPET,Rural,1,cat1,"PS (I-V)",4,"Government Aided",4,OBC,0,0,17,18,27,26,38,0,0,0,0,0,0,0,25,34,35,32,24,0,0,0,0,0,0,0
2019-20,33,Tamilnadu,3306,TIRUVANNAMALAI,330612,THURINJAPURAM,Rural,1,cat1,"PS (I-V)",4,"Government Aided",4,OBC,0,0,19,34,27,39,38,0,0,0,0,0,0,0,25,26,32,37,44,0,0,0,0,0,0,0
2019-20,33,Tamilnadu,3306,TIRUVANNAMALAI,330613,KILPENNATHUR,Rural,1,cat1,"PS (I-V)",4,"Government Aided",4,OBC,2,2,17,21,21,29,38,0,0,0,0,0,0,0,19,26,34,23,26,0,0,0,0,0,0,0
2019-20,33,Tamilnadu,3306,TIRUVANNAMALAI,330614,TIRUVANNAMALAI,Rural,1,cat1,"PS (I-V)",4,"Government Aided",4,OBC,0,0,14,20,27,26,31,0,0,0,0,0,0,0,17,18,19,27,26,0,0,0,0,0,0,0
2019-20,33,Tamilnadu,3306,TIRUVANNAMALAI,330615,PUDUPALAYAM,Rural,1,cat1,"PS (I-V)",4,"Government Aided",4,OBC,0,0,12,10,17,14,17,0,0,0,0,0,0,0,6,6,6,15,12,0,0,0,0,0,0,0
2019-20,33,Tamilnadu,3306,TIRUVANNAMALAI,330616,CHENGAM,Rural,1,cat1,"PS (I-V)",4,"Government Aided",4,OBC,0,0,1,6,2,3,4,0,0,0,0,0,0,0,3,1,1,2,3,0,0,0,0,0,0,0
2019-20,33,Tamilnadu,3306,TIRUVANNAMALAI,330617,THANDRAMPET,Rural,1,cat1,"PS (I-V)",4,"Government Aided",4,OBC,0,0,27,23,36,24,42,0,0,0,0,0,0,0,21,21,39,34,35,0,0,0,0,0,0,0
2019-20,33,Tamilnadu,3306,TIRUVANNAMALAI,330618,"JAWADHU HILLS",Rural,1,cat1,"PS (I-V)",4,"Government Aided",4,OBC,0,0,4,2,2,2,3,0,0,0,0,0,0,0,2,0,0,1,1,0,0,0,0,0,0,0
2019-20,33,Tamilnadu,3306,TIRUVANNAMALAI,330602,CHEYYAR,Urban,1,cat1,"PS (I-V)",4,"Government Aided",4,OBC,2,3,7,6,10,10,13,0,0,0,0,0,0,0,7,3,8,12,13,0,0,0,0,0,0,0
2019-20,33,Tamilnadu,3306,TIRUVANNAMALAI,330605,VANDAVASI,Urban,1,cat1,"PS (I-V)",4,"Government Aided",4,OBC,26,24,46,34,48,47,65,0,0,0,0,0,0,0,32,41,61,47,64,0,0,0,0,0,0,0
2019-20,33,Tamilnadu,3306,TIRUVANNAMALAI,330607,ARNI,Urban,1,cat1,"PS (I-V)",4,"Government Aided",4,OBC,0,0,22,21,18,25,36,0,0,0,0,0,0,0,70,78,100,91,101,0,0,0,0,0,0,0
2019-20,33,Tamilnadu,3306,TIRUVANNAMALAI,330609,POLUR,Urban,1,cat1,"PS (I-V)",4,"Government Aided",4,OBC,0,0,23,25,29,28,23,0,0,0,0,0,0,0,13,32,18,16,26,0,0,0,0,0,0,0
2019-20,33,Tamilnadu,3306,TIRUVANNAMALAI,330611,CHETPET,Urban,1,cat1,"PS (I-V)",4,"Government Aided",4,OBC,0,0,17,20,17,24,19,0,0,0,0,0,0,0,22,20,22,29,32,0,0,0,0,0,0,0
2019-20,33,Tamilnadu,3306,TIRUVANNAMALAI,330613,KILPENNATHUR,Urban,1,cat1,"PS (I-V)",4,"Government Aided",4,OBC,3,2,8,12,14,18,16,0,0,0,0,0,0,0,13,17,15,13,22,0,0,0,0,0,0,0
2019-20,33,Tamilnadu,3306,TIRUVANNAMALAI,330614,TIRUVANNAMALAI,Urban,1,cat1,"PS (I-V)",4,"Government Aided",4,OBC,94,73,92,110,116,155,146,0,0,0,0,0,0,0,108,123,118,117,176,0,0,0,0,0,0,0
2019-20,33,Tamilnadu,3306,TIRUVANNAMALAI,330616,CHENGAM,Urban,1,cat1,"PS (I-V)",4,"Government Aided",4,OBC,0,0,0,0,0,1,1,0,0,0,0,0,0,0,0,1,0,0,0,0,0,0,0,0,0,0
2019-20,33,Tamilnadu,3306,TIRUVANNAMALAI,330601,VEMBAKKAM,Rural,1,cat1,"PS (I-V)",5,"Private Unaided (Recognized)",4,OBC,227,227,107,100,92,68,76,0,0,0,0,0,0,0,103,79,71,60,51,0,0,0,0,0,0,0
2019-20,33,Tamilnadu,3306,TIRUVANNAMALAI,330602,CHEYYAR,Rural,1,cat1,"PS (I-V)",5,"Private Unaided (Recognized)",4,OBC,103,91,30,37,32,23,22,0,0,0,0,0,0,0,35,23,27,27,27,0,0,0,0,0,0,0
2019-20,33,Tamilnadu,3306,TIRUVANNAMALAI,330603,ANAKKAVUR,Rural,1,cat1,"PS (I-V)",5,"Private Unaided (Recognized)",4,OBC,28,24,16,19,10,13,7,0,0,0,0,0,0,0,17,10,10,10,11,0,0,0,0,0,0,0
2019-20,33,Tamilnadu,3306,TIRUVANNAMALAI,330604,PERANAMALLUR,Rural,1,cat1,"PS (I-V)",5,"Private Unaided (Recognized)",4,OBC,81,70,39,47,43,38,29,0,0,0,0,0,0,0,48,33,24,35,35,0,0,0,0,0,0,0
2019-20,33,Tamilnadu,3306,TIRUVANNAMALAI,330605,VANDAVASI,Rural,1,cat1,"PS (I-V)",5,"Private Unaided (Recognized)",4,OBC,84,85,40,23,27,28,17,0,0,0,0,0,0,0,30,31,16,23,29,0,0,0,0,0,0,0
2019-20,33,Tamilnadu,3306,TIRUVANNAMALAI,330606,THELLAR,Rural,1,cat1,"PS (I-V)",5,"Private Unaided (Recognized)",4,OBC,167,138,73,70,49,40,33,0,0,0,0,0,0,0,65,48,55,37,40,0,0,0,0,0,0,0
2019-20,33,Tamilnadu,3306,TIRUVANNAMALAI,330607,ARNI,Rural,1,cat1,"PS (I-V)",5,"Private Unaided (Recognized)",4,OBC,394,313,156,127,95,82,60,0,0,0,0,0,0,0,115,98,87,73,52,0,0,0,0,0,0,0
2019-20,33,Tamilnadu,3306,TIRUVANNAMALAI,330608,"WEST ARNI",Rural,1,cat1,"PS (I-V)",5,"Private Unaided (Recognized)",4,OBC,99,97,56,59,47,53,43,0,0,0,0,0,0,0,40,33,38,30,40,0,0,0,0,0,0,0
2019-20,33,Tamilnadu,3306,TIRUVANNAMALAI,330609,POLUR,Rural,1,cat1,"PS (I-V)",5,"Private Unaided (Recognized)",4,OBC,265,210,85,79,88,50,48,0,0,0,0,0,0,0,73,67,57,39,37,0,0,0,0,0,0,0
2019-20,33,Tamilnadu,3306,TIRUVANNAMALAI,330610,KALASAPAKKAM,Rural,1,cat1,"PS (I-V)",5,"Private Unaided (Recognized)",4,OBC,373,242,136,131,94,97,89,0,0,0,0,0,0,0,95,95,93,74,67,0,0,0,0,0,0,0
2019-20,33,Tamilnadu,3306,TIRUVANNAMALAI,330611,CHETPET,Rural,1,cat1,"PS (I-V)",5,"Private Unaided (Recognized)",4,OBC,178,111,62,63,59,46,34,0,0,0,0,0,0,0,44,48,39,33,29,0,0,0,0,0,0,0
2019-20,33,Tamilnadu,3306,TIRUVANNAMALAI,330612,THURINJAPURAM,Rural,1,cat1,"PS (I-V)",5,"Private Unaided (Recognized)",4,OBC,77,50,42,25,31,22,27,0,0,0,0,0,0,0,26,21,23,15,13,0,0,0,0,0,0,0
2019-20,33,Tamilnadu,3306,TIRUVANNAMALAI,330613,KILPENNATHUR,Rural,1,cat1,"PS (I-V)",5,"Private Unaided (Recognized)",4,OBC,95,66,46,46,41,28,25,0,0,0,0,0,0,0,32,33,23,32,12,0,0,0,0,0,0,0
2019-20,33,Tamilnadu,3306,TIRUVANNAMALAI,330614,TIRUVANNAMALAI,Rural,1,cat1,"PS (I-V)",5,"Private Unaided (Recognized)",4,OBC,564,430,256,216,202,181,148,0,0,0,0,0,0,0,177,149,176,153,127,0,0,0,0,0,0,0
2019-20,33,Tamilnadu,3306,TIRUVANNAMALAI,330615,PUDUPALAYAM,Rural,1,cat1,"PS (I-V)",5,"Private Unaided (Recognized)",4,OBC,95,63,44,32,25,15,17,0,0,0,0,0,0,0,33,29,20,24,20,0,0,0,0,0,0,0
2019-20,33,Tamilnadu,3306,TIRUVANNAMALAI,330616,CHENGAM,Rural,1,cat1,"PS (I-V)",5,"Private Unaided (Recognized)",4,OBC,149,140,87,68,66,74,67,0,0,0,0,0,0,0,56,61,50,43,52,0,0,0,0,0,0,0
2019-20,33,Tamilnadu,3306,TIRUVANNAMALAI,330617,THANDRAMPET,Rural,1,cat1,"PS (I-V)",5,"Private Unaided (Recognized)",4,OBC,349,236,148,148,105,94,62,0,0,0,0,0,0,0,113,101,66,64,53,0,0,0,0,0,0,0
2019-20,33,Tamilnadu,3306,TIRUVANNAMALAI,330618,"JAWADHU HILLS",Rural,1,cat1,"PS (I-V)",5,"Private Unaided (Recognized)",4,OBC,15,13,7,9,7,8,4,0,0,0,0,0,0,0,12,10,10,8,5,0,0,0,0,0,0,0
2019-20,33,Tamilnadu,3306,TIRUVANNAMALAI,330602,CHEYYAR,Urban,1,cat1,"PS (I-V)",5,"Private Unaided (Recognized)",4,OBC,151,125,45,68,61,62,57,0,0,0,0,0,0,0,67,44,55,47,45,0,0,0,0,0,0,0
2019-20,33,Tamilnadu,3306,TIRUVANNAMALAI,330604,PERANAMALLUR,Urban,1,cat1,"PS (I-V)",5,"Private Unaided (Recognized)",4,OBC,20,17,10,8,9,5,7,0,0,0,0,0,0,0,14,5,4,4,3,0,0,0,0,0,0,0
2019-20,33,Tamilnadu,3306,TIRUVANNAMALAI,330605,VANDAVASI,Urban,1,cat1,"PS (I-V)",5,"Private Unaided (Recognized)",4,OBC,82,71,37,33,42,27,29,0,0,0,0,0,0,0,40,29,33,37,39,0,0,0,0,0,0,0
2019-20,33,Tamilnadu,3306,TIRUVANNAMALAI,330607,ARNI,Urban,1,cat1,"PS (I-V)",5,"Private Unaided (Recognized)",4,OBC,336,258,124,131,137,150,133,0,0,0,0,0,0,0,123,131,108,91,87,0,0,0,0,0,0,0
2019-20,33,Tamilnadu,3306,TIRUVANNAMALAI,330609,POLUR,Urban,1,cat1,"PS (I-V)",5,"Private Unaided (Recognized)",4,OBC,254,190,111,68,107,84,62,0,0,0,0,0,0,0,98,96,68,62,57,0,0,0,0,0,0,0
2019-20,33,Tamilnadu,3306,TIRUVANNAMALAI,330611,CHETPET,Urban,1,cat1,"PS (I-V)",5,"Private Unaided (Recognized)",4,OBC,44,26,14,9,8,6,4,0,0,0,0,0,0,0,7,7,3,0,0,0,0,0,0,0,0,0
2019-20,33,Tamilnadu,3306,TIRUVANNAMALAI,330613,KILPENNATHUR,Urban,1,cat1,"PS (I-V)",5,"Private Unaided (Recognized)",4,OBC,15,19,5,12,5,8,6,0,0,0,0,0,0,0,2,4,4,8,6,0,0,0,0,0,0,0
2019-20,33,Tamilnadu,3306,TIRUVANNAMALAI,330614,TIRUVANNAMALAI,Urban,1,cat1,"PS (I-V)",5,"Private Unaided (Recognized)",4,OBC,947,832,414,403,369,373,333,0,0,0,0,0,0,0,396,373,357,296,308,0,0,0,0,0,0,0
2019-20,33,Tamilnadu,3306,TIRUVANNAMALAI,330615,PUDUPALAYAM,Urban,1,cat1,"PS (I-V)",5,"Private Unaided (Recognized)",4,OBC,24,25,9,8,4,4,10,0,0,0,0,0,0,0,4,10,10,6,5,0,0,0,0,0,0,0
2019-20,33,Tamilnadu,3306,TIRUVANNAMALAI,330616,CHENGAM,Urban,1,cat1,"PS (I-V)",5,"Private Unaided (Recognized)",4,OBC,122,94,37,27,24,13,19,0,0,0,0,0,0,0,20,28,23,15,10,0,0,0,0,0,0,0
2019-20,33,Tamilnadu,3306,TIRUVANNAMALAI,330617,THANDRAMPET,Urban,1,cat1,"PS (I-V)",5,"Private Unaided (Recognized)",4,OBC,24,14,10,6,6,11,7,0,0,0,0,0,0,0,9,7,5,4,4,0,0,0,0,0,0,0
2019-20,33,Tamilnadu,3306,TIRUVANNAMALAI,330601,VEMBAKKAM,Rural,6,cat6,"SS (I-X)",5,"Private Unaided (Recognized)",4,OBC,230,168,91,83,72,71,51,73,53,38,24,15,0,0,56,45,53,48,29,25,32,23,18,13,0,0
2019-20,33,Tamilnadu,3306,TIRUVANNAMALAI,330602,CHEYYAR,Rural,6,cat6,"SS (I-X)",5,"Private Unaided (Recognized)",4,OBC,78,63,40,34,39,25,32,7,8,13,16,16,0,0,30,28,31,25,16,11,10,8,5,8,0,0
2019-20,33,Tamilnadu,3306,TIRUVANNAMALAI,330603,ANAKKAVUR,Rural,6,cat6,"SS (I-X)",5,"Private Unaided (Recognized)",4,OBC,69,47,39,33,35,20,17,19,18,13,10,3,0,0,24,22,31,24,22,6,10,7,4,0,0,0
2019-20,33,Tamilnadu,3306,TIRUVANNAMALAI,330604,PERANAMALLUR,Rural,6,cat6,"SS (I-X)",5,"Private Unaided (Recognized)",4,OBC,57,43,15,18,12,9,13,6,10,8,12,11,0,0,25,9,8,11,12,7,4,1,6,10,0,0
2019-20,33,Tamilnadu,3306,TIRUVANNAMALAI,330605,VANDAVASI,Rural,6,cat6,"SS (I-X)",5,"Private Unaided (Recognized)",4,OBC,27,23,17,8,9,13,7,6,5,3,4,1,0,0,11,7,8,4,4,3,3,1,0,2,0,0
2019-20,33,Tamilnadu,3306,TIRUVANNAMALAI,330606,THELLAR,Rural,6,cat6,"SS (I-X)",5,"Private Unaided (Recognized)",4,OBC,65,42,27,20,15,18,13,11,10,9,9,5,0,0,28,15,12,9,9,10,4,8,4,4,0,0
2019-20,33,Tamilnadu,3306,TIRUVANNAMALAI,330607,ARNI,Rural,6,cat6,"SS (I-X)",5,"Private Unaided (Recognized)",4,OBC,46,28,28,13,11,19,14,23,23,23,12,11,0,0,13,18,8,15,9,8,8,11,1,6,0,0
2019-20,33,Tamilnadu,3306,TIRUVANNAMALAI,330608,"WEST ARNI",Rural,6,cat6,"SS (I-X)",5,"Private Unaided (Recognized)",4,OBC,68,34,44,31,44,26,42,34,29,24,25,14,0,0,27,27,28,23,38,21,28,19,19,27,0,0
2019-20,33,Tamilnadu,3306,TIRUVANNAMALAI,330609,POLUR,Rural,6,cat6,"SS (I-X)",5,"Private Unaided (Recognized)",4,OBC,113,104,69,67,78,67,63,72,51,48,13,26,0,0,49,46,59,47,36,52,36,40,8,34,0,0
2019-20,33,Tamilnadu,3306,TIRUVANNAMALAI,330611,CHETPET,Rural,6,cat6,"SS (I-X)",5,"Private Unaided (Recognized)",4,OBC,243,158,101,79,88,70,61,50,50,22,26,12,0,0,65,56,72,60,48,38,31,33,30,29,0,0
2019-20,33,Tamilnadu,3306,TIRUVANNAMALAI,330612,THURINJAPURAM,Rural,6,cat6,"SS (I-X)",5,"Private Unaided (Recognized)",4,OBC,374,316,187,177,127,121,139,122,122,67,61,37,0,0,117,106,96,86,76,58,54,49,45,25,0,0
2019-20,33,Tamilnadu,3306,TIRUVANNAMALAI,330613,KILPENNATHUR,Rural,6,cat6,"SS (I-X)",5,"Private Unaided (Recognized)",4,OBC,309,252,132,145,141,129,106,79,90,61,70,36,0,0,112,116,92,73,71,59,45,47,26,34,0,0
2019-20,33,Tamilnadu,3306,TIRUVANNAMALAI,330614,TIRUVANNAMALAI,Rural,6,cat6,"SS (I-X)",5,"Private Unaided (Recognized)",4,OBC,240,182,132,98,109,96,92,112,83,79,88,64,0,0,102,73,76,84,75,82,62,64,47,50,0,0
2019-20,33,Tamilnadu,3306,TIRUVANNAMALAI,330615,PUDUPALAYAM,Rural,6,cat6,"SS (I-X)",5,"Private Unaided (Recognized)",4,OBC,268,157,103,100,94,72,93,101,72,82,66,63,0,0,85,78,78,50,54,71,52,54,44,56,0,0
2019-20,33,Tamilnadu,3306,TIRUVANNAMALAI,330616,CHENGAM,Rural,6,cat6,"SS (I-X)",5,"Private Unaided (Recognized)",4,OBC,160,83,69,48,56,52,35,37,25,21,16,15,0,0,31,33,29,29,32,15,19,15,13,2,0,0
2019-20,33,Tamilnadu,3306,TIRUVANNAMALAI,330617,THANDRAMPET,Rural,6,cat6,"SS (I-X)",5,"Private Unaided (Recognized)",4,OBC,163,102,56,55,60,37,28,40,44,23,24,33,0,0,59,45,35,20,23,33,32,28,21,18,0,0
2019-20,33,Tamilnadu,3306,TIRUVANNAMALAI,330602,CHEYYAR,Urban,6,cat6,"SS (I-X)",5,"Private Unaided (Recognized)",4,OBC,42,25,19,13,13,19,15,12,8,13,14,12,0,0,18,13,15,18,17,9,5,7,7,5,0,0
2019-20,33,Tamilnadu,3306,TIRUVANNAMALAI,330605,VANDAVASI,Urban,6,cat6,"SS (I-X)",5,"Private Unaided (Recognized)",4,OBC,23,15,11,17,11,10,8,4,2,3,0,6,0,0,12,13,12,6,11,2,2,2,0,0,0,0
2019-20,33,Tamilnadu,3306,TIRUVANNAMALAI,330607,ARNI,Urban,6,cat6,"SS (I-X)",5,"Private Unaided (Recognized)",4,OBC,156,141,58,61,59,46,39,38,50,23,24,16,0,0,91,71,80,61,73,78,55,67,44,58,0,0
2019-20,33,Tamilnadu,3306,TIRUVANNAMALAI,330608,"WEST ARNI",Urban,6,cat6,"SS (I-X)",5,"Private Unaided (Recognized)",4,OBC,55,41,11,30,55,22,7,6,7,4,3,0,0,0,11,32,40,29,32,26,6,4,0,0,0,0
2019-20,33,Tamilnadu,3306,TIRUVANNAMALAI,330611,CHETPET,Urban,6,cat6,"SS (I-X)",5,"Private Unaided (Recognized)",4,OBC,43,35,23,22,18,19,15,19,16,8,12,4,0,0,26,23,14,17,11,6,8,5,5,3,0,0
2019-20,33,Tamilnadu,3306,TIRUVANNAMALAI,330613,KILPENNATHUR,Urban,6,cat6,"SS (I-X)",5,"Private Unaided (Recognized)",4,OBC,32,15,16,17,16,12,17,6,8,3,6,3,0,0,9,9,5,8,7,7,2,5,0,4,0,0
2019-20,33,Tamilnadu,3306,TIRUVANNAMALAI,330614,TIRUVANNAMALAI,Urban,6,cat6,"SS (I-X)",5,"Private Unaided (Recognized)",4,OBC,7,6,4,3,0,4,7,6,5,5,3,4,0,0,8,2,4,3,4,1,5,0,1,1,0,0
2019-20,33,Tamilnadu,3306,TIRUVANNAMALAI,330601,VEMBAKKAM,Rural,7,cat7,"SS (VI-X)",1,"Department of Education",4,OBC,0,0,0,0,0,0,0,165,142,129,154,144,0,0,0,0,0,0,0,134,143,154,157,155,0,0
2019-20,33,Tamilnadu,3306,TIRUVANNAMALAI,330602,CHEYYAR,Rural,7,cat7,"SS (VI-X)",1,"Department of Education",4,OBC,0,0,0,0,0,0,0,122,128,147,123,154,0,0,0,0,0,0,0,123,135,111,122,126,0,0
2019-20,33,Tamilnadu,3306,TIRUVANNAMALAI,330603,ANAKKAVUR,Rural,7,cat7,"SS (VI-X)",1,"Department of Education",4,OBC,0,0,0,0,0,0,0,73,97,100,97,99,0,0,0,0,0,0,0,85,94,85,94,83,0,0
2019-20,33,Tamilnadu,3306,TIRUVANNAMALAI,330604,PERANAMALLUR,Rural,7,cat7,"SS (VI-X)",1,"Department of Education",4,OBC,0,0,0,0,0,0,0,91,120,87,124,113,0,0,0,0,0,0,0,85,95,106,107,99,0,0
2019-20,33,Tamilnadu,3306,TIRUVANNAMALAI,330605,VANDAVASI,Rural,7,cat7,"SS (VI-X)",1,"Department of Education",4,OBC,0,0,0,0,0,0,0,57,50,70,82,78,0,0,0,0,0,0,0,103,102,92,146,103,0,0
2019-20,33,Tamilnadu,3306,TIRUVANNAMALAI,330606,THELLAR,Rural,7,cat7,"SS (VI-X)",1,"Department of Education",4,OBC,0,0,0,0,0,0,0,65,76,96,96,112,0,0,0,0,0,0,0,107,108,93,132,118,0,0
2019-20,33,Tamilnadu,3306,TIRUVANNAMALAI,330607,ARNI,Rural,7,cat7,"SS (VI-X)",1,"Department of Education",4,OBC,0,0,0,0,0,0,0,181,176,182,218,203,0,0,0,0,0,0,0,145,164,167,218,210,0,0
2019-20,33,Tamilnadu,3306,TIRUVANNAMALAI,330608,"WEST ARNI",Rural,7,cat7,"SS (VI-X)",1,"Department of Education",4,OBC,0,0,0,0,0,0,0,126,129,136,179,147,0,0,0,0,0,0,0,227,232,200,320,265,0,0
2019-20,33,Tamilnadu,3306,TIRUVANNAMALAI,330609,POLUR,Rural,7,cat7,"SS (VI-X)",1,"Department of Education",4,OBC,0,0,0,0,0,0,0,136,137,147,155,132,0,0,0,0,0,0,0,151,155,187,214,181,0,0
2019-20,33,Tamilnadu,3306,TIRUVANNAMALAI,330610,KALASAPAKKAM,Rural,7,cat7,"SS (VI-X)",1,"Department of Education",4,OBC,0,0,0,0,0,0,0,118,122,113,158,144,0,0,0,0,0,0,0,124,131,121,175,169,0,0
2019-20,33,Tamilnadu,3306,TIRUVANNAMALAI,330611,CHETPET,Rural,7,cat7,"SS (VI-X)",1,"Department of Education",4,OBC,0,0,0,0,0,0,0,89,86,91,118,119,0,0,0,0,0,0,0,76,78,95,134,106,0,0
2019-20,33,Tamilnadu,3306,TIRUVANNAMALAI,330612,THURINJAPURAM,Rural,7,cat7,"SS (VI-X)",1,"Department of Education",4,OBC,0,0,0,0,0,0,0,141,129,148,185,162,0,0,0,0,0,0,0,92,131,126,152,164,0,0
2019-20,33,Tamilnadu,3306,TIRUVANNAMALAI,330613,KILPENNATHUR,Rural,7,cat7,"SS (VI-X)",1,"Department of Education",4,OBC,0,0,0,0,0,0,0,142,153,150,156,156,0,0,0,0,0,0,0,130,132,165,160,180,0,0
2019-20,33,Tamilnadu,3306,TIRUVANNAMALAI,330614,TIRUVANNAMALAI,Rural,7,cat7,"SS (VI-X)",1,"Department of Education",4,OBC,0,0,0,0,0,0,0,143,149,148,173,165,0,0,0,0,0,0,0,133,126,158,190,173,0,0
2019-20,33,Tamilnadu,3306,TIRUVANNAMALAI,330615,PUDUPALAYAM,Rural,7,cat7,"SS (VI-X)",1,"Department of Education",4,OBC,0,0,0,0,0,0,0,96,116,127,123,156,0,0,0,0,0,0,0,99,123,116,119,132,0,0
2019-20,33,Tamilnadu,3306,TIRUVANNAMALAI,330616,CHENGAM,Rural,7,cat7,"SS (VI-X)",1,"Department of Education",4,OBC,0,0,0,0,0,0,0,143,143,121,155,156,0,0,0,0,0,0,0,127,142,140,160,138,0,0
2019-20,33,Tamilnadu,3306,TIRUVANNAMALAI,330617,THANDRAMPET,Rural,7,cat7,"SS (VI-X)",1,"Department of Education",4,OBC,0,0,0,0,0,0,0,157,163,173,217,169,0,0,0,0,0,0,0,203,219,218,295,280,0,0
2019-20,33,Tamilnadu,3306,TIRUVANNAMALAI,330618,"JAWADHU HILLS",Rural,7,cat7,"SS (VI-X)",1,"Department of Education",4,OBC,0,0,0,0,0,0,0,14,6,12,12,12,0,0,0,0,0,0,0,11,7,7,15,16,0,0
2019-20,33,Tamilnadu,3306,TIRUVANNAMALAI,330602,CHEYYAR,Urban,7,cat7,"SS (VI-X)",1,"Department of Education",4,OBC,0,0,0,0,0,0,0,59,66,73,89,100,0,0,0,0,0,0,0,40,56,55,44,71,0,0
2019-20,33,Tamilnadu,3306,TIRUVANNAMALAI,330604,PERANAMALLUR,Urban,7,cat7,"SS (VI-X)",1,"Department of Education",4,OBC,0,0,0,0,0,0,0,14,13,14,14,12,0,0,0,0,0,0,0,12,19,14,18,25,0,0
2019-20,33,Tamilnadu,3306,TIRUVANNAMALAI,330616,CHENGAM,Urban,7,cat7,"SS (VI-X)",1,"Department of Education",4,OBC,0,0,0,0,0,0,0,6,17,6,13,9,0,0,0,0,0,0,0,16,16,9,16,13,0,0
2019-20,33,Tamilnadu,3306,TIRUVANNAMALAI,330601,VEMBAKKAM,Rural,7,cat7,"SS (VI-X)",2,"Tribal Welfare Department",4,OBC,0,0,0,0,0,0,0,0,3,0,0,1,0,0,0,0,0,0,0,0,2,1,0,0,0,0
2019-20,33,Tamilnadu,3306,TIRUVANNAMALAI,330602,CHEYYAR,Rural,7,cat7,"SS (VI-X)",2,"Tribal Welfare Department",4,OBC,0,0,0,0,0,0,0,2,2,2,0,6,0,0,0,0,0,0,0,3,1,2,1,1,0,0
2019-20,33,Tamilnadu,3306,TIRUVANNAMALAI,330609,POLUR,Rural,7,cat7,"SS (VI-X)",2,"Tribal Welfare Department",4,OBC,0,0,0,0,0,0,0,0,0,0,0,0,0,0,0,0,0,0,0,0,0,0,0,0,0,0
2019-20,33,Tamilnadu,3306,TIRUVANNAMALAI,330610,KALASAPAKKAM,Rural,7,cat7,"SS (VI-X)",2,"Tribal Welfare Department",4,OBC,0,0,0,0,0,0,0,0,0,0,0,0,0,0,0,0,0,0,0,0,0,0,0,0,0,0
2019-20,33,Tamilnadu,3306,TIRUVANNAMALAI,330614,TIRUVANNAMALAI,Rural,7,cat7,"SS (VI-X)",2,"Tribal Welfare Department",4,OBC,0,0,0,0,0,0,0,3,2,0,1,0,0,0,0,0,0,0,0,0,1,2,2,2,0,0
2019-20,33,Tamilnadu,3306,TIRUVANNAMALAI,330616,CHENGAM,Rural,7,cat7,"SS (VI-X)",2,"Tribal Welfare Department",4,OBC,0,0,0,0,0,0,0,0,0,0,0,0,0,0,0,0,0,0,0,0,0,0,0,0,0,0
2019-20,33,Tamilnadu,3306,TIRUVANNAMALAI,330618,"JAWADHU HILLS",Rural,7,cat7,"SS (VI-X)",2,"Tribal Welfare Department",4,OBC,0,0,0,0,0,0,0,0,0,1,0,1,0,0,0,0,0,0,0,0,0,1,0,0,0,0
2019-20,33,Tamilnadu,3306,TIRUVANNAMALAI,330602,CHEYYAR,Urban,7,cat7,"SS (VI-X)",3,"Local body",4,OBC,0,0,0,0,0,0,0,43,49,36,40,46,0,0,0,0,0,0,0,23,40,30,13,26,0,0
2019-20,33,Tamilnadu,3306,TIRUVANNAMALAI,330607,ARNI,Urban,7,cat7,"SS (VI-X)",3,"Local body",4,OBC,0,0,0,0,0,0,0,23,25,17,29,30,0,0,0,0,0,0,0,23,14,9,22,38,0,0
2019-20,33,Tamilnadu,3306,TIRUVANNAMALAI,330614,TIRUVANNAMALAI,Urban,7,cat7,"SS (VI-X)",3,"Local body",4,OBC,0,0,0,0,0,0,0,6,5,7,11,8,0,0,0,0,0,0,0,49,26,29,41,22,0,0
2019-20,33,Tamilnadu,3306,TIRUVANNAMALAI,330609,POLUR,Rural,7,cat7,"SS (VI-X)",4,"Government Aided",4,OBC,0,0,0,0,0,0,0,13,8,11,11,12,0,0,0,0,0,0,0,9,5,4,10,6,0,0
2019-20,33,Tamilnadu,3306,TIRUVANNAMALAI,330612,THURINJAPURAM,Rural,7,cat7,"SS (VI-X)",4,"Government Aided",4,OBC,0,0,0,0,0,0,0,5,16,11,10,12,0,0,0,0,0,0,0,18,16,9,17,17,0,0
2019-20,33,Tamilnadu,3306,TIRUVANNAMALAI,330613,KILPENNATHUR,Rural,7,cat7,"SS (VI-X)",4,"Government Aided",4,OBC,0,0,0,0,0,0,0,23,19,26,21,23,0,0,0,0,0,0,0,21,34,17,22,18,0,0
2019-20,33,Tamilnadu,3306,TIRUVANNAMALAI,330614,TIRUVANNAMALAI,Rural,7,cat7,"SS (VI-X)",4,"Government Aided",4,OBC,0,0,0,0,0,0,0,31,31,33,37,45,0,0,0,0,0,0,0,25,31,38,33,49,0,0
2019-20,33,Tamilnadu,3306,TIRUVANNAMALAI,330615,PUDUPALAYAM,Rural,7,cat7,"SS (VI-X)",4,"Government Aided",4,OBC,0,0,0,0,0,0,0,18,12,19,20,12,0,0,0,0,0,0,0,17,18,8,20,15,0,0
2019-20,33,Tamilnadu,3306,TIRUVANNAMALAI,330602,CHEYYAR,Urban,7,cat7,"SS (VI-X)",4,"Government Aided",4,OBC,0,0,0,0,0,0,0,15,9,11,9,15,0,0,0,0,0,0,0,10,14,5,10,9,0,0
2019-20,33,Tamilnadu,3306,TIRUVANNAMALAI,330605,VANDAVASI,Urban,7,cat7,"SS (VI-X)",4,"Government Aided",4,OBC,0,0,0,0,0,0,0,58,47,59,45,68,0,0,0,0,0,0,0,1,7,7,3,2,0,0
2019-20,33,Tamilnadu,3306,TIRUVANNAMALAI,330613,KILPENNATHUR,Urban,7,cat7,"SS (VI-X)",4,"Government Aided",4,OBC,0,0,0,0,0,0,0,10,11,13,18,22,0,0,0,0,0,0,0,5,8,10,9,19,0,0
2019-20,33,Tamilnadu,3306,TIRUVANNAMALAI,330614,TIRUVANNAMALAI,Urban,7,cat7,"SS (VI-X)",4,"Government Aided",4,OBC,0,0,0,0,0,0,0,73,70,64,44,38,0,0,0,0,0,0,0,73,82,64,47,42,0,0
2019-20,33,Tamilnadu,3306,TIRUVANNAMALAI,330611,CHETPET,Rural,7,cat7,"SS (VI-X)",5,"Private Unaided (Recognized)",4,OBC,0,0,0,0,0,0,0,0,2,8,10,10,0,0,0,0,0,0,0,6,3,1,1,4,0,0
2019-20,33,Tamilnadu,3306,TIRUVANNAMALAI,330616,CHENGAM,Rural,7,cat7,"SS (VI-X)",5,"Private Unaided (Recognized)",4,OBC,0,0,0,0,0,0,0,37,53,39,39,39,0,0,0,0,0,0,0,15,25,11,16,25,0,0
2019-20,33,Tamilnadu,3306,TIRUVANNAMALAI,330617,THANDRAMPET,Rural,7,cat7,"SS (VI-X)",5,"Private Unaided (Recognized)",4,OBC,0,0,0,0,0,0,0,7,11,6,8,4,0,0,0,0,0,0,0,8,6,6,9,14,0,0
2019-20,33,Tamilnadu,3306,TIRUVANNAMALAI,330601,VEMBAKKAM,Rural,2,cat2,"UPS (I-VIII)",1,"Department of Education",4,OBC,8,11,52,54,76,87,78,78,108,78,0,0,0,0,59,66,60,70,83,89,90,80,0,0,0,0
2019-20,33,Tamilnadu,3306,TIRUVANNAMALAI,330602,CHEYYAR,Rural,2,cat2,"UPS (I-VIII)",1,"Department of Education",4,OBC,65,70,42,54,59,60,48,54,61,64,0,0,0,0,42,55,58,51,62,63,72,64,0,0,0,0
2019-20,33,Tamilnadu,3306,TIRUVANNAMALAI,330603,ANAKKAVUR,Rural,2,cat2,"UPS (I-VIII)",1,"Department of Education",4,OBC,8,8,17,24,23,18,28,19,36,26,0,0,0,0,15,20,21,16,23,34,25,31,0,0,0,0
2019-20,33,Tamilnadu,3306,TIRUVANNAMALAI,330604,PERANAMALLUR,Rural,2,cat2,"UPS (I-VIII)",1,"Department of Education",4,OBC,41,33,49,57,65,71,68,70,83,84,0,0,0,0,61,79,75,85,76,84,72,76,0,0,0,0
2019-20,33,Tamilnadu,3306,TIRUVANNAMALAI,330605,VANDAVASI,Rural,2,cat2,"UPS (I-VIII)",1,"Department of Education",4,OBC,11,10,56,50,66,57,74,83,96,107,0,0,0,0,46,69,74,63,84,107,124,97,0,0,0,0
2019-20,33,Tamilnadu,3306,TIRUVANNAMALAI,330606,THELLAR,Rural,2,cat2,"UPS (I-VIII)",1,"Department of Education",4,OBC,1,2,16,28,34,28,43,65,63,51,0,0,0,0,42,41,37,43,40,42,59,39,0,0,0,0
2019-20,33,Tamilnadu,3306,TIRUVANNAMALAI,330607,ARNI,Rural,2,cat2,"UPS (I-VIII)",1,"Department of Education",4,OBC,19,23,72,88,100,86,112,98,107,74,0,0,0,0,82,73,105,77,85,78,123,86,0,0,0,0
2019-20,33,Tamilnadu,3306,TIRUVANNAMALAI,330608,"WEST ARNI",Rural,2,cat2,"UPS (I-VIII)",1,"Department of Education",4,OBC,77,87,89,93,108,116,114,106,128,131,0,0,0,0,106,110,123,140,112,150,139,126,0,0,0,0
2019-20,33,Tamilnadu,3306,TIRUVANNAMALAI,330609,POLUR,Rural,2,cat2,"UPS (I-VIII)",1,"Department of Education",4,OBC,51,51,88,101,91,118,104,121,139,117,0,0,0,0,106,84,120,90,90,118,127,129,0,0,0,0
2019-20,33,Tamilnadu,3306,TIRUVANNAMALAI,330610,KALASAPAKKAM,Rural,2,cat2,"UPS (I-VIII)",1,"Department of Education",4,OBC,20,27,68,66,78,77,79,85,103,86,0,0,0,0,67,62,67,73,81,76,66,100,0,0,0,0
2019-20,33,Tamilnadu,3306,TIRUVANNAMALAI,330611,CHETPET,Rural,2,cat2,"UPS (I-VIII)",1,"Department of Education",4,OBC,41,63,83,74,89,117,83,113,121,100,0,0,0,0,105,104,113,115,107,117,103,114,0,0,0,0
2019-20,33,Tamilnadu,3306,TIRUVANNAMALAI,330612,THURINJAPURAM,Rural,2,cat2,"UPS (I-VIII)",1,"Department of Education",4,OBC,22,11,36,63,64,71,61,102,99,101,0,0,0,0,37,49,61,58,68,73,108,106,0,0,0,0
2019-20,33,Tamilnadu,3306,TIRUVANNAMALAI,330613,KILPENNATHUR,Rural,2,cat2,"UPS (I-VIII)",1,"Department of Education",4,OBC,17,24,62,60,63,71,61,70,74,73,0,0,0,0,61,69,63,72,76,61,84,74,0,0,0,0
2019-20,33,Tamilnadu,3306,TIRUVANNAMALAI,330614,TIRUVANNAMALAI,Rural,2,cat2,"UPS (I-VIII)",1,"Department of Education",4,OBC,64,52,175,149,172,164,162,221,210,174,0,0,0,0,146,174,177,163,158,219,204,208,0,0,0,0
2019-20,33,Tamilnadu,3306,TIRUVANNAMALAI,330615,PUDUPALAYAM,Rural,2,cat2,"UPS (I-VIII)",1,"Department of Education",4,OBC,34,20,59,66,74,85,78,82,91,80,0,0,0,0,48,82,82,84,63,87,83,93,0,0,0,0
2019-20,33,Tamilnadu,3306,TIRUVANNAMALAI,330616,CHENGAM,Rural,2,cat2,"UPS (I-VIII)",1,"Department of Education",4,OBC,32,31,112,101,113,134,176,187,168,151,0,0,0,0,108,126,99,141,156,160,161,163,0,0,0,0
2019-20,33,Tamilnadu,3306,TIRUVANNAMALAI,330617,THANDRAMPET,Rural,2,cat2,"UPS (I-VIII)",1,"Department of Education",4,OBC,22,30,133,147,176,178,181,218,208,197,0,0,0,0,123,144,164,183,182,214,192,207,0,0,0,0
2019-20,33,Tamilnadu,3306,TIRUVANNAMALAI,330618,"JAWADHU HILLS",Rural,2,cat2,"UPS (I-VIII)",1,"Department of Education",4,OBC,1,0,6,7,7,4,8,11,7,4,0,0,0,0,7,4,3,7,5,6,6,11,0,0,0,0
2019-20,33,Tamilnadu,3306,TIRUVANNAMALAI,330608,"WEST ARNI",Urban,2,cat2,"UPS (I-VIII)",1,"Department of Education",4,OBC,0,0,2,5,3,2,4,4,7,8,0,0,0,0,3,7,6,5,6,11,7,4,0,0,0,0
2019-20,33,Tamilnadu,3306,TIRUVANNAMALAI,330609,POLUR,Urban,2,cat2,"UPS (I-VIII)",1,"Department of Education",4,OBC,0,0,13,11,8,15,9,19,16,14,0,0,0,0,3,7,12,17,13,14,9,15,0,0,0,0
2019-20,33,Tamilnadu,3306,TIRUVANNAMALAI,330613,KILPENNATHUR,Urban,2,cat2,"UPS (I-VIII)",1,"Department of Education",4,OBC,0,0,0,0,0,0,0,1,1,1,0,0,0,0,0,0,0,0,0,2,3,1,0,0,0,0
2019-20,33,Tamilnadu,3306,TIRUVANNAMALAI,330615,PUDUPALAYAM,Urban,2,cat2,"UPS (I-VIII)",1,"Department of Education",4,OBC,0,0,2,3,4,5,4,8,4,7,0,0,0,0,3,11,9,7,10,4,9,7,0,0,0,0
2019-20,33,Tamilnadu,3306,TIRUVANNAMALAI,330616,CHENGAM,Urban,2,cat2,"UPS (I-VIII)",1,"Department of Education",4,OBC,0,0,9,5,6,10,7,23,16,13,0,0,0,0,2,5,5,14,6,12,13,8,0,0,0,0
2019-20,33,Tamilnadu,3306,TIRUVANNAMALAI,330601,VEMBAKKAM,Rural,2,cat2,"UPS (I-VIII)",2,"Tribal Welfare Department",4,OBC,0,0,0,0,0,0,0,0,0,0,0,0,0,0,0,0,0,0,0,0,0,0,0,0,0,0
2019-20,33,Tamilnadu,3306,TIRUVANNAMALAI,330607,ARNI,Rural,2,cat2,"UPS (I-VIII)",2,"Tribal Welfare Department",4,OBC,0,0,0,0,0,0,0,0,0,0,0,0,0,0,0,0,0,0,0,0,0,0,0,0,0,0
2019-20,33,Tamilnadu,3306,TIRUVANNAMALAI,330609,POLUR,Rural,2,cat2,"UPS (I-VIII)",2,"Tribal Welfare Department",4,OBC,0,0,0,0,0,1,0,1,0,0,0,0,0,0,0,0,0,0,0,0,1,0,0,0,0,0
2019-20,33,Tamilnadu,3306,TIRUVANNAMALAI,330610,KALASAPAKKAM,Rural,2,cat2,"UPS (I-VIII)",2,"Tribal Welfare Department",4,OBC,0,0,0,0,1,0,0,0,1,2,0,0,0,0,0,1,0,0,0,1,0,0,0,0,0,0
2019-20,33,Tamilnadu,3306,TIRUVANNAMALAI,330613,KILPENNATHUR,Rural,2,cat2,"UPS (I-VIII)",2,"Tribal Welfare Department",4,OBC,1,0,2,1,2,3,1,6,4,3,0,0,0,0,2,1,1,0,1,3,3,2,0,0,0,0
2019-20,33,Tamilnadu,3306,TIRUVANNAMALAI,330614,TIRUVANNAMALAI,Rural,2,cat2,"UPS (I-VIII)",2,"Tribal Welfare Department",4,OBC,0,0,2,5,2,3,4,4,1,1,0,0,0,0,0,2,3,2,1,2,3,3,0,0,0,0
2019-20,33,Tamilnadu,3306,TIRUVANNAMALAI,330616,CHENGAM,Rural,2,cat2,"UPS (I-VIII)",2,"Tribal Welfare Department",4,OBC,0,0,0,0,0,0,0,0,0,0,0,0,0,0,0,0,0,0,0,0,0,0,0,0,0,0
2019-20,33,Tamilnadu,3306,TIRUVANNAMALAI,330618,"JAWADHU HILLS",Rural,2,cat2,"UPS (I-VIII)",2,"Tribal Welfare Department",4,OBC,0,1,1,2,2,4,2,5,6,2,0,0,0,0,0,3,0,1,3,2,0,2,0,0,0,0
