ac_year,st_code,state_name,dt_code,district_name,block_cd,udise_block_name,loc_name,sch_category_id,tr_cat_name,school_category,sch_mgmt_id,sch_mgmt_name,caste_id,caste_name,pre_primary_boy,pre_primary_girl,class1_boy,class2_boy,class3_boy,class4_boy,class5_boy,class6_boy,class7_boy,class8_boy,class9_boy,class10_boy,class11_boy,class12_boy,class1_girl,class2_girl,class3_girl,class4_girl,class5_girl,class6_girl,class7_girl,class8_girl,class9_girl,class10_girl,class11_girl,class12_girl
2019-20,33,Tamilnadu,3324,MADURAI,332406,"MADURAI EAST",Urban,2,cat2,"UPS (I-VIII)",3,"Local body",4,OBC,11,11,3,4,5,4,2,8,2,2,0,0,0,0,9,2,4,1,3,6,3,2,0,0,0,0
2019-20,33,Tamilnadu,3324,MADURAI,332407,"MADURAI WEST",Urban,2,cat2,"UPS (I-VIII)",3,"Local body",4,OBC,23,20,6,5,9,13,10,7,5,2,0,0,0,0,9,6,8,6,7,6,7,4,0,0,0,0
2019-20,33,Tamilnadu,3324,MADURAI,332411,THIRUPARAMKUNDRAM,Urban,2,cat2,"UPS (I-VIII)",3,"Local body",4,OBC,99,95,29,41,31,34,31,48,41,30,0,0,0,0,34,41,33,57,34,47,47,37,0,0,0,0
2019-20,33,Tamilnadu,3324,MADURAI,332414,"MADURAI NORTH",Urban,2,cat2,"UPS (I-VIII)",3,"Local body",4,OBC,22,36,5,4,6,9,4,9,2,4,0,0,0,0,15,1,12,3,6,4,3,5,0,0,0,0
2019-20,33,Tamilnadu,3324,MADURAI,332415,"MADURAI SOUTH",Urban,2,cat2,"UPS (I-VIII)",3,"Local body",4,OBC,35,32,6,4,10,5,5,8,7,4,0,0,0,0,5,8,7,7,11,5,4,8,0,0,0,0
2019-20,33,Tamilnadu,3324,MADURAI,332404,T.KALLUPATTI,Rural,2,cat2,"UPS (I-VIII)",4,"Government Aided",4,OBC,0,0,2,3,3,3,3,8,7,6,0,0,0,0,4,2,3,4,1,4,2,1,0,0,0,0
2019-20,33,Tamilnadu,3324,MADURAI,332407,"MADURAI WEST",Rural,2,cat2,"UPS (I-VIII)",4,"Government Aided",4,OBC,0,0,40,39,47,54,56,61,54,54,0,0,0,0,48,60,39,54,58,44,51,44,0,0,0,0
2019-20,33,Tamilnadu,3324,MADURAI,332408,MELUR,Rural,2,cat2,"UPS (I-VIII)",4,"Government Aided",4,OBC,0,0,3,4,5,8,8,11,7,14,0,0,0,0,10,4,5,6,6,10,8,12,0,0,0,0
2019-20,33,Tamilnadu,3324,MADURAI,332409,SEDAPATTI,Rural,2,cat2,"UPS (I-VIII)",4,"Government Aided",4,OBC,0,0,5,5,3,14,7,8,8,13,0,0,0,0,4,4,9,9,7,11,8,2,0,0,0,0
2019-20,33,Tamilnadu,3324,MADURAI,332411,THIRUPARAMKUNDRAM,Rural,2,cat2,"UPS (I-VIII)",4,"Government Aided",4,OBC,0,0,3,2,4,6,3,3,1,4,0,0,0,0,1,2,2,6,5,7,6,2,0,0,0,0
2019-20,33,Tamilnadu,3324,MADURAI,332413,T.VADIPATTI,Rural,2,cat2,"UPS (I-VIII)",4,"Government Aided",4,OBC,0,0,2,6,1,2,5,4,8,8,0,0,0,0,0,2,4,2,0,7,6,6,0,0,0,0
2019-20,33,Tamilnadu,3324,MADURAI,332414,"MADURAI NORTH",Rural,2,cat2,"UPS (I-VIII)",4,"Government Aided",4,OBC,0,0,126,117,175,194,192,284,249,242,0,0,0,0,104,108,115,130,127,169,141,137,0,0,0,0
2019-20,33,Tamilnadu,3324,MADURAI,332406,"MADURAI EAST",Urban,2,cat2,"UPS (I-VIII)",4,"Government Aided",4,OBC,0,0,22,21,19,10,15,14,19,11,0,0,0,0,19,14,18,17,12,9,13,15,0,0,0,0
2019-20,33,Tamilnadu,3324,MADURAI,332407,"MADURAI WEST",Urban,2,cat2,"UPS (I-VIII)",4,"Government Aided",4,OBC,0,0,80,91,78,95,101,122,114,126,0,0,0,0,59,75,75,106,96,88,100,105,0,0,0,0
2019-20,33,Tamilnadu,3324,MADURAI,332408,MELUR,Urban,2,cat2,"UPS (I-VIII)",4,"Government Aided",4,OBC,0,0,27,49,53,56,52,101,75,78,0,0,0,0,42,46,60,57,74,58,68,71,0,0,0,0
2019-20,33,Tamilnadu,3324,MADURAI,332411,THIRUPARAMKUNDRAM,Urban,2,cat2,"UPS (I-VIII)",4,"Government Aided",4,OBC,0,0,58,50,82,87,64,76,67,73,0,0,0,0,63,68,71,61,78,75,54,54,0,0,0,0
2019-20,33,Tamilnadu,3324,MADURAI,332412,USILAMPATTI,Urban,2,cat2,"UPS (I-VIII)",4,"Government Aided",4,OBC,0,0,27,22,24,29,22,37,44,46,0,0,0,0,26,24,35,26,23,34,35,38,0,0,0,0
2019-20,33,Tamilnadu,3324,MADURAI,332413,T.VADIPATTI,Urban,2,cat2,"UPS (I-VIII)",4,"Government Aided",4,OBC,0,0,11,7,11,14,19,39,31,19,0,0,0,0,10,14,17,15,20,15,17,12,0,0,0,0
2019-20,33,Tamilnadu,3324,MADURAI,332414,"MADURAI NORTH",Urban,2,cat2,"UPS (I-VIII)",4,"Government Aided",4,OBC,0,0,186,174,209,196,230,265,257,244,0,0,0,0,160,148,186,198,233,222,219,221,0,0,0,0
2019-20,33,Tamilnadu,3324,MADURAI,332415,"MADURAI SOUTH",Urban,2,cat2,"UPS (I-VIII)",4,"Government Aided",4,OBC,0,0,148,190,235,238,262,399,377,373,0,0,0,0,239,270,350,379,414,425,428,431,0,0,0,0
2019-20,33,Tamilnadu,3324,MADURAI,332401,ALANGANALLUR,Rural,2,cat2,"UPS (I-VIII)",5,"Private Unaided (Recognized)",4,OBC,18,11,2,5,4,1,2,0,0,0,0,0,0,0,9,4,3,5,2,1,0,0,0,0,0,0
2019-20,33,Tamilnadu,3324,MADURAI,332403,KALLIKUDI,Rural,2,cat2,"UPS (I-VIII)",5,"Private Unaided (Recognized)",4,OBC,89,71,51,40,31,22,20,18,8,0,0,0,0,0,27,30,22,20,14,7,7,0,0,0,0,0
2019-20,33,Tamilnadu,3324,MADURAI,332406,"MADURAI EAST",Rural,2,cat2,"UPS (I-VIII)",5,"Private Unaided (Recognized)",4,OBC,93,98,45,41,44,22,33,7,17,10,0,0,0,0,47,37,38,22,19,8,7,7,0,0,0,0
2019-20,33,Tamilnadu,3324,MADURAI,332407,"MADURAI WEST",Rural,2,cat2,"UPS (I-VIII)",5,"Private Unaided (Recognized)",4,OBC,26,35,10,11,7,7,9,4,5,5,0,0,0,0,15,9,6,3,4,0,4,4,0,0,0,0
2019-20,33,Tamilnadu,3324,MADURAI,332410,THIRUMANGALAM,Rural,2,cat2,"UPS (I-VIII)",5,"Private Unaided (Recognized)",4,OBC,118,100,42,42,39,47,28,29,16,13,0,0,0,0,42,48,29,38,30,16,12,4,0,0,0,0
2019-20,33,Tamilnadu,3324,MADURAI,332411,THIRUPARAMKUNDRAM,Rural,2,cat2,"UPS (I-VIII)",5,"Private Unaided (Recognized)",4,OBC,176,153,100,124,109,124,292,53,48,13,0,0,0,0,81,84,80,97,201,41,44,32,0,0,0,0
2019-20,33,Tamilnadu,3324,MADURAI,332412,USILAMPATTI,Rural,2,cat2,"UPS (I-VIII)",5,"Private Unaided (Recognized)",4,OBC,112,133,63,52,23,44,19,16,29,6,0,0,0,0,42,37,31,24,14,10,17,10,0,0,0,0
2019-20,33,Tamilnadu,3324,MADURAI,332413,T.VADIPATTI,Rural,2,cat2,"UPS (I-VIII)",5,"Private Unaided (Recognized)",4,OBC,94,74,52,47,34,46,46,36,34,30,0,0,0,0,36,38,35,30,27,6,4,2,0,0,0,0
2019-20,33,Tamilnadu,3324,MADURAI,332406,"MADURAI EAST",Urban,2,cat2,"UPS (I-VIII)",5,"Private Unaided (Recognized)",4,OBC,15,12,8,4,8,6,8,1,5,0,0,0,0,0,5,5,5,1,2,2,2,0,0,0,0,0
2019-20,33,Tamilnadu,3324,MADURAI,332407,"MADURAI WEST",Urban,2,cat2,"UPS (I-VIII)",5,"Private Unaided (Recognized)",4,OBC,64,52,25,22,24,21,20,26,9,9,0,0,0,0,16,14,19,20,17,6,5,2,0,0,0,0
2019-20,33,Tamilnadu,3324,MADURAI,332408,MELUR,Urban,2,cat2,"UPS (I-VIII)",5,"Private Unaided (Recognized)",4,OBC,34,26,8,12,11,4,6,10,2,5,0,0,0,0,6,9,8,7,7,3,4,2,0,0,0,0
2019-20,33,Tamilnadu,3324,MADURAI,332409,SEDAPATTI,Urban,2,cat2,"UPS (I-VIII)",5,"Private Unaided (Recognized)",4,OBC,0,0,8,9,9,6,8,11,12,11,0,0,0,0,8,9,8,3,3,6,0,0,0,0,0,0
2019-20,33,Tamilnadu,3324,MADURAI,332410,THIRUMANGALAM,Urban,2,cat2,"UPS (I-VIII)",5,"Private Unaided (Recognized)",4,OBC,7,9,10,5,3,7,2,0,0,0,0,0,0,0,5,4,2,5,4,0,1,0,0,0,0,0
2019-20,33,Tamilnadu,3324,MADURAI,332411,THIRUPARAMKUNDRAM,Urban,2,cat2,"UPS (I-VIII)",5,"Private Unaided (Recognized)",4,OBC,60,47,35,25,18,20,16,8,1,0,0,0,0,0,27,24,27,11,14,3,1,0,0,0,0,0
2019-20,33,Tamilnadu,3324,MADURAI,332412,USILAMPATTI,Urban,2,cat2,"UPS (I-VIII)",5,"Private Unaided (Recognized)",4,OBC,29,20,12,10,9,9,5,5,2,1,0,0,0,0,9,11,3,8,3,5,6,3,0,0,0,0
2019-20,33,Tamilnadu,3324,MADURAI,332414,"MADURAI NORTH",Urban,2,cat2,"UPS (I-VIII)",5,"Private Unaided (Recognized)",4,OBC,0,0,0,0,0,0,0,0,0,0,0,0,0,0,1,0,0,0,0,0,0,0,0,0,0,0
2019-20,33,Tamilnadu,3324,MADURAI,332402,CHELLAMPATTI,Rural,2,cat2,"UPS (I-VIII)",8,Unrecognized,4,OBC,16,15,5,8,4,4,1,5,0,0,0,0,0,0,3,3,1,1,1,0,0,0,0,0,0,0
2019-20,33,Tamilnadu,3324,MADURAI,332406,"MADURAI EAST",Rural,2,cat2,"UPS (I-VIII)",8,Unrecognized,4,OBC,53,30,30,20,26,20,4,7,2,0,0,0,0,0,15,21,9,14,9,4,6,0,0,0,0,0
2019-20,33,Tamilnadu,3324,MADURAI,332408,MELUR,Rural,2,cat2,"UPS (I-VIII)",8,Unrecognized,4,OBC,42,52,35,29,36,42,27,19,14,19,0,0,0,0,24,28,29,39,32,20,19,10,0,0,0,0
2019-20,33,Tamilnadu,3324,MADURAI,332411,THIRUPARAMKUNDRAM,Urban,2,cat2,"UPS (I-VIII)",8,Unrecognized,4,OBC,10,20,8,8,4,7,4,4,4,0,0,0,0,0,6,4,5,1,1,0,0,0,0,0,0,0
2019-20,33,Tamilnadu,3324,MADURAI,332402,CHELLAMPATTI,Rural,2,cat2,"UPS (I-VIII)",90,"Social welfare Department",4,OBC,0,0,15,13,14,6,12,12,9,14,0,0,0,0,12,12,16,14,29,15,15,17,0,0,0,0
2019-20,33,Tamilnadu,3324,MADURAI,332409,SEDAPATTI,Rural,2,cat2,"UPS (I-VIII)",90,"Social welfare Department",4,OBC,0,0,1,2,4,4,6,3,0,0,0,0,0,0,3,1,8,4,4,3,0,0,0,0,0,0
2019-20,33,Tamilnadu,3324,MADURAI,332411,THIRUPARAMKUNDRAM,Rural,2,cat2,"UPS (I-VIII)",90,"Social welfare Department",4,OBC,0,0,0,4,3,3,1,5,2,1,0,0,0,0,3,2,5,2,5,4,1,1,0,0,0,0
2019-20,33,Tamilnadu,3324,MADURAI,332412,USILAMPATTI,Rural,2,cat2,"UPS (I-VIII)",90,"Social welfare Department",4,OBC,0,0,11,6,16,9,20,9,17,18,0,0,0,0,7,8,9,5,12,5,15,12,0,0,0,0
2019-20,33,Tamilnadu,3324,MADURAI,332406,"MADURAI EAST",Urban,2,cat2,"UPS (I-VIII)",90,"Social welfare Department",4,OBC,0,0,0,1,3,1,2,3,0,0,0,0,0,0,0,0,0,1,1,0,0,0,0,0,0,0
2019-20,33,Tamilnadu,3324,MADURAI,332411,THIRUPARAMKUNDRAM,Urban,2,cat2,"UPS (I-VIII)",90,"Social welfare Department",4,OBC,0,0,0,0,1,1,0,4,1,0,0,0,0,0,0,2,0,1,0,1,0,0,0,0,0,0
2019-20,33,Tamilnadu,3324,MADURAI,332410,THIRUMANGALAM,Rural,4,cat4,"UPS (VI-VIII)",4,"Government Aided",4,OBC,0,0,0,0,0,0,0,0,1,1,0,0,0,0,0,0,0,0,0,2,2,3,0,0,0,0
2019-20,33,Tamilnadu,3324,MADURAI,332411,THIRUPARAMKUNDRAM,Rural,4,cat4,"UPS (VI-VIII)",4,"Government Aided",4,OBC,0,0,0,0,0,0,0,8,6,3,0,0,0,0,0,0,0,0,0,4,5,4,0,0,0,0
2019-20,33,Tamilnadu,3324,MADURAI,332411,THIRUPARAMKUNDRAM,Urban,4,cat4,"UPS (VI-VIII)",4,"Government Aided",4,OBC,0,0,0,0,0,0,0,13,11,16,0,0,0,0,0,0,0,0,0,14,14,10,0,0,0,0
2019-20,33,Tamilnadu,3324,MADURAI,332415,"MADURAI SOUTH",Urban,4,cat4,"UPS (VI-VIII)",4,"Government Aided",4,OBC,0,0,0,0,0,0,0,11,13,0,0,0,0,0,0,0,0,0,0,9,2,0,0,0,0,0
2019-20,33,Tamilnadu,3324,MADURAI,332408,MELUR,Urban,2,cat2,"UPS (I-VIII)",4,"Government Aided",1,General,0,0,0,0,2,2,0,2,2,3,0,0,0,0,1,1,2,1,3,4,2,1,0,0,0,0
2019-20,33,Tamilnadu,3324,MADURAI,332406,"MADURAI EAST",Rural,3,cat3,"HSS (I-XII)",1,"Department of Education",1,General,1,2,0,0,0,0,0,0,0,0,0,0,0,0,0,0,0,1,0,6,0,1,1,2,2,0
2019-20,33,Tamilnadu,3324,MADURAI,332406,"MADURAI EAST",Urban,3,cat3,"HSS (I-XII)",4,"Government Aided",1,General,0,0,0,0,0,0,0,0,0,0,0,0,0,0,1,1,0,0,0,3,3,1,8,7,7,7
2019-20,33,Tamilnadu,3324,MADURAI,332407,"MADURAI WEST",Urban,3,cat3,"HSS (I-XII)",4,"Government Aided",1,General,0,0,0,0,0,1,0,0,0,0,0,1,0,0,0,0,1,0,0,0,0,0,0,0,0,1
2019-20,33,Tamilnadu,3324,MADURAI,332414,"MADURAI NORTH",Urban,3,cat3,"HSS (I-XII)",4,"Government Aided",1,General,0,0,0,0,0,0,0,0,0,0,0,0,0,0,0,0,0,0,0,1,1,2,3,1,5,10
2019-20,33,Tamilnadu,3324,MADURAI,332402,CHELLAMPATTI,Rural,3,cat3,"HSS (I-XII)",5,"Private Unaided (Recognized)",1,General,0,0,0,0,0,0,0,0,0,0,0,0,0,0,0,0,0,0,0,0,1,0,0,0,0,0
2019-20,33,Tamilnadu,3324,MADURAI,332404,T.KALLUPATTI,Rural,3,cat3,"HSS (I-XII)",5,"Private Unaided (Recognized)",1,General,1,0,0,1,0,0,1,1,1,0,0,1,0,0,0,0,1,0,0,0,0,0,0,0,1,0
2019-20,33,Tamilnadu,3324,MADURAI,332406,"MADURAI EAST",Rural,3,cat3,"HSS (I-XII)",5,"Private Unaided (Recognized)",1,General,29,24,19,10,15,17,10,18,23,10,11,16,12,12,10,14,20,18,11,12,14,10,6,8,9,9
2019-20,33,Tamilnadu,3324,MADURAI,332407,"MADURAI WEST",Rural,3,cat3,"HSS (I-XII)",5,"Private Unaided (Recognized)",1,General,25,29,25,32,12,20,19,20,20,17,16,40,32,30,25,25,12,26,14,27,12,13,20,29,25,28
2019-20,33,Tamilnadu,3324,MADURAI,332408,MELUR,Rural,3,cat3,"HSS (I-XII)",5,"Private Unaided (Recognized)",1,General,13,14,7,0,10,2,5,3,3,3,2,2,2,1,8,0,8,6,2,4,3,2,1,0,2,2
2019-20,33,Tamilnadu,3324,MADURAI,332409,SEDAPATTI,Rural,3,cat3,"HSS (I-XII)",5,"Private Unaided (Recognized)",1,General,0,0,2,0,1,3,0,0,1,0,4,0,0,0,0,0,0,0,0,0,0,0,0,0,0,1
2019-20,33,Tamilnadu,3324,MADURAI,332410,THIRUMANGALAM,Rural,3,cat3,"HSS (I-XII)",5,"Private Unaided (Recognized)",1,General,0,1,0,0,0,3,2,3,1,1,1,0,1,3,0,0,1,1,2,2,3,0,1,0,1,4
2019-20,33,Tamilnadu,3324,MADURAI,332411,THIRUPARAMKUNDRAM,Rural,3,cat3,"HSS (I-XII)",5,"Private Unaided (Recognized)",1,General,54,43,26,26,30,29,35,40,45,37,61,52,70,54,17,18,41,29,34,39,31,51,43,41,60,48
2019-20,33,Tamilnadu,3324,MADURAI,332412,USILAMPATTI,Rural,3,cat3,"HSS (I-XII)",5,"Private Unaided (Recognized)",1,General,1,0,0,0,0,0,0,0,0,0,0,0,0,0,0,0,0,0,0,0,0,0,0,0,0,0
2019-20,33,Tamilnadu,3324,MADURAI,332413,T.VADIPATTI,Rural,3,cat3,"HSS (I-XII)",5,"Private Unaided (Recognized)",1,General,0,0,1,0,0,0,0,0,0,1,0,1,0,0,0,0,0,0,0,1,0,0,1,0,0,2
2019-20,33,Tamilnadu,3324,MADURAI,332414,"MADURAI NORTH",Rural,3,cat3,"HSS (I-XII)",5,"Private Unaided (Recognized)",1,General,3,6,1,0,2,1,2,1,2,0,1,1,6,5,0,0,0,0,1,0,1,0,0,0,1,5
2019-20,33,Tamilnadu,3324,MADURAI,332415,"MADURAI SOUTH",Rural,3,cat3,"HSS (I-XII)",5,"Private Unaided (Recognized)",1,General,0,0,0,0,0,0,0,0,0,0,2,0,0,0,0,0,0,0,0,0,0,0,0,0,0,0
2019-20,33,Tamilnadu,3324,MADURAI,332401,ALANGANALLUR,Urban,3,cat3,"HSS (I-XII)",5,"Private Unaided (Recognized)",1,General,0,0,0,0,0,0,0,0,0,1,0,1,0,0,0,0,0,0,0,1,0,1,1,1,0,1
2019-20,33,Tamilnadu,3324,MADURAI,332404,T.KALLUPATTI,Urban,3,cat3,"HSS (I-XII)",5,"Private Unaided (Recognized)",1,General,0,1,1,1,0,0,1,1,1,0,1,0,0,2,0,0,1,0,0,0,0,0,1,0,0,1
2019-20,33,Tamilnadu,3324,MADURAI,332406,"MADURAI EAST",Urban,3,cat3,"HSS (I-XII)",5,"Private Unaided (Recognized)",1,General,3,15,1,4,9,6,9,13,6,10,9,12,12,6,4,4,6,4,2,4,10,5,5,10,10,6
2019-20,33,Tamilnadu,3324,MADURAI,332407,"MADURAI WEST",Urban,3,cat3,"HSS (I-XII)",5,"Private Unaided (Recognized)",1,General,48,34,15,18,39,25,35,31,41,27,21,28,46,38,23,16,27,20,27,33,33,16,24,29,45,44
2019-20,33,Tamilnadu,3324,MADURAI,332408,MELUR,Urban,3,cat3,"HSS (I-XII)",5,"Private Unaided (Recognized)",1,General,1,1,0,1,3,1,2,4,1,2,1,0,1,0,0,2,1,4,0,1,1,0,1,1,1,1
2019-20,33,Tamilnadu,3324,MADURAI,332410,THIRUMANGALAM,Urban,3,cat3,"HSS (I-XII)",5,"Private Unaided (Recognized)",1,General,4,3,0,0,2,0,2,1,1,1,0,4,1,3,0,1,1,0,0,1,2,3,2,1,0,1
2019-20,33,Tamilnadu,3324,MADURAI,332411,THIRUPARAMKUNDRAM,Urban,3,cat3,"HSS (I-XII)",5,"Private Unaided (Recognized)",1,General,36,49,27,21,52,49,40,41,45,30,50,49,47,50,42,28,39,40,25,33,36,39,48,44,43,42
2019-20,33,Tamilnadu,3324,MADURAI,332412,USILAMPATTI,Urban,3,cat3,"HSS (I-XII)",5,"Private Unaided (Recognized)",1,General,0,1,0,0,0,0,0,0,0,0,0,0,0,0,0,0,0,0,0,0,0,1,0,0,1,1
2019-20,33,Tamilnadu,3324,MADURAI,332413,T.VADIPATTI,Urban,3,cat3,"HSS (I-XII)",5,"Private Unaided (Recognized)",1,General,3,0,1,0,0,2,2,2,1,0,3,2,1,2,1,1,1,1,0,3,0,0,0,0,1,0
2019-20,33,Tamilnadu,3324,MADURAI,332414,"MADURAI NORTH",Urban,3,cat3,"HSS (I-XII)",5,"Private Unaided (Recognized)",1,General,9,2,4,0,2,3,4,4,21,12,11,21,16,13,2,0,4,3,2,10,21,14,9,16,12,24
2019-20,33,Tamilnadu,3324,MADURAI,332415,"MADURAI SOUTH",Urban,3,cat3,"HSS (I-XII)",5,"Private Unaided (Recognized)",1,General,33,33,18,11,9,9,13,28,24,28,19,15,14,9,23,12,11,14,30,36,31,28,40,24,27,20
2019-20,33,Tamilnadu,3324,MADURAI,332407,"MADURAI WEST",Urban,3,cat3,"HSS (I-XII)",92,"Kendriya Vidyalaya / Central School",1,General,0,0,38,12,32,21,24,47,34,29,19,4,8,6,32,14,35,24,29,34,14,30,14,10,13,12
2019-20,33,Tamilnadu,3324,MADURAI,332411,THIRUPARAMKUNDRAM,Urban,3,cat3,"HSS (I-XII)",92,"Kendriya Vidyalaya / Central School",1,General,0,0,8,29,37,41,26,32,16,30,25,22,10,20,14,19,32,32,42,30,15,48,16,23,22,20
2019-20,33,Tamilnadu,3324,MADURAI,332414,"MADURAI NORTH",Urban,3,cat3,"HSS (I-XII)",95,"Railway School",1,General,0,0,0,1,1,0,0,0,1,0,1,0,0,0,2,1,0,0,0,0,0,0,0,1,2,0
2019-20,33,Tamilnadu,3324,MADURAI,332415,"MADURAI SOUTH",Urban,10,cat10,"HSS (IX-XII)",4,"Government Aided",1,General,0,0,0,0,0,0,0,0,0,0,0,0,0,0,0,0,0,0,0,0,0,0,0,0,0,0
2019-20,33,Tamilnadu,3324,MADURAI,332401,ALANGANALLUR,Rural,5,cat5,"HSS (VI-XII)",1,"Department of Education",1,General,0,0,0,0,0,0,0,0,0,0,0,0,0,0,0,0,0,0,0,0,0,0,0,0,0,0
2019-20,33,Tamilnadu,3324,MADURAI,332403,KALLIKUDI,Rural,5,cat5,"HSS (VI-XII)",1,"Department of Education",1,General,0,0,0,0,0,0,0,0,0,0,0,0,0,0,0,0,0,0,0,1,0,1,0,2,0,1
2019-20,33,Tamilnadu,3324,MADURAI,332404,T.KALLUPATTI,Rural,5,cat5,"HSS (VI-XII)",1,"Department of Education",1,General,0,0,0,0,0,0,0,0,0,0,0,0,0,0,0,0,0,0,0,0,0,0,0,0,0,0
2019-20,33,Tamilnadu,3324,MADURAI,332405,KOTTAMPATTI,Rural,5,cat5,"HSS (VI-XII)",1,"Department of Education",1,General,0,0,0,0,0,0,0,0,0,0,0,0,0,0,0,0,0,0,0,0,0,1,1,0,0,0
2019-20,33,Tamilnadu,3324,MADURAI,332406,"MADURAI EAST",Rural,5,cat5,"HSS (VI-XII)",1,"Department of Education",1,General,0,0,0,0,0,0,0,1,0,1,0,2,0,0,0,0,0,0,0,0,0,0,0,0,0,0
2019-20,33,Tamilnadu,3324,MADURAI,332407,"MADURAI WEST",Rural,5,cat5,"HSS (VI-XII)",1,"Department of Education",1,General,0,0,0,0,0,0,0,0,0,5,1,6,4,9,0,0,0,0,0,0,0,2,0,4,6,5
2019-20,33,Tamilnadu,3324,MADURAI,332408,MELUR,Rural,5,cat5,"HSS (VI-XII)",1,"Department of Education",1,General,0,0,0,0,0,0,0,3,8,4,5,7,5,3,0,0,0,0,0,4,3,6,1,4,10,4
2019-20,33,Tamilnadu,3324,MADURAI,332409,SEDAPATTI,Rural,5,cat5,"HSS (VI-XII)",1,"Department of Education",1,General,0,0,0,0,0,0,0,0,0,0,0,0,0,0,0,0,0,0,0,0,0,0,0,0,0,0
2019-20,33,Tamilnadu,3324,MADURAI,332410,THIRUMANGALAM,Rural,5,cat5,"HSS (VI-XII)",1,"Department of Education",1,General,0,0,0,0,0,0,0,0,0,0,0,0,0,0,0,0,0,0,0,0,0,0,0,0,0,0
2019-20,33,Tamilnadu,3324,MADURAI,332411,THIRUPARAMKUNDRAM,Rural,5,cat5,"HSS (VI-XII)",1,"Department of Education",1,General,0,0,0,0,0,0,0,0,0,0,0,0,0,0,0,0,0,0,0,0,0,0,0,0,0,0
2019-20,33,Tamilnadu,3324,MADURAI,332413,T.VADIPATTI,Rural,5,cat5,"HSS (VI-XII)",1,"Department of Education",1,General,0,0,0,0,0,0,0,0,0,0,0,1,1,0,0,0,0,0,0,0,0,0,0,0,0,1
2019-20,33,Tamilnadu,3324,MADURAI,332401,ALANGANALLUR,Urban,5,cat5,"HSS (VI-XII)",1,"Department of Education",1,General,0,0,0,0,0,0,0,2,0,0,1,0,0,0,0,0,0,0,0,1,0,0,0,1,0,0
2019-20,33,Tamilnadu,3324,MADURAI,332404,T.KALLUPATTI,Urban,5,cat5,"HSS (VI-XII)",1,"Department of Education",1,General,0,0,0,0,0,0,0,0,0,0,0,0,0,0,0,0,0,0,0,0,0,0,0,0,0,0
2019-20,33,Tamilnadu,3324,MADURAI,332407,"MADURAI WEST",Urban,5,cat5,"HSS (VI-XII)",1,"Department of Education",1,General,0,0,0,0,0,0,0,0,0,0,0,0,0,0,0,0,0,0,0,0,0,0,0,0,0,0
2019-20,33,Tamilnadu,3324,MADURAI,332408,MELUR,Urban,5,cat5,"HSS (VI-XII)",1,"Department of Education",1,General,0,0,0,0,0,0,0,0,0,0,0,0,0,0,0,0,0,0,0,0,0,0,0,1,0,1
2019-20,33,Tamilnadu,3324,MADURAI,332409,SEDAPATTI,Urban,5,cat5,"HSS (VI-XII)",1,"Department of Education",1,General,0,0,0,0,0,0,0,0,0,0,0,0,0,0,0,0,0,0,0,1,0,0,0,0,0,0
2019-20,33,Tamilnadu,3324,MADURAI,332410,THIRUMANGALAM,Urban,5,cat5,"HSS (VI-XII)",1,"Department of Education",1,General,0,0,0,0,0,0,0,0,0,0,0,1,0,0,0,0,0,0,0,0,0,0,0,0,1,0
2019-20,33,Tamilnadu,3324,MADURAI,332411,THIRUPARAMKUNDRAM,Urban,5,cat5,"HSS (VI-XII)",1,"Department of Education",1,General,0,0,0,0,0,0,0,0,0,0,0,0,1,0,0,0,0,0,0,0,0,0,0,0,0,0
2019-20,33,Tamilnadu,3324,MADURAI,332412,USILAMPATTI,Urban,5,cat5,"HSS (VI-XII)",1,"Department of Education",1,General,0,0,0,0,0,0,0,0,0,0,0,0,0,0,0,0,0,0,0,0,0,0,0,0,0,0
2019-20,33,Tamilnadu,3324,MADURAI,332413,T.VADIPATTI,Urban,5,cat5,"HSS (VI-XII)",1,"Department of Education",1,General,0,0,0,0,0,0,0,0,0,0,0,0,0,1,0,0,0,0,0,0,1,3,2,0,1,6
2019-20,33,Tamilnadu,3324,MADURAI,332414,"MADURAI NORTH",Urban,5,cat5,"HSS (VI-XII)",1,"Department of Education",1,General,0,0,0,0,0,0,0,0,0,0,0,0,0,0,0,0,0,0,0,0,1,2,3,3,6,3
2019-20,33,Tamilnadu,3324,MADURAI,332401,ALANGANALLUR,Rural,5,cat5,"HSS (VI-XII)",2,"Tribal Welfare Department",1,General,0,0,0,0,0,0,0,0,0,0,0,0,0,0,0,0,0,0,0,0,0,0,0,0,0,0
2019-20,33,Tamilnadu,3324,MADURAI,332406,"MADURAI EAST",Rural,5,cat5,"HSS (VI-XII)",2,"Tribal Welfare Department",1,General,0,0,0,0,0,0,0,0,0,0,0,0,3,0,0,0,0,0,0,0,0,0,0,0,0,0
2019-20,33,Tamilnadu,3324,MADURAI,332413,T.VADIPATTI,Rural,5,cat5,"HSS (VI-XII)",2,"Tribal Welfare Department",1,General,0,0,0,0,0,0,0,0,0,0,0,0,0,0,0,0,0,0,0,0,0,0,0,0,0,0
2019-20,33,Tamilnadu,3324,MADURAI,332407,"MADURAI WEST",Rural,5,cat5,"HSS (VI-XII)",3,"Local body",1,General,0,0,0,0,0,0,0,0,0,0,0,0,0,0,0,0,0,0,0,0,0,1,0,0,5,3
2019-20,33,Tamilnadu,3324,MADURAI,332406,"MADURAI EAST",Urban,5,cat5,"HSS (VI-XII)",3,"Local body",1,General,0,0,0,0,0,0,0,0,0,0,0,0,0,0,0,0,0,0,0,0,0,0,0,0,0,0
2019-20,33,Tamilnadu,3324,MADURAI,332407,"MADURAI WEST",Urban,5,cat5,"HSS (VI-XII)",3,"Local body",1,General,0,0,0,0,0,0,0,1,1,0,1,0,0,1,0,0,0,0,0,0,0,0,0,0,2,0
2019-20,33,Tamilnadu,3324,MADURAI,332411,THIRUPARAMKUNDRAM,Urban,5,cat5,"HSS (VI-XII)",3,"Local body",1,General,0,0,0,0,0,0,0,0,0,0,0,0,0,0,0,0,0,0,0,3,0,1,1,1,3,1
2019-20,33,Tamilnadu,3324,MADURAI,332414,"MADURAI NORTH",Urban,5,cat5,"HSS (VI-XII)",3,"Local body",1,General,0,0,0,0,0,0,0,1,0,0,0,0,0,1,0,0,0,0,0,0,2,0,2,2,0,2
2019-20,33,Tamilnadu,3324,MADURAI,332415,"MADURAI SOUTH",Urban,5,cat5,"HSS (VI-XII)",3,"Local body",1,General,0,0,0,0,0,0,0,0,0,0,1,0,0,1,0,0,0,0,0,4,1,4,2,6,6,2
2019-20,33,Tamilnadu,3324,MADURAI,332401,ALANGANALLUR,Rural,5,cat5,"HSS (VI-XII)",4,"Government Aided",1,General,0,0,0,0,0,0,0,0,0,0,0,0,0,0,0,0,0,0,0,0,0,0,0,0,0,0
2019-20,33,Tamilnadu,3324,MADURAI,332402,CHELLAMPATTI,Rural,5,cat5,"HSS (VI-XII)",4,"Government Aided",1,General,0,0,0,0,0,0,0,0,0,0,0,0,0,0,0,0,0,0,0,0,0,0,0,0,0,0
2019-20,33,Tamilnadu,3324,MADURAI,332403,KALLIKUDI,Rural,5,cat5,"HSS (VI-XII)",4,"Government Aided",1,General,0,0,0,0,0,0,0,0,0,0,0,0,0,0,0,0,0,0,0,0,0,0,0,0,0,0
2019-20,33,Tamilnadu,3324,MADURAI,332404,T.KALLUPATTI,Rural,5,cat5,"HSS (VI-XII)",4,"Government Aided",1,General,0,0,0,0,0,0,0,0,0,0,0,0,0,0,0,0,0,0,0,0,0,0,0,0,0,0
2019-20,33,Tamilnadu,3324,MADURAI,332406,"MADURAI EAST",Rural,5,cat5,"HSS (VI-XII)",4,"Government Aided",1,General,0,0,0,0,0,0,0,0,0,0,0,0,0,0,0,0,0,0,0,0,0,0,0,0,0,0
2019-20,33,Tamilnadu,3324,MADURAI,332407,"MADURAI WEST",Rural,5,cat5,"HSS (VI-XII)",4,"Government Aided",1,General,0,0,0,0,0,0,0,11,19,6,7,1,1,0,0,0,0,0,0,4,5,5,0,1,0,1
2019-20,33,Tamilnadu,3324,MADURAI,332409,SEDAPATTI,Rural,5,cat5,"HSS (VI-XII)",4,"Government Aided",1,General,0,0,0,0,0,0,0,1,0,0,0,0,1,0,0,0,0,0,0,0,0,0,0,0,0,0
2019-20,33,Tamilnadu,3324,MADURAI,332410,THIRUMANGALAM,Rural,5,cat5,"HSS (VI-XII)",4,"Government Aided",1,General,0,0,0,0,0,0,0,3,2,2,3,1,2,2,0,0,0,0,0,0,0,0,0,0,0,2
2019-20,33,Tamilnadu,3324,MADURAI,332411,THIRUPARAMKUNDRAM,Rural,5,cat5,"HSS (VI-XII)",4,"Government Aided",1,General,0,0,0,0,0,0,0,9,9,6,6,2,3,2,0,0,0,0,0,4,8,15,3,5,3,3
2019-20,33,Tamilnadu,3324,MADURAI,332413,T.VADIPATTI,Rural,5,cat5,"HSS (VI-XII)",4,"Government Aided",1,General,0,0,0,0,0,0,0,1,0,0,0,0,3,1,0,0,0,0,0,0,0,0,0,0,0,0
2019-20,33,Tamilnadu,3324,MADURAI,332414,"MADURAI NORTH",Rural,5,cat5,"HSS (VI-XII)",4,"Government Aided",1,General,0,0,0,0,0,0,0,0,0,0,0,0,0,0,0,0,0,0,0,0,1,0,1,1,1,0
2019-20,33,Tamilnadu,3324,MADURAI,332415,"MADURAI SOUTH",Rural,5,cat5,"HSS (VI-XII)",4,"Government Aided",1,General,0,0,0,0,0,0,0,1,0,0,1,0,1,1,0,0,0,0,0,0,0,0,0,0,0,0
2019-20,33,Tamilnadu,3324,MADURAI,332404,T.KALLUPATTI,Urban,5,cat5,"HSS (VI-XII)",4,"Government Aided",1,General,0,0,0,0,0,0,0,0,0,1,0,1,1,0,0,0,0,0,0,0,0,1,0,1,0,0
2019-20,33,Tamilnadu,3324,MADURAI,332406,"MADURAI EAST",Urban,5,cat5,"HSS (VI-XII)",4,"Government Aided",1,General,0,0,0,0,0,0,0,0,1,2,1,2,2,1,0,0,0,0,0,0,0,0,0,0,1,0
2019-20,33,Tamilnadu,3324,MADURAI,332407,"MADURAI WEST",Urban,5,cat5,"HSS (VI-XII)",4,"Government Aided",1,General,0,0,0,0,0,0,0,1,2,1,8,0,3,1,0,0,0,0,0,2,9,14,13,31,8,19
2019-20,33,Tamilnadu,3324,MADURAI,332410,THIRUMANGALAM,Urban,5,cat5,"HSS (VI-XII)",4,"Government Aided",1,General,0,0,0,0,0,0,0,3,1,2,2,3,4,3,0,0,0,0,0,1,0,1,1,0,0,1
2019-20,33,Tamilnadu,3324,MADURAI,332411,THIRUPARAMKUNDRAM,Urban,5,cat5,"HSS (VI-XII)",4,"Government Aided",1,General,0,0,0,0,0,0,0,9,7,8,9,6,10,9,0,0,0,0,0,6,6,11,16,12,14,17
2019-20,33,Tamilnadu,3324,MADURAI,332412,USILAMPATTI,Urban,5,cat5,"HSS (VI-XII)",4,"Government Aided",1,General,0,0,0,0,0,0,0,0,0,0,0,0,0,0,0,0,0,0,0,0,0,0,0,0,0,0
2019-20,33,Tamilnadu,3324,MADURAI,332414,"MADURAI NORTH",Urban,5,cat5,"HSS (VI-XII)",4,"Government Aided",1,General,0,0,0,0,0,0,0,7,7,7,20,11,14,20,0,0,0,0,0,0,0,0,3,4,3,0
2019-20,33,Tamilnadu,3324,MADURAI,332415,"MADURAI SOUTH",Urban,5,cat5,"HSS (VI-XII)",4,"Government Aided",1,General,0,0,0,0,0,0,0,1,4,3,2,2,6,3,0,0,0,0,0,3,2,3,7,28,18,16
2019-20,33,Tamilnadu,3324,MADURAI,332407,"MADURAI WEST",Rural,5,cat5,"HSS (VI-XII)",5,"Private Unaided (Recognized)",1,General,0,0,0,0,0,0,0,0,0,0,0,0,0,0,0,0,0,0,0,0,0,0,0,0,0,0
2019-20,33,Tamilnadu,3324,MADURAI,332408,MELUR,Rural,5,cat5,"HSS (VI-XII)",5,"Private Unaided (Recognized)",1,General,0,0,0,0,0,0,0,0,0,0,1,2,3,3,0,0,0,0,0,0,0,1,0,2,2,0
2019-20,33,Tamilnadu,3324,MADURAI,332410,THIRUMANGALAM,Rural,5,cat5,"HSS (VI-XII)",5,"Private Unaided (Recognized)",1,General,0,0,0,0,0,0,0,0,0,0,0,1,0,1,0,0,0,0,0,0,0,0,0,0,0,0
2019-20,33,Tamilnadu,3324,MADURAI,332411,THIRUPARAMKUNDRAM,Rural,5,cat5,"HSS (VI-XII)",5,"Private Unaided (Recognized)",1,General,0,0,0,0,0,0,0,0,0,0,0,0,0,0,0,0,0,0,0,0,0,0,0,0,0,0
2019-20,33,Tamilnadu,3324,MADURAI,332412,USILAMPATTI,Rural,5,cat5,"HSS (VI-XII)",5,"Private Unaided (Recognized)",1,General,0,0,0,0,0,0,0,0,0,0,0,0,0,0,0,0,0,0,0,0,0,0,0,0,0,0
2019-20,33,Tamilnadu,3324,MADURAI,332407,"MADURAI WEST",Urban,5,cat5,"HSS (VI-XII)",5,"Private Unaided (Recognized)",1,General,0,0,0,0,0,0,0,0,0,0,3,1,1,3,0,0,0,0,0,0,1,0,0,2,3,1
2019-20,33,Tamilnadu,3324,MADURAI,332410,THIRUMANGALAM,Urban,5,cat5,"HSS (VI-XII)",5,"Private Unaided (Recognized)",1,General,0,0,0,0,0,0,0,0,0,1,0,0,0,0,0,0,0,0,0,0,0,0,0,0,0,0
2019-20,33,Tamilnadu,3324,MADURAI,332411,THIRUPARAMKUNDRAM,Urban,5,cat5,"HSS (VI-XII)",5,"Private Unaided (Recognized)",1,General,0,0,0,0,0,0,0,0,0,0,0,0,0,0,0,0,0,0,0,0,0,0,0,0,0,0
2019-20,33,Tamilnadu,3324,MADURAI,332402,CHELLAMPATTI,Rural,5,cat5,"HSS (VI-XII)",90,"Social welfare Department",1,General,0,0,0,0,0,0,0,0,0,0,0,0,0,1,0,0,0,0,0,0,0,0,0,0,0,0
2019-20,33,Tamilnadu,3324,MADURAI,332409,SEDAPATTI,Rural,5,cat5,"HSS (VI-XII)",90,"Social welfare Department",1,General,0,0,0,0,0,0,0,0,0,0,0,0,0,0,0,0,0,0,0,0,0,0,0,0,0,0
2019-20,33,Tamilnadu,3324,MADURAI,332410,THIRUMANGALAM,Rural,5,cat5,"HSS (VI-XII)",90,"Social welfare Department",1,General,0,0,0,0,0,0,0,0,1,0,0,1,0,0,0,0,0,0,0,0,0,0,0,0,0,0
2019-20,33,Tamilnadu,3324,MADURAI,332412,USILAMPATTI,Rural,5,cat5,"HSS (VI-XII)",90,"Social welfare Department",1,General,0,0,0,0,0,0,0,0,0,0,0,0,0,0,0,0,0,0,0,0,0,0,0,0,0,0
2019-20,33,Tamilnadu,3324,MADURAI,332413,T.VADIPATTI,Rural,5,cat5,"HSS (VI-XII)",90,"Social welfare Department",1,General,0,0,0,0,0,0,0,0,0,0,0,0,1,0,0,0,0,0,0,0,0,0,0,0,0,0
2019-20,33,Tamilnadu,3324,MADURAI,332401,ALANGANALLUR,Rural,1,cat1,"PS (I-V)",1,"Department of Education",1,General,0,0,0,0,0,0,0,0,0,0,0,0,0,0,0,0,0,0,0,0,0,0,0,0,0,0
2019-20,33,Tamilnadu,3324,MADURAI,332402,CHELLAMPATTI,Rural,1,cat1,"PS (I-V)",1,"Department of Education",1,General,0,0,0,0,0,0,0,0,0,0,0,0,0,0,0,0,0,0,0,0,0,0,0,0,0,0
2019-20,33,Tamilnadu,3324,MADURAI,332403,KALLIKUDI,Rural,1,cat1,"PS (I-V)",1,"Department of Education",1,General,0,0,0,0,0,0,0,0,0,0,0,0,0,0,0,0,0,0,1,0,0,0,0,0,0,0
2019-20,33,Tamilnadu,3324,MADURAI,332404,T.KALLUPATTI,Rural,1,cat1,"PS (I-V)",1,"Department of Education",1,General,0,0,0,0,0,1,0,0,0,0,0,0,0,0,0,0,0,0,0,0,0,0,0,0,0,0
2019-20,33,Tamilnadu,3324,MADURAI,332405,KOTTAMPATTI,Rural,1,cat1,"PS (I-V)",1,"Department of Education",1,General,0,0,0,0,0,0,0,0,0,0,0,0,0,0,0,0,0,0,0,0,0,0,0,0,0,0
2019-20,33,Tamilnadu,3324,MADURAI,332406,"MADURAI EAST",Rural,1,cat1,"PS (I-V)",1,"Department of Education",1,General,0,0,0,0,2,0,3,0,0,0,0,0,0,0,0,0,1,2,0,0,0,0,0,0,0,0
2019-20,33,Tamilnadu,3324,MADURAI,332407,"MADURAI WEST",Rural,1,cat1,"PS (I-V)",1,"Department of Education",1,General,0,0,1,1,1,2,0,0,0,0,0,0,0,0,1,0,2,0,0,0,0,0,0,0,0,0
2019-20,33,Tamilnadu,3324,MADURAI,332408,MELUR,Rural,1,cat1,"PS (I-V)",1,"Department of Education",1,General,0,0,10,6,1,5,5,0,0,0,0,0,0,0,3,2,3,8,5,0,0,0,0,0,0,0
2019-20,33,Tamilnadu,3324,MADURAI,332409,SEDAPATTI,Rural,1,cat1,"PS (I-V)",1,"Department of Education",1,General,0,0,0,0,0,0,0,0,0,0,0,0,0,0,0,0,0,0,0,0,0,0,0,0,0,0
2019-20,33,Tamilnadu,3324,MADURAI,332410,THIRUMANGALAM,Rural,1,cat1,"PS (I-V)",1,"Department of Education",1,General,0,0,0,0,0,0,0,0,0,0,0,0,0,0,0,0,0,1,0,0,0,0,0,0,0,0
2019-20,33,Tamilnadu,3324,MADURAI,332411,THIRUPARAMKUNDRAM,Rural,1,cat1,"PS (I-V)",1,"Department of Education",1,General,0,0,6,8,6,9,8,0,0,0,0,0,0,0,6,2,3,5,14,0,0,0,0,0,0,0
2019-20,33,Tamilnadu,3324,MADURAI,332412,USILAMPATTI,Rural,1,cat1,"PS (I-V)",1,"Department of Education",1,General,0,0,1,0,0,0,1,0,0,0,0,0,0,0,1,0,1,0,0,0,0,0,0,0,0,0
2019-20,33,Tamilnadu,3324,MADURAI,332413,T.VADIPATTI,Rural,1,cat1,"PS (I-V)",1,"Department of Education",1,General,0,0,0,0,0,0,0,0,0,0,0,0,0,0,0,0,0,0,0,0,0,0,0,0,0,0
2019-20,33,Tamilnadu,3324,MADURAI,332401,ALANGANALLUR,Urban,1,cat1,"PS (I-V)",1,"Department of Education",1,General,0,0,0,0,0,0,0,0,0,0,0,0,0,0,0,0,0,0,0,0,0,0,0,0,0,0
2019-20,33,Tamilnadu,3324,MADURAI,332404,T.KALLUPATTI,Urban,1,cat1,"PS (I-V)",1,"Department of Education",1,General,0,0,0,0,0,0,0,0,0,0,0,0,0,0,0,0,0,0,0,0,0,0,0,0,0,0
2019-20,33,Tamilnadu,3324,MADURAI,332406,"MADURAI EAST",Urban,1,cat1,"PS (I-V)",1,"Department of Education",1,General,0,0,0,0,0,0,0,0,0,0,0,0,0,0,0,0,0,0,0,0,0,0,0,0,0,0
2019-20,33,Tamilnadu,3324,MADURAI,332407,"MADURAI WEST",Urban,1,cat1,"PS (I-V)",1,"Department of Education",1,General,0,0,0,0,0,0,0,0,0,0,0,0,0,0,1,0,0,0,0,0,0,0,0,0,0,0
2019-20,33,Tamilnadu,3324,MADURAI,332408,MELUR,Urban,1,cat1,"PS (I-V)",1,"Department of Education",1,General,0,0,0,0,0,0,0,0,0,0,0,0,0,0,0,0,0,0,0,0,0,0,0,0,0,0
2019-20,33,Tamilnadu,3324,MADURAI,332409,SEDAPATTI,Urban,1,cat1,"PS (I-V)",1,"Department of Education",1,General,0,0,0,0,0,0,0,0,0,0,0,0,0,0,0,0,0,0,0,0,0,0,0,0,0,0
2019-20,33,Tamilnadu,3324,MADURAI,332411,THIRUPARAMKUNDRAM,Urban,1,cat1,"PS (I-V)",1,"Department of Education",1,General,0,0,0,0,1,0,1,0,0,0,0,0,0,0,1,0,0,1,0,0,0,0,0,0,0,0
2019-20,33,Tamilnadu,3324,MADURAI,332413,T.VADIPATTI,Urban,1,cat1,"PS (I-V)",1,"Department of Education",1,General,0,0,0,0,1,0,0,0,0,0,0,0,0,0,0,0,0,0,0,0,0,0,0,0,0,0
2019-20,33,Tamilnadu,3324,MADURAI,332401,ALANGANALLUR,Rural,1,cat1,"PS (I-V)",2,"Tribal Welfare Department",1,General,0,0,0,0,0,0,0,0,0,0,0,0,0,0,0,0,0,0,0,0,0,0,0,0,0,0
2019-20,33,Tamilnadu,3324,MADURAI,332406,"MADURAI EAST",Rural,1,cat1,"PS (I-V)",2,"Tribal Welfare Department",1,General,0,0,0,0,0,0,0,0,0,0,0,0,0,0,0,0,0,0,0,0,0,0,0,0,0,0
2019-20,33,Tamilnadu,3324,MADURAI,332407,"MADURAI WEST",Rural,1,cat1,"PS (I-V)",2,"Tribal Welfare Department",1,General,0,0,0,0,0,0,0,0,0,0,0,0,0,0,0,0,0,0,0,0,0,0,0,0,0,0
2019-20,33,Tamilnadu,3324,MADURAI,332409,SEDAPATTI,Rural,1,cat1,"PS (I-V)",2,"Tribal Welfare Department",1,General,0,0,0,0,0,0,0,0,0,0,0,0,0,0,0,0,0,0,0,0,0,0,0,0,0,0
2019-20,33,Tamilnadu,3324,MADURAI,332413,T.VADIPATTI,Rural,1,cat1,"PS (I-V)",2,"Tribal Welfare Department",1,General,0,0,0,0,0,0,0,0,0,0,0,0,0,0,0,0,0,0,0,0,0,0,0,0,0,0
2019-20,33,Tamilnadu,3324,MADURAI,332406,"MADURAI EAST",Rural,1,cat1,"PS (I-V)",3,"Local body",1,General,0,0,0,0,0,0,0,0,0,0,0,0,0,0,0,0,0,0,0,0,0,0,0,0,0,0
2019-20,33,Tamilnadu,3324,MADURAI,332408,MELUR,Rural,1,cat1,"PS (I-V)",3,"Local body",1,General,0,0,0,0,0,0,0,0,0,0,0,0,0,0,0,0,0,0,0,0,0,0,0,0,0,0
2019-20,33,Tamilnadu,3324,MADURAI,332406,"MADURAI EAST",Urban,1,cat1,"PS (I-V)",3,"Local body",1,General,0,0,0,0,0,0,0,0,0,0,0,0,0,0,0,0,0,0,0,0,0,0,0,0,0,0
2019-20,33,Tamilnadu,3324,MADURAI,332407,"MADURAI WEST",Urban,1,cat1,"PS (I-V)",3,"Local body",1,General,2,0,0,0,0,0,0,0,0,0,0,0,0,0,0,1,0,0,1,0,0,0,0,0,0,0
2019-20,33,Tamilnadu,3324,MADURAI,332408,MELUR,Urban,1,cat1,"PS (I-V)",3,"Local body",1,General,0,0,0,0,0,0,1,0,0,0,0,0,0,0,0,0,0,0,0,0,0,0,0,0,0,0
2019-20,33,Tamilnadu,3324,MADURAI,332410,THIRUMANGALAM,Urban,1,cat1,"PS (I-V)",3,"Local body",1,General,0,0,0,0,0,0,0,0,0,0,0,0,0,0,0,0,0,0,0,0,0,0,0,0,0,0
2019-20,33,Tamilnadu,3324,MADURAI,332411,THIRUPARAMKUNDRAM,Urban,1,cat1,"PS (I-V)",3,"Local body",1,General,0,0,0,1,0,1,1,0,0,0,0,0,0,0,0,0,1,0,0,0,0,0,0,0,0,0
2019-20,33,Tamilnadu,3324,MADURAI,332414,"MADURAI NORTH",Urban,1,cat1,"PS (I-V)",3,"Local body",1,General,0,1,0,0,0,0,0,0,0,0,0,0,0,0,0,0,0,0,0,0,0,0,0,0,0,0
2019-20,33,Tamilnadu,3324,MADURAI,332415,"MADURAI SOUTH",Urban,1,cat1,"PS (I-V)",3,"Local body",1,General,0,3,0,0,0,0,0,0,0,0,0,0,0,0,1,0,0,0,0,0,0,0,0,0,0,0
2019-20,33,Tamilnadu,3324,MADURAI,332401,ALANGANALLUR,Rural,1,cat1,"PS (I-V)",4,"Government Aided",1,General,0,0,0,0,0,0,0,0,0,0,0,0,0,0,0,0,0,0,0,0,0,0,0,0,0,0
2019-20,33,Tamilnadu,3324,MADURAI,332402,CHELLAMPATTI,Rural,1,cat1,"PS (I-V)",4,"Government Aided",1,General,0,0,0,0,0,0,0,0,0,0,0,0,0,0,0,0,0,0,0,0,0,0,0,0,0,0
2019-20,33,Tamilnadu,3324,MADURAI,332403,KALLIKUDI,Rural,1,cat1,"PS (I-V)",4,"Government Aided",1,General,0,0,0,0,0,0,0,0,0,0,0,0,0,0,0,0,0,0,0,0,0,0,0,0,0,0
2019-20,33,Tamilnadu,3324,MADURAI,332404,T.KALLUPATTI,Rural,1,cat1,"PS (I-V)",4,"Government Aided",1,General,0,0,0,0,0,0,0,0,0,0,0,0,0,0,0,0,0,0,0,0,0,0,0,0,0,0
2019-20,33,Tamilnadu,3324,MADURAI,332405,KOTTAMPATTI,Rural,1,cat1,"PS (I-V)",4,"Government Aided",1,General,0,0,0,0,0,0,0,0,0,0,0,0,0,0,0,0,0,0,0,0,0,0,0,0,0,0
2019-20,33,Tamilnadu,3324,MADURAI,332406,"MADURAI EAST",Rural,1,cat1,"PS (I-V)",4,"Government Aided",1,General,0,0,10,7,5,1,7,0,0,0,0,0,0,0,7,3,8,7,6,0,0,0,0,0,0,0
2019-20,33,Tamilnadu,3324,MADURAI,332407,"MADURAI WEST",Rural,1,cat1,"PS (I-V)",4,"Government Aided",1,General,0,0,0,0,0,0,0,0,0,0,0,0,0,0,0,0,0,0,0,0,0,0,0,0,0,0
2019-20,33,Tamilnadu,3324,MADURAI,332408,MELUR,Rural,1,cat1,"PS (I-V)",4,"Government Aided",1,General,0,0,0,1,1,0,0,0,0,0,0,0,0,0,0,0,0,0,1,0,0,0,0,0,0,0
2019-20,33,Tamilnadu,3324,MADURAI,332409,SEDAPATTI,Rural,1,cat1,"PS (I-V)",4,"Government Aided",1,General,0,0,0,0,0,0,0,0,0,0,0,0,0,0,0,0,0,1,0,0,0,0,0,0,0,0
2019-20,33,Tamilnadu,3324,MADURAI,332410,THIRUMANGALAM,Rural,1,cat1,"PS (I-V)",4,"Government Aided",1,General,0,0,0,0,0,0,0,0,0,0,0,0,0,0,0,0,0,0,0,0,0,0,0,0,0,0
2019-20,33,Tamilnadu,3324,MADURAI,332411,THIRUPARAMKUNDRAM,Rural,1,cat1,"PS (I-V)",4,"Government Aided",1,General,0,0,1,3,4,0,2,0,0,0,0,0,0,0,5,3,5,7,7,0,0,0,0,0,0,0
2019-20,33,Tamilnadu,3324,MADURAI,332412,USILAMPATTI,Rural,1,cat1,"PS (I-V)",4,"Government Aided",1,General,0,0,0,0,0,0,0,0,0,0,0,0,0,0,0,0,0,0,0,0,0,0,0,0,0,0
2019-20,33,Tamilnadu,3324,MADURAI,332413,T.VADIPATTI,Rural,1,cat1,"PS (I-V)",4,"Government Aided",1,General,0,0,0,0,0,0,0,0,0,0,0,0,0,0,0,0,0,0,0,0,0,0,0,0,0,0
2019-20,33,Tamilnadu,3324,MADURAI,332401,ALANGANALLUR,Urban,1,cat1,"PS (I-V)",4,"Government Aided",1,General,0,0,0,0,0,0,0,0,0,0,0,0,0,0,0,0,0,0,0,0,0,0,0,0,0,0
2019-20,33,Tamilnadu,3324,MADURAI,332404,T.KALLUPATTI,Urban,1,cat1,"PS (I-V)",4,"Government Aided",1,General,0,0,0,0,0,0,0,0,0,0,0,0,0,0,0,0,0,0,0,0,0,0,0,0,0,0
2019-20,33,Tamilnadu,3324,MADURAI,332406,"MADURAI EAST",Urban,1,cat1,"PS (I-V)",4,"Government Aided",1,General,0,0,0,0,0,1,0,0,0,0,0,0,0,0,0,0,0,0,0,0,0,0,0,0,0,0
2019-20,33,Tamilnadu,3324,MADURAI,332407,"MADURAI WEST",Urban,1,cat1,"PS (I-V)",4,"Government Aided",1,General,0,0,0,1,0,0,1,0,0,0,0,0,0,0,0,0,0,0,0,0,0,0,0,0,0,0
2019-20,33,Tamilnadu,3324,MADURAI,332408,MELUR,Urban,1,cat1,"PS (I-V)",4,"Government Aided",1,General,0,0,0,0,0,0,0,0,0,0,0,0,0,0,0,0,0,0,0,0,0,0,0,0,0,0
2019-20,33,Tamilnadu,3324,MADURAI,332409,SEDAPATTI,Urban,1,cat1,"PS (I-V)",4,"Government Aided",1,General,0,0,0,0,0,0,0,0,0,0,0,0,0,0,0,0,0,0,0,0,0,0,0,0,0,0
2019-20,33,Tamilnadu,3324,MADURAI,332410,THIRUMANGALAM,Urban,1,cat1,"PS (I-V)",4,"Government Aided",1,General,0,0,0,0,0,0,0,0,0,0,0,0,0,0,0,0,0,0,0,0,0,0,0,0,0,0
2019-20,33,Tamilnadu,3324,MADURAI,332411,THIRUPARAMKUNDRAM,Urban,1,cat1,"PS (I-V)",4,"Government Aided",1,General,0,0,0,1,0,1,0,0,0,0,0,0,0,0,0,1,1,3,0,0,0,0,0,0,0,0
2019-20,33,Tamilnadu,3324,MADURAI,332412,USILAMPATTI,Urban,1,cat1,"PS (I-V)",4,"Government Aided",1,General,0,0,0,0,0,0,0,0,0,0,0,0,0,0,0,0,0,0,0,0,0,0,0,0,0,0
2019-20,33,Tamilnadu,3324,MADURAI,332413,T.VADIPATTI,Urban,1,cat1,"PS (I-V)",4,"Government Aided",1,General,0,0,0,0,0,0,0,0,0,0,0,0,0,0,0,0,0,0,0,0,0,0,0,0,0,0
2019-20,33,Tamilnadu,3324,MADURAI,332414,"MADURAI NORTH",Urban,1,cat1,"PS (I-V)",4,"Government Aided",1,General,0,0,0,0,0,0,1,0,0,0,0,0,0,0,1,1,0,0,1,0,0,0,0,0,0,0
2019-20,33,Tamilnadu,3324,MADURAI,332415,"MADURAI SOUTH",Urban,1,cat1,"PS (I-V)",4,"Government Aided",1,General,0,0,6,0,2,2,0,0,0,0,0,0,0,0,1,2,3,0,0,0,0,0,0,0,0,0
2019-20,33,Tamilnadu,3324,MADURAI,332401,ALANGANALLUR,Rural,1,cat1,"PS (I-V)",5,"Private Unaided (Recognized)",1,General,3,4,1,1,0,0,0,0,0,0,0,0,0,0,2,1,1,0,0,0,0,0,0,0,0,0
2019-20,33,Tamilnadu,3324,MADURAI,332402,CHELLAMPATTI,Rural,1,cat1,"PS (I-V)",5,"Private Unaided (Recognized)",1,General,0,0,0,0,0,0,0,0,0,0,0,0,0,0,0,0,0,0,0,0,0,0,0,0,0,0
2019-20,33,Tamilnadu,3324,MADURAI,332403,KALLIKUDI,Rural,1,cat1,"PS (I-V)",5,"Private Unaided (Recognized)",1,General,1,0,0,2,0,0,0,0,0,0,0,0,0,0,0,0,0,0,2,0,0,0,0,0,0,0
2019-20,33,Tamilnadu,3324,MADURAI,332404,T.KALLUPATTI,Rural,1,cat1,"PS (I-V)",5,"Private Unaided (Recognized)",1,General,0,0,0,0,0,0,0,0,0,0,0,0,0,0,0,0,0,0,0,0,0,0,0,0,0,0
2019-20,33,Tamilnadu,3324,MADURAI,332405,KOTTAMPATTI,Rural,1,cat1,"PS (I-V)",5,"Private Unaided (Recognized)",1,General,0,0,1,0,0,0,0,0,0,0,0,0,0,0,0,0,0,0,0,0,0,0,0,0,0,0
2019-20,33,Tamilnadu,3324,MADURAI,332406,"MADURAI EAST",Rural,1,cat1,"PS (I-V)",5,"Private Unaided (Recognized)",1,General,9,9,4,5,1,2,2,0,0,0,0,0,0,0,2,4,0,1,0,0,0,0,0,0,0,0
2019-20,33,Tamilnadu,3324,MADURAI,332407,"MADURAI WEST",Rural,1,cat1,"PS (I-V)",5,"Private Unaided (Recognized)",1,General,9,4,2,1,0,0,0,0,0,0,0,0,0,0,0,0,1,1,0,0,0,0,0,0,0,0
2019-20,33,Tamilnadu,3324,MADURAI,332408,MELUR,Rural,1,cat1,"PS (I-V)",5,"Private Unaided (Recognized)",1,General,4,2,0,0,0,0,0,0,0,0,0,0,0,0,1,2,1,0,0,0,0,0,0,0,0,0
2019-20,33,Tamilnadu,3324,MADURAI,332409,SEDAPATTI,Rural,1,cat1,"PS (I-V)",5,"Private Unaided (Recognized)",1,General,0,0,1,0,0,0,1,0,0,0,0,0,0,0,0,0,0,1,0,0,0,0,0,0,0,0
2019-20,33,Tamilnadu,3324,MADURAI,332410,THIRUMANGALAM,Rural,1,cat1,"PS (I-V)",5,"Private Unaided (Recognized)",1,General,0,0,0,0,1,1,0,0,0,0,0,0,0,0,1,0,0,0,0,0,0,0,0,0,0,0
2019-20,33,Tamilnadu,3324,MADURAI,332411,THIRUPARAMKUNDRAM,Rural,1,cat1,"PS (I-V)",5,"Private Unaided (Recognized)",1,General,7,8,5,7,1,5,7,0,0,0,0,0,0,0,2,5,4,7,5,0,0,0,0,0,0,0
2019-20,33,Tamilnadu,3324,MADURAI,332412,USILAMPATTI,Rural,1,cat1,"PS (I-V)",5,"Private Unaided (Recognized)",1,General,0,1,0,0,0,0,0,0,0,0,0,0,0,0,0,0,0,0,0,0,0,0,0,0,0,0
2019-20,33,Tamilnadu,3324,MADURAI,332413,T.VADIPATTI,Rural,1,cat1,"PS (I-V)",5,"Private Unaided (Recognized)",1,General,0,0,0,1,0,0,0,0,0,0,0,0,0,0,0,0,0,0,0,0,0,0,0,0,0,0
2019-20,33,Tamilnadu,3324,MADURAI,332401,ALANGANALLUR,Urban,1,cat1,"PS (I-V)",5,"Private Unaided (Recognized)",1,General,0,1,0,0,0,1,0,0,0,0,0,0,0,0,0,0,0,0,0,0,0,0,0,0,0,0
2019-20,33,Tamilnadu,3324,MADURAI,332404,T.KALLUPATTI,Urban,1,cat1,"PS (I-V)",5,"Private Unaided (Recognized)",1,General,0,0,0,0,0,0,0,0,0,0,0,0,0,0,0,0,0,0,0,0,0,0,0,0,0,0
2019-20,33,Tamilnadu,3324,MADURAI,332406,"MADURAI EAST",Urban,1,cat1,"PS (I-V)",5,"Private Unaided (Recognized)",1,General,18,14,5,7,4,6,0,0,0,0,0,0,0,0,10,4,3,4,1,0,0,0,0,0,0,0
2019-20,33,Tamilnadu,3324,MADURAI,332407,"MADURAI WEST",Urban,1,cat1,"PS (I-V)",5,"Private Unaided (Recognized)",1,General,37,39,9,5,4,4,20,0,0,0,0,0,0,0,4,5,5,5,18,0,0,0,0,0,0,0
2019-20,33,Tamilnadu,3324,MADURAI,332408,MELUR,Urban,1,cat1,"PS (I-V)",5,"Private Unaided (Recognized)",1,General,0,1,0,0,0,0,1,0,0,0,0,0,0,0,1,0,0,1,0,0,0,0,0,0,0,0
2019-20,33,Tamilnadu,3324,MADURAI,332409,SEDAPATTI,Urban,1,cat1,"PS (I-V)",5,"Private Unaided (Recognized)",1,General,0,0,0,0,0,0,0,0,0,0,0,0,0,0,0,0,0,0,0,0,0,0,0,0,0,0
2019-20,33,Tamilnadu,3324,MADURAI,332410,THIRUMANGALAM,Urban,1,cat1,"PS (I-V)",5,"Private Unaided (Recognized)",1,General,2,2,0,2,2,0,1,0,0,0,0,0,0,0,0,0,2,1,0,0,0,0,0,0,0,0
2019-20,33,Tamilnadu,3324,MADURAI,332411,THIRUPARAMKUNDRAM,Urban,1,cat1,"PS (I-V)",5,"Private Unaided (Recognized)",1,General,13,9,6,3,2,4,3,0,0,0,0,0,0,0,5,9,7,5,10,0,0,0,0,0,0,0
2019-20,33,Tamilnadu,3324,MADURAI,332413,T.VADIPATTI,Urban,1,cat1,"PS (I-V)",5,"Private Unaided (Recognized)",1,General,1,1,0,0,0,0,0,0,0,0,0,0,0,0,0,0,0,0,0,0,0,0,0,0,0,0
2019-20,33,Tamilnadu,3324,MADURAI,332414,"MADURAI NORTH",Urban,1,cat1,"PS (I-V)",5,"Private Unaided (Recognized)",1,General,13,12,11,9,7,10,4,0,0,0,0,0,0,0,8,4,5,5,5,0,0,0,0,0,0,0
2019-20,33,Tamilnadu,3324,MADURAI,332415,"MADURAI SOUTH",Urban,1,cat1,"PS (I-V)",5,"Private Unaided (Recognized)",1,General,57,53,28,49,53,24,10,0,0,0,0,0,0,0,32,34,29,27,13,0,0,0,0,0,0,0
2019-20,33,Tamilnadu,3324,MADURAI,332402,CHELLAMPATTI,Rural,1,cat1,"PS (I-V)",8,Unrecognized,1,General,0,0,0,0,0,0,0,0,0,0,0,0,0,0,0,0,0,0,0,0,0,0,0,0,0,0
2019-20,33,Tamilnadu,3324,MADURAI,332403,KALLIKUDI,Rural,1,cat1,"PS (I-V)",8,Unrecognized,1,General,0,0,0,0,0,0,0,0,0,0,0,0,0,0,0,0,0,0,0,0,0,0,0,0,0,0
2019-20,33,Tamilnadu,3324,MADURAI,332406,"MADURAI EAST",Rural,1,cat1,"PS (I-V)",8,Unrecognized,1,General,3,1,3,0,0,0,0,0,0,0,0,0,0,0,2,0,0,0,0,0,0,0,0,0,0,0
2019-20,33,Tamilnadu,3324,MADURAI,332407,"MADURAI WEST",Rural,1,cat1,"PS (I-V)",8,Unrecognized,1,General,1,0,0,0,0,0,0,0,0,0,0,0,0,0,0,0,0,0,0,0,0,0,0,0,0,0
2019-20,33,Tamilnadu,3324,MADURAI,332411,THIRUPARAMKUNDRAM,Rural,1,cat1,"PS (I-V)",8,Unrecognized,1,General,4,3,0,0,0,0,0,0,0,0,0,0,0,0,0,0,0,0,0,0,0,0,0,0,0,0
2019-20,33,Tamilnadu,3324,MADURAI,332413,T.VADIPATTI,Rural,1,cat1,"PS (I-V)",8,Unrecognized,1,General,0,0,0,0,0,0,0,0,0,0,0,0,0,0,0,0,0,0,0,0,0,0,0,0,0,0
2019-20,33,Tamilnadu,3324,MADURAI,332415,"MADURAI SOUTH",Rural,1,cat1,"PS (I-V)",8,Unrecognized,1,General,4,0,5,0,5,3,2,0,0,0,0,0,0,0,4,2,1,2,3,0,0,0,0,0,0,0
2019-20,33,Tamilnadu,3324,MADURAI,332406,"MADURAI EAST",Urban,1,cat1,"PS (I-V)",8,Unrecognized,1,General,10,12,0,1,0,0,0,0,0,0,0,0,0,0,0,0,0,0,0,0,0,0,0,0,0,0
2019-20,33,Tamilnadu,3324,MADURAI,332407,"MADURAI WEST",Urban,1,cat1,"PS (I-V)",8,Unrecognized,1,General,11,4,0,1,0,0,0,0,0,0,0,0,0,0,0,1,0,0,0,0,0,0,0,0,0,0
2019-20,33,Tamilnadu,3324,MADURAI,332410,THIRUMANGALAM,Urban,1,cat1,"PS (I-V)",8,Unrecognized,1,General,0,0,0,0,0,0,0,0,0,0,0,0,0,0,0,1,0,0,0,0,0,0,0,0,0,0
2019-20,33,Tamilnadu,3324,MADURAI,332411,THIRUPARAMKUNDRAM,Urban,1,cat1,"PS (I-V)",8,Unrecognized,1,General,4,7,0,2,3,0,0,0,0,0,0,0,0,0,0,0,3,0,0,0,0,0,0,0,0,0
2019-20,33,Tamilnadu,3324,MADURAI,332413,T.VADIPATTI,Urban,1,cat1,"PS (I-V)",8,Unrecognized,1,General,0,0,0,0,0,0,0,0,0,0,0,0,0,0,0,0,0,0,0,0,0,0,0,0,0,0
2019-20,33,Tamilnadu,3324,MADURAI,332414,"MADURAI NORTH",Urban,1,cat1,"PS (I-V)",8,Unrecognized,1,General,7,3,0,0,0,0,0,0,0,0,0,0,0,0,0,0,0,0,0,0,0,0,0,0,0,0
2019-20,33,Tamilnadu,3324,MADURAI,332415,"MADURAI SOUTH",Urban,1,cat1,"PS (I-V)",8,Unrecognized,1,General,34,23,11,7,7,5,0,0,0,0,0,0,0,0,8,8,9,6,9,0,0,0,0,0,0,0
2019-20,33,Tamilnadu,3324,MADURAI,332402,CHELLAMPATTI,Rural,1,cat1,"PS (I-V)",90,"Social welfare Department",1,General,0,0,0,0,0,0,0,0,0,0,0,0,0,0,0,0,0,0,0,0,0,0,0,0,0,0
2019-20,33,Tamilnadu,3324,MADURAI,332409,SEDAPATTI,Rural,1,cat1,"PS (I-V)",90,"Social welfare Department",1,General,0,0,0,0,0,0,0,0,0,0,0,0,0,0,0,0,0,0,0,0,0,0,0,0,0,0
2019-20,33,Tamilnadu,3324,MADURAI,332410,THIRUMANGALAM,Rural,1,cat1,"PS (I-V)",90,"Social welfare Department",1,General,0,0,0,0,0,0,0,0,0,0,0,0,0,0,0,0,0,0,0,0,0,0,0,0,0,0
2019-20,33,Tamilnadu,3324,MADURAI,332411,THIRUPARAMKUNDRAM,Rural,1,cat1,"PS (I-V)",90,"Social welfare Department",1,General,0,0,0,0,0,0,0,0,0,0,0,0,0,0,0,0,0,0,0,0,0,0,0,0,0,0
2019-20,33,Tamilnadu,3324,MADURAI,332412,USILAMPATTI,Rural,1,cat1,"PS (I-V)",90,"Social welfare Department",1,General,0,0,0,0,0,0,0,0,0,0,0,0,0,0,0,0,0,0,0,0,0,0,0,0,0,0
2019-20,33,Tamilnadu,3324,MADURAI,332413,T.VADIPATTI,Rural,1,cat1,"PS (I-V)",90,"Social welfare Department",1,General,0,0,0,0,0,0,0,0,0,0,0,0,0,0,0,0,0,0,0,0,0,0,0,0,0,0
2019-20,33,Tamilnadu,3324,MADURAI,332410,THIRUMANGALAM,Urban,1,cat1,"PS (I-V)",90,"Social welfare Department",1,General,0,0,0,0,0,0,0,0,0,0,0,0,0,0,0,0,0,0,0,0,0,0,0,0,0,0
2019-20,33,Tamilnadu,3324,MADURAI,332413,T.VADIPATTI,Urban,1,cat1,"PS (I-V)",90,"Social welfare Department",1,General,0,0,0,0,0,0,0,0,0,0,0,0,0,0,0,0,0,0,0,0,0,0,0,0,0,0
2019-20,33,Tamilnadu,3324,MADURAI,332402,CHELLAMPATTI,Rural,6,cat6,"SS (I-X)",5,"Private Unaided (Recognized)",1,General,0,0,0,0,0,0,0,0,0,0,0,0,0,0,0,0,0,0,0,0,0,0,0,0,0,0
2019-20,33,Tamilnadu,3324,MADURAI,332405,KOTTAMPATTI,Rural,6,cat6,"SS (I-X)",5,"Private Unaided (Recognized)",1,General,0,0,0,0,0,0,0,0,0,0,0,0,0,0,0,0,0,0,0,0,0,0,0,0,0,0
2019-20,33,Tamilnadu,3324,MADURAI,332406,"MADURAI EAST",Rural,6,cat6,"SS (I-X)",5,"Private Unaided (Recognized)",1,General,9,8,8,9,7,4,1,4,2,6,4,4,0,0,5,12,9,8,4,1,3,3,0,0,0,0
2019-20,33,Tamilnadu,3324,MADURAI,332407,"MADURAI WEST",Rural,6,cat6,"SS (I-X)",5,"Private Unaided (Recognized)",1,General,0,1,3,3,4,8,1,3,1,2,0,0,0,0,1,7,3,4,4,3,4,1,0,0,0,0
2019-20,33,Tamilnadu,3324,MADURAI,332408,MELUR,Rural,6,cat6,"SS (I-X)",5,"Private Unaided (Recognized)",1,General,1,1,0,0,0,2,0,2,1,3,6,0,0,0,0,0,0,2,1,0,1,2,0,0,0,0
2019-20,33,Tamilnadu,3324,MADURAI,332409,SEDAPATTI,Rural,6,cat6,"SS (I-X)",5,"Private Unaided (Recognized)",1,General,0,0,0,0,0,0,0,0,0,0,0,0,0,0,0,0,0,0,0,0,0,0,0,0,0,0
2019-20,33,Tamilnadu,3324,MADURAI,332411,THIRUPARAMKUNDRAM,Rural,6,cat6,"SS (I-X)",5,"Private Unaided (Recognized)",1,General,11,10,13,10,11,12,9,4,7,9,3,7,0,0,6,12,2,12,4,4,2,8,2,1,0,0
2019-20,33,Tamilnadu,3324,MADURAI,332412,USILAMPATTI,Rural,6,cat6,"SS (I-X)",5,"Private Unaided (Recognized)",1,General,0,0,0,0,0,0,0,0,0,0,0,0,0,0,0,0,0,0,0,0,2,1,0,0,0,0
2019-20,33,Tamilnadu,3324,MADURAI,332413,T.VADIPATTI,Rural,6,cat6,"SS (I-X)",5,"Private Unaided (Recognized)",1,General,0,1,1,0,1,0,0,0,0,0,0,0,0,0,1,2,0,0,0,0,0,0,0,1,0,0
2019-20,33,Tamilnadu,3324,MADURAI,332414,"MADURAI NORTH",Rural,6,cat6,"SS (I-X)",5,"Private Unaided (Recognized)",1,General,0,0,0,1,0,1,0,0,0,0,0,0,0,0,0,0,0,0,0,0,0,0,0,0,0,0
2019-20,33,Tamilnadu,3324,MADURAI,332406,"MADURAI EAST",Urban,6,cat6,"SS (I-X)",5,"Private Unaided (Recognized)",1,General,0,0,1,2,1,0,1,0,0,0,0,0,0,0,0,1,0,0,0,0,1,1,3,0,0,0
2019-20,33,Tamilnadu,3324,MADURAI,332407,"MADURAI WEST",Urban,6,cat6,"SS (I-X)",5,"Private Unaided (Recognized)",1,General,14,24,5,5,10,6,5,7,8,3,10,4,0,0,8,8,8,15,8,4,6,6,3,3,0,0
2019-20,33,Tamilnadu,3324,MADURAI,332408,MELUR,Urban,6,cat6,"SS (I-X)",5,"Private Unaided (Recognized)",1,General,0,0,0,0,0,0,0,0,0,0,0,0,0,0,0,0,0,0,0,0,0,0,0,0,0,0
2019-20,33,Tamilnadu,3324,MADURAI,332411,THIRUPARAMKUNDRAM,Urban,6,cat6,"SS (I-X)",5,"Private Unaided (Recognized)",1,General,5,6,4,5,6,7,3,2,1,2,2,2,0,0,1,8,4,1,3,5,0,4,1,2,0,0
2019-20,33,Tamilnadu,3324,MADURAI,332413,T.VADIPATTI,Urban,6,cat6,"SS (I-X)",5,"Private Unaided (Recognized)",1,General,0,0,0,0,0,0,0,0,0,0,0,0,0,0,0,0,0,0,0,0,0,0,0,0,0,0
2019-20,33,Tamilnadu,3324,MADURAI,332414,"MADURAI NORTH",Urban,6,cat6,"SS (I-X)",5,"Private Unaided (Recognized)",1,General,3,0,3,4,1,7,3,6,4,3,5,9,0,0,2,7,4,7,5,10,7,2,2,4,0,0
2019-20,33,Tamilnadu,3324,MADURAI,332415,"MADURAI SOUTH",Urban,6,cat6,"SS (I-X)",5,"Private Unaided (Recognized)",1,General,2,0,0,1,3,3,1,6,6,5,4,5,0,0,1,2,1,4,3,3,8,2,5,3,0,0
2019-20,33,Tamilnadu,3324,MADURAI,332406,"MADURAI EAST",Urban,6,cat6,"SS (I-X)",8,Unrecognized,1,General,0,0,0,0,0,0,0,0,1,0,0,0,0,0,0,0,0,0,0,0,0,0,0,0,0,0
2019-20,33,Tamilnadu,3324,MADURAI,332410,THIRUMANGALAM,Urban,6,cat6,"SS (I-X)",8,Unrecognized,1,General,0,0,0,1,0,0,0,0,0,0,0,0,0,0,0,1,0,1,0,1,0,1,0,0,0,0
2019-20,33,Tamilnadu,3324,MADURAI,332410,THIRUMANGALAM,Rural,6,cat6,"SS (I-X)",90,"Social welfare Department",1,General,0,0,0,1,1,0,0,0,0,1,0,0,0,0,0,0,1,0,1,0,0,0,0,0,0,0
2019-20,33,Tamilnadu,3324,MADURAI,332407,"MADURAI WEST",Urban,6,cat6,"SS (I-X)",90,"Social welfare Department",1,General,0,0,0,0,0,0,0,0,0,0,0,0,0,0,0,0,0,0,0,0,0,0,0,0,0,0
2019-20,33,Tamilnadu,3324,MADURAI,332411,THIRUPARAMKUNDRAM,Urban,6,cat6,"SS (I-X)",90,"Social welfare Department",1,General,0,0,0,0,0,0,0,0,0,0,0,0,0,0,0,0,0,0,0,0,0,0,0,0,0,0
2019-20,33,Tamilnadu,3324,MADURAI,332404,T.KALLUPATTI,Rural,8,cat8,"SS (IX-X)",1,"Department of Education",1,General,0,0,0,0,0,0,0,0,0,0,0,0,0,0,0,0,0,0,0,0,0,0,0,0,0,0
2019-20,33,Tamilnadu,3324,MADURAI,332401,ALANGANALLUR,Rural,7,cat7,"SS (VI-X)",1,"Department of Education",1,General,0,0,0,0,0,0,0,0,0,0,0,0,0,0,0,0,0,0,0,0,0,0,0,0,0,0
2019-20,33,Tamilnadu,3324,MADURAI,332402,CHELLAMPATTI,Rural,7,cat7,"SS (VI-X)",1,"Department of Education",1,General,0,0,0,0,0,0,0,0,0,0,0,0,0,0,0,0,0,0,0,0,0,0,0,0,0,0
2019-20,33,Tamilnadu,3324,MADURAI,332403,KALLIKUDI,Rural,7,cat7,"SS (VI-X)",1,"Department of Education",1,General,0,0,0,0,0,0,0,0,0,0,0,0,0,0,0,0,0,0,0,0,0,0,0,0,0,0
2019-20,33,Tamilnadu,3324,MADURAI,332404,T.KALLUPATTI,Rural,7,cat7,"SS (VI-X)",1,"Department of Education",1,General,0,0,0,0,0,0,0,0,0,0,0,0,0,0,0,0,0,0,0,0,0,1,0,0,0,0
2019-20,33,Tamilnadu,3324,MADURAI,332405,KOTTAMPATTI,Rural,7,cat7,"SS (VI-X)",1,"Department of Education",1,General,0,0,0,0,0,0,0,0,0,0,0,0,0,0,0,0,0,0,0,0,0,0,0,0,0,0
2019-20,33,Tamilnadu,3324,MADURAI,332406,"MADURAI EAST",Rural,7,cat7,"SS (VI-X)",1,"Department of Education",1,General,0,0,0,0,0,0,0,1,0,4,1,11,0,0,0,0,0,0,0,1,0,2,1,2,0,0
2019-20,33,Tamilnadu,3324,MADURAI,332407,"MADURAI WEST",Rural,7,cat7,"SS (VI-X)",1,"Department of Education",1,General,0,0,0,0,0,0,0,0,0,0,0,0,0,0,0,0,0,0,0,0,0,0,0,0,0,0
2019-20,33,Tamilnadu,3324,MADURAI,332408,MELUR,Rural,7,cat7,"SS (VI-X)",1,"Department of Education",1,General,0,0,0,0,0,0,0,0,0,0,0,0,0,0,0,0,0,0,0,0,0,0,0,0,0,0
2019-20,33,Tamilnadu,3324,MADURAI,332409,SEDAPATTI,Rural,7,cat7,"SS (VI-X)",1,"Department of Education",1,General,0,0,0,0,0,0,0,0,0,0,0,0,0,0,0,0,0,0,0,0,0,0,0,0,0,0
2019-20,33,Tamilnadu,3324,MADURAI,332410,THIRUMANGALAM,Rural,7,cat7,"SS (VI-X)",1,"Department of Education",1,General,0,0,0,0,0,0,0,0,0,0,0,0,0,0,0,0,0,0,0,0,0,0,0,0,0,0
2019-20,33,Tamilnadu,3324,MADURAI,332411,THIRUPARAMKUNDRAM,Rural,7,cat7,"SS (VI-X)",1,"Department of Education",1,General,0,0,0,0,0,0,0,9,9,9,12,5,0,0,0,0,0,0,0,3,6,8,5,9,0,0
2019-20,33,Tamilnadu,3324,MADURAI,332412,USILAMPATTI,Rural,7,cat7,"SS (VI-X)",1,"Department of Education",1,General,0,0,0,0,0,0,0,0,0,0,0,0,0,0,0,0,0,0,0,0,0,0,0,0,0,0
2019-20,33,Tamilnadu,3324,MADURAI,332413,T.VADIPATTI,Rural,7,cat7,"SS (VI-X)",1,"Department of Education",1,General,0,0,0,0,0,0,0,0,0,0,0,0,0,0,0,0,0,0,0,0,0,0,0,0,0,0
2019-20,33,Tamilnadu,3324,MADURAI,332406,"MADURAI EAST",Urban,7,cat7,"SS (VI-X)",1,"Department of Education",1,General,0,0,0,0,0,0,0,0,0,0,0,0,0,0,0,0,0,0,0,0,0,0,0,0,0,0
2019-20,33,Tamilnadu,3324,MADURAI,332407,"MADURAI WEST",Urban,7,cat7,"SS (VI-X)",1,"Department of Education",1,General,0,0,0,0,0,0,0,0,2,0,1,5,0,0,0,0,0,0,0,1,2,0,5,6,0,0
2019-20,33,Tamilnadu,3324,MADURAI,332411,THIRUPARAMKUNDRAM,Urban,7,cat7,"SS (VI-X)",1,"Department of Education",1,General,0,0,0,0,0,0,0,0,1,1,0,0,0,0,0,0,0,0,0,0,0,0,0,0,0,0
2019-20,33,Tamilnadu,3324,MADURAI,332406,"MADURAI EAST",Rural,7,cat7,"SS (VI-X)",2,"Tribal Welfare Department",1,General,0,0,0,0,0,0,0,0,0,0,0,0,0,0,0,0,0,0,0,0,0,0,0,0,0,0
2019-20,33,Tamilnadu,3324,MADURAI,332407,"MADURAI WEST",Rural,7,cat7,"SS (VI-X)",2,"Tribal Welfare Department",1,General,0,0,0,0,0,0,0,0,0,0,0,0,0,0,0,0,0,0,0,0,0,0,0,0,0,0
2019-20,33,Tamilnadu,3324,MADURAI,332409,SEDAPATTI,Rural,7,cat7,"SS (VI-X)",2,"Tribal Welfare Department",1,General,0,0,0,0,0,0,0,0,0,0,0,0,0,0,0,0,0,0,0,0,0,0,0,0,0,0
2019-20,33,Tamilnadu,3324,MADURAI,332408,MELUR,Rural,7,cat7,"SS (VI-X)",3,"Local body",1,General,0,0,0,0,0,0,0,0,1,0,0,0,0,0,0,0,0,0,0,0,1,0,0,0,0,0
2019-20,33,Tamilnadu,3324,MADURAI,332406,"MADURAI EAST",Urban,7,cat7,"SS (VI-X)",3,"Local body",1,General,0,0,0,0,0,0,0,0,0,0,0,0,0,0,0,0,0,0,0,0,0,0,0,0,0,0
2019-20,33,Tamilnadu,3324,MADURAI,332407,"MADURAI WEST",Urban,7,cat7,"SS (VI-X)",3,"Local body",1,General,0,0,0,0,0,0,0,0,0,0,0,0,0,0,0,0,0,0,0,0,0,0,0,0,0,0
2019-20,33,Tamilnadu,3324,MADURAI,332415,"MADURAI SOUTH",Urban,7,cat7,"SS (VI-X)",3,"Local body",1,General,0,0,0,0,0,0,0,0,0,1,0,0,0,0,0,0,0,0,0,0,0,0,0,0,0,0
2019-20,33,Tamilnadu,3324,MADURAI,332403,KALLIKUDI,Rural,7,cat7,"SS (VI-X)",4,"Government Aided",1,General,0,0,0,0,0,0,0,0,0,0,0,0,0,0,0,0,0,0,0,0,0,0,0,0,0,0
2019-20,33,Tamilnadu,3324,MADURAI,332404,T.KALLUPATTI,Rural,7,cat7,"SS (VI-X)",4,"Government Aided",1,General,0,0,0,0,0,0,0,0,0,0,0,0,0,0,0,0,0,0,0,0,0,0,0,0,0,0
2019-20,33,Tamilnadu,3324,MADURAI,332406,"MADURAI EAST",Rural,7,cat7,"SS (VI-X)",4,"Government Aided",1,General,0,0,0,0,0,0,0,1,2,4,0,0,0,0,0,0,0,0,0,9,6,0,3,4,0,0
2019-20,33,Tamilnadu,3324,MADURAI,332407,"MADURAI WEST",Rural,7,cat7,"SS (VI-X)",4,"Government Aided",1,General,0,0,0,0,0,0,0,0,0,0,0,0,0,0,0,0,0,0,0,1,0,0,0,0,0,0
2019-20,33,Tamilnadu,3324,MADURAI,332408,MELUR,Rural,7,cat7,"SS (VI-X)",4,"Government Aided",1,General,0,0,0,0,0,0,0,0,0,0,0,0,0,0,0,0,0,0,0,0,0,0,0,0,0,0
2019-20,33,Tamilnadu,3324,MADURAI,332410,THIRUMANGALAM,Rural,7,cat7,"SS (VI-X)",4,"Government Aided",1,General,0,0,0,0,0,0,0,0,0,0,0,0,0,0,0,0,0,0,0,0,0,0,0,0,0,0
2019-20,33,Tamilnadu,3324,MADURAI,332415,"MADURAI SOUTH",Rural,7,cat7,"SS (VI-X)",4,"Government Aided",1,General,0,0,0,0,0,0,0,0,0,1,0,0,0,0,0,0,0,0,0,0,0,0,0,1,0,0
2019-20,33,Tamilnadu,3324,MADURAI,332406,"MADURAI EAST",Urban,7,cat7,"SS (VI-X)",4,"Government Aided",1,General,0,0,0,0,0,0,0,0,0,0,1,0,0,0,0,0,0,0,0,0,0,0,0,0,0,0
2019-20,33,Tamilnadu,3324,MADURAI,332407,"MADURAI WEST",Urban,7,cat7,"SS (VI-X)",4,"Government Aided",1,General,0,0,0,0,0,0,0,0,0,0,0,0,0,0,0,0,0,0,0,0,0,0,0,0,0,0
2019-20,33,Tamilnadu,3324,MADURAI,332408,MELUR,Urban,7,cat7,"SS (VI-X)",4,"Government Aided",1,General,0,0,0,0,0,0,0,0,0,1,0,0,0,0,0,0,0,0,0,0,0,0,0,0,0,0
2019-20,33,Tamilnadu,3324,MADURAI,332410,THIRUMANGALAM,Urban,7,cat7,"SS (VI-X)",4,"Government Aided",1,General,0,0,0,0,0,0,0,0,0,1,0,0,0,0,0,0,0,0,0,0,0,0,0,0,0,0
2019-20,33,Tamilnadu,3324,MADURAI,332411,THIRUPARAMKUNDRAM,Urban,7,cat7,"SS (VI-X)",4,"Government Aided",1,General,0,0,0,0,0,0,0,1,2,2,2,0,0,0,0,0,0,0,0,0,3,0,0,0,0,0
2019-20,33,Tamilnadu,3324,MADURAI,332414,"MADURAI NORTH",Urban,7,cat7,"SS (VI-X)",4,"Government Aided",1,General,0,0,0,0,0,0,0,0,0,0,0,0,0,0,0,0,0,0,0,0,0,0,0,0,0,0
2019-20,33,Tamilnadu,3324,MADURAI,332415,"MADURAI SOUTH",Urban,7,cat7,"SS (VI-X)",4,"Government Aided",1,General,0,0,0,0,0,0,0,0,2,1,0,1,0,0,0,0,0,0,0,1,1,0,0,1,0,0
2019-20,33,Tamilnadu,3324,MADURAI,332411,THIRUPARAMKUNDRAM,Rural,7,cat7,"SS (VI-X)",5,"Private Unaided (Recognized)",1,General,0,0,0,0,0,0,0,0,0,0,0,0,0,0,0,0,0,0,0,0,0,0,0,0,0,0
2019-20,33,Tamilnadu,3324,MADURAI,332413,T.VADIPATTI,Rural,7,cat7,"SS (VI-X)",5,"Private Unaided (Recognized)",1,General,0,0,0,0,0,0,0,0,0,0,0,0,0,0,0,0,0,0,0,0,0,0,0,0,0,0
2019-20,33,Tamilnadu,3324,MADURAI,332406,"MADURAI EAST",Urban,7,cat7,"SS (VI-X)",5,"Private Unaided (Recognized)",1,General,0,0,0,0,0,0,0,0,0,0,0,0,0,0,0,0,0,0,0,0,0,0,0,0,0,0
2019-20,33,Tamilnadu,3324,MADURAI,332415,"MADURAI SOUTH",Urban,7,cat7,"SS (VI-X)",5,"Private Unaided (Recognized)",1,General,0,0,0,0,0,0,0,0,0,0,0,0,0,0,0,0,0,0,0,0,0,0,0,0,0,0
2019-20,33,Tamilnadu,3324,MADURAI,332402,CHELLAMPATTI,Rural,7,cat7,"SS (VI-X)",90,"Social welfare Department",1,General,0,0,0,0,0,0,0,0,0,0,0,0,0,0,0,0,0,0,0,0,0,0,0,0,0,0
2019-20,33,Tamilnadu,3324,MADURAI,332410,THIRUMANGALAM,Rural,7,cat7,"SS (VI-X)",90,"Social welfare Department",1,General,0,0,0,0,0,0,0,0,0,0,0,0,0,0,0,0,0,0,0,0,0,0,0,0,0,0
2019-20,33,Tamilnadu,3324,MADURAI,332411,THIRUPARAMKUNDRAM,Rural,7,cat7,"SS (VI-X)",90,"Social welfare Department",1,General,0,0,0,0,0,0,0,0,0,0,0,0,0,0,0,0,0,0,0,0,0,0,0,0,0,0
2019-20,33,Tamilnadu,3324,MADURAI,332412,USILAMPATTI,Rural,7,cat7,"SS (VI-X)",90,"Social welfare Department",1,General,0,0,0,0,0,0,0,0,0,0,0,0,0,0,0,0,0,0,0,0,0,0,0,0,0,0
2019-20,33,Tamilnadu,3324,MADURAI,332412,USILAMPATTI,Urban,7,cat7,"SS (VI-X)",90,"Social welfare Department",1,General,0,0,0,0,0,0,0,0,0,0,0,0,0,0,0,0,0,0,0,0,0,0,0,0,0,0
2019-20,33,Tamilnadu,3324,MADURAI,332401,ALANGANALLUR,Rural,2,cat2,"UPS (I-VIII)",1,"Department of Education",1,General,0,0,0,0,0,0,0,0,0,0,0,0,0,0,0,0,0,0,0,0,0,0,0,0,0,0
2019-20,33,Tamilnadu,3324,MADURAI,332402,CHELLAMPATTI,Rural,2,cat2,"UPS (I-VIII)",1,"Department of Education",1,General,0,0,0,0,0,0,0,0,0,0,0,0,0,0,0,0,0,0,0,0,0,0,0,0,0,0
2019-20,33,Tamilnadu,3324,MADURAI,332403,KALLIKUDI,Rural,2,cat2,"UPS (I-VIII)",1,"Department of Education",1,General,0,0,0,0,0,0,0,0,0,0,0,0,0,0,0,0,0,0,0,0,0,0,0,0,0,0
2019-20,33,Tamilnadu,3324,MADURAI,332404,T.KALLUPATTI,Rural,2,cat2,"UPS (I-VIII)",1,"Department of Education",1,General,0,0,0,0,0,0,0,0,0,0,0,0,0,0,0,0,0,0,0,1,0,0,0,0,0,0
2019-20,33,Tamilnadu,3324,MADURAI,332405,KOTTAMPATTI,Rural,2,cat2,"UPS (I-VIII)",1,"Department of Education",1,General,0,0,0,0,0,0,0,0,0,0,0,0,0,0,0,0,0,0,0,0,0,0,0,0,0,0
2019-20,33,Tamilnadu,3324,MADURAI,332406,"MADURAI EAST",Rural,2,cat2,"UPS (I-VIII)",1,"Department of Education",1,General,0,0,0,0,1,0,0,0,1,2,0,0,0,0,0,0,0,0,0,1,0,0,0,0,0,0
2019-20,33,Tamilnadu,3324,MADURAI,332407,"MADURAI WEST",Rural,2,cat2,"UPS (I-VIII)",1,"Department of Education",1,General,0,0,0,0,0,0,0,0,0,0,0,0,0,0,0,0,0,0,0,0,1,0,0,0,0,0
2019-20,33,Tamilnadu,3324,MADURAI,332408,MELUR,Rural,2,cat2,"UPS (I-VIII)",1,"Department of Education",1,General,0,0,0,0,1,0,1,0,1,0,0,0,0,0,0,1,0,0,0,0,0,0,0,0,0,0
2019-20,33,Tamilnadu,3324,MADURAI,332409,SEDAPATTI,Rural,2,cat2,"UPS (I-VIII)",1,"Department of Education",1,General,0,0,0,0,0,0,0,0,0,0,0,0,0,0,0,0,0,0,0,0,0,0,0,0,0,0
2019-20,33,Tamilnadu,3324,MADURAI,332410,THIRUMANGALAM,Rural,2,cat2,"UPS (I-VIII)",1,"Department of Education",1,General,0,0,0,0,0,0,0,0,0,0,0,0,0,0,0,0,0,0,0,0,0,0,0,0,0,0
2019-20,33,Tamilnadu,3324,MADURAI,332411,THIRUPARAMKUNDRAM,Rural,2,cat2,"UPS (I-VIII)",1,"Department of Education",1,General,0,0,0,0,0,0,0,0,0,0,0,0,0,0,0,0,0,0,0,0,0,0,0,0,0,0
2019-20,33,Tamilnadu,3324,MADURAI,332412,USILAMPATTI,Rural,2,cat2,"UPS (I-VIII)",1,"Department of Education",1,General,0,0,0,0,0,0,0,0,0,0,0,0,0,0,0,0,0,0,0,0,0,0,0,0,0,0
2019-20,33,Tamilnadu,3324,MADURAI,332413,T.VADIPATTI,Rural,2,cat2,"UPS (I-VIII)",1,"Department of Education",1,General,0,0,0,0,0,0,0,0,0,0,0,0,0,0,0,0,0,0,0,0,0,0,0,0,0,0
2019-20,33,Tamilnadu,3324,MADURAI,332401,ALANGANALLUR,Urban,2,cat2,"UPS (I-VIII)",1,"Department of Education",1,General,0,0,0,0,0,0,0,0,0,0,0,0,0,0,0,0,0,0,0,0,0,0,0,0,0,0
2019-20,33,Tamilnadu,3324,MADURAI,332402,CHELLAMPATTI,Urban,2,cat2,"UPS (I-VIII)",1,"Department of Education",1,General,0,0,0,0,0,0,0,0,0,0,0,0,0,0,0,0,0,0,0,0,0,0,0,0,0,0
2019-20,33,Tamilnadu,3324,MADURAI,332406,"MADURAI EAST",Urban,2,cat2,"UPS (I-VIII)",1,"Department of Education",1,General,0,0,1,1,5,8,1,0,0,0,0,0,0,0,1,0,4,7,2,2,0,0,0,0,0,0
2019-20,33,Tamilnadu,3324,MADURAI,332407,"MADURAI WEST",Urban,2,cat2,"UPS (I-VIII)",1,"Department of Education",1,General,0,0,0,0,0,0,0,0,1,0,0,0,0,0,0,0,0,0,0,0,0,0,0,0,0,0
2019-20,33,Tamilnadu,3324,MADURAI,332411,THIRUPARAMKUNDRAM,Urban,2,cat2,"UPS (I-VIII)",1,"Department of Education",1,General,0,0,0,1,0,0,0,0,0,0,0,0,0,0,0,0,0,0,0,0,0,1,0,0,0,0
2019-20,33,Tamilnadu,3324,MADURAI,332413,T.VADIPATTI,Urban,2,cat2,"UPS (I-VIII)",1,"Department of Education",1,General,0,0,0,0,0,0,0,1,0,0,0,0,0,0,0,0,0,1,0,0,0,0,0,0,0,0
2019-20,33,Tamilnadu,3324,MADURAI,332404,T.KALLUPATTI,Rural,2,cat2,"UPS (I-VIII)",2,"Tribal Welfare Department",1,General,0,0,0,0,0,0,0,0,0,0,0,0,0,0,0,0,0,0,0,0,0,0,0,0,0,0
2019-20,33,Tamilnadu,3324,MADURAI,332406,"MADURAI EAST",Rural,2,cat2,"UPS (I-VIII)",2,"Tribal Welfare Department",1,General,0,0,0,0,0,0,0,0,0,0,0,0,0,0,0,0,0,0,0,0,0,0,0,0,0,0
2019-20,33,Tamilnadu,3324,MADURAI,332409,SEDAPATTI,Rural,2,cat2,"UPS (I-VIII)",2,"Tribal Welfare Department",1,General,0,0,0,0,0,0,0,0,0,0,0,0,0,0,0,0,0,0,0,0,0,0,0,0,0,0
2019-20,33,Tamilnadu,3324,MADURAI,332406,"MADURAI EAST",Urban,2,cat2,"UPS (I-VIII)",3,"Local body",1,General,0,0,0,0,0,0,0,0,0,0,0,0,0,0,0,0,0,0,0,0,0,0,0,0,0,0
2019-20,33,Tamilnadu,3324,MADURAI,332407,"MADURAI WEST",Urban,2,cat2,"UPS (I-VIII)",3,"Local body",1,General,0,0,0,0,1,0,0,0,0,0,0,0,0,0,0,0,0,0,0,0,0,0,0,0,0,0
2019-20,33,Tamilnadu,3324,MADURAI,332411,THIRUPARAMKUNDRAM,Urban,2,cat2,"UPS (I-VIII)",3,"Local body",1,General,0,0,0,0,0,0,0,0,0,0,0,0,0,0,0,0,0,0,0,0,0,0,0,0,0,0
2019-20,33,Tamilnadu,3324,MADURAI,332414,"MADURAI NORTH",Urban,2,cat2,"UPS (I-VIII)",3,"Local body",1,General,0,0,0,0,0,0,0,0,0,0,0,0,0,0,0,0,0,0,0,0,0,0,0,0,0,0
2019-20,33,Tamilnadu,3324,MADURAI,332415,"MADURAI SOUTH",Urban,2,cat2,"UPS (I-VIII)",3,"Local body",1,General,0,0,0,1,0,0,0,0,1,0,0,0,0,0,0,1,0,0,1,0,0,0,0,0,0,0
2019-20,33,Tamilnadu,3324,MADURAI,332404,T.KALLUPATTI,Rural,2,cat2,"UPS (I-VIII)",4,"Government Aided",1,General,0,0,0,0,0,0,0,0,0,0,0,0,0,0,0,0,0,0,0,0,0,0,0,0,0,0
2019-20,33,Tamilnadu,3324,MADURAI,332407,"MADURAI WEST",Rural,2,cat2,"UPS (I-VIII)",4,"Government Aided",1,General,0,0,5,5,4,5,5,0,2,1,0,0,0,0,2,2,3,5,5,5,2,1,0,0,0,0
2019-20,33,Tamilnadu,3324,MADURAI,332408,MELUR,Rural,2,cat2,"UPS (I-VIII)",4,"Government Aided",1,General,0,0,0,0,0,0,0,0,0,0,0,0,0,0,0,0,0,0,0,0,0,0,0,0,0,0
2019-20,33,Tamilnadu,3324,MADURAI,332409,SEDAPATTI,Rural,2,cat2,"UPS (I-VIII)",4,"Government Aided",1,General,0,0,0,0,0,0,0,0,0,0,0,0,0,0,0,0,0,0,0,0,0,0,0,0,0,0
2019-20,33,Tamilnadu,3324,MADURAI,332411,THIRUPARAMKUNDRAM,Rural,2,cat2,"UPS (I-VIII)",4,"Government Aided",1,General,0,0,0,0,0,0,0,0,0,0,0,0,0,0,0,0,0,0,0,0,0,0,0,0,0,0
2019-20,33,Tamilnadu,3324,MADURAI,332413,T.VADIPATTI,Rural,2,cat2,"UPS (I-VIII)",4,"Government Aided",1,General,0,0,0,0,0,0,0,0,0,0,0,0,0,0,0,0,0,0,0,0,0,0,0,0,0,0
2019-20,33,Tamilnadu,3324,MADURAI,332414,"MADURAI NORTH",Rural,2,cat2,"UPS (I-VIII)",4,"Government Aided",1,General,0,0,0,1,0,1,1,1,0,0,0,0,0,0,0,0,0,0,4,0,0,2,0,0,0,0
2019-20,33,Tamilnadu,3324,MADURAI,332406,"MADURAI EAST",Urban,2,cat2,"UPS (I-VIII)",4,"Government Aided",1,General,0,0,0,0,0,0,0,0,0,0,0,0,0,0,0,0,0,0,0,0,0,0,0,0,0,0
2019-20,33,Tamilnadu,3324,MADURAI,332407,"MADURAI WEST",Urban,2,cat2,"UPS (I-VIII)",4,"Government Aided",1,General,0,0,0,0,0,0,0,1,0,0,0,0,0,0,0,0,0,0,0,0,0,0,0,0,0,0
2019-20,33,Tamilnadu,3324,MADURAI,332411,THIRUPARAMKUNDRAM,Urban,2,cat2,"UPS (I-VIII)",4,"Government Aided",1,General,0,0,0,0,0,0,0,0,0,1,0,0,0,0,1,0,0,0,0,1,0,0,0,0,0,0
2019-20,33,Tamilnadu,3324,MADURAI,332412,USILAMPATTI,Urban,2,cat2,"UPS (I-VIII)",4,"Government Aided",1,General,0,0,0,0,0,0,0,0,0,0,0,0,0,0,0,0,0,0,0,0,0,0,0,0,0,0
2019-20,33,Tamilnadu,3324,MADURAI,332413,T.VADIPATTI,Urban,2,cat2,"UPS (I-VIII)",4,"Government Aided",1,General,0,0,0,0,0,0,0,0,0,0,0,0,0,0,0,0,0,0,0,0,0,0,0,0,0,0
2019-20,33,Tamilnadu,3324,MADURAI,332414,"MADURAI NORTH",Urban,2,cat2,"UPS (I-VIII)",4,"Government Aided",1,General,0,0,0,0,1,0,0,1,0,0,0,0,0,0,1,0,0,0,0,0,0,0,0,0,0,0
2019-20,33,Tamilnadu,3324,MADURAI,332415,"MADURAI SOUTH",Urban,2,cat2,"UPS (I-VIII)",4,"Government Aided",1,General,0,0,0,0,1,0,0,0,0,0,0,0,0,0,0,0,1,1,0,2,1,0,0,0,0,0
2019-20,33,Tamilnadu,3324,MADURAI,332401,ALANGANALLUR,Rural,2,cat2,"UPS (I-VIII)",5,"Private Unaided (Recognized)",1,General,0,0,0,0,0,0,0,0,0,0,0,0,0,0,0,0,0,0,0,0,0,0,0,0,0,0
2019-20,33,Tamilnadu,3324,MADURAI,332403,KALLIKUDI,Rural,2,cat2,"UPS (I-VIII)",5,"Private Unaided (Recognized)",1,General,0,0,0,0,0,0,0,0,0,0,0,0,0,0,0,0,0,0,0,0,0,0,0,0,0,0
2019-20,33,Tamilnadu,3324,MADURAI,332406,"MADURAI EAST",Rural,2,cat2,"UPS (I-VIII)",5,"Private Unaided (Recognized)",1,General,1,1,0,1,2,0,0,0,0,0,0,0,0,0,0,0,0,0,0,0,0,0,0,0,0,0
2019-20,33,Tamilnadu,3324,MADURAI,332407,"MADURAI WEST",Rural,2,cat2,"UPS (I-VIII)",5,"Private Unaided (Recognized)",1,General,0,0,0,0,0,0,0,0,0,0,0,0,0,0,0,0,1,0,0,0,0,0,0,0,0,0
2019-20,33,Tamilnadu,3324,MADURAI,332410,THIRUMANGALAM,Rural,2,cat2,"UPS (I-VIII)",5,"Private Unaided (Recognized)",1,General,0,1,0,0,0,0,0,0,0,1,0,0,0,0,0,0,0,0,0,0,1,0,0,0,0,0
2019-20,33,Tamilnadu,3324,MADURAI,332411,THIRUPARAMKUNDRAM,Rural,2,cat2,"UPS (I-VIII)",5,"Private Unaided (Recognized)",1,General,5,4,1,0,1,3,16,0,0,0,0,0,0,0,0,5,1,6,11,0,0,0,0,0,0,0
2019-20,33,Tamilnadu,3324,MADURAI,332412,USILAMPATTI,Rural,2,cat2,"UPS (I-VIII)",5,"Private Unaided (Recognized)",1,General,0,0,0,0,0,0,0,0,0,0,0,0,0,0,0,0,0,0,0,0,0,0,0,0,0,0
2019-20,33,Tamilnadu,3324,MADURAI,332413,T.VADIPATTI,Rural,2,cat2,"UPS (I-VIII)",5,"Private Unaided (Recognized)",1,General,0,1,1,0,0,0,1,0,0,0,0,0,0,0,0,0,0,0,1,0,0,0,0,0,0,0
2019-20,33,Tamilnadu,3324,MADURAI,332406,"MADURAI EAST",Urban,2,cat2,"UPS (I-VIII)",5,"Private Unaided (Recognized)",1,General,2,1,1,1,0,1,0,0,0,0,0,0,0,0,0,0,0,0,0,0,0,0,0,0,0,0
2019-20,33,Tamilnadu,3324,MADURAI,332407,"MADURAI WEST",Urban,2,cat2,"UPS (I-VIII)",5,"Private Unaided (Recognized)",1,General,52,46,11,7,9,8,5,5,4,2,0,0,0,0,11,14,4,4,7,4,1,2,0,0,0,0
2019-20,33,Tamilnadu,3324,MADURAI,332408,MELUR,Urban,2,cat2,"UPS (I-VIII)",5,"Private Unaided (Recognized)",1,General,0,0,0,0,0,0,0,0,0,0,0,0,0,0,0,0,0,0,0,0,0,0,0,0,0,0
2019-20,33,Tamilnadu,3324,MADURAI,332409,SEDAPATTI,Urban,2,cat2,"UPS (I-VIII)",5,"Private Unaided (Recognized)",1,General,0,0,0,0,0,0,0,0,0,0,0,0,0,0,0,0,0,0,0,0,0,0,0,0,0,0
2019-20,33,Tamilnadu,3324,MADURAI,332410,THIRUMANGALAM,Urban,2,cat2,"UPS (I-VIII)",5,"Private Unaided (Recognized)",1,General,0,0,0,0,0,0,0,0,0,0,0,0,0,0,0,0,0,0,0,0,0,0,0,0,0,0
2019-20,33,Tamilnadu,3324,MADURAI,332411,THIRUPARAMKUNDRAM,Urban,2,cat2,"UPS (I-VIII)",5,"Private Unaided (Recognized)",1,General,3,1,4,3,0,1,0,1,1,0,0,0,0,0,4,6,1,0,0,0,1,0,0,0,0,0
2019-20,33,Tamilnadu,3324,MADURAI,332412,USILAMPATTI,Urban,2,cat2,"UPS (I-VIII)",5,"Private Unaided (Recognized)",1,General,0,0,0,0,0,1,0,0,0,0,0,0,0,0,0,1,0,0,0,0,0,0,0,0,0,0
2019-20,33,Tamilnadu,3324,MADURAI,332414,"MADURAI NORTH",Urban,2,cat2,"UPS (I-VIII)",5,"Private Unaided (Recognized)",1,General,0,0,0,0,0,0,0,0,0,0,0,0,0,0,0,0,0,0,0,0,0,0,0,0,0,0
2019-20,33,Tamilnadu,3324,MADURAI,332402,CHELLAMPATTI,Rural,2,cat2,"UPS (I-VIII)",8,Unrecognized,1,General,0,0,0,0,0,0,0,0,0,0,0,0,0,0,0,0,0,0,0,0,0,0,0,0,0,0
2019-20,33,Tamilnadu,3324,MADURAI,332406,"MADURAI EAST",Rural,2,cat2,"UPS (I-VIII)",8,Unrecognized,1,General,3,0,1,0,0,0,0,0,0,0,0,0,0,0,0,0,0,2,0,0,0,0,0,0,0,0
2019-20,33,Tamilnadu,3324,MADURAI,332408,MELUR,Rural,2,cat2,"UPS (I-VIII)",8,Unrecognized,1,General,0,0,0,0,0,0,0,0,0,0,0,0,0,0,0,0,0,0,0,0,0,0,0,0,0,0
2019-20,33,Tamilnadu,3324,MADURAI,332411,THIRUPARAMKUNDRAM,Urban,2,cat2,"UPS (I-VIII)",8,Unrecognized,1,General,0,0,0,0,0,1,1,0,0,0,0,0,0,0,0,0,1,0,0,0,0,0,0,0,0,0
2019-20,33,Tamilnadu,3324,MADURAI,332402,CHELLAMPATTI,Rural,2,cat2,"UPS (I-VIII)",90,"Social welfare Department",1,General,0,0,0,0,0,0,0,0,0,0,0,0,0,0,0,0,0,0,0,0,0,0,0,0,0,0
2019-20,33,Tamilnadu,3324,MADURAI,332409,SEDAPATTI,Rural,2,cat2,"UPS (I-VIII)",90,"Social welfare Department",1,General,0,0,0,0,0,0,0,0,0,0,0,0,0,0,0,0,0,0,0,0,0,0,0,0,0,0
2019-20,33,Tamilnadu,3324,MADURAI,332411,THIRUPARAMKUNDRAM,Rural,2,cat2,"UPS (I-VIII)",90,"Social welfare Department",1,General,0,0,0,0,0,0,0,0,0,0,0,0,0,0,0,0,0,0,0,0,0,0,0,0,0,0
2019-20,33,Tamilnadu,3324,MADURAI,332412,USILAMPATTI,Rural,2,cat2,"UPS (I-VIII)",90,"Social welfare Department",1,General,0,0,0,0,0,0,0,0,0,0,0,0,0,0,0,0,0,0,0,0,0,0,0,0,0,0
2019-20,33,Tamilnadu,3324,MADURAI,332406,"MADURAI EAST",Urban,2,cat2,"UPS (I-VIII)",90,"Social welfare Department",1,General,0,0,0,0,0,0,0,0,0,0,0,0,0,0,0,0,0,0,0,0,0,0,0,0,0,0
2019-20,33,Tamilnadu,3324,MADURAI,332411,THIRUPARAMKUNDRAM,Urban,2,cat2,"UPS (I-VIII)",90,"Social welfare Department",1,General,0,0,0,0,0,0,0,0,0,0,0,0,0,0,0,0,0,0,0,0,0,0,0,0,0,0
2019-20,33,Tamilnadu,3324,MADURAI,332410,THIRUMANGALAM,Rural,4,cat4,"UPS (VI-VIII)",4,"Government Aided",1,General,0,0,0,0,0,0,0,0,0,0,0,0,0,0,0,0,0,0,0,0,0,0,0,0,0,0
2019-20,33,Tamilnadu,3324,MADURAI,332411,THIRUPARAMKUNDRAM,Rural,4,cat4,"UPS (VI-VIII)",4,"Government Aided",1,General,0,0,0,0,0,0,0,0,0,0,0,0,0,0,0,0,0,0,0,0,0,0,0,0,0,0
2019-20,33,Tamilnadu,3324,MADURAI,332411,THIRUPARAMKUNDRAM,Urban,4,cat4,"UPS (VI-VIII)",4,"Government Aided",1,General,0,0,0,0,0,0,0,0,0,0,0,0,0,0,0,0,0,0,0,0,0,0,0,0,0,0
2019-20,33,Tamilnadu,3324,MADURAI,332415,"MADURAI SOUTH",Urban,4,cat4,"UPS (VI-VIII)",4,"Government Aided",1,General,0,0,0,0,0,0,0,0,0,0,0,0,0,0,0,0,0,0,0,0,0,0,0,0,0,0
2019-20,33,Tamilnadu,3324,MADURAI,332406,"MADURAI EAST",Rural,3,cat3,"HSS (I-XII)",1,"Department of Education",2,SC,8,8,2,2,1,0,0,0,0,0,0,0,0,0,4,2,4,5,0,38,45,51,58,48,49,55
2019-20,33,Tamilnadu,3324,MADURAI,332406,"MADURAI EAST",Urban,3,cat3,"HSS (I-XII)",4,"Government Aided",2,SC,0,0,0,0,0,0,0,0,0,0,0,0,0,0,11,25,20,20,31,88,91,99,106,91,87,77
2019-20,33,Tamilnadu,3324,MADURAI,332407,"MADURAI WEST",Urban,3,cat3,"HSS (I-XII)",4,"Government Aided",2,SC,0,0,1,0,1,2,1,0,3,2,2,1,6,1,3,8,7,10,10,23,23,23,39,36,54,48
2019-20,33,Tamilnadu,3324,MADURAI,332414,"MADURAI NORTH",Urban,3,cat3,"HSS (I-XII)",4,"Government Aided",2,SC,0,0,0,0,0,0,0,0,0,0,0,0,0,0,12,15,16,15,18,51,48,45,86,57,75,66
2019-20,33,Tamilnadu,3324,MADURAI,332402,CHELLAMPATTI,Rural,3,cat3,"HSS (I-XII)",5,"Private Unaided (Recognized)",2,SC,10,12,12,9,2,4,1,1,3,0,0,4,1,0,1,5,1,2,4,2,1,0,2,1,0,0
2019-20,33,Tamilnadu,3324,MADURAI,332404,T.KALLUPATTI,Rural,3,cat3,"HSS (I-XII)",5,"Private Unaided (Recognized)",2,SC,29,29,17,31,15,11,15,14,8,9,7,15,7,7,19,14,17,11,12,3,7,6,9,11,9,8
2019-20,33,Tamilnadu,3324,MADURAI,332406,"MADURAI EAST",Rural,3,cat3,"HSS (I-XII)",5,"Private Unaided (Recognized)",2,SC,92,66,52,64,57,50,41,27,33,28,37,26,13,9,31,45,36,40,28,27,18,30,23,14,12,16
2019-20,33,Tamilnadu,3324,MADURAI,332407,"MADURAI WEST",Rural,3,cat3,"HSS (I-XII)",5,"Private Unaided (Recognized)",2,SC,102,60,55,49,53,48,41,52,37,63,53,48,75,52,44,55,55,42,45,34,42,45,34,32,58,64
2019-20,33,Tamilnadu,3324,MADURAI,332408,MELUR,Rural,3,cat3,"HSS (I-XII)",5,"Private Unaided (Recognized)",2,SC,58,46,49,20,23,17,21,28,18,26,15,26,13,18,24,26,15,14,21,14,9,13,7,11,9,11
2019-20,33,Tamilnadu,3324,MADURAI,332409,SEDAPATTI,Rural,3,cat3,"HSS (I-XII)",5,"Private Unaided (Recognized)",2,SC,70,58,35,30,34,20,17,29,30,37,18,26,7,9,33,18,25,20,21,24,18,25,15,8,11,10
2019-20,33,Tamilnadu,3324,MADURAI,332410,THIRUMANGALAM,Rural,3,cat3,"HSS (I-XII)",5,"Private Unaided (Recognized)",2,SC,46,28,30,24,18,23,22,23,14,12,21,16,8,2,13,20,17,18,17,8,9,13,14,11,6,3
2019-20,33,Tamilnadu,3324,MADURAI,332411,THIRUPARAMKUNDRAM,Rural,3,cat3,"HSS (I-XII)",5,"Private Unaided (Recognized)",2,SC,134,98,49,75,77,53,60,51,50,46,57,50,55,51,58,56,48,51,52,41,45,32,44,31,52,32
2019-20,33,Tamilnadu,3324,MADURAI,332412,USILAMPATTI,Rural,3,cat3,"HSS (I-XII)",5,"Private Unaided (Recognized)",2,SC,12,9,6,4,2,4,0,2,4,1,1,1,0,0,6,6,2,2,1,1,1,0,1,1,2,1
2019-20,33,Tamilnadu,3324,MADURAI,332413,T.VADIPATTI,Rural,3,cat3,"HSS (I-XII)",5,"Private Unaided (Recognized)",2,SC,11,10,7,6,5,8,7,10,8,5,7,5,7,2,10,5,10,10,2,5,7,6,5,7,2,7
2019-20,33,Tamilnadu,3324,MADURAI,332414,"MADURAI NORTH",Rural,3,cat3,"HSS (I-XII)",5,"Private Unaided (Recognized)",2,SC,25,21,13,7,13,9,12,8,12,16,9,12,7,12,15,10,17,5,11,8,10,9,6,4,6,3
2019-20,33,Tamilnadu,3324,MADURAI,332415,"MADURAI SOUTH",Rural,3,cat3,"HSS (I-XII)",5,"Private Unaided (Recognized)",2,SC,12,19,9,8,8,4,5,1,6,8,2,5,2,2,8,9,4,1,7,0,0,2,1,2,1,0
2019-20,33,Tamilnadu,3324,MADURAI,332401,ALANGANALLUR,Urban,3,cat3,"HSS (I-XII)",5,"Private Unaided (Recognized)",2,SC,26,21,15,13,17,13,5,16,17,11,6,14,16,9,9,10,9,3,13,10,8,10,7,8,9,5
2019-20,33,Tamilnadu,3324,MADURAI,332404,T.KALLUPATTI,Urban,3,cat3,"HSS (I-XII)",5,"Private Unaided (Recognized)",2,SC,20,16,8,11,6,7,9,6,8,10,10,4,5,7,4,0,11,4,4,7,5,6,7,4,2,4
2019-20,33,Tamilnadu,3324,MADURAI,332406,"MADURAI EAST",Urban,3,cat3,"HSS (I-XII)",5,"Private Unaided (Recognized)",2,SC,81,52,49,44,46,45,34,36,43,42,43,47,29,33,34,49,35,29,35,34,35,29,34,29,23,18
2019-20,33,Tamilnadu,3324,MADURAI,332407,"MADURAI WEST",Urban,3,cat3,"HSS (I-XII)",5,"Private Unaided (Recognized)",2,SC,174,130,98,80,74,90,97,98,82,87,72,85,73,74,94,73,72,78,69,70,68,51,56,63,49,37
2019-20,33,Tamilnadu,3324,MADURAI,332408,MELUR,Urban,3,cat3,"HSS (I-XII)",5,"Private Unaided (Recognized)",2,SC,75,50,41,37,45,35,36,36,42,22,34,29,9,13,39,26,26,33,26,13,14,10,6,16,12,14
2019-20,33,Tamilnadu,3324,MADURAI,332410,THIRUMANGALAM,Urban,3,cat3,"HSS (I-XII)",5,"Private Unaided (Recognized)",2,SC,29,24,10,11,20,14,15,23,8,13,13,12,7,8,16,17,16,8,11,11,10,8,4,3,7,5
2019-20,33,Tamilnadu,3324,MADURAI,332411,THIRUPARAMKUNDRAM,Urban,3,cat3,"HSS (I-XII)",5,"Private Unaided (Recognized)",2,SC,87,68,44,41,53,53,47,51,51,39,49,52,48,41,35,38,51,43,52,38,40,35,39,38,28,35
2019-20,33,Tamilnadu,3324,MADURAI,332412,USILAMPATTI,Urban,3,cat3,"HSS (I-XII)",5,"Private Unaided (Recognized)",2,SC,14,14,18,12,14,14,8,13,12,5,4,3,4,6,11,5,11,9,13,8,6,3,5,3,2,2
2019-20,33,Tamilnadu,3324,MADURAI,332413,T.VADIPATTI,Urban,3,cat3,"HSS (I-XII)",5,"Private Unaided (Recognized)",2,SC,47,34,32,19,37,30,30,34,28,27,20,30,13,17,16,31,24,22,23,15,15,17,21,20,7,10
2019-20,33,Tamilnadu,3324,MADURAI,332414,"MADURAI NORTH",Urban,3,cat3,"HSS (I-XII)",5,"Private Unaided (Recognized)",2,SC,17,11,8,13,8,6,13,8,12,6,10,9,18,8,7,5,11,3,7,4,7,10,13,10,4,3
2019-20,33,Tamilnadu,3324,MADURAI,332415,"MADURAI SOUTH",Urban,3,cat3,"HSS (I-XII)",5,"Private Unaided (Recognized)",2,SC,31,48,22,17,22,16,10,17,16,10,16,14,13,8,19,18,23,19,20,11,12,14,22,11,11,15
2019-20,33,Tamilnadu,3324,MADURAI,332407,"MADURAI WEST",Urban,3,cat3,"HSS (I-XII)",92,"Kendriya Vidyalaya / Central School",2,SC,0,0,19,16,19,25,20,26,28,43,42,27,18,15,17,25,22,16,16,26,22,28,27,35,28,19
2019-20,33,Tamilnadu,3324,MADURAI,332411,THIRUPARAMKUNDRAM,Urban,3,cat3,"HSS (I-XII)",92,"Kendriya Vidyalaya / Central School",2,SC,0,0,14,14,19,16,17,13,16,18,22,10,7,3,12,20,19,13,12,18,13,19,11,8,14,9
2019-20,33,Tamilnadu,3324,MADURAI,332414,"MADURAI NORTH",Urban,3,cat3,"HSS (I-XII)",95,"Railway School",2,SC,0,0,4,0,3,3,2,3,6,6,1,2,3,3,7,2,3,5,3,4,3,4,3,3,6,3
2019-20,33,Tamilnadu,3324,MADURAI,332415,"MADURAI SOUTH",Urban,10,cat10,"HSS (IX-XII)",4,"Government Aided",2,SC,0,0,0,0,0,0,0,0,0,0,13,12,4,12,0,0,0,0,0,0,0,0,2,3,0,0
2019-20,33,Tamilnadu,3324,MADURAI,332401,ALANGANALLUR,Rural,5,cat5,"HSS (VI-XII)",1,"Department of Education",2,SC,0,0,0,0,0,0,0,36,46,36,54,53,51,38,0,0,0,0,0,30,37,29,55,40,41,35
2019-20,33,Tamilnadu,3324,MADURAI,332403,KALLIKUDI,Rural,5,cat5,"HSS (VI-XII)",1,"Department of Education",2,SC,0,0,0,0,0,0,0,31,33,26,35,31,33,35,0,0,0,0,0,23,32,26,35,27,42,49
2019-20,33,Tamilnadu,3324,MADURAI,332404,T.KALLUPATTI,Rural,5,cat5,"HSS (VI-XII)",1,"Department of Education",2,SC,0,0,0,0,0,0,0,18,25,28,22,19,21,24,0,0,0,0,0,18,17,19,18,24,17,13
2019-20,33,Tamilnadu,3324,MADURAI,332405,KOTTAMPATTI,Rural,5,cat5,"HSS (VI-XII)",1,"Department of Education",2,SC,0,0,0,0,0,0,0,57,62,58,92,72,66,52,0,0,0,0,0,52,49,39,75,52,56,69
2019-20,33,Tamilnadu,3324,MADURAI,332406,"MADURAI EAST",Rural,5,cat5,"HSS (VI-XII)",1,"Department of Education",2,SC,0,0,0,0,0,0,0,26,22,20,36,39,38,25,0,0,0,0,0,8,5,7,9,6,4,0
2019-20,33,Tamilnadu,3324,MADURAI,332407,"MADURAI WEST",Rural,5,cat5,"HSS (VI-XII)",1,"Department of Education",2,SC,0,0,0,0,0,0,0,21,28,21,39,49,120,92,0,0,0,0,0,22,21,25,34,39,50,47
2019-20,33,Tamilnadu,3324,MADURAI,332408,MELUR,Rural,5,cat5,"HSS (VI-XII)",1,"Department of Education",2,SC,0,0,0,0,0,0,0,46,46,53,88,73,63,73,0,0,0,0,0,36,46,40,60,79,59,53
2019-20,33,Tamilnadu,3324,MADURAI,332409,SEDAPATTI,Rural,5,cat5,"HSS (VI-XII)",1,"Department of Education",2,SC,0,0,0,0,0,0,0,44,37,33,51,52,81,58,0,0,0,0,0,27,27,28,43,38,23,26
2019-20,33,Tamilnadu,3324,MADURAI,332410,THIRUMANGALAM,Rural,5,cat5,"HSS (VI-XII)",1,"Department of Education",2,SC,0,0,0,0,0,0,0,33,36,26,58,36,28,34,0,0,0,0,0,30,14,27,29,31,28,21
2019-20,33,Tamilnadu,3324,MADURAI,332411,THIRUPARAMKUNDRAM,Rural,5,cat5,"HSS (VI-XII)",1,"Department of Education",2,SC,0,0,0,0,0,0,0,17,23,13,34,25,18,14,0,0,0,0,0,21,15,12,13,18,10,7
2019-20,33,Tamilnadu,3324,MADURAI,332413,T.VADIPATTI,Rural,5,cat5,"HSS (VI-XII)",1,"Department of Education",2,SC,0,0,0,0,0,0,0,5,9,12,21,17,16,18,0,0,0,0,0,2,3,2,1,0,2,3
2019-20,33,Tamilnadu,3324,MADURAI,332401,ALANGANALLUR,Urban,5,cat5,"HSS (VI-XII)",1,"Department of Education",2,SC,0,0,0,0,0,0,0,51,48,40,62,45,52,56,0,0,0,0,0,38,43,63,72,56,95,65
2019-20,33,Tamilnadu,3324,MADURAI,332404,T.KALLUPATTI,Urban,5,cat5,"HSS (VI-XII)",1,"Department of Education",2,SC,0,0,0,0,0,0,0,20,15,24,59,61,82,74,0,0,0,0,0,34,28,45,61,78,108,108
2019-20,33,Tamilnadu,3324,MADURAI,332407,"MADURAI WEST",Urban,5,cat5,"HSS (VI-XII)",1,"Department of Education",2,SC,0,0,0,0,0,0,0,4,4,2,8,5,2,8,0,0,0,0,0,5,9,9,5,3,11,9
2019-20,33,Tamilnadu,3324,MADURAI,332408,MELUR,Urban,5,cat5,"HSS (VI-XII)",1,"Department of Education",2,SC,0,0,0,0,0,0,0,15,10,5,28,23,103,67,0,0,0,0,0,57,58,53,127,135,148,144
2019-20,33,Tamilnadu,3324,MADURAI,332409,SEDAPATTI,Urban,5,cat5,"HSS (VI-XII)",1,"Department of Education",2,SC,0,0,0,0,0,0,0,11,14,18,36,34,52,74,0,0,0,0,0,30,37,24,80,58,61,62
2019-20,33,Tamilnadu,3324,MADURAI,332410,THIRUMANGALAM,Urban,5,cat5,"HSS (VI-XII)",1,"Department of Education",2,SC,0,0,0,0,0,0,0,9,7,10,9,7,37,20,0,0,0,0,0,36,40,49,61,60,88,91
2019-20,33,Tamilnadu,3324,MADURAI,332411,THIRUPARAMKUNDRAM,Urban,5,cat5,"HSS (VI-XII)",1,"Department of Education",2,SC,0,0,0,0,0,0,0,17,16,18,24,14,16,10,0,0,0,0,0,6,9,7,9,6,4,5
2019-20,33,Tamilnadu,3324,MADURAI,332412,USILAMPATTI,Urban,5,cat5,"HSS (VI-XII)",1,"Department of Education",2,SC,0,0,0,0,0,0,0,3,5,5,11,8,25,21,0,0,0,0,0,0,0,0,0,0,0,0
2019-20,33,Tamilnadu,3324,MADURAI,332413,T.VADIPATTI,Urban,5,cat5,"HSS (VI-XII)",1,"Department of Education",2,SC,0,0,0,0,0,0,0,37,28,42,81,63,90,70,0,0,0,0,0,71,68,78,120,119,134,114
2019-20,33,Tamilnadu,3324,MADURAI,332414,"MADURAI NORTH",Urban,5,cat5,"HSS (VI-XII)",1,"Department of Education",2,SC,0,0,0,0,0,0,0,0,0,0,0,0,0,0,0,0,0,0,0,24,28,26,47,50,61,38
2019-20,33,Tamilnadu,3324,MADURAI,332401,ALANGANALLUR,Rural,5,cat5,"HSS (VI-XII)",2,"Tribal Welfare Department",2,SC,0,0,0,0,0,0,0,2,6,0,4,4,4,4,0,0,0,0,0,2,1,5,2,3,5,10
2019-20,33,Tamilnadu,3324,MADURAI,332406,"MADURAI EAST",Rural,5,cat5,"HSS (VI-XII)",2,"Tribal Welfare Department",2,SC,0,0,0,0,0,0,0,6,7,9,18,11,11,9,0,0,0,0,0,6,6,5,15,7,17,14
2019-20,33,Tamilnadu,3324,MADURAI,332413,T.VADIPATTI,Rural,5,cat5,"HSS (VI-XII)",2,"Tribal Welfare Department",2,SC,0,0,0,0,0,0,0,11,8,11,21,11,36,26,0,0,0,0,0,11,4,8,13,14,16,18
2019-20,33,Tamilnadu,3324,MADURAI,332407,"MADURAI WEST",Rural,5,cat5,"HSS (VI-XII)",3,"Local body",2,SC,0,0,0,0,0,0,0,0,0,0,0,0,0,0,0,0,0,0,0,8,16,24,42,45,86,103
2019-20,33,Tamilnadu,3324,MADURAI,332406,"MADURAI EAST",Urban,5,cat5,"HSS (VI-XII)",3,"Local body",2,SC,0,0,0,0,0,0,0,22,13,20,49,48,80,45,0,0,0,0,0,19,14,14,24,32,37,33
2019-20,33,Tamilnadu,3324,MADURAI,332407,"MADURAI WEST",Urban,5,cat5,"HSS (VI-XII)",3,"Local body",2,SC,0,0,0,0,0,0,0,15,15,17,33,22,19,32,0,0,0,0,0,6,8,8,7,8,10,6
2019-20,33,Tamilnadu,3324,MADURAI,332411,THIRUPARAMKUNDRAM,Urban,5,cat5,"HSS (VI-XII)",3,"Local body",2,SC,0,0,0,0,0,0,0,0,0,0,0,0,0,0,0,0,0,0,0,17,9,14,14,8,18,14
2019-20,33,Tamilnadu,3324,MADURAI,332414,"MADURAI NORTH",Urban,5,cat5,"HSS (VI-XII)",3,"Local body",2,SC,0,0,0,0,0,0,0,1,1,0,2,3,3,4,0,0,0,0,0,6,11,6,7,12,17,31
2019-20,33,Tamilnadu,3324,MADURAI,332415,"MADURAI SOUTH",Urban,5,cat5,"HSS (VI-XII)",3,"Local body",2,SC,0,0,0,0,0,0,0,7,11,9,26,11,16,9,0,0,0,0,0,26,34,34,75,77,119,104
2019-20,33,Tamilnadu,3324,MADURAI,332401,ALANGANALLUR,Rural,5,cat5,"HSS (VI-XII)",4,"Government Aided",2,SC,0,0,0,0,0,0,0,4,9,8,8,6,16,4,0,0,0,0,0,1,1,0,1,5,1,1
2019-20,33,Tamilnadu,3324,MADURAI,332402,CHELLAMPATTI,Rural,5,cat5,"HSS (VI-XII)",4,"Government Aided",2,SC,0,0,0,0,0,0,0,15,12,12,24,15,16,6,0,0,0,0,0,8,8,6,12,8,4,5
2019-20,33,Tamilnadu,3324,MADURAI,332403,KALLIKUDI,Rural,5,cat5,"HSS (VI-XII)",4,"Government Aided",2,SC,0,0,0,0,0,0,0,6,13,17,18,16,12,12,0,0,0,0,0,10,11,13,13,15,9,4
2019-20,33,Tamilnadu,3324,MADURAI,332404,T.KALLUPATTI,Rural,5,cat5,"HSS (VI-XII)",4,"Government Aided",2,SC,0,0,0,0,0,0,0,16,19,20,38,31,32,24,0,0,0,0,0,15,10,13,22,16,19,14
2019-20,33,Tamilnadu,3324,MADURAI,332406,"MADURAI EAST",Rural,5,cat5,"HSS (VI-XII)",4,"Government Aided",2,SC,0,0,0,0,0,0,0,31,28,24,16,15,0,0,0,0,0,0,0,28,23,19,22,16,17,0
2019-20,33,Tamilnadu,3324,MADURAI,332407,"MADURAI WEST",Rural,5,cat5,"HSS (VI-XII)",4,"Government Aided",2,SC,0,0,0,0,0,0,0,9,14,7,14,17,10,12,0,0,0,0,0,2,3,6,5,7,4,2
2019-20,33,Tamilnadu,3324,MADURAI,332409,SEDAPATTI,Rural,5,cat5,"HSS (VI-XII)",4,"Government Aided",2,SC,0,0,0,0,0,0,0,60,53,56,80,50,49,38,0,0,0,0,0,36,30,33,33,42,41,43
2019-20,33,Tamilnadu,3324,MADURAI,332410,THIRUMANGALAM,Rural,5,cat5,"HSS (VI-XII)",4,"Government Aided",2,SC,0,0,0,0,0,0,0,6,4,9,25,33,16,18,0,0,0,0,0,9,7,24,37,36,24,25
2019-20,33,Tamilnadu,3324,MADURAI,332411,THIRUPARAMKUNDRAM,Rural,5,cat5,"HSS (VI-XII)",4,"Government Aided",2,SC,0,0,0,0,0,0,0,32,65,50,69,73,65,53,0,0,0,0,0,75,67,92,117,93,125,102
2019-20,33,Tamilnadu,3324,MADURAI,332413,T.VADIPATTI,Rural,5,cat5,"HSS (VI-XII)",4,"Government Aided",2,SC,0,0,0,0,0,0,0,11,8,7,8,8,18,9,0,0,0,0,0,0,0,0,0,0,0,0
2019-20,33,Tamilnadu,3324,MADURAI,332414,"MADURAI NORTH",Rural,5,cat5,"HSS (VI-XII)",4,"Government Aided",2,SC,0,0,0,0,0,0,0,1,0,4,17,11,4,7,0,0,0,0,0,4,1,1,8,5,2,4
2019-20,33,Tamilnadu,3324,MADURAI,332415,"MADURAI SOUTH",Rural,5,cat5,"HSS (VI-XII)",4,"Government Aided",2,SC,0,0,0,0,0,0,0,14,18,9,15,3,18,23,0,0,0,0,0,0,0,0,0,0,0,0
2019-20,33,Tamilnadu,3324,MADURAI,332404,T.KALLUPATTI,Urban,5,cat5,"HSS (VI-XII)",4,"Government Aided",2,SC,0,0,0,0,0,0,0,19,17,23,18,23,17,13,0,0,0,0,0,20,20,18,11,19,21,16
2019-20,33,Tamilnadu,3324,MADURAI,332406,"MADURAI EAST",Urban,5,cat5,"HSS (VI-XII)",4,"Government Aided",2,SC,0,0,0,0,0,0,0,36,43,53,87,74,89,69,0,0,0,0,0,3,7,7,3,4,3,1
2019-20,33,Tamilnadu,3324,MADURAI,332407,"MADURAI WEST",Urban,5,cat5,"HSS (VI-XII)",4,"Government Aided",2,SC,0,0,0,0,0,0,0,26,34,27,51,52,50,39,0,0,0,0,0,86,103,101,149,131,140,163
2019-20,33,Tamilnadu,3324,MADURAI,332410,THIRUMANGALAM,Urban,5,cat5,"HSS (VI-XII)",4,"Government Aided",2,SC,0,0,0,0,0,0,0,50,52,48,51,45,50,44,0,0,0,0,0,39,37,35,46,39,39,45
2019-20,33,Tamilnadu,3324,MADURAI,332411,THIRUPARAMKUNDRAM,Urban,5,cat5,"HSS (VI-XII)",4,"Government Aided",2,SC,0,0,0,0,0,0,0,68,78,85,144,90,103,91,0,0,0,0,0,64,91,98,93,84,125,84
2019-20,33,Tamilnadu,3324,MADURAI,332412,USILAMPATTI,Urban,5,cat5,"HSS (VI-XII)",4,"Government Aided",2,SC,0,0,0,0,0,0,0,46,35,46,49,43,45,37,0,0,0,0,0,65,68,101,101,124,118,107
2019-20,33,Tamilnadu,3324,MADURAI,332414,"MADURAI NORTH",Urban,5,cat5,"HSS (VI-XII)",4,"Government Aided",2,SC,0,0,0,0,0,0,0,105,124,149,342,318,283,281,0,0,0,0,0,39,33,42,77,66,64,63
2019-20,33,Tamilnadu,3324,MADURAI,332415,"MADURAI SOUTH",Urban,5,cat5,"HSS (VI-XII)",4,"Government Aided",2,SC,0,0,0,0,0,0,0,162,161,154,205,150,165,149,0,0,0,0,0,123,162,159,266,216,325,314
2019-20,33,Tamilnadu,3324,MADURAI,332407,"MADURAI WEST",Rural,5,cat5,"HSS (VI-XII)",5,"Private Unaided (Recognized)",2,SC,0,0,0,0,0,0,0,2,1,4,4,4,3,2,0,0,0,0,0,0,4,1,1,1,3,10
2019-20,33,Tamilnadu,3324,MADURAI,332408,MELUR,Rural,5,cat5,"HSS (VI-XII)",5,"Private Unaided (Recognized)",2,SC,0,0,0,0,0,0,0,1,0,4,7,4,5,5,0,0,0,0,0,0,0,0,0,1,5,3
2019-20,33,Tamilnadu,3324,MADURAI,332410,THIRUMANGALAM,Rural,5,cat5,"HSS (VI-XII)",5,"Private Unaided (Recognized)",2,SC,0,0,0,0,0,0,0,10,13,7,9,10,1,9,0,0,0,0,0,8,5,7,2,8,3,6
2019-20,33,Tamilnadu,3324,MADURAI,332411,THIRUPARAMKUNDRAM,Rural,5,cat5,"HSS (VI-XII)",5,"Private Unaided (Recognized)",2,SC,0,0,0,0,0,0,0,0,1,2,0,1,0,0,0,0,0,0,0,3,1,3,0,4,1,2
2019-20,33,Tamilnadu,3324,MADURAI,332412,USILAMPATTI,Rural,5,cat5,"HSS (VI-XII)",5,"Private Unaided (Recognized)",2,SC,0,0,0,0,0,0,0,2,2,1,4,7,2,3,0,0,0,0,0,4,1,2,1,1,0,1
2019-20,33,Tamilnadu,3324,MADURAI,332407,"MADURAI WEST",Urban,5,cat5,"HSS (VI-XII)",5,"Private Unaided (Recognized)",2,SC,0,0,0,0,0,0,0,7,14,14,18,21,18,24,0,0,0,0,0,6,2,7,11,8,11,21
2019-20,33,Tamilnadu,3324,MADURAI,332410,THIRUMANGALAM,Urban,5,cat5,"HSS (VI-XII)",5,"Private Unaided (Recognized)",2,SC,0,0,0,0,0,0,0,14,9,11,18,20,15,7,0,0,0,0,0,5,7,6,4,3,2,1
2019-20,33,Tamilnadu,3324,MADURAI,332411,THIRUPARAMKUNDRAM,Urban,5,cat5,"HSS (VI-XII)",5,"Private Unaided (Recognized)",2,SC,0,0,0,0,0,0,0,0,0,0,0,3,0,0,0,0,0,0,0,0,0,0,2,0,0,0
2019-20,33,Tamilnadu,3324,MADURAI,332402,CHELLAMPATTI,Rural,5,cat5,"HSS (VI-XII)",90,"Social welfare Department",2,SC,0,0,0,0,0,0,0,42,42,40,50,42,61,46,0,0,0,0,0,51,46,50,44,54,50,47
2019-20,33,Tamilnadu,3324,MADURAI,332409,SEDAPATTI,Rural,5,cat5,"HSS (VI-XII)",90,"Social welfare Department",2,SC,0,0,0,0,0,0,0,4,7,8,8,10,7,7,0,0,0,0,0,3,5,14,13,12,10,7
2019-20,33,Tamilnadu,3324,MADURAI,332410,THIRUMANGALAM,Rural,5,cat5,"HSS (VI-XII)",90,"Social welfare Department",2,SC,0,0,0,0,0,0,0,33,17,27,47,26,41,31,0,0,0,0,0,32,17,28,23,23,49,38
2019-20,33,Tamilnadu,3324,MADURAI,332412,USILAMPATTI,Rural,5,cat5,"HSS (VI-XII)",90,"Social welfare Department",2,SC,0,0,0,0,0,0,0,5,6,8,16,9,3,10,0,0,0,0,0,6,6,4,6,4,6,5
2019-20,33,Tamilnadu,3324,MADURAI,332413,T.VADIPATTI,Rural,5,cat5,"HSS (VI-XII)",90,"Social welfare Department",2,SC,0,0,0,0,0,0,0,8,9,9,6,7,14,9,0,0,0,0,0,8,4,7,8,13,4,9
2019-20,33,Tamilnadu,3324,MADURAI,332401,ALANGANALLUR,Rural,1,cat1,"PS (I-V)",1,"Department of Education",2,SC,0,0,70,66,72,64,67,0,0,0,0,0,0,0,52,57,57,70,75,0,0,0,0,0,0,0
2019-20,33,Tamilnadu,3324,MADURAI,332402,CHELLAMPATTI,Rural,1,cat1,"PS (I-V)",1,"Department of Education",2,SC,0,0,34,36,34,33,38,0,0,0,0,0,0,0,34,25,38,30,38,0,0,0,0,0,0,0
2019-20,33,Tamilnadu,3324,MADURAI,332403,KALLIKUDI,Rural,1,cat1,"PS (I-V)",1,"Department of Education",2,SC,0,0,56,58,63,75,74,0,0,0,0,0,0,0,58,61,66,55,65,0,0,0,0,0,0,0
2019-20,33,Tamilnadu,3324,MADURAI,332404,T.KALLUPATTI,Rural,1,cat1,"PS (I-V)",1,"Department of Education",2,SC,0,0,38,51,40,50,50,0,0,0,0,0,0,0,38,46,49,40,40,0,0,0,0,0,0,0
2019-20,33,Tamilnadu,3324,MADURAI,332405,KOTTAMPATTI,Rural,1,cat1,"PS (I-V)",1,"Department of Education",2,SC,0,0,56,91,82,90,70,0,0,0,0,0,0,0,67,84,69,85,79,0,0,0,0,0,0,0
2019-20,33,Tamilnadu,3324,MADURAI,332406,"MADURAI EAST",Rural,1,cat1,"PS (I-V)",1,"Department of Education",2,SC,0,0,78,109,108,114,115,0,0,0,0,0,0,0,102,115,108,97,104,0,0,0,0,0,0,0
2019-20,33,Tamilnadu,3324,MADURAI,332407,"MADURAI WEST",Rural,1,cat1,"PS (I-V)",1,"Department of Education",2,SC,0,0,95,114,149,151,124,0,0,0,0,0,0,0,112,126,126,123,134,0,0,0,0,0,0,0
2019-20,33,Tamilnadu,3324,MADURAI,332408,MELUR,Rural,1,cat1,"PS (I-V)",1,"Department of Education",2,SC,0,0,81,77,108,106,102,0,0,0,0,0,0,0,86,88,113,97,97,0,0,0,0,0,0,0
2019-20,33,Tamilnadu,3324,MADURAI,332409,SEDAPATTI,Rural,1,cat1,"PS (I-V)",1,"Department of Education",2,SC,0,0,52,71,65,59,61,0,0,0,0,0,0,0,54,50,60,74,71,0,0,0,0,0,0,0
2019-20,33,Tamilnadu,3324,MADURAI,332410,THIRUMANGALAM,Rural,1,cat1,"PS (I-V)",1,"Department of Education",2,SC,0,0,38,49,52,46,47,0,0,0,0,0,0,0,39,60,47,56,47,0,0,0,0,0,0,0
2019-20,33,Tamilnadu,3324,MADURAI,332411,THIRUPARAMKUNDRAM,Rural,1,cat1,"PS (I-V)",1,"Department of Education",2,SC,0,0,72,86,120,81,83,0,0,0,0,0,0,0,86,92,100,91,91,0,0,0,0,0,0,0
2019-20,33,Tamilnadu,3324,MADURAI,332412,USILAMPATTI,Rural,1,cat1,"PS (I-V)",1,"Department of Education",2,SC,0,0,23,20,36,33,23,0,0,0,0,0,0,0,26,28,25,19,20,0,0,0,0,0,0,0
2019-20,33,Tamilnadu,3324,MADURAI,332413,T.VADIPATTI,Rural,1,cat1,"PS (I-V)",1,"Department of Education",2,SC,0,0,45,57,59,51,50,0,0,0,0,0,0,0,54,56,45,65,54,0,0,0,0,0,0,0
2019-20,33,Tamilnadu,3324,MADURAI,332401,ALANGANALLUR,Urban,1,cat1,"PS (I-V)",1,"Department of Education",2,SC,0,0,20,21,34,31,12,0,0,0,0,0,0,0,27,21,30,26,36,0,0,0,0,0,0,0
2019-20,33,Tamilnadu,3324,MADURAI,332404,T.KALLUPATTI,Urban,1,cat1,"PS (I-V)",1,"Department of Education",2,SC,0,0,3,1,3,3,2,0,0,0,0,0,0,0,3,4,5,6,5,0,0,0,0,0,0,0
2019-20,33,Tamilnadu,3324,MADURAI,332406,"MADURAI EAST",Urban,1,cat1,"PS (I-V)",1,"Department of Education",2,SC,0,0,1,2,0,2,5,0,0,0,0,0,0,0,1,0,4,1,2,0,0,0,0,0,0,0
2019-20,33,Tamilnadu,3324,MADURAI,332407,"MADURAI WEST",Urban,1,cat1,"PS (I-V)",1,"Department of Education",2,SC,0,0,6,19,20,22,23,0,0,0,0,0,0,0,22,18,16,22,20,0,0,0,0,0,0,0
2019-20,33,Tamilnadu,3324,MADURAI,332408,MELUR,Urban,1,cat1,"PS (I-V)",1,"Department of Education",2,SC,0,0,0,0,1,0,0,0,0,0,0,0,0,0,0,2,0,2,2,0,0,0,0,0,0,0
2019-20,33,Tamilnadu,3324,MADURAI,332409,SEDAPATTI,Urban,1,cat1,"PS (I-V)",1,"Department of Education",2,SC,0,0,3,1,3,2,1,0,0,0,0,0,0,0,2,4,0,2,2,0,0,0,0,0,0,0
2019-20,33,Tamilnadu,3324,MADURAI,332411,THIRUPARAMKUNDRAM,Urban,1,cat1,"PS (I-V)",1,"Department of Education",2,SC,0,0,31,26,19,20,26,0,0,0,0,0,0,0,24,33,27,33,25,0,0,0,0,0,0,0
2019-20,33,Tamilnadu,3324,MADURAI,332413,T.VADIPATTI,Urban,1,cat1,"PS (I-V)",1,"Department of Education",2,SC,0,0,16,17,26,15,21,0,0,0,0,0,0,0,16,16,27,19,27,0,0,0,0,0,0,0
2019-20,33,Tamilnadu,3324,MADURAI,332401,ALANGANALLUR,Rural,1,cat1,"PS (I-V)",2,"Tribal Welfare Department",2,SC,0,0,3,2,2,2,4,0,0,0,0,0,0,0,2,1,2,3,3,0,0,0,0,0,0,0
2019-20,33,Tamilnadu,3324,MADURAI,332406,"MADURAI EAST",Rural,1,cat1,"PS (I-V)",2,"Tribal Welfare Department",2,SC,0,0,9,7,13,6,7,0,0,0,0,0,0,0,7,12,13,16,12,0,0,0,0,0,0,0
2019-20,33,Tamilnadu,3324,MADURAI,332407,"MADURAI WEST",Rural,1,cat1,"PS (I-V)",2,"Tribal Welfare Department",2,SC,0,0,1,1,3,2,0,0,0,0,0,0,0,0,0,1,2,2,2,0,0,0,0,0,0,0
2019-20,33,Tamilnadu,3324,MADURAI,332409,SEDAPATTI,Rural,1,cat1,"PS (I-V)",2,"Tribal Welfare Department",2,SC,0,0,7,6,7,8,16,0,0,0,0,0,0,0,11,11,8,8,7,0,0,0,0,0,0,0
2019-20,33,Tamilnadu,3324,MADURAI,332413,T.VADIPATTI,Rural,1,cat1,"PS (I-V)",2,"Tribal Welfare Department",2,SC,0,0,5,3,9,4,7,0,0,0,0,0,0,0,7,4,6,7,6,0,0,0,0,0,0,0
2019-20,33,Tamilnadu,3324,MADURAI,332406,"MADURAI EAST",Rural,1,cat1,"PS (I-V)",3,"Local body",2,SC,0,0,0,0,0,0,0,0,0,0,0,0,0,0,0,1,0,0,0,0,0,0,0,0,0,0
2019-20,33,Tamilnadu,3324,MADURAI,332408,MELUR,Rural,1,cat1,"PS (I-V)",3,"Local body",2,SC,0,0,4,3,0,4,1,0,0,0,0,0,0,0,2,2,3,2,4,0,0,0,0,0,0,0
2019-20,33,Tamilnadu,3324,MADURAI,332406,"MADURAI EAST",Urban,1,cat1,"PS (I-V)",3,"Local body",2,SC,18,12,8,4,8,3,4,0,0,0,0,0,0,0,7,5,7,8,4,0,0,0,0,0,0,0
2019-20,33,Tamilnadu,3324,MADURAI,332407,"MADURAI WEST",Urban,1,cat1,"PS (I-V)",3,"Local body",2,SC,4,6,13,9,7,9,6,0,0,0,0,0,0,0,11,9,10,9,12,0,0,0,0,0,0,0
2019-20,33,Tamilnadu,3324,MADURAI,332408,MELUR,Urban,1,cat1,"PS (I-V)",3,"Local body",2,SC,0,0,4,5,7,7,3,0,0,0,0,0,0,0,3,5,6,4,2,0,0,0,0,0,0,0
2019-20,33,Tamilnadu,3324,MADURAI,332410,THIRUMANGALAM,Urban,1,cat1,"PS (I-V)",3,"Local body",2,SC,0,0,4,3,3,4,4,0,0,0,0,0,0,0,4,2,5,4,3,0,0,0,0,0,0,0
2019-20,33,Tamilnadu,3324,MADURAI,332411,THIRUPARAMKUNDRAM,Urban,1,cat1,"PS (I-V)",3,"Local body",2,SC,11,6,5,7,7,3,3,0,0,0,0,0,0,0,6,7,5,5,14,0,0,0,0,0,0,0
2019-20,33,Tamilnadu,3324,MADURAI,332414,"MADURAI NORTH",Urban,1,cat1,"PS (I-V)",3,"Local body",2,SC,34,30,14,9,12,13,5,0,0,0,0,0,0,0,10,7,5,4,7,0,0,0,0,0,0,0
2019-20,33,Tamilnadu,3324,MADURAI,332415,"MADURAI SOUTH",Urban,1,cat1,"PS (I-V)",3,"Local body",2,SC,22,24,12,9,12,9,6,0,0,0,0,0,0,0,9,15,14,16,14,0,0,0,0,0,0,0
2019-20,33,Tamilnadu,3324,MADURAI,332401,ALANGANALLUR,Rural,1,cat1,"PS (I-V)",4,"Government Aided",2,SC,0,0,21,14,11,10,24,0,0,0,0,0,0,0,10,11,16,16,12,0,0,0,0,0,0,0
2019-20,33,Tamilnadu,3324,MADURAI,332402,CHELLAMPATTI,Rural,1,cat1,"PS (I-V)",4,"Government Aided",2,SC,0,0,1,4,1,2,1,0,0,0,0,0,0,0,0,0,1,0,0,0,0,0,0,0,0,0
2019-20,33,Tamilnadu,3324,MADURAI,332403,KALLIKUDI,Rural,1,cat1,"PS (I-V)",4,"Government Aided",2,SC,0,0,14,8,20,17,19,0,0,0,0,0,0,0,6,18,9,22,23,0,0,0,0,0,0,0
2019-20,33,Tamilnadu,3324,MADURAI,332404,T.KALLUPATTI,Rural,1,cat1,"PS (I-V)",4,"Government Aided",2,SC,0,0,11,17,22,17,14,0,0,0,0,0,0,0,7,15,15,17,12,0,0,0,0,0,0,0
2019-20,33,Tamilnadu,3324,MADURAI,332405,KOTTAMPATTI,Rural,1,cat1,"PS (I-V)",4,"Government Aided",2,SC,0,0,2,9,4,3,5,0,0,0,0,0,0,0,6,4,8,5,3,0,0,0,0,0,0,0
2019-20,33,Tamilnadu,3324,MADURAI,332406,"MADURAI EAST",Rural,1,cat1,"PS (I-V)",4,"Government Aided",2,SC,0,0,83,66,71,92,86,0,0,0,0,0,0,0,75,79,71,74,69,0,0,0,0,0,0,0
2019-20,33,Tamilnadu,3324,MADURAI,332407,"MADURAI WEST",Rural,1,cat1,"PS (I-V)",4,"Government Aided",2,SC,0,0,21,19,25,22,14,0,0,0,0,0,0,0,20,24,12,24,21,0,0,0,0,0,0,0
2019-20,33,Tamilnadu,3324,MADURAI,332408,MELUR,Rural,1,cat1,"PS (I-V)",4,"Government Aided",2,SC,0,0,3,4,7,7,3,0,0,0,0,0,0,0,4,5,2,2,4,0,0,0,0,0,0,0
2019-20,33,Tamilnadu,3324,MADURAI,332409,SEDAPATTI,Rural,1,cat1,"PS (I-V)",4,"Government Aided",2,SC,0,0,52,50,63,75,60,0,0,0,0,0,0,0,43,53,62,56,74,0,0,0,0,0,0,0
2019-20,33,Tamilnadu,3324,MADURAI,332410,THIRUMANGALAM,Rural,1,cat1,"PS (I-V)",4,"Government Aided",2,SC,0,0,9,14,14,12,8,0,0,0,0,0,0,0,11,8,12,3,8,0,0,0,0,0,0,0
2019-20,33,Tamilnadu,3324,MADURAI,332411,THIRUPARAMKUNDRAM,Rural,1,cat1,"PS (I-V)",4,"Government Aided",2,SC,0,0,15,19,20,33,33,0,0,0,0,0,0,0,19,15,18,28,27,0,0,0,0,0,0,0
2019-20,33,Tamilnadu,3324,MADURAI,332412,USILAMPATTI,Rural,1,cat1,"PS (I-V)",4,"Government Aided",2,SC,0,0,7,8,4,7,3,0,0,0,0,0,0,0,6,4,6,7,6,0,0,0,0,0,0,0
2019-20,33,Tamilnadu,3324,MADURAI,332413,T.VADIPATTI,Rural,1,cat1,"PS (I-V)",4,"Government Aided",2,SC,0,0,8,10,10,9,12,0,0,0,0,0,0,0,9,9,18,5,9,0,0,0,0,0,0,0
2019-20,33,Tamilnadu,3324,MADURAI,332401,ALANGANALLUR,Urban,1,cat1,"PS (I-V)",4,"Government Aided",2,SC,0,0,0,0,0,2,1,0,0,0,0,0,0,0,0,1,0,0,2,0,0,0,0,0,0,0
2019-20,33,Tamilnadu,3324,MADURAI,332404,T.KALLUPATTI,Urban,1,cat1,"PS (I-V)",4,"Government Aided",2,SC,4,8,7,10,15,8,9,0,0,0,0,0,0,0,8,10,8,16,13,0,0,0,0,0,0,0
2019-20,33,Tamilnadu,3324,MADURAI,332406,"MADURAI EAST",Urban,1,cat1,"PS (I-V)",4,"Government Aided",2,SC,0,0,26,29,35,39,41,0,0,0,0,0,0,0,24,25,25,32,25,0,0,0,0,0,0,0
2019-20,33,Tamilnadu,3324,MADURAI,332407,"MADURAI WEST",Urban,1,cat1,"PS (I-V)",4,"Government Aided",2,SC,0,0,12,21,12,11,21,0,0,0,0,0,0,0,15,8,19,17,15,0,0,0,0,0,0,0
2019-20,33,Tamilnadu,3324,MADURAI,332408,MELUR,Urban,1,cat1,"PS (I-V)",4,"Government Aided",2,SC,0,0,10,21,21,16,15,0,0,0,0,0,0,0,17,14,12,23,26,0,0,0,0,0,0,0
2019-20,33,Tamilnadu,3324,MADURAI,332409,SEDAPATTI,Urban,1,cat1,"PS (I-V)",4,"Government Aided",2,SC,0,0,3,6,11,3,6,0,0,0,0,0,0,0,3,5,5,5,8,0,0,0,0,0,0,0
2019-20,33,Tamilnadu,3324,MADURAI,332410,THIRUMANGALAM,Urban,1,cat1,"PS (I-V)",4,"Government Aided",2,SC,0,0,34,32,35,44,40,0,0,0,0,0,0,0,34,22,26,29,36,0,0,0,0,0,0,0
2019-20,33,Tamilnadu,3324,MADURAI,332411,THIRUPARAMKUNDRAM,Urban,1,cat1,"PS (I-V)",4,"Government Aided",2,SC,0,0,30,33,49,52,50,0,0,0,0,0,0,0,23,35,35,45,37,0,0,0,0,0,0,0
2019-20,33,Tamilnadu,3324,MADURAI,332412,USILAMPATTI,Urban,1,cat1,"PS (I-V)",4,"Government Aided",2,SC,9,20,43,37,44,39,33,0,0,0,0,0,0,0,34,25,39,39,42,0,0,0,0,0,0,0
2019-20,33,Tamilnadu,3324,MADURAI,332413,T.VADIPATTI,Urban,1,cat1,"PS (I-V)",4,"Government Aided",2,SC,0,0,30,36,30,32,29,0,0,0,0,0,0,0,29,31,25,31,29,0,0,0,0,0,0,0
2019-20,33,Tamilnadu,3324,MADURAI,332414,"MADURAI NORTH",Urban,1,cat1,"PS (I-V)",4,"Government Aided",2,SC,0,0,22,30,29,26,34,0,0,0,0,0,0,0,34,21,37,32,31,0,0,0,0,0,0,0
2019-20,33,Tamilnadu,3324,MADURAI,332415,"MADURAI SOUTH",Urban,1,cat1,"PS (I-V)",4,"Government Aided",2,SC,0,0,83,70,83,92,94,0,0,0,0,0,0,0,52,52,47,53,43,0,0,0,0,0,0,0
2019-20,33,Tamilnadu,3324,MADURAI,332401,ALANGANALLUR,Rural,1,cat1,"PS (I-V)",5,"Private Unaided (Recognized)",2,SC,68,63,21,20,23,21,20,0,0,0,0,0,0,0,20,23,18,20,11,0,0,0,0,0,0,0
2019-20,33,Tamilnadu,3324,MADURAI,332402,CHELLAMPATTI,Rural,1,cat1,"PS (I-V)",5,"Private Unaided (Recognized)",2,SC,6,5,12,5,7,9,5,0,0,0,0,0,0,0,7,5,6,3,8,0,0,0,0,0,0,0
2019-20,33,Tamilnadu,3324,MADURAI,332403,KALLIKUDI,Rural,1,cat1,"PS (I-V)",5,"Private Unaided (Recognized)",2,SC,9,10,5,8,2,8,1,0,0,0,0,0,0,0,6,3,2,4,3,0,0,0,0,0,0,0
2019-20,33,Tamilnadu,3324,MADURAI,332404,T.KALLUPATTI,Rural,1,cat1,"PS (I-V)",5,"Private Unaided (Recognized)",2,SC,17,14,8,3,7,2,5,0,0,0,0,0,0,0,7,7,3,2,2,0,0,0,0,0,0,0
2019-20,33,Tamilnadu,3324,MADURAI,332405,KOTTAMPATTI,Rural,1,cat1,"PS (I-V)",5,"Private Unaided (Recognized)",2,SC,41,38,15,17,15,11,7,0,0,0,0,0,0,0,19,12,11,12,5,0,0,0,0,0,0,0
2019-20,33,Tamilnadu,3324,MADURAI,332406,"MADURAI EAST",Rural,1,cat1,"PS (I-V)",5,"Private Unaided (Recognized)",2,SC,88,66,44,28,26,27,20,0,0,0,0,0,0,0,32,23,24,19,11,0,0,0,0,0,0,0
2019-20,33,Tamilnadu,3324,MADURAI,332407,"MADURAI WEST",Rural,1,cat1,"PS (I-V)",5,"Private Unaided (Recognized)",2,SC,94,77,25,36,24,19,14,0,0,0,0,0,0,0,52,32,16,24,14,0,0,0,0,0,0,0
2019-20,33,Tamilnadu,3324,MADURAI,332408,MELUR,Rural,1,cat1,"PS (I-V)",5,"Private Unaided (Recognized)",2,SC,98,96,41,36,38,29,29,0,0,0,0,0,0,0,41,28,21,17,16,0,0,0,0,0,0,0
2019-20,33,Tamilnadu,3324,MADURAI,332409,SEDAPATTI,Rural,1,cat1,"PS (I-V)",5,"Private Unaided (Recognized)",2,SC,48,35,22,19,24,13,4,0,0,0,0,0,0,0,15,18,14,5,4,0,0,0,0,0,0,0
2019-20,33,Tamilnadu,3324,MADURAI,332410,THIRUMANGALAM,Rural,1,cat1,"PS (I-V)",5,"Private Unaided (Recognized)",2,SC,39,23,24,24,27,14,15,0,0,0,0,0,0,0,18,24,21,7,13,0,0,0,0,0,0,0
2019-20,33,Tamilnadu,3324,MADURAI,332411,THIRUPARAMKUNDRAM,Rural,1,cat1,"PS (I-V)",5,"Private Unaided (Recognized)",2,SC,92,69,49,42,52,41,25,0,0,0,0,0,0,0,36,37,34,32,32,0,0,0,0,0,0,0
2019-20,33,Tamilnadu,3324,MADURAI,332412,USILAMPATTI,Rural,1,cat1,"PS (I-V)",5,"Private Unaided (Recognized)",2,SC,22,8,12,5,5,0,1,0,0,0,0,0,0,0,6,7,7,1,4,0,0,0,0,0,0,0
2019-20,33,Tamilnadu,3324,MADURAI,332413,T.VADIPATTI,Rural,1,cat1,"PS (I-V)",5,"Private Unaided (Recognized)",2,SC,40,37,17,15,14,14,5,0,0,0,0,0,0,0,15,9,12,11,4,0,0,0,0,0,0,0
2019-20,33,Tamilnadu,3324,MADURAI,332401,ALANGANALLUR,Urban,1,cat1,"PS (I-V)",5,"Private Unaided (Recognized)",2,SC,26,25,11,11,5,3,4,0,0,0,0,0,0,0,11,8,4,8,4,0,0,0,0,0,0,0
2019-20,33,Tamilnadu,3324,MADURAI,332404,T.KALLUPATTI,Urban,1,cat1,"PS (I-V)",5,"Private Unaided (Recognized)",2,SC,28,24,9,12,7,8,7,0,0,0,0,0,0,0,8,12,6,4,2,0,0,0,0,0,0,0
2019-20,33,Tamilnadu,3324,MADURAI,332406,"MADURAI EAST",Urban,1,cat1,"PS (I-V)",5,"Private Unaided (Recognized)",2,SC,101,105,51,43,50,30,28,0,0,0,0,0,0,0,37,41,40,24,29,0,0,0,0,0,0,0
2019-20,33,Tamilnadu,3324,MADURAI,332407,"MADURAI WEST",Urban,1,cat1,"PS (I-V)",5,"Private Unaided (Recognized)",2,SC,135,134,67,41,46,40,30,0,0,0,0,0,0,0,54,34,36,42,38,0,0,0,0,0,0,0
2019-20,33,Tamilnadu,3324,MADURAI,332408,MELUR,Urban,1,cat1,"PS (I-V)",5,"Private Unaided (Recognized)",2,SC,42,31,22,18,19,3,16,0,0,0,0,0,0,0,21,9,10,8,7,0,0,0,0,0,0,0
2019-20,33,Tamilnadu,3324,MADURAI,332409,SEDAPATTI,Urban,1,cat1,"PS (I-V)",5,"Private Unaided (Recognized)",2,SC,12,10,4,5,8,2,3,0,0,0,0,0,0,0,2,1,2,3,5,0,0,0,0,0,0,0
2019-20,33,Tamilnadu,3324,MADURAI,332410,THIRUMANGALAM,Urban,1,cat1,"PS (I-V)",5,"Private Unaided (Recognized)",2,SC,52,62,30,20,21,14,7,0,0,0,0,0,0,0,16,14,13,19,9,0,0,0,0,0,0,0
2019-20,33,Tamilnadu,3324,MADURAI,332411,THIRUPARAMKUNDRAM,Urban,1,cat1,"PS (I-V)",5,"Private Unaided (Recognized)",2,SC,159,121,69,57,60,44,43,0,0,0,0,0,0,0,58,58,48,33,26,0,0,0,0,0,0,0
2019-20,33,Tamilnadu,3324,MADURAI,332413,T.VADIPATTI,Urban,1,cat1,"PS (I-V)",5,"Private Unaided (Recognized)",2,SC,58,43,27,18,19,13,17,0,0,0,0,0,0,0,27,20,21,9,13,0,0,0,0,0,0,0
2019-20,33,Tamilnadu,3324,MADURAI,332414,"MADURAI NORTH",Urban,1,cat1,"PS (I-V)",5,"Private Unaided (Recognized)",2,SC,98,88,46,50,38,34,34,0,0,0,0,0,0,0,29,41,31,26,27,0,0,0,0,0,0,0
2019-20,33,Tamilnadu,3324,MADURAI,332415,"MADURAI SOUTH",Urban,1,cat1,"PS (I-V)",5,"Private Unaided (Recognized)",2,SC,67,79,42,34,46,27,32,0,0,0,0,0,0,0,43,28,46,39,40,0,0,0,0,0,0,0
2019-20,33,Tamilnadu,3324,MADURAI,332402,CHELLAMPATTI,Rural,1,cat1,"PS (I-V)",8,Unrecognized,2,SC,0,1,0,0,0,0,0,0,0,0,0,0,0,0,1,1,0,0,0,0,0,0,0,0,0,0
2019-20,33,Tamilnadu,3324,MADURAI,332403,KALLIKUDI,Rural,1,cat1,"PS (I-V)",8,Unrecognized,2,SC,4,7,4,1,3,0,0,0,0,0,0,0,0,0,0,1,2,0,1,0,0,0,0,0,0,0
2019-20,33,Tamilnadu,3324,MADURAI,332406,"MADURAI EAST",Rural,1,cat1,"PS (I-V)",8,Unrecognized,2,SC,17,13,6,2,1,1,2,0,0,0,0,0,0,0,3,2,2,0,0,0,0,0,0,0,0,0
2019-20,33,Tamilnadu,3324,MADURAI,332407,"MADURAI WEST",Rural,1,cat1,"PS (I-V)",8,Unrecognized,2,SC,1,0,0,0,0,0,0,0,0,0,0,0,0,0,0,0,0,0,0,0,0,0,0,0,0,0
2019-20,33,Tamilnadu,3324,MADURAI,332411,THIRUPARAMKUNDRAM,Rural,1,cat1,"PS (I-V)",8,Unrecognized,2,SC,14,9,5,0,1,1,0,0,0,0,0,0,0,0,0,0,0,0,1,0,0,0,0,0,0,0
2019-20,33,Tamilnadu,3324,MADURAI,332413,T.VADIPATTI,Rural,1,cat1,"PS (I-V)",8,Unrecognized,2,SC,12,8,9,4,1,0,0,0,0,0,0,0,0,0,5,7,0,1,0,0,0,0,0,0,0,0
2019-20,33,Tamilnadu,3324,MADURAI,332415,"MADURAI SOUTH",Rural,1,cat1,"PS (I-V)",8,Unrecognized,2,SC,1,0,0,0,1,0,1,0,0,0,0,0,0,0,0,0,0,0,0,0,0,0,0,0,0,0
2019-20,33,Tamilnadu,3324,MADURAI,332406,"MADURAI EAST",Urban,1,cat1,"PS (I-V)",8,Unrecognized,2,SC,15,9,0,0,2,0,0,0,0,0,0,0,0,0,1,0,0,0,0,0,0,0,0,0,0,0
2019-20,33,Tamilnadu,3324,MADURAI,332407,"MADURAI WEST",Urban,1,cat1,"PS (I-V)",8,Unrecognized,2,SC,9,8,5,1,0,0,0,0,0,0,0,0,0,0,1,0,0,1,0,0,0,0,0,0,0,0
2019-20,33,Tamilnadu,3324,MADURAI,332410,THIRUMANGALAM,Urban,1,cat1,"PS (I-V)",8,Unrecognized,2,SC,0,0,1,3,1,0,0,0,0,0,0,0,0,0,4,1,0,2,0,0,0,0,0,0,0,0
2019-20,33,Tamilnadu,3324,MADURAI,332411,THIRUPARAMKUNDRAM,Urban,1,cat1,"PS (I-V)",8,Unrecognized,2,SC,4,4,0,1,2,0,0,0,0,0,0,0,0,0,1,1,0,0,0,0,0,0,0,0,0,0
2019-20,33,Tamilnadu,3324,MADURAI,332413,T.VADIPATTI,Urban,1,cat1,"PS (I-V)",8,Unrecognized,2,SC,28,16,11,7,2,1,1,0,0,0,0,0,0,0,9,2,3,2,5,0,0,0,0,0,0,0
2019-20,33,Tamilnadu,3324,MADURAI,332414,"MADURAI NORTH",Urban,1,cat1,"PS (I-V)",8,Unrecognized,2,SC,2,4,0,0,0,0,0,0,0,0,0,0,0,0,0,0,0,0,0,0,0,0,0,0,0,0
2019-20,33,Tamilnadu,3324,MADURAI,332415,"MADURAI SOUTH",Urban,1,cat1,"PS (I-V)",8,Unrecognized,2,SC,3,4,2,1,0,4,1,0,0,0,0,0,0,0,0,0,1,2,2,0,0,0,0,0,0,0
2019-20,33,Tamilnadu,3324,MADURAI,332402,CHELLAMPATTI,Rural,1,cat1,"PS (I-V)",90,"Social welfare Department",2,SC,8,6,36,24,40,33,29,0,0,0,0,0,0,0,39,39,46,39,45,0,0,0,0,0,0,0
2019-20,33,Tamilnadu,3324,MADURAI,332409,SEDAPATTI,Rural,1,cat1,"PS (I-V)",90,"Social welfare Department",2,SC,2,3,6,5,5,6,6,0,0,0,0,0,0,0,4,10,10,6,7,0,0,0,0,0,0,0
2019-20,33,Tamilnadu,3324,MADURAI,332410,THIRUMANGALAM,Rural,1,cat1,"PS (I-V)",90,"Social welfare Department",2,SC,13,17,28,27,40,27,37,0,0,0,0,0,0,0,41,41,36,40,23,0,0,0,0,0,0,0
2019-20,33,Tamilnadu,3324,MADURAI,332411,THIRUPARAMKUNDRAM,Rural,1,cat1,"PS (I-V)",90,"Social welfare Department",2,SC,0,0,10,10,9,6,3,0,0,0,0,0,0,0,5,4,8,4,2,0,0,0,0,0,0,0
2019-20,33,Tamilnadu,3324,MADURAI,332412,USILAMPATTI,Rural,1,cat1,"PS (I-V)",90,"Social welfare Department",2,SC,1,0,18,20,36,23,24,0,0,0,0,0,0,0,27,19,28,27,16,0,0,0,0,0,0,0
2019-20,33,Tamilnadu,3324,MADURAI,332413,T.VADIPATTI,Rural,1,cat1,"PS (I-V)",90,"Social welfare Department",2,SC,0,0,7,1,8,4,2,0,0,0,0,0,0,0,8,3,4,1,4,0,0,0,0,0,0,0
2019-20,33,Tamilnadu,3324,MADURAI,332410,THIRUMANGALAM,Urban,1,cat1,"PS (I-V)",90,"Social welfare Department",2,SC,0,0,1,1,1,0,0,0,0,0,0,0,0,0,1,2,0,1,1,0,0,0,0,0,0,0
2019-20,33,Tamilnadu,3324,MADURAI,332413,T.VADIPATTI,Urban,1,cat1,"PS (I-V)",90,"Social welfare Department",2,SC,0,0,0,0,0,0,1,0,0,0,0,0,0,0,1,1,0,0,0,0,0,0,0,0,0,0
2019-20,33,Tamilnadu,3324,MADURAI,332402,CHELLAMPATTI,Rural,6,cat6,"SS (I-X)",5,"Private Unaided (Recognized)",2,SC,12,10,7,3,2,1,3,2,3,2,2,2,0,0,2,4,3,7,4,2,1,2,1,2,0,0
2019-20,33,Tamilnadu,3324,MADURAI,332405,KOTTAMPATTI,Rural,6,cat6,"SS (I-X)",5,"Private Unaided (Recognized)",2,SC,13,8,3,3,0,4,3,3,1,1,0,0,0,0,3,3,3,2,0,2,2,4,0,1,0,0
2019-20,33,Tamilnadu,3324,MADURAI,332406,"MADURAI EAST",Rural,6,cat6,"SS (I-X)",5,"Private Unaided (Recognized)",2,SC,36,29,14,21,19,16,8,17,4,3,8,6,0,0,14,9,17,9,5,4,8,4,1,2,0,0
2019-20,33,Tamilnadu,3324,MADURAI,332407,"MADURAI WEST",Rural,6,cat6,"SS (I-X)",5,"Private Unaided (Recognized)",2,SC,9,5,8,5,3,4,4,5,1,3,2,1,0,0,7,7,5,3,3,3,0,2,1,0,0,0
2019-20,33,Tamilnadu,3324,MADURAI,332408,MELUR,Rural,6,cat6,"SS (I-X)",5,"Private Unaided (Recognized)",2,SC,9,4,1,5,4,1,4,2,0,4,5,2,0,0,2,4,1,2,3,2,0,1,1,0,0,0
2019-20,33,Tamilnadu,3324,MADURAI,332409,SEDAPATTI,Rural,6,cat6,"SS (I-X)",5,"Private Unaided (Recognized)",2,SC,15,15,12,5,10,8,4,2,3,3,0,0,0,0,7,10,5,8,2,1,1,1,0,0,0,0
2019-20,33,Tamilnadu,3324,MADURAI,332411,THIRUPARAMKUNDRAM,Rural,6,cat6,"SS (I-X)",5,"Private Unaided (Recognized)",2,SC,26,11,22,21,21,19,14,9,8,8,9,6,0,0,10,13,11,15,7,10,5,3,4,4,0,0
2019-20,33,Tamilnadu,3324,MADURAI,332412,USILAMPATTI,Rural,6,cat6,"SS (I-X)",5,"Private Unaided (Recognized)",2,SC,16,11,6,6,5,5,2,2,2,4,0,2,0,0,6,9,5,6,1,4,2,2,0,0,0,0
2019-20,33,Tamilnadu,3324,MADURAI,332413,T.VADIPATTI,Rural,6,cat6,"SS (I-X)",5,"Private Unaided (Recognized)",2,SC,4,6,3,0,2,3,1,1,1,0,1,0,0,0,1,3,2,1,0,0,0,1,1,0,0,0
2019-20,33,Tamilnadu,3324,MADURAI,332414,"MADURAI NORTH",Rural,6,cat6,"SS (I-X)",5,"Private Unaided (Recognized)",2,SC,7,15,7,4,4,4,10,6,1,1,1,3,0,0,9,3,6,5,4,6,5,2,0,1,0,0
2019-20,33,Tamilnadu,3324,MADURAI,332406,"MADURAI EAST",Urban,6,cat6,"SS (I-X)",5,"Private Unaided (Recognized)",2,SC,19,11,6,7,5,8,12,5,0,4,0,1,0,0,7,4,11,10,8,5,9,2,11,9,0,0
2019-20,33,Tamilnadu,3324,MADURAI,332407,"MADURAI WEST",Urban,6,cat6,"SS (I-X)",5,"Private Unaided (Recognized)",2,SC,37,48,20,20,16,18,14,18,14,18,14,13,0,0,25,23,16,19,17,15,17,15,16,20,0,0
2019-20,33,Tamilnadu,3324,MADURAI,332408,MELUR,Urban,6,cat6,"SS (I-X)",5,"Private Unaided (Recognized)",2,SC,5,1,3,1,3,1,4,0,2,2,0,2,0,0,0,1,3,0,2,1,0,0,0,0,0,0
2019-20,33,Tamilnadu,3324,MADURAI,332411,THIRUPARAMKUNDRAM,Urban,6,cat6,"SS (I-X)",5,"Private Unaided (Recognized)",2,SC,46,27,13,17,14,20,16,12,10,12,5,8,0,0,6,11,15,20,13,9,7,3,2,2,0,0
2019-20,33,Tamilnadu,3324,MADURAI,332413,T.VADIPATTI,Urban,6,cat6,"SS (I-X)",5,"Private Unaided (Recognized)",2,SC,21,10,6,10,7,4,7,3,10,5,4,4,0,0,4,8,5,3,12,2,2,2,4,2,0,0
2019-20,33,Tamilnadu,3324,MADURAI,332414,"MADURAI NORTH",Urban,6,cat6,"SS (I-X)",5,"Private Unaided (Recognized)",2,SC,19,17,15,15,7,7,8,17,10,7,6,7,0,0,9,6,8,6,6,5,7,6,4,5,0,0
2019-20,33,Tamilnadu,3324,MADURAI,332415,"MADURAI SOUTH",Urban,6,cat6,"SS (I-X)",5,"Private Unaided (Recognized)",2,SC,1,2,2,1,2,3,0,0,2,0,0,1,0,0,0,0,1,1,1,0,0,0,0,0,0,0
2019-20,33,Tamilnadu,3324,MADURAI,332406,"MADURAI EAST",Urban,6,cat6,"SS (I-X)",8,Unrecognized,2,SC,0,0,0,0,0,0,0,0,0,0,1,0,0,0,0,0,0,0,0,0,0,0,0,0,0,0
2019-20,33,Tamilnadu,3324,MADURAI,332410,THIRUMANGALAM,Urban,6,cat6,"SS (I-X)",8,Unrecognized,2,SC,5,5,5,3,2,3,0,0,0,1,0,1,0,0,2,5,2,4,0,2,0,0,0,0,0,0
2019-20,33,Tamilnadu,3324,MADURAI,332410,THIRUMANGALAM,Rural,6,cat6,"SS (I-X)",90,"Social welfare Department",2,SC,0,0,5,1,3,2,6,2,2,0,3,3,0,0,3,1,4,3,1,1,0,5,4,3,0,0
2019-20,33,Tamilnadu,3324,MADURAI,332407,"MADURAI WEST",Urban,6,cat6,"SS (I-X)",90,"Social welfare Department",2,SC,0,0,0,1,1,0,4,0,3,0,1,1,0,0,0,1,0,0,1,1,2,1,1,3,0,0
2019-20,33,Tamilnadu,3324,MADURAI,332411,THIRUPARAMKUNDRAM,Urban,6,cat6,"SS (I-X)",90,"Social welfare Department",2,SC,0,0,0,1,0,0,0,0,0,0,0,0,0,0,0,0,0,0,0,0,0,0,0,0,0,0
2019-20,33,Tamilnadu,3324,MADURAI,332404,T.KALLUPATTI,Rural,8,cat8,"SS (IX-X)",1,"Department of Education",2,SC,0,0,0,0,0,0,0,0,0,0,12,9,0,0,0,0,0,0,0,0,0,0,6,6,0,0
2019-20,33,Tamilnadu,3324,MADURAI,332401,ALANGANALLUR,Rural,7,cat7,"SS (VI-X)",1,"Department of Education",2,SC,0,0,0,0,0,0,0,24,13,14,19,14,0,0,0,0,0,0,0,15,13,10,13,7,0,0
2019-20,33,Tamilnadu,3324,MADURAI,332402,CHELLAMPATTI,Rural,7,cat7,"SS (VI-X)",1,"Department of Education",2,SC,0,0,0,0,0,0,0,6,5,7,5,3,0,0,0,0,0,0,0,0,5,8,3,5,0,0
2019-20,33,Tamilnadu,3324,MADURAI,332403,KALLIKUDI,Rural,7,cat7,"SS (VI-X)",1,"Department of Education",2,SC,0,0,0,0,0,0,0,18,18,15,17,18,0,0,0,0,0,0,0,21,26,20,21,18,0,0
2019-20,33,Tamilnadu,3324,MADURAI,332404,T.KALLUPATTI,Rural,7,cat7,"SS (VI-X)",1,"Department of Education",2,SC,0,0,0,0,0,0,0,2,13,3,10,5,0,0,0,0,0,0,0,5,12,3,6,5,0,0
2019-20,33,Tamilnadu,3324,MADURAI,332405,KOTTAMPATTI,Rural,7,cat7,"SS (VI-X)",1,"Department of Education",2,SC,0,0,0,0,0,0,0,9,5,13,11,12,0,0,0,0,0,0,0,16,20,8,19,15,0,0
2019-20,33,Tamilnadu,3324,MADURAI,332406,"MADURAI EAST",Rural,7,cat7,"SS (VI-X)",1,"Department of Education",2,SC,0,0,0,0,0,0,0,66,59,56,54,49,0,0,0,0,0,0,0,42,37,44,47,47,0,0
2019-20,33,Tamilnadu,3324,MADURAI,332407,"MADURAI WEST",Rural,7,cat7,"SS (VI-X)",1,"Department of Education",2,SC,0,0,0,0,0,0,0,56,67,57,83,62,0,0,0,0,0,0,0,31,40,47,63,58,0,0
2019-20,33,Tamilnadu,3324,MADURAI,332408,MELUR,Rural,7,cat7,"SS (VI-X)",1,"Department of Education",2,SC,0,0,0,0,0,0,0,12,11,16,16,5,0,0,0,0,0,0,0,9,14,11,7,5,0,0
2019-20,33,Tamilnadu,3324,MADURAI,332409,SEDAPATTI,Rural,7,cat7,"SS (VI-X)",1,"Department of Education",2,SC,0,0,0,0,0,0,0,38,29,21,36,27,0,0,0,0,0,0,0,30,34,28,17,17,0,0
2019-20,33,Tamilnadu,3324,MADURAI,332410,THIRUMANGALAM,Rural,7,cat7,"SS (VI-X)",1,"Department of Education",2,SC,0,0,0,0,0,0,0,11,11,11,5,5,0,0,0,0,0,0,0,5,8,5,8,9,0,0
2019-20,33,Tamilnadu,3324,MADURAI,332411,THIRUPARAMKUNDRAM,Rural,7,cat7,"SS (VI-X)",1,"Department of Education",2,SC,0,0,0,0,0,0,0,73,65,81,82,55,0,0,0,0,0,0,0,69,68,70,61,51,0,0
2019-20,33,Tamilnadu,3324,MADURAI,332412,USILAMPATTI,Rural,7,cat7,"SS (VI-X)",1,"Department of Education",2,SC,0,0,0,0,0,0,0,12,16,16,11,17,0,0,0,0,0,0,0,11,11,9,8,3,0,0
2019-20,33,Tamilnadu,3324,MADURAI,332413,T.VADIPATTI,Rural,7,cat7,"SS (VI-X)",1,"Department of Education",2,SC,0,0,0,0,0,0,0,21,20,19,24,16,0,0,0,0,0,0,0,25,32,24,19,23,0,0
2019-20,33,Tamilnadu,3324,MADURAI,332406,"MADURAI EAST",Urban,7,cat7,"SS (VI-X)",1,"Department of Education",2,SC,0,0,0,0,0,0,0,10,12,5,4,3,0,0,0,0,0,0,0,7,7,2,7,6,0,0
2019-20,33,Tamilnadu,3324,MADURAI,332407,"MADURAI WEST",Urban,7,cat7,"SS (VI-X)",1,"Department of Education",2,SC,0,0,0,0,0,0,0,21,32,29,19,16,0,0,0,0,0,0,0,21,19,24,20,29,0,0
2019-20,33,Tamilnadu,3324,MADURAI,332411,THIRUPARAMKUNDRAM,Urban,7,cat7,"SS (VI-X)",1,"Department of Education",2,SC,0,0,0,0,0,0,0,5,3,5,4,2,0,0,0,0,0,0,0,4,5,7,5,7,0,0
2019-20,33,Tamilnadu,3324,MADURAI,332406,"MADURAI EAST",Rural,7,cat7,"SS (VI-X)",2,"Tribal Welfare Department",2,SC,0,0,0,0,0,0,0,5,5,3,3,9,0,0,0,0,0,0,0,3,1,1,3,1,0,0
2019-20,33,Tamilnadu,3324,MADURAI,332407,"MADURAI WEST",Rural,7,cat7,"SS (VI-X)",2,"Tribal Welfare Department",2,SC,0,0,0,0,0,0,0,3,2,4,5,4,0,0,0,0,0,0,0,2,3,7,4,4,0,0
2019-20,33,Tamilnadu,3324,MADURAI,332409,SEDAPATTI,Rural,7,cat7,"SS (VI-X)",2,"Tribal Welfare Department",2,SC,0,0,0,0,0,0,0,5,9,13,12,10,0,0,0,0,0,0,0,6,11,11,6,6,0,0
2019-20,33,Tamilnadu,3324,MADURAI,332408,MELUR,Rural,7,cat7,"SS (VI-X)",3,"Local body",2,SC,0,0,0,0,0,0,0,17,13,7,14,11,0,0,0,0,0,0,0,7,4,1,7,2,0,0
2019-20,33,Tamilnadu,3324,MADURAI,332406,"MADURAI EAST",Urban,7,cat7,"SS (VI-X)",3,"Local body",2,SC,0,0,0,0,0,0,0,0,2,0,2,0,0,0,0,0,0,0,0,1,2,2,3,1,0,0
2019-20,33,Tamilnadu,3324,MADURAI,332407,"MADURAI WEST",Urban,7,cat7,"SS (VI-X)",3,"Local body",2,SC,0,0,0,0,0,0,0,2,3,2,0,4,0,0,0,0,0,0,0,0,0,0,0,0,0,0
2019-20,33,Tamilnadu,3324,MADURAI,332415,"MADURAI SOUTH",Urban,7,cat7,"SS (VI-X)",3,"Local body",2,SC,0,0,0,0,0,0,0,5,5,6,12,11,0,0,0,0,0,0,0,5,3,3,9,10,0,0
2019-20,33,Tamilnadu,3324,MADURAI,332403,KALLIKUDI,Rural,7,cat7,"SS (VI-X)",4,"Government Aided",2,SC,0,0,0,0,0,0,0,7,15,11,13,12,0,0,0,0,0,0,0,7,9,4,7,7,0,0
2019-20,33,Tamilnadu,3324,MADURAI,332404,T.KALLUPATTI,Rural,7,cat7,"SS (VI-X)",4,"Government Aided",2,SC,0,0,0,0,0,0,0,7,1,4,3,0,0,0,0,0,0,0,0,3,0,4,0,0,0,0
2019-20,33,Tamilnadu,3324,MADURAI,332406,"MADURAI EAST",Rural,7,cat7,"SS (VI-X)",4,"Government Aided",2,SC,0,0,0,0,0,0,0,36,33,33,2,0,0,0,0,0,0,0,0,26,31,20,17,11,0,0
2019-20,33,Tamilnadu,3324,MADURAI,332407,"MADURAI WEST",Rural,7,cat7,"SS (VI-X)",4,"Government Aided",2,SC,0,0,0,0,0,0,0,36,45,28,56,34,0,0,0,0,0,0,0,29,41,30,37,37,0,0
2019-20,33,Tamilnadu,3324,MADURAI,332408,MELUR,Rural,7,cat7,"SS (VI-X)",4,"Government Aided",2,SC,0,0,0,0,0,0,0,0,1,2,1,1,0,0,0,0,0,0,0,2,3,1,1,1,0,0
2019-20,33,Tamilnadu,3324,MADURAI,332410,THIRUMANGALAM,Rural,7,cat7,"SS (VI-X)",4,"Government Aided",2,SC,0,0,0,0,0,0,0,9,7,14,9,6,0,0,0,0,0,0,0,9,4,6,8,7,0,0
2019-20,33,Tamilnadu,3324,MADURAI,332415,"MADURAI SOUTH",Rural,7,cat7,"SS (VI-X)",4,"Government Aided",2,SC,0,0,0,0,0,0,0,0,2,2,1,0,0,0,0,0,0,0,0,0,0,1,0,0,0,0
2019-20,33,Tamilnadu,3324,MADURAI,332406,"MADURAI EAST",Urban,7,cat7,"SS (VI-X)",4,"Government Aided",2,SC,0,0,0,0,0,0,0,15,16,5,17,10,0,0,0,0,0,0,0,6,12,20,18,7,0,0
2019-20,33,Tamilnadu,3324,MADURAI,332407,"MADURAI WEST",Urban,7,cat7,"SS (VI-X)",4,"Government Aided",2,SC,0,0,0,0,0,0,0,4,2,2,10,4,0,0,0,0,0,0,0,0,2,3,4,5,0,0
2019-20,33,Tamilnadu,3324,MADURAI,332408,MELUR,Urban,7,cat7,"SS (VI-X)",4,"Government Aided",2,SC,0,0,0,0,0,0,0,36,37,48,99,72,0,0,0,0,0,0,0,18,21,26,22,34,0,0
2019-20,33,Tamilnadu,3324,MADURAI,332410,THIRUMANGALAM,Urban,7,cat7,"SS (VI-X)",4,"Government Aided",2,SC,0,0,0,0,0,0,0,7,5,13,11,9,0,0,0,0,0,0,0,0,2,3,5,5,0,0
2019-20,33,Tamilnadu,3324,MADURAI,332411,THIRUPARAMKUNDRAM,Urban,7,cat7,"SS (VI-X)",4,"Government Aided",2,SC,0,0,0,0,0,0,0,18,13,8,10,2,0,0,0,0,0,0,0,5,6,9,8,1,0,0
2019-20,33,Tamilnadu,3324,MADURAI,332414,"MADURAI NORTH",Urban,7,cat7,"SS (VI-X)",4,"Government Aided",2,SC,0,0,0,0,0,0,0,1,4,0,0,0,0,0,0,0,0,0,0,2,3,0,0,2,0,0
2019-20,33,Tamilnadu,3324,MADURAI,332415,"MADURAI SOUTH",Urban,7,cat7,"SS (VI-X)",4,"Government Aided",2,SC,0,0,0,0,0,0,0,13,11,10,7,5,0,0,0,0,0,0,0,23,15,20,22,20,0,0
2019-20,33,Tamilnadu,3324,MADURAI,332411,THIRUPARAMKUNDRAM,Rural,7,cat7,"SS (VI-X)",5,"Private Unaided (Recognized)",2,SC,0,0,0,0,0,0,0,1,2,2,1,2,0,0,0,0,0,0,0,1,1,2,1,0,0,0
2019-20,33,Tamilnadu,3324,MADURAI,332413,T.VADIPATTI,Rural,7,cat7,"SS (VI-X)",5,"Private Unaided (Recognized)",2,SC,0,0,0,0,0,0,0,24,24,25,11,22,0,0,0,0,0,0,0,17,14,13,5,9,0,0
2019-20,33,Tamilnadu,3324,MADURAI,332406,"MADURAI EAST",Urban,7,cat7,"SS (VI-X)",5,"Private Unaided (Recognized)",2,SC,0,0,0,0,0,0,0,6,19,16,13,17,0,0,0,0,0,0,0,16,4,8,4,8,0,0
2019-20,33,Tamilnadu,3324,MADURAI,332415,"MADURAI SOUTH",Urban,7,cat7,"SS (VI-X)",5,"Private Unaided (Recognized)",2,SC,0,0,0,0,0,0,0,0,0,0,0,0,0,0,0,0,0,0,0,8,4,2,2,2,0,0
2019-20,33,Tamilnadu,3324,MADURAI,332402,CHELLAMPATTI,Rural,7,cat7,"SS (VI-X)",90,"Social welfare Department",2,SC,0,0,0,0,0,0,0,7,3,6,0,0,0,0,0,0,0,0,0,3,3,5,4,0,0,0
2019-20,33,Tamilnadu,3324,MADURAI,332410,THIRUMANGALAM,Rural,7,cat7,"SS (VI-X)",90,"Social welfare Department",2,SC,0,0,0,0,0,0,0,5,5,9,5,6,0,0,0,0,0,0,0,8,9,9,5,4,0,0
2019-20,33,Tamilnadu,3324,MADURAI,332411,THIRUPARAMKUNDRAM,Rural,7,cat7,"SS (VI-X)",90,"Social welfare Department",2,SC,0,0,0,0,0,0,0,5,1,1,2,4,0,0,0,0,0,0,0,2,0,3,0,1,0,0
2019-20,33,Tamilnadu,3324,MADURAI,332412,USILAMPATTI,Rural,7,cat7,"SS (VI-X)",90,"Social welfare Department",2,SC,0,0,0,0,0,0,0,9,22,16,12,11,0,0,0,0,0,0,0,15,18,13,19,11,0,0
2019-20,33,Tamilnadu,3324,MADURAI,332412,USILAMPATTI,Urban,7,cat7,"SS (VI-X)",90,"Social welfare Department",2,SC,0,0,0,0,0,0,0,2,1,1,0,0,0,0,0,0,0,0,0,0,2,2,0,0,0,0
2019-20,33,Tamilnadu,3324,MADURAI,332401,ALANGANALLUR,Rural,2,cat2,"UPS (I-VIII)",1,"Department of Education",2,SC,0,3,38,39,41,41,45,45,40,30,0,0,0,0,40,44,44,35,52,44,43,40,0,0,0,0
2019-20,33,Tamilnadu,3324,MADURAI,332402,CHELLAMPATTI,Rural,2,cat2,"UPS (I-VIII)",1,"Department of Education",2,SC,4,3,8,7,11,15,9,23,14,15,0,0,0,0,4,15,7,20,8,18,10,12,0,0,0,0
2019-20,33,Tamilnadu,3324,MADURAI,332403,KALLIKUDI,Rural,2,cat2,"UPS (I-VIII)",1,"Department of Education",2,SC,13,9,25,18,35,30,33,34,29,24,0,0,0,0,24,20,30,21,35,35,25,32,0,0,0,0
2019-20,33,Tamilnadu,3324,MADURAI,332404,T.KALLUPATTI,Rural,2,cat2,"UPS (I-VIII)",1,"Department of Education",2,SC,6,13,25,26,29,35,21,34,30,44,0,0,0,0,29,26,35,29,28,27,31,25,0,0,0,0
2019-20,33,Tamilnadu,3324,MADURAI,332405,KOTTAMPATTI,Rural,2,cat2,"UPS (I-VIII)",1,"Department of Education",2,SC,7,14,24,32,29,24,25,27,30,25,0,0,0,0,23,21,18,27,24,27,29,24,0,0,0,0
2019-20,33,Tamilnadu,3324,MADURAI,332406,"MADURAI EAST",Rural,2,cat2,"UPS (I-VIII)",1,"Department of Education",2,SC,26,17,32,34,38,48,53,63,72,83,0,0,0,0,26,36,34,35,47,51,53,42,0,0,0,0
2019-20,33,Tamilnadu,3324,MADURAI,332407,"MADURAI WEST",Rural,2,cat2,"UPS (I-VIII)",1,"Department of Education",2,SC,7,6,29,31,26,35,23,30,32,24,0,0,0,0,17,27,28,33,29,32,27,25,0,0,0,0
2019-20,33,Tamilnadu,3324,MADURAI,332408,MELUR,Rural,2,cat2,"UPS (I-VIII)",1,"Department of Education",2,SC,22,29,36,43,27,42,44,47,46,36,0,0,0,0,28,47,55,46,49,43,52,44,0,0,0,0
2019-20,33,Tamilnadu,3324,MADURAI,332409,SEDAPATTI,Rural,2,cat2,"UPS (I-VIII)",1,"Department of Education",2,SC,30,45,25,40,43,34,49,52,57,61,0,0,0,0,27,33,39,49,44,48,42,51,0,0,0,0
2019-20,33,Tamilnadu,3324,MADURAI,332410,THIRUMANGALAM,Rural,2,cat2,"UPS (I-VIII)",1,"Department of Education",2,SC,3,2,37,28,35,31,40,34,37,36,0,0,0,0,26,36,34,35,37,31,44,42,0,0,0,0
2019-20,33,Tamilnadu,3324,MADURAI,332411,THIRUPARAMKUNDRAM,Rural,2,cat2,"UPS (I-VIII)",1,"Department of Education",2,SC,6,5,16,26,25,23,27,26,16,20,0,0,0,0,21,24,28,24,34,29,27,23,0,0,0,0
2019-20,33,Tamilnadu,3324,MADURAI,332412,USILAMPATTI,Rural,2,cat2,"UPS (I-VIII)",1,"Department of Education",2,SC,7,8,19,14,20,13,12,18,15,18,0,0,0,0,13,13,10,17,18,22,12,13,0,0,0,0
2019-20,33,Tamilnadu,3324,MADURAI,332413,T.VADIPATTI,Rural,2,cat2,"UPS (I-VIII)",1,"Department of Education",2,SC,3,5,28,35,23,33,37,38,35,46,0,0,0,0,30,43,27,32,47,38,41,36,0,0,0,0
2019-20,33,Tamilnadu,3324,MADURAI,332401,ALANGANALLUR,Urban,2,cat2,"UPS (I-VIII)",1,"Department of Education",2,SC,0,0,5,4,11,1,7,7,3,4,0,0,0,0,4,1,4,0,3,6,5,2,0,0,0,0
2019-20,33,Tamilnadu,3324,MADURAI,332402,CHELLAMPATTI,Urban,2,cat2,"UPS (I-VIII)",1,"Department of Education",2,SC,0,0,3,3,5,4,2,6,1,4,0,0,0,0,2,2,1,2,4,4,3,1,0,0,0,0
2019-20,33,Tamilnadu,3324,MADURAI,332406,"MADURAI EAST",Urban,2,cat2,"UPS (I-VIII)",1,"Department of Education",2,SC,0,0,9,7,6,11,5,7,6,5,0,0,0,0,4,3,8,4,5,4,11,5,0,0,0,0
2019-20,33,Tamilnadu,3324,MADURAI,332407,"MADURAI WEST",Urban,2,cat2,"UPS (I-VIII)",1,"Department of Education",2,SC,5,4,12,8,9,7,10,11,13,3,0,0,0,0,4,3,8,10,8,5,10,6,0,0,0,0
2019-20,33,Tamilnadu,3324,MADURAI,332411,THIRUPARAMKUNDRAM,Urban,2,cat2,"UPS (I-VIII)",1,"Department of Education",2,SC,16,11,18,14,13,9,11,9,12,13,0,0,0,0,22,20,13,13,10,16,16,13,0,0,0,0
2019-20,33,Tamilnadu,3324,MADURAI,332413,T.VADIPATTI,Urban,2,cat2,"UPS (I-VIII)",1,"Department of Education",2,SC,0,1,3,1,4,5,4,3,5,1,0,0,0,0,0,1,3,1,1,3,3,5,0,0,0,0
2019-20,33,Tamilnadu,3324,MADURAI,332404,T.KALLUPATTI,Rural,2,cat2,"UPS (I-VIII)",2,"Tribal Welfare Department",2,SC,0,0,6,5,13,6,3,2,9,3,0,0,0,0,8,9,8,4,6,7,7,7,0,0,0,0
2019-20,33,Tamilnadu,3324,MADURAI,332406,"MADURAI EAST",Rural,2,cat2,"UPS (I-VIII)",2,"Tribal Welfare Department",2,SC,0,0,0,2,1,2,4,1,3,2,0,0,0,0,0,3,1,3,1,2,4,1,0,0,0,0
2019-20,33,Tamilnadu,3324,MADURAI,332409,SEDAPATTI,Rural,2,cat2,"UPS (I-VIII)",2,"Tribal Welfare Department",2,SC,0,0,3,2,9,0,1,1,4,1,0,0,0,0,4,3,2,5,5,3,7,5,0,0,0,0
2019-20,33,Tamilnadu,3324,MADURAI,332406,"MADURAI EAST",Urban,2,cat2,"UPS (I-VIII)",3,"Local body",2,SC,9,13,2,5,3,3,3,2,2,1,0,0,0,0,2,4,5,2,5,5,5,2,0,0,0,0
2019-20,33,Tamilnadu,3324,MADURAI,332407,"MADURAI WEST",Urban,2,cat2,"UPS (I-VIII)",3,"Local body",2,SC,3,3,0,3,2,2,0,1,1,0,0,0,0,0,1,1,2,0,1,1,2,1,0,0,0,0
2019-20,33,Tamilnadu,3324,MADURAI,332411,THIRUPARAMKUNDRAM,Urban,2,cat2,"UPS (I-VIII)",3,"Local body",2,SC,4,19,7,3,11,9,5,7,9,10,0,0,0,0,4,10,7,8,11,2,13,10,0,0,0,0
2019-20,33,Tamilnadu,3324,MADURAI,332414,"MADURAI NORTH",Urban,2,cat2,"UPS (I-VIII)",3,"Local body",2,SC,17,26,13,5,7,3,3,6,9,8,0,0,0,0,6,7,6,7,6,3,1,2,0,0,0,0
2019-20,33,Tamilnadu,3324,MADURAI,332415,"MADURAI SOUTH",Urban,2,cat2,"UPS (I-VIII)",3,"Local body",2,SC,1,1,0,0,0,0,1,0,0,0,0,0,0,0,0,0,0,0,0,0,0,0,0,0,0,0
2019-20,33,Tamilnadu,3324,MADURAI,332404,T.KALLUPATTI,Rural,2,cat2,"UPS (I-VIII)",4,"Government Aided",2,SC,0,0,0,0,4,2,5,3,3,6,0,0,0,0,1,2,2,3,1,3,2,7,0,0,0,0
2019-20,33,Tamilnadu,3324,MADURAI,332407,"MADURAI WEST",Rural,2,cat2,"UPS (I-VIII)",4,"Government Aided",2,SC,0,0,13,5,10,12,7,10,15,18,0,0,0,0,13,8,15,13,9,11,9,14,0,0,0,0
2019-20,33,Tamilnadu,3324,MADURAI,332408,MELUR,Rural,2,cat2,"UPS (I-VIII)",4,"Government Aided",2,SC,0,0,0,1,0,0,3,1,8,2,0,0,0,0,0,1,1,4,2,3,4,2,0,0,0,0
2019-20,33,Tamilnadu,3324,MADURAI,332409,SEDAPATTI,Rural,2,cat2,"UPS (I-VIII)",4,"Government Aided",2,SC,0,0,6,6,7,6,10,14,11,7,0,0,0,0,6,3,5,3,11,14,13,8,0,0,0,0
2019-20,33,Tamilnadu,3324,MADURAI,332411,THIRUPARAMKUNDRAM,Rural,2,cat2,"UPS (I-VIII)",4,"Government Aided",2,SC,0,0,1,1,0,2,1,0,1,0,0,0,0,0,0,0,1,0,0,0,0,2,0,0,0,0
2019-20,33,Tamilnadu,3324,MADURAI,332413,T.VADIPATTI,Rural,2,cat2,"UPS (I-VIII)",4,"Government Aided",2,SC,0,0,2,1,0,5,3,10,4,5,0,0,0,0,1,2,1,0,0,3,3,5,0,0,0,0
2019-20,33,Tamilnadu,3324,MADURAI,332414,"MADURAI NORTH",Rural,2,cat2,"UPS (I-VIII)",4,"Government Aided",2,SC,0,0,19,32,44,40,39,61,67,57,0,0,0,0,22,21,24,28,31,41,44,50,0,0,0,0
2019-20,33,Tamilnadu,3324,MADURAI,332406,"MADURAI EAST",Urban,2,cat2,"UPS (I-VIII)",4,"Government Aided",2,SC,0,0,40,30,25,41,21,26,24,28,0,0,0,0,37,30,20,32,31,20,20,14,0,0,0,0
2019-20,33,Tamilnadu,3324,MADURAI,332407,"MADURAI WEST",Urban,2,cat2,"UPS (I-VIII)",4,"Government Aided",2,SC,0,0,17,17,20,13,21,36,23,24,0,0,0,0,18,19,17,29,31,12,19,16,0,0,0,0
2019-20,33,Tamilnadu,3324,MADURAI,332408,MELUR,Urban,2,cat2,"UPS (I-VIII)",4,"Government Aided",2,SC,0,0,22,35,35,40,30,60,45,46,0,0,0,0,32,32,32,37,39,53,53,37,0,0,0,0
2019-20,33,Tamilnadu,3324,MADURAI,332411,THIRUPARAMKUNDRAM,Urban,2,cat2,"UPS (I-VIII)",4,"Government Aided",2,SC,0,0,19,18,15,15,11,16,15,7,0,0,0,0,12,13,12,12,16,12,7,8,0,0,0,0
2019-20,33,Tamilnadu,3324,MADURAI,332412,USILAMPATTI,Urban,2,cat2,"UPS (I-VIII)",4,"Government Aided",2,SC,0,0,6,11,12,12,11,19,18,8,0,0,0,0,9,12,16,10,10,18,9,19,0,0,0,0
2019-20,33,Tamilnadu,3324,MADURAI,332413,T.VADIPATTI,Urban,2,cat2,"UPS (I-VIII)",4,"Government Aided",2,SC,0,0,8,8,9,7,15,11,12,13,0,0,0,0,6,8,13,5,11,20,17,12,0,0,0,0
2019-20,33,Tamilnadu,3324,MADURAI,332414,"MADURAI NORTH",Urban,2,cat2,"UPS (I-VIII)",4,"Government Aided",2,SC,0,0,50,53,54,49,58,46,60,52,0,0,0,0,30,47,44,55,42,52,42,42,0,0,0,0
2019-20,33,Tamilnadu,3324,MADURAI,332415,"MADURAI SOUTH",Urban,2,cat2,"UPS (I-VIII)",4,"Government Aided",2,SC,0,0,32,40,35,40,43,64,56,47,0,0,0,0,46,48,70,76,64,81,68,74,0,0,0,0
2019-20,33,Tamilnadu,3324,MADURAI,332401,ALANGANALLUR,Rural,2,cat2,"UPS (I-VIII)",5,"Private Unaided (Recognized)",2,SC,8,9,0,4,1,1,1,0,0,0,0,0,0,0,4,1,1,1,0,1,0,1,0,0,0,0
2019-20,33,Tamilnadu,3324,MADURAI,332403,KALLIKUDI,Rural,2,cat2,"UPS (I-VIII)",5,"Private Unaided (Recognized)",2,SC,6,6,6,10,2,5,3,3,4,0,0,0,0,0,4,4,5,5,0,1,2,0,0,0,0,0
2019-20,33,Tamilnadu,3324,MADURAI,332406,"MADURAI EAST",Rural,2,cat2,"UPS (I-VIII)",5,"Private Unaided (Recognized)",2,SC,19,18,8,6,7,3,14,4,3,0,0,0,0,0,11,6,4,3,5,3,0,2,0,0,0,0
2019-20,33,Tamilnadu,3324,MADURAI,332407,"MADURAI WEST",Rural,2,cat2,"UPS (I-VIII)",5,"Private Unaided (Recognized)",2,SC,5,7,0,0,2,4,0,1,1,0,0,0,0,0,3,0,0,2,2,1,2,0,0,0,0,0
2019-20,33,Tamilnadu,3324,MADURAI,332410,THIRUMANGALAM,Rural,2,cat2,"UPS (I-VIII)",5,"Private Unaided (Recognized)",2,SC,34,34,12,9,10,6,2,2,2,0,0,0,0,0,13,9,7,7,2,0,1,3,0,0,0,0
2019-20,33,Tamilnadu,3324,MADURAI,332411,THIRUPARAMKUNDRAM,Rural,2,cat2,"UPS (I-VIII)",5,"Private Unaided (Recognized)",2,SC,11,9,11,9,6,8,13,1,6,2,0,0,0,0,8,8,3,14,10,5,2,7,0,0,0,0
2019-20,33,Tamilnadu,3324,MADURAI,332412,USILAMPATTI,Rural,2,cat2,"UPS (I-VIII)",5,"Private Unaided (Recognized)",2,SC,3,5,4,4,1,2,0,2,2,0,0,0,0,0,4,2,1,1,0,0,0,0,0,0,0,0
2019-20,33,Tamilnadu,3324,MADURAI,332413,T.VADIPATTI,Rural,2,cat2,"UPS (I-VIII)",5,"Private Unaided (Recognized)",2,SC,20,9,12,17,14,10,4,4,6,5,0,0,0,0,13,9,11,6,7,1,0,0,0,0,0,0
2019-20,33,Tamilnadu,3324,MADURAI,332406,"MADURAI EAST",Urban,2,cat2,"UPS (I-VIII)",5,"Private Unaided (Recognized)",2,SC,0,0,0,1,0,1,1,0,1,0,0,0,0,0,0,0,0,0,0,0,0,0,0,0,0,0
2019-20,33,Tamilnadu,3324,MADURAI,332407,"MADURAI WEST",Urban,2,cat2,"UPS (I-VIII)",5,"Private Unaided (Recognized)",2,SC,7,4,3,3,2,2,4,5,0,1,0,0,0,0,3,2,1,3,5,2,0,0,0,0,0,0
2019-20,33,Tamilnadu,3324,MADURAI,332408,MELUR,Urban,2,cat2,"UPS (I-VIII)",5,"Private Unaided (Recognized)",2,SC,7,5,0,1,1,3,1,0,0,0,0,0,0,0,0,2,0,0,0,0,0,1,0,0,0,0
2019-20,33,Tamilnadu,3324,MADURAI,332409,SEDAPATTI,Urban,2,cat2,"UPS (I-VIII)",5,"Private Unaided (Recognized)",2,SC,0,0,1,4,0,1,1,7,2,1,0,0,0,0,2,4,1,4,2,6,2,0,0,0,0,0
2019-20,33,Tamilnadu,3324,MADURAI,332410,THIRUMANGALAM,Urban,2,cat2,"UPS (I-VIII)",5,"Private Unaided (Recognized)",2,SC,0,1,1,0,0,0,0,0,0,0,0,0,0,0,1,2,0,1,1,0,0,0,0,0,0,0
2019-20,33,Tamilnadu,3324,MADURAI,332411,THIRUPARAMKUNDRAM,Urban,2,cat2,"UPS (I-VIII)",5,"Private Unaided (Recognized)",2,SC,4,2,0,1,1,0,0,0,0,0,0,0,0,0,1,1,2,1,2,0,0,0,0,0,0,0
2019-20,33,Tamilnadu,3324,MADURAI,332412,USILAMPATTI,Urban,2,cat2,"UPS (I-VIII)",5,"Private Unaided (Recognized)",2,SC,2,0,1,1,1,0,0,0,0,0,0,0,0,0,0,0,1,0,0,1,0,0,0,0,0,0
2019-20,33,Tamilnadu,3324,MADURAI,332414,"MADURAI NORTH",Urban,2,cat2,"UPS (I-VIII)",5,"Private Unaided (Recognized)",2,SC,0,0,0,0,0,0,0,0,0,0,0,0,0,0,0,0,0,0,0,0,0,0,0,0,0,0
2019-20,33,Tamilnadu,3324,MADURAI,332402,CHELLAMPATTI,Rural,2,cat2,"UPS (I-VIII)",8,Unrecognized,2,SC,6,3,0,0,1,1,0,0,0,0,0,0,0,0,1,2,0,0,0,0,0,0,0,0,0,0
2019-20,33,Tamilnadu,3324,MADURAI,332406,"MADURAI EAST",Rural,2,cat2,"UPS (I-VIII)",8,Unrecognized,2,SC,2,1,0,0,1,3,0,0,0,0,0,0,0,0,0,0,0,0,0,0,0,0,0,0,0,0
2019-20,33,Tamilnadu,3324,MADURAI,332408,MELUR,Rural,2,cat2,"UPS (I-VIII)",8,Unrecognized,2,SC,0,0,1,0,0,0,0,0,0,0,0,0,0,0,0,0,0,0,0,0,0,0,0,0,0,0
2019-20,33,Tamilnadu,3324,MADURAI,332411,THIRUPARAMKUNDRAM,Urban,2,cat2,"UPS (I-VIII)",8,Unrecognized,2,SC,6,6,5,1,3,1,0,0,0,0,0,0,0,0,1,3,2,3,0,1,1,0,0,0,0,0
2019-20,33,Tamilnadu,3324,MADURAI,332402,CHELLAMPATTI,Rural,2,cat2,"UPS (I-VIII)",90,"Social welfare Department",2,SC,0,0,4,4,8,7,9,6,2,3,0,0,0,0,6,9,3,6,7,9,8,13,0,0,0,0
2019-20,33,Tamilnadu,3324,MADURAI,332409,SEDAPATTI,Rural,2,cat2,"UPS (I-VIII)",90,"Social welfare Department",2,SC,0,0,0,0,1,1,0,0,0,0,0,0,0,0,2,3,4,1,1,2,0,0,0,0,0,0
2019-20,33,Tamilnadu,3324,MADURAI,332411,THIRUPARAMKUNDRAM,Rural,2,cat2,"UPS (I-VIII)",90,"Social welfare Department",2,SC,0,0,3,8,3,1,7,6,5,3,0,0,0,0,3,7,6,8,6,4,4,1,0,0,0,0
2019-20,33,Tamilnadu,3324,MADURAI,332412,USILAMPATTI,Rural,2,cat2,"UPS (I-VIII)",90,"Social welfare Department",2,SC,0,0,0,0,1,0,0,3,0,1,0,0,0,0,3,1,2,0,0,1,1,3,0,0,0,0
2019-20,33,Tamilnadu,3324,MADURAI,332406,"MADURAI EAST",Urban,2,cat2,"UPS (I-VIII)",90,"Social welfare Department",2,SC,0,0,0,0,1,0,0,0,0,0,0,0,0,0,0,0,0,0,0,1,0,0,0,0,0,0
2019-20,33,Tamilnadu,3324,MADURAI,332411,THIRUPARAMKUNDRAM,Urban,2,cat2,"UPS (I-VIII)",90,"Social welfare Department",2,SC,0,0,0,0,1,2,1,0,0,0,0,0,0,0,0,0,0,0,1,0,0,0,0,0,0,0
2019-20,33,Tamilnadu,3324,MADURAI,332410,THIRUMANGALAM,Rural,4,cat4,"UPS (VI-VIII)",4,"Government Aided",2,SC,0,0,0,0,0,0,0,0,0,1,0,0,0,0,0,0,0,0,0,0,0,0,0,0,0,0
2019-20,33,Tamilnadu,3324,MADURAI,332411,THIRUPARAMKUNDRAM,Rural,4,cat4,"UPS (VI-VIII)",4,"Government Aided",2,SC,0,0,0,0,0,0,0,2,0,5,0,0,0,0,0,0,0,0,0,5,2,0,0,0,0,0
2019-20,33,Tamilnadu,3324,MADURAI,332411,THIRUPARAMKUNDRAM,Urban,4,cat4,"UPS (VI-VIII)",4,"Government Aided",2,SC,0,0,0,0,0,0,0,2,7,3,0,0,0,0,0,0,0,0,0,5,5,4,0,0,0,0
2019-20,33,Tamilnadu,3324,MADURAI,332415,"MADURAI SOUTH",Urban,4,cat4,"UPS (VI-VIII)",4,"Government Aided",2,SC,0,0,0,0,0,0,0,6,3,0,0,0,0,0,0,0,0,0,0,1,2,0,0,0,0,0
2019-20,33,Tamilnadu,3324,MADURAI,332406,"MADURAI EAST",Rural,3,cat3,"HSS (I-XII)",1,"Department of Education",3,ST,0,0,0,0,0,0,0,0,0,0,0,0,0,0,0,0,0,0,0,0,0,0,0,1,0,0
2019-20,33,Tamilnadu,3324,MADURAI,332408,MELUR,Rural,1,cat1,"PS (I-V)",3,"Local body",3,ST,0,0,0,0,0,0,0,0,0,0,0,0,0,0,0,0,0,0,0,0,0,0,0,0,0,0
2019-20,33,Tamilnadu,3324,MADURAI,332406,"MADURAI EAST",Urban,3,cat3,"HSS (I-XII)",4,"Government Aided",3,ST,0,0,0,0,0,0,0,0,0,0,0,0,0,0,0,0,0,0,0,0,1,2,0,0,1,2
2019-20,33,Tamilnadu,3324,MADURAI,332407,"MADURAI WEST",Urban,3,cat3,"HSS (I-XII)",4,"Government Aided",3,ST,0,0,0,0,0,0,0,0,0,0,0,0,0,0,0,0,1,0,1,1,0,0,0,0,7,2
2019-20,33,Tamilnadu,3324,MADURAI,332414,"MADURAI NORTH",Urban,3,cat3,"HSS (I-XII)",4,"Government Aided",3,ST,0,0,0,0,0,0,0,0,0,0,0,0,0,0,0,0,0,1,0,2,1,2,0,1,2,3
2019-20,33,Tamilnadu,3324,MADURAI,332402,CHELLAMPATTI,Rural,3,cat3,"HSS (I-XII)",5,"Private Unaided (Recognized)",3,ST,0,0,0,0,0,0,0,0,0,0,0,0,0,0,0,0,0,0,0,0,0,0,0,0,0,0
2019-20,33,Tamilnadu,3324,MADURAI,332404,T.KALLUPATTI,Rural,3,cat3,"HSS (I-XII)",5,"Private Unaided (Recognized)",3,ST,0,0,0,0,1,0,0,0,0,0,0,1,0,1,0,0,0,0,0,0,0,0,0,0,0,0
2019-20,33,Tamilnadu,3324,MADURAI,332406,"MADURAI EAST",Rural,3,cat3,"HSS (I-XII)",5,"Private Unaided (Recognized)",3,ST,2,0,0,0,0,0,0,0,0,4,1,0,0,0,1,0,0,0,0,0,0,3,0,1,1,0
2019-20,33,Tamilnadu,3324,MADURAI,332407,"MADURAI WEST",Rural,3,cat3,"HSS (I-XII)",5,"Private Unaided (Recognized)",3,ST,3,3,1,2,3,5,4,4,4,11,7,4,4,12,0,6,0,2,2,4,1,3,11,2,3,12
2019-20,33,Tamilnadu,3324,MADURAI,332408,MELUR,Rural,3,cat3,"HSS (I-XII)",5,"Private Unaided (Recognized)",3,ST,0,0,0,0,0,0,0,0,1,1,1,1,1,0,0,0,0,0,0,0,0,0,0,0,0,0
2019-20,33,Tamilnadu,3324,MADURAI,332409,SEDAPATTI,Rural,3,cat3,"HSS (I-XII)",5,"Private Unaided (Recognized)",3,ST,0,0,0,0,1,0,0,0,0,0,1,0,0,0,0,0,0,0,0,0,0,2,0,0,0,0
2019-20,33,Tamilnadu,3324,MADURAI,332410,THIRUMANGALAM,Rural,3,cat3,"HSS (I-XII)",5,"Private Unaided (Recognized)",3,ST,0,0,0,0,0,0,1,0,1,2,1,0,0,8,0,0,2,1,0,0,0,1,0,0,0,0
2019-20,33,Tamilnadu,3324,MADURAI,332411,THIRUPARAMKUNDRAM,Rural,3,cat3,"HSS (I-XII)",5,"Private Unaided (Recognized)",3,ST,7,8,2,2,4,3,3,1,2,2,5,1,1,3,1,3,0,3,3,4,1,1,4,2,2,4
2019-20,33,Tamilnadu,3324,MADURAI,332412,USILAMPATTI,Rural,3,cat3,"HSS (I-XII)",5,"Private Unaided (Recognized)",3,ST,0,0,0,0,0,0,0,0,0,0,0,0,0,0,0,0,0,0,0,0,0,0,0,0,0,0
2019-20,33,Tamilnadu,3324,MADURAI,332413,T.VADIPATTI,Rural,3,cat3,"HSS (I-XII)",5,"Private Unaided (Recognized)",3,ST,0,0,0,0,0,0,0,0,0,0,0,0,0,0,0,0,0,0,0,0,0,0,0,0,0,0
2019-20,33,Tamilnadu,3324,MADURAI,332414,"MADURAI NORTH",Rural,3,cat3,"HSS (I-XII)",5,"Private Unaided (Recognized)",3,ST,0,0,0,0,0,0,0,0,0,1,2,0,0,0,0,0,0,1,0,0,0,0,2,0,0,0
2019-20,33,Tamilnadu,3324,MADURAI,332415,"MADURAI SOUTH",Rural,3,cat3,"HSS (I-XII)",5,"Private Unaided (Recognized)",3,ST,0,0,0,0,0,1,0,1,0,2,3,0,0,0,0,0,0,0,0,0,0,0,1,0,0,0
2019-20,33,Tamilnadu,3324,MADURAI,332401,ALANGANALLUR,Urban,3,cat3,"HSS (I-XII)",5,"Private Unaided (Recognized)",3,ST,1,1,0,0,2,0,0,1,1,0,0,0,0,2,0,1,1,0,0,1,2,3,0,0,0,0
2019-20,33,Tamilnadu,3324,MADURAI,332404,T.KALLUPATTI,Urban,3,cat3,"HSS (I-XII)",5,"Private Unaided (Recognized)",3,ST,0,0,0,0,0,0,0,0,0,0,0,0,0,0,0,0,0,0,0,0,0,0,0,0,0,0
2019-20,33,Tamilnadu,3324,MADURAI,332406,"MADURAI EAST",Urban,3,cat3,"HSS (I-XII)",5,"Private Unaided (Recognized)",3,ST,1,0,0,0,0,0,1,2,1,4,6,1,1,1,1,0,0,0,0,0,1,2,1,0,0,0
2019-20,33,Tamilnadu,3324,MADURAI,332407,"MADURAI WEST",Urban,3,cat3,"HSS (I-XII)",5,"Private Unaided (Recognized)",3,ST,4,2,4,0,2,3,2,1,1,15,11,10,9,12,2,3,1,1,1,1,3,13,12,21,7,11
2019-20,33,Tamilnadu,3324,MADURAI,332408,MELUR,Urban,3,cat3,"HSS (I-XII)",5,"Private Unaided (Recognized)",3,ST,1,0,0,0,0,0,0,1,0,1,0,0,0,2,0,0,0,0,0,0,0,0,0,0,0,1
2019-20,33,Tamilnadu,3324,MADURAI,332410,THIRUMANGALAM,Urban,3,cat3,"HSS (I-XII)",5,"Private Unaided (Recognized)",3,ST,2,2,1,1,0,0,1,0,1,0,0,0,0,0,0,0,0,0,0,1,0,0,0,0,1,0
2019-20,33,Tamilnadu,3324,MADURAI,332411,THIRUPARAMKUNDRAM,Urban,3,cat3,"HSS (I-XII)",5,"Private Unaided (Recognized)",3,ST,3,3,3,2,1,3,4,3,3,9,6,4,2,6,0,2,8,1,2,0,2,7,7,4,0,1
2019-20,33,Tamilnadu,3324,MADURAI,332412,USILAMPATTI,Urban,3,cat3,"HSS (I-XII)",5,"Private Unaided (Recognized)",3,ST,0,0,0,0,0,0,0,0,0,0,0,0,0,0,0,0,0,0,0,0,0,0,0,0,0,0
2019-20,33,Tamilnadu,3324,MADURAI,332413,T.VADIPATTI,Urban,3,cat3,"HSS (I-XII)",5,"Private Unaided (Recognized)",3,ST,1,1,2,0,1,1,1,1,1,0,3,2,1,1,0,0,1,1,0,1,1,0,0,0,1,1
2019-20,33,Tamilnadu,3324,MADURAI,332414,"MADURAI NORTH",Urban,3,cat3,"HSS (I-XII)",5,"Private Unaided (Recognized)",3,ST,0,0,0,1,0,0,1,1,0,3,1,0,0,0,1,1,0,0,0,0,0,1,1,0,0,0
2019-20,33,Tamilnadu,3324,MADURAI,332415,"MADURAI SOUTH",Urban,3,cat3,"HSS (I-XII)",5,"Private Unaided (Recognized)",3,ST,0,1,0,1,0,1,1,1,1,1,2,1,0,1,0,1,1,0,0,0,0,1,0,1,1,1
2019-20,33,Tamilnadu,3324,MADURAI,332407,"MADURAI WEST",Urban,3,cat3,"HSS (I-XII)",92,"Kendriya Vidyalaya / Central School",3,ST,0,0,5,3,6,5,1,2,0,3,2,1,0,0,5,3,3,3,1,1,2,4,2,0,1,0
2019-20,33,Tamilnadu,3324,MADURAI,332411,THIRUPARAMKUNDRAM,Urban,3,cat3,"HSS (I-XII)",92,"Kendriya Vidyalaya / Central School",3,ST,0,0,1,0,1,1,0,0,0,1,1,0,0,2,1,1,1,1,0,0,0,0,2,0,0,0
2019-20,33,Tamilnadu,3324,MADURAI,332414,"MADURAI NORTH",Urban,3,cat3,"HSS (I-XII)",95,"Railway School",3,ST,0,0,0,0,0,1,1,0,1,1,0,0,0,0,2,1,0,0,0,1,2,0,0,0,0,0
2019-20,33,Tamilnadu,3324,MADURAI,332415,"MADURAI SOUTH",Urban,10,cat10,"HSS (IX-XII)",4,"Government Aided",3,ST,0,0,0,0,0,0,0,0,0,0,1,0,0,0,0,0,0,0,0,0,0,0,0,1,0,0
2019-20,33,Tamilnadu,3324,MADURAI,332401,ALANGANALLUR,Rural,5,cat5,"HSS (VI-XII)",1,"Department of Education",3,ST,0,0,0,0,0,0,0,0,0,1,0,0,1,0,0,0,0,0,0,0,0,0,1,1,0,0
2019-20,33,Tamilnadu,3324,MADURAI,332403,KALLIKUDI,Rural,5,cat5,"HSS (VI-XII)",1,"Department of Education",3,ST,0,0,0,0,0,0,0,0,0,0,0,0,0,0,0,0,0,0,0,0,0,0,0,0,0,0
2019-20,33,Tamilnadu,3324,MADURAI,332404,T.KALLUPATTI,Rural,5,cat5,"HSS (VI-XII)",1,"Department of Education",3,ST,0,0,0,0,0,0,0,0,0,0,0,0,0,0,0,0,0,0,0,0,0,0,0,0,0,0
2019-20,33,Tamilnadu,3324,MADURAI,332405,KOTTAMPATTI,Rural,5,cat5,"HSS (VI-XII)",1,"Department of Education",3,ST,0,0,0,0,0,0,0,0,0,0,0,0,0,0,0,0,0,0,0,0,0,0,0,0,0,0
2019-20,33,Tamilnadu,3324,MADURAI,332406,"MADURAI EAST",Rural,5,cat5,"HSS (VI-XII)",1,"Department of Education",3,ST,0,0,0,0,0,0,0,0,0,0,0,0,0,0,0,0,0,0,0,0,0,0,0,0,0,0
2019-20,33,Tamilnadu,3324,MADURAI,332407,"MADURAI WEST",Rural,5,cat5,"HSS (VI-XII)",1,"Department of Education",3,ST,0,0,0,0,0,0,0,0,0,0,0,0,22,18,0,0,0,0,0,0,0,0,0,0,7,9
2019-20,33,Tamilnadu,3324,MADURAI,332408,MELUR,Rural,5,cat5,"HSS (VI-XII)",1,"Department of Education",3,ST,0,0,0,0,0,0,0,1,0,0,0,0,0,0,0,0,0,0,0,1,0,0,0,0,0,0
2019-20,33,Tamilnadu,3324,MADURAI,332409,SEDAPATTI,Rural,5,cat5,"HSS (VI-XII)",1,"Department of Education",3,ST,0,0,0,0,0,0,0,0,0,0,0,0,0,0,0,0,0,0,0,0,1,0,0,0,0,0
2019-20,33,Tamilnadu,3324,MADURAI,332410,THIRUMANGALAM,Rural,5,cat5,"HSS (VI-XII)",1,"Department of Education",3,ST,0,0,0,0,0,0,0,0,0,0,0,0,0,0,0,0,0,0,0,0,0,0,0,0,0,0
2019-20,33,Tamilnadu,3324,MADURAI,332411,THIRUPARAMKUNDRAM,Rural,5,cat5,"HSS (VI-XII)",1,"Department of Education",3,ST,0,0,0,0,0,0,0,0,0,0,0,0,0,0,0,0,0,0,0,0,0,0,0,0,0,0
2019-20,33,Tamilnadu,3324,MADURAI,332413,T.VADIPATTI,Rural,5,cat5,"HSS (VI-XII)",1,"Department of Education",3,ST,0,0,0,0,0,0,0,0,0,0,6,0,0,0,0,0,0,0,0,0,0,0,1,0,0,0
2019-20,33,Tamilnadu,3324,MADURAI,332401,ALANGANALLUR,Urban,5,cat5,"HSS (VI-XII)",1,"Department of Education",3,ST,0,0,0,0,0,0,0,0,0,0,0,0,0,0,0,0,0,0,0,0,2,0,3,0,0,0
2019-20,33,Tamilnadu,3324,MADURAI,332404,T.KALLUPATTI,Urban,5,cat5,"HSS (VI-XII)",1,"Department of Education",3,ST,0,0,0,0,0,0,0,0,0,0,1,0,0,0,0,0,0,0,0,0,0,0,0,0,0,0
2019-20,33,Tamilnadu,3324,MADURAI,332407,"MADURAI WEST",Urban,5,cat5,"HSS (VI-XII)",1,"Department of Education",3,ST,0,0,0,0,0,0,0,0,0,0,0,0,0,0,0,0,0,0,0,0,0,0,0,0,0,0
2019-20,33,Tamilnadu,3324,MADURAI,332408,MELUR,Urban,5,cat5,"HSS (VI-XII)",1,"Department of Education",3,ST,0,0,0,0,0,0,0,0,0,0,0,0,0,0,0,0,0,0,0,0,0,0,0,0,0,0
2019-20,33,Tamilnadu,3324,MADURAI,332409,SEDAPATTI,Urban,5,cat5,"HSS (VI-XII)",1,"Department of Education",3,ST,0,0,0,0,0,0,0,0,0,0,0,0,0,0,0,0,0,0,0,0,0,0,0,0,0,0
2019-20,33,Tamilnadu,3324,MADURAI,332410,THIRUMANGALAM,Urban,5,cat5,"HSS (VI-XII)",1,"Department of Education",3,ST,0,0,0,0,0,0,0,0,0,0,0,0,0,0,0,0,0,0,0,0,0,0,0,0,0,0
2019-20,33,Tamilnadu,3324,MADURAI,332411,THIRUPARAMKUNDRAM,Urban,5,cat5,"HSS (VI-XII)",1,"Department of Education",3,ST,0,0,0,0,0,0,0,5,5,3,4,2,0,0,0,0,0,0,0,4,4,2,3,4,0,1
2019-20,33,Tamilnadu,3324,MADURAI,332412,USILAMPATTI,Urban,5,cat5,"HSS (VI-XII)",1,"Department of Education",3,ST,0,0,0,0,0,0,0,0,0,0,0,0,0,0,0,0,0,0,0,0,0,0,0,0,0,0
2019-20,33,Tamilnadu,3324,MADURAI,332413,T.VADIPATTI,Urban,5,cat5,"HSS (VI-XII)",1,"Department of Education",3,ST,0,0,0,0,0,0,0,0,0,0,0,1,0,0,0,0,0,0,0,2,0,1,2,4,3,1
2019-20,33,Tamilnadu,3324,MADURAI,332414,"MADURAI NORTH",Urban,5,cat5,"HSS (VI-XII)",1,"Department of Education",3,ST,0,0,0,0,0,0,0,0,0,0,0,0,0,0,0,0,0,0,0,1,0,0,1,1,0,2
2019-20,33,Tamilnadu,3324,MADURAI,332401,ALANGANALLUR,Rural,5,cat5,"HSS (VI-XII)",2,"Tribal Welfare Department",3,ST,0,0,0,0,0,0,0,0,0,0,0,0,0,0,0,0,0,0,0,0,0,0,0,0,0,0
2019-20,33,Tamilnadu,3324,MADURAI,332406,"MADURAI EAST",Rural,5,cat5,"HSS (VI-XII)",2,"Tribal Welfare Department",3,ST,0,0,0,0,0,0,0,0,0,0,0,0,0,0,0,0,0,0,0,0,0,0,0,0,0,0
2019-20,33,Tamilnadu,3324,MADURAI,332413,T.VADIPATTI,Rural,5,cat5,"HSS (VI-XII)",2,"Tribal Welfare Department",3,ST,0,0,0,0,0,0,0,0,0,0,0,0,0,0,0,0,0,0,0,0,0,0,0,0,0,0
2019-20,33,Tamilnadu,3324,MADURAI,332407,"MADURAI WEST",Rural,5,cat5,"HSS (VI-XII)",3,"Local body",3,ST,0,0,0,0,0,0,0,0,0,0,0,0,0,0,0,0,0,0,0,0,0,0,0,0,0,0
2019-20,33,Tamilnadu,3324,MADURAI,332406,"MADURAI EAST",Urban,5,cat5,"HSS (VI-XII)",3,"Local body",3,ST,0,0,0,0,0,0,0,0,0,0,0,0,0,0,0,0,0,0,0,0,0,0,0,0,0,0
2019-20,33,Tamilnadu,3324,MADURAI,332407,"MADURAI WEST",Urban,5,cat5,"HSS (VI-XII)",3,"Local body",3,ST,0,0,0,0,0,0,0,0,0,0,0,0,0,0,0,0,0,0,0,0,0,0,0,0,0,0
2019-20,33,Tamilnadu,3324,MADURAI,332411,THIRUPARAMKUNDRAM,Urban,5,cat5,"HSS (VI-XII)",3,"Local body",3,ST,0,0,0,0,0,0,0,0,0,0,0,0,0,0,0,0,0,0,0,1,0,0,5,2,0,2
2019-20,33,Tamilnadu,3324,MADURAI,332414,"MADURAI NORTH",Urban,5,cat5,"HSS (VI-XII)",3,"Local body",3,ST,0,0,0,0,0,0,0,0,0,0,0,0,0,0,0,0,0,0,0,1,0,0,1,0,1,0
2019-20,33,Tamilnadu,3324,MADURAI,332415,"MADURAI SOUTH",Urban,5,cat5,"HSS (VI-XII)",3,"Local body",3,ST,0,0,0,0,0,0,0,0,0,0,1,0,0,0,0,0,0,0,0,0,0,1,1,2,0,1
2019-20,33,Tamilnadu,3324,MADURAI,332401,ALANGANALLUR,Rural,5,cat5,"HSS (VI-XII)",4,"Government Aided",3,ST,0,0,0,0,0,0,0,0,1,1,1,4,1,0,0,0,0,0,0,0,0,0,0,0,0,0
2019-20,33,Tamilnadu,3324,MADURAI,332402,CHELLAMPATTI,Rural,5,cat5,"HSS (VI-XII)",4,"Government Aided",3,ST,0,0,0,0,0,0,0,0,0,0,1,0,0,0,0,0,0,0,0,0,0,0,0,0,0,0
2019-20,33,Tamilnadu,3324,MADURAI,332403,KALLIKUDI,Rural,5,cat5,"HSS (VI-XII)",4,"Government Aided",3,ST,0,0,0,0,0,0,0,0,0,0,0,0,0,0,0,0,0,0,0,0,0,0,0,0,0,0
2019-20,33,Tamilnadu,3324,MADURAI,332404,T.KALLUPATTI,Rural,5,cat5,"HSS (VI-XII)",4,"Government Aided",3,ST,0,0,0,0,0,0,0,0,0,0,0,0,0,0,0,0,0,0,0,0,0,0,0,0,0,0
2019-20,33,Tamilnadu,3324,MADURAI,332406,"MADURAI EAST",Rural,5,cat5,"HSS (VI-XII)",4,"Government Aided",3,ST,0,0,0,0,0,0,0,0,0,0,1,0,0,0,0,0,0,0,0,0,0,0,1,0,0,0
2019-20,33,Tamilnadu,3324,MADURAI,332407,"MADURAI WEST",Rural,5,cat5,"HSS (VI-XII)",4,"Government Aided",3,ST,0,0,0,0,0,0,0,0,0,0,1,2,1,0,0,0,0,0,0,0,0,0,4,2,0,0
2019-20,33,Tamilnadu,3324,MADURAI,332409,SEDAPATTI,Rural,5,cat5,"HSS (VI-XII)",4,"Government Aided",3,ST,0,0,0,0,0,0,0,0,0,0,0,0,0,0,0,0,0,0,0,0,0,0,0,0,0,0
2019-20,33,Tamilnadu,3324,MADURAI,332410,THIRUMANGALAM,Rural,5,cat5,"HSS (VI-XII)",4,"Government Aided",3,ST,0,0,0,0,0,0,0,0,0,0,0,0,0,0,0,0,0,0,0,0,0,0,0,0,0,0
2019-20,33,Tamilnadu,3324,MADURAI,332411,THIRUPARAMKUNDRAM,Rural,5,cat5,"HSS (VI-XII)",4,"Government Aided",3,ST,0,0,0,0,0,0,0,0,0,1,0,1,1,1,0,0,0,0,0,0,0,3,1,0,1,3
2019-20,33,Tamilnadu,3324,MADURAI,332413,T.VADIPATTI,Rural,5,cat5,"HSS (VI-XII)",4,"Government Aided",3,ST,0,0,0,0,0,0,0,2,2,2,1,2,0,0,0,0,0,0,0,0,0,0,0,0,0,0
2019-20,33,Tamilnadu,3324,MADURAI,332414,"MADURAI NORTH",Rural,5,cat5,"HSS (VI-XII)",4,"Government Aided",3,ST,0,0,0,0,0,0,0,0,0,0,2,2,0,2,0,0,0,0,0,0,0,0,0,0,0,0
2019-20,33,Tamilnadu,3324,MADURAI,332415,"MADURAI SOUTH",Rural,5,cat5,"HSS (VI-XII)",4,"Government Aided",3,ST,0,0,0,0,0,0,0,0,0,0,0,0,1,0,0,0,0,0,0,0,0,0,0,0,0,0
2019-20,33,Tamilnadu,3324,MADURAI,332404,T.KALLUPATTI,Urban,5,cat5,"HSS (VI-XII)",4,"Government Aided",3,ST,0,0,0,0,0,0,0,0,0,0,0,0,0,0,0,0,0,0,0,0,0,0,0,0,0,0
2019-20,33,Tamilnadu,3324,MADURAI,332406,"MADURAI EAST",Urban,5,cat5,"HSS (VI-XII)",4,"Government Aided",3,ST,0,0,0,0,0,0,0,0,0,2,0,0,1,1,0,0,0,0,0,0,0,0,0,0,0,0
2019-20,33,Tamilnadu,3324,MADURAI,332407,"MADURAI WEST",Urban,5,cat5,"HSS (VI-XII)",4,"Government Aided",3,ST,0,0,0,0,0,0,0,0,2,1,2,8,9,6,0,0,0,0,0,0,1,0,1,0,3,1
2019-20,33,Tamilnadu,3324,MADURAI,332410,THIRUMANGALAM,Urban,5,cat5,"HSS (VI-XII)",4,"Government Aided",3,ST,0,0,0,0,0,0,0,0,0,0,0,0,0,0,0,0,0,0,0,0,0,0,0,0,0,0
2019-20,33,Tamilnadu,3324,MADURAI,332411,THIRUPARAMKUNDRAM,Urban,5,cat5,"HSS (VI-XII)",4,"Government Aided",3,ST,0,0,0,0,0,0,0,0,1,1,0,2,2,0,0,0,0,0,0,2,1,0,6,1,1,4
2019-20,33,Tamilnadu,3324,MADURAI,332412,USILAMPATTI,Urban,5,cat5,"HSS (VI-XII)",4,"Government Aided",3,ST,0,0,0,0,0,0,0,0,0,0,0,0,0,0,0,0,0,0,0,0,0,0,0,0,0,0
2019-20,33,Tamilnadu,3324,MADURAI,332414,"MADURAI NORTH",Urban,5,cat5,"HSS (VI-XII)",4,"Government Aided",3,ST,0,0,0,0,0,0,0,1,3,12,18,8,9,6,0,0,0,0,0,2,1,2,1,0,2,0
2019-20,33,Tamilnadu,3324,MADURAI,332415,"MADURAI SOUTH",Urban,5,cat5,"HSS (VI-XII)",4,"Government Aided",3,ST,0,0,0,0,0,0,0,0,1,4,2,2,1,2,0,0,0,0,0,0,0,2,0,1,0,0
2019-20,33,Tamilnadu,3324,MADURAI,332407,"MADURAI WEST",Rural,5,cat5,"HSS (VI-XII)",5,"Private Unaided (Recognized)",3,ST,0,0,0,0,0,0,0,0,0,0,0,0,0,0,0,0,0,0,0,0,1,1,1,0,1,1
2019-20,33,Tamilnadu,3324,MADURAI,332408,MELUR,Rural,5,cat5,"HSS (VI-XII)",5,"Private Unaided (Recognized)",3,ST,0,0,0,0,0,0,0,0,0,0,0,0,0,0,0,0,0,0,0,0,0,0,0,0,0,0
2019-20,33,Tamilnadu,3324,MADURAI,332410,THIRUMANGALAM,Rural,5,cat5,"HSS (VI-XII)",5,"Private Unaided (Recognized)",3,ST,0,0,0,0,0,0,0,0,0,0,0,0,0,0,0,0,0,0,0,0,0,0,0,0,0,0
2019-20,33,Tamilnadu,3324,MADURAI,332411,THIRUPARAMKUNDRAM,Rural,5,cat5,"HSS (VI-XII)",5,"Private Unaided (Recognized)",3,ST,0,0,0,0,0,0,0,0,0,0,0,0,0,0,0,0,0,0,0,0,0,0,0,0,0,0
2019-20,33,Tamilnadu,3324,MADURAI,332412,USILAMPATTI,Rural,5,cat5,"HSS (VI-XII)",5,"Private Unaided (Recognized)",3,ST,0,0,0,0,0,0,0,0,0,0,0,0,0,0,0,0,0,0,0,0,0,0,0,0,0,0
2019-20,33,Tamilnadu,3324,MADURAI,332407,"MADURAI WEST",Urban,5,cat5,"HSS (VI-XII)",5,"Private Unaided (Recognized)",3,ST,0,0,0,0,0,0,0,0,0,0,1,5,0,2,0,0,0,0,0,0,0,0,0,1,0,1
2019-20,33,Tamilnadu,3324,MADURAI,332410,THIRUMANGALAM,Urban,5,cat5,"HSS (VI-XII)",5,"Private Unaided (Recognized)",3,ST,0,0,0,0,0,0,0,0,0,0,0,0,0,0,0,0,0,0,0,0,0,0,0,0,0,0
2019-20,33,Tamilnadu,3324,MADURAI,332411,THIRUPARAMKUNDRAM,Urban,5,cat5,"HSS (VI-XII)",5,"Private Unaided (Recognized)",3,ST,0,0,0,0,0,0,0,0,0,0,0,0,0,0,0,0,0,0,0,0,0,0,0,1,0,0
2019-20,33,Tamilnadu,3324,MADURAI,332402,CHELLAMPATTI,Rural,5,cat5,"HSS (VI-XII)",90,"Social welfare Department",3,ST,0,0,0,0,0,0,0,0,0,0,0,0,0,0,0,0,0,0,0,0,0,0,0,0,0,0
2019-20,33,Tamilnadu,3324,MADURAI,332409,SEDAPATTI,Rural,5,cat5,"HSS (VI-XII)",90,"Social welfare Department",3,ST,0,0,0,0,0,0,0,0,0,0,0,0,0,0,0,0,0,0,0,0,0,0,0,0,0,0
2019-20,33,Tamilnadu,3324,MADURAI,332410,THIRUMANGALAM,Rural,5,cat5,"HSS (VI-XII)",90,"Social welfare Department",3,ST,0,0,0,0,0,0,0,0,0,0,0,0,0,0,0,0,0,0,0,0,0,0,0,0,0,0
2019-20,33,Tamilnadu,3324,MADURAI,332412,USILAMPATTI,Rural,5,cat5,"HSS (VI-XII)",90,"Social welfare Department",3,ST,0,0,0,0,0,0,0,0,0,0,0,0,0,0,0,0,0,0,0,0,0,0,0,0,0,0
2019-20,33,Tamilnadu,3324,MADURAI,332413,T.VADIPATTI,Rural,5,cat5,"HSS (VI-XII)",90,"Social welfare Department",3,ST,0,0,0,0,0,0,0,0,0,0,0,0,6,5,0,0,0,0,0,0,0,0,2,0,0,1
2019-20,33,Tamilnadu,3324,MADURAI,332401,ALANGANALLUR,Rural,1,cat1,"PS (I-V)",1,"Department of Education",3,ST,0,0,1,1,0,0,0,0,0,0,0,0,0,0,0,0,0,0,0,0,0,0,0,0,0,0
2019-20,33,Tamilnadu,3324,MADURAI,332402,CHELLAMPATTI,Rural,1,cat1,"PS (I-V)",1,"Department of Education",3,ST,0,0,0,0,0,0,0,0,0,0,0,0,0,0,0,0,0,0,0,0,0,0,0,0,0,0
2019-20,33,Tamilnadu,3324,MADURAI,332403,KALLIKUDI,Rural,1,cat1,"PS (I-V)",1,"Department of Education",3,ST,0,0,0,0,0,0,0,0,0,0,0,0,0,0,0,0,0,0,0,0,0,0,0,0,0,0
2019-20,33,Tamilnadu,3324,MADURAI,332404,T.KALLUPATTI,Rural,1,cat1,"PS (I-V)",1,"Department of Education",3,ST,0,0,0,0,0,0,0,0,0,0,0,0,0,0,0,0,0,0,0,0,0,0,0,0,0,0
2019-20,33,Tamilnadu,3324,MADURAI,332405,KOTTAMPATTI,Rural,1,cat1,"PS (I-V)",1,"Department of Education",3,ST,0,0,0,0,0,0,0,0,0,0,0,0,0,0,0,0,0,0,0,0,0,0,0,0,0,0
2019-20,33,Tamilnadu,3324,MADURAI,332406,"MADURAI EAST",Rural,1,cat1,"PS (I-V)",1,"Department of Education",3,ST,0,0,0,0,1,0,0,0,0,0,0,0,0,0,0,0,0,0,0,0,0,0,0,0,0,0
2019-20,33,Tamilnadu,3324,MADURAI,332407,"MADURAI WEST",Rural,1,cat1,"PS (I-V)",1,"Department of Education",3,ST,0,0,21,18,20,21,15,0,0,0,0,0,0,0,19,21,16,20,22,0,0,0,0,0,0,0
2019-20,33,Tamilnadu,3324,MADURAI,332408,MELUR,Rural,1,cat1,"PS (I-V)",1,"Department of Education",3,ST,0,0,0,1,0,0,2,0,0,0,0,0,0,0,0,0,0,0,0,0,0,0,0,0,0,0
2019-20,33,Tamilnadu,3324,MADURAI,332409,SEDAPATTI,Rural,1,cat1,"PS (I-V)",1,"Department of Education",3,ST,0,0,0,0,1,4,0,0,0,0,0,0,0,0,1,0,0,2,0,0,0,0,0,0,0,0
2019-20,33,Tamilnadu,3324,MADURAI,332410,THIRUMANGALAM,Rural,1,cat1,"PS (I-V)",1,"Department of Education",3,ST,0,0,1,4,1,3,2,0,0,0,0,0,0,0,3,3,1,2,1,0,0,0,0,0,0,0
2019-20,33,Tamilnadu,3324,MADURAI,332411,THIRUPARAMKUNDRAM,Rural,1,cat1,"PS (I-V)",1,"Department of Education",3,ST,0,0,3,7,4,4,8,0,0,0,0,0,0,0,6,11,5,5,4,0,0,0,0,0,0,0
2019-20,33,Tamilnadu,3324,MADURAI,332412,USILAMPATTI,Rural,1,cat1,"PS (I-V)",1,"Department of Education",3,ST,0,0,1,0,0,0,1,0,0,0,0,0,0,0,2,2,1,4,0,0,0,0,0,0,0,0
2019-20,33,Tamilnadu,3324,MADURAI,332413,T.VADIPATTI,Rural,1,cat1,"PS (I-V)",1,"Department of Education",3,ST,0,0,0,2,0,1,0,0,0,0,0,0,0,0,1,0,0,0,0,0,0,0,0,0,0,0
2019-20,33,Tamilnadu,3324,MADURAI,332401,ALANGANALLUR,Urban,1,cat1,"PS (I-V)",1,"Department of Education",3,ST,0,0,0,1,0,0,0,0,0,0,0,0,0,0,0,1,1,0,0,0,0,0,0,0,0,0
2019-20,33,Tamilnadu,3324,MADURAI,332404,T.KALLUPATTI,Urban,1,cat1,"PS (I-V)",1,"Department of Education",3,ST,0,0,0,0,0,0,0,0,0,0,0,0,0,0,0,0,0,0,0,0,0,0,0,0,0,0
2019-20,33,Tamilnadu,3324,MADURAI,332406,"MADURAI EAST",Urban,1,cat1,"PS (I-V)",1,"Department of Education",3,ST,0,0,0,0,0,0,0,0,0,0,0,0,0,0,0,0,0,0,0,0,0,0,0,0,0,0
2019-20,33,Tamilnadu,3324,MADURAI,332407,"MADURAI WEST",Urban,1,cat1,"PS (I-V)",1,"Department of Education",3,ST,0,0,1,0,0,0,0,0,0,0,0,0,0,0,0,0,0,0,0,0,0,0,0,0,0,0
2019-20,33,Tamilnadu,3324,MADURAI,332408,MELUR,Urban,1,cat1,"PS (I-V)",1,"Department of Education",3,ST,0,0,0,0,0,0,0,0,0,0,0,0,0,0,0,0,0,0,0,0,0,0,0,0,0,0
2019-20,33,Tamilnadu,3324,MADURAI,332409,SEDAPATTI,Urban,1,cat1,"PS (I-V)",1,"Department of Education",3,ST,0,0,0,0,0,0,0,0,0,0,0,0,0,0,0,0,0,0,0,0,0,0,0,0,0,0
2019-20,33,Tamilnadu,3324,MADURAI,332411,THIRUPARAMKUNDRAM,Urban,1,cat1,"PS (I-V)",1,"Department of Education",3,ST,0,0,1,0,0,1,1,0,0,0,0,0,0,0,0,1,1,3,0,0,0,0,0,0,0,0
2019-20,33,Tamilnadu,3324,MADURAI,332413,T.VADIPATTI,Urban,1,cat1,"PS (I-V)",1,"Department of Education",3,ST,0,0,0,0,0,1,0,0,0,0,0,0,0,0,0,0,0,0,0,0,0,0,0,0,0,0
2019-20,33,Tamilnadu,3324,MADURAI,332401,ALANGANALLUR,Rural,1,cat1,"PS (I-V)",2,"Tribal Welfare Department",3,ST,0,0,0,0,0,0,0,0,0,0,0,0,0,0,0,0,0,0,0,0,0,0,0,0,0,0
2019-20,33,Tamilnadu,3324,MADURAI,332406,"MADURAI EAST",Rural,1,cat1,"PS (I-V)",2,"Tribal Welfare Department",3,ST,0,0,0,0,0,0,0,0,0,0,0,0,0,0,0,0,0,0,0,0,0,0,0,0,0,0
2019-20,33,Tamilnadu,3324,MADURAI,332407,"MADURAI WEST",Rural,1,cat1,"PS (I-V)",2,"Tribal Welfare Department",3,ST,0,0,0,0,0,1,2,0,0,0,0,0,0,0,0,1,0,0,0,0,0,0,0,0,0,0
2019-20,33,Tamilnadu,3324,MADURAI,332409,SEDAPATTI,Rural,1,cat1,"PS (I-V)",2,"Tribal Welfare Department",3,ST,0,0,0,0,0,0,0,0,0,0,0,0,0,0,0,0,0,0,0,0,0,0,0,0,0,0
2019-20,33,Tamilnadu,3324,MADURAI,332413,T.VADIPATTI,Rural,1,cat1,"PS (I-V)",2,"Tribal Welfare Department",3,ST,0,0,0,0,0,0,0,0,0,0,0,0,0,0,0,0,0,0,0,0,0,0,0,0,0,0
2019-20,33,Tamilnadu,3324,MADURAI,332406,"MADURAI EAST",Rural,1,cat1,"PS (I-V)",3,"Local body",3,ST,0,0,0,0,0,0,0,0,0,0,0,0,0,0,0,0,0,0,0,0,0,0,0,0,0,0
2019-20,33,Tamilnadu,3324,MADURAI,332406,"MADURAI EAST",Urban,1,cat1,"PS (I-V)",3,"Local body",3,ST,0,0,0,0,0,0,0,0,0,0,0,0,0,0,0,0,0,0,0,0,0,0,0,0,0,0
2019-20,33,Tamilnadu,3324,MADURAI,332407,"MADURAI WEST",Urban,1,cat1,"PS (I-V)",3,"Local body",3,ST,0,0,0,0,0,0,0,0,0,0,0,0,0,0,0,0,0,0,0,0,0,0,0,0,0,0
2019-20,33,Tamilnadu,3324,MADURAI,332408,MELUR,Urban,1,cat1,"PS (I-V)",3,"Local body",3,ST,0,0,0,0,0,0,0,0,0,0,0,0,0,0,0,0,0,0,1,0,0,0,0,0,0,0
2019-20,33,Tamilnadu,3324,MADURAI,332410,THIRUMANGALAM,Urban,1,cat1,"PS (I-V)",3,"Local body",3,ST,0,0,0,0,0,0,0,0,0,0,0,0,0,0,0,0,0,0,0,0,0,0,0,0,0,0
2019-20,33,Tamilnadu,3324,MADURAI,332411,THIRUPARAMKUNDRAM,Urban,1,cat1,"PS (I-V)",3,"Local body",3,ST,0,0,0,0,0,1,1,0,0,0,0,0,0,0,0,1,0,0,0,0,0,0,0,0,0,0
2019-20,33,Tamilnadu,3324,MADURAI,332414,"MADURAI NORTH",Urban,1,cat1,"PS (I-V)",3,"Local body",3,ST,0,0,0,0,0,0,0,0,0,0,0,0,0,0,0,0,0,0,0,0,0,0,0,0,0,0
2019-20,33,Tamilnadu,3324,MADURAI,332415,"MADURAI SOUTH",Urban,1,cat1,"PS (I-V)",3,"Local body",3,ST,1,0,0,0,0,0,1,0,0,0,0,0,0,0,0,0,0,0,0,0,0,0,0,0,0,0
2019-20,33,Tamilnadu,3324,MADURAI,332401,ALANGANALLUR,Rural,1,cat1,"PS (I-V)",4,"Government Aided",3,ST,0,0,0,0,0,0,0,0,0,0,0,0,0,0,0,0,0,0,0,0,0,0,0,0,0,0
2019-20,33,Tamilnadu,3324,MADURAI,332402,CHELLAMPATTI,Rural,1,cat1,"PS (I-V)",4,"Government Aided",3,ST,0,0,0,0,0,0,0,0,0,0,0,0,0,0,0,0,0,0,0,0,0,0,0,0,0,0
2019-20,33,Tamilnadu,3324,MADURAI,332403,KALLIKUDI,Rural,1,cat1,"PS (I-V)",4,"Government Aided",3,ST,0,0,0,0,0,0,0,0,0,0,0,0,0,0,0,0,0,0,0,0,0,0,0,0,0,0
2019-20,33,Tamilnadu,3324,MADURAI,332404,T.KALLUPATTI,Rural,1,cat1,"PS (I-V)",4,"Government Aided",3,ST,0,0,0,0,0,0,0,0,0,0,0,0,0,0,0,0,0,0,0,0,0,0,0,0,0,0
2019-20,33,Tamilnadu,3324,MADURAI,332405,KOTTAMPATTI,Rural,1,cat1,"PS (I-V)",4,"Government Aided",3,ST,0,0,0,0,0,0,0,0,0,0,0,0,0,0,0,0,0,0,0,0,0,0,0,0,0,0
2019-20,33,Tamilnadu,3324,MADURAI,332406,"MADURAI EAST",Rural,1,cat1,"PS (I-V)",4,"Government Aided",3,ST,0,0,12,16,12,18,14,0,0,0,0,0,0,0,11,11,7,15,8,0,0,0,0,0,0,0
2019-20,33,Tamilnadu,3324,MADURAI,332407,"MADURAI WEST",Rural,1,cat1,"PS (I-V)",4,"Government Aided",3,ST,0,0,0,0,0,1,1,0,0,0,0,0,0,0,2,1,1,0,0,0,0,0,0,0,0,0
2019-20,33,Tamilnadu,3324,MADURAI,332408,MELUR,Rural,1,cat1,"PS (I-V)",4,"Government Aided",3,ST,0,0,0,0,1,0,0,0,0,0,0,0,0,0,0,0,0,0,0,0,0,0,0,0,0,0
2019-20,33,Tamilnadu,3324,MADURAI,332409,SEDAPATTI,Rural,1,cat1,"PS (I-V)",4,"Government Aided",3,ST,0,0,0,0,0,0,0,0,0,0,0,0,0,0,0,0,0,0,0,0,0,0,0,0,0,0
2019-20,33,Tamilnadu,3324,MADURAI,332410,THIRUMANGALAM,Rural,1,cat1,"PS (I-V)",4,"Government Aided",3,ST,0,0,0,0,0,0,0,0,0,0,0,0,0,0,0,0,0,0,0,0,0,0,0,0,0,0
2019-20,33,Tamilnadu,3324,MADURAI,332411,THIRUPARAMKUNDRAM,Rural,1,cat1,"PS (I-V)",4,"Government Aided",3,ST,0,0,0,0,0,0,0,0,0,0,0,0,0,0,0,0,1,0,0,0,0,0,0,0,0,0
2019-20,33,Tamilnadu,3324,MADURAI,332412,USILAMPATTI,Rural,1,cat1,"PS (I-V)",4,"Government Aided",3,ST,0,0,0,0,0,0,0,0,0,0,0,0,0,0,0,0,0,0,0,0,0,0,0,0,0,0
2019-20,33,Tamilnadu,3324,MADURAI,332413,T.VADIPATTI,Rural,1,cat1,"PS (I-V)",4,"Government Aided",3,ST,0,0,0,0,0,0,0,0,0,0,0,0,0,0,0,0,0,0,0,0,0,0,0,0,0,0
2019-20,33,Tamilnadu,3324,MADURAI,332401,ALANGANALLUR,Urban,1,cat1,"PS (I-V)",4,"Government Aided",3,ST,0,0,0,0,0,0,0,0,0,0,0,0,0,0,0,0,0,0,0,0,0,0,0,0,0,0
2019-20,33,Tamilnadu,3324,MADURAI,332404,T.KALLUPATTI,Urban,1,cat1,"PS (I-V)",4,"Government Aided",3,ST,0,0,0,0,0,0,0,0,0,0,0,0,0,0,0,0,0,0,0,0,0,0,0,0,0,0
2019-20,33,Tamilnadu,3324,MADURAI,332406,"MADURAI EAST",Urban,1,cat1,"PS (I-V)",4,"Government Aided",3,ST,0,0,1,0,0,0,0,0,0,0,0,0,0,0,0,0,1,1,0,0,0,0,0,0,0,0
2019-20,33,Tamilnadu,3324,MADURAI,332407,"MADURAI WEST",Urban,1,cat1,"PS (I-V)",4,"Government Aided",3,ST,0,0,0,0,0,0,0,0,0,0,0,0,0,0,1,0,1,0,0,0,0,0,0,0,0,0
2019-20,33,Tamilnadu,3324,MADURAI,332408,MELUR,Urban,1,cat1,"PS (I-V)",4,"Government Aided",3,ST,0,0,0,0,1,2,0,0,0,0,0,0,0,0,0,0,0,0,0,0,0,0,0,0,0,0
2019-20,33,Tamilnadu,3324,MADURAI,332409,SEDAPATTI,Urban,1,cat1,"PS (I-V)",4,"Government Aided",3,ST,0,0,0,0,0,0,0,0,0,0,0,0,0,0,0,0,0,0,0,0,0,0,0,0,0,0
2019-20,33,Tamilnadu,3324,MADURAI,332410,THIRUMANGALAM,Urban,1,cat1,"PS (I-V)",4,"Government Aided",3,ST,0,0,0,0,0,0,0,0,0,0,0,0,0,0,0,0,0,0,0,0,0,0,0,0,0,0
2019-20,33,Tamilnadu,3324,MADURAI,332411,THIRUPARAMKUNDRAM,Urban,1,cat1,"PS (I-V)",4,"Government Aided",3,ST,0,0,3,2,6,3,8,0,0,0,0,0,0,0,4,3,5,4,4,0,0,0,0,0,0,0
2019-20,33,Tamilnadu,3324,MADURAI,332412,USILAMPATTI,Urban,1,cat1,"PS (I-V)",4,"Government Aided",3,ST,0,0,0,0,0,0,0,0,0,0,0,0,0,0,0,1,0,0,0,0,0,0,0,0,0,0
2019-20,33,Tamilnadu,3324,MADURAI,332413,T.VADIPATTI,Urban,1,cat1,"PS (I-V)",4,"Government Aided",3,ST,0,0,1,0,0,0,0,0,0,0,0,0,0,0,1,0,0,0,0,0,0,0,0,0,0,0
2019-20,33,Tamilnadu,3324,MADURAI,332414,"MADURAI NORTH",Urban,1,cat1,"PS (I-V)",4,"Government Aided",3,ST,0,0,4,1,0,0,1,0,0,0,0,0,0,0,0,1,0,1,1,0,0,0,0,0,0,0
2019-20,33,Tamilnadu,3324,MADURAI,332415,"MADURAI SOUTH",Urban,1,cat1,"PS (I-V)",4,"Government Aided",3,ST,0,0,1,2,1,1,2,0,0,0,0,0,0,0,0,1,1,0,0,0,0,0,0,0,0,0
2019-20,33,Tamilnadu,3324,MADURAI,332401,ALANGANALLUR,Rural,1,cat1,"PS (I-V)",5,"Private Unaided (Recognized)",3,ST,5,3,2,3,4,1,4,0,0,0,0,0,0,0,2,3,1,1,0,0,0,0,0,0,0,0
2019-20,33,Tamilnadu,3324,MADURAI,332402,CHELLAMPATTI,Rural,1,cat1,"PS (I-V)",5,"Private Unaided (Recognized)",3,ST,0,0,0,0,0,0,0,0,0,0,0,0,0,0,0,0,1,0,0,0,0,0,0,0,0,0
2019-20,33,Tamilnadu,3324,MADURAI,332403,KALLIKUDI,Rural,1,cat1,"PS (I-V)",5,"Private Unaided (Recognized)",3,ST,0,0,0,0,0,0,0,0,0,0,0,0,0,0,0,0,0,0,0,0,0,0,0,0,0,0
2019-20,33,Tamilnadu,3324,MADURAI,332404,T.KALLUPATTI,Rural,1,cat1,"PS (I-V)",5,"Private Unaided (Recognized)",3,ST,0,0,0,0,0,0,0,0,0,0,0,0,0,0,0,0,0,0,0,0,0,0,0,0,0,0
2019-20,33,Tamilnadu,3324,MADURAI,332405,KOTTAMPATTI,Rural,1,cat1,"PS (I-V)",5,"Private Unaided (Recognized)",3,ST,0,0,0,0,0,0,0,0,0,0,0,0,0,0,0,0,0,0,0,0,0,0,0,0,0,0
2019-20,33,Tamilnadu,3324,MADURAI,332406,"MADURAI EAST",Rural,1,cat1,"PS (I-V)",5,"Private Unaided (Recognized)",3,ST,4,5,6,2,1,0,4,0,0,0,0,0,0,0,4,2,0,0,2,0,0,0,0,0,0,0
2019-20,33,Tamilnadu,3324,MADURAI,332407,"MADURAI WEST",Rural,1,cat1,"PS (I-V)",5,"Private Unaided (Recognized)",3,ST,3,3,1,2,1,1,0,0,0,0,0,0,0,0,1,2,0,0,0,0,0,0,0,0,0,0
2019-20,33,Tamilnadu,3324,MADURAI,332408,MELUR,Rural,1,cat1,"PS (I-V)",5,"Private Unaided (Recognized)",3,ST,0,1,0,0,1,0,0,0,0,0,0,0,0,0,0,0,1,0,0,0,0,0,0,0,0,0
2019-20,33,Tamilnadu,3324,MADURAI,332409,SEDAPATTI,Rural,1,cat1,"PS (I-V)",5,"Private Unaided (Recognized)",3,ST,0,0,0,0,0,0,0,0,0,0,0,0,0,0,0,0,0,0,0,0,0,0,0,0,0,0
2019-20,33,Tamilnadu,3324,MADURAI,332410,THIRUMANGALAM,Rural,1,cat1,"PS (I-V)",5,"Private Unaided (Recognized)",3,ST,0,0,0,0,0,0,0,0,0,0,0,0,0,0,0,0,0,0,0,0,0,0,0,0,0,0
2019-20,33,Tamilnadu,3324,MADURAI,332411,THIRUPARAMKUNDRAM,Rural,1,cat1,"PS (I-V)",5,"Private Unaided (Recognized)",3,ST,0,1,2,0,1,0,1,0,0,0,0,0,0,0,1,0,2,0,0,0,0,0,0,0,0,0
2019-20,33,Tamilnadu,3324,MADURAI,332412,USILAMPATTI,Rural,1,cat1,"PS (I-V)",5,"Private Unaided (Recognized)",3,ST,0,0,0,0,0,0,0,0,0,0,0,0,0,0,0,0,0,0,0,0,0,0,0,0,0,0
2019-20,33,Tamilnadu,3324,MADURAI,332413,T.VADIPATTI,Rural,1,cat1,"PS (I-V)",5,"Private Unaided (Recognized)",3,ST,4,2,3,2,1,0,1,0,0,0,0,0,0,0,3,0,2,0,1,0,0,0,0,0,0,0
2019-20,33,Tamilnadu,3324,MADURAI,332401,ALANGANALLUR,Urban,1,cat1,"PS (I-V)",5,"Private Unaided (Recognized)",3,ST,0,1,0,0,0,0,0,0,0,0,0,0,0,0,0,0,0,0,0,0,0,0,0,0,0,0
2019-20,33,Tamilnadu,3324,MADURAI,332404,T.KALLUPATTI,Urban,1,cat1,"PS (I-V)",5,"Private Unaided (Recognized)",3,ST,0,0,0,0,0,0,0,0,0,0,0,0,0,0,0,0,0,0,0,0,0,0,0,0,0,0
2019-20,33,Tamilnadu,3324,MADURAI,332406,"MADURAI EAST",Urban,1,cat1,"PS (I-V)",5,"Private Unaided (Recognized)",3,ST,1,1,1,0,0,0,0,0,0,0,0,0,0,0,0,1,0,0,0,0,0,0,0,0,0,0
2019-20,33,Tamilnadu,3324,MADURAI,332407,"MADURAI WEST",Urban,1,cat1,"PS (I-V)",5,"Private Unaided (Recognized)",3,ST,2,0,2,1,0,2,0,0,0,0,0,0,0,0,1,0,0,1,1,0,0,0,0,0,0,0
2019-20,33,Tamilnadu,3324,MADURAI,332408,MELUR,Urban,1,cat1,"PS (I-V)",5,"Private Unaided (Recognized)",3,ST,1,2,0,0,0,0,0,0,0,0,0,0,0,0,0,0,0,0,0,0,0,0,0,0,0,0
2019-20,33,Tamilnadu,3324,MADURAI,332409,SEDAPATTI,Urban,1,cat1,"PS (I-V)",5,"Private Unaided (Recognized)",3,ST,1,0,0,0,0,0,0,0,0,0,0,0,0,0,0,0,0,0,0,0,0,0,0,0,0,0
2019-20,33,Tamilnadu,3324,MADURAI,332410,THIRUMANGALAM,Urban,1,cat1,"PS (I-V)",5,"Private Unaided (Recognized)",3,ST,0,0,0,0,0,0,0,0,0,0,0,0,0,0,0,0,0,0,0,0,0,0,0,0,0,0
2019-20,33,Tamilnadu,3324,MADURAI,332411,THIRUPARAMKUNDRAM,Urban,1,cat1,"PS (I-V)",5,"Private Unaided (Recognized)",3,ST,4,5,5,3,0,1,2,0,0,0,0,0,0,0,2,2,0,2,1,0,0,0,0,0,0,0
2019-20,33,Tamilnadu,3324,MADURAI,332413,T.VADIPATTI,Urban,1,cat1,"PS (I-V)",5,"Private Unaided (Recognized)",3,ST,1,0,0,0,0,1,0,0,0,0,0,0,0,0,0,0,0,0,0,0,0,0,0,0,0,0
2019-20,33,Tamilnadu,3324,MADURAI,332414,"MADURAI NORTH",Urban,1,cat1,"PS (I-V)",5,"Private Unaided (Recognized)",3,ST,1,4,3,1,0,1,3,0,0,0,0,0,0,0,0,1,1,0,0,0,0,0,0,0,0,0
2019-20,33,Tamilnadu,3324,MADURAI,332415,"MADURAI SOUTH",Urban,1,cat1,"PS (I-V)",5,"Private Unaided (Recognized)",3,ST,2,1,1,0,1,0,0,0,0,0,0,0,0,0,0,2,1,0,0,0,0,0,0,0,0,0
2019-20,33,Tamilnadu,3324,MADURAI,332402,CHELLAMPATTI,Rural,1,cat1,"PS (I-V)",8,Unrecognized,3,ST,0,0,0,0,0,0,0,0,0,0,0,0,0,0,0,0,0,0,0,0,0,0,0,0,0,0
2019-20,33,Tamilnadu,3324,MADURAI,332403,KALLIKUDI,Rural,1,cat1,"PS (I-V)",8,Unrecognized,3,ST,0,0,0,0,0,0,0,0,0,0,0,0,0,0,0,0,0,0,0,0,0,0,0,0,0,0
2019-20,33,Tamilnadu,3324,MADURAI,332406,"MADURAI EAST",Rural,1,cat1,"PS (I-V)",8,Unrecognized,3,ST,2,0,1,0,1,1,0,0,0,0,0,0,0,0,0,0,0,0,0,0,0,0,0,0,0,0
2019-20,33,Tamilnadu,3324,MADURAI,332407,"MADURAI WEST",Rural,1,cat1,"PS (I-V)",8,Unrecognized,3,ST,0,0,0,0,0,0,0,0,0,0,0,0,0,0,0,0,0,0,0,0,0,0,0,0,0,0
2019-20,33,Tamilnadu,3324,MADURAI,332411,THIRUPARAMKUNDRAM,Rural,1,cat1,"PS (I-V)",8,Unrecognized,3,ST,6,6,0,0,0,0,0,0,0,0,0,0,0,0,0,0,0,0,0,0,0,0,0,0,0,0
2019-20,33,Tamilnadu,3324,MADURAI,332413,T.VADIPATTI,Rural,1,cat1,"PS (I-V)",8,Unrecognized,3,ST,0,0,0,0,0,0,0,0,0,0,0,0,0,0,0,0,0,0,0,0,0,0,0,0,0,0
2019-20,33,Tamilnadu,3324,MADURAI,332415,"MADURAI SOUTH",Rural,1,cat1,"PS (I-V)",8,Unrecognized,3,ST,0,0,0,0,0,0,0,0,0,0,0,0,0,0,0,0,0,0,0,0,0,0,0,0,0,0
2019-20,33,Tamilnadu,3324,MADURAI,332406,"MADURAI EAST",Urban,1,cat1,"PS (I-V)",8,Unrecognized,3,ST,0,0,0,0,0,0,0,0,0,0,0,0,0,0,0,0,0,0,0,0,0,0,0,0,0,0
2019-20,33,Tamilnadu,3324,MADURAI,332407,"MADURAI WEST",Urban,1,cat1,"PS (I-V)",8,Unrecognized,3,ST,1,0,0,0,0,0,0,0,0,0,0,0,0,0,0,0,0,0,0,0,0,0,0,0,0,0
2019-20,33,Tamilnadu,3324,MADURAI,332410,THIRUMANGALAM,Urban,1,cat1,"PS (I-V)",8,Unrecognized,3,ST,0,0,0,0,0,0,0,0,0,0,0,0,0,0,0,0,0,0,0,0,0,0,0,0,0,0
2019-20,33,Tamilnadu,3324,MADURAI,332411,THIRUPARAMKUNDRAM,Urban,1,cat1,"PS (I-V)",8,Unrecognized,3,ST,0,2,0,1,0,0,0,0,0,0,0,0,0,0,0,0,0,0,0,0,0,0,0,0,0,0
2019-20,33,Tamilnadu,3324,MADURAI,332413,T.VADIPATTI,Urban,1,cat1,"PS (I-V)",8,Unrecognized,3,ST,0,0,0,0,0,0,0,0,0,0,0,0,0,0,0,0,0,0,0,0,0,0,0,0,0,0
2019-20,33,Tamilnadu,3324,MADURAI,332414,"MADURAI NORTH",Urban,1,cat1,"PS (I-V)",8,Unrecognized,3,ST,0,0,0,0,0,0,0,0,0,0,0,0,0,0,0,0,0,0,0,0,0,0,0,0,0,0
2019-20,33,Tamilnadu,3324,MADURAI,332415,"MADURAI SOUTH",Urban,1,cat1,"PS (I-V)",8,Unrecognized,3,ST,0,0,0,0,0,0,0,0,0,0,0,0,0,0,0,0,0,0,0,0,0,0,0,0,0,0
2019-20,33,Tamilnadu,3324,MADURAI,332402,CHELLAMPATTI,Rural,1,cat1,"PS (I-V)",90,"Social welfare Department",3,ST,0,0,0,0,0,0,0,0,0,0,0,0,0,0,0,0,0,0,0,0,0,0,0,0,0,0
2019-20,33,Tamilnadu,3324,MADURAI,332409,SEDAPATTI,Rural,1,cat1,"PS (I-V)",90,"Social welfare Department",3,ST,0,0,0,0,0,0,0,0,0,0,0,0,0,0,0,0,0,0,0,0,0,0,0,0,0,0
2019-20,33,Tamilnadu,3324,MADURAI,332410,THIRUMANGALAM,Rural,1,cat1,"PS (I-V)",90,"Social welfare Department",3,ST,0,0,0,0,0,0,0,0,0,0,0,0,0,0,0,0,0,0,0,0,0,0,0,0,0,0
2019-20,33,Tamilnadu,3324,MADURAI,332411,THIRUPARAMKUNDRAM,Rural,1,cat1,"PS (I-V)",90,"Social welfare Department",3,ST,0,0,0,0,0,0,0,0,0,0,0,0,0,0,0,0,0,0,0,0,0,0,0,0,0,0
2019-20,33,Tamilnadu,3324,MADURAI,332412,USILAMPATTI,Rural,1,cat1,"PS (I-V)",90,"Social welfare Department",3,ST,0,0,0,0,0,0,0,0,0,0,0,0,0,0,0,0,0,0,0,0,0,0,0,0,0,0
2019-20,33,Tamilnadu,3324,MADURAI,332413,T.VADIPATTI,Rural,1,cat1,"PS (I-V)",90,"Social welfare Department",3,ST,0,0,0,0,0,0,0,0,0,0,0,0,0,0,0,0,0,0,0,0,0,0,0,0,0,0
2019-20,33,Tamilnadu,3324,MADURAI,332410,THIRUMANGALAM,Urban,1,cat1,"PS (I-V)",90,"Social welfare Department",3,ST,0,0,0,0,0,0,0,0,0,0,0,0,0,0,0,0,0,0,0,0,0,0,0,0,0,0
2019-20,33,Tamilnadu,3324,MADURAI,332413,T.VADIPATTI,Urban,1,cat1,"PS (I-V)",90,"Social welfare Department",3,ST,0,0,0,0,0,0,0,0,0,0,0,0,0,0,0,0,0,0,0,0,0,0,0,0,0,0
2019-20,33,Tamilnadu,3324,MADURAI,332402,CHELLAMPATTI,Rural,6,cat6,"SS (I-X)",5,"Private Unaided (Recognized)",3,ST,0,0,0,0,0,0,0,0,0,0,0,0,0,0,0,0,0,0,0,0,0,0,0,0,0,0
2019-20,33,Tamilnadu,3324,MADURAI,332405,KOTTAMPATTI,Rural,6,cat6,"SS (I-X)",5,"Private Unaided (Recognized)",3,ST,0,0,0,0,0,0,0,0,0,0,0,0,0,0,0,0,0,0,0,0,0,0,0,0,0,0
2019-20,33,Tamilnadu,3324,MADURAI,332406,"MADURAI EAST",Rural,6,cat6,"SS (I-X)",5,"Private Unaided (Recognized)",3,ST,0,2,2,0,0,2,1,1,1,1,0,1,0,0,1,0,0,0,0,2,1,0,0,0,0,0
2019-20,33,Tamilnadu,3324,MADURAI,332407,"MADURAI WEST",Rural,6,cat6,"SS (I-X)",5,"Private Unaided (Recognized)",3,ST,0,0,0,2,1,0,0,0,0,1,0,0,0,0,0,0,0,0,1,0,0,0,1,0,0,0
2019-20,33,Tamilnadu,3324,MADURAI,332408,MELUR,Rural,6,cat6,"SS (I-X)",5,"Private Unaided (Recognized)",3,ST,0,0,0,0,0,0,0,0,0,0,0,0,0,0,0,0,0,0,0,0,1,0,0,0,0,0
2019-20,33,Tamilnadu,3324,MADURAI,332409,SEDAPATTI,Rural,6,cat6,"SS (I-X)",5,"Private Unaided (Recognized)",3,ST,0,0,0,0,0,0,0,0,0,0,0,0,0,0,0,0,0,0,0,0,0,0,0,0,0,0
2019-20,33,Tamilnadu,3324,MADURAI,332411,THIRUPARAMKUNDRAM,Rural,6,cat6,"SS (I-X)",5,"Private Unaided (Recognized)",3,ST,2,2,1,0,0,0,0,0,0,0,1,1,0,0,0,1,0,1,0,2,0,0,0,2,0,0
2019-20,33,Tamilnadu,3324,MADURAI,332412,USILAMPATTI,Rural,6,cat6,"SS (I-X)",5,"Private Unaided (Recognized)",3,ST,0,0,0,0,0,0,0,0,0,0,0,0,0,0,0,0,0,0,0,0,0,0,0,0,0,0
2019-20,33,Tamilnadu,3324,MADURAI,332413,T.VADIPATTI,Rural,6,cat6,"SS (I-X)",5,"Private Unaided (Recognized)",3,ST,0,0,0,1,0,0,1,0,0,1,0,0,0,0,0,0,0,0,0,0,0,0,0,0,0,0
2019-20,33,Tamilnadu,3324,MADURAI,332414,"MADURAI NORTH",Rural,6,cat6,"SS (I-X)",5,"Private Unaided (Recognized)",3,ST,3,0,0,0,0,0,1,0,1,0,0,0,0,0,0,0,0,0,0,0,0,0,0,0,0,0
2019-20,33,Tamilnadu,3324,MADURAI,332406,"MADURAI EAST",Urban,6,cat6,"SS (I-X)",5,"Private Unaided (Recognized)",3,ST,0,0,0,0,0,0,0,0,0,0,0,0,0,0,0,0,0,0,0,0,0,0,0,0,0,0
2019-20,33,Tamilnadu,3324,MADURAI,332407,"MADURAI WEST",Urban,6,cat6,"SS (I-X)",5,"Private Unaided (Recognized)",3,ST,1,1,0,0,0,1,0,0,0,5,5,0,0,0,0,0,0,0,0,0,0,3,2,0,0,0
2019-20,33,Tamilnadu,3324,MADURAI,332408,MELUR,Urban,6,cat6,"SS (I-X)",5,"Private Unaided (Recognized)",3,ST,0,0,0,0,0,0,0,0,0,0,0,0,0,0,0,0,0,0,0,0,0,1,0,0,0,0
2019-20,33,Tamilnadu,3324,MADURAI,332411,THIRUPARAMKUNDRAM,Urban,6,cat6,"SS (I-X)",5,"Private Unaided (Recognized)",3,ST,0,0,1,0,0,0,0,1,0,0,0,0,0,0,0,0,0,0,1,0,0,0,0,0,0,0
2019-20,33,Tamilnadu,3324,MADURAI,332413,T.VADIPATTI,Urban,6,cat6,"SS (I-X)",5,"Private Unaided (Recognized)",3,ST,0,0,0,0,0,1,0,0,0,0,0,0,0,0,0,0,0,0,0,1,0,0,0,0,0,0
2019-20,33,Tamilnadu,3324,MADURAI,332414,"MADURAI NORTH",Urban,6,cat6,"SS (I-X)",5,"Private Unaided (Recognized)",3,ST,0,0,0,0,0,0,0,0,0,1,1,0,0,0,0,0,0,0,0,0,0,0,0,0,0,0
2019-20,33,Tamilnadu,3324,MADURAI,332415,"MADURAI SOUTH",Urban,6,cat6,"SS (I-X)",5,"Private Unaided (Recognized)",3,ST,0,0,0,0,0,0,0,0,0,0,0,0,0,0,0,0,0,0,0,0,0,0,0,0,0,0
2019-20,33,Tamilnadu,3324,MADURAI,332406,"MADURAI EAST",Urban,6,cat6,"SS (I-X)",8,Unrecognized,3,ST,0,0,0,0,0,0,0,0,0,0,0,0,0,0,0,0,0,0,0,0,0,0,0,0,0,0
2019-20,33,Tamilnadu,3324,MADURAI,332410,THIRUMANGALAM,Urban,6,cat6,"SS (I-X)",8,Unrecognized,3,ST,0,0,1,0,0,0,0,1,0,0,0,1,0,0,0,0,0,0,0,0,0,0,0,0,0,0
2019-20,33,Tamilnadu,3324,MADURAI,332410,THIRUMANGALAM,Rural,6,cat6,"SS (I-X)",90,"Social welfare Department",3,ST,0,0,0,0,0,0,0,0,0,0,0,0,0,0,0,0,0,0,0,0,0,0,0,0,0,0
2019-20,33,Tamilnadu,3324,MADURAI,332407,"MADURAI WEST",Urban,6,cat6,"SS (I-X)",90,"Social welfare Department",3,ST,0,0,0,0,0,0,0,0,0,1,0,0,0,0,0,0,0,0,0,0,0,0,0,0,0,0
2019-20,33,Tamilnadu,3324,MADURAI,332411,THIRUPARAMKUNDRAM,Urban,6,cat6,"SS (I-X)",90,"Social welfare Department",3,ST,0,0,0,0,0,0,0,0,0,0,0,0,0,0,0,0,0,0,0,0,0,0,0,0,0,0
2019-20,33,Tamilnadu,3324,MADURAI,332404,T.KALLUPATTI,Rural,8,cat8,"SS (IX-X)",1,"Department of Education",3,ST,0,0,0,0,0,0,0,0,0,0,0,0,0,0,0,0,0,0,0,0,0,0,0,0,0,0
2019-20,33,Tamilnadu,3324,MADURAI,332401,ALANGANALLUR,Rural,7,cat7,"SS (VI-X)",1,"Department of Education",3,ST,0,0,0,0,0,0,0,0,0,0,0,0,0,0,0,0,0,0,0,0,0,0,0,0,0,0
2019-20,33,Tamilnadu,3324,MADURAI,332402,CHELLAMPATTI,Rural,7,cat7,"SS (VI-X)",1,"Department of Education",3,ST,0,0,0,0,0,0,0,0,0,0,0,0,0,0,0,0,0,0,0,0,0,0,0,0,0,0
2019-20,33,Tamilnadu,3324,MADURAI,332403,KALLIKUDI,Rural,7,cat7,"SS (VI-X)",1,"Department of Education",3,ST,0,0,0,0,0,0,0,0,0,0,0,0,0,0,0,0,0,0,0,0,0,0,0,0,0,0
2019-20,33,Tamilnadu,3324,MADURAI,332404,T.KALLUPATTI,Rural,7,cat7,"SS (VI-X)",1,"Department of Education",3,ST,0,0,0,0,0,0,0,0,0,0,0,0,0,0,0,0,0,0,0,0,0,0,0,0,0,0
2019-20,33,Tamilnadu,3324,MADURAI,332405,KOTTAMPATTI,Rural,7,cat7,"SS (VI-X)",1,"Department of Education",3,ST,0,0,0,0,0,0,0,0,0,0,0,0,0,0,0,0,0,0,0,0,0,0,0,0,0,0
2019-20,33,Tamilnadu,3324,MADURAI,332406,"MADURAI EAST",Rural,7,cat7,"SS (VI-X)",1,"Department of Education",3,ST,0,0,0,0,0,0,0,0,0,1,4,4,0,0,0,0,0,0,0,0,0,0,1,3,0,0
2019-20,33,Tamilnadu,3324,MADURAI,332407,"MADURAI WEST",Rural,7,cat7,"SS (VI-X)",1,"Department of Education",3,ST,0,0,0,0,0,0,0,0,0,0,0,0,0,0,0,0,0,0,0,0,0,0,0,0,0,0
2019-20,33,Tamilnadu,3324,MADURAI,332408,MELUR,Rural,7,cat7,"SS (VI-X)",1,"Department of Education",3,ST,0,0,0,0,0,0,0,0,0,0,0,0,0,0,0,0,0,0,0,0,0,0,0,0,0,0
2019-20,33,Tamilnadu,3324,MADURAI,332409,SEDAPATTI,Rural,7,cat7,"SS (VI-X)",1,"Department of Education",3,ST,0,0,0,0,0,0,0,1,0,0,0,0,0,0,0,0,0,0,0,2,0,0,0,0,0,0
2019-20,33,Tamilnadu,3324,MADURAI,332410,THIRUMANGALAM,Rural,7,cat7,"SS (VI-X)",1,"Department of Education",3,ST,0,0,0,0,0,0,0,0,0,0,0,0,0,0,0,0,0,0,0,0,0,0,0,0,0,0
2019-20,33,Tamilnadu,3324,MADURAI,332411,THIRUPARAMKUNDRAM,Rural,7,cat7,"SS (VI-X)",1,"Department of Education",3,ST,0,0,0,0,0,0,0,4,4,7,1,1,0,0,0,0,0,0,0,7,7,4,3,10,0,0
2019-20,33,Tamilnadu,3324,MADURAI,332412,USILAMPATTI,Rural,7,cat7,"SS (VI-X)",1,"Department of Education",3,ST,0,0,0,0,0,0,0,0,0,0,0,0,0,0,0,0,0,0,0,0,0,0,0,0,0,0
2019-20,33,Tamilnadu,3324,MADURAI,332413,T.VADIPATTI,Rural,7,cat7,"SS (VI-X)",1,"Department of Education",3,ST,0,0,0,0,0,0,0,0,0,0,0,0,0,0,0,0,0,0,0,0,0,0,0,1,0,0
2019-20,33,Tamilnadu,3324,MADURAI,332406,"MADURAI EAST",Urban,7,cat7,"SS (VI-X)",1,"Department of Education",3,ST,0,0,0,0,0,0,0,0,0,0,0,0,0,0,0,0,0,0,0,0,0,0,0,0,0,0
2019-20,33,Tamilnadu,3324,MADURAI,332407,"MADURAI WEST",Urban,7,cat7,"SS (VI-X)",1,"Department of Education",3,ST,0,0,0,0,0,0,0,23,15,18,19,17,0,0,0,0,0,0,0,18,12,21,23,13,0,0
2019-20,33,Tamilnadu,3324,MADURAI,332411,THIRUPARAMKUNDRAM,Urban,7,cat7,"SS (VI-X)",1,"Department of Education",3,ST,0,0,0,0,0,0,0,0,0,0,0,0,0,0,0,0,0,0,0,0,0,0,0,0,0,0
2019-20,33,Tamilnadu,3324,MADURAI,332406,"MADURAI EAST",Rural,7,cat7,"SS (VI-X)",2,"Tribal Welfare Department",3,ST,0,0,0,0,0,0,0,0,0,0,0,0,0,0,0,0,0,0,0,0,0,0,0,0,0,0
2019-20,33,Tamilnadu,3324,MADURAI,332407,"MADURAI WEST",Rural,7,cat7,"SS (VI-X)",2,"Tribal Welfare Department",3,ST,0,0,0,0,0,0,0,2,2,1,1,0,0,0,0,0,0,0,0,0,0,2,0,0,0,0
2019-20,33,Tamilnadu,3324,MADURAI,332409,SEDAPATTI,Rural,7,cat7,"SS (VI-X)",2,"Tribal Welfare Department",3,ST,0,0,0,0,0,0,0,0,0,0,0,0,0,0,0,0,0,0,0,0,0,0,0,0,0,0
2019-20,33,Tamilnadu,3324,MADURAI,332408,MELUR,Rural,7,cat7,"SS (VI-X)",3,"Local body",3,ST,0,0,0,0,0,0,0,0,0,0,0,0,0,0,0,0,0,0,0,0,0,0,0,0,0,0
2019-20,33,Tamilnadu,3324,MADURAI,332406,"MADURAI EAST",Urban,7,cat7,"SS (VI-X)",3,"Local body",3,ST,0,0,0,0,0,0,0,0,0,0,0,0,0,0,0,0,0,0,0,0,0,0,0,0,0,0
2019-20,33,Tamilnadu,3324,MADURAI,332407,"MADURAI WEST",Urban,7,cat7,"SS (VI-X)",3,"Local body",3,ST,0,0,0,0,0,0,0,0,0,0,0,0,0,0,0,0,0,0,0,0,0,0,0,0,0,0
2019-20,33,Tamilnadu,3324,MADURAI,332415,"MADURAI SOUTH",Urban,7,cat7,"SS (VI-X)",3,"Local body",3,ST,0,0,0,0,0,0,0,1,0,0,0,0,0,0,0,0,0,0,0,0,0,0,0,0,0,0
2019-20,33,Tamilnadu,3324,MADURAI,332403,KALLIKUDI,Rural,7,cat7,"SS (VI-X)",4,"Government Aided",3,ST,0,0,0,0,0,0,0,0,0,0,0,0,0,0,0,0,0,0,0,0,0,0,0,0,0,0
2019-20,33,Tamilnadu,3324,MADURAI,332404,T.KALLUPATTI,Rural,7,cat7,"SS (VI-X)",4,"Government Aided",3,ST,0,0,0,0,0,0,0,0,0,0,0,0,0,0,0,0,0,0,0,0,0,0,0,0,0,0
2019-20,33,Tamilnadu,3324,MADURAI,332406,"MADURAI EAST",Rural,7,cat7,"SS (VI-X)",4,"Government Aided",3,ST,0,0,0,0,0,0,0,16,13,12,0,0,0,0,0,0,0,0,0,11,20,15,10,8,0,0
2019-20,33,Tamilnadu,3324,MADURAI,332407,"MADURAI WEST",Rural,7,cat7,"SS (VI-X)",4,"Government Aided",3,ST,0,0,0,0,0,0,0,3,1,2,5,1,0,0,0,0,0,0,0,0,0,0,2,1,0,0
2019-20,33,Tamilnadu,3324,MADURAI,332408,MELUR,Rural,7,cat7,"SS (VI-X)",4,"Government Aided",3,ST,0,0,0,0,0,0,0,0,0,0,0,0,0,0,0,0,0,0,0,1,0,0,0,0,0,0
2019-20,33,Tamilnadu,3324,MADURAI,332410,THIRUMANGALAM,Rural,7,cat7,"SS (VI-X)",4,"Government Aided",3,ST,0,0,0,0,0,0,0,0,0,0,0,0,0,0,0,0,0,0,0,0,0,0,0,0,0,0
2019-20,33,Tamilnadu,3324,MADURAI,332415,"MADURAI SOUTH",Rural,7,cat7,"SS (VI-X)",4,"Government Aided",3,ST,0,0,0,0,0,0,0,0,0,0,0,0,0,0,0,0,0,0,0,0,0,0,0,0,0,0
2019-20,33,Tamilnadu,3324,MADURAI,332406,"MADURAI EAST",Urban,7,cat7,"SS (VI-X)",4,"Government Aided",3,ST,0,0,0,0,0,0,0,0,0,0,0,0,0,0,0,0,0,0,0,0,0,0,0,0,0,0
2019-20,33,Tamilnadu,3324,MADURAI,332407,"MADURAI WEST",Urban,7,cat7,"SS (VI-X)",4,"Government Aided",3,ST,0,0,0,0,0,0,0,0,0,0,0,0,0,0,0,0,0,0,0,0,0,0,0,0,0,0
2019-20,33,Tamilnadu,3324,MADURAI,332408,MELUR,Urban,7,cat7,"SS (VI-X)",4,"Government Aided",3,ST,0,0,0,0,0,0,0,0,0,0,0,1,0,0,0,0,0,0,0,0,0,1,0,0,0,0
2019-20,33,Tamilnadu,3324,MADURAI,332410,THIRUMANGALAM,Urban,7,cat7,"SS (VI-X)",4,"Government Aided",3,ST,0,0,0,0,0,0,0,0,0,0,0,0,0,0,0,0,0,0,0,0,0,0,0,0,0,0
2019-20,33,Tamilnadu,3324,MADURAI,332411,THIRUPARAMKUNDRAM,Urban,7,cat7,"SS (VI-X)",4,"Government Aided",3,ST,0,0,0,0,0,0,0,0,0,1,0,0,0,0,0,0,0,0,0,0,0,0,0,0,0,0
2019-20,33,Tamilnadu,3324,MADURAI,332414,"MADURAI NORTH",Urban,7,cat7,"SS (VI-X)",4,"Government Aided",3,ST,0,0,0,0,0,0,0,0,0,0,0,0,0,0,0,0,0,0,0,0,0,0,0,0,0,0
2019-20,33,Tamilnadu,3324,MADURAI,332415,"MADURAI SOUTH",Urban,7,cat7,"SS (VI-X)",4,"Government Aided",3,ST,0,0,0,0,0,0,0,0,0,0,0,0,0,0,0,0,0,0,0,0,0,0,1,0,0,0
2019-20,33,Tamilnadu,3324,MADURAI,332411,THIRUPARAMKUNDRAM,Rural,7,cat7,"SS (VI-X)",5,"Private Unaided (Recognized)",3,ST,0,0,0,0,0,0,0,0,0,0,0,0,0,0,0,0,0,0,0,0,0,0,0,0,0,0
2019-20,33,Tamilnadu,3324,MADURAI,332413,T.VADIPATTI,Rural,7,cat7,"SS (VI-X)",5,"Private Unaided (Recognized)",3,ST,0,0,0,0,0,0,0,0,0,1,0,0,0,0,0,0,0,0,0,1,0,0,0,0,0,0
2019-20,33,Tamilnadu,3324,MADURAI,332406,"MADURAI EAST",Urban,7,cat7,"SS (VI-X)",5,"Private Unaided (Recognized)",3,ST,0,0,0,0,0,0,0,0,0,0,0,0,0,0,0,0,0,0,0,0,0,0,0,0,0,0
2019-20,33,Tamilnadu,3324,MADURAI,332415,"MADURAI SOUTH",Urban,7,cat7,"SS (VI-X)",5,"Private Unaided (Recognized)",3,ST,0,0,0,0,0,0,0,0,0,0,0,0,0,0,0,0,0,0,0,0,0,0,0,0,0,0
2019-20,33,Tamilnadu,3324,MADURAI,332402,CHELLAMPATTI,Rural,7,cat7,"SS (VI-X)",90,"Social welfare Department",3,ST,0,0,0,0,0,0,0,0,0,0,0,0,0,0,0,0,0,0,0,0,0,0,0,0,0,0
2019-20,33,Tamilnadu,3324,MADURAI,332410,THIRUMANGALAM,Rural,7,cat7,"SS (VI-X)",90,"Social welfare Department",3,ST,0,0,0,0,0,0,0,0,0,0,0,0,0,0,0,0,0,0,0,0,0,0,0,0,0,0
2019-20,33,Tamilnadu,3324,MADURAI,332411,THIRUPARAMKUNDRAM,Rural,7,cat7,"SS (VI-X)",90,"Social welfare Department",3,ST,0,0,0,0,0,0,0,0,0,0,0,0,0,0,0,0,0,0,0,0,0,0,0,0,0,0
2019-20,33,Tamilnadu,3324,MADURAI,332412,USILAMPATTI,Rural,7,cat7,"SS (VI-X)",90,"Social welfare Department",3,ST,0,0,0,0,0,0,0,0,0,0,0,0,0,0,0,0,0,0,0,0,0,0,0,0,0,0
2019-20,33,Tamilnadu,3324,MADURAI,332412,USILAMPATTI,Urban,7,cat7,"SS (VI-X)",90,"Social welfare Department",3,ST,0,0,0,0,0,0,0,0,0,0,0,0,0,0,0,0,0,0,0,0,0,0,0,0,0,0
2019-20,33,Tamilnadu,3324,MADURAI,332401,ALANGANALLUR,Rural,2,cat2,"UPS (I-VIII)",1,"Department of Education",3,ST,0,0,7,6,9,8,9,11,4,3,0,0,0,0,5,7,12,5,9,6,10,3,0,0,0,0
2019-20,33,Tamilnadu,3324,MADURAI,332402,CHELLAMPATTI,Rural,2,cat2,"UPS (I-VIII)",1,"Department of Education",3,ST,0,0,0,0,0,0,0,0,0,0,0,0,0,0,0,0,0,0,0,0,0,0,0,0,0,0
2019-20,33,Tamilnadu,3324,MADURAI,332403,KALLIKUDI,Rural,2,cat2,"UPS (I-VIII)",1,"Department of Education",3,ST,0,0,0,0,0,0,0,0,0,0,0,0,0,0,0,0,0,0,0,0,0,0,0,0,0,0
2019-20,33,Tamilnadu,3324,MADURAI,332404,T.KALLUPATTI,Rural,2,cat2,"UPS (I-VIII)",1,"Department of Education",3,ST,0,0,0,0,0,0,0,0,0,0,0,0,0,0,0,0,0,0,0,0,0,0,0,0,0,0
2019-20,33,Tamilnadu,3324,MADURAI,332405,KOTTAMPATTI,Rural,2,cat2,"UPS (I-VIII)",1,"Department of Education",3,ST,0,0,0,0,0,0,0,0,0,0,0,0,0,0,0,0,0,0,0,0,0,0,0,0,0,0
2019-20,33,Tamilnadu,3324,MADURAI,332406,"MADURAI EAST",Rural,2,cat2,"UPS (I-VIII)",1,"Department of Education",3,ST,0,0,5,6,9,11,14,2,17,5,0,0,0,0,1,5,3,4,10,7,5,6,0,0,0,0
2019-20,33,Tamilnadu,3324,MADURAI,332407,"MADURAI WEST",Rural,2,cat2,"UPS (I-VIII)",1,"Department of Education",3,ST,0,0,0,0,0,0,0,0,0,0,0,0,0,0,0,0,0,0,0,0,0,0,0,0,0,0
2019-20,33,Tamilnadu,3324,MADURAI,332408,MELUR,Rural,2,cat2,"UPS (I-VIII)",1,"Department of Education",3,ST,0,0,0,0,0,0,0,0,0,0,0,0,0,0,0,0,0,0,0,0,0,0,0,0,0,0
2019-20,33,Tamilnadu,3324,MADURAI,332409,SEDAPATTI,Rural,2,cat2,"UPS (I-VIII)",1,"Department of Education",3,ST,0,0,0,0,0,0,0,0,0,0,0,0,0,0,0,0,0,0,0,0,0,0,0,0,0,0
2019-20,33,Tamilnadu,3324,MADURAI,332410,THIRUMANGALAM,Rural,2,cat2,"UPS (I-VIII)",1,"Department of Education",3,ST,0,0,0,0,0,0,0,4,2,0,0,0,0,0,0,0,0,0,0,2,4,1,0,0,0,0
2019-20,33,Tamilnadu,3324,MADURAI,332411,THIRUPARAMKUNDRAM,Rural,2,cat2,"UPS (I-VIII)",1,"Department of Education",3,ST,0,0,0,0,0,0,0,0,0,0,0,0,0,0,0,0,0,0,0,0,0,0,0,0,0,0
2019-20,33,Tamilnadu,3324,MADURAI,332412,USILAMPATTI,Rural,2,cat2,"UPS (I-VIII)",1,"Department of Education",3,ST,0,0,0,0,0,0,1,0,0,0,0,0,0,0,0,0,0,0,0,0,0,0,0,0,0,0
2019-20,33,Tamilnadu,3324,MADURAI,332413,T.VADIPATTI,Rural,2,cat2,"UPS (I-VIII)",1,"Department of Education",3,ST,0,0,2,0,1,1,0,3,2,1,0,0,0,0,4,2,2,1,3,2,0,0,0,0,0,0
2019-20,33,Tamilnadu,3324,MADURAI,332401,ALANGANALLUR,Urban,2,cat2,"UPS (I-VIII)",1,"Department of Education",3,ST,0,0,0,0,0,0,0,0,0,0,0,0,0,0,0,0,0,0,0,0,0,0,0,0,0,0
2019-20,33,Tamilnadu,3324,MADURAI,332402,CHELLAMPATTI,Urban,2,cat2,"UPS (I-VIII)",1,"Department of Education",3,ST,0,0,0,0,0,0,0,0,0,0,0,0,0,0,0,0,0,0,0,0,0,0,0,0,0,0
2019-20,33,Tamilnadu,3324,MADURAI,332406,"MADURAI EAST",Urban,2,cat2,"UPS (I-VIII)",1,"Department of Education",3,ST,0,0,0,0,0,0,0,0,0,0,0,0,0,0,0,0,0,0,0,0,0,0,0,0,0,0
2019-20,33,Tamilnadu,3324,MADURAI,332407,"MADURAI WEST",Urban,2,cat2,"UPS (I-VIII)",1,"Department of Education",3,ST,0,0,0,0,0,0,1,0,0,0,0,0,0,0,0,0,0,0,0,0,0,0,0,0,0,0
2019-20,33,Tamilnadu,3324,MADURAI,332411,THIRUPARAMKUNDRAM,Urban,2,cat2,"UPS (I-VIII)",1,"Department of Education",3,ST,0,0,0,0,0,0,0,0,0,0,0,0,0,0,0,0,0,0,0,0,0,0,0,0,0,0
2019-20,33,Tamilnadu,3324,MADURAI,332413,T.VADIPATTI,Urban,2,cat2,"UPS (I-VIII)",1,"Department of Education",3,ST,0,0,0,0,0,0,0,0,0,0,0,0,0,0,0,0,0,0,0,0,0,0,0,0,0,0
2019-20,33,Tamilnadu,3324,MADURAI,332404,T.KALLUPATTI,Rural,2,cat2,"UPS (I-VIII)",2,"Tribal Welfare Department",3,ST,0,0,0,0,0,0,0,0,0,0,0,0,0,0,0,0,0,0,0,0,0,0,0,0,0,0
2019-20,33,Tamilnadu,3324,MADURAI,332406,"MADURAI EAST",Rural,2,cat2,"UPS (I-VIII)",2,"Tribal Welfare Department",3,ST,0,0,0,0,0,0,0,0,0,0,0,0,0,0,0,0,0,0,0,0,0,0,0,0,0,0
2019-20,33,Tamilnadu,3324,MADURAI,332409,SEDAPATTI,Rural,2,cat2,"UPS (I-VIII)",2,"Tribal Welfare Department",3,ST,0,0,0,0,0,0,0,0,0,0,0,0,0,0,0,0,0,0,0,0,0,0,0,0,0,0
2019-20,33,Tamilnadu,3324,MADURAI,332406,"MADURAI EAST",Urban,2,cat2,"UPS (I-VIII)",3,"Local body",3,ST,0,0,0,0,0,0,0,0,0,0,0,0,0,0,0,0,0,0,0,0,0,0,0,0,0,0
2019-20,33,Tamilnadu,3324,MADURAI,332407,"MADURAI WEST",Urban,2,cat2,"UPS (I-VIII)",3,"Local body",3,ST,0,0,0,0,0,0,0,0,0,0,0,0,0,0,0,0,0,0,0,0,0,0,0,0,0,0
2019-20,33,Tamilnadu,3324,MADURAI,332411,THIRUPARAMKUNDRAM,Urban,2,cat2,"UPS (I-VIII)",3,"Local body",3,ST,8,3,0,1,1,3,0,2,1,3,0,0,0,0,0,1,1,3,1,3,3,3,0,0,0,0
2019-20,33,Tamilnadu,3324,MADURAI,332414,"MADURAI NORTH",Urban,2,cat2,"UPS (I-VIII)",3,"Local body",3,ST,0,0,0,0,0,0,0,0,0,0,0,0,0,0,0,0,0,0,0,0,0,0,0,0,0,0
2019-20,33,Tamilnadu,3324,MADURAI,332415,"MADURAI SOUTH",Urban,2,cat2,"UPS (I-VIII)",3,"Local body",3,ST,0,0,0,0,0,0,0,0,0,0,0,0,0,0,0,0,0,0,0,0,0,0,0,0,0,0
2019-20,33,Tamilnadu,3324,MADURAI,332404,T.KALLUPATTI,Rural,2,cat2,"UPS (I-VIII)",4,"Government Aided",3,ST,0,0,0,0,0,0,0,0,0,0,0,0,0,0,0,0,0,0,0,0,0,0,0,0,0,0
2019-20,33,Tamilnadu,3324,MADURAI,332407,"MADURAI WEST",Rural,2,cat2,"UPS (I-VIII)",4,"Government Aided",3,ST,0,0,0,0,0,0,0,0,0,0,0,0,0,0,0,0,0,0,0,0,0,0,0,0,0,0
2019-20,33,Tamilnadu,3324,MADURAI,332408,MELUR,Rural,2,cat2,"UPS (I-VIII)",4,"Government Aided",3,ST,0,0,0,0,0,0,0,0,0,0,0,0,0,0,0,0,0,0,0,0,0,0,0,0,0,0
2019-20,33,Tamilnadu,3324,MADURAI,332409,SEDAPATTI,Rural,2,cat2,"UPS (I-VIII)",4,"Government Aided",3,ST,0,0,0,0,0,0,0,0,0,0,0,0,0,0,0,0,0,0,0,0,1,0,0,0,0,0
2019-20,33,Tamilnadu,3324,MADURAI,332411,THIRUPARAMKUNDRAM,Rural,2,cat2,"UPS (I-VIII)",4,"Government Aided",3,ST,0,0,0,0,0,0,0,0,0,0,0,0,0,0,0,0,0,0,0,0,0,0,0,0,0,0
2019-20,33,Tamilnadu,3324,MADURAI,332413,T.VADIPATTI,Rural,2,cat2,"UPS (I-VIII)",4,"Government Aided",3,ST,0,0,0,0,0,0,0,0,0,0,0,0,0,0,0,0,0,0,0,0,0,0,0,0,0,0
2019-20,33,Tamilnadu,3324,MADURAI,332414,"MADURAI NORTH",Rural,2,cat2,"UPS (I-VIII)",4,"Government Aided",3,ST,0,0,0,0,2,2,2,0,0,1,0,0,0,0,1,1,1,0,1,0,0,1,0,0,0,0
2019-20,33,Tamilnadu,3324,MADURAI,332406,"MADURAI EAST",Urban,2,cat2,"UPS (I-VIII)",4,"Government Aided",3,ST,0,0,0,1,0,3,2,0,0,0,0,0,0,0,1,1,0,1,1,0,1,0,0,0,0,0
2019-20,33,Tamilnadu,3324,MADURAI,332407,"MADURAI WEST",Urban,2,cat2,"UPS (I-VIII)",4,"Government Aided",3,ST,0,0,5,4,7,3,4,1,1,1,0,0,0,0,9,7,5,6,3,4,2,0,0,0,0,0
2019-20,33,Tamilnadu,3324,MADURAI,332408,MELUR,Urban,2,cat2,"UPS (I-VIII)",4,"Government Aided",3,ST,0,0,0,0,0,0,0,0,0,0,0,0,0,0,0,0,0,0,0,0,0,0,0,0,0,0
2019-20,33,Tamilnadu,3324,MADURAI,332411,THIRUPARAMKUNDRAM,Urban,2,cat2,"UPS (I-VIII)",4,"Government Aided",3,ST,0,0,0,1,0,0,0,0,3,0,0,0,0,0,1,0,2,0,1,0,0,0,0,0,0,0
2019-20,33,Tamilnadu,3324,MADURAI,332412,USILAMPATTI,Urban,2,cat2,"UPS (I-VIII)",4,"Government Aided",3,ST,0,0,0,0,0,0,0,0,0,0,0,0,0,0,0,0,0,0,0,0,0,0,0,0,0,0
2019-20,33,Tamilnadu,3324,MADURAI,332413,T.VADIPATTI,Urban,2,cat2,"UPS (I-VIII)",4,"Government Aided",3,ST,0,0,0,0,0,0,0,0,0,0,0,0,0,0,0,0,0,0,0,0,0,0,0,0,0,0
2019-20,33,Tamilnadu,3324,MADURAI,332414,"MADURAI NORTH",Urban,2,cat2,"UPS (I-VIII)",4,"Government Aided",3,ST,0,0,3,0,2,0,0,3,0,0,0,0,0,0,0,0,2,0,0,2,1,3,0,0,0,0
2019-20,33,Tamilnadu,3324,MADURAI,332415,"MADURAI SOUTH",Urban,2,cat2,"UPS (I-VIII)",4,"Government Aided",3,ST,0,0,1,0,0,0,0,0,0,1,0,0,0,0,0,0,2,2,1,0,0,0,0,0,0,0
2019-20,33,Tamilnadu,3324,MADURAI,332401,ALANGANALLUR,Rural,2,cat2,"UPS (I-VIII)",5,"Private Unaided (Recognized)",3,ST,0,0,0,0,0,0,0,0,0,0,0,0,0,0,0,0,0,0,0,0,0,0,0,0,0,0
2019-20,33,Tamilnadu,3324,MADURAI,332403,KALLIKUDI,Rural,2,cat2,"UPS (I-VIII)",5,"Private Unaided (Recognized)",3,ST,0,0,0,0,0,0,0,0,0,0,0,0,0,0,0,0,0,0,0,0,0,0,0,0,0,0
2019-20,33,Tamilnadu,3324,MADURAI,332406,"MADURAI EAST",Rural,2,cat2,"UPS (I-VIII)",5,"Private Unaided (Recognized)",3,ST,1,0,0,0,0,0,0,0,0,0,0,0,0,0,0,0,0,1,0,0,0,0,0,0,0,0
2019-20,33,Tamilnadu,3324,MADURAI,332407,"MADURAI WEST",Rural,2,cat2,"UPS (I-VIII)",5,"Private Unaided (Recognized)",3,ST,0,0,0,0,0,0,0,0,0,0,0,0,0,0,0,0,0,0,0,0,0,0,0,0,0,0
2019-20,33,Tamilnadu,3324,MADURAI,332410,THIRUMANGALAM,Rural,2,cat2,"UPS (I-VIII)",5,"Private Unaided (Recognized)",3,ST,0,1,0,0,0,0,0,0,0,0,0,0,0,0,0,0,0,0,0,0,0,0,0,0,0,0
2019-20,33,Tamilnadu,3324,MADURAI,332411,THIRUPARAMKUNDRAM,Rural,2,cat2,"UPS (I-VIII)",5,"Private Unaided (Recognized)",3,ST,0,1,0,1,0,1,0,0,0,0,0,0,0,0,1,0,0,0,0,0,1,0,0,0,0,0
2019-20,33,Tamilnadu,3324,MADURAI,332412,USILAMPATTI,Rural,2,cat2,"UPS (I-VIII)",5,"Private Unaided (Recognized)",3,ST,0,0,0,0,0,0,0,0,0,0,0,0,0,0,0,0,0,0,0,0,0,0,0,0,0,0
2019-20,33,Tamilnadu,3324,MADURAI,332413,T.VADIPATTI,Rural,2,cat2,"UPS (I-VIII)",5,"Private Unaided (Recognized)",3,ST,1,0,1,1,1,0,0,2,1,0,0,0,0,0,0,0,0,0,0,0,0,0,0,0,0,0
2019-20,33,Tamilnadu,3324,MADURAI,332406,"MADURAI EAST",Urban,2,cat2,"UPS (I-VIII)",5,"Private Unaided (Recognized)",3,ST,0,0,0,0,0,0,0,0,0,0,0,0,0,0,0,0,0,0,0,0,0,0,0,0,0,0
2019-20,33,Tamilnadu,3324,MADURAI,332407,"MADURAI WEST",Urban,2,cat2,"UPS (I-VIII)",5,"Private Unaided (Recognized)",3,ST,2,0,0,0,0,1,1,0,0,0,0,0,0,0,0,1,0,0,0,0,0,0,0,0,0,0
2019-20,33,Tamilnadu,3324,MADURAI,332408,MELUR,Urban,2,cat2,"UPS (I-VIII)",5,"Private Unaided (Recognized)",3,ST,0,0,0,0,1,0,0,0,0,0,0,0,0,0,0,0,0,0,0,0,0,0,0,0,0,0
2019-20,33,Tamilnadu,3324,MADURAI,332409,SEDAPATTI,Urban,2,cat2,"UPS (I-VIII)",5,"Private Unaided (Recognized)",3,ST,0,0,0,0,0,0,0,0,0,0,0,0,0,0,0,0,0,0,0,0,0,0,0,0,0,0
2019-20,33,Tamilnadu,3324,MADURAI,332410,THIRUMANGALAM,Urban,2,cat2,"UPS (I-VIII)",5,"Private Unaided (Recognized)",3,ST,0,0,0,0,0,0,0,0,0,0,0,0,0,0,0,0,0,0,0,0,0,0,0,0,0,0
2019-20,33,Tamilnadu,3324,MADURAI,332411,THIRUPARAMKUNDRAM,Urban,2,cat2,"UPS (I-VIII)",5,"Private Unaided (Recognized)",3,ST,0,0,0,0,0,0,0,0,0,0,0,0,0,0,0,0,0,0,0,0,0,0,0,0,0,0
2019-20,33,Tamilnadu,3324,MADURAI,332412,USILAMPATTI,Urban,2,cat2,"UPS (I-VIII)",5,"Private Unaided (Recognized)",3,ST,0,0,0,1,0,0,0,0,0,0,0,0,0,0,0,0,0,0,0,0,0,0,0,0,0,0
2019-20,33,Tamilnadu,3324,MADURAI,332414,"MADURAI NORTH",Urban,2,cat2,"UPS (I-VIII)",5,"Private Unaided (Recognized)",3,ST,0,0,0,0,0,0,0,0,0,0,0,0,0,0,0,0,0,0,0,0,0,0,0,0,0,0
2019-20,33,Tamilnadu,3324,MADURAI,332402,CHELLAMPATTI,Rural,2,cat2,"UPS (I-VIII)",8,Unrecognized,3,ST,0,0,0,0,0,0,0,0,0,0,0,0,0,0,0,0,0,0,0,0,0,0,0,0,0,0
2019-20,33,Tamilnadu,3324,MADURAI,332406,"MADURAI EAST",Rural,2,cat2,"UPS (I-VIII)",8,Unrecognized,3,ST,0,1,0,0,0,0,1,0,0,0,0,0,0,0,0,0,0,0,0,0,0,0,0,0,0,0
2019-20,33,Tamilnadu,3324,MADURAI,332408,MELUR,Rural,2,cat2,"UPS (I-VIII)",8,Unrecognized,3,ST,0,0,0,0,0,0,0,0,0,0,0,0,0,0,0,0,0,0,0,0,0,0,0,0,0,0
2019-20,33,Tamilnadu,3324,MADURAI,332411,THIRUPARAMKUNDRAM,Urban,2,cat2,"UPS (I-VIII)",8,Unrecognized,3,ST,1,0,0,0,0,0,0,0,0,0,0,0,0,0,0,0,0,0,0,0,0,0,0,0,0,0
2019-20,33,Tamilnadu,3324,MADURAI,332402,CHELLAMPATTI,Rural,2,cat2,"UPS (I-VIII)",90,"Social welfare Department",3,ST,0,0,0,0,0,0,0,0,0,0,0,0,0,0,0,0,0,0,0,0,0,0,0,0,0,0
2019-20,33,Tamilnadu,3324,MADURAI,332409,SEDAPATTI,Rural,2,cat2,"UPS (I-VIII)",90,"Social welfare Department",3,ST,0,0,0,0,0,0,0,0,0,0,0,0,0,0,0,0,0,0,0,0,0,0,0,0,0,0
2019-20,33,Tamilnadu,3324,MADURAI,332411,THIRUPARAMKUNDRAM,Rural,2,cat2,"UPS (I-VIII)",90,"Social welfare Department",3,ST,0,0,0,0,0,0,0,0,0,0,0,0,0,0,0,0,0,0,0,0,0,0,0,0,0,0
2019-20,33,Tamilnadu,3324,MADURAI,332412,USILAMPATTI,Rural,2,cat2,"UPS (I-VIII)",90,"Social welfare Department",3,ST,0,0,0,0,0,0,0,0,0,0,0,0,0,0,0,0,0,0,0,0,0,0,0,0,0,0
2019-20,33,Tamilnadu,3324,MADURAI,332406,"MADURAI EAST",Urban,2,cat2,"UPS (I-VIII)",90,"Social welfare Department",3,ST,0,0,0,0,0,0,0,0,0,0,0,0,0,0,0,0,0,0,0,0,0,0,0,0,0,0
2019-20,33,Tamilnadu,3324,MADURAI,332411,THIRUPARAMKUNDRAM,Urban,2,cat2,"UPS (I-VIII)",90,"Social welfare Department",3,ST,0,0,0,0,0,0,0,0,0,0,0,0,0,0,0,0,0,0,0,0,0,0,0,0,0,0
2019-20,33,Tamilnadu,3324,MADURAI,332410,THIRUMANGALAM,Rural,4,cat4,"UPS (VI-VIII)",4,"Government Aided",3,ST,0,0,0,0,0,0,0,0,0,0,0,0,0,0,0,0,0,0,0,0,0,0,0,0,0,0
2019-20,33,Tamilnadu,3324,MADURAI,332411,THIRUPARAMKUNDRAM,Rural,4,cat4,"UPS (VI-VIII)",4,"Government Aided",3,ST,0,0,0,0,0,0,0,0,0,0,0,0,0,0,0,0,0,0,0,0,0,0,0,0,0,0
2019-20,33,Tamilnadu,3324,MADURAI,332411,THIRUPARAMKUNDRAM,Urban,4,cat4,"UPS (VI-VIII)",4,"Government Aided",3,ST,0,0,0,0,0,0,0,0,1,0,0,0,0,0,0,0,0,0,0,0,1,1,0,0,0,0
2019-20,33,Tamilnadu,3324,MADURAI,332415,"MADURAI SOUTH",Urban,4,cat4,"UPS (VI-VIII)",4,"Government Aided",3,ST,0,0,0,0,0,0,0,0,0,0,0,0,0,0,0,0,0,0,0,0,0,0,0,0,0,0
2019-20,33,Tamilnadu,3324,MADURAI,332406,"MADURAI EAST",Rural,3,cat3,"HSS (I-XII)",1,"Department of Education",4,OBC,32,55,17,5,2,7,1,0,0,0,0,0,0,0,15,13,20,21,18,122,138,149,196,175,174,164
2019-20,33,Tamilnadu,3324,MADURAI,332406,"MADURAI EAST",Urban,3,cat3,"HSS (I-XII)",4,"Government Aided",4,OBC,0,0,0,0,0,0,0,0,0,0,0,0,0,0,74,92,109,130,147,499,568,573,617,588,585,645
2019-20,33,Tamilnadu,3324,MADURAI,332407,"MADURAI WEST",Urban,3,cat3,"HSS (I-XII)",4,"Government Aided",4,OBC,0,0,2,6,3,3,2,9,11,5,14,9,11,9,19,18,22,23,38,48,50,61,88,87,123,119
2019-20,33,Tamilnadu,3324,MADURAI,332414,"MADURAI NORTH",Urban,3,cat3,"HSS (I-XII)",4,"Government Aided",4,OBC,0,0,0,0,0,0,0,0,0,0,0,0,0,0,57,47,55,66,81,193,229,280,355,294,423,429
2019-20,33,Tamilnadu,3324,MADURAI,332402,CHELLAMPATTI,Rural,3,cat3,"HSS (I-XII)",5,"Private Unaided (Recognized)",4,OBC,136,122,49,62,49,51,46,34,37,35,43,34,22,0,51,63,51,42,23,14,18,17,25,12,9,0
2019-20,33,Tamilnadu,3324,MADURAI,332404,T.KALLUPATTI,Rural,3,cat3,"HSS (I-XII)",5,"Private Unaided (Recognized)",4,OBC,138,110,90,90,121,76,86,80,65,70,50,69,57,51,77,83,94,71,74,52,60,57,45,46,31,25
2019-20,33,Tamilnadu,3324,MADURAI,332406,"MADURAI EAST",Rural,3,cat3,"HSS (I-XII)",5,"Private Unaided (Recognized)",4,OBC,534,440,321,315,355,327,354,324,360,357,299,281,214,195,258,258,262,263,283,248,282,256,244,253,197,226
2019-20,33,Tamilnadu,3324,MADURAI,332407,"MADURAI WEST",Rural,3,cat3,"HSS (I-XII)",5,"Private Unaided (Recognized)",4,OBC,701,600,452,433,591,552,522,550,546,506,541,528,739,760,393,416,426,456,430,416,358,356,372,320,642,587
2019-20,33,Tamilnadu,3324,MADURAI,332408,MELUR,Rural,3,cat3,"HSS (I-XII)",5,"Private Unaided (Recognized)",4,OBC,404,294,190,195,210,245,257,271,277,248,268,271,155,145,149,158,152,157,153,168,161,142,164,165,131,102
2019-20,33,Tamilnadu,3324,MADURAI,332409,SEDAPATTI,Rural,3,cat3,"HSS (I-XII)",5,"Private Unaided (Recognized)",4,OBC,245,171,129,99,90,74,108,96,121,102,85,97,61,52,91,93,76,66,74,84,64,56,75,66,56,44
2019-20,33,Tamilnadu,3324,MADURAI,332410,THIRUMANGALAM,Rural,3,cat3,"HSS (I-XII)",5,"Private Unaided (Recognized)",4,OBC,477,336,299,312,303,291,259,267,237,258,231,249,144,103,207,201,246,167,211,172,179,181,179,172,136,87
2019-20,33,Tamilnadu,3324,MADURAI,332411,THIRUPARAMKUNDRAM,Rural,3,cat3,"HSS (I-XII)",5,"Private Unaided (Recognized)",4,OBC,1336,1119,884,856,880,856,909,919,934,858,916,989,1152,1005,690,640,685,663,674,630,607,622,607,665,738,711
2019-20,33,Tamilnadu,3324,MADURAI,332412,USILAMPATTI,Rural,3,cat3,"HSS (I-XII)",5,"Private Unaided (Recognized)",4,OBC,49,36,29,26,20,21,22,19,29,20,20,25,21,14,23,20,11,22,14,11,8,10,6,9,14,15
2019-20,33,Tamilnadu,3324,MADURAI,332413,T.VADIPATTI,Rural,3,cat3,"HSS (I-XII)",5,"Private Unaided (Recognized)",4,OBC,54,49,30,24,32,38,34,44,47,43,33,43,36,27,20,27,32,23,41,38,30,31,43,35,37,24
2019-20,33,Tamilnadu,3324,MADURAI,332414,"MADURAI NORTH",Rural,3,cat3,"HSS (I-XII)",5,"Private Unaided (Recognized)",4,OBC,145,93,57,49,66,59,55,84,62,66,63,72,52,54,35,38,42,41,44,41,44,55,32,33,51,51
2019-20,33,Tamilnadu,3324,MADURAI,332415,"MADURAI SOUTH",Rural,3,cat3,"HSS (I-XII)",5,"Private Unaided (Recognized)",4,OBC,44,31,31,24,25,35,29,24,23,19,25,38,6,7,10,26,20,19,20,9,8,2,3,9,2,3
2019-20,33,Tamilnadu,3324,MADURAI,332401,ALANGANALLUR,Urban,3,cat3,"HSS (I-XII)",5,"Private Unaided (Recognized)",4,OBC,215,181,107,82,114,73,68,108,99,100,91,90,75,65,87,77,71,64,66,63,59,53,55,58,48,43
2019-20,33,Tamilnadu,3324,MADURAI,332404,T.KALLUPATTI,Urban,3,cat3,"HSS (I-XII)",5,"Private Unaided (Recognized)",4,OBC,76,86,32,47,40,43,40,51,50,43,50,51,31,30,51,42,36,31,48,30,45,40,31,24,37,27
2019-20,33,Tamilnadu,3324,MADURAI,332406,"MADURAI EAST",Urban,3,cat3,"HSS (I-XII)",5,"Private Unaided (Recognized)",4,OBC,680,552,406,393,435,464,486,546,580,529,525,555,446,495,338,365,345,368,401,366,358,342,310,361,288,343
2019-20,33,Tamilnadu,3324,MADURAI,332407,"MADURAI WEST",Urban,3,cat3,"HSS (I-XII)",5,"Private Unaided (Recognized)",4,OBC,1305,1104,761,826,848,857,786,933,874,829,836,811,752,675,613,698,670,683,689,623,633,579,560,620,482,539
2019-20,33,Tamilnadu,3324,MADURAI,332408,MELUR,Urban,3,cat3,"HSS (I-XII)",5,"Private Unaided (Recognized)",4,OBC,554,405,368,393,384,345,354,383,381,344,334,381,267,217,272,250,257,255,235,192,212,180,175,156,154,169
2019-20,33,Tamilnadu,3324,MADURAI,332410,THIRUMANGALAM,Urban,3,cat3,"HSS (I-XII)",5,"Private Unaided (Recognized)",4,OBC,203,183,117,97,119,134,132,115,116,120,113,119,98,83,92,101,102,98,108,76,83,73,50,58,44,32
2019-20,33,Tamilnadu,3324,MADURAI,332411,THIRUPARAMKUNDRAM,Urban,3,cat3,"HSS (I-XII)",5,"Private Unaided (Recognized)",4,OBC,1174,987,676,752,811,755,783,969,919,953,909,933,940,857,622,617,651,642,697,689,680,649,623,655,612,611
2019-20,33,Tamilnadu,3324,MADURAI,332412,USILAMPATTI,Urban,3,cat3,"HSS (I-XII)",5,"Private Unaided (Recognized)",4,OBC,175,148,93,103,107,125,112,101,123,96,117,112,82,85,86,73,75,80,81,73,66,75,74,68,62,56
2019-20,33,Tamilnadu,3324,MADURAI,332413,T.VADIPATTI,Urban,3,cat3,"HSS (I-XII)",5,"Private Unaided (Recognized)",4,OBC,246,224,130,146,166,148,156,166,160,166,166,153,107,106,101,121,123,135,143,88,111,104,102,108,99,79
2019-20,33,Tamilnadu,3324,MADURAI,332414,"MADURAI NORTH",Urban,3,cat3,"HSS (I-XII)",5,"Private Unaided (Recognized)",4,OBC,213,159,131,159,157,153,180,175,272,267,299,245,233,210,99,94,107,129,111,115,182,203,159,201,143,122
2019-20,33,Tamilnadu,3324,MADURAI,332415,"MADURAI SOUTH",Urban,3,cat3,"HSS (I-XII)",5,"Private Unaided (Recognized)",4,OBC,583,1103,327,313,312,313,309,294,315,289,298,301,199,218,583,595,562,593,656,568,567,559,537,548,473,475
2019-20,33,Tamilnadu,3324,MADURAI,332407,"MADURAI WEST",Urban,3,cat3,"HSS (I-XII)",92,"Kendriya Vidyalaya / Central School",4,OBC,0,0,44,86,58,79,71,50,66,32,62,65,57,41,48,71,62,71,72,47,45,48,66,61,71,60
2019-20,33,Tamilnadu,3324,MADURAI,332411,THIRUPARAMKUNDRAM,Urban,3,cat3,"HSS (I-XII)",92,"Kendriya Vidyalaya / Central School",4,OBC,0,0,57,63,51,44,36,43,52,22,42,13,19,8,55,74,54,38,42,36,52,24,36,20,20,8
2019-20,33,Tamilnadu,3324,MADURAI,332414,"MADURAI NORTH",Urban,3,cat3,"HSS (I-XII)",95,"Railway School",4,OBC,0,0,7,6,5,6,9,7,8,7,8,6,20,19,4,5,2,8,5,4,8,6,3,7,5,9
2019-20,33,Tamilnadu,3324,MADURAI,332415,"MADURAI SOUTH",Urban,10,cat10,"HSS (IX-XII)",4,"Government Aided",4,OBC,0,0,0,0,0,0,0,0,0,0,212,159,110,106,0,0,0,0,0,0,0,0,46,52,0,0
2019-20,33,Tamilnadu,3324,MADURAI,332401,ALANGANALLUR,Rural,5,cat5,"HSS (VI-XII)",1,"Department of Education",4,OBC,0,0,0,0,0,0,0,106,101,124,187,160,140,130,0,0,0,0,0,81,99,112,139,147,115,121
2019-20,33,Tamilnadu,3324,MADURAI,332403,KALLIKUDI,Rural,5,cat5,"HSS (VI-XII)",1,"Department of Education",4,OBC,0,0,0,0,0,0,0,70,81,87,118,101,145,136,0,0,0,0,0,66,86,70,98,89,92,104
2019-20,33,Tamilnadu,3324,MADURAI,332404,T.KALLUPATTI,Rural,5,cat5,"HSS (VI-XII)",1,"Department of Education",4,OBC,0,0,0,0,0,0,0,22,11,22,24,22,16,11,0,0,0,0,0,20,15,20,14,19,18,6
2019-20,33,Tamilnadu,3324,MADURAI,332405,KOTTAMPATTI,Rural,5,cat5,"HSS (VI-XII)",1,"Department of Education",4,OBC,0,0,0,0,0,0,0,213,238,245,309,315,274,226,0,0,0,0,0,244,225,265,367,346,319,282
2019-20,33,Tamilnadu,3324,MADURAI,332406,"MADURAI EAST",Rural,5,cat5,"HSS (VI-XII)",1,"Department of Education",4,OBC,0,0,0,0,0,0,0,52,67,67,111,102,63,72,0,0,0,0,0,8,4,3,15,4,13,1
2019-20,33,Tamilnadu,3324,MADURAI,332407,"MADURAI WEST",Rural,5,cat5,"HSS (VI-XII)",1,"Department of Education",4,OBC,0,0,0,0,0,0,0,65,78,96,150,124,220,183,0,0,0,0,0,57,57,51,91,79,103,121
2019-20,33,Tamilnadu,3324,MADURAI,332408,MELUR,Rural,5,cat5,"HSS (VI-XII)",1,"Department of Education",4,OBC,0,0,0,0,0,0,0,174,197,203,249,259,222,199,0,0,0,0,0,181,183,195,233,226,220,216
2019-20,33,Tamilnadu,3324,MADURAI,332409,SEDAPATTI,Rural,5,cat5,"HSS (VI-XII)",1,"Department of Education",4,OBC,0,0,0,0,0,0,0,81,81,97,112,124,158,136,0,0,0,0,0,84,74,74,110,88,100,93
2019-20,33,Tamilnadu,3324,MADURAI,332410,THIRUMANGALAM,Rural,5,cat5,"HSS (VI-XII)",1,"Department of Education",4,OBC,0,0,0,0,0,0,0,60,73,84,86,106,81,87,0,0,0,0,0,49,44,56,87,82,71,64
2019-20,33,Tamilnadu,3324,MADURAI,332411,THIRUPARAMKUNDRAM,Rural,5,cat5,"HSS (VI-XII)",1,"Department of Education",4,OBC,0,0,0,0,0,0,0,64,85,84,121,102,52,71,0,0,0,0,0,45,54,89,82,82,48,41
2019-20,33,Tamilnadu,3324,MADURAI,332413,T.VADIPATTI,Rural,5,cat5,"HSS (VI-XII)",1,"Department of Education",4,OBC,0,0,0,0,0,0,0,28,39,31,75,54,66,72,0,0,0,0,0,8,9,17,8,4,7,10
2019-20,33,Tamilnadu,3324,MADURAI,332401,ALANGANALLUR,Urban,5,cat5,"HSS (VI-XII)",1,"Department of Education",4,OBC,0,0,0,0,0,0,0,104,112,105,178,171,168,152,0,0,0,0,0,133,135,134,176,159,224,185
2019-20,33,Tamilnadu,3324,MADURAI,332404,T.KALLUPATTI,Urban,5,cat5,"HSS (VI-XII)",1,"Department of Education",4,OBC,0,0,0,0,0,0,0,26,25,27,76,88,142,133,0,0,0,0,0,89,101,108,135,142,204,190
2019-20,33,Tamilnadu,3324,MADURAI,332407,"MADURAI WEST",Urban,5,cat5,"HSS (VI-XII)",1,"Department of Education",4,OBC,0,0,0,0,0,0,0,18,14,24,24,26,26,24,0,0,0,0,0,19,28,18,21,30,17,21
2019-20,33,Tamilnadu,3324,MADURAI,332408,MELUR,Urban,5,cat5,"HSS (VI-XII)",1,"Department of Education",4,OBC,0,0,0,0,0,0,0,44,38,35,96,83,241,181,0,0,0,0,0,247,252,245,339,421,451,419
2019-20,33,Tamilnadu,3324,MADURAI,332409,SEDAPATTI,Urban,5,cat5,"HSS (VI-XII)",1,"Department of Education",4,OBC,0,0,0,0,0,0,0,39,44,56,81,102,100,121,0,0,0,0,0,80,117,116,127,117,143,147
2019-20,33,Tamilnadu,3324,MADURAI,332410,THIRUMANGALAM,Urban,5,cat5,"HSS (VI-XII)",1,"Department of Education",4,OBC,0,0,0,0,0,0,0,13,10,19,28,22,78,52,0,0,0,0,0,80,100,114,149,141,275,297
2019-20,33,Tamilnadu,3324,MADURAI,332411,THIRUPARAMKUNDRAM,Urban,5,cat5,"HSS (VI-XII)",1,"Department of Education",4,OBC,0,0,0,0,0,0,0,64,44,49,85,53,72,29,0,0,0,0,0,22,32,15,26,22,13,14
2019-20,33,Tamilnadu,3324,MADURAI,332412,USILAMPATTI,Urban,5,cat5,"HSS (VI-XII)",1,"Department of Education",4,OBC,0,0,0,0,0,0,0,7,13,12,29,49,74,74,0,0,0,0,0,0,0,0,0,0,0,0
2019-20,33,Tamilnadu,3324,MADURAI,332413,T.VADIPATTI,Urban,5,cat5,"HSS (VI-XII)",1,"Department of Education",4,OBC,0,0,0,0,0,0,0,38,54,72,95,98,137,123,0,0,0,0,0,200,234,244,288,295,304,271
2019-20,33,Tamilnadu,3324,MADURAI,332414,"MADURAI NORTH",Urban,5,cat5,"HSS (VI-XII)",1,"Department of Education",4,OBC,0,0,0,0,0,0,0,0,0,0,0,0,0,0,0,0,0,0,0,44,63,77,96,98,138,132
2019-20,33,Tamilnadu,3324,MADURAI,332401,ALANGANALLUR,Rural,5,cat5,"HSS (VI-XII)",2,"Tribal Welfare Department",4,OBC,0,0,0,0,0,0,0,7,11,7,6,10,6,8,0,0,0,0,0,4,10,2,5,7,3,11
2019-20,33,Tamilnadu,3324,MADURAI,332406,"MADURAI EAST",Rural,5,cat5,"HSS (VI-XII)",2,"Tribal Welfare Department",4,OBC,0,0,0,0,0,0,0,9,6,10,27,26,12,21,0,0,0,0,0,9,6,9,30,17,25,14
2019-20,33,Tamilnadu,3324,MADURAI,332413,T.VADIPATTI,Rural,5,cat5,"HSS (VI-XII)",2,"Tribal Welfare Department",4,OBC,0,0,0,0,0,0,0,6,6,9,17,11,24,24,0,0,0,0,0,4,6,4,13,7,8,13
2019-20,33,Tamilnadu,3324,MADURAI,332407,"MADURAI WEST",Rural,5,cat5,"HSS (VI-XII)",3,"Local body",4,OBC,0,0,0,0,0,0,0,0,0,0,0,0,0,0,0,0,0,0,0,35,24,34,63,53,110,100
2019-20,33,Tamilnadu,3324,MADURAI,332406,"MADURAI EAST",Urban,5,cat5,"HSS (VI-XII)",3,"Local body",4,OBC,0,0,0,0,0,0,0,27,33,35,52,49,109,75,0,0,0,0,0,48,71,76,111,122,204,176
2019-20,33,Tamilnadu,3324,MADURAI,332407,"MADURAI WEST",Urban,5,cat5,"HSS (VI-XII)",3,"Local body",4,OBC,0,0,0,0,0,0,0,102,96,109,181,145,163,127,0,0,0,0,0,73,60,44,71,75,54,74
2019-20,33,Tamilnadu,3324,MADURAI,332411,THIRUPARAMKUNDRAM,Urban,5,cat5,"HSS (VI-XII)",3,"Local body",4,OBC,0,0,0,0,0,0,0,0,0,0,0,0,0,0,0,0,0,0,0,103,91,64,115,86,110,67
2019-20,33,Tamilnadu,3324,MADURAI,332414,"MADURAI NORTH",Urban,5,cat5,"HSS (VI-XII)",3,"Local body",4,OBC,0,0,0,0,0,0,0,7,7,7,8,8,37,22,0,0,0,0,0,106,125,129,151,123,229,207
2019-20,33,Tamilnadu,3324,MADURAI,332415,"MADURAI SOUTH",Urban,5,cat5,"HSS (VI-XII)",3,"Local body",4,OBC,0,0,0,0,0,0,0,41,29,48,92,71,112,91,0,0,0,0,0,382,434,492,594,627,829,774
2019-20,33,Tamilnadu,3324,MADURAI,332401,ALANGANALLUR,Rural,5,cat5,"HSS (VI-XII)",4,"Government Aided",4,OBC,0,0,0,0,0,0,0,10,7,8,17,14,25,29,0,0,0,0,0,7,2,7,3,8,6,10
2019-20,33,Tamilnadu,3324,MADURAI,332402,CHELLAMPATTI,Rural,5,cat5,"HSS (VI-XII)",4,"Government Aided",4,OBC,0,0,0,0,0,0,0,79,80,107,98,113,114,117,0,0,0,0,0,80,51,72,74,93,69,71
2019-20,33,Tamilnadu,3324,MADURAI,332403,KALLIKUDI,Rural,5,cat5,"HSS (VI-XII)",4,"Government Aided",4,OBC,0,0,0,0,0,0,0,76,73,105,113,94,72,76,0,0,0,0,0,45,46,73,75,49,48,63
2019-20,33,Tamilnadu,3324,MADURAI,332404,T.KALLUPATTI,Rural,5,cat5,"HSS (VI-XII)",4,"Government Aided",4,OBC,0,0,0,0,0,0,0,49,62,64,101,120,115,97,0,0,0,0,0,49,45,55,82,69,70,80
2019-20,33,Tamilnadu,3324,MADURAI,332406,"MADURAI EAST",Rural,5,cat5,"HSS (VI-XII)",4,"Government Aided",4,OBC,0,0,0,0,0,0,0,80,74,75,71,71,0,0,0,0,0,0,0,70,71,73,62,75,50,0
2019-20,33,Tamilnadu,3324,MADURAI,332407,"MADURAI WEST",Rural,5,cat5,"HSS (VI-XII)",4,"Government Aided",4,OBC,0,0,0,0,0,0,0,45,52,57,94,79,86,49,0,0,0,0,0,21,19,25,34,41,28,22
2019-20,33,Tamilnadu,3324,MADURAI,332409,SEDAPATTI,Rural,5,cat5,"HSS (VI-XII)",4,"Government Aided",4,OBC,0,0,0,0,0,0,0,145,158,157,204,165,188,148,0,0,0,0,0,80,88,81,129,99,101,92
2019-20,33,Tamilnadu,3324,MADURAI,332410,THIRUMANGALAM,Rural,5,cat5,"HSS (VI-XII)",4,"Government Aided",4,OBC,0,0,0,0,0,0,0,40,63,54,68,76,72,58,0,0,0,0,0,59,70,62,84,75,70,65
2019-20,33,Tamilnadu,3324,MADURAI,332411,THIRUPARAMKUNDRAM,Rural,5,cat5,"HSS (VI-XII)",4,"Government Aided",4,OBC,0,0,0,0,0,0,0,141,211,261,305,289,361,276,0,0,0,0,0,272,297,286,350,366,368,367
2019-20,33,Tamilnadu,3324,MADURAI,332413,T.VADIPATTI,Rural,5,cat5,"HSS (VI-XII)",4,"Government Aided",4,OBC,0,0,0,0,0,0,0,39,34,36,49,61,168,173,0,0,0,0,0,0,0,0,0,0,0,0
2019-20,33,Tamilnadu,3324,MADURAI,332414,"MADURAI NORTH",Rural,5,cat5,"HSS (VI-XII)",4,"Government Aided",4,OBC,0,0,0,0,0,0,0,9,6,14,68,88,47,38,0,0,0,0,0,4,2,4,30,24,31,20
2019-20,33,Tamilnadu,3324,MADURAI,332415,"MADURAI SOUTH",Rural,5,cat5,"HSS (VI-XII)",4,"Government Aided",4,OBC,0,0,0,0,0,0,0,43,60,41,51,82,96,90,0,0,0,0,0,0,0,0,0,0,0,0
2019-20,33,Tamilnadu,3324,MADURAI,332404,T.KALLUPATTI,Urban,5,cat5,"HSS (VI-XII)",4,"Government Aided",4,OBC,0,0,0,0,0,0,0,74,65,62,64,63,84,68,0,0,0,0,0,68,48,66,82,80,81,77
2019-20,33,Tamilnadu,3324,MADURAI,332406,"MADURAI EAST",Urban,5,cat5,"HSS (VI-XII)",4,"Government Aided",4,OBC,0,0,0,0,0,0,0,134,150,187,236,290,253,254,0,0,0,0,0,28,33,28,34,25,26,15
2019-20,33,Tamilnadu,3324,MADURAI,332407,"MADURAI WEST",Urban,5,cat5,"HSS (VI-XII)",4,"Government Aided",4,OBC,0,0,0,0,0,0,0,279,287,345,403,386,269,243,0,0,0,0,0,485,484,504,639,632,570,585
2019-20,33,Tamilnadu,3324,MADURAI,332410,THIRUMANGALAM,Urban,5,cat5,"HSS (VI-XII)",4,"Government Aided",4,OBC,0,0,0,0,0,0,0,223,228,266,227,250,336,330,0,0,0,0,0,215,243,199,239,225,304,312
2019-20,33,Tamilnadu,3324,MADURAI,332411,THIRUPARAMKUNDRAM,Urban,5,cat5,"HSS (VI-XII)",4,"Government Aided",4,OBC,0,0,0,0,0,0,0,453,457,529,676,589,525,471,0,0,0,0,0,555,545,587,668,688,720,760
2019-20,33,Tamilnadu,3324,MADURAI,332412,USILAMPATTI,Urban,5,cat5,"HSS (VI-XII)",4,"Government Aided",4,OBC,0,0,0,0,0,0,0,149,153,158,200,197,197,191,0,0,0,0,0,238,237,255,365,340,360,408
2019-20,33,Tamilnadu,3324,MADURAI,332414,"MADURAI NORTH",Urban,5,cat5,"HSS (VI-XII)",4,"Government Aided",4,OBC,0,0,0,0,0,0,0,517,608,686,1314,1261,1391,1228,0,0,0,0,0,214,186,136,300,311,353,374
2019-20,33,Tamilnadu,3324,MADURAI,332415,"MADURAI SOUTH",Urban,5,cat5,"HSS (VI-XII)",4,"Government Aided",4,OBC,0,0,0,0,0,0,0,1126,1173,1168,1372,1251,1443,1453,0,0,0,0,0,1052,1022,1126,1600,1626,2030,2098
2019-20,33,Tamilnadu,3324,MADURAI,332407,"MADURAI WEST",Rural,5,cat5,"HSS (VI-XII)",5,"Private Unaided (Recognized)",4,OBC,0,0,0,0,0,0,0,5,7,3,12,12,17,21,0,0,0,0,0,14,27,29,33,53,46,68
2019-20,33,Tamilnadu,3324,MADURAI,332408,MELUR,Rural,5,cat5,"HSS (VI-XII)",5,"Private Unaided (Recognized)",4,OBC,0,0,0,0,0,0,0,3,19,24,62,67,62,58,0,0,0,0,0,2,3,10,6,16,26,27
2019-20,33,Tamilnadu,3324,MADURAI,332410,THIRUMANGALAM,Rural,5,cat5,"HSS (VI-XII)",5,"Private Unaided (Recognized)",4,OBC,0,0,0,0,0,0,0,67,53,57,74,62,48,47,0,0,0,0,0,44,42,55,37,46,20,27
2019-20,33,Tamilnadu,3324,MADURAI,332411,THIRUPARAMKUNDRAM,Rural,5,cat5,"HSS (VI-XII)",5,"Private Unaided (Recognized)",4,OBC,0,0,0,0,0,0,0,19,17,6,16,7,4,2,0,0,0,0,0,11,14,13,8,8,14,11
2019-20,33,Tamilnadu,3324,MADURAI,332412,USILAMPATTI,Rural,5,cat5,"HSS (VI-XII)",5,"Private Unaided (Recognized)",4,OBC,0,0,0,0,0,0,0,28,17,36,55,45,57,54,0,0,0,0,0,26,17,22,31,20,37,55
2019-20,33,Tamilnadu,3324,MADURAI,332407,"MADURAI WEST",Urban,5,cat5,"HSS (VI-XII)",5,"Private Unaided (Recognized)",4,OBC,0,0,0,0,0,0,0,62,57,92,130,150,96,91,0,0,0,0,0,11,17,13,23,39,38,54
2019-20,33,Tamilnadu,3324,MADURAI,332410,THIRUMANGALAM,Urban,5,cat5,"HSS (VI-XII)",5,"Private Unaided (Recognized)",4,OBC,0,0,0,0,0,0,0,56,62,53,60,69,41,26,0,0,0,0,0,19,30,22,18,12,12,7
2019-20,33,Tamilnadu,3324,MADURAI,332411,THIRUPARAMKUNDRAM,Urban,5,cat5,"HSS (VI-XII)",5,"Private Unaided (Recognized)",4,OBC,0,0,0,0,0,0,0,0,0,0,6,12,0,3,0,0,0,0,0,0,0,0,3,3,0,4
2019-20,33,Tamilnadu,3324,MADURAI,332402,CHELLAMPATTI,Rural,5,cat5,"HSS (VI-XII)",90,"Social welfare Department",4,OBC,0,0,0,0,0,0,0,146,149,139,176,188,211,198,0,0,0,0,0,120,119,130,136,149,165,165
2019-20,33,Tamilnadu,3324,MADURAI,332409,SEDAPATTI,Rural,5,cat5,"HSS (VI-XII)",90,"Social welfare Department",4,OBC,0,0,0,0,0,0,0,42,40,42,60,49,58,53,0,0,0,0,0,37,42,45,43,44,44,44
2019-20,33,Tamilnadu,3324,MADURAI,332410,THIRUMANGALAM,Rural,5,cat5,"HSS (VI-XII)",90,"Social welfare Department",4,OBC,0,0,0,0,0,0,0,49,66,80,67,68,95,84,0,0,0,0,0,66,84,57,99,88,80,81
2019-20,33,Tamilnadu,3324,MADURAI,332412,USILAMPATTI,Rural,5,cat5,"HSS (VI-XII)",90,"Social welfare Department",4,OBC,0,0,0,0,0,0,0,92,63,72,125,101,78,74,0,0,0,0,0,52,56,53,91,67,65,61
2019-20,33,Tamilnadu,3324,MADURAI,332413,T.VADIPATTI,Rural,5,cat5,"HSS (VI-XII)",90,"Social welfare Department",4,OBC,0,0,0,0,0,0,0,26,34,27,34,36,37,31,0,0,0,0,0,22,30,15,20,16,20,27
2019-20,33,Tamilnadu,3324,MADURAI,332401,ALANGANALLUR,Rural,1,cat1,"PS (I-V)",1,"Department of Education",4,OBC,0,0,136,172,165,163,218,0,0,0,0,0,0,0,165,169,215,177,207,0,0,0,0,0,0,0
2019-20,33,Tamilnadu,3324,MADURAI,332402,CHELLAMPATTI,Rural,1,cat1,"PS (I-V)",1,"Department of Education",4,OBC,0,0,72,73,96,98,84,0,0,0,0,0,0,0,75,70,85,92,89,0,0,0,0,0,0,0
2019-20,33,Tamilnadu,3324,MADURAI,332403,KALLIKUDI,Rural,1,cat1,"PS (I-V)",1,"Department of Education",4,OBC,0,0,157,164,188,198,176,0,0,0,0,0,0,0,146,191,180,196,171,0,0,0,0,0,0,0
2019-20,33,Tamilnadu,3324,MADURAI,332404,T.KALLUPATTI,Rural,1,cat1,"PS (I-V)",1,"Department of Education",4,OBC,0,0,74,82,104,74,95,0,0,0,0,0,0,0,74,77,97,79,113,0,0,0,0,0,0,0
2019-20,33,Tamilnadu,3324,MADURAI,332405,KOTTAMPATTI,Rural,1,cat1,"PS (I-V)",1,"Department of Education",4,OBC,0,0,268,258,298,319,349,0,0,0,0,0,0,0,251,299,341,304,322,0,0,0,0,0,0,0
2019-20,33,Tamilnadu,3324,MADURAI,332406,"MADURAI EAST",Rural,1,cat1,"PS (I-V)",1,"Department of Education",4,OBC,0,0,185,200,237,226,224,0,0,0,0,0,0,0,179,199,180,218,223,0,0,0,0,0,0,0
2019-20,33,Tamilnadu,3324,MADURAI,332407,"MADURAI WEST",Rural,1,cat1,"PS (I-V)",1,"Department of Education",4,OBC,0,0,139,139,168,151,175,0,0,0,0,0,0,0,139,153,163,174,151,0,0,0,0,0,0,0
2019-20,33,Tamilnadu,3324,MADURAI,332408,MELUR,Rural,1,cat1,"PS (I-V)",1,"Department of Education",4,OBC,0,0,220,223,248,258,283,0,0,0,0,0,0,0,187,234,261,251,320,0,0,0,0,0,0,0
2019-20,33,Tamilnadu,3324,MADURAI,332409,SEDAPATTI,Rural,1,cat1,"PS (I-V)",1,"Department of Education",4,OBC,0,0,126,157,165,143,151,0,0,0,0,0,0,0,129,140,140,154,174,0,0,0,0,0,0,0
2019-20,33,Tamilnadu,3324,MADURAI,332410,THIRUMANGALAM,Rural,1,cat1,"PS (I-V)",1,"Department of Education",4,OBC,0,0,104,121,122,121,130,0,0,0,0,0,0,0,107,109,132,108,124,0,0,0,0,0,0,0
2019-20,33,Tamilnadu,3324,MADURAI,332411,THIRUPARAMKUNDRAM,Rural,1,cat1,"PS (I-V)",1,"Department of Education",4,OBC,0,0,152,205,224,226,228,0,0,0,0,0,0,0,170,212,221,256,251,0,0,0,0,0,0,0
2019-20,33,Tamilnadu,3324,MADURAI,332412,USILAMPATTI,Rural,1,cat1,"PS (I-V)",1,"Department of Education",4,OBC,0,0,64,79,76,79,89,0,0,0,0,0,0,0,75,75,82,78,64,0,0,0,0,0,0,0
2019-20,33,Tamilnadu,3324,MADURAI,332413,T.VADIPATTI,Rural,1,cat1,"PS (I-V)",1,"Department of Education",4,OBC,0,0,60,51,52,59,85,0,0,0,0,0,0,0,61,56,63,67,57,0,0,0,0,0,0,0
2019-20,33,Tamilnadu,3324,MADURAI,332401,ALANGANALLUR,Urban,1,cat1,"PS (I-V)",1,"Department of Education",4,OBC,0,0,43,56,61,61,61,0,0,0,0,0,0,0,61,62,72,69,84,0,0,0,0,0,0,0
2019-20,33,Tamilnadu,3324,MADURAI,332404,T.KALLUPATTI,Urban,1,cat1,"PS (I-V)",1,"Department of Education",4,OBC,0,0,21,15,17,18,22,0,0,0,0,0,0,0,18,17,24,20,28,0,0,0,0,0,0,0
2019-20,33,Tamilnadu,3324,MADURAI,332406,"MADURAI EAST",Urban,1,cat1,"PS (I-V)",1,"Department of Education",4,OBC,0,0,3,2,3,3,2,0,0,0,0,0,0,0,0,1,0,4,4,0,0,0,0,0,0,0
2019-20,33,Tamilnadu,3324,MADURAI,332407,"MADURAI WEST",Urban,1,cat1,"PS (I-V)",1,"Department of Education",4,OBC,0,0,26,31,28,28,37,0,0,0,0,0,0,0,25,21,17,32,25,0,0,0,0,0,0,0
2019-20,33,Tamilnadu,3324,MADURAI,332408,MELUR,Urban,1,cat1,"PS (I-V)",1,"Department of Education",4,OBC,0,0,10,5,3,10,7,0,0,0,0,0,0,0,7,7,15,13,8,0,0,0,0,0,0,0
2019-20,33,Tamilnadu,3324,MADURAI,332409,SEDAPATTI,Urban,1,cat1,"PS (I-V)",1,"Department of Education",4,OBC,0,0,1,2,9,4,12,0,0,0,0,0,0,0,7,12,11,4,10,0,0,0,0,0,0,0
2019-20,33,Tamilnadu,3324,MADURAI,332411,THIRUPARAMKUNDRAM,Urban,1,cat1,"PS (I-V)",1,"Department of Education",4,OBC,0,0,94,93,82,107,94,0,0,0,0,0,0,0,84,88,107,91,114,0,0,0,0,0,0,0
2019-20,33,Tamilnadu,3324,MADURAI,332413,T.VADIPATTI,Urban,1,cat1,"PS (I-V)",1,"Department of Education",4,OBC,0,0,13,9,11,16,20,0,0,0,0,0,0,0,19,25,18,19,25,0,0,0,0,0,0,0
2019-20,33,Tamilnadu,3324,MADURAI,332401,ALANGANALLUR,Rural,1,cat1,"PS (I-V)",2,"Tribal Welfare Department",4,OBC,0,0,0,0,3,5,8,0,0,0,0,0,0,0,1,1,0,1,3,0,0,0,0,0,0,0
2019-20,33,Tamilnadu,3324,MADURAI,332406,"MADURAI EAST",Rural,1,cat1,"PS (I-V)",2,"Tribal Welfare Department",4,OBC,0,0,4,4,4,3,4,0,0,0,0,0,0,0,5,5,4,8,9,0,0,0,0,0,0,0
2019-20,33,Tamilnadu,3324,MADURAI,332407,"MADURAI WEST",Rural,1,cat1,"PS (I-V)",2,"Tribal Welfare Department",4,OBC,0,0,0,2,1,0,1,0,0,0,0,0,0,0,2,0,1,4,0,0,0,0,0,0,0,0
2019-20,33,Tamilnadu,3324,MADURAI,332409,SEDAPATTI,Rural,1,cat1,"PS (I-V)",2,"Tribal Welfare Department",4,OBC,0,0,0,0,0,0,1,0,0,0,0,0,0,0,0,0,0,0,0,0,0,0,0,0,0,0
2019-20,33,Tamilnadu,3324,MADURAI,332413,T.VADIPATTI,Rural,1,cat1,"PS (I-V)",2,"Tribal Welfare Department",4,OBC,0,0,2,6,4,7,2,0,0,0,0,0,0,0,3,3,1,5,5,0,0,0,0,0,0,0
2019-20,33,Tamilnadu,3324,MADURAI,332406,"MADURAI EAST",Rural,1,cat1,"PS (I-V)",3,"Local body",4,OBC,8,9,4,1,5,2,8,0,0,0,0,0,0,0,6,4,5,4,3,0,0,0,0,0,0,0
2019-20,33,Tamilnadu,3324,MADURAI,332408,MELUR,Rural,1,cat1,"PS (I-V)",3,"Local body",4,OBC,0,0,0,2,1,0,2,0,0,0,0,0,0,0,1,0,1,2,4,0,0,0,0,0,0,0
2019-20,33,Tamilnadu,3324,MADURAI,332406,"MADURAI EAST",Urban,1,cat1,"PS (I-V)",3,"Local body",4,OBC,28,22,11,10,12,13,10,0,0,0,0,0,0,0,13,8,19,21,14,0,0,0,0,0,0,0
2019-20,33,Tamilnadu,3324,MADURAI,332407,"MADURAI WEST",Urban,1,cat1,"PS (I-V)",3,"Local body",4,OBC,30,48,81,62,76,85,78,0,0,0,0,0,0,0,63,67,77,83,67,0,0,0,0,0,0,0
2019-20,33,Tamilnadu,3324,MADURAI,332408,MELUR,Urban,1,cat1,"PS (I-V)",3,"Local body",4,OBC,0,0,8,10,13,18,14,0,0,0,0,0,0,0,14,13,15,21,11,0,0,0,0,0,0,0
2019-20,33,Tamilnadu,3324,MADURAI,332410,THIRUMANGALAM,Urban,1,cat1,"PS (I-V)",3,"Local body",4,OBC,0,0,8,9,12,8,5,0,0,0,0,0,0,0,10,7,4,9,11,0,0,0,0,0,0,0
2019-20,33,Tamilnadu,3324,MADURAI,332411,THIRUPARAMKUNDRAM,Urban,1,cat1,"PS (I-V)",3,"Local body",4,OBC,30,25,25,30,30,26,26,0,0,0,0,0,0,0,46,38,49,51,42,0,0,0,0,0,0,0
2019-20,33,Tamilnadu,3324,MADURAI,332414,"MADURAI NORTH",Urban,1,cat1,"PS (I-V)",3,"Local body",4,OBC,59,66,18,10,14,14,9,0,0,0,0,0,0,0,27,19,13,15,12,0,0,0,0,0,0,0
2019-20,33,Tamilnadu,3324,MADURAI,332415,"MADURAI SOUTH",Urban,1,cat1,"PS (I-V)",3,"Local body",4,OBC,194,205,80,55,58,102,76,0,0,0,0,0,0,0,102,100,106,131,153,0,0,0,0,0,0,0
2019-20,33,Tamilnadu,3324,MADURAI,332401,ALANGANALLUR,Rural,1,cat1,"PS (I-V)",4,"Government Aided",4,OBC,0,0,24,29,29,26,28,0,0,0,0,0,0,0,33,34,27,28,34,0,0,0,0,0,0,0
2019-20,33,Tamilnadu,3324,MADURAI,332402,CHELLAMPATTI,Rural,1,cat1,"PS (I-V)",4,"Government Aided",4,OBC,0,0,1,3,4,5,3,0,0,0,0,0,0,0,3,0,0,3,4,0,0,0,0,0,0,0
2019-20,33,Tamilnadu,3324,MADURAI,332403,KALLIKUDI,Rural,1,cat1,"PS (I-V)",4,"Government Aided",4,OBC,0,0,48,36,58,53,64,0,0,0,0,0,0,0,40,42,46,43,45,0,0,0,0,0,0,0
2019-20,33,Tamilnadu,3324,MADURAI,332404,T.KALLUPATTI,Rural,1,cat1,"PS (I-V)",4,"Government Aided",4,OBC,0,0,27,26,24,28,31,0,0,0,0,0,0,0,20,28,34,30,26,0,0,0,0,0,0,0
2019-20,33,Tamilnadu,3324,MADURAI,332405,KOTTAMPATTI,Rural,1,cat1,"PS (I-V)",4,"Government Aided",4,OBC,0,0,13,19,17,24,14,0,0,0,0,0,0,0,18,21,23,20,21,0,0,0,0,0,0,0
2019-20,33,Tamilnadu,3324,MADURAI,332406,"MADURAI EAST",Rural,1,cat1,"PS (I-V)",4,"Government Aided",4,OBC,0,0,146,120,162,154,180,0,0,0,0,0,0,0,134,127,165,169,160,0,0,0,0,0,0,0
2019-20,33,Tamilnadu,3324,MADURAI,332407,"MADURAI WEST",Rural,1,cat1,"PS (I-V)",4,"Government Aided",4,OBC,0,0,35,47,40,52,45,0,0,0,0,0,0,0,40,30,40,52,45,0,0,0,0,0,0,0
2019-20,33,Tamilnadu,3324,MADURAI,332408,MELUR,Rural,1,cat1,"PS (I-V)",4,"Government Aided",4,OBC,0,0,8,7,9,11,8,0,0,0,0,0,0,0,10,3,6,8,7,0,0,0,0,0,0,0
2019-20,33,Tamilnadu,3324,MADURAI,332409,SEDAPATTI,Rural,1,cat1,"PS (I-V)",4,"Government Aided",4,OBC,0,0,66,82,82,99,92,0,0,0,0,0,0,0,49,67,86,69,70,0,0,0,0,0,0,0
2019-20,33,Tamilnadu,3324,MADURAI,332410,THIRUMANGALAM,Rural,1,cat1,"PS (I-V)",4,"Government Aided",4,OBC,0,0,47,45,53,33,49,0,0,0,0,0,0,0,42,45,43,50,38,0,0,0,0,0,0,0
2019-20,33,Tamilnadu,3324,MADURAI,332411,THIRUPARAMKUNDRAM,Rural,1,cat1,"PS (I-V)",4,"Government Aided",4,OBC,0,0,55,54,77,68,75,0,0,0,0,0,0,0,59,67,89,98,102,0,0,0,0,0,0,0
2019-20,33,Tamilnadu,3324,MADURAI,332412,USILAMPATTI,Rural,1,cat1,"PS (I-V)",4,"Government Aided",4,OBC,0,0,18,15,18,18,20,0,0,0,0,0,0,0,17,11,19,16,19,0,0,0,0,0,0,0
2019-20,33,Tamilnadu,3324,MADURAI,332413,T.VADIPATTI,Rural,1,cat1,"PS (I-V)",4,"Government Aided",4,OBC,0,0,6,5,7,5,6,0,0,0,0,0,0,0,3,10,12,10,13,0,0,0,0,0,0,0
2019-20,33,Tamilnadu,3324,MADURAI,332401,ALANGANALLUR,Urban,1,cat1,"PS (I-V)",4,"Government Aided",4,OBC,0,0,5,7,8,9,8,0,0,0,0,0,0,0,3,5,7,8,8,0,0,0,0,0,0,0
2019-20,33,Tamilnadu,3324,MADURAI,332404,T.KALLUPATTI,Urban,1,cat1,"PS (I-V)",4,"Government Aided",4,OBC,33,26,41,40,53,46,48,0,0,0,0,0,0,0,48,28,48,48,46,0,0,0,0,0,0,0
2019-20,33,Tamilnadu,3324,MADURAI,332406,"MADURAI EAST",Urban,1,cat1,"PS (I-V)",4,"Government Aided",4,OBC,0,0,80,104,112,120,122,0,0,0,0,0,0,0,69,60,65,82,61,0,0,0,0,0,0,0
2019-20,33,Tamilnadu,3324,MADURAI,332407,"MADURAI WEST",Urban,1,cat1,"PS (I-V)",4,"Government Aided",4,OBC,0,0,122,124,182,202,227,0,0,0,0,0,0,0,122,131,177,151,180,0,0,0,0,0,0,0
2019-20,33,Tamilnadu,3324,MADURAI,332408,MELUR,Urban,1,cat1,"PS (I-V)",4,"Government Aided",4,OBC,0,0,33,39,36,60,64,0,0,0,0,0,0,0,28,44,50,58,47,0,0,0,0,0,0,0
2019-20,33,Tamilnadu,3324,MADURAI,332409,SEDAPATTI,Urban,1,cat1,"PS (I-V)",4,"Government Aided",4,OBC,0,0,7,13,17,29,20,0,0,0,0,0,0,0,14,22,19,27,33,0,0,0,0,0,0,0
2019-20,33,Tamilnadu,3324,MADURAI,332410,THIRUMANGALAM,Urban,1,cat1,"PS (I-V)",4,"Government Aided",4,OBC,0,0,108,88,139,106,153,0,0,0,0,0,0,0,104,96,118,145,128,0,0,0,0,0,0,0
2019-20,33,Tamilnadu,3324,MADURAI,332411,THIRUPARAMKUNDRAM,Urban,1,cat1,"PS (I-V)",4,"Government Aided",4,OBC,0,0,220,205,231,241,263,0,0,0,0,0,0,0,218,228,268,277,276,0,0,0,0,0,0,0
2019-20,33,Tamilnadu,3324,MADURAI,332412,USILAMPATTI,Urban,1,cat1,"PS (I-V)",4,"Government Aided",4,OBC,83,83,78,100,106,124,122,0,0,0,0,0,0,0,94,124,142,119,124,0,0,0,0,0,0,0
2019-20,33,Tamilnadu,3324,MADURAI,332413,T.VADIPATTI,Urban,1,cat1,"PS (I-V)",4,"Government Aided",4,OBC,0,0,25,34,44,42,41,0,0,0,0,0,0,0,41,35,34,48,54,0,0,0,0,0,0,0
2019-20,33,Tamilnadu,3324,MADURAI,332414,"MADURAI NORTH",Urban,1,cat1,"PS (I-V)",4,"Government Aided",4,OBC,0,0,54,66,117,99,133,0,0,0,0,0,0,0,90,110,99,127,152,0,0,0,0,0,0,0
2019-20,33,Tamilnadu,3324,MADURAI,332415,"MADURAI SOUTH",Urban,1,cat1,"PS (I-V)",4,"Government Aided",4,OBC,0,0,326,355,407,433,515,0,0,0,0,0,0,0,166,200,233,231,242,0,0,0,0,0,0,0
2019-20,33,Tamilnadu,3324,MADURAI,332401,ALANGANALLUR,Rural,1,cat1,"PS (I-V)",5,"Private Unaided (Recognized)",4,OBC,332,255,133,114,96,80,57,0,0,0,0,0,0,0,93,102,80,55,78,0,0,0,0,0,0,0
2019-20,33,Tamilnadu,3324,MADURAI,332402,CHELLAMPATTI,Rural,1,cat1,"PS (I-V)",5,"Private Unaided (Recognized)",4,OBC,35,39,31,42,45,53,40,0,0,0,0,0,0,0,32,28,25,30,42,0,0,0,0,0,0,0
2019-20,33,Tamilnadu,3324,MADURAI,332403,KALLIKUDI,Rural,1,cat1,"PS (I-V)",5,"Private Unaided (Recognized)",4,OBC,47,40,13,19,11,20,21,0,0,0,0,0,0,0,11,21,18,15,15,0,0,0,0,0,0,0
2019-20,33,Tamilnadu,3324,MADURAI,332404,T.KALLUPATTI,Rural,1,cat1,"PS (I-V)",5,"Private Unaided (Recognized)",4,OBC,57,53,22,26,16,11,13,0,0,0,0,0,0,0,19,16,12,17,10,0,0,0,0,0,0,0
2019-20,33,Tamilnadu,3324,MADURAI,332405,KOTTAMPATTI,Rural,1,cat1,"PS (I-V)",5,"Private Unaided (Recognized)",4,OBC,327,241,154,141,125,89,88,0,0,0,0,0,0,0,106,94,93,61,53,0,0,0,0,0,0,0
2019-20,33,Tamilnadu,3324,MADURAI,332406,"MADURAI EAST",Rural,1,cat1,"PS (I-V)",5,"Private Unaided (Recognized)",4,OBC,402,347,204,208,181,150,114,0,0,0,0,0,0,0,131,142,155,139,128,0,0,0,0,0,0,0
2019-20,33,Tamilnadu,3324,MADURAI,332407,"MADURAI WEST",Rural,1,cat1,"PS (I-V)",5,"Private Unaided (Recognized)",4,OBC,510,457,204,201,181,159,135,0,0,0,0,0,0,0,158,168,160,135,133,0,0,0,0,0,0,0
2019-20,33,Tamilnadu,3324,MADURAI,332408,MELUR,Rural,1,cat1,"PS (I-V)",5,"Private Unaided (Recognized)",4,OBC,470,382,204,218,186,177,156,0,0,0,0,0,0,0,166,155,147,147,112,0,0,0,0,0,0,0
2019-20,33,Tamilnadu,3324,MADURAI,332409,SEDAPATTI,Rural,1,cat1,"PS (I-V)",5,"Private Unaided (Recognized)",4,OBC,182,147,74,75,72,51,43,0,0,0,0,0,0,0,69,39,52,40,34,0,0,0,0,0,0,0
2019-20,33,Tamilnadu,3324,MADURAI,332410,THIRUMANGALAM,Rural,1,cat1,"PS (I-V)",5,"Private Unaided (Recognized)",4,OBC,115,93,75,82,72,59,82,0,0,0,0,0,0,0,65,68,69,44,56,0,0,0,0,0,0,0
2019-20,33,Tamilnadu,3324,MADURAI,332411,THIRUPARAMKUNDRAM,Rural,1,cat1,"PS (I-V)",5,"Private Unaided (Recognized)",4,OBC,642,624,305,297,304,242,202,0,0,0,0,0,0,0,291,259,262,258,238,0,0,0,0,0,0,0
2019-20,33,Tamilnadu,3324,MADURAI,332412,USILAMPATTI,Rural,1,cat1,"PS (I-V)",5,"Private Unaided (Recognized)",4,OBC,109,80,44,37,36,30,24,0,0,0,0,0,0,0,28,29,32,19,11,0,0,0,0,0,0,0
2019-20,33,Tamilnadu,3324,MADURAI,332413,T.VADIPATTI,Rural,1,cat1,"PS (I-V)",5,"Private Unaided (Recognized)",4,OBC,183,134,82,70,64,45,24,0,0,0,0,0,0,0,64,62,62,46,30,0,0,0,0,0,0,0
2019-20,33,Tamilnadu,3324,MADURAI,332401,ALANGANALLUR,Urban,1,cat1,"PS (I-V)",5,"Private Unaided (Recognized)",4,OBC,115,104,53,41,47,27,34,0,0,0,0,0,0,0,31,44,28,27,21,0,0,0,0,0,0,0
2019-20,33,Tamilnadu,3324,MADURAI,332404,T.KALLUPATTI,Urban,1,cat1,"PS (I-V)",5,"Private Unaided (Recognized)",4,OBC,119,105,50,39,25,29,26,0,0,0,0,0,0,0,48,37,35,29,26,0,0,0,0,0,0,0
2019-20,33,Tamilnadu,3324,MADURAI,332406,"MADURAI EAST",Urban,1,cat1,"PS (I-V)",5,"Private Unaided (Recognized)",4,OBC,605,524,297,228,210,180,119,0,0,0,0,0,0,0,236,201,182,195,111,0,0,0,0,0,0,0
2019-20,33,Tamilnadu,3324,MADURAI,332407,"MADURAI WEST",Urban,1,cat1,"PS (I-V)",5,"Private Unaided (Recognized)",4,OBC,1163,1044,416,390,404,334,264,0,0,0,0,0,0,0,415,355,359,336,299,0,0,0,0,0,0,0
2019-20,33,Tamilnadu,3324,MADURAI,332408,MELUR,Urban,1,cat1,"PS (I-V)",5,"Private Unaided (Recognized)",4,OBC,216,162,104,119,105,92,141,0,0,0,0,0,0,0,109,91,91,75,116,0,0,0,0,0,0,0
2019-20,33,Tamilnadu,3324,MADURAI,332409,SEDAPATTI,Urban,1,cat1,"PS (I-V)",5,"Private Unaided (Recognized)",4,OBC,36,26,10,9,14,17,7,0,0,0,0,0,0,0,9,13,5,14,6,0,0,0,0,0,0,0
2019-20,33,Tamilnadu,3324,MADURAI,332410,THIRUMANGALAM,Urban,1,cat1,"PS (I-V)",5,"Private Unaided (Recognized)",4,OBC,405,369,145,145,130,130,110,0,0,0,0,0,0,0,134,105,119,113,124,0,0,0,0,0,0,0
2019-20,33,Tamilnadu,3324,MADURAI,332411,THIRUPARAMKUNDRAM,Urban,1,cat1,"PS (I-V)",5,"Private Unaided (Recognized)",4,OBC,1598,1362,634,568,527,468,465,0,0,0,0,0,0,0,571,480,526,450,450,0,0,0,0,0,0,0
2019-20,33,Tamilnadu,3324,MADURAI,332413,T.VADIPATTI,Urban,1,cat1,"PS (I-V)",5,"Private Unaided (Recognized)",4,OBC,165,149,62,57,41,58,49,0,0,0,0,0,0,0,60,59,56,36,36,0,0,0,0,0,0,0
2019-20,33,Tamilnadu,3324,MADURAI,332414,"MADURAI NORTH",Urban,1,cat1,"PS (I-V)",5,"Private Unaided (Recognized)",4,OBC,637,604,332,274,303,284,268,0,0,0,0,0,0,0,231,297,247,254,226,0,0,0,0,0,0,0
2019-20,33,Tamilnadu,3324,MADURAI,332415,"MADURAI SOUTH",Urban,1,cat1,"PS (I-V)",5,"Private Unaided (Recognized)",4,OBC,1180,1070,575,487,526,494,490,0,0,0,0,0,0,0,522,573,555,576,507,0,0,0,0,0,0,0
2019-20,33,Tamilnadu,3324,MADURAI,332402,CHELLAMPATTI,Rural,1,cat1,"PS (I-V)",8,Unrecognized,4,OBC,12,14,3,2,1,0,0,0,0,0,0,0,0,0,2,5,4,0,0,0,0,0,0,0,0,0
2019-20,33,Tamilnadu,3324,MADURAI,332403,KALLIKUDI,Rural,1,cat1,"PS (I-V)",8,Unrecognized,4,OBC,66,52,20,18,20,10,5,0,0,0,0,0,0,0,21,12,7,5,3,0,0,0,0,0,0,0
2019-20,33,Tamilnadu,3324,MADURAI,332406,"MADURAI EAST",Rural,1,cat1,"PS (I-V)",8,Unrecognized,4,OBC,109,102,28,14,5,8,4,0,0,0,0,0,0,0,19,18,11,6,1,0,0,0,0,0,0,0
2019-20,33,Tamilnadu,3324,MADURAI,332407,"MADURAI WEST",Rural,1,cat1,"PS (I-V)",8,Unrecognized,4,OBC,9,3,0,0,0,0,0,0,0,0,0,0,0,0,0,0,0,0,0,0,0,0,0,0,0,0
2019-20,33,Tamilnadu,3324,MADURAI,332411,THIRUPARAMKUNDRAM,Rural,1,cat1,"PS (I-V)",8,Unrecognized,4,OBC,164,128,9,8,10,8,3,0,0,0,0,0,0,0,10,9,7,4,5,0,0,0,0,0,0,0
2019-20,33,Tamilnadu,3324,MADURAI,332413,T.VADIPATTI,Rural,1,cat1,"PS (I-V)",8,Unrecognized,4,OBC,10,6,4,8,8,3,0,0,0,0,0,0,0,0,9,4,1,1,0,0,0,0,0,0,0,0
2019-20,33,Tamilnadu,3324,MADURAI,332415,"MADURAI SOUTH",Rural,1,cat1,"PS (I-V)",8,Unrecognized,4,OBC,20,19,8,32,21,26,35,0,0,0,0,0,0,0,13,14,21,31,36,0,0,0,0,0,0,0
2019-20,33,Tamilnadu,3324,MADURAI,332406,"MADURAI EAST",Urban,1,cat1,"PS (I-V)",8,Unrecognized,4,OBC,230,198,13,7,8,2,0,0,0,0,0,0,0,0,11,7,4,3,0,0,0,0,0,0,0,0
2019-20,33,Tamilnadu,3324,MADURAI,332407,"MADURAI WEST",Urban,1,cat1,"PS (I-V)",8,Unrecognized,4,OBC,182,151,15,11,9,6,0,0,0,0,0,0,0,0,16,4,5,4,0,0,0,0,0,0,0,0
2019-20,33,Tamilnadu,3324,MADURAI,332410,THIRUMANGALAM,Urban,1,cat1,"PS (I-V)",8,Unrecognized,4,OBC,0,0,43,34,27,13,16,0,0,0,0,0,0,0,26,16,15,12,8,0,0,0,0,0,0,0
2019-20,33,Tamilnadu,3324,MADURAI,332411,THIRUPARAMKUNDRAM,Urban,1,cat1,"PS (I-V)",8,Unrecognized,4,OBC,176,147,23,23,16,3,0,0,0,0,0,0,0,0,12,22,10,1,0,0,0,0,0,0,0,0
2019-20,33,Tamilnadu,3324,MADURAI,332413,T.VADIPATTI,Urban,1,cat1,"PS (I-V)",8,Unrecognized,4,OBC,43,23,8,11,6,8,10,0,0,0,0,0,0,0,11,8,12,4,3,0,0,0,0,0,0,0
2019-20,33,Tamilnadu,3324,MADURAI,332414,"MADURAI NORTH",Urban,1,cat1,"PS (I-V)",8,Unrecognized,4,OBC,44,37,0,0,0,0,0,0,0,0,0,0,0,0,0,0,0,0,0,0,0,0,0,0,0,0
2019-20,33,Tamilnadu,3324,MADURAI,332415,"MADURAI SOUTH",Urban,1,cat1,"PS (I-V)",8,Unrecognized,4,OBC,77,61,6,11,7,7,3,0,0,0,0,0,0,0,7,5,6,3,5,0,0,0,0,0,0,0
2019-20,33,Tamilnadu,3324,MADURAI,332402,CHELLAMPATTI,Rural,1,cat1,"PS (I-V)",90,"Social welfare Department",4,OBC,14,16,92,98,96,118,109,0,0,0,0,0,0,0,76,95,108,103,116,0,0,0,0,0,0,0
2019-20,33,Tamilnadu,3324,MADURAI,332409,SEDAPATTI,Rural,1,cat1,"PS (I-V)",90,"Social welfare Department",4,OBC,4,8,18,21,26,15,28,0,0,0,0,0,0,0,30,27,32,34,20,0,0,0,0,0,0,0
2019-20,33,Tamilnadu,3324,MADURAI,332410,THIRUMANGALAM,Rural,1,cat1,"PS (I-V)",90,"Social welfare Department",4,OBC,18,7,61,49,57,57,65,0,0,0,0,0,0,0,70,62,55,73,67,0,0,0,0,0,0,0
2019-20,33,Tamilnadu,3324,MADURAI,332411,THIRUPARAMKUNDRAM,Rural,1,cat1,"PS (I-V)",90,"Social welfare Department",4,OBC,0,0,12,11,14,20,9,0,0,0,0,0,0,0,8,11,15,13,15,0,0,0,0,0,0,0
2019-20,33,Tamilnadu,3324,MADURAI,332412,USILAMPATTI,Rural,1,cat1,"PS (I-V)",90,"Social welfare Department",4,OBC,33,31,91,86,99,107,105,0,0,0,0,0,0,0,98,96,117,105,95,0,0,0,0,0,0,0
2019-20,33,Tamilnadu,3324,MADURAI,332413,T.VADIPATTI,Rural,1,cat1,"PS (I-V)",90,"Social welfare Department",4,OBC,0,0,9,20,18,12,19,0,0,0,0,0,0,0,7,16,9,21,12,0,0,0,0,0,0,0
2019-20,33,Tamilnadu,3324,MADURAI,332410,THIRUMANGALAM,Urban,1,cat1,"PS (I-V)",90,"Social welfare Department",4,OBC,0,0,0,3,2,3,2,0,0,0,0,0,0,0,4,3,4,5,5,0,0,0,0,0,0,0
2019-20,33,Tamilnadu,3324,MADURAI,332413,T.VADIPATTI,Urban,1,cat1,"PS (I-V)",90,"Social welfare Department",4,OBC,0,0,0,0,5,3,2,0,0,0,0,0,0,0,4,0,5,2,6,0,0,0,0,0,0,0
2019-20,33,Tamilnadu,3324,MADURAI,332402,CHELLAMPATTI,Rural,6,cat6,"SS (I-X)",5,"Private Unaided (Recognized)",4,OBC,18,26,8,11,16,9,10,11,7,6,6,5,0,0,9,8,8,3,4,4,4,7,4,6,0,0
2019-20,33,Tamilnadu,3324,MADURAI,332405,KOTTAMPATTI,Rural,6,cat6,"SS (I-X)",5,"Private Unaided (Recognized)",4,OBC,62,54,45,33,22,43,31,29,15,18,17,11,0,0,28,26,23,24,21,16,15,5,7,7,0,0
2019-20,33,Tamilnadu,3324,MADURAI,332406,"MADURAI EAST",Rural,6,cat6,"SS (I-X)",5,"Private Unaided (Recognized)",4,OBC,321,265,248,193,209,195,144,121,105,83,82,71,0,0,156,160,173,121,127,91,64,56,48,37,0,0
2019-20,33,Tamilnadu,3324,MADURAI,332407,"MADURAI WEST",Rural,6,cat6,"SS (I-X)",5,"Private Unaided (Recognized)",4,OBC,64,57,60,67,65,45,38,32,24,20,11,1,0,0,51,51,36,33,24,24,22,18,7,1,0,0
2019-20,33,Tamilnadu,3324,MADURAI,332408,MELUR,Rural,6,cat6,"SS (I-X)",5,"Private Unaided (Recognized)",4,OBC,54,45,18,20,18,17,23,27,42,35,48,5,0,0,26,22,19,21,19,13,13,16,23,7,0,0
2019-20,33,Tamilnadu,3324,MADURAI,332409,SEDAPATTI,Rural,6,cat6,"SS (I-X)",5,"Private Unaided (Recognized)",4,OBC,61,49,44,26,34,10,23,16,22,14,0,0,0,0,26,26,26,13,15,14,6,6,0,0,0,0
2019-20,33,Tamilnadu,3324,MADURAI,332411,THIRUPARAMKUNDRAM,Rural,6,cat6,"SS (I-X)",5,"Private Unaided (Recognized)",4,OBC,246,215,253,247,242,247,181,193,144,127,123,123,0,0,187,192,173,167,155,116,124,96,72,54,0,0
2019-20,33,Tamilnadu,3324,MADURAI,332412,USILAMPATTI,Rural,6,cat6,"SS (I-X)",5,"Private Unaided (Recognized)",4,OBC,241,172,129,96,118,148,98,97,83,55,28,17,0,0,98,82,95,67,83,59,68,42,21,12,0,0
2019-20,33,Tamilnadu,3324,MADURAI,332413,T.VADIPATTI,Rural,6,cat6,"SS (I-X)",5,"Private Unaided (Recognized)",4,OBC,42,32,19,12,19,14,17,19,14,13,6,5,0,0,16,16,13,11,15,10,7,6,9,7,0,0
2019-20,33,Tamilnadu,3324,MADURAI,332414,"MADURAI NORTH",Rural,6,cat6,"SS (I-X)",5,"Private Unaided (Recognized)",4,OBC,48,42,19,28,24,17,17,21,15,11,9,12,0,0,24,20,24,26,13,14,11,5,7,9,0,0
2019-20,33,Tamilnadu,3324,MADURAI,332406,"MADURAI EAST",Urban,6,cat6,"SS (I-X)",5,"Private Unaided (Recognized)",4,OBC,70,123,38,39,37,40,42,12,24,15,13,13,0,0,68,71,60,74,67,77,71,81,83,86,0,0
2019-20,33,Tamilnadu,3324,MADURAI,332407,"MADURAI WEST",Urban,6,cat6,"SS (I-X)",5,"Private Unaided (Recognized)",4,OBC,210,169,140,127,137,152,150,170,166,178,162,145,0,0,113,118,132,121,129,120,105,112,154,167,0,0
2019-20,33,Tamilnadu,3324,MADURAI,332408,MELUR,Urban,6,cat6,"SS (I-X)",5,"Private Unaided (Recognized)",4,OBC,8,15,2,4,6,5,2,4,3,1,0,2,0,0,12,3,5,3,5,3,2,1,0,2,0,0
2019-20,33,Tamilnadu,3324,MADURAI,332411,THIRUPARAMKUNDRAM,Urban,6,cat6,"SS (I-X)",5,"Private Unaided (Recognized)",4,OBC,539,486,299,301,295,285,249,250,186,199,169,169,0,0,280,268,266,244,218,193,159,149,139,118,0,0
2019-20,33,Tamilnadu,3324,MADURAI,332413,T.VADIPATTI,Urban,6,cat6,"SS (I-X)",5,"Private Unaided (Recognized)",4,OBC,57,63,38,31,19,29,26,25,19,11,13,12,0,0,14,28,21,18,18,9,12,10,7,10,0,0
2019-20,33,Tamilnadu,3324,MADURAI,332414,"MADURAI NORTH",Urban,6,cat6,"SS (I-X)",5,"Private Unaided (Recognized)",4,OBC,150,111,134,120,121,122,110,140,137,124,116,111,0,0,90,83,93,74,81,78,84,67,67,83,0,0
2019-20,33,Tamilnadu,3324,MADURAI,332415,"MADURAI SOUTH",Urban,6,cat6,"SS (I-X)",5,"Private Unaided (Recognized)",4,OBC,40,33,20,33,25,20,32,17,19,25,12,24,0,0,10,12,14,22,22,7,6,19,7,8,0,0
2019-20,33,Tamilnadu,3324,MADURAI,332406,"MADURAI EAST",Urban,6,cat6,"SS (I-X)",8,Unrecognized,4,OBC,1,0,5,0,4,2,2,2,2,0,5,0,0,0,1,0,1,0,0,0,1,0,0,0,0,0
2019-20,33,Tamilnadu,3324,MADURAI,332410,THIRUMANGALAM,Urban,6,cat6,"SS (I-X)",8,Unrecognized,4,OBC,35,34,26,23,25,29,27,16,14,11,8,3,0,0,22,25,30,27,25,21,9,11,4,13,0,0
2019-20,33,Tamilnadu,3324,MADURAI,332410,THIRUMANGALAM,Rural,6,cat6,"SS (I-X)",90,"Social welfare Department",4,OBC,0,0,6,4,6,7,7,10,13,6,9,9,0,0,7,7,4,8,6,10,9,8,12,7,0,0
2019-20,33,Tamilnadu,3324,MADURAI,332407,"MADURAI WEST",Urban,6,cat6,"SS (I-X)",90,"Social welfare Department",4,OBC,0,0,2,2,2,3,7,9,4,9,6,7,0,0,2,1,3,4,1,5,0,4,5,3,0,0
2019-20,33,Tamilnadu,3324,MADURAI,332411,THIRUPARAMKUNDRAM,Urban,6,cat6,"SS (I-X)",90,"Social welfare Department",4,OBC,0,0,5,9,6,7,5,7,7,7,7,6,0,0,11,7,3,12,11,5,6,3,8,3,0,0
2019-20,33,Tamilnadu,3324,MADURAI,332404,T.KALLUPATTI,Rural,8,cat8,"SS (IX-X)",1,"Department of Education",4,OBC,0,0,0,0,0,0,0,0,0,0,10,11,0,0,0,0,0,0,0,0,0,0,5,5,0,0
2019-20,33,Tamilnadu,3324,MADURAI,332401,ALANGANALLUR,Rural,7,cat7,"SS (VI-X)",1,"Department of Education",4,OBC,0,0,0,0,0,0,0,71,86,69,58,52,0,0,0,0,0,0,0,64,54,70,42,61,0,0
2019-20,33,Tamilnadu,3324,MADURAI,332402,CHELLAMPATTI,Rural,7,cat7,"SS (VI-X)",1,"Department of Education",4,OBC,0,0,0,0,0,0,0,13,17,16,26,12,0,0,0,0,0,0,0,19,20,34,24,8,0,0
2019-20,33,Tamilnadu,3324,MADURAI,332403,KALLIKUDI,Rural,7,cat7,"SS (VI-X)",1,"Department of Education",4,OBC,0,0,0,0,0,0,0,82,90,94,105,94,0,0,0,0,0,0,0,86,78,85,108,86,0,0
2019-20,33,Tamilnadu,3324,MADURAI,332404,T.KALLUPATTI,Rural,7,cat7,"SS (VI-X)",1,"Department of Education",4,OBC,0,0,0,0,0,0,0,16,33,33,46,25,0,0,0,0,0,0,0,28,27,33,28,32,0,0
2019-20,33,Tamilnadu,3324,MADURAI,332405,KOTTAMPATTI,Rural,7,cat7,"SS (VI-X)",1,"Department of Education",4,OBC,0,0,0,0,0,0,0,72,63,72,63,71,0,0,0,0,0,0,0,68,59,67,86,77,0,0
2019-20,33,Tamilnadu,3324,MADURAI,332406,"MADURAI EAST",Rural,7,cat7,"SS (VI-X)",1,"Department of Education",4,OBC,0,0,0,0,0,0,0,82,104,81,90,104,0,0,0,0,0,0,0,73,77,76,77,96,0,0
2019-20,33,Tamilnadu,3324,MADURAI,332407,"MADURAI WEST",Rural,7,cat7,"SS (VI-X)",1,"Department of Education",4,OBC,0,0,0,0,0,0,0,67,65,63,88,69,0,0,0,0,0,0,0,48,53,53,50,58,0,0
2019-20,33,Tamilnadu,3324,MADURAI,332408,MELUR,Rural,7,cat7,"SS (VI-X)",1,"Department of Education",4,OBC,0,0,0,0,0,0,0,23,17,19,18,22,0,0,0,0,0,0,0,24,19,21,24,29,0,0
2019-20,33,Tamilnadu,3324,MADURAI,332409,SEDAPATTI,Rural,7,cat7,"SS (VI-X)",1,"Department of Education",4,OBC,0,0,0,0,0,0,0,48,61,51,44,46,0,0,0,0,0,0,0,46,51,54,63,43,0,0
2019-20,33,Tamilnadu,3324,MADURAI,332410,THIRUMANGALAM,Rural,7,cat7,"SS (VI-X)",1,"Department of Education",4,OBC,0,0,0,0,0,0,0,35,30,37,27,34,0,0,0,0,0,0,0,19,25,29,33,31,0,0
2019-20,33,Tamilnadu,3324,MADURAI,332411,THIRUPARAMKUNDRAM,Rural,7,cat7,"SS (VI-X)",1,"Department of Education",4,OBC,0,0,0,0,0,0,0,175,167,184,168,154,0,0,0,0,0,0,0,163,152,155,150,148,0,0
2019-20,33,Tamilnadu,3324,MADURAI,332412,USILAMPATTI,Rural,7,cat7,"SS (VI-X)",1,"Department of Education",4,OBC,0,0,0,0,0,0,0,3,8,7,8,11,0,0,0,0,0,0,0,12,10,10,5,10,0,0
2019-20,33,Tamilnadu,3324,MADURAI,332413,T.VADIPATTI,Rural,7,cat7,"SS (VI-X)",1,"Department of Education",4,OBC,0,0,0,0,0,0,0,34,37,39,43,54,0,0,0,0,0,0,0,42,46,40,46,41,0,0
2019-20,33,Tamilnadu,3324,MADURAI,332406,"MADURAI EAST",Urban,7,cat7,"SS (VI-X)",1,"Department of Education",4,OBC,0,0,0,0,0,0,0,16,20,23,21,13,0,0,0,0,0,0,0,9,6,13,10,11,0,0
2019-20,33,Tamilnadu,3324,MADURAI,332407,"MADURAI WEST",Urban,7,cat7,"SS (VI-X)",1,"Department of Education",4,OBC,0,0,0,0,0,0,0,50,41,38,45,44,0,0,0,0,0,0,0,38,45,35,26,30,0,0
2019-20,33,Tamilnadu,3324,MADURAI,332411,THIRUPARAMKUNDRAM,Urban,7,cat7,"SS (VI-X)",1,"Department of Education",4,OBC,0,0,0,0,0,0,0,39,22,46,21,16,0,0,0,0,0,0,0,28,34,15,21,16,0,0
2019-20,33,Tamilnadu,3324,MADURAI,332406,"MADURAI EAST",Rural,7,cat7,"SS (VI-X)",2,"Tribal Welfare Department",4,OBC,0,0,0,0,0,0,0,0,2,3,2,3,0,0,0,0,0,0,0,1,2,2,4,1,0,0
2019-20,33,Tamilnadu,3324,MADURAI,332407,"MADURAI WEST",Rural,7,cat7,"SS (VI-X)",2,"Tribal Welfare Department",4,OBC,0,0,0,0,0,0,0,4,1,3,0,0,0,0,0,0,0,0,0,5,2,2,2,0,0,0
2019-20,33,Tamilnadu,3324,MADURAI,332409,SEDAPATTI,Rural,7,cat7,"SS (VI-X)",2,"Tribal Welfare Department",4,OBC,0,0,0,0,0,0,0,0,0,0,0,0,0,0,0,0,0,0,0,0,0,0,0,0,0,0
2019-20,33,Tamilnadu,3324,MADURAI,332408,MELUR,Rural,7,cat7,"SS (VI-X)",3,"Local body",4,OBC,0,0,0,0,0,0,0,36,37,33,44,35,0,0,0,0,0,0,0,14,11,2,8,11,0,0
2019-20,33,Tamilnadu,3324,MADURAI,332406,"MADURAI EAST",Urban,7,cat7,"SS (VI-X)",3,"Local body",4,OBC,0,0,0,0,0,0,0,4,1,4,2,3,0,0,0,0,0,0,0,1,2,2,6,3,0,0
2019-20,33,Tamilnadu,3324,MADURAI,332407,"MADURAI WEST",Urban,7,cat7,"SS (VI-X)",3,"Local body",4,OBC,0,0,0,0,0,0,0,20,12,13,13,15,0,0,0,0,0,0,0,0,0,0,0,0,0,0
2019-20,33,Tamilnadu,3324,MADURAI,332415,"MADURAI SOUTH",Urban,7,cat7,"SS (VI-X)",3,"Local body",4,OBC,0,0,0,0,0,0,0,24,46,33,51,44,0,0,0,0,0,0,0,20,26,23,32,34,0,0
2019-20,33,Tamilnadu,3324,MADURAI,332403,KALLIKUDI,Rural,7,cat7,"SS (VI-X)",4,"Government Aided",4,OBC,0,0,0,0,0,0,0,17,13,14,20,20,0,0,0,0,0,0,0,10,11,9,23,26,0,0
2019-20,33,Tamilnadu,3324,MADURAI,332404,T.KALLUPATTI,Rural,7,cat7,"SS (VI-X)",4,"Government Aided",4,OBC,0,0,0,0,0,0,0,25,27,18,20,0,0,0,0,0,0,0,0,6,10,12,10,0,0,0
2019-20,33,Tamilnadu,3324,MADURAI,332406,"MADURAI EAST",Rural,7,cat7,"SS (VI-X)",4,"Government Aided",4,OBC,0,0,0,0,0,0,0,76,63,52,6,0,0,0,0,0,0,0,0,42,31,30,26,31,0,0
2019-20,33,Tamilnadu,3324,MADURAI,332407,"MADURAI WEST",Rural,7,cat7,"SS (VI-X)",4,"Government Aided",4,OBC,0,0,0,0,0,0,0,93,100,93,125,125,0,0,0,0,0,0,0,96,88,107,97,106,0,0
2019-20,33,Tamilnadu,3324,MADURAI,332408,MELUR,Rural,7,cat7,"SS (VI-X)",4,"Government Aided",4,OBC,0,0,0,0,0,0,0,17,19,18,48,36,0,0,0,0,0,0,0,11,10,13,51,24,0,0
2019-20,33,Tamilnadu,3324,MADURAI,332410,THIRUMANGALAM,Rural,7,cat7,"SS (VI-X)",4,"Government Aided",4,OBC,0,0,0,0,0,0,0,12,22,32,19,17,0,0,0,0,0,0,0,26,15,9,18,9,0,0
2019-20,33,Tamilnadu,3324,MADURAI,332415,"MADURAI SOUTH",Rural,7,cat7,"SS (VI-X)",4,"Government Aided",4,OBC,0,0,0,0,0,0,0,37,52,50,62,44,0,0,0,0,0,0,0,32,35,30,37,32,0,0
2019-20,33,Tamilnadu,3324,MADURAI,332406,"MADURAI EAST",Urban,7,cat7,"SS (VI-X)",4,"Government Aided",4,OBC,0,0,0,0,0,0,0,19,14,10,18,14,0,0,0,0,0,0,0,7,11,12,13,6,0,0
2019-20,33,Tamilnadu,3324,MADURAI,332407,"MADURAI WEST",Urban,7,cat7,"SS (VI-X)",4,"Government Aided",4,OBC,0,0,0,0,0,0,0,7,13,11,18,15,0,0,0,0,0,0,0,5,12,4,11,15,0,0
2019-20,33,Tamilnadu,3324,MADURAI,332408,MELUR,Urban,7,cat7,"SS (VI-X)",4,"Government Aided",4,OBC,0,0,0,0,0,0,0,112,156,126,225,170,0,0,0,0,0,0,0,62,62,68,64,62,0,0
2019-20,33,Tamilnadu,3324,MADURAI,332410,THIRUMANGALAM,Urban,7,cat7,"SS (VI-X)",4,"Government Aided",4,OBC,0,0,0,0,0,0,0,11,9,20,29,18,0,0,0,0,0,0,0,3,1,3,4,10,0,0
2019-20,33,Tamilnadu,3324,MADURAI,332411,THIRUPARAMKUNDRAM,Urban,7,cat7,"SS (VI-X)",4,"Government Aided",4,OBC,0,0,0,0,0,0,0,109,111,99,64,68,0,0,0,0,0,0,0,77,90,71,61,47,0,0
2019-20,33,Tamilnadu,3324,MADURAI,332414,"MADURAI NORTH",Urban,7,cat7,"SS (VI-X)",4,"Government Aided",4,OBC,0,0,0,0,0,0,0,2,3,3,0,0,0,0,0,0,0,0,0,3,2,2,0,2,0,0
2019-20,33,Tamilnadu,3324,MADURAI,332415,"MADURAI SOUTH",Urban,7,cat7,"SS (VI-X)",4,"Government Aided",4,OBC,0,0,0,0,0,0,0,81,79,74,61,73,0,0,0,0,0,0,0,60,77,67,74,66,0,0
2019-20,33,Tamilnadu,3324,MADURAI,332411,THIRUPARAMKUNDRAM,Rural,7,cat7,"SS (VI-X)",5,"Private Unaided (Recognized)",4,OBC,0,0,0,0,0,0,0,18,7,19,15,11,0,0,0,0,0,0,0,4,6,8,3,4,0,0
2019-20,33,Tamilnadu,3324,MADURAI,332413,T.VADIPATTI,Rural,7,cat7,"SS (VI-X)",5,"Private Unaided (Recognized)",4,OBC,0,0,0,0,0,0,0,44,38,26,26,38,0,0,0,0,0,0,0,30,19,11,15,21,0,0
2019-20,33,Tamilnadu,3324,MADURAI,332406,"MADURAI EAST",Urban,7,cat7,"SS (VI-X)",5,"Private Unaided (Recognized)",4,OBC,0,0,0,0,0,0,0,16,10,11,9,17,0,0,0,0,0,0,0,8,6,11,12,5,0,0
2019-20,33,Tamilnadu,3324,MADURAI,332415,"MADURAI SOUTH",Urban,7,cat7,"SS (VI-X)",5,"Private Unaided (Recognized)",4,OBC,0,0,0,0,0,0,0,0,0,0,0,0,0,0,0,0,0,0,0,22,22,14,19,25,0,0
2019-20,33,Tamilnadu,3324,MADURAI,332402,CHELLAMPATTI,Rural,7,cat7,"SS (VI-X)",90,"Social welfare Department",4,OBC,0,0,0,0,0,0,0,8,7,9,16,7,0,0,0,0,0,0,0,9,9,6,2,1,0,0
2019-20,33,Tamilnadu,3324,MADURAI,332410,THIRUMANGALAM,Rural,7,cat7,"SS (VI-X)",90,"Social welfare Department",4,OBC,0,0,0,0,0,0,0,7,7,5,5,5,0,0,0,0,0,0,0,6,2,5,9,2,0,0
2019-20,33,Tamilnadu,3324,MADURAI,332411,THIRUPARAMKUNDRAM,Rural,7,cat7,"SS (VI-X)",90,"Social welfare Department",4,OBC,0,0,0,0,0,0,0,16,16,12,8,9,0,0,0,0,0,0,0,6,13,10,11,2,0,0
2019-20,33,Tamilnadu,3324,MADURAI,332412,USILAMPATTI,Rural,7,cat7,"SS (VI-X)",90,"Social welfare Department",4,OBC,0,0,0,0,0,0,0,58,65,86,64,73,0,0,0,0,0,0,0,52,52,62,56,55,0,0
2019-20,33,Tamilnadu,3324,MADURAI,332412,USILAMPATTI,Urban,7,cat7,"SS (VI-X)",90,"Social welfare Department",4,OBC,0,0,0,0,0,0,0,5,4,10,10,11,0,0,0,0,0,0,0,5,3,4,4,8,0,0
2019-20,33,Tamilnadu,3324,MADURAI,332401,ALANGANALLUR,Rural,2,cat2,"UPS (I-VIII)",1,"Department of Education",4,OBC,27,25,62,85,100,76,107,96,92,97,0,0,0,0,77,99,100,92,134,107,110,117,0,0,0,0
2019-20,33,Tamilnadu,3324,MADURAI,332402,CHELLAMPATTI,Rural,2,cat2,"UPS (I-VIII)",1,"Department of Education",4,OBC,15,16,26,28,37,38,33,34,38,36,0,0,0,0,22,27,33,37,40,36,41,46,0,0,0,0
2019-20,33,Tamilnadu,3324,MADURAI,332403,KALLIKUDI,Rural,2,cat2,"UPS (I-VIII)",1,"Department of Education",4,OBC,88,66,97,120,124,103,136,124,137,132,0,0,0,0,111,120,124,124,120,123,143,140,0,0,0,0
2019-20,33,Tamilnadu,3324,MADURAI,332404,T.KALLUPATTI,Rural,2,cat2,"UPS (I-VIII)",1,"Department of Education",4,OBC,28,25,35,30,44,45,47,53,61,47,0,0,0,0,45,45,47,47,50,63,49,53,0,0,0,0
2019-20,33,Tamilnadu,3324,MADURAI,332405,KOTTAMPATTI,Rural,2,cat2,"UPS (I-VIII)",1,"Department of Education",4,OBC,38,55,60,89,84,85,85,95,112,101,0,0,0,0,87,95,96,97,72,102,109,93,0,0,0,0
2019-20,33,Tamilnadu,3324,MADURAI,332406,"MADURAI EAST",Rural,2,cat2,"UPS (I-VIII)",1,"Department of Education",4,OBC,28,39,92,92,109,106,111,112,145,129,0,0,0,0,116,107,111,113,108,137,127,105,0,0,0,0
2019-20,33,Tamilnadu,3324,MADURAI,332407,"MADURAI WEST",Rural,2,cat2,"UPS (I-VIII)",1,"Department of Education",4,OBC,14,15,30,31,33,36,50,63,52,49,0,0,0,0,42,37,42,43,59,40,47,52,0,0,0,0
2019-20,33,Tamilnadu,3324,MADURAI,332408,MELUR,Rural,2,cat2,"UPS (I-VIII)",1,"Department of Education",4,OBC,57,60,78,80,118,94,112,121,122,116,0,0,0,0,78,110,112,105,122,122,122,113,0,0,0,0
2019-20,33,Tamilnadu,3324,MADURAI,332409,SEDAPATTI,Rural,2,cat2,"UPS (I-VIII)",1,"Department of Education",4,OBC,53,44,24,24,32,39,38,36,33,32,0,0,0,0,31,25,33,34,24,31,31,29,0,0,0,0
2019-20,33,Tamilnadu,3324,MADURAI,332410,THIRUMANGALAM,Rural,2,cat2,"UPS (I-VIII)",1,"Department of Education",4,OBC,10,6,43,52,61,53,67,61,66,60,0,0,0,0,49,50,69,55,76,54,60,68,0,0,0,0
2019-20,33,Tamilnadu,3324,MADURAI,332411,THIRUPARAMKUNDRAM,Rural,2,cat2,"UPS (I-VIII)",1,"Department of Education",4,OBC,3,2,79,100,122,113,111,97,126,82,0,0,0,0,97,91,116,89,119,112,96,111,0,0,0,0
2019-20,33,Tamilnadu,3324,MADURAI,332412,USILAMPATTI,Rural,2,cat2,"UPS (I-VIII)",1,"Department of Education",4,OBC,38,34,46,48,48,47,76,90,86,74,0,0,0,0,49,59,49,56,58,68,89,66,0,0,0,0
2019-20,33,Tamilnadu,3324,MADURAI,332413,T.VADIPATTI,Rural,2,cat2,"UPS (I-VIII)",1,"Department of Education",4,OBC,17,9,61,69,67,69,80,83,74,86,0,0,0,0,56,61,80,75,76,67,76,77,0,0,0,0
2019-20,33,Tamilnadu,3324,MADURAI,332401,ALANGANALLUR,Urban,2,cat2,"UPS (I-VIII)",1,"Department of Education",4,OBC,0,0,3,6,6,7,3,9,10,7,0,0,0,0,7,3,7,5,11,9,7,10,0,0,0,0
2019-20,33,Tamilnadu,3324,MADURAI,332402,CHELLAMPATTI,Urban,2,cat2,"UPS (I-VIII)",1,"Department of Education",4,OBC,0,0,0,0,3,2,1,0,0,0,0,0,0,0,1,1,0,2,0,1,3,0,0,0,0,0
2019-20,33,Tamilnadu,3324,MADURAI,332406,"MADURAI EAST",Urban,2,cat2,"UPS (I-VIII)",1,"Department of Education",4,OBC,0,0,10,10,11,12,10,17,12,16,0,0,0,0,10,12,7,16,20,17,13,11,0,0,0,0
2019-20,33,Tamilnadu,3324,MADURAI,332407,"MADURAI WEST",Urban,2,cat2,"UPS (I-VIII)",1,"Department of Education",4,OBC,14,18,56,45,39,26,34,45,31,18,0,0,0,0,39,31,30,45,31,43,35,26,0,0,0,0
2019-20,33,Tamilnadu,3324,MADURAI,332411,THIRUPARAMKUNDRAM,Urban,2,cat2,"UPS (I-VIII)",1,"Department of Education",4,OBC,30,57,15,24,28,23,23,31,36,32,0,0,0,0,20,25,28,19,37,34,34,31,0,0,0,0
2019-20,33,Tamilnadu,3324,MADURAI,332413,T.VADIPATTI,Urban,2,cat2,"UPS (I-VIII)",1,"Department of Education",4,OBC,9,7,1,8,4,11,3,5,10,2,0,0,0,0,8,9,5,7,7,8,3,9,0,0,0,0
2019-20,33,Tamilnadu,3324,MADURAI,332404,T.KALLUPATTI,Rural,2,cat2,"UPS (I-VIII)",2,"Tribal Welfare Department",4,OBC,0,0,2,1,0,0,0,0,0,1,0,0,0,0,0,0,2,0,2,0,0,0,0,0,0,0
2019-20,33,Tamilnadu,3324,MADURAI,332406,"MADURAI EAST",Rural,2,cat2,"UPS (I-VIII)",2,"Tribal Welfare Department",4,OBC,0,0,1,0,0,1,0,0,0,0,0,0,0,0,0,1,0,0,0,0,0,0,0,0,0,0
2019-20,33,Tamilnadu,3324,MADURAI,332409,SEDAPATTI,Rural,2,cat2,"UPS (I-VIII)",2,"Tribal Welfare Department",4,OBC,0,0,0,0,0,0,0,0,0,0,0,0,0,0,0,0,0,0,0,0,0,0,0,0,0,0
