ac_year,st_code,state_name,dt_code,district_name,block_cd,udise_block_name,loc_name,sch_category_id,tr_cat_name,school_category,sch_mgmt_id,sch_mgmt_name,caste_id,caste_name,pre_primary_boy,pre_primary_girl,class1_boy,class2_boy,class3_boy,class4_boy,class5_boy,class6_boy,class7_boy,class8_boy,class9_boy,class10_boy,class11_boy,class12_boy,class1_girl,class2_girl,class3_girl,class4_girl,class5_girl,class6_girl,class7_girl,class8_girl,class9_girl,class10_girl,class11_girl,class12_girl
2019-20,33,Tamilnadu,3327,RAMANATHAPURAM,332703,PARAMAKUDI,Urban,2,cat2,"UPS (I-VIII)",3,"Local body",4,OBC,14,24,30,40,28,43,22,42,33,26,0,0,0,0,25,32,35,47,29,37,30,34,0,0,0,0
2019-20,33,Tamilnadu,3327,RAMANATHAPURAM,332709,RAMANATHAPURAM,Urban,2,cat2,"UPS (I-VIII)",3,"Local body",4,OBC,15,32,21,14,24,12,23,24,19,7,0,0,0,0,12,18,22,19,28,19,23,5,0,0,0,0
2019-20,33,Tamilnadu,3327,RAMANATHAPURAM,332701,THIRUVADANAI,Rural,2,cat2,"UPS (I-VIII)",4,"Government Aided",4,OBC,0,0,22,31,42,38,42,48,57,35,0,0,0,0,26,32,43,41,56,56,53,63,0,0,0,0
2019-20,33,Tamilnadu,3327,RAMANATHAPURAM,332702,RAJASINGAMANGALAM,Rural,2,cat2,"UPS (I-VIII)",4,"Government Aided",4,OBC,0,0,11,7,6,14,5,8,9,10,0,0,0,0,9,8,5,4,8,10,7,8,0,0,0,0
2019-20,33,Tamilnadu,3327,RAMANATHAPURAM,332703,PARAMAKUDI,Rural,2,cat2,"UPS (I-VIII)",4,"Government Aided",4,OBC,0,0,13,29,16,27,29,35,29,36,0,0,0,0,23,21,24,20,24,25,27,32,0,0,0,0
2019-20,33,Tamilnadu,3327,RAMANATHAPURAM,332705,NAINARKOIL,Rural,2,cat2,"UPS (I-VIII)",4,"Government Aided",4,OBC,0,0,2,0,3,0,1,2,3,0,0,0,0,0,3,0,2,3,2,5,3,4,0,0,0,0
2019-20,33,Tamilnadu,3327,RAMANATHAPURAM,332706,KAMUTHI,Rural,2,cat2,"UPS (I-VIII)",4,"Government Aided",4,OBC,0,0,6,5,8,7,5,20,19,13,0,0,0,0,8,11,4,8,3,16,11,15,0,0,0,0
2019-20,33,Tamilnadu,3327,RAMANATHAPURAM,332707,MUDUKULATHUR,Rural,2,cat2,"UPS (I-VIII)",4,"Government Aided",4,OBC,0,0,9,8,4,5,4,10,17,13,0,0,0,0,2,6,2,4,7,9,8,11,0,0,0,0
2019-20,33,Tamilnadu,3327,RAMANATHAPURAM,332708,KADALADI,Rural,2,cat2,"UPS (I-VIII)",4,"Government Aided",4,OBC,0,0,40,49,59,39,56,89,85,86,0,0,0,0,35,41,51,62,50,87,89,75,0,0,0,0
2019-20,33,Tamilnadu,3327,RAMANATHAPURAM,332709,RAMANATHAPURAM,Rural,2,cat2,"UPS (I-VIII)",4,"Government Aided",4,OBC,0,0,10,6,13,15,20,6,14,15,0,0,0,0,12,19,15,21,14,19,22,17,0,0,0,0
2019-20,33,Tamilnadu,3327,RAMANATHAPURAM,332710,THIRUPPULLANI,Rural,2,cat2,"UPS (I-VIII)",4,"Government Aided",4,OBC,0,0,14,17,17,23,22,35,40,49,0,0,0,0,16,10,23,14,15,26,34,28,0,0,0,0
2019-20,33,Tamilnadu,3327,RAMANATHAPURAM,332703,PARAMAKUDI,Urban,2,cat2,"UPS (I-VIII)",4,"Government Aided",4,OBC,0,0,3,5,8,6,3,11,11,5,0,0,0,0,7,7,8,8,3,5,8,8,0,0,0,0
2019-20,33,Tamilnadu,3327,RAMANATHAPURAM,332706,KAMUTHI,Urban,2,cat2,"UPS (I-VIII)",4,"Government Aided",4,OBC,0,0,12,9,13,17,10,13,19,15,0,0,0,0,11,10,8,10,7,11,10,13,0,0,0,0
2019-20,33,Tamilnadu,3327,RAMANATHAPURAM,332708,KADALADI,Urban,2,cat2,"UPS (I-VIII)",4,"Government Aided",4,OBC,0,0,48,45,43,46,58,41,23,44,0,0,0,0,42,43,49,44,37,29,40,25,0,0,0,0
2019-20,33,Tamilnadu,3327,RAMANATHAPURAM,332709,RAMANATHAPURAM,Urban,2,cat2,"UPS (I-VIII)",4,"Government Aided",4,OBC,0,0,15,14,13,18,24,16,22,31,0,0,0,0,16,13,19,19,17,15,21,26,0,0,0,0
2019-20,33,Tamilnadu,3327,RAMANATHAPURAM,332701,THIRUVADANAI,Rural,2,cat2,"UPS (I-VIII)",5,"Private Unaided (Recognized)",4,OBC,64,63,36,33,40,22,33,11,5,16,0,0,0,0,22,27,27,23,26,3,3,14,0,0,0,0
2019-20,33,Tamilnadu,3327,RAMANATHAPURAM,332703,PARAMAKUDI,Rural,2,cat2,"UPS (I-VIII)",5,"Private Unaided (Recognized)",4,OBC,69,54,28,23,20,14,17,6,10,5,0,0,0,0,15,24,8,16,10,3,11,4,0,0,0,0
2019-20,33,Tamilnadu,3327,RAMANATHAPURAM,332708,KADALADI,Rural,2,cat2,"UPS (I-VIII)",5,"Private Unaided (Recognized)",4,OBC,71,67,42,38,34,23,26,28,18,20,0,0,0,0,34,34,31,34,21,11,13,10,0,0,0,0
2019-20,33,Tamilnadu,3327,RAMANATHAPURAM,332709,RAMANATHAPURAM,Rural,2,cat2,"UPS (I-VIII)",5,"Private Unaided (Recognized)",4,OBC,83,84,56,44,57,51,58,39,18,0,0,0,0,0,40,51,55,48,38,48,14,0,0,0,0,0
2019-20,33,Tamilnadu,3327,RAMANATHAPURAM,332710,THIRUPPULLANI,Rural,2,cat2,"UPS (I-VIII)",5,"Private Unaided (Recognized)",4,OBC,27,25,12,5,4,4,8,5,2,2,0,0,0,0,10,10,8,6,4,4,1,2,0,0,0,0
2019-20,33,Tamilnadu,3327,RAMANATHAPURAM,332711,MANDAPAM,Rural,2,cat2,"UPS (I-VIII)",5,"Private Unaided (Recognized)",4,OBC,140,139,191,201,180,164,191,208,156,76,0,0,0,0,141,153,138,140,165,142,118,66,0,0,0,0
2019-20,33,Tamilnadu,3327,RAMANATHAPURAM,332710,THIRUPPULLANI,Urban,2,cat2,"UPS (I-VIII)",5,"Private Unaided (Recognized)",4,OBC,105,120,37,21,22,32,13,7,13,0,0,0,0,0,39,37,33,24,28,20,17,1,0,0,0,0
2019-20,33,Tamilnadu,3327,RAMANATHAPURAM,332703,PARAMAKUDI,Urban,2,cat2,"UPS (I-VIII)",8,Unrecognized,4,OBC,43,29,18,15,14,8,8,16,0,0,0,0,0,0,20,10,12,11,7,13,0,0,0,0,0,0
2019-20,33,Tamilnadu,3327,RAMANATHAPURAM,332704,BOGALUR,Rural,4,cat4,"UPS (VI-VIII)",1,"Department of Education",4,OBC,0,0,0,0,0,0,0,2,0,3,0,0,0,0,0,0,0,0,0,1,3,0,0,0,0,0
2019-20,33,Tamilnadu,3327,RAMANATHAPURAM,332703,PARAMAKUDI,Rural,3,cat3,"HSS (I-XII)",1,"Department of Education",1,General,0,0,0,0,0,0,0,0,0,0,0,0,1,0,0,0,0,0,0,0,0,0,0,0,0,0
2019-20,33,Tamilnadu,3327,RAMANATHAPURAM,332701,THIRUVADANAI,Rural,3,cat3,"HSS (I-XII)",5,"Private Unaided (Recognized)",1,General,2,0,0,1,0,1,0,0,0,0,0,0,0,0,0,0,0,2,1,1,0,0,1,0,1,0
2019-20,33,Tamilnadu,3327,RAMANATHAPURAM,332703,PARAMAKUDI,Rural,3,cat3,"HSS (I-XII)",5,"Private Unaided (Recognized)",1,General,0,0,1,0,1,0,0,1,0,1,0,0,1,0,1,0,0,0,0,0,0,0,3,1,0,1
2019-20,33,Tamilnadu,3327,RAMANATHAPURAM,332704,BOGALUR,Rural,3,cat3,"HSS (I-XII)",5,"Private Unaided (Recognized)",1,General,0,0,0,0,0,0,0,0,0,0,0,0,0,0,0,0,0,0,0,0,0,0,0,0,0,0
2019-20,33,Tamilnadu,3327,RAMANATHAPURAM,332707,MUDUKULATHUR,Rural,3,cat3,"HSS (I-XII)",5,"Private Unaided (Recognized)",1,General,0,1,0,0,0,0,0,0,1,0,0,0,0,0,0,0,0,0,0,0,2,0,2,0,0,0
2019-20,33,Tamilnadu,3327,RAMANATHAPURAM,332708,KADALADI,Rural,3,cat3,"HSS (I-XII)",5,"Private Unaided (Recognized)",1,General,1,0,0,0,0,0,1,0,0,0,1,0,0,0,0,0,0,0,0,0,0,0,1,0,0,0
2019-20,33,Tamilnadu,3327,RAMANATHAPURAM,332709,RAMANATHAPURAM,Rural,3,cat3,"HSS (I-XII)",5,"Private Unaided (Recognized)",1,General,1,2,6,2,2,1,5,5,4,4,5,4,3,0,3,3,4,6,2,7,3,3,2,3,1,1
2019-20,33,Tamilnadu,3327,RAMANATHAPURAM,332710,THIRUPPULLANI,Rural,3,cat3,"HSS (I-XII)",5,"Private Unaided (Recognized)",1,General,0,1,0,0,0,1,0,0,0,0,0,0,0,0,0,0,0,0,0,0,1,0,0,0,0,0
2019-20,33,Tamilnadu,3327,RAMANATHAPURAM,332711,MANDAPAM,Rural,3,cat3,"HSS (I-XII)",5,"Private Unaided (Recognized)",1,General,15,10,3,4,4,0,2,4,3,1,4,4,4,2,3,2,4,3,2,4,1,2,3,4,1,4
2019-20,33,Tamilnadu,3327,RAMANATHAPURAM,332701,THIRUVADANAI,Urban,3,cat3,"HSS (I-XII)",5,"Private Unaided (Recognized)",1,General,0,0,0,0,0,0,1,0,0,0,1,2,0,1,0,0,1,0,0,0,0,0,0,0,0,0
2019-20,33,Tamilnadu,3327,RAMANATHAPURAM,332702,RAJASINGAMANGALAM,Urban,3,cat3,"HSS (I-XII)",5,"Private Unaided (Recognized)",1,General,1,1,0,1,0,0,0,0,0,0,1,0,0,0,0,0,0,0,0,0,0,0,0,0,0,0
2019-20,33,Tamilnadu,3327,RAMANATHAPURAM,332703,PARAMAKUDI,Urban,3,cat3,"HSS (I-XII)",5,"Private Unaided (Recognized)",1,General,0,0,0,0,1,0,0,0,0,0,0,0,0,0,0,0,0,0,0,1,0,0,0,0,0,2
2019-20,33,Tamilnadu,3327,RAMANATHAPURAM,332706,KAMUTHI,Urban,3,cat3,"HSS (I-XII)",5,"Private Unaided (Recognized)",1,General,0,0,0,0,0,0,0,0,0,0,0,0,0,0,0,0,0,0,0,0,1,1,1,0,0,0
2019-20,33,Tamilnadu,3327,RAMANATHAPURAM,332708,KADALADI,Urban,3,cat3,"HSS (I-XII)",5,"Private Unaided (Recognized)",1,General,0,0,0,0,0,0,0,0,0,0,0,0,0,0,0,0,0,0,0,0,0,0,0,0,0,0
2019-20,33,Tamilnadu,3327,RAMANATHAPURAM,332709,RAMANATHAPURAM,Urban,3,cat3,"HSS (I-XII)",5,"Private Unaided (Recognized)",1,General,0,1,0,0,0,1,1,4,1,2,2,3,3,3,1,1,1,4,1,1,0,1,1,2,2,4
2019-20,33,Tamilnadu,3327,RAMANATHAPURAM,332710,THIRUPPULLANI,Urban,3,cat3,"HSS (I-XII)",5,"Private Unaided (Recognized)",1,General,1,0,0,0,0,0,0,0,0,0,0,0,0,0,0,0,0,0,0,0,0,0,0,0,1,1
2019-20,33,Tamilnadu,3327,RAMANATHAPURAM,332711,MANDAPAM,Urban,3,cat3,"HSS (I-XII)",5,"Private Unaided (Recognized)",1,General,9,15,3,3,5,2,4,2,3,3,4,7,2,6,7,5,6,4,8,7,3,5,4,3,10,5
2019-20,33,Tamilnadu,3327,RAMANATHAPURAM,332711,MANDAPAM,Rural,3,cat3,"HSS (I-XII)",92,"Kendriya Vidyalaya / Central School",1,General,0,0,5,10,13,15,7,5,11,8,11,18,8,3,4,10,9,14,12,8,9,10,10,14,5,1
2019-20,33,Tamilnadu,3327,RAMANATHAPURAM,332708,KADALADI,Rural,10,cat10,"HSS (IX-XII)",1,"Department of Education",1,General,0,0,0,0,0,0,0,0,0,0,0,0,0,0,0,0,0,0,0,0,0,0,0,0,0,0
2019-20,33,Tamilnadu,3327,RAMANATHAPURAM,332701,THIRUVADANAI,Rural,5,cat5,"HSS (VI-XII)",1,"Department of Education",1,General,0,0,0,0,0,0,0,0,0,0,0,0,0,0,0,0,0,0,0,0,0,0,0,0,0,0
2019-20,33,Tamilnadu,3327,RAMANATHAPURAM,332702,RAJASINGAMANGALAM,Rural,5,cat5,"HSS (VI-XII)",1,"Department of Education",1,General,0,0,0,0,0,0,0,0,0,0,0,0,0,0,0,0,0,0,0,0,0,0,0,0,0,0
2019-20,33,Tamilnadu,3327,RAMANATHAPURAM,332703,PARAMAKUDI,Rural,5,cat5,"HSS (VI-XII)",1,"Department of Education",1,General,0,0,0,0,0,0,0,0,0,0,0,0,0,0,0,0,0,0,0,0,0,0,0,0,0,0
2019-20,33,Tamilnadu,3327,RAMANATHAPURAM,332704,BOGALUR,Rural,5,cat5,"HSS (VI-XII)",1,"Department of Education",1,General,0,0,0,0,0,0,0,0,0,0,0,0,0,1,0,0,0,0,0,0,0,0,0,0,0,0
2019-20,33,Tamilnadu,3327,RAMANATHAPURAM,332705,NAINARKOIL,Rural,5,cat5,"HSS (VI-XII)",1,"Department of Education",1,General,0,0,0,0,0,0,0,0,0,0,0,0,0,0,0,0,0,0,0,0,0,0,0,0,0,0
2019-20,33,Tamilnadu,3327,RAMANATHAPURAM,332706,KAMUTHI,Rural,5,cat5,"HSS (VI-XII)",1,"Department of Education",1,General,0,0,0,0,0,0,0,0,0,0,0,0,1,0,0,0,0,0,0,0,0,0,0,0,0,0
2019-20,33,Tamilnadu,3327,RAMANATHAPURAM,332707,MUDUKULATHUR,Rural,5,cat5,"HSS (VI-XII)",1,"Department of Education",1,General,0,0,0,0,0,0,0,0,0,0,0,0,0,0,0,0,0,0,0,0,0,0,0,0,0,0
2019-20,33,Tamilnadu,3327,RAMANATHAPURAM,332708,KADALADI,Rural,5,cat5,"HSS (VI-XII)",1,"Department of Education",1,General,0,0,0,0,0,0,0,1,2,0,0,0,0,0,0,0,0,0,0,0,0,0,1,0,0,0
2019-20,33,Tamilnadu,3327,RAMANATHAPURAM,332709,RAMANATHAPURAM,Rural,5,cat5,"HSS (VI-XII)",1,"Department of Education",1,General,0,0,0,0,0,0,0,0,0,0,0,0,0,1,0,0,0,0,0,0,0,0,0,0,0,1
2019-20,33,Tamilnadu,3327,RAMANATHAPURAM,332710,THIRUPPULLANI,Rural,5,cat5,"HSS (VI-XII)",1,"Department of Education",1,General,0,0,0,0,0,0,0,0,0,0,0,0,0,0,0,0,0,0,0,0,0,0,1,0,0,0
2019-20,33,Tamilnadu,3327,RAMANATHAPURAM,332711,MANDAPAM,Rural,5,cat5,"HSS (VI-XII)",1,"Department of Education",1,General,0,0,0,0,0,0,0,1,0,1,1,0,0,0,0,0,0,0,0,0,0,0,0,1,0,0
2019-20,33,Tamilnadu,3327,RAMANATHAPURAM,332701,THIRUVADANAI,Urban,5,cat5,"HSS (VI-XII)",1,"Department of Education",1,General,0,0,0,0,0,0,0,0,0,0,0,0,0,0,0,0,0,0,0,0,0,0,0,0,0,0
2019-20,33,Tamilnadu,3327,RAMANATHAPURAM,332702,RAJASINGAMANGALAM,Urban,5,cat5,"HSS (VI-XII)",1,"Department of Education",1,General,0,0,0,0,0,0,0,0,0,0,0,0,0,0,0,0,0,0,0,0,1,0,0,0,0,0
2019-20,33,Tamilnadu,3327,RAMANATHAPURAM,332703,PARAMAKUDI,Urban,5,cat5,"HSS (VI-XII)",1,"Department of Education",1,General,0,0,0,0,0,0,0,0,0,0,0,0,0,0,0,0,0,0,0,0,0,1,0,0,0,0
2019-20,33,Tamilnadu,3327,RAMANATHAPURAM,332707,MUDUKULATHUR,Urban,5,cat5,"HSS (VI-XII)",1,"Department of Education",1,General,0,0,0,0,0,0,0,0,0,0,0,0,0,0,0,0,0,0,0,0,0,0,0,0,0,0
2019-20,33,Tamilnadu,3327,RAMANATHAPURAM,332708,KADALADI,Urban,5,cat5,"HSS (VI-XII)",1,"Department of Education",1,General,0,0,0,0,0,0,0,0,0,0,0,0,0,0,0,0,0,0,0,0,0,0,0,0,0,0
2019-20,33,Tamilnadu,3327,RAMANATHAPURAM,332711,MANDAPAM,Urban,5,cat5,"HSS (VI-XII)",1,"Department of Education",1,General,0,0,0,0,0,0,0,14,13,5,14,11,13,6,0,0,0,0,0,14,16,18,14,15,5,13
2019-20,33,Tamilnadu,3327,RAMANATHAPURAM,332709,RAMANATHAPURAM,Rural,5,cat5,"HSS (VI-XII)",3,"Local body",1,General,0,0,0,0,0,0,0,0,0,0,0,0,0,0,0,0,0,0,0,0,1,0,0,0,0,0
2019-20,33,Tamilnadu,3327,RAMANATHAPURAM,332701,THIRUVADANAI,Rural,5,cat5,"HSS (VI-XII)",4,"Government Aided",1,General,0,0,0,0,0,0,0,0,1,0,0,1,0,0,0,0,0,0,0,0,0,0,1,1,0,0
2019-20,33,Tamilnadu,3327,RAMANATHAPURAM,332702,RAJASINGAMANGALAM,Rural,5,cat5,"HSS (VI-XII)",4,"Government Aided",1,General,0,0,0,0,0,0,0,0,0,0,0,0,0,0,0,0,0,0,0,0,0,0,0,0,0,0
2019-20,33,Tamilnadu,3327,RAMANATHAPURAM,332706,KAMUTHI,Rural,5,cat5,"HSS (VI-XII)",4,"Government Aided",1,General,0,0,0,0,0,0,0,0,0,1,0,0,0,0,0,0,0,0,0,0,0,0,1,0,0,1
2019-20,33,Tamilnadu,3327,RAMANATHAPURAM,332707,MUDUKULATHUR,Rural,5,cat5,"HSS (VI-XII)",4,"Government Aided",1,General,0,0,0,0,0,0,0,0,0,0,0,0,0,0,0,0,0,0,0,0,0,0,0,0,0,0
2019-20,33,Tamilnadu,3327,RAMANATHAPURAM,332708,KADALADI,Rural,5,cat5,"HSS (VI-XII)",4,"Government Aided",1,General,0,0,0,0,0,0,0,0,0,0,0,0,0,0,0,0,0,0,0,0,0,0,0,0,1,0
2019-20,33,Tamilnadu,3327,RAMANATHAPURAM,332709,RAMANATHAPURAM,Rural,5,cat5,"HSS (VI-XII)",4,"Government Aided",1,General,0,0,0,0,0,0,0,0,0,0,0,0,0,0,0,0,0,0,0,0,0,0,0,0,0,0
2019-20,33,Tamilnadu,3327,RAMANATHAPURAM,332710,THIRUPPULLANI,Rural,5,cat5,"HSS (VI-XII)",4,"Government Aided",1,General,0,0,0,0,0,0,0,0,0,0,0,0,1,0,0,0,0,0,0,0,0,0,0,0,0,0
2019-20,33,Tamilnadu,3327,RAMANATHAPURAM,332711,MANDAPAM,Rural,5,cat5,"HSS (VI-XII)",4,"Government Aided",1,General,0,0,0,0,0,0,0,0,0,0,0,0,0,0,0,0,0,0,0,0,1,0,0,0,0,0
2019-20,33,Tamilnadu,3327,RAMANATHAPURAM,332703,PARAMAKUDI,Urban,5,cat5,"HSS (VI-XII)",4,"Government Aided",1,General,0,0,0,0,0,0,0,0,1,3,1,2,1,5,0,0,0,0,0,0,1,5,0,1,1,2
2019-20,33,Tamilnadu,3327,RAMANATHAPURAM,332706,KAMUTHI,Urban,5,cat5,"HSS (VI-XII)",4,"Government Aided",1,General,0,0,0,0,0,0,0,0,0,0,0,0,0,0,0,0,0,0,0,0,0,0,0,0,0,0
2019-20,33,Tamilnadu,3327,RAMANATHAPURAM,332707,MUDUKULATHUR,Urban,5,cat5,"HSS (VI-XII)",4,"Government Aided",1,General,0,0,0,0,0,0,0,0,0,1,0,0,0,0,0,0,0,0,0,0,0,0,0,0,0,0
2019-20,33,Tamilnadu,3327,RAMANATHAPURAM,332709,RAMANATHAPURAM,Urban,5,cat5,"HSS (VI-XII)",4,"Government Aided",1,General,0,0,0,0,0,0,0,1,0,1,1,1,2,1,0,0,0,0,0,0,0,0,1,0,0,5
2019-20,33,Tamilnadu,3327,RAMANATHAPURAM,332710,THIRUPPULLANI,Urban,5,cat5,"HSS (VI-XII)",4,"Government Aided",1,General,0,0,0,0,0,0,0,0,0,0,0,0,0,0,0,0,0,0,0,0,0,0,0,0,0,0
2019-20,33,Tamilnadu,3327,RAMANATHAPURAM,332711,MANDAPAM,Urban,5,cat5,"HSS (VI-XII)",4,"Government Aided",1,General,0,0,0,0,0,0,0,0,0,0,0,0,0,0,0,0,0,0,0,1,0,2,2,0,0,1
2019-20,33,Tamilnadu,3327,RAMANATHAPURAM,332709,RAMANATHAPURAM,Rural,5,cat5,"HSS (VI-XII)",5,"Private Unaided (Recognized)",1,General,0,0,0,0,0,0,0,0,0,0,0,0,0,0,0,0,0,0,0,0,0,0,0,0,0,0
2019-20,33,Tamilnadu,3327,RAMANATHAPURAM,332701,THIRUVADANAI,Rural,1,cat1,"PS (I-V)",1,"Department of Education",1,General,0,0,0,0,0,0,0,0,0,0,0,0,0,0,0,0,0,0,0,0,0,0,0,0,0,0
2019-20,33,Tamilnadu,3327,RAMANATHAPURAM,332702,RAJASINGAMANGALAM,Rural,1,cat1,"PS (I-V)",1,"Department of Education",1,General,0,0,0,0,0,0,0,0,0,0,0,0,0,0,0,1,0,0,0,0,0,0,0,0,0,0
2019-20,33,Tamilnadu,3327,RAMANATHAPURAM,332703,PARAMAKUDI,Rural,1,cat1,"PS (I-V)",1,"Department of Education",1,General,0,0,0,0,0,0,0,0,0,0,0,0,0,0,0,0,0,0,0,0,0,0,0,0,0,0
2019-20,33,Tamilnadu,3327,RAMANATHAPURAM,332704,BOGALUR,Rural,1,cat1,"PS (I-V)",1,"Department of Education",1,General,0,0,0,0,0,0,0,0,0,0,0,0,0,0,0,0,0,0,0,0,0,0,0,0,0,0
2019-20,33,Tamilnadu,3327,RAMANATHAPURAM,332705,NAINARKOIL,Rural,1,cat1,"PS (I-V)",1,"Department of Education",1,General,0,0,0,0,0,0,0,0,0,0,0,0,0,0,0,0,0,0,0,0,0,0,0,0,0,0
2019-20,33,Tamilnadu,3327,RAMANATHAPURAM,332706,KAMUTHI,Rural,1,cat1,"PS (I-V)",1,"Department of Education",1,General,0,0,0,0,0,0,0,0,0,0,0,0,0,0,0,0,0,0,0,0,0,0,0,0,0,0
2019-20,33,Tamilnadu,3327,RAMANATHAPURAM,332707,MUDUKULATHUR,Rural,1,cat1,"PS (I-V)",1,"Department of Education",1,General,0,0,0,0,0,0,0,0,0,0,0,0,0,0,0,0,0,0,0,0,0,0,0,0,0,0
2019-20,33,Tamilnadu,3327,RAMANATHAPURAM,332708,KADALADI,Rural,1,cat1,"PS (I-V)",1,"Department of Education",1,General,0,0,0,0,0,0,0,0,0,0,0,0,0,0,0,0,0,0,1,0,0,0,0,0,0,0
2019-20,33,Tamilnadu,3327,RAMANATHAPURAM,332709,RAMANATHAPURAM,Rural,1,cat1,"PS (I-V)",1,"Department of Education",1,General,0,0,0,0,0,0,0,0,0,0,0,0,0,0,0,0,0,0,0,0,0,0,0,0,0,0
2019-20,33,Tamilnadu,3327,RAMANATHAPURAM,332710,THIRUPPULLANI,Rural,1,cat1,"PS (I-V)",1,"Department of Education",1,General,0,0,0,1,1,1,0,0,0,0,0,0,0,0,0,0,0,0,0,0,0,0,0,0,0,0
2019-20,33,Tamilnadu,3327,RAMANATHAPURAM,332711,MANDAPAM,Rural,1,cat1,"PS (I-V)",1,"Department of Education",1,General,0,0,0,0,1,1,1,0,0,0,0,0,0,0,1,0,1,0,0,0,0,0,0,0,0,0
2019-20,33,Tamilnadu,3327,RAMANATHAPURAM,332701,THIRUVADANAI,Urban,1,cat1,"PS (I-V)",1,"Department of Education",1,General,0,0,0,0,0,0,0,0,0,0,0,0,0,0,0,0,0,0,0,0,0,0,0,0,0,0
2019-20,33,Tamilnadu,3327,RAMANATHAPURAM,332702,RAJASINGAMANGALAM,Urban,1,cat1,"PS (I-V)",1,"Department of Education",1,General,0,0,0,0,0,0,0,0,0,0,0,0,0,0,0,0,0,0,0,0,0,0,0,0,0,0
2019-20,33,Tamilnadu,3327,RAMANATHAPURAM,332707,MUDUKULATHUR,Urban,1,cat1,"PS (I-V)",1,"Department of Education",1,General,0,0,0,0,0,0,0,0,0,0,0,0,0,0,0,0,0,0,0,0,0,0,0,0,0,0
2019-20,33,Tamilnadu,3327,RAMANATHAPURAM,332708,KADALADI,Urban,1,cat1,"PS (I-V)",1,"Department of Education",1,General,0,0,0,0,0,0,0,0,0,0,0,0,0,0,0,0,0,0,0,0,0,0,0,0,0,0
2019-20,33,Tamilnadu,3327,RAMANATHAPURAM,332710,THIRUPPULLANI,Urban,1,cat1,"PS (I-V)",1,"Department of Education",1,General,0,0,0,0,0,0,0,0,0,0,0,0,0,0,0,0,0,0,0,0,0,0,0,0,0,0
2019-20,33,Tamilnadu,3327,RAMANATHAPURAM,332711,MANDAPAM,Urban,1,cat1,"PS (I-V)",1,"Department of Education",1,General,0,0,16,9,8,14,19,0,0,0,0,0,0,0,10,7,12,11,8,0,0,0,0,0,0,0
2019-20,33,Tamilnadu,3327,RAMANATHAPURAM,332702,RAJASINGAMANGALAM,Rural,1,cat1,"PS (I-V)",2,"Tribal Welfare Department",1,General,0,0,0,0,0,0,0,0,0,0,0,0,0,0,0,0,0,0,0,0,0,0,0,0,0,0
2019-20,33,Tamilnadu,3327,RAMANATHAPURAM,332703,PARAMAKUDI,Rural,1,cat1,"PS (I-V)",2,"Tribal Welfare Department",1,General,0,0,0,0,0,0,0,0,0,0,0,0,0,0,0,0,0,0,0,0,0,0,0,0,0,0
2019-20,33,Tamilnadu,3327,RAMANATHAPURAM,332706,KAMUTHI,Rural,1,cat1,"PS (I-V)",2,"Tribal Welfare Department",1,General,0,0,0,0,0,0,0,0,0,0,0,0,0,0,0,0,0,0,0,0,0,0,0,0,0,0
2019-20,33,Tamilnadu,3327,RAMANATHAPURAM,332710,THIRUPPULLANI,Rural,1,cat1,"PS (I-V)",2,"Tribal Welfare Department",1,General,0,0,0,0,0,0,0,0,0,0,0,0,0,0,0,0,0,0,0,0,0,0,0,0,0,0
2019-20,33,Tamilnadu,3327,RAMANATHAPURAM,332703,PARAMAKUDI,Rural,1,cat1,"PS (I-V)",3,"Local body",1,General,0,0,0,0,0,0,0,0,0,0,0,0,0,0,0,0,0,0,0,0,0,0,0,0,0,0
2019-20,33,Tamilnadu,3327,RAMANATHAPURAM,332709,RAMANATHAPURAM,Rural,1,cat1,"PS (I-V)",3,"Local body",1,General,0,0,0,0,0,0,0,0,0,0,0,0,0,0,0,0,0,0,0,0,0,0,0,0,0,0
2019-20,33,Tamilnadu,3327,RAMANATHAPURAM,332703,PARAMAKUDI,Urban,1,cat1,"PS (I-V)",3,"Local body",1,General,0,0,0,0,0,0,0,0,0,0,0,0,0,0,0,0,0,0,0,0,0,0,0,0,0,0
2019-20,33,Tamilnadu,3327,RAMANATHAPURAM,332701,THIRUVADANAI,Rural,1,cat1,"PS (I-V)",4,"Government Aided",1,General,0,0,0,0,0,0,0,0,0,0,0,0,0,0,0,0,0,0,0,0,0,0,0,0,0,0
2019-20,33,Tamilnadu,3327,RAMANATHAPURAM,332702,RAJASINGAMANGALAM,Rural,1,cat1,"PS (I-V)",4,"Government Aided",1,General,0,0,0,0,0,0,0,0,0,0,0,0,0,0,0,0,0,0,0,0,0,0,0,0,0,0
2019-20,33,Tamilnadu,3327,RAMANATHAPURAM,332703,PARAMAKUDI,Rural,1,cat1,"PS (I-V)",4,"Government Aided",1,General,0,0,0,0,0,0,0,0,0,0,0,0,0,0,0,0,0,0,0,0,0,0,0,0,0,0
2019-20,33,Tamilnadu,3327,RAMANATHAPURAM,332704,BOGALUR,Rural,1,cat1,"PS (I-V)",4,"Government Aided",1,General,0,0,0,0,0,0,0,0,0,0,0,0,0,0,0,0,0,0,0,0,0,0,0,0,0,0
2019-20,33,Tamilnadu,3327,RAMANATHAPURAM,332705,NAINARKOIL,Rural,1,cat1,"PS (I-V)",4,"Government Aided",1,General,0,0,0,0,0,0,0,0,0,0,0,0,0,0,0,0,0,0,0,0,0,0,0,0,0,0
2019-20,33,Tamilnadu,3327,RAMANATHAPURAM,332706,KAMUTHI,Rural,1,cat1,"PS (I-V)",4,"Government Aided",1,General,0,0,0,0,0,0,0,0,0,0,0,0,0,0,0,0,0,0,0,0,0,0,0,0,0,0
2019-20,33,Tamilnadu,3327,RAMANATHAPURAM,332707,MUDUKULATHUR,Rural,1,cat1,"PS (I-V)",4,"Government Aided",1,General,0,0,0,0,0,0,0,0,0,0,0,0,0,0,0,0,0,0,0,0,0,0,0,0,0,0
2019-20,33,Tamilnadu,3327,RAMANATHAPURAM,332708,KADALADI,Rural,1,cat1,"PS (I-V)",4,"Government Aided",1,General,0,0,0,1,0,1,0,0,0,0,0,0,0,0,0,0,0,0,0,0,0,0,0,0,0,0
2019-20,33,Tamilnadu,3327,RAMANATHAPURAM,332709,RAMANATHAPURAM,Rural,1,cat1,"PS (I-V)",4,"Government Aided",1,General,0,0,0,0,0,0,0,0,0,0,0,0,0,0,0,0,0,0,0,0,0,0,0,0,0,0
2019-20,33,Tamilnadu,3327,RAMANATHAPURAM,332710,THIRUPPULLANI,Rural,1,cat1,"PS (I-V)",4,"Government Aided",1,General,0,0,0,0,0,0,0,0,0,0,0,0,0,0,0,0,0,0,0,0,0,0,0,0,0,0
2019-20,33,Tamilnadu,3327,RAMANATHAPURAM,332711,MANDAPAM,Rural,1,cat1,"PS (I-V)",4,"Government Aided",1,General,0,0,0,0,0,0,0,0,0,0,0,0,0,0,0,0,0,0,0,0,0,0,0,0,0,0
2019-20,33,Tamilnadu,3327,RAMANATHAPURAM,332701,THIRUVADANAI,Urban,1,cat1,"PS (I-V)",4,"Government Aided",1,General,0,0,0,0,0,0,0,0,0,0,0,0,0,0,0,0,0,0,0,0,0,0,0,0,0,0
2019-20,33,Tamilnadu,3327,RAMANATHAPURAM,332702,RAJASINGAMANGALAM,Urban,1,cat1,"PS (I-V)",4,"Government Aided",1,General,0,0,0,0,0,0,0,0,0,0,0,0,0,0,0,0,0,0,0,0,0,0,0,0,0,0
2019-20,33,Tamilnadu,3327,RAMANATHAPURAM,332703,PARAMAKUDI,Urban,1,cat1,"PS (I-V)",4,"Government Aided",1,General,0,0,0,0,0,0,0,0,0,0,0,0,0,0,0,0,0,0,0,0,0,0,0,0,0,0
2019-20,33,Tamilnadu,3327,RAMANATHAPURAM,332706,KAMUTHI,Urban,1,cat1,"PS (I-V)",4,"Government Aided",1,General,0,0,0,0,0,0,0,0,0,0,0,0,0,0,0,0,0,0,0,0,0,0,0,0,0,0
2019-20,33,Tamilnadu,3327,RAMANATHAPURAM,332707,MUDUKULATHUR,Urban,1,cat1,"PS (I-V)",4,"Government Aided",1,General,0,0,0,0,0,0,0,0,0,0,0,0,0,0,0,0,0,0,0,0,0,0,0,0,0,0
2019-20,33,Tamilnadu,3327,RAMANATHAPURAM,332708,KADALADI,Urban,1,cat1,"PS (I-V)",4,"Government Aided",1,General,0,0,0,0,1,0,1,0,0,0,0,0,0,0,0,0,0,0,0,0,0,0,0,0,0,0
2019-20,33,Tamilnadu,3327,RAMANATHAPURAM,332709,RAMANATHAPURAM,Urban,1,cat1,"PS (I-V)",4,"Government Aided",1,General,0,0,0,0,1,0,0,0,0,0,0,0,0,0,1,1,1,1,0,0,0,0,0,0,0,0
2019-20,33,Tamilnadu,3327,RAMANATHAPURAM,332710,THIRUPPULLANI,Urban,1,cat1,"PS (I-V)",4,"Government Aided",1,General,0,0,0,1,0,1,0,0,0,0,0,0,0,0,0,0,1,0,0,0,0,0,0,0,0,0
2019-20,33,Tamilnadu,3327,RAMANATHAPURAM,332711,MANDAPAM,Urban,1,cat1,"PS (I-V)",4,"Government Aided",1,General,0,0,0,0,0,0,0,0,0,0,0,0,0,0,0,1,0,0,0,0,0,0,0,0,0,0
2019-20,33,Tamilnadu,3327,RAMANATHAPURAM,332701,THIRUVADANAI,Rural,1,cat1,"PS (I-V)",5,"Private Unaided (Recognized)",1,General,0,0,0,0,0,0,0,0,0,0,0,0,0,0,0,0,1,0,0,0,0,0,0,0,0,0
2019-20,33,Tamilnadu,3327,RAMANATHAPURAM,332702,RAJASINGAMANGALAM,Rural,1,cat1,"PS (I-V)",5,"Private Unaided (Recognized)",1,General,0,0,0,0,0,1,1,0,0,0,0,0,0,0,1,0,0,0,0,0,0,0,0,0,0,0
2019-20,33,Tamilnadu,3327,RAMANATHAPURAM,332703,PARAMAKUDI,Rural,1,cat1,"PS (I-V)",5,"Private Unaided (Recognized)",1,General,0,0,0,0,0,0,0,0,0,0,0,0,0,0,0,1,0,0,1,0,0,0,0,0,0,0
2019-20,33,Tamilnadu,3327,RAMANATHAPURAM,332704,BOGALUR,Rural,1,cat1,"PS (I-V)",5,"Private Unaided (Recognized)",1,General,0,0,0,0,0,0,0,0,0,0,0,0,0,0,0,0,0,0,0,0,0,0,0,0,0,0
2019-20,33,Tamilnadu,3327,RAMANATHAPURAM,332705,NAINARKOIL,Rural,1,cat1,"PS (I-V)",5,"Private Unaided (Recognized)",1,General,0,0,0,0,0,0,0,0,0,0,0,0,0,0,0,0,0,0,0,0,0,0,0,0,0,0
2019-20,33,Tamilnadu,3327,RAMANATHAPURAM,332706,KAMUTHI,Rural,1,cat1,"PS (I-V)",5,"Private Unaided (Recognized)",1,General,0,0,0,1,0,1,0,0,0,0,0,0,0,0,0,0,1,0,0,0,0,0,0,0,0,0
2019-20,33,Tamilnadu,3327,RAMANATHAPURAM,332707,MUDUKULATHUR,Rural,1,cat1,"PS (I-V)",5,"Private Unaided (Recognized)",1,General,0,0,0,0,0,0,0,0,0,0,0,0,0,0,0,0,0,0,0,0,0,0,0,0,0,0
2019-20,33,Tamilnadu,3327,RAMANATHAPURAM,332708,KADALADI,Rural,1,cat1,"PS (I-V)",5,"Private Unaided (Recognized)",1,General,0,0,0,0,0,0,0,0,0,0,0,0,0,0,0,0,0,0,0,0,0,0,0,0,0,0
2019-20,33,Tamilnadu,3327,RAMANATHAPURAM,332709,RAMANATHAPURAM,Rural,1,cat1,"PS (I-V)",5,"Private Unaided (Recognized)",1,General,1,1,0,0,0,0,0,0,0,0,0,0,0,0,0,0,0,0,0,0,0,0,0,0,0,0
2019-20,33,Tamilnadu,3327,RAMANATHAPURAM,332710,THIRUPPULLANI,Rural,1,cat1,"PS (I-V)",5,"Private Unaided (Recognized)",1,General,1,1,0,0,0,0,0,0,0,0,0,0,0,0,1,0,1,0,1,0,0,0,0,0,0,0
2019-20,33,Tamilnadu,3327,RAMANATHAPURAM,332711,MANDAPAM,Rural,1,cat1,"PS (I-V)",5,"Private Unaided (Recognized)",1,General,3,1,1,3,0,1,0,0,0,0,0,0,0,0,1,2,1,3,0,0,0,0,0,0,0,0
2019-20,33,Tamilnadu,3327,RAMANATHAPURAM,332702,RAJASINGAMANGALAM,Urban,1,cat1,"PS (I-V)",5,"Private Unaided (Recognized)",1,General,0,0,0,0,0,0,0,0,0,0,0,0,0,0,0,0,0,0,0,0,0,0,0,0,0,0
2019-20,33,Tamilnadu,3327,RAMANATHAPURAM,332703,PARAMAKUDI,Urban,1,cat1,"PS (I-V)",5,"Private Unaided (Recognized)",1,General,2,0,1,0,0,2,0,0,0,0,0,0,0,0,1,1,0,2,0,0,0,0,0,0,0,0
2019-20,33,Tamilnadu,3327,RAMANATHAPURAM,332707,MUDUKULATHUR,Urban,1,cat1,"PS (I-V)",5,"Private Unaided (Recognized)",1,General,0,0,0,0,0,0,0,0,0,0,0,0,0,0,0,0,0,0,0,0,0,0,0,0,0,0
2019-20,33,Tamilnadu,3327,RAMANATHAPURAM,332708,KADALADI,Urban,1,cat1,"PS (I-V)",5,"Private Unaided (Recognized)",1,General,0,0,0,0,0,0,0,0,0,0,0,0,0,0,0,0,0,0,0,0,0,0,0,0,0,0
2019-20,33,Tamilnadu,3327,RAMANATHAPURAM,332709,RAMANATHAPURAM,Urban,1,cat1,"PS (I-V)",5,"Private Unaided (Recognized)",1,General,0,0,0,0,0,0,0,0,0,0,0,0,0,0,0,0,0,0,0,0,0,0,0,0,0,0
2019-20,33,Tamilnadu,3327,RAMANATHAPURAM,332710,THIRUPPULLANI,Urban,1,cat1,"PS (I-V)",5,"Private Unaided (Recognized)",1,General,0,0,0,0,0,0,0,0,0,0,0,0,0,0,0,0,0,0,0,0,0,0,0,0,0,0
2019-20,33,Tamilnadu,3327,RAMANATHAPURAM,332711,MANDAPAM,Urban,1,cat1,"PS (I-V)",5,"Private Unaided (Recognized)",1,General,1,1,1,0,2,0,0,0,0,0,0,0,0,0,0,0,2,0,0,0,0,0,0,0,0,0
2019-20,33,Tamilnadu,3327,RAMANATHAPURAM,332708,KADALADI,Rural,1,cat1,"PS (I-V)",8,Unrecognized,1,General,0,0,0,0,0,0,0,0,0,0,0,0,0,0,0,0,0,0,0,0,0,0,0,0,0,0
2019-20,33,Tamilnadu,3327,RAMANATHAPURAM,332711,MANDAPAM,Rural,1,cat1,"PS (I-V)",8,Unrecognized,1,General,0,0,0,0,0,0,0,0,0,0,0,0,0,0,0,0,0,0,0,0,0,0,0,0,0,0
2019-20,33,Tamilnadu,3327,RAMANATHAPURAM,332702,RAJASINGAMANGALAM,Urban,1,cat1,"PS (I-V)",8,Unrecognized,1,General,0,0,0,0,0,0,0,0,0,0,0,0,0,0,0,0,0,0,0,0,0,0,0,0,0,0
2019-20,33,Tamilnadu,3327,RAMANATHAPURAM,332708,KADALADI,Urban,1,cat1,"PS (I-V)",8,Unrecognized,1,General,0,0,0,0,0,0,0,0,0,0,0,0,0,0,0,0,0,0,0,0,0,0,0,0,0,0
2019-20,33,Tamilnadu,3327,RAMANATHAPURAM,332701,THIRUVADANAI,Rural,6,cat6,"SS (I-X)",5,"Private Unaided (Recognized)",1,General,0,0,0,0,0,0,0,0,0,0,1,0,0,0,0,0,0,0,0,0,1,0,0,0,0,0
2019-20,33,Tamilnadu,3327,RAMANATHAPURAM,332703,PARAMAKUDI,Rural,6,cat6,"SS (I-X)",5,"Private Unaided (Recognized)",1,General,0,1,0,0,1,0,0,0,0,1,0,2,0,0,1,0,1,0,0,0,0,0,0,0,0,0
2019-20,33,Tamilnadu,3327,RAMANATHAPURAM,332704,BOGALUR,Rural,6,cat6,"SS (I-X)",5,"Private Unaided (Recognized)",1,General,0,0,0,0,0,0,0,0,0,0,0,0,0,0,0,0,0,0,0,0,0,0,0,0,0,0
2019-20,33,Tamilnadu,3327,RAMANATHAPURAM,332706,KAMUTHI,Rural,6,cat6,"SS (I-X)",5,"Private Unaided (Recognized)",1,General,0,0,0,0,0,0,0,0,0,0,0,0,0,0,0,0,0,0,0,0,0,0,0,0,0,0
2019-20,33,Tamilnadu,3327,RAMANATHAPURAM,332707,MUDUKULATHUR,Rural,6,cat6,"SS (I-X)",5,"Private Unaided (Recognized)",1,General,0,0,0,0,0,0,0,0,0,0,0,0,0,0,0,0,0,0,0,0,0,0,0,0,0,0
2019-20,33,Tamilnadu,3327,RAMANATHAPURAM,332708,KADALADI,Rural,6,cat6,"SS (I-X)",5,"Private Unaided (Recognized)",1,General,1,1,0,0,0,0,0,0,0,0,0,0,0,0,0,0,0,0,1,0,0,0,0,0,0,0
2019-20,33,Tamilnadu,3327,RAMANATHAPURAM,332709,RAMANATHAPURAM,Rural,6,cat6,"SS (I-X)",5,"Private Unaided (Recognized)",1,General,0,0,0,0,0,0,0,0,0,0,0,0,0,0,0,0,0,0,0,0,0,0,0,0,0,0
2019-20,33,Tamilnadu,3327,RAMANATHAPURAM,332710,THIRUPPULLANI,Rural,6,cat6,"SS (I-X)",5,"Private Unaided (Recognized)",1,General,0,0,0,0,0,0,0,0,0,0,0,0,0,0,0,1,0,0,0,0,0,0,0,0,0,0
2019-20,33,Tamilnadu,3327,RAMANATHAPURAM,332711,MANDAPAM,Rural,6,cat6,"SS (I-X)",5,"Private Unaided (Recognized)",1,General,0,0,0,0,0,0,0,0,0,0,0,0,0,0,0,0,0,3,4,5,2,0,1,2,0,0
2019-20,33,Tamilnadu,3327,RAMANATHAPURAM,332702,RAJASINGAMANGALAM,Urban,6,cat6,"SS (I-X)",5,"Private Unaided (Recognized)",1,General,0,1,0,0,0,0,0,0,0,0,0,0,0,0,0,0,0,0,0,0,0,0,0,0,0,0
2019-20,33,Tamilnadu,3327,RAMANATHAPURAM,332703,PARAMAKUDI,Urban,6,cat6,"SS (I-X)",5,"Private Unaided (Recognized)",1,General,0,2,0,0,0,0,0,0,1,0,1,1,0,0,0,1,0,0,1,0,0,1,0,1,0,0
2019-20,33,Tamilnadu,3327,RAMANATHAPURAM,332707,MUDUKULATHUR,Urban,6,cat6,"SS (I-X)",5,"Private Unaided (Recognized)",1,General,0,0,0,0,0,0,0,0,0,0,1,0,0,0,0,0,1,0,0,0,0,1,0,0,0,0
2019-20,33,Tamilnadu,3327,RAMANATHAPURAM,332709,RAMANATHAPURAM,Urban,6,cat6,"SS (I-X)",5,"Private Unaided (Recognized)",1,General,1,0,0,0,0,0,1,0,0,0,0,0,0,0,0,0,0,0,1,1,0,0,0,0,0,0
2019-20,33,Tamilnadu,3327,RAMANATHAPURAM,332711,MANDAPAM,Urban,6,cat6,"SS (I-X)",92,"Kendriya Vidyalaya / Central School",1,General,0,0,1,0,2,2,2,1,3,1,3,0,0,0,1,1,2,1,0,5,0,3,2,0,0,0
2019-20,33,Tamilnadu,3327,RAMANATHAPURAM,332701,THIRUVADANAI,Rural,7,cat7,"SS (VI-X)",1,"Department of Education",1,General,0,0,0,0,0,0,0,0,0,0,0,0,0,0,0,0,0,0,0,0,0,0,0,0,0,0
2019-20,33,Tamilnadu,3327,RAMANATHAPURAM,332702,RAJASINGAMANGALAM,Rural,7,cat7,"SS (VI-X)",1,"Department of Education",1,General,0,0,0,0,0,0,0,0,0,0,0,0,0,0,0,0,0,0,0,0,0,0,0,0,0,0
2019-20,33,Tamilnadu,3327,RAMANATHAPURAM,332703,PARAMAKUDI,Rural,7,cat7,"SS (VI-X)",1,"Department of Education",1,General,0,0,0,0,0,0,0,0,0,0,0,0,0,0,0,0,0,0,0,0,0,0,0,0,0,0
2019-20,33,Tamilnadu,3327,RAMANATHAPURAM,332704,BOGALUR,Rural,7,cat7,"SS (VI-X)",1,"Department of Education",1,General,0,0,0,0,0,0,0,0,0,0,0,0,0,0,0,0,0,0,0,0,0,0,0,0,0,0
2019-20,33,Tamilnadu,3327,RAMANATHAPURAM,332705,NAINARKOIL,Rural,7,cat7,"SS (VI-X)",1,"Department of Education",1,General,0,0,0,0,0,0,0,0,0,0,0,0,0,0,0,0,0,0,0,0,0,0,0,0,0,0
2019-20,33,Tamilnadu,3327,RAMANATHAPURAM,332706,KAMUTHI,Rural,7,cat7,"SS (VI-X)",1,"Department of Education",1,General,0,0,0,0,0,0,0,0,0,0,0,0,0,0,0,0,0,0,0,0,0,0,0,0,0,0
2019-20,33,Tamilnadu,3327,RAMANATHAPURAM,332707,MUDUKULATHUR,Rural,7,cat7,"SS (VI-X)",1,"Department of Education",1,General,0,0,0,0,0,0,0,0,0,0,0,0,0,0,0,0,0,0,0,0,0,0,0,0,0,0
2019-20,33,Tamilnadu,3327,RAMANATHAPURAM,332708,KADALADI,Rural,7,cat7,"SS (VI-X)",1,"Department of Education",1,General,0,0,0,0,0,0,0,0,0,0,0,0,0,0,0,0,0,0,0,0,1,0,0,0,0,0
2019-20,33,Tamilnadu,3327,RAMANATHAPURAM,332709,RAMANATHAPURAM,Rural,7,cat7,"SS (VI-X)",1,"Department of Education",1,General,0,0,0,0,0,0,0,0,0,0,0,0,0,0,0,0,0,0,0,0,0,0,0,0,0,0
2019-20,33,Tamilnadu,3327,RAMANATHAPURAM,332710,THIRUPPULLANI,Rural,7,cat7,"SS (VI-X)",1,"Department of Education",1,General,0,0,0,0,0,0,0,0,0,0,0,0,0,0,0,0,0,0,0,0,0,0,0,0,0,0
2019-20,33,Tamilnadu,3327,RAMANATHAPURAM,332711,MANDAPAM,Rural,7,cat7,"SS (VI-X)",1,"Department of Education",1,General,0,0,0,0,0,0,0,0,1,0,0,0,0,0,0,0,0,0,0,0,0,0,0,0,0,0
2019-20,33,Tamilnadu,3327,RAMANATHAPURAM,332711,MANDAPAM,Urban,7,cat7,"SS (VI-X)",1,"Department of Education",1,General,0,0,0,0,0,0,0,0,0,0,0,0,0,0,0,0,0,0,0,0,0,0,0,0,0,0
2019-20,33,Tamilnadu,3327,RAMANATHAPURAM,332702,RAJASINGAMANGALAM,Rural,7,cat7,"SS (VI-X)",2,"Tribal Welfare Department",1,General,0,0,0,0,0,0,0,0,0,0,0,0,0,0,0,0,0,0,0,0,0,0,0,0,0,0
2019-20,33,Tamilnadu,3327,RAMANATHAPURAM,332706,KAMUTHI,Rural,7,cat7,"SS (VI-X)",2,"Tribal Welfare Department",1,General,0,0,0,0,0,0,0,0,0,0,0,0,0,0,0,0,0,0,0,0,0,0,0,0,0,0
2019-20,33,Tamilnadu,3327,RAMANATHAPURAM,332710,THIRUPPULLANI,Rural,7,cat7,"SS (VI-X)",2,"Tribal Welfare Department",1,General,0,0,0,0,0,0,0,0,0,0,0,0,0,0,0,0,0,0,0,0,0,0,0,0,0,0
2019-20,33,Tamilnadu,3327,RAMANATHAPURAM,332703,PARAMAKUDI,Urban,7,cat7,"SS (VI-X)",2,"Tribal Welfare Department",1,General,0,0,0,0,0,0,0,0,0,0,0,0,0,0,0,0,0,0,0,0,0,0,0,0,0,0
2019-20,33,Tamilnadu,3327,RAMANATHAPURAM,332702,RAJASINGAMANGALAM,Rural,7,cat7,"SS (VI-X)",4,"Government Aided",1,General,0,0,0,0,0,0,0,0,0,0,0,0,0,0,0,0,0,0,0,0,0,0,0,0,0,0
2019-20,33,Tamilnadu,3327,RAMANATHAPURAM,332708,KADALADI,Rural,7,cat7,"SS (VI-X)",4,"Government Aided",1,General,0,0,0,0,0,0,0,0,0,0,0,0,0,0,0,0,0,0,0,0,0,0,0,0,0,0
2019-20,33,Tamilnadu,3327,RAMANATHAPURAM,332710,THIRUPPULLANI,Rural,7,cat7,"SS (VI-X)",4,"Government Aided",1,General,0,0,0,0,0,0,0,0,0,0,0,0,0,0,0,0,0,0,0,0,0,0,0,0,0,0
2019-20,33,Tamilnadu,3327,RAMANATHAPURAM,332711,MANDAPAM,Rural,7,cat7,"SS (VI-X)",4,"Government Aided",1,General,0,0,0,0,0,0,0,0,0,0,0,0,0,0,0,0,0,0,0,0,0,0,0,0,0,0
2019-20,33,Tamilnadu,3327,RAMANATHAPURAM,332701,THIRUVADANAI,Urban,7,cat7,"SS (VI-X)",4,"Government Aided",1,General,0,0,0,0,0,0,0,0,0,0,0,0,0,0,0,0,0,0,0,0,0,0,0,0,0,0
2019-20,33,Tamilnadu,3327,RAMANATHAPURAM,332703,PARAMAKUDI,Urban,7,cat7,"SS (VI-X)",4,"Government Aided",1,General,0,0,0,0,0,0,0,0,0,0,0,0,0,0,0,0,0,0,0,0,0,0,0,0,0,0
2019-20,33,Tamilnadu,3327,RAMANATHAPURAM,332706,KAMUTHI,Urban,7,cat7,"SS (VI-X)",4,"Government Aided",1,General,0,0,0,0,0,0,0,0,0,0,0,0,0,0,0,0,0,0,0,0,0,0,0,0,0,0
2019-20,33,Tamilnadu,3327,RAMANATHAPURAM,332707,MUDUKULATHUR,Urban,7,cat7,"SS (VI-X)",4,"Government Aided",1,General,0,0,0,0,0,0,0,0,0,0,0,0,0,0,0,0,0,0,0,0,0,0,0,0,0,0
2019-20,33,Tamilnadu,3327,RAMANATHAPURAM,332709,RAMANATHAPURAM,Urban,7,cat7,"SS (VI-X)",4,"Government Aided",1,General,0,0,0,0,0,0,0,0,0,0,0,0,0,0,0,0,0,0,0,0,1,1,0,0,0,0
2019-20,33,Tamilnadu,3327,RAMANATHAPURAM,332701,THIRUVADANAI,Rural,7,cat7,"SS (VI-X)",5,"Private Unaided (Recognized)",1,General,0,0,0,0,0,0,0,0,0,0,0,0,0,0,0,0,0,0,0,0,0,0,0,0,0,0
2019-20,33,Tamilnadu,3327,RAMANATHAPURAM,332702,RAJASINGAMANGALAM,Rural,7,cat7,"SS (VI-X)",5,"Private Unaided (Recognized)",1,General,0,0,0,0,0,0,0,0,0,0,0,0,0,0,0,0,0,0,0,0,0,0,0,0,0,0
2019-20,33,Tamilnadu,3327,RAMANATHAPURAM,332703,PARAMAKUDI,Rural,7,cat7,"SS (VI-X)",5,"Private Unaided (Recognized)",1,General,0,0,0,0,0,0,0,0,0,0,0,0,0,0,0,0,0,0,0,0,0,2,0,1,0,0
2019-20,33,Tamilnadu,3327,RAMANATHAPURAM,332704,BOGALUR,Rural,7,cat7,"SS (VI-X)",5,"Private Unaided (Recognized)",1,General,0,0,0,0,0,0,0,0,0,0,0,0,0,0,0,0,0,0,0,0,0,0,0,0,0,0
2019-20,33,Tamilnadu,3327,RAMANATHAPURAM,332710,THIRUPPULLANI,Urban,7,cat7,"SS (VI-X)",5,"Private Unaided (Recognized)",1,General,0,0,0,0,0,0,0,0,0,0,0,0,0,0,0,0,0,0,0,0,0,0,0,0,0,0
2019-20,33,Tamilnadu,3327,RAMANATHAPURAM,332701,THIRUVADANAI,Rural,2,cat2,"UPS (I-VIII)",1,"Department of Education",1,General,0,0,0,0,0,0,0,0,0,0,0,0,0,0,0,0,0,0,0,0,0,0,0,0,0,0
2019-20,33,Tamilnadu,3327,RAMANATHAPURAM,332702,RAJASINGAMANGALAM,Rural,2,cat2,"UPS (I-VIII)",1,"Department of Education",1,General,0,0,0,0,0,0,0,0,0,0,0,0,0,0,0,0,0,0,0,0,0,0,0,0,0,0
2019-20,33,Tamilnadu,3327,RAMANATHAPURAM,332703,PARAMAKUDI,Rural,2,cat2,"UPS (I-VIII)",1,"Department of Education",1,General,0,0,0,0,0,0,0,0,0,0,0,0,0,0,0,0,0,0,0,0,0,0,0,0,0,0
2019-20,33,Tamilnadu,3327,RAMANATHAPURAM,332704,BOGALUR,Rural,2,cat2,"UPS (I-VIII)",1,"Department of Education",1,General,0,0,0,0,0,0,0,0,0,0,0,0,0,0,0,0,0,0,0,0,0,0,0,0,0,0
2019-20,33,Tamilnadu,3327,RAMANATHAPURAM,332705,NAINARKOIL,Rural,2,cat2,"UPS (I-VIII)",1,"Department of Education",1,General,0,0,0,0,0,0,0,0,0,0,0,0,0,0,0,0,0,0,0,0,0,0,0,0,0,0
2019-20,33,Tamilnadu,3327,RAMANATHAPURAM,332706,KAMUTHI,Rural,2,cat2,"UPS (I-VIII)",1,"Department of Education",1,General,0,0,0,0,0,0,0,0,0,0,0,0,0,0,0,0,0,0,0,0,0,0,0,0,0,0
2019-20,33,Tamilnadu,3327,RAMANATHAPURAM,332707,MUDUKULATHUR,Rural,2,cat2,"UPS (I-VIII)",1,"Department of Education",1,General,0,0,0,0,0,0,0,0,0,0,0,0,0,0,0,0,0,0,0,0,0,0,0,0,0,0
2019-20,33,Tamilnadu,3327,RAMANATHAPURAM,332708,KADALADI,Rural,2,cat2,"UPS (I-VIII)",1,"Department of Education",1,General,0,0,0,0,0,0,0,1,0,0,0,0,0,0,0,0,0,1,0,0,0,0,0,0,0,0
2019-20,33,Tamilnadu,3327,RAMANATHAPURAM,332709,RAMANATHAPURAM,Rural,2,cat2,"UPS (I-VIII)",1,"Department of Education",1,General,0,0,0,0,0,0,0,0,0,0,0,0,0,0,0,0,0,0,0,0,0,0,0,0,0,0
2019-20,33,Tamilnadu,3327,RAMANATHAPURAM,332710,THIRUPPULLANI,Rural,2,cat2,"UPS (I-VIII)",1,"Department of Education",1,General,0,0,0,0,0,0,0,0,0,0,0,0,0,0,0,0,0,0,0,0,0,0,0,0,0,0
2019-20,33,Tamilnadu,3327,RAMANATHAPURAM,332711,MANDAPAM,Rural,2,cat2,"UPS (I-VIII)",1,"Department of Education",1,General,0,0,0,0,0,0,0,0,0,0,0,0,0,0,0,0,0,0,0,0,0,0,0,0,0,0
2019-20,33,Tamilnadu,3327,RAMANATHAPURAM,332701,THIRUVADANAI,Urban,2,cat2,"UPS (I-VIII)",1,"Department of Education",1,General,0,0,0,0,0,0,0,0,0,0,0,0,0,0,0,0,0,0,0,0,0,0,0,0,0,0
2019-20,33,Tamilnadu,3327,RAMANATHAPURAM,332703,PARAMAKUDI,Urban,2,cat2,"UPS (I-VIII)",1,"Department of Education",1,General,0,0,0,0,0,0,0,0,0,0,0,0,0,0,0,0,0,0,0,0,0,0,0,0,0,0
2019-20,33,Tamilnadu,3327,RAMANATHAPURAM,332706,KAMUTHI,Urban,2,cat2,"UPS (I-VIII)",1,"Department of Education",1,General,0,0,0,0,0,0,0,0,0,0,0,0,0,0,0,0,0,0,0,0,0,0,0,0,0,0
2019-20,33,Tamilnadu,3327,RAMANATHAPURAM,332707,MUDUKULATHUR,Urban,2,cat2,"UPS (I-VIII)",1,"Department of Education",1,General,0,0,1,0,0,0,0,0,1,0,0,0,0,0,0,0,0,1,0,0,0,0,0,0,0,0
2019-20,33,Tamilnadu,3327,RAMANATHAPURAM,332708,KADALADI,Urban,2,cat2,"UPS (I-VIII)",1,"Department of Education",1,General,0,0,0,0,0,0,0,0,0,0,0,0,0,0,0,0,0,0,0,0,0,0,0,0,0,0
2019-20,33,Tamilnadu,3327,RAMANATHAPURAM,332711,MANDAPAM,Urban,2,cat2,"UPS (I-VIII)",1,"Department of Education",1,General,0,0,0,0,0,0,0,0,0,0,0,0,0,0,0,0,0,0,0,0,0,0,0,0,0,0
2019-20,33,Tamilnadu,3327,RAMANATHAPURAM,332703,PARAMAKUDI,Rural,2,cat2,"UPS (I-VIII)",2,"Tribal Welfare Department",1,General,0,0,0,0,0,0,0,0,0,0,0,0,0,0,0,0,0,0,0,0,0,0,0,0,0,0
2019-20,33,Tamilnadu,3327,RAMANATHAPURAM,332703,PARAMAKUDI,Urban,2,cat2,"UPS (I-VIII)",3,"Local body",1,General,0,0,0,0,0,0,0,0,0,0,0,0,0,0,0,0,0,0,0,0,0,0,0,0,0,0
2019-20,33,Tamilnadu,3327,RAMANATHAPURAM,332709,RAMANATHAPURAM,Urban,2,cat2,"UPS (I-VIII)",3,"Local body",1,General,0,0,0,0,0,0,0,0,0,0,0,0,0,0,0,0,0,0,0,0,0,1,0,0,0,0
2019-20,33,Tamilnadu,3327,RAMANATHAPURAM,332701,THIRUVADANAI,Rural,2,cat2,"UPS (I-VIII)",4,"Government Aided",1,General,0,0,0,0,0,0,0,0,0,0,0,0,0,0,0,0,0,0,0,0,0,0,0,0,0,0
2019-20,33,Tamilnadu,3327,RAMANATHAPURAM,332702,RAJASINGAMANGALAM,Rural,2,cat2,"UPS (I-VIII)",4,"Government Aided",1,General,0,0,0,0,0,0,0,0,0,0,0,0,0,0,0,0,0,0,0,1,0,0,0,0,0,0
2019-20,33,Tamilnadu,3327,RAMANATHAPURAM,332703,PARAMAKUDI,Rural,2,cat2,"UPS (I-VIII)",4,"Government Aided",1,General,0,0,0,0,0,0,0,0,0,0,0,0,0,0,0,0,0,0,0,0,0,0,0,0,0,0
2019-20,33,Tamilnadu,3327,RAMANATHAPURAM,332705,NAINARKOIL,Rural,2,cat2,"UPS (I-VIII)",4,"Government Aided",1,General,0,0,0,0,0,0,0,0,0,0,0,0,0,0,0,0,0,0,0,0,0,0,0,0,0,0
2019-20,33,Tamilnadu,3327,RAMANATHAPURAM,332706,KAMUTHI,Rural,2,cat2,"UPS (I-VIII)",4,"Government Aided",1,General,0,0,0,0,0,0,0,0,0,0,0,0,0,0,0,0,0,0,0,0,0,0,0,0,0,0
2019-20,33,Tamilnadu,3327,RAMANATHAPURAM,332707,MUDUKULATHUR,Rural,2,cat2,"UPS (I-VIII)",4,"Government Aided",1,General,0,0,0,0,0,0,0,0,0,1,0,0,0,0,0,0,0,0,0,0,0,0,0,0,0,0
2019-20,33,Tamilnadu,3327,RAMANATHAPURAM,332708,KADALADI,Rural,2,cat2,"UPS (I-VIII)",4,"Government Aided",1,General,0,0,0,0,0,0,0,0,0,0,0,0,0,0,0,0,0,0,0,0,0,0,0,0,0,0
2019-20,33,Tamilnadu,3327,RAMANATHAPURAM,332709,RAMANATHAPURAM,Rural,2,cat2,"UPS (I-VIII)",4,"Government Aided",1,General,0,0,0,0,0,0,0,0,0,0,0,0,0,0,0,0,0,0,0,0,0,0,0,0,0,0
2019-20,33,Tamilnadu,3327,RAMANATHAPURAM,332710,THIRUPPULLANI,Rural,2,cat2,"UPS (I-VIII)",4,"Government Aided",1,General,0,0,0,0,0,0,0,0,0,0,0,0,0,0,0,0,0,0,0,0,0,0,0,0,0,0
2019-20,33,Tamilnadu,3327,RAMANATHAPURAM,332703,PARAMAKUDI,Urban,2,cat2,"UPS (I-VIII)",4,"Government Aided",1,General,0,0,0,0,0,0,0,0,0,0,0,0,0,0,0,0,0,0,0,0,0,0,0,0,0,0
2019-20,33,Tamilnadu,3327,RAMANATHAPURAM,332706,KAMUTHI,Urban,2,cat2,"UPS (I-VIII)",4,"Government Aided",1,General,0,0,0,0,0,0,0,0,0,0,0,0,0,0,0,0,0,0,0,0,0,0,0,0,0,0
2019-20,33,Tamilnadu,3327,RAMANATHAPURAM,332708,KADALADI,Urban,2,cat2,"UPS (I-VIII)",4,"Government Aided",1,General,0,0,0,0,0,0,0,0,0,0,0,0,0,0,0,0,0,0,0,0,0,0,0,0,0,0
2019-20,33,Tamilnadu,3327,RAMANATHAPURAM,332709,RAMANATHAPURAM,Urban,2,cat2,"UPS (I-VIII)",4,"Government Aided",1,General,0,0,0,0,0,0,0,0,0,0,0,0,0,0,0,0,0,0,0,0,0,0,0,0,0,0
2019-20,33,Tamilnadu,3327,RAMANATHAPURAM,332701,THIRUVADANAI,Rural,2,cat2,"UPS (I-VIII)",5,"Private Unaided (Recognized)",1,General,0,1,0,0,0,0,0,0,0,0,0,0,0,0,0,0,0,0,0,1,0,1,0,0,0,0
2019-20,33,Tamilnadu,3327,RAMANATHAPURAM,332703,PARAMAKUDI,Rural,2,cat2,"UPS (I-VIII)",5,"Private Unaided (Recognized)",1,General,0,0,0,0,0,0,0,1,0,0,0,0,0,0,0,0,0,0,0,0,0,0,0,0,0,0
2019-20,33,Tamilnadu,3327,RAMANATHAPURAM,332708,KADALADI,Rural,2,cat2,"UPS (I-VIII)",5,"Private Unaided (Recognized)",1,General,1,0,0,0,0,0,0,0,0,0,0,0,0,0,0,0,0,0,0,0,0,1,0,0,0,0
2019-20,33,Tamilnadu,3327,RAMANATHAPURAM,332709,RAMANATHAPURAM,Rural,2,cat2,"UPS (I-VIII)",5,"Private Unaided (Recognized)",1,General,2,2,0,1,0,0,0,0,0,0,0,0,0,0,0,2,1,0,0,0,0,0,0,0,0,0
2019-20,33,Tamilnadu,3327,RAMANATHAPURAM,332710,THIRUPPULLANI,Rural,2,cat2,"UPS (I-VIII)",5,"Private Unaided (Recognized)",1,General,0,0,0,0,0,0,0,0,0,0,0,0,0,0,0,0,0,0,0,0,0,0,0,0,0,0
2019-20,33,Tamilnadu,3327,RAMANATHAPURAM,332711,MANDAPAM,Rural,2,cat2,"UPS (I-VIII)",5,"Private Unaided (Recognized)",1,General,6,4,1,0,0,1,1,0,0,0,0,0,0,0,2,3,2,2,3,2,2,1,0,0,0,0
2019-20,33,Tamilnadu,3327,RAMANATHAPURAM,332710,THIRUPPULLANI,Urban,2,cat2,"UPS (I-VIII)",5,"Private Unaided (Recognized)",1,General,0,0,0,0,0,0,0,0,0,0,0,0,0,0,0,0,0,0,0,0,0,0,0,0,0,0
2019-20,33,Tamilnadu,3327,RAMANATHAPURAM,332703,PARAMAKUDI,Urban,2,cat2,"UPS (I-VIII)",8,Unrecognized,1,General,1,0,0,0,1,0,0,0,0,0,0,0,0,0,0,0,0,0,0,0,0,0,0,0,0,0
2019-20,33,Tamilnadu,3327,RAMANATHAPURAM,332704,BOGALUR,Rural,4,cat4,"UPS (VI-VIII)",1,"Department of Education",1,General,0,0,0,0,0,0,0,0,0,0,0,0,0,0,0,0,0,0,0,0,0,0,0,0,0,0
2019-20,33,Tamilnadu,3327,RAMANATHAPURAM,332703,PARAMAKUDI,Rural,3,cat3,"HSS (I-XII)",1,"Department of Education",2,SC,0,0,0,0,0,0,0,7,4,4,5,12,1,2,0,0,0,0,0,8,1,7,6,4,4,3
2019-20,33,Tamilnadu,3327,RAMANATHAPURAM,332701,THIRUVADANAI,Rural,3,cat3,"HSS (I-XII)",5,"Private Unaided (Recognized)",2,SC,15,12,4,7,2,6,9,3,1,4,3,2,0,0,3,3,4,5,3,4,2,5,3,2,1,2
2019-20,33,Tamilnadu,3327,RAMANATHAPURAM,332703,PARAMAKUDI,Rural,3,cat3,"HSS (I-XII)",5,"Private Unaided (Recognized)",2,SC,18,20,11,13,14,15,20,12,12,10,14,12,21,15,13,17,17,12,8,12,11,18,15,15,13,10
2019-20,33,Tamilnadu,3327,RAMANATHAPURAM,332704,BOGALUR,Rural,3,cat3,"HSS (I-XII)",5,"Private Unaided (Recognized)",2,SC,83,84,39,42,31,23,23,22,10,17,11,14,0,1,34,28,17,20,18,15,12,21,11,5,2,2
2019-20,33,Tamilnadu,3327,RAMANATHAPURAM,332707,MUDUKULATHUR,Rural,3,cat3,"HSS (I-XII)",5,"Private Unaided (Recognized)",2,SC,35,31,15,7,12,5,10,7,8,4,11,5,2,0,11,10,13,13,7,13,6,4,5,4,3,2
2019-20,33,Tamilnadu,3327,RAMANATHAPURAM,332708,KADALADI,Rural,3,cat3,"HSS (I-XII)",5,"Private Unaided (Recognized)",2,SC,71,43,21,22,24,26,21,10,10,12,6,9,5,2,18,21,22,16,10,11,11,12,8,8,7,5
2019-20,33,Tamilnadu,3327,RAMANATHAPURAM,332709,RAMANATHAPURAM,Rural,3,cat3,"HSS (I-XII)",5,"Private Unaided (Recognized)",2,SC,107,103,59,61,63,64,50,48,53,50,32,28,21,21,48,55,49,59,38,52,47,38,34,33,19,22
2019-20,33,Tamilnadu,3327,RAMANATHAPURAM,332710,THIRUPPULLANI,Rural,3,cat3,"HSS (I-XII)",5,"Private Unaided (Recognized)",2,SC,9,11,7,6,3,4,6,1,2,0,2,2,1,0,8,5,7,5,2,2,5,2,1,1,2,0
2019-20,33,Tamilnadu,3327,RAMANATHAPURAM,332711,MANDAPAM,Rural,3,cat3,"HSS (I-XII)",5,"Private Unaided (Recognized)",2,SC,36,37,10,10,16,13,7,21,13,11,12,9,4,2,14,10,15,11,11,11,7,11,11,11,3,7
2019-20,33,Tamilnadu,3327,RAMANATHAPURAM,332701,THIRUVADANAI,Urban,3,cat3,"HSS (I-XII)",5,"Private Unaided (Recognized)",2,SC,16,9,3,11,8,13,3,6,2,1,3,5,2,0,6,8,7,4,4,5,4,3,1,4,1,3
2019-20,33,Tamilnadu,3327,RAMANATHAPURAM,332702,RAJASINGAMANGALAM,Urban,3,cat3,"HSS (I-XII)",5,"Private Unaided (Recognized)",2,SC,9,15,9,6,4,5,3,4,1,3,1,9,2,2,8,3,5,5,7,6,2,9,1,4,1,2
2019-20,33,Tamilnadu,3327,RAMANATHAPURAM,332703,PARAMAKUDI,Urban,3,cat3,"HSS (I-XII)",5,"Private Unaided (Recognized)",2,SC,41,36,24,10,21,25,20,9,16,17,21,13,6,11,17,12,20,14,15,10,11,17,17,18,11,6
2019-20,33,Tamilnadu,3327,RAMANATHAPURAM,332706,KAMUTHI,Urban,3,cat3,"HSS (I-XII)",5,"Private Unaided (Recognized)",2,SC,29,20,11,9,11,14,11,8,17,4,10,4,8,12,15,6,8,14,14,14,10,11,7,5,8,10
2019-20,33,Tamilnadu,3327,RAMANATHAPURAM,332708,KADALADI,Urban,3,cat3,"HSS (I-XII)",5,"Private Unaided (Recognized)",2,SC,7,9,4,1,0,2,1,0,0,0,0,0,0,0,4,4,0,0,0,0,0,0,0,0,0,0
2019-20,33,Tamilnadu,3327,RAMANATHAPURAM,332709,RAMANATHAPURAM,Urban,3,cat3,"HSS (I-XII)",5,"Private Unaided (Recognized)",2,SC,123,110,42,42,61,43,52,44,51,40,51,40,40,36,50,58,57,25,51,45,47,54,31,35,59,47
2019-20,33,Tamilnadu,3327,RAMANATHAPURAM,332710,THIRUPPULLANI,Urban,3,cat3,"HSS (I-XII)",5,"Private Unaided (Recognized)",2,SC,25,14,9,5,3,14,13,2,5,2,2,4,1,1,11,6,4,11,3,6,1,3,2,7,2,1
2019-20,33,Tamilnadu,3327,RAMANATHAPURAM,332711,MANDAPAM,Urban,3,cat3,"HSS (I-XII)",5,"Private Unaided (Recognized)",2,SC,6,3,3,3,5,2,1,1,1,2,7,1,1,2,5,0,3,3,3,0,1,2,4,0,2,4
2019-20,33,Tamilnadu,3327,RAMANATHAPURAM,332711,MANDAPAM,Rural,3,cat3,"HSS (I-XII)",92,"Kendriya Vidyalaya / Central School",2,SC,0,0,7,4,8,5,3,4,4,3,2,2,3,0,8,6,3,1,8,1,4,1,2,0,1,1
2019-20,33,Tamilnadu,3327,RAMANATHAPURAM,332708,KADALADI,Rural,10,cat10,"HSS (IX-XII)",1,"Department of Education",2,SC,0,0,0,0,0,0,0,0,0,0,4,14,3,5,0,0,0,0,0,0,0,0,6,9,7,18
2019-20,33,Tamilnadu,3327,RAMANATHAPURAM,332701,THIRUVADANAI,Rural,5,cat5,"HSS (VI-XII)",1,"Department of Education",2,SC,0,0,0,0,0,0,0,8,14,16,20,18,31,23,0,0,0,0,0,25,14,13,51,41,68,56
2019-20,33,Tamilnadu,3327,RAMANATHAPURAM,332702,RAJASINGAMANGALAM,Rural,5,cat5,"HSS (VI-XII)",1,"Department of Education",2,SC,0,0,0,0,0,0,0,50,42,46,27,44,47,40,0,0,0,0,0,41,33,43,41,43,36,18
2019-20,33,Tamilnadu,3327,RAMANATHAPURAM,332703,PARAMAKUDI,Rural,5,cat5,"HSS (VI-XII)",1,"Department of Education",2,SC,0,0,0,0,0,0,0,25,30,26,48,46,42,57,0,0,0,0,0,21,25,34,40,42,40,39
2019-20,33,Tamilnadu,3327,RAMANATHAPURAM,332704,BOGALUR,Rural,5,cat5,"HSS (VI-XII)",1,"Department of Education",2,SC,0,0,0,0,0,0,0,42,33,32,66,59,76,56,0,0,0,0,0,30,35,34,65,52,53,49
2019-20,33,Tamilnadu,3327,RAMANATHAPURAM,332705,NAINARKOIL,Rural,5,cat5,"HSS (VI-XII)",1,"Department of Education",2,SC,0,0,0,0,0,0,0,14,9,9,26,12,21,14,0,0,0,0,0,14,12,11,23,17,21,19
2019-20,33,Tamilnadu,3327,RAMANATHAPURAM,332706,KAMUTHI,Rural,5,cat5,"HSS (VI-XII)",1,"Department of Education",2,SC,0,0,0,0,0,0,0,31,24,39,46,38,46,42,0,0,0,0,0,22,28,23,32,48,33,52
2019-20,33,Tamilnadu,3327,RAMANATHAPURAM,332707,MUDUKULATHUR,Rural,5,cat5,"HSS (VI-XII)",1,"Department of Education",2,SC,0,0,0,0,0,0,0,11,18,18,23,16,30,36,0,0,0,0,0,19,16,20,18,21,20,17
2019-20,33,Tamilnadu,3327,RAMANATHAPURAM,332708,KADALADI,Rural,5,cat5,"HSS (VI-XII)",1,"Department of Education",2,SC,0,0,0,0,0,0,0,37,39,33,72,58,59,54,0,0,0,0,0,42,47,42,58,63,69,54
2019-20,33,Tamilnadu,3327,RAMANATHAPURAM,332709,RAMANATHAPURAM,Rural,5,cat5,"HSS (VI-XII)",1,"Department of Education",2,SC,0,0,0,0,0,0,0,15,20,16,25,17,17,24,0,0,0,0,0,20,17,15,21,17,24,13
2019-20,33,Tamilnadu,3327,RAMANATHAPURAM,332710,THIRUPPULLANI,Rural,5,cat5,"HSS (VI-XII)",1,"Department of Education",2,SC,0,0,0,0,0,0,0,42,22,48,41,35,56,45,0,0,0,0,0,24,37,37,39,43,29,40
2019-20,33,Tamilnadu,3327,RAMANATHAPURAM,332711,MANDAPAM,Rural,5,cat5,"HSS (VI-XII)",1,"Department of Education",2,SC,0,0,0,0,0,0,0,20,29,32,30,23,17,30,0,0,0,0,0,25,25,17,20,25,21,26
2019-20,33,Tamilnadu,3327,RAMANATHAPURAM,332701,THIRUVADANAI,Urban,5,cat5,"HSS (VI-XII)",1,"Department of Education",2,SC,0,0,0,0,0,0,0,8,12,3,21,5,23,11,0,0,0,0,0,0,0,0,0,0,0,0
2019-20,33,Tamilnadu,3327,RAMANATHAPURAM,332702,RAJASINGAMANGALAM,Urban,5,cat5,"HSS (VI-XII)",1,"Department of Education",2,SC,0,0,0,0,0,0,0,32,41,38,31,29,29,25,0,0,0,0,0,55,37,43,45,38,43,43
2019-20,33,Tamilnadu,3327,RAMANATHAPURAM,332703,PARAMAKUDI,Urban,5,cat5,"HSS (VI-XII)",1,"Department of Education",2,SC,0,0,0,0,0,0,0,2,1,2,14,19,72,82,0,0,0,0,0,9,12,16,23,45,66,79
2019-20,33,Tamilnadu,3327,RAMANATHAPURAM,332707,MUDUKULATHUR,Urban,5,cat5,"HSS (VI-XII)",1,"Department of Education",2,SC,0,0,0,0,0,0,0,0,1,0,0,0,10,3,0,0,0,0,0,0,0,0,0,1,4,5
2019-20,33,Tamilnadu,3327,RAMANATHAPURAM,332708,KADALADI,Urban,5,cat5,"HSS (VI-XII)",1,"Department of Education",2,SC,0,0,0,0,0,0,0,15,15,22,25,16,26,19,0,0,0,0,0,14,14,22,30,26,27,23
2019-20,33,Tamilnadu,3327,RAMANATHAPURAM,332711,MANDAPAM,Urban,5,cat5,"HSS (VI-XII)",1,"Department of Education",2,SC,0,0,0,0,0,0,0,13,11,15,20,22,15,18,0,0,0,0,0,6,7,4,6,7,6,7
2019-20,33,Tamilnadu,3327,RAMANATHAPURAM,332709,RAMANATHAPURAM,Rural,5,cat5,"HSS (VI-XII)",3,"Local body",2,SC,0,0,0,0,0,0,0,0,0,0,0,0,0,0,0,0,0,0,0,2,3,2,39,29,62,76
2019-20,33,Tamilnadu,3327,RAMANATHAPURAM,332701,THIRUVADANAI,Rural,5,cat5,"HSS (VI-XII)",4,"Government Aided",2,SC,0,0,0,0,0,0,0,39,42,44,66,57,78,68,0,0,0,0,0,31,37,38,61,71,73,63
2019-20,33,Tamilnadu,3327,RAMANATHAPURAM,332702,RAJASINGAMANGALAM,Rural,5,cat5,"HSS (VI-XII)",4,"Government Aided",2,SC,0,0,0,0,0,0,0,8,10,7,5,5,4,7,0,0,0,0,0,2,2,0,6,11,9,13
2019-20,33,Tamilnadu,3327,RAMANATHAPURAM,332706,KAMUTHI,Rural,5,cat5,"HSS (VI-XII)",4,"Government Aided",2,SC,0,0,0,0,0,0,0,62,73,79,95,72,57,34,0,0,0,0,0,39,61,58,84,79,76,86
2019-20,33,Tamilnadu,3327,RAMANATHAPURAM,332707,MUDUKULATHUR,Rural,5,cat5,"HSS (VI-XII)",4,"Government Aided",2,SC,0,0,0,0,0,0,0,39,31,39,44,50,51,42,0,0,0,0,0,44,47,38,69,61,46,49
2019-20,33,Tamilnadu,3327,RAMANATHAPURAM,332708,KADALADI,Rural,5,cat5,"HSS (VI-XII)",4,"Government Aided",2,SC,0,0,0,0,0,0,0,2,0,4,6,8,5,0,0,0,0,0,0,6,2,1,6,3,9,0
2019-20,33,Tamilnadu,3327,RAMANATHAPURAM,332709,RAMANATHAPURAM,Rural,5,cat5,"HSS (VI-XII)",4,"Government Aided",2,SC,0,0,0,0,0,0,0,7,8,9,11,5,6,8,0,0,0,0,0,7,12,6,13,7,7,9
2019-20,33,Tamilnadu,3327,RAMANATHAPURAM,332710,THIRUPPULLANI,Rural,5,cat5,"HSS (VI-XII)",4,"Government Aided",2,SC,0,0,0,0,0,0,0,20,20,21,41,57,42,65,0,0,0,0,0,8,13,12,15,22,17,20
2019-20,33,Tamilnadu,3327,RAMANATHAPURAM,332711,MANDAPAM,Rural,5,cat5,"HSS (VI-XII)",4,"Government Aided",2,SC,0,0,0,0,0,0,0,0,0,0,1,0,0,0,0,0,0,0,0,3,7,9,18,31,10,14
2019-20,33,Tamilnadu,3327,RAMANATHAPURAM,332703,PARAMAKUDI,Urban,5,cat5,"HSS (VI-XII)",4,"Government Aided",2,SC,0,0,0,0,0,0,0,116,128,137,146,117,127,133,0,0,0,0,0,106,130,118,118,104,131,122
2019-20,33,Tamilnadu,3327,RAMANATHAPURAM,332706,KAMUTHI,Urban,5,cat5,"HSS (VI-XII)",4,"Government Aided",2,SC,0,0,0,0,0,0,0,46,41,57,51,53,46,62,0,0,0,0,0,59,50,61,63,71,76,62
2019-20,33,Tamilnadu,3327,RAMANATHAPURAM,332707,MUDUKULATHUR,Urban,5,cat5,"HSS (VI-XII)",4,"Government Aided",2,SC,0,0,0,0,0,0,0,39,31,37,41,44,29,34,0,0,0,0,0,31,43,52,39,37,38,42
2019-20,33,Tamilnadu,3327,RAMANATHAPURAM,332709,RAMANATHAPURAM,Urban,5,cat5,"HSS (VI-XII)",4,"Government Aided",2,SC,0,0,0,0,0,0,0,86,103,120,250,185,275,221,0,0,0,0,0,109,136,125,181,177,256,242
2019-20,33,Tamilnadu,3327,RAMANATHAPURAM,332710,THIRUPPULLANI,Urban,5,cat5,"HSS (VI-XII)",4,"Government Aided",2,SC,0,0,0,0,0,0,0,13,11,10,15,15,19,15,0,0,0,0,0,31,30,24,45,41,41,38
2019-20,33,Tamilnadu,3327,RAMANATHAPURAM,332711,MANDAPAM,Urban,5,cat5,"HSS (VI-XII)",4,"Government Aided",2,SC,0,0,0,0,0,0,0,1,2,2,1,1,1,3,0,0,0,0,0,9,12,11,24,24,21,19
2019-20,33,Tamilnadu,3327,RAMANATHAPURAM,332709,RAMANATHAPURAM,Rural,5,cat5,"HSS (VI-XII)",5,"Private Unaided (Recognized)",2,SC,0,0,0,0,0,0,0,0,0,0,0,2,0,2,0,0,0,0,0,0,0,0,0,3,0,4
2019-20,33,Tamilnadu,3327,RAMANATHAPURAM,332701,THIRUVADANAI,Rural,1,cat1,"PS (I-V)",1,"Department of Education",2,SC,0,0,42,43,55,50,47,0,0,0,0,0,0,0,28,44,39,46,47,0,0,0,0,0,0,0
2019-20,33,Tamilnadu,3327,RAMANATHAPURAM,332702,RAJASINGAMANGALAM,Rural,1,cat1,"PS (I-V)",1,"Department of Education",2,SC,0,0,55,71,77,81,79,0,0,0,0,0,0,0,66,82,76,88,93,0,0,0,0,0,0,0
2019-20,33,Tamilnadu,3327,RAMANATHAPURAM,332703,PARAMAKUDI,Rural,1,cat1,"PS (I-V)",1,"Department of Education",2,SC,0,0,58,52,89,70,73,0,0,0,0,0,0,0,65,46,78,72,68,0,0,0,0,0,0,0
2019-20,33,Tamilnadu,3327,RAMANATHAPURAM,332704,BOGALUR,Rural,1,cat1,"PS (I-V)",1,"Department of Education",2,SC,0,0,53,65,63,60,60,0,0,0,0,0,0,0,54,63,63,75,53,0,0,0,0,0,0,0
2019-20,33,Tamilnadu,3327,RAMANATHAPURAM,332705,NAINARKOIL,Rural,1,cat1,"PS (I-V)",1,"Department of Education",2,SC,0,0,34,31,28,36,34,0,0,0,0,0,0,0,29,23,33,23,25,0,0,0,0,0,0,0
2019-20,33,Tamilnadu,3327,RAMANATHAPURAM,332706,KAMUTHI,Rural,1,cat1,"PS (I-V)",1,"Department of Education",2,SC,0,0,85,66,84,71,80,0,0,0,0,0,0,0,72,83,100,76,78,0,0,0,0,0,0,0
2019-20,33,Tamilnadu,3327,RAMANATHAPURAM,332707,MUDUKULATHUR,Rural,1,cat1,"PS (I-V)",1,"Department of Education",2,SC,0,0,76,91,99,100,99,0,0,0,0,0,0,0,97,94,105,119,97,0,0,0,0,0,0,0
2019-20,33,Tamilnadu,3327,RAMANATHAPURAM,332708,KADALADI,Rural,1,cat1,"PS (I-V)",1,"Department of Education",2,SC,0,0,64,95,103,80,71,0,0,0,0,0,0,0,72,99,104,100,95,0,0,0,0,0,0,0
2019-20,33,Tamilnadu,3327,RAMANATHAPURAM,332709,RAMANATHAPURAM,Rural,1,cat1,"PS (I-V)",1,"Department of Education",2,SC,0,0,57,77,81,73,73,0,0,0,0,0,0,0,57,74,69,98,90,0,0,0,0,0,0,0
2019-20,33,Tamilnadu,3327,RAMANATHAPURAM,332710,THIRUPPULLANI,Rural,1,cat1,"PS (I-V)",1,"Department of Education",2,SC,0,0,61,83,85,84,76,0,0,0,0,0,0,0,64,76,91,77,81,0,0,0,0,0,0,0
2019-20,33,Tamilnadu,3327,RAMANATHAPURAM,332711,MANDAPAM,Rural,1,cat1,"PS (I-V)",1,"Department of Education",2,SC,0,0,26,21,30,28,23,0,0,0,0,0,0,0,31,32,28,29,30,0,0,0,0,0,0,0
2019-20,33,Tamilnadu,3327,RAMANATHAPURAM,332701,THIRUVADANAI,Urban,1,cat1,"PS (I-V)",1,"Department of Education",2,SC,1,0,18,12,11,15,10,0,0,0,0,0,0,0,12,15,12,10,4,0,0,0,0,0,0,0
2019-20,33,Tamilnadu,3327,RAMANATHAPURAM,332702,RAJASINGAMANGALAM,Urban,1,cat1,"PS (I-V)",1,"Department of Education",2,SC,0,0,8,11,9,9,2,0,0,0,0,0,0,0,8,6,9,16,10,0,0,0,0,0,0,0
2019-20,33,Tamilnadu,3327,RAMANATHAPURAM,332707,MUDUKULATHUR,Urban,1,cat1,"PS (I-V)",1,"Department of Education",2,SC,0,0,1,6,8,4,7,0,0,0,0,0,0,0,8,7,8,7,7,0,0,0,0,0,0,0
2019-20,33,Tamilnadu,3327,RAMANATHAPURAM,332708,KADALADI,Urban,1,cat1,"PS (I-V)",1,"Department of Education",2,SC,0,0,1,1,1,4,2,0,0,0,0,0,0,0,1,2,1,5,2,0,0,0,0,0,0,0
2019-20,33,Tamilnadu,3327,RAMANATHAPURAM,332710,THIRUPPULLANI,Urban,1,cat1,"PS (I-V)",1,"Department of Education",2,SC,0,0,4,5,4,2,2,0,0,0,0,0,0,0,3,3,3,3,3,0,0,0,0,0,0,0
2019-20,33,Tamilnadu,3327,RAMANATHAPURAM,332711,MANDAPAM,Urban,1,cat1,"PS (I-V)",1,"Department of Education",2,SC,0,0,8,6,12,17,15,0,0,0,0,0,0,0,11,11,13,18,16,0,0,0,0,0,0,0
2019-20,33,Tamilnadu,3327,RAMANATHAPURAM,332702,RAJASINGAMANGALAM,Rural,1,cat1,"PS (I-V)",2,"Tribal Welfare Department",2,SC,0,0,2,1,2,1,5,0,0,0,0,0,0,0,1,0,0,0,0,0,0,0,0,0,0,0
2019-20,33,Tamilnadu,3327,RAMANATHAPURAM,332703,PARAMAKUDI,Rural,1,cat1,"PS (I-V)",2,"Tribal Welfare Department",2,SC,0,0,2,2,1,0,6,0,0,0,0,0,0,0,2,2,1,3,1,0,0,0,0,0,0,0
2019-20,33,Tamilnadu,3327,RAMANATHAPURAM,332706,KAMUTHI,Rural,1,cat1,"PS (I-V)",2,"Tribal Welfare Department",2,SC,0,0,5,5,6,8,4,0,0,0,0,0,0,0,4,7,5,5,7,0,0,0,0,0,0,0
2019-20,33,Tamilnadu,3327,RAMANATHAPURAM,332710,THIRUPPULLANI,Rural,1,cat1,"PS (I-V)",2,"Tribal Welfare Department",2,SC,0,0,4,0,6,0,6,0,0,0,0,0,0,0,1,1,3,6,4,0,0,0,0,0,0,0
2019-20,33,Tamilnadu,3327,RAMANATHAPURAM,332703,PARAMAKUDI,Rural,1,cat1,"PS (I-V)",3,"Local body",2,SC,0,0,13,10,17,20,15,0,0,0,0,0,0,0,32,34,16,8,16,0,0,0,0,0,0,0
2019-20,33,Tamilnadu,3327,RAMANATHAPURAM,332709,RAMANATHAPURAM,Rural,1,cat1,"PS (I-V)",3,"Local body",2,SC,0,0,0,0,0,0,0,0,0,0,0,0,0,0,0,2,1,0,1,0,0,0,0,0,0,0
2019-20,33,Tamilnadu,3327,RAMANATHAPURAM,332703,PARAMAKUDI,Urban,1,cat1,"PS (I-V)",3,"Local body",2,SC,0,0,9,10,11,19,8,0,0,0,0,0,0,0,10,11,5,7,11,0,0,0,0,0,0,0
2019-20,33,Tamilnadu,3327,RAMANATHAPURAM,332701,THIRUVADANAI,Rural,1,cat1,"PS (I-V)",4,"Government Aided",2,SC,0,0,26,20,20,23,21,0,0,0,0,0,0,0,28,32,29,20,22,0,0,0,0,0,0,0
2019-20,33,Tamilnadu,3327,RAMANATHAPURAM,332702,RAJASINGAMANGALAM,Rural,1,cat1,"PS (I-V)",4,"Government Aided",2,SC,0,0,21,17,15,21,30,0,0,0,0,0,0,0,12,17,22,21,17,0,0,0,0,0,0,0
2019-20,33,Tamilnadu,3327,RAMANATHAPURAM,332703,PARAMAKUDI,Rural,1,cat1,"PS (I-V)",4,"Government Aided",2,SC,0,0,29,25,28,15,47,0,0,0,0,0,0,0,32,31,31,29,30,0,0,0,0,0,0,0
2019-20,33,Tamilnadu,3327,RAMANATHAPURAM,332704,BOGALUR,Rural,1,cat1,"PS (I-V)",4,"Government Aided",2,SC,0,0,14,9,12,9,12,0,0,0,0,0,0,0,7,5,11,9,8,0,0,0,0,0,0,0
2019-20,33,Tamilnadu,3327,RAMANATHAPURAM,332705,NAINARKOIL,Rural,1,cat1,"PS (I-V)",4,"Government Aided",2,SC,0,0,15,11,8,14,9,0,0,0,0,0,0,0,11,11,13,13,14,0,0,0,0,0,0,0
2019-20,33,Tamilnadu,3327,RAMANATHAPURAM,332706,KAMUTHI,Rural,1,cat1,"PS (I-V)",4,"Government Aided",2,SC,0,0,33,33,43,36,54,0,0,0,0,0,0,0,34,31,38,38,33,0,0,0,0,0,0,0
2019-20,33,Tamilnadu,3327,RAMANATHAPURAM,332707,MUDUKULATHUR,Rural,1,cat1,"PS (I-V)",4,"Government Aided",2,SC,0,0,23,27,21,40,40,0,0,0,0,0,0,0,22,23,35,32,25,0,0,0,0,0,0,0
2019-20,33,Tamilnadu,3327,RAMANATHAPURAM,332708,KADALADI,Rural,1,cat1,"PS (I-V)",4,"Government Aided",2,SC,0,0,27,25,27,41,29,0,0,0,0,0,0,0,37,37,34,39,30,0,0,0,0,0,0,0
2019-20,33,Tamilnadu,3327,RAMANATHAPURAM,332709,RAMANATHAPURAM,Rural,1,cat1,"PS (I-V)",4,"Government Aided",2,SC,0,0,13,13,13,10,4,0,0,0,0,0,0,0,12,10,14,12,14,0,0,0,0,0,0,0
2019-20,33,Tamilnadu,3327,RAMANATHAPURAM,332710,THIRUPPULLANI,Rural,1,cat1,"PS (I-V)",4,"Government Aided",2,SC,0,0,6,9,9,12,8,0,0,0,0,0,0,0,6,7,10,12,4,0,0,0,0,0,0,0
2019-20,33,Tamilnadu,3327,RAMANATHAPURAM,332711,MANDAPAM,Rural,1,cat1,"PS (I-V)",4,"Government Aided",2,SC,0,0,1,0,2,2,5,0,0,0,0,0,0,0,1,6,5,2,7,0,0,0,0,0,0,0
2019-20,33,Tamilnadu,3327,RAMANATHAPURAM,332701,THIRUVADANAI,Urban,1,cat1,"PS (I-V)",4,"Government Aided",2,SC,0,0,5,8,5,10,12,0,0,0,0,0,0,0,15,13,12,14,19,0,0,0,0,0,0,0
2019-20,33,Tamilnadu,3327,RAMANATHAPURAM,332702,RAJASINGAMANGALAM,Urban,1,cat1,"PS (I-V)",4,"Government Aided",2,SC,0,0,0,1,4,4,3,0,0,0,0,0,0,0,3,1,0,1,1,0,0,0,0,0,0,0
2019-20,33,Tamilnadu,3327,RAMANATHAPURAM,332703,PARAMAKUDI,Urban,1,cat1,"PS (I-V)",4,"Government Aided",2,SC,0,0,32,40,44,48,48,0,0,0,0,0,0,0,41,37,38,43,50,0,0,0,0,0,0,0
2019-20,33,Tamilnadu,3327,RAMANATHAPURAM,332706,KAMUTHI,Urban,1,cat1,"PS (I-V)",4,"Government Aided",2,SC,0,0,26,38,44,37,46,0,0,0,0,0,0,0,27,35,42,40,33,0,0,0,0,0,0,0
2019-20,33,Tamilnadu,3327,RAMANATHAPURAM,332707,MUDUKULATHUR,Urban,1,cat1,"PS (I-V)",4,"Government Aided",2,SC,0,0,6,13,13,12,8,0,0,0,0,0,0,0,10,9,7,9,14,0,0,0,0,0,0,0
2019-20,33,Tamilnadu,3327,RAMANATHAPURAM,332708,KADALADI,Urban,1,cat1,"PS (I-V)",4,"Government Aided",2,SC,0,0,6,4,8,6,7,0,0,0,0,0,0,0,5,5,6,7,2,0,0,0,0,0,0,0
2019-20,33,Tamilnadu,3327,RAMANATHAPURAM,332709,RAMANATHAPURAM,Urban,1,cat1,"PS (I-V)",4,"Government Aided",2,SC,0,0,14,10,20,26,25,0,0,0,0,0,0,0,20,17,9,28,28,0,0,0,0,0,0,0
2019-20,33,Tamilnadu,3327,RAMANATHAPURAM,332710,THIRUPPULLANI,Urban,1,cat1,"PS (I-V)",4,"Government Aided",2,SC,0,0,9,22,16,21,22,0,0,0,0,0,0,0,16,16,17,16,16,0,0,0,0,0,0,0
2019-20,33,Tamilnadu,3327,RAMANATHAPURAM,332711,MANDAPAM,Urban,1,cat1,"PS (I-V)",4,"Government Aided",2,SC,0,0,3,5,3,5,6,0,0,0,0,0,0,0,9,7,6,3,3,0,0,0,0,0,0,0
2019-20,33,Tamilnadu,3327,RAMANATHAPURAM,332701,THIRUVADANAI,Rural,1,cat1,"PS (I-V)",5,"Private Unaided (Recognized)",2,SC,35,26,13,9,5,10,11,0,0,0,0,0,0,0,11,16,9,9,8,0,0,0,0,0,0,0
2019-20,33,Tamilnadu,3327,RAMANATHAPURAM,332702,RAJASINGAMANGALAM,Rural,1,cat1,"PS (I-V)",5,"Private Unaided (Recognized)",2,SC,139,111,69,63,57,47,39,0,0,0,0,0,0,0,62,66,54,43,30,0,0,0,0,0,0,0
2019-20,33,Tamilnadu,3327,RAMANATHAPURAM,332703,PARAMAKUDI,Rural,1,cat1,"PS (I-V)",5,"Private Unaided (Recognized)",2,SC,28,37,16,19,28,10,11,0,0,0,0,0,0,0,21,7,12,13,12,0,0,0,0,0,0,0
2019-20,33,Tamilnadu,3327,RAMANATHAPURAM,332704,BOGALUR,Rural,1,cat1,"PS (I-V)",5,"Private Unaided (Recognized)",2,SC,10,7,8,0,7,1,6,0,0,0,0,0,0,0,6,5,3,2,3,0,0,0,0,0,0,0
2019-20,33,Tamilnadu,3327,RAMANATHAPURAM,332705,NAINARKOIL,Rural,1,cat1,"PS (I-V)",5,"Private Unaided (Recognized)",2,SC,4,7,3,1,0,1,1,0,0,0,0,0,0,0,1,0,0,0,1,0,0,0,0,0,0,0
2019-20,33,Tamilnadu,3327,RAMANATHAPURAM,332706,KAMUTHI,Rural,1,cat1,"PS (I-V)",5,"Private Unaided (Recognized)",2,SC,45,50,22,21,30,9,19,0,0,0,0,0,0,0,19,21,23,18,17,0,0,0,0,0,0,0
2019-20,33,Tamilnadu,3327,RAMANATHAPURAM,332707,MUDUKULATHUR,Rural,1,cat1,"PS (I-V)",5,"Private Unaided (Recognized)",2,SC,12,8,0,0,0,0,0,0,0,0,0,0,0,0,0,0,0,0,0,0,0,0,0,0,0,0
2019-20,33,Tamilnadu,3327,RAMANATHAPURAM,332708,KADALADI,Rural,1,cat1,"PS (I-V)",5,"Private Unaided (Recognized)",2,SC,7,7,9,4,4,2,4,0,0,0,0,0,0,0,4,1,2,1,0,0,0,0,0,0,0,0
2019-20,33,Tamilnadu,3327,RAMANATHAPURAM,332709,RAMANATHAPURAM,Rural,1,cat1,"PS (I-V)",5,"Private Unaided (Recognized)",2,SC,18,15,4,9,3,12,9,0,0,0,0,0,0,0,8,12,5,4,1,0,0,0,0,0,0,0
2019-20,33,Tamilnadu,3327,RAMANATHAPURAM,332710,THIRUPPULLANI,Rural,1,cat1,"PS (I-V)",5,"Private Unaided (Recognized)",2,SC,68,75,30,33,17,11,13,0,0,0,0,0,0,0,29,15,23,15,11,0,0,0,0,0,0,0
2019-20,33,Tamilnadu,3327,RAMANATHAPURAM,332711,MANDAPAM,Rural,1,cat1,"PS (I-V)",5,"Private Unaided (Recognized)",2,SC,16,19,7,7,4,2,3,0,0,0,0,0,0,0,7,6,3,9,3,0,0,0,0,0,0,0
2019-20,33,Tamilnadu,3327,RAMANATHAPURAM,332702,RAJASINGAMANGALAM,Urban,1,cat1,"PS (I-V)",5,"Private Unaided (Recognized)",2,SC,0,0,1,0,0,0,2,0,0,0,0,0,0,0,3,2,1,0,0,0,0,0,0,0,0,0
2019-20,33,Tamilnadu,3327,RAMANATHAPURAM,332703,PARAMAKUDI,Urban,1,cat1,"PS (I-V)",5,"Private Unaided (Recognized)",2,SC,74,78,33,27,26,16,16,0,0,0,0,0,0,0,20,24,21,13,18,0,0,0,0,0,0,0
2019-20,33,Tamilnadu,3327,RAMANATHAPURAM,332707,MUDUKULATHUR,Urban,1,cat1,"PS (I-V)",5,"Private Unaided (Recognized)",2,SC,28,18,9,10,9,5,9,0,0,0,0,0,0,0,11,5,7,5,5,0,0,0,0,0,0,0
2019-20,33,Tamilnadu,3327,RAMANATHAPURAM,332708,KADALADI,Urban,1,cat1,"PS (I-V)",5,"Private Unaided (Recognized)",2,SC,3,1,2,0,0,0,1,0,0,0,0,0,0,0,0,0,1,1,1,0,0,0,0,0,0,0
2019-20,33,Tamilnadu,3327,RAMANATHAPURAM,332709,RAMANATHAPURAM,Urban,1,cat1,"PS (I-V)",5,"Private Unaided (Recognized)",2,SC,34,22,11,12,11,3,5,0,0,0,0,0,0,0,10,9,4,5,6,0,0,0,0,0,0,0
2019-20,33,Tamilnadu,3327,RAMANATHAPURAM,332710,THIRUPPULLANI,Urban,1,cat1,"PS (I-V)",5,"Private Unaided (Recognized)",2,SC,0,1,0,0,0,0,0,0,0,0,0,0,0,0,0,0,0,0,0,0,0,0,0,0,0,0
2019-20,33,Tamilnadu,3327,RAMANATHAPURAM,332711,MANDAPAM,Urban,1,cat1,"PS (I-V)",5,"Private Unaided (Recognized)",2,SC,19,14,3,1,0,2,2,0,0,0,0,0,0,0,5,1,2,0,3,0,0,0,0,0,0,0
2019-20,33,Tamilnadu,3327,RAMANATHAPURAM,332708,KADALADI,Rural,1,cat1,"PS (I-V)",8,Unrecognized,2,SC,0,0,1,0,0,0,0,0,0,0,0,0,0,0,0,1,0,0,0,0,0,0,0,0,0,0
2019-20,33,Tamilnadu,3327,RAMANATHAPURAM,332711,MANDAPAM,Rural,1,cat1,"PS (I-V)",8,Unrecognized,2,SC,1,1,0,0,0,0,0,0,0,0,0,0,0,0,1,0,0,0,0,0,0,0,0,0,0,0
2019-20,33,Tamilnadu,3327,RAMANATHAPURAM,332702,RAJASINGAMANGALAM,Urban,1,cat1,"PS (I-V)",8,Unrecognized,2,SC,3,4,1,2,2,1,0,0,0,0,0,0,0,0,1,1,1,1,1,0,0,0,0,0,0,0
2019-20,33,Tamilnadu,3327,RAMANATHAPURAM,332708,KADALADI,Urban,1,cat1,"PS (I-V)",8,Unrecognized,2,SC,3,3,1,1,0,0,0,0,0,0,0,0,0,0,0,0,3,0,0,0,0,0,0,0,0,0
2019-20,33,Tamilnadu,3327,RAMANATHAPURAM,332701,THIRUVADANAI,Rural,6,cat6,"SS (I-X)",5,"Private Unaided (Recognized)",2,SC,15,18,2,2,2,3,4,4,6,2,1,4,0,0,6,3,6,2,4,0,2,1,1,4,0,0
2019-20,33,Tamilnadu,3327,RAMANATHAPURAM,332703,PARAMAKUDI,Rural,6,cat6,"SS (I-X)",5,"Private Unaided (Recognized)",2,SC,91,70,46,31,46,39,29,26,24,17,13,6,0,0,29,42,33,32,26,27,28,18,13,9,0,0
2019-20,33,Tamilnadu,3327,RAMANATHAPURAM,332704,BOGALUR,Rural,6,cat6,"SS (I-X)",5,"Private Unaided (Recognized)",2,SC,16,7,5,5,5,5,2,4,7,3,2,1,0,0,4,3,4,3,2,10,1,3,1,4,0,0
2019-20,33,Tamilnadu,3327,RAMANATHAPURAM,332706,KAMUTHI,Rural,6,cat6,"SS (I-X)",5,"Private Unaided (Recognized)",2,SC,14,8,11,11,11,5,3,7,1,3,2,9,0,0,8,6,6,3,2,7,6,3,4,5,0,0
2019-20,33,Tamilnadu,3327,RAMANATHAPURAM,332707,MUDUKULATHUR,Rural,6,cat6,"SS (I-X)",5,"Private Unaided (Recognized)",2,SC,31,17,16,10,6,10,6,1,4,0,0,0,0,0,18,5,8,11,3,3,2,1,2,0,0,0
2019-20,33,Tamilnadu,3327,RAMANATHAPURAM,332708,KADALADI,Rural,6,cat6,"SS (I-X)",5,"Private Unaided (Recognized)",2,SC,3,6,4,0,1,1,1,0,4,0,0,0,0,0,1,0,2,0,1,1,0,1,0,0,0,0
2019-20,33,Tamilnadu,3327,RAMANATHAPURAM,332709,RAMANATHAPURAM,Rural,6,cat6,"SS (I-X)",5,"Private Unaided (Recognized)",2,SC,4,10,4,3,8,6,5,0,3,1,1,2,0,0,6,5,6,4,2,2,2,1,1,1,0,0
2019-20,33,Tamilnadu,3327,RAMANATHAPURAM,332710,THIRUPPULLANI,Rural,6,cat6,"SS (I-X)",5,"Private Unaided (Recognized)",2,SC,8,9,4,4,4,5,1,3,0,0,0,0,0,0,4,3,0,3,1,2,0,0,0,0,0,0
2019-20,33,Tamilnadu,3327,RAMANATHAPURAM,332711,MANDAPAM,Rural,6,cat6,"SS (I-X)",5,"Private Unaided (Recognized)",2,SC,5,4,4,4,2,2,0,2,1,0,1,0,0,0,1,2,2,1,1,0,2,1,0,0,0,0
2019-20,33,Tamilnadu,3327,RAMANATHAPURAM,332702,RAJASINGAMANGALAM,Urban,6,cat6,"SS (I-X)",5,"Private Unaided (Recognized)",2,SC,5,5,2,4,3,4,3,2,4,2,1,3,0,0,1,1,2,2,2,1,3,1,1,2,0,0
2019-20,33,Tamilnadu,3327,RAMANATHAPURAM,332703,PARAMAKUDI,Urban,6,cat6,"SS (I-X)",5,"Private Unaided (Recognized)",2,SC,43,50,22,24,24,15,18,13,17,9,12,6,0,0,22,19,22,19,19,13,10,13,6,4,0,0
2019-20,33,Tamilnadu,3327,RAMANATHAPURAM,332707,MUDUKULATHUR,Urban,6,cat6,"SS (I-X)",5,"Private Unaided (Recognized)",2,SC,18,15,11,7,9,9,6,3,2,3,4,0,0,0,9,4,5,2,1,6,3,1,2,1,0,0
2019-20,33,Tamilnadu,3327,RAMANATHAPURAM,332709,RAMANATHAPURAM,Urban,6,cat6,"SS (I-X)",5,"Private Unaided (Recognized)",2,SC,41,34,20,16,20,28,10,19,13,17,15,10,0,0,27,24,22,26,18,15,13,15,17,16,0,0
2019-20,33,Tamilnadu,3327,RAMANATHAPURAM,332711,MANDAPAM,Urban,6,cat6,"SS (I-X)",92,"Kendriya Vidyalaya / Central School",2,SC,0,0,3,3,0,2,0,1,0,0,2,0,0,0,4,1,2,2,0,2,1,0,1,2,0,0
2019-20,33,Tamilnadu,3327,RAMANATHAPURAM,332701,THIRUVADANAI,Rural,7,cat7,"SS (VI-X)",1,"Department of Education",2,SC,0,0,0,0,0,0,0,19,8,12,12,14,0,0,0,0,0,0,0,9,13,8,16,12,0,0
2019-20,33,Tamilnadu,3327,RAMANATHAPURAM,332702,RAJASINGAMANGALAM,Rural,7,cat7,"SS (VI-X)",1,"Department of Education",2,SC,0,0,0,0,0,0,0,3,15,8,10,15,0,0,0,0,0,0,0,6,9,10,10,8,0,0
2019-20,33,Tamilnadu,3327,RAMANATHAPURAM,332703,PARAMAKUDI,Rural,7,cat7,"SS (VI-X)",1,"Department of Education",2,SC,0,0,0,0,0,0,0,33,20,21,29,26,0,0,0,0,0,0,0,26,17,22,22,25,0,0
2019-20,33,Tamilnadu,3327,RAMANATHAPURAM,332704,BOGALUR,Rural,7,cat7,"SS (VI-X)",1,"Department of Education",2,SC,0,0,0,0,0,0,0,15,13,21,20,23,0,0,0,0,0,0,0,11,16,9,15,16,0,0
2019-20,33,Tamilnadu,3327,RAMANATHAPURAM,332705,NAINARKOIL,Rural,7,cat7,"SS (VI-X)",1,"Department of Education",2,SC,0,0,0,0,0,0,0,21,21,16,16,20,0,0,0,0,0,0,0,10,19,16,15,12,0,0
2019-20,33,Tamilnadu,3327,RAMANATHAPURAM,332706,KAMUTHI,Rural,7,cat7,"SS (VI-X)",1,"Department of Education",2,SC,0,0,0,0,0,0,0,10,15,16,12,11,0,0,0,0,0,0,0,9,11,13,17,6,0,0
2019-20,33,Tamilnadu,3327,RAMANATHAPURAM,332707,MUDUKULATHUR,Rural,7,cat7,"SS (VI-X)",1,"Department of Education",2,SC,0,0,0,0,0,0,0,18,24,18,22,16,0,0,0,0,0,0,0,12,15,20,25,20,0,0
2019-20,33,Tamilnadu,3327,RAMANATHAPURAM,332708,KADALADI,Rural,7,cat7,"SS (VI-X)",1,"Department of Education",2,SC,0,0,0,0,0,0,0,19,10,12,12,7,0,0,0,0,0,0,0,13,8,13,11,13,0,0
2019-20,33,Tamilnadu,3327,RAMANATHAPURAM,332709,RAMANATHAPURAM,Rural,7,cat7,"SS (VI-X)",1,"Department of Education",2,SC,0,0,0,0,0,0,0,19,19,21,30,31,0,0,0,0,0,0,0,22,26,25,25,24,0,0
2019-20,33,Tamilnadu,3327,RAMANATHAPURAM,332710,THIRUPPULLANI,Rural,7,cat7,"SS (VI-X)",1,"Department of Education",2,SC,0,0,0,0,0,0,0,31,27,23,19,28,0,0,0,0,0,0,0,14,20,15,29,23,0,0
2019-20,33,Tamilnadu,3327,RAMANATHAPURAM,332711,MANDAPAM,Rural,7,cat7,"SS (VI-X)",1,"Department of Education",2,SC,0,0,0,0,0,0,0,2,5,3,1,6,0,0,0,0,0,0,0,4,6,11,7,2,0,0
2019-20,33,Tamilnadu,3327,RAMANATHAPURAM,332711,MANDAPAM,Urban,7,cat7,"SS (VI-X)",1,"Department of Education",2,SC,0,0,0,0,0,0,0,0,1,1,0,1,0,0,0,0,0,0,0,0,0,1,1,1,0,0
2019-20,33,Tamilnadu,3327,RAMANATHAPURAM,332702,RAJASINGAMANGALAM,Rural,7,cat7,"SS (VI-X)",2,"Tribal Welfare Department",2,SC,0,0,0,0,0,0,0,0,2,0,1,2,0,0,0,0,0,0,0,3,1,5,1,3,0,0
2019-20,33,Tamilnadu,3327,RAMANATHAPURAM,332706,KAMUTHI,Rural,7,cat7,"SS (VI-X)",2,"Tribal Welfare Department",2,SC,0,0,0,0,0,0,0,2,4,2,8,9,0,0,0,0,0,0,0,7,8,6,12,11,0,0
2019-20,33,Tamilnadu,3327,RAMANATHAPURAM,332710,THIRUPPULLANI,Rural,7,cat7,"SS (VI-X)",2,"Tribal Welfare Department",2,SC,0,0,0,0,0,0,0,5,2,5,3,3,0,0,0,0,0,0,0,2,2,2,3,1,0,0
2019-20,33,Tamilnadu,3327,RAMANATHAPURAM,332703,PARAMAKUDI,Urban,7,cat7,"SS (VI-X)",2,"Tribal Welfare Department",2,SC,0,0,0,0,0,0,0,5,3,2,7,6,0,0,0,0,0,0,0,4,4,2,3,4,0,0
2019-20,33,Tamilnadu,3327,RAMANATHAPURAM,332702,RAJASINGAMANGALAM,Rural,7,cat7,"SS (VI-X)",4,"Government Aided",2,SC,0,0,0,0,0,0,0,4,5,6,11,13,0,0,0,0,0,0,0,4,3,8,1,7,0,0
2019-20,33,Tamilnadu,3327,RAMANATHAPURAM,332708,KADALADI,Rural,7,cat7,"SS (VI-X)",4,"Government Aided",2,SC,0,0,0,0,0,0,0,4,6,2,2,1,0,0,0,0,0,0,0,3,7,3,2,2,0,0
2019-20,33,Tamilnadu,3327,RAMANATHAPURAM,332710,THIRUPPULLANI,Rural,7,cat7,"SS (VI-X)",4,"Government Aided",2,SC,0,0,0,0,0,0,0,3,1,7,8,7,0,0,0,0,0,0,0,3,1,4,3,7,0,0
2019-20,33,Tamilnadu,3327,RAMANATHAPURAM,332711,MANDAPAM,Rural,7,cat7,"SS (VI-X)",4,"Government Aided",2,SC,0,0,0,0,0,0,0,3,1,1,0,2,0,0,0,0,0,0,0,1,2,0,0,0,0,0
2019-20,33,Tamilnadu,3327,RAMANATHAPURAM,332701,THIRUVADANAI,Urban,7,cat7,"SS (VI-X)",4,"Government Aided",2,SC,0,0,0,0,0,0,0,24,25,14,21,20,0,0,0,0,0,0,0,17,15,12,17,19,0,0
2019-20,33,Tamilnadu,3327,RAMANATHAPURAM,332703,PARAMAKUDI,Urban,7,cat7,"SS (VI-X)",4,"Government Aided",2,SC,0,0,0,0,0,0,0,11,10,9,6,6,0,0,0,0,0,0,0,8,19,4,6,6,0,0
2019-20,33,Tamilnadu,3327,RAMANATHAPURAM,332706,KAMUTHI,Urban,7,cat7,"SS (VI-X)",4,"Government Aided",2,SC,0,0,0,0,0,0,0,21,16,22,22,10,0,0,0,0,0,0,0,22,19,17,21,18,0,0
2019-20,33,Tamilnadu,3327,RAMANATHAPURAM,332707,MUDUKULATHUR,Urban,7,cat7,"SS (VI-X)",4,"Government Aided",2,SC,0,0,0,0,0,0,0,2,6,5,9,3,0,0,0,0,0,0,0,3,2,4,3,9,0,0
2019-20,33,Tamilnadu,3327,RAMANATHAPURAM,332709,RAMANATHAPURAM,Urban,7,cat7,"SS (VI-X)",4,"Government Aided",2,SC,0,0,0,0,0,0,0,2,3,9,5,4,0,0,0,0,0,0,0,2,2,1,5,3,0,0
2019-20,33,Tamilnadu,3327,RAMANATHAPURAM,332701,THIRUVADANAI,Rural,7,cat7,"SS (VI-X)",5,"Private Unaided (Recognized)",2,SC,0,0,0,0,0,0,0,11,8,15,15,12,0,0,0,0,0,0,0,3,11,7,8,13,0,0
2019-20,33,Tamilnadu,3327,RAMANATHAPURAM,332702,RAJASINGAMANGALAM,Rural,7,cat7,"SS (VI-X)",5,"Private Unaided (Recognized)",2,SC,0,0,0,0,0,0,0,9,8,5,1,7,0,0,0,0,0,0,0,4,2,4,4,2,0,0
2019-20,33,Tamilnadu,3327,RAMANATHAPURAM,332703,PARAMAKUDI,Rural,7,cat7,"SS (VI-X)",5,"Private Unaided (Recognized)",2,SC,0,0,0,0,0,0,0,9,9,11,8,8,0,0,0,0,0,0,0,15,14,15,4,6,0,0
2019-20,33,Tamilnadu,3327,RAMANATHAPURAM,332704,BOGALUR,Rural,7,cat7,"SS (VI-X)",5,"Private Unaided (Recognized)",2,SC,0,0,0,0,0,0,0,2,5,6,11,16,0,0,0,0,0,0,0,1,6,5,8,8,0,0
2019-20,33,Tamilnadu,3327,RAMANATHAPURAM,332710,THIRUPPULLANI,Urban,7,cat7,"SS (VI-X)",5,"Private Unaided (Recognized)",2,SC,0,0,0,0,0,0,0,6,9,4,6,8,0,0,0,0,0,0,0,2,0,0,0,1,0,0
2019-20,33,Tamilnadu,3327,RAMANATHAPURAM,332701,THIRUVADANAI,Rural,2,cat2,"UPS (I-VIII)",1,"Department of Education",2,SC,3,2,37,44,41,30,43,50,41,41,0,0,0,0,34,42,43,52,52,40,49,37,0,0,0,0
2019-20,33,Tamilnadu,3327,RAMANATHAPURAM,332702,RAJASINGAMANGALAM,Rural,2,cat2,"UPS (I-VIII)",1,"Department of Education",2,SC,0,0,3,10,12,7,15,7,14,11,0,0,0,0,9,4,3,6,10,9,15,10,0,0,0,0
2019-20,33,Tamilnadu,3327,RAMANATHAPURAM,332703,PARAMAKUDI,Rural,2,cat2,"UPS (I-VIII)",1,"Department of Education",2,SC,21,21,17,14,10,10,10,19,19,14,0,0,0,0,8,15,17,17,15,15,9,17,0,0,0,0
2019-20,33,Tamilnadu,3327,RAMANATHAPURAM,332704,BOGALUR,Rural,2,cat2,"UPS (I-VIII)",1,"Department of Education",2,SC,13,16,15,20,21,18,22,30,35,23,0,0,0,0,25,16,27,33,21,17,26,18,0,0,0,0
2019-20,33,Tamilnadu,3327,RAMANATHAPURAM,332705,NAINARKOIL,Rural,2,cat2,"UPS (I-VIII)",1,"Department of Education",2,SC,19,24,8,8,12,8,18,11,18,15,0,0,0,0,15,13,11,11,14,18,10,24,0,0,0,0
2019-20,33,Tamilnadu,3327,RAMANATHAPURAM,332706,KAMUTHI,Rural,2,cat2,"UPS (I-VIII)",1,"Department of Education",2,SC,10,7,14,18,12,18,19,14,22,12,0,0,0,0,20,15,20,12,17,20,29,15,0,0,0,0
2019-20,33,Tamilnadu,3327,RAMANATHAPURAM,332707,MUDUKULATHUR,Rural,2,cat2,"UPS (I-VIII)",1,"Department of Education",2,SC,0,0,13,13,22,17,15,25,29,32,0,0,0,0,12,31,21,15,23,27,23,38,0,0,0,0
2019-20,33,Tamilnadu,3327,RAMANATHAPURAM,332708,KADALADI,Rural,2,cat2,"UPS (I-VIII)",1,"Department of Education",2,SC,8,6,32,32,27,33,28,43,52,42,0,0,0,0,25,19,16,41,31,38,28,28,0,0,0,0
2019-20,33,Tamilnadu,3327,RAMANATHAPURAM,332709,RAMANATHAPURAM,Rural,2,cat2,"UPS (I-VIII)",1,"Department of Education",2,SC,11,10,15,15,18,25,29,22,26,22,0,0,0,0,13,17,25,14,17,17,25,18,0,0,0,0
2019-20,33,Tamilnadu,3327,RAMANATHAPURAM,332710,THIRUPPULLANI,Rural,2,cat2,"UPS (I-VIII)",1,"Department of Education",2,SC,3,1,15,14,13,8,15,7,17,24,0,0,0,0,16,9,16,16,15,11,14,9,0,0,0,0
2019-20,33,Tamilnadu,3327,RAMANATHAPURAM,332711,MANDAPAM,Rural,2,cat2,"UPS (I-VIII)",1,"Department of Education",2,SC,1,6,5,9,3,15,4,15,7,6,0,0,0,0,10,6,6,6,7,6,10,8,0,0,0,0
2019-20,33,Tamilnadu,3327,RAMANATHAPURAM,332701,THIRUVADANAI,Urban,2,cat2,"UPS (I-VIII)",1,"Department of Education",2,SC,0,2,0,0,1,0,1,2,0,0,0,0,0,0,0,1,1,1,2,0,0,0,0,0,0,0
2019-20,33,Tamilnadu,3327,RAMANATHAPURAM,332703,PARAMAKUDI,Urban,2,cat2,"UPS (I-VIII)",1,"Department of Education",2,SC,0,0,0,0,0,0,0,0,0,0,0,0,0,0,0,0,1,0,0,0,0,0,0,0,0,0
2019-20,33,Tamilnadu,3327,RAMANATHAPURAM,332706,KAMUTHI,Urban,2,cat2,"UPS (I-VIII)",1,"Department of Education",2,SC,0,0,1,0,0,0,0,1,3,1,0,0,0,0,0,0,0,0,0,0,1,0,0,0,0,0
2019-20,33,Tamilnadu,3327,RAMANATHAPURAM,332707,MUDUKULATHUR,Urban,2,cat2,"UPS (I-VIII)",1,"Department of Education",2,SC,2,0,2,1,0,1,1,2,2,1,0,0,0,0,0,2,0,1,2,2,0,2,0,0,0,0
2019-20,33,Tamilnadu,3327,RAMANATHAPURAM,332708,KADALADI,Urban,2,cat2,"UPS (I-VIII)",1,"Department of Education",2,SC,0,0,0,0,0,0,0,0,0,0,0,0,0,0,0,0,0,0,0,0,0,0,0,0,0,0
2019-20,33,Tamilnadu,3327,RAMANATHAPURAM,332711,MANDAPAM,Urban,2,cat2,"UPS (I-VIII)",1,"Department of Education",2,SC,0,0,2,6,6,8,4,4,8,6,0,0,0,0,4,4,7,6,1,3,3,4,0,0,0,0
2019-20,33,Tamilnadu,3327,RAMANATHAPURAM,332703,PARAMAKUDI,Rural,2,cat2,"UPS (I-VIII)",2,"Tribal Welfare Department",2,SC,3,5,4,3,5,3,5,5,4,2,0,0,0,0,2,2,3,7,1,1,5,3,0,0,0,0
2019-20,33,Tamilnadu,3327,RAMANATHAPURAM,332703,PARAMAKUDI,Urban,2,cat2,"UPS (I-VIII)",3,"Local body",2,SC,1,1,3,2,4,1,3,4,1,10,0,0,0,0,8,4,4,7,2,4,7,5,0,0,0,0
2019-20,33,Tamilnadu,3327,RAMANATHAPURAM,332709,RAMANATHAPURAM,Urban,2,cat2,"UPS (I-VIII)",3,"Local body",2,SC,9,4,5,4,4,3,3,7,4,0,0,0,0,0,5,5,6,6,0,11,4,9,0,0,0,0
2019-20,33,Tamilnadu,3327,RAMANATHAPURAM,332701,THIRUVADANAI,Rural,2,cat2,"UPS (I-VIII)",4,"Government Aided",2,SC,0,0,5,5,5,3,6,12,5,7,0,0,0,0,5,4,6,9,4,1,10,5,0,0,0,0
2019-20,33,Tamilnadu,3327,RAMANATHAPURAM,332702,RAJASINGAMANGALAM,Rural,2,cat2,"UPS (I-VIII)",4,"Government Aided",2,SC,0,0,2,1,3,3,3,2,0,0,0,0,0,0,4,3,1,6,0,2,4,0,0,0,0,0
2019-20,33,Tamilnadu,3327,RAMANATHAPURAM,332703,PARAMAKUDI,Rural,2,cat2,"UPS (I-VIII)",4,"Government Aided",2,SC,0,0,1,3,5,8,9,8,9,11,0,0,0,0,8,7,9,5,4,8,3,8,0,0,0,0
2019-20,33,Tamilnadu,3327,RAMANATHAPURAM,332705,NAINARKOIL,Rural,2,cat2,"UPS (I-VIII)",4,"Government Aided",2,SC,0,0,3,1,1,2,1,2,2,2,0,0,0,0,1,2,3,2,2,2,4,2,0,0,0,0
2019-20,33,Tamilnadu,3327,RAMANATHAPURAM,332706,KAMUTHI,Rural,2,cat2,"UPS (I-VIII)",4,"Government Aided",2,SC,0,0,4,4,6,6,3,6,7,11,0,0,0,0,6,4,3,3,4,3,13,8,0,0,0,0
2019-20,33,Tamilnadu,3327,RAMANATHAPURAM,332707,MUDUKULATHUR,Rural,2,cat2,"UPS (I-VIII)",4,"Government Aided",2,SC,0,0,0,2,2,1,2,0,6,5,0,0,0,0,0,1,0,3,0,3,6,4,0,0,0,0
2019-20,33,Tamilnadu,3327,RAMANATHAPURAM,332708,KADALADI,Rural,2,cat2,"UPS (I-VIII)",4,"Government Aided",2,SC,0,0,1,6,5,3,2,8,9,5,0,0,0,0,2,2,2,2,0,4,8,5,0,0,0,0
2019-20,33,Tamilnadu,3327,RAMANATHAPURAM,332709,RAMANATHAPURAM,Rural,2,cat2,"UPS (I-VIII)",4,"Government Aided",2,SC,0,0,5,9,6,13,2,6,8,4,0,0,0,0,9,9,6,8,4,4,9,5,0,0,0,0
2019-20,33,Tamilnadu,3327,RAMANATHAPURAM,332710,THIRUPPULLANI,Rural,2,cat2,"UPS (I-VIII)",4,"Government Aided",2,SC,0,0,7,2,3,3,1,11,14,7,0,0,0,0,2,6,6,3,1,5,9,7,0,0,0,0
2019-20,33,Tamilnadu,3327,RAMANATHAPURAM,332703,PARAMAKUDI,Urban,2,cat2,"UPS (I-VIII)",4,"Government Aided",2,SC,0,0,3,3,3,3,4,2,3,2,0,0,0,0,0,1,4,3,6,8,4,5,0,0,0,0
2019-20,33,Tamilnadu,3327,RAMANATHAPURAM,332706,KAMUTHI,Urban,2,cat2,"UPS (I-VIII)",4,"Government Aided",2,SC,0,0,7,10,7,8,2,12,15,10,0,0,0,0,3,10,4,2,0,15,11,9,0,0,0,0
2019-20,33,Tamilnadu,3327,RAMANATHAPURAM,332708,KADALADI,Urban,2,cat2,"UPS (I-VIII)",4,"Government Aided",2,SC,0,0,9,11,10,7,8,3,3,3,0,0,0,0,8,7,4,5,6,2,6,4,0,0,0,0
2019-20,33,Tamilnadu,3327,RAMANATHAPURAM,332709,RAMANATHAPURAM,Urban,2,cat2,"UPS (I-VIII)",4,"Government Aided",2,SC,0,0,21,8,14,22,18,26,22,24,0,0,0,0,9,11,25,31,24,25,25,30,0,0,0,0
2019-20,33,Tamilnadu,3327,RAMANATHAPURAM,332701,THIRUVADANAI,Rural,2,cat2,"UPS (I-VIII)",5,"Private Unaided (Recognized)",2,SC,23,8,8,7,11,7,6,2,1,1,0,0,0,0,7,4,3,7,4,1,1,0,0,0,0,0
2019-20,33,Tamilnadu,3327,RAMANATHAPURAM,332703,PARAMAKUDI,Rural,2,cat2,"UPS (I-VIII)",5,"Private Unaided (Recognized)",2,SC,19,13,10,4,6,3,7,4,2,1,0,0,0,0,7,9,4,8,3,1,2,0,0,0,0,0
2019-20,33,Tamilnadu,3327,RAMANATHAPURAM,332708,KADALADI,Rural,2,cat2,"UPS (I-VIII)",5,"Private Unaided (Recognized)",2,SC,2,1,0,1,2,2,2,3,0,0,0,0,0,0,3,1,4,4,2,0,3,1,0,0,0,0
2019-20,33,Tamilnadu,3327,RAMANATHAPURAM,332709,RAMANATHAPURAM,Rural,2,cat2,"UPS (I-VIII)",5,"Private Unaided (Recognized)",2,SC,27,28,8,12,15,11,14,10,2,0,0,0,0,0,18,14,11,12,10,5,5,0,0,0,0,0
2019-20,33,Tamilnadu,3327,RAMANATHAPURAM,332710,THIRUPPULLANI,Rural,2,cat2,"UPS (I-VIII)",5,"Private Unaided (Recognized)",2,SC,13,15,10,9,5,3,4,4,3,2,0,0,0,0,4,5,5,1,6,5,2,2,0,0,0,0
2019-20,33,Tamilnadu,3327,RAMANATHAPURAM,332711,MANDAPAM,Rural,2,cat2,"UPS (I-VIII)",5,"Private Unaided (Recognized)",2,SC,3,1,5,8,9,16,15,9,9,8,0,0,0,0,7,15,12,14,16,8,3,6,0,0,0,0
2019-20,33,Tamilnadu,3327,RAMANATHAPURAM,332710,THIRUPPULLANI,Urban,2,cat2,"UPS (I-VIII)",5,"Private Unaided (Recognized)",2,SC,7,1,0,1,0,0,0,0,0,0,0,0,0,0,0,0,2,0,0,0,0,0,0,0,0,0
2019-20,33,Tamilnadu,3327,RAMANATHAPURAM,332703,PARAMAKUDI,Urban,2,cat2,"UPS (I-VIII)",8,Unrecognized,2,SC,3,1,3,0,3,1,0,1,0,0,0,0,0,0,0,0,0,2,0,2,0,0,0,0,0,0
2019-20,33,Tamilnadu,3327,RAMANATHAPURAM,332704,BOGALUR,Rural,4,cat4,"UPS (VI-VIII)",1,"Department of Education",2,SC,0,0,0,0,0,0,0,1,0,0,0,0,0,0,0,0,0,0,0,0,1,0,0,0,0,0
2019-20,33,Tamilnadu,3327,RAMANATHAPURAM,332703,PARAMAKUDI,Rural,3,cat3,"HSS (I-XII)",1,"Department of Education",3,ST,0,0,0,0,0,0,0,0,0,0,0,0,0,0,0,0,0,0,0,0,0,0,0,0,0,0
2019-20,33,Tamilnadu,3327,RAMANATHAPURAM,332701,THIRUVADANAI,Rural,3,cat3,"HSS (I-XII)",5,"Private Unaided (Recognized)",3,ST,0,0,0,0,0,0,0,0,0,0,1,0,0,0,0,0,0,0,0,0,0,0,2,0,0,0
2019-20,33,Tamilnadu,3327,RAMANATHAPURAM,332703,PARAMAKUDI,Rural,3,cat3,"HSS (I-XII)",5,"Private Unaided (Recognized)",3,ST,0,0,0,0,0,0,0,0,0,0,0,0,0,0,0,0,0,0,0,0,0,0,0,0,0,0
2019-20,33,Tamilnadu,3327,RAMANATHAPURAM,332704,BOGALUR,Rural,3,cat3,"HSS (I-XII)",5,"Private Unaided (Recognized)",3,ST,0,0,0,0,0,0,0,0,0,0,0,0,0,0,0,0,0,0,0,0,0,0,0,0,0,0
2019-20,33,Tamilnadu,3327,RAMANATHAPURAM,332707,MUDUKULATHUR,Rural,3,cat3,"HSS (I-XII)",5,"Private Unaided (Recognized)",3,ST,0,0,0,0,0,0,2,0,1,0,0,0,0,0,0,0,0,0,1,1,0,0,0,0,0,0
2019-20,33,Tamilnadu,3327,RAMANATHAPURAM,332708,KADALADI,Rural,3,cat3,"HSS (I-XII)",5,"Private Unaided (Recognized)",3,ST,0,0,0,0,0,1,0,0,0,0,0,0,0,0,0,0,0,0,1,0,0,0,0,0,0,0
2019-20,33,Tamilnadu,3327,RAMANATHAPURAM,332709,RAMANATHAPURAM,Rural,3,cat3,"HSS (I-XII)",5,"Private Unaided (Recognized)",3,ST,0,0,1,0,0,0,0,1,1,6,11,2,2,1,0,0,0,0,0,3,0,6,6,1,0,0
2019-20,33,Tamilnadu,3327,RAMANATHAPURAM,332710,THIRUPPULLANI,Rural,3,cat3,"HSS (I-XII)",5,"Private Unaided (Recognized)",3,ST,0,0,0,0,0,0,0,0,0,0,2,0,0,0,0,0,0,0,0,0,0,1,2,0,0,0
2019-20,33,Tamilnadu,3327,RAMANATHAPURAM,332711,MANDAPAM,Rural,3,cat3,"HSS (I-XII)",5,"Private Unaided (Recognized)",3,ST,0,1,0,0,4,0,0,0,1,7,7,3,0,1,0,0,1,2,0,0,0,5,3,5,0,2
2019-20,33,Tamilnadu,3327,RAMANATHAPURAM,332701,THIRUVADANAI,Urban,3,cat3,"HSS (I-XII)",5,"Private Unaided (Recognized)",3,ST,0,1,0,0,0,0,0,0,0,0,1,0,0,0,0,0,0,0,0,0,0,0,0,0,0,0
2019-20,33,Tamilnadu,3327,RAMANATHAPURAM,332702,RAJASINGAMANGALAM,Urban,3,cat3,"HSS (I-XII)",5,"Private Unaided (Recognized)",3,ST,0,0,0,0,0,0,0,0,0,0,1,0,0,0,0,0,0,0,0,0,0,1,0,0,0,0
2019-20,33,Tamilnadu,3327,RAMANATHAPURAM,332703,PARAMAKUDI,Urban,3,cat3,"HSS (I-XII)",5,"Private Unaided (Recognized)",3,ST,0,0,0,0,0,0,0,0,0,0,0,0,0,0,0,0,0,0,0,0,0,0,0,0,0,0
2019-20,33,Tamilnadu,3327,RAMANATHAPURAM,332706,KAMUTHI,Urban,3,cat3,"HSS (I-XII)",5,"Private Unaided (Recognized)",3,ST,1,0,0,0,0,0,0,0,0,0,0,0,0,0,0,0,0,0,0,0,0,0,0,0,0,0
2019-20,33,Tamilnadu,3327,RAMANATHAPURAM,332708,KADALADI,Urban,3,cat3,"HSS (I-XII)",5,"Private Unaided (Recognized)",3,ST,0,0,0,0,0,0,0,0,0,0,0,0,0,0,0,0,0,0,0,0,0,0,0,0,0,0
2019-20,33,Tamilnadu,3327,RAMANATHAPURAM,332709,RAMANATHAPURAM,Urban,3,cat3,"HSS (I-XII)",5,"Private Unaided (Recognized)",3,ST,0,1,0,0,0,0,0,0,1,0,0,1,0,0,1,0,0,0,0,0,0,0,2,1,0,0
2019-20,33,Tamilnadu,3327,RAMANATHAPURAM,332710,THIRUPPULLANI,Urban,3,cat3,"HSS (I-XII)",5,"Private Unaided (Recognized)",3,ST,0,0,0,0,0,0,0,0,1,2,2,0,0,0,0,0,0,0,0,0,0,4,1,0,0,0
2019-20,33,Tamilnadu,3327,RAMANATHAPURAM,332711,MANDAPAM,Urban,3,cat3,"HSS (I-XII)",5,"Private Unaided (Recognized)",3,ST,0,0,0,0,0,0,0,0,0,0,0,0,0,0,0,0,0,0,0,0,0,0,0,0,0,0
2019-20,33,Tamilnadu,3327,RAMANATHAPURAM,332711,MANDAPAM,Rural,3,cat3,"HSS (I-XII)",92,"Kendriya Vidyalaya / Central School",3,ST,0,0,1,1,1,0,0,0,1,2,1,1,0,1,1,1,0,1,1,1,0,2,0,0,0,0
2019-20,33,Tamilnadu,3327,RAMANATHAPURAM,332708,KADALADI,Rural,10,cat10,"HSS (IX-XII)",1,"Department of Education",3,ST,0,0,0,0,0,0,0,0,0,0,0,0,0,0,0,0,0,0,0,0,0,0,0,0,0,0
2019-20,33,Tamilnadu,3327,RAMANATHAPURAM,332701,THIRUVADANAI,Rural,5,cat5,"HSS (VI-XII)",1,"Department of Education",3,ST,0,0,0,0,0,0,0,0,0,0,0,1,0,0,0,0,0,0,0,0,0,0,0,0,0,0
2019-20,33,Tamilnadu,3327,RAMANATHAPURAM,332702,RAJASINGAMANGALAM,Rural,5,cat5,"HSS (VI-XII)",1,"Department of Education",3,ST,0,0,0,0,0,0,0,0,0,0,0,0,0,0,0,0,0,0,0,0,0,0,0,0,0,0
2019-20,33,Tamilnadu,3327,RAMANATHAPURAM,332703,PARAMAKUDI,Rural,5,cat5,"HSS (VI-XII)",1,"Department of Education",3,ST,0,0,0,0,0,0,0,0,0,0,0,0,0,0,0,0,0,0,0,0,0,0,0,0,0,0
2019-20,33,Tamilnadu,3327,RAMANATHAPURAM,332704,BOGALUR,Rural,5,cat5,"HSS (VI-XII)",1,"Department of Education",3,ST,0,0,0,0,0,0,0,0,0,0,0,0,0,0,0,0,0,0,0,0,0,0,0,0,0,0
2019-20,33,Tamilnadu,3327,RAMANATHAPURAM,332705,NAINARKOIL,Rural,5,cat5,"HSS (VI-XII)",1,"Department of Education",3,ST,0,0,0,0,0,0,0,0,0,0,0,0,0,0,0,0,0,0,0,0,0,0,0,0,0,0
2019-20,33,Tamilnadu,3327,RAMANATHAPURAM,332706,KAMUTHI,Rural,5,cat5,"HSS (VI-XII)",1,"Department of Education",3,ST,0,0,0,0,0,0,0,0,0,0,0,0,0,0,0,0,0,0,0,0,0,0,0,0,0,0
2019-20,33,Tamilnadu,3327,RAMANATHAPURAM,332707,MUDUKULATHUR,Rural,5,cat5,"HSS (VI-XII)",1,"Department of Education",3,ST,0,0,0,0,0,0,0,0,0,0,0,0,0,0,0,0,0,0,0,0,0,0,0,0,0,0
2019-20,33,Tamilnadu,3327,RAMANATHAPURAM,332708,KADALADI,Rural,5,cat5,"HSS (VI-XII)",1,"Department of Education",3,ST,0,0,0,0,0,0,0,0,0,0,0,0,0,0,0,0,0,0,0,0,0,0,0,0,0,0
2019-20,33,Tamilnadu,3327,RAMANATHAPURAM,332709,RAMANATHAPURAM,Rural,5,cat5,"HSS (VI-XII)",1,"Department of Education",3,ST,0,0,0,0,0,0,0,0,0,0,1,0,0,0,0,0,0,0,0,0,0,0,0,0,0,0
2019-20,33,Tamilnadu,3327,RAMANATHAPURAM,332710,THIRUPPULLANI,Rural,5,cat5,"HSS (VI-XII)",1,"Department of Education",3,ST,0,0,0,0,0,0,0,0,0,0,0,0,0,0,0,0,0,0,0,0,0,0,1,0,0,0
2019-20,33,Tamilnadu,3327,RAMANATHAPURAM,332711,MANDAPAM,Rural,5,cat5,"HSS (VI-XII)",1,"Department of Education",3,ST,0,0,0,0,0,0,0,0,0,0,3,2,0,0,0,0,0,0,0,0,0,0,0,0,0,0
2019-20,33,Tamilnadu,3327,RAMANATHAPURAM,332701,THIRUVADANAI,Urban,5,cat5,"HSS (VI-XII)",1,"Department of Education",3,ST,0,0,0,0,0,0,0,0,0,0,0,0,0,0,0,0,0,0,0,0,0,0,0,0,0,0
2019-20,33,Tamilnadu,3327,RAMANATHAPURAM,332702,RAJASINGAMANGALAM,Urban,5,cat5,"HSS (VI-XII)",1,"Department of Education",3,ST,0,0,0,0,0,0,0,0,0,0,0,0,0,0,0,0,0,0,0,0,1,1,1,0,0,0
2019-20,33,Tamilnadu,3327,RAMANATHAPURAM,332703,PARAMAKUDI,Urban,5,cat5,"HSS (VI-XII)",1,"Department of Education",3,ST,0,0,0,0,0,0,0,0,0,0,0,0,0,0,0,0,0,0,0,0,0,0,0,0,0,0
2019-20,33,Tamilnadu,3327,RAMANATHAPURAM,332707,MUDUKULATHUR,Urban,5,cat5,"HSS (VI-XII)",1,"Department of Education",3,ST,0,0,0,0,0,0,0,0,0,0,0,0,0,0,0,0,0,0,0,0,0,0,0,0,0,0
2019-20,33,Tamilnadu,3327,RAMANATHAPURAM,332708,KADALADI,Urban,5,cat5,"HSS (VI-XII)",1,"Department of Education",3,ST,0,0,0,0,0,0,0,0,0,0,0,0,0,0,0,0,0,0,0,0,0,0,0,0,0,0
2019-20,33,Tamilnadu,3327,RAMANATHAPURAM,332711,MANDAPAM,Urban,5,cat5,"HSS (VI-XII)",1,"Department of Education",3,ST,0,0,0,0,0,0,0,0,0,0,0,0,0,0,0,0,0,0,0,0,0,0,0,0,0,0
2019-20,33,Tamilnadu,3327,RAMANATHAPURAM,332709,RAMANATHAPURAM,Rural,5,cat5,"HSS (VI-XII)",3,"Local body",3,ST,0,0,0,0,0,0,0,0,0,0,0,0,0,0,0,0,0,0,0,0,0,0,1,0,0,0
2019-20,33,Tamilnadu,3327,RAMANATHAPURAM,332701,THIRUVADANAI,Rural,5,cat5,"HSS (VI-XII)",4,"Government Aided",3,ST,0,0,0,0,0,0,0,0,0,3,3,3,0,0,0,0,0,0,0,0,0,1,1,4,0,0
2019-20,33,Tamilnadu,3327,RAMANATHAPURAM,332702,RAJASINGAMANGALAM,Rural,5,cat5,"HSS (VI-XII)",4,"Government Aided",3,ST,0,0,0,0,0,0,0,0,0,0,1,0,0,0,0,0,0,0,0,0,0,0,1,0,0,0
2019-20,33,Tamilnadu,3327,RAMANATHAPURAM,332706,KAMUTHI,Rural,5,cat5,"HSS (VI-XII)",4,"Government Aided",3,ST,0,0,0,0,0,0,0,0,1,1,0,0,0,0,0,0,0,0,0,0,0,1,0,0,0,1
2019-20,33,Tamilnadu,3327,RAMANATHAPURAM,332707,MUDUKULATHUR,Rural,5,cat5,"HSS (VI-XII)",4,"Government Aided",3,ST,0,0,0,0,0,0,0,0,0,0,0,0,0,0,0,0,0,0,0,0,0,0,0,0,0,0
2019-20,33,Tamilnadu,3327,RAMANATHAPURAM,332708,KADALADI,Rural,5,cat5,"HSS (VI-XII)",4,"Government Aided",3,ST,0,0,0,0,0,0,0,0,0,0,0,0,0,0,0,0,0,0,0,0,0,0,0,0,0,0
2019-20,33,Tamilnadu,3327,RAMANATHAPURAM,332709,RAMANATHAPURAM,Rural,5,cat5,"HSS (VI-XII)",4,"Government Aided",3,ST,0,0,0,0,0,0,0,0,0,0,0,0,0,0,0,0,0,0,0,0,0,0,0,0,0,0
2019-20,33,Tamilnadu,3327,RAMANATHAPURAM,332710,THIRUPPULLANI,Rural,5,cat5,"HSS (VI-XII)",4,"Government Aided",3,ST,0,0,0,0,0,0,0,0,0,0,2,0,0,0,0,0,0,0,0,0,0,0,0,0,0,0
2019-20,33,Tamilnadu,3327,RAMANATHAPURAM,332711,MANDAPAM,Rural,5,cat5,"HSS (VI-XII)",4,"Government Aided",3,ST,0,0,0,0,0,0,0,0,0,0,0,0,0,0,0,0,0,0,0,0,0,0,0,0,0,0
2019-20,33,Tamilnadu,3327,RAMANATHAPURAM,332703,PARAMAKUDI,Urban,5,cat5,"HSS (VI-XII)",4,"Government Aided",3,ST,0,0,0,0,0,0,0,1,0,3,0,1,0,1,0,0,0,0,0,0,0,5,1,0,0,0
2019-20,33,Tamilnadu,3327,RAMANATHAPURAM,332706,KAMUTHI,Urban,5,cat5,"HSS (VI-XII)",4,"Government Aided",3,ST,0,0,0,0,0,0,0,0,0,0,0,0,0,0,0,0,0,0,0,0,0,0,0,0,0,0
2019-20,33,Tamilnadu,3327,RAMANATHAPURAM,332707,MUDUKULATHUR,Urban,5,cat5,"HSS (VI-XII)",4,"Government Aided",3,ST,0,0,0,0,0,0,0,0,0,0,0,0,0,0,0,0,0,0,0,0,0,0,0,0,0,0
2019-20,33,Tamilnadu,3327,RAMANATHAPURAM,332709,RAMANATHAPURAM,Urban,5,cat5,"HSS (VI-XII)",4,"Government Aided",3,ST,0,0,0,0,0,0,0,0,0,0,4,3,1,4,0,0,0,0,0,0,1,4,0,0,1,11
2019-20,33,Tamilnadu,3327,RAMANATHAPURAM,332710,THIRUPPULLANI,Urban,5,cat5,"HSS (VI-XII)",4,"Government Aided",3,ST,0,0,0,0,0,0,0,0,0,5,1,1,0,0,0,0,0,0,0,0,0,1,0,0,0,0
2019-20,33,Tamilnadu,3327,RAMANATHAPURAM,332711,MANDAPAM,Urban,5,cat5,"HSS (VI-XII)",4,"Government Aided",3,ST,0,0,0,0,0,0,0,0,0,0,0,0,0,0,0,0,0,0,0,0,0,0,0,0,0,0
2019-20,33,Tamilnadu,3327,RAMANATHAPURAM,332709,RAMANATHAPURAM,Rural,5,cat5,"HSS (VI-XII)",5,"Private Unaided (Recognized)",3,ST,0,0,0,0,0,0,0,0,0,0,0,0,0,0,0,0,0,0,0,0,0,0,0,0,0,0
2019-20,33,Tamilnadu,3327,RAMANATHAPURAM,332701,THIRUVADANAI,Rural,1,cat1,"PS (I-V)",1,"Department of Education",3,ST,0,0,0,0,3,6,2,0,0,0,0,0,0,0,1,0,2,1,1,0,0,0,0,0,0,0
2019-20,33,Tamilnadu,3327,RAMANATHAPURAM,332702,RAJASINGAMANGALAM,Rural,1,cat1,"PS (I-V)",1,"Department of Education",3,ST,0,0,1,0,0,0,0,0,0,0,0,0,0,0,0,0,0,0,0,0,0,0,0,0,0,0
2019-20,33,Tamilnadu,3327,RAMANATHAPURAM,332703,PARAMAKUDI,Rural,1,cat1,"PS (I-V)",1,"Department of Education",3,ST,0,0,0,0,0,0,0,0,0,0,0,0,0,0,0,0,0,0,0,0,0,0,0,0,0,0
2019-20,33,Tamilnadu,3327,RAMANATHAPURAM,332704,BOGALUR,Rural,1,cat1,"PS (I-V)",1,"Department of Education",3,ST,0,0,0,0,0,0,0,0,0,0,0,0,0,0,0,0,0,0,0,0,0,0,0,0,0,0
2019-20,33,Tamilnadu,3327,RAMANATHAPURAM,332705,NAINARKOIL,Rural,1,cat1,"PS (I-V)",1,"Department of Education",3,ST,0,0,0,0,0,0,0,0,0,0,0,0,0,0,0,0,0,0,0,0,0,0,0,0,0,0
2019-20,33,Tamilnadu,3327,RAMANATHAPURAM,332706,KAMUTHI,Rural,1,cat1,"PS (I-V)",1,"Department of Education",3,ST,0,0,0,0,0,0,0,0,0,0,0,0,0,0,1,0,0,0,0,0,0,0,0,0,0,0
2019-20,33,Tamilnadu,3327,RAMANATHAPURAM,332707,MUDUKULATHUR,Rural,1,cat1,"PS (I-V)",1,"Department of Education",3,ST,0,0,0,0,0,0,0,0,0,0,0,0,0,0,0,0,0,0,0,0,0,0,0,0,0,0
2019-20,33,Tamilnadu,3327,RAMANATHAPURAM,332708,KADALADI,Rural,1,cat1,"PS (I-V)",1,"Department of Education",3,ST,0,0,0,0,0,0,0,0,0,0,0,0,0,0,0,0,0,0,0,0,0,0,0,0,0,0
2019-20,33,Tamilnadu,3327,RAMANATHAPURAM,332709,RAMANATHAPURAM,Rural,1,cat1,"PS (I-V)",1,"Department of Education",3,ST,0,0,0,0,0,0,0,0,0,0,0,0,0,0,0,0,0,0,0,0,0,0,0,0,0,0
2019-20,33,Tamilnadu,3327,RAMANATHAPURAM,332710,THIRUPPULLANI,Rural,1,cat1,"PS (I-V)",1,"Department of Education",3,ST,0,0,0,0,0,0,0,0,0,0,0,0,0,0,0,0,0,0,0,0,0,0,0,0,0,0
2019-20,33,Tamilnadu,3327,RAMANATHAPURAM,332711,MANDAPAM,Rural,1,cat1,"PS (I-V)",1,"Department of Education",3,ST,0,0,0,0,0,0,1,0,0,0,0,0,0,0,0,0,0,0,0,0,0,0,0,0,0,0
2019-20,33,Tamilnadu,3327,RAMANATHAPURAM,332701,THIRUVADANAI,Urban,1,cat1,"PS (I-V)",1,"Department of Education",3,ST,0,0,4,0,0,0,0,0,0,0,0,0,0,0,4,0,0,0,0,0,0,0,0,0,0,0
2019-20,33,Tamilnadu,3327,RAMANATHAPURAM,332702,RAJASINGAMANGALAM,Urban,1,cat1,"PS (I-V)",1,"Department of Education",3,ST,0,0,0,0,0,0,0,0,0,0,0,0,0,0,0,0,0,0,0,0,0,0,0,0,0,0
2019-20,33,Tamilnadu,3327,RAMANATHAPURAM,332707,MUDUKULATHUR,Urban,1,cat1,"PS (I-V)",1,"Department of Education",3,ST,0,0,0,0,0,0,0,0,0,0,0,0,0,0,0,0,0,0,0,0,0,0,0,0,0,0
2019-20,33,Tamilnadu,3327,RAMANATHAPURAM,332708,KADALADI,Urban,1,cat1,"PS (I-V)",1,"Department of Education",3,ST,0,0,0,0,0,0,0,0,0,0,0,0,0,0,0,0,0,0,0,0,0,0,0,0,0,0
2019-20,33,Tamilnadu,3327,RAMANATHAPURAM,332710,THIRUPPULLANI,Urban,1,cat1,"PS (I-V)",1,"Department of Education",3,ST,0,0,0,0,0,0,0,0,0,0,0,0,0,0,0,0,0,0,0,0,0,0,0,0,0,0
2019-20,33,Tamilnadu,3327,RAMANATHAPURAM,332711,MANDAPAM,Urban,1,cat1,"PS (I-V)",1,"Department of Education",3,ST,0,0,0,0,0,0,0,0,0,0,0,0,0,0,0,0,0,0,0,0,0,0,0,0,0,0
2019-20,33,Tamilnadu,3327,RAMANATHAPURAM,332702,RAJASINGAMANGALAM,Rural,1,cat1,"PS (I-V)",2,"Tribal Welfare Department",3,ST,0,0,0,0,0,0,0,0,0,0,0,0,0,0,0,0,0,0,0,0,0,0,0,0,0,0
2019-20,33,Tamilnadu,3327,RAMANATHAPURAM,332703,PARAMAKUDI,Rural,1,cat1,"PS (I-V)",2,"Tribal Welfare Department",3,ST,0,0,0,0,0,0,0,0,0,0,0,0,0,0,0,0,0,0,0,0,0,0,0,0,0,0
2019-20,33,Tamilnadu,3327,RAMANATHAPURAM,332706,KAMUTHI,Rural,1,cat1,"PS (I-V)",2,"Tribal Welfare Department",3,ST,0,0,0,0,0,0,0,0,0,0,0,0,0,0,0,0,0,0,0,0,0,0,0,0,0,0
2019-20,33,Tamilnadu,3327,RAMANATHAPURAM,332710,THIRUPPULLANI,Rural,1,cat1,"PS (I-V)",2,"Tribal Welfare Department",3,ST,0,0,0,0,0,0,0,0,0,0,0,0,0,0,0,0,0,0,0,0,0,0,0,0,0,0
2019-20,33,Tamilnadu,3327,RAMANATHAPURAM,332703,PARAMAKUDI,Rural,1,cat1,"PS (I-V)",3,"Local body",3,ST,0,0,0,0,0,0,0,0,0,0,0,0,0,0,0,0,0,0,0,0,0,0,0,0,0,0
2019-20,33,Tamilnadu,3327,RAMANATHAPURAM,332709,RAMANATHAPURAM,Rural,1,cat1,"PS (I-V)",3,"Local body",3,ST,0,0,0,0,0,0,0,0,0,0,0,0,0,0,0,0,0,0,0,0,0,0,0,0,0,0
2019-20,33,Tamilnadu,3327,RAMANATHAPURAM,332703,PARAMAKUDI,Urban,1,cat1,"PS (I-V)",3,"Local body",3,ST,0,0,0,0,0,0,0,0,0,0,0,0,0,0,0,0,0,0,0,0,0,0,0,0,0,0
2019-20,33,Tamilnadu,3327,RAMANATHAPURAM,332701,THIRUVADANAI,Rural,1,cat1,"PS (I-V)",4,"Government Aided",3,ST,0,0,0,0,0,0,0,0,0,0,0,0,0,0,0,0,0,0,0,0,0,0,0,0,0,0
2019-20,33,Tamilnadu,3327,RAMANATHAPURAM,332702,RAJASINGAMANGALAM,Rural,1,cat1,"PS (I-V)",4,"Government Aided",3,ST,0,0,0,0,0,0,0,0,0,0,0,0,0,0,0,0,0,0,1,0,0,0,0,0,0,0
2019-20,33,Tamilnadu,3327,RAMANATHAPURAM,332703,PARAMAKUDI,Rural,1,cat1,"PS (I-V)",4,"Government Aided",3,ST,0,0,0,0,0,0,0,0,0,0,0,0,0,0,0,0,0,0,0,0,0,0,0,0,0,0
2019-20,33,Tamilnadu,3327,RAMANATHAPURAM,332704,BOGALUR,Rural,1,cat1,"PS (I-V)",4,"Government Aided",3,ST,0,0,0,0,0,0,0,0,0,0,0,0,0,0,0,0,0,0,0,0,0,0,0,0,0,0
2019-20,33,Tamilnadu,3327,RAMANATHAPURAM,332705,NAINARKOIL,Rural,1,cat1,"PS (I-V)",4,"Government Aided",3,ST,0,0,0,0,0,0,0,0,0,0,0,0,0,0,0,0,0,0,0,0,0,0,0,0,0,0
2019-20,33,Tamilnadu,3327,RAMANATHAPURAM,332706,KAMUTHI,Rural,1,cat1,"PS (I-V)",4,"Government Aided",3,ST,0,0,0,0,0,0,0,0,0,0,0,0,0,0,0,0,0,0,0,0,0,0,0,0,0,0
2019-20,33,Tamilnadu,3327,RAMANATHAPURAM,332707,MUDUKULATHUR,Rural,1,cat1,"PS (I-V)",4,"Government Aided",3,ST,0,0,0,0,0,0,0,0,0,0,0,0,0,0,0,0,0,0,0,0,0,0,0,0,0,0
2019-20,33,Tamilnadu,3327,RAMANATHAPURAM,332708,KADALADI,Rural,1,cat1,"PS (I-V)",4,"Government Aided",3,ST,0,0,0,0,0,0,0,0,0,0,0,0,0,0,0,0,0,0,0,0,0,0,0,0,0,0
2019-20,33,Tamilnadu,3327,RAMANATHAPURAM,332709,RAMANATHAPURAM,Rural,1,cat1,"PS (I-V)",4,"Government Aided",3,ST,0,0,0,0,0,0,0,0,0,0,0,0,0,0,0,0,0,0,0,0,0,0,0,0,0,0
2019-20,33,Tamilnadu,3327,RAMANATHAPURAM,332710,THIRUPPULLANI,Rural,1,cat1,"PS (I-V)",4,"Government Aided",3,ST,0,0,0,0,0,0,0,0,0,0,0,0,0,0,0,0,0,0,0,0,0,0,0,0,0,0
2019-20,33,Tamilnadu,3327,RAMANATHAPURAM,332711,MANDAPAM,Rural,1,cat1,"PS (I-V)",4,"Government Aided",3,ST,0,0,1,0,0,0,0,0,0,0,0,0,0,0,1,0,0,0,0,0,0,0,0,0,0,0
2019-20,33,Tamilnadu,3327,RAMANATHAPURAM,332701,THIRUVADANAI,Urban,1,cat1,"PS (I-V)",4,"Government Aided",3,ST,0,0,0,0,0,0,0,0,0,0,0,0,0,0,0,0,0,0,0,0,0,0,0,0,0,0
2019-20,33,Tamilnadu,3327,RAMANATHAPURAM,332702,RAJASINGAMANGALAM,Urban,1,cat1,"PS (I-V)",4,"Government Aided",3,ST,0,0,0,0,0,0,0,0,0,0,0,0,0,0,0,0,0,0,0,0,0,0,0,0,0,0
2019-20,33,Tamilnadu,3327,RAMANATHAPURAM,332703,PARAMAKUDI,Urban,1,cat1,"PS (I-V)",4,"Government Aided",3,ST,0,0,0,0,0,0,0,0,0,0,0,0,0,0,0,0,0,0,0,0,0,0,0,0,0,0
2019-20,33,Tamilnadu,3327,RAMANATHAPURAM,332706,KAMUTHI,Urban,1,cat1,"PS (I-V)",4,"Government Aided",3,ST,0,0,0,0,0,0,0,0,0,0,0,0,0,0,0,0,0,0,0,0,0,0,0,0,0,0
2019-20,33,Tamilnadu,3327,RAMANATHAPURAM,332707,MUDUKULATHUR,Urban,1,cat1,"PS (I-V)",4,"Government Aided",3,ST,0,0,0,0,0,0,0,0,0,0,0,0,0,0,0,0,0,0,0,0,0,0,0,0,0,0
2019-20,33,Tamilnadu,3327,RAMANATHAPURAM,332708,KADALADI,Urban,1,cat1,"PS (I-V)",4,"Government Aided",3,ST,0,0,0,0,0,0,0,0,0,0,0,0,0,0,0,0,0,0,0,0,0,0,0,0,0,0
2019-20,33,Tamilnadu,3327,RAMANATHAPURAM,332709,RAMANATHAPURAM,Urban,1,cat1,"PS (I-V)",4,"Government Aided",3,ST,0,0,0,0,0,0,0,0,0,0,0,0,0,0,1,0,0,0,0,0,0,0,0,0,0,0
2019-20,33,Tamilnadu,3327,RAMANATHAPURAM,332710,THIRUPPULLANI,Urban,1,cat1,"PS (I-V)",4,"Government Aided",3,ST,0,0,0,0,0,0,0,0,0,0,0,0,0,0,0,0,0,0,0,0,0,0,0,0,0,0
2019-20,33,Tamilnadu,3327,RAMANATHAPURAM,332711,MANDAPAM,Urban,1,cat1,"PS (I-V)",4,"Government Aided",3,ST,0,0,0,0,0,0,0,0,0,0,0,0,0,0,0,0,0,0,0,0,0,0,0,0,0,0
2019-20,33,Tamilnadu,3327,RAMANATHAPURAM,332701,THIRUVADANAI,Rural,1,cat1,"PS (I-V)",5,"Private Unaided (Recognized)",3,ST,0,0,0,0,1,0,0,0,0,0,0,0,0,0,0,0,0,0,0,0,0,0,0,0,0,0
2019-20,33,Tamilnadu,3327,RAMANATHAPURAM,332702,RAJASINGAMANGALAM,Rural,1,cat1,"PS (I-V)",5,"Private Unaided (Recognized)",3,ST,0,0,0,0,0,0,0,0,0,0,0,0,0,0,0,1,0,0,0,0,0,0,0,0,0,0
2019-20,33,Tamilnadu,3327,RAMANATHAPURAM,332703,PARAMAKUDI,Rural,1,cat1,"PS (I-V)",5,"Private Unaided (Recognized)",3,ST,0,0,0,0,0,0,0,0,0,0,0,0,0,0,0,0,0,0,0,0,0,0,0,0,0,0
2019-20,33,Tamilnadu,3327,RAMANATHAPURAM,332704,BOGALUR,Rural,1,cat1,"PS (I-V)",5,"Private Unaided (Recognized)",3,ST,0,0,0,0,0,0,0,0,0,0,0,0,0,0,0,0,0,0,0,0,0,0,0,0,0,0
2019-20,33,Tamilnadu,3327,RAMANATHAPURAM,332705,NAINARKOIL,Rural,1,cat1,"PS (I-V)",5,"Private Unaided (Recognized)",3,ST,0,0,0,0,0,0,0,0,0,0,0,0,0,0,0,0,0,0,0,0,0,0,0,0,0,0
2019-20,33,Tamilnadu,3327,RAMANATHAPURAM,332706,KAMUTHI,Rural,1,cat1,"PS (I-V)",5,"Private Unaided (Recognized)",3,ST,0,1,0,0,0,0,0,0,0,0,0,0,0,0,0,0,0,0,0,0,0,0,0,0,0,0
2019-20,33,Tamilnadu,3327,RAMANATHAPURAM,332707,MUDUKULATHUR,Rural,1,cat1,"PS (I-V)",5,"Private Unaided (Recognized)",3,ST,0,0,0,0,0,0,0,0,0,0,0,0,0,0,0,0,0,0,0,0,0,0,0,0,0,0
2019-20,33,Tamilnadu,3327,RAMANATHAPURAM,332708,KADALADI,Rural,1,cat1,"PS (I-V)",5,"Private Unaided (Recognized)",3,ST,0,0,0,0,0,0,0,0,0,0,0,0,0,0,0,0,0,0,0,0,0,0,0,0,0,0
2019-20,33,Tamilnadu,3327,RAMANATHAPURAM,332709,RAMANATHAPURAM,Rural,1,cat1,"PS (I-V)",5,"Private Unaided (Recognized)",3,ST,0,0,0,0,0,0,0,0,0,0,0,0,0,0,0,0,0,0,0,0,0,0,0,0,0,0
2019-20,33,Tamilnadu,3327,RAMANATHAPURAM,332710,THIRUPPULLANI,Rural,1,cat1,"PS (I-V)",5,"Private Unaided (Recognized)",3,ST,0,0,0,0,0,0,0,0,0,0,0,0,0,0,1,0,0,0,0,0,0,0,0,0,0,0
2019-20,33,Tamilnadu,3327,RAMANATHAPURAM,332711,MANDAPAM,Rural,1,cat1,"PS (I-V)",5,"Private Unaided (Recognized)",3,ST,0,0,0,0,0,0,0,0,0,0,0,0,0,0,0,0,0,0,0,0,0,0,0,0,0,0
2019-20,33,Tamilnadu,3327,RAMANATHAPURAM,332702,RAJASINGAMANGALAM,Urban,1,cat1,"PS (I-V)",5,"Private Unaided (Recognized)",3,ST,0,0,0,0,0,0,0,0,0,0,0,0,0,0,0,0,0,0,0,0,0,0,0,0,0,0
2019-20,33,Tamilnadu,3327,RAMANATHAPURAM,332703,PARAMAKUDI,Urban,1,cat1,"PS (I-V)",5,"Private Unaided (Recognized)",3,ST,0,0,0,0,0,0,0,0,0,0,0,0,0,0,0,0,0,0,0,0,0,0,0,0,0,0
2019-20,33,Tamilnadu,3327,RAMANATHAPURAM,332707,MUDUKULATHUR,Urban,1,cat1,"PS (I-V)",5,"Private Unaided (Recognized)",3,ST,1,0,0,0,0,0,0,0,0,0,0,0,0,0,0,0,0,0,0,0,0,0,0,0,0,0
2019-20,33,Tamilnadu,3327,RAMANATHAPURAM,332708,KADALADI,Urban,1,cat1,"PS (I-V)",5,"Private Unaided (Recognized)",3,ST,0,0,0,0,0,0,0,0,0,0,0,0,0,0,0,0,0,0,0,0,0,0,0,0,0,0
2019-20,33,Tamilnadu,3327,RAMANATHAPURAM,332709,RAMANATHAPURAM,Urban,1,cat1,"PS (I-V)",5,"Private Unaided (Recognized)",3,ST,0,0,0,0,0,0,0,0,0,0,0,0,0,0,0,0,0,0,0,0,0,0,0,0,0,0
2019-20,33,Tamilnadu,3327,RAMANATHAPURAM,332710,THIRUPPULLANI,Urban,1,cat1,"PS (I-V)",5,"Private Unaided (Recognized)",3,ST,0,0,0,0,0,0,0,0,0,0,0,0,0,0,0,0,0,0,0,0,0,0,0,0,0,0
2019-20,33,Tamilnadu,3327,RAMANATHAPURAM,332711,MANDAPAM,Urban,1,cat1,"PS (I-V)",5,"Private Unaided (Recognized)",3,ST,3,1,0,0,0,0,0,0,0,0,0,0,0,0,0,0,0,0,0,0,0,0,0,0,0,0
2019-20,33,Tamilnadu,3327,RAMANATHAPURAM,332708,KADALADI,Rural,1,cat1,"PS (I-V)",8,Unrecognized,3,ST,0,0,0,0,0,0,0,0,0,0,0,0,0,0,0,0,0,0,0,0,0,0,0,0,0,0
2019-20,33,Tamilnadu,3327,RAMANATHAPURAM,332711,MANDAPAM,Rural,1,cat1,"PS (I-V)",8,Unrecognized,3,ST,0,0,0,0,0,0,0,0,0,0,0,0,0,0,0,0,0,0,0,0,0,0,0,0,0,0
2019-20,33,Tamilnadu,3327,RAMANATHAPURAM,332702,RAJASINGAMANGALAM,Urban,1,cat1,"PS (I-V)",8,Unrecognized,3,ST,0,0,0,0,0,0,0,0,0,0,0,0,0,0,0,0,0,0,0,0,0,0,0,0,0,0
2019-20,33,Tamilnadu,3327,RAMANATHAPURAM,332708,KADALADI,Urban,1,cat1,"PS (I-V)",8,Unrecognized,3,ST,0,1,0,0,0,0,0,0,0,0,0,0,0,0,0,0,0,0,0,0,0,0,0,0,0,0
2019-20,33,Tamilnadu,3327,RAMANATHAPURAM,332701,THIRUVADANAI,Rural,6,cat6,"SS (I-X)",5,"Private Unaided (Recognized)",3,ST,0,0,0,0,0,0,0,0,0,0,0,0,0,0,0,0,0,0,0,0,0,0,0,0,0,0
2019-20,33,Tamilnadu,3327,RAMANATHAPURAM,332703,PARAMAKUDI,Rural,6,cat6,"SS (I-X)",5,"Private Unaided (Recognized)",3,ST,0,0,0,0,0,0,0,0,0,0,0,0,0,0,0,0,0,0,0,0,0,0,0,0,0,0
2019-20,33,Tamilnadu,3327,RAMANATHAPURAM,332704,BOGALUR,Rural,6,cat6,"SS (I-X)",5,"Private Unaided (Recognized)",3,ST,0,0,0,0,0,0,0,0,0,0,0,0,0,0,0,0,0,0,0,0,0,0,0,0,0,0
2019-20,33,Tamilnadu,3327,RAMANATHAPURAM,332706,KAMUTHI,Rural,6,cat6,"SS (I-X)",5,"Private Unaided (Recognized)",3,ST,0,0,0,0,0,0,0,0,0,0,0,0,0,0,0,0,0,0,0,0,0,0,0,0,0,0
2019-20,33,Tamilnadu,3327,RAMANATHAPURAM,332707,MUDUKULATHUR,Rural,6,cat6,"SS (I-X)",5,"Private Unaided (Recognized)",3,ST,0,0,0,0,0,0,0,0,0,0,0,0,0,0,0,0,0,0,0,0,0,0,0,0,0,0
2019-20,33,Tamilnadu,3327,RAMANATHAPURAM,332708,KADALADI,Rural,6,cat6,"SS (I-X)",5,"Private Unaided (Recognized)",3,ST,0,0,0,0,0,0,0,0,0,0,0,0,0,0,0,0,0,0,0,0,0,0,0,0,0,0
2019-20,33,Tamilnadu,3327,RAMANATHAPURAM,332709,RAMANATHAPURAM,Rural,6,cat6,"SS (I-X)",5,"Private Unaided (Recognized)",3,ST,0,0,0,0,0,0,0,0,0,0,0,0,0,0,0,0,0,0,0,0,0,0,0,0,0,0
2019-20,33,Tamilnadu,3327,RAMANATHAPURAM,332710,THIRUPPULLANI,Rural,6,cat6,"SS (I-X)",5,"Private Unaided (Recognized)",3,ST,1,1,0,0,0,0,0,0,1,0,0,0,0,0,0,0,0,0,0,0,0,0,0,0,0,0
2019-20,33,Tamilnadu,3327,RAMANATHAPURAM,332711,MANDAPAM,Rural,6,cat6,"SS (I-X)",5,"Private Unaided (Recognized)",3,ST,0,0,0,0,0,0,0,0,0,0,0,0,0,0,0,0,0,0,0,0,0,0,0,0,0,0
2019-20,33,Tamilnadu,3327,RAMANATHAPURAM,332702,RAJASINGAMANGALAM,Urban,6,cat6,"SS (I-X)",5,"Private Unaided (Recognized)",3,ST,0,0,0,0,0,0,0,0,0,0,0,0,0,0,0,0,0,0,0,0,0,0,0,0,0,0
2019-20,33,Tamilnadu,3327,RAMANATHAPURAM,332703,PARAMAKUDI,Urban,6,cat6,"SS (I-X)",5,"Private Unaided (Recognized)",3,ST,1,1,0,0,0,0,0,0,0,0,0,0,0,0,0,0,0,0,0,0,0,0,0,0,0,0
2019-20,33,Tamilnadu,3327,RAMANATHAPURAM,332707,MUDUKULATHUR,Urban,6,cat6,"SS (I-X)",5,"Private Unaided (Recognized)",3,ST,0,0,0,0,0,0,0,0,0,0,0,0,0,0,0,0,0,0,0,0,0,0,0,0,0,0
2019-20,33,Tamilnadu,3327,RAMANATHAPURAM,332709,RAMANATHAPURAM,Urban,6,cat6,"SS (I-X)",5,"Private Unaided (Recognized)",3,ST,0,0,0,0,0,0,0,0,0,0,0,0,0,0,0,0,0,0,0,0,0,0,1,0,0,0
2019-20,33,Tamilnadu,3327,RAMANATHAPURAM,332711,MANDAPAM,Urban,6,cat6,"SS (I-X)",92,"Kendriya Vidyalaya / Central School",3,ST,0,0,0,1,1,1,0,0,0,0,0,0,0,0,0,1,1,0,1,0,0,0,0,0,0,0
2019-20,33,Tamilnadu,3327,RAMANATHAPURAM,332701,THIRUVADANAI,Rural,7,cat7,"SS (VI-X)",1,"Department of Education",3,ST,0,0,0,0,0,0,0,0,0,0,0,0,0,0,0,0,0,0,0,0,0,0,0,0,0,0
2019-20,33,Tamilnadu,3327,RAMANATHAPURAM,332702,RAJASINGAMANGALAM,Rural,7,cat7,"SS (VI-X)",1,"Department of Education",3,ST,0,0,0,0,0,0,0,0,0,0,0,0,0,0,0,0,0,0,0,0,0,0,0,0,0,0
2019-20,33,Tamilnadu,3327,RAMANATHAPURAM,332703,PARAMAKUDI,Rural,7,cat7,"SS (VI-X)",1,"Department of Education",3,ST,0,0,0,0,0,0,0,0,0,0,0,0,0,0,0,0,0,0,0,0,0,0,0,0,0,0
2019-20,33,Tamilnadu,3327,RAMANATHAPURAM,332704,BOGALUR,Rural,7,cat7,"SS (VI-X)",1,"Department of Education",3,ST,0,0,0,0,0,0,0,0,0,0,0,0,0,0,0,0,0,0,0,0,0,0,0,0,0,0
2019-20,33,Tamilnadu,3327,RAMANATHAPURAM,332705,NAINARKOIL,Rural,7,cat7,"SS (VI-X)",1,"Department of Education",3,ST,0,0,0,0,0,0,0,0,0,0,0,0,0,0,0,0,0,0,0,0,0,0,0,0,0,0
2019-20,33,Tamilnadu,3327,RAMANATHAPURAM,332706,KAMUTHI,Rural,7,cat7,"SS (VI-X)",1,"Department of Education",3,ST,0,0,0,0,0,0,0,0,0,0,0,0,0,0,0,0,0,0,0,0,0,0,0,0,0,0
2019-20,33,Tamilnadu,3327,RAMANATHAPURAM,332707,MUDUKULATHUR,Rural,7,cat7,"SS (VI-X)",1,"Department of Education",3,ST,0,0,0,0,0,0,0,0,0,0,0,0,0,0,0,0,0,0,0,0,0,0,0,0,0,0
2019-20,33,Tamilnadu,3327,RAMANATHAPURAM,332708,KADALADI,Rural,7,cat7,"SS (VI-X)",1,"Department of Education",3,ST,0,0,0,0,0,0,0,0,0,0,0,0,0,0,0,0,0,0,0,0,0,0,0,0,0,0
2019-20,33,Tamilnadu,3327,RAMANATHAPURAM,332709,RAMANATHAPURAM,Rural,7,cat7,"SS (VI-X)",1,"Department of Education",3,ST,0,0,0,0,0,0,0,0,0,0,0,0,0,0,0,0,0,0,0,0,0,0,0,0,0,0
2019-20,33,Tamilnadu,3327,RAMANATHAPURAM,332710,THIRUPPULLANI,Rural,7,cat7,"SS (VI-X)",1,"Department of Education",3,ST,0,0,0,0,0,0,0,0,0,0,0,0,0,0,0,0,0,0,0,0,0,0,0,0,0,0
2019-20,33,Tamilnadu,3327,RAMANATHAPURAM,332711,MANDAPAM,Rural,7,cat7,"SS (VI-X)",1,"Department of Education",3,ST,0,0,0,0,0,0,0,0,0,0,0,0,0,0,0,0,0,0,0,0,0,0,0,0,0,0
2019-20,33,Tamilnadu,3327,RAMANATHAPURAM,332711,MANDAPAM,Urban,7,cat7,"SS (VI-X)",1,"Department of Education",3,ST,0,0,0,0,0,0,0,0,0,0,0,0,0,0,0,0,0,0,0,0,0,0,0,0,0,0
2019-20,33,Tamilnadu,3327,RAMANATHAPURAM,332702,RAJASINGAMANGALAM,Rural,7,cat7,"SS (VI-X)",2,"Tribal Welfare Department",3,ST,0,0,0,0,0,0,0,0,0,0,0,0,0,0,0,0,0,0,0,0,0,0,0,0,0,0
2019-20,33,Tamilnadu,3327,RAMANATHAPURAM,332706,KAMUTHI,Rural,7,cat7,"SS (VI-X)",2,"Tribal Welfare Department",3,ST,0,0,0,0,0,0,0,0,0,0,0,0,0,0,0,0,0,0,0,0,0,0,0,0,0,0
2019-20,33,Tamilnadu,3327,RAMANATHAPURAM,332710,THIRUPPULLANI,Rural,7,cat7,"SS (VI-X)",2,"Tribal Welfare Department",3,ST,0,0,0,0,0,0,0,0,0,0,0,0,0,0,0,0,0,0,0,0,0,0,0,0,0,0
2019-20,33,Tamilnadu,3327,RAMANATHAPURAM,332703,PARAMAKUDI,Urban,7,cat7,"SS (VI-X)",2,"Tribal Welfare Department",3,ST,0,0,0,0,0,0,0,0,0,0,0,0,0,0,0,0,0,0,0,0,0,0,0,0,0,0
2019-20,33,Tamilnadu,3327,RAMANATHAPURAM,332702,RAJASINGAMANGALAM,Rural,7,cat7,"SS (VI-X)",4,"Government Aided",3,ST,0,0,0,0,0,0,0,0,0,0,0,0,0,0,0,0,0,0,0,0,0,0,0,0,0,0
2019-20,33,Tamilnadu,3327,RAMANATHAPURAM,332708,KADALADI,Rural,7,cat7,"SS (VI-X)",4,"Government Aided",3,ST,0,0,0,0,0,0,0,0,0,0,0,0,0,0,0,0,0,0,0,0,0,0,0,0,0,0
2019-20,33,Tamilnadu,3327,RAMANATHAPURAM,332710,THIRUPPULLANI,Rural,7,cat7,"SS (VI-X)",4,"Government Aided",3,ST,0,0,0,0,0,0,0,0,0,0,0,0,0,0,0,0,0,0,0,0,0,0,0,0,0,0
2019-20,33,Tamilnadu,3327,RAMANATHAPURAM,332711,MANDAPAM,Rural,7,cat7,"SS (VI-X)",4,"Government Aided",3,ST,0,0,0,0,0,0,0,0,0,0,0,0,0,0,0,0,0,0,0,0,0,0,0,0,0,0
2019-20,33,Tamilnadu,3327,RAMANATHAPURAM,332701,THIRUVADANAI,Urban,7,cat7,"SS (VI-X)",4,"Government Aided",3,ST,0,0,0,0,0,0,0,0,0,0,0,0,0,0,0,0,0,0,0,0,0,0,0,0,0,0
2019-20,33,Tamilnadu,3327,RAMANATHAPURAM,332703,PARAMAKUDI,Urban,7,cat7,"SS (VI-X)",4,"Government Aided",3,ST,0,0,0,0,0,0,0,0,0,0,0,0,0,0,0,0,0,0,0,0,0,0,0,0,0,0
2019-20,33,Tamilnadu,3327,RAMANATHAPURAM,332706,KAMUTHI,Urban,7,cat7,"SS (VI-X)",4,"Government Aided",3,ST,0,0,0,0,0,0,0,0,0,0,0,0,0,0,0,0,0,0,0,0,0,0,0,0,0,0
2019-20,33,Tamilnadu,3327,RAMANATHAPURAM,332707,MUDUKULATHUR,Urban,7,cat7,"SS (VI-X)",4,"Government Aided",3,ST,0,0,0,0,0,0,0,0,0,0,0,0,0,0,0,0,0,0,0,0,0,0,0,0,0,0
2019-20,33,Tamilnadu,3327,RAMANATHAPURAM,332709,RAMANATHAPURAM,Urban,7,cat7,"SS (VI-X)",4,"Government Aided",3,ST,0,0,0,0,0,0,0,0,0,0,0,0,0,0,0,0,0,0,0,0,0,0,0,0,0,0
2019-20,33,Tamilnadu,3327,RAMANATHAPURAM,332701,THIRUVADANAI,Rural,7,cat7,"SS (VI-X)",5,"Private Unaided (Recognized)",3,ST,0,0,0,0,0,0,0,0,0,0,0,0,0,0,0,0,0,0,0,0,0,0,0,0,0,0
2019-20,33,Tamilnadu,3327,RAMANATHAPURAM,332702,RAJASINGAMANGALAM,Rural,7,cat7,"SS (VI-X)",5,"Private Unaided (Recognized)",3,ST,0,0,0,0,0,0,0,0,0,0,0,0,0,0,0,0,0,0,0,0,0,0,0,0,0,0
2019-20,33,Tamilnadu,3327,RAMANATHAPURAM,332703,PARAMAKUDI,Rural,7,cat7,"SS (VI-X)",5,"Private Unaided (Recognized)",3,ST,0,0,0,0,0,0,0,0,0,0,0,0,0,0,0,0,0,0,0,0,0,0,0,0,0,0
2019-20,33,Tamilnadu,3327,RAMANATHAPURAM,332704,BOGALUR,Rural,7,cat7,"SS (VI-X)",5,"Private Unaided (Recognized)",3,ST,0,0,0,0,0,0,0,0,0,0,0,0,0,0,0,0,0,0,0,0,0,0,0,0,0,0
2019-20,33,Tamilnadu,3327,RAMANATHAPURAM,332710,THIRUPPULLANI,Urban,7,cat7,"SS (VI-X)",5,"Private Unaided (Recognized)",3,ST,0,0,0,0,0,0,0,0,0,0,0,0,0,0,0,0,0,0,0,0,0,0,0,0,0,0
2019-20,33,Tamilnadu,3327,RAMANATHAPURAM,332701,THIRUVADANAI,Rural,2,cat2,"UPS (I-VIII)",1,"Department of Education",3,ST,0,0,0,0,0,0,0,0,0,0,0,0,0,0,0,0,0,0,0,0,0,1,0,0,0,0
2019-20,33,Tamilnadu,3327,RAMANATHAPURAM,332702,RAJASINGAMANGALAM,Rural,2,cat2,"UPS (I-VIII)",1,"Department of Education",3,ST,0,0,0,0,0,0,0,0,0,0,0,0,0,0,0,0,0,0,0,0,0,0,0,0,0,0
2019-20,33,Tamilnadu,3327,RAMANATHAPURAM,332703,PARAMAKUDI,Rural,2,cat2,"UPS (I-VIII)",1,"Department of Education",3,ST,0,0,0,0,0,0,0,0,0,0,0,0,0,0,0,0,0,0,0,0,0,0,0,0,0,0
2019-20,33,Tamilnadu,3327,RAMANATHAPURAM,332704,BOGALUR,Rural,2,cat2,"UPS (I-VIII)",1,"Department of Education",3,ST,0,0,0,0,0,0,0,0,0,0,0,0,0,0,0,0,0,0,0,0,0,0,0,0,0,0
2019-20,33,Tamilnadu,3327,RAMANATHAPURAM,332705,NAINARKOIL,Rural,2,cat2,"UPS (I-VIII)",1,"Department of Education",3,ST,0,0,0,0,0,0,0,0,0,0,0,0,0,0,0,0,0,0,0,0,0,0,0,0,0,0
2019-20,33,Tamilnadu,3327,RAMANATHAPURAM,332706,KAMUTHI,Rural,2,cat2,"UPS (I-VIII)",1,"Department of Education",3,ST,0,0,0,0,0,0,0,0,0,0,0,0,0,0,0,0,0,0,0,0,0,0,0,0,0,0
2019-20,33,Tamilnadu,3327,RAMANATHAPURAM,332707,MUDUKULATHUR,Rural,2,cat2,"UPS (I-VIII)",1,"Department of Education",3,ST,0,0,0,0,0,0,0,0,0,0,0,0,0,0,0,0,0,0,0,0,0,0,0,0,0,0
2019-20,33,Tamilnadu,3327,RAMANATHAPURAM,332708,KADALADI,Rural,2,cat2,"UPS (I-VIII)",1,"Department of Education",3,ST,0,0,0,0,0,0,0,0,0,0,0,0,0,0,0,0,0,0,0,0,0,0,0,0,0,0
2019-20,33,Tamilnadu,3327,RAMANATHAPURAM,332709,RAMANATHAPURAM,Rural,2,cat2,"UPS (I-VIII)",1,"Department of Education",3,ST,0,0,0,0,0,0,0,0,0,0,0,0,0,0,0,0,0,0,0,0,0,0,0,0,0,0
2019-20,33,Tamilnadu,3327,RAMANATHAPURAM,332710,THIRUPPULLANI,Rural,2,cat2,"UPS (I-VIII)",1,"Department of Education",3,ST,0,0,0,0,0,0,0,0,0,0,0,0,0,0,0,0,0,0,0,0,0,0,0,0,0,0
2019-20,33,Tamilnadu,3327,RAMANATHAPURAM,332711,MANDAPAM,Rural,2,cat2,"UPS (I-VIII)",1,"Department of Education",3,ST,0,0,0,0,0,0,0,0,0,0,0,0,0,0,0,0,0,0,0,0,0,0,0,0,0,0
2019-20,33,Tamilnadu,3327,RAMANATHAPURAM,332701,THIRUVADANAI,Urban,2,cat2,"UPS (I-VIII)",1,"Department of Education",3,ST,0,0,0,0,0,0,0,0,0,0,0,0,0,0,0,0,0,0,0,0,0,0,0,0,0,0
2019-20,33,Tamilnadu,3327,RAMANATHAPURAM,332703,PARAMAKUDI,Urban,2,cat2,"UPS (I-VIII)",1,"Department of Education",3,ST,0,0,0,0,0,0,0,0,0,0,0,0,0,0,0,0,0,0,0,0,0,0,0,0,0,0
2019-20,33,Tamilnadu,3327,RAMANATHAPURAM,332706,KAMUTHI,Urban,2,cat2,"UPS (I-VIII)",1,"Department of Education",3,ST,0,0,0,0,0,0,1,0,0,0,0,0,0,0,0,0,0,0,0,0,0,1,0,0,0,0
2019-20,33,Tamilnadu,3327,RAMANATHAPURAM,332707,MUDUKULATHUR,Urban,2,cat2,"UPS (I-VIII)",1,"Department of Education",3,ST,0,0,0,0,0,0,0,0,0,0,0,0,0,0,0,0,0,0,0,0,0,0,0,0,0,0
2019-20,33,Tamilnadu,3327,RAMANATHAPURAM,332708,KADALADI,Urban,2,cat2,"UPS (I-VIII)",1,"Department of Education",3,ST,0,0,0,0,0,0,0,0,0,0,0,0,0,0,0,0,0,0,0,0,0,0,0,0,0,0
2019-20,33,Tamilnadu,3327,RAMANATHAPURAM,332711,MANDAPAM,Urban,2,cat2,"UPS (I-VIII)",1,"Department of Education",3,ST,0,0,0,0,0,0,0,0,0,0,0,0,0,0,0,0,0,0,0,0,0,0,0,0,0,0
2019-20,33,Tamilnadu,3327,RAMANATHAPURAM,332703,PARAMAKUDI,Rural,2,cat2,"UPS (I-VIII)",2,"Tribal Welfare Department",3,ST,0,0,0,0,0,0,0,0,0,0,0,0,0,0,0,0,0,0,0,0,0,0,0,0,0,0
2019-20,33,Tamilnadu,3327,RAMANATHAPURAM,332703,PARAMAKUDI,Urban,2,cat2,"UPS (I-VIII)",3,"Local body",3,ST,0,0,0,0,0,0,0,0,0,0,0,0,0,0,0,0,0,0,0,0,0,0,0,0,0,0
2019-20,33,Tamilnadu,3327,RAMANATHAPURAM,332709,RAMANATHAPURAM,Urban,2,cat2,"UPS (I-VIII)",3,"Local body",3,ST,0,0,0,0,0,0,0,0,0,0,0,0,0,0,0,0,0,0,0,0,0,0,0,0,0,0
2019-20,33,Tamilnadu,3327,RAMANATHAPURAM,332701,THIRUVADANAI,Rural,2,cat2,"UPS (I-VIII)",4,"Government Aided",3,ST,0,0,0,0,0,0,0,0,0,0,0,0,0,0,0,0,0,0,0,0,0,0,0,0,0,0
2019-20,33,Tamilnadu,3327,RAMANATHAPURAM,332702,RAJASINGAMANGALAM,Rural,2,cat2,"UPS (I-VIII)",4,"Government Aided",3,ST,0,0,0,0,0,0,0,0,0,0,0,0,0,0,0,0,0,0,0,0,0,0,0,0,0,0
2019-20,33,Tamilnadu,3327,RAMANATHAPURAM,332703,PARAMAKUDI,Rural,2,cat2,"UPS (I-VIII)",4,"Government Aided",3,ST,0,0,0,0,0,0,0,0,0,0,0,0,0,0,0,0,0,0,0,0,0,0,0,0,0,0
2019-20,33,Tamilnadu,3327,RAMANATHAPURAM,332705,NAINARKOIL,Rural,2,cat2,"UPS (I-VIII)",4,"Government Aided",3,ST,0,0,0,0,0,0,0,0,0,0,0,0,0,0,0,0,0,0,0,0,0,0,0,0,0,0
2019-20,33,Tamilnadu,3327,RAMANATHAPURAM,332706,KAMUTHI,Rural,2,cat2,"UPS (I-VIII)",4,"Government Aided",3,ST,0,0,0,0,0,0,0,0,0,0,0,0,0,0,0,0,0,0,0,0,0,0,0,0,0,0
2019-20,33,Tamilnadu,3327,RAMANATHAPURAM,332707,MUDUKULATHUR,Rural,2,cat2,"UPS (I-VIII)",4,"Government Aided",3,ST,0,0,0,0,0,0,0,0,0,0,0,0,0,0,0,0,0,0,0,0,0,0,0,0,0,0
2019-20,33,Tamilnadu,3327,RAMANATHAPURAM,332708,KADALADI,Rural,2,cat2,"UPS (I-VIII)",4,"Government Aided",3,ST,0,0,0,0,0,0,0,0,0,0,0,0,0,0,0,0,0,0,0,0,0,0,0,0,0,0
2019-20,33,Tamilnadu,3327,RAMANATHAPURAM,332709,RAMANATHAPURAM,Rural,2,cat2,"UPS (I-VIII)",4,"Government Aided",3,ST,0,0,0,0,0,0,0,0,0,0,0,0,0,0,0,0,0,0,0,0,0,0,0,0,0,0
2019-20,33,Tamilnadu,3327,RAMANATHAPURAM,332710,THIRUPPULLANI,Rural,2,cat2,"UPS (I-VIII)",4,"Government Aided",3,ST,0,0,0,0,0,0,0,0,0,0,0,0,0,0,0,0,0,0,0,0,0,0,0,0,0,0
2019-20,33,Tamilnadu,3327,RAMANATHAPURAM,332703,PARAMAKUDI,Urban,2,cat2,"UPS (I-VIII)",4,"Government Aided",3,ST,0,0,0,0,0,0,0,0,0,0,0,0,0,0,0,0,0,0,0,0,0,0,0,0,0,0
2019-20,33,Tamilnadu,3327,RAMANATHAPURAM,332706,KAMUTHI,Urban,2,cat2,"UPS (I-VIII)",4,"Government Aided",3,ST,0,0,0,0,0,0,0,0,0,0,0,0,0,0,0,0,0,0,0,0,0,0,0,0,0,0
2019-20,33,Tamilnadu,3327,RAMANATHAPURAM,332708,KADALADI,Urban,2,cat2,"UPS (I-VIII)",4,"Government Aided",3,ST,0,0,0,0,0,0,0,0,0,0,0,0,0,0,0,0,0,0,0,0,0,0,0,0,0,0
2019-20,33,Tamilnadu,3327,RAMANATHAPURAM,332709,RAMANATHAPURAM,Urban,2,cat2,"UPS (I-VIII)",4,"Government Aided",3,ST,0,0,0,0,1,0,1,0,0,0,0,0,0,0,1,0,1,0,0,0,1,0,0,0,0,0
2019-20,33,Tamilnadu,3327,RAMANATHAPURAM,332701,THIRUVADANAI,Rural,2,cat2,"UPS (I-VIII)",5,"Private Unaided (Recognized)",3,ST,0,0,0,0,0,0,0,0,0,0,0,0,0,0,0,0,0,0,0,0,0,0,0,0,0,0
2019-20,33,Tamilnadu,3327,RAMANATHAPURAM,332703,PARAMAKUDI,Rural,2,cat2,"UPS (I-VIII)",5,"Private Unaided (Recognized)",3,ST,0,0,0,0,0,0,0,0,0,0,0,0,0,0,0,0,0,0,0,0,0,0,0,0,0,0
2019-20,33,Tamilnadu,3327,RAMANATHAPURAM,332708,KADALADI,Rural,2,cat2,"UPS (I-VIII)",5,"Private Unaided (Recognized)",3,ST,0,0,0,0,0,0,0,0,0,0,0,0,0,0,0,0,0,0,0,0,0,0,0,0,0,0
2019-20,33,Tamilnadu,3327,RAMANATHAPURAM,332709,RAMANATHAPURAM,Rural,2,cat2,"UPS (I-VIII)",5,"Private Unaided (Recognized)",3,ST,0,0,0,0,0,0,0,0,0,0,0,0,0,0,0,0,0,0,0,0,0,0,0,0,0,0
2019-20,33,Tamilnadu,3327,RAMANATHAPURAM,332710,THIRUPPULLANI,Rural,2,cat2,"UPS (I-VIII)",5,"Private Unaided (Recognized)",3,ST,0,0,0,0,1,0,0,0,0,0,0,0,0,0,0,0,0,0,0,0,0,0,0,0,0,0
2019-20,33,Tamilnadu,3327,RAMANATHAPURAM,332711,MANDAPAM,Rural,2,cat2,"UPS (I-VIII)",5,"Private Unaided (Recognized)",3,ST,0,0,1,1,0,0,0,0,0,5,0,0,0,0,0,1,1,0,1,2,0,0,0,0,0,0
2019-20,33,Tamilnadu,3327,RAMANATHAPURAM,332710,THIRUPPULLANI,Urban,2,cat2,"UPS (I-VIII)",5,"Private Unaided (Recognized)",3,ST,0,0,0,0,0,0,0,0,0,0,0,0,0,0,0,0,0,0,0,0,0,0,0,0,0,0
2019-20,33,Tamilnadu,3327,RAMANATHAPURAM,332703,PARAMAKUDI,Urban,2,cat2,"UPS (I-VIII)",8,Unrecognized,3,ST,0,0,0,0,0,0,0,0,0,0,0,0,0,0,0,0,0,0,0,0,0,0,0,0,0,0
2019-20,33,Tamilnadu,3327,RAMANATHAPURAM,332704,BOGALUR,Rural,4,cat4,"UPS (VI-VIII)",1,"Department of Education",3,ST,0,0,0,0,0,0,0,0,0,0,0,0,0,0,0,0,0,0,0,0,0,0,0,0,0,0
2019-20,33,Tamilnadu,3327,RAMANATHAPURAM,332703,PARAMAKUDI,Rural,3,cat3,"HSS (I-XII)",1,"Department of Education",4,OBC,7,9,0,0,0,0,0,58,47,45,64,75,34,25,0,0,0,0,0,58,36,48,75,63,61,60
2019-20,33,Tamilnadu,3327,RAMANATHAPURAM,332701,THIRUVADANAI,Rural,3,cat3,"HSS (I-XII)",5,"Private Unaided (Recognized)",4,OBC,101,117,63,56,64,57,54,56,46,55,38,35,0,0,51,52,49,53,52,50,47,36,37,49,31,21
2019-20,33,Tamilnadu,3327,RAMANATHAPURAM,332703,PARAMAKUDI,Rural,3,cat3,"HSS (I-XII)",5,"Private Unaided (Recognized)",4,OBC,117,69,61,44,60,73,68,88,70,78,80,65,79,62,36,47,55,65,70,59,69,78,58,69,90,65
2019-20,33,Tamilnadu,3327,RAMANATHAPURAM,332704,BOGALUR,Rural,3,cat3,"HSS (I-XII)",5,"Private Unaided (Recognized)",4,OBC,141,102,61,40,44,37,36,27,19,22,13,14,11,1,45,26,28,22,30,17,23,19,11,12,5,2
2019-20,33,Tamilnadu,3327,RAMANATHAPURAM,332707,MUDUKULATHUR,Rural,3,cat3,"HSS (I-XII)",5,"Private Unaided (Recognized)",4,OBC,102,115,48,53,47,47,39,42,30,35,35,24,28,19,37,27,36,35,39,41,26,33,28,13,21,13
2019-20,33,Tamilnadu,3327,RAMANATHAPURAM,332708,KADALADI,Rural,3,cat3,"HSS (I-XII)",5,"Private Unaided (Recognized)",4,OBC,442,388,253,198,184,197,168,153,172,141,164,118,108,82,198,163,175,156,143,126,143,118,96,102,62,78
2019-20,33,Tamilnadu,3327,RAMANATHAPURAM,332709,RAMANATHAPURAM,Rural,3,cat3,"HSS (I-XII)",5,"Private Unaided (Recognized)",4,OBC,639,620,396,400,416,419,431,373,375,371,330,357,253,228,304,348,367,376,357,324,316,301,291,260,226,172
2019-20,33,Tamilnadu,3327,RAMANATHAPURAM,332710,THIRUPPULLANI,Rural,3,cat3,"HSS (I-XII)",5,"Private Unaided (Recognized)",4,OBC,158,169,77,97,88,66,66,44,47,57,55,38,30,13,71,64,73,51,55,54,42,47,41,31,30,5
2019-20,33,Tamilnadu,3327,RAMANATHAPURAM,332711,MANDAPAM,Rural,3,cat3,"HSS (I-XII)",5,"Private Unaided (Recognized)",4,OBC,560,461,281,272,343,320,325,325,305,337,332,356,270,249,247,282,289,286,262,277,275,272,248,295,245,222
2019-20,33,Tamilnadu,3327,RAMANATHAPURAM,332701,THIRUVADANAI,Urban,3,cat3,"HSS (I-XII)",5,"Private Unaided (Recognized)",4,OBC,170,169,102,97,85,80,77,78,66,58,54,61,52,49,71,85,78,74,46,73,77,47,64,58,46,46
2019-20,33,Tamilnadu,3327,RAMANATHAPURAM,332702,RAJASINGAMANGALAM,Urban,3,cat3,"HSS (I-XII)",5,"Private Unaided (Recognized)",4,OBC,53,43,19,36,32,38,31,46,49,32,42,25,23,16,22,24,30,23,36,39,23,30,24,19,22,10
2019-20,33,Tamilnadu,3327,RAMANATHAPURAM,332703,PARAMAKUDI,Urban,3,cat3,"HSS (I-XII)",5,"Private Unaided (Recognized)",4,OBC,124,100,88,77,79,101,86,88,73,83,79,85,31,52,60,61,56,71,81,74,71,79,76,62,71,60
2019-20,33,Tamilnadu,3327,RAMANATHAPURAM,332706,KAMUTHI,Urban,3,cat3,"HSS (I-XII)",5,"Private Unaided (Recognized)",4,OBC,159,136,76,76,67,81,66,65,68,67,76,67,74,58,69,61,72,72,55,55,39,51,45,49,60,49
2019-20,33,Tamilnadu,3327,RAMANATHAPURAM,332708,KADALADI,Urban,3,cat3,"HSS (I-XII)",5,"Private Unaided (Recognized)",4,OBC,44,33,13,5,4,2,2,4,2,1,1,0,0,0,11,5,7,5,1,1,1,0,1,0,0,0
2019-20,33,Tamilnadu,3327,RAMANATHAPURAM,332709,RAMANATHAPURAM,Urban,3,cat3,"HSS (I-XII)",5,"Private Unaided (Recognized)",4,OBC,437,371,232,199,212,222,218,272,265,260,250,262,265,276,191,185,206,189,238,227,256,261,270,262,336,324
2019-20,33,Tamilnadu,3327,RAMANATHAPURAM,332710,THIRUPPULLANI,Urban,3,cat3,"HSS (I-XII)",5,"Private Unaided (Recognized)",4,OBC,345,294,155,193,146,152,142,139,141,100,129,129,90,116,128,130,147,129,147,151,140,128,113,128,124,132
2019-20,33,Tamilnadu,3327,RAMANATHAPURAM,332711,MANDAPAM,Urban,3,cat3,"HSS (I-XII)",5,"Private Unaided (Recognized)",4,OBC,196,169,104,108,116,106,99,138,120,155,106,106,70,77,92,95,96,89,97,95,79,110,99,114,98,74
2019-20,33,Tamilnadu,3327,RAMANATHAPURAM,332711,MANDAPAM,Rural,3,cat3,"HSS (I-XII)",92,"Kendriya Vidyalaya / Central School",4,OBC,0,0,34,27,23,26,24,29,26,27,24,9,21,9,25,22,23,18,25,33,22,24,28,13,23,17
2019-20,33,Tamilnadu,3327,RAMANATHAPURAM,332708,KADALADI,Rural,10,cat10,"HSS (IX-XII)",1,"Department of Education",4,OBC,0,0,0,0,0,0,0,0,0,0,84,64,48,78,0,0,0,0,0,0,0,0,97,75,105,90
2019-20,33,Tamilnadu,3327,RAMANATHAPURAM,332701,THIRUVADANAI,Rural,5,cat5,"HSS (VI-XII)",1,"Department of Education",4,OBC,0,0,0,0,0,0,0,41,33,53,64,60,88,87,0,0,0,0,0,88,104,88,150,172,188,209
2019-20,33,Tamilnadu,3327,RAMANATHAPURAM,332702,RAJASINGAMANGALAM,Rural,5,cat5,"HSS (VI-XII)",1,"Department of Education",4,OBC,0,0,0,0,0,0,0,58,81,64,75,65,96,80,0,0,0,0,0,72,75,74,73,71,69,75
2019-20,33,Tamilnadu,3327,RAMANATHAPURAM,332703,PARAMAKUDI,Rural,5,cat5,"HSS (VI-XII)",1,"Department of Education",4,OBC,0,0,0,0,0,0,0,23,31,25,49,46,62,68,0,0,0,0,0,32,21,21,44,39,50,48
2019-20,33,Tamilnadu,3327,RAMANATHAPURAM,332704,BOGALUR,Rural,5,cat5,"HSS (VI-XII)",1,"Department of Education",4,OBC,0,0,0,0,0,0,0,18,30,32,30,34,32,24,0,0,0,0,0,27,26,27,20,32,35,43
2019-20,33,Tamilnadu,3327,RAMANATHAPURAM,332705,NAINARKOIL,Rural,5,cat5,"HSS (VI-XII)",1,"Department of Education",4,OBC,0,0,0,0,0,0,0,59,50,50,62,65,74,56,0,0,0,0,0,46,40,51,68,59,72,49
2019-20,33,Tamilnadu,3327,RAMANATHAPURAM,332706,KAMUTHI,Rural,5,cat5,"HSS (VI-XII)",1,"Department of Education",4,OBC,0,0,0,0,0,0,0,51,45,58,93,57,105,97,0,0,0,0,0,50,45,53,54,61,53,60
2019-20,33,Tamilnadu,3327,RAMANATHAPURAM,332707,MUDUKULATHUR,Rural,5,cat5,"HSS (VI-XII)",1,"Department of Education",4,OBC,0,0,0,0,0,0,0,38,36,41,61,48,43,46,0,0,0,0,0,37,50,35,46,76,65,49
2019-20,33,Tamilnadu,3327,RAMANATHAPURAM,332708,KADALADI,Rural,5,cat5,"HSS (VI-XII)",1,"Department of Education",4,OBC,0,0,0,0,0,0,0,171,179,208,295,249,245,217,0,0,0,0,0,159,178,184,279,249,244,274
2019-20,33,Tamilnadu,3327,RAMANATHAPURAM,332709,RAMANATHAPURAM,Rural,5,cat5,"HSS (VI-XII)",1,"Department of Education",4,OBC,0,0,0,0,0,0,0,32,21,27,40,27,33,34,0,0,0,0,0,10,11,14,20,32,55,50
2019-20,33,Tamilnadu,3327,RAMANATHAPURAM,332710,THIRUPPULLANI,Rural,5,cat5,"HSS (VI-XII)",1,"Department of Education",4,OBC,0,0,0,0,0,0,0,142,136,154,178,150,152,179,0,0,0,0,0,169,163,154,158,183,206,170
2019-20,33,Tamilnadu,3327,RAMANATHAPURAM,332711,MANDAPAM,Rural,5,cat5,"HSS (VI-XII)",1,"Department of Education",4,OBC,0,0,0,0,0,0,0,343,389,359,430,347,369,314,0,0,0,0,0,286,284,286,331,343,490,439
2019-20,33,Tamilnadu,3327,RAMANATHAPURAM,332701,THIRUVADANAI,Urban,5,cat5,"HSS (VI-XII)",1,"Department of Education",4,OBC,0,0,0,0,0,0,0,3,2,4,16,16,60,49,0,0,0,0,0,0,0,0,0,0,0,0
2019-20,33,Tamilnadu,3327,RAMANATHAPURAM,332702,RAJASINGAMANGALAM,Urban,5,cat5,"HSS (VI-XII)",1,"Department of Education",4,OBC,0,0,0,0,0,0,0,16,10,16,22,8,34,8,0,0,0,0,0,69,64,72,62,58,93,94
2019-20,33,Tamilnadu,3327,RAMANATHAPURAM,332703,PARAMAKUDI,Urban,5,cat5,"HSS (VI-XII)",1,"Department of Education",4,OBC,0,0,0,0,0,0,0,0,1,3,7,8,28,27,0,0,0,0,0,22,25,37,62,58,88,102
2019-20,33,Tamilnadu,3327,RAMANATHAPURAM,332707,MUDUKULATHUR,Urban,5,cat5,"HSS (VI-XII)",1,"Department of Education",4,OBC,0,0,0,0,0,0,0,6,14,12,20,33,63,60,0,0,0,0,0,2,3,11,19,21,25,25
2019-20,33,Tamilnadu,3327,RAMANATHAPURAM,332708,KADALADI,Urban,5,cat5,"HSS (VI-XII)",1,"Department of Education",4,OBC,0,0,0,0,0,0,0,53,69,55,118,122,153,143,0,0,0,0,0,67,73,76,122,156,183,219
2019-20,33,Tamilnadu,3327,RAMANATHAPURAM,332711,MANDAPAM,Urban,5,cat5,"HSS (VI-XII)",1,"Department of Education",4,OBC,0,0,0,0,0,0,0,93,102,106,167,150,153,110,0,0,0,0,0,76,80,73,84,95,67,59
2019-20,33,Tamilnadu,3327,RAMANATHAPURAM,332709,RAMANATHAPURAM,Rural,5,cat5,"HSS (VI-XII)",3,"Local body",4,OBC,0,0,0,0,0,0,0,0,0,0,0,0,0,0,0,0,0,0,0,13,12,10,38,39,103,86
2019-20,33,Tamilnadu,3327,RAMANATHAPURAM,332701,THIRUVADANAI,Rural,5,cat5,"HSS (VI-XII)",4,"Government Aided",4,OBC,0,0,0,0,0,0,0,149,148,165,172,230,287,265,0,0,0,0,0,83,110,93,171,160,216,194
2019-20,33,Tamilnadu,3327,RAMANATHAPURAM,332702,RAJASINGAMANGALAM,Rural,5,cat5,"HSS (VI-XII)",4,"Government Aided",4,OBC,0,0,0,0,0,0,0,14,11,22,16,20,25,27,0,0,0,0,0,4,10,14,15,21,21,20
2019-20,33,Tamilnadu,3327,RAMANATHAPURAM,332706,KAMUTHI,Rural,5,cat5,"HSS (VI-XII)",4,"Government Aided",4,OBC,0,0,0,0,0,0,0,185,160,193,239,238,211,198,0,0,0,0,0,170,193,177,245,230,240,240
2019-20,33,Tamilnadu,3327,RAMANATHAPURAM,332707,MUDUKULATHUR,Rural,5,cat5,"HSS (VI-XII)",4,"Government Aided",4,OBC,0,0,0,0,0,0,0,44,45,50,68,78,65,69,0,0,0,0,0,40,47,46,59,69,66,73
2019-20,33,Tamilnadu,3327,RAMANATHAPURAM,332708,KADALADI,Rural,5,cat5,"HSS (VI-XII)",4,"Government Aided",4,OBC,0,0,0,0,0,0,0,14,7,8,17,11,13,0,0,0,0,0,0,15,8,14,9,10,7,0
2019-20,33,Tamilnadu,3327,RAMANATHAPURAM,332709,RAMANATHAPURAM,Rural,5,cat5,"HSS (VI-XII)",4,"Government Aided",4,OBC,0,0,0,0,0,0,0,41,24,44,44,44,43,43,0,0,0,0,0,25,43,31,46,43,52,60
2019-20,33,Tamilnadu,3327,RAMANATHAPURAM,332710,THIRUPPULLANI,Rural,5,cat5,"HSS (VI-XII)",4,"Government Aided",4,OBC,0,0,0,0,0,0,0,83,97,102,193,175,255,203,0,0,0,0,0,45,51,65,79,75,95,104
2019-20,33,Tamilnadu,3327,RAMANATHAPURAM,332711,MANDAPAM,Rural,5,cat5,"HSS (VI-XII)",4,"Government Aided",4,OBC,0,0,0,0,0,0,0,35,50,40,30,32,0,0,0,0,0,0,0,140,174,165,177,165,138,155
2019-20,33,Tamilnadu,3327,RAMANATHAPURAM,332703,PARAMAKUDI,Urban,5,cat5,"HSS (VI-XII)",4,"Government Aided",4,OBC,0,0,0,0,0,0,0,339,369,383,505,434,603,602,0,0,0,0,0,319,358,306,410,419,506,491
2019-20,33,Tamilnadu,3327,RAMANATHAPURAM,332706,KAMUTHI,Urban,5,cat5,"HSS (VI-XII)",4,"Government Aided",4,OBC,0,0,0,0,0,0,0,100,111,108,160,169,163,153,0,0,0,0,0,106,100,119,172,134,220,196
2019-20,33,Tamilnadu,3327,RAMANATHAPURAM,332707,MUDUKULATHUR,Urban,5,cat5,"HSS (VI-XII)",4,"Government Aided",4,OBC,0,0,0,0,0,0,0,60,70,67,101,75,75,78,0,0,0,0,0,58,98,77,97,90,85,91
2019-20,33,Tamilnadu,3327,RAMANATHAPURAM,332709,RAMANATHAPURAM,Urban,5,cat5,"HSS (VI-XII)",4,"Government Aided",4,OBC,0,0,0,0,0,0,0,189,224,235,363,331,582,449,0,0,0,0,0,180,186,234,356,333,500,517
2019-20,33,Tamilnadu,3327,RAMANATHAPURAM,332710,THIRUPPULLANI,Urban,5,cat5,"HSS (VI-XII)",4,"Government Aided",4,OBC,0,0,0,0,0,0,0,77,73,67,99,96,73,74,0,0,0,0,0,170,138,177,216,190,190,192
2019-20,33,Tamilnadu,3327,RAMANATHAPURAM,332711,MANDAPAM,Urban,5,cat5,"HSS (VI-XII)",4,"Government Aided",4,OBC,0,0,0,0,0,0,0,69,77,57,99,87,63,67,0,0,0,0,0,117,139,134,193,180,212,206
2019-20,33,Tamilnadu,3327,RAMANATHAPURAM,332709,RAMANATHAPURAM,Rural,5,cat5,"HSS (VI-XII)",5,"Private Unaided (Recognized)",4,OBC,0,0,0,0,0,0,0,0,0,0,0,19,0,18,0,0,0,0,0,0,0,0,0,14,0,28
2019-20,33,Tamilnadu,3327,RAMANATHAPURAM,332701,THIRUVADANAI,Rural,1,cat1,"PS (I-V)",1,"Department of Education",4,OBC,0,0,139,150,156,166,161,0,0,0,0,0,0,0,155,172,169,169,170,0,0,0,0,0,0,0
2019-20,33,Tamilnadu,3327,RAMANATHAPURAM,332702,RAJASINGAMANGALAM,Rural,1,cat1,"PS (I-V)",1,"Department of Education",4,OBC,0,0,78,87,94,83,88,0,0,0,0,0,0,0,79,76,86,106,79,0,0,0,0,0,0,0
2019-20,33,Tamilnadu,3327,RAMANATHAPURAM,332703,PARAMAKUDI,Rural,1,cat1,"PS (I-V)",1,"Department of Education",4,OBC,0,0,65,71,79,74,85,0,0,0,0,0,0,0,80,64,89,94,85,0,0,0,0,0,0,0
2019-20,33,Tamilnadu,3327,RAMANATHAPURAM,332704,BOGALUR,Rural,1,cat1,"PS (I-V)",1,"Department of Education",4,OBC,0,0,36,42,42,53,53,0,0,0,0,0,0,0,57,53,41,51,37,0,0,0,0,0,0,0
2019-20,33,Tamilnadu,3327,RAMANATHAPURAM,332705,NAINARKOIL,Rural,1,cat1,"PS (I-V)",1,"Department of Education",4,OBC,0,0,95,82,82,95,69,0,0,0,0,0,0,0,68,68,109,107,89,0,0,0,0,0,0,0
2019-20,33,Tamilnadu,3327,RAMANATHAPURAM,332706,KAMUTHI,Rural,1,cat1,"PS (I-V)",1,"Department of Education",4,OBC,0,0,198,203,227,251,213,0,0,0,0,0,0,0,206,200,258,244,220,0,0,0,0,0,0,0
2019-20,33,Tamilnadu,3327,RAMANATHAPURAM,332707,MUDUKULATHUR,Rural,1,cat1,"PS (I-V)",1,"Department of Education",4,OBC,0,0,103,141,154,156,172,0,0,0,0,0,0,0,110,128,143,163,147,0,0,0,0,0,0,0
2019-20,33,Tamilnadu,3327,RAMANATHAPURAM,332708,KADALADI,Rural,1,cat1,"PS (I-V)",1,"Department of Education",4,OBC,0,0,214,215,260,275,230,0,0,0,0,0,0,0,247,233,282,274,262,0,0,0,0,0,0,0
2019-20,33,Tamilnadu,3327,RAMANATHAPURAM,332709,RAMANATHAPURAM,Rural,1,cat1,"PS (I-V)",1,"Department of Education",4,OBC,0,0,88,96,107,89,98,0,0,0,0,0,0,0,77,93,96,105,112,0,0,0,0,0,0,0
2019-20,33,Tamilnadu,3327,RAMANATHAPURAM,332710,THIRUPPULLANI,Rural,1,cat1,"PS (I-V)",1,"Department of Education",4,OBC,0,0,146,152,188,184,169,0,0,0,0,0,0,0,168,171,206,225,203,0,0,0,0,0,0,0
2019-20,33,Tamilnadu,3327,RAMANATHAPURAM,332711,MANDAPAM,Rural,1,cat1,"PS (I-V)",1,"Department of Education",4,OBC,0,0,311,294,373,382,358,0,0,0,0,0,0,0,339,366,416,379,400,0,0,0,0,0,0,0
2019-20,33,Tamilnadu,3327,RAMANATHAPURAM,332701,THIRUVADANAI,Urban,1,cat1,"PS (I-V)",1,"Department of Education",4,OBC,12,7,36,16,19,12,18,0,0,0,0,0,0,0,38,12,22,15,11,0,0,0,0,0,0,0
2019-20,33,Tamilnadu,3327,RAMANATHAPURAM,332702,RAJASINGAMANGALAM,Urban,1,cat1,"PS (I-V)",1,"Department of Education",4,OBC,0,0,11,11,18,10,7,0,0,0,0,0,0,0,13,13,15,19,14,0,0,0,0,0,0,0
2019-20,33,Tamilnadu,3327,RAMANATHAPURAM,332707,MUDUKULATHUR,Urban,1,cat1,"PS (I-V)",1,"Department of Education",4,OBC,0,0,4,6,3,10,10,0,0,0,0,0,0,0,8,5,6,13,12,0,0,0,0,0,0,0
2019-20,33,Tamilnadu,3327,RAMANATHAPURAM,332708,KADALADI,Urban,1,cat1,"PS (I-V)",1,"Department of Education",4,OBC,0,0,3,3,5,1,2,0,0,0,0,0,0,0,2,3,0,4,3,0,0,0,0,0,0,0
2019-20,33,Tamilnadu,3327,RAMANATHAPURAM,332710,THIRUPPULLANI,Urban,1,cat1,"PS (I-V)",1,"Department of Education",4,OBC,0,0,3,4,4,3,6,0,0,0,0,0,0,0,4,2,2,4,4,0,0,0,0,0,0,0
2019-20,33,Tamilnadu,3327,RAMANATHAPURAM,332711,MANDAPAM,Urban,1,cat1,"PS (I-V)",1,"Department of Education",4,OBC,0,0,85,88,133,125,134,0,0,0,0,0,0,0,125,111,129,172,144,0,0,0,0,0,0,0
2019-20,33,Tamilnadu,3327,RAMANATHAPURAM,332702,RAJASINGAMANGALAM,Rural,1,cat1,"PS (I-V)",2,"Tribal Welfare Department",4,OBC,0,0,0,0,0,0,1,0,0,0,0,0,0,0,0,0,0,0,0,0,0,0,0,0,0,0
2019-20,33,Tamilnadu,3327,RAMANATHAPURAM,332703,PARAMAKUDI,Rural,1,cat1,"PS (I-V)",2,"Tribal Welfare Department",4,OBC,0,0,0,0,0,1,0,0,0,0,0,0,0,0,0,0,0,0,0,0,0,0,0,0,0,0
2019-20,33,Tamilnadu,3327,RAMANATHAPURAM,332706,KAMUTHI,Rural,1,cat1,"PS (I-V)",2,"Tribal Welfare Department",4,OBC,0,0,2,4,6,1,3,0,0,0,0,0,0,0,4,6,8,9,6,0,0,0,0,0,0,0
2019-20,33,Tamilnadu,3327,RAMANATHAPURAM,332710,THIRUPPULLANI,Rural,1,cat1,"PS (I-V)",2,"Tribal Welfare Department",4,OBC,0,0,0,0,0,0,0,0,0,0,0,0,0,0,0,0,0,0,0,0,0,0,0,0,0,0
2019-20,33,Tamilnadu,3327,RAMANATHAPURAM,332703,PARAMAKUDI,Rural,1,cat1,"PS (I-V)",3,"Local body",4,OBC,0,0,4,16,13,11,9,0,0,0,0,0,0,0,11,12,3,5,14,0,0,0,0,0,0,0
2019-20,33,Tamilnadu,3327,RAMANATHAPURAM,332709,RAMANATHAPURAM,Rural,1,cat1,"PS (I-V)",3,"Local body",4,OBC,0,0,6,8,8,6,8,0,0,0,0,0,0,0,4,6,14,15,5,0,0,0,0,0,0,0
2019-20,33,Tamilnadu,3327,RAMANATHAPURAM,332703,PARAMAKUDI,Urban,1,cat1,"PS (I-V)",3,"Local body",4,OBC,0,0,31,27,34,40,35,0,0,0,0,0,0,0,37,34,39,35,39,0,0,0,0,0,0,0
2019-20,33,Tamilnadu,3327,RAMANATHAPURAM,332701,THIRUVADANAI,Rural,1,cat1,"PS (I-V)",4,"Government Aided",4,OBC,0,0,47,42,53,56,70,0,0,0,0,0,0,0,40,48,40,67,57,0,0,0,0,0,0,0
2019-20,33,Tamilnadu,3327,RAMANATHAPURAM,332702,RAJASINGAMANGALAM,Rural,1,cat1,"PS (I-V)",4,"Government Aided",4,OBC,0,0,41,37,46,56,63,0,0,0,0,0,0,0,31,40,56,59,51,0,0,0,0,0,0,0
2019-20,33,Tamilnadu,3327,RAMANATHAPURAM,332703,PARAMAKUDI,Rural,1,cat1,"PS (I-V)",4,"Government Aided",4,OBC,0,0,63,55,60,79,60,0,0,0,0,0,0,0,37,55,57,61,74,0,0,0,0,0,0,0
2019-20,33,Tamilnadu,3327,RAMANATHAPURAM,332704,BOGALUR,Rural,1,cat1,"PS (I-V)",4,"Government Aided",4,OBC,0,0,20,19,34,19,20,0,0,0,0,0,0,0,22,17,23,21,20,0,0,0,0,0,0,0
2019-20,33,Tamilnadu,3327,RAMANATHAPURAM,332705,NAINARKOIL,Rural,1,cat1,"PS (I-V)",4,"Government Aided",4,OBC,0,0,18,17,24,22,19,0,0,0,0,0,0,0,31,23,32,23,34,0,0,0,0,0,0,0
2019-20,33,Tamilnadu,3327,RAMANATHAPURAM,332706,KAMUTHI,Rural,1,cat1,"PS (I-V)",4,"Government Aided",4,OBC,0,0,65,59,82,84,77,0,0,0,0,0,0,0,64,73,54,69,79,0,0,0,0,0,0,0
2019-20,33,Tamilnadu,3327,RAMANATHAPURAM,332707,MUDUKULATHUR,Rural,1,cat1,"PS (I-V)",4,"Government Aided",4,OBC,0,0,17,20,32,31,31,0,0,0,0,0,0,0,28,30,38,22,25,0,0,0,0,0,0,0
2019-20,33,Tamilnadu,3327,RAMANATHAPURAM,332708,KADALADI,Rural,1,cat1,"PS (I-V)",4,"Government Aided",4,OBC,0,0,71,80,85,91,103,0,0,0,0,0,0,0,69,69,100,109,87,0,0,0,0,0,0,0
2019-20,33,Tamilnadu,3327,RAMANATHAPURAM,332709,RAMANATHAPURAM,Rural,1,cat1,"PS (I-V)",4,"Government Aided",4,OBC,0,0,30,21,34,35,25,0,0,0,0,0,0,0,32,34,38,47,47,0,0,0,0,0,0,0
2019-20,33,Tamilnadu,3327,RAMANATHAPURAM,332710,THIRUPPULLANI,Rural,1,cat1,"PS (I-V)",4,"Government Aided",4,OBC,0,0,27,37,40,43,40,0,0,0,0,0,0,0,32,30,40,44,38,0,0,0,0,0,0,0
2019-20,33,Tamilnadu,3327,RAMANATHAPURAM,332711,MANDAPAM,Rural,1,cat1,"PS (I-V)",4,"Government Aided",4,OBC,0,0,105,116,109,119,118,0,0,0,0,0,0,0,107,127,126,131,165,0,0,0,0,0,0,0
2019-20,33,Tamilnadu,3327,RAMANATHAPURAM,332701,THIRUVADANAI,Urban,1,cat1,"PS (I-V)",4,"Government Aided",4,OBC,0,0,22,24,28,37,30,0,0,0,0,0,0,0,19,22,34,36,36,0,0,0,0,0,0,0
2019-20,33,Tamilnadu,3327,RAMANATHAPURAM,332702,RAJASINGAMANGALAM,Urban,1,cat1,"PS (I-V)",4,"Government Aided",4,OBC,0,0,8,7,10,15,9,0,0,0,0,0,0,0,10,7,14,8,15,0,0,0,0,0,0,0
2019-20,33,Tamilnadu,3327,RAMANATHAPURAM,332703,PARAMAKUDI,Urban,1,cat1,"PS (I-V)",4,"Government Aided",4,OBC,0,0,79,115,112,156,145,0,0,0,0,0,0,0,63,115,129,125,157,0,0,0,0,0,0,0
2019-20,33,Tamilnadu,3327,RAMANATHAPURAM,332706,KAMUTHI,Urban,1,cat1,"PS (I-V)",4,"Government Aided",4,OBC,0,0,81,79,79,103,99,0,0,0,0,0,0,0,65,77,83,101,81,0,0,0,0,0,0,0
2019-20,33,Tamilnadu,3327,RAMANATHAPURAM,332707,MUDUKULATHUR,Urban,1,cat1,"PS (I-V)",4,"Government Aided",4,OBC,0,0,8,13,21,22,19,0,0,0,0,0,0,0,11,17,11,22,17,0,0,0,0,0,0,0
2019-20,33,Tamilnadu,3327,RAMANATHAPURAM,332708,KADALADI,Urban,1,cat1,"PS (I-V)",4,"Government Aided",4,OBC,0,0,19,29,28,18,18,0,0,0,0,0,0,0,21,22,35,22,19,0,0,0,0,0,0,0
2019-20,33,Tamilnadu,3327,RAMANATHAPURAM,332709,RAMANATHAPURAM,Urban,1,cat1,"PS (I-V)",4,"Government Aided",4,OBC,0,0,64,89,64,93,82,0,0,0,0,0,0,0,68,71,70,81,100,0,0,0,0,0,0,0
2019-20,33,Tamilnadu,3327,RAMANATHAPURAM,332710,THIRUPPULLANI,Urban,1,cat1,"PS (I-V)",4,"Government Aided",4,OBC,0,0,128,95,109,111,108,0,0,0,0,0,0,0,124,100,119,128,130,0,0,0,0,0,0,0
2019-20,33,Tamilnadu,3327,RAMANATHAPURAM,332711,MANDAPAM,Urban,1,cat1,"PS (I-V)",4,"Government Aided",4,OBC,0,0,43,40,59,51,66,0,0,0,0,0,0,0,56,48,69,59,72,0,0,0,0,0,0,0
2019-20,33,Tamilnadu,3327,RAMANATHAPURAM,332701,THIRUVADANAI,Rural,1,cat1,"PS (I-V)",5,"Private Unaided (Recognized)",4,OBC,259,240,96,97,112,92,69,0,0,0,0,0,0,0,119,87,82,86,82,0,0,0,0,0,0,0
2019-20,33,Tamilnadu,3327,RAMANATHAPURAM,332702,RAJASINGAMANGALAM,Rural,1,cat1,"PS (I-V)",5,"Private Unaided (Recognized)",4,OBC,134,99,74,76,68,72,44,0,0,0,0,0,0,0,91,57,56,45,43,0,0,0,0,0,0,0
2019-20,33,Tamilnadu,3327,RAMANATHAPURAM,332703,PARAMAKUDI,Rural,1,cat1,"PS (I-V)",5,"Private Unaided (Recognized)",4,OBC,119,95,33,26,21,20,17,0,0,0,0,0,0,0,29,25,21,18,27,0,0,0,0,0,0,0
2019-20,33,Tamilnadu,3327,RAMANATHAPURAM,332704,BOGALUR,Rural,1,cat1,"PS (I-V)",5,"Private Unaided (Recognized)",4,OBC,22,9,8,3,2,3,3,0,0,0,0,0,0,0,5,3,2,2,3,0,0,0,0,0,0,0
2019-20,33,Tamilnadu,3327,RAMANATHAPURAM,332705,NAINARKOIL,Rural,1,cat1,"PS (I-V)",5,"Private Unaided (Recognized)",4,OBC,27,18,18,8,7,4,7,0,0,0,0,0,0,0,4,6,4,2,4,0,0,0,0,0,0,0
2019-20,33,Tamilnadu,3327,RAMANATHAPURAM,332706,KAMUTHI,Rural,1,cat1,"PS (I-V)",5,"Private Unaided (Recognized)",4,OBC,90,69,47,37,33,32,31,0,0,0,0,0,0,0,31,30,32,23,21,0,0,0,0,0,0,0
2019-20,33,Tamilnadu,3327,RAMANATHAPURAM,332707,MUDUKULATHUR,Rural,1,cat1,"PS (I-V)",5,"Private Unaided (Recognized)",4,OBC,17,12,0,0,0,0,0,0,0,0,0,0,0,0,0,0,0,0,0,0,0,0,0,0,0,0
2019-20,33,Tamilnadu,3327,RAMANATHAPURAM,332708,KADALADI,Rural,1,cat1,"PS (I-V)",5,"Private Unaided (Recognized)",4,OBC,117,110,60,53,61,41,36,0,0,0,0,0,0,0,52,49,47,51,49,0,0,0,0,0,0,0
2019-20,33,Tamilnadu,3327,RAMANATHAPURAM,332709,RAMANATHAPURAM,Rural,1,cat1,"PS (I-V)",5,"Private Unaided (Recognized)",4,OBC,86,87,37,36,39,27,30,0,0,0,0,0,0,0,37,31,28,18,27,0,0,0,0,0,0,0
2019-20,33,Tamilnadu,3327,RAMANATHAPURAM,332710,THIRUPPULLANI,Rural,1,cat1,"PS (I-V)",5,"Private Unaided (Recognized)",4,OBC,351,323,133,159,102,96,82,0,0,0,0,0,0,0,129,106,111,72,78,0,0,0,0,0,0,0
2019-20,33,Tamilnadu,3327,RAMANATHAPURAM,332711,MANDAPAM,Rural,1,cat1,"PS (I-V)",5,"Private Unaided (Recognized)",4,OBC,534,474,261,246,237,158,149,0,0,0,0,0,0,0,221,209,192,151,123,0,0,0,0,0,0,0
2019-20,33,Tamilnadu,3327,RAMANATHAPURAM,332702,RAJASINGAMANGALAM,Urban,1,cat1,"PS (I-V)",5,"Private Unaided (Recognized)",4,OBC,83,80,47,34,32,31,26,0,0,0,0,0,0,0,37,36,32,29,38,0,0,0,0,0,0,0
2019-20,33,Tamilnadu,3327,RAMANATHAPURAM,332703,PARAMAKUDI,Urban,1,cat1,"PS (I-V)",5,"Private Unaided (Recognized)",4,OBC,384,311,150,137,152,125,129,0,0,0,0,0,0,0,140,144,136,130,114,0,0,0,0,0,0,0
2019-20,33,Tamilnadu,3327,RAMANATHAPURAM,332707,MUDUKULATHUR,Urban,1,cat1,"PS (I-V)",5,"Private Unaided (Recognized)",4,OBC,93,92,37,39,33,19,25,0,0,0,0,0,0,0,43,33,27,37,24,0,0,0,0,0,0,0
2019-20,33,Tamilnadu,3327,RAMANATHAPURAM,332708,KADALADI,Urban,1,cat1,"PS (I-V)",5,"Private Unaided (Recognized)",4,OBC,12,6,5,5,5,3,2,0,0,0,0,0,0,0,6,3,6,2,3,0,0,0,0,0,0,0
2019-20,33,Tamilnadu,3327,RAMANATHAPURAM,332709,RAMANATHAPURAM,Urban,1,cat1,"PS (I-V)",5,"Private Unaided (Recognized)",4,OBC,97,105,42,30,48,38,19,0,0,0,0,0,0,0,35,33,32,25,29,0,0,0,0,0,0,0
2019-20,33,Tamilnadu,3327,RAMANATHAPURAM,332710,THIRUPPULLANI,Urban,1,cat1,"PS (I-V)",5,"Private Unaided (Recognized)",4,OBC,14,16,5,5,3,2,5,0,0,0,0,0,0,0,7,5,5,4,4,0,0,0,0,0,0,0
2019-20,33,Tamilnadu,3327,RAMANATHAPURAM,332711,MANDAPAM,Urban,1,cat1,"PS (I-V)",5,"Private Unaided (Recognized)",4,OBC,225,218,73,59,55,42,47,0,0,0,0,0,0,0,76,71,64,42,31,0,0,0,0,0,0,0
2019-20,33,Tamilnadu,3327,RAMANATHAPURAM,332708,KADALADI,Rural,1,cat1,"PS (I-V)",8,Unrecognized,4,OBC,24,22,7,3,1,1,4,0,0,0,0,0,0,0,4,3,2,4,3,0,0,0,0,0,0,0
2019-20,33,Tamilnadu,3327,RAMANATHAPURAM,332711,MANDAPAM,Rural,1,cat1,"PS (I-V)",8,Unrecognized,4,OBC,54,49,24,14,10,0,0,0,0,0,0,0,0,0,19,10,21,0,0,0,0,0,0,0,0,0
2019-20,33,Tamilnadu,3327,RAMANATHAPURAM,332702,RAJASINGAMANGALAM,Urban,1,cat1,"PS (I-V)",8,Unrecognized,4,OBC,29,36,16,18,11,7,1,0,0,0,0,0,0,0,12,18,10,8,2,0,0,0,0,0,0,0
2019-20,33,Tamilnadu,3327,RAMANATHAPURAM,332708,KADALADI,Urban,1,cat1,"PS (I-V)",8,Unrecognized,4,OBC,47,43,29,15,15,8,8,0,0,0,0,0,0,0,18,10,14,14,6,0,0,0,0,0,0,0
2019-20,33,Tamilnadu,3327,RAMANATHAPURAM,332701,THIRUVADANAI,Rural,6,cat6,"SS (I-X)",5,"Private Unaided (Recognized)",4,OBC,73,80,42,32,37,41,28,18,23,26,29,26,0,0,48,21,46,23,35,19,22,21,23,30,0,0
2019-20,33,Tamilnadu,3327,RAMANATHAPURAM,332703,PARAMAKUDI,Rural,6,cat6,"SS (I-X)",5,"Private Unaided (Recognized)",4,OBC,177,173,102,119,111,102,80,79,62,65,41,35,0,0,90,68,59,71,69,57,54,36,22,31,0,0
2019-20,33,Tamilnadu,3327,RAMANATHAPURAM,332704,BOGALUR,Rural,6,cat6,"SS (I-X)",5,"Private Unaided (Recognized)",4,OBC,25,15,9,17,12,12,9,4,6,8,6,6,0,0,5,5,11,4,5,6,3,5,5,4,0,0
2019-20,33,Tamilnadu,3327,RAMANATHAPURAM,332706,KAMUTHI,Rural,6,cat6,"SS (I-X)",5,"Private Unaided (Recognized)",4,OBC,104,66,58,56,44,33,31,33,34,31,28,17,0,0,47,36,28,29,28,23,25,20,21,13,0,0
2019-20,33,Tamilnadu,3327,RAMANATHAPURAM,332707,MUDUKULATHUR,Rural,6,cat6,"SS (I-X)",5,"Private Unaided (Recognized)",4,OBC,35,44,9,10,6,11,8,6,8,1,2,0,0,0,13,7,10,12,9,5,3,3,4,0,0,0
2019-20,33,Tamilnadu,3327,RAMANATHAPURAM,332708,KADALADI,Rural,6,cat6,"SS (I-X)",5,"Private Unaided (Recognized)",4,OBC,72,41,37,28,27,19,24,28,20,13,7,10,0,0,28,23,27,14,20,10,17,16,13,18,0,0
2019-20,33,Tamilnadu,3327,RAMANATHAPURAM,332709,RAMANATHAPURAM,Rural,6,cat6,"SS (I-X)",5,"Private Unaided (Recognized)",4,OBC,33,33,25,25,24,25,18,20,22,12,20,17,0,0,30,12,28,25,20,20,16,15,13,23,0,0
2019-20,33,Tamilnadu,3327,RAMANATHAPURAM,332710,THIRUPPULLANI,Rural,6,cat6,"SS (I-X)",5,"Private Unaided (Recognized)",4,OBC,95,75,89,78,71,71,56,82,72,69,56,41,0,0,43,48,38,42,35,34,27,17,24,6,0,0
2019-20,33,Tamilnadu,3327,RAMANATHAPURAM,332711,MANDAPAM,Rural,6,cat6,"SS (I-X)",5,"Private Unaided (Recognized)",4,OBC,58,49,26,28,17,17,12,21,19,9,16,10,0,0,25,19,20,15,15,11,14,6,3,7,0,0
2019-20,33,Tamilnadu,3327,RAMANATHAPURAM,332702,RAJASINGAMANGALAM,Urban,6,cat6,"SS (I-X)",5,"Private Unaided (Recognized)",4,OBC,46,38,23,21,18,23,19,33,31,19,18,27,0,0,18,27,13,26,18,24,16,16,10,18,0,0
2019-20,33,Tamilnadu,3327,RAMANATHAPURAM,332703,PARAMAKUDI,Urban,6,cat6,"SS (I-X)",5,"Private Unaided (Recognized)",4,OBC,200,196,108,115,113,127,96,93,86,98,79,54,0,0,99,117,101,118,98,77,76,67,66,58,0,0
2019-20,33,Tamilnadu,3327,RAMANATHAPURAM,332707,MUDUKULATHUR,Urban,6,cat6,"SS (I-X)",5,"Private Unaided (Recognized)",4,OBC,60,43,26,31,18,38,28,31,21,17,7,11,0,0,21,26,24,23,25,23,22,15,10,7,0,0
2019-20,33,Tamilnadu,3327,RAMANATHAPURAM,332709,RAMANATHAPURAM,Urban,6,cat6,"SS (I-X)",5,"Private Unaided (Recognized)",4,OBC,106,93,45,56,54,55,46,51,56,54,43,34,0,0,54,66,70,65,70,43,43,51,37,39,0,0
2019-20,33,Tamilnadu,3327,RAMANATHAPURAM,332711,MANDAPAM,Urban,6,cat6,"SS (I-X)",92,"Kendriya Vidyalaya / Central School",4,OBC,0,0,15,14,15,16,18,14,18,19,17,17,0,0,13,18,18,15,19,18,17,13,17,12,0,0
2019-20,33,Tamilnadu,3327,RAMANATHAPURAM,332701,THIRUVADANAI,Rural,7,cat7,"SS (VI-X)",1,"Department of Education",4,OBC,0,0,0,0,0,0,0,59,75,67,102,81,0,0,0,0,0,0,0,77,87,67,78,85,0,0
2019-20,33,Tamilnadu,3327,RAMANATHAPURAM,332702,RAJASINGAMANGALAM,Rural,7,cat7,"SS (VI-X)",1,"Department of Education",4,OBC,0,0,0,0,0,0,0,16,24,19,15,26,0,0,0,0,0,0,0,15,15,17,12,14,0,0
2019-20,33,Tamilnadu,3327,RAMANATHAPURAM,332703,PARAMAKUDI,Rural,7,cat7,"SS (VI-X)",1,"Department of Education",4,OBC,0,0,0,0,0,0,0,49,54,59,46,52,0,0,0,0,0,0,0,37,36,42,49,47,0,0
2019-20,33,Tamilnadu,3327,RAMANATHAPURAM,332704,BOGALUR,Rural,7,cat7,"SS (VI-X)",1,"Department of Education",4,OBC,0,0,0,0,0,0,0,9,18,19,10,9,0,0,0,0,0,0,0,9,11,16,12,11,0,0
2019-20,33,Tamilnadu,3327,RAMANATHAPURAM,332705,NAINARKOIL,Rural,7,cat7,"SS (VI-X)",1,"Department of Education",4,OBC,0,0,0,0,0,0,0,21,19,18,22,22,0,0,0,0,0,0,0,24,21,27,22,21,0,0
2019-20,33,Tamilnadu,3327,RAMANATHAPURAM,332706,KAMUTHI,Rural,7,cat7,"SS (VI-X)",1,"Department of Education",4,OBC,0,0,0,0,0,0,0,38,48,34,48,43,0,0,0,0,0,0,0,51,26,34,34,46,0,0
2019-20,33,Tamilnadu,3327,RAMANATHAPURAM,332707,MUDUKULATHUR,Rural,7,cat7,"SS (VI-X)",1,"Department of Education",4,OBC,0,0,0,0,0,0,0,48,38,35,40,36,0,0,0,0,0,0,0,46,48,38,46,51,0,0
2019-20,33,Tamilnadu,3327,RAMANATHAPURAM,332708,KADALADI,Rural,7,cat7,"SS (VI-X)",1,"Department of Education",4,OBC,0,0,0,0,0,0,0,63,94,92,110,71,0,0,0,0,0,0,0,87,106,84,94,102,0,0
2019-20,33,Tamilnadu,3327,RAMANATHAPURAM,332709,RAMANATHAPURAM,Rural,7,cat7,"SS (VI-X)",1,"Department of Education",4,OBC,0,0,0,0,0,0,0,36,34,51,44,36,0,0,0,0,0,0,0,68,50,73,69,59,0,0
2019-20,33,Tamilnadu,3327,RAMANATHAPURAM,332710,THIRUPPULLANI,Rural,7,cat7,"SS (VI-X)",1,"Department of Education",4,OBC,0,0,0,0,0,0,0,45,47,57,59,37,0,0,0,0,0,0,0,37,52,34,46,35,0,0
2019-20,33,Tamilnadu,3327,RAMANATHAPURAM,332711,MANDAPAM,Rural,7,cat7,"SS (VI-X)",1,"Department of Education",4,OBC,0,0,0,0,0,0,0,107,112,92,116,91,0,0,0,0,0,0,0,187,165,174,175,156,0,0
2019-20,33,Tamilnadu,3327,RAMANATHAPURAM,332711,MANDAPAM,Urban,7,cat7,"SS (VI-X)",1,"Department of Education",4,OBC,0,0,0,0,0,0,0,31,46,25,27,26,0,0,0,0,0,0,0,51,46,37,39,23,0,0
2019-20,33,Tamilnadu,3327,RAMANATHAPURAM,332702,RAJASINGAMANGALAM,Rural,7,cat7,"SS (VI-X)",2,"Tribal Welfare Department",4,OBC,0,0,0,0,0,0,0,0,0,0,0,0,0,0,0,0,0,0,0,0,0,0,0,0,0,0
2019-20,33,Tamilnadu,3327,RAMANATHAPURAM,332706,KAMUTHI,Rural,7,cat7,"SS (VI-X)",2,"Tribal Welfare Department",4,OBC,0,0,0,0,0,0,0,12,8,15,13,17,0,0,0,0,0,0,0,10,6,8,8,6,0,0
2019-20,33,Tamilnadu,3327,RAMANATHAPURAM,332710,THIRUPPULLANI,Rural,7,cat7,"SS (VI-X)",2,"Tribal Welfare Department",4,OBC,0,0,0,0,0,0,0,0,0,0,0,1,0,0,0,0,0,0,0,0,0,0,0,0,0,0
2019-20,33,Tamilnadu,3327,RAMANATHAPURAM,332703,PARAMAKUDI,Urban,7,cat7,"SS (VI-X)",2,"Tribal Welfare Department",4,OBC,0,0,0,0,0,0,0,0,0,0,0,1,0,0,0,0,0,0,0,0,0,0,0,0,0,0
2019-20,33,Tamilnadu,3327,RAMANATHAPURAM,332702,RAJASINGAMANGALAM,Rural,7,cat7,"SS (VI-X)",4,"Government Aided",4,OBC,0,0,0,0,0,0,0,14,20,17,19,18,0,0,0,0,0,0,0,8,10,11,10,9,0,0
2019-20,33,Tamilnadu,3327,RAMANATHAPURAM,332708,KADALADI,Rural,7,cat7,"SS (VI-X)",4,"Government Aided",4,OBC,0,0,0,0,0,0,0,14,16,14,13,21,0,0,0,0,0,0,0,23,12,13,11,10,0,0
2019-20,33,Tamilnadu,3327,RAMANATHAPURAM,332710,THIRUPPULLANI,Rural,7,cat7,"SS (VI-X)",4,"Government Aided",4,OBC,0,0,0,0,0,0,0,20,16,12,24,26,0,0,0,0,0,0,0,24,17,23,22,23,0,0
2019-20,33,Tamilnadu,3327,RAMANATHAPURAM,332711,MANDAPAM,Rural,7,cat7,"SS (VI-X)",4,"Government Aided",4,OBC,0,0,0,0,0,0,0,47,41,37,37,36,0,0,0,0,0,0,0,37,36,32,43,38,0,0
2019-20,33,Tamilnadu,3327,RAMANATHAPURAM,332701,THIRUVADANAI,Urban,7,cat7,"SS (VI-X)",4,"Government Aided",4,OBC,0,0,0,0,0,0,0,52,56,50,52,49,0,0,0,0,0,0,0,42,42,60,39,42,0,0
2019-20,33,Tamilnadu,3327,RAMANATHAPURAM,332703,PARAMAKUDI,Urban,7,cat7,"SS (VI-X)",4,"Government Aided",4,OBC,0,0,0,0,0,0,0,11,4,8,2,2,0,0,0,0,0,0,0,5,5,5,1,3,0,0
2019-20,33,Tamilnadu,3327,RAMANATHAPURAM,332706,KAMUTHI,Urban,7,cat7,"SS (VI-X)",4,"Government Aided",4,OBC,0,0,0,0,0,0,0,36,33,23,38,29,0,0,0,0,0,0,0,27,33,47,24,40,0,0
2019-20,33,Tamilnadu,3327,RAMANATHAPURAM,332707,MUDUKULATHUR,Urban,7,cat7,"SS (VI-X)",4,"Government Aided",4,OBC,0,0,0,0,0,0,0,5,1,6,11,11,0,0,0,0,0,0,0,2,3,5,5,7,0,0
2019-20,33,Tamilnadu,3327,RAMANATHAPURAM,332709,RAMANATHAPURAM,Urban,7,cat7,"SS (VI-X)",4,"Government Aided",4,OBC,0,0,0,0,0,0,0,52,47,59,40,40,0,0,0,0,0,0,0,36,36,33,37,37,0,0
2019-20,33,Tamilnadu,3327,RAMANATHAPURAM,332701,THIRUVADANAI,Rural,7,cat7,"SS (VI-X)",5,"Private Unaided (Recognized)",4,OBC,0,0,0,0,0,0,0,24,26,36,32,45,0,0,0,0,0,0,0,20,22,20,31,34,0,0
2019-20,33,Tamilnadu,3327,RAMANATHAPURAM,332702,RAJASINGAMANGALAM,Rural,7,cat7,"SS (VI-X)",5,"Private Unaided (Recognized)",4,OBC,0,0,0,0,0,0,0,21,21,19,14,20,0,0,0,0,0,0,0,13,6,4,3,9,0,0
2019-20,33,Tamilnadu,3327,RAMANATHAPURAM,332703,PARAMAKUDI,Rural,7,cat7,"SS (VI-X)",5,"Private Unaided (Recognized)",4,OBC,0,0,0,0,0,0,0,18,16,15,10,16,0,0,0,0,0,0,0,23,19,28,19,17,0,0
2019-20,33,Tamilnadu,3327,RAMANATHAPURAM,332704,BOGALUR,Rural,7,cat7,"SS (VI-X)",5,"Private Unaided (Recognized)",4,OBC,0,0,0,0,0,0,0,15,18,22,24,26,0,0,0,0,0,0,0,20,15,22,27,21,0,0
2019-20,33,Tamilnadu,3327,RAMANATHAPURAM,332710,THIRUPPULLANI,Urban,7,cat7,"SS (VI-X)",5,"Private Unaided (Recognized)",4,OBC,0,0,0,0,0,0,0,39,33,22,31,27,0,0,0,0,0,0,0,13,21,17,24,23,0,0
2019-20,33,Tamilnadu,3327,RAMANATHAPURAM,332701,THIRUVADANAI,Rural,2,cat2,"UPS (I-VIII)",1,"Department of Education",4,OBC,20,15,67,57,70,57,73,78,74,102,0,0,0,0,70,68,82,66,67,74,73,81,0,0,0,0
2019-20,33,Tamilnadu,3327,RAMANATHAPURAM,332702,RAJASINGAMANGALAM,Rural,2,cat2,"UPS (I-VIII)",1,"Department of Education",4,OBC,0,0,17,22,24,17,20,27,22,28,0,0,0,0,9,16,16,18,22,35,29,26,0,0,0,0
2019-20,33,Tamilnadu,3327,RAMANATHAPURAM,332703,PARAMAKUDI,Rural,2,cat2,"UPS (I-VIII)",1,"Department of Education",4,OBC,25,30,12,17,22,25,26,22,22,31,0,0,0,0,19,15,32,20,32,30,26,27,0,0,0,0
2019-20,33,Tamilnadu,3327,RAMANATHAPURAM,332704,BOGALUR,Rural,2,cat2,"UPS (I-VIII)",1,"Department of Education",4,OBC,8,8,9,12,14,10,12,27,21,18,0,0,0,0,7,6,11,9,11,19,10,18,0,0,0,0
2019-20,33,Tamilnadu,3327,RAMANATHAPURAM,332705,NAINARKOIL,Rural,2,cat2,"UPS (I-VIII)",1,"Department of Education",4,OBC,25,28,34,30,36,41,35,30,33,35,0,0,0,0,26,29,45,33,38,25,27,41,0,0,0,0
2019-20,33,Tamilnadu,3327,RAMANATHAPURAM,332706,KAMUTHI,Rural,2,cat2,"UPS (I-VIII)",1,"Department of Education",4,OBC,70,67,54,64,57,76,55,79,105,83,0,0,0,0,69,63,60,69,69,72,97,108,0,0,0,0
2019-20,33,Tamilnadu,3327,RAMANATHAPURAM,332707,MUDUKULATHUR,Rural,2,cat2,"UPS (I-VIII)",1,"Department of Education",4,OBC,3,0,20,28,32,34,49,48,35,47,0,0,0,0,33,38,32,52,40,43,52,54,0,0,0,0
2019-20,33,Tamilnadu,3327,RAMANATHAPURAM,332708,KADALADI,Rural,2,cat2,"UPS (I-VIII)",1,"Department of Education",4,OBC,17,36,121,147,130,141,159,180,168,143,0,0,0,0,119,143,169,171,146,186,177,174,0,0,0,0
2019-20,33,Tamilnadu,3327,RAMANATHAPURAM,332709,RAMANATHAPURAM,Rural,2,cat2,"UPS (I-VIII)",1,"Department of Education",4,OBC,8,10,19,26,37,28,33,34,27,32,0,0,0,0,33,30,36,33,25,35,37,39,0,0,0,0
2019-20,33,Tamilnadu,3327,RAMANATHAPURAM,332710,THIRUPPULLANI,Rural,2,cat2,"UPS (I-VIII)",1,"Department of Education",4,OBC,7,8,38,23,30,24,28,37,32,28,0,0,0,0,30,21,27,39,28,34,34,35,0,0,0,0
2019-20,33,Tamilnadu,3327,RAMANATHAPURAM,332711,MANDAPAM,Rural,2,cat2,"UPS (I-VIII)",1,"Department of Education",4,OBC,27,28,48,46,62,53,68,71,56,59,0,0,0,0,47,48,53,61,52,60,73,60,0,0,0,0
2019-20,33,Tamilnadu,3327,RAMANATHAPURAM,332701,THIRUVADANAI,Urban,2,cat2,"UPS (I-VIII)",1,"Department of Education",4,OBC,15,20,6,6,3,4,5,9,3,4,0,0,0,0,7,8,5,5,2,5,8,5,0,0,0,0
2019-20,33,Tamilnadu,3327,RAMANATHAPURAM,332703,PARAMAKUDI,Urban,2,cat2,"UPS (I-VIII)",1,"Department of Education",4,OBC,0,0,5,3,3,2,4,2,1,1,0,0,0,0,2,2,3,3,1,3,2,1,0,0,0,0
2019-20,33,Tamilnadu,3327,RAMANATHAPURAM,332706,KAMUTHI,Urban,2,cat2,"UPS (I-VIII)",1,"Department of Education",4,OBC,0,0,2,1,1,2,3,3,1,4,0,0,0,0,1,2,0,1,0,3,2,2,0,0,0,0
2019-20,33,Tamilnadu,3327,RAMANATHAPURAM,332707,MUDUKULATHUR,Urban,2,cat2,"UPS (I-VIII)",1,"Department of Education",4,OBC,19,29,9,7,8,5,6,3,8,7,0,0,0,0,3,6,7,7,8,4,8,10,0,0,0,0
2019-20,33,Tamilnadu,3327,RAMANATHAPURAM,332708,KADALADI,Urban,2,cat2,"UPS (I-VIII)",1,"Department of Education",4,OBC,0,0,0,4,5,1,5,4,3,4,0,0,0,0,4,3,4,5,3,4,4,2,0,0,0,0
2019-20,33,Tamilnadu,3327,RAMANATHAPURAM,332711,MANDAPAM,Urban,2,cat2,"UPS (I-VIII)",1,"Department of Education",4,OBC,12,15,24,22,19,32,35,39,39,11,0,0,0,0,26,16,19,15,26,20,13,28,0,0,0,0
2019-20,33,Tamilnadu,3327,RAMANATHAPURAM,332703,PARAMAKUDI,Rural,2,cat2,"UPS (I-VIII)",2,"Tribal Welfare Department",4,OBC,0,0,0,0,0,0,0,0,0,1,0,0,0,0,0,1,0,0,0,1,2,1,0,0,0,0
