ac_year,st_code,state_name,dt_code,district_name,block_cd,udise_block_name,loc_name,sch_category_id,tr_cat_name,school_category,sch_mgmt_id,sch_mgmt_name,caste_id,caste_name,pre_primary_boy,pre_primary_girl,class1_boy,class2_boy,class3_boy,class4_boy,class5_boy,class6_boy,class7_boy,class8_boy,class9_boy,class10_boy,class11_boy,class12_boy,class1_girl,class2_girl,class3_girl,class4_girl,class5_girl,class6_girl,class7_girl,class8_girl,class9_girl,class10_girl,class11_girl,class12_girl
2019-20,33,Tamilnadu,3301,TIRUVALLUR,330101,THIRUVALLUR,Urban,2,cat2,"UPS (I-VIII)",3,"Local body",4,OBC,5,4,17,37,23,26,29,24,29,17,0,0,0,0,16,24,22,36,36,22,21,14,0,0,0,0
2019-20,33,Tamilnadu,3301,TIRUVALLUR,330105,POONAMALLEE,Urban,2,cat2,"UPS (I-VIII)",3,"Local body",4,OBC,25,31,9,22,18,34,29,37,24,16,0,0,0,0,28,19,23,31,28,24,27,16,0,0,0,0
2019-20,33,Tamilnadu,3301,TIRUVALLUR,330109,VILLIVAKKAM,Urban,2,cat2,"UPS (I-VIII)",3,"Local body",4,OBC,18,17,18,21,20,18,18,20,20,24,0,0,0,0,14,20,14,21,26,15,21,13,0,0,0,0
2019-20,33,Tamilnadu,3301,TIRUVALLUR,330110,PUZHAL,Urban,2,cat2,"UPS (I-VIII)",3,"Local body",4,OBC,62,65,48,59,73,81,74,125,90,62,0,0,0,0,62,61,54,82,82,83,72,69,0,0,0,0
2019-20,33,Tamilnadu,3301,TIRUVALLUR,330103,KADAMBATHUR,Rural,2,cat2,"UPS (I-VIII)",4,"Government Aided",4,OBC,0,0,4,3,3,4,5,1,6,6,0,0,0,0,4,7,4,5,3,6,5,5,0,0,0,0
2019-20,33,Tamilnadu,3301,TIRUVALLUR,330106,MINJUR,Rural,2,cat2,"UPS (I-VIII)",4,"Government Aided",4,OBC,0,0,5,6,10,9,8,11,9,11,0,0,0,0,1,8,8,5,5,11,14,9,0,0,0,0
2019-20,33,Tamilnadu,3301,TIRUVALLUR,330107,SHOLAVARAM,Rural,2,cat2,"UPS (I-VIII)",4,"Government Aided",4,OBC,0,0,11,18,20,23,21,24,29,10,0,0,0,0,27,15,22,15,21,19,22,18,0,0,0,0
2019-20,33,Tamilnadu,3301,TIRUVALLUR,330108,GUMMIDIPOONDI,Rural,2,cat2,"UPS (I-VIII)",4,"Government Aided",4,OBC,0,0,1,4,1,0,3,9,4,6,0,0,0,0,1,1,0,2,6,5,1,4,0,0,0,0
2019-20,33,Tamilnadu,3301,TIRUVALLUR,330111,TIRUTTANI,Rural,2,cat2,"UPS (I-VIII)",4,"Government Aided",4,OBC,0,0,0,1,0,3,3,5,8,7,0,0,0,0,2,3,5,4,3,8,9,8,0,0,0,0
2019-20,33,Tamilnadu,3301,TIRUVALLUR,330113,PALLIPAT,Rural,2,cat2,"UPS (I-VIII)",4,"Government Aided",4,OBC,0,0,10,7,7,8,11,11,8,17,0,0,0,0,6,6,9,10,13,17,12,24,0,0,0,0
2019-20,33,Tamilnadu,3301,TIRUVALLUR,330114,R.K.PET,Rural,2,cat2,"UPS (I-VIII)",4,"Government Aided",4,OBC,0,0,25,20,31,32,41,60,48,66,0,0,0,0,16,27,27,34,32,58,42,60,0,0,0,0
2019-20,33,Tamilnadu,3301,TIRUVALLUR,330101,THIRUVALLUR,Urban,2,cat2,"UPS (I-VIII)",4,"Government Aided",4,OBC,0,0,2,7,8,5,4,5,10,5,0,0,0,0,1,5,5,2,6,7,4,5,0,0,0,0
2019-20,33,Tamilnadu,3301,TIRUVALLUR,330105,POONAMALLEE,Urban,2,cat2,"UPS (I-VIII)",4,"Government Aided",4,OBC,0,0,28,35,37,41,36,50,59,53,0,0,0,0,41,29,45,52,44,49,40,47,0,0,0,0
2019-20,33,Tamilnadu,3301,TIRUVALLUR,330109,VILLIVAKKAM,Urban,2,cat2,"UPS (I-VIII)",4,"Government Aided",4,OBC,0,0,4,4,8,12,17,8,10,14,0,0,0,0,5,3,3,7,15,10,11,7,0,0,0,0
2019-20,33,Tamilnadu,3301,TIRUVALLUR,330110,PUZHAL,Urban,2,cat2,"UPS (I-VIII)",4,"Government Aided",4,OBC,0,0,8,18,17,27,22,28,26,15,0,0,0,0,22,11,22,15,19,22,26,18,0,0,0,0
2019-20,33,Tamilnadu,3301,TIRUVALLUR,330101,THIRUVALLUR,Rural,2,cat2,"UPS (I-VIII)",5,"Private Unaided (Recognized)",4,OBC,0,0,2,2,1,3,2,1,1,2,0,0,0,0,4,1,2,0,0,1,3,1,0,0,0,0
2019-20,33,Tamilnadu,3301,TIRUVALLUR,330102,POONDI,Rural,2,cat2,"UPS (I-VIII)",5,"Private Unaided (Recognized)",4,OBC,38,37,20,14,18,14,8,6,1,2,0,0,0,0,9,13,7,12,2,2,4,2,0,0,0,0
2019-20,33,Tamilnadu,3301,TIRUVALLUR,330104,ELLAPURAM,Rural,2,cat2,"UPS (I-VIII)",5,"Private Unaided (Recognized)",4,OBC,124,102,68,48,49,56,35,32,29,12,0,0,0,0,48,53,40,36,34,27,12,3,0,0,0,0
2019-20,33,Tamilnadu,3301,TIRUVALLUR,330105,POONAMALLEE,Rural,2,cat2,"UPS (I-VIII)",5,"Private Unaided (Recognized)",4,OBC,89,85,40,62,45,41,34,26,17,22,0,0,0,0,36,48,39,39,34,34,20,25,0,0,0,0
2019-20,33,Tamilnadu,3301,TIRUVALLUR,330106,MINJUR,Rural,2,cat2,"UPS (I-VIII)",5,"Private Unaided (Recognized)",4,OBC,26,25,13,10,14,9,9,6,1,0,0,0,0,0,11,11,7,4,10,0,3,0,0,0,0,0
2019-20,33,Tamilnadu,3301,TIRUVALLUR,330107,SHOLAVARAM,Rural,2,cat2,"UPS (I-VIII)",5,"Private Unaided (Recognized)",4,OBC,87,80,36,40,68,45,52,19,15,4,0,0,0,0,38,44,38,28,37,13,15,3,0,0,0,0
2019-20,33,Tamilnadu,3301,TIRUVALLUR,330108,GUMMIDIPOONDI,Rural,2,cat2,"UPS (I-VIII)",5,"Private Unaided (Recognized)",4,OBC,256,228,141,128,139,128,129,107,44,44,0,0,0,0,130,121,103,105,90,87,56,39,0,0,0,0
2019-20,33,Tamilnadu,3301,TIRUVALLUR,330109,VILLIVAKKAM,Rural,2,cat2,"UPS (I-VIII)",5,"Private Unaided (Recognized)",4,OBC,279,232,142,132,130,124,107,96,70,69,0,0,0,0,137,131,104,89,98,83,60,56,0,0,0,0
2019-20,33,Tamilnadu,3301,TIRUVALLUR,330110,PUZHAL,Rural,2,cat2,"UPS (I-VIII)",5,"Private Unaided (Recognized)",4,OBC,8,8,4,2,5,1,3,0,0,0,0,0,0,0,4,5,1,2,4,0,0,0,0,0,0,0
2019-20,33,Tamilnadu,3301,TIRUVALLUR,330113,PALLIPAT,Rural,2,cat2,"UPS (I-VIII)",5,"Private Unaided (Recognized)",4,OBC,67,34,28,19,21,17,13,11,10,0,0,0,0,0,19,12,15,13,7,12,5,0,0,0,0,0
2019-20,33,Tamilnadu,3301,TIRUVALLUR,330114,R.K.PET,Rural,2,cat2,"UPS (I-VIII)",5,"Private Unaided (Recognized)",4,OBC,194,120,77,60,46,44,28,34,22,10,0,0,0,0,51,47,38,23,18,14,10,6,0,0,0,0
2019-20,33,Tamilnadu,3301,TIRUVALLUR,330101,THIRUVALLUR,Urban,2,cat2,"UPS (I-VIII)",5,"Private Unaided (Recognized)",4,OBC,14,8,11,10,2,7,0,3,3,0,0,0,0,0,3,7,9,4,0,4,1,0,0,0,0,0
2019-20,33,Tamilnadu,3301,TIRUVALLUR,330105,POONAMALLEE,Urban,2,cat2,"UPS (I-VIII)",5,"Private Unaided (Recognized)",4,OBC,95,117,48,79,40,52,43,43,39,19,0,0,0,0,43,74,67,57,57,40,28,9,0,0,0,0
2019-20,33,Tamilnadu,3301,TIRUVALLUR,330106,MINJUR,Urban,2,cat2,"UPS (I-VIII)",5,"Private Unaided (Recognized)",4,OBC,0,0,1,1,0,0,0,2,0,0,0,0,0,0,0,0,1,0,0,0,0,0,0,0,0,0
2019-20,33,Tamilnadu,3301,TIRUVALLUR,330109,VILLIVAKKAM,Urban,2,cat2,"UPS (I-VIII)",5,"Private Unaided (Recognized)",4,OBC,640,597,313,416,321,271,246,209,232,144,0,0,0,0,260,346,265,239,205,202,159,114,0,0,0,0
2019-20,33,Tamilnadu,3301,TIRUVALLUR,330110,PUZHAL,Urban,2,cat2,"UPS (I-VIII)",5,"Private Unaided (Recognized)",4,OBC,819,694,411,306,292,260,272,250,170,169,0,0,0,0,330,274,301,250,199,210,171,152,0,0,0,0
2019-20,33,Tamilnadu,3301,TIRUVALLUR,330107,SHOLAVARAM,Rural,2,cat2,"UPS (I-VIII)",8,Unrecognized,4,OBC,81,70,43,46,52,53,46,53,53,33,0,0,0,0,47,54,38,48,55,49,22,37,0,0,0,0
2019-20,33,Tamilnadu,3301,TIRUVALLUR,330105,POONAMALLEE,Urban,2,cat2,"UPS (I-VIII)",8,Unrecognized,4,OBC,4,7,2,1,0,0,0,1,0,0,0,0,0,0,4,0,0,1,1,0,0,0,0,0,0,0
2019-20,33,Tamilnadu,3301,TIRUVALLUR,330102,POONDI,Rural,4,cat4,"UPS (VI-VIII)",1,"Department of Education",4,OBC,0,0,0,0,0,0,0,1,1,1,0,0,0,0,0,0,0,0,0,5,3,7,0,0,0,0
2019-20,33,Tamilnadu,3301,TIRUVALLUR,330107,SHOLAVARAM,Rural,3,cat3,"HSS (I-XII)",1,"Department of Education",1,General,0,1,0,0,0,0,0,2,0,2,1,1,1,0,0,0,0,0,0,2,0,1,0,0,0,0
2019-20,33,Tamilnadu,3301,TIRUVALLUR,330109,VILLIVAKKAM,Urban,3,cat3,"HSS (I-XII)",4,"Government Aided",1,General,0,0,0,0,0,1,0,0,2,0,0,1,1,1,0,0,1,0,0,0,1,0,0,1,0,0
2019-20,33,Tamilnadu,3301,TIRUVALLUR,330101,THIRUVALLUR,Rural,3,cat3,"HSS (I-XII)",5,"Private Unaided (Recognized)",1,General,22,29,17,21,24,38,17,38,17,29,34,25,30,25,11,15,15,34,21,24,18,15,25,27,20,29
2019-20,33,Tamilnadu,3301,TIRUVALLUR,330102,POONDI,Rural,3,cat3,"HSS (I-XII)",5,"Private Unaided (Recognized)",1,General,18,14,19,16,11,11,12,16,11,14,8,4,8,0,8,9,13,14,13,10,5,6,8,4,12,5
2019-20,33,Tamilnadu,3301,TIRUVALLUR,330103,KADAMBATHUR,Rural,3,cat3,"HSS (I-XII)",5,"Private Unaided (Recognized)",1,General,8,19,6,4,4,7,9,14,9,12,14,10,6,14,5,6,5,10,12,10,7,7,5,13,15,8
2019-20,33,Tamilnadu,3301,TIRUVALLUR,330104,ELLAPURAM,Rural,3,cat3,"HSS (I-XII)",5,"Private Unaided (Recognized)",1,General,16,17,8,9,12,5,8,3,5,10,10,7,10,8,4,10,4,12,11,10,9,3,9,13,13,12
2019-20,33,Tamilnadu,3301,TIRUVALLUR,330105,POONAMALLEE,Rural,3,cat3,"HSS (I-XII)",5,"Private Unaided (Recognized)",1,General,97,105,81,93,93,99,81,94,83,80,82,91,125,116,86,90,77,86,89,96,78,69,69,85,102,96
2019-20,33,Tamilnadu,3301,TIRUVALLUR,330106,MINJUR,Rural,3,cat3,"HSS (I-XII)",5,"Private Unaided (Recognized)",1,General,21,22,13,6,13,5,10,9,8,8,25,7,5,5,9,10,8,9,9,6,7,17,18,3,14,9
2019-20,33,Tamilnadu,3301,TIRUVALLUR,330107,SHOLAVARAM,Rural,3,cat3,"HSS (I-XII)",5,"Private Unaided (Recognized)",1,General,60,46,69,52,44,122,126,135,204,186,214,175,214,289,30,38,28,79,119,100,107,124,115,97,139,160
2019-20,33,Tamilnadu,3301,TIRUVALLUR,330108,GUMMIDIPOONDI,Rural,3,cat3,"HSS (I-XII)",5,"Private Unaided (Recognized)",1,General,80,68,43,40,47,41,43,66,76,75,75,78,78,78,40,48,29,35,29,45,48,37,64,38,48,56
2019-20,33,Tamilnadu,3301,TIRUVALLUR,330109,VILLIVAKKAM,Rural,3,cat3,"HSS (I-XII)",5,"Private Unaided (Recognized)",1,General,68,79,62,108,116,81,87,73,74,79,75,80,165,224,60,88,120,68,67,84,67,63,65,64,139,192
2019-20,33,Tamilnadu,3301,TIRUVALLUR,330110,PUZHAL,Rural,3,cat3,"HSS (I-XII)",5,"Private Unaided (Recognized)",1,General,8,9,6,1,3,10,7,6,6,8,7,3,6,3,4,3,11,5,5,5,0,8,7,6,4,4
2019-20,33,Tamilnadu,3301,TIRUVALLUR,330111,TIRUTTANI,Rural,3,cat3,"HSS (I-XII)",5,"Private Unaided (Recognized)",1,General,2,3,0,0,3,1,2,2,2,3,1,3,8,2,0,1,4,1,1,2,3,1,0,1,1,2
2019-20,33,Tamilnadu,3301,TIRUVALLUR,330112,THIRUVALANGADU,Rural,3,cat3,"HSS (I-XII)",5,"Private Unaided (Recognized)",1,General,2,3,1,3,3,1,1,2,1,1,0,0,0,0,3,3,0,1,1,1,1,3,2,2,0,0
2019-20,33,Tamilnadu,3301,TIRUVALLUR,330113,PALLIPAT,Rural,3,cat3,"HSS (I-XII)",5,"Private Unaided (Recognized)",1,General,11,4,2,1,2,0,5,6,5,2,4,5,6,2,3,4,2,0,2,1,5,3,4,3,1,0
2019-20,33,Tamilnadu,3301,TIRUVALLUR,330114,R.K.PET,Rural,3,cat3,"HSS (I-XII)",5,"Private Unaided (Recognized)",1,General,21,22,14,11,15,12,14,21,15,12,12,17,18,19,12,8,12,15,11,12,13,21,9,12,13,13
2019-20,33,Tamilnadu,3301,TIRUVALLUR,330101,THIRUVALLUR,Urban,3,cat3,"HSS (I-XII)",5,"Private Unaided (Recognized)",1,General,49,38,24,28,37,38,30,36,47,31,30,49,52,50,30,31,19,32,34,30,43,35,36,40,43,59
2019-20,33,Tamilnadu,3301,TIRUVALLUR,330105,POONAMALLEE,Urban,3,cat3,"HSS (I-XII)",5,"Private Unaided (Recognized)",1,General,210,176,118,133,110,141,174,133,121,128,111,131,132,104,111,104,114,119,128,105,115,80,107,97,125,101
2019-20,33,Tamilnadu,3301,TIRUVALLUR,330106,MINJUR,Urban,3,cat3,"HSS (I-XII)",5,"Private Unaided (Recognized)",1,General,53,43,22,32,26,18,16,24,16,17,14,22,22,10,37,24,22,23,19,19,17,15,12,16,15,28
2019-20,33,Tamilnadu,3301,TIRUVALLUR,330109,VILLIVAKKAM,Urban,3,cat3,"HSS (I-XII)",5,"Private Unaided (Recognized)",1,General,1294,1120,773,742,802,737,795,811,875,816,831,856,843,681,681,674,707,760,710,768,815,713,631,782,676,648
2019-20,33,Tamilnadu,3301,TIRUVALLUR,330110,PUZHAL,Urban,3,cat3,"HSS (I-XII)",5,"Private Unaided (Recognized)",1,General,233,187,144,129,133,169,167,212,209,199,188,251,248,308,123,117,125,137,123,175,178,182,141,198,227,202
2019-20,33,Tamilnadu,3301,TIRUVALLUR,330111,TIRUTTANI,Urban,3,cat3,"HSS (I-XII)",5,"Private Unaided (Recognized)",1,General,13,19,6,9,11,12,11,12,13,14,14,23,13,10,8,12,10,13,16,21,9,13,13,19,18,23
2019-20,33,Tamilnadu,3301,TIRUVALLUR,330105,POONAMALLEE,Urban,3,cat3,"HSS (I-XII)",90,"Social welfare Department",1,General,0,0,0,0,0,0,0,0,0,0,0,0,0,0,0,0,0,0,0,0,0,0,0,0,0,0
2019-20,33,Tamilnadu,3301,TIRUVALLUR,330109,VILLIVAKKAM,Urban,3,cat3,"HSS (I-XII)",92,"Kendriya Vidyalaya / Central School",1,General,0,0,78,80,127,130,189,134,127,182,161,138,93,82,80,91,103,131,169,117,113,173,156,118,100,98
2019-20,33,Tamilnadu,3301,TIRUVALLUR,330101,THIRUVALLUR,Rural,5,cat5,"HSS (VI-XII)",1,"Department of Education",1,General,0,0,0,0,0,0,0,0,0,0,0,0,0,0,0,0,0,0,0,0,0,0,0,0,1,0
2019-20,33,Tamilnadu,3301,TIRUVALLUR,330102,POONDI,Rural,5,cat5,"HSS (VI-XII)",1,"Department of Education",1,General,0,0,0,0,0,0,0,0,3,0,1,1,0,2,0,0,0,0,0,0,0,0,0,0,0,0
2019-20,33,Tamilnadu,3301,TIRUVALLUR,330103,KADAMBATHUR,Rural,5,cat5,"HSS (VI-XII)",1,"Department of Education",1,General,0,0,0,0,0,0,0,0,2,0,2,4,3,1,0,0,0,0,0,0,0,1,1,0,2,0
2019-20,33,Tamilnadu,3301,TIRUVALLUR,330104,ELLAPURAM,Rural,5,cat5,"HSS (VI-XII)",1,"Department of Education",1,General,0,0,0,0,0,0,0,0,1,1,2,1,3,1,0,0,0,0,0,0,1,1,2,5,3,3
2019-20,33,Tamilnadu,3301,TIRUVALLUR,330105,POONAMALLEE,Rural,5,cat5,"HSS (VI-XII)",1,"Department of Education",1,General,0,0,0,0,0,0,0,3,0,3,0,0,0,0,0,0,0,0,0,1,2,1,1,1,2,3
2019-20,33,Tamilnadu,3301,TIRUVALLUR,330106,MINJUR,Rural,5,cat5,"HSS (VI-XII)",1,"Department of Education",1,General,0,0,0,0,0,0,0,1,0,0,0,1,2,0,0,0,0,0,0,0,1,1,2,0,0,0
2019-20,33,Tamilnadu,3301,TIRUVALLUR,330107,SHOLAVARAM,Rural,5,cat5,"HSS (VI-XII)",1,"Department of Education",1,General,0,0,0,0,0,0,0,1,4,2,4,1,5,3,0,0,0,0,0,3,1,2,3,2,2,2
2019-20,33,Tamilnadu,3301,TIRUVALLUR,330108,GUMMIDIPOONDI,Rural,5,cat5,"HSS (VI-XII)",1,"Department of Education",1,General,0,0,0,0,0,0,0,44,23,18,36,32,14,11,0,0,0,0,0,19,23,18,30,32,20,25
2019-20,33,Tamilnadu,3301,TIRUVALLUR,330109,VILLIVAKKAM,Rural,5,cat5,"HSS (VI-XII)",1,"Department of Education",1,General,0,0,0,0,0,0,0,8,9,7,14,8,9,5,0,0,0,0,0,5,3,5,2,3,3,3
2019-20,33,Tamilnadu,3301,TIRUVALLUR,330110,PUZHAL,Rural,5,cat5,"HSS (VI-XII)",1,"Department of Education",1,General,0,0,0,0,0,0,0,0,0,0,0,0,0,0,0,0,0,0,0,1,2,13,14,22,14,13
2019-20,33,Tamilnadu,3301,TIRUVALLUR,330111,TIRUTTANI,Rural,5,cat5,"HSS (VI-XII)",1,"Department of Education",1,General,0,0,0,0,0,0,0,0,0,0,2,3,4,1,0,0,0,0,0,0,1,0,0,0,3,2
2019-20,33,Tamilnadu,3301,TIRUVALLUR,330112,THIRUVALANGADU,Rural,5,cat5,"HSS (VI-XII)",1,"Department of Education",1,General,0,0,0,0,0,0,0,0,0,1,2,4,3,1,0,0,0,0,0,2,5,1,3,5,5,5
2019-20,33,Tamilnadu,3301,TIRUVALLUR,330113,PALLIPAT,Rural,5,cat5,"HSS (VI-XII)",1,"Department of Education",1,General,0,0,0,0,0,0,0,1,0,1,1,3,6,7,0,0,0,0,0,0,2,1,1,3,9,9
2019-20,33,Tamilnadu,3301,TIRUVALLUR,330114,R.K.PET,Rural,5,cat5,"HSS (VI-XII)",1,"Department of Education",1,General,0,0,0,0,0,0,0,0,0,0,2,2,2,2,0,0,0,0,0,2,0,0,2,0,3,0
2019-20,33,Tamilnadu,3301,TIRUVALLUR,330101,THIRUVALLUR,Urban,5,cat5,"HSS (VI-XII)",1,"Department of Education",1,General,0,0,0,0,0,0,0,0,0,0,0,0,0,0,0,0,0,0,0,1,2,2,3,1,3,1
2019-20,33,Tamilnadu,3301,TIRUVALLUR,330105,POONAMALLEE,Urban,5,cat5,"HSS (VI-XII)",1,"Department of Education",1,General,0,0,0,0,0,0,0,0,1,4,9,11,13,9,0,0,0,0,0,9,25,11,18,4,21,8
2019-20,33,Tamilnadu,3301,TIRUVALLUR,330106,MINJUR,Urban,5,cat5,"HSS (VI-XII)",1,"Department of Education",1,General,0,0,0,0,0,0,0,0,2,2,4,3,4,2,0,0,0,0,0,3,2,1,2,3,5,1
2019-20,33,Tamilnadu,3301,TIRUVALLUR,330109,VILLIVAKKAM,Urban,5,cat5,"HSS (VI-XII)",1,"Department of Education",1,General,0,0,0,0,0,0,0,34,16,16,12,9,11,15,0,0,0,0,0,32,43,30,27,23,47,38
2019-20,33,Tamilnadu,3301,TIRUVALLUR,330110,PUZHAL,Urban,5,cat5,"HSS (VI-XII)",1,"Department of Education",1,General,0,0,0,0,0,0,0,18,7,24,12,35,15,10,0,0,0,0,0,11,4,13,8,26,13,2
2019-20,33,Tamilnadu,3301,TIRUVALLUR,330111,TIRUTTANI,Urban,5,cat5,"HSS (VI-XII)",1,"Department of Education",1,General,0,0,0,0,0,0,0,2,1,1,4,2,7,6,0,0,0,0,0,1,3,5,3,7,9,11
2019-20,33,Tamilnadu,3301,TIRUVALLUR,330101,THIRUVALLUR,Rural,5,cat5,"HSS (VI-XII)",2,"Tribal Welfare Department",1,General,0,0,0,0,0,0,0,0,0,0,0,0,0,0,0,0,0,0,0,0,1,0,0,0,0,0
2019-20,33,Tamilnadu,3301,TIRUVALLUR,330105,POONAMALLEE,Rural,5,cat5,"HSS (VI-XII)",2,"Tribal Welfare Department",1,General,0,0,0,0,0,0,0,0,0,0,0,0,0,0,0,0,0,0,0,0,0,0,0,0,0,0
2019-20,33,Tamilnadu,3301,TIRUVALLUR,330108,GUMMIDIPOONDI,Rural,5,cat5,"HSS (VI-XII)",2,"Tribal Welfare Department",1,General,0,0,0,0,0,0,0,0,0,0,0,0,0,0,0,0,0,0,0,0,0,0,0,0,0,0
2019-20,33,Tamilnadu,3301,TIRUVALLUR,330110,PUZHAL,Rural,5,cat5,"HSS (VI-XII)",2,"Tribal Welfare Department",1,General,0,0,0,0,0,0,0,0,0,0,0,5,2,1,0,0,0,0,0,2,1,0,0,0,1,0
2019-20,33,Tamilnadu,3301,TIRUVALLUR,330101,THIRUVALLUR,Urban,5,cat5,"HSS (VI-XII)",3,"Local body",1,General,0,0,0,0,0,0,0,0,0,0,0,1,0,0,0,0,0,0,0,0,0,0,0,1,1,0
2019-20,33,Tamilnadu,3301,TIRUVALLUR,330109,VILLIVAKKAM,Urban,5,cat5,"HSS (VI-XII)",3,"Local body",1,General,0,0,0,0,0,0,0,1,0,1,1,3,3,3,0,0,0,0,0,1,0,2,2,0,6,0
2019-20,33,Tamilnadu,3301,TIRUVALLUR,330110,PUZHAL,Urban,5,cat5,"HSS (VI-XII)",3,"Local body",1,General,0,0,0,0,0,0,0,2,1,1,4,2,2,0,0,0,0,0,0,0,1,1,0,1,0,0
2019-20,33,Tamilnadu,3301,TIRUVALLUR,330102,POONDI,Rural,5,cat5,"HSS (VI-XII)",4,"Government Aided",1,General,0,0,0,0,0,0,0,0,0,0,0,0,0,0,0,0,0,0,0,0,0,0,0,0,0,0
2019-20,33,Tamilnadu,3301,TIRUVALLUR,330103,KADAMBATHUR,Rural,5,cat5,"HSS (VI-XII)",4,"Government Aided",1,General,0,0,0,0,0,0,0,1,4,6,4,4,4,6,0,0,0,0,0,3,1,3,1,1,3,3
2019-20,33,Tamilnadu,3301,TIRUVALLUR,330105,POONAMALLEE,Rural,5,cat5,"HSS (VI-XII)",4,"Government Aided",1,General,0,0,0,0,0,0,0,9,11,5,17,4,2,1,0,0,0,0,0,6,5,2,11,7,2,2
2019-20,33,Tamilnadu,3301,TIRUVALLUR,330106,MINJUR,Rural,5,cat5,"HSS (VI-XII)",4,"Government Aided",1,General,0,0,0,0,0,0,0,0,0,0,1,2,2,2,0,0,0,0,0,3,1,1,3,1,1,2
2019-20,33,Tamilnadu,3301,TIRUVALLUR,330108,GUMMIDIPOONDI,Rural,5,cat5,"HSS (VI-XII)",4,"Government Aided",1,General,0,0,0,0,0,0,0,0,0,0,0,0,0,0,0,0,0,0,0,58,7,0,1,0,0,0
2019-20,33,Tamilnadu,3301,TIRUVALLUR,330101,THIRUVALLUR,Urban,5,cat5,"HSS (VI-XII)",4,"Government Aided",1,General,0,0,0,0,0,0,0,3,0,1,3,4,1,4,0,0,0,0,0,2,1,2,3,1,3,2
2019-20,33,Tamilnadu,3301,TIRUVALLUR,330105,POONAMALLEE,Urban,5,cat5,"HSS (VI-XII)",4,"Government Aided",1,General,0,0,0,0,0,0,0,3,0,2,2,2,5,5,0,0,0,0,0,34,21,20,22,18,32,33
2019-20,33,Tamilnadu,3301,TIRUVALLUR,330109,VILLIVAKKAM,Urban,5,cat5,"HSS (VI-XII)",4,"Government Aided",1,General,0,0,0,0,0,0,0,15,16,34,30,33,9,5,0,0,0,0,0,11,4,16,13,12,9,7
2019-20,33,Tamilnadu,3301,TIRUVALLUR,330110,PUZHAL,Urban,5,cat5,"HSS (VI-XII)",4,"Government Aided",1,General,0,0,0,0,0,0,0,22,26,25,24,10,10,14,0,0,0,0,0,22,33,21,43,46,25,19
2019-20,33,Tamilnadu,3301,TIRUVALLUR,330101,THIRUVALLUR,Rural,5,cat5,"HSS (VI-XII)",5,"Private Unaided (Recognized)",1,General,0,0,0,0,0,0,0,2,5,5,2,0,1,2,0,0,0,0,0,5,7,9,0,3,2,0
2019-20,33,Tamilnadu,3301,TIRUVALLUR,330111,TIRUTTANI,Rural,5,cat5,"HSS (VI-XII)",5,"Private Unaided (Recognized)",1,General,0,0,0,0,0,0,0,0,0,0,1,2,1,1,0,0,0,0,0,0,0,1,0,2,3,0
2019-20,33,Tamilnadu,3301,TIRUVALLUR,330113,PALLIPAT,Rural,5,cat5,"HSS (VI-XII)",5,"Private Unaided (Recognized)",1,General,0,0,0,0,0,0,0,0,0,1,0,1,2,0,0,0,0,0,0,0,0,0,0,2,6,0
2019-20,33,Tamilnadu,3301,TIRUVALLUR,330101,THIRUVALLUR,Urban,5,cat5,"HSS (VI-XII)",5,"Private Unaided (Recognized)",1,General,0,0,0,0,0,0,0,2,3,2,2,2,1,1,0,0,0,0,0,1,0,0,0,1,2,0
2019-20,33,Tamilnadu,3301,TIRUVALLUR,330105,POONAMALLEE,Urban,5,cat5,"HSS (VI-XII)",5,"Private Unaided (Recognized)",1,General,0,0,0,0,0,0,0,7,8,3,2,6,4,4,0,0,0,0,0,5,1,6,3,3,3,7
2019-20,33,Tamilnadu,3301,TIRUVALLUR,330109,VILLIVAKKAM,Urban,5,cat5,"HSS (VI-XII)",5,"Private Unaided (Recognized)",1,General,0,0,0,0,0,0,0,5,9,24,10,12,12,9,0,0,0,0,0,9,12,24,14,19,11,19
2019-20,33,Tamilnadu,3301,TIRUVALLUR,330110,PUZHAL,Urban,5,cat5,"HSS (VI-XII)",5,"Private Unaided (Recognized)",1,General,0,0,0,0,0,0,0,4,5,11,15,8,6,5,0,0,0,0,0,32,8,15,15,9,10,10
2019-20,33,Tamilnadu,3301,TIRUVALLUR,330109,VILLIVAKKAM,Urban,11,cat11,"HSS (XI-XII)",5,"Private Unaided (Recognized)",1,General,0,0,0,0,0,0,0,0,0,0,0,0,14,38,0,0,0,0,0,0,0,0,0,0,8,21
2019-20,33,Tamilnadu,3301,TIRUVALLUR,330101,THIRUVALLUR,Rural,1,cat1,"PS (I-V)",1,"Department of Education",1,General,0,0,1,1,0,3,3,0,0,0,0,0,0,0,1,1,2,0,1,0,0,0,0,0,0,0
2019-20,33,Tamilnadu,3301,TIRUVALLUR,330102,POONDI,Rural,1,cat1,"PS (I-V)",1,"Department of Education",1,General,0,0,0,2,1,1,0,0,0,0,0,0,0,0,4,3,3,0,1,0,0,0,0,0,0,0
2019-20,33,Tamilnadu,3301,TIRUVALLUR,330103,KADAMBATHUR,Rural,1,cat1,"PS (I-V)",1,"Department of Education",1,General,0,0,2,0,2,3,2,0,0,0,0,0,0,0,3,0,2,1,2,0,0,0,0,0,0,0
2019-20,33,Tamilnadu,3301,TIRUVALLUR,330104,ELLAPURAM,Rural,1,cat1,"PS (I-V)",1,"Department of Education",1,General,0,0,8,0,1,4,2,0,0,0,0,0,0,0,2,2,1,3,1,0,0,0,0,0,0,0
2019-20,33,Tamilnadu,3301,TIRUVALLUR,330105,POONAMALLEE,Rural,1,cat1,"PS (I-V)",1,"Department of Education",1,General,0,0,2,2,0,0,1,0,0,0,0,0,0,0,0,0,1,0,2,0,0,0,0,0,0,0
2019-20,33,Tamilnadu,3301,TIRUVALLUR,330106,MINJUR,Rural,1,cat1,"PS (I-V)",1,"Department of Education",1,General,0,0,3,0,3,0,3,0,0,0,0,0,0,0,3,1,1,2,0,0,0,0,0,0,0,0
2019-20,33,Tamilnadu,3301,TIRUVALLUR,330107,SHOLAVARAM,Rural,1,cat1,"PS (I-V)",1,"Department of Education",1,General,0,0,10,11,6,4,5,0,0,0,0,0,0,0,4,2,10,6,3,0,0,0,0,0,0,0
2019-20,33,Tamilnadu,3301,TIRUVALLUR,330108,GUMMIDIPOONDI,Rural,1,cat1,"PS (I-V)",1,"Department of Education",1,General,0,0,21,42,35,21,21,0,0,0,0,0,0,0,22,44,30,29,21,0,0,0,0,0,0,0
2019-20,33,Tamilnadu,3301,TIRUVALLUR,330109,VILLIVAKKAM,Rural,1,cat1,"PS (I-V)",1,"Department of Education",1,General,0,0,7,4,4,5,5,0,0,0,0,0,0,0,5,2,6,5,4,0,0,0,0,0,0,0
2019-20,33,Tamilnadu,3301,TIRUVALLUR,330110,PUZHAL,Rural,1,cat1,"PS (I-V)",1,"Department of Education",1,General,1,0,0,1,0,0,0,0,0,0,0,0,0,0,0,0,1,0,0,0,0,0,0,0,0,0
2019-20,33,Tamilnadu,3301,TIRUVALLUR,330111,TIRUTTANI,Rural,1,cat1,"PS (I-V)",1,"Department of Education",1,General,0,0,0,2,1,2,0,0,0,0,0,0,0,0,2,2,2,1,2,0,0,0,0,0,0,0
2019-20,33,Tamilnadu,3301,TIRUVALLUR,330112,THIRUVALANGADU,Rural,1,cat1,"PS (I-V)",1,"Department of Education",1,General,0,0,0,1,1,0,2,0,0,0,0,0,0,0,2,2,2,2,4,0,0,0,0,0,0,0
2019-20,33,Tamilnadu,3301,TIRUVALLUR,330113,PALLIPAT,Rural,1,cat1,"PS (I-V)",1,"Department of Education",1,General,0,0,3,1,3,3,1,0,0,0,0,0,0,0,1,5,1,1,4,0,0,0,0,0,0,0
2019-20,33,Tamilnadu,3301,TIRUVALLUR,330114,R.K.PET,Rural,1,cat1,"PS (I-V)",1,"Department of Education",1,General,0,0,0,0,0,1,0,0,0,0,0,0,0,0,1,0,0,3,0,0,0,0,0,0,0,0
2019-20,33,Tamilnadu,3301,TIRUVALLUR,330105,POONAMALLEE,Urban,1,cat1,"PS (I-V)",1,"Department of Education",1,General,0,0,0,1,1,1,0,0,0,0,0,0,0,0,1,0,1,0,0,0,0,0,0,0,0,0
2019-20,33,Tamilnadu,3301,TIRUVALLUR,330106,MINJUR,Urban,1,cat1,"PS (I-V)",1,"Department of Education",1,General,0,0,4,2,0,2,2,0,0,0,0,0,0,0,0,1,0,0,3,0,0,0,0,0,0,0
2019-20,33,Tamilnadu,3301,TIRUVALLUR,330109,VILLIVAKKAM,Urban,1,cat1,"PS (I-V)",1,"Department of Education",1,General,1,1,9,4,1,2,2,0,0,0,0,0,0,0,4,4,3,3,3,0,0,0,0,0,0,0
2019-20,33,Tamilnadu,3301,TIRUVALLUR,330110,PUZHAL,Urban,1,cat1,"PS (I-V)",1,"Department of Education",1,General,2,1,14,12,10,8,7,0,0,0,0,0,0,0,6,12,5,9,8,0,0,0,0,0,0,0
2019-20,33,Tamilnadu,3301,TIRUVALLUR,330111,TIRUTTANI,Urban,1,cat1,"PS (I-V)",1,"Department of Education",1,General,0,0,0,1,0,1,0,0,0,0,0,0,0,0,1,0,0,0,2,0,0,0,0,0,0,0
2019-20,33,Tamilnadu,3301,TIRUVALLUR,330101,THIRUVALLUR,Rural,1,cat1,"PS (I-V)",2,"Tribal Welfare Department",1,General,0,0,0,0,0,0,1,0,0,0,0,0,0,0,1,0,0,0,0,0,0,0,0,0,0,0
2019-20,33,Tamilnadu,3301,TIRUVALLUR,330103,KADAMBATHUR,Rural,1,cat1,"PS (I-V)",2,"Tribal Welfare Department",1,General,0,0,0,0,0,0,0,0,0,0,0,0,0,0,0,0,0,0,0,0,0,0,0,0,0,0
2019-20,33,Tamilnadu,3301,TIRUVALLUR,330104,ELLAPURAM,Rural,1,cat1,"PS (I-V)",2,"Tribal Welfare Department",1,General,0,0,0,0,0,0,0,0,0,0,0,0,0,0,0,0,0,0,0,0,0,0,0,0,0,0
2019-20,33,Tamilnadu,3301,TIRUVALLUR,330105,POONAMALLEE,Rural,1,cat1,"PS (I-V)",2,"Tribal Welfare Department",1,General,0,0,0,0,0,0,0,0,0,0,0,0,0,0,0,1,1,0,0,0,0,0,0,0,0,0
2019-20,33,Tamilnadu,3301,TIRUVALLUR,330106,MINJUR,Rural,1,cat1,"PS (I-V)",2,"Tribal Welfare Department",1,General,0,0,0,0,0,0,0,0,0,0,0,0,0,0,1,0,0,0,0,0,0,0,0,0,0,0
2019-20,33,Tamilnadu,3301,TIRUVALLUR,330107,SHOLAVARAM,Rural,1,cat1,"PS (I-V)",2,"Tribal Welfare Department",1,General,0,0,0,0,0,0,0,0,0,0,0,0,0,0,0,0,0,0,0,0,0,0,0,0,0,0
2019-20,33,Tamilnadu,3301,TIRUVALLUR,330108,GUMMIDIPOONDI,Rural,1,cat1,"PS (I-V)",2,"Tribal Welfare Department",1,General,0,0,0,0,0,0,0,0,0,0,0,0,0,0,0,0,0,0,0,0,0,0,0,0,0,0
2019-20,33,Tamilnadu,3301,TIRUVALLUR,330109,VILLIVAKKAM,Rural,1,cat1,"PS (I-V)",2,"Tribal Welfare Department",1,General,0,0,2,2,1,0,0,0,0,0,0,0,0,0,2,1,1,0,0,0,0,0,0,0,0,0
2019-20,33,Tamilnadu,3301,TIRUVALLUR,330110,PUZHAL,Rural,1,cat1,"PS (I-V)",2,"Tribal Welfare Department",1,General,0,0,0,0,0,0,0,0,0,0,0,0,0,0,0,0,0,0,0,0,0,0,0,0,0,0
2019-20,33,Tamilnadu,3301,TIRUVALLUR,330111,TIRUTTANI,Rural,1,cat1,"PS (I-V)",2,"Tribal Welfare Department",1,General,0,0,0,0,0,0,0,0,0,0,0,0,0,0,0,0,0,0,0,0,0,0,0,0,0,0
2019-20,33,Tamilnadu,3301,TIRUVALLUR,330112,THIRUVALANGADU,Rural,1,cat1,"PS (I-V)",2,"Tribal Welfare Department",1,General,0,0,0,0,0,0,0,0,0,0,0,0,0,0,0,0,0,0,0,0,0,0,0,0,0,0
2019-20,33,Tamilnadu,3301,TIRUVALLUR,330101,THIRUVALLUR,Urban,1,cat1,"PS (I-V)",2,"Tribal Welfare Department",1,General,0,0,0,0,0,0,0,0,0,0,0,0,0,0,0,0,0,0,0,0,0,0,0,0,0,0
2019-20,33,Tamilnadu,3301,TIRUVALLUR,330105,POONAMALLEE,Urban,1,cat1,"PS (I-V)",2,"Tribal Welfare Department",1,General,0,0,0,0,0,0,0,0,0,0,0,0,0,0,0,0,0,0,0,0,0,0,0,0,0,0
2019-20,33,Tamilnadu,3301,TIRUVALLUR,330106,MINJUR,Urban,1,cat1,"PS (I-V)",2,"Tribal Welfare Department",1,General,0,0,0,0,0,0,0,0,0,0,0,0,0,0,0,0,0,0,0,0,0,0,0,0,0,0
2019-20,33,Tamilnadu,3301,TIRUVALLUR,330109,VILLIVAKKAM,Urban,1,cat1,"PS (I-V)",2,"Tribal Welfare Department",1,General,0,0,1,0,0,1,0,0,0,0,0,0,0,0,0,0,1,0,0,0,0,0,0,0,0,0
2019-20,33,Tamilnadu,3301,TIRUVALLUR,330110,PUZHAL,Urban,1,cat1,"PS (I-V)",2,"Tribal Welfare Department",1,General,0,1,0,0,0,0,1,0,0,0,0,0,0,0,1,0,0,0,0,0,0,0,0,0,0,0
2019-20,33,Tamilnadu,3301,TIRUVALLUR,330101,THIRUVALLUR,Urban,1,cat1,"PS (I-V)",3,"Local body",1,General,0,0,0,0,0,0,0,0,0,0,0,0,0,0,0,0,0,0,0,0,0,0,0,0,0,0
2019-20,33,Tamilnadu,3301,TIRUVALLUR,330105,POONAMALLEE,Urban,1,cat1,"PS (I-V)",3,"Local body",1,General,0,0,0,0,0,2,1,0,0,0,0,0,0,0,0,2,0,1,1,0,0,0,0,0,0,0
2019-20,33,Tamilnadu,3301,TIRUVALLUR,330109,VILLIVAKKAM,Urban,1,cat1,"PS (I-V)",3,"Local body",1,General,2,2,19,12,18,6,7,0,0,0,0,0,0,0,15,14,12,9,18,0,0,0,0,0,0,0
2019-20,33,Tamilnadu,3301,TIRUVALLUR,330110,PUZHAL,Urban,1,cat1,"PS (I-V)",3,"Local body",1,General,2,2,7,6,4,2,4,0,0,0,0,0,0,0,5,1,8,3,5,0,0,0,0,0,0,0
2019-20,33,Tamilnadu,3301,TIRUVALLUR,330101,THIRUVALLUR,Rural,1,cat1,"PS (I-V)",4,"Government Aided",1,General,0,0,0,0,0,0,0,0,0,0,0,0,0,0,0,0,0,0,0,0,0,0,0,0,0,0
2019-20,33,Tamilnadu,3301,TIRUVALLUR,330102,POONDI,Rural,1,cat1,"PS (I-V)",4,"Government Aided",1,General,0,0,0,0,0,0,0,0,0,0,0,0,0,0,0,0,0,0,0,0,0,0,0,0,0,0
2019-20,33,Tamilnadu,3301,TIRUVALLUR,330103,KADAMBATHUR,Rural,1,cat1,"PS (I-V)",4,"Government Aided",1,General,0,0,0,1,1,2,1,0,0,0,0,0,0,0,0,0,0,2,2,0,0,0,0,0,0,0
2019-20,33,Tamilnadu,3301,TIRUVALLUR,330104,ELLAPURAM,Rural,1,cat1,"PS (I-V)",4,"Government Aided",1,General,0,0,0,0,0,0,0,0,0,0,0,0,0,0,0,0,0,0,0,0,0,0,0,0,0,0
2019-20,33,Tamilnadu,3301,TIRUVALLUR,330105,POONAMALLEE,Rural,1,cat1,"PS (I-V)",4,"Government Aided",1,General,0,0,0,0,1,0,0,0,0,0,0,0,0,0,0,0,1,0,0,0,0,0,0,0,0,0
2019-20,33,Tamilnadu,3301,TIRUVALLUR,330106,MINJUR,Rural,1,cat1,"PS (I-V)",4,"Government Aided",1,General,0,0,0,0,1,2,0,0,0,0,0,0,0,0,1,0,2,1,0,0,0,0,0,0,0,0
2019-20,33,Tamilnadu,3301,TIRUVALLUR,330107,SHOLAVARAM,Rural,1,cat1,"PS (I-V)",4,"Government Aided",1,General,0,0,0,0,0,1,0,0,0,0,0,0,0,0,1,1,1,0,2,0,0,0,0,0,0,0
2019-20,33,Tamilnadu,3301,TIRUVALLUR,330108,GUMMIDIPOONDI,Rural,1,cat1,"PS (I-V)",4,"Government Aided",1,General,0,0,0,17,18,20,7,0,0,0,0,0,0,0,0,43,58,36,24,0,0,0,0,0,0,0
2019-20,33,Tamilnadu,3301,TIRUVALLUR,330109,VILLIVAKKAM,Rural,1,cat1,"PS (I-V)",4,"Government Aided",1,General,0,0,1,1,0,1,2,0,0,0,0,0,0,0,0,0,1,0,1,0,0,0,0,0,0,0
2019-20,33,Tamilnadu,3301,TIRUVALLUR,330110,PUZHAL,Rural,1,cat1,"PS (I-V)",4,"Government Aided",1,General,0,0,2,1,1,0,1,0,0,0,0,0,0,0,0,1,0,0,0,0,0,0,0,0,0,0
2019-20,33,Tamilnadu,3301,TIRUVALLUR,330111,TIRUTTANI,Rural,1,cat1,"PS (I-V)",4,"Government Aided",1,General,0,0,0,0,0,0,0,0,0,0,0,0,0,0,0,0,0,0,0,0,0,0,0,0,0,0
2019-20,33,Tamilnadu,3301,TIRUVALLUR,330112,THIRUVALANGADU,Rural,1,cat1,"PS (I-V)",4,"Government Aided",1,General,0,0,1,0,0,0,0,0,0,0,0,0,0,0,0,1,0,0,1,0,0,0,0,0,0,0
2019-20,33,Tamilnadu,3301,TIRUVALLUR,330113,PALLIPAT,Rural,1,cat1,"PS (I-V)",4,"Government Aided",1,General,0,0,0,0,0,0,0,0,0,0,0,0,0,0,0,0,0,0,0,0,0,0,0,0,0,0
2019-20,33,Tamilnadu,3301,TIRUVALLUR,330114,R.K.PET,Rural,1,cat1,"PS (I-V)",4,"Government Aided",1,General,0,0,0,0,0,0,0,0,0,0,0,0,0,0,0,0,0,0,0,0,0,0,0,0,0,0
2019-20,33,Tamilnadu,3301,TIRUVALLUR,330101,THIRUVALLUR,Urban,1,cat1,"PS (I-V)",4,"Government Aided",1,General,0,0,0,0,0,0,0,0,0,0,0,0,0,0,0,0,0,0,0,0,0,0,0,0,0,0
2019-20,33,Tamilnadu,3301,TIRUVALLUR,330105,POONAMALLEE,Urban,1,cat1,"PS (I-V)",4,"Government Aided",1,General,0,0,10,1,4,3,4,0,0,0,0,0,0,0,8,3,1,0,2,0,0,0,0,0,0,0
2019-20,33,Tamilnadu,3301,TIRUVALLUR,330109,VILLIVAKKAM,Urban,1,cat1,"PS (I-V)",4,"Government Aided",1,General,0,0,1,4,2,3,2,0,0,0,0,0,0,0,3,0,1,6,2,0,0,0,0,0,0,0
2019-20,33,Tamilnadu,3301,TIRUVALLUR,330110,PUZHAL,Urban,1,cat1,"PS (I-V)",4,"Government Aided",1,General,0,0,12,17,16,17,8,0,0,0,0,0,0,0,10,17,11,7,13,0,0,0,0,0,0,0
2019-20,33,Tamilnadu,3301,TIRUVALLUR,330111,TIRUTTANI,Urban,1,cat1,"PS (I-V)",4,"Government Aided",1,General,0,0,1,0,0,0,0,0,0,0,0,0,0,0,0,0,0,0,0,0,0,0,0,0,0,0
2019-20,33,Tamilnadu,3301,TIRUVALLUR,330101,THIRUVALLUR,Rural,1,cat1,"PS (I-V)",5,"Private Unaided (Recognized)",1,General,15,9,6,2,3,7,8,0,0,0,0,0,0,0,6,4,9,6,10,0,0,0,0,0,0,0
2019-20,33,Tamilnadu,3301,TIRUVALLUR,330102,POONDI,Rural,1,cat1,"PS (I-V)",5,"Private Unaided (Recognized)",1,General,0,0,0,0,0,0,1,0,0,0,0,0,0,0,0,0,1,0,7,0,0,0,0,0,0,0
2019-20,33,Tamilnadu,3301,TIRUVALLUR,330103,KADAMBATHUR,Rural,1,cat1,"PS (I-V)",5,"Private Unaided (Recognized)",1,General,14,15,5,2,6,1,3,0,0,0,0,0,0,0,7,4,5,4,5,0,0,0,0,0,0,0
2019-20,33,Tamilnadu,3301,TIRUVALLUR,330104,ELLAPURAM,Rural,1,cat1,"PS (I-V)",5,"Private Unaided (Recognized)",1,General,8,6,1,2,0,0,0,0,0,0,0,0,0,0,1,0,2,1,1,0,0,0,0,0,0,0
2019-20,33,Tamilnadu,3301,TIRUVALLUR,330105,POONAMALLEE,Rural,1,cat1,"PS (I-V)",5,"Private Unaided (Recognized)",1,General,10,10,3,2,1,3,1,0,0,0,0,0,0,0,2,3,2,1,6,0,0,0,0,0,0,0
2019-20,33,Tamilnadu,3301,TIRUVALLUR,330106,MINJUR,Rural,1,cat1,"PS (I-V)",5,"Private Unaided (Recognized)",1,General,27,19,6,5,3,6,1,0,0,0,0,0,0,0,4,6,2,2,1,0,0,0,0,0,0,0
2019-20,33,Tamilnadu,3301,TIRUVALLUR,330107,SHOLAVARAM,Rural,1,cat1,"PS (I-V)",5,"Private Unaided (Recognized)",1,General,49,24,14,7,0,3,3,0,0,0,0,0,0,0,12,11,4,3,4,0,0,0,0,0,0,0
2019-20,33,Tamilnadu,3301,TIRUVALLUR,330108,GUMMIDIPOONDI,Rural,1,cat1,"PS (I-V)",5,"Private Unaided (Recognized)",1,General,26,29,19,12,12,7,10,0,0,0,0,0,0,0,13,15,9,11,9,0,0,0,0,0,0,0
2019-20,33,Tamilnadu,3301,TIRUVALLUR,330109,VILLIVAKKAM,Rural,1,cat1,"PS (I-V)",5,"Private Unaided (Recognized)",1,General,19,14,3,6,4,5,5,0,0,0,0,0,0,0,6,5,4,9,6,0,0,0,0,0,0,0
2019-20,33,Tamilnadu,3301,TIRUVALLUR,330110,PUZHAL,Rural,1,cat1,"PS (I-V)",5,"Private Unaided (Recognized)",1,General,1,4,0,1,1,0,0,0,0,0,0,0,0,0,1,0,0,1,0,0,0,0,0,0,0,0
2019-20,33,Tamilnadu,3301,TIRUVALLUR,330111,TIRUTTANI,Rural,1,cat1,"PS (I-V)",5,"Private Unaided (Recognized)",1,General,0,0,0,0,0,0,1,0,0,0,0,0,0,0,0,0,0,0,0,0,0,0,0,0,0,0
2019-20,33,Tamilnadu,3301,TIRUVALLUR,330112,THIRUVALANGADU,Rural,1,cat1,"PS (I-V)",5,"Private Unaided (Recognized)",1,General,3,3,0,2,1,0,3,0,0,0,0,0,0,0,2,1,0,3,0,0,0,0,0,0,0,0
2019-20,33,Tamilnadu,3301,TIRUVALLUR,330113,PALLIPAT,Rural,1,cat1,"PS (I-V)",5,"Private Unaided (Recognized)",1,General,11,7,1,3,1,0,4,0,0,0,0,0,0,0,2,6,1,5,2,0,0,0,0,0,0,0
2019-20,33,Tamilnadu,3301,TIRUVALLUR,330114,R.K.PET,Rural,1,cat1,"PS (I-V)",5,"Private Unaided (Recognized)",1,General,5,3,0,0,1,0,1,0,0,0,0,0,0,0,0,1,0,0,1,0,0,0,0,0,0,0
2019-20,33,Tamilnadu,3301,TIRUVALLUR,330101,THIRUVALLUR,Urban,1,cat1,"PS (I-V)",5,"Private Unaided (Recognized)",1,General,10,7,3,3,6,3,1,0,0,0,0,0,0,0,4,1,3,4,0,0,0,0,0,0,0,0
2019-20,33,Tamilnadu,3301,TIRUVALLUR,330105,POONAMALLEE,Urban,1,cat1,"PS (I-V)",5,"Private Unaided (Recognized)",1,General,30,38,15,14,18,11,7,0,0,0,0,0,0,0,10,10,8,18,5,0,0,0,0,0,0,0
2019-20,33,Tamilnadu,3301,TIRUVALLUR,330106,MINJUR,Urban,1,cat1,"PS (I-V)",5,"Private Unaided (Recognized)",1,General,0,0,0,1,0,0,1,0,0,0,0,0,0,0,0,0,0,1,1,0,0,0,0,0,0,0
2019-20,33,Tamilnadu,3301,TIRUVALLUR,330109,VILLIVAKKAM,Urban,1,cat1,"PS (I-V)",5,"Private Unaided (Recognized)",1,General,178,169,65,58,43,58,60,0,0,0,0,0,0,0,66,55,38,48,63,0,0,0,0,0,0,0
2019-20,33,Tamilnadu,3301,TIRUVALLUR,330110,PUZHAL,Urban,1,cat1,"PS (I-V)",5,"Private Unaided (Recognized)",1,General,141,134,63,54,52,47,52,0,0,0,0,0,0,0,46,52,48,47,41,0,0,0,0,0,0,0
2019-20,33,Tamilnadu,3301,TIRUVALLUR,330111,TIRUTTANI,Urban,1,cat1,"PS (I-V)",5,"Private Unaided (Recognized)",1,General,8,7,6,1,1,4,5,0,0,0,0,0,0,0,2,2,2,1,1,0,0,0,0,0,0,0
2019-20,33,Tamilnadu,3301,TIRUVALLUR,330107,SHOLAVARAM,Rural,1,cat1,"PS (I-V)",8,Unrecognized,1,General,0,0,0,0,0,0,0,0,0,0,0,0,0,0,0,0,0,0,0,0,0,0,0,0,0,0
2019-20,33,Tamilnadu,3301,TIRUVALLUR,330101,THIRUVALLUR,Rural,6,cat6,"SS (I-X)",1,"Department of Education",1,General,0,0,0,0,0,0,0,0,1,0,0,0,0,0,0,0,0,0,0,0,0,0,0,0,0,0
2019-20,33,Tamilnadu,3301,TIRUVALLUR,330101,THIRUVALLUR,Rural,6,cat6,"SS (I-X)",5,"Private Unaided (Recognized)",1,General,21,12,11,18,15,8,10,6,9,8,4,9,0,0,12,11,15,8,7,9,9,4,1,5,0,0
2019-20,33,Tamilnadu,3301,TIRUVALLUR,330102,POONDI,Rural,6,cat6,"SS (I-X)",5,"Private Unaided (Recognized)",1,General,13,7,8,4,4,7,3,4,3,1,0,1,0,0,5,4,5,2,3,1,2,1,1,1,0,0
2019-20,33,Tamilnadu,3301,TIRUVALLUR,330103,KADAMBATHUR,Rural,6,cat6,"SS (I-X)",5,"Private Unaided (Recognized)",1,General,7,4,1,3,4,0,3,3,3,1,3,3,0,0,4,0,2,4,1,2,0,0,0,2,0,0
2019-20,33,Tamilnadu,3301,TIRUVALLUR,330104,ELLAPURAM,Rural,6,cat6,"SS (I-X)",5,"Private Unaided (Recognized)",1,General,14,8,4,7,6,5,7,6,6,5,6,0,0,0,4,8,7,3,5,5,3,8,6,4,0,0
2019-20,33,Tamilnadu,3301,TIRUVALLUR,330105,POONAMALLEE,Rural,6,cat6,"SS (I-X)",5,"Private Unaided (Recognized)",1,General,41,45,19,16,21,19,24,10,12,9,9,5,0,0,10,17,12,22,15,14,7,6,9,8,0,0
2019-20,33,Tamilnadu,3301,TIRUVALLUR,330106,MINJUR,Rural,6,cat6,"SS (I-X)",5,"Private Unaided (Recognized)",1,General,21,20,9,7,7,24,11,15,6,3,8,4,0,0,11,7,10,22,8,5,5,5,9,3,0,0
2019-20,33,Tamilnadu,3301,TIRUVALLUR,330107,SHOLAVARAM,Rural,6,cat6,"SS (I-X)",5,"Private Unaided (Recognized)",1,General,0,1,3,2,0,1,1,0,1,1,0,0,0,0,0,1,0,1,0,1,0,0,1,0,0,0
2019-20,33,Tamilnadu,3301,TIRUVALLUR,330108,GUMMIDIPOONDI,Rural,6,cat6,"SS (I-X)",5,"Private Unaided (Recognized)",1,General,10,10,10,3,7,6,5,1,3,4,0,7,0,0,5,3,6,2,4,5,6,1,1,6,0,0
2019-20,33,Tamilnadu,3301,TIRUVALLUR,330109,VILLIVAKKAM,Rural,6,cat6,"SS (I-X)",5,"Private Unaided (Recognized)",1,General,11,7,3,22,7,9,2,4,13,6,5,3,0,0,4,23,13,11,2,5,5,6,3,0,0,0
2019-20,33,Tamilnadu,3301,TIRUVALLUR,330110,PUZHAL,Rural,6,cat6,"SS (I-X)",5,"Private Unaided (Recognized)",1,General,1,0,1,0,0,0,0,0,0,0,0,0,0,0,1,1,0,0,0,0,2,1,0,0,0,0
2019-20,33,Tamilnadu,3301,TIRUVALLUR,330111,TIRUTTANI,Rural,6,cat6,"SS (I-X)",5,"Private Unaided (Recognized)",1,General,25,20,23,19,21,30,18,29,21,20,10,3,0,0,14,17,18,21,11,17,17,5,7,8,0,0
2019-20,33,Tamilnadu,3301,TIRUVALLUR,330112,THIRUVALANGADU,Rural,6,cat6,"SS (I-X)",5,"Private Unaided (Recognized)",1,General,4,1,2,1,0,0,0,1,1,3,0,2,0,0,2,3,0,0,1,0,0,1,3,2,0,0
2019-20,33,Tamilnadu,3301,TIRUVALLUR,330113,PALLIPAT,Rural,6,cat6,"SS (I-X)",5,"Private Unaided (Recognized)",1,General,8,7,3,7,4,6,8,4,4,3,3,2,0,0,3,4,4,12,5,7,2,2,3,6,0,0
2019-20,33,Tamilnadu,3301,TIRUVALLUR,330114,R.K.PET,Rural,6,cat6,"SS (I-X)",5,"Private Unaided (Recognized)",1,General,1,1,3,0,0,0,2,0,0,0,0,1,0,0,0,0,1,0,1,0,1,1,0,1,0,0
2019-20,33,Tamilnadu,3301,TIRUVALLUR,330101,THIRUVALLUR,Urban,6,cat6,"SS (I-X)",5,"Private Unaided (Recognized)",1,General,7,6,6,4,0,2,3,4,0,0,0,1,0,0,4,5,7,4,0,5,4,1,4,2,0,0
2019-20,33,Tamilnadu,3301,TIRUVALLUR,330105,POONAMALLEE,Urban,6,cat6,"SS (I-X)",5,"Private Unaided (Recognized)",1,General,90,62,55,42,35,50,42,54,51,35,22,45,0,0,47,33,29,30,42,41,39,14,18,41,0,0
2019-20,33,Tamilnadu,3301,TIRUVALLUR,330106,MINJUR,Urban,6,cat6,"SS (I-X)",5,"Private Unaided (Recognized)",1,General,2,5,5,2,0,0,1,2,1,2,3,0,0,0,1,0,1,0,1,1,1,3,1,0,0,0
2019-20,33,Tamilnadu,3301,TIRUVALLUR,330109,VILLIVAKKAM,Urban,6,cat6,"SS (I-X)",5,"Private Unaided (Recognized)",1,General,378,318,294,198,196,181,160,142,133,116,107,80,0,0,210,208,206,187,136,126,137,120,79,73,0,0
2019-20,33,Tamilnadu,3301,TIRUVALLUR,330110,PUZHAL,Urban,6,cat6,"SS (I-X)",5,"Private Unaided (Recognized)",1,General,191,200,96,111,104,91,73,82,43,58,56,56,0,0,81,76,79,96,63,59,43,36,50,41,0,0
2019-20,33,Tamilnadu,3301,TIRUVALLUR,330111,TIRUTTANI,Urban,6,cat6,"SS (I-X)",5,"Private Unaided (Recognized)",1,General,1,0,1,2,0,0,0,0,0,0,0,0,0,0,0,0,1,0,0,1,1,0,0,0,0,0
2019-20,33,Tamilnadu,3301,TIRUVALLUR,330110,PUZHAL,Rural,6,cat6,"SS (I-X)",8,Unrecognized,1,General,18,9,10,11,11,9,12,4,5,5,4,0,0,0,2,10,13,5,7,7,4,4,3,0,0,0
2019-20,33,Tamilnadu,3301,TIRUVALLUR,330109,VILLIVAKKAM,Urban,6,cat6,"SS (I-X)",101,"Other Central Govt. Schools",1,General,85,86,36,18,16,25,15,20,16,22,16,16,0,0,25,16,15,21,12,11,17,25,18,19,0,0
2019-20,33,Tamilnadu,3301,TIRUVALLUR,330101,THIRUVALLUR,Rural,7,cat7,"SS (VI-X)",1,"Department of Education",1,General,0,0,0,0,0,0,0,1,2,2,4,3,0,0,0,0,0,0,0,0,2,1,3,2,0,0
2019-20,33,Tamilnadu,3301,TIRUVALLUR,330102,POONDI,Rural,7,cat7,"SS (VI-X)",1,"Department of Education",1,General,0,0,0,0,0,0,0,1,0,0,0,0,0,0,0,0,0,0,0,0,0,0,0,1,0,0
2019-20,33,Tamilnadu,3301,TIRUVALLUR,330103,KADAMBATHUR,Rural,7,cat7,"SS (VI-X)",1,"Department of Education",1,General,0,0,0,0,0,0,0,1,0,1,2,1,0,0,0,0,0,0,0,3,1,5,3,2,0,0
2019-20,33,Tamilnadu,3301,TIRUVALLUR,330104,ELLAPURAM,Rural,7,cat7,"SS (VI-X)",1,"Department of Education",1,General,0,0,0,0,0,0,0,0,0,0,0,0,0,0,0,0,0,0,0,2,3,1,1,3,0,0
2019-20,33,Tamilnadu,3301,TIRUVALLUR,330105,POONAMALLEE,Rural,7,cat7,"SS (VI-X)",1,"Department of Education",1,General,0,0,0,0,0,0,0,1,1,1,2,1,0,0,0,0,0,0,0,0,1,2,0,0,0,0
2019-20,33,Tamilnadu,3301,TIRUVALLUR,330106,MINJUR,Rural,7,cat7,"SS (VI-X)",1,"Department of Education",1,General,0,0,0,0,0,0,0,1,0,0,2,0,0,0,0,0,0,0,0,0,0,0,0,1,0,0
2019-20,33,Tamilnadu,3301,TIRUVALLUR,330107,SHOLAVARAM,Rural,7,cat7,"SS (VI-X)",1,"Department of Education",1,General,0,0,0,0,0,0,0,8,2,2,2,0,0,0,0,0,0,0,0,0,3,0,2,4,0,0
2019-20,33,Tamilnadu,3301,TIRUVALLUR,330108,GUMMIDIPOONDI,Rural,7,cat7,"SS (VI-X)",1,"Department of Education",1,General,0,0,0,0,0,0,0,3,0,2,1,2,0,0,0,0,0,0,0,2,1,1,0,1,0,0
2019-20,33,Tamilnadu,3301,TIRUVALLUR,330109,VILLIVAKKAM,Rural,7,cat7,"SS (VI-X)",1,"Department of Education",1,General,0,0,0,0,0,0,0,3,0,1,3,2,0,0,0,0,0,0,0,43,26,17,7,2,0,0
2019-20,33,Tamilnadu,3301,TIRUVALLUR,330111,TIRUTTANI,Rural,7,cat7,"SS (VI-X)",1,"Department of Education",1,General,0,0,0,0,0,0,0,0,0,0,0,0,0,0,0,0,0,0,0,0,0,0,0,0,0,0
2019-20,33,Tamilnadu,3301,TIRUVALLUR,330112,THIRUVALANGADU,Rural,7,cat7,"SS (VI-X)",1,"Department of Education",1,General,0,0,0,0,0,0,0,0,0,1,1,0,0,0,0,0,0,0,0,1,0,0,0,0,0,0
2019-20,33,Tamilnadu,3301,TIRUVALLUR,330113,PALLIPAT,Rural,7,cat7,"SS (VI-X)",1,"Department of Education",1,General,0,0,0,0,0,0,0,4,1,3,8,3,0,0,0,0,0,0,0,3,5,5,8,4,0,0
2019-20,33,Tamilnadu,3301,TIRUVALLUR,330114,R.K.PET,Rural,7,cat7,"SS (VI-X)",1,"Department of Education",1,General,0,0,0,0,0,0,0,2,0,0,0,0,0,0,0,0,0,0,0,0,0,1,1,0,0,0
2019-20,33,Tamilnadu,3301,TIRUVALLUR,330106,MINJUR,Urban,7,cat7,"SS (VI-X)",1,"Department of Education",1,General,0,0,0,0,0,0,0,1,3,5,2,0,0,0,0,0,0,0,0,0,2,0,1,3,0,0
2019-20,33,Tamilnadu,3301,TIRUVALLUR,330109,VILLIVAKKAM,Urban,7,cat7,"SS (VI-X)",1,"Department of Education",1,General,0,0,0,0,0,0,0,2,0,0,3,0,0,0,0,0,0,0,0,1,1,0,0,0,0,0
2019-20,33,Tamilnadu,3301,TIRUVALLUR,330110,PUZHAL,Urban,7,cat7,"SS (VI-X)",1,"Department of Education",1,General,0,0,0,0,0,0,0,9,6,8,11,7,0,0,0,0,0,0,0,8,10,9,3,6,0,0
2019-20,33,Tamilnadu,3301,TIRUVALLUR,330111,TIRUTTANI,Urban,7,cat7,"SS (VI-X)",1,"Department of Education",1,General,0,0,0,0,0,0,0,0,0,0,0,0,0,0,0,0,0,0,0,0,0,0,0,0,0,0
2019-20,33,Tamilnadu,3301,TIRUVALLUR,330106,MINJUR,Rural,7,cat7,"SS (VI-X)",2,"Tribal Welfare Department",1,General,0,0,0,0,0,0,0,0,0,1,1,0,0,0,0,0,0,0,0,0,1,0,0,0,0,0
2019-20,33,Tamilnadu,3301,TIRUVALLUR,330112,THIRUVALANGADU,Rural,7,cat7,"SS (VI-X)",2,"Tribal Welfare Department",1,General,0,0,0,0,0,0,0,0,0,0,0,0,0,0,0,0,0,0,0,0,0,0,0,0,0,0
2019-20,33,Tamilnadu,3301,TIRUVALLUR,330101,THIRUVALLUR,Urban,7,cat7,"SS (VI-X)",2,"Tribal Welfare Department",1,General,0,0,0,0,0,0,0,0,0,0,0,0,0,0,0,0,0,0,0,0,0,0,0,0,0,0
2019-20,33,Tamilnadu,3301,TIRUVALLUR,330105,POONAMALLEE,Urban,7,cat7,"SS (VI-X)",2,"Tribal Welfare Department",1,General,0,0,0,0,0,0,0,1,0,0,0,0,0,0,0,0,0,0,0,0,0,0,0,0,0,0
2019-20,33,Tamilnadu,3301,TIRUVALLUR,330109,VILLIVAKKAM,Urban,7,cat7,"SS (VI-X)",2,"Tribal Welfare Department",1,General,0,0,0,0,0,0,0,2,0,0,2,0,0,0,0,0,0,0,0,0,0,0,0,0,0,0
2019-20,33,Tamilnadu,3301,TIRUVALLUR,330105,POONAMALLEE,Urban,7,cat7,"SS (VI-X)",3,"Local body",1,General,0,0,0,0,0,0,0,3,2,1,4,1,0,0,0,0,0,0,0,0,0,0,1,0,0,0
2019-20,33,Tamilnadu,3301,TIRUVALLUR,330109,VILLIVAKKAM,Urban,7,cat7,"SS (VI-X)",3,"Local body",1,General,0,0,0,0,0,0,0,15,11,10,15,0,0,0,0,0,0,0,0,24,8,6,5,5,0,0
2019-20,33,Tamilnadu,3301,TIRUVALLUR,330110,PUZHAL,Urban,7,cat7,"SS (VI-X)",3,"Local body",1,General,0,0,0,0,0,0,0,0,1,0,1,0,0,0,0,0,0,0,0,0,1,0,0,0,0,0
2019-20,33,Tamilnadu,3301,TIRUVALLUR,330101,THIRUVALLUR,Rural,7,cat7,"SS (VI-X)",4,"Government Aided",1,General,0,0,0,0,0,0,0,0,0,0,0,1,0,0,0,0,0,0,0,0,0,0,0,1,0,0
2019-20,33,Tamilnadu,3301,TIRUVALLUR,330104,ELLAPURAM,Rural,7,cat7,"SS (VI-X)",4,"Government Aided",1,General,0,0,0,0,0,0,0,0,1,1,0,1,0,0,0,0,0,0,0,0,0,1,0,1,0,0
2019-20,33,Tamilnadu,3301,TIRUVALLUR,330105,POONAMALLEE,Rural,7,cat7,"SS (VI-X)",4,"Government Aided",1,General,0,0,0,0,0,0,0,0,0,0,0,0,0,0,0,0,0,0,0,1,0,0,0,0,0,0
2019-20,33,Tamilnadu,3301,TIRUVALLUR,330106,MINJUR,Rural,7,cat7,"SS (VI-X)",4,"Government Aided",1,General,0,0,0,0,0,0,0,0,0,0,0,2,0,0,0,0,0,0,0,0,0,0,0,1,0,0
2019-20,33,Tamilnadu,3301,TIRUVALLUR,330105,POONAMALLEE,Urban,7,cat7,"SS (VI-X)",4,"Government Aided",1,General,0,0,0,0,0,0,0,0,0,0,0,0,0,0,0,0,0,0,0,2,0,1,0,0,0,0
2019-20,33,Tamilnadu,3301,TIRUVALLUR,330109,VILLIVAKKAM,Urban,7,cat7,"SS (VI-X)",4,"Government Aided",1,General,0,0,0,0,0,0,0,6,3,9,3,9,0,0,0,0,0,0,0,9,4,7,4,3,0,0
2019-20,33,Tamilnadu,3301,TIRUVALLUR,330110,PUZHAL,Urban,7,cat7,"SS (VI-X)",4,"Government Aided",1,General,0,0,0,0,0,0,0,0,0,0,0,1,0,0,0,0,0,0,0,0,0,1,0,0,0,0
2019-20,33,Tamilnadu,3301,TIRUVALLUR,330111,TIRUTTANI,Urban,7,cat7,"SS (VI-X)",4,"Government Aided",1,General,0,0,0,0,0,0,0,2,1,1,2,0,0,0,0,0,0,0,0,3,0,0,0,1,0,0
2019-20,33,Tamilnadu,3301,TIRUVALLUR,330102,POONDI,Rural,7,cat7,"SS (VI-X)",5,"Private Unaided (Recognized)",1,General,0,0,0,0,0,0,0,0,0,1,0,0,0,0,0,0,0,0,0,0,0,0,0,0,0,0
2019-20,33,Tamilnadu,3301,TIRUVALLUR,330105,POONAMALLEE,Rural,7,cat7,"SS (VI-X)",5,"Private Unaided (Recognized)",1,General,0,0,0,0,0,0,0,0,0,1,0,0,0,0,0,0,0,0,0,0,0,0,0,0,0,0
2019-20,33,Tamilnadu,3301,TIRUVALLUR,330110,PUZHAL,Urban,7,cat7,"SS (VI-X)",5,"Private Unaided (Recognized)",1,General,0,0,0,0,0,0,0,5,3,0,0,1,0,0,0,0,0,0,0,1,1,0,1,1,0,0
2019-20,33,Tamilnadu,3301,TIRUVALLUR,330105,POONAMALLEE,Urban,7,cat7,"SS (VI-X)",8,Unrecognized,1,General,0,0,0,0,0,0,0,0,0,0,0,0,0,0,0,0,0,0,0,0,0,0,0,0,0,0
2019-20,33,Tamilnadu,3301,TIRUVALLUR,330101,THIRUVALLUR,Rural,2,cat2,"UPS (I-VIII)",1,"Department of Education",1,General,0,0,1,0,0,0,1,0,0,0,0,0,0,0,1,0,1,0,0,1,0,0,0,0,0,0
2019-20,33,Tamilnadu,3301,TIRUVALLUR,330102,POONDI,Rural,2,cat2,"UPS (I-VIII)",1,"Department of Education",1,General,0,0,0,0,0,0,0,0,0,0,0,0,0,0,1,1,2,0,1,3,0,1,0,0,0,0
2019-20,33,Tamilnadu,3301,TIRUVALLUR,330103,KADAMBATHUR,Rural,2,cat2,"UPS (I-VIII)",1,"Department of Education",1,General,0,0,0,3,1,0,0,0,0,0,0,0,0,0,1,0,0,0,0,0,0,0,0,0,0,0
2019-20,33,Tamilnadu,3301,TIRUVALLUR,330104,ELLAPURAM,Rural,2,cat2,"UPS (I-VIII)",1,"Department of Education",1,General,0,1,1,0,0,1,2,1,0,2,0,0,0,0,2,2,0,1,1,1,0,2,0,0,0,0
2019-20,33,Tamilnadu,3301,TIRUVALLUR,330105,POONAMALLEE,Rural,2,cat2,"UPS (I-VIII)",1,"Department of Education",1,General,0,0,0,2,1,1,2,2,0,2,0,0,0,0,0,1,0,1,1,0,1,0,0,0,0,0
2019-20,33,Tamilnadu,3301,TIRUVALLUR,330106,MINJUR,Rural,2,cat2,"UPS (I-VIII)",1,"Department of Education",1,General,0,0,0,1,0,2,2,0,1,1,0,0,0,0,0,1,1,2,1,0,0,0,0,0,0,0
2019-20,33,Tamilnadu,3301,TIRUVALLUR,330107,SHOLAVARAM,Rural,2,cat2,"UPS (I-VIII)",1,"Department of Education",1,General,0,0,4,4,4,2,5,4,5,4,0,0,0,0,7,4,2,2,3,6,8,1,0,0,0,0
2019-20,33,Tamilnadu,3301,TIRUVALLUR,330108,GUMMIDIPOONDI,Rural,2,cat2,"UPS (I-VIII)",1,"Department of Education",1,General,4,4,22,21,30,27,23,22,22,18,0,0,0,0,19,20,26,18,25,18,13,13,0,0,0,0
2019-20,33,Tamilnadu,3301,TIRUVALLUR,330109,VILLIVAKKAM,Rural,2,cat2,"UPS (I-VIII)",1,"Department of Education",1,General,0,0,0,0,0,0,0,0,0,0,0,0,0,0,1,0,0,1,1,0,0,1,0,0,0,0
2019-20,33,Tamilnadu,3301,TIRUVALLUR,330110,PUZHAL,Rural,2,cat2,"UPS (I-VIII)",1,"Department of Education",1,General,0,0,0,0,0,0,0,0,0,0,0,0,0,0,0,0,0,0,0,0,0,0,0,0,0,0
2019-20,33,Tamilnadu,3301,TIRUVALLUR,330111,TIRUTTANI,Rural,2,cat2,"UPS (I-VIII)",1,"Department of Education",1,General,0,0,1,0,0,0,0,0,3,3,0,0,0,0,0,0,0,1,0,0,2,1,0,0,0,0
2019-20,33,Tamilnadu,3301,TIRUVALLUR,330112,THIRUVALANGADU,Rural,2,cat2,"UPS (I-VIII)",1,"Department of Education",1,General,0,0,0,1,1,1,1,0,3,3,0,0,0,0,0,1,1,1,1,1,2,2,0,0,0,0
2019-20,33,Tamilnadu,3301,TIRUVALLUR,330113,PALLIPAT,Rural,2,cat2,"UPS (I-VIII)",1,"Department of Education",1,General,0,0,0,0,0,1,0,0,0,0,0,0,0,0,0,0,0,0,1,0,1,0,0,0,0,0
2019-20,33,Tamilnadu,3301,TIRUVALLUR,330114,R.K.PET,Rural,2,cat2,"UPS (I-VIII)",1,"Department of Education",1,General,1,1,1,1,1,0,1,2,0,0,0,0,0,0,0,0,3,0,3,0,1,0,0,0,0,0
2019-20,33,Tamilnadu,3301,TIRUVALLUR,330105,POONAMALLEE,Urban,2,cat2,"UPS (I-VIII)",1,"Department of Education",1,General,1,0,0,1,1,0,3,0,1,0,0,0,0,0,1,0,0,0,0,1,1,0,0,0,0,0
2019-20,33,Tamilnadu,3301,TIRUVALLUR,330106,MINJUR,Urban,2,cat2,"UPS (I-VIII)",1,"Department of Education",1,General,0,0,0,0,0,0,1,0,0,0,0,0,0,0,0,0,0,1,0,0,0,0,0,0,0,0
2019-20,33,Tamilnadu,3301,TIRUVALLUR,330109,VILLIVAKKAM,Urban,2,cat2,"UPS (I-VIII)",1,"Department of Education",1,General,2,0,3,4,4,4,1,4,3,1,0,0,0,0,3,3,1,3,4,3,2,0,0,0,0,0
2019-20,33,Tamilnadu,3301,TIRUVALLUR,330110,PUZHAL,Urban,2,cat2,"UPS (I-VIII)",1,"Department of Education",1,General,11,15,8,12,13,11,9,12,7,3,0,0,0,0,7,7,14,9,3,2,7,3,0,0,0,0
2019-20,33,Tamilnadu,3301,TIRUVALLUR,330111,TIRUTTANI,Urban,2,cat2,"UPS (I-VIII)",1,"Department of Education",1,General,0,0,0,0,1,0,0,2,1,1,0,0,0,0,0,0,1,2,3,1,4,1,0,0,0,0
2019-20,33,Tamilnadu,3301,TIRUVALLUR,330101,THIRUVALLUR,Rural,2,cat2,"UPS (I-VIII)",2,"Tribal Welfare Department",1,General,0,0,0,0,0,0,0,0,0,0,0,0,0,0,0,0,0,0,0,0,0,0,0,0,0,0
2019-20,33,Tamilnadu,3301,TIRUVALLUR,330106,MINJUR,Rural,2,cat2,"UPS (I-VIII)",2,"Tribal Welfare Department",1,General,0,0,0,0,0,0,0,0,0,0,0,0,0,0,0,0,0,0,0,0,0,0,0,0,0,0
2019-20,33,Tamilnadu,3301,TIRUVALLUR,330109,VILLIVAKKAM,Rural,2,cat2,"UPS (I-VIII)",2,"Tribal Welfare Department",1,General,0,0,0,0,0,0,0,0,0,0,0,0,0,0,0,0,0,0,0,0,0,1,0,0,0,0
2019-20,33,Tamilnadu,3301,TIRUVALLUR,330110,PUZHAL,Rural,2,cat2,"UPS (I-VIII)",2,"Tribal Welfare Department",1,General,0,0,0,0,0,0,0,0,0,0,0,0,0,0,0,0,0,0,0,0,0,0,0,0,0,0
2019-20,33,Tamilnadu,3301,TIRUVALLUR,330101,THIRUVALLUR,Urban,2,cat2,"UPS (I-VIII)",3,"Local body",1,General,0,0,1,0,1,0,0,0,0,0,0,0,0,0,1,2,0,1,1,0,1,0,0,0,0,0
2019-20,33,Tamilnadu,3301,TIRUVALLUR,330105,POONAMALLEE,Urban,2,cat2,"UPS (I-VIII)",3,"Local body",1,General,1,1,1,0,0,0,0,2,1,0,0,0,0,0,0,0,0,2,2,2,0,0,0,0,0,0
2019-20,33,Tamilnadu,3301,TIRUVALLUR,330109,VILLIVAKKAM,Urban,2,cat2,"UPS (I-VIII)",3,"Local body",1,General,11,5,5,10,9,7,9,5,0,5,0,0,0,0,5,8,7,7,5,1,4,4,0,0,0,0
2019-20,33,Tamilnadu,3301,TIRUVALLUR,330110,PUZHAL,Urban,2,cat2,"UPS (I-VIII)",3,"Local body",1,General,0,1,3,2,1,1,0,2,0,3,0,0,0,0,5,5,4,1,1,3,3,1,0,0,0,0
2019-20,33,Tamilnadu,3301,TIRUVALLUR,330103,KADAMBATHUR,Rural,2,cat2,"UPS (I-VIII)",4,"Government Aided",1,General,0,0,0,0,0,0,0,0,0,0,0,0,0,0,0,0,0,0,0,0,0,0,0,0,0,0
2019-20,33,Tamilnadu,3301,TIRUVALLUR,330106,MINJUR,Rural,2,cat2,"UPS (I-VIII)",4,"Government Aided",1,General,0,0,0,0,0,0,0,0,0,0,0,0,0,0,0,0,0,0,0,0,0,0,0,0,0,0
2019-20,33,Tamilnadu,3301,TIRUVALLUR,330107,SHOLAVARAM,Rural,2,cat2,"UPS (I-VIII)",4,"Government Aided",1,General,0,0,0,0,0,0,0,0,0,0,0,0,0,0,0,0,0,0,0,0,0,0,0,0,0,0
2019-20,33,Tamilnadu,3301,TIRUVALLUR,330108,GUMMIDIPOONDI,Rural,2,cat2,"UPS (I-VIII)",4,"Government Aided",1,General,0,0,0,0,0,0,0,1,0,0,0,0,0,0,0,0,0,0,0,0,0,1,0,0,0,0
2019-20,33,Tamilnadu,3301,TIRUVALLUR,330111,TIRUTTANI,Rural,2,cat2,"UPS (I-VIII)",4,"Government Aided",1,General,0,0,0,0,0,0,0,0,0,0,0,0,0,0,0,0,0,0,0,0,0,0,0,0,0,0
2019-20,33,Tamilnadu,3301,TIRUVALLUR,330113,PALLIPAT,Rural,2,cat2,"UPS (I-VIII)",4,"Government Aided",1,General,0,0,0,0,0,0,0,0,0,0,0,0,0,0,1,0,0,0,0,0,0,0,0,0,0,0
2019-20,33,Tamilnadu,3301,TIRUVALLUR,330114,R.K.PET,Rural,2,cat2,"UPS (I-VIII)",4,"Government Aided",1,General,0,0,1,0,0,0,0,0,2,0,0,0,0,0,0,0,1,0,1,1,1,0,0,0,0,0
2019-20,33,Tamilnadu,3301,TIRUVALLUR,330101,THIRUVALLUR,Urban,2,cat2,"UPS (I-VIII)",4,"Government Aided",1,General,0,0,0,0,0,1,0,0,0,0,0,0,0,0,0,0,0,0,0,0,0,0,0,0,0,0
2019-20,33,Tamilnadu,3301,TIRUVALLUR,330105,POONAMALLEE,Urban,2,cat2,"UPS (I-VIII)",4,"Government Aided",1,General,0,0,0,0,1,0,0,1,2,0,0,0,0,0,0,1,1,0,0,2,2,2,0,0,0,0
2019-20,33,Tamilnadu,3301,TIRUVALLUR,330109,VILLIVAKKAM,Urban,2,cat2,"UPS (I-VIII)",4,"Government Aided",1,General,0,0,1,0,0,0,1,0,0,0,0,0,0,0,0,0,2,1,1,2,1,0,0,0,0,0
2019-20,33,Tamilnadu,3301,TIRUVALLUR,330110,PUZHAL,Urban,2,cat2,"UPS (I-VIII)",4,"Government Aided",1,General,0,0,0,0,0,0,0,0,0,0,0,0,0,0,0,0,1,0,0,0,0,0,0,0,0,0
2019-20,33,Tamilnadu,3301,TIRUVALLUR,330101,THIRUVALLUR,Rural,2,cat2,"UPS (I-VIII)",5,"Private Unaided (Recognized)",1,General,0,0,0,0,0,0,1,0,0,0,0,0,0,0,0,0,0,0,0,0,1,0,0,0,0,0
2019-20,33,Tamilnadu,3301,TIRUVALLUR,330102,POONDI,Rural,2,cat2,"UPS (I-VIII)",5,"Private Unaided (Recognized)",1,General,1,2,1,1,1,0,0,0,1,0,0,0,0,0,1,0,0,0,0,0,1,0,0,0,0,0
2019-20,33,Tamilnadu,3301,TIRUVALLUR,330104,ELLAPURAM,Rural,2,cat2,"UPS (I-VIII)",5,"Private Unaided (Recognized)",1,General,5,3,4,5,2,6,2,4,1,0,0,0,0,0,2,3,1,4,1,2,2,1,0,0,0,0
2019-20,33,Tamilnadu,3301,TIRUVALLUR,330105,POONAMALLEE,Rural,2,cat2,"UPS (I-VIII)",5,"Private Unaided (Recognized)",1,General,34,30,17,8,8,9,4,13,3,4,0,0,0,0,10,6,15,11,8,9,5,1,0,0,0,0
2019-20,33,Tamilnadu,3301,TIRUVALLUR,330106,MINJUR,Rural,2,cat2,"UPS (I-VIII)",5,"Private Unaided (Recognized)",1,General,0,1,0,0,0,0,0,0,0,0,0,0,0,0,0,1,0,0,0,0,0,0,0,0,0,0
2019-20,33,Tamilnadu,3301,TIRUVALLUR,330107,SHOLAVARAM,Rural,2,cat2,"UPS (I-VIII)",5,"Private Unaided (Recognized)",1,General,2,1,1,1,0,0,0,0,0,0,0,0,0,0,0,1,2,0,0,0,0,0,0,0,0,0
2019-20,33,Tamilnadu,3301,TIRUVALLUR,330108,GUMMIDIPOONDI,Rural,2,cat2,"UPS (I-VIII)",5,"Private Unaided (Recognized)",1,General,15,20,4,8,8,7,7,10,3,5,0,0,0,0,7,9,5,7,9,6,6,3,0,0,0,0
2019-20,33,Tamilnadu,3301,TIRUVALLUR,330109,VILLIVAKKAM,Rural,2,cat2,"UPS (I-VIII)",5,"Private Unaided (Recognized)",1,General,25,20,18,3,8,9,9,12,12,7,0,0,0,0,11,9,2,18,3,4,3,6,0,0,0,0
2019-20,33,Tamilnadu,3301,TIRUVALLUR,330110,PUZHAL,Rural,2,cat2,"UPS (I-VIII)",5,"Private Unaided (Recognized)",1,General,0,0,0,0,0,0,0,0,0,0,0,0,0,0,0,0,0,0,0,0,0,0,0,0,0,0
2019-20,33,Tamilnadu,3301,TIRUVALLUR,330113,PALLIPAT,Rural,2,cat2,"UPS (I-VIII)",5,"Private Unaided (Recognized)",1,General,9,6,7,4,6,2,1,2,3,0,0,0,0,0,3,3,3,3,0,0,3,0,0,0,0,0
2019-20,33,Tamilnadu,3301,TIRUVALLUR,330114,R.K.PET,Rural,2,cat2,"UPS (I-VIII)",5,"Private Unaided (Recognized)",1,General,1,4,0,0,1,1,0,0,0,0,0,0,0,0,0,1,1,0,1,1,0,0,0,0,0,0
2019-20,33,Tamilnadu,3301,TIRUVALLUR,330101,THIRUVALLUR,Urban,2,cat2,"UPS (I-VIII)",5,"Private Unaided (Recognized)",1,General,0,0,0,0,0,0,0,1,1,0,0,0,0,0,0,0,0,1,0,0,0,0,0,0,0,0
2019-20,33,Tamilnadu,3301,TIRUVALLUR,330105,POONAMALLEE,Urban,2,cat2,"UPS (I-VIII)",5,"Private Unaided (Recognized)",1,General,6,12,3,0,5,3,3,1,2,0,0,0,0,0,5,0,4,0,2,3,1,0,0,0,0,0
2019-20,33,Tamilnadu,3301,TIRUVALLUR,330106,MINJUR,Urban,2,cat2,"UPS (I-VIII)",5,"Private Unaided (Recognized)",1,General,0,0,0,0,0,0,0,0,0,0,0,0,0,0,0,0,0,0,0,0,0,0,0,0,0,0
2019-20,33,Tamilnadu,3301,TIRUVALLUR,330109,VILLIVAKKAM,Urban,2,cat2,"UPS (I-VIII)",5,"Private Unaided (Recognized)",1,General,112,86,81,87,118,70,62,55,58,23,0,0,0,0,78,61,91,60,54,61,64,24,0,0,0,0
2019-20,33,Tamilnadu,3301,TIRUVALLUR,330110,PUZHAL,Urban,2,cat2,"UPS (I-VIII)",5,"Private Unaided (Recognized)",1,General,114,94,34,38,33,32,29,44,24,14,0,0,0,0,41,44,29,29,36,24,17,18,0,0,0,0
2019-20,33,Tamilnadu,3301,TIRUVALLUR,330107,SHOLAVARAM,Rural,2,cat2,"UPS (I-VIII)",8,Unrecognized,1,General,3,3,3,3,0,6,6,1,4,1,0,0,0,0,7,2,4,6,1,4,5,3,0,0,0,0
2019-20,33,Tamilnadu,3301,TIRUVALLUR,330105,POONAMALLEE,Urban,2,cat2,"UPS (I-VIII)",8,Unrecognized,1,General,1,0,0,0,0,0,1,0,0,0,0,0,0,0,0,0,0,0,0,0,0,0,0,0,0,0
2019-20,33,Tamilnadu,3301,TIRUVALLUR,330102,POONDI,Rural,4,cat4,"UPS (VI-VIII)",1,"Department of Education",1,General,0,0,0,0,0,0,0,0,0,0,0,0,0,0,0,0,0,0,0,0,0,0,0,0,0,0
2019-20,33,Tamilnadu,3301,TIRUVALLUR,330107,SHOLAVARAM,Rural,3,cat3,"HSS (I-XII)",1,"Department of Education",2,SC,13,17,0,0,0,0,0,24,21,24,33,27,9,12,0,0,0,0,0,30,31,25,23,32,25,18
2019-20,33,Tamilnadu,3301,TIRUVALLUR,330109,VILLIVAKKAM,Urban,3,cat3,"HSS (I-XII)",4,"Government Aided",2,SC,0,0,7,5,6,2,12,13,17,14,14,9,11,7,1,5,7,7,7,11,3,13,8,13,1,3
2019-20,33,Tamilnadu,3301,TIRUVALLUR,330101,THIRUVALLUR,Rural,3,cat3,"HSS (I-XII)",5,"Private Unaided (Recognized)",2,SC,168,165,77,93,111,85,82,111,81,93,84,69,50,56,90,110,89,84,88,82,91,59,70,72,61,66
2019-20,33,Tamilnadu,3301,TIRUVALLUR,330102,POONDI,Rural,3,cat3,"HSS (I-XII)",5,"Private Unaided (Recognized)",2,SC,52,36,25,21,29,26,22,10,7,9,13,4,5,1,26,22,21,12,15,11,15,5,5,4,2,3
2019-20,33,Tamilnadu,3301,TIRUVALLUR,330103,KADAMBATHUR,Rural,3,cat3,"HSS (I-XII)",5,"Private Unaided (Recognized)",2,SC,123,130,71,53,72,54,57,57,49,39,52,60,54,33,64,54,53,49,54,59,45,52,42,36,33,33
2019-20,33,Tamilnadu,3301,TIRUVALLUR,330104,ELLAPURAM,Rural,3,cat3,"HSS (I-XII)",5,"Private Unaided (Recognized)",2,SC,120,103,64,67,53,50,34,42,36,35,25,30,21,32,56,56,41,46,28,28,22,30,25,27,28,33
2019-20,33,Tamilnadu,3301,TIRUVALLUR,330105,POONAMALLEE,Rural,3,cat3,"HSS (I-XII)",5,"Private Unaided (Recognized)",2,SC,358,333,174,168,156,152,146,159,124,159,163,144,135,99,175,133,151,146,135,146,134,130,122,123,90,103
2019-20,33,Tamilnadu,3301,TIRUVALLUR,330106,MINJUR,Rural,3,cat3,"HSS (I-XII)",5,"Private Unaided (Recognized)",2,SC,292,261,177,135,143,146,135,111,114,103,99,94,79,50,136,150,129,122,120,87,108,62,80,84,70,63
2019-20,33,Tamilnadu,3301,TIRUVALLUR,330107,SHOLAVARAM,Rural,3,cat3,"HSS (I-XII)",5,"Private Unaided (Recognized)",2,SC,269,232,147,154,160,144,130,169,142,164,167,162,158,176,123,115,144,104,113,142,117,109,132,105,122,142
2019-20,33,Tamilnadu,3301,TIRUVALLUR,330108,GUMMIDIPOONDI,Rural,3,cat3,"HSS (I-XII)",5,"Private Unaided (Recognized)",2,SC,156,157,104,63,73,80,68,59,59,49,49,45,63,49,65,65,66,54,47,61,38,44,37,21,45,35
2019-20,33,Tamilnadu,3301,TIRUVALLUR,330109,VILLIVAKKAM,Rural,3,cat3,"HSS (I-XII)",5,"Private Unaided (Recognized)",2,SC,153,105,85,80,81,71,80,81,100,59,74,56,125,47,63,63,73,67,69,69,53,50,57,55,97,49
2019-20,33,Tamilnadu,3301,TIRUVALLUR,330110,PUZHAL,Rural,3,cat3,"HSS (I-XII)",5,"Private Unaided (Recognized)",2,SC,109,102,53,71,79,60,69,80,58,57,48,56,46,42,60,54,49,58,56,34,33,48,34,33,44,25
2019-20,33,Tamilnadu,3301,TIRUVALLUR,330111,TIRUTTANI,Rural,3,cat3,"HSS (I-XII)",5,"Private Unaided (Recognized)",2,SC,13,7,8,3,4,4,6,4,5,5,4,6,7,4,5,5,4,7,4,3,7,5,7,6,3,5
2019-20,33,Tamilnadu,3301,TIRUVALLUR,330112,THIRUVALANGADU,Rural,3,cat3,"HSS (I-XII)",5,"Private Unaided (Recognized)",2,SC,22,26,16,15,14,14,9,6,5,2,2,3,0,0,12,13,12,5,9,4,5,6,1,2,0,0
2019-20,33,Tamilnadu,3301,TIRUVALLUR,330113,PALLIPAT,Rural,3,cat3,"HSS (I-XII)",5,"Private Unaided (Recognized)",2,SC,33,21,20,13,7,13,10,9,5,6,9,11,5,7,5,7,7,8,4,7,6,2,7,4,6,1
2019-20,33,Tamilnadu,3301,TIRUVALLUR,330114,R.K.PET,Rural,3,cat3,"HSS (I-XII)",5,"Private Unaided (Recognized)",2,SC,98,68,35,41,40,35,35,40,47,44,44,40,33,39,38,32,30,27,26,28,23,27,32,19,33,21
2019-20,33,Tamilnadu,3301,TIRUVALLUR,330101,THIRUVALLUR,Urban,3,cat3,"HSS (I-XII)",5,"Private Unaided (Recognized)",2,SC,186,151,108,114,101,108,92,99,66,88,94,86,75,99,109,98,90,90,79,102,96,73,81,75,91,101
2019-20,33,Tamilnadu,3301,TIRUVALLUR,330105,POONAMALLEE,Urban,3,cat3,"HSS (I-XII)",5,"Private Unaided (Recognized)",2,SC,435,400,233,266,237,233,251,251,238,246,209,211,178,157,221,239,207,215,209,216,179,187,201,172,160,146
2019-20,33,Tamilnadu,3301,TIRUVALLUR,330106,MINJUR,Urban,3,cat3,"HSS (I-XII)",5,"Private Unaided (Recognized)",2,SC,170,162,112,101,86,76,69,70,47,67,74,47,46,55,71,79,88,74,64,46,34,66,66,52,47,53
2019-20,33,Tamilnadu,3301,TIRUVALLUR,330109,VILLIVAKKAM,Urban,3,cat3,"HSS (I-XII)",5,"Private Unaided (Recognized)",2,SC,1209,1141,675,728,724,745,744,843,755,751,792,759,716,723,649,659,667,661,633,678,612,649,641,655,642,598
2019-20,33,Tamilnadu,3301,TIRUVALLUR,330110,PUZHAL,Urban,3,cat3,"HSS (I-XII)",5,"Private Unaided (Recognized)",2,SC,533,460,301,288,300,371,310,381,365,335,393,357,280,299,280,324,302,304,292,320,299,253,326,296,280,289
2019-20,33,Tamilnadu,3301,TIRUVALLUR,330111,TIRUTTANI,Urban,3,cat3,"HSS (I-XII)",5,"Private Unaided (Recognized)",2,SC,54,51,34,34,38,23,26,37,27,15,24,20,17,11,21,33,23,17,16,27,20,15,18,12,9,8
2019-20,33,Tamilnadu,3301,TIRUVALLUR,330105,POONAMALLEE,Urban,3,cat3,"HSS (I-XII)",90,"Social welfare Department",2,SC,0,0,0,1,1,3,0,2,3,5,5,6,5,9,0,1,0,1,0,0,0,0,0,0,0,0
2019-20,33,Tamilnadu,3301,TIRUVALLUR,330109,VILLIVAKKAM,Urban,3,cat3,"HSS (I-XII)",92,"Kendriya Vidyalaya / Central School",2,SC,0,0,81,72,80,90,94,108,121,100,104,84,32,34,86,92,86,74,89,83,77,106,75,87,39,38
2019-20,33,Tamilnadu,3301,TIRUVALLUR,330101,THIRUVALLUR,Rural,5,cat5,"HSS (VI-XII)",1,"Department of Education",2,SC,0,0,0,0,0,0,0,18,23,21,44,29,48,37,0,0,0,0,0,1,4,3,1,2,37,38
2019-20,33,Tamilnadu,3301,TIRUVALLUR,330102,POONDI,Rural,5,cat5,"HSS (VI-XII)",1,"Department of Education",2,SC,0,0,0,0,0,0,0,70,82,75,92,80,88,81,0,0,0,0,0,69,56,73,81,96,86,87
2019-20,33,Tamilnadu,3301,TIRUVALLUR,330103,KADAMBATHUR,Rural,5,cat5,"HSS (VI-XII)",1,"Department of Education",2,SC,0,0,0,0,0,0,0,74,69,60,154,128,185,137,0,0,0,0,0,41,55,41,76,62,158,125
2019-20,33,Tamilnadu,3301,TIRUVALLUR,330104,ELLAPURAM,Rural,5,cat5,"HSS (VI-XII)",1,"Department of Education",2,SC,0,0,0,0,0,0,0,84,89,93,115,142,216,162,0,0,0,0,0,97,97,95,119,130,237,205
2019-20,33,Tamilnadu,3301,TIRUVALLUR,330105,POONAMALLEE,Rural,5,cat5,"HSS (VI-XII)",1,"Department of Education",2,SC,0,0,0,0,0,0,0,43,50,47,65,41,60,44,0,0,0,0,0,72,82,90,116,130,136,132
2019-20,33,Tamilnadu,3301,TIRUVALLUR,330106,MINJUR,Rural,5,cat5,"HSS (VI-XII)",1,"Department of Education",2,SC,0,0,0,0,0,0,0,69,88,82,105,82,99,107,0,0,0,0,0,80,80,68,84,98,109,107
2019-20,33,Tamilnadu,3301,TIRUVALLUR,330107,SHOLAVARAM,Rural,5,cat5,"HSS (VI-XII)",1,"Department of Education",2,SC,0,0,0,0,0,0,0,107,120,125,194,160,140,143,0,0,0,0,0,112,117,123,157,178,177,151
2019-20,33,Tamilnadu,3301,TIRUVALLUR,330108,GUMMIDIPOONDI,Rural,5,cat5,"HSS (VI-XII)",1,"Department of Education",2,SC,0,0,0,0,0,0,0,159,147,188,292,278,277,256,0,0,0,0,0,108,124,124,198,214,247,273
2019-20,33,Tamilnadu,3301,TIRUVALLUR,330109,VILLIVAKKAM,Rural,5,cat5,"HSS (VI-XII)",1,"Department of Education",2,SC,0,0,0,0,0,0,0,71,76,82,90,86,67,62,0,0,0,0,0,50,49,47,51,65,73,69
2019-20,33,Tamilnadu,3301,TIRUVALLUR,330110,PUZHAL,Rural,5,cat5,"HSS (VI-XII)",1,"Department of Education",2,SC,0,0,0,0,0,0,0,0,0,0,0,0,0,0,0,0,0,0,0,45,47,69,84,73,115,100
2019-20,33,Tamilnadu,3301,TIRUVALLUR,330111,TIRUTTANI,Rural,5,cat5,"HSS (VI-XII)",1,"Department of Education",2,SC,0,0,0,0,0,0,0,21,13,20,56,67,61,49,0,0,0,0,0,18,19,20,48,58,53,61
2019-20,33,Tamilnadu,3301,TIRUVALLUR,330112,THIRUVALANGADU,Rural,5,cat5,"HSS (VI-XII)",1,"Department of Education",2,SC,0,0,0,0,0,0,0,80,79,79,80,97,88,75,0,0,0,0,0,92,90,96,92,96,87,74
2019-20,33,Tamilnadu,3301,TIRUVALLUR,330113,PALLIPAT,Rural,5,cat5,"HSS (VI-XII)",1,"Department of Education",2,SC,0,0,0,0,0,0,0,23,15,19,59,66,145,125,0,0,0,0,0,35,30,22,60,53,132,137
2019-20,33,Tamilnadu,3301,TIRUVALLUR,330114,R.K.PET,Rural,5,cat5,"HSS (VI-XII)",1,"Department of Education",2,SC,0,0,0,0,0,0,0,60,55,52,104,88,99,100,0,0,0,0,0,36,37,49,74,63,88,89
2019-20,33,Tamilnadu,3301,TIRUVALLUR,330101,THIRUVALLUR,Urban,5,cat5,"HSS (VI-XII)",1,"Department of Education",2,SC,0,0,0,0,0,0,0,0,0,0,0,0,0,0,0,0,0,0,0,33,28,29,52,50,90,104
2019-20,33,Tamilnadu,3301,TIRUVALLUR,330105,POONAMALLEE,Urban,5,cat5,"HSS (VI-XII)",1,"Department of Education",2,SC,0,0,0,0,0,0,0,54,61,74,150,144,224,211,0,0,0,0,0,77,74,91,139,127,325,289
2019-20,33,Tamilnadu,3301,TIRUVALLUR,330106,MINJUR,Urban,5,cat5,"HSS (VI-XII)",1,"Department of Education",2,SC,0,0,0,0,0,0,0,31,29,72,86,74,116,116,0,0,0,0,0,51,47,67,98,120,189,178
2019-20,33,Tamilnadu,3301,TIRUVALLUR,330109,VILLIVAKKAM,Urban,5,cat5,"HSS (VI-XII)",1,"Department of Education",2,SC,0,0,0,0,0,0,0,118,133,128,173,165,160,165,0,0,0,0,0,196,222,258,336,363,410,420
2019-20,33,Tamilnadu,3301,TIRUVALLUR,330110,PUZHAL,Urban,5,cat5,"HSS (VI-XII)",1,"Department of Education",2,SC,0,0,0,0,0,0,0,122,162,154,283,238,224,225,0,0,0,0,0,83,98,106,147,156,132,167
2019-20,33,Tamilnadu,3301,TIRUVALLUR,330111,TIRUTTANI,Urban,5,cat5,"HSS (VI-XII)",1,"Department of Education",2,SC,0,0,0,0,0,0,0,9,11,5,21,25,79,70,0,0,0,0,0,29,29,24,46,58,101,88
2019-20,33,Tamilnadu,3301,TIRUVALLUR,330101,THIRUVALLUR,Rural,5,cat5,"HSS (VI-XII)",2,"Tribal Welfare Department",2,SC,0,0,0,0,0,0,0,14,12,11,26,23,26,42,0,0,0,0,0,23,17,27,34,28,49,53
2019-20,33,Tamilnadu,3301,TIRUVALLUR,330105,POONAMALLEE,Rural,5,cat5,"HSS (VI-XII)",2,"Tribal Welfare Department",2,SC,0,0,0,0,0,0,0,18,8,12,15,21,10,14,0,0,0,0,0,9,15,10,8,17,9,15
2019-20,33,Tamilnadu,3301,TIRUVALLUR,330108,GUMMIDIPOONDI,Rural,5,cat5,"HSS (VI-XII)",2,"Tribal Welfare Department",2,SC,0,0,0,0,0,0,0,8,17,11,17,13,11,9,0,0,0,0,0,13,8,13,11,11,12,11
2019-20,33,Tamilnadu,3301,TIRUVALLUR,330110,PUZHAL,Rural,5,cat5,"HSS (VI-XII)",2,"Tribal Welfare Department",2,SC,0,0,0,0,0,0,0,20,20,43,67,64,40,34,0,0,0,0,0,20,23,30,61,65,48,43
2019-20,33,Tamilnadu,3301,TIRUVALLUR,330101,THIRUVALLUR,Urban,5,cat5,"HSS (VI-XII)",3,"Local body",2,SC,0,0,0,0,0,0,0,18,21,12,18,31,57,45,0,0,0,0,0,16,8,8,16,20,27,26
2019-20,33,Tamilnadu,3301,TIRUVALLUR,330109,VILLIVAKKAM,Urban,5,cat5,"HSS (VI-XII)",3,"Local body",2,SC,0,0,0,0,0,0,0,7,15,19,22,13,21,21,0,0,0,0,0,18,12,7,10,21,14,18
2019-20,33,Tamilnadu,3301,TIRUVALLUR,330110,PUZHAL,Urban,5,cat5,"HSS (VI-XII)",3,"Local body",2,SC,0,0,0,0,0,0,0,12,17,18,18,14,12,10,0,0,0,0,0,13,9,9,14,25,17,12
2019-20,33,Tamilnadu,3301,TIRUVALLUR,330102,POONDI,Rural,5,cat5,"HSS (VI-XII)",4,"Government Aided",2,SC,0,0,0,0,0,0,0,3,9,10,11,10,22,19,0,0,0,0,0,9,11,10,12,13,12,14
2019-20,33,Tamilnadu,3301,TIRUVALLUR,330103,KADAMBATHUR,Rural,5,cat5,"HSS (VI-XII)",4,"Government Aided",2,SC,0,0,0,0,0,0,0,80,66,92,92,104,70,57,0,0,0,0,0,58,76,82,104,113,160,132
2019-20,33,Tamilnadu,3301,TIRUVALLUR,330105,POONAMALLEE,Rural,5,cat5,"HSS (VI-XII)",4,"Government Aided",2,SC,0,0,0,0,0,0,0,32,37,46,48,53,42,23,0,0,0,0,0,30,30,37,41,52,20,30
2019-20,33,Tamilnadu,3301,TIRUVALLUR,330106,MINJUR,Rural,5,cat5,"HSS (VI-XII)",4,"Government Aided",2,SC,0,0,0,0,0,0,0,73,71,63,79,47,36,31,0,0,0,0,0,126,120,123,122,104,161,144
2019-20,33,Tamilnadu,3301,TIRUVALLUR,330108,GUMMIDIPOONDI,Rural,5,cat5,"HSS (VI-XII)",4,"Government Aided",2,SC,0,0,0,0,0,0,0,0,0,0,0,0,0,0,0,0,0,0,0,10,16,14,8,15,12,21
2019-20,33,Tamilnadu,3301,TIRUVALLUR,330101,THIRUVALLUR,Urban,5,cat5,"HSS (VI-XII)",4,"Government Aided",2,SC,0,0,0,0,0,0,0,180,182,148,197,174,118,93,0,0,0,0,0,150,126,134,139,130,121,142
2019-20,33,Tamilnadu,3301,TIRUVALLUR,330105,POONAMALLEE,Urban,5,cat5,"HSS (VI-XII)",4,"Government Aided",2,SC,0,0,0,0,0,0,0,5,11,10,10,12,22,28,0,0,0,0,0,164,200,202,243,225,228,223
2019-20,33,Tamilnadu,3301,TIRUVALLUR,330109,VILLIVAKKAM,Urban,5,cat5,"HSS (VI-XII)",4,"Government Aided",2,SC,0,0,0,0,0,0,0,121,117,114,111,102,104,99,0,0,0,0,0,69,99,67,83,73,100,99
2019-20,33,Tamilnadu,3301,TIRUVALLUR,330110,PUZHAL,Urban,5,cat5,"HSS (VI-XII)",4,"Government Aided",2,SC,0,0,0,0,0,0,0,82,92,107,96,87,40,46,0,0,0,0,0,190,188,193,212,166,174,153
2019-20,33,Tamilnadu,3301,TIRUVALLUR,330101,THIRUVALLUR,Rural,5,cat5,"HSS (VI-XII)",5,"Private Unaided (Recognized)",2,SC,0,0,0,0,0,0,0,28,26,28,21,21,15,9,0,0,0,0,0,24,23,18,18,16,20,12
2019-20,33,Tamilnadu,3301,TIRUVALLUR,330111,TIRUTTANI,Rural,5,cat5,"HSS (VI-XII)",5,"Private Unaided (Recognized)",2,SC,0,0,0,0,0,0,0,21,20,20,33,29,24,25,0,0,0,0,0,9,11,6,25,15,7,10
2019-20,33,Tamilnadu,3301,TIRUVALLUR,330113,PALLIPAT,Rural,5,cat5,"HSS (VI-XII)",5,"Private Unaided (Recognized)",2,SC,0,0,0,0,0,0,0,3,6,7,10,16,4,8,0,0,0,0,0,8,3,2,6,13,3,11
2019-20,33,Tamilnadu,3301,TIRUVALLUR,330101,THIRUVALLUR,Urban,5,cat5,"HSS (VI-XII)",5,"Private Unaided (Recognized)",2,SC,0,0,0,0,0,0,0,24,27,22,32,38,20,19,0,0,0,0,0,19,8,23,11,19,12,14
2019-20,33,Tamilnadu,3301,TIRUVALLUR,330105,POONAMALLEE,Urban,5,cat5,"HSS (VI-XII)",5,"Private Unaided (Recognized)",2,SC,0,0,0,0,0,0,0,15,25,14,19,20,12,11,0,0,0,0,0,10,10,19,11,14,19,13
2019-20,33,Tamilnadu,3301,TIRUVALLUR,330109,VILLIVAKKAM,Urban,5,cat5,"HSS (VI-XII)",5,"Private Unaided (Recognized)",2,SC,0,0,0,0,0,0,0,32,42,44,29,35,34,42,0,0,0,0,0,49,45,41,55,57,39,28
2019-20,33,Tamilnadu,3301,TIRUVALLUR,330110,PUZHAL,Urban,5,cat5,"HSS (VI-XII)",5,"Private Unaided (Recognized)",2,SC,0,0,0,0,0,0,0,48,39,43,39,37,27,29,0,0,0,0,0,88,98,85,71,85,69,70
2019-20,33,Tamilnadu,3301,TIRUVALLUR,330109,VILLIVAKKAM,Urban,11,cat11,"HSS (XI-XII)",5,"Private Unaided (Recognized)",2,SC,0,0,0,0,0,0,0,0,0,0,0,0,38,55,0,0,0,0,0,0,0,0,0,0,34,30
2019-20,33,Tamilnadu,3301,TIRUVALLUR,330101,THIRUVALLUR,Rural,1,cat1,"PS (I-V)",1,"Department of Education",2,SC,0,0,57,75,72,76,87,0,0,0,0,0,0,0,55,64,72,84,73,0,0,0,0,0,0,0
2019-20,33,Tamilnadu,3301,TIRUVALLUR,330102,POONDI,Rural,1,cat1,"PS (I-V)",1,"Department of Education",2,SC,0,0,90,115,141,132,142,0,0,0,0,0,0,0,108,106,151,123,163,0,0,0,0,0,0,0
2019-20,33,Tamilnadu,3301,TIRUVALLUR,330103,KADAMBATHUR,Rural,1,cat1,"PS (I-V)",1,"Department of Education",2,SC,0,0,111,117,118,116,114,0,0,0,0,0,0,0,111,122,121,114,120,0,0,0,0,0,0,0
2019-20,33,Tamilnadu,3301,TIRUVALLUR,330104,ELLAPURAM,Rural,1,cat1,"PS (I-V)",1,"Department of Education",2,SC,0,0,129,144,149,128,151,0,0,0,0,0,0,0,115,134,153,143,133,0,0,0,0,0,0,0
2019-20,33,Tamilnadu,3301,TIRUVALLUR,330105,POONAMALLEE,Rural,1,cat1,"PS (I-V)",1,"Department of Education",2,SC,0,0,67,66,78,71,98,0,0,0,0,0,0,0,62,68,86,83,78,0,0,0,0,0,0,0
2019-20,33,Tamilnadu,3301,TIRUVALLUR,330106,MINJUR,Rural,1,cat1,"PS (I-V)",1,"Department of Education",2,SC,6,8,131,156,179,170,182,0,0,0,0,0,0,0,170,170,195,142,209,0,0,0,0,0,0,0
2019-20,33,Tamilnadu,3301,TIRUVALLUR,330107,SHOLAVARAM,Rural,1,cat1,"PS (I-V)",1,"Department of Education",2,SC,0,0,107,102,126,130,146,0,0,0,0,0,0,0,117,142,132,168,156,0,0,0,0,0,0,0
2019-20,33,Tamilnadu,3301,TIRUVALLUR,330108,GUMMIDIPOONDI,Rural,1,cat1,"PS (I-V)",1,"Department of Education",2,SC,2,0,93,108,123,127,150,0,0,0,0,0,0,0,123,112,142,127,137,0,0,0,0,0,0,0
2019-20,33,Tamilnadu,3301,TIRUVALLUR,330109,VILLIVAKKAM,Rural,1,cat1,"PS (I-V)",1,"Department of Education",2,SC,4,7,82,104,132,128,101,0,0,0,0,0,0,0,74,107,128,140,134,0,0,0,0,0,0,0
2019-20,33,Tamilnadu,3301,TIRUVALLUR,330110,PUZHAL,Rural,1,cat1,"PS (I-V)",1,"Department of Education",2,SC,7,5,12,19,11,12,15,0,0,0,0,0,0,0,15,8,16,16,10,0,0,0,0,0,0,0
2019-20,33,Tamilnadu,3301,TIRUVALLUR,330111,TIRUTTANI,Rural,1,cat1,"PS (I-V)",1,"Department of Education",2,SC,0,0,48,51,58,61,62,0,0,0,0,0,0,0,48,64,56,74,56,0,0,0,0,0,0,0
2019-20,33,Tamilnadu,3301,TIRUVALLUR,330112,THIRUVALANGADU,Rural,1,cat1,"PS (I-V)",1,"Department of Education",2,SC,0,0,68,95,101,79,96,0,0,0,0,0,0,0,96,99,94,98,120,0,0,0,0,0,0,0
2019-20,33,Tamilnadu,3301,TIRUVALLUR,330113,PALLIPAT,Rural,1,cat1,"PS (I-V)",1,"Department of Education",2,SC,0,0,92,98,88,102,117,0,0,0,0,0,0,0,72,88,110,98,79,0,0,0,0,0,0,0
2019-20,33,Tamilnadu,3301,TIRUVALLUR,330114,R.K.PET,Rural,1,cat1,"PS (I-V)",1,"Department of Education",2,SC,0,0,60,67,88,70,84,0,0,0,0,0,0,0,73,82,95,80,80,0,0,0,0,0,0,0
2019-20,33,Tamilnadu,3301,TIRUVALLUR,330105,POONAMALLEE,Urban,1,cat1,"PS (I-V)",1,"Department of Education",2,SC,0,0,13,11,17,15,25,0,0,0,0,0,0,0,15,13,18,22,10,0,0,0,0,0,0,0
2019-20,33,Tamilnadu,3301,TIRUVALLUR,330106,MINJUR,Urban,1,cat1,"PS (I-V)",1,"Department of Education",2,SC,6,7,35,44,55,55,60,0,0,0,0,0,0,0,31,34,65,42,52,0,0,0,0,0,0,0
2019-20,33,Tamilnadu,3301,TIRUVALLUR,330109,VILLIVAKKAM,Urban,1,cat1,"PS (I-V)",1,"Department of Education",2,SC,25,19,47,56,52,55,71,0,0,0,0,0,0,0,59,65,66,81,70,0,0,0,0,0,0,0
2019-20,33,Tamilnadu,3301,TIRUVALLUR,330110,PUZHAL,Urban,1,cat1,"PS (I-V)",1,"Department of Education",2,SC,30,34,68,95,98,125,119,0,0,0,0,0,0,0,77,86,107,102,123,0,0,0,0,0,0,0
2019-20,33,Tamilnadu,3301,TIRUVALLUR,330111,TIRUTTANI,Urban,1,cat1,"PS (I-V)",1,"Department of Education",2,SC,0,0,13,10,12,15,9,0,0,0,0,0,0,0,9,16,14,16,23,0,0,0,0,0,0,0
2019-20,33,Tamilnadu,3301,TIRUVALLUR,330101,THIRUVALLUR,Rural,1,cat1,"PS (I-V)",2,"Tribal Welfare Department",2,SC,0,0,5,7,7,13,13,0,0,0,0,0,0,0,4,12,13,13,8,0,0,0,0,0,0,0
2019-20,33,Tamilnadu,3301,TIRUVALLUR,330103,KADAMBATHUR,Rural,1,cat1,"PS (I-V)",2,"Tribal Welfare Department",2,SC,0,0,0,2,3,0,0,0,0,0,0,0,0,0,2,2,0,2,1,0,0,0,0,0,0,0
2019-20,33,Tamilnadu,3301,TIRUVALLUR,330104,ELLAPURAM,Rural,1,cat1,"PS (I-V)",2,"Tribal Welfare Department",2,SC,0,0,9,7,11,11,11,0,0,0,0,0,0,0,1,5,10,7,10,0,0,0,0,0,0,0
2019-20,33,Tamilnadu,3301,TIRUVALLUR,330105,POONAMALLEE,Rural,1,cat1,"PS (I-V)",2,"Tribal Welfare Department",2,SC,0,0,13,25,25,14,23,0,0,0,0,0,0,0,18,16,19,22,21,0,0,0,0,0,0,0
2019-20,33,Tamilnadu,3301,TIRUVALLUR,330106,MINJUR,Rural,1,cat1,"PS (I-V)",2,"Tribal Welfare Department",2,SC,0,0,13,23,16,28,38,0,0,0,0,0,0,0,20,21,15,17,20,0,0,0,0,0,0,0
2019-20,33,Tamilnadu,3301,TIRUVALLUR,330107,SHOLAVARAM,Rural,1,cat1,"PS (I-V)",2,"Tribal Welfare Department",2,SC,0,0,10,10,8,9,12,0,0,0,0,0,0,0,10,15,9,10,12,0,0,0,0,0,0,0
2019-20,33,Tamilnadu,3301,TIRUVALLUR,330108,GUMMIDIPOONDI,Rural,1,cat1,"PS (I-V)",2,"Tribal Welfare Department",2,SC,0,0,14,15,14,17,27,0,0,0,0,0,0,0,7,10,13,8,12,0,0,0,0,0,0,0
2019-20,33,Tamilnadu,3301,TIRUVALLUR,330109,VILLIVAKKAM,Rural,1,cat1,"PS (I-V)",2,"Tribal Welfare Department",2,SC,0,0,11,14,17,17,18,0,0,0,0,0,0,0,13,15,14,17,15,0,0,0,0,0,0,0
2019-20,33,Tamilnadu,3301,TIRUVALLUR,330110,PUZHAL,Rural,1,cat1,"PS (I-V)",2,"Tribal Welfare Department",2,SC,0,0,2,3,1,6,3,0,0,0,0,0,0,0,1,1,1,1,5,0,0,0,0,0,0,0
2019-20,33,Tamilnadu,3301,TIRUVALLUR,330111,TIRUTTANI,Rural,1,cat1,"PS (I-V)",2,"Tribal Welfare Department",2,SC,0,0,3,2,5,2,2,0,0,0,0,0,0,0,4,4,2,4,3,0,0,0,0,0,0,0
2019-20,33,Tamilnadu,3301,TIRUVALLUR,330112,THIRUVALANGADU,Rural,1,cat1,"PS (I-V)",2,"Tribal Welfare Department",2,SC,0,0,3,9,3,12,9,0,0,0,0,0,0,0,9,9,8,7,3,0,0,0,0,0,0,0
2019-20,33,Tamilnadu,3301,TIRUVALLUR,330101,THIRUVALLUR,Urban,1,cat1,"PS (I-V)",2,"Tribal Welfare Department",2,SC,0,0,8,3,4,9,12,0,0,0,0,0,0,0,8,7,6,10,6,0,0,0,0,0,0,0
2019-20,33,Tamilnadu,3301,TIRUVALLUR,330105,POONAMALLEE,Urban,1,cat1,"PS (I-V)",2,"Tribal Welfare Department",2,SC,0,0,7,12,13,14,14,0,0,0,0,0,0,0,9,9,6,17,16,0,0,0,0,0,0,0
2019-20,33,Tamilnadu,3301,TIRUVALLUR,330106,MINJUR,Urban,1,cat1,"PS (I-V)",2,"Tribal Welfare Department",2,SC,0,0,2,3,3,5,5,0,0,0,0,0,0,0,1,2,5,1,8,0,0,0,0,0,0,0
2019-20,33,Tamilnadu,3301,TIRUVALLUR,330109,VILLIVAKKAM,Urban,1,cat1,"PS (I-V)",2,"Tribal Welfare Department",2,SC,0,0,13,12,14,15,19,0,0,0,0,0,0,0,7,19,16,13,18,0,0,0,0,0,0,0
2019-20,33,Tamilnadu,3301,TIRUVALLUR,330110,PUZHAL,Urban,1,cat1,"PS (I-V)",2,"Tribal Welfare Department",2,SC,5,5,0,3,3,1,1,0,0,0,0,0,0,0,1,1,1,0,0,0,0,0,0,0,0,0
2019-20,33,Tamilnadu,3301,TIRUVALLUR,330101,THIRUVALLUR,Urban,1,cat1,"PS (I-V)",3,"Local body",2,SC,0,0,3,4,11,9,6,0,0,0,0,0,0,0,5,6,5,11,7,0,0,0,0,0,0,0
2019-20,33,Tamilnadu,3301,TIRUVALLUR,330105,POONAMALLEE,Urban,1,cat1,"PS (I-V)",3,"Local body",2,SC,0,0,25,30,28,36,37,0,0,0,0,0,0,0,30,32,34,38,37,0,0,0,0,0,0,0
2019-20,33,Tamilnadu,3301,TIRUVALLUR,330109,VILLIVAKKAM,Urban,1,cat1,"PS (I-V)",3,"Local body",2,SC,8,6,73,91,106,100,124,0,0,0,0,0,0,0,77,86,105,125,100,0,0,0,0,0,0,0
2019-20,33,Tamilnadu,3301,TIRUVALLUR,330110,PUZHAL,Urban,1,cat1,"PS (I-V)",3,"Local body",2,SC,26,22,50,45,56,56,68,0,0,0,0,0,0,0,52,41,61,45,56,0,0,0,0,0,0,0
2019-20,33,Tamilnadu,3301,TIRUVALLUR,330101,THIRUVALLUR,Rural,1,cat1,"PS (I-V)",4,"Government Aided",2,SC,0,0,30,39,32,33,25,0,0,0,0,0,0,0,23,26,30,40,32,0,0,0,0,0,0,0
2019-20,33,Tamilnadu,3301,TIRUVALLUR,330102,POONDI,Rural,1,cat1,"PS (I-V)",4,"Government Aided",2,SC,0,0,32,45,31,43,47,0,0,0,0,0,0,0,43,39,39,47,40,0,0,0,0,0,0,0
2019-20,33,Tamilnadu,3301,TIRUVALLUR,330103,KADAMBATHUR,Rural,1,cat1,"PS (I-V)",4,"Government Aided",2,SC,0,0,31,38,36,42,37,0,0,0,0,0,0,0,40,36,32,45,47,0,0,0,0,0,0,0
2019-20,33,Tamilnadu,3301,TIRUVALLUR,330104,ELLAPURAM,Rural,1,cat1,"PS (I-V)",4,"Government Aided",2,SC,0,0,17,23,23,24,26,0,0,0,0,0,0,0,22,28,19,28,13,0,0,0,0,0,0,0
2019-20,33,Tamilnadu,3301,TIRUVALLUR,330105,POONAMALLEE,Rural,1,cat1,"PS (I-V)",4,"Government Aided",2,SC,0,0,21,20,30,43,36,0,0,0,0,0,0,0,21,24,35,37,42,0,0,0,0,0,0,0
2019-20,33,Tamilnadu,3301,TIRUVALLUR,330106,MINJUR,Rural,1,cat1,"PS (I-V)",4,"Government Aided",2,SC,0,0,15,18,20,25,27,0,0,0,0,0,0,0,32,21,33,39,41,0,0,0,0,0,0,0
2019-20,33,Tamilnadu,3301,TIRUVALLUR,330107,SHOLAVARAM,Rural,1,cat1,"PS (I-V)",4,"Government Aided",2,SC,0,0,11,5,9,11,10,0,0,0,0,0,0,0,10,4,11,11,4,0,0,0,0,0,0,0
2019-20,33,Tamilnadu,3301,TIRUVALLUR,330108,GUMMIDIPOONDI,Rural,1,cat1,"PS (I-V)",4,"Government Aided",2,SC,0,0,32,41,32,38,48,0,0,0,0,0,0,0,32,33,37,36,48,0,0,0,0,0,0,0
2019-20,33,Tamilnadu,3301,TIRUVALLUR,330109,VILLIVAKKAM,Rural,1,cat1,"PS (I-V)",4,"Government Aided",2,SC,0,0,5,14,13,9,19,0,0,0,0,0,0,0,9,9,11,6,2,0,0,0,0,0,0,0
2019-20,33,Tamilnadu,3301,TIRUVALLUR,330110,PUZHAL,Rural,1,cat1,"PS (I-V)",4,"Government Aided",2,SC,0,0,16,12,11,12,11,0,0,0,0,0,0,0,12,15,13,19,24,0,0,0,0,0,0,0
2019-20,33,Tamilnadu,3301,TIRUVALLUR,330111,TIRUTTANI,Rural,1,cat1,"PS (I-V)",4,"Government Aided",2,SC,0,0,7,10,12,12,10,0,0,0,0,0,0,0,7,12,10,19,16,0,0,0,0,0,0,0
2019-20,33,Tamilnadu,3301,TIRUVALLUR,330112,THIRUVALANGADU,Rural,1,cat1,"PS (I-V)",4,"Government Aided",2,SC,0,0,16,20,25,23,29,0,0,0,0,0,0,0,22,35,31,30,25,0,0,0,0,0,0,0
2019-20,33,Tamilnadu,3301,TIRUVALLUR,330113,PALLIPAT,Rural,1,cat1,"PS (I-V)",4,"Government Aided",2,SC,0,0,12,12,9,14,11,0,0,0,0,0,0,0,12,11,12,11,20,0,0,0,0,0,0,0
2019-20,33,Tamilnadu,3301,TIRUVALLUR,330114,R.K.PET,Rural,1,cat1,"PS (I-V)",4,"Government Aided",2,SC,0,0,12,27,28,22,15,0,0,0,0,0,0,0,13,13,16,24,19,0,0,0,0,0,0,0
2019-20,33,Tamilnadu,3301,TIRUVALLUR,330101,THIRUVALLUR,Urban,1,cat1,"PS (I-V)",4,"Government Aided",2,SC,0,0,7,9,9,5,7,0,0,0,0,0,0,0,9,7,7,6,7,0,0,0,0,0,0,0
2019-20,33,Tamilnadu,3301,TIRUVALLUR,330105,POONAMALLEE,Urban,1,cat1,"PS (I-V)",4,"Government Aided",2,SC,0,0,23,41,45,55,63,0,0,0,0,0,0,0,35,37,55,54,57,0,0,0,0,0,0,0
2019-20,33,Tamilnadu,3301,TIRUVALLUR,330109,VILLIVAKKAM,Urban,1,cat1,"PS (I-V)",4,"Government Aided",2,SC,0,0,72,47,68,66,85,0,0,0,0,0,0,0,54,76,52,73,90,0,0,0,0,0,0,0
2019-20,33,Tamilnadu,3301,TIRUVALLUR,330110,PUZHAL,Urban,1,cat1,"PS (I-V)",4,"Government Aided",2,SC,0,0,71,98,88,100,104,0,0,0,0,0,0,0,76,88,91,95,129,0,0,0,0,0,0,0
2019-20,33,Tamilnadu,3301,TIRUVALLUR,330111,TIRUTTANI,Urban,1,cat1,"PS (I-V)",4,"Government Aided",2,SC,0,0,0,4,4,6,3,0,0,0,0,0,0,0,4,7,9,5,8,0,0,0,0,0,0,0
2019-20,33,Tamilnadu,3301,TIRUVALLUR,330101,THIRUVALLUR,Rural,1,cat1,"PS (I-V)",5,"Private Unaided (Recognized)",2,SC,225,203,107,99,108,91,84,0,0,0,0,0,0,0,104,84,86,79,83,0,0,0,0,0,0,0
2019-20,33,Tamilnadu,3301,TIRUVALLUR,330102,POONDI,Rural,1,cat1,"PS (I-V)",5,"Private Unaided (Recognized)",2,SC,75,53,21,19,19,18,21,0,0,0,0,0,0,0,20,23,20,15,18,0,0,0,0,0,0,0
2019-20,33,Tamilnadu,3301,TIRUVALLUR,330103,KADAMBATHUR,Rural,1,cat1,"PS (I-V)",5,"Private Unaided (Recognized)",2,SC,193,201,90,70,80,63,59,0,0,0,0,0,0,0,82,76,66,52,37,0,0,0,0,0,0,0
2019-20,33,Tamilnadu,3301,TIRUVALLUR,330104,ELLAPURAM,Rural,1,cat1,"PS (I-V)",5,"Private Unaided (Recognized)",2,SC,63,67,33,42,23,15,13,0,0,0,0,0,0,0,21,33,23,18,16,0,0,0,0,0,0,0
2019-20,33,Tamilnadu,3301,TIRUVALLUR,330105,POONAMALLEE,Rural,1,cat1,"PS (I-V)",5,"Private Unaided (Recognized)",2,SC,111,108,49,58,39,45,35,0,0,0,0,0,0,0,48,43,37,30,30,0,0,0,0,0,0,0
2019-20,33,Tamilnadu,3301,TIRUVALLUR,330106,MINJUR,Rural,1,cat1,"PS (I-V)",5,"Private Unaided (Recognized)",2,SC,202,186,85,84,62,62,43,0,0,0,0,0,0,0,61,72,64,53,44,0,0,0,0,0,0,0
2019-20,33,Tamilnadu,3301,TIRUVALLUR,330107,SHOLAVARAM,Rural,1,cat1,"PS (I-V)",5,"Private Unaided (Recognized)",2,SC,137,113,64,54,55,35,37,0,0,0,0,0,0,0,46,60,54,48,36,0,0,0,0,0,0,0
2019-20,33,Tamilnadu,3301,TIRUVALLUR,330108,GUMMIDIPOONDI,Rural,1,cat1,"PS (I-V)",5,"Private Unaided (Recognized)",2,SC,108,88,46,47,43,24,33,0,0,0,0,0,0,0,59,44,40,26,27,0,0,0,0,0,0,0
2019-20,33,Tamilnadu,3301,TIRUVALLUR,330109,VILLIVAKKAM,Rural,1,cat1,"PS (I-V)",5,"Private Unaided (Recognized)",2,SC,133,90,64,58,59,55,34,0,0,0,0,0,0,0,67,56,56,62,33,0,0,0,0,0,0,0
2019-20,33,Tamilnadu,3301,TIRUVALLUR,330110,PUZHAL,Rural,1,cat1,"PS (I-V)",5,"Private Unaided (Recognized)",2,SC,75,47,23,15,13,20,13,0,0,0,0,0,0,0,18,21,16,9,13,0,0,0,0,0,0,0
2019-20,33,Tamilnadu,3301,TIRUVALLUR,330111,TIRUTTANI,Rural,1,cat1,"PS (I-V)",5,"Private Unaided (Recognized)",2,SC,31,18,15,9,6,5,9,0,0,0,0,0,0,0,5,8,8,8,11,0,0,0,0,0,0,0
2019-20,33,Tamilnadu,3301,TIRUVALLUR,330112,THIRUVALANGADU,Rural,1,cat1,"PS (I-V)",5,"Private Unaided (Recognized)",2,SC,101,85,47,44,33,28,27,0,0,0,0,0,0,0,49,41,35,22,33,0,0,0,0,0,0,0
2019-20,33,Tamilnadu,3301,TIRUVALLUR,330113,PALLIPAT,Rural,1,cat1,"PS (I-V)",5,"Private Unaided (Recognized)",2,SC,55,40,30,18,23,16,12,0,0,0,0,0,0,0,18,21,16,8,9,0,0,0,0,0,0,0
2019-20,33,Tamilnadu,3301,TIRUVALLUR,330114,R.K.PET,Rural,1,cat1,"PS (I-V)",5,"Private Unaided (Recognized)",2,SC,83,63,26,31,24,29,20,0,0,0,0,0,0,0,25,22,21,14,16,0,0,0,0,0,0,0
2019-20,33,Tamilnadu,3301,TIRUVALLUR,330101,THIRUVALLUR,Urban,1,cat1,"PS (I-V)",5,"Private Unaided (Recognized)",2,SC,90,72,41,43,34,43,34,0,0,0,0,0,0,0,33,26,34,32,38,0,0,0,0,0,0,0
2019-20,33,Tamilnadu,3301,TIRUVALLUR,330105,POONAMALLEE,Urban,1,cat1,"PS (I-V)",5,"Private Unaided (Recognized)",2,SC,227,236,121,91,74,81,71,0,0,0,0,0,0,0,94,93,76,66,89,0,0,0,0,0,0,0
2019-20,33,Tamilnadu,3301,TIRUVALLUR,330106,MINJUR,Urban,1,cat1,"PS (I-V)",5,"Private Unaided (Recognized)",2,SC,14,13,3,10,3,4,1,0,0,0,0,0,0,0,4,3,4,3,4,0,0,0,0,0,0,0
2019-20,33,Tamilnadu,3301,TIRUVALLUR,330109,VILLIVAKKAM,Urban,1,cat1,"PS (I-V)",5,"Private Unaided (Recognized)",2,SC,497,503,265,250,237,194,162,0,0,0,0,0,0,0,248,261,211,209,148,0,0,0,0,0,0,0
2019-20,33,Tamilnadu,3301,TIRUVALLUR,330110,PUZHAL,Urban,1,cat1,"PS (I-V)",5,"Private Unaided (Recognized)",2,SC,608,520,301,310,310,256,275,0,0,0,0,0,0,0,318,294,295,250,221,0,0,0,0,0,0,0
2019-20,33,Tamilnadu,3301,TIRUVALLUR,330111,TIRUTTANI,Urban,1,cat1,"PS (I-V)",5,"Private Unaided (Recognized)",2,SC,95,75,38,33,40,20,23,0,0,0,0,0,0,0,39,34,26,25,14,0,0,0,0,0,0,0
2019-20,33,Tamilnadu,3301,TIRUVALLUR,330107,SHOLAVARAM,Rural,1,cat1,"PS (I-V)",8,Unrecognized,2,SC,10,17,4,4,0,0,1,0,0,0,0,0,0,0,4,2,3,1,2,0,0,0,0,0,0,0
2019-20,33,Tamilnadu,3301,TIRUVALLUR,330101,THIRUVALLUR,Rural,6,cat6,"SS (I-X)",1,"Department of Education",2,SC,0,0,2,0,5,4,1,8,12,4,2,9,0,0,2,2,4,7,5,4,6,6,5,8,0,0
2019-20,33,Tamilnadu,3301,TIRUVALLUR,330101,THIRUVALLUR,Rural,6,cat6,"SS (I-X)",5,"Private Unaided (Recognized)",2,SC,124,112,62,46,57,49,43,39,33,31,19,19,0,0,50,52,50,47,48,44,20,22,28,14,0,0
2019-20,33,Tamilnadu,3301,TIRUVALLUR,330102,POONDI,Rural,6,cat6,"SS (I-X)",5,"Private Unaided (Recognized)",2,SC,101,82,48,48,52,28,44,30,20,21,9,15,0,0,38,37,40,35,18,18,22,9,8,8,0,0
2019-20,33,Tamilnadu,3301,TIRUVALLUR,330103,KADAMBATHUR,Rural,6,cat6,"SS (I-X)",5,"Private Unaided (Recognized)",2,SC,27,29,16,14,14,10,13,17,11,21,19,5,0,0,11,6,11,8,15,4,8,2,0,11,0,0
2019-20,33,Tamilnadu,3301,TIRUVALLUR,330104,ELLAPURAM,Rural,6,cat6,"SS (I-X)",5,"Private Unaided (Recognized)",2,SC,119,100,48,67,52,59,41,37,43,29,35,28,0,0,48,35,49,40,51,35,33,31,27,17,0,0
2019-20,33,Tamilnadu,3301,TIRUVALLUR,330105,POONAMALLEE,Rural,6,cat6,"SS (I-X)",5,"Private Unaided (Recognized)",2,SC,82,95,39,33,33,29,27,18,23,32,16,9,0,0,36,35,32,17,20,19,18,29,18,9,0,0
2019-20,33,Tamilnadu,3301,TIRUVALLUR,330106,MINJUR,Rural,6,cat6,"SS (I-X)",5,"Private Unaided (Recognized)",2,SC,191,178,94,118,91,103,79,80,44,58,57,40,0,0,102,81,87,83,68,56,51,54,35,41,0,0
2019-20,33,Tamilnadu,3301,TIRUVALLUR,330107,SHOLAVARAM,Rural,6,cat6,"SS (I-X)",5,"Private Unaided (Recognized)",2,SC,34,24,16,19,13,16,11,10,12,9,7,8,0,0,16,22,8,12,11,10,6,4,5,4,0,0
2019-20,33,Tamilnadu,3301,TIRUVALLUR,330108,GUMMIDIPOONDI,Rural,6,cat6,"SS (I-X)",5,"Private Unaided (Recognized)",2,SC,92,59,28,42,29,26,25,31,18,13,21,15,0,0,31,28,37,37,18,24,19,13,12,18,0,0
2019-20,33,Tamilnadu,3301,TIRUVALLUR,330109,VILLIVAKKAM,Rural,6,cat6,"SS (I-X)",5,"Private Unaided (Recognized)",2,SC,18,12,6,6,11,13,15,5,9,11,7,13,0,0,14,5,10,6,17,8,5,1,3,7,0,0
2019-20,33,Tamilnadu,3301,TIRUVALLUR,330110,PUZHAL,Rural,6,cat6,"SS (I-X)",5,"Private Unaided (Recognized)",2,SC,32,33,7,13,12,12,6,12,9,10,4,5,0,0,21,11,12,9,13,5,11,6,3,4,0,0
2019-20,33,Tamilnadu,3301,TIRUVALLUR,330111,TIRUTTANI,Rural,6,cat6,"SS (I-X)",5,"Private Unaided (Recognized)",2,SC,89,81,46,31,51,32,25,28,23,16,8,9,0,0,32,41,19,19,22,17,14,15,7,5,0,0
2019-20,33,Tamilnadu,3301,TIRUVALLUR,330112,THIRUVALANGADU,Rural,6,cat6,"SS (I-X)",5,"Private Unaided (Recognized)",2,SC,35,57,17,23,19,24,12,28,17,16,15,11,0,0,21,14,17,14,4,15,22,17,10,7,0,0
2019-20,33,Tamilnadu,3301,TIRUVALLUR,330113,PALLIPAT,Rural,6,cat6,"SS (I-X)",5,"Private Unaided (Recognized)",2,SC,49,41,32,28,18,25,22,14,16,13,12,8,0,0,21,26,16,21,12,16,16,12,9,3,0,0
2019-20,33,Tamilnadu,3301,TIRUVALLUR,330114,R.K.PET,Rural,6,cat6,"SS (I-X)",5,"Private Unaided (Recognized)",2,SC,27,14,7,8,11,8,11,10,11,3,6,7,0,0,11,9,15,7,9,7,10,2,5,5,0,0
2019-20,33,Tamilnadu,3301,TIRUVALLUR,330101,THIRUVALLUR,Urban,6,cat6,"SS (I-X)",5,"Private Unaided (Recognized)",2,SC,26,40,9,4,13,9,9,7,7,6,9,8,0,0,15,14,5,3,5,3,5,5,7,4,0,0
2019-20,33,Tamilnadu,3301,TIRUVALLUR,330105,POONAMALLEE,Urban,6,cat6,"SS (I-X)",5,"Private Unaided (Recognized)",2,SC,204,199,106,119,93,113,123,124,114,103,128,85,0,0,111,98,94,96,97,77,74,80,88,69,0,0
2019-20,33,Tamilnadu,3301,TIRUVALLUR,330106,MINJUR,Urban,6,cat6,"SS (I-X)",5,"Private Unaided (Recognized)",2,SC,94,71,33,34,39,37,40,39,28,28,40,15,0,0,45,33,32,42,31,18,28,17,24,8,0,0
2019-20,33,Tamilnadu,3301,TIRUVALLUR,330109,VILLIVAKKAM,Urban,6,cat6,"SS (I-X)",5,"Private Unaided (Recognized)",2,SC,464,435,280,276,248,221,202,194,155,148,135,123,0,0,227,213,214,234,167,162,142,104,114,87,0,0
2019-20,33,Tamilnadu,3301,TIRUVALLUR,330110,PUZHAL,Urban,6,cat6,"SS (I-X)",5,"Private Unaided (Recognized)",2,SC,211,224,92,120,130,105,115,101,85,81,50,66,0,0,116,109,107,91,90,78,65,68,58,46,0,0
2019-20,33,Tamilnadu,3301,TIRUVALLUR,330111,TIRUTTANI,Urban,6,cat6,"SS (I-X)",5,"Private Unaided (Recognized)",2,SC,28,12,6,8,8,3,5,3,6,2,5,1,0,0,9,2,7,4,2,9,2,1,2,5,0,0
2019-20,33,Tamilnadu,3301,TIRUVALLUR,330110,PUZHAL,Rural,6,cat6,"SS (I-X)",8,Unrecognized,2,SC,2,2,3,1,3,0,2,0,1,1,3,0,0,0,3,3,1,1,2,0,1,0,0,0,0,0
2019-20,33,Tamilnadu,3301,TIRUVALLUR,330109,VILLIVAKKAM,Urban,6,cat6,"SS (I-X)",101,"Other Central Govt. Schools",2,SC,37,22,22,24,24,28,25,24,27,18,12,8,0,0,22,28,27,16,22,15,22,13,14,11,0,0
2019-20,33,Tamilnadu,3301,TIRUVALLUR,330101,THIRUVALLUR,Rural,7,cat7,"SS (VI-X)",1,"Department of Education",2,SC,0,0,0,0,0,0,0,62,67,53,63,61,0,0,0,0,0,0,0,59,71,73,87,102,0,0
2019-20,33,Tamilnadu,3301,TIRUVALLUR,330102,POONDI,Rural,7,cat7,"SS (VI-X)",1,"Department of Education",2,SC,0,0,0,0,0,0,0,57,60,72,64,58,0,0,0,0,0,0,0,68,60,63,71,63,0,0
2019-20,33,Tamilnadu,3301,TIRUVALLUR,330103,KADAMBATHUR,Rural,7,cat7,"SS (VI-X)",1,"Department of Education",2,SC,0,0,0,0,0,0,0,72,71,76,75,66,0,0,0,0,0,0,0,108,101,90,110,106,0,0
2019-20,33,Tamilnadu,3301,TIRUVALLUR,330104,ELLAPURAM,Rural,7,cat7,"SS (VI-X)",1,"Department of Education",2,SC,0,0,0,0,0,0,0,89,99,89,129,116,0,0,0,0,0,0,0,74,71,102,129,128,0,0
2019-20,33,Tamilnadu,3301,TIRUVALLUR,330105,POONAMALLEE,Rural,7,cat7,"SS (VI-X)",1,"Department of Education",2,SC,0,0,0,0,0,0,0,50,52,55,72,62,0,0,0,0,0,0,0,36,39,34,71,64,0,0
2019-20,33,Tamilnadu,3301,TIRUVALLUR,330106,MINJUR,Rural,7,cat7,"SS (VI-X)",1,"Department of Education",2,SC,0,0,0,0,0,0,0,110,98,96,130,91,0,0,0,0,0,0,0,83,74,79,100,83,0,0
2019-20,33,Tamilnadu,3301,TIRUVALLUR,330107,SHOLAVARAM,Rural,7,cat7,"SS (VI-X)",1,"Department of Education",2,SC,0,0,0,0,0,0,0,67,71,72,107,96,0,0,0,0,0,0,0,61,66,68,99,98,0,0
2019-20,33,Tamilnadu,3301,TIRUVALLUR,330108,GUMMIDIPOONDI,Rural,7,cat7,"SS (VI-X)",1,"Department of Education",2,SC,0,0,0,0,0,0,0,73,56,57,76,65,0,0,0,0,0,0,0,68,72,79,111,95,0,0
2019-20,33,Tamilnadu,3301,TIRUVALLUR,330109,VILLIVAKKAM,Rural,7,cat7,"SS (VI-X)",1,"Department of Education",2,SC,0,0,0,0,0,0,0,61,50,55,49,56,0,0,0,0,0,0,0,71,85,71,89,71,0,0
2019-20,33,Tamilnadu,3301,TIRUVALLUR,330111,TIRUTTANI,Rural,7,cat7,"SS (VI-X)",1,"Department of Education",2,SC,0,0,0,0,0,0,0,9,9,11,5,14,0,0,0,0,0,0,0,13,9,5,10,11,0,0
2019-20,33,Tamilnadu,3301,TIRUVALLUR,330112,THIRUVALANGADU,Rural,7,cat7,"SS (VI-X)",1,"Department of Education",2,SC,0,0,0,0,0,0,0,51,57,56,58,58,0,0,0,0,0,0,0,48,60,28,47,55,0,0
2019-20,33,Tamilnadu,3301,TIRUVALLUR,330113,PALLIPAT,Rural,7,cat7,"SS (VI-X)",1,"Department of Education",2,SC,0,0,0,0,0,0,0,90,96,52,103,88,0,0,0,0,0,0,0,79,87,77,117,104,0,0
2019-20,33,Tamilnadu,3301,TIRUVALLUR,330114,R.K.PET,Rural,7,cat7,"SS (VI-X)",1,"Department of Education",2,SC,0,0,0,0,0,0,0,43,51,53,51,59,0,0,0,0,0,0,0,56,51,76,71,78,0,0
2019-20,33,Tamilnadu,3301,TIRUVALLUR,330106,MINJUR,Urban,7,cat7,"SS (VI-X)",1,"Department of Education",2,SC,0,0,0,0,0,0,0,33,50,35,47,38,0,0,0,0,0,0,0,26,31,24,33,23,0,0
2019-20,33,Tamilnadu,3301,TIRUVALLUR,330109,VILLIVAKKAM,Urban,7,cat7,"SS (VI-X)",1,"Department of Education",2,SC,0,0,0,0,0,0,0,35,32,23,39,21,0,0,0,0,0,0,0,22,15,24,16,8,0,0
2019-20,33,Tamilnadu,3301,TIRUVALLUR,330110,PUZHAL,Urban,7,cat7,"SS (VI-X)",1,"Department of Education",2,SC,0,0,0,0,0,0,0,69,79,69,85,51,0,0,0,0,0,0,0,71,80,70,69,52,0,0
2019-20,33,Tamilnadu,3301,TIRUVALLUR,330111,TIRUTTANI,Urban,7,cat7,"SS (VI-X)",1,"Department of Education",2,SC,0,0,0,0,0,0,0,6,12,12,12,15,0,0,0,0,0,0,0,13,17,10,14,11,0,0
2019-20,33,Tamilnadu,3301,TIRUVALLUR,330106,MINJUR,Rural,7,cat7,"SS (VI-X)",2,"Tribal Welfare Department",2,SC,0,0,0,0,0,0,0,16,20,20,22,24,0,0,0,0,0,0,0,12,21,16,23,20,0,0
2019-20,33,Tamilnadu,3301,TIRUVALLUR,330112,THIRUVALANGADU,Rural,7,cat7,"SS (VI-X)",2,"Tribal Welfare Department",2,SC,0,0,0,0,0,0,0,8,8,12,6,13,0,0,0,0,0,0,0,8,5,6,10,9,0,0
2019-20,33,Tamilnadu,3301,TIRUVALLUR,330101,THIRUVALLUR,Urban,7,cat7,"SS (VI-X)",2,"Tribal Welfare Department",2,SC,0,0,0,0,0,0,0,6,7,4,6,6,0,0,0,0,0,0,0,13,5,8,3,2,0,0
2019-20,33,Tamilnadu,3301,TIRUVALLUR,330105,POONAMALLEE,Urban,7,cat7,"SS (VI-X)",2,"Tribal Welfare Department",2,SC,0,0,0,0,0,0,0,15,14,14,14,15,0,0,0,0,0,0,0,8,11,5,11,7,0,0
2019-20,33,Tamilnadu,3301,TIRUVALLUR,330109,VILLIVAKKAM,Urban,7,cat7,"SS (VI-X)",2,"Tribal Welfare Department",2,SC,0,0,0,0,0,0,0,9,18,10,13,14,0,0,0,0,0,0,0,8,13,7,8,5,0,0
2019-20,33,Tamilnadu,3301,TIRUVALLUR,330105,POONAMALLEE,Urban,7,cat7,"SS (VI-X)",3,"Local body",2,SC,0,0,0,0,0,0,0,36,36,35,43,26,0,0,0,0,0,0,0,39,34,40,29,32,0,0
2019-20,33,Tamilnadu,3301,TIRUVALLUR,330109,VILLIVAKKAM,Urban,7,cat7,"SS (VI-X)",3,"Local body",2,SC,0,0,0,0,0,0,0,86,75,74,69,46,0,0,0,0,0,0,0,64,61,55,49,40,0,0
2019-20,33,Tamilnadu,3301,TIRUVALLUR,330110,PUZHAL,Urban,7,cat7,"SS (VI-X)",3,"Local body",2,SC,0,0,0,0,0,0,0,14,17,28,8,21,0,0,0,0,0,0,0,14,17,13,3,11,0,0
2019-20,33,Tamilnadu,3301,TIRUVALLUR,330101,THIRUVALLUR,Rural,7,cat7,"SS (VI-X)",4,"Government Aided",2,SC,0,0,0,0,0,0,0,8,5,18,18,16,0,0,0,0,0,0,0,6,8,7,9,17,0,0
2019-20,33,Tamilnadu,3301,TIRUVALLUR,330104,ELLAPURAM,Rural,7,cat7,"SS (VI-X)",4,"Government Aided",2,SC,0,0,0,0,0,0,0,10,14,19,24,19,0,0,0,0,0,0,0,7,14,11,19,13,0,0
2019-20,33,Tamilnadu,3301,TIRUVALLUR,330105,POONAMALLEE,Rural,7,cat7,"SS (VI-X)",4,"Government Aided",2,SC,0,0,0,0,0,0,0,9,8,8,4,0,0,0,0,0,0,0,0,13,7,7,7,7,0,0
2019-20,33,Tamilnadu,3301,TIRUVALLUR,330106,MINJUR,Rural,7,cat7,"SS (VI-X)",4,"Government Aided",2,SC,0,0,0,0,0,0,0,37,32,63,57,49,0,0,0,0,0,0,0,26,27,36,38,40,0,0
2019-20,33,Tamilnadu,3301,TIRUVALLUR,330105,POONAMALLEE,Urban,7,cat7,"SS (VI-X)",4,"Government Aided",2,SC,0,0,0,0,0,0,0,47,41,24,27,23,0,0,0,0,0,0,0,24,23,30,28,12,0,0
2019-20,33,Tamilnadu,3301,TIRUVALLUR,330109,VILLIVAKKAM,Urban,7,cat7,"SS (VI-X)",4,"Government Aided",2,SC,0,0,0,0,0,0,0,60,63,70,66,61,0,0,0,0,0,0,0,75,78,94,87,66,0,0
2019-20,33,Tamilnadu,3301,TIRUVALLUR,330110,PUZHAL,Urban,7,cat7,"SS (VI-X)",4,"Government Aided",2,SC,0,0,0,0,0,0,0,12,16,9,9,2,0,0,0,0,0,0,0,18,11,8,12,8,0,0
2019-20,33,Tamilnadu,3301,TIRUVALLUR,330111,TIRUTTANI,Urban,7,cat7,"SS (VI-X)",4,"Government Aided",2,SC,0,0,0,0,0,0,0,19,16,24,17,28,0,0,0,0,0,0,0,6,8,16,6,12,0,0
2019-20,33,Tamilnadu,3301,TIRUVALLUR,330102,POONDI,Rural,7,cat7,"SS (VI-X)",5,"Private Unaided (Recognized)",2,SC,0,0,0,0,0,0,0,1,0,5,3,3,0,0,0,0,0,0,0,1,2,0,2,5,0,0
2019-20,33,Tamilnadu,3301,TIRUVALLUR,330105,POONAMALLEE,Rural,7,cat7,"SS (VI-X)",5,"Private Unaided (Recognized)",2,SC,0,0,0,0,0,0,0,2,5,5,7,7,0,0,0,0,0,0,0,0,0,0,0,0,0,0
2019-20,33,Tamilnadu,3301,TIRUVALLUR,330110,PUZHAL,Urban,7,cat7,"SS (VI-X)",5,"Private Unaided (Recognized)",2,SC,0,0,0,0,0,0,0,8,5,8,6,8,0,0,0,0,0,0,0,4,6,3,6,3,0,0
2019-20,33,Tamilnadu,3301,TIRUVALLUR,330105,POONAMALLEE,Urban,7,cat7,"SS (VI-X)",8,Unrecognized,2,SC,0,0,0,0,0,0,0,0,0,0,0,0,0,0,0,0,0,0,0,0,0,0,0,0,0,0
2019-20,33,Tamilnadu,3301,TIRUVALLUR,330101,THIRUVALLUR,Rural,2,cat2,"UPS (I-VIII)",1,"Department of Education",2,SC,18,14,43,55,50,62,43,61,71,52,0,0,0,0,59,58,49,58,53,55,59,53,0,0,0,0
2019-20,33,Tamilnadu,3301,TIRUVALLUR,330102,POONDI,Rural,2,cat2,"UPS (I-VIII)",1,"Department of Education",2,SC,8,10,30,28,29,21,29,46,30,30,0,0,0,0,19,23,19,21,38,22,29,37,0,0,0,0
2019-20,33,Tamilnadu,3301,TIRUVALLUR,330103,KADAMBATHUR,Rural,2,cat2,"UPS (I-VIII)",1,"Department of Education",2,SC,6,11,39,41,49,52,47,46,57,44,0,0,0,0,42,55,48,59,65,69,47,61,0,0,0,0
2019-20,33,Tamilnadu,3301,TIRUVALLUR,330104,ELLAPURAM,Rural,2,cat2,"UPS (I-VIII)",1,"Department of Education",2,SC,36,22,44,51,53,59,68,75,69,68,0,0,0,0,39,52,42,64,49,85,73,82,0,0,0,0
2019-20,33,Tamilnadu,3301,TIRUVALLUR,330105,POONAMALLEE,Rural,2,cat2,"UPS (I-VIII)",1,"Department of Education",2,SC,22,19,59,62,56,66,84,98,86,70,0,0,0,0,59,63,69,68,85,78,83,72,0,0,0,0
2019-20,33,Tamilnadu,3301,TIRUVALLUR,330106,MINJUR,Rural,2,cat2,"UPS (I-VIII)",1,"Department of Education",2,SC,28,23,42,45,71,50,66,102,114,98,0,0,0,0,40,65,54,55,61,93,93,76,0,0,0,0
2019-20,33,Tamilnadu,3301,TIRUVALLUR,330107,SHOLAVARAM,Rural,2,cat2,"UPS (I-VIII)",1,"Department of Education",2,SC,17,21,38,64,67,64,77,90,82,94,0,0,0,0,45,52,68,72,69,87,82,71,0,0,0,0
2019-20,33,Tamilnadu,3301,TIRUVALLUR,330108,GUMMIDIPOONDI,Rural,2,cat2,"UPS (I-VIII)",1,"Department of Education",2,SC,49,52,61,75,86,79,100,149,119,116,0,0,0,0,75,75,92,82,98,124,136,120,0,0,0,0
2019-20,33,Tamilnadu,3301,TIRUVALLUR,330109,VILLIVAKKAM,Rural,2,cat2,"UPS (I-VIII)",1,"Department of Education",2,SC,0,0,5,9,8,4,12,12,5,14,0,0,0,0,5,10,5,4,6,13,8,12,0,0,0,0
2019-20,33,Tamilnadu,3301,TIRUVALLUR,330110,PUZHAL,Rural,2,cat2,"UPS (I-VIII)",1,"Department of Education",2,SC,18,13,8,17,12,16,16,36,53,32,0,0,0,0,14,12,20,11,24,30,37,26,0,0,0,0
2019-20,33,Tamilnadu,3301,TIRUVALLUR,330111,TIRUTTANI,Rural,2,cat2,"UPS (I-VIII)",1,"Department of Education",2,SC,1,4,18,30,24,40,34,76,67,51,0,0,0,0,26,32,29,44,24,62,79,58,0,0,0,0
2019-20,33,Tamilnadu,3301,TIRUVALLUR,330112,THIRUVALANGADU,Rural,2,cat2,"UPS (I-VIII)",1,"Department of Education",2,SC,36,27,28,32,26,34,26,52,38,39,0,0,0,0,24,32,46,34,34,48,46,29,0,0,0,0
2019-20,33,Tamilnadu,3301,TIRUVALLUR,330113,PALLIPAT,Rural,2,cat2,"UPS (I-VIII)",1,"Department of Education",2,SC,11,9,19,20,19,33,24,48,17,29,0,0,0,0,20,22,25,26,25,33,37,29,0,0,0,0
2019-20,33,Tamilnadu,3301,TIRUVALLUR,330114,R.K.PET,Rural,2,cat2,"UPS (I-VIII)",1,"Department of Education",2,SC,2,4,21,23,24,23,26,27,20,29,0,0,0,0,25,22,18,20,17,24,27,25,0,0,0,0
2019-20,33,Tamilnadu,3301,TIRUVALLUR,330105,POONAMALLEE,Urban,2,cat2,"UPS (I-VIII)",1,"Department of Education",2,SC,0,5,9,20,17,22,29,39,31,31,0,0,0,0,15,25,28,33,27,35,35,36,0,0,0,0
2019-20,33,Tamilnadu,3301,TIRUVALLUR,330106,MINJUR,Urban,2,cat2,"UPS (I-VIII)",1,"Department of Education",2,SC,1,2,6,8,8,10,15,19,18,23,0,0,0,0,6,15,8,9,14,15,15,7,0,0,0,0
2019-20,33,Tamilnadu,3301,TIRUVALLUR,330109,VILLIVAKKAM,Urban,2,cat2,"UPS (I-VIII)",1,"Department of Education",2,SC,12,18,33,37,53,55,67,82,57,61,0,0,0,0,32,39,52,44,69,57,59,57,0,0,0,0
2019-20,33,Tamilnadu,3301,TIRUVALLUR,330110,PUZHAL,Urban,2,cat2,"UPS (I-VIII)",1,"Department of Education",2,SC,50,41,19,36,38,42,61,63,69,71,0,0,0,0,28,26,30,47,50,60,67,56,0,0,0,0
2019-20,33,Tamilnadu,3301,TIRUVALLUR,330111,TIRUTTANI,Urban,2,cat2,"UPS (I-VIII)",1,"Department of Education",2,SC,0,0,4,5,3,9,4,15,3,5,0,0,0,0,6,8,2,4,8,12,14,7,0,0,0,0
2019-20,33,Tamilnadu,3301,TIRUVALLUR,330101,THIRUVALLUR,Rural,2,cat2,"UPS (I-VIII)",2,"Tribal Welfare Department",2,SC,7,4,2,0,0,1,2,0,1,1,0,0,0,0,3,2,1,1,3,1,1,2,0,0,0,0
2019-20,33,Tamilnadu,3301,TIRUVALLUR,330106,MINJUR,Rural,2,cat2,"UPS (I-VIII)",2,"Tribal Welfare Department",2,SC,0,0,2,2,1,2,1,2,9,2,0,0,0,0,2,0,1,2,3,4,3,0,0,0,0,0
2019-20,33,Tamilnadu,3301,TIRUVALLUR,330109,VILLIVAKKAM,Rural,2,cat2,"UPS (I-VIII)",2,"Tribal Welfare Department",2,SC,0,0,1,7,4,9,6,8,4,10,0,0,0,0,6,9,6,8,9,8,6,5,0,0,0,0
2019-20,33,Tamilnadu,3301,TIRUVALLUR,330110,PUZHAL,Rural,2,cat2,"UPS (I-VIII)",2,"Tribal Welfare Department",2,SC,0,0,2,1,1,2,4,3,3,4,0,0,0,0,2,1,2,4,3,4,3,4,0,0,0,0
2019-20,33,Tamilnadu,3301,TIRUVALLUR,330101,THIRUVALLUR,Urban,2,cat2,"UPS (I-VIII)",3,"Local body",2,SC,8,3,15,11,15,19,10,13,15,7,0,0,0,0,14,16,17,7,10,9,9,6,0,0,0,0
2019-20,33,Tamilnadu,3301,TIRUVALLUR,330105,POONAMALLEE,Urban,2,cat2,"UPS (I-VIII)",3,"Local body",2,SC,7,16,11,4,10,7,11,17,14,13,0,0,0,0,9,9,13,17,12,4,5,5,0,0,0,0
2019-20,33,Tamilnadu,3301,TIRUVALLUR,330109,VILLIVAKKAM,Urban,2,cat2,"UPS (I-VIII)",3,"Local body",2,SC,13,13,21,28,30,31,32,22,32,24,0,0,0,0,24,18,26,24,20,21,26,24,0,0,0,0
2019-20,33,Tamilnadu,3301,TIRUVALLUR,330110,PUZHAL,Urban,2,cat2,"UPS (I-VIII)",3,"Local body",2,SC,45,36,37,51,46,39,56,62,68,51,0,0,0,0,31,45,39,44,54,44,57,41,0,0,0,0
2019-20,33,Tamilnadu,3301,TIRUVALLUR,330103,KADAMBATHUR,Rural,2,cat2,"UPS (I-VIII)",4,"Government Aided",2,SC,0,0,6,4,7,9,9,11,19,9,0,0,0,0,7,4,8,10,9,6,16,11,0,0,0,0
2019-20,33,Tamilnadu,3301,TIRUVALLUR,330106,MINJUR,Rural,2,cat2,"UPS (I-VIII)",4,"Government Aided",2,SC,0,0,4,4,5,5,7,11,7,10,0,0,0,0,2,3,6,3,7,9,10,11,0,0,0,0
2019-20,33,Tamilnadu,3301,TIRUVALLUR,330107,SHOLAVARAM,Rural,2,cat2,"UPS (I-VIII)",4,"Government Aided",2,SC,0,0,12,10,11,6,4,12,14,11,0,0,0,0,12,8,9,11,14,5,4,6,0,0,0,0
2019-20,33,Tamilnadu,3301,TIRUVALLUR,330108,GUMMIDIPOONDI,Rural,2,cat2,"UPS (I-VIII)",4,"Government Aided",2,SC,0,0,6,6,6,7,9,11,12,16,0,0,0,0,5,8,4,5,4,9,8,6,0,0,0,0
2019-20,33,Tamilnadu,3301,TIRUVALLUR,330111,TIRUTTANI,Rural,2,cat2,"UPS (I-VIII)",4,"Government Aided",2,SC,0,0,5,6,9,2,7,7,13,10,0,0,0,0,7,9,7,6,9,9,5,11,0,0,0,0
2019-20,33,Tamilnadu,3301,TIRUVALLUR,330113,PALLIPAT,Rural,2,cat2,"UPS (I-VIII)",4,"Government Aided",2,SC,0,0,7,7,19,26,14,30,26,21,0,0,0,0,11,14,16,18,23,28,29,30,0,0,0,0
2019-20,33,Tamilnadu,3301,TIRUVALLUR,330114,R.K.PET,Rural,2,cat2,"UPS (I-VIII)",4,"Government Aided",2,SC,0,0,1,1,1,0,2,10,8,6,0,0,0,0,1,0,0,1,1,4,5,5,0,0,0,0
2019-20,33,Tamilnadu,3301,TIRUVALLUR,330101,THIRUVALLUR,Urban,2,cat2,"UPS (I-VIII)",4,"Government Aided",2,SC,0,0,3,5,1,1,4,3,5,5,0,0,0,0,2,4,2,1,4,0,4,2,0,0,0,0
2019-20,33,Tamilnadu,3301,TIRUVALLUR,330105,POONAMALLEE,Urban,2,cat2,"UPS (I-VIII)",4,"Government Aided",2,SC,0,0,15,26,15,23,21,32,39,23,0,0,0,0,31,22,30,25,27,22,36,27,0,0,0,0
2019-20,33,Tamilnadu,3301,TIRUVALLUR,330109,VILLIVAKKAM,Urban,2,cat2,"UPS (I-VIII)",4,"Government Aided",2,SC,0,0,2,1,6,0,6,10,4,10,0,0,0,0,1,1,3,6,9,5,5,2,0,0,0,0
2019-20,33,Tamilnadu,3301,TIRUVALLUR,330110,PUZHAL,Urban,2,cat2,"UPS (I-VIII)",4,"Government Aided",2,SC,0,0,2,0,4,7,2,6,6,4,0,0,0,0,3,6,5,4,6,7,9,9,0,0,0,0
2019-20,33,Tamilnadu,3301,TIRUVALLUR,330101,THIRUVALLUR,Rural,2,cat2,"UPS (I-VIII)",5,"Private Unaided (Recognized)",2,SC,0,0,0,1,1,1,0,0,0,0,0,0,0,0,0,1,0,1,1,1,0,0,0,0,0,0
2019-20,33,Tamilnadu,3301,TIRUVALLUR,330102,POONDI,Rural,2,cat2,"UPS (I-VIII)",5,"Private Unaided (Recognized)",2,SC,32,24,12,7,8,5,5,4,2,0,0,0,0,0,9,8,12,5,2,2,2,3,0,0,0,0
2019-20,33,Tamilnadu,3301,TIRUVALLUR,330104,ELLAPURAM,Rural,2,cat2,"UPS (I-VIII)",5,"Private Unaided (Recognized)",2,SC,90,95,37,42,37,33,30,12,5,5,0,0,0,0,28,38,36,29,18,11,11,4,0,0,0,0
2019-20,33,Tamilnadu,3301,TIRUVALLUR,330105,POONAMALLEE,Rural,2,cat2,"UPS (I-VIII)",5,"Private Unaided (Recognized)",2,SC,54,43,15,26,27,19,14,17,4,3,0,0,0,0,26,15,17,13,14,8,4,2,0,0,0,0
2019-20,33,Tamilnadu,3301,TIRUVALLUR,330106,MINJUR,Rural,2,cat2,"UPS (I-VIII)",5,"Private Unaided (Recognized)",2,SC,15,20,7,3,7,10,6,2,2,0,0,0,0,0,4,8,4,6,1,0,1,0,0,0,0,0
2019-20,33,Tamilnadu,3301,TIRUVALLUR,330107,SHOLAVARAM,Rural,2,cat2,"UPS (I-VIII)",5,"Private Unaided (Recognized)",2,SC,45,37,21,16,10,11,11,7,1,0,0,0,0,0,13,20,18,12,9,1,5,0,0,0,0,0
2019-20,33,Tamilnadu,3301,TIRUVALLUR,330108,GUMMIDIPOONDI,Rural,2,cat2,"UPS (I-VIII)",5,"Private Unaided (Recognized)",2,SC,73,41,31,29,36,21,21,15,2,1,0,0,0,0,16,22,20,13,10,9,5,3,0,0,0,0
2019-20,33,Tamilnadu,3301,TIRUVALLUR,330109,VILLIVAKKAM,Rural,2,cat2,"UPS (I-VIII)",5,"Private Unaided (Recognized)",2,SC,58,57,37,40,39,28,42,32,21,18,0,0,0,0,33,31,25,29,34,17,18,26,0,0,0,0
2019-20,33,Tamilnadu,3301,TIRUVALLUR,330110,PUZHAL,Rural,2,cat2,"UPS (I-VIII)",5,"Private Unaided (Recognized)",2,SC,17,11,3,5,2,2,3,1,0,0,0,0,0,0,7,2,9,2,4,0,0,0,0,0,0,0
2019-20,33,Tamilnadu,3301,TIRUVALLUR,330113,PALLIPAT,Rural,2,cat2,"UPS (I-VIII)",5,"Private Unaided (Recognized)",2,SC,25,19,11,10,5,3,3,9,3,0,0,0,0,0,5,11,4,3,3,4,4,0,0,0,0,0
2019-20,33,Tamilnadu,3301,TIRUVALLUR,330114,R.K.PET,Rural,2,cat2,"UPS (I-VIII)",5,"Private Unaided (Recognized)",2,SC,18,21,8,9,5,2,4,4,1,1,0,0,0,0,11,6,14,4,6,0,1,1,0,0,0,0
2019-20,33,Tamilnadu,3301,TIRUVALLUR,330101,THIRUVALLUR,Urban,2,cat2,"UPS (I-VIII)",5,"Private Unaided (Recognized)",2,SC,15,12,6,11,7,2,0,4,3,0,0,0,0,0,4,3,8,3,0,3,1,0,0,0,0,0
2019-20,33,Tamilnadu,3301,TIRUVALLUR,330105,POONAMALLEE,Urban,2,cat2,"UPS (I-VIII)",5,"Private Unaided (Recognized)",2,SC,25,26,8,14,11,13,10,10,11,4,0,0,0,0,14,16,10,12,5,8,12,5,0,0,0,0
2019-20,33,Tamilnadu,3301,TIRUVALLUR,330106,MINJUR,Urban,2,cat2,"UPS (I-VIII)",5,"Private Unaided (Recognized)",2,SC,0,0,0,1,1,0,0,0,0,0,0,0,0,0,0,1,0,0,1,2,0,0,0,0,0,0
2019-20,33,Tamilnadu,3301,TIRUVALLUR,330109,VILLIVAKKAM,Urban,2,cat2,"UPS (I-VIII)",5,"Private Unaided (Recognized)",2,SC,114,94,54,82,66,58,50,47,37,28,0,0,0,0,63,50,51,47,47,42,21,14,0,0,0,0
2019-20,33,Tamilnadu,3301,TIRUVALLUR,330110,PUZHAL,Urban,2,cat2,"UPS (I-VIII)",5,"Private Unaided (Recognized)",2,SC,160,175,93,83,72,65,64,68,54,44,0,0,0,0,80,78,77,62,74,48,56,48,0,0,0,0
2019-20,33,Tamilnadu,3301,TIRUVALLUR,330107,SHOLAVARAM,Rural,2,cat2,"UPS (I-VIII)",8,Unrecognized,2,SC,21,22,16,2,13,4,15,15,10,8,0,0,0,0,7,14,19,10,7,7,8,7,0,0,0,0
2019-20,33,Tamilnadu,3301,TIRUVALLUR,330105,POONAMALLEE,Urban,2,cat2,"UPS (I-VIII)",8,Unrecognized,2,SC,2,2,1,1,0,0,0,0,0,0,0,0,0,0,0,1,2,0,0,0,0,0,0,0,0,0
2019-20,33,Tamilnadu,3301,TIRUVALLUR,330102,POONDI,Rural,4,cat4,"UPS (VI-VIII)",1,"Department of Education",2,SC,0,0,0,0,0,0,0,7,4,2,0,0,0,0,0,0,0,0,0,1,2,5,0,0,0,0
2019-20,33,Tamilnadu,3301,TIRUVALLUR,330107,SHOLAVARAM,Rural,3,cat3,"HSS (I-XII)",1,"Department of Education",3,ST,0,1,0,0,0,0,0,2,0,0,0,1,0,1,0,0,0,0,0,0,0,0,1,2,1,1
2019-20,33,Tamilnadu,3301,TIRUVALLUR,330109,VILLIVAKKAM,Urban,3,cat3,"HSS (I-XII)",4,"Government Aided",3,ST,0,0,0,0,0,0,0,1,0,0,0,0,0,1,0,0,0,0,0,0,0,1,0,0,0,0
2019-20,33,Tamilnadu,3301,TIRUVALLUR,330101,THIRUVALLUR,Rural,3,cat3,"HSS (I-XII)",5,"Private Unaided (Recognized)",3,ST,7,4,1,3,3,1,1,10,1,3,2,1,1,0,1,2,1,0,2,4,1,2,1,1,2,2
2019-20,33,Tamilnadu,3301,TIRUVALLUR,330102,POONDI,Rural,3,cat3,"HSS (I-XII)",5,"Private Unaided (Recognized)",3,ST,3,2,3,0,1,0,2,0,0,0,0,0,0,0,0,0,1,0,0,2,0,0,0,0,0,0
2019-20,33,Tamilnadu,3301,TIRUVALLUR,330103,KADAMBATHUR,Rural,3,cat3,"HSS (I-XII)",5,"Private Unaided (Recognized)",3,ST,1,1,1,1,0,1,0,1,0,3,0,2,0,0,1,2,1,1,0,0,1,3,1,1,1,0
2019-20,33,Tamilnadu,3301,TIRUVALLUR,330104,ELLAPURAM,Rural,3,cat3,"HSS (I-XII)",5,"Private Unaided (Recognized)",3,ST,2,2,3,0,2,2,2,1,1,4,1,2,1,1,1,3,0,0,0,2,1,2,1,0,2,0
2019-20,33,Tamilnadu,3301,TIRUVALLUR,330105,POONAMALLEE,Rural,3,cat3,"HSS (I-XII)",5,"Private Unaided (Recognized)",3,ST,7,3,5,5,2,1,4,5,3,14,12,6,4,7,0,4,1,7,2,3,1,5,2,3,2,3
2019-20,33,Tamilnadu,3301,TIRUVALLUR,330106,MINJUR,Rural,3,cat3,"HSS (I-XII)",5,"Private Unaided (Recognized)",3,ST,2,2,2,0,2,1,0,1,2,5,3,3,0,1,3,2,1,1,1,3,2,3,3,0,0,0
2019-20,33,Tamilnadu,3301,TIRUVALLUR,330107,SHOLAVARAM,Rural,3,cat3,"HSS (I-XII)",5,"Private Unaided (Recognized)",3,ST,6,4,2,4,5,3,4,3,2,7,10,8,14,15,2,3,2,3,7,2,3,8,8,3,5,14
2019-20,33,Tamilnadu,3301,TIRUVALLUR,330108,GUMMIDIPOONDI,Rural,3,cat3,"HSS (I-XII)",5,"Private Unaided (Recognized)",3,ST,7,2,5,1,2,2,2,0,4,2,6,0,1,1,2,1,4,1,1,3,0,2,2,1,0,2
2019-20,33,Tamilnadu,3301,TIRUVALLUR,330109,VILLIVAKKAM,Rural,3,cat3,"HSS (I-XII)",5,"Private Unaided (Recognized)",3,ST,2,7,1,7,1,3,6,2,4,4,3,2,6,5,6,1,3,0,0,2,1,2,3,3,8,6
2019-20,33,Tamilnadu,3301,TIRUVALLUR,330110,PUZHAL,Rural,3,cat3,"HSS (I-XII)",5,"Private Unaided (Recognized)",3,ST,0,1,1,0,1,1,0,0,1,1,3,0,0,0,1,1,0,0,0,1,0,1,1,1,0,0
2019-20,33,Tamilnadu,3301,TIRUVALLUR,330111,TIRUTTANI,Rural,3,cat3,"HSS (I-XII)",5,"Private Unaided (Recognized)",3,ST,2,1,0,0,0,0,0,0,1,0,2,1,0,0,0,0,0,1,0,0,0,0,0,1,0,0
2019-20,33,Tamilnadu,3301,TIRUVALLUR,330112,THIRUVALANGADU,Rural,3,cat3,"HSS (I-XII)",5,"Private Unaided (Recognized)",3,ST,1,0,0,1,0,0,0,0,0,0,0,0,0,0,0,0,1,0,0,0,0,0,0,0,0,0
2019-20,33,Tamilnadu,3301,TIRUVALLUR,330113,PALLIPAT,Rural,3,cat3,"HSS (I-XII)",5,"Private Unaided (Recognized)",3,ST,1,2,3,1,0,0,2,0,0,0,0,0,0,2,1,2,1,0,0,0,0,0,0,0,1,0
2019-20,33,Tamilnadu,3301,TIRUVALLUR,330114,R.K.PET,Rural,3,cat3,"HSS (I-XII)",5,"Private Unaided (Recognized)",3,ST,2,1,0,1,0,1,1,2,0,1,4,1,2,3,1,0,0,1,0,1,1,0,0,1,1,0
2019-20,33,Tamilnadu,3301,TIRUVALLUR,330101,THIRUVALLUR,Urban,3,cat3,"HSS (I-XII)",5,"Private Unaided (Recognized)",3,ST,1,3,2,4,3,0,1,0,0,0,2,0,3,0,0,2,1,5,0,0,3,1,9,0,1,3
2019-20,33,Tamilnadu,3301,TIRUVALLUR,330105,POONAMALLEE,Urban,3,cat3,"HSS (I-XII)",5,"Private Unaided (Recognized)",3,ST,30,18,9,11,5,11,11,6,6,19,28,5,7,6,7,7,5,9,8,9,9,21,22,7,6,4
2019-20,33,Tamilnadu,3301,TIRUVALLUR,330106,MINJUR,Urban,3,cat3,"HSS (I-XII)",5,"Private Unaided (Recognized)",3,ST,5,2,1,1,2,0,2,0,2,2,2,1,0,0,0,1,2,2,2,0,1,1,1,2,5,0
2019-20,33,Tamilnadu,3301,TIRUVALLUR,330109,VILLIVAKKAM,Urban,3,cat3,"HSS (I-XII)",5,"Private Unaided (Recognized)",3,ST,42,43,33,35,31,26,24,32,42,74,85,42,23,71,26,29,33,31,25,29,29,35,87,34,21,62
2019-20,33,Tamilnadu,3301,TIRUVALLUR,330110,PUZHAL,Urban,3,cat3,"HSS (I-XII)",5,"Private Unaided (Recognized)",3,ST,9,9,6,11,17,10,18,18,17,33,65,41,17,26,4,10,2,10,13,13,14,20,52,30,18,23
2019-20,33,Tamilnadu,3301,TIRUVALLUR,330111,TIRUTTANI,Urban,3,cat3,"HSS (I-XII)",5,"Private Unaided (Recognized)",3,ST,3,4,2,1,0,0,0,1,0,1,1,0,1,2,1,2,0,4,0,2,0,2,2,1,0,1
2019-20,33,Tamilnadu,3301,TIRUVALLUR,330105,POONAMALLEE,Urban,3,cat3,"HSS (I-XII)",90,"Social welfare Department",3,ST,0,0,0,0,0,0,0,0,0,0,0,0,0,1,0,0,0,0,0,0,0,0,0,0,0,0
2019-20,33,Tamilnadu,3301,TIRUVALLUR,330109,VILLIVAKKAM,Urban,3,cat3,"HSS (I-XII)",92,"Kendriya Vidyalaya / Central School",3,ST,0,0,29,26,24,22,14,17,13,8,6,5,3,1,21,18,16,12,22,12,14,7,10,5,1,0
2019-20,33,Tamilnadu,3301,TIRUVALLUR,330101,THIRUVALLUR,Rural,5,cat5,"HSS (VI-XII)",1,"Department of Education",3,ST,0,0,0,0,0,0,0,0,0,0,0,1,0,0,0,0,0,0,0,1,0,0,0,0,0,0
2019-20,33,Tamilnadu,3301,TIRUVALLUR,330102,POONDI,Rural,5,cat5,"HSS (VI-XII)",1,"Department of Education",3,ST,0,0,0,0,0,0,0,7,9,8,6,8,5,4,0,0,0,0,0,16,13,12,12,4,0,4
2019-20,33,Tamilnadu,3301,TIRUVALLUR,330103,KADAMBATHUR,Rural,5,cat5,"HSS (VI-XII)",1,"Department of Education",3,ST,0,0,0,0,0,0,0,11,4,2,9,2,10,4,0,0,0,0,0,6,4,7,10,3,3,2
2019-20,33,Tamilnadu,3301,TIRUVALLUR,330104,ELLAPURAM,Rural,5,cat5,"HSS (VI-XII)",1,"Department of Education",3,ST,0,0,0,0,0,0,0,1,2,1,1,5,10,9,0,0,0,0,0,6,3,3,5,4,9,8
2019-20,33,Tamilnadu,3301,TIRUVALLUR,330105,POONAMALLEE,Rural,5,cat5,"HSS (VI-XII)",1,"Department of Education",3,ST,0,0,0,0,0,0,0,1,1,0,3,0,1,1,0,0,0,0,0,2,0,2,2,4,0,5
2019-20,33,Tamilnadu,3301,TIRUVALLUR,330106,MINJUR,Rural,5,cat5,"HSS (VI-XII)",1,"Department of Education",3,ST,0,0,0,0,0,0,0,3,18,9,12,6,11,1,0,0,0,0,0,17,16,11,21,8,9,1
2019-20,33,Tamilnadu,3301,TIRUVALLUR,330107,SHOLAVARAM,Rural,5,cat5,"HSS (VI-XII)",1,"Department of Education",3,ST,0,0,0,0,0,0,0,9,6,9,17,9,4,9,0,0,0,0,0,6,11,10,11,13,4,13
2019-20,33,Tamilnadu,3301,TIRUVALLUR,330108,GUMMIDIPOONDI,Rural,5,cat5,"HSS (VI-XII)",1,"Department of Education",3,ST,0,0,0,0,0,0,0,15,16,15,17,15,12,19,0,0,0,0,0,5,7,7,12,5,13,18
2019-20,33,Tamilnadu,3301,TIRUVALLUR,330109,VILLIVAKKAM,Rural,5,cat5,"HSS (VI-XII)",1,"Department of Education",3,ST,0,0,0,0,0,0,0,10,6,9,5,4,3,0,0,0,0,0,0,7,3,3,2,4,3,0
2019-20,33,Tamilnadu,3301,TIRUVALLUR,330110,PUZHAL,Rural,5,cat5,"HSS (VI-XII)",1,"Department of Education",3,ST,0,0,0,0,0,0,0,0,0,0,0,0,0,0,0,0,0,0,0,1,4,4,2,0,3,0
2019-20,33,Tamilnadu,3301,TIRUVALLUR,330111,TIRUTTANI,Rural,5,cat5,"HSS (VI-XII)",1,"Department of Education",3,ST,0,0,0,0,0,0,0,3,2,2,12,5,1,0,0,0,0,0,0,3,4,3,9,3,1,2
2019-20,33,Tamilnadu,3301,TIRUVALLUR,330112,THIRUVALANGADU,Rural,5,cat5,"HSS (VI-XII)",1,"Department of Education",3,ST,0,0,0,0,0,0,0,8,7,7,11,7,6,6,0,0,0,0,0,2,12,6,7,8,7,6
2019-20,33,Tamilnadu,3301,TIRUVALLUR,330113,PALLIPAT,Rural,5,cat5,"HSS (VI-XII)",1,"Department of Education",3,ST,0,0,0,0,0,0,0,1,4,3,9,4,5,6,0,0,0,0,0,3,1,5,15,10,6,7
2019-20,33,Tamilnadu,3301,TIRUVALLUR,330114,R.K.PET,Rural,5,cat5,"HSS (VI-XII)",1,"Department of Education",3,ST,0,0,0,0,0,0,0,3,4,2,2,5,3,6,0,0,0,0,0,3,4,4,3,8,3,4
2019-20,33,Tamilnadu,3301,TIRUVALLUR,330101,THIRUVALLUR,Urban,5,cat5,"HSS (VI-XII)",1,"Department of Education",3,ST,0,0,0,0,0,0,0,0,0,0,0,0,0,0,0,0,0,0,0,0,0,2,1,1,3,2
2019-20,33,Tamilnadu,3301,TIRUVALLUR,330105,POONAMALLEE,Urban,5,cat5,"HSS (VI-XII)",1,"Department of Education",3,ST,0,0,0,0,0,0,0,0,3,2,5,0,7,2,0,0,0,0,0,2,0,3,3,2,7,6
2019-20,33,Tamilnadu,3301,TIRUVALLUR,330106,MINJUR,Urban,5,cat5,"HSS (VI-XII)",1,"Department of Education",3,ST,0,0,0,0,0,0,0,1,5,6,9,4,2,2,0,0,0,0,0,2,1,3,6,2,4,5
2019-20,33,Tamilnadu,3301,TIRUVALLUR,330109,VILLIVAKKAM,Urban,5,cat5,"HSS (VI-XII)",1,"Department of Education",3,ST,0,0,0,0,0,0,0,2,1,6,3,2,5,0,0,0,0,0,0,11,1,3,9,10,4,5
2019-20,33,Tamilnadu,3301,TIRUVALLUR,330110,PUZHAL,Urban,5,cat5,"HSS (VI-XII)",1,"Department of Education",3,ST,0,0,0,0,0,0,0,1,2,3,7,5,2,4,0,0,0,0,0,2,1,0,2,3,1,1
2019-20,33,Tamilnadu,3301,TIRUVALLUR,330111,TIRUTTANI,Urban,5,cat5,"HSS (VI-XII)",1,"Department of Education",3,ST,0,0,0,0,0,0,0,0,3,0,4,2,7,7,0,0,0,0,0,1,1,2,4,7,6,5
2019-20,33,Tamilnadu,3301,TIRUVALLUR,330101,THIRUVALLUR,Rural,5,cat5,"HSS (VI-XII)",2,"Tribal Welfare Department",3,ST,0,0,0,0,0,0,0,0,0,0,0,0,1,1,0,0,0,0,0,2,0,0,0,2,0,0
2019-20,33,Tamilnadu,3301,TIRUVALLUR,330105,POONAMALLEE,Rural,5,cat5,"HSS (VI-XII)",2,"Tribal Welfare Department",3,ST,0,0,0,0,0,0,0,0,0,0,0,0,0,0,0,0,0,0,0,0,0,0,0,0,0,0
2019-20,33,Tamilnadu,3301,TIRUVALLUR,330108,GUMMIDIPOONDI,Rural,5,cat5,"HSS (VI-XII)",2,"Tribal Welfare Department",3,ST,0,0,0,0,0,0,0,0,0,0,0,0,0,0,0,0,0,0,0,0,0,0,0,0,0,0
2019-20,33,Tamilnadu,3301,TIRUVALLUR,330110,PUZHAL,Rural,5,cat5,"HSS (VI-XII)",2,"Tribal Welfare Department",3,ST,0,0,0,0,0,0,0,1,3,0,3,1,2,3,0,0,0,0,0,1,1,3,1,5,2,2
2019-20,33,Tamilnadu,3301,TIRUVALLUR,330101,THIRUVALLUR,Urban,5,cat5,"HSS (VI-XII)",3,"Local body",3,ST,0,0,0,0,0,0,0,0,1,1,3,1,4,1,0,0,0,0,0,0,1,2,1,2,3,2
2019-20,33,Tamilnadu,3301,TIRUVALLUR,330109,VILLIVAKKAM,Urban,5,cat5,"HSS (VI-XII)",3,"Local body",3,ST,0,0,0,0,0,0,0,0,0,0,1,0,0,0,0,0,0,0,0,0,0,1,0,0,1,0
2019-20,33,Tamilnadu,3301,TIRUVALLUR,330110,PUZHAL,Urban,5,cat5,"HSS (VI-XII)",3,"Local body",3,ST,0,0,0,0,0,0,0,0,0,3,0,1,0,1,0,0,0,0,0,0,0,1,0,0,0,1
2019-20,33,Tamilnadu,3301,TIRUVALLUR,330102,POONDI,Rural,5,cat5,"HSS (VI-XII)",4,"Government Aided",3,ST,0,0,0,0,0,0,0,0,2,2,3,1,0,0,0,0,0,0,0,5,2,1,0,0,0,0
2019-20,33,Tamilnadu,3301,TIRUVALLUR,330103,KADAMBATHUR,Rural,5,cat5,"HSS (VI-XII)",4,"Government Aided",3,ST,0,0,0,0,0,0,0,2,2,2,1,2,1,0,0,0,0,0,0,1,2,3,3,7,4,3
2019-20,33,Tamilnadu,3301,TIRUVALLUR,330105,POONAMALLEE,Rural,5,cat5,"HSS (VI-XII)",4,"Government Aided",3,ST,0,0,0,0,0,0,0,2,0,1,2,1,2,0,0,0,0,0,0,0,1,1,1,1,0,0
2019-20,33,Tamilnadu,3301,TIRUVALLUR,330106,MINJUR,Rural,5,cat5,"HSS (VI-XII)",4,"Government Aided",3,ST,0,0,0,0,0,0,0,2,1,1,0,0,2,1,0,0,0,0,0,1,3,0,3,0,1,3
2019-20,33,Tamilnadu,3301,TIRUVALLUR,330108,GUMMIDIPOONDI,Rural,5,cat5,"HSS (VI-XII)",4,"Government Aided",3,ST,0,0,0,0,0,0,0,0,0,0,0,0,0,0,0,0,0,0,0,0,1,2,1,0,0,1
2019-20,33,Tamilnadu,3301,TIRUVALLUR,330101,THIRUVALLUR,Urban,5,cat5,"HSS (VI-XII)",4,"Government Aided",3,ST,0,0,0,0,0,0,0,1,5,7,3,4,3,0,0,0,0,0,0,7,2,3,2,1,2,2
2019-20,33,Tamilnadu,3301,TIRUVALLUR,330105,POONAMALLEE,Urban,5,cat5,"HSS (VI-XII)",4,"Government Aided",3,ST,0,0,0,0,0,0,0,0,0,0,0,0,1,0,0,0,0,0,0,4,4,4,3,4,8,2
2019-20,33,Tamilnadu,3301,TIRUVALLUR,330109,VILLIVAKKAM,Urban,5,cat5,"HSS (VI-XII)",4,"Government Aided",3,ST,0,0,0,0,0,0,0,2,5,5,5,3,3,4,0,0,0,0,0,1,0,1,0,0,0,2
2019-20,33,Tamilnadu,3301,TIRUVALLUR,330110,PUZHAL,Urban,5,cat5,"HSS (VI-XII)",4,"Government Aided",3,ST,0,0,0,0,0,0,0,0,0,2,2,0,0,0,0,0,0,0,0,3,1,1,7,0,1,1
2019-20,33,Tamilnadu,3301,TIRUVALLUR,330101,THIRUVALLUR,Rural,5,cat5,"HSS (VI-XII)",5,"Private Unaided (Recognized)",3,ST,0,0,0,0,0,0,0,0,0,0,0,0,0,0,0,0,0,0,0,0,0,0,0,0,0,1
2019-20,33,Tamilnadu,3301,TIRUVALLUR,330111,TIRUTTANI,Rural,5,cat5,"HSS (VI-XII)",5,"Private Unaided (Recognized)",3,ST,0,0,0,0,0,0,0,0,0,0,2,2,0,1,0,0,0,0,0,1,0,1,0,1,1,0
2019-20,33,Tamilnadu,3301,TIRUVALLUR,330113,PALLIPAT,Rural,5,cat5,"HSS (VI-XII)",5,"Private Unaided (Recognized)",3,ST,0,0,0,0,0,0,0,0,0,0,0,0,0,0,0,0,0,0,0,0,0,0,0,0,0,1
2019-20,33,Tamilnadu,3301,TIRUVALLUR,330101,THIRUVALLUR,Urban,5,cat5,"HSS (VI-XII)",5,"Private Unaided (Recognized)",3,ST,0,0,0,0,0,0,0,0,0,0,0,0,0,0,0,0,0,0,0,0,0,0,0,0,0,0
2019-20,33,Tamilnadu,3301,TIRUVALLUR,330105,POONAMALLEE,Urban,5,cat5,"HSS (VI-XII)",5,"Private Unaided (Recognized)",3,ST,0,0,0,0,0,0,0,1,0,2,1,0,1,0,0,0,0,0,0,0,1,1,0,0,0,0
2019-20,33,Tamilnadu,3301,TIRUVALLUR,330109,VILLIVAKKAM,Urban,5,cat5,"HSS (VI-XII)",5,"Private Unaided (Recognized)",3,ST,0,0,0,0,0,0,0,1,2,2,1,1,0,0,0,0,0,0,0,1,3,1,4,4,0,3
2019-20,33,Tamilnadu,3301,TIRUVALLUR,330110,PUZHAL,Urban,5,cat5,"HSS (VI-XII)",5,"Private Unaided (Recognized)",3,ST,0,0,0,0,0,0,0,1,0,2,4,0,0,0,0,0,0,0,0,1,1,1,4,0,0,1
2019-20,33,Tamilnadu,3301,TIRUVALLUR,330109,VILLIVAKKAM,Urban,11,cat11,"HSS (XI-XII)",5,"Private Unaided (Recognized)",3,ST,0,0,0,0,0,0,0,0,0,0,0,0,4,2,0,0,0,0,0,0,0,0,0,0,1,1
2019-20,33,Tamilnadu,3301,TIRUVALLUR,330101,THIRUVALLUR,Rural,1,cat1,"PS (I-V)",1,"Department of Education",3,ST,0,0,5,10,4,4,2,0,0,0,0,0,0,0,2,3,3,3,2,0,0,0,0,0,0,0
2019-20,33,Tamilnadu,3301,TIRUVALLUR,330102,POONDI,Rural,1,cat1,"PS (I-V)",1,"Department of Education",3,ST,0,0,50,37,33,39,36,0,0,0,0,0,0,0,42,41,35,37,37,0,0,0,0,0,0,0
2019-20,33,Tamilnadu,3301,TIRUVALLUR,330103,KADAMBATHUR,Rural,1,cat1,"PS (I-V)",1,"Department of Education",3,ST,0,0,19,22,26,17,26,0,0,0,0,0,0,0,18,31,21,25,28,0,0,0,0,0,0,0
2019-20,33,Tamilnadu,3301,TIRUVALLUR,330104,ELLAPURAM,Rural,1,cat1,"PS (I-V)",1,"Department of Education",3,ST,0,0,47,50,42,41,34,0,0,0,0,0,0,0,34,51,44,41,44,0,0,0,0,0,0,0
2019-20,33,Tamilnadu,3301,TIRUVALLUR,330105,POONAMALLEE,Rural,1,cat1,"PS (I-V)",1,"Department of Education",3,ST,0,0,2,3,1,1,5,0,0,0,0,0,0,0,4,3,3,3,1,0,0,0,0,0,0,0
2019-20,33,Tamilnadu,3301,TIRUVALLUR,330106,MINJUR,Rural,1,cat1,"PS (I-V)",1,"Department of Education",3,ST,1,1,44,36,38,46,45,0,0,0,0,0,0,0,41,45,44,33,39,0,0,0,0,0,0,0
2019-20,33,Tamilnadu,3301,TIRUVALLUR,330107,SHOLAVARAM,Rural,1,cat1,"PS (I-V)",1,"Department of Education",3,ST,0,0,14,18,18,13,13,0,0,0,0,0,0,0,12,17,9,16,22,0,0,0,0,0,0,0
2019-20,33,Tamilnadu,3301,TIRUVALLUR,330108,GUMMIDIPOONDI,Rural,1,cat1,"PS (I-V)",1,"Department of Education",3,ST,0,0,44,40,44,41,48,0,0,0,0,0,0,0,45,55,50,52,27,0,0,0,0,0,0,0
2019-20,33,Tamilnadu,3301,TIRUVALLUR,330109,VILLIVAKKAM,Rural,1,cat1,"PS (I-V)",1,"Department of Education",3,ST,0,3,10,15,16,13,9,0,0,0,0,0,0,0,14,12,10,17,12,0,0,0,0,0,0,0
2019-20,33,Tamilnadu,3301,TIRUVALLUR,330110,PUZHAL,Rural,1,cat1,"PS (I-V)",1,"Department of Education",3,ST,0,0,2,0,1,0,0,0,0,0,0,0,0,0,0,0,0,0,1,0,0,0,0,0,0,0
2019-20,33,Tamilnadu,3301,TIRUVALLUR,330111,TIRUTTANI,Rural,1,cat1,"PS (I-V)",1,"Department of Education",3,ST,0,0,18,14,13,9,13,0,0,0,0,0,0,0,10,15,16,18,16,0,0,0,0,0,0,0
2019-20,33,Tamilnadu,3301,TIRUVALLUR,330112,THIRUVALANGADU,Rural,1,cat1,"PS (I-V)",1,"Department of Education",3,ST,0,0,29,43,31,38,23,0,0,0,0,0,0,0,33,32,42,32,28,0,0,0,0,0,0,0
2019-20,33,Tamilnadu,3301,TIRUVALLUR,330113,PALLIPAT,Rural,1,cat1,"PS (I-V)",1,"Department of Education",3,ST,0,0,15,8,15,9,5,0,0,0,0,0,0,0,11,16,7,12,12,0,0,0,0,0,0,0
2019-20,33,Tamilnadu,3301,TIRUVALLUR,330114,R.K.PET,Rural,1,cat1,"PS (I-V)",1,"Department of Education",3,ST,0,0,4,5,3,10,6,0,0,0,0,0,0,0,11,9,8,4,7,0,0,0,0,0,0,0
2019-20,33,Tamilnadu,3301,TIRUVALLUR,330105,POONAMALLEE,Urban,1,cat1,"PS (I-V)",1,"Department of Education",3,ST,0,0,1,2,2,1,3,0,0,0,0,0,0,0,3,0,2,0,1,0,0,0,0,0,0,0
2019-20,33,Tamilnadu,3301,TIRUVALLUR,330106,MINJUR,Urban,1,cat1,"PS (I-V)",1,"Department of Education",3,ST,0,0,2,4,8,3,4,0,0,0,0,0,0,0,2,1,3,2,3,0,0,0,0,0,0,0
2019-20,33,Tamilnadu,3301,TIRUVALLUR,330109,VILLIVAKKAM,Urban,1,cat1,"PS (I-V)",1,"Department of Education",3,ST,0,0,1,2,0,1,2,0,0,0,0,0,0,0,1,1,2,3,3,0,0,0,0,0,0,0
2019-20,33,Tamilnadu,3301,TIRUVALLUR,330110,PUZHAL,Urban,1,cat1,"PS (I-V)",1,"Department of Education",3,ST,0,1,0,1,2,1,1,0,0,0,0,0,0,0,1,3,1,0,0,0,0,0,0,0,0,0
2019-20,33,Tamilnadu,3301,TIRUVALLUR,330111,TIRUTTANI,Urban,1,cat1,"PS (I-V)",1,"Department of Education",3,ST,0,0,6,3,1,4,2,0,0,0,0,0,0,0,4,4,7,7,5,0,0,0,0,0,0,0
2019-20,33,Tamilnadu,3301,TIRUVALLUR,330101,THIRUVALLUR,Rural,1,cat1,"PS (I-V)",2,"Tribal Welfare Department",3,ST,0,0,0,0,0,0,0,0,0,0,0,0,0,0,0,0,0,0,0,0,0,0,0,0,0,0
2019-20,33,Tamilnadu,3301,TIRUVALLUR,330103,KADAMBATHUR,Rural,1,cat1,"PS (I-V)",2,"Tribal Welfare Department",3,ST,0,0,0,0,0,0,0,0,0,0,0,0,0,0,0,0,0,0,0,0,0,0,0,0,0,0
2019-20,33,Tamilnadu,3301,TIRUVALLUR,330104,ELLAPURAM,Rural,1,cat1,"PS (I-V)",2,"Tribal Welfare Department",3,ST,0,0,0,0,0,0,0,0,0,0,0,0,0,0,0,0,0,0,0,0,0,0,0,0,0,0
2019-20,33,Tamilnadu,3301,TIRUVALLUR,330105,POONAMALLEE,Rural,1,cat1,"PS (I-V)",2,"Tribal Welfare Department",3,ST,0,0,0,0,0,0,0,0,0,0,0,0,0,0,0,0,0,0,0,0,0,0,0,0,0,0
2019-20,33,Tamilnadu,3301,TIRUVALLUR,330106,MINJUR,Rural,1,cat1,"PS (I-V)",2,"Tribal Welfare Department",3,ST,0,0,0,0,1,0,0,0,0,0,0,0,0,0,0,0,0,0,0,0,0,0,0,0,0,0
2019-20,33,Tamilnadu,3301,TIRUVALLUR,330107,SHOLAVARAM,Rural,1,cat1,"PS (I-V)",2,"Tribal Welfare Department",3,ST,0,0,1,0,0,1,5,0,0,0,0,0,0,0,3,2,2,4,2,0,0,0,0,0,0,0
2019-20,33,Tamilnadu,3301,TIRUVALLUR,330108,GUMMIDIPOONDI,Rural,1,cat1,"PS (I-V)",2,"Tribal Welfare Department",3,ST,0,0,0,0,0,0,0,0,0,0,0,0,0,0,0,0,0,0,0,0,0,0,0,0,0,0
2019-20,33,Tamilnadu,3301,TIRUVALLUR,330109,VILLIVAKKAM,Rural,1,cat1,"PS (I-V)",2,"Tribal Welfare Department",3,ST,0,0,0,1,0,0,0,0,0,0,0,0,0,0,0,0,0,0,0,0,0,0,0,0,0,0
2019-20,33,Tamilnadu,3301,TIRUVALLUR,330110,PUZHAL,Rural,1,cat1,"PS (I-V)",2,"Tribal Welfare Department",3,ST,0,0,3,1,0,1,3,0,0,0,0,0,0,0,0,0,2,1,3,0,0,0,0,0,0,0
2019-20,33,Tamilnadu,3301,TIRUVALLUR,330111,TIRUTTANI,Rural,1,cat1,"PS (I-V)",2,"Tribal Welfare Department",3,ST,0,0,0,0,0,0,0,0,0,0,0,0,0,0,0,0,0,0,0,0,0,0,0,0,0,0
2019-20,33,Tamilnadu,3301,TIRUVALLUR,330112,THIRUVALANGADU,Rural,1,cat1,"PS (I-V)",2,"Tribal Welfare Department",3,ST,0,0,0,0,0,0,0,0,0,0,0,0,0,0,1,0,2,0,0,0,0,0,0,0,0,0
2019-20,33,Tamilnadu,3301,TIRUVALLUR,330101,THIRUVALLUR,Urban,1,cat1,"PS (I-V)",2,"Tribal Welfare Department",3,ST,0,0,2,0,0,0,1,0,0,0,0,0,0,0,0,0,1,1,1,0,0,0,0,0,0,0
2019-20,33,Tamilnadu,3301,TIRUVALLUR,330105,POONAMALLEE,Urban,1,cat1,"PS (I-V)",2,"Tribal Welfare Department",3,ST,0,0,0,0,0,0,0,0,0,0,0,0,0,0,0,0,0,0,0,0,0,0,0,0,0,0
2019-20,33,Tamilnadu,3301,TIRUVALLUR,330106,MINJUR,Urban,1,cat1,"PS (I-V)",2,"Tribal Welfare Department",3,ST,0,0,0,0,0,0,0,0,0,0,0,0,0,0,0,0,0,0,0,0,0,0,0,0,0,0
2019-20,33,Tamilnadu,3301,TIRUVALLUR,330109,VILLIVAKKAM,Urban,1,cat1,"PS (I-V)",2,"Tribal Welfare Department",3,ST,0,0,2,3,0,1,0,0,0,0,0,0,0,0,1,0,0,0,1,0,0,0,0,0,0,0
2019-20,33,Tamilnadu,3301,TIRUVALLUR,330110,PUZHAL,Urban,1,cat1,"PS (I-V)",2,"Tribal Welfare Department",3,ST,0,1,0,0,2,0,0,0,0,0,0,0,0,0,1,0,0,0,0,0,0,0,0,0,0,0
2019-20,33,Tamilnadu,3301,TIRUVALLUR,330101,THIRUVALLUR,Urban,1,cat1,"PS (I-V)",3,"Local body",3,ST,0,0,0,3,0,1,0,0,0,0,0,0,0,0,2,2,1,2,0,0,0,0,0,0,0,0
2019-20,33,Tamilnadu,3301,TIRUVALLUR,330105,POONAMALLEE,Urban,1,cat1,"PS (I-V)",3,"Local body",3,ST,0,0,1,2,2,3,1,0,0,0,0,0,0,0,4,1,4,3,0,0,0,0,0,0,0,0
2019-20,33,Tamilnadu,3301,TIRUVALLUR,330109,VILLIVAKKAM,Urban,1,cat1,"PS (I-V)",3,"Local body",3,ST,0,0,5,5,10,6,11,0,0,0,0,0,0,0,5,11,9,7,9,0,0,0,0,0,0,0
2019-20,33,Tamilnadu,3301,TIRUVALLUR,330110,PUZHAL,Urban,1,cat1,"PS (I-V)",3,"Local body",3,ST,2,0,1,1,1,2,1,0,0,0,0,0,0,0,0,0,0,1,0,0,0,0,0,0,0,0
2019-20,33,Tamilnadu,3301,TIRUVALLUR,330101,THIRUVALLUR,Rural,1,cat1,"PS (I-V)",4,"Government Aided",3,ST,0,0,4,3,3,0,1,0,0,0,0,0,0,0,3,2,3,2,5,0,0,0,0,0,0,0
2019-20,33,Tamilnadu,3301,TIRUVALLUR,330102,POONDI,Rural,1,cat1,"PS (I-V)",4,"Government Aided",3,ST,0,0,3,5,2,3,6,0,0,0,0,0,0,0,3,5,4,3,5,0,0,0,0,0,0,0
2019-20,33,Tamilnadu,3301,TIRUVALLUR,330103,KADAMBATHUR,Rural,1,cat1,"PS (I-V)",4,"Government Aided",3,ST,0,0,1,3,3,3,2,0,0,0,0,0,0,0,1,0,1,0,0,0,0,0,0,0,0,0
2019-20,33,Tamilnadu,3301,TIRUVALLUR,330104,ELLAPURAM,Rural,1,cat1,"PS (I-V)",4,"Government Aided",3,ST,0,0,3,4,7,4,4,0,0,0,0,0,0,0,4,1,3,2,2,0,0,0,0,0,0,0
2019-20,33,Tamilnadu,3301,TIRUVALLUR,330105,POONAMALLEE,Rural,1,cat1,"PS (I-V)",4,"Government Aided",3,ST,0,0,0,0,1,1,1,0,0,0,0,0,0,0,0,0,3,0,0,0,0,0,0,0,0,0
2019-20,33,Tamilnadu,3301,TIRUVALLUR,330106,MINJUR,Rural,1,cat1,"PS (I-V)",4,"Government Aided",3,ST,0,0,4,1,4,3,2,0,0,0,0,0,0,0,3,5,4,5,5,0,0,0,0,0,0,0
2019-20,33,Tamilnadu,3301,TIRUVALLUR,330107,SHOLAVARAM,Rural,1,cat1,"PS (I-V)",4,"Government Aided",3,ST,0,0,0,2,1,1,0,0,0,0,0,0,0,0,0,1,2,0,0,0,0,0,0,0,0,0
2019-20,33,Tamilnadu,3301,TIRUVALLUR,330108,GUMMIDIPOONDI,Rural,1,cat1,"PS (I-V)",4,"Government Aided",3,ST,0,0,8,5,5,6,8,0,0,0,0,0,0,0,11,9,13,6,9,0,0,0,0,0,0,0
2019-20,33,Tamilnadu,3301,TIRUVALLUR,330109,VILLIVAKKAM,Rural,1,cat1,"PS (I-V)",4,"Government Aided",3,ST,0,0,0,1,1,1,1,0,0,0,0,0,0,0,0,2,0,0,0,0,0,0,0,0,0,0
2019-20,33,Tamilnadu,3301,TIRUVALLUR,330110,PUZHAL,Rural,1,cat1,"PS (I-V)",4,"Government Aided",3,ST,0,0,2,0,3,1,4,0,0,0,0,0,0,0,2,2,3,2,2,0,0,0,0,0,0,0
2019-20,33,Tamilnadu,3301,TIRUVALLUR,330111,TIRUTTANI,Rural,1,cat1,"PS (I-V)",4,"Government Aided",3,ST,0,0,0,0,0,2,0,0,0,0,0,0,0,0,1,0,1,0,0,0,0,0,0,0,0,0
2019-20,33,Tamilnadu,3301,TIRUVALLUR,330112,THIRUVALANGADU,Rural,1,cat1,"PS (I-V)",4,"Government Aided",3,ST,0,0,1,1,1,0,0,0,0,0,0,0,0,0,0,0,0,1,2,0,0,0,0,0,0,0
2019-20,33,Tamilnadu,3301,TIRUVALLUR,330113,PALLIPAT,Rural,1,cat1,"PS (I-V)",4,"Government Aided",3,ST,0,0,3,3,1,1,1,0,0,0,0,0,0,0,2,4,3,1,1,0,0,0,0,0,0,0
2019-20,33,Tamilnadu,3301,TIRUVALLUR,330114,R.K.PET,Rural,1,cat1,"PS (I-V)",4,"Government Aided",3,ST,0,0,0,2,1,1,0,0,0,0,0,0,0,0,1,0,0,0,0,0,0,0,0,0,0,0
2019-20,33,Tamilnadu,3301,TIRUVALLUR,330101,THIRUVALLUR,Urban,1,cat1,"PS (I-V)",4,"Government Aided",3,ST,0,0,1,1,2,0,0,0,0,0,0,0,0,0,0,0,0,0,2,0,0,0,0,0,0,0
2019-20,33,Tamilnadu,3301,TIRUVALLUR,330105,POONAMALLEE,Urban,1,cat1,"PS (I-V)",4,"Government Aided",3,ST,0,0,4,3,0,2,0,0,0,0,0,0,0,0,2,2,2,0,2,0,0,0,0,0,0,0
2019-20,33,Tamilnadu,3301,TIRUVALLUR,330109,VILLIVAKKAM,Urban,1,cat1,"PS (I-V)",4,"Government Aided",3,ST,0,0,6,5,6,4,7,0,0,0,0,0,0,0,4,9,4,7,7,0,0,0,0,0,0,0
2019-20,33,Tamilnadu,3301,TIRUVALLUR,330110,PUZHAL,Urban,1,cat1,"PS (I-V)",4,"Government Aided",3,ST,0,0,2,1,0,0,1,0,0,0,0,0,0,0,0,0,0,1,2,0,0,0,0,0,0,0
2019-20,33,Tamilnadu,3301,TIRUVALLUR,330111,TIRUTTANI,Urban,1,cat1,"PS (I-V)",4,"Government Aided",3,ST,0,0,0,1,2,2,0,0,0,0,0,0,0,0,1,1,0,3,2,0,0,0,0,0,0,0
2019-20,33,Tamilnadu,3301,TIRUVALLUR,330101,THIRUVALLUR,Rural,1,cat1,"PS (I-V)",5,"Private Unaided (Recognized)",3,ST,2,4,0,1,3,1,1,0,0,0,0,0,0,0,5,6,2,3,3,0,0,0,0,0,0,0
2019-20,33,Tamilnadu,3301,TIRUVALLUR,330102,POONDI,Rural,1,cat1,"PS (I-V)",5,"Private Unaided (Recognized)",3,ST,0,1,0,0,0,0,1,0,0,0,0,0,0,0,1,0,0,1,0,0,0,0,0,0,0,0
2019-20,33,Tamilnadu,3301,TIRUVALLUR,330103,KADAMBATHUR,Rural,1,cat1,"PS (I-V)",5,"Private Unaided (Recognized)",3,ST,5,3,2,1,1,2,1,0,0,0,0,0,0,0,0,3,0,1,1,0,0,0,0,0,0,0
2019-20,33,Tamilnadu,3301,TIRUVALLUR,330104,ELLAPURAM,Rural,1,cat1,"PS (I-V)",5,"Private Unaided (Recognized)",3,ST,0,1,1,0,0,0,0,0,0,0,0,0,0,0,0,0,0,0,0,0,0,0,0,0,0,0
2019-20,33,Tamilnadu,3301,TIRUVALLUR,330105,POONAMALLEE,Rural,1,cat1,"PS (I-V)",5,"Private Unaided (Recognized)",3,ST,2,0,0,0,0,1,1,0,0,0,0,0,0,0,0,1,0,0,0,0,0,0,0,0,0,0
2019-20,33,Tamilnadu,3301,TIRUVALLUR,330106,MINJUR,Rural,1,cat1,"PS (I-V)",5,"Private Unaided (Recognized)",3,ST,15,17,11,12,10,2,0,0,0,0,0,0,0,0,11,5,4,4,0,0,0,0,0,0,0,0
2019-20,33,Tamilnadu,3301,TIRUVALLUR,330107,SHOLAVARAM,Rural,1,cat1,"PS (I-V)",5,"Private Unaided (Recognized)",3,ST,3,2,4,1,3,1,4,0,0,0,0,0,0,0,4,3,2,4,3,0,0,0,0,0,0,0
2019-20,33,Tamilnadu,3301,TIRUVALLUR,330108,GUMMIDIPOONDI,Rural,1,cat1,"PS (I-V)",5,"Private Unaided (Recognized)",3,ST,6,6,9,6,9,14,16,0,0,0,0,0,0,0,5,12,9,13,7,0,0,0,0,0,0,0
2019-20,33,Tamilnadu,3301,TIRUVALLUR,330109,VILLIVAKKAM,Rural,1,cat1,"PS (I-V)",5,"Private Unaided (Recognized)",3,ST,5,1,1,1,0,1,1,0,0,0,0,0,0,0,2,3,1,1,1,0,0,0,0,0,0,0
2019-20,33,Tamilnadu,3301,TIRUVALLUR,330110,PUZHAL,Rural,1,cat1,"PS (I-V)",5,"Private Unaided (Recognized)",3,ST,0,0,0,0,0,0,0,0,0,0,0,0,0,0,0,1,0,0,0,0,0,0,0,0,0,0
2019-20,33,Tamilnadu,3301,TIRUVALLUR,330111,TIRUTTANI,Rural,1,cat1,"PS (I-V)",5,"Private Unaided (Recognized)",3,ST,2,0,0,1,0,1,0,0,0,0,0,0,0,0,0,0,0,0,1,0,0,0,0,0,0,0
2019-20,33,Tamilnadu,3301,TIRUVALLUR,330112,THIRUVALANGADU,Rural,1,cat1,"PS (I-V)",5,"Private Unaided (Recognized)",3,ST,1,0,1,0,0,1,1,0,0,0,0,0,0,0,0,0,0,0,0,0,0,0,0,0,0,0
2019-20,33,Tamilnadu,3301,TIRUVALLUR,330113,PALLIPAT,Rural,1,cat1,"PS (I-V)",5,"Private Unaided (Recognized)",3,ST,2,2,1,2,1,3,3,0,0,0,0,0,0,0,0,0,1,1,0,0,0,0,0,0,0,0
2019-20,33,Tamilnadu,3301,TIRUVALLUR,330114,R.K.PET,Rural,1,cat1,"PS (I-V)",5,"Private Unaided (Recognized)",3,ST,0,1,0,0,0,1,0,0,0,0,0,0,0,0,0,1,0,0,0,0,0,0,0,0,0,0
2019-20,33,Tamilnadu,3301,TIRUVALLUR,330101,THIRUVALLUR,Urban,1,cat1,"PS (I-V)",5,"Private Unaided (Recognized)",3,ST,0,0,0,2,0,1,0,0,0,0,0,0,0,0,0,0,0,0,0,0,0,0,0,0,0,0
2019-20,33,Tamilnadu,3301,TIRUVALLUR,330105,POONAMALLEE,Urban,1,cat1,"PS (I-V)",5,"Private Unaided (Recognized)",3,ST,11,8,3,3,4,2,3,0,0,0,0,0,0,0,3,5,3,1,2,0,0,0,0,0,0,0
2019-20,33,Tamilnadu,3301,TIRUVALLUR,330106,MINJUR,Urban,1,cat1,"PS (I-V)",5,"Private Unaided (Recognized)",3,ST,0,0,0,0,0,0,0,0,0,0,0,0,0,0,0,0,0,0,0,0,0,0,0,0,0,0
2019-20,33,Tamilnadu,3301,TIRUVALLUR,330109,VILLIVAKKAM,Urban,1,cat1,"PS (I-V)",5,"Private Unaided (Recognized)",3,ST,36,39,9,8,12,15,3,0,0,0,0,0,0,0,14,9,13,13,4,0,0,0,0,0,0,0
2019-20,33,Tamilnadu,3301,TIRUVALLUR,330110,PUZHAL,Urban,1,cat1,"PS (I-V)",5,"Private Unaided (Recognized)",3,ST,16,11,8,6,14,7,5,0,0,0,0,0,0,0,10,4,6,3,3,0,0,0,0,0,0,0
2019-20,33,Tamilnadu,3301,TIRUVALLUR,330111,TIRUTTANI,Urban,1,cat1,"PS (I-V)",5,"Private Unaided (Recognized)",3,ST,0,4,0,2,0,2,0,0,0,0,0,0,0,0,1,0,2,0,0,0,0,0,0,0,0,0
2019-20,33,Tamilnadu,3301,TIRUVALLUR,330107,SHOLAVARAM,Rural,1,cat1,"PS (I-V)",8,Unrecognized,3,ST,0,0,0,0,0,0,0,0,0,0,0,0,0,0,0,0,0,0,0,0,0,0,0,0,0,0
2019-20,33,Tamilnadu,3301,TIRUVALLUR,330101,THIRUVALLUR,Rural,6,cat6,"SS (I-X)",1,"Department of Education",3,ST,0,0,0,0,0,0,0,1,0,0,0,0,0,0,0,0,0,0,0,0,1,1,1,1,0,0
2019-20,33,Tamilnadu,3301,TIRUVALLUR,330101,THIRUVALLUR,Rural,6,cat6,"SS (I-X)",5,"Private Unaided (Recognized)",3,ST,7,2,5,5,8,3,5,1,2,1,4,0,0,0,1,1,2,1,3,4,1,7,0,0,0,0
2019-20,33,Tamilnadu,3301,TIRUVALLUR,330102,POONDI,Rural,6,cat6,"SS (I-X)",5,"Private Unaided (Recognized)",3,ST,2,0,1,1,0,0,1,0,0,0,0,0,0,0,1,0,0,0,0,1,0,0,0,0,0,0
2019-20,33,Tamilnadu,3301,TIRUVALLUR,330103,KADAMBATHUR,Rural,6,cat6,"SS (I-X)",5,"Private Unaided (Recognized)",3,ST,3,0,1,0,2,3,0,1,1,1,2,1,0,0,0,0,1,1,1,0,0,1,0,1,0,0
2019-20,33,Tamilnadu,3301,TIRUVALLUR,330104,ELLAPURAM,Rural,6,cat6,"SS (I-X)",5,"Private Unaided (Recognized)",3,ST,4,3,1,1,1,1,3,0,3,0,0,0,0,0,1,0,1,0,3,2,1,1,2,1,0,0
2019-20,33,Tamilnadu,3301,TIRUVALLUR,330105,POONAMALLEE,Rural,6,cat6,"SS (I-X)",5,"Private Unaided (Recognized)",3,ST,4,4,3,0,1,2,2,0,1,2,0,0,0,0,1,0,1,2,1,1,1,0,0,0,0,0
2019-20,33,Tamilnadu,3301,TIRUVALLUR,330106,MINJUR,Rural,6,cat6,"SS (I-X)",5,"Private Unaided (Recognized)",3,ST,5,3,1,3,1,3,0,1,2,0,4,3,0,0,1,0,2,3,3,1,0,1,1,0,0,0
2019-20,33,Tamilnadu,3301,TIRUVALLUR,330107,SHOLAVARAM,Rural,6,cat6,"SS (I-X)",5,"Private Unaided (Recognized)",3,ST,0,1,0,0,1,0,0,1,0,0,1,0,0,0,0,0,0,0,0,0,0,0,0,0,0,0
2019-20,33,Tamilnadu,3301,TIRUVALLUR,330108,GUMMIDIPOONDI,Rural,6,cat6,"SS (I-X)",5,"Private Unaided (Recognized)",3,ST,6,2,2,0,1,0,0,0,1,0,0,0,0,0,1,2,0,0,1,0,0,0,0,0,0,0
2019-20,33,Tamilnadu,3301,TIRUVALLUR,330109,VILLIVAKKAM,Rural,6,cat6,"SS (I-X)",5,"Private Unaided (Recognized)",3,ST,0,0,1,0,0,1,0,0,0,0,0,0,0,0,0,0,0,0,0,1,0,0,0,0,0,0
2019-20,33,Tamilnadu,3301,TIRUVALLUR,330110,PUZHAL,Rural,6,cat6,"SS (I-X)",5,"Private Unaided (Recognized)",3,ST,0,1,0,0,0,0,0,0,0,0,0,0,0,0,0,0,0,0,0,0,0,0,0,0,0,0
2019-20,33,Tamilnadu,3301,TIRUVALLUR,330111,TIRUTTANI,Rural,6,cat6,"SS (I-X)",5,"Private Unaided (Recognized)",3,ST,1,1,3,1,0,3,0,2,4,0,0,0,0,0,1,1,0,1,0,5,0,1,2,0,0,0
2019-20,33,Tamilnadu,3301,TIRUVALLUR,330112,THIRUVALANGADU,Rural,6,cat6,"SS (I-X)",5,"Private Unaided (Recognized)",3,ST,5,2,0,1,1,2,0,0,1,2,0,0,0,0,1,1,1,1,1,0,0,0,0,0,0,0
2019-20,33,Tamilnadu,3301,TIRUVALLUR,330113,PALLIPAT,Rural,6,cat6,"SS (I-X)",5,"Private Unaided (Recognized)",3,ST,1,0,0,2,1,4,0,3,0,0,0,1,0,0,2,1,0,1,0,1,1,0,2,0,0,0
2019-20,33,Tamilnadu,3301,TIRUVALLUR,330114,R.K.PET,Rural,6,cat6,"SS (I-X)",5,"Private Unaided (Recognized)",3,ST,0,0,0,0,0,0,0,0,1,0,0,0,0,0,0,0,0,0,0,0,0,0,0,0,0,0
2019-20,33,Tamilnadu,3301,TIRUVALLUR,330101,THIRUVALLUR,Urban,6,cat6,"SS (I-X)",5,"Private Unaided (Recognized)",3,ST,0,0,0,0,1,3,0,2,0,1,2,0,0,0,0,1,0,0,0,2,1,0,0,1,0,0
2019-20,33,Tamilnadu,3301,TIRUVALLUR,330105,POONAMALLEE,Urban,6,cat6,"SS (I-X)",5,"Private Unaided (Recognized)",3,ST,11,8,6,8,3,3,0,5,8,9,11,0,0,0,5,4,2,6,1,3,2,2,10,1,0,0
2019-20,33,Tamilnadu,3301,TIRUVALLUR,330106,MINJUR,Urban,6,cat6,"SS (I-X)",5,"Private Unaided (Recognized)",3,ST,2,0,2,0,1,0,0,0,0,0,0,0,0,0,0,0,2,1,0,0,1,0,0,1,0,0
2019-20,33,Tamilnadu,3301,TIRUVALLUR,330109,VILLIVAKKAM,Urban,6,cat6,"SS (I-X)",5,"Private Unaided (Recognized)",3,ST,24,28,17,15,11,9,9,17,13,14,7,6,0,0,13,14,14,16,13,8,11,13,4,6,0,0
2019-20,33,Tamilnadu,3301,TIRUVALLUR,330110,PUZHAL,Urban,6,cat6,"SS (I-X)",5,"Private Unaided (Recognized)",3,ST,6,9,3,4,2,2,6,1,3,7,5,2,0,0,4,2,1,1,3,1,1,4,4,0,0,0
2019-20,33,Tamilnadu,3301,TIRUVALLUR,330111,TIRUTTANI,Urban,6,cat6,"SS (I-X)",5,"Private Unaided (Recognized)",3,ST,2,0,1,0,0,0,0,0,0,0,0,0,0,0,0,0,0,0,0,0,0,0,0,0,0,0
2019-20,33,Tamilnadu,3301,TIRUVALLUR,330110,PUZHAL,Rural,6,cat6,"SS (I-X)",8,Unrecognized,3,ST,1,0,0,0,0,0,0,0,0,0,0,0,0,0,0,0,0,0,0,0,0,0,0,0,0,0
2019-20,33,Tamilnadu,3301,TIRUVALLUR,330109,VILLIVAKKAM,Urban,6,cat6,"SS (I-X)",101,"Other Central Govt. Schools",3,ST,4,0,0,1,4,1,0,0,0,1,0,0,0,0,2,0,0,0,0,2,0,3,0,0,0,0
2019-20,33,Tamilnadu,3301,TIRUVALLUR,330101,THIRUVALLUR,Rural,7,cat7,"SS (VI-X)",1,"Department of Education",3,ST,0,0,0,0,0,0,0,0,2,1,1,1,0,0,0,0,0,0,0,0,1,2,5,1,0,0
2019-20,33,Tamilnadu,3301,TIRUVALLUR,330102,POONDI,Rural,7,cat7,"SS (VI-X)",1,"Department of Education",3,ST,0,0,0,0,0,0,0,27,25,30,20,16,0,0,0,0,0,0,0,26,36,19,9,13,0,0
2019-20,33,Tamilnadu,3301,TIRUVALLUR,330103,KADAMBATHUR,Rural,7,cat7,"SS (VI-X)",1,"Department of Education",3,ST,0,0,0,0,0,0,0,8,19,18,10,9,0,0,0,0,0,0,0,11,13,20,15,10,0,0
2019-20,33,Tamilnadu,3301,TIRUVALLUR,330104,ELLAPURAM,Rural,7,cat7,"SS (VI-X)",1,"Department of Education",3,ST,0,0,0,0,0,0,0,24,22,28,10,7,0,0,0,0,0,0,0,15,22,23,21,9,0,0
2019-20,33,Tamilnadu,3301,TIRUVALLUR,330105,POONAMALLEE,Rural,7,cat7,"SS (VI-X)",1,"Department of Education",3,ST,0,0,0,0,0,0,0,3,1,1,3,1,0,0,0,0,0,0,0,1,0,1,2,0,0,0
2019-20,33,Tamilnadu,3301,TIRUVALLUR,330106,MINJUR,Rural,7,cat7,"SS (VI-X)",1,"Department of Education",3,ST,0,0,0,0,0,0,0,10,14,11,11,2,0,0,0,0,0,0,0,13,3,7,8,0,0,0
2019-20,33,Tamilnadu,3301,TIRUVALLUR,330107,SHOLAVARAM,Rural,7,cat7,"SS (VI-X)",1,"Department of Education",3,ST,0,0,0,0,0,0,0,6,7,8,5,3,0,0,0,0,0,0,0,3,7,6,5,3,0,0
2019-20,33,Tamilnadu,3301,TIRUVALLUR,330108,GUMMIDIPOONDI,Rural,7,cat7,"SS (VI-X)",1,"Department of Education",3,ST,0,0,0,0,0,0,0,16,10,11,10,7,0,0,0,0,0,0,0,24,18,14,20,17,0,0
2019-20,33,Tamilnadu,3301,TIRUVALLUR,330109,VILLIVAKKAM,Rural,7,cat7,"SS (VI-X)",1,"Department of Education",3,ST,0,0,0,0,0,0,0,2,1,0,2,2,0,0,0,0,0,0,0,3,3,2,5,6,0,0
2019-20,33,Tamilnadu,3301,TIRUVALLUR,330111,TIRUTTANI,Rural,7,cat7,"SS (VI-X)",1,"Department of Education",3,ST,0,0,0,0,0,0,0,1,0,0,2,0,0,0,0,0,0,0,0,0,2,0,0,0,0,0
2019-20,33,Tamilnadu,3301,TIRUVALLUR,330112,THIRUVALANGADU,Rural,7,cat7,"SS (VI-X)",1,"Department of Education",3,ST,0,0,0,0,0,0,0,6,0,3,8,1,0,0,0,0,0,0,0,6,10,5,0,1,0,0
2019-20,33,Tamilnadu,3301,TIRUVALLUR,330113,PALLIPAT,Rural,7,cat7,"SS (VI-X)",1,"Department of Education",3,ST,0,0,0,0,0,0,0,8,7,2,4,1,0,0,0,0,0,0,0,7,5,2,7,8,0,0
2019-20,33,Tamilnadu,3301,TIRUVALLUR,330114,R.K.PET,Rural,7,cat7,"SS (VI-X)",1,"Department of Education",3,ST,0,0,0,0,0,0,0,5,6,3,3,4,0,0,0,0,0,0,0,5,3,7,3,4,0,0
2019-20,33,Tamilnadu,3301,TIRUVALLUR,330106,MINJUR,Urban,7,cat7,"SS (VI-X)",1,"Department of Education",3,ST,0,0,0,0,0,0,0,2,5,4,3,0,0,0,0,0,0,0,0,6,5,1,6,2,0,0
2019-20,33,Tamilnadu,3301,TIRUVALLUR,330109,VILLIVAKKAM,Urban,7,cat7,"SS (VI-X)",1,"Department of Education",3,ST,0,0,0,0,0,0,0,3,1,1,0,1,0,0,0,0,0,0,0,1,3,2,1,0,0,0
2019-20,33,Tamilnadu,3301,TIRUVALLUR,330110,PUZHAL,Urban,7,cat7,"SS (VI-X)",1,"Department of Education",3,ST,0,0,0,0,0,0,0,1,0,1,0,1,0,0,0,0,0,0,0,0,0,0,0,1,0,0
2019-20,33,Tamilnadu,3301,TIRUVALLUR,330111,TIRUTTANI,Urban,7,cat7,"SS (VI-X)",1,"Department of Education",3,ST,0,0,0,0,0,0,0,3,2,1,2,1,0,0,0,0,0,0,0,5,3,0,2,1,0,0
2019-20,33,Tamilnadu,3301,TIRUVALLUR,330106,MINJUR,Rural,7,cat7,"SS (VI-X)",2,"Tribal Welfare Department",3,ST,0,0,0,0,0,0,0,0,0,0,0,1,0,0,0,0,0,0,0,0,0,0,0,0,0,0
2019-20,33,Tamilnadu,3301,TIRUVALLUR,330112,THIRUVALANGADU,Rural,7,cat7,"SS (VI-X)",2,"Tribal Welfare Department",3,ST,0,0,0,0,0,0,0,0,0,0,0,0,0,0,0,0,0,0,0,0,0,0,0,0,0,0
2019-20,33,Tamilnadu,3301,TIRUVALLUR,330101,THIRUVALLUR,Urban,7,cat7,"SS (VI-X)",2,"Tribal Welfare Department",3,ST,0,0,0,0,0,0,0,2,1,1,0,0,0,0,0,0,0,0,0,1,0,1,0,0,0,0
2019-20,33,Tamilnadu,3301,TIRUVALLUR,330105,POONAMALLEE,Urban,7,cat7,"SS (VI-X)",2,"Tribal Welfare Department",3,ST,0,0,0,0,0,0,0,0,0,0,0,0,0,0,0,0,0,0,0,0,0,0,0,0,0,0
2019-20,33,Tamilnadu,3301,TIRUVALLUR,330109,VILLIVAKKAM,Urban,7,cat7,"SS (VI-X)",2,"Tribal Welfare Department",3,ST,0,0,0,0,0,0,0,0,1,0,0,0,0,0,0,0,0,0,0,1,0,1,0,0,0,0
2019-20,33,Tamilnadu,3301,TIRUVALLUR,330105,POONAMALLEE,Urban,7,cat7,"SS (VI-X)",3,"Local body",3,ST,0,0,0,0,0,0,0,2,2,1,0,0,0,0,0,0,0,0,0,2,0,2,0,0,0,0
2019-20,33,Tamilnadu,3301,TIRUVALLUR,330109,VILLIVAKKAM,Urban,7,cat7,"SS (VI-X)",3,"Local body",3,ST,0,0,0,0,0,0,0,7,4,3,1,1,0,0,0,0,0,0,0,4,4,2,3,4,0,0
2019-20,33,Tamilnadu,3301,TIRUVALLUR,330110,PUZHAL,Urban,7,cat7,"SS (VI-X)",3,"Local body",3,ST,0,0,0,0,0,0,0,0,0,0,0,0,0,0,0,0,0,0,0,0,0,0,0,1,0,0
2019-20,33,Tamilnadu,3301,TIRUVALLUR,330101,THIRUVALLUR,Rural,7,cat7,"SS (VI-X)",4,"Government Aided",3,ST,0,0,0,0,0,0,0,1,0,0,2,0,0,0,0,0,0,0,0,2,1,0,0,0,0,0
2019-20,33,Tamilnadu,3301,TIRUVALLUR,330104,ELLAPURAM,Rural,7,cat7,"SS (VI-X)",4,"Government Aided",3,ST,0,0,0,0,0,0,0,12,6,2,3,4,0,0,0,0,0,0,0,8,4,8,5,3,0,0
2019-20,33,Tamilnadu,3301,TIRUVALLUR,330105,POONAMALLEE,Rural,7,cat7,"SS (VI-X)",4,"Government Aided",3,ST,0,0,0,0,0,0,0,0,0,0,0,0,0,0,0,0,0,0,0,0,0,0,0,0,0,0
2019-20,33,Tamilnadu,3301,TIRUVALLUR,330106,MINJUR,Rural,7,cat7,"SS (VI-X)",4,"Government Aided",3,ST,0,0,0,0,0,0,0,2,1,2,3,5,0,0,0,0,0,0,0,1,1,2,6,3,0,0
2019-20,33,Tamilnadu,3301,TIRUVALLUR,330105,POONAMALLEE,Urban,7,cat7,"SS (VI-X)",4,"Government Aided",3,ST,0,0,0,0,0,0,0,0,1,0,0,0,0,0,0,0,0,0,0,0,0,0,0,0,0,0
2019-20,33,Tamilnadu,3301,TIRUVALLUR,330109,VILLIVAKKAM,Urban,7,cat7,"SS (VI-X)",4,"Government Aided",3,ST,0,0,0,0,0,0,0,7,1,1,0,1,0,0,0,0,0,0,0,7,4,4,3,4,0,0
2019-20,33,Tamilnadu,3301,TIRUVALLUR,330110,PUZHAL,Urban,7,cat7,"SS (VI-X)",4,"Government Aided",3,ST,0,0,0,0,0,0,0,0,0,0,0,0,0,0,0,0,0,0,0,0,2,0,0,0,0,0
2019-20,33,Tamilnadu,3301,TIRUVALLUR,330111,TIRUTTANI,Urban,7,cat7,"SS (VI-X)",4,"Government Aided",3,ST,0,0,0,0,0,0,0,2,1,1,3,3,0,0,0,0,0,0,0,5,2,1,2,0,0,0
2019-20,33,Tamilnadu,3301,TIRUVALLUR,330102,POONDI,Rural,7,cat7,"SS (VI-X)",5,"Private Unaided (Recognized)",3,ST,0,0,0,0,0,0,0,5,3,3,1,3,0,0,0,0,0,0,0,3,1,3,1,0,0,0
2019-20,33,Tamilnadu,3301,TIRUVALLUR,330105,POONAMALLEE,Rural,7,cat7,"SS (VI-X)",5,"Private Unaided (Recognized)",3,ST,0,0,0,0,0,0,0,1,1,0,2,0,0,0,0,0,0,0,0,0,0,0,0,0,0,0
2019-20,33,Tamilnadu,3301,TIRUVALLUR,330110,PUZHAL,Urban,7,cat7,"SS (VI-X)",5,"Private Unaided (Recognized)",3,ST,0,0,0,0,0,0,0,1,0,1,0,0,0,0,0,0,0,0,0,0,0,0,0,0,0,0
2019-20,33,Tamilnadu,3301,TIRUVALLUR,330105,POONAMALLEE,Urban,7,cat7,"SS (VI-X)",8,Unrecognized,3,ST,0,0,0,0,0,0,0,0,0,0,0,0,0,0,0,0,0,0,0,0,0,0,0,0,0,0
2019-20,33,Tamilnadu,3301,TIRUVALLUR,330101,THIRUVALLUR,Rural,2,cat2,"UPS (I-VIII)",1,"Department of Education",3,ST,0,0,3,4,4,2,2,6,4,4,0,0,0,0,6,0,3,5,5,5,1,5,0,0,0,0
2019-20,33,Tamilnadu,3301,TIRUVALLUR,330102,POONDI,Rural,2,cat2,"UPS (I-VIII)",1,"Department of Education",3,ST,7,3,13,2,5,8,12,12,7,8,0,0,0,0,10,6,7,5,10,7,6,6,0,0,0,0
2019-20,33,Tamilnadu,3301,TIRUVALLUR,330103,KADAMBATHUR,Rural,2,cat2,"UPS (I-VIII)",1,"Department of Education",3,ST,5,6,6,9,9,5,12,9,10,7,0,0,0,0,6,10,7,11,7,11,8,14,0,0,0,0
2019-20,33,Tamilnadu,3301,TIRUVALLUR,330104,ELLAPURAM,Rural,2,cat2,"UPS (I-VIII)",1,"Department of Education",3,ST,2,0,4,2,5,7,6,1,6,4,0,0,0,0,4,5,9,7,6,9,8,5,0,0,0,0
2019-20,33,Tamilnadu,3301,TIRUVALLUR,330105,POONAMALLEE,Rural,2,cat2,"UPS (I-VIII)",1,"Department of Education",3,ST,2,2,5,3,5,2,5,5,6,9,0,0,0,0,3,4,3,5,5,2,2,4,0,0,0,0
2019-20,33,Tamilnadu,3301,TIRUVALLUR,330106,MINJUR,Rural,2,cat2,"UPS (I-VIII)",1,"Department of Education",3,ST,2,4,15,14,13,8,8,28,19,24,0,0,0,0,13,10,20,9,8,28,27,22,0,0,0,0
2019-20,33,Tamilnadu,3301,TIRUVALLUR,330107,SHOLAVARAM,Rural,2,cat2,"UPS (I-VIII)",1,"Department of Education",3,ST,1,1,1,5,3,2,2,5,2,2,0,0,0,0,3,6,0,0,3,4,0,5,0,0,0,0
2019-20,33,Tamilnadu,3301,TIRUVALLUR,330108,GUMMIDIPOONDI,Rural,2,cat2,"UPS (I-VIII)",1,"Department of Education",3,ST,2,6,15,18,16,19,18,18,28,29,0,0,0,0,13,14,16,24,14,23,18,7,0,0,0,0
2019-20,33,Tamilnadu,3301,TIRUVALLUR,330109,VILLIVAKKAM,Rural,2,cat2,"UPS (I-VIII)",1,"Department of Education",3,ST,0,0,3,3,3,2,4,3,4,2,0,0,0,0,1,3,3,4,1,4,4,4,0,0,0,0
2019-20,33,Tamilnadu,3301,TIRUVALLUR,330110,PUZHAL,Rural,2,cat2,"UPS (I-VIII)",1,"Department of Education",3,ST,0,0,0,1,2,0,0,0,2,1,0,0,0,0,1,1,0,1,0,0,2,0,0,0,0,0
2019-20,33,Tamilnadu,3301,TIRUVALLUR,330111,TIRUTTANI,Rural,2,cat2,"UPS (I-VIII)",1,"Department of Education",3,ST,0,0,6,7,11,10,9,23,9,10,0,0,0,0,12,12,6,13,8,17,27,16,0,0,0,0
2019-20,33,Tamilnadu,3301,TIRUVALLUR,330112,THIRUVALANGADU,Rural,2,cat2,"UPS (I-VIII)",1,"Department of Education",3,ST,3,1,4,6,2,3,3,20,20,7,0,0,0,0,4,2,3,2,2,7,11,3,0,0,0,0
2019-20,33,Tamilnadu,3301,TIRUVALLUR,330113,PALLIPAT,Rural,2,cat2,"UPS (I-VIII)",1,"Department of Education",3,ST,2,3,10,7,4,9,10,6,12,7,0,0,0,0,10,7,8,10,4,10,6,9,0,0,0,0
2019-20,33,Tamilnadu,3301,TIRUVALLUR,330114,R.K.PET,Rural,2,cat2,"UPS (I-VIII)",1,"Department of Education",3,ST,0,0,1,0,3,1,2,2,2,2,0,0,0,0,1,1,1,0,0,1,1,0,0,0,0,0
2019-20,33,Tamilnadu,3301,TIRUVALLUR,330105,POONAMALLEE,Urban,2,cat2,"UPS (I-VIII)",1,"Department of Education",3,ST,0,0,1,0,0,1,2,2,3,2,0,0,0,0,0,2,2,0,1,1,0,0,0,0,0,0
2019-20,33,Tamilnadu,3301,TIRUVALLUR,330106,MINJUR,Urban,2,cat2,"UPS (I-VIII)",1,"Department of Education",3,ST,2,1,3,6,4,4,1,7,3,4,0,0,0,0,4,2,4,4,3,2,2,1,0,0,0,0
2019-20,33,Tamilnadu,3301,TIRUVALLUR,330109,VILLIVAKKAM,Urban,2,cat2,"UPS (I-VIII)",1,"Department of Education",3,ST,0,1,1,1,0,3,1,1,2,2,0,0,0,0,1,1,1,1,0,1,2,0,0,0,0,0
2019-20,33,Tamilnadu,3301,TIRUVALLUR,330110,PUZHAL,Urban,2,cat2,"UPS (I-VIII)",1,"Department of Education",3,ST,0,0,1,0,4,0,3,5,1,5,0,0,0,0,0,1,3,1,1,8,3,2,0,0,0,0
2019-20,33,Tamilnadu,3301,TIRUVALLUR,330111,TIRUTTANI,Urban,2,cat2,"UPS (I-VIII)",1,"Department of Education",3,ST,0,0,1,4,3,2,2,5,4,5,0,0,0,0,1,2,3,2,3,2,5,7,0,0,0,0
2019-20,33,Tamilnadu,3301,TIRUVALLUR,330101,THIRUVALLUR,Rural,2,cat2,"UPS (I-VIII)",2,"Tribal Welfare Department",3,ST,0,0,0,0,0,0,0,0,1,0,0,0,0,0,0,0,0,0,0,0,0,0,0,0,0,0
2019-20,33,Tamilnadu,3301,TIRUVALLUR,330106,MINJUR,Rural,2,cat2,"UPS (I-VIII)",2,"Tribal Welfare Department",3,ST,0,0,0,1,1,0,0,1,0,0,0,0,0,0,0,0,0,0,0,0,0,0,0,0,0,0
2019-20,33,Tamilnadu,3301,TIRUVALLUR,330109,VILLIVAKKAM,Rural,2,cat2,"UPS (I-VIII)",2,"Tribal Welfare Department",3,ST,0,0,0,0,0,0,0,0,0,0,0,0,0,0,0,0,0,0,0,0,1,0,0,0,0,0
2019-20,33,Tamilnadu,3301,TIRUVALLUR,330110,PUZHAL,Rural,2,cat2,"UPS (I-VIII)",2,"Tribal Welfare Department",3,ST,0,0,0,0,0,0,0,0,0,0,0,0,0,0,0,0,0,0,0,0,0,0,0,0,0,0
2019-20,33,Tamilnadu,3301,TIRUVALLUR,330101,THIRUVALLUR,Urban,2,cat2,"UPS (I-VIII)",3,"Local body",3,ST,0,0,1,1,0,0,0,1,1,0,0,0,0,0,0,0,0,0,0,2,0,0,0,0,0,0
2019-20,33,Tamilnadu,3301,TIRUVALLUR,330105,POONAMALLEE,Urban,2,cat2,"UPS (I-VIII)",3,"Local body",3,ST,0,0,0,0,0,0,0,0,0,0,0,0,0,0,0,0,0,1,0,1,0,0,0,0,0,0
2019-20,33,Tamilnadu,3301,TIRUVALLUR,330109,VILLIVAKKAM,Urban,2,cat2,"UPS (I-VIII)",3,"Local body",3,ST,0,1,1,1,1,0,2,2,1,1,0,0,0,0,1,1,1,1,0,0,1,1,0,0,0,0
2019-20,33,Tamilnadu,3301,TIRUVALLUR,330110,PUZHAL,Urban,2,cat2,"UPS (I-VIII)",3,"Local body",3,ST,1,4,3,3,3,3,1,1,0,3,0,0,0,0,4,4,1,6,4,3,4,1,0,0,0,0
2019-20,33,Tamilnadu,3301,TIRUVALLUR,330103,KADAMBATHUR,Rural,2,cat2,"UPS (I-VIII)",4,"Government Aided",3,ST,0,0,0,0,0,0,0,1,1,0,0,0,0,0,0,0,0,0,0,0,0,0,0,0,0,0
2019-20,33,Tamilnadu,3301,TIRUVALLUR,330106,MINJUR,Rural,2,cat2,"UPS (I-VIII)",4,"Government Aided",3,ST,0,0,1,1,3,1,2,4,4,10,0,0,0,0,0,0,4,4,1,6,9,5,0,0,0,0
2019-20,33,Tamilnadu,3301,TIRUVALLUR,330107,SHOLAVARAM,Rural,2,cat2,"UPS (I-VIII)",4,"Government Aided",3,ST,0,0,0,0,2,1,0,3,1,1,0,0,0,0,1,0,0,1,1,0,1,3,0,0,0,0
2019-20,33,Tamilnadu,3301,TIRUVALLUR,330108,GUMMIDIPOONDI,Rural,2,cat2,"UPS (I-VIII)",4,"Government Aided",3,ST,0,0,0,1,0,0,0,5,2,1,0,0,0,0,0,0,1,2,1,2,3,1,0,0,0,0
2019-20,33,Tamilnadu,3301,TIRUVALLUR,330111,TIRUTTANI,Rural,2,cat2,"UPS (I-VIII)",4,"Government Aided",3,ST,0,0,0,0,0,0,0,0,1,0,0,0,0,0,0,0,0,0,0,0,0,0,0,0,0,0
2019-20,33,Tamilnadu,3301,TIRUVALLUR,330113,PALLIPAT,Rural,2,cat2,"UPS (I-VIII)",4,"Government Aided",3,ST,0,0,1,0,0,0,1,0,1,3,0,0,0,0,0,1,3,2,2,0,0,1,0,0,0,0
2019-20,33,Tamilnadu,3301,TIRUVALLUR,330114,R.K.PET,Rural,2,cat2,"UPS (I-VIII)",4,"Government Aided",3,ST,0,0,0,0,0,0,0,0,1,0,0,0,0,0,0,0,0,0,0,0,1,1,0,0,0,0
2019-20,33,Tamilnadu,3301,TIRUVALLUR,330101,THIRUVALLUR,Urban,2,cat2,"UPS (I-VIII)",4,"Government Aided",3,ST,0,0,0,0,2,3,0,0,1,0,0,0,0,0,1,2,2,9,1,0,0,3,0,0,0,0
2019-20,33,Tamilnadu,3301,TIRUVALLUR,330105,POONAMALLEE,Urban,2,cat2,"UPS (I-VIII)",4,"Government Aided",3,ST,0,0,0,0,0,0,0,1,0,1,0,0,0,0,0,0,0,0,0,0,0,0,0,0,0,0
2019-20,33,Tamilnadu,3301,TIRUVALLUR,330109,VILLIVAKKAM,Urban,2,cat2,"UPS (I-VIII)",4,"Government Aided",3,ST,0,0,0,0,1,0,0,0,1,0,0,0,0,0,0,0,0,0,0,0,0,0,0,0,0,0
2019-20,33,Tamilnadu,3301,TIRUVALLUR,330110,PUZHAL,Urban,2,cat2,"UPS (I-VIII)",4,"Government Aided",3,ST,0,0,0,0,0,0,0,0,0,0,0,0,0,0,0,0,0,0,0,0,0,0,0,0,0,0
2019-20,33,Tamilnadu,3301,TIRUVALLUR,330101,THIRUVALLUR,Rural,2,cat2,"UPS (I-VIII)",5,"Private Unaided (Recognized)",3,ST,0,0,0,0,0,0,0,0,0,0,0,0,0,0,0,0,0,0,0,0,0,0,0,0,0,0
2019-20,33,Tamilnadu,3301,TIRUVALLUR,330102,POONDI,Rural,2,cat2,"UPS (I-VIII)",5,"Private Unaided (Recognized)",3,ST,2,0,0,1,0,0,1,0,0,0,0,0,0,0,0,0,0,0,0,0,0,0,0,0,0,0
2019-20,33,Tamilnadu,3301,TIRUVALLUR,330104,ELLAPURAM,Rural,2,cat2,"UPS (I-VIII)",5,"Private Unaided (Recognized)",3,ST,0,0,0,0,1,0,0,0,0,2,0,0,0,0,0,0,0,1,1,0,0,0,0,0,0,0
2019-20,33,Tamilnadu,3301,TIRUVALLUR,330105,POONAMALLEE,Rural,2,cat2,"UPS (I-VIII)",5,"Private Unaided (Recognized)",3,ST,0,0,0,2,0,0,2,1,1,0,0,0,0,0,1,1,1,1,0,1,0,0,0,0,0,0
2019-20,33,Tamilnadu,3301,TIRUVALLUR,330106,MINJUR,Rural,2,cat2,"UPS (I-VIII)",5,"Private Unaided (Recognized)",3,ST,0,0,0,0,0,1,1,2,1,0,0,0,0,0,0,0,0,0,0,0,0,0,0,0,0,0
2019-20,33,Tamilnadu,3301,TIRUVALLUR,330107,SHOLAVARAM,Rural,2,cat2,"UPS (I-VIII)",5,"Private Unaided (Recognized)",3,ST,0,0,0,0,0,0,0,0,0,0,0,0,0,0,0,0,0,1,0,0,0,0,0,0,0,0
2019-20,33,Tamilnadu,3301,TIRUVALLUR,330108,GUMMIDIPOONDI,Rural,2,cat2,"UPS (I-VIII)",5,"Private Unaided (Recognized)",3,ST,0,2,0,0,0,0,1,0,0,1,0,0,0,0,0,1,0,0,1,0,0,0,0,0,0,0
2019-20,33,Tamilnadu,3301,TIRUVALLUR,330109,VILLIVAKKAM,Rural,2,cat2,"UPS (I-VIII)",5,"Private Unaided (Recognized)",3,ST,2,2,1,2,0,3,0,0,0,3,0,0,0,0,2,0,1,0,0,0,2,2,0,0,0,0
2019-20,33,Tamilnadu,3301,TIRUVALLUR,330110,PUZHAL,Rural,2,cat2,"UPS (I-VIII)",5,"Private Unaided (Recognized)",3,ST,0,0,0,0,0,0,0,0,0,0,0,0,0,0,0,0,0,0,0,0,0,0,0,0,0,0
2019-20,33,Tamilnadu,3301,TIRUVALLUR,330113,PALLIPAT,Rural,2,cat2,"UPS (I-VIII)",5,"Private Unaided (Recognized)",3,ST,1,1,1,0,0,0,0,0,0,0,0,0,0,0,0,1,0,0,1,0,0,0,0,0,0,0
2019-20,33,Tamilnadu,3301,TIRUVALLUR,330114,R.K.PET,Rural,2,cat2,"UPS (I-VIII)",5,"Private Unaided (Recognized)",3,ST,1,1,0,1,0,0,0,0,0,0,0,0,0,0,0,0,0,0,0,0,0,0,0,0,0,0
2019-20,33,Tamilnadu,3301,TIRUVALLUR,330101,THIRUVALLUR,Urban,2,cat2,"UPS (I-VIII)",5,"Private Unaided (Recognized)",3,ST,0,0,0,0,0,0,0,0,0,0,0,0,0,0,0,0,0,0,0,0,0,0,0,0,0,0
2019-20,33,Tamilnadu,3301,TIRUVALLUR,330105,POONAMALLEE,Urban,2,cat2,"UPS (I-VIII)",5,"Private Unaided (Recognized)",3,ST,3,0,1,1,0,1,0,1,1,0,0,0,0,0,1,0,0,1,0,0,0,0,0,0,0,0
2019-20,33,Tamilnadu,3301,TIRUVALLUR,330106,MINJUR,Urban,2,cat2,"UPS (I-VIII)",5,"Private Unaided (Recognized)",3,ST,0,0,0,0,0,0,0,0,0,0,0,0,0,0,0,0,0,0,0,0,0,0,0,0,0,0
2019-20,33,Tamilnadu,3301,TIRUVALLUR,330109,VILLIVAKKAM,Urban,2,cat2,"UPS (I-VIII)",5,"Private Unaided (Recognized)",3,ST,10,4,8,2,1,2,6,5,3,1,0,0,0,0,1,0,8,2,3,3,3,1,0,0,0,0
2019-20,33,Tamilnadu,3301,TIRUVALLUR,330110,PUZHAL,Urban,2,cat2,"UPS (I-VIII)",5,"Private Unaided (Recognized)",3,ST,3,3,1,8,3,7,1,2,5,2,0,0,0,0,1,2,2,8,4,0,3,1,0,0,0,0
2019-20,33,Tamilnadu,3301,TIRUVALLUR,330107,SHOLAVARAM,Rural,2,cat2,"UPS (I-VIII)",8,Unrecognized,3,ST,4,1,1,0,0,1,0,1,0,2,0,0,0,0,0,1,0,1,0,0,0,3,0,0,0,0
2019-20,33,Tamilnadu,3301,TIRUVALLUR,330105,POONAMALLEE,Urban,2,cat2,"UPS (I-VIII)",8,Unrecognized,3,ST,1,1,0,0,0,0,0,0,0,0,0,0,0,0,2,0,0,0,0,0,0,0,0,0,0,0
2019-20,33,Tamilnadu,3301,TIRUVALLUR,330102,POONDI,Rural,4,cat4,"UPS (VI-VIII)",1,"Department of Education",3,ST,0,0,0,0,0,0,0,0,0,0,0,0,0,0,0,0,0,0,0,0,0,0,0,0,0,0
2019-20,33,Tamilnadu,3301,TIRUVALLUR,330107,SHOLAVARAM,Rural,3,cat3,"HSS (I-XII)",1,"Department of Education",4,OBC,27,16,0,0,0,0,0,36,30,41,48,28,13,13,0,0,0,0,0,23,29,33,38,32,39,37
2019-20,33,Tamilnadu,3301,TIRUVALLUR,330109,VILLIVAKKAM,Urban,3,cat3,"HSS (I-XII)",4,"Government Aided",4,OBC,0,0,15,10,19,23,26,29,36,32,37,27,45,46,14,14,14,17,26,24,31,30,20,32,14,17
2019-20,33,Tamilnadu,3301,TIRUVALLUR,330101,THIRUVALLUR,Rural,3,cat3,"HSS (I-XII)",5,"Private Unaided (Recognized)",4,OBC,400,362,226,248,223,212,258,254,263,234,216,192,167,176,191,206,230,206,228,174,175,188,177,203,150,136
2019-20,33,Tamilnadu,3301,TIRUVALLUR,330102,POONDI,Rural,3,cat3,"HSS (I-XII)",5,"Private Unaided (Recognized)",4,OBC,122,84,96,83,97,98,77,90,67,54,44,42,33,19,60,66,71,62,46,59,51,50,23,20,14,8
2019-20,33,Tamilnadu,3301,TIRUVALLUR,330103,KADAMBATHUR,Rural,3,cat3,"HSS (I-XII)",5,"Private Unaided (Recognized)",4,OBC,288,266,136,168,134,145,165,168,173,129,175,177,113,104,143,132,138,128,135,138,102,112,126,141,112,95
2019-20,33,Tamilnadu,3301,TIRUVALLUR,330104,ELLAPURAM,Rural,3,cat3,"HSS (I-XII)",5,"Private Unaided (Recognized)",4,OBC,225,179,121,100,116,110,121,130,134,110,123,133,145,109,93,92,94,88,103,90,95,106,77,101,111,136
2019-20,33,Tamilnadu,3301,TIRUVALLUR,330105,POONAMALLEE,Rural,3,cat3,"HSS (I-XII)",5,"Private Unaided (Recognized)",4,OBC,1097,1018,728,763,714,676,653,663,613,507,539,553,591,477,604,607,640,611,542,610,537,471,446,476,444,380
2019-20,33,Tamilnadu,3301,TIRUVALLUR,330106,MINJUR,Rural,3,cat3,"HSS (I-XII)",5,"Private Unaided (Recognized)",4,OBC,291,255,132,134,151,169,136,175,147,173,155,128,132,108,140,126,139,130,157,135,129,111,120,126,113,82
2019-20,33,Tamilnadu,3301,TIRUVALLUR,330107,SHOLAVARAM,Rural,3,cat3,"HSS (I-XII)",5,"Private Unaided (Recognized)",4,OBC,810,724,431,521,547,523,496,650,621,667,772,776,1253,1011,377,424,432,414,453,530,476,481,482,586,897,793
2019-20,33,Tamilnadu,3301,TIRUVALLUR,330108,GUMMIDIPOONDI,Rural,3,cat3,"HSS (I-XII)",5,"Private Unaided (Recognized)",4,OBC,697,624,348,410,412,412,394,412,419,402,376,330,279,268,307,306,340,319,309,253,269,258,241,259,260,255
2019-20,33,Tamilnadu,3301,TIRUVALLUR,330109,VILLIVAKKAM,Rural,3,cat3,"HSS (I-XII)",5,"Private Unaided (Recognized)",4,OBC,512,508,363,361,413,403,405,406,435,409,332,365,522,270,276,323,352,334,435,317,333,307,250,272,386,250
2019-20,33,Tamilnadu,3301,TIRUVALLUR,330110,PUZHAL,Rural,3,cat3,"HSS (I-XII)",5,"Private Unaided (Recognized)",4,OBC,193,186,116,111,128,139,134,139,144,122,138,130,134,112,110,114,119,111,134,97,105,114,97,100,90,132
2019-20,33,Tamilnadu,3301,TIRUVALLUR,330111,TIRUTTANI,Rural,3,cat3,"HSS (I-XII)",5,"Private Unaided (Recognized)",4,OBC,137,108,74,71,82,87,84,82,62,46,58,73,50,46,47,50,52,71,55,55,39,39,40,49,36,32
2019-20,33,Tamilnadu,3301,TIRUVALLUR,330112,THIRUVALANGADU,Rural,3,cat3,"HSS (I-XII)",5,"Private Unaided (Recognized)",4,OBC,47,59,27,49,38,28,35,18,14,18,9,5,0,0,23,19,32,26,16,18,16,10,8,8,0,0
2019-20,33,Tamilnadu,3301,TIRUVALLUR,330113,PALLIPAT,Rural,3,cat3,"HSS (I-XII)",5,"Private Unaided (Recognized)",4,OBC,119,88,99,63,87,46,61,64,58,61,42,55,46,36,55,49,48,36,45,36,29,26,34,41,27,13
2019-20,33,Tamilnadu,3301,TIRUVALLUR,330114,R.K.PET,Rural,3,cat3,"HSS (I-XII)",5,"Private Unaided (Recognized)",4,OBC,397,288,217,227,249,203,214,303,307,311,346,351,279,342,159,129,138,135,169,176,156,156,160,182,184,192
2019-20,33,Tamilnadu,3301,TIRUVALLUR,330101,THIRUVALLUR,Urban,3,cat3,"HSS (I-XII)",5,"Private Unaided (Recognized)",4,OBC,477,414,280,284,334,279,291,280,269,290,288,307,337,359,260,249,287,236,259,270,286,281,287,260,349,336
2019-20,33,Tamilnadu,3301,TIRUVALLUR,330105,POONAMALLEE,Urban,3,cat3,"HSS (I-XII)",5,"Private Unaided (Recognized)",4,OBC,1844,1627,1014,1027,1053,1013,971,1053,1020,974,913,872,893,727,872,900,925,858,915,917,838,725,760,783,751,652
2019-20,33,Tamilnadu,3301,TIRUVALLUR,330106,MINJUR,Urban,3,cat3,"HSS (I-XII)",5,"Private Unaided (Recognized)",4,OBC,445,434,248,220,248,231,195,203,223,168,182,174,152,160,229,213,215,226,218,194,186,160,151,168,194,167
2019-20,33,Tamilnadu,3301,TIRUVALLUR,330109,VILLIVAKKAM,Urban,3,cat3,"HSS (I-XII)",5,"Private Unaided (Recognized)",4,OBC,5573,5165,3135,3138,3458,3456,3607,3829,3812,3556,3722,3940,3897,3740,2852,2977,3104,3115,3209,3173,3258,3029,3107,3261,3319,3299
2019-20,33,Tamilnadu,3301,TIRUVALLUR,330110,PUZHAL,Urban,3,cat3,"HSS (I-XII)",5,"Private Unaided (Recognized)",4,OBC,2197,1936,1306,1378,1473,1560,1600,1833,1938,1791,1837,2001,1677,1929,1199,1312,1357,1373,1397,1498,1572,1377,1459,1665,1520,1620
2019-20,33,Tamilnadu,3301,TIRUVALLUR,330111,TIRUTTANI,Urban,3,cat3,"HSS (I-XII)",5,"Private Unaided (Recognized)",4,OBC,190,149,97,89,114,92,78,119,87,87,76,70,70,39,87,84,104,78,65,83,82,61,59,71,43,54
2019-20,33,Tamilnadu,3301,TIRUVALLUR,330105,POONAMALLEE,Urban,3,cat3,"HSS (I-XII)",90,"Social welfare Department",4,OBC,0,0,4,1,2,1,2,7,7,1,7,19,25,17,0,0,0,0,2,0,0,0,0,0,0,0
2019-20,33,Tamilnadu,3301,TIRUVALLUR,330109,VILLIVAKKAM,Urban,3,cat3,"HSS (I-XII)",92,"Kendriya Vidyalaya / Central School",4,OBC,0,0,140,162,141,105,92,122,119,58,88,89,57,35,159,148,107,110,82,100,123,52,101,111,66,35
2019-20,33,Tamilnadu,3301,TIRUVALLUR,330101,THIRUVALLUR,Rural,5,cat5,"HSS (VI-XII)",1,"Department of Education",4,OBC,0,0,0,0,0,0,0,20,17,10,28,19,34,17,0,0,0,0,0,8,7,2,6,5,14,27
2019-20,33,Tamilnadu,3301,TIRUVALLUR,330102,POONDI,Rural,5,cat5,"HSS (VI-XII)",1,"Department of Education",4,OBC,0,0,0,0,0,0,0,43,60,46,72,95,79,78,0,0,0,0,0,50,72,72,80,86,67,70
2019-20,33,Tamilnadu,3301,TIRUVALLUR,330103,KADAMBATHUR,Rural,5,cat5,"HSS (VI-XII)",1,"Department of Education",4,OBC,0,0,0,0,0,0,0,108,105,126,175,163,209,155,0,0,0,0,0,62,72,55,72,70,171,126
2019-20,33,Tamilnadu,3301,TIRUVALLUR,330104,ELLAPURAM,Rural,5,cat5,"HSS (VI-XII)",1,"Department of Education",4,OBC,0,0,0,0,0,0,0,78,89,79,82,113,176,148,0,0,0,0,0,78,84,78,106,127,230,227
2019-20,33,Tamilnadu,3301,TIRUVALLUR,330105,POONAMALLEE,Rural,5,cat5,"HSS (VI-XII)",1,"Department of Education",4,OBC,0,0,0,0,0,0,0,48,63,59,74,74,69,64,0,0,0,0,0,70,75,72,135,127,130,128
2019-20,33,Tamilnadu,3301,TIRUVALLUR,330106,MINJUR,Rural,5,cat5,"HSS (VI-XII)",1,"Department of Education",4,OBC,0,0,0,0,0,0,0,51,53,63,89,88,109,77,0,0,0,0,0,56,51,61,73,71,126,112
2019-20,33,Tamilnadu,3301,TIRUVALLUR,330107,SHOLAVARAM,Rural,5,cat5,"HSS (VI-XII)",1,"Department of Education",4,OBC,0,0,0,0,0,0,0,163,174,185,306,285,231,254,0,0,0,0,0,218,202,230,328,311,328,248
2019-20,33,Tamilnadu,3301,TIRUVALLUR,330108,GUMMIDIPOONDI,Rural,5,cat5,"HSS (VI-XII)",1,"Department of Education",4,OBC,0,0,0,0,0,0,0,230,282,307,493,476,439,411,0,0,0,0,0,259,301,305,382,428,474,439
2019-20,33,Tamilnadu,3301,TIRUVALLUR,330109,VILLIVAKKAM,Rural,5,cat5,"HSS (VI-XII)",1,"Department of Education",4,OBC,0,0,0,0,0,0,0,152,188,169,234,199,139,100,0,0,0,0,0,81,100,101,108,91,173,154
2019-20,33,Tamilnadu,3301,TIRUVALLUR,330110,PUZHAL,Rural,5,cat5,"HSS (VI-XII)",1,"Department of Education",4,OBC,0,0,0,0,0,0,0,0,0,0,0,0,0,0,0,0,0,0,0,79,102,82,134,143,248,217
2019-20,33,Tamilnadu,3301,TIRUVALLUR,330111,TIRUTTANI,Rural,5,cat5,"HSS (VI-XII)",1,"Department of Education",4,OBC,0,0,0,0,0,0,0,32,37,48,79,85,85,86,0,0,0,0,0,43,35,48,94,93,98,85
2019-20,33,Tamilnadu,3301,TIRUVALLUR,330112,THIRUVALANGADU,Rural,5,cat5,"HSS (VI-XII)",1,"Department of Education",4,OBC,0,0,0,0,0,0,0,87,86,120,133,129,110,95,0,0,0,0,0,98,106,115,106,137,115,102
2019-20,33,Tamilnadu,3301,TIRUVALLUR,330113,PALLIPAT,Rural,5,cat5,"HSS (VI-XII)",1,"Department of Education",4,OBC,0,0,0,0,0,0,0,99,109,93,208,207,316,279,0,0,0,0,0,114,151,153,215,198,306,340
2019-20,33,Tamilnadu,3301,TIRUVALLUR,330114,R.K.PET,Rural,5,cat5,"HSS (VI-XII)",1,"Department of Education",4,OBC,0,0,0,0,0,0,0,171,159,162,320,346,353,335,0,0,0,0,0,137,140,153,246,292,311,389
2019-20,33,Tamilnadu,3301,TIRUVALLUR,330101,THIRUVALLUR,Urban,5,cat5,"HSS (VI-XII)",1,"Department of Education",4,OBC,0,0,0,0,0,0,0,0,0,0,0,0,0,0,0,0,0,0,0,71,47,57,103,101,180,137
2019-20,33,Tamilnadu,3301,TIRUVALLUR,330105,POONAMALLEE,Urban,5,cat5,"HSS (VI-XII)",1,"Department of Education",4,OBC,0,0,0,0,0,0,0,83,111,140,267,233,350,283,0,0,0,0,0,152,164,216,309,349,616,576
2019-20,33,Tamilnadu,3301,TIRUVALLUR,330106,MINJUR,Urban,5,cat5,"HSS (VI-XII)",1,"Department of Education",4,OBC,0,0,0,0,0,0,0,36,35,56,113,125,149,108,0,0,0,0,0,68,79,101,142,159,199,240
2019-20,33,Tamilnadu,3301,TIRUVALLUR,330109,VILLIVAKKAM,Urban,5,cat5,"HSS (VI-XII)",1,"Department of Education",4,OBC,0,0,0,0,0,0,0,186,214,224,360,350,298,299,0,0,0,0,0,388,416,498,633,691,879,835
2019-20,33,Tamilnadu,3301,TIRUVALLUR,330110,PUZHAL,Urban,5,cat5,"HSS (VI-XII)",1,"Department of Education",4,OBC,0,0,0,0,0,0,0,239,327,341,502,487,424,450,0,0,0,0,0,171,219,200,300,336,337,327
2019-20,33,Tamilnadu,3301,TIRUVALLUR,330111,TIRUTTANI,Urban,5,cat5,"HSS (VI-XII)",1,"Department of Education",4,OBC,0,0,0,0,0,0,0,25,45,40,106,102,194,206,0,0,0,0,0,76,96,100,159,195,224,233
2019-20,33,Tamilnadu,3301,TIRUVALLUR,330101,THIRUVALLUR,Rural,5,cat5,"HSS (VI-XII)",2,"Tribal Welfare Department",4,OBC,0,0,0,0,0,0,0,9,15,7,16,17,20,17,0,0,0,0,0,8,16,11,32,26,23,35
2019-20,33,Tamilnadu,3301,TIRUVALLUR,330105,POONAMALLEE,Rural,5,cat5,"HSS (VI-XII)",2,"Tribal Welfare Department",4,OBC,0,0,0,0,0,0,0,0,1,3,4,11,1,3,0,0,0,0,0,1,0,1,1,1,4,1
2019-20,33,Tamilnadu,3301,TIRUVALLUR,330108,GUMMIDIPOONDI,Rural,5,cat5,"HSS (VI-XII)",2,"Tribal Welfare Department",4,OBC,0,0,0,0,0,0,0,0,1,2,1,0,1,1,0,0,0,0,0,1,1,2,1,3,0,6
2019-20,33,Tamilnadu,3301,TIRUVALLUR,330110,PUZHAL,Rural,5,cat5,"HSS (VI-XII)",2,"Tribal Welfare Department",4,OBC,0,0,0,0,0,0,0,6,25,19,33,22,20,20,0,0,0,0,0,10,8,9,28,21,23,17
2019-20,33,Tamilnadu,3301,TIRUVALLUR,330101,THIRUVALLUR,Urban,5,cat5,"HSS (VI-XII)",3,"Local body",4,OBC,0,0,0,0,0,0,0,34,25,41,47,51,54,41,0,0,0,0,0,24,29,25,21,32,37,31
2019-20,33,Tamilnadu,3301,TIRUVALLUR,330109,VILLIVAKKAM,Urban,5,cat5,"HSS (VI-XII)",3,"Local body",4,OBC,0,0,0,0,0,0,0,22,18,18,28,16,43,29,0,0,0,0,0,13,19,13,18,14,20,29
2019-20,33,Tamilnadu,3301,TIRUVALLUR,330110,PUZHAL,Urban,5,cat5,"HSS (VI-XII)",3,"Local body",4,OBC,0,0,0,0,0,0,0,43,38,37,48,65,56,32,0,0,0,0,0,32,31,48,40,31,28,43
2019-20,33,Tamilnadu,3301,TIRUVALLUR,330102,POONDI,Rural,5,cat5,"HSS (VI-XII)",4,"Government Aided",4,OBC,0,0,0,0,0,0,0,7,6,5,10,9,9,8,0,0,0,0,0,2,5,13,4,9,4,7
2019-20,33,Tamilnadu,3301,TIRUVALLUR,330103,KADAMBATHUR,Rural,5,cat5,"HSS (VI-XII)",4,"Government Aided",4,OBC,0,0,0,0,0,0,0,75,89,78,107,126,139,131,0,0,0,0,0,81,93,92,124,123,166,190
2019-20,33,Tamilnadu,3301,TIRUVALLUR,330105,POONAMALLEE,Rural,5,cat5,"HSS (VI-XII)",4,"Government Aided",4,OBC,0,0,0,0,0,0,0,39,54,62,58,83,80,62,0,0,0,0,0,37,50,47,44,67,51,52
2019-20,33,Tamilnadu,3301,TIRUVALLUR,330106,MINJUR,Rural,5,cat5,"HSS (VI-XII)",4,"Government Aided",4,OBC,0,0,0,0,0,0,0,53,60,45,62,45,26,31,0,0,0,0,0,79,77,83,60,79,112,87
2019-20,33,Tamilnadu,3301,TIRUVALLUR,330108,GUMMIDIPOONDI,Rural,5,cat5,"HSS (VI-XII)",4,"Government Aided",4,OBC,0,0,0,0,0,0,0,0,0,0,0,0,0,0,0,0,0,0,0,55,82,85,92,101,84,57
2019-20,33,Tamilnadu,3301,TIRUVALLUR,330101,THIRUVALLUR,Urban,5,cat5,"HSS (VI-XII)",4,"Government Aided",4,OBC,0,0,0,0,0,0,0,165,165,175,189,165,167,137,0,0,0,0,0,130,152,125,162,159,176,179
2019-20,33,Tamilnadu,3301,TIRUVALLUR,330105,POONAMALLEE,Urban,5,cat5,"HSS (VI-XII)",4,"Government Aided",4,OBC,0,0,0,0,0,0,0,11,25,13,52,38,123,136,0,0,0,0,0,456,527,504,557,587,736,736
2019-20,33,Tamilnadu,3301,TIRUVALLUR,330109,VILLIVAKKAM,Urban,5,cat5,"HSS (VI-XII)",4,"Government Aided",4,OBC,0,0,0,0,0,0,0,168,225,240,244,273,206,218,0,0,0,0,0,137,145,135,148,133,206,195
2019-20,33,Tamilnadu,3301,TIRUVALLUR,330110,PUZHAL,Urban,5,cat5,"HSS (VI-XII)",4,"Government Aided",4,OBC,0,0,0,0,0,0,0,241,273,237,273,234,146,134,0,0,0,0,0,364,345,390,408,393,423,453
2019-20,33,Tamilnadu,3301,TIRUVALLUR,330101,THIRUVALLUR,Rural,5,cat5,"HSS (VI-XII)",5,"Private Unaided (Recognized)",4,OBC,0,0,0,0,0,0,0,42,41,61,56,61,34,47,0,0,0,0,0,44,52,51,51,38,56,51
2019-20,33,Tamilnadu,3301,TIRUVALLUR,330111,TIRUTTANI,Rural,5,cat5,"HSS (VI-XII)",5,"Private Unaided (Recognized)",4,OBC,0,0,0,0,0,0,0,16,15,15,19,18,24,30,0,0,0,0,0,14,15,7,15,13,18,12
2019-20,33,Tamilnadu,3301,TIRUVALLUR,330113,PALLIPAT,Rural,5,cat5,"HSS (VI-XII)",5,"Private Unaided (Recognized)",4,OBC,0,0,0,0,0,0,0,5,6,5,6,5,4,14,0,0,0,0,0,0,1,0,4,2,1,4
2019-20,33,Tamilnadu,3301,TIRUVALLUR,330101,THIRUVALLUR,Urban,5,cat5,"HSS (VI-XII)",5,"Private Unaided (Recognized)",4,OBC,0,0,0,0,0,0,0,23,21,39,39,61,53,39,0,0,0,0,0,20,9,11,23,36,19,28
2019-20,33,Tamilnadu,3301,TIRUVALLUR,330105,POONAMALLEE,Urban,5,cat5,"HSS (VI-XII)",5,"Private Unaided (Recognized)",4,OBC,0,0,0,0,0,0,0,32,38,42,52,33,44,32,0,0,0,0,0,25,25,21,29,33,26,28
2019-20,33,Tamilnadu,3301,TIRUVALLUR,330109,VILLIVAKKAM,Urban,5,cat5,"HSS (VI-XII)",5,"Private Unaided (Recognized)",4,OBC,0,0,0,0,0,0,0,59,99,79,117,103,83,111,0,0,0,0,0,155,185,152,159,189,162,142
2019-20,33,Tamilnadu,3301,TIRUVALLUR,330110,PUZHAL,Urban,5,cat5,"HSS (VI-XII)",5,"Private Unaided (Recognized)",4,OBC,0,0,0,0,0,0,0,106,118,80,91,90,72,93,0,0,0,0,0,212,223,196,222,197,197,178
2019-20,33,Tamilnadu,3301,TIRUVALLUR,330109,VILLIVAKKAM,Urban,11,cat11,"HSS (XI-XII)",5,"Private Unaided (Recognized)",4,OBC,0,0,0,0,0,0,0,0,0,0,0,0,134,222,0,0,0,0,0,0,0,0,0,0,84,100
2019-20,33,Tamilnadu,3301,TIRUVALLUR,330101,THIRUVALLUR,Rural,1,cat1,"PS (I-V)",1,"Department of Education",4,OBC,0,0,60,53,59,66,68,0,0,0,0,0,0,0,55,59,63,69,87,0,0,0,0,0,0,0
2019-20,33,Tamilnadu,3301,TIRUVALLUR,330102,POONDI,Rural,1,cat1,"PS (I-V)",1,"Department of Education",4,OBC,0,0,68,78,106,100,112,0,0,0,0,0,0,0,94,139,113,105,139,0,0,0,0,0,0,0
2019-20,33,Tamilnadu,3301,TIRUVALLUR,330103,KADAMBATHUR,Rural,1,cat1,"PS (I-V)",1,"Department of Education",4,OBC,1,0,99,118,137,145,159,0,0,0,0,0,0,0,119,128,157,156,151,0,0,0,0,0,0,0
2019-20,33,Tamilnadu,3301,TIRUVALLUR,330104,ELLAPURAM,Rural,1,cat1,"PS (I-V)",1,"Department of Education",4,OBC,0,0,147,171,171,182,177,0,0,0,0,0,0,0,159,167,189,206,196,0,0,0,0,0,0,0
2019-20,33,Tamilnadu,3301,TIRUVALLUR,330105,POONAMALLEE,Rural,1,cat1,"PS (I-V)",1,"Department of Education",4,OBC,0,0,35,61,72,76,82,0,0,0,0,0,0,0,63,59,59,80,100,0,0,0,0,0,0,0
2019-20,33,Tamilnadu,3301,TIRUVALLUR,330106,MINJUR,Rural,1,cat1,"PS (I-V)",1,"Department of Education",4,OBC,13,9,123,133,133,154,146,0,0,0,0,0,0,0,130,170,189,173,173,0,0,0,0,0,0,0
2019-20,33,Tamilnadu,3301,TIRUVALLUR,330107,SHOLAVARAM,Rural,1,cat1,"PS (I-V)",1,"Department of Education",4,OBC,0,0,122,138,157,153,197,0,0,0,0,0,0,0,135,163,185,185,195,0,0,0,0,0,0,0
2019-20,33,Tamilnadu,3301,TIRUVALLUR,330108,GUMMIDIPOONDI,Rural,1,cat1,"PS (I-V)",1,"Department of Education",4,OBC,18,29,145,189,215,211,237,0,0,0,0,0,0,0,167,214,239,241,282,0,0,0,0,0,0,0
2019-20,33,Tamilnadu,3301,TIRUVALLUR,330109,VILLIVAKKAM,Rural,1,cat1,"PS (I-V)",1,"Department of Education",4,OBC,34,33,126,162,195,216,244,0,0,0,0,0,0,0,143,198,238,236,264,0,0,0,0,0,0,0
2019-20,33,Tamilnadu,3301,TIRUVALLUR,330110,PUZHAL,Rural,1,cat1,"PS (I-V)",1,"Department of Education",4,OBC,8,7,9,11,12,3,6,0,0,0,0,0,0,0,10,16,13,10,8,0,0,0,0,0,0,0
2019-20,33,Tamilnadu,3301,TIRUVALLUR,330111,TIRUTTANI,Rural,1,cat1,"PS (I-V)",1,"Department of Education",4,OBC,0,0,90,100,117,117,99,0,0,0,0,0,0,0,114,117,127,136,126,0,0,0,0,0,0,0
2019-20,33,Tamilnadu,3301,TIRUVALLUR,330112,THIRUVALANGADU,Rural,1,cat1,"PS (I-V)",1,"Department of Education",4,OBC,0,0,79,103,104,112,128,0,0,0,0,0,0,0,95,114,133,142,130,0,0,0,0,0,0,0
2019-20,33,Tamilnadu,3301,TIRUVALLUR,330113,PALLIPAT,Rural,1,cat1,"PS (I-V)",1,"Department of Education",4,OBC,0,0,138,151,160,171,217,0,0,0,0,0,0,0,146,171,198,218,235,0,0,0,0,0,0,0
2019-20,33,Tamilnadu,3301,TIRUVALLUR,330114,R.K.PET,Rural,1,cat1,"PS (I-V)",1,"Department of Education",4,OBC,0,0,176,200,211,231,218,0,0,0,0,0,0,0,175,247,234,262,244,0,0,0,0,0,0,0
2019-20,33,Tamilnadu,3301,TIRUVALLUR,330105,POONAMALLEE,Urban,1,cat1,"PS (I-V)",1,"Department of Education",4,OBC,0,0,18,22,31,24,27,0,0,0,0,0,0,0,23,23,24,27,30,0,0,0,0,0,0,0
2019-20,33,Tamilnadu,3301,TIRUVALLUR,330106,MINJUR,Urban,1,cat1,"PS (I-V)",1,"Department of Education",4,OBC,1,3,35,32,52,56,74,0,0,0,0,0,0,0,47,50,49,71,51,0,0,0,0,0,0,0
2019-20,33,Tamilnadu,3301,TIRUVALLUR,330109,VILLIVAKKAM,Urban,1,cat1,"PS (I-V)",1,"Department of Education",4,OBC,20,20,112,135,138,153,155,0,0,0,0,0,0,0,83,112,156,155,176,0,0,0,0,0,0,0
2019-20,33,Tamilnadu,3301,TIRUVALLUR,330110,PUZHAL,Urban,1,cat1,"PS (I-V)",1,"Department of Education",4,OBC,42,48,100,119,169,147,157,0,0,0,0,0,0,0,112,103,120,142,156,0,0,0,0,0,0,0
2019-20,33,Tamilnadu,3301,TIRUVALLUR,330111,TIRUTTANI,Urban,1,cat1,"PS (I-V)",1,"Department of Education",4,OBC,0,0,25,23,28,35,27,0,0,0,0,0,0,0,29,35,34,37,25,0,0,0,0,0,0,0
2019-20,33,Tamilnadu,3301,TIRUVALLUR,330101,THIRUVALLUR,Rural,1,cat1,"PS (I-V)",2,"Tribal Welfare Department",4,OBC,0,0,2,4,3,3,4,0,0,0,0,0,0,0,2,2,3,6,5,0,0,0,0,0,0,0
2019-20,33,Tamilnadu,3301,TIRUVALLUR,330103,KADAMBATHUR,Rural,1,cat1,"PS (I-V)",2,"Tribal Welfare Department",4,OBC,0,0,0,0,0,0,0,0,0,0,0,0,0,0,0,0,0,0,0,0,0,0,0,0,0,0
2019-20,33,Tamilnadu,3301,TIRUVALLUR,330104,ELLAPURAM,Rural,1,cat1,"PS (I-V)",2,"Tribal Welfare Department",4,OBC,0,0,0,0,0,0,0,0,0,0,0,0,0,0,0,1,1,0,0,0,0,0,0,0,0,0
2019-20,33,Tamilnadu,3301,TIRUVALLUR,330105,POONAMALLEE,Rural,1,cat1,"PS (I-V)",2,"Tribal Welfare Department",4,OBC,0,0,1,4,6,5,6,0,0,0,0,0,0,0,6,4,6,4,5,0,0,0,0,0,0,0
2019-20,33,Tamilnadu,3301,TIRUVALLUR,330106,MINJUR,Rural,1,cat1,"PS (I-V)",2,"Tribal Welfare Department",4,OBC,0,0,5,5,6,5,4,0,0,0,0,0,0,0,3,7,2,4,5,0,0,0,0,0,0,0
2019-20,33,Tamilnadu,3301,TIRUVALLUR,330107,SHOLAVARAM,Rural,1,cat1,"PS (I-V)",2,"Tribal Welfare Department",4,OBC,0,0,0,1,1,1,0,0,0,0,0,0,0,0,0,0,0,2,1,0,0,0,0,0,0,0
2019-20,33,Tamilnadu,3301,TIRUVALLUR,330108,GUMMIDIPOONDI,Rural,1,cat1,"PS (I-V)",2,"Tribal Welfare Department",4,OBC,0,0,0,3,0,0,0,0,0,0,0,0,0,0,0,0,1,1,0,0,0,0,0,0,0,0
2019-20,33,Tamilnadu,3301,TIRUVALLUR,330109,VILLIVAKKAM,Rural,1,cat1,"PS (I-V)",2,"Tribal Welfare Department",4,OBC,0,0,2,2,3,2,6,0,0,0,0,0,0,0,2,4,4,2,5,0,0,0,0,0,0,0
2019-20,33,Tamilnadu,3301,TIRUVALLUR,330110,PUZHAL,Rural,1,cat1,"PS (I-V)",2,"Tribal Welfare Department",4,OBC,0,0,3,1,1,2,0,0,0,0,0,0,0,0,0,0,0,0,1,0,0,0,0,0,0,0
2019-20,33,Tamilnadu,3301,TIRUVALLUR,330111,TIRUTTANI,Rural,1,cat1,"PS (I-V)",2,"Tribal Welfare Department",4,OBC,0,0,0,0,1,0,0,0,0,0,0,0,0,0,0,0,0,0,0,0,0,0,0,0,0,0
2019-20,33,Tamilnadu,3301,TIRUVALLUR,330112,THIRUVALANGADU,Rural,1,cat1,"PS (I-V)",2,"Tribal Welfare Department",4,OBC,0,0,1,0,0,0,0,0,0,0,0,0,0,0,0,1,0,0,0,0,0,0,0,0,0,0
2019-20,33,Tamilnadu,3301,TIRUVALLUR,330101,THIRUVALLUR,Urban,1,cat1,"PS (I-V)",2,"Tribal Welfare Department",4,OBC,0,0,2,4,1,1,1,0,0,0,0,0,0,0,0,2,1,3,1,0,0,0,0,0,0,0
2019-20,33,Tamilnadu,3301,TIRUVALLUR,330105,POONAMALLEE,Urban,1,cat1,"PS (I-V)",2,"Tribal Welfare Department",4,OBC,0,0,6,3,3,5,6,0,0,0,0,0,0,0,3,1,6,0,6,0,0,0,0,0,0,0
2019-20,33,Tamilnadu,3301,TIRUVALLUR,330106,MINJUR,Urban,1,cat1,"PS (I-V)",2,"Tribal Welfare Department",4,OBC,0,0,0,0,0,0,0,0,0,0,0,0,0,0,0,0,0,0,0,0,0,0,0,0,0,0
2019-20,33,Tamilnadu,3301,TIRUVALLUR,330109,VILLIVAKKAM,Urban,1,cat1,"PS (I-V)",2,"Tribal Welfare Department",4,OBC,0,0,7,7,15,4,5,0,0,0,0,0,0,0,3,5,8,2,10,0,0,0,0,0,0,0
2019-20,33,Tamilnadu,3301,TIRUVALLUR,330110,PUZHAL,Urban,1,cat1,"PS (I-V)",2,"Tribal Welfare Department",4,OBC,0,1,0,0,0,0,0,0,0,0,0,0,0,0,0,0,0,0,0,0,0,0,0,0,0,0
2019-20,33,Tamilnadu,3301,TIRUVALLUR,330101,THIRUVALLUR,Urban,1,cat1,"PS (I-V)",3,"Local body",4,OBC,0,0,13,24,28,30,23,0,0,0,0,0,0,0,20,16,20,21,26,0,0,0,0,0,0,0
2019-20,33,Tamilnadu,3301,TIRUVALLUR,330105,POONAMALLEE,Urban,1,cat1,"PS (I-V)",3,"Local body",4,OBC,0,0,45,36,43,48,70,0,0,0,0,0,0,0,36,39,50,49,54,0,0,0,0,0,0,0
2019-20,33,Tamilnadu,3301,TIRUVALLUR,330109,VILLIVAKKAM,Urban,1,cat1,"PS (I-V)",3,"Local body",4,OBC,8,12,121,143,151,185,192,0,0,0,0,0,0,0,130,155,159,159,211,0,0,0,0,0,0,0
2019-20,33,Tamilnadu,3301,TIRUVALLUR,330110,PUZHAL,Urban,1,cat1,"PS (I-V)",3,"Local body",4,OBC,82,87,88,74,101,105,119,0,0,0,0,0,0,0,87,97,121,120,123,0,0,0,0,0,0,0
2019-20,33,Tamilnadu,3301,TIRUVALLUR,330101,THIRUVALLUR,Rural,1,cat1,"PS (I-V)",4,"Government Aided",4,OBC,0,0,9,9,14,13,12,0,0,0,0,0,0,0,10,11,8,14,7,0,0,0,0,0,0,0
2019-20,33,Tamilnadu,3301,TIRUVALLUR,330102,POONDI,Rural,1,cat1,"PS (I-V)",4,"Government Aided",4,OBC,0,0,6,8,6,5,12,0,0,0,0,0,0,0,7,10,10,9,13,0,0,0,0,0,0,0
2019-20,33,Tamilnadu,3301,TIRUVALLUR,330103,KADAMBATHUR,Rural,1,cat1,"PS (I-V)",4,"Government Aided",4,OBC,0,0,15,22,28,26,33,0,0,0,0,0,0,0,18,24,30,31,31,0,0,0,0,0,0,0
2019-20,33,Tamilnadu,3301,TIRUVALLUR,330104,ELLAPURAM,Rural,1,cat1,"PS (I-V)",4,"Government Aided",4,OBC,0,0,4,10,6,8,10,0,0,0,0,0,0,0,4,5,8,3,5,0,0,0,0,0,0,0
2019-20,33,Tamilnadu,3301,TIRUVALLUR,330105,POONAMALLEE,Rural,1,cat1,"PS (I-V)",4,"Government Aided",4,OBC,0,0,26,30,28,37,38,0,0,0,0,0,0,0,33,17,31,32,39,0,0,0,0,0,0,0
2019-20,33,Tamilnadu,3301,TIRUVALLUR,330106,MINJUR,Rural,1,cat1,"PS (I-V)",4,"Government Aided",4,OBC,0,0,46,39,49,57,73,0,0,0,0,0,0,0,35,50,67,46,63,0,0,0,0,0,0,0
2019-20,33,Tamilnadu,3301,TIRUVALLUR,330107,SHOLAVARAM,Rural,1,cat1,"PS (I-V)",4,"Government Aided",4,OBC,0,0,4,3,3,1,3,0,0,0,0,0,0,0,1,2,4,3,5,0,0,0,0,0,0,0
2019-20,33,Tamilnadu,3301,TIRUVALLUR,330108,GUMMIDIPOONDI,Rural,1,cat1,"PS (I-V)",4,"Government Aided",4,OBC,0,0,19,17,23,26,24,0,0,0,0,0,0,0,35,30,32,34,52,0,0,0,0,0,0,0
2019-20,33,Tamilnadu,3301,TIRUVALLUR,330109,VILLIVAKKAM,Rural,1,cat1,"PS (I-V)",4,"Government Aided",4,OBC,0,0,17,17,27,16,23,0,0,0,0,0,0,0,29,15,27,23,23,0,0,0,0,0,0,0
2019-20,33,Tamilnadu,3301,TIRUVALLUR,330110,PUZHAL,Rural,1,cat1,"PS (I-V)",4,"Government Aided",4,OBC,0,0,12,12,17,12,14,0,0,0,0,0,0,0,22,14,18,14,17,0,0,0,0,0,0,0
2019-20,33,Tamilnadu,3301,TIRUVALLUR,330111,TIRUTTANI,Rural,1,cat1,"PS (I-V)",4,"Government Aided",4,OBC,0,0,5,9,7,12,5,0,0,0,0,0,0,0,6,4,7,7,13,0,0,0,0,0,0,0
2019-20,33,Tamilnadu,3301,TIRUVALLUR,330112,THIRUVALANGADU,Rural,1,cat1,"PS (I-V)",4,"Government Aided",4,OBC,0,0,0,2,1,1,0,0,0,0,0,0,0,0,1,2,0,1,3,0,0,0,0,0,0,0
2019-20,33,Tamilnadu,3301,TIRUVALLUR,330113,PALLIPAT,Rural,1,cat1,"PS (I-V)",4,"Government Aided",4,OBC,0,0,10,10,5,5,3,0,0,0,0,0,0,0,9,10,10,6,4,0,0,0,0,0,0,0
2019-20,33,Tamilnadu,3301,TIRUVALLUR,330114,R.K.PET,Rural,1,cat1,"PS (I-V)",4,"Government Aided",4,OBC,0,0,0,2,3,1,2,0,0,0,0,0,0,0,2,0,0,1,1,0,0,0,0,0,0,0
2019-20,33,Tamilnadu,3301,TIRUVALLUR,330101,THIRUVALLUR,Urban,1,cat1,"PS (I-V)",4,"Government Aided",4,OBC,0,0,1,2,4,1,3,0,0,0,0,0,0,0,2,1,2,1,0,0,0,0,0,0,0,0
2019-20,33,Tamilnadu,3301,TIRUVALLUR,330105,POONAMALLEE,Urban,1,cat1,"PS (I-V)",4,"Government Aided",4,OBC,0,0,91,105,123,122,116,0,0,0,0,0,0,0,78,97,113,111,126,0,0,0,0,0,0,0
2019-20,33,Tamilnadu,3301,TIRUVALLUR,330109,VILLIVAKKAM,Urban,1,cat1,"PS (I-V)",4,"Government Aided",4,OBC,0,0,54,53,66,82,96,0,0,0,0,0,0,0,71,65,72,97,101,0,0,0,0,0,0,0
2019-20,33,Tamilnadu,3301,TIRUVALLUR,330110,PUZHAL,Urban,1,cat1,"PS (I-V)",4,"Government Aided",4,OBC,0,0,76,101,99,127,164,0,0,0,0,0,0,0,123,118,122,153,194,0,0,0,0,0,0,0
2019-20,33,Tamilnadu,3301,TIRUVALLUR,330111,TIRUTTANI,Urban,1,cat1,"PS (I-V)",4,"Government Aided",4,OBC,0,0,4,0,5,1,5,0,0,0,0,0,0,0,5,2,1,2,6,0,0,0,0,0,0,0
2019-20,33,Tamilnadu,3301,TIRUVALLUR,330101,THIRUVALLUR,Rural,1,cat1,"PS (I-V)",5,"Private Unaided (Recognized)",4,OBC,321,276,134,114,117,112,81,0,0,0,0,0,0,0,124,130,143,107,114,0,0,0,0,0,0,0
2019-20,33,Tamilnadu,3301,TIRUVALLUR,330102,POONDI,Rural,1,cat1,"PS (I-V)",5,"Private Unaided (Recognized)",4,OBC,26,21,21,12,17,9,8,0,0,0,0,0,0,0,10,17,11,7,15,0,0,0,0,0,0,0
2019-20,33,Tamilnadu,3301,TIRUVALLUR,330103,KADAMBATHUR,Rural,1,cat1,"PS (I-V)",5,"Private Unaided (Recognized)",4,OBC,312,279,118,120,113,94,83,0,0,0,0,0,0,0,128,131,116,89,81,0,0,0,0,0,0,0
2019-20,33,Tamilnadu,3301,TIRUVALLUR,330104,ELLAPURAM,Rural,1,cat1,"PS (I-V)",5,"Private Unaided (Recognized)",4,OBC,76,75,44,27,24,14,13,0,0,0,0,0,0,0,33,23,22,23,20,0,0,0,0,0,0,0
2019-20,33,Tamilnadu,3301,TIRUVALLUR,330105,POONAMALLEE,Rural,1,cat1,"PS (I-V)",5,"Private Unaided (Recognized)",4,OBC,200,151,60,68,59,54,52,0,0,0,0,0,0,0,67,76,57,59,49,0,0,0,0,0,0,0
2019-20,33,Tamilnadu,3301,TIRUVALLUR,330106,MINJUR,Rural,1,cat1,"PS (I-V)",5,"Private Unaided (Recognized)",4,OBC,342,315,136,123,108,80,81,0,0,0,0,0,0,0,120,105,97,73,72,0,0,0,0,0,0,0
2019-20,33,Tamilnadu,3301,TIRUVALLUR,330107,SHOLAVARAM,Rural,1,cat1,"PS (I-V)",5,"Private Unaided (Recognized)",4,OBC,313,286,162,122,129,93,117,0,0,0,0,0,0,0,141,123,137,114,113,0,0,0,0,0,0,0
2019-20,33,Tamilnadu,3301,TIRUVALLUR,330108,GUMMIDIPOONDI,Rural,1,cat1,"PS (I-V)",5,"Private Unaided (Recognized)",4,OBC,403,323,173,145,137,124,91,0,0,0,0,0,0,0,156,115,117,86,83,0,0,0,0,0,0,0
2019-20,33,Tamilnadu,3301,TIRUVALLUR,330109,VILLIVAKKAM,Rural,1,cat1,"PS (I-V)",5,"Private Unaided (Recognized)",4,OBC,375,305,183,158,139,132,93,0,0,0,0,0,0,0,181,139,134,109,104,0,0,0,0,0,0,0
2019-20,33,Tamilnadu,3301,TIRUVALLUR,330110,PUZHAL,Rural,1,cat1,"PS (I-V)",5,"Private Unaided (Recognized)",4,OBC,29,29,13,13,14,7,11,0,0,0,0,0,0,0,19,8,5,6,8,0,0,0,0,0,0,0
2019-20,33,Tamilnadu,3301,TIRUVALLUR,330111,TIRUTTANI,Rural,1,cat1,"PS (I-V)",5,"Private Unaided (Recognized)",4,OBC,81,53,26,23,36,24,17,0,0,0,0,0,0,0,25,25,18,6,12,0,0,0,0,0,0,0
2019-20,33,Tamilnadu,3301,TIRUVALLUR,330112,THIRUVALANGADU,Rural,1,cat1,"PS (I-V)",5,"Private Unaided (Recognized)",4,OBC,119,100,53,50,49,53,48,0,0,0,0,0,0,0,40,35,44,48,24,0,0,0,0,0,0,0
2019-20,33,Tamilnadu,3301,TIRUVALLUR,330113,PALLIPAT,Rural,1,cat1,"PS (I-V)",5,"Private Unaided (Recognized)",4,OBC,235,167,99,105,62,62,66,0,0,0,0,0,0,0,64,52,67,36,39,0,0,0,0,0,0,0
2019-20,33,Tamilnadu,3301,TIRUVALLUR,330114,R.K.PET,Rural,1,cat1,"PS (I-V)",5,"Private Unaided (Recognized)",4,OBC,299,239,128,111,101,68,74,0,0,0,0,0,0,0,81,86,66,63,55,0,0,0,0,0,0,0
2019-20,33,Tamilnadu,3301,TIRUVALLUR,330101,THIRUVALLUR,Urban,1,cat1,"PS (I-V)",5,"Private Unaided (Recognized)",4,OBC,159,152,74,65,49,66,102,0,0,0,0,0,0,0,77,42,54,68,61,0,0,0,0,0,0,0
2019-20,33,Tamilnadu,3301,TIRUVALLUR,330105,POONAMALLEE,Urban,1,cat1,"PS (I-V)",5,"Private Unaided (Recognized)",4,OBC,739,664,304,287,276,264,239,0,0,0,0,0,0,0,299,307,278,264,242,0,0,0,0,0,0,0
2019-20,33,Tamilnadu,3301,TIRUVALLUR,330106,MINJUR,Urban,1,cat1,"PS (I-V)",5,"Private Unaided (Recognized)",4,OBC,21,27,6,12,5,7,3,0,0,0,0,0,0,0,12,3,3,5,2,0,0,0,0,0,0,0
2019-20,33,Tamilnadu,3301,TIRUVALLUR,330109,VILLIVAKKAM,Urban,1,cat1,"PS (I-V)",5,"Private Unaided (Recognized)",4,OBC,1520,1493,687,707,611,583,506,0,0,0,0,0,0,0,693,704,685,605,534,0,0,0,0,0,0,0
2019-20,33,Tamilnadu,3301,TIRUVALLUR,330110,PUZHAL,Urban,1,cat1,"PS (I-V)",5,"Private Unaided (Recognized)",4,OBC,1685,1656,814,766,810,760,740,0,0,0,0,0,0,0,779,775,767,682,711,0,0,0,0,0,0,0
2019-20,33,Tamilnadu,3301,TIRUVALLUR,330111,TIRUTTANI,Urban,1,cat1,"PS (I-V)",5,"Private Unaided (Recognized)",4,OBC,171,163,76,57,67,62,50,0,0,0,0,0,0,0,67,48,41,43,42,0,0,0,0,0,0,0
2019-20,33,Tamilnadu,3301,TIRUVALLUR,330107,SHOLAVARAM,Rural,1,cat1,"PS (I-V)",8,Unrecognized,4,OBC,3,6,1,0,1,0,1,0,0,0,0,0,0,0,1,0,0,3,1,0,0,0,0,0,0,0
2019-20,33,Tamilnadu,3301,TIRUVALLUR,330101,THIRUVALLUR,Rural,6,cat6,"SS (I-X)",1,"Department of Education",4,OBC,0,0,4,3,0,3,2,3,10,9,5,5,0,0,0,2,3,3,4,3,9,8,4,3,0,0
2019-20,33,Tamilnadu,3301,TIRUVALLUR,330101,THIRUVALLUR,Rural,6,cat6,"SS (I-X)",5,"Private Unaided (Recognized)",4,OBC,242,274,136,124,127,103,89,82,88,67,53,63,0,0,114,114,111,102,89,92,57,67,54,53,0,0
2019-20,33,Tamilnadu,3301,TIRUVALLUR,330102,POONDI,Rural,6,cat6,"SS (I-X)",5,"Private Unaided (Recognized)",4,OBC,135,123,56,61,61,45,60,57,46,28,38,33,0,0,57,51,48,45,47,38,30,37,25,28,0,0
2019-20,33,Tamilnadu,3301,TIRUVALLUR,330103,KADAMBATHUR,Rural,6,cat6,"SS (I-X)",5,"Private Unaided (Recognized)",4,OBC,138,108,62,54,49,68,49,98,64,55,67,41,0,0,59,38,60,46,37,15,14,8,3,33,0,0
2019-20,33,Tamilnadu,3301,TIRUVALLUR,330104,ELLAPURAM,Rural,6,cat6,"SS (I-X)",5,"Private Unaided (Recognized)",4,OBC,208,193,101,108,111,105,100,93,79,80,78,66,0,0,97,99,88,68,82,75,77,66,56,47,0,0
2019-20,33,Tamilnadu,3301,TIRUVALLUR,330105,POONAMALLEE,Rural,6,cat6,"SS (I-X)",5,"Private Unaided (Recognized)",4,OBC,345,329,185,150,147,145,126,100,99,69,71,61,0,0,145,148,114,111,105,93,89,50,57,42,0,0
2019-20,33,Tamilnadu,3301,TIRUVALLUR,330106,MINJUR,Rural,6,cat6,"SS (I-X)",5,"Private Unaided (Recognized)",4,OBC,272,248,134,137,138,121,119,105,138,106,88,94,0,0,103,114,131,106,122,98,87,78,65,85,0,0
2019-20,33,Tamilnadu,3301,TIRUVALLUR,330107,SHOLAVARAM,Rural,6,cat6,"SS (I-X)",5,"Private Unaided (Recognized)",4,OBC,50,43,31,19,17,20,18,24,25,19,29,24,0,0,25,25,20,17,20,14,12,9,22,17,0,0
2019-20,33,Tamilnadu,3301,TIRUVALLUR,330108,GUMMIDIPOONDI,Rural,6,cat6,"SS (I-X)",5,"Private Unaided (Recognized)",4,OBC,131,138,88,69,69,64,68,52,46,46,34,32,0,0,73,56,66,59,57,44,49,26,36,27,0,0
2019-20,33,Tamilnadu,3301,TIRUVALLUR,330109,VILLIVAKKAM,Rural,6,cat6,"SS (I-X)",5,"Private Unaided (Recognized)",4,OBC,44,46,18,16,20,24,38,26,23,20,17,28,0,0,29,20,28,19,15,18,16,19,27,13,0,0
2019-20,33,Tamilnadu,3301,TIRUVALLUR,330110,PUZHAL,Rural,6,cat6,"SS (I-X)",5,"Private Unaided (Recognized)",4,OBC,46,47,22,20,22,24,23,26,18,16,27,25,0,0,21,16,21,19,15,12,14,16,16,7,0,0
2019-20,33,Tamilnadu,3301,TIRUVALLUR,330111,TIRUTTANI,Rural,6,cat6,"SS (I-X)",5,"Private Unaided (Recognized)",4,OBC,211,180,134,124,133,129,119,136,88,69,57,36,0,0,99,89,95,86,65,68,55,60,45,22,0,0
2019-20,33,Tamilnadu,3301,TIRUVALLUR,330112,THIRUVALANGADU,Rural,6,cat6,"SS (I-X)",5,"Private Unaided (Recognized)",4,OBC,123,93,47,60,37,48,38,55,47,37,42,28,0,0,41,40,34,30,41,38,22,32,26,30,0,0
2019-20,33,Tamilnadu,3301,TIRUVALLUR,330113,PALLIPAT,Rural,6,cat6,"SS (I-X)",5,"Private Unaided (Recognized)",4,OBC,76,79,51,54,51,56,56,42,52,51,35,28,0,0,47,33,44,37,32,39,26,42,27,25,0,0
2019-20,33,Tamilnadu,3301,TIRUVALLUR,330114,R.K.PET,Rural,6,cat6,"SS (I-X)",5,"Private Unaided (Recognized)",4,OBC,45,40,24,39,20,28,18,21,25,19,14,29,0,0,23,30,18,16,20,9,11,7,15,13,0,0
2019-20,33,Tamilnadu,3301,TIRUVALLUR,330101,THIRUVALLUR,Urban,6,cat6,"SS (I-X)",5,"Private Unaided (Recognized)",4,OBC,97,75,51,44,47,37,37,27,31,32,26,28,0,0,51,47,45,43,27,38,23,22,29,30,0,0
2019-20,33,Tamilnadu,3301,TIRUVALLUR,330105,POONAMALLEE,Urban,6,cat6,"SS (I-X)",5,"Private Unaided (Recognized)",4,OBC,804,679,376,394,385,395,397,388,420,430,399,429,0,0,351,417,361,328,388,263,305,271,289,254,0,0
2019-20,33,Tamilnadu,3301,TIRUVALLUR,330106,MINJUR,Urban,6,cat6,"SS (I-X)",5,"Private Unaided (Recognized)",4,OBC,89,103,55,47,42,47,55,51,49,33,39,39,0,0,43,36,36,58,60,46,39,35,29,24,0,0
2019-20,33,Tamilnadu,3301,TIRUVALLUR,330109,VILLIVAKKAM,Urban,6,cat6,"SS (I-X)",5,"Private Unaided (Recognized)",4,OBC,2392,2088,1469,1395,1323,1119,1025,907,823,771,655,604,0,0,1337,1171,1151,993,920,736,691,604,532,484,0,0
2019-20,33,Tamilnadu,3301,TIRUVALLUR,330110,PUZHAL,Urban,6,cat6,"SS (I-X)",5,"Private Unaided (Recognized)",4,OBC,838,806,455,447,426,461,419,402,389,326,285,311,0,0,376,401,387,383,354,356,301,303,240,242,0,0
2019-20,33,Tamilnadu,3301,TIRUVALLUR,330111,TIRUTTANI,Urban,6,cat6,"SS (I-X)",5,"Private Unaided (Recognized)",4,OBC,15,23,10,4,7,3,9,3,4,3,2,6,0,0,4,7,4,2,8,3,4,2,3,2,0,0
2019-20,33,Tamilnadu,3301,TIRUVALLUR,330110,PUZHAL,Rural,6,cat6,"SS (I-X)",8,Unrecognized,4,OBC,40,29,36,51,27,33,17,23,15,16,10,0,0,0,16,19,14,20,22,11,9,13,15,0,0,0
2019-20,33,Tamilnadu,3301,TIRUVALLUR,330109,VILLIVAKKAM,Urban,6,cat6,"SS (I-X)",101,"Other Central Govt. Schools",4,OBC,56,56,45,57,64,58,66,50,50,43,46,39,0,0,56,47,53,56,51,60,46,48,44,37,0,0
2019-20,33,Tamilnadu,3301,TIRUVALLUR,330101,THIRUVALLUR,Rural,7,cat7,"SS (VI-X)",1,"Department of Education",4,OBC,0,0,0,0,0,0,0,58,65,62,59,58,0,0,0,0,0,0,0,56,59,73,80,86,0,0
2019-20,33,Tamilnadu,3301,TIRUVALLUR,330102,POONDI,Rural,7,cat7,"SS (VI-X)",1,"Department of Education",4,OBC,0,0,0,0,0,0,0,53,54,78,57,52,0,0,0,0,0,0,0,55,53,80,56,72,0,0
2019-20,33,Tamilnadu,3301,TIRUVALLUR,330103,KADAMBATHUR,Rural,7,cat7,"SS (VI-X)",1,"Department of Education",4,OBC,0,0,0,0,0,0,0,72,72,66,75,85,0,0,0,0,0,0,0,140,132,132,181,178,0,0
2019-20,33,Tamilnadu,3301,TIRUVALLUR,330104,ELLAPURAM,Rural,7,cat7,"SS (VI-X)",1,"Department of Education",4,OBC,0,0,0,0,0,0,0,94,96,95,134,99,0,0,0,0,0,0,0,110,102,107,164,136,0,0
2019-20,33,Tamilnadu,3301,TIRUVALLUR,330105,POONAMALLEE,Rural,7,cat7,"SS (VI-X)",1,"Department of Education",4,OBC,0,0,0,0,0,0,0,34,43,33,80,71,0,0,0,0,0,0,0,37,45,33,55,37,0,0
2019-20,33,Tamilnadu,3301,TIRUVALLUR,330106,MINJUR,Rural,7,cat7,"SS (VI-X)",1,"Department of Education",4,OBC,0,0,0,0,0,0,0,79,88,97,91,87,0,0,0,0,0,0,0,75,88,80,94,78,0,0
2019-20,33,Tamilnadu,3301,TIRUVALLUR,330107,SHOLAVARAM,Rural,7,cat7,"SS (VI-X)",1,"Department of Education",4,OBC,0,0,0,0,0,0,0,79,85,86,68,58,0,0,0,0,0,0,0,80,96,78,90,62,0,0
2019-20,33,Tamilnadu,3301,TIRUVALLUR,330108,GUMMIDIPOONDI,Rural,7,cat7,"SS (VI-X)",1,"Department of Education",4,OBC,0,0,0,0,0,0,0,84,92,97,89,76,0,0,0,0,0,0,0,132,107,120,147,145,0,0
2019-20,33,Tamilnadu,3301,TIRUVALLUR,330109,VILLIVAKKAM,Rural,7,cat7,"SS (VI-X)",1,"Department of Education",4,OBC,0,0,0,0,0,0,0,158,152,147,137,135,0,0,0,0,0,0,0,199,244,184,220,189,0,0
2019-20,33,Tamilnadu,3301,TIRUVALLUR,330111,TIRUTTANI,Rural,7,cat7,"SS (VI-X)",1,"Department of Education",4,OBC,0,0,0,0,0,0,0,42,59,57,62,43,0,0,0,0,0,0,0,62,49,51,28,52,0,0
2019-20,33,Tamilnadu,3301,TIRUVALLUR,330112,THIRUVALANGADU,Rural,7,cat7,"SS (VI-X)",1,"Department of Education",4,OBC,0,0,0,0,0,0,0,53,35,37,38,34,0,0,0,0,0,0,0,39,48,49,41,41,0,0
2019-20,33,Tamilnadu,3301,TIRUVALLUR,330113,PALLIPAT,Rural,7,cat7,"SS (VI-X)",1,"Department of Education",4,OBC,0,0,0,0,0,0,0,108,122,156,128,144,0,0,0,0,0,0,0,137,155,174,142,180,0,0
2019-20,33,Tamilnadu,3301,TIRUVALLUR,330114,R.K.PET,Rural,7,cat7,"SS (VI-X)",1,"Department of Education",4,OBC,0,0,0,0,0,0,0,77,83,84,99,78,0,0,0,0,0,0,0,110,117,120,136,129,0,0
2019-20,33,Tamilnadu,3301,TIRUVALLUR,330106,MINJUR,Urban,7,cat7,"SS (VI-X)",1,"Department of Education",4,OBC,0,0,0,0,0,0,0,55,79,52,61,53,0,0,0,0,0,0,0,57,63,27,42,39,0,0
2019-20,33,Tamilnadu,3301,TIRUVALLUR,330109,VILLIVAKKAM,Urban,7,cat7,"SS (VI-X)",1,"Department of Education",4,OBC,0,0,0,0,0,0,0,76,85,65,80,47,0,0,0,0,0,0,0,55,44,45,46,24,0,0
2019-20,33,Tamilnadu,3301,TIRUVALLUR,330110,PUZHAL,Urban,7,cat7,"SS (VI-X)",1,"Department of Education",4,OBC,0,0,0,0,0,0,0,117,118,100,123,86,0,0,0,0,0,0,0,103,113,114,123,88,0,0
2019-20,33,Tamilnadu,3301,TIRUVALLUR,330111,TIRUTTANI,Urban,7,cat7,"SS (VI-X)",1,"Department of Education",4,OBC,0,0,0,0,0,0,0,11,14,12,19,18,0,0,0,0,0,0,0,13,28,13,19,23,0,0
2019-20,33,Tamilnadu,3301,TIRUVALLUR,330106,MINJUR,Rural,7,cat7,"SS (VI-X)",2,"Tribal Welfare Department",4,OBC,0,0,0,0,0,0,0,1,4,5,2,7,0,0,0,0,0,0,0,4,2,2,4,3,0,0
2019-20,33,Tamilnadu,3301,TIRUVALLUR,330112,THIRUVALANGADU,Rural,7,cat7,"SS (VI-X)",2,"Tribal Welfare Department",4,OBC,0,0,0,0,0,0,0,2,2,5,3,5,0,0,0,0,0,0,0,2,3,9,2,2,0,0
2019-20,33,Tamilnadu,3301,TIRUVALLUR,330101,THIRUVALLUR,Urban,7,cat7,"SS (VI-X)",2,"Tribal Welfare Department",4,OBC,0,0,0,0,0,0,0,0,0,2,6,2,0,0,0,0,0,0,0,3,5,2,0,2,0,0
2019-20,33,Tamilnadu,3301,TIRUVALLUR,330105,POONAMALLEE,Urban,7,cat7,"SS (VI-X)",2,"Tribal Welfare Department",4,OBC,0,0,0,0,0,0,0,0,2,4,1,8,0,0,0,0,0,0,0,0,2,0,2,4,0,0
2019-20,33,Tamilnadu,3301,TIRUVALLUR,330109,VILLIVAKKAM,Urban,7,cat7,"SS (VI-X)",2,"Tribal Welfare Department",4,OBC,0,0,0,0,0,0,0,8,8,7,11,6,0,0,0,0,0,0,0,0,6,5,3,3,0,0
2019-20,33,Tamilnadu,3301,TIRUVALLUR,330105,POONAMALLEE,Urban,7,cat7,"SS (VI-X)",3,"Local body",4,OBC,0,0,0,0,0,0,0,59,70,75,76,53,0,0,0,0,0,0,0,43,38,38,33,31,0,0
2019-20,33,Tamilnadu,3301,TIRUVALLUR,330109,VILLIVAKKAM,Urban,7,cat7,"SS (VI-X)",3,"Local body",4,OBC,0,0,0,0,0,0,0,159,179,139,151,103,0,0,0,0,0,0,0,93,127,91,88,95,0,0
2019-20,33,Tamilnadu,3301,TIRUVALLUR,330110,PUZHAL,Urban,7,cat7,"SS (VI-X)",3,"Local body",4,OBC,0,0,0,0,0,0,0,26,17,18,7,9,0,0,0,0,0,0,0,20,11,11,15,12,0,0
2019-20,33,Tamilnadu,3301,TIRUVALLUR,330101,THIRUVALLUR,Rural,7,cat7,"SS (VI-X)",4,"Government Aided",4,OBC,0,0,0,0,0,0,0,1,5,3,6,2,0,0,0,0,0,0,0,4,1,2,2,4,0,0
2019-20,33,Tamilnadu,3301,TIRUVALLUR,330104,ELLAPURAM,Rural,7,cat7,"SS (VI-X)",4,"Government Aided",4,OBC,0,0,0,0,0,0,0,29,29,20,22,29,0,0,0,0,0,0,0,28,25,28,19,30,0,0
2019-20,33,Tamilnadu,3301,TIRUVALLUR,330105,POONAMALLEE,Rural,7,cat7,"SS (VI-X)",4,"Government Aided",4,OBC,0,0,0,0,0,0,0,14,13,10,10,5,0,0,0,0,0,0,0,10,10,10,11,10,0,0
2019-20,33,Tamilnadu,3301,TIRUVALLUR,330106,MINJUR,Rural,7,cat7,"SS (VI-X)",4,"Government Aided",4,OBC,0,0,0,0,0,0,0,77,69,62,89,68,0,0,0,0,0,0,0,89,92,87,80,96,0,0
2019-20,33,Tamilnadu,3301,TIRUVALLUR,330105,POONAMALLEE,Urban,7,cat7,"SS (VI-X)",4,"Government Aided",4,OBC,0,0,0,0,0,0,0,87,73,72,67,63,0,0,0,0,0,0,0,66,60,48,45,32,0,0
2019-20,33,Tamilnadu,3301,TIRUVALLUR,330109,VILLIVAKKAM,Urban,7,cat7,"SS (VI-X)",4,"Government Aided",4,OBC,0,0,0,0,0,0,0,114,120,124,136,132,0,0,0,0,0,0,0,117,126,121,115,128,0,0
2019-20,33,Tamilnadu,3301,TIRUVALLUR,330110,PUZHAL,Urban,7,cat7,"SS (VI-X)",4,"Government Aided",4,OBC,0,0,0,0,0,0,0,29,40,22,24,24,0,0,0,0,0,0,0,37,32,21,27,24,0,0
2019-20,33,Tamilnadu,3301,TIRUVALLUR,330111,TIRUTTANI,Urban,7,cat7,"SS (VI-X)",4,"Government Aided",4,OBC,0,0,0,0,0,0,0,12,30,33,39,47,0,0,0,0,0,0,0,13,9,13,20,13,0,0
2019-20,33,Tamilnadu,3301,TIRUVALLUR,330102,POONDI,Rural,7,cat7,"SS (VI-X)",5,"Private Unaided (Recognized)",4,OBC,0,0,0,0,0,0,0,0,1,1,2,1,0,0,0,0,0,0,0,3,1,0,3,4,0,0
2019-20,33,Tamilnadu,3301,TIRUVALLUR,330105,POONAMALLEE,Rural,7,cat7,"SS (VI-X)",5,"Private Unaided (Recognized)",4,OBC,0,0,0,0,0,0,0,4,8,1,7,4,0,0,0,0,0,0,0,0,0,0,0,0,0,0
2019-20,33,Tamilnadu,3301,TIRUVALLUR,330110,PUZHAL,Urban,7,cat7,"SS (VI-X)",5,"Private Unaided (Recognized)",4,OBC,0,0,0,0,0,0,0,14,15,15,19,25,0,0,0,0,0,0,0,22,7,11,11,9,0,0
2019-20,33,Tamilnadu,3301,TIRUVALLUR,330105,POONAMALLEE,Urban,7,cat7,"SS (VI-X)",8,Unrecognized,4,OBC,0,0,0,0,0,0,0,3,9,8,3,8,0,0,0,0,0,0,0,12,9,6,10,6,0,0
2019-20,33,Tamilnadu,3301,TIRUVALLUR,330101,THIRUVALLUR,Rural,2,cat2,"UPS (I-VIII)",1,"Department of Education",4,OBC,20,19,26,22,27,33,37,32,37,24,0,0,0,0,32,29,38,40,44,45,27,44,0,0,0,0
2019-20,33,Tamilnadu,3301,TIRUVALLUR,330102,POONDI,Rural,2,cat2,"UPS (I-VIII)",1,"Department of Education",4,OBC,9,19,15,15,23,34,32,35,32,35,0,0,0,0,32,31,33,30,27,42,34,38,0,0,0,0
2019-20,33,Tamilnadu,3301,TIRUVALLUR,330103,KADAMBATHUR,Rural,2,cat2,"UPS (I-VIII)",1,"Department of Education",4,OBC,31,25,44,65,54,55,77,71,73,78,0,0,0,0,57,66,67,73,54,68,75,57,0,0,0,0
2019-20,33,Tamilnadu,3301,TIRUVALLUR,330104,ELLAPURAM,Rural,2,cat2,"UPS (I-VIII)",1,"Department of Education",4,OBC,21,27,41,57,48,57,59,81,68,68,0,0,0,0,56,64,55,64,62,112,97,88,0,0,0,0
2019-20,33,Tamilnadu,3301,TIRUVALLUR,330105,POONAMALLEE,Rural,2,cat2,"UPS (I-VIII)",1,"Department of Education",4,OBC,30,34,64,65,83,75,78,116,100,93,0,0,0,0,88,93,108,97,87,98,86,71,0,0,0,0
2019-20,33,Tamilnadu,3301,TIRUVALLUR,330106,MINJUR,Rural,2,cat2,"UPS (I-VIII)",1,"Department of Education",4,OBC,33,27,49,75,62,76,71,68,89,78,0,0,0,0,51,75,74,65,80,88,90,78,0,0,0,0
2019-20,33,Tamilnadu,3301,TIRUVALLUR,330107,SHOLAVARAM,Rural,2,cat2,"UPS (I-VIII)",1,"Department of Education",4,OBC,29,23,33,45,50,58,63,81,92,55,0,0,0,0,42,37,58,55,69,78,92,84,0,0,0,0
2019-20,33,Tamilnadu,3301,TIRUVALLUR,330108,GUMMIDIPOONDI,Rural,2,cat2,"UPS (I-VIII)",1,"Department of Education",4,OBC,56,72,84,99,109,100,120,161,137,107,0,0,0,0,107,112,114,129,129,147,152,120,0,0,0,0
2019-20,33,Tamilnadu,3301,TIRUVALLUR,330109,VILLIVAKKAM,Rural,2,cat2,"UPS (I-VIII)",1,"Department of Education",4,OBC,0,0,9,10,15,12,14,13,13,10,0,0,0,0,7,12,22,11,17,15,23,9,0,0,0,0
2019-20,33,Tamilnadu,3301,TIRUVALLUR,330110,PUZHAL,Rural,2,cat2,"UPS (I-VIII)",1,"Department of Education",4,OBC,6,20,8,9,4,13,9,20,22,18,0,0,0,0,8,12,8,12,14,16,17,11,0,0,0,0
2019-20,33,Tamilnadu,3301,TIRUVALLUR,330111,TIRUTTANI,Rural,2,cat2,"UPS (I-VIII)",1,"Department of Education",4,OBC,21,26,36,45,54,51,57,92,96,83,0,0,0,0,56,56,68,65,66,108,95,79,0,0,0,0
2019-20,33,Tamilnadu,3301,TIRUVALLUR,330112,THIRUVALANGADU,Rural,2,cat2,"UPS (I-VIII)",1,"Department of Education",4,OBC,45,37,33,55,54,63,50,67,63,69,0,0,0,0,61,50,49,56,60,80,58,63,0,0,0,0
2019-20,33,Tamilnadu,3301,TIRUVALLUR,330113,PALLIPAT,Rural,2,cat2,"UPS (I-VIII)",1,"Department of Education",4,OBC,29,33,33,44,50,47,53,68,65,70,0,0,0,0,36,47,43,57,42,71,52,60,0,0,0,0
2019-20,33,Tamilnadu,3301,TIRUVALLUR,330114,R.K.PET,Rural,2,cat2,"UPS (I-VIII)",1,"Department of Education",4,OBC,9,14,37,42,44,46,53,57,61,51,0,0,0,0,35,44,56,49,37,69,47,60,0,0,0,0
2019-20,33,Tamilnadu,3301,TIRUVALLUR,330105,POONAMALLEE,Urban,2,cat2,"UPS (I-VIII)",1,"Department of Education",4,OBC,15,24,31,45,37,46,46,49,69,44,0,0,0,0,24,28,52,35,52,46,59,35,0,0,0,0
2019-20,33,Tamilnadu,3301,TIRUVALLUR,330106,MINJUR,Urban,2,cat2,"UPS (I-VIII)",1,"Department of Education",4,OBC,6,0,11,15,4,8,11,20,11,9,0,0,0,0,5,8,14,13,17,7,13,13,0,0,0,0
2019-20,33,Tamilnadu,3301,TIRUVALLUR,330109,VILLIVAKKAM,Urban,2,cat2,"UPS (I-VIII)",1,"Department of Education",4,OBC,28,27,44,48,55,65,62,111,100,87,0,0,0,0,53,49,55,70,86,89,87,73,0,0,0,0
2019-20,33,Tamilnadu,3301,TIRUVALLUR,330110,PUZHAL,Urban,2,cat2,"UPS (I-VIII)",1,"Department of Education",4,OBC,33,45,41,41,44,53,63,69,63,58,0,0,0,0,40,45,58,47,54,61,63,60,0,0,0,0
2019-20,33,Tamilnadu,3301,TIRUVALLUR,330111,TIRUTTANI,Urban,2,cat2,"UPS (I-VIII)",1,"Department of Education",4,OBC,0,0,14,16,14,22,30,47,51,58,0,0,0,0,14,29,30,29,37,35,47,50,0,0,0,0
2019-20,33,Tamilnadu,3301,TIRUVALLUR,330101,THIRUVALLUR,Rural,2,cat2,"UPS (I-VIII)",2,"Tribal Welfare Department",4,OBC,0,0,0,3,0,0,0,0,1,3,0,0,0,0,0,1,1,0,0,0,0,1,0,0,0,0
2019-20,33,Tamilnadu,3301,TIRUVALLUR,330106,MINJUR,Rural,2,cat2,"UPS (I-VIII)",2,"Tribal Welfare Department",4,OBC,0,0,1,2,2,5,4,5,1,3,0,0,0,0,3,0,1,6,1,3,2,2,0,0,0,0
2019-20,33,Tamilnadu,3301,TIRUVALLUR,330109,VILLIVAKKAM,Rural,2,cat2,"UPS (I-VIII)",2,"Tribal Welfare Department",4,OBC,0,0,1,2,1,0,4,3,0,1,0,0,0,0,0,0,4,1,0,1,0,1,0,0,0,0
2019-20,33,Tamilnadu,3301,TIRUVALLUR,330110,PUZHAL,Rural,2,cat2,"UPS (I-VIII)",2,"Tribal Welfare Department",4,OBC,0,0,0,0,0,1,1,0,1,1,0,0,0,0,0,0,1,1,1,2,0,1,0,0,0,0
