Academic_Year,State_Code,State_Name,District_Code,District_Name,Block_Code,Block_Name,School_Management_Id,School_Management_Name,School_Category_Id,School_Category_Name,Academic_Qualification_Id,Academic_Qualification_Name,Professional_Qualification_Id,Professional_Qualification_Name,Only_Pre_Primary_Male,Only_Pre_Primary_Female,Pre_Primary_and_Primary_Male,Pre_Primary_and_Primary_Female,Only_Primary_Male,Only_Primary_Female,Primary_and_Upperprimary_Male,Primary_and_Upperprimary_Female,Only_Upperprimary_Male,Only_Upperprimary_Female,Upperprimary_and_Secondary_Male,Upperprimary_and_Secondary_Female,Only_Secondary_Male,Only_Secondary_Female,Secondary_and_Highersecondary_Male,Secondary_and_Highersecondary_Female,Only_Highersecondary_Male,Only_Highersecondary_Female,Total_Teacher,Total_Male,Total_Female
2019-20,33,Tamilnadu,3304,VELLORE,330401,ARAKKONAM,1,"Department of Education",1,"PS (I-V)",1,"Below Secondary",1,"Diploma or certificate in basic teachers training of a duration not less than two years",0,0,0,0,0,1,0,0,0,0,0,0,0,0,0,0,0,0,1,0,1
2019-20,33,Tamilnadu,3304,VELLORE,330402,NEMILI,1,"Department of Education",1,"PS (I-V)",1,"Below Secondary",1,"Diploma or certificate in basic teachers training of a duration not less than two years",0,0,0,0,2,1,0,0,0,0,0,0,0,0,0,0,0,0,3,2,1
2019-20,33,Tamilnadu,3304,VELLORE,330403,KAVERIPAKKAM,1,"Department of Education",1,"PS (I-V)",1,"Below Secondary",1,"Diploma or certificate in basic teachers training of a duration not less than two years",0,0,0,0,4,7,0,0,0,0,0,0,0,0,0,0,0,0,11,4,7
2019-20,33,Tamilnadu,3304,VELLORE,330404,SHOLINGAR,1,"Department of Education",1,"PS (I-V)",1,"Below Secondary",1,"Diploma or certificate in basic teachers training of a duration not less than two years",0,0,0,0,2,5,0,0,0,0,0,0,0,0,0,0,0,0,7,2,5
2019-20,33,Tamilnadu,3304,VELLORE,330405,"WALAJA WEST",1,"Department of Education",1,"PS (I-V)",1,"Below Secondary",1,"Diploma or certificate in basic teachers training of a duration not less than two years",0,0,0,0,0,2,0,0,0,0,0,0,0,0,0,0,0,0,2,0,2
2019-20,33,Tamilnadu,3304,VELLORE,330407,TIMIRI,1,"Department of Education",1,"PS (I-V)",1,"Below Secondary",1,"Diploma or certificate in basic teachers training of a duration not less than two years",0,0,0,0,4,3,0,0,0,0,0,0,0,0,0,0,0,0,7,4,3
2019-20,33,Tamilnadu,3304,VELLORE,330408,ARCOT,1,"Department of Education",1,"PS (I-V)",1,"Below Secondary",1,"Diploma or certificate in basic teachers training of a duration not less than two years",0,0,0,0,4,0,0,0,0,0,0,0,0,0,0,0,0,0,4,4,0
2019-20,33,Tamilnadu,3304,VELLORE,330409,"VELLORE RURAL",1,"Department of Education",1,"PS (I-V)",1,"Below Secondary",1,"Diploma or certificate in basic teachers training of a duration not less than two years",0,0,0,0,2,3,0,0,0,0,0,0,0,0,0,0,0,0,5,2,3
2019-20,33,Tamilnadu,3304,VELLORE,330411,KANIYAMBADI,1,"Department of Education",1,"PS (I-V)",1,"Below Secondary",1,"Diploma or certificate in basic teachers training of a duration not less than two years",0,0,0,0,1,2,0,0,0,0,0,0,0,0,0,0,0,0,3,1,2
2019-20,33,Tamilnadu,3304,VELLORE,330412,ANAICUT,1,"Department of Education",1,"PS (I-V)",1,"Below Secondary",1,"Diploma or certificate in basic teachers training of a duration not less than two years",0,0,0,0,4,6,0,0,0,0,0,0,0,0,0,0,0,0,10,4,6
2019-20,33,Tamilnadu,3304,VELLORE,330413,KATPADI,1,"Department of Education",1,"PS (I-V)",1,"Below Secondary",1,"Diploma or certificate in basic teachers training of a duration not less than two years",0,0,0,0,4,6,0,0,0,0,0,0,0,0,0,0,0,0,10,4,6
2019-20,33,Tamilnadu,3304,VELLORE,330414,K.V.KUPPAM,1,"Department of Education",1,"PS (I-V)",1,"Below Secondary",1,"Diploma or certificate in basic teachers training of a duration not less than two years",0,0,0,0,1,4,0,0,0,0,0,0,0,0,0,0,0,0,5,1,4
2019-20,33,Tamilnadu,3304,VELLORE,330415,GUDIYATHAM,1,"Department of Education",1,"PS (I-V)",1,"Below Secondary",1,"Diploma or certificate in basic teachers training of a duration not less than two years",0,0,0,0,2,5,0,0,0,0,0,0,0,0,0,0,0,0,7,2,5
2019-20,33,Tamilnadu,3304,VELLORE,330416,PERNAMBUT,1,"Department of Education",1,"PS (I-V)",1,"Below Secondary",1,"Diploma or certificate in basic teachers training of a duration not less than two years",0,0,0,0,3,0,0,0,0,0,0,0,0,0,0,0,0,0,3,3,0
2019-20,33,Tamilnadu,3304,VELLORE,330417,MADHANUR,1,"Department of Education",1,"PS (I-V)",1,"Below Secondary",1,"Diploma or certificate in basic teachers training of a duration not less than two years",0,0,0,0,1,1,0,0,0,0,0,0,0,0,0,0,0,0,2,1,1
2019-20,33,Tamilnadu,3304,VELLORE,330418,ALANGAYAM,1,"Department of Education",1,"PS (I-V)",1,"Below Secondary",1,"Diploma or certificate in basic teachers training of a duration not less than two years",0,0,0,0,2,3,0,0,0,0,0,0,0,0,0,0,0,0,5,2,3
2019-20,33,Tamilnadu,3304,VELLORE,330419,NATRAMPALLI,1,"Department of Education",1,"PS (I-V)",1,"Below Secondary",1,"Diploma or certificate in basic teachers training of a duration not less than two years",0,0,0,0,2,2,0,0,0,0,0,0,0,0,0,0,0,0,4,2,2
2019-20,33,Tamilnadu,3304,VELLORE,330420,JOLARPET,1,"Department of Education",1,"PS (I-V)",1,"Below Secondary",1,"Diploma or certificate in basic teachers training of a duration not less than two years",0,0,0,0,8,3,0,0,0,0,0,0,0,0,0,0,0,0,11,8,3
2019-20,33,Tamilnadu,3304,VELLORE,330421,THIRUPATTUR,1,"Department of Education",1,"PS (I-V)",1,"Below Secondary",1,"Diploma or certificate in basic teachers training of a duration not less than two years",0,0,0,0,3,3,0,0,0,0,0,0,0,0,0,0,0,0,6,3,3
2019-20,33,Tamilnadu,3304,VELLORE,330422,KANDHILI,1,"Department of Education",1,"PS (I-V)",1,"Below Secondary",1,"Diploma or certificate in basic teachers training of a duration not less than two years",0,0,0,0,3,3,0,0,0,0,0,0,0,0,0,0,0,0,6,3,3
2019-20,33,Tamilnadu,3304,VELLORE,330402,NEMILI,1,"Department of Education",2,"UPS (I-VIII)",1,"Below Secondary",1,"Diploma or certificate in basic teachers training of a duration not less than two years",0,0,0,0,0,1,0,0,0,0,0,0,0,0,0,0,0,0,1,0,1
2019-20,33,Tamilnadu,3304,VELLORE,330403,KAVERIPAKKAM,1,"Department of Education",2,"UPS (I-VIII)",1,"Below Secondary",1,"Diploma or certificate in basic teachers training of a duration not less than two years",0,0,0,0,0,1,0,0,0,0,0,0,0,0,0,0,0,0,1,0,1
2019-20,33,Tamilnadu,3304,VELLORE,330405,"WALAJA WEST",1,"Department of Education",2,"UPS (I-VIII)",1,"Below Secondary",1,"Diploma or certificate in basic teachers training of a duration not less than two years",0,0,0,0,1,0,0,0,0,0,0,0,0,0,0,0,0,0,1,1,0
2019-20,33,Tamilnadu,3304,VELLORE,330407,TIMIRI,1,"Department of Education",2,"UPS (I-VIII)",1,"Below Secondary",1,"Diploma or certificate in basic teachers training of a duration not less than two years",0,0,0,0,2,0,0,0,0,0,0,0,0,0,0,0,0,0,2,2,0
2019-20,33,Tamilnadu,3304,VELLORE,330413,KATPADI,1,"Department of Education",2,"UPS (I-VIII)",1,"Below Secondary",1,"Diploma or certificate in basic teachers training of a duration not less than two years",0,0,0,0,1,2,0,0,0,0,0,0,0,0,0,0,0,0,3,1,2
2019-20,33,Tamilnadu,3304,VELLORE,330414,K.V.KUPPAM,1,"Department of Education",2,"UPS (I-VIII)",1,"Below Secondary",1,"Diploma or certificate in basic teachers training of a duration not less than two years",0,0,0,0,0,2,0,0,0,0,0,0,0,0,0,0,0,0,2,0,2
2019-20,33,Tamilnadu,3304,VELLORE,330416,PERNAMBUT,1,"Department of Education",2,"UPS (I-VIII)",1,"Below Secondary",1,"Diploma or certificate in basic teachers training of a duration not less than two years",0,0,0,0,1,0,0,0,0,0,0,0,0,0,0,0,0,0,1,1,0
2019-20,33,Tamilnadu,3304,VELLORE,330418,ALANGAYAM,1,"Department of Education",2,"UPS (I-VIII)",1,"Below Secondary",1,"Diploma or certificate in basic teachers training of a duration not less than two years",0,0,0,0,0,1,0,0,0,0,0,0,0,0,0,0,0,0,1,0,1
2019-20,33,Tamilnadu,3304,VELLORE,330420,JOLARPET,1,"Department of Education",2,"UPS (I-VIII)",1,"Below Secondary",1,"Diploma or certificate in basic teachers training of a duration not less than two years",0,0,0,0,1,0,0,0,0,0,0,0,0,0,0,0,0,0,1,1,0
2019-20,33,Tamilnadu,3304,VELLORE,330421,THIRUPATTUR,1,"Department of Education",2,"UPS (I-VIII)",1,"Below Secondary",1,"Diploma or certificate in basic teachers training of a duration not less than two years",0,0,0,0,1,2,0,0,0,0,0,0,0,0,0,0,0,0,3,1,2
2019-20,33,Tamilnadu,3304,VELLORE,330422,KANDHILI,1,"Department of Education",2,"UPS (I-VIII)",1,"Below Secondary",1,"Diploma or certificate in basic teachers training of a duration not less than two years",0,0,0,0,2,0,0,0,0,0,0,0,0,0,0,0,0,0,2,2,0
2019-20,33,Tamilnadu,3304,VELLORE,330402,NEMILI,1,"Department of Education",5,"HSS (VI-XII)",1,"Below Secondary",1,"Diploma or certificate in basic teachers training of a duration not less than two years",0,0,0,0,0,0,0,0,1,2,0,0,0,0,0,0,0,0,3,1,2
2019-20,33,Tamilnadu,3304,VELLORE,330407,TIMIRI,1,"Department of Education",5,"HSS (VI-XII)",1,"Below Secondary",1,"Diploma or certificate in basic teachers training of a duration not less than two years",0,0,0,0,0,0,0,0,1,0,0,0,0,0,0,0,0,0,1,1,0
2019-20,33,Tamilnadu,3304,VELLORE,330408,ARCOT,1,"Department of Education",5,"HSS (VI-XII)",1,"Below Secondary",1,"Diploma or certificate in basic teachers training of a duration not less than two years",0,0,0,0,0,0,0,0,1,0,0,0,0,0,0,0,0,0,1,1,0
2019-20,33,Tamilnadu,3304,VELLORE,330417,MADHANUR,1,"Department of Education",7,"SS (VI-X)",1,"Below Secondary",1,"Diploma or certificate in basic teachers training of a duration not less than two years",0,0,0,0,0,0,0,0,1,0,0,0,0,0,0,0,0,0,1,1,0
2019-20,33,Tamilnadu,3304,VELLORE,330418,ALANGAYAM,1,"Department of Education",7,"SS (VI-X)",1,"Below Secondary",1,"Diploma or certificate in basic teachers training of a duration not less than two years",0,0,0,0,0,0,0,0,1,0,0,0,0,0,0,0,0,0,1,1,0
2019-20,33,Tamilnadu,3304,VELLORE,330404,SHOLINGAR,1,"Department of Education",1,"PS (I-V)",1,"Below Secondary",3,"B.Ed. or equivalent",0,0,0,0,0,1,0,0,0,0,0,0,0,0,0,0,0,0,1,0,1
2019-20,33,Tamilnadu,3304,VELLORE,330405,"WALAJA WEST",1,"Department of Education",1,"PS (I-V)",1,"Below Secondary",3,"B.Ed. or equivalent",0,0,0,0,0,2,0,0,0,0,0,0,0,0,0,0,0,0,2,0,2
2019-20,33,Tamilnadu,3304,VELLORE,330407,TIMIRI,1,"Department of Education",1,"PS (I-V)",1,"Below Secondary",3,"B.Ed. or equivalent",0,0,0,0,0,1,0,0,0,0,0,0,0,0,0,0,0,0,1,0,1
2019-20,33,Tamilnadu,3304,VELLORE,330409,"VELLORE RURAL",1,"Department of Education",1,"PS (I-V)",1,"Below Secondary",3,"B.Ed. or equivalent",0,0,0,0,1,0,0,0,0,0,0,0,0,0,0,0,0,0,1,1,0
2019-20,33,Tamilnadu,3304,VELLORE,330412,ANAICUT,1,"Department of Education",1,"PS (I-V)",1,"Below Secondary",3,"B.Ed. or equivalent",0,0,0,0,0,1,0,0,0,0,0,0,0,0,0,0,0,0,1,0,1
2019-20,33,Tamilnadu,3304,VELLORE,330418,ALANGAYAM,1,"Department of Education",1,"PS (I-V)",1,"Below Secondary",3,"B.Ed. or equivalent",0,0,0,0,1,0,0,0,0,0,0,0,0,0,0,0,0,0,1,1,0
2019-20,33,Tamilnadu,3304,VELLORE,330421,THIRUPATTUR,1,"Department of Education",1,"PS (I-V)",1,"Below Secondary",3,"B.Ed. or equivalent",0,0,0,0,0,2,0,0,0,0,0,0,0,0,0,0,0,0,2,0,2
2019-20,33,Tamilnadu,3304,VELLORE,330405,"WALAJA WEST",1,"Department of Education",2,"UPS (I-VIII)",1,"Below Secondary",3,"B.Ed. or equivalent",0,0,0,0,0,0,0,0,0,1,0,0,0,0,0,0,0,0,1,0,1
2019-20,33,Tamilnadu,3304,VELLORE,330413,KATPADI,1,"Department of Education",2,"UPS (I-VIII)",1,"Below Secondary",3,"B.Ed. or equivalent",0,0,0,0,0,1,0,0,0,1,0,0,0,0,0,0,0,0,2,0,2
2019-20,33,Tamilnadu,3304,VELLORE,330415,GUDIYATHAM,1,"Department of Education",2,"UPS (I-VIII)",1,"Below Secondary",3,"B.Ed. or equivalent",0,0,0,0,0,1,0,0,0,1,0,0,0,0,0,0,0,0,2,0,2
2019-20,33,Tamilnadu,3304,VELLORE,330416,PERNAMBUT,1,"Department of Education",2,"UPS (I-VIII)",1,"Below Secondary",3,"B.Ed. or equivalent",0,0,0,0,0,0,0,0,1,0,0,0,0,0,0,0,0,0,1,1,0
2019-20,33,Tamilnadu,3304,VELLORE,330415,GUDIYATHAM,1,"Department of Education",3,"HSS (I-XII)",1,"Below Secondary",3,"B.Ed. or equivalent",0,0,0,0,0,0,0,0,0,0,0,0,0,0,0,0,0,1,1,0,1
2019-20,33,Tamilnadu,3304,VELLORE,330401,ARAKKONAM,1,"Department of Education",5,"HSS (VI-XII)",1,"Below Secondary",3,"B.Ed. or equivalent",0,0,0,0,0,0,0,0,0,1,0,1,0,0,0,0,0,0,2,0,2
2019-20,33,Tamilnadu,3304,VELLORE,330402,NEMILI,1,"Department of Education",5,"HSS (VI-XII)",1,"Below Secondary",3,"B.Ed. or equivalent",0,0,0,0,0,0,0,0,1,1,0,0,0,0,0,0,0,2,4,1,3
2019-20,33,Tamilnadu,3304,VELLORE,330405,"WALAJA WEST",1,"Department of Education",5,"HSS (VI-XII)",1,"Below Secondary",3,"B.Ed. or equivalent",0,0,0,0,0,0,0,0,1,0,0,0,0,0,0,0,0,0,1,1,0
2019-20,33,Tamilnadu,3304,VELLORE,330406,"WALAJA EAST",1,"Department of Education",5,"HSS (VI-XII)",1,"Below Secondary",3,"B.Ed. or equivalent",0,0,0,0,0,0,0,0,0,0,0,0,1,0,0,0,0,0,1,1,0
2019-20,33,Tamilnadu,3304,VELLORE,330407,TIMIRI,1,"Department of Education",5,"HSS (VI-XII)",1,"Below Secondary",3,"B.Ed. or equivalent",0,0,0,0,0,0,0,0,1,0,0,0,1,0,0,0,0,0,2,2,0
2019-20,33,Tamilnadu,3304,VELLORE,330411,KANIYAMBADI,1,"Department of Education",5,"HSS (VI-XII)",1,"Below Secondary",3,"B.Ed. or equivalent",0,0,0,0,0,0,0,0,0,0,0,0,1,0,0,0,0,0,1,1,0
2019-20,33,Tamilnadu,3304,VELLORE,330413,KATPADI,1,"Department of Education",5,"HSS (VI-XII)",1,"Below Secondary",3,"B.Ed. or equivalent",0,0,0,0,0,0,0,0,0,2,0,0,0,0,0,0,0,0,2,0,2
2019-20,33,Tamilnadu,3304,VELLORE,330414,K.V.KUPPAM,1,"Department of Education",5,"HSS (VI-XII)",1,"Below Secondary",3,"B.Ed. or equivalent",0,0,0,0,0,0,0,0,0,0,0,0,0,0,0,0,0,1,1,0,1
2019-20,33,Tamilnadu,3304,VELLORE,330415,GUDIYATHAM,1,"Department of Education",5,"HSS (VI-XII)",1,"Below Secondary",3,"B.Ed. or equivalent",0,0,0,0,0,0,0,0,1,0,0,0,0,0,0,0,0,0,1,1,0
2019-20,33,Tamilnadu,3304,VELLORE,330418,ALANGAYAM,1,"Department of Education",5,"HSS (VI-XII)",1,"Below Secondary",3,"B.Ed. or equivalent",0,0,0,0,0,0,0,0,0,0,0,0,0,1,0,0,0,0,1,0,1
2019-20,33,Tamilnadu,3304,VELLORE,330419,NATRAMPALLI,1,"Department of Education",5,"HSS (VI-XII)",1,"Below Secondary",3,"B.Ed. or equivalent",0,0,0,0,0,0,0,0,1,0,0,0,1,0,0,0,0,0,2,2,0
2019-20,33,Tamilnadu,3304,VELLORE,330420,JOLARPET,1,"Department of Education",5,"HSS (VI-XII)",1,"Below Secondary",3,"B.Ed. or equivalent",0,0,0,0,0,0,0,0,0,1,0,0,0,0,0,0,0,0,1,0,1
2019-20,33,Tamilnadu,3304,VELLORE,330422,KANDHILI,1,"Department of Education",5,"HSS (VI-XII)",1,"Below Secondary",3,"B.Ed. or equivalent",0,0,0,0,0,0,0,0,0,1,0,0,0,0,0,0,0,0,1,0,1
2019-20,33,Tamilnadu,3304,VELLORE,330409,"VELLORE RURAL",1,"Department of Education",7,"SS (VI-X)",1,"Below Secondary",3,"B.Ed. or equivalent",0,0,0,0,0,0,0,0,1,0,0,0,0,0,0,0,0,0,1,1,0
2019-20,33,Tamilnadu,3304,VELLORE,330412,ANAICUT,1,"Department of Education",7,"SS (VI-X)",1,"Below Secondary",3,"B.Ed. or equivalent",0,0,0,0,0,0,0,0,0,0,0,1,0,0,0,0,0,0,1,0,1
2019-20,33,Tamilnadu,3304,VELLORE,330417,MADHANUR,1,"Department of Education",7,"SS (VI-X)",1,"Below Secondary",3,"B.Ed. or equivalent",0,0,0,0,0,0,0,0,0,0,0,0,1,0,0,0,0,0,1,1,0
2019-20,33,Tamilnadu,3304,VELLORE,330418,ALANGAYAM,1,"Department of Education",7,"SS (VI-X)",1,"Below Secondary",3,"B.Ed. or equivalent",0,0,0,0,0,0,0,0,1,0,0,0,0,0,0,0,0,0,1,1,0
2019-20,33,Tamilnadu,3304,VELLORE,330420,JOLARPET,1,"Department of Education",7,"SS (VI-X)",1,"Below Secondary",3,"B.Ed. or equivalent",0,0,0,0,0,0,0,0,1,0,0,1,0,0,0,0,0,0,2,1,1
2019-20,33,Tamilnadu,3304,VELLORE,330422,KANDHILI,1,"Department of Education",7,"SS (VI-X)",1,"Below Secondary",3,"B.Ed. or equivalent",0,0,0,0,0,0,0,0,0,1,0,0,0,0,0,0,0,0,1,0,1
2019-20,33,Tamilnadu,3304,VELLORE,330413,KATPADI,1,"Department of Education",1,"PS (I-V)",1,"Below Secondary",4,"M.Ed. or equivalent",0,0,0,0,1,0,0,0,0,0,0,0,0,0,0,0,0,0,1,1,0
2019-20,33,Tamilnadu,3304,VELLORE,330417,MADHANUR,1,"Department of Education",1,"PS (I-V)",1,"Below Secondary",4,"M.Ed. or equivalent",0,0,0,0,0,1,0,0,0,0,0,0,0,0,0,0,0,0,1,0,1
2019-20,33,Tamilnadu,3304,VELLORE,330402,NEMILI,1,"Department of Education",5,"HSS (VI-XII)",1,"Below Secondary",4,"M.Ed. or equivalent",0,0,0,0,0,0,0,0,1,0,0,0,0,0,0,0,0,0,1,1,0
2019-20,33,Tamilnadu,3304,VELLORE,330403,KAVERIPAKKAM,1,"Department of Education",5,"HSS (VI-XII)",1,"Below Secondary",4,"M.Ed. or equivalent",0,0,0,0,0,0,0,0,0,1,0,0,0,0,0,0,0,0,1,0,1
2019-20,33,Tamilnadu,3304,VELLORE,330404,SHOLINGAR,1,"Department of Education",5,"HSS (VI-XII)",1,"Below Secondary",4,"M.Ed. or equivalent",0,0,0,0,0,0,0,0,1,0,0,0,0,0,0,0,0,0,1,1,0
2019-20,33,Tamilnadu,3304,VELLORE,330407,TIMIRI,1,"Department of Education",5,"HSS (VI-XII)",1,"Below Secondary",4,"M.Ed. or equivalent",0,0,0,0,0,0,0,0,1,0,0,0,0,0,0,0,0,0,1,1,0
2019-20,33,Tamilnadu,3304,VELLORE,330409,"VELLORE RURAL",1,"Department of Education",5,"HSS (VI-XII)",1,"Below Secondary",4,"M.Ed. or equivalent",0,0,0,0,0,0,0,0,0,1,0,0,0,0,0,0,0,0,1,0,1
2019-20,33,Tamilnadu,3304,VELLORE,330414,K.V.KUPPAM,1,"Department of Education",5,"HSS (VI-XII)",1,"Below Secondary",4,"M.Ed. or equivalent",0,0,0,0,0,0,0,0,0,1,0,0,1,0,0,0,0,0,2,1,1
2019-20,33,Tamilnadu,3304,VELLORE,330415,GUDIYATHAM,1,"Department of Education",5,"HSS (VI-XII)",1,"Below Secondary",4,"M.Ed. or equivalent",0,0,0,0,0,0,0,0,0,1,1,0,0,0,0,0,0,0,2,1,1
2019-20,33,Tamilnadu,3304,VELLORE,330402,NEMILI,1,"Department of Education",7,"SS (VI-X)",1,"Below Secondary",4,"M.Ed. or equivalent",0,0,0,0,0,0,0,0,0,0,0,0,1,0,0,0,0,0,1,1,0
2019-20,33,Tamilnadu,3304,VELLORE,330412,ANAICUT,1,"Department of Education",7,"SS (VI-X)",1,"Below Secondary",4,"M.Ed. or equivalent",0,0,0,0,0,0,0,0,0,0,1,0,0,0,0,0,0,0,1,1,0
2019-20,33,Tamilnadu,3304,VELLORE,330418,ALANGAYAM,1,"Department of Education",7,"SS (VI-X)",1,"Below Secondary",4,"M.Ed. or equivalent",0,0,0,0,0,0,0,0,0,1,0,0,0,0,0,0,0,0,1,0,1
2019-20,33,Tamilnadu,3304,VELLORE,330403,KAVERIPAKKAM,1,"Department of Education",2,"UPS (I-VIII)",1,"Below Secondary",5,Others,0,0,0,0,0,0,0,0,0,1,0,0,0,0,0,0,0,0,1,0,1
2019-20,33,Tamilnadu,3304,VELLORE,330405,"WALAJA WEST",1,"Department of Education",2,"UPS (I-VIII)",1,"Below Secondary",5,Others,0,0,0,0,0,0,0,0,1,0,0,0,0,0,0,0,0,0,1,1,0
2019-20,33,Tamilnadu,3304,VELLORE,330409,"VELLORE RURAL",1,"Department of Education",2,"UPS (I-VIII)",1,"Below Secondary",5,Others,0,0,0,0,0,0,0,0,1,0,0,0,0,0,0,0,0,0,1,1,0
2019-20,33,Tamilnadu,3304,VELLORE,330421,THIRUPATTUR,1,"Department of Education",2,"UPS (I-VIII)",1,"Below Secondary",5,Others,0,0,0,0,0,0,0,0,1,0,0,0,0,0,0,0,0,0,1,1,0
2019-20,33,Tamilnadu,3304,VELLORE,330401,ARAKKONAM,1,"Department of Education",5,"HSS (VI-XII)",1,"Below Secondary",5,Others,0,0,0,0,0,0,0,0,1,0,0,0,0,0,0,0,0,0,1,1,0
2019-20,33,Tamilnadu,3304,VELLORE,330402,NEMILI,1,"Department of Education",5,"HSS (VI-XII)",1,"Below Secondary",5,Others,0,0,0,0,0,0,0,0,0,1,0,0,0,0,0,0,0,0,1,0,1
2019-20,33,Tamilnadu,3304,VELLORE,330404,SHOLINGAR,1,"Department of Education",5,"HSS (VI-XII)",1,"Below Secondary",5,Others,0,0,0,0,0,0,0,0,0,2,1,0,1,0,1,0,0,0,5,3,2
2019-20,33,Tamilnadu,3304,VELLORE,330405,"WALAJA WEST",1,"Department of Education",5,"HSS (VI-XII)",1,"Below Secondary",5,Others,0,0,0,0,0,0,0,0,0,1,0,0,0,0,0,0,0,0,1,0,1
2019-20,33,Tamilnadu,3304,VELLORE,330406,"WALAJA EAST",1,"Department of Education",5,"HSS (VI-XII)",1,"Below Secondary",5,Others,0,0,0,0,0,0,0,0,0,0,0,1,1,0,0,0,0,0,2,1,1
2019-20,33,Tamilnadu,3304,VELLORE,330407,TIMIRI,1,"Department of Education",5,"HSS (VI-XII)",1,"Below Secondary",5,Others,0,0,0,0,0,0,0,0,1,1,0,0,0,0,0,0,0,0,2,1,1
2019-20,33,Tamilnadu,3304,VELLORE,330409,"VELLORE RURAL",1,"Department of Education",5,"HSS (VI-XII)",1,"Below Secondary",5,Others,0,0,0,0,0,0,0,0,0,1,0,0,0,0,0,0,0,0,1,0,1
2019-20,33,Tamilnadu,3304,VELLORE,330411,KANIYAMBADI,1,"Department of Education",5,"HSS (VI-XII)",1,"Below Secondary",5,Others,0,0,0,0,0,0,0,0,1,0,1,1,0,0,0,0,0,0,3,2,1
2019-20,33,Tamilnadu,3304,VELLORE,330412,ANAICUT,1,"Department of Education",5,"HSS (VI-XII)",1,"Below Secondary",5,Others,0,0,0,0,0,0,0,0,1,1,1,1,0,0,0,0,0,0,4,2,2
2019-20,33,Tamilnadu,3304,VELLORE,330413,KATPADI,1,"Department of Education",5,"HSS (VI-XII)",1,"Below Secondary",5,Others,0,0,0,0,0,0,0,0,0,1,2,0,0,0,0,0,0,0,3,2,1
2019-20,33,Tamilnadu,3304,VELLORE,330414,K.V.KUPPAM,1,"Department of Education",5,"HSS (VI-XII)",1,"Below Secondary",5,Others,0,0,0,0,0,0,0,0,1,1,1,0,0,1,0,0,0,0,4,2,2
2019-20,33,Tamilnadu,3304,VELLORE,330415,GUDIYATHAM,1,"Department of Education",5,"HSS (VI-XII)",1,"Below Secondary",5,Others,0,0,0,0,0,0,0,0,1,1,0,2,0,0,0,0,0,0,4,1,3
2019-20,33,Tamilnadu,3304,VELLORE,330416,PERNAMBUT,1,"Department of Education",5,"HSS (VI-XII)",1,"Below Secondary",5,Others,0,0,0,0,0,0,0,0,1,0,0,0,0,0,0,0,0,0,1,1,0
2019-20,33,Tamilnadu,3304,VELLORE,330418,ALANGAYAM,1,"Department of Education",5,"HSS (VI-XII)",1,"Below Secondary",5,Others,0,0,0,0,0,0,0,0,0,0,0,0,1,0,0,0,0,0,1,1,0
2019-20,33,Tamilnadu,3304,VELLORE,330420,JOLARPET,1,"Department of Education",5,"HSS (VI-XII)",1,"Below Secondary",5,Others,0,0,0,0,0,0,0,0,1,2,0,0,0,0,0,0,0,0,3,1,2
2019-20,33,Tamilnadu,3304,VELLORE,330421,THIRUPATTUR,1,"Department of Education",5,"HSS (VI-XII)",1,"Below Secondary",5,Others,0,0,0,0,0,0,0,0,1,2,1,0,1,0,0,0,0,0,5,3,2
2019-20,33,Tamilnadu,3304,VELLORE,330422,KANDHILI,1,"Department of Education",5,"HSS (VI-XII)",1,"Below Secondary",5,Others,0,0,0,0,0,0,0,0,0,2,1,0,0,0,0,0,0,0,3,1,2
2019-20,33,Tamilnadu,3304,VELLORE,330402,NEMILI,1,"Department of Education",7,"SS (VI-X)",1,"Below Secondary",5,Others,0,0,0,0,0,0,0,0,0,2,0,0,0,0,0,0,0,0,2,0,2
2019-20,33,Tamilnadu,3304,VELLORE,330403,KAVERIPAKKAM,1,"Department of Education",7,"SS (VI-X)",1,"Below Secondary",5,Others,0,0,0,0,0,0,0,0,1,2,0,0,0,0,0,0,0,0,3,1,2
2019-20,33,Tamilnadu,3304,VELLORE,330405,"WALAJA WEST",1,"Department of Education",7,"SS (VI-X)",1,"Below Secondary",5,Others,0,0,0,0,0,0,0,0,1,0,0,0,0,0,0,0,0,0,1,1,0
2019-20,33,Tamilnadu,3304,VELLORE,330407,TIMIRI,1,"Department of Education",7,"SS (VI-X)",1,"Below Secondary",5,Others,0,0,0,0,0,0,0,0,0,1,0,0,0,0,0,0,0,0,1,0,1
2019-20,33,Tamilnadu,3304,VELLORE,330408,ARCOT,1,"Department of Education",7,"SS (VI-X)",1,"Below Secondary",5,Others,0,0,0,0,0,0,0,0,1,0,0,0,0,0,0,0,0,0,1,1,0
2019-20,33,Tamilnadu,3304,VELLORE,330409,"VELLORE RURAL",1,"Department of Education",7,"SS (VI-X)",1,"Below Secondary",5,Others,0,0,0,0,0,0,0,0,1,1,0,0,0,0,0,0,0,0,2,1,1
2019-20,33,Tamilnadu,3304,VELLORE,330411,KANIYAMBADI,1,"Department of Education",7,"SS (VI-X)",1,"Below Secondary",5,Others,0,0,0,0,0,0,0,0,1,0,0,0,0,0,0,0,0,0,1,1,0
2019-20,33,Tamilnadu,3304,VELLORE,330414,K.V.KUPPAM,1,"Department of Education",7,"SS (VI-X)",1,"Below Secondary",5,Others,0,0,0,0,0,0,0,0,1,0,0,0,0,0,0,0,0,0,1,1,0
2019-20,33,Tamilnadu,3304,VELLORE,330417,MADHANUR,1,"Department of Education",7,"SS (VI-X)",1,"Below Secondary",5,Others,0,0,0,0,0,0,0,0,0,0,0,0,0,1,0,0,0,0,1,0,1
2019-20,33,Tamilnadu,3304,VELLORE,330418,ALANGAYAM,1,"Department of Education",7,"SS (VI-X)",1,"Below Secondary",5,Others,0,0,0,0,0,0,0,0,2,0,1,0,0,0,0,0,0,0,3,3,0
2019-20,33,Tamilnadu,3304,VELLORE,330421,THIRUPATTUR,1,"Department of Education",7,"SS (VI-X)",1,"Below Secondary",5,Others,0,0,0,0,0,0,0,0,1,0,0,0,0,0,0,0,0,0,1,1,0
2019-20,33,Tamilnadu,3304,VELLORE,330422,KANDHILI,1,"Department of Education",7,"SS (VI-X)",1,"Below Secondary",5,Others,0,0,0,0,0,0,0,0,1,0,0,0,0,0,0,0,0,0,1,1,0
2019-20,33,Tamilnadu,3304,VELLORE,330405,"WALAJA WEST",1,"Department of Education",2,"UPS (I-VIII)",1,"Below Secondary",6,None,0,0,0,0,0,0,0,0,0,1,0,0,0,0,0,0,0,0,1,0,1
2019-20,33,Tamilnadu,3304,VELLORE,330409,"VELLORE RURAL",1,"Department of Education",2,"UPS (I-VIII)",1,"Below Secondary",6,None,0,0,0,0,0,0,0,0,1,0,0,0,0,0,0,0,0,0,1,1,0
2019-20,33,Tamilnadu,3304,VELLORE,330402,NEMILI,1,"Department of Education",5,"HSS (VI-XII)",1,"Below Secondary",6,None,0,0,0,0,0,0,0,0,1,0,0,0,0,0,0,0,0,0,1,1,0
2019-20,33,Tamilnadu,3304,VELLORE,330405,"WALAJA WEST",1,"Department of Education",5,"HSS (VI-XII)",1,"Below Secondary",6,None,0,0,0,0,0,0,0,0,0,1,0,0,0,0,0,0,0,0,1,0,1
2019-20,33,Tamilnadu,3304,VELLORE,330411,KANIYAMBADI,1,"Department of Education",5,"HSS (VI-XII)",1,"Below Secondary",6,None,0,0,0,0,0,0,0,0,0,0,0,0,0,0,0,0,1,0,1,1,0
2019-20,33,Tamilnadu,3304,VELLORE,330412,ANAICUT,1,"Department of Education",5,"HSS (VI-XII)",1,"Below Secondary",6,None,0,0,0,0,0,0,0,0,0,1,0,0,0,0,0,0,0,0,1,0,1
2019-20,33,Tamilnadu,3304,VELLORE,330413,KATPADI,1,"Department of Education",5,"HSS (VI-XII)",1,"Below Secondary",6,None,0,0,0,0,0,0,0,0,0,2,0,0,0,1,0,0,0,0,3,0,3
2019-20,33,Tamilnadu,3304,VELLORE,330414,K.V.KUPPAM,1,"Department of Education",5,"HSS (VI-XII)",1,"Below Secondary",6,None,0,0,0,0,0,0,0,0,0,1,0,0,0,0,0,0,0,0,1,0,1
2019-20,33,Tamilnadu,3304,VELLORE,330420,JOLARPET,1,"Department of Education",5,"HSS (VI-XII)",1,"Below Secondary",6,None,0,0,0,0,0,0,0,0,0,1,0,0,0,0,0,0,0,0,1,0,1
2019-20,33,Tamilnadu,3304,VELLORE,330422,KANDHILI,1,"Department of Education",5,"HSS (VI-XII)",1,"Below Secondary",6,None,0,0,0,0,0,0,0,0,0,2,0,0,0,0,0,0,0,0,2,0,2
2019-20,33,Tamilnadu,3304,VELLORE,330402,NEMILI,1,"Department of Education",7,"SS (VI-X)",1,"Below Secondary",6,None,0,0,0,0,0,0,0,0,0,1,0,0,0,0,0,0,0,0,1,0,1
2019-20,33,Tamilnadu,3304,VELLORE,330403,KAVERIPAKKAM,1,"Department of Education",7,"SS (VI-X)",1,"Below Secondary",6,None,0,0,0,0,0,0,0,0,0,1,0,0,0,0,0,0,0,0,1,0,1
2019-20,33,Tamilnadu,3304,VELLORE,330408,ARCOT,1,"Department of Education",7,"SS (VI-X)",1,"Below Secondary",6,None,0,0,0,0,0,0,0,0,1,0,0,0,0,0,0,0,0,0,1,1,0
2019-20,33,Tamilnadu,3304,VELLORE,330415,GUDIYATHAM,1,"Department of Education",7,"SS (VI-X)",1,"Below Secondary",6,None,0,0,0,0,0,0,0,0,1,0,0,0,0,0,0,0,0,0,1,1,0
2019-20,33,Tamilnadu,3304,VELLORE,330417,MADHANUR,1,"Department of Education",7,"SS (VI-X)",1,"Below Secondary",6,None,0,0,0,0,0,0,0,0,0,3,0,0,0,0,0,0,0,0,3,0,3
2019-20,33,Tamilnadu,3304,VELLORE,330401,ARAKKONAM,1,"Department of Education",1,"PS (I-V)",3,"Higher secondary",1,"Diploma or certificate in basic teachers training of a duration not less than two years",0,0,0,0,0,9,0,0,0,0,0,0,0,0,0,0,0,0,9,0,9
2019-20,33,Tamilnadu,3304,VELLORE,330402,NEMILI,1,"Department of Education",1,"PS (I-V)",3,"Higher secondary",1,"Diploma or certificate in basic teachers training of a duration not less than two years",0,0,0,0,10,15,0,0,0,0,0,0,0,0,0,0,0,0,25,10,15
2019-20,33,Tamilnadu,3304,VELLORE,330403,KAVERIPAKKAM,1,"Department of Education",1,"PS (I-V)",3,"Higher secondary",1,"Diploma or certificate in basic teachers training of a duration not less than two years",0,0,0,0,9,22,0,0,0,0,0,0,0,0,0,0,0,0,31,9,22
2019-20,33,Tamilnadu,3304,VELLORE,330404,SHOLINGAR,1,"Department of Education",1,"PS (I-V)",3,"Higher secondary",1,"Diploma or certificate in basic teachers training of a duration not less than two years",0,0,0,0,4,10,0,0,0,0,0,0,0,0,0,0,0,0,14,4,10
2019-20,33,Tamilnadu,3304,VELLORE,330405,"WALAJA WEST",1,"Department of Education",1,"PS (I-V)",3,"Higher secondary",1,"Diploma or certificate in basic teachers training of a duration not less than two years",0,0,0,0,2,19,0,0,0,0,0,0,0,0,0,0,0,0,21,2,19
2019-20,33,Tamilnadu,3304,VELLORE,330407,TIMIRI,1,"Department of Education",1,"PS (I-V)",3,"Higher secondary",1,"Diploma or certificate in basic teachers training of a duration not less than two years",0,0,0,0,9,18,0,0,0,0,0,0,0,0,0,0,0,0,27,9,18
2019-20,33,Tamilnadu,3304,VELLORE,330408,ARCOT,1,"Department of Education",1,"PS (I-V)",3,"Higher secondary",1,"Diploma or certificate in basic teachers training of a duration not less than two years",0,0,0,0,3,11,0,0,0,0,0,0,0,0,0,0,0,0,14,3,11
2019-20,33,Tamilnadu,3304,VELLORE,330409,"VELLORE RURAL",1,"Department of Education",1,"PS (I-V)",3,"Higher secondary",1,"Diploma or certificate in basic teachers training of a duration not less than two years",0,0,0,0,3,9,0,0,0,0,0,0,0,0,0,0,0,0,12,3,9
2019-20,33,Tamilnadu,3304,VELLORE,330411,KANIYAMBADI,1,"Department of Education",1,"PS (I-V)",3,"Higher secondary",1,"Diploma or certificate in basic teachers training of a duration not less than two years",0,0,0,0,2,10,0,0,0,0,0,0,0,0,0,0,0,0,12,2,10
2019-20,33,Tamilnadu,3304,VELLORE,330412,ANAICUT,1,"Department of Education",1,"PS (I-V)",3,"Higher secondary",1,"Diploma or certificate in basic teachers training of a duration not less than two years",0,0,0,0,7,18,0,0,0,0,0,0,0,0,0,0,0,0,25,7,18
2019-20,33,Tamilnadu,3304,VELLORE,330413,KATPADI,1,"Department of Education",1,"PS (I-V)",3,"Higher secondary",1,"Diploma or certificate in basic teachers training of a duration not less than two years",0,0,0,0,2,13,0,0,0,0,0,0,0,0,0,0,0,0,15,2,13
2019-20,33,Tamilnadu,3304,VELLORE,330414,K.V.KUPPAM,1,"Department of Education",1,"PS (I-V)",3,"Higher secondary",1,"Diploma or certificate in basic teachers training of a duration not less than two years",0,0,0,0,2,16,0,0,0,0,0,0,0,0,0,0,0,0,18,2,16
2019-20,33,Tamilnadu,3304,VELLORE,330415,GUDIYATHAM,1,"Department of Education",1,"PS (I-V)",3,"Higher secondary",1,"Diploma or certificate in basic teachers training of a duration not less than two years",0,0,0,0,5,10,0,0,0,0,0,0,0,0,0,0,0,0,15,5,10
2019-20,33,Tamilnadu,3304,VELLORE,330416,PERNAMBUT,1,"Department of Education",1,"PS (I-V)",3,"Higher secondary",1,"Diploma or certificate in basic teachers training of a duration not less than two years",0,0,0,0,15,21,0,0,0,0,0,0,0,0,0,0,0,0,36,15,21
2019-20,33,Tamilnadu,3304,VELLORE,330417,MADHANUR,1,"Department of Education",1,"PS (I-V)",3,"Higher secondary",1,"Diploma or certificate in basic teachers training of a duration not less than two years",0,0,0,0,11,14,0,0,0,0,0,0,0,0,0,0,0,0,25,11,14
2019-20,33,Tamilnadu,3304,VELLORE,330418,ALANGAYAM,1,"Department of Education",1,"PS (I-V)",3,"Higher secondary",1,"Diploma or certificate in basic teachers training of a duration not less than two years",0,0,0,0,18,9,0,0,0,0,0,0,0,0,0,0,0,0,27,18,9
2019-20,33,Tamilnadu,3304,VELLORE,330419,NATRAMPALLI,1,"Department of Education",1,"PS (I-V)",3,"Higher secondary",1,"Diploma or certificate in basic teachers training of a duration not less than two years",0,0,0,0,5,4,0,0,0,0,0,0,0,0,0,0,0,0,9,5,4
2019-20,33,Tamilnadu,3304,VELLORE,330420,JOLARPET,1,"Department of Education",1,"PS (I-V)",3,"Higher secondary",1,"Diploma or certificate in basic teachers training of a duration not less than two years",0,0,0,0,9,6,0,0,0,0,0,0,0,0,0,0,0,0,15,9,6
2019-20,33,Tamilnadu,3304,VELLORE,330421,THIRUPATTUR,1,"Department of Education",1,"PS (I-V)",3,"Higher secondary",1,"Diploma or certificate in basic teachers training of a duration not less than two years",0,0,0,0,13,10,0,0,0,0,0,0,0,0,0,0,0,0,23,13,10
2019-20,33,Tamilnadu,3304,VELLORE,330422,KANDHILI,1,"Department of Education",1,"PS (I-V)",3,"Higher secondary",1,"Diploma or certificate in basic teachers training of a duration not less than two years",0,0,0,0,11,15,0,0,0,0,0,0,0,0,0,0,0,0,26,11,15
2019-20,33,Tamilnadu,3304,VELLORE,330401,ARAKKONAM,1,"Department of Education",2,"UPS (I-VIII)",3,"Higher secondary",1,"Diploma or certificate in basic teachers training of a duration not less than two years",0,0,0,0,0,1,0,0,0,0,0,0,0,0,0,0,0,0,1,0,1
2019-20,33,Tamilnadu,3304,VELLORE,330402,NEMILI,1,"Department of Education",2,"UPS (I-VIII)",3,"Higher secondary",1,"Diploma or certificate in basic teachers training of a duration not less than two years",0,0,0,0,1,2,0,0,0,0,0,0,0,0,0,0,0,0,3,1,2
2019-20,33,Tamilnadu,3304,VELLORE,330403,KAVERIPAKKAM,1,"Department of Education",2,"UPS (I-VIII)",3,"Higher secondary",1,"Diploma or certificate in basic teachers training of a duration not less than two years",0,0,0,0,0,3,0,0,0,0,0,0,0,0,0,0,0,0,3,0,3
2019-20,33,Tamilnadu,3304,VELLORE,330404,SHOLINGAR,1,"Department of Education",2,"UPS (I-VIII)",3,"Higher secondary",1,"Diploma or certificate in basic teachers training of a duration not less than two years",0,0,0,0,3,8,0,0,0,0,0,0,0,0,0,0,0,0,11,3,8
2019-20,33,Tamilnadu,3304,VELLORE,330405,"WALAJA WEST",1,"Department of Education",2,"UPS (I-VIII)",3,"Higher secondary",1,"Diploma or certificate in basic teachers training of a duration not less than two years",0,0,0,0,2,5,0,0,0,0,0,0,0,0,0,0,0,0,7,2,5
2019-20,33,Tamilnadu,3304,VELLORE,330407,TIMIRI,1,"Department of Education",2,"UPS (I-VIII)",3,"Higher secondary",1,"Diploma or certificate in basic teachers training of a duration not less than two years",0,0,0,0,4,5,0,0,0,0,0,0,0,0,0,0,0,0,9,4,5
2019-20,33,Tamilnadu,3304,VELLORE,330408,ARCOT,1,"Department of Education",2,"UPS (I-VIII)",3,"Higher secondary",1,"Diploma or certificate in basic teachers training of a duration not less than two years",0,0,0,0,0,2,0,0,0,0,0,0,0,0,0,0,0,0,2,0,2
2019-20,33,Tamilnadu,3304,VELLORE,330409,"VELLORE RURAL",1,"Department of Education",2,"UPS (I-VIII)",3,"Higher secondary",1,"Diploma or certificate in basic teachers training of a duration not less than two years",0,0,0,0,2,2,0,0,1,0,0,0,0,0,0,0,0,0,5,3,2
2019-20,33,Tamilnadu,3304,VELLORE,330411,KANIYAMBADI,1,"Department of Education",2,"UPS (I-VIII)",3,"Higher secondary",1,"Diploma or certificate in basic teachers training of a duration not less than two years",0,0,0,0,0,4,0,0,0,0,0,0,0,0,0,0,0,0,4,0,4
2019-20,33,Tamilnadu,3304,VELLORE,330412,ANAICUT,1,"Department of Education",2,"UPS (I-VIII)",3,"Higher secondary",1,"Diploma or certificate in basic teachers training of a duration not less than two years",0,0,0,0,1,7,0,0,0,0,0,0,0,0,0,0,0,0,8,1,7
2019-20,33,Tamilnadu,3304,VELLORE,330413,KATPADI,1,"Department of Education",2,"UPS (I-VIII)",3,"Higher secondary",1,"Diploma or certificate in basic teachers training of a duration not less than two years",0,0,0,0,0,12,0,0,0,0,0,0,0,0,0,0,0,0,12,0,12
2019-20,33,Tamilnadu,3304,VELLORE,330414,K.V.KUPPAM,1,"Department of Education",2,"UPS (I-VIII)",3,"Higher secondary",1,"Diploma or certificate in basic teachers training of a duration not less than two years",0,0,0,0,1,1,0,0,0,0,0,0,0,0,0,0,0,0,2,1,1
2019-20,33,Tamilnadu,3304,VELLORE,330415,GUDIYATHAM,1,"Department of Education",2,"UPS (I-VIII)",3,"Higher secondary",1,"Diploma or certificate in basic teachers training of a duration not less than two years",0,0,0,0,1,2,0,0,0,0,0,0,0,0,0,0,0,0,3,1,2
2019-20,33,Tamilnadu,3304,VELLORE,330416,PERNAMBUT,1,"Department of Education",2,"UPS (I-VIII)",3,"Higher secondary",1,"Diploma or certificate in basic teachers training of a duration not less than two years",0,0,0,0,6,8,0,0,0,0,0,0,0,0,0,0,0,0,14,6,8
2019-20,33,Tamilnadu,3304,VELLORE,330417,MADHANUR,1,"Department of Education",2,"UPS (I-VIII)",3,"Higher secondary",1,"Diploma or certificate in basic teachers training of a duration not less than two years",0,0,0,0,3,3,0,0,0,0,0,0,0,0,0,0,0,0,6,3,3
2019-20,33,Tamilnadu,3304,VELLORE,330418,ALANGAYAM,1,"Department of Education",2,"UPS (I-VIII)",3,"Higher secondary",1,"Diploma or certificate in basic teachers training of a duration not less than two years",0,0,0,0,2,2,0,0,0,0,0,0,0,0,0,0,0,0,4,2,2
2019-20,33,Tamilnadu,3304,VELLORE,330419,NATRAMPALLI,1,"Department of Education",2,"UPS (I-VIII)",3,"Higher secondary",1,"Diploma or certificate in basic teachers training of a duration not less than two years",0,0,0,0,1,3,0,0,0,0,0,0,0,0,0,0,0,0,4,1,3
2019-20,33,Tamilnadu,3304,VELLORE,330420,JOLARPET,1,"Department of Education",2,"UPS (I-VIII)",3,"Higher secondary",1,"Diploma or certificate in basic teachers training of a duration not less than two years",0,0,0,0,6,8,0,0,0,0,0,0,0,0,0,0,0,0,14,6,8
2019-20,33,Tamilnadu,3304,VELLORE,330421,THIRUPATTUR,1,"Department of Education",2,"UPS (I-VIII)",3,"Higher secondary",1,"Diploma or certificate in basic teachers training of a duration not less than two years",0,0,0,0,3,3,0,0,0,1,0,0,0,0,0,0,0,0,7,3,4
2019-20,33,Tamilnadu,3304,VELLORE,330422,KANDHILI,1,"Department of Education",2,"UPS (I-VIII)",3,"Higher secondary",1,"Diploma or certificate in basic teachers training of a duration not less than two years",0,0,0,0,2,3,0,0,0,0,0,0,0,0,0,0,0,0,5,2,3
2019-20,33,Tamilnadu,3304,VELLORE,330418,ALANGAYAM,24,"Private Unaided (Recognized)",1,"PS (I-V)",4,Graduate,3,"B.Ed. or equivalent",0,0,0,0,0,9,0,0,0,0,0,0,0,0,0,0,0,0,9,0,9
2019-20,33,Tamilnadu,3304,VELLORE,330419,NATRAMPALLI,24,"Private Unaided (Recognized)",1,"PS (I-V)",4,Graduate,3,"B.Ed. or equivalent",0,0,0,0,0,19,0,0,0,0,0,0,0,0,0,0,0,0,19,0,19
2019-20,33,Tamilnadu,3304,VELLORE,330420,JOLARPET,24,"Private Unaided (Recognized)",1,"PS (I-V)",4,Graduate,3,"B.Ed. or equivalent",0,0,0,0,0,12,0,0,0,0,0,0,0,0,0,0,0,0,12,0,12
2019-20,33,Tamilnadu,3304,VELLORE,330421,THIRUPATTUR,24,"Private Unaided (Recognized)",1,"PS (I-V)",4,Graduate,3,"B.Ed. or equivalent",0,0,0,0,0,43,0,0,0,0,0,0,0,0,0,0,0,0,43,0,43
2019-20,33,Tamilnadu,3304,VELLORE,330422,KANDHILI,24,"Private Unaided (Recognized)",1,"PS (I-V)",4,Graduate,3,"B.Ed. or equivalent",0,1,0,0,1,29,0,0,0,0,0,0,0,0,0,0,0,0,31,1,30
2019-20,33,Tamilnadu,3304,VELLORE,330401,ARAKKONAM,1,"Department of Education",5,"HSS (VI-XII)",3,"Higher secondary",1,"Diploma or certificate in basic teachers training of a duration not less than two years",0,0,0,0,0,0,0,0,0,1,0,0,0,0,0,0,0,0,1,0,1
2019-20,33,Tamilnadu,3304,VELLORE,330406,"WALAJA EAST",1,"Department of Education",5,"HSS (VI-XII)",3,"Higher secondary",1,"Diploma or certificate in basic teachers training of a duration not less than two years",0,0,0,0,0,0,0,0,1,0,0,0,0,0,0,0,0,0,1,1,0
2019-20,33,Tamilnadu,3304,VELLORE,330407,TIMIRI,1,"Department of Education",5,"HSS (VI-XII)",3,"Higher secondary",1,"Diploma or certificate in basic teachers training of a duration not less than two years",0,0,0,0,0,0,0,0,1,1,0,0,0,0,0,0,0,0,2,1,1
2019-20,33,Tamilnadu,3304,VELLORE,330419,NATRAMPALLI,1,"Department of Education",5,"HSS (VI-XII)",3,"Higher secondary",1,"Diploma or certificate in basic teachers training of a duration not less than two years",0,0,0,0,0,0,0,0,1,0,0,0,0,0,0,0,0,0,1,1,0
2019-20,33,Tamilnadu,3304,VELLORE,330416,PERNAMBUT,1,"Department of Education",7,"SS (VI-X)",3,"Higher secondary",1,"Diploma or certificate in basic teachers training of a duration not less than two years",0,0,0,0,0,0,0,0,1,0,0,0,0,0,0,0,0,0,1,1,0
2019-20,33,Tamilnadu,3304,VELLORE,330417,MADHANUR,1,"Department of Education",7,"SS (VI-X)",3,"Higher secondary",1,"Diploma or certificate in basic teachers training of a duration not less than two years",0,0,0,0,0,0,0,0,0,1,0,0,0,0,0,0,0,0,1,0,1
2019-20,33,Tamilnadu,3304,VELLORE,330401,ARAKKONAM,1,"Department of Education",1,"PS (I-V)",3,"Higher secondary",3,"B.Ed. or equivalent",0,0,0,0,0,1,0,0,0,0,0,0,0,0,0,0,0,0,1,0,1
2019-20,33,Tamilnadu,3304,VELLORE,330403,KAVERIPAKKAM,1,"Department of Education",1,"PS (I-V)",3,"Higher secondary",3,"B.Ed. or equivalent",0,0,0,0,1,1,0,0,0,0,0,0,0,0,0,0,0,0,2,1,1
2019-20,33,Tamilnadu,3304,VELLORE,330404,SHOLINGAR,1,"Department of Education",1,"PS (I-V)",3,"Higher secondary",3,"B.Ed. or equivalent",0,0,0,0,0,3,0,0,0,0,0,0,0,0,0,0,0,0,3,0,3
2019-20,33,Tamilnadu,3304,VELLORE,330405,"WALAJA WEST",1,"Department of Education",1,"PS (I-V)",3,"Higher secondary",3,"B.Ed. or equivalent",0,0,0,0,0,1,0,0,0,0,0,0,0,0,0,0,0,0,1,0,1
2019-20,33,Tamilnadu,3304,VELLORE,330412,ANAICUT,1,"Department of Education",1,"PS (I-V)",3,"Higher secondary",3,"B.Ed. or equivalent",0,0,0,0,0,3,0,0,0,0,0,0,0,0,0,0,0,0,3,0,3
2019-20,33,Tamilnadu,3304,VELLORE,330413,KATPADI,1,"Department of Education",1,"PS (I-V)",3,"Higher secondary",3,"B.Ed. or equivalent",0,0,0,0,0,1,0,0,0,0,0,0,0,0,0,0,0,0,1,0,1
2019-20,33,Tamilnadu,3304,VELLORE,330416,PERNAMBUT,1,"Department of Education",1,"PS (I-V)",3,"Higher secondary",3,"B.Ed. or equivalent",0,0,0,0,0,4,0,0,0,0,0,0,0,0,0,0,0,0,4,0,4
2019-20,33,Tamilnadu,3304,VELLORE,330417,MADHANUR,1,"Department of Education",1,"PS (I-V)",3,"Higher secondary",3,"B.Ed. or equivalent",0,0,0,0,1,0,0,0,0,0,0,0,0,0,0,0,0,0,1,1,0
2019-20,33,Tamilnadu,3304,VELLORE,330421,THIRUPATTUR,1,"Department of Education",1,"PS (I-V)",3,"Higher secondary",3,"B.Ed. or equivalent",0,0,0,0,0,1,0,0,0,0,0,0,0,0,0,0,0,0,1,0,1
2019-20,33,Tamilnadu,3304,VELLORE,330422,KANDHILI,1,"Department of Education",1,"PS (I-V)",3,"Higher secondary",3,"B.Ed. or equivalent",0,0,0,0,1,2,0,0,0,0,0,0,0,0,0,0,0,0,3,1,2
2019-20,33,Tamilnadu,3304,VELLORE,330402,NEMILI,1,"Department of Education",2,"UPS (I-VIII)",3,"Higher secondary",3,"B.Ed. or equivalent",0,0,0,0,0,0,0,0,0,1,0,0,0,0,0,0,0,0,1,0,1
2019-20,33,Tamilnadu,3304,VELLORE,330404,SHOLINGAR,1,"Department of Education",2,"UPS (I-VIII)",3,"Higher secondary",3,"B.Ed. or equivalent",0,0,0,0,0,1,0,0,0,1,0,0,0,0,0,0,0,0,2,0,2
2019-20,33,Tamilnadu,3304,VELLORE,330413,KATPADI,1,"Department of Education",2,"UPS (I-VIII)",3,"Higher secondary",3,"B.Ed. or equivalent",0,0,0,0,0,2,0,0,0,0,0,0,0,0,0,0,0,0,2,0,2
2019-20,33,Tamilnadu,3304,VELLORE,330415,GUDIYATHAM,1,"Department of Education",2,"UPS (I-VIII)",3,"Higher secondary",3,"B.Ed. or equivalent",0,0,0,0,0,2,0,0,0,0,0,0,0,0,0,0,0,0,2,0,2
2019-20,33,Tamilnadu,3304,VELLORE,330417,MADHANUR,1,"Department of Education",2,"UPS (I-VIII)",3,"Higher secondary",3,"B.Ed. or equivalent",0,0,0,0,0,0,0,0,1,0,0,0,0,0,0,0,0,0,1,1,0
2019-20,33,Tamilnadu,3304,VELLORE,330420,JOLARPET,1,"Department of Education",2,"UPS (I-VIII)",3,"Higher secondary",3,"B.Ed. or equivalent",0,0,0,0,0,0,0,0,1,0,0,0,0,0,0,0,0,0,1,1,0
2019-20,33,Tamilnadu,3304,VELLORE,330421,THIRUPATTUR,1,"Department of Education",2,"UPS (I-VIII)",3,"Higher secondary",3,"B.Ed. or equivalent",0,0,0,0,0,0,0,0,1,2,0,0,0,0,0,0,0,0,3,1,2
2019-20,33,Tamilnadu,3304,VELLORE,330422,KANDHILI,1,"Department of Education",2,"UPS (I-VIII)",3,"Higher secondary",3,"B.Ed. or equivalent",0,0,0,0,0,0,0,0,0,1,0,0,0,0,0,0,0,0,1,0,1
2019-20,33,Tamilnadu,3304,VELLORE,330401,ARAKKONAM,1,"Department of Education",5,"HSS (VI-XII)",3,"Higher secondary",3,"B.Ed. or equivalent",0,0,0,0,0,0,0,0,0,1,1,0,0,0,0,0,0,0,2,1,1
2019-20,33,Tamilnadu,3304,VELLORE,330403,KAVERIPAKKAM,1,"Department of Education",5,"HSS (VI-XII)",3,"Higher secondary",3,"B.Ed. or equivalent",0,0,0,0,0,0,0,0,0,0,0,0,0,0,0,0,1,0,1,1,0
2019-20,33,Tamilnadu,3304,VELLORE,330404,SHOLINGAR,1,"Department of Education",5,"HSS (VI-XII)",3,"Higher secondary",3,"B.Ed. or equivalent",0,0,0,0,0,0,0,0,1,1,0,0,0,0,0,0,0,0,2,1,1
2019-20,33,Tamilnadu,3304,VELLORE,330405,"WALAJA WEST",1,"Department of Education",5,"HSS (VI-XII)",3,"Higher secondary",3,"B.Ed. or equivalent",0,0,0,0,0,0,0,0,2,1,0,0,1,0,0,0,0,0,4,3,1
2019-20,33,Tamilnadu,3304,VELLORE,330406,"WALAJA EAST",1,"Department of Education",5,"HSS (VI-XII)",3,"Higher secondary",3,"B.Ed. or equivalent",0,0,0,0,0,0,0,0,0,0,1,0,0,0,0,0,0,2,3,1,2
2019-20,33,Tamilnadu,3304,VELLORE,330407,TIMIRI,1,"Department of Education",5,"HSS (VI-XII)",3,"Higher secondary",3,"B.Ed. or equivalent",0,0,0,0,0,0,0,0,1,4,0,0,0,0,0,0,0,0,5,1,4
2019-20,33,Tamilnadu,3304,VELLORE,330409,"VELLORE RURAL",1,"Department of Education",5,"HSS (VI-XII)",3,"Higher secondary",3,"B.Ed. or equivalent",0,0,0,0,0,0,0,0,0,2,0,0,0,0,1,0,0,0,3,1,2
2019-20,33,Tamilnadu,3304,VELLORE,330410,"VELLORE URBAN",1,"Department of Education",5,"HSS (VI-XII)",3,"Higher secondary",3,"B.Ed. or equivalent",0,0,0,0,0,0,0,0,1,0,0,0,0,0,0,0,0,0,1,1,0
2019-20,33,Tamilnadu,3304,VELLORE,330411,KANIYAMBADI,1,"Department of Education",5,"HSS (VI-XII)",3,"Higher secondary",3,"B.Ed. or equivalent",0,0,0,0,0,0,0,0,0,0,0,0,1,0,0,0,0,0,1,1,0
2019-20,33,Tamilnadu,3304,VELLORE,330413,KATPADI,1,"Department of Education",5,"HSS (VI-XII)",3,"Higher secondary",3,"B.Ed. or equivalent",0,0,0,0,0,0,0,0,0,4,1,0,0,2,0,0,0,0,7,1,6
2019-20,33,Tamilnadu,3304,VELLORE,330414,K.V.KUPPAM,1,"Department of Education",5,"HSS (VI-XII)",3,"Higher secondary",3,"B.Ed. or equivalent",0,0,0,0,0,0,0,0,1,0,0,0,0,0,0,0,0,0,1,1,0
2019-20,33,Tamilnadu,3304,VELLORE,330416,PERNAMBUT,1,"Department of Education",5,"HSS (VI-XII)",3,"Higher secondary",3,"B.Ed. or equivalent",0,0,0,0,0,0,0,0,1,0,0,1,0,0,0,0,0,0,2,1,1
2019-20,33,Tamilnadu,3304,VELLORE,330417,MADHANUR,1,"Department of Education",5,"HSS (VI-XII)",3,"Higher secondary",3,"B.Ed. or equivalent",0,0,0,0,0,0,0,0,1,0,0,0,0,0,0,0,0,0,1,1,0
2019-20,33,Tamilnadu,3304,VELLORE,330418,ALANGAYAM,1,"Department of Education",5,"HSS (VI-XII)",3,"Higher secondary",3,"B.Ed. or equivalent",0,0,0,0,0,0,0,0,1,0,0,0,0,0,0,0,0,0,1,1,0
2019-20,33,Tamilnadu,3304,VELLORE,330419,NATRAMPALLI,1,"Department of Education",5,"HSS (VI-XII)",3,"Higher secondary",3,"B.Ed. or equivalent",0,0,0,0,0,0,0,0,1,1,0,0,0,0,0,0,1,0,3,2,1
2019-20,33,Tamilnadu,3304,VELLORE,330420,JOLARPET,1,"Department of Education",5,"HSS (VI-XII)",3,"Higher secondary",3,"B.Ed. or equivalent",0,0,0,0,0,0,0,0,0,0,0,0,0,0,1,1,1,0,3,2,1
2019-20,33,Tamilnadu,3304,VELLORE,330421,THIRUPATTUR,1,"Department of Education",5,"HSS (VI-XII)",3,"Higher secondary",3,"B.Ed. or equivalent",0,0,0,0,0,0,0,0,1,1,0,0,0,0,0,0,0,0,2,1,1
2019-20,33,Tamilnadu,3304,VELLORE,330422,KANDHILI,1,"Department of Education",5,"HSS (VI-XII)",3,"Higher secondary",3,"B.Ed. or equivalent",0,0,0,0,0,0,0,0,0,1,0,2,0,1,0,0,0,0,4,0,4
2019-20,33,Tamilnadu,3304,VELLORE,330402,NEMILI,1,"Department of Education",7,"SS (VI-X)",3,"Higher secondary",3,"B.Ed. or equivalent",0,0,0,0,0,0,0,0,0,0,0,0,1,0,0,0,0,0,1,1,0
2019-20,33,Tamilnadu,3304,VELLORE,330408,ARCOT,1,"Department of Education",7,"SS (VI-X)",3,"Higher secondary",3,"B.Ed. or equivalent",0,0,0,0,0,0,0,0,1,0,0,0,0,0,0,0,0,0,1,1,0
2019-20,33,Tamilnadu,3304,VELLORE,330411,KANIYAMBADI,1,"Department of Education",7,"SS (VI-X)",3,"Higher secondary",3,"B.Ed. or equivalent",0,0,0,0,0,0,0,0,0,1,0,0,0,0,0,0,0,0,1,0,1
2019-20,33,Tamilnadu,3304,VELLORE,330414,K.V.KUPPAM,1,"Department of Education",7,"SS (VI-X)",3,"Higher secondary",3,"B.Ed. or equivalent",0,0,0,0,0,0,0,0,1,0,0,0,0,0,0,0,0,0,1,1,0
2019-20,33,Tamilnadu,3304,VELLORE,330415,GUDIYATHAM,1,"Department of Education",7,"SS (VI-X)",3,"Higher secondary",3,"B.Ed. or equivalent",0,0,0,0,0,0,0,0,1,0,0,0,0,0,0,0,0,0,1,1,0
2019-20,33,Tamilnadu,3304,VELLORE,330416,PERNAMBUT,1,"Department of Education",7,"SS (VI-X)",3,"Higher secondary",3,"B.Ed. or equivalent",0,0,0,0,0,0,0,0,1,0,0,0,0,0,0,0,0,0,1,1,0
2019-20,33,Tamilnadu,3304,VELLORE,330419,NATRAMPALLI,1,"Department of Education",7,"SS (VI-X)",3,"Higher secondary",3,"B.Ed. or equivalent",0,0,0,0,0,0,0,0,1,1,0,0,0,1,0,0,0,0,3,1,2
2019-20,33,Tamilnadu,3304,VELLORE,330421,THIRUPATTUR,1,"Department of Education",7,"SS (VI-X)",3,"Higher secondary",3,"B.Ed. or equivalent",0,0,0,0,0,0,0,0,1,1,0,0,0,0,0,0,0,0,2,1,1
2019-20,33,Tamilnadu,3304,VELLORE,330422,KANDHILI,1,"Department of Education",7,"SS (VI-X)",3,"Higher secondary",3,"B.Ed. or equivalent",0,0,0,0,0,0,0,0,0,0,0,0,1,0,0,0,0,0,1,1,0
2019-20,33,Tamilnadu,3304,VELLORE,330411,KANIYAMBADI,1,"Department of Education",1,"PS (I-V)",3,"Higher secondary",4,"M.Ed. or equivalent",0,0,0,0,0,1,0,0,0,0,0,0,0,0,0,0,0,0,1,0,1
2019-20,33,Tamilnadu,3304,VELLORE,330412,ANAICUT,1,"Department of Education",1,"PS (I-V)",3,"Higher secondary",4,"M.Ed. or equivalent",0,0,0,0,1,0,0,0,0,0,0,0,0,0,0,0,0,0,1,1,0
2019-20,33,Tamilnadu,3304,VELLORE,330416,PERNAMBUT,1,"Department of Education",1,"PS (I-V)",3,"Higher secondary",4,"M.Ed. or equivalent",0,0,0,0,1,0,0,0,0,0,0,0,0,0,0,0,0,0,1,1,0
2019-20,33,Tamilnadu,3304,VELLORE,330404,SHOLINGAR,1,"Department of Education",2,"UPS (I-VIII)",3,"Higher secondary",4,"M.Ed. or equivalent",0,0,0,0,0,0,0,0,1,0,0,0,0,0,0,0,0,0,1,1,0
2019-20,33,Tamilnadu,3304,VELLORE,330420,JOLARPET,1,"Department of Education",2,"UPS (I-VIII)",3,"Higher secondary",4,"M.Ed. or equivalent",0,0,0,0,0,0,0,0,0,1,0,0,0,0,0,0,0,0,1,0,1
2019-20,33,Tamilnadu,3304,VELLORE,330407,TIMIRI,1,"Department of Education",5,"HSS (VI-XII)",3,"Higher secondary",4,"M.Ed. or equivalent",0,0,0,0,0,0,0,0,0,2,0,0,0,0,0,0,0,0,2,0,2
2019-20,33,Tamilnadu,3304,VELLORE,330413,KATPADI,1,"Department of Education",5,"HSS (VI-XII)",3,"Higher secondary",4,"M.Ed. or equivalent",0,0,0,0,0,0,0,0,0,0,0,0,1,0,0,0,0,1,2,1,1
2019-20,33,Tamilnadu,3304,VELLORE,330415,GUDIYATHAM,1,"Department of Education",5,"HSS (VI-XII)",3,"Higher secondary",4,"M.Ed. or equivalent",0,0,0,0,0,0,0,0,2,0,0,0,0,0,0,0,0,0,2,2,0
2019-20,33,Tamilnadu,3304,VELLORE,330416,PERNAMBUT,1,"Department of Education",5,"HSS (VI-XII)",3,"Higher secondary",4,"M.Ed. or equivalent",0,0,0,0,0,0,0,0,0,1,0,0,0,0,0,0,0,0,1,0,1
2019-20,33,Tamilnadu,3304,VELLORE,330419,NATRAMPALLI,1,"Department of Education",5,"HSS (VI-XII)",3,"Higher secondary",4,"M.Ed. or equivalent",0,0,0,0,0,0,0,0,0,0,0,0,0,0,0,0,1,0,1,1,0
2019-20,33,Tamilnadu,3304,VELLORE,330402,NEMILI,1,"Department of Education",7,"SS (VI-X)",3,"Higher secondary",4,"M.Ed. or equivalent",0,0,0,0,0,0,0,0,1,0,0,0,0,0,0,0,0,0,1,1,0
2019-20,33,Tamilnadu,3304,VELLORE,330403,KAVERIPAKKAM,1,"Department of Education",7,"SS (VI-X)",3,"Higher secondary",4,"M.Ed. or equivalent",0,0,0,0,0,0,0,0,1,0,0,0,0,0,0,0,0,0,1,1,0
2019-20,33,Tamilnadu,3304,VELLORE,330418,ALANGAYAM,1,"Department of Education",7,"SS (VI-X)",3,"Higher secondary",4,"M.Ed. or equivalent",0,0,0,0,0,0,0,0,1,0,0,0,0,0,0,0,0,0,1,1,0
2019-20,33,Tamilnadu,3304,VELLORE,330420,JOLARPET,1,"Department of Education",7,"SS (VI-X)",3,"Higher secondary",4,"M.Ed. or equivalent",0,0,0,0,0,0,0,0,0,0,1,0,0,0,0,0,0,0,1,1,0
2019-20,33,Tamilnadu,3304,VELLORE,330405,"WALAJA WEST",1,"Department of Education",2,"UPS (I-VIII)",3,"Higher secondary",5,Others,0,0,0,0,0,0,0,0,1,0,0,0,0,0,0,0,0,0,1,1,0
2019-20,33,Tamilnadu,3304,VELLORE,330410,"VELLORE URBAN",1,"Department of Education",3,"HSS (I-XII)",3,"Higher secondary",5,Others,0,0,0,0,0,0,0,0,0,0,0,0,1,1,0,0,0,0,2,1,1
2019-20,33,Tamilnadu,3304,VELLORE,330415,GUDIYATHAM,1,"Department of Education",3,"HSS (I-XII)",3,"Higher secondary",5,Others,0,0,0,0,0,0,0,0,0,1,0,0,0,0,0,0,0,0,1,0,1
2019-20,33,Tamilnadu,3304,VELLORE,330401,ARAKKONAM,1,"Department of Education",5,"HSS (VI-XII)",3,"Higher secondary",5,Others,0,0,0,0,0,0,0,0,1,0,0,1,0,0,0,0,0,0,2,1,1
2019-20,33,Tamilnadu,3304,VELLORE,330402,NEMILI,1,"Department of Education",5,"HSS (VI-XII)",3,"Higher secondary",5,Others,0,0,0,0,0,0,0,0,0,0,0,0,0,0,0,0,1,0,1,1,0
2019-20,33,Tamilnadu,3304,VELLORE,330403,KAVERIPAKKAM,1,"Department of Education",5,"HSS (VI-XII)",3,"Higher secondary",5,Others,0,0,0,0,0,0,0,0,1,2,1,1,0,0,0,0,0,0,5,2,3
2019-20,33,Tamilnadu,3304,VELLORE,330404,SHOLINGAR,1,"Department of Education",5,"HSS (VI-XII)",3,"Higher secondary",5,Others,0,0,0,0,0,0,0,0,3,1,1,1,0,0,1,0,1,0,8,6,2
2019-20,33,Tamilnadu,3304,VELLORE,330405,"WALAJA WEST",1,"Department of Education",5,"HSS (VI-XII)",3,"Higher secondary",5,Others,0,0,0,0,0,0,0,0,2,1,0,0,0,0,0,0,0,0,3,2,1
2019-20,33,Tamilnadu,3304,VELLORE,330406,"WALAJA EAST",1,"Department of Education",5,"HSS (VI-XII)",3,"Higher secondary",5,Others,0,0,0,0,0,0,0,0,1,1,0,0,0,0,0,0,0,0,2,1,1
2019-20,33,Tamilnadu,3304,VELLORE,330407,TIMIRI,1,"Department of Education",5,"HSS (VI-XII)",3,"Higher secondary",5,Others,0,0,0,0,0,0,0,0,4,2,1,0,0,0,0,1,0,0,8,5,3
2019-20,33,Tamilnadu,3304,VELLORE,330408,ARCOT,1,"Department of Education",5,"HSS (VI-XII)",3,"Higher secondary",5,Others,0,0,0,0,0,0,0,0,1,1,0,0,0,0,0,0,0,0,2,1,1
2019-20,33,Tamilnadu,3304,VELLORE,330409,"VELLORE RURAL",1,"Department of Education",5,"HSS (VI-XII)",3,"Higher secondary",5,Others,0,0,0,0,0,0,0,0,1,3,2,1,0,0,0,0,0,0,7,3,4
2019-20,33,Tamilnadu,3304,VELLORE,330410,"VELLORE URBAN",1,"Department of Education",5,"HSS (VI-XII)",3,"Higher secondary",5,Others,0,0,0,0,0,0,0,0,0,0,0,0,0,1,0,0,0,0,1,0,1
2019-20,33,Tamilnadu,3304,VELLORE,330411,KANIYAMBADI,1,"Department of Education",5,"HSS (VI-XII)",3,"Higher secondary",5,Others,0,0,0,0,0,0,0,0,2,2,0,0,0,0,0,0,0,0,4,2,2
2019-20,33,Tamilnadu,3304,VELLORE,330412,ANAICUT,1,"Department of Education",5,"HSS (VI-XII)",3,"Higher secondary",5,Others,0,0,0,0,0,0,0,0,2,2,1,0,0,0,1,0,0,0,6,4,2
2019-20,33,Tamilnadu,3304,VELLORE,330413,KATPADI,1,"Department of Education",5,"HSS (VI-XII)",3,"Higher secondary",5,Others,0,0,0,0,0,0,0,0,1,1,0,0,0,0,0,0,0,0,2,1,1
2019-20,33,Tamilnadu,3304,VELLORE,330414,K.V.KUPPAM,1,"Department of Education",5,"HSS (VI-XII)",3,"Higher secondary",5,Others,0,0,0,0,0,0,0,0,2,1,0,0,0,0,0,0,0,0,3,2,1
2019-20,33,Tamilnadu,3304,VELLORE,330415,GUDIYATHAM,1,"Department of Education",5,"HSS (VI-XII)",3,"Higher secondary",5,Others,0,0,0,0,0,0,0,0,3,1,0,0,0,0,0,0,0,0,4,3,1
2019-20,33,Tamilnadu,3304,VELLORE,330416,PERNAMBUT,1,"Department of Education",5,"HSS (VI-XII)",3,"Higher secondary",5,Others,0,0,0,0,0,0,0,0,1,0,0,0,1,0,0,0,0,0,2,2,0
2019-20,33,Tamilnadu,3304,VELLORE,330417,MADHANUR,1,"Department of Education",5,"HSS (VI-XII)",3,"Higher secondary",5,Others,0,0,0,0,0,0,0,0,0,1,0,0,1,0,0,0,0,0,2,1,1
2019-20,33,Tamilnadu,3304,VELLORE,330420,JOLARPET,1,"Department of Education",5,"HSS (VI-XII)",3,"Higher secondary",5,Others,0,0,0,0,0,0,0,0,2,3,1,0,0,0,1,0,0,0,7,4,3
2019-20,33,Tamilnadu,3304,VELLORE,330421,THIRUPATTUR,1,"Department of Education",5,"HSS (VI-XII)",3,"Higher secondary",5,Others,0,0,0,0,0,0,0,0,0,3,0,1,0,1,0,0,0,0,5,0,5
2019-20,33,Tamilnadu,3304,VELLORE,330422,KANDHILI,1,"Department of Education",5,"HSS (VI-XII)",3,"Higher secondary",5,Others,0,0,0,0,0,0,0,0,1,2,0,0,1,0,0,0,0,0,4,2,2
2019-20,33,Tamilnadu,3304,VELLORE,330401,ARAKKONAM,1,"Department of Education",7,"SS (VI-X)",3,"Higher secondary",5,Others,0,0,0,0,0,0,0,0,0,0,0,0,1,0,0,0,0,0,1,1,0
2019-20,33,Tamilnadu,3304,VELLORE,330402,NEMILI,1,"Department of Education",7,"SS (VI-X)",3,"Higher secondary",5,Others,0,0,0,0,0,0,0,0,1,2,1,0,0,0,0,0,0,0,4,2,2
2019-20,33,Tamilnadu,3304,VELLORE,330403,KAVERIPAKKAM,1,"Department of Education",7,"SS (VI-X)",3,"Higher secondary",5,Others,0,0,0,0,0,0,0,0,1,3,0,0,0,0,0,0,0,0,4,1,3
2019-20,33,Tamilnadu,3304,VELLORE,330404,SHOLINGAR,1,"Department of Education",7,"SS (VI-X)",3,"Higher secondary",5,Others,0,0,0,0,0,0,0,0,2,0,0,0,0,1,0,0,0,0,3,2,1
2019-20,33,Tamilnadu,3304,VELLORE,330407,TIMIRI,1,"Department of Education",7,"SS (VI-X)",3,"Higher secondary",5,Others,0,0,0,0,0,0,0,0,1,0,0,0,0,0,0,0,0,0,1,1,0
2019-20,33,Tamilnadu,3304,VELLORE,330408,ARCOT,1,"Department of Education",7,"SS (VI-X)",3,"Higher secondary",5,Others,0,0,0,0,0,0,0,0,0,1,0,0,0,0,0,0,0,0,1,0,1
2019-20,33,Tamilnadu,3304,VELLORE,330412,ANAICUT,1,"Department of Education",7,"SS (VI-X)",3,"Higher secondary",5,Others,0,0,0,0,0,0,0,0,0,3,0,1,0,0,0,0,0,0,4,0,4
2019-20,33,Tamilnadu,3304,VELLORE,330416,PERNAMBUT,1,"Department of Education",7,"SS (VI-X)",3,"Higher secondary",5,Others,0,0,0,0,0,0,0,0,1,0,0,0,0,0,0,0,0,0,1,1,0
2019-20,33,Tamilnadu,3304,VELLORE,330417,MADHANUR,1,"Department of Education",7,"SS (VI-X)",3,"Higher secondary",5,Others,0,0,0,0,0,0,0,0,0,0,0,0,1,0,0,0,0,0,1,1,0
2019-20,33,Tamilnadu,3304,VELLORE,330418,ALANGAYAM,1,"Department of Education",7,"SS (VI-X)",3,"Higher secondary",5,Others,0,0,0,0,0,0,0,0,0,1,0,0,0,0,0,0,0,0,1,0,1
2019-20,33,Tamilnadu,3304,VELLORE,330420,JOLARPET,1,"Department of Education",7,"SS (VI-X)",3,"Higher secondary",5,Others,0,0,0,0,0,0,0,0,0,1,0,0,0,0,0,0,0,0,1,0,1
2019-20,33,Tamilnadu,3304,VELLORE,330421,THIRUPATTUR,1,"Department of Education",7,"SS (VI-X)",3,"Higher secondary",5,Others,0,0,0,0,0,0,0,0,1,1,0,0,1,0,0,0,0,0,3,2,1
2019-20,33,Tamilnadu,3304,VELLORE,330422,KANDHILI,1,"Department of Education",7,"SS (VI-X)",3,"Higher secondary",5,Others,0,0,0,0,0,0,0,0,0,1,0,0,0,0,0,0,0,0,1,0,1
2019-20,33,Tamilnadu,3304,VELLORE,330404,SHOLINGAR,1,"Department of Education",1,"PS (I-V)",3,"Higher secondary",6,None,0,0,0,0,1,0,0,0,0,0,0,0,0,0,0,0,0,0,1,1,0
2019-20,33,Tamilnadu,3304,VELLORE,330408,ARCOT,1,"Department of Education",1,"PS (I-V)",3,"Higher secondary",6,None,0,0,0,0,1,0,0,0,0,0,0,0,0,0,0,0,0,0,1,1,0
2019-20,33,Tamilnadu,3304,VELLORE,330413,KATPADI,1,"Department of Education",1,"PS (I-V)",3,"Higher secondary",6,None,0,0,0,0,0,1,0,0,0,0,0,0,0,0,0,0,0,0,1,0,1
2019-20,33,Tamilnadu,3304,VELLORE,330422,KANDHILI,1,"Department of Education",1,"PS (I-V)",3,"Higher secondary",6,None,0,0,0,0,0,1,0,0,0,0,0,0,0,0,0,0,0,0,1,0,1
2019-20,33,Tamilnadu,3304,VELLORE,330401,ARAKKONAM,1,"Department of Education",5,"HSS (VI-XII)",3,"Higher secondary",6,None,0,0,0,0,0,0,0,0,1,0,0,0,0,0,0,0,0,0,1,1,0
2019-20,33,Tamilnadu,3304,VELLORE,330402,NEMILI,1,"Department of Education",5,"HSS (VI-XII)",3,"Higher secondary",6,None,0,0,0,0,0,0,0,0,3,1,0,0,0,0,0,0,0,0,4,3,1
2019-20,33,Tamilnadu,3304,VELLORE,330403,KAVERIPAKKAM,1,"Department of Education",5,"HSS (VI-XII)",3,"Higher secondary",6,None,0,0,0,0,0,0,0,0,0,2,0,0,0,0,0,1,0,0,3,0,3
2019-20,33,Tamilnadu,3304,VELLORE,330404,SHOLINGAR,1,"Department of Education",5,"HSS (VI-XII)",3,"Higher secondary",6,None,0,0,0,0,0,0,0,0,1,0,1,1,0,0,0,0,0,0,3,2,1
2019-20,33,Tamilnadu,3304,VELLORE,330407,TIMIRI,1,"Department of Education",5,"HSS (VI-XII)",3,"Higher secondary",6,None,0,0,0,0,0,0,0,0,1,0,0,0,0,0,0,0,0,0,1,1,0
2019-20,33,Tamilnadu,3304,VELLORE,330411,KANIYAMBADI,1,"Department of Education",5,"HSS (VI-XII)",3,"Higher secondary",6,None,0,0,0,0,0,0,0,0,0,1,0,0,0,0,0,0,0,0,1,0,1
2019-20,33,Tamilnadu,3304,VELLORE,330412,ANAICUT,1,"Department of Education",5,"HSS (VI-XII)",3,"Higher secondary",6,None,0,0,0,0,0,0,0,0,0,0,0,0,0,0,0,0,1,0,1,1,0
2019-20,33,Tamilnadu,3304,VELLORE,330413,KATPADI,1,"Department of Education",5,"HSS (VI-XII)",3,"Higher secondary",6,None,0,0,0,0,0,0,0,0,0,1,0,0,0,0,0,0,0,0,1,0,1
2019-20,33,Tamilnadu,3304,VELLORE,330414,K.V.KUPPAM,1,"Department of Education",5,"HSS (VI-XII)",3,"Higher secondary",6,None,0,0,0,0,0,0,0,0,0,1,0,0,0,0,0,0,0,0,1,0,1
2019-20,33,Tamilnadu,3304,VELLORE,330418,ALANGAYAM,1,"Department of Education",5,"HSS (VI-XII)",3,"Higher secondary",6,None,0,0,0,0,0,0,0,0,1,0,0,0,0,0,0,0,0,0,1,1,0
2019-20,33,Tamilnadu,3304,VELLORE,330419,NATRAMPALLI,1,"Department of Education",5,"HSS (VI-XII)",3,"Higher secondary",6,None,0,0,0,0,0,0,0,0,0,0,0,0,0,1,0,0,0,0,1,0,1
2019-20,33,Tamilnadu,3304,VELLORE,330420,JOLARPET,1,"Department of Education",5,"HSS (VI-XII)",3,"Higher secondary",6,None,0,0,0,0,0,0,0,0,1,0,0,0,0,0,0,0,0,0,1,1,0
2019-20,33,Tamilnadu,3304,VELLORE,330421,THIRUPATTUR,1,"Department of Education",5,"HSS (VI-XII)",3,"Higher secondary",6,None,0,0,0,0,0,0,0,0,0,0,0,0,0,1,1,0,0,0,2,1,1
2019-20,33,Tamilnadu,3304,VELLORE,330422,KANDHILI,1,"Department of Education",5,"HSS (VI-XII)",3,"Higher secondary",6,None,0,0,0,0,0,0,0,0,0,1,0,0,0,0,0,0,0,0,1,0,1
2019-20,33,Tamilnadu,3304,VELLORE,330402,NEMILI,1,"Department of Education",7,"SS (VI-X)",3,"Higher secondary",6,None,0,0,0,0,0,0,0,0,2,0,0,0,0,0,0,0,0,0,2,2,0
2019-20,33,Tamilnadu,3304,VELLORE,330403,KAVERIPAKKAM,1,"Department of Education",7,"SS (VI-X)",3,"Higher secondary",6,None,0,0,0,0,0,0,0,0,0,1,0,0,0,0,0,0,0,0,1,0,1
2019-20,33,Tamilnadu,3304,VELLORE,330407,TIMIRI,1,"Department of Education",7,"SS (VI-X)",3,"Higher secondary",6,None,0,0,0,0,0,0,0,0,1,0,0,0,0,0,0,0,0,0,1,1,0
2019-20,33,Tamilnadu,3304,VELLORE,330409,"VELLORE RURAL",1,"Department of Education",7,"SS (VI-X)",3,"Higher secondary",6,None,0,0,0,0,0,0,0,0,1,1,0,0,0,0,0,0,0,0,2,1,1
2019-20,33,Tamilnadu,3304,VELLORE,330412,ANAICUT,1,"Department of Education",7,"SS (VI-X)",3,"Higher secondary",6,None,0,0,0,0,0,0,0,0,0,2,0,0,0,0,0,0,0,0,2,0,2
2019-20,33,Tamilnadu,3304,VELLORE,330415,GUDIYATHAM,1,"Department of Education",7,"SS (VI-X)",3,"Higher secondary",6,None,0,0,0,0,0,0,0,0,1,0,0,0,0,0,0,0,0,0,1,1,0
2019-20,33,Tamilnadu,3304,VELLORE,330419,NATRAMPALLI,1,"Department of Education",7,"SS (VI-X)",3,"Higher secondary",6,None,0,0,0,0,0,0,0,0,0,1,0,0,0,0,0,0,0,0,1,0,1
2019-20,33,Tamilnadu,3304,VELLORE,330401,ARAKKONAM,24,"Private Unaided (Recognized)",1,"PS (I-V)",3,"Higher secondary",3,"B.Ed. or equivalent",0,0,0,0,0,1,0,0,0,0,0,0,0,0,0,0,0,0,1,0,1
2019-20,33,Tamilnadu,3304,VELLORE,330402,NEMILI,24,"Private Unaided (Recognized)",1,"PS (I-V)",3,"Higher secondary",3,"B.Ed. or equivalent",0,0,0,0,0,2,0,0,0,0,0,0,0,0,0,0,0,0,2,0,2
2019-20,33,Tamilnadu,3304,VELLORE,330404,SHOLINGAR,24,"Private Unaided (Recognized)",1,"PS (I-V)",3,"Higher secondary",3,"B.Ed. or equivalent",0,0,0,1,0,2,0,0,0,0,0,0,0,0,0,0,0,0,3,0,3
2019-20,33,Tamilnadu,3304,VELLORE,330406,"WALAJA EAST",24,"Private Unaided (Recognized)",1,"PS (I-V)",3,"Higher secondary",3,"B.Ed. or equivalent",0,0,0,0,0,1,0,0,0,0,0,0,0,0,0,0,0,0,1,0,1
2019-20,33,Tamilnadu,3304,VELLORE,330408,ARCOT,24,"Private Unaided (Recognized)",1,"PS (I-V)",3,"Higher secondary",3,"B.Ed. or equivalent",0,0,0,0,0,1,0,0,0,0,0,0,0,0,0,0,0,0,1,0,1
2019-20,33,Tamilnadu,3304,VELLORE,330409,"VELLORE RURAL",24,"Private Unaided (Recognized)",1,"PS (I-V)",3,"Higher secondary",3,"B.Ed. or equivalent",0,0,0,0,0,1,0,0,0,0,0,0,0,0,0,0,0,0,1,0,1
2019-20,33,Tamilnadu,3304,VELLORE,330411,KANIYAMBADI,24,"Private Unaided (Recognized)",1,"PS (I-V)",3,"Higher secondary",3,"B.Ed. or equivalent",0,0,0,0,0,1,0,0,0,0,0,0,0,0,0,0,0,0,1,0,1
2019-20,33,Tamilnadu,3304,VELLORE,330412,ANAICUT,24,"Private Unaided (Recognized)",1,"PS (I-V)",3,"Higher secondary",3,"B.Ed. or equivalent",0,0,0,0,0,1,0,0,0,0,0,0,0,0,0,0,0,0,1,0,1
2019-20,33,Tamilnadu,3304,VELLORE,330415,GUDIYATHAM,24,"Private Unaided (Recognized)",1,"PS (I-V)",3,"Higher secondary",3,"B.Ed. or equivalent",0,0,0,0,0,2,0,0,0,0,0,0,0,0,0,0,0,0,2,0,2
2019-20,33,Tamilnadu,3304,VELLORE,330416,PERNAMBUT,24,"Private Unaided (Recognized)",1,"PS (I-V)",3,"Higher secondary",3,"B.Ed. or equivalent",0,0,0,0,0,1,0,0,0,0,0,0,0,0,0,0,0,0,1,0,1
2019-20,33,Tamilnadu,3304,VELLORE,330419,NATRAMPALLI,24,"Private Unaided (Recognized)",1,"PS (I-V)",3,"Higher secondary",3,"B.Ed. or equivalent",0,0,0,0,0,1,0,0,0,0,0,0,0,0,0,0,0,0,1,0,1
2019-20,33,Tamilnadu,3304,VELLORE,330401,ARAKKONAM,1,"Department of Education",1,"PS (I-V)",4,Graduate,1,"Diploma or certificate in basic teachers training of a duration not less than two years",0,0,0,0,2,6,0,0,0,0,0,0,0,0,0,0,0,0,8,2,6
2019-20,33,Tamilnadu,3304,VELLORE,330402,NEMILI,1,"Department of Education",1,"PS (I-V)",4,Graduate,1,"Diploma or certificate in basic teachers training of a duration not less than two years",0,0,0,0,1,22,0,0,0,0,0,0,0,0,0,0,0,0,23,1,22
2019-20,33,Tamilnadu,3304,VELLORE,330403,KAVERIPAKKAM,1,"Department of Education",1,"PS (I-V)",4,Graduate,1,"Diploma or certificate in basic teachers training of a duration not less than two years",0,0,0,0,9,12,0,0,0,0,0,0,0,0,0,0,0,0,21,9,12
2019-20,33,Tamilnadu,3304,VELLORE,330404,SHOLINGAR,1,"Department of Education",1,"PS (I-V)",4,Graduate,1,"Diploma or certificate in basic teachers training of a duration not less than two years",0,0,0,0,5,11,0,0,0,0,0,0,0,0,0,0,0,0,16,5,11
2019-20,33,Tamilnadu,3304,VELLORE,330405,"WALAJA WEST",1,"Department of Education",1,"PS (I-V)",4,Graduate,1,"Diploma or certificate in basic teachers training of a duration not less than two years",0,0,0,0,0,9,0,0,0,0,0,0,0,0,0,0,0,0,9,0,9
2019-20,33,Tamilnadu,3304,VELLORE,330406,"WALAJA EAST",1,"Department of Education",1,"PS (I-V)",4,Graduate,1,"Diploma or certificate in basic teachers training of a duration not less than two years",0,0,0,0,0,2,0,0,0,0,0,0,0,0,0,0,0,0,2,0,2
2019-20,33,Tamilnadu,3304,VELLORE,330407,TIMIRI,1,"Department of Education",1,"PS (I-V)",4,Graduate,1,"Diploma or certificate in basic teachers training of a duration not less than two years",0,0,0,0,6,10,0,0,0,0,0,0,0,0,0,0,0,0,16,6,10
2019-20,33,Tamilnadu,3304,VELLORE,330408,ARCOT,1,"Department of Education",1,"PS (I-V)",4,Graduate,1,"Diploma or certificate in basic teachers training of a duration not less than two years",0,0,0,0,2,5,0,0,0,0,0,0,0,0,0,0,0,0,7,2,5
2019-20,33,Tamilnadu,3304,VELLORE,330409,"VELLORE RURAL",1,"Department of Education",1,"PS (I-V)",4,Graduate,1,"Diploma or certificate in basic teachers training of a duration not less than two years",0,0,0,0,0,5,0,0,0,0,0,0,0,0,0,0,0,0,5,0,5
2019-20,33,Tamilnadu,3304,VELLORE,330410,"VELLORE URBAN",1,"Department of Education",1,"PS (I-V)",4,Graduate,1,"Diploma or certificate in basic teachers training of a duration not less than two years",0,0,0,0,1,0,0,0,0,0,0,0,0,0,0,0,0,0,1,1,0
2019-20,33,Tamilnadu,3304,VELLORE,330411,KANIYAMBADI,1,"Department of Education",1,"PS (I-V)",4,Graduate,1,"Diploma or certificate in basic teachers training of a duration not less than two years",0,0,0,0,1,3,0,0,0,0,0,0,0,0,0,0,0,0,4,1,3
2019-20,33,Tamilnadu,3304,VELLORE,330412,ANAICUT,1,"Department of Education",1,"PS (I-V)",4,Graduate,1,"Diploma or certificate in basic teachers training of a duration not less than two years",0,0,0,0,6,25,0,0,0,0,0,0,0,0,0,0,0,0,31,6,25
2019-20,33,Tamilnadu,3304,VELLORE,330413,KATPADI,1,"Department of Education",1,"PS (I-V)",4,Graduate,1,"Diploma or certificate in basic teachers training of a duration not less than two years",0,0,0,0,3,7,0,0,0,0,0,0,0,0,0,0,0,0,10,3,7
2019-20,33,Tamilnadu,3304,VELLORE,330414,K.V.KUPPAM,1,"Department of Education",1,"PS (I-V)",4,Graduate,1,"Diploma or certificate in basic teachers training of a duration not less than two years",0,0,0,0,4,14,0,0,0,0,0,0,0,0,0,0,0,0,18,4,14
2019-20,33,Tamilnadu,3304,VELLORE,330415,GUDIYATHAM,1,"Department of Education",1,"PS (I-V)",4,Graduate,1,"Diploma or certificate in basic teachers training of a duration not less than two years",0,0,0,0,11,17,0,0,0,0,0,0,0,0,0,0,0,0,28,11,17
2019-20,33,Tamilnadu,3304,VELLORE,330416,PERNAMBUT,1,"Department of Education",1,"PS (I-V)",4,Graduate,1,"Diploma or certificate in basic teachers training of a duration not less than two years",0,0,0,0,9,16,0,0,0,0,0,0,0,0,0,0,0,0,25,9,16
2019-20,33,Tamilnadu,3304,VELLORE,330417,MADHANUR,1,"Department of Education",1,"PS (I-V)",4,Graduate,1,"Diploma or certificate in basic teachers training of a duration not less than two years",0,0,0,0,8,8,0,0,0,0,0,0,0,0,0,0,0,0,16,8,8
2019-20,33,Tamilnadu,3304,VELLORE,330418,ALANGAYAM,1,"Department of Education",1,"PS (I-V)",4,Graduate,1,"Diploma or certificate in basic teachers training of a duration not less than two years",0,0,0,0,6,12,0,0,0,0,0,0,0,0,0,0,0,0,18,6,12
2019-20,33,Tamilnadu,3304,VELLORE,330419,NATRAMPALLI,1,"Department of Education",1,"PS (I-V)",4,Graduate,1,"Diploma or certificate in basic teachers training of a duration not less than two years",0,0,0,0,9,11,0,0,0,0,0,0,0,0,0,0,0,0,20,9,11
2019-20,33,Tamilnadu,3304,VELLORE,330420,JOLARPET,1,"Department of Education",1,"PS (I-V)",4,Graduate,1,"Diploma or certificate in basic teachers training of a duration not less than two years",0,0,0,0,11,21,0,0,0,0,0,0,0,0,0,0,0,0,32,11,21
2019-20,33,Tamilnadu,3304,VELLORE,330421,THIRUPATTUR,1,"Department of Education",1,"PS (I-V)",4,Graduate,1,"Diploma or certificate in basic teachers training of a duration not less than two years",0,0,0,0,2,11,0,0,0,0,0,0,0,0,0,0,0,0,13,2,11
2019-20,33,Tamilnadu,3304,VELLORE,330422,KANDHILI,1,"Department of Education",1,"PS (I-V)",4,Graduate,1,"Diploma or certificate in basic teachers training of a duration not less than two years",0,0,0,0,1,7,0,0,0,0,0,0,0,0,0,0,0,0,8,1,7
2019-20,33,Tamilnadu,3304,VELLORE,330401,ARAKKONAM,1,"Department of Education",2,"UPS (I-VIII)",4,Graduate,1,"Diploma or certificate in basic teachers training of a duration not less than two years",0,0,0,0,0,1,0,0,0,0,0,0,0,0,0,0,0,0,1,0,1
2019-20,33,Tamilnadu,3304,VELLORE,330402,NEMILI,1,"Department of Education",2,"UPS (I-VIII)",4,Graduate,1,"Diploma or certificate in basic teachers training of a duration not less than two years",0,0,0,0,1,5,0,0,0,0,0,0,0,0,0,0,0,0,6,1,5
2019-20,33,Tamilnadu,3304,VELLORE,330403,KAVERIPAKKAM,1,"Department of Education",2,"UPS (I-VIII)",4,Graduate,1,"Diploma or certificate in basic teachers training of a duration not less than two years",0,0,0,0,1,8,0,0,0,0,0,0,0,0,0,0,0,0,9,1,8
2019-20,33,Tamilnadu,3304,VELLORE,330404,SHOLINGAR,1,"Department of Education",2,"UPS (I-VIII)",4,Graduate,1,"Diploma or certificate in basic teachers training of a duration not less than two years",0,0,0,0,1,5,0,0,0,0,0,0,0,0,0,0,0,0,6,1,5
2019-20,33,Tamilnadu,3304,VELLORE,330405,"WALAJA WEST",1,"Department of Education",2,"UPS (I-VIII)",4,Graduate,1,"Diploma or certificate in basic teachers training of a duration not less than two years",0,0,0,0,2,8,0,0,0,0,0,0,0,0,0,0,0,0,10,2,8
2019-20,33,Tamilnadu,3304,VELLORE,330407,TIMIRI,1,"Department of Education",2,"UPS (I-VIII)",4,Graduate,1,"Diploma or certificate in basic teachers training of a duration not less than two years",0,0,0,0,2,7,0,0,0,0,0,0,0,0,0,0,0,0,9,2,7
2019-20,33,Tamilnadu,3304,VELLORE,330408,ARCOT,1,"Department of Education",2,"UPS (I-VIII)",4,Graduate,1,"Diploma or certificate in basic teachers training of a duration not less than two years",0,0,0,0,0,7,0,0,0,0,0,0,0,0,0,0,0,0,7,0,7
2019-20,33,Tamilnadu,3304,VELLORE,330409,"VELLORE RURAL",1,"Department of Education",2,"UPS (I-VIII)",4,Graduate,1,"Diploma or certificate in basic teachers training of a duration not less than two years",0,0,0,0,0,1,0,0,0,0,0,0,0,0,0,0,0,0,1,0,1
2019-20,33,Tamilnadu,3304,VELLORE,330411,KANIYAMBADI,1,"Department of Education",2,"UPS (I-VIII)",4,Graduate,1,"Diploma or certificate in basic teachers training of a duration not less than two years",0,0,0,0,2,7,0,0,0,0,0,0,0,0,0,0,0,0,9,2,7
2019-20,33,Tamilnadu,3304,VELLORE,330412,ANAICUT,1,"Department of Education",2,"UPS (I-VIII)",4,Graduate,1,"Diploma or certificate in basic teachers training of a duration not less than two years",0,0,0,0,1,3,0,0,0,0,0,0,0,0,0,0,0,0,4,1,3
2019-20,33,Tamilnadu,3304,VELLORE,330413,KATPADI,1,"Department of Education",2,"UPS (I-VIII)",4,Graduate,1,"Diploma or certificate in basic teachers training of a duration not less than two years",0,0,0,0,0,2,0,0,0,0,0,0,0,0,0,0,0,0,2,0,2
2019-20,33,Tamilnadu,3304,VELLORE,330414,K.V.KUPPAM,1,"Department of Education",2,"UPS (I-VIII)",4,Graduate,1,"Diploma or certificate in basic teachers training of a duration not less than two years",0,0,0,0,1,1,0,0,0,0,0,0,0,0,0,0,0,0,2,1,1
2019-20,33,Tamilnadu,3304,VELLORE,330415,GUDIYATHAM,1,"Department of Education",2,"UPS (I-VIII)",4,Graduate,1,"Diploma or certificate in basic teachers training of a duration not less than two years",0,0,0,0,2,10,0,0,0,0,0,0,0,0,0,0,0,0,12,2,10
2019-20,33,Tamilnadu,3304,VELLORE,330416,PERNAMBUT,1,"Department of Education",2,"UPS (I-VIII)",4,Graduate,1,"Diploma or certificate in basic teachers training of a duration not less than two years",0,0,0,0,4,9,0,0,0,0,0,0,0,0,0,0,0,0,13,4,9
2019-20,33,Tamilnadu,3304,VELLORE,330417,MADHANUR,1,"Department of Education",2,"UPS (I-VIII)",4,Graduate,1,"Diploma or certificate in basic teachers training of a duration not less than two years",0,0,0,0,1,2,0,0,0,0,0,0,0,0,0,0,0,0,3,1,2
2019-20,33,Tamilnadu,3304,VELLORE,330418,ALANGAYAM,1,"Department of Education",2,"UPS (I-VIII)",4,Graduate,1,"Diploma or certificate in basic teachers training of a duration not less than two years",0,0,0,0,0,6,0,0,0,0,0,0,0,0,0,0,0,0,6,0,6
2019-20,33,Tamilnadu,3304,VELLORE,330419,NATRAMPALLI,1,"Department of Education",2,"UPS (I-VIII)",4,Graduate,1,"Diploma or certificate in basic teachers training of a duration not less than two years",0,0,0,0,1,0,0,0,0,0,0,0,0,0,0,0,0,0,1,1,0
2019-20,33,Tamilnadu,3304,VELLORE,330420,JOLARPET,1,"Department of Education",2,"UPS (I-VIII)",4,Graduate,1,"Diploma or certificate in basic teachers training of a duration not less than two years",0,0,0,0,4,12,0,0,0,0,0,0,0,0,0,0,0,0,16,4,12
2019-20,33,Tamilnadu,3304,VELLORE,330421,THIRUPATTUR,1,"Department of Education",2,"UPS (I-VIII)",4,Graduate,1,"Diploma or certificate in basic teachers training of a duration not less than two years",0,0,0,0,6,4,0,0,0,0,0,0,0,0,0,0,0,0,10,6,4
2019-20,33,Tamilnadu,3304,VELLORE,330422,KANDHILI,1,"Department of Education",2,"UPS (I-VIII)",4,Graduate,1,"Diploma or certificate in basic teachers training of a duration not less than two years",0,0,0,0,0,4,0,0,0,0,0,0,0,0,0,0,0,0,4,0,4
2019-20,33,Tamilnadu,3304,VELLORE,330403,KAVERIPAKKAM,1,"Department of Education",5,"HSS (VI-XII)",4,Graduate,1,"Diploma or certificate in basic teachers training of a duration not less than two years",0,0,0,0,0,0,0,0,0,1,0,0,0,0,0,0,0,0,1,0,1
2019-20,33,Tamilnadu,3304,VELLORE,330408,ARCOT,1,"Department of Education",5,"HSS (VI-XII)",4,Graduate,1,"Diploma or certificate in basic teachers training of a duration not less than two years",0,0,0,0,0,0,0,0,0,1,0,0,0,0,0,0,0,0,1,0,1
2019-20,33,Tamilnadu,3304,VELLORE,330413,KATPADI,1,"Department of Education",5,"HSS (VI-XII)",4,Graduate,1,"Diploma or certificate in basic teachers training of a duration not less than two years",0,0,0,0,0,0,0,0,1,0,0,0,0,0,0,0,0,0,1,1,0
2019-20,33,Tamilnadu,3304,VELLORE,330419,NATRAMPALLI,1,"Department of Education",5,"HSS (VI-XII)",4,Graduate,1,"Diploma or certificate in basic teachers training of a duration not less than two years",0,0,0,0,0,0,0,0,1,0,0,0,0,0,0,0,0,0,1,1,0
2019-20,33,Tamilnadu,3304,VELLORE,330420,JOLARPET,1,"Department of Education",5,"HSS (VI-XII)",4,Graduate,1,"Diploma or certificate in basic teachers training of a duration not less than two years",0,0,0,0,0,0,0,0,0,2,0,0,0,0,0,0,0,0,2,0,2
2019-20,33,Tamilnadu,3304,VELLORE,330422,KANDHILI,1,"Department of Education",5,"HSS (VI-XII)",4,Graduate,1,"Diploma or certificate in basic teachers training of a duration not less than two years",0,0,0,0,0,0,0,0,0,1,0,0,0,0,0,0,0,0,1,0,1
2019-20,33,Tamilnadu,3304,VELLORE,330403,KAVERIPAKKAM,1,"Department of Education",7,"SS (VI-X)",4,Graduate,1,"Diploma or certificate in basic teachers training of a duration not less than two years",0,0,0,0,0,0,0,0,2,0,0,0,0,0,0,0,0,0,2,2,0
2019-20,33,Tamilnadu,3304,VELLORE,330411,KANIYAMBADI,1,"Department of Education",7,"SS (VI-X)",4,Graduate,1,"Diploma or certificate in basic teachers training of a duration not less than two years",0,0,0,0,0,0,0,0,0,1,0,0,0,0,0,0,0,0,1,0,1
2019-20,33,Tamilnadu,3304,VELLORE,330417,MADHANUR,1,"Department of Education",7,"SS (VI-X)",4,Graduate,1,"Diploma or certificate in basic teachers training of a duration not less than two years",0,0,0,0,0,0,0,0,1,0,0,0,0,0,0,0,0,0,1,1,0
2019-20,33,Tamilnadu,3304,VELLORE,330419,NATRAMPALLI,1,"Department of Education",7,"SS (VI-X)",4,Graduate,1,"Diploma or certificate in basic teachers training of a duration not less than two years",0,0,0,0,0,0,0,0,0,1,0,0,0,0,0,0,0,0,1,0,1
2019-20,33,Tamilnadu,3304,VELLORE,330420,JOLARPET,1,"Department of Education",7,"SS (VI-X)",4,Graduate,1,"Diploma or certificate in basic teachers training of a duration not less than two years",0,0,0,0,0,0,0,0,0,1,0,0,0,0,0,0,0,0,1,0,1
2019-20,33,Tamilnadu,3304,VELLORE,330422,KANDHILI,1,"Department of Education",7,"SS (VI-X)",4,Graduate,1,"Diploma or certificate in basic teachers training of a duration not less than two years",0,0,0,0,0,0,0,0,0,1,0,0,0,0,0,0,0,0,1,0,1
2019-20,33,Tamilnadu,3304,VELLORE,330416,PERNAMBUT,24,"Private Unaided (Recognized)",2,"UPS (I-VIII)",3,"Higher secondary",3,"B.Ed. or equivalent",0,0,0,0,0,0,0,0,0,1,0,0,0,0,0,0,0,0,1,0,1
2019-20,33,Tamilnadu,3304,VELLORE,330402,NEMILI,24,"Private Unaided (Recognized)",1,"PS (I-V)",3,"Higher secondary",4,"M.Ed. or equivalent",0,0,0,0,0,1,0,0,0,0,0,0,0,0,0,0,0,0,1,0,1
2019-20,33,Tamilnadu,3304,VELLORE,330401,ARAKKONAM,1,"Department of Education",1,"PS (I-V)",4,Graduate,3,"B.Ed. or equivalent",0,0,0,0,4,12,0,0,0,0,0,0,0,0,0,0,0,0,16,4,12
2019-20,33,Tamilnadu,3304,VELLORE,330402,NEMILI,1,"Department of Education",1,"PS (I-V)",4,Graduate,3,"B.Ed. or equivalent",0,0,0,0,5,13,0,0,0,0,0,0,0,0,0,0,0,0,18,5,13
2019-20,33,Tamilnadu,3304,VELLORE,330403,KAVERIPAKKAM,1,"Department of Education",1,"PS (I-V)",4,Graduate,3,"B.Ed. or equivalent",0,0,0,0,8,8,0,0,0,0,0,0,0,0,0,0,0,0,16,8,8
2019-20,33,Tamilnadu,3304,VELLORE,330404,SHOLINGAR,1,"Department of Education",1,"PS (I-V)",4,Graduate,3,"B.Ed. or equivalent",0,0,0,0,6,13,0,0,0,0,0,0,0,0,0,0,0,0,19,6,13
2019-20,33,Tamilnadu,3304,VELLORE,330405,"WALAJA WEST",1,"Department of Education",1,"PS (I-V)",4,Graduate,3,"B.Ed. or equivalent",0,0,0,0,2,13,0,0,0,0,0,0,0,0,0,0,0,0,15,2,13
2019-20,33,Tamilnadu,3304,VELLORE,330407,TIMIRI,1,"Department of Education",1,"PS (I-V)",4,Graduate,3,"B.Ed. or equivalent",0,0,0,0,3,12,0,0,0,0,0,0,0,0,0,0,0,0,15,3,12
2019-20,33,Tamilnadu,3304,VELLORE,330408,ARCOT,1,"Department of Education",1,"PS (I-V)",4,Graduate,3,"B.Ed. or equivalent",0,0,0,0,1,9,0,0,0,0,0,0,0,0,0,0,0,0,10,1,9
2019-20,33,Tamilnadu,3304,VELLORE,330409,"VELLORE RURAL",1,"Department of Education",1,"PS (I-V)",4,Graduate,3,"B.Ed. or equivalent",0,0,0,0,0,6,0,0,0,0,0,0,0,0,0,0,0,0,6,0,6
2019-20,33,Tamilnadu,3304,VELLORE,330411,KANIYAMBADI,1,"Department of Education",1,"PS (I-V)",4,Graduate,3,"B.Ed. or equivalent",0,0,0,0,0,9,0,0,0,0,0,0,0,0,0,0,0,0,9,0,9
2019-20,33,Tamilnadu,3304,VELLORE,330412,ANAICUT,1,"Department of Education",1,"PS (I-V)",4,Graduate,3,"B.Ed. or equivalent",0,0,0,0,3,14,0,0,0,0,0,0,0,0,0,0,0,0,17,3,14
2019-20,33,Tamilnadu,3304,VELLORE,330413,KATPADI,1,"Department of Education",1,"PS (I-V)",4,Graduate,3,"B.Ed. or equivalent",0,0,0,0,2,5,0,0,0,0,0,0,0,0,0,0,0,0,7,2,5
2019-20,33,Tamilnadu,3304,VELLORE,330414,K.V.KUPPAM,1,"Department of Education",1,"PS (I-V)",4,Graduate,3,"B.Ed. or equivalent",0,0,0,0,4,6,0,0,0,0,0,0,0,0,0,0,0,0,10,4,6
2019-20,33,Tamilnadu,3304,VELLORE,330415,GUDIYATHAM,1,"Department of Education",1,"PS (I-V)",4,Graduate,3,"B.Ed. or equivalent",0,0,0,0,3,8,0,0,0,0,0,0,0,0,0,0,0,0,11,3,8
2019-20,33,Tamilnadu,3304,VELLORE,330416,PERNAMBUT,1,"Department of Education",1,"PS (I-V)",4,Graduate,3,"B.Ed. or equivalent",0,0,0,0,8,8,0,0,0,0,0,0,0,0,0,0,0,0,16,8,8
2019-20,33,Tamilnadu,3304,VELLORE,330417,MADHANUR,1,"Department of Education",1,"PS (I-V)",4,Graduate,3,"B.Ed. or equivalent",0,0,0,0,4,7,0,0,0,0,0,0,0,0,0,0,0,0,11,4,7
2019-20,33,Tamilnadu,3304,VELLORE,330418,ALANGAYAM,1,"Department of Education",1,"PS (I-V)",4,Graduate,3,"B.Ed. or equivalent",0,0,0,0,7,19,0,0,0,0,0,0,0,0,0,0,0,0,26,7,19
2019-20,33,Tamilnadu,3304,VELLORE,330419,NATRAMPALLI,1,"Department of Education",1,"PS (I-V)",4,Graduate,3,"B.Ed. or equivalent",0,0,0,0,4,10,0,0,0,0,0,0,0,0,0,0,0,0,14,4,10
2019-20,33,Tamilnadu,3304,VELLORE,330420,JOLARPET,1,"Department of Education",1,"PS (I-V)",4,Graduate,3,"B.Ed. or equivalent",0,0,0,0,5,11,0,0,0,0,0,0,0,0,0,0,0,0,16,5,11
2019-20,33,Tamilnadu,3304,VELLORE,330421,THIRUPATTUR,1,"Department of Education",1,"PS (I-V)",4,Graduate,3,"B.Ed. or equivalent",0,0,0,0,2,9,0,0,0,0,0,0,0,0,0,0,0,0,11,2,9
2019-20,33,Tamilnadu,3304,VELLORE,330422,KANDHILI,1,"Department of Education",1,"PS (I-V)",4,Graduate,3,"B.Ed. or equivalent",0,0,0,0,10,12,0,0,0,0,0,0,0,0,0,0,0,0,22,10,12
2019-20,33,Tamilnadu,3304,VELLORE,330401,ARAKKONAM,1,"Department of Education",2,"UPS (I-VIII)",4,Graduate,3,"B.Ed. or equivalent",0,0,0,0,2,2,0,0,0,2,0,0,0,0,0,0,0,0,6,2,4
2019-20,33,Tamilnadu,3304,VELLORE,330402,NEMILI,1,"Department of Education",2,"UPS (I-VIII)",4,Graduate,3,"B.Ed. or equivalent",0,0,0,0,2,8,1,3,4,5,0,0,0,0,0,0,0,0,23,7,16
2019-20,33,Tamilnadu,3304,VELLORE,330403,KAVERIPAKKAM,1,"Department of Education",2,"UPS (I-VIII)",4,Graduate,3,"B.Ed. or equivalent",0,0,0,0,0,7,0,0,9,7,0,0,0,0,0,0,0,0,23,9,14
2019-20,33,Tamilnadu,3304,VELLORE,330404,SHOLINGAR,1,"Department of Education",2,"UPS (I-VIII)",4,Graduate,3,"B.Ed. or equivalent",0,0,0,0,1,1,0,0,6,5,0,0,0,0,0,0,0,0,13,7,6
2019-20,33,Tamilnadu,3304,VELLORE,330405,"WALAJA WEST",1,"Department of Education",2,"UPS (I-VIII)",4,Graduate,3,"B.Ed. or equivalent",0,0,0,0,0,5,0,0,1,6,0,0,0,0,0,0,0,0,12,1,11
2019-20,33,Tamilnadu,3304,VELLORE,330406,"WALAJA EAST",1,"Department of Education",2,"UPS (I-VIII)",4,Graduate,3,"B.Ed. or equivalent",0,0,0,0,0,0,0,0,1,2,0,0,0,0,0,0,0,0,3,1,2
2019-20,33,Tamilnadu,3304,VELLORE,330407,TIMIRI,1,"Department of Education",2,"UPS (I-VIII)",4,Graduate,3,"B.Ed. or equivalent",0,0,0,0,1,5,0,2,2,7,0,0,0,0,0,0,0,0,17,3,14
2019-20,33,Tamilnadu,3304,VELLORE,330408,ARCOT,1,"Department of Education",2,"UPS (I-VIII)",4,Graduate,3,"B.Ed. or equivalent",0,0,0,0,1,3,0,0,3,1,0,0,0,0,0,0,0,0,8,4,4
2019-20,33,Tamilnadu,3304,VELLORE,330409,"VELLORE RURAL",1,"Department of Education",2,"UPS (I-VIII)",4,Graduate,3,"B.Ed. or equivalent",0,0,0,0,1,6,0,0,1,8,0,0,0,0,0,0,0,0,16,2,14
2019-20,33,Tamilnadu,3304,VELLORE,330411,KANIYAMBADI,1,"Department of Education",2,"UPS (I-VIII)",4,Graduate,3,"B.Ed. or equivalent",0,0,0,0,0,4,0,0,2,2,0,0,0,0,0,0,0,0,8,2,6
2019-20,33,Tamilnadu,3304,VELLORE,330412,ANAICUT,1,"Department of Education",2,"UPS (I-VIII)",4,Graduate,3,"B.Ed. or equivalent",0,0,0,0,2,5,0,0,4,4,0,0,0,0,0,0,0,0,15,6,9
2019-20,33,Tamilnadu,3304,VELLORE,330413,KATPADI,1,"Department of Education",2,"UPS (I-VIII)",4,Graduate,3,"B.Ed. or equivalent",0,0,0,0,0,1,0,1,3,7,0,0,0,0,0,0,0,0,12,3,9
2019-20,33,Tamilnadu,3304,VELLORE,330414,K.V.KUPPAM,1,"Department of Education",2,"UPS (I-VIII)",4,Graduate,3,"B.Ed. or equivalent",0,0,0,0,0,2,0,1,1,1,0,0,0,0,0,0,0,0,5,1,4
2019-20,33,Tamilnadu,3304,VELLORE,330415,GUDIYATHAM,1,"Department of Education",2,"UPS (I-VIII)",4,Graduate,3,"B.Ed. or equivalent",0,0,0,0,2,11,1,2,2,14,0,0,0,0,0,0,0,0,32,5,27
2019-20,33,Tamilnadu,3304,VELLORE,330416,PERNAMBUT,1,"Department of Education",2,"UPS (I-VIII)",4,Graduate,3,"B.Ed. or equivalent",0,0,0,0,5,10,0,0,6,7,0,0,0,0,0,0,0,0,28,11,17
2019-20,33,Tamilnadu,3304,VELLORE,330417,MADHANUR,1,"Department of Education",2,"UPS (I-VIII)",4,Graduate,3,"B.Ed. or equivalent",0,0,0,0,1,1,0,1,1,2,0,0,0,0,0,0,0,0,6,2,4
2019-20,33,Tamilnadu,3304,VELLORE,330418,ALANGAYAM,1,"Department of Education",2,"UPS (I-VIII)",4,Graduate,3,"B.Ed. or equivalent",0,0,0,0,1,2,1,0,4,2,0,0,0,0,0,0,0,0,10,6,4
2019-20,33,Tamilnadu,3304,VELLORE,330419,NATRAMPALLI,1,"Department of Education",2,"UPS (I-VIII)",4,Graduate,3,"B.Ed. or equivalent",0,0,0,0,2,6,0,0,2,6,0,0,0,0,0,0,0,0,16,4,12
2019-20,33,Tamilnadu,3304,VELLORE,330420,JOLARPET,1,"Department of Education",2,"UPS (I-VIII)",4,Graduate,3,"B.Ed. or equivalent",0,0,0,0,3,7,2,3,4,14,0,0,0,0,0,0,0,0,33,9,24
2019-20,33,Tamilnadu,3304,VELLORE,330421,THIRUPATTUR,1,"Department of Education",2,"UPS (I-VIII)",4,Graduate,3,"B.Ed. or equivalent",0,0,0,0,4,4,0,1,10,16,0,0,0,0,0,0,0,0,35,14,21
2019-20,33,Tamilnadu,3304,VELLORE,330422,KANDHILI,1,"Department of Education",2,"UPS (I-VIII)",4,Graduate,3,"B.Ed. or equivalent",0,0,0,0,2,5,1,7,6,5,0,0,0,0,0,0,0,0,26,9,17
2019-20,33,Tamilnadu,3304,VELLORE,330415,GUDIYATHAM,1,"Department of Education",3,"HSS (I-XII)",4,Graduate,3,"B.Ed. or equivalent",0,0,0,0,0,0,0,0,0,0,0,0,0,1,0,0,0,0,1,0,1
2019-20,33,Tamilnadu,3304,VELLORE,330401,ARAKKONAM,1,"Department of Education",5,"HSS (VI-XII)",4,Graduate,3,"B.Ed. or equivalent",0,0,0,0,0,0,0,0,2,3,0,5,2,2,1,0,0,0,15,5,10
2019-20,33,Tamilnadu,3304,VELLORE,330402,NEMILI,1,"Department of Education",5,"HSS (VI-XII)",4,Graduate,3,"B.Ed. or equivalent",0,0,0,0,0,0,0,0,6,4,3,10,4,5,0,0,3,1,36,16,20
2019-20,33,Tamilnadu,3304,VELLORE,330403,KAVERIPAKKAM,1,"Department of Education",5,"HSS (VI-XII)",4,Graduate,3,"B.Ed. or equivalent",0,0,0,0,0,0,0,0,6,7,11,9,1,2,0,0,1,1,38,19,19
2019-20,33,Tamilnadu,3304,VELLORE,330404,SHOLINGAR,1,"Department of Education",5,"HSS (VI-XII)",4,Graduate,3,"B.Ed. or equivalent",0,0,0,0,0,0,0,0,4,3,11,4,3,11,1,0,1,0,38,20,18
2019-20,33,Tamilnadu,3304,VELLORE,330405,"WALAJA WEST",1,"Department of Education",5,"HSS (VI-XII)",4,Graduate,3,"B.Ed. or equivalent",0,0,0,0,0,0,0,0,2,1,0,1,1,4,1,0,0,1,11,4,7
2019-20,33,Tamilnadu,3304,VELLORE,330406,"WALAJA EAST",1,"Department of Education",5,"HSS (VI-XII)",4,Graduate,3,"B.Ed. or equivalent",0,0,0,0,0,0,0,0,1,2,0,7,3,4,0,0,1,0,18,5,13
2019-20,33,Tamilnadu,3304,VELLORE,330407,TIMIRI,1,"Department of Education",5,"HSS (VI-XII)",4,Graduate,3,"B.Ed. or equivalent",0,0,0,0,0,0,0,0,1,3,6,11,2,4,1,1,1,0,30,11,19
2019-20,33,Tamilnadu,3304,VELLORE,330408,ARCOT,1,"Department of Education",5,"HSS (VI-XII)",4,Graduate,3,"B.Ed. or equivalent",0,0,0,0,0,0,0,0,1,2,1,2,2,1,0,0,0,1,10,4,6
2019-20,33,Tamilnadu,3304,VELLORE,330409,"VELLORE RURAL",1,"Department of Education",5,"HSS (VI-XII)",4,Graduate,3,"B.Ed. or equivalent",0,0,0,0,0,0,0,0,2,3,0,3,1,1,0,1,0,1,12,3,9
2019-20,33,Tamilnadu,3304,VELLORE,330410,"VELLORE URBAN",1,"Department of Education",5,"HSS (VI-XII)",4,Graduate,3,"B.Ed. or equivalent",0,0,0,0,0,0,0,0,0,1,1,2,1,1,0,1,0,0,7,2,5
2019-20,33,Tamilnadu,3304,VELLORE,330411,KANIYAMBADI,1,"Department of Education",5,"HSS (VI-XII)",4,Graduate,3,"B.Ed. or equivalent",0,0,0,0,0,0,0,0,0,2,1,2,2,6,0,0,0,1,14,3,11
2019-20,33,Tamilnadu,3304,VELLORE,330412,ANAICUT,1,"Department of Education",5,"HSS (VI-XII)",4,Graduate,3,"B.Ed. or equivalent",0,0,0,0,0,0,0,0,2,2,2,5,3,7,1,1,0,0,23,8,15
2019-20,33,Tamilnadu,3304,VELLORE,330413,KATPADI,1,"Department of Education",5,"HSS (VI-XII)",4,Graduate,3,"B.Ed. or equivalent",0,0,0,0,0,0,0,0,1,7,5,10,3,6,1,0,1,1,35,11,24
2019-20,33,Tamilnadu,3304,VELLORE,330414,K.V.KUPPAM,1,"Department of Education",5,"HSS (VI-XII)",4,Graduate,3,"B.Ed. or equivalent",0,0,0,0,0,0,0,0,1,0,4,2,1,3,0,0,1,2,14,7,7
2019-20,33,Tamilnadu,3304,VELLORE,330415,GUDIYATHAM,1,"Department of Education",5,"HSS (VI-XII)",4,Graduate,3,"B.Ed. or equivalent",0,0,0,0,0,0,0,0,2,4,2,2,0,0,0,4,0,0,14,4,10
2019-20,33,Tamilnadu,3304,VELLORE,330416,PERNAMBUT,1,"Department of Education",5,"HSS (VI-XII)",4,Graduate,3,"B.Ed. or equivalent",0,0,0,0,0,0,0,0,3,0,2,6,1,6,0,0,1,2,21,7,14
2019-20,33,Tamilnadu,3304,VELLORE,330417,MADHANUR,1,"Department of Education",5,"HSS (VI-XII)",4,Graduate,3,"B.Ed. or equivalent",0,0,0,0,0,0,0,0,2,0,0,2,2,0,0,0,0,0,6,4,2
2019-20,33,Tamilnadu,3304,VELLORE,330418,ALANGAYAM,1,"Department of Education",5,"HSS (VI-XII)",4,Graduate,3,"B.Ed. or equivalent",0,0,0,0,0,0,0,0,1,2,4,3,0,3,1,1,0,0,15,6,9
2019-20,33,Tamilnadu,3304,VELLORE,330419,NATRAMPALLI,1,"Department of Education",5,"HSS (VI-XII)",4,Graduate,3,"B.Ed. or equivalent",0,0,0,0,0,0,0,0,5,4,1,2,5,1,1,1,1,3,24,13,11
2019-20,33,Tamilnadu,3304,VELLORE,330420,JOLARPET,1,"Department of Education",5,"HSS (VI-XII)",4,Graduate,3,"B.Ed. or equivalent",0,0,0,0,0,0,0,0,1,5,6,5,4,5,1,1,0,0,28,12,16
2019-20,33,Tamilnadu,3304,VELLORE,330421,THIRUPATTUR,1,"Department of Education",5,"HSS (VI-XII)",4,Graduate,3,"B.Ed. or equivalent",0,0,0,0,0,0,0,0,5,2,7,6,2,1,2,0,0,0,25,16,9
2019-20,33,Tamilnadu,3304,VELLORE,330422,KANDHILI,1,"Department of Education",5,"HSS (VI-XII)",4,Graduate,3,"B.Ed. or equivalent",0,0,0,0,0,0,0,0,0,4,1,3,3,0,0,0,0,0,11,4,7
2019-20,33,Tamilnadu,3304,VELLORE,330401,ARAKKONAM,1,"Department of Education",7,"SS (VI-X)",4,Graduate,3,"B.Ed. or equivalent",0,0,0,0,0,0,0,0,0,0,1,0,1,2,0,0,0,0,4,2,2
2019-20,33,Tamilnadu,3304,VELLORE,330402,NEMILI,1,"Department of Education",7,"SS (VI-X)",4,Graduate,3,"B.Ed. or equivalent",0,0,0,0,0,0,0,0,3,0,1,6,2,4,0,0,0,0,16,6,10
2019-20,33,Tamilnadu,3304,VELLORE,330403,KAVERIPAKKAM,1,"Department of Education",7,"SS (VI-X)",4,Graduate,3,"B.Ed. or equivalent",0,0,0,0,0,0,0,0,0,1,0,3,1,3,0,0,0,0,8,1,7
2019-20,33,Tamilnadu,3304,VELLORE,330404,SHOLINGAR,1,"Department of Education",7,"SS (VI-X)",4,Graduate,3,"B.Ed. or equivalent",0,0,0,0,0,0,0,0,1,0,1,3,0,1,0,0,0,0,6,2,4
2019-20,33,Tamilnadu,3304,VELLORE,330405,"WALAJA WEST",1,"Department of Education",7,"SS (VI-X)",4,Graduate,3,"B.Ed. or equivalent",0,0,0,0,0,0,0,0,1,1,2,6,0,0,0,0,0,0,10,3,7
2019-20,33,Tamilnadu,3304,VELLORE,330407,TIMIRI,1,"Department of Education",7,"SS (VI-X)",4,Graduate,3,"B.Ed. or equivalent",0,0,0,0,0,0,0,0,0,0,1,0,0,1,0,0,0,0,2,1,1
2019-20,33,Tamilnadu,3304,VELLORE,330408,ARCOT,1,"Department of Education",7,"SS (VI-X)",4,Graduate,3,"B.Ed. or equivalent",0,0,0,0,0,0,0,0,2,0,3,4,2,1,0,0,0,0,12,7,5
2019-20,33,Tamilnadu,3304,VELLORE,330409,"VELLORE RURAL",1,"Department of Education",7,"SS (VI-X)",4,Graduate,3,"B.Ed. or equivalent",0,0,0,0,0,0,0,0,0,1,1,3,1,0,0,0,0,0,6,2,4
2019-20,33,Tamilnadu,3304,VELLORE,330411,KANIYAMBADI,1,"Department of Education",7,"SS (VI-X)",4,Graduate,3,"B.Ed. or equivalent",0,0,0,0,0,0,0,0,1,2,2,5,0,1,0,0,0,0,11,3,8
2019-20,33,Tamilnadu,3304,VELLORE,330412,ANAICUT,1,"Department of Education",7,"SS (VI-X)",4,Graduate,3,"B.Ed. or equivalent",0,0,0,0,0,0,0,0,1,2,5,8,1,3,0,0,0,0,20,7,13
2019-20,33,Tamilnadu,3304,VELLORE,330413,KATPADI,1,"Department of Education",7,"SS (VI-X)",4,Graduate,3,"B.Ed. or equivalent",0,0,0,0,0,0,0,0,0,0,0,1,0,0,0,0,0,0,1,0,1
2019-20,33,Tamilnadu,3304,VELLORE,330414,K.V.KUPPAM,1,"Department of Education",7,"SS (VI-X)",4,Graduate,3,"B.Ed. or equivalent",0,0,0,0,0,0,0,0,2,1,2,1,0,0,0,0,0,0,6,4,2
2019-20,33,Tamilnadu,3304,VELLORE,330415,GUDIYATHAM,1,"Department of Education",7,"SS (VI-X)",4,Graduate,3,"B.Ed. or equivalent",0,0,0,0,0,0,0,0,1,0,3,4,1,2,0,0,0,0,11,5,6
2019-20,33,Tamilnadu,3304,VELLORE,330416,PERNAMBUT,1,"Department of Education",7,"SS (VI-X)",4,Graduate,3,"B.Ed. or equivalent",0,0,0,0,0,0,0,0,3,2,7,8,2,2,0,0,0,0,24,12,12
2019-20,33,Tamilnadu,3304,VELLORE,330417,MADHANUR,1,"Department of Education",7,"SS (VI-X)",4,Graduate,3,"B.Ed. or equivalent",0,0,0,0,0,0,0,0,2,4,3,2,1,2,0,0,0,0,14,6,8
2019-20,33,Tamilnadu,3304,VELLORE,330418,ALANGAYAM,1,"Department of Education",7,"SS (VI-X)",4,Graduate,3,"B.Ed. or equivalent",0,0,0,0,0,0,0,0,0,0,1,3,0,0,0,0,0,0,4,1,3
2019-20,33,Tamilnadu,3304,VELLORE,330419,NATRAMPALLI,1,"Department of Education",7,"SS (VI-X)",4,Graduate,3,"B.Ed. or equivalent",0,0,0,0,0,0,0,0,2,2,6,0,1,0,0,0,0,0,11,9,2
2019-20,33,Tamilnadu,3304,VELLORE,330420,JOLARPET,1,"Department of Education",7,"SS (VI-X)",4,Graduate,3,"B.Ed. or equivalent",0,0,0,0,0,0,0,0,3,1,4,8,0,2,0,0,0,0,18,7,11
2019-20,33,Tamilnadu,3304,VELLORE,330421,THIRUPATTUR,1,"Department of Education",7,"SS (VI-X)",4,Graduate,3,"B.Ed. or equivalent",0,0,0,0,0,0,0,0,0,1,3,7,0,0,0,0,0,0,11,3,8
2019-20,33,Tamilnadu,3304,VELLORE,330422,KANDHILI,1,"Department of Education",7,"SS (VI-X)",4,Graduate,3,"B.Ed. or equivalent",0,0,0,0,0,0,0,0,1,1,0,4,1,0,0,0,0,0,7,2,5
2019-20,33,Tamilnadu,3304,VELLORE,330405,"WALAJA WEST",1,"Department of Education",1,"PS (I-V)",4,Graduate,4,"M.Ed. or equivalent",0,0,0,0,0,1,0,0,0,0,0,0,0,0,0,0,0,0,1,0,1
2019-20,33,Tamilnadu,3304,VELLORE,330407,TIMIRI,1,"Department of Education",1,"PS (I-V)",4,Graduate,4,"M.Ed. or equivalent",0,0,0,0,0,1,0,0,0,0,0,0,0,0,0,0,0,0,1,0,1
2019-20,33,Tamilnadu,3304,VELLORE,330408,ARCOT,1,"Department of Education",1,"PS (I-V)",4,Graduate,4,"M.Ed. or equivalent",0,0,0,0,0,1,0,0,0,0,0,0,0,0,0,0,0,0,1,0,1
2019-20,33,Tamilnadu,3304,VELLORE,330409,"VELLORE RURAL",1,"Department of Education",1,"PS (I-V)",4,Graduate,4,"M.Ed. or equivalent",0,0,0,0,0,1,0,0,0,0,0,0,0,0,0,0,0,0,1,0,1
2019-20,33,Tamilnadu,3304,VELLORE,330412,ANAICUT,1,"Department of Education",1,"PS (I-V)",4,Graduate,4,"M.Ed. or equivalent",0,0,0,0,0,1,0,0,0,0,0,0,0,0,0,0,0,0,1,0,1
2019-20,33,Tamilnadu,3304,VELLORE,330416,PERNAMBUT,1,"Department of Education",1,"PS (I-V)",4,Graduate,4,"M.Ed. or equivalent",0,0,0,0,0,1,0,0,0,0,0,0,0,0,0,0,0,0,1,0,1
2019-20,33,Tamilnadu,3304,VELLORE,330421,THIRUPATTUR,1,"Department of Education",1,"PS (I-V)",4,Graduate,4,"M.Ed. or equivalent",0,0,0,0,1,0,0,0,0,0,0,0,0,0,0,0,0,0,1,1,0
2019-20,33,Tamilnadu,3304,VELLORE,330401,ARAKKONAM,1,"Department of Education",2,"UPS (I-VIII)",4,Graduate,4,"M.Ed. or equivalent",0,0,0,0,0,0,0,0,1,1,0,0,0,0,0,0,0,0,2,1,1
2019-20,33,Tamilnadu,3304,VELLORE,330403,KAVERIPAKKAM,1,"Department of Education",2,"UPS (I-VIII)",4,Graduate,4,"M.Ed. or equivalent",0,0,0,0,0,0,0,0,1,0,0,0,0,0,0,0,0,0,1,1,0
2019-20,33,Tamilnadu,3304,VELLORE,330404,SHOLINGAR,1,"Department of Education",2,"UPS (I-VIII)",4,Graduate,4,"M.Ed. or equivalent",0,0,0,0,0,0,0,0,1,1,0,0,0,0,0,0,0,0,2,1,1
2019-20,33,Tamilnadu,3304,VELLORE,330405,"WALAJA WEST",1,"Department of Education",2,"UPS (I-VIII)",4,Graduate,4,"M.Ed. or equivalent",0,0,0,0,0,0,0,0,0,1,0,0,0,0,0,0,0,0,1,0,1
2019-20,33,Tamilnadu,3304,VELLORE,330407,TIMIRI,1,"Department of Education",2,"UPS (I-VIII)",4,Graduate,4,"M.Ed. or equivalent",0,0,0,0,0,0,0,0,0,2,0,0,0,0,0,0,0,0,2,0,2
2019-20,33,Tamilnadu,3304,VELLORE,330408,ARCOT,1,"Department of Education",2,"UPS (I-VIII)",4,Graduate,4,"M.Ed. or equivalent",0,0,0,0,0,0,0,0,1,0,0,0,0,0,0,0,0,0,1,1,0
2019-20,33,Tamilnadu,3304,VELLORE,330413,KATPADI,1,"Department of Education",2,"UPS (I-VIII)",4,Graduate,4,"M.Ed. or equivalent",0,0,0,0,0,0,0,0,0,1,0,0,0,0,0,0,0,0,1,0,1
2019-20,33,Tamilnadu,3304,VELLORE,330416,PERNAMBUT,1,"Department of Education",2,"UPS (I-VIII)",4,Graduate,4,"M.Ed. or equivalent",0,0,0,0,0,0,0,0,1,0,0,0,0,0,0,0,0,0,1,1,0
2019-20,33,Tamilnadu,3304,VELLORE,330419,NATRAMPALLI,1,"Department of Education",2,"UPS (I-VIII)",4,Graduate,4,"M.Ed. or equivalent",0,0,0,0,0,0,0,0,1,0,0,0,0,0,0,0,0,0,1,1,0
2019-20,33,Tamilnadu,3304,VELLORE,330421,THIRUPATTUR,1,"Department of Education",2,"UPS (I-VIII)",4,Graduate,4,"M.Ed. or equivalent",0,0,0,0,0,0,0,0,1,2,0,0,0,0,0,0,0,0,3,1,2
2019-20,33,Tamilnadu,3304,VELLORE,330422,KANDHILI,1,"Department of Education",2,"UPS (I-VIII)",4,Graduate,4,"M.Ed. or equivalent",0,0,0,0,0,0,0,0,1,1,0,0,0,0,0,0,0,0,2,1,1
2019-20,33,Tamilnadu,3304,VELLORE,330402,NEMILI,1,"Department of Education",5,"HSS (VI-XII)",4,Graduate,4,"M.Ed. or equivalent",0,0,0,0,0,0,0,0,0,1,0,0,0,0,0,0,0,0,1,0,1
2019-20,33,Tamilnadu,3304,VELLORE,330403,KAVERIPAKKAM,1,"Department of Education",5,"HSS (VI-XII)",4,Graduate,4,"M.Ed. or equivalent",0,0,0,0,0,0,0,0,0,1,0,0,0,0,0,0,1,0,2,1,1
2019-20,33,Tamilnadu,3304,VELLORE,330404,SHOLINGAR,1,"Department of Education",5,"HSS (VI-XII)",4,Graduate,4,"M.Ed. or equivalent",0,0,0,0,0,0,0,0,0,0,1,1,0,0,0,0,0,0,2,1,1
2019-20,33,Tamilnadu,3304,VELLORE,330407,TIMIRI,1,"Department of Education",5,"HSS (VI-XII)",4,Graduate,4,"M.Ed. or equivalent",0,0,0,0,0,0,0,0,0,0,0,0,0,0,1,0,0,0,1,1,0
2019-20,33,Tamilnadu,3304,VELLORE,330408,ARCOT,1,"Department of Education",5,"HSS (VI-XII)",4,Graduate,4,"M.Ed. or equivalent",0,0,0,0,0,0,0,0,0,1,0,0,0,0,0,0,0,0,1,0,1
2019-20,33,Tamilnadu,3304,VELLORE,330413,KATPADI,1,"Department of Education",5,"HSS (VI-XII)",4,Graduate,4,"M.Ed. or equivalent",0,0,0,0,0,0,0,0,1,1,0,1,0,0,0,0,0,0,3,1,2
2019-20,33,Tamilnadu,3304,VELLORE,330414,K.V.KUPPAM,1,"Department of Education",5,"HSS (VI-XII)",4,Graduate,4,"M.Ed. or equivalent",0,0,0,0,0,0,0,0,1,1,0,0,0,0,0,0,0,0,2,1,1
2019-20,33,Tamilnadu,3304,VELLORE,330415,GUDIYATHAM,1,"Department of Education",5,"HSS (VI-XII)",4,Graduate,4,"M.Ed. or equivalent",0,0,0,0,0,0,0,0,1,1,1,0,0,0,0,0,0,0,3,2,1
2019-20,33,Tamilnadu,3304,VELLORE,330416,PERNAMBUT,1,"Department of Education",5,"HSS (VI-XII)",4,Graduate,4,"M.Ed. or equivalent",0,0,0,0,0,0,0,0,0,0,1,0,0,0,0,0,0,0,1,1,0
2019-20,33,Tamilnadu,3304,VELLORE,330419,NATRAMPALLI,1,"Department of Education",5,"HSS (VI-XII)",4,Graduate,4,"M.Ed. or equivalent",0,0,0,0,0,0,0,0,0,0,0,0,2,1,0,0,0,0,3,2,1
2019-20,33,Tamilnadu,3304,VELLORE,330420,JOLARPET,1,"Department of Education",5,"HSS (VI-XII)",4,Graduate,4,"M.Ed. or equivalent",0,0,0,0,0,0,0,0,1,0,0,1,0,0,0,0,0,0,2,1,1
2019-20,33,Tamilnadu,3304,VELLORE,330421,THIRUPATTUR,1,"Department of Education",5,"HSS (VI-XII)",4,Graduate,4,"M.Ed. or equivalent",0,0,0,0,0,0,0,0,0,0,0,0,0,1,0,0,0,0,1,0,1
2019-20,33,Tamilnadu,3304,VELLORE,330402,NEMILI,1,"Department of Education",7,"SS (VI-X)",4,Graduate,4,"M.Ed. or equivalent",0,0,0,0,0,0,0,0,0,0,1,1,0,0,0,0,0,0,2,1,1
2019-20,33,Tamilnadu,3304,VELLORE,330403,KAVERIPAKKAM,1,"Department of Education",7,"SS (VI-X)",4,Graduate,4,"M.Ed. or equivalent",0,0,0,0,0,0,0,0,0,0,0,1,0,0,0,0,0,0,1,0,1
2019-20,33,Tamilnadu,3304,VELLORE,330408,ARCOT,1,"Department of Education",7,"SS (VI-X)",4,Graduate,4,"M.Ed. or equivalent",0,0,0,0,0,0,0,0,0,0,1,0,0,0,0,0,0,0,1,1,0
2019-20,33,Tamilnadu,3304,VELLORE,330412,ANAICUT,1,"Department of Education",7,"SS (VI-X)",4,Graduate,4,"M.Ed. or equivalent",0,0,0,0,0,0,0,0,0,0,1,0,0,0,0,0,0,0,1,1,0
2019-20,33,Tamilnadu,3304,VELLORE,330416,PERNAMBUT,1,"Department of Education",7,"SS (VI-X)",4,Graduate,4,"M.Ed. or equivalent",0,0,0,0,0,0,0,0,0,0,0,1,0,0,0,0,0,0,1,0,1
2019-20,33,Tamilnadu,3304,VELLORE,330420,JOLARPET,1,"Department of Education",7,"SS (VI-X)",4,Graduate,4,"M.Ed. or equivalent",0,0,0,0,0,0,0,0,0,0,1,1,0,0,0,0,0,0,2,1,1
2019-20,33,Tamilnadu,3304,VELLORE,330421,THIRUPATTUR,1,"Department of Education",7,"SS (VI-X)",4,Graduate,4,"M.Ed. or equivalent",0,0,0,0,0,0,0,0,0,0,0,0,1,0,0,0,0,0,1,1,0
2019-20,33,Tamilnadu,3304,VELLORE,330416,PERNAMBUT,1,"Department of Education",1,"PS (I-V)",4,Graduate,5,Others,0,0,0,0,1,0,0,0,0,0,0,0,0,0,0,0,0,0,1,1,0
2019-20,33,Tamilnadu,3304,VELLORE,330418,ALANGAYAM,1,"Department of Education",1,"PS (I-V)",4,Graduate,5,Others,0,0,0,0,1,0,0,0,0,0,0,0,0,0,0,0,0,0,1,1,0
2019-20,33,Tamilnadu,3304,VELLORE,330406,"WALAJA EAST",1,"Department of Education",2,"UPS (I-VIII)",4,Graduate,5,Others,0,0,0,0,0,0,0,0,1,0,0,0,0,0,0,0,0,0,1,1,0
2019-20,33,Tamilnadu,3304,VELLORE,330409,"VELLORE RURAL",1,"Department of Education",2,"UPS (I-VIII)",4,Graduate,5,Others,0,0,0,0,0,0,0,0,1,0,0,0,0,0,0,0,0,0,1,1,0
2019-20,33,Tamilnadu,3304,VELLORE,330411,KANIYAMBADI,1,"Department of Education",2,"UPS (I-VIII)",4,Graduate,5,Others,0,0,0,0,0,0,0,0,1,0,0,0,0,0,0,0,0,0,1,1,0
2019-20,33,Tamilnadu,3304,VELLORE,330420,JOLARPET,1,"Department of Education",2,"UPS (I-VIII)",4,Graduate,5,Others,0,0,0,0,0,0,0,0,0,1,0,0,0,0,0,0,0,0,1,0,1
2019-20,33,Tamilnadu,3304,VELLORE,330421,THIRUPATTUR,1,"Department of Education",2,"UPS (I-VIII)",4,Graduate,5,Others,0,0,0,0,0,0,0,0,1,0,0,0,0,0,0,0,0,0,1,1,0
2019-20,33,Tamilnadu,3304,VELLORE,330410,"VELLORE URBAN",1,"Department of Education",3,"HSS (I-XII)",4,Graduate,5,Others,0,0,0,0,0,0,0,0,0,1,0,0,0,0,0,0,0,0,1,0,1
2019-20,33,Tamilnadu,3304,VELLORE,330401,ARAKKONAM,1,"Department of Education",5,"HSS (VI-XII)",4,Graduate,5,Others,0,0,0,0,0,0,0,0,2,0,0,1,0,0,0,0,0,0,3,2,1
2019-20,33,Tamilnadu,3304,VELLORE,330402,NEMILI,1,"Department of Education",5,"HSS (VI-XII)",4,Graduate,5,Others,0,0,0,0,0,0,0,0,0,4,1,0,0,0,1,0,0,0,6,2,4
2019-20,33,Tamilnadu,3304,VELLORE,330403,KAVERIPAKKAM,1,"Department of Education",5,"HSS (VI-XII)",4,Graduate,5,Others,0,0,0,0,0,0,0,0,1,0,0,0,0,0,0,0,0,0,1,1,0
2019-20,33,Tamilnadu,3304,VELLORE,330404,SHOLINGAR,1,"Department of Education",5,"HSS (VI-XII)",4,Graduate,5,Others,0,0,0,0,0,0,0,0,4,2,1,1,0,0,0,0,1,0,9,6,3
2019-20,33,Tamilnadu,3304,VELLORE,330405,"WALAJA WEST",1,"Department of Education",5,"HSS (VI-XII)",4,Graduate,5,Others,0,0,0,0,0,0,0,0,2,0,0,0,0,0,0,0,0,0,2,2,0
2019-20,33,Tamilnadu,3304,VELLORE,330406,"WALAJA EAST",1,"Department of Education",5,"HSS (VI-XII)",4,Graduate,5,Others,0,0,0,0,0,0,0,0,2,1,1,0,0,0,0,0,1,0,5,4,1
2019-20,33,Tamilnadu,3304,VELLORE,330407,TIMIRI,1,"Department of Education",5,"HSS (VI-XII)",4,Graduate,5,Others,0,0,0,0,0,0,0,0,0,1,1,1,0,0,0,0,2,0,5,3,2
2019-20,33,Tamilnadu,3304,VELLORE,330408,ARCOT,1,"Department of Education",5,"HSS (VI-XII)",4,Graduate,5,Others,0,0,0,0,0,0,0,0,1,1,0,0,0,0,0,0,0,0,2,1,1
2019-20,33,Tamilnadu,3304,VELLORE,330409,"VELLORE RURAL",1,"Department of Education",5,"HSS (VI-XII)",4,Graduate,5,Others,0,0,0,0,0,0,0,0,1,1,0,2,1,1,0,0,0,0,6,2,4
2019-20,33,Tamilnadu,3304,VELLORE,330410,"VELLORE URBAN",1,"Department of Education",5,"HSS (VI-XII)",4,Graduate,5,Others,0,0,0,0,0,0,0,0,1,1,0,0,0,1,1,0,0,0,4,2,2
2019-20,33,Tamilnadu,3304,VELLORE,330411,KANIYAMBADI,1,"Department of Education",5,"HSS (VI-XII)",4,Graduate,5,Others,0,0,0,0,0,0,0,0,1,2,0,0,0,0,0,0,0,0,3,1,2
2019-20,33,Tamilnadu,3304,VELLORE,330412,ANAICUT,1,"Department of Education",5,"HSS (VI-XII)",4,Graduate,5,Others,0,0,0,0,0,0,0,0,1,3,0,0,0,1,0,1,1,0,7,2,5
2019-20,33,Tamilnadu,3304,VELLORE,330413,KATPADI,1,"Department of Education",5,"HSS (VI-XII)",4,Graduate,5,Others,0,0,0,0,0,0,0,0,1,1,0,1,0,0,1,0,0,0,4,2,2
2019-20,33,Tamilnadu,3304,VELLORE,330414,K.V.KUPPAM,1,"Department of Education",5,"HSS (VI-XII)",4,Graduate,5,Others,0,0,0,0,0,0,0,0,1,1,0,0,0,0,0,0,0,0,2,1,1
2019-20,33,Tamilnadu,3304,VELLORE,330415,GUDIYATHAM,1,"Department of Education",5,"HSS (VI-XII)",4,Graduate,5,Others,0,0,0,0,0,0,0,0,0,0,1,0,1,0,1,0,0,0,3,3,0
2019-20,33,Tamilnadu,3304,VELLORE,330416,PERNAMBUT,1,"Department of Education",5,"HSS (VI-XII)",4,Graduate,5,Others,0,0,0,0,0,0,0,0,2,1,0,0,0,0,0,0,0,0,3,2,1
2019-20,33,Tamilnadu,3304,VELLORE,330417,MADHANUR,1,"Department of Education",5,"HSS (VI-XII)",4,Graduate,5,Others,0,0,0,0,0,0,0,0,1,0,0,0,0,0,0,0,0,0,1,1,0
2019-20,33,Tamilnadu,3304,VELLORE,330418,ALANGAYAM,1,"Department of Education",5,"HSS (VI-XII)",4,Graduate,5,Others,0,0,0,0,0,0,0,0,3,1,1,0,1,0,0,0,0,0,6,5,1
2019-20,33,Tamilnadu,3304,VELLORE,330419,NATRAMPALLI,1,"Department of Education",5,"HSS (VI-XII)",4,Graduate,5,Others,0,0,0,0,0,0,0,0,1,0,0,0,0,0,0,0,0,1,2,1,1
2019-20,33,Tamilnadu,3304,VELLORE,330420,JOLARPET,1,"Department of Education",5,"HSS (VI-XII)",4,Graduate,5,Others,0,0,0,0,0,0,0,0,2,0,0,1,0,1,0,0,0,0,4,2,2
2019-20,33,Tamilnadu,3304,VELLORE,330421,THIRUPATTUR,1,"Department of Education",5,"HSS (VI-XII)",4,Graduate,5,Others,0,0,0,0,0,0,0,0,3,1,0,1,0,0,0,0,1,0,6,4,2
2019-20,33,Tamilnadu,3304,VELLORE,330422,KANDHILI,1,"Department of Education",5,"HSS (VI-XII)",4,Graduate,5,Others,0,0,0,0,0,0,0,0,2,1,1,1,0,0,0,0,0,0,5,3,2
2019-20,33,Tamilnadu,3304,VELLORE,330402,NEMILI,1,"Department of Education",7,"SS (VI-X)",4,Graduate,5,Others,0,0,0,0,0,0,0,0,0,1,0,0,0,0,0,0,0,0,1,0,1
2019-20,33,Tamilnadu,3304,VELLORE,330403,KAVERIPAKKAM,1,"Department of Education",7,"SS (VI-X)",4,Graduate,5,Others,0,0,0,0,0,0,0,0,0,1,0,0,0,0,0,0,0,0,1,0,1
2019-20,33,Tamilnadu,3304,VELLORE,330408,ARCOT,1,"Department of Education",7,"SS (VI-X)",4,Graduate,5,Others,0,0,0,0,0,0,0,0,1,0,0,0,0,0,0,0,0,0,1,1,0
2019-20,33,Tamilnadu,3304,VELLORE,330411,KANIYAMBADI,1,"Department of Education",7,"SS (VI-X)",4,Graduate,5,Others,0,0,0,0,0,0,0,0,0,3,0,0,0,0,0,0,0,0,3,0,3
2019-20,33,Tamilnadu,3304,VELLORE,330412,ANAICUT,1,"Department of Education",7,"SS (VI-X)",4,Graduate,5,Others,0,0,0,0,0,0,0,0,1,2,0,0,0,0,0,0,0,0,3,1,2
2019-20,33,Tamilnadu,3304,VELLORE,330414,K.V.KUPPAM,1,"Department of Education",7,"SS (VI-X)",4,Graduate,5,Others,0,0,0,0,0,0,0,0,0,1,2,0,0,0,0,0,0,0,3,2,1
2019-20,33,Tamilnadu,3304,VELLORE,330415,GUDIYATHAM,1,"Department of Education",7,"SS (VI-X)",4,Graduate,5,Others,0,0,0,0,0,0,0,0,0,2,0,0,0,0,0,0,0,0,2,0,2
2019-20,33,Tamilnadu,3304,VELLORE,330416,PERNAMBUT,1,"Department of Education",7,"SS (VI-X)",4,Graduate,5,Others,0,0,0,0,0,0,0,0,3,0,0,1,0,0,0,0,0,0,4,3,1
2019-20,33,Tamilnadu,3304,VELLORE,330417,MADHANUR,1,"Department of Education",7,"SS (VI-X)",4,Graduate,5,Others,0,0,0,0,0,0,0,0,3,3,0,0,1,1,0,0,0,0,8,4,4
2019-20,33,Tamilnadu,3304,VELLORE,330418,ALANGAYAM,1,"Department of Education",7,"SS (VI-X)",4,Graduate,5,Others,0,0,0,0,0,0,0,0,0,1,0,0,0,0,0,0,0,0,1,0,1
2019-20,33,Tamilnadu,3304,VELLORE,330419,NATRAMPALLI,1,"Department of Education",7,"SS (VI-X)",4,Graduate,5,Others,0,0,0,0,0,0,0,0,1,0,0,0,1,0,0,0,0,0,2,2,0
2019-20,33,Tamilnadu,3304,VELLORE,330420,JOLARPET,1,"Department of Education",7,"SS (VI-X)",4,Graduate,5,Others,0,0,0,0,0,0,0,0,1,3,0,1,0,0,0,0,0,0,5,1,4
2019-20,33,Tamilnadu,3304,VELLORE,330421,THIRUPATTUR,1,"Department of Education",7,"SS (VI-X)",4,Graduate,5,Others,0,0,0,0,0,0,0,0,1,0,0,0,1,0,0,0,0,0,2,2,0
2019-20,33,Tamilnadu,3304,VELLORE,330422,KANDHILI,1,"Department of Education",7,"SS (VI-X)",4,Graduate,5,Others,0,0,0,0,0,0,0,0,0,2,0,0,0,0,0,0,0,0,2,0,2
2019-20,33,Tamilnadu,3304,VELLORE,330407,TIMIRI,1,"Department of Education",1,"PS (I-V)",4,Graduate,6,None,0,0,0,0,1,0,0,0,0,0,0,0,0,0,0,0,0,0,1,1,0
2019-20,33,Tamilnadu,3304,VELLORE,330409,"VELLORE RURAL",1,"Department of Education",1,"PS (I-V)",4,Graduate,6,None,0,0,0,0,0,1,0,0,0,0,0,0,0,0,0,0,0,0,1,0,1
2019-20,33,Tamilnadu,3304,VELLORE,330421,THIRUPATTUR,1,"Department of Education",1,"PS (I-V)",4,Graduate,6,None,0,0,0,0,0,1,0,0,0,0,0,0,0,0,0,0,0,0,1,0,1
2019-20,33,Tamilnadu,3304,VELLORE,330409,"VELLORE RURAL",1,"Department of Education",2,"UPS (I-VIII)",4,Graduate,6,None,0,0,0,0,0,0,0,0,0,1,0,0,0,0,0,0,0,0,1,0,1
2019-20,33,Tamilnadu,3304,VELLORE,330415,GUDIYATHAM,1,"Department of Education",3,"HSS (I-XII)",4,Graduate,6,None,0,0,0,0,0,0,0,0,0,1,0,0,0,0,0,0,0,0,1,0,1
2019-20,33,Tamilnadu,3304,VELLORE,330401,ARAKKONAM,1,"Department of Education",5,"HSS (VI-XII)",4,Graduate,6,None,0,0,0,0,0,0,0,0,1,3,0,0,0,0,0,0,0,0,4,1,3
2019-20,33,Tamilnadu,3304,VELLORE,330402,NEMILI,1,"Department of Education",5,"HSS (VI-XII)",4,Graduate,6,None,0,0,0,0,0,0,0,0,1,1,0,0,0,0,0,0,1,0,3,2,1
2019-20,33,Tamilnadu,3304,VELLORE,330403,KAVERIPAKKAM,1,"Department of Education",5,"HSS (VI-XII)",4,Graduate,6,None,0,0,0,0,0,0,0,0,1,0,0,0,0,0,0,0,0,0,1,1,0
2019-20,33,Tamilnadu,3304,VELLORE,330404,SHOLINGAR,1,"Department of Education",5,"HSS (VI-XII)",4,Graduate,6,None,0,0,0,0,0,0,0,0,0,1,0,1,0,0,0,0,0,1,3,0,3
2019-20,33,Tamilnadu,3304,VELLORE,330405,"WALAJA WEST",1,"Department of Education",5,"HSS (VI-XII)",4,Graduate,6,None,0,0,0,0,0,0,0,0,2,1,0,0,0,0,1,0,0,0,4,3,1
2019-20,33,Tamilnadu,3304,VELLORE,330406,"WALAJA EAST",1,"Department of Education",5,"HSS (VI-XII)",4,Graduate,6,None,0,0,0,0,0,0,0,0,0,0,1,0,1,2,0,0,0,0,4,2,2
2019-20,33,Tamilnadu,3304,VELLORE,330407,TIMIRI,1,"Department of Education",5,"HSS (VI-XII)",4,Graduate,6,None,0,0,0,0,0,0,0,0,0,0,0,0,0,1,0,0,0,0,1,0,1
2019-20,33,Tamilnadu,3304,VELLORE,330408,ARCOT,1,"Department of Education",5,"HSS (VI-XII)",4,Graduate,6,None,0,0,0,0,0,0,0,0,0,2,0,0,0,0,0,0,1,0,3,1,2
2019-20,33,Tamilnadu,3304,VELLORE,330409,"VELLORE RURAL",1,"Department of Education",5,"HSS (VI-XII)",4,Graduate,6,None,0,0,0,0,0,0,0,0,1,0,0,0,0,0,0,0,0,0,1,1,0
2019-20,33,Tamilnadu,3304,VELLORE,330411,KANIYAMBADI,1,"Department of Education",5,"HSS (VI-XII)",4,Graduate,6,None,0,0,0,0,0,0,0,0,1,0,0,0,0,0,0,0,0,0,1,1,0
2019-20,33,Tamilnadu,3304,VELLORE,330412,ANAICUT,1,"Department of Education",5,"HSS (VI-XII)",4,Graduate,6,None,0,0,0,0,0,0,0,0,0,1,0,0,0,0,0,0,1,0,2,1,1
2019-20,33,Tamilnadu,3304,VELLORE,330413,KATPADI,1,"Department of Education",5,"HSS (VI-XII)",4,Graduate,6,None,0,0,0,0,0,0,0,0,0,5,0,0,0,0,0,0,1,0,6,1,5
2019-20,33,Tamilnadu,3304,VELLORE,330414,K.V.KUPPAM,1,"Department of Education",5,"HSS (VI-XII)",4,Graduate,6,None,0,0,0,0,0,0,0,0,0,1,0,0,1,0,0,0,0,0,2,1,1
2019-20,33,Tamilnadu,3304,VELLORE,330415,GUDIYATHAM,1,"Department of Education",5,"HSS (VI-XII)",4,Graduate,6,None,0,0,0,0,0,0,0,0,0,1,0,0,0,0,0,0,0,0,1,0,1
2019-20,33,Tamilnadu,3304,VELLORE,330416,PERNAMBUT,1,"Department of Education",5,"HSS (VI-XII)",4,Graduate,6,None,0,0,0,0,0,0,0,0,0,1,0,1,0,0,0,0,0,0,2,0,2
2019-20,33,Tamilnadu,3304,VELLORE,330417,MADHANUR,1,"Department of Education",5,"HSS (VI-XII)",4,Graduate,6,None,0,0,0,0,0,0,0,0,0,1,0,0,0,0,0,0,0,0,1,0,1
2019-20,33,Tamilnadu,3304,VELLORE,330419,NATRAMPALLI,1,"Department of Education",5,"HSS (VI-XII)",4,Graduate,6,None,0,0,0,0,0,0,0,0,0,0,0,0,0,0,1,0,0,0,1,1,0
2019-20,33,Tamilnadu,3304,VELLORE,330420,JOLARPET,1,"Department of Education",5,"HSS (VI-XII)",4,Graduate,6,None,0,0,0,0,0,0,0,0,1,0,1,0,0,0,0,0,0,0,2,2,0
2019-20,33,Tamilnadu,3304,VELLORE,330421,THIRUPATTUR,1,"Department of Education",5,"HSS (VI-XII)",4,Graduate,6,None,0,0,0,0,0,0,0,0,0,1,0,0,0,0,0,0,0,0,1,0,1
2019-20,33,Tamilnadu,3304,VELLORE,330422,KANDHILI,1,"Department of Education",5,"HSS (VI-XII)",4,Graduate,6,None,0,0,0,0,0,0,0,0,0,1,0,0,0,0,0,0,0,0,1,0,1
2019-20,33,Tamilnadu,3304,VELLORE,330402,NEMILI,1,"Department of Education",7,"SS (VI-X)",4,Graduate,6,None,0,0,0,0,0,0,0,0,1,0,0,0,0,0,0,0,0,0,1,1,0
2019-20,33,Tamilnadu,3304,VELLORE,330403,KAVERIPAKKAM,1,"Department of Education",7,"SS (VI-X)",4,Graduate,6,None,0,0,0,0,0,0,0,0,0,0,0,1,0,0,0,0,0,0,1,0,1
2019-20,33,Tamilnadu,3304,VELLORE,330404,SHOLINGAR,1,"Department of Education",7,"SS (VI-X)",4,Graduate,6,None,0,0,0,0,0,0,0,0,0,0,0,0,1,0,0,0,0,0,1,1,0
2019-20,33,Tamilnadu,3304,VELLORE,330405,"WALAJA WEST",1,"Department of Education",7,"SS (VI-X)",4,Graduate,6,None,0,0,0,0,0,0,0,0,1,0,0,0,0,0,0,0,0,0,1,1,0
2019-20,33,Tamilnadu,3304,VELLORE,330409,"VELLORE RURAL",1,"Department of Education",7,"SS (VI-X)",4,Graduate,6,None,0,0,0,0,0,0,0,0,2,1,1,0,0,0,0,0,0,0,4,3,1
2019-20,33,Tamilnadu,3304,VELLORE,330411,KANIYAMBADI,1,"Department of Education",7,"SS (VI-X)",4,Graduate,6,None,0,0,0,0,0,0,0,0,1,0,0,0,0,0,0,0,0,0,1,1,0
2019-20,33,Tamilnadu,3304,VELLORE,330412,ANAICUT,1,"Department of Education",7,"SS (VI-X)",4,Graduate,6,None,0,0,0,0,0,0,0,0,1,1,0,1,0,0,0,0,0,0,3,1,2
2019-20,33,Tamilnadu,3304,VELLORE,330414,K.V.KUPPAM,1,"Department of Education",7,"SS (VI-X)",4,Graduate,6,None,0,0,0,0,0,0,0,0,0,1,0,0,0,0,0,0,0,0,1,0,1
2019-20,33,Tamilnadu,3304,VELLORE,330415,GUDIYATHAM,1,"Department of Education",7,"SS (VI-X)",4,Graduate,6,None,0,0,0,0,0,0,0,0,0,1,0,0,0,0,0,0,0,0,1,0,1
2019-20,33,Tamilnadu,3304,VELLORE,330416,PERNAMBUT,1,"Department of Education",7,"SS (VI-X)",4,Graduate,6,None,0,0,0,0,0,0,0,0,0,0,0,0,0,1,0,0,0,0,1,0,1
2019-20,33,Tamilnadu,3304,VELLORE,330417,MADHANUR,1,"Department of Education",7,"SS (VI-X)",4,Graduate,6,None,0,0,0,0,0,0,0,0,0,1,0,0,1,0,0,0,0,0,2,1,1
2019-20,33,Tamilnadu,3304,VELLORE,330418,ALANGAYAM,1,"Department of Education",7,"SS (VI-X)",4,Graduate,6,None,0,0,0,0,0,0,0,0,0,0,0,1,1,0,0,0,0,0,2,1,1
2019-20,33,Tamilnadu,3304,VELLORE,330420,JOLARPET,1,"Department of Education",7,"SS (VI-X)",4,Graduate,6,None,0,0,0,0,0,0,0,0,0,1,0,0,0,0,0,0,0,0,1,0,1
2019-20,33,Tamilnadu,3304,VELLORE,330401,ARAKKONAM,1,"Department of Education",5,"HSS (VI-XII)",5,"Post graduate",3,"B.Ed. or equivalent",0,0,0,0,0,0,0,0,3,9,12,16,4,8,6,3,13,12,86,38,48
2019-20,33,Tamilnadu,3304,VELLORE,330402,NEMILI,1,"Department of Education",5,"HSS (VI-XII)",5,"Post graduate",3,"B.Ed. or equivalent",0,0,0,0,0,0,0,0,3,10,27,38,8,12,8,5,16,23,150,62,88
2019-20,33,Tamilnadu,3304,VELLORE,330403,KAVERIPAKKAM,1,"Department of Education",5,"HSS (VI-XII)",5,"Post graduate",3,"B.Ed. or equivalent",0,0,0,0,0,0,0,0,4,14,4,23,9,21,8,6,15,14,118,40,78
2019-20,33,Tamilnadu,3304,VELLORE,330404,SHOLINGAR,1,"Department of Education",5,"HSS (VI-XII)",5,"Post graduate",3,"B.Ed. or equivalent",0,0,0,0,0,0,0,0,0,10,24,36,6,10,5,2,23,17,133,58,75
2019-20,33,Tamilnadu,3304,VELLORE,330405,"WALAJA WEST",1,"Department of Education",5,"HSS (VI-XII)",5,"Post graduate",3,"B.Ed. or equivalent",0,0,0,0,0,0,0,0,1,8,11,18,7,14,2,4,12,8,85,33,52
2019-20,33,Tamilnadu,3304,VELLORE,330406,"WALAJA EAST",1,"Department of Education",5,"HSS (VI-XII)",5,"Post graduate",3,"B.Ed. or equivalent",0,0,0,0,0,0,0,0,1,8,4,30,9,26,3,3,14,13,111,31,80
2019-20,33,Tamilnadu,3304,VELLORE,330407,TIMIRI,1,"Department of Education",5,"HSS (VI-XII)",5,"Post graduate",3,"B.Ed. or equivalent",0,0,0,0,0,0,0,0,7,9,15,37,16,18,5,9,16,20,152,59,93
2019-20,33,Tamilnadu,3304,VELLORE,330408,ARCOT,1,"Department of Education",5,"HSS (VI-XII)",5,"Post graduate",3,"B.Ed. or equivalent",0,0,0,0,0,0,0,0,3,2,5,10,6,3,6,7,2,4,48,22,26
2019-20,33,Tamilnadu,3304,VELLORE,330409,"VELLORE RURAL",1,"Department of Education",5,"HSS (VI-XII)",5,"Post graduate",3,"B.Ed. or equivalent",0,0,0,0,0,0,0,0,0,6,3,18,5,17,5,6,7,8,75,20,55
2019-20,33,Tamilnadu,3304,VELLORE,330410,"VELLORE URBAN",1,"Department of Education",5,"HSS (VI-XII)",5,"Post graduate",3,"B.Ed. or equivalent",0,0,0,0,0,0,0,0,0,3,3,20,1,2,0,6,2,8,45,6,39
2019-20,33,Tamilnadu,3304,VELLORE,330411,KANIYAMBADI,1,"Department of Education",5,"HSS (VI-XII)",5,"Post graduate",3,"B.Ed. or equivalent",0,0,0,0,0,0,0,0,2,5,11,13,9,14,1,5,14,9,83,37,46
2019-20,33,Tamilnadu,3304,VELLORE,330412,ANAICUT,1,"Department of Education",5,"HSS (VI-XII)",5,"Post graduate",3,"B.Ed. or equivalent",0,0,0,0,0,0,0,0,8,8,13,28,18,29,5,6,18,9,142,62,80
2019-20,33,Tamilnadu,3304,VELLORE,330413,KATPADI,1,"Department of Education",5,"HSS (VI-XII)",5,"Post graduate",3,"B.Ed. or equivalent",0,0,0,0,0,0,0,0,5,14,8,28,7,28,1,4,19,18,132,40,92
2019-20,33,Tamilnadu,3304,VELLORE,330414,K.V.KUPPAM,1,"Department of Education",5,"HSS (VI-XII)",5,"Post graduate",3,"B.Ed. or equivalent",0,0,0,0,0,0,0,0,2,6,10,41,8,8,7,7,8,9,106,35,71
2019-20,33,Tamilnadu,3304,VELLORE,330415,GUDIYATHAM,1,"Department of Education",5,"HSS (VI-XII)",5,"Post graduate",3,"B.Ed. or equivalent",0,0,0,0,0,0,0,0,5,8,25,44,14,6,8,5,11,12,138,63,75
2019-20,33,Tamilnadu,3304,VELLORE,330416,PERNAMBUT,1,"Department of Education",5,"HSS (VI-XII)",5,"Post graduate",3,"B.Ed. or equivalent",0,0,0,0,0,0,0,0,2,6,11,25,12,19,4,1,7,16,103,36,67
2019-20,33,Tamilnadu,3304,VELLORE,330417,MADHANUR,1,"Department of Education",5,"HSS (VI-XII)",5,"Post graduate",3,"B.Ed. or equivalent",0,0,0,0,0,0,0,0,0,1,1,6,7,3,0,0,4,5,27,12,15
2019-20,33,Tamilnadu,3304,VELLORE,330418,ALANGAYAM,1,"Department of Education",5,"HSS (VI-XII)",5,"Post graduate",3,"B.Ed. or equivalent",0,0,0,0,0,0,0,0,3,6,11,30,7,11,3,1,7,8,87,31,56
2019-20,33,Tamilnadu,3304,VELLORE,330419,NATRAMPALLI,1,"Department of Education",5,"HSS (VI-XII)",5,"Post graduate",3,"B.Ed. or equivalent",0,0,0,0,0,0,0,0,0,4,13,11,13,13,4,1,16,8,83,46,37
2019-20,33,Tamilnadu,3304,VELLORE,330420,JOLARPET,1,"Department of Education",5,"HSS (VI-XII)",5,"Post graduate",3,"B.Ed. or equivalent",0,0,0,0,0,0,0,0,3,9,15,29,4,21,7,3,21,21,133,50,83
2019-20,33,Tamilnadu,3304,VELLORE,330401,ARAKKONAM,1,"Department of Education",1,"PS (I-V)",5,"Post graduate",1,"Diploma or certificate in basic teachers training of a duration not less than two years",0,0,0,0,2,4,0,0,0,0,0,0,0,0,0,0,0,0,6,2,4
2019-20,33,Tamilnadu,3304,VELLORE,330402,NEMILI,1,"Department of Education",1,"PS (I-V)",5,"Post graduate",1,"Diploma or certificate in basic teachers training of a duration not less than two years",0,0,0,0,6,3,0,0,0,0,0,0,0,0,0,0,0,0,9,6,3
2019-20,33,Tamilnadu,3304,VELLORE,330403,KAVERIPAKKAM,1,"Department of Education",1,"PS (I-V)",5,"Post graduate",1,"Diploma or certificate in basic teachers training of a duration not less than two years",0,0,0,0,5,26,0,0,0,0,0,0,0,0,0,0,0,0,31,5,26
2019-20,33,Tamilnadu,3304,VELLORE,330404,SHOLINGAR,1,"Department of Education",1,"PS (I-V)",5,"Post graduate",1,"Diploma or certificate in basic teachers training of a duration not less than two years",0,0,0,0,4,17,0,0,0,0,0,0,0,0,0,0,0,0,21,4,17
2019-20,33,Tamilnadu,3304,VELLORE,330405,"WALAJA WEST",1,"Department of Education",1,"PS (I-V)",5,"Post graduate",1,"Diploma or certificate in basic teachers training of a duration not less than two years",0,0,0,0,1,15,0,0,0,0,0,0,0,0,0,0,0,0,16,1,15
2019-20,33,Tamilnadu,3304,VELLORE,330407,TIMIRI,1,"Department of Education",1,"PS (I-V)",5,"Post graduate",1,"Diploma or certificate in basic teachers training of a duration not less than two years",0,0,0,0,4,14,0,0,0,0,0,0,0,0,0,0,0,0,18,4,14
2019-20,33,Tamilnadu,3304,VELLORE,330408,ARCOT,1,"Department of Education",1,"PS (I-V)",5,"Post graduate",1,"Diploma or certificate in basic teachers training of a duration not less than two years",0,0,0,0,2,10,0,0,0,0,0,0,0,0,0,0,0,0,12,2,10
2019-20,33,Tamilnadu,3304,VELLORE,330409,"VELLORE RURAL",1,"Department of Education",1,"PS (I-V)",5,"Post graduate",1,"Diploma or certificate in basic teachers training of a duration not less than two years",0,0,0,0,1,23,0,0,0,0,0,0,0,0,0,0,0,0,24,1,23
2019-20,33,Tamilnadu,3304,VELLORE,330410,"VELLORE URBAN",1,"Department of Education",1,"PS (I-V)",5,"Post graduate",1,"Diploma or certificate in basic teachers training of a duration not less than two years",0,0,0,0,0,1,0,0,0,0,0,0,0,0,0,0,0,0,1,0,1
2019-20,33,Tamilnadu,3304,VELLORE,330411,KANIYAMBADI,1,"Department of Education",1,"PS (I-V)",5,"Post graduate",1,"Diploma or certificate in basic teachers training of a duration not less than two years",0,0,0,0,0,19,0,0,0,0,0,0,0,0,0,0,0,0,19,0,19
2019-20,33,Tamilnadu,3304,VELLORE,330412,ANAICUT,1,"Department of Education",1,"PS (I-V)",5,"Post graduate",1,"Diploma or certificate in basic teachers training of a duration not less than two years",0,0,0,0,3,24,0,0,0,0,0,0,0,0,0,0,0,0,27,3,24
2019-20,33,Tamilnadu,3304,VELLORE,330413,KATPADI,1,"Department of Education",1,"PS (I-V)",5,"Post graduate",1,"Diploma or certificate in basic teachers training of a duration not less than two years",0,0,0,0,2,19,0,0,0,0,0,0,0,0,0,0,0,0,21,2,19
2019-20,33,Tamilnadu,3304,VELLORE,330414,K.V.KUPPAM,1,"Department of Education",1,"PS (I-V)",5,"Post graduate",1,"Diploma or certificate in basic teachers training of a duration not less than two years",0,0,0,0,3,14,0,0,0,0,0,0,0,0,0,0,0,0,17,3,14
2019-20,33,Tamilnadu,3304,VELLORE,330415,GUDIYATHAM,1,"Department of Education",1,"PS (I-V)",5,"Post graduate",1,"Diploma or certificate in basic teachers training of a duration not less than two years",0,0,0,0,4,10,0,0,0,0,0,0,0,0,0,0,0,0,14,4,10
2019-20,33,Tamilnadu,3304,VELLORE,330416,PERNAMBUT,1,"Department of Education",1,"PS (I-V)",5,"Post graduate",1,"Diploma or certificate in basic teachers training of a duration not less than two years",0,0,0,0,10,21,0,0,0,0,0,0,0,0,0,0,0,0,31,10,21
2019-20,33,Tamilnadu,3304,VELLORE,330417,MADHANUR,1,"Department of Education",1,"PS (I-V)",5,"Post graduate",1,"Diploma or certificate in basic teachers training of a duration not less than two years",0,0,0,0,3,4,0,0,0,0,0,0,0,0,0,0,0,0,7,3,4
2019-20,33,Tamilnadu,3304,VELLORE,330418,ALANGAYAM,1,"Department of Education",1,"PS (I-V)",5,"Post graduate",1,"Diploma or certificate in basic teachers training of a duration not less than two years",0,0,0,0,3,10,0,0,0,0,0,0,0,0,0,0,0,0,13,3,10
2019-20,33,Tamilnadu,3304,VELLORE,330419,NATRAMPALLI,1,"Department of Education",1,"PS (I-V)",5,"Post graduate",1,"Diploma or certificate in basic teachers training of a duration not less than two years",0,0,0,0,3,2,0,0,0,0,0,0,0,0,0,0,0,0,5,3,2
2019-20,33,Tamilnadu,3304,VELLORE,330420,JOLARPET,1,"Department of Education",1,"PS (I-V)",5,"Post graduate",1,"Diploma or certificate in basic teachers training of a duration not less than two years",0,0,0,0,11,30,0,0,0,0,0,0,0,0,0,0,0,0,41,11,30
2019-20,33,Tamilnadu,3304,VELLORE,330421,THIRUPATTUR,1,"Department of Education",1,"PS (I-V)",5,"Post graduate",1,"Diploma or certificate in basic teachers training of a duration not less than two years",0,0,0,0,2,11,0,0,0,0,0,0,0,0,0,0,0,0,13,2,11
2019-20,33,Tamilnadu,3304,VELLORE,330422,KANDHILI,1,"Department of Education",1,"PS (I-V)",5,"Post graduate",1,"Diploma or certificate in basic teachers training of a duration not less than two years",0,0,0,0,6,14,0,0,0,0,0,0,0,0,0,0,0,0,20,6,14
2019-20,33,Tamilnadu,3304,VELLORE,330421,THIRUPATTUR,1,"Department of Education",5,"HSS (VI-XII)",5,"Post graduate",3,"B.Ed. or equivalent",0,0,0,0,0,0,0,0,4,7,14,17,11,20,2,2,19,25,121,50,71
2019-20,33,Tamilnadu,3304,VELLORE,330422,KANDHILI,1,"Department of Education",5,"HSS (VI-XII)",5,"Post graduate",3,"B.Ed. or equivalent",0,0,0,0,0,0,0,0,3,10,18,24,12,17,6,2,17,10,119,56,63
2019-20,33,Tamilnadu,3304,VELLORE,330401,ARAKKONAM,24,"Private Unaided (Recognized)",1,"PS (I-V)",4,Graduate,5,Others,0,0,0,2,0,8,0,0,0,0,0,0,0,0,0,0,0,0,10,0,10
2019-20,33,Tamilnadu,3304,VELLORE,330402,NEMILI,24,"Private Unaided (Recognized)",1,"PS (I-V)",4,Graduate,5,Others,0,0,0,1,0,5,0,0,0,0,0,0,0,0,0,0,0,0,6,0,6
2019-20,33,Tamilnadu,3304,VELLORE,330403,KAVERIPAKKAM,24,"Private Unaided (Recognized)",1,"PS (I-V)",4,Graduate,5,Others,0,0,0,0,0,2,0,0,0,0,0,0,0,0,0,0,0,0,2,0,2
2019-20,33,Tamilnadu,3304,VELLORE,330404,SHOLINGAR,24,"Private Unaided (Recognized)",1,"PS (I-V)",4,Graduate,5,Others,0,1,0,1,1,7,0,0,0,0,0,0,0,0,0,0,0,0,10,1,9
2019-20,33,Tamilnadu,3304,VELLORE,330405,"WALAJA WEST",24,"Private Unaided (Recognized)",1,"PS (I-V)",4,Graduate,5,Others,0,0,0,1,0,2,0,0,0,0,0,0,0,0,0,0,0,0,3,0,3
2019-20,33,Tamilnadu,3304,VELLORE,330401,ARAKKONAM,1,"Department of Education",2,"UPS (I-VIII)",5,"Post graduate",1,"Diploma or certificate in basic teachers training of a duration not less than two years",0,0,0,0,2,3,0,0,0,0,0,0,0,0,0,0,0,0,5,2,3
2019-20,33,Tamilnadu,3304,VELLORE,330402,NEMILI,1,"Department of Education",2,"UPS (I-VIII)",5,"Post graduate",1,"Diploma or certificate in basic teachers training of a duration not less than two years",0,0,0,0,3,3,0,0,0,0,0,0,0,0,0,0,0,0,6,3,3
2019-20,33,Tamilnadu,3304,VELLORE,330403,KAVERIPAKKAM,1,"Department of Education",2,"UPS (I-VIII)",5,"Post graduate",1,"Diploma or certificate in basic teachers training of a duration not less than two years",0,0,0,0,6,7,0,0,0,0,0,0,0,0,0,0,0,0,13,6,7
2019-20,33,Tamilnadu,3304,VELLORE,330404,SHOLINGAR,1,"Department of Education",2,"UPS (I-VIII)",5,"Post graduate",1,"Diploma or certificate in basic teachers training of a duration not less than two years",0,0,0,0,0,5,0,0,0,0,0,0,0,0,0,0,0,0,5,0,5
2019-20,33,Tamilnadu,3304,VELLORE,330405,"WALAJA WEST",1,"Department of Education",2,"UPS (I-VIII)",5,"Post graduate",1,"Diploma or certificate in basic teachers training of a duration not less than two years",0,0,0,0,0,2,0,0,0,0,0,0,0,0,0,0,0,0,2,0,2
2019-20,33,Tamilnadu,3304,VELLORE,330406,"WALAJA EAST",1,"Department of Education",2,"UPS (I-VIII)",5,"Post graduate",1,"Diploma or certificate in basic teachers training of a duration not less than two years",0,0,0,0,0,3,0,0,0,0,0,0,0,0,0,0,0,0,3,0,3
2019-20,33,Tamilnadu,3304,VELLORE,330407,TIMIRI,1,"Department of Education",2,"UPS (I-VIII)",5,"Post graduate",1,"Diploma or certificate in basic teachers training of a duration not less than two years",0,0,0,0,5,4,0,0,0,0,0,0,0,0,0,0,0,0,9,5,4
2019-20,33,Tamilnadu,3304,VELLORE,330408,ARCOT,1,"Department of Education",2,"UPS (I-VIII)",5,"Post graduate",1,"Diploma or certificate in basic teachers training of a duration not less than two years",0,0,0,0,1,2,0,0,0,0,0,0,0,0,0,0,0,0,3,1,2
2019-20,33,Tamilnadu,3304,VELLORE,330409,"VELLORE RURAL",1,"Department of Education",2,"UPS (I-VIII)",5,"Post graduate",1,"Diploma or certificate in basic teachers training of a duration not less than two years",0,0,0,0,1,4,0,0,0,0,0,0,0,0,0,0,0,0,5,1,4
2019-20,33,Tamilnadu,3304,VELLORE,330411,KANIYAMBADI,1,"Department of Education",2,"UPS (I-VIII)",5,"Post graduate",1,"Diploma or certificate in basic teachers training of a duration not less than two years",0,0,0,0,0,17,0,0,0,0,0,0,0,0,0,0,0,0,17,0,17
2019-20,33,Tamilnadu,3304,VELLORE,330412,ANAICUT,1,"Department of Education",2,"UPS (I-VIII)",5,"Post graduate",1,"Diploma or certificate in basic teachers training of a duration not less than two years",0,0,0,0,6,11,0,0,0,0,0,0,0,0,0,0,0,0,17,6,11
2019-20,33,Tamilnadu,3304,VELLORE,330413,KATPADI,1,"Department of Education",2,"UPS (I-VIII)",5,"Post graduate",1,"Diploma or certificate in basic teachers training of a duration not less than two years",0,0,0,0,0,3,0,0,0,0,0,0,0,0,0,0,0,0,3,0,3
2019-20,33,Tamilnadu,3304,VELLORE,330414,K.V.KUPPAM,1,"Department of Education",2,"UPS (I-VIII)",5,"Post graduate",1,"Diploma or certificate in basic teachers training of a duration not less than two years",0,0,0,0,0,7,0,0,0,0,0,0,0,0,0,0,0,0,7,0,7
2019-20,33,Tamilnadu,3304,VELLORE,330415,GUDIYATHAM,1,"Department of Education",2,"UPS (I-VIII)",5,"Post graduate",1,"Diploma or certificate in basic teachers training of a duration not less than two years",0,0,0,0,3,18,0,0,0,0,0,0,0,0,0,0,0,0,21,3,18
2019-20,33,Tamilnadu,3304,VELLORE,330416,PERNAMBUT,1,"Department of Education",2,"UPS (I-VIII)",5,"Post graduate",1,"Diploma or certificate in basic teachers training of a duration not less than two years",0,0,0,0,2,5,0,0,0,0,0,0,0,0,0,0,0,0,7,2,5
2019-20,33,Tamilnadu,3304,VELLORE,330417,MADHANUR,1,"Department of Education",2,"UPS (I-VIII)",5,"Post graduate",1,"Diploma or certificate in basic teachers training of a duration not less than two years",0,0,0,0,0,1,0,0,0,0,0,0,0,0,0,0,0,0,1,0,1
2019-20,33,Tamilnadu,3304,VELLORE,330418,ALANGAYAM,1,"Department of Education",2,"UPS (I-VIII)",5,"Post graduate",1,"Diploma or certificate in basic teachers training of a duration not less than two years",0,0,0,0,1,6,0,0,0,0,0,0,0,0,0,0,0,0,7,1,6
2019-20,33,Tamilnadu,3304,VELLORE,330419,NATRAMPALLI,1,"Department of Education",2,"UPS (I-VIII)",5,"Post graduate",1,"Diploma or certificate in basic teachers training of a duration not less than two years",0,0,0,0,0,2,0,0,0,0,0,0,0,0,0,0,0,0,2,0,2
2019-20,33,Tamilnadu,3304,VELLORE,330420,JOLARPET,1,"Department of Education",2,"UPS (I-VIII)",5,"Post graduate",1,"Diploma or certificate in basic teachers training of a duration not less than two years",0,0,0,0,3,12,0,0,0,0,0,0,0,0,0,0,0,0,15,3,12
2019-20,33,Tamilnadu,3304,VELLORE,330421,THIRUPATTUR,1,"Department of Education",2,"UPS (I-VIII)",5,"Post graduate",1,"Diploma or certificate in basic teachers training of a duration not less than two years",0,0,0,0,2,4,0,0,0,0,0,0,0,0,0,0,0,0,6,2,4
2019-20,33,Tamilnadu,3304,VELLORE,330422,KANDHILI,1,"Department of Education",2,"UPS (I-VIII)",5,"Post graduate",1,"Diploma or certificate in basic teachers training of a duration not less than two years",0,0,0,0,1,5,0,0,0,0,0,0,0,0,0,0,0,0,6,1,5
2019-20,33,Tamilnadu,3304,VELLORE,330406,"WALAJA EAST",24,"Private Unaided (Recognized)",1,"PS (I-V)",4,Graduate,5,Others,0,0,0,1,0,13,0,0,0,0,0,0,0,0,0,0,0,0,14,0,14
2019-20,33,Tamilnadu,3304,VELLORE,330407,TIMIRI,24,"Private Unaided (Recognized)",1,"PS (I-V)",4,Graduate,5,Others,0,0,1,0,0,1,0,0,0,0,0,0,0,0,0,0,0,0,2,1,1
2019-20,33,Tamilnadu,3304,VELLORE,330408,ARCOT,24,"Private Unaided (Recognized)",1,"PS (I-V)",4,Graduate,5,Others,0,0,0,1,1,15,0,0,0,0,0,0,0,0,0,0,0,0,17,1,16
2019-20,33,Tamilnadu,3304,VELLORE,330409,"VELLORE RURAL",24,"Private Unaided (Recognized)",1,"PS (I-V)",4,Graduate,5,Others,0,0,0,1,1,14,0,0,0,0,0,0,0,0,0,0,0,0,16,1,15
2019-20,33,Tamilnadu,3304,VELLORE,330410,"VELLORE URBAN",24,"Private Unaided (Recognized)",1,"PS (I-V)",4,Graduate,5,Others,0,1,0,0,0,40,0,0,0,0,0,0,0,0,0,0,0,0,41,0,41
2019-20,33,Tamilnadu,3304,VELLORE,330411,KANIYAMBADI,24,"Private Unaided (Recognized)",1,"PS (I-V)",4,Graduate,5,Others,0,1,0,1,1,17,0,0,0,0,0,0,0,0,0,0,0,0,20,1,19
2019-20,33,Tamilnadu,3304,VELLORE,330412,ANAICUT,24,"Private Unaided (Recognized)",1,"PS (I-V)",4,Graduate,5,Others,0,3,0,0,3,13,0,0,0,0,0,0,0,0,0,0,0,0,19,3,16
2019-20,33,Tamilnadu,3304,VELLORE,330412,ANAICUT,1,"Department of Education",5,"HSS (VI-XII)",5,"Post graduate",1,"Diploma or certificate in basic teachers training of a duration not less than two years",0,0,0,0,0,0,0,0,0,1,0,0,0,0,0,0,0,0,1,0,1
2019-20,33,Tamilnadu,3304,VELLORE,330413,KATPADI,1,"Department of Education",5,"HSS (VI-XII)",5,"Post graduate",1,"Diploma or certificate in basic teachers training of a duration not less than two years",0,0,0,0,0,0,0,0,0,1,0,0,0,0,0,0,0,0,1,0,1
2019-20,33,Tamilnadu,3304,VELLORE,330415,GUDIYATHAM,1,"Department of Education",5,"HSS (VI-XII)",5,"Post graduate",1,"Diploma or certificate in basic teachers training of a duration not less than two years",0,0,0,0,0,0,0,0,1,0,0,0,0,0,0,0,0,0,1,1,0
2019-20,33,Tamilnadu,3304,VELLORE,330420,JOLARPET,1,"Department of Education",5,"HSS (VI-XII)",5,"Post graduate",1,"Diploma or certificate in basic teachers training of a duration not less than two years",0,0,0,0,0,0,0,0,0,1,0,0,0,0,0,0,0,0,1,0,1
2019-20,33,Tamilnadu,3304,VELLORE,330421,THIRUPATTUR,1,"Department of Education",5,"HSS (VI-XII)",5,"Post graduate",1,"Diploma or certificate in basic teachers training of a duration not less than two years",0,0,0,0,0,0,0,0,1,0,0,0,0,0,0,0,0,0,1,1,0
2019-20,33,Tamilnadu,3304,VELLORE,330401,ARAKKONAM,1,"Department of Education",1,"PS (I-V)",5,"Post graduate",3,"B.Ed. or equivalent",0,0,0,0,14,36,0,0,0,0,0,0,0,0,0,0,0,0,50,14,36
2019-20,33,Tamilnadu,3304,VELLORE,330402,NEMILI,1,"Department of Education",1,"PS (I-V)",5,"Post graduate",3,"B.Ed. or equivalent",0,0,0,0,26,66,0,0,0,0,0,0,0,0,0,0,0,0,92,26,66
2019-20,33,Tamilnadu,3304,VELLORE,330403,KAVERIPAKKAM,1,"Department of Education",1,"PS (I-V)",5,"Post graduate",3,"B.Ed. or equivalent",0,0,0,0,32,73,0,0,0,0,0,0,0,0,0,0,0,0,105,32,73
2019-20,33,Tamilnadu,3304,VELLORE,330404,SHOLINGAR,1,"Department of Education",1,"PS (I-V)",5,"Post graduate",3,"B.Ed. or equivalent",0,0,0,0,22,72,0,0,0,0,0,0,0,0,0,0,0,0,94,22,72
2019-20,33,Tamilnadu,3304,VELLORE,330405,"WALAJA WEST",1,"Department of Education",1,"PS (I-V)",5,"Post graduate",3,"B.Ed. or equivalent",0,0,0,0,5,61,0,0,0,0,0,0,0,0,0,0,0,0,66,5,61
2019-20,33,Tamilnadu,3304,VELLORE,330406,"WALAJA EAST",1,"Department of Education",1,"PS (I-V)",5,"Post graduate",3,"B.Ed. or equivalent",0,0,0,0,0,1,0,0,0,0,0,0,0,0,0,0,0,0,1,0,1
2019-20,33,Tamilnadu,3304,VELLORE,330407,TIMIRI,1,"Department of Education",1,"PS (I-V)",5,"Post graduate",3,"B.Ed. or equivalent",0,0,0,0,24,58,0,0,0,0,0,0,0,0,0,0,0,0,82,24,58
2019-20,33,Tamilnadu,3304,VELLORE,330408,ARCOT,1,"Department of Education",1,"PS (I-V)",5,"Post graduate",3,"B.Ed. or equivalent",0,0,0,0,14,60,0,0,0,0,0,0,0,0,0,0,0,0,74,14,60
2019-20,33,Tamilnadu,3304,VELLORE,330409,"VELLORE RURAL",1,"Department of Education",1,"PS (I-V)",5,"Post graduate",3,"B.Ed. or equivalent",0,0,0,0,5,36,0,0,0,0,0,0,0,0,0,0,0,0,41,5,36
2019-20,33,Tamilnadu,3304,VELLORE,330411,KANIYAMBADI,1,"Department of Education",1,"PS (I-V)",5,"Post graduate",3,"B.Ed. or equivalent",0,0,0,0,3,20,0,0,0,0,0,0,0,0,0,0,0,0,23,3,20
2019-20,33,Tamilnadu,3304,VELLORE,330412,ANAICUT,1,"Department of Education",1,"PS (I-V)",5,"Post graduate",3,"B.Ed. or equivalent",0,0,0,0,14,58,0,0,0,0,0,0,0,0,0,0,0,0,72,14,58
2019-20,33,Tamilnadu,3304,VELLORE,330413,KATPADI,1,"Department of Education",1,"PS (I-V)",5,"Post graduate",3,"B.Ed. or equivalent",0,0,0,0,1,30,0,0,0,0,0,0,0,0,0,0,0,0,31,1,30
2019-20,33,Tamilnadu,3304,VELLORE,330414,K.V.KUPPAM,1,"Department of Education",1,"PS (I-V)",5,"Post graduate",3,"B.Ed. or equivalent",0,0,0,0,9,76,0,0,0,0,0,0,0,0,0,0,0,0,85,9,76
2019-20,33,Tamilnadu,3304,VELLORE,330415,GUDIYATHAM,1,"Department of Education",1,"PS (I-V)",5,"Post graduate",3,"B.Ed. or equivalent",0,0,0,0,20,89,0,0,0,0,0,0,0,0,0,0,0,0,109,20,89
2019-20,33,Tamilnadu,3304,VELLORE,330416,PERNAMBUT,1,"Department of Education",1,"PS (I-V)",5,"Post graduate",3,"B.Ed. or equivalent",0,0,0,0,36,35,0,0,0,0,0,0,0,0,0,0,0,0,71,36,35
2019-20,33,Tamilnadu,3304,VELLORE,330417,MADHANUR,1,"Department of Education",1,"PS (I-V)",5,"Post graduate",3,"B.Ed. or equivalent",0,0,0,0,15,37,0,0,0,0,0,0,0,0,0,0,0,0,52,15,37
2019-20,33,Tamilnadu,3304,VELLORE,330418,ALANGAYAM,1,"Department of Education",1,"PS (I-V)",5,"Post graduate",3,"B.Ed. or equivalent",0,0,0,0,17,40,0,0,0,0,0,0,0,0,0,0,0,0,57,17,40
2019-20,33,Tamilnadu,3304,VELLORE,330419,NATRAMPALLI,1,"Department of Education",1,"PS (I-V)",5,"Post graduate",3,"B.Ed. or equivalent",0,0,0,0,25,55,0,0,0,0,0,0,0,0,0,0,0,0,80,25,55
2019-20,33,Tamilnadu,3304,VELLORE,330420,JOLARPET,1,"Department of Education",1,"PS (I-V)",5,"Post graduate",3,"B.Ed. or equivalent",0,0,0,0,16,43,0,0,0,0,0,0,0,0,0,0,0,0,59,16,43
2019-20,33,Tamilnadu,3304,VELLORE,330421,THIRUPATTUR,1,"Department of Education",1,"PS (I-V)",5,"Post graduate",3,"B.Ed. or equivalent",0,0,0,0,16,49,0,0,0,0,0,0,0,0,0,0,0,0,65,16,49
2019-20,33,Tamilnadu,3304,VELLORE,330422,KANDHILI,1,"Department of Education",1,"PS (I-V)",5,"Post graduate",3,"B.Ed. or equivalent",0,0,0,0,27,53,0,0,0,0,0,0,0,0,0,0,0,0,80,27,53
2019-20,33,Tamilnadu,3304,VELLORE,330401,ARAKKONAM,1,"Department of Education",2,"UPS (I-VIII)",5,"Post graduate",3,"B.Ed. or equivalent",0,0,0,0,1,9,0,2,5,20,0,0,0,0,0,0,0,0,37,6,31
2019-20,33,Tamilnadu,3304,VELLORE,330402,NEMILI,1,"Department of Education",2,"UPS (I-VIII)",5,"Post graduate",3,"B.Ed. or equivalent",0,0,0,0,2,21,7,6,19,21,0,0,0,0,0,0,0,0,76,28,48
2019-20,33,Tamilnadu,3304,VELLORE,330403,KAVERIPAKKAM,1,"Department of Education",2,"UPS (I-VIII)",5,"Post graduate",3,"B.Ed. or equivalent",0,0,0,0,9,13,0,1,26,13,0,0,0,0,0,0,0,0,62,35,27
2019-20,33,Tamilnadu,3304,VELLORE,330404,SHOLINGAR,1,"Department of Education",2,"UPS (I-VIII)",5,"Post graduate",3,"B.Ed. or equivalent",0,0,0,0,6,20,0,3,27,27,0,0,0,0,0,0,0,0,83,33,50
2019-20,33,Tamilnadu,3304,VELLORE,330405,"WALAJA WEST",1,"Department of Education",2,"UPS (I-VIII)",5,"Post graduate",3,"B.Ed. or equivalent",0,0,0,0,4,21,0,0,4,30,0,0,0,0,0,0,0,0,59,8,51
2019-20,33,Tamilnadu,3304,VELLORE,330406,"WALAJA EAST",1,"Department of Education",2,"UPS (I-VIII)",5,"Post graduate",3,"B.Ed. or equivalent",0,0,0,0,0,2,0,0,0,3,0,0,0,0,0,0,0,0,5,0,5
2019-20,33,Tamilnadu,3304,VELLORE,330407,TIMIRI,1,"Department of Education",2,"UPS (I-VIII)",5,"Post graduate",3,"B.Ed. or equivalent",0,0,0,0,6,11,2,3,20,28,0,0,0,0,0,0,0,0,70,28,42
2019-20,33,Tamilnadu,3304,VELLORE,330408,ARCOT,1,"Department of Education",2,"UPS (I-VIII)",5,"Post graduate",3,"B.Ed. or equivalent",0,0,0,0,6,29,2,6,11,44,0,0,0,0,0,0,0,0,98,19,79
2019-20,33,Tamilnadu,3304,VELLORE,330409,"VELLORE RURAL",1,"Department of Education",2,"UPS (I-VIII)",5,"Post graduate",3,"B.Ed. or equivalent",0,0,0,0,1,27,0,0,10,27,0,0,0,0,0,0,0,0,65,11,54
2019-20,33,Tamilnadu,3304,VELLORE,330411,KANIYAMBADI,1,"Department of Education",2,"UPS (I-VIII)",5,"Post graduate",3,"B.Ed. or equivalent",0,0,0,0,1,8,1,2,10,42,0,0,0,0,0,0,0,0,64,12,52
2019-20,33,Tamilnadu,3304,VELLORE,330412,ANAICUT,1,"Department of Education",2,"UPS (I-VIII)",5,"Post graduate",3,"B.Ed. or equivalent",0,0,0,0,8,16,5,3,24,32,0,0,0,0,0,0,0,0,88,37,51
2019-20,33,Tamilnadu,3304,VELLORE,330413,KATPADI,1,"Department of Education",2,"UPS (I-VIII)",5,"Post graduate",3,"B.Ed. or equivalent",0,0,0,0,1,28,0,1,6,23,0,0,0,0,0,0,0,0,59,7,52
2019-20,33,Tamilnadu,3304,VELLORE,330414,K.V.KUPPAM,1,"Department of Education",2,"UPS (I-VIII)",5,"Post graduate",3,"B.Ed. or equivalent",0,0,0,0,2,15,2,0,6,26,0,0,0,0,0,0,0,0,51,10,41
2019-20,33,Tamilnadu,3304,VELLORE,330415,GUDIYATHAM,1,"Department of Education",2,"UPS (I-VIII)",5,"Post graduate",3,"B.Ed. or equivalent",0,0,0,0,3,19,1,6,28,45,0,0,0,0,0,0,0,0,102,32,70
2019-20,33,Tamilnadu,3304,VELLORE,330416,PERNAMBUT,1,"Department of Education",2,"UPS (I-VIII)",5,"Post graduate",3,"B.Ed. or equivalent",0,0,0,0,16,8,2,0,38,37,0,0,0,0,0,0,0,0,101,56,45
2019-20,33,Tamilnadu,3304,VELLORE,330417,MADHANUR,1,"Department of Education",2,"UPS (I-VIII)",5,"Post graduate",3,"B.Ed. or equivalent",0,0,0,0,3,5,1,0,5,18,0,0,0,0,0,0,0,0,32,9,23
2019-20,33,Tamilnadu,3304,VELLORE,330418,ALANGAYAM,1,"Department of Education",2,"UPS (I-VIII)",5,"Post graduate",3,"B.Ed. or equivalent",0,0,0,0,1,5,1,2,19,15,0,0,0,0,0,0,0,0,43,21,22
2019-20,33,Tamilnadu,3304,VELLORE,330419,NATRAMPALLI,1,"Department of Education",2,"UPS (I-VIII)",5,"Post graduate",3,"B.Ed. or equivalent",0,0,0,0,4,9,5,10,21,18,0,0,0,0,0,0,0,0,67,30,37
2019-20,33,Tamilnadu,3304,VELLORE,330420,JOLARPET,1,"Department of Education",2,"UPS (I-VIII)",5,"Post graduate",3,"B.Ed. or equivalent",0,0,0,0,8,20,6,4,27,46,0,0,0,0,0,0,0,0,111,41,70
2019-20,33,Tamilnadu,3304,VELLORE,330421,THIRUPATTUR,1,"Department of Education",2,"UPS (I-VIII)",5,"Post graduate",3,"B.Ed. or equivalent",0,0,0,0,10,13,2,4,26,60,0,0,0,0,0,0,0,0,115,38,77
2019-20,33,Tamilnadu,3304,VELLORE,330422,KANDHILI,1,"Department of Education",2,"UPS (I-VIII)",5,"Post graduate",3,"B.Ed. or equivalent",0,0,0,0,14,19,14,12,31,23,0,0,0,0,0,0,0,0,113,59,54
2019-20,33,Tamilnadu,3304,VELLORE,330410,"VELLORE URBAN",1,"Department of Education",3,"HSS (I-XII)",5,"Post graduate",3,"B.Ed. or equivalent",0,0,0,0,0,0,0,0,0,0,0,5,1,7,0,0,0,13,26,1,25
2019-20,33,Tamilnadu,3304,VELLORE,330415,GUDIYATHAM,1,"Department of Education",3,"HSS (I-XII)",5,"Post graduate",3,"B.Ed. or equivalent",0,0,0,0,0,2,0,0,1,6,0,1,3,9,0,1,1,3,27,5,22
2019-20,33,Tamilnadu,3304,VELLORE,330401,ARAKKONAM,1,"Department of Education",7,"SS (VI-X)",5,"Post graduate",3,"B.Ed. or equivalent",0,0,0,0,0,0,0,0,0,1,4,3,5,3,0,0,0,0,16,9,7
2019-20,33,Tamilnadu,3304,VELLORE,330402,NEMILI,1,"Department of Education",7,"SS (VI-X)",5,"Post graduate",3,"B.Ed. or equivalent",0,0,0,0,0,0,0,0,6,2,27,36,10,14,0,0,0,0,95,43,52
2019-20,33,Tamilnadu,3304,VELLORE,330403,KAVERIPAKKAM,1,"Department of Education",7,"SS (VI-X)",5,"Post graduate",3,"B.Ed. or equivalent",0,0,0,0,0,0,0,0,2,2,22,19,3,4,0,0,0,0,52,27,25
2019-20,33,Tamilnadu,3304,VELLORE,330404,SHOLINGAR,1,"Department of Education",7,"SS (VI-X)",5,"Post graduate",3,"B.Ed. or equivalent",0,0,0,0,0,0,0,0,1,0,8,6,2,3,0,0,0,0,20,11,9
2019-20,33,Tamilnadu,3304,VELLORE,330405,"WALAJA WEST",1,"Department of Education",7,"SS (VI-X)",5,"Post graduate",3,"B.Ed. or equivalent",0,0,0,0,0,0,0,0,1,3,13,15,1,4,0,0,0,0,37,15,22
2019-20,33,Tamilnadu,3304,VELLORE,330407,TIMIRI,1,"Department of Education",7,"SS (VI-X)",5,"Post graduate",3,"B.Ed. or equivalent",0,0,0,0,0,0,0,0,0,0,4,3,7,5,0,0,0,0,19,11,8
2019-20,33,Tamilnadu,3304,VELLORE,330408,ARCOT,1,"Department of Education",7,"SS (VI-X)",5,"Post graduate",3,"B.Ed. or equivalent",0,0,0,0,0,0,0,0,0,5,13,18,2,3,0,0,0,0,41,15,26
2019-20,33,Tamilnadu,3304,VELLORE,330409,"VELLORE RURAL",1,"Department of Education",7,"SS (VI-X)",5,"Post graduate",3,"B.Ed. or equivalent",0,0,0,0,0,0,0,0,1,7,8,11,4,8,0,0,0,0,39,13,26
2019-20,33,Tamilnadu,3304,VELLORE,330411,KANIYAMBADI,1,"Department of Education",7,"SS (VI-X)",5,"Post graduate",3,"B.Ed. or equivalent",0,0,0,0,0,0,0,0,0,0,5,13,0,0,0,0,0,0,18,5,13
2019-20,33,Tamilnadu,3304,VELLORE,330412,ANAICUT,1,"Department of Education",7,"SS (VI-X)",5,"Post graduate",3,"B.Ed. or equivalent",0,0,0,0,0,0,0,0,6,1,22,26,2,3,0,0,0,0,60,30,30
2019-20,33,Tamilnadu,3304,VELLORE,330413,KATPADI,1,"Department of Education",7,"SS (VI-X)",5,"Post graduate",3,"B.Ed. or equivalent",0,0,0,0,0,0,0,0,0,0,0,3,0,0,0,0,0,0,3,0,3
2019-20,33,Tamilnadu,3304,VELLORE,330414,K.V.KUPPAM,1,"Department of Education",7,"SS (VI-X)",5,"Post graduate",3,"B.Ed. or equivalent",0,0,0,0,0,0,0,0,3,5,10,20,1,1,0,0,0,0,40,14,26
2019-20,33,Tamilnadu,3304,VELLORE,330415,GUDIYATHAM,1,"Department of Education",7,"SS (VI-X)",5,"Post graduate",3,"B.Ed. or equivalent",0,0,0,0,0,0,0,0,0,1,12,10,4,5,0,0,0,0,32,16,16
2019-20,33,Tamilnadu,3304,VELLORE,330416,PERNAMBUT,1,"Department of Education",7,"SS (VI-X)",5,"Post graduate",3,"B.Ed. or equivalent",0,0,0,0,0,0,0,0,3,1,29,21,5,6,0,0,0,0,65,37,28
2019-20,33,Tamilnadu,3304,VELLORE,330417,MADHANUR,1,"Department of Education",7,"SS (VI-X)",5,"Post graduate",3,"B.Ed. or equivalent",0,0,0,0,0,0,0,0,9,9,26,22,12,8,0,0,0,0,86,47,39
2019-20,33,Tamilnadu,3304,VELLORE,330418,ALANGAYAM,1,"Department of Education",7,"SS (VI-X)",5,"Post graduate",3,"B.Ed. or equivalent",0,0,0,0,0,0,0,0,6,1,9,20,4,3,0,0,0,0,43,19,24
2019-20,33,Tamilnadu,3304,VELLORE,330419,NATRAMPALLI,1,"Department of Education",7,"SS (VI-X)",5,"Post graduate",3,"B.Ed. or equivalent",0,0,0,0,0,0,0,0,6,1,13,20,7,10,0,0,0,0,57,26,31
2019-20,33,Tamilnadu,3304,VELLORE,330420,JOLARPET,1,"Department of Education",7,"SS (VI-X)",5,"Post graduate",3,"B.Ed. or equivalent",0,0,0,0,0,0,0,0,2,2,24,20,4,2,0,0,0,0,54,30,24
2019-20,33,Tamilnadu,3304,VELLORE,330421,THIRUPATTUR,1,"Department of Education",7,"SS (VI-X)",5,"Post graduate",3,"B.Ed. or equivalent",0,0,0,0,0,0,0,0,2,3,10,14,7,3,0,0,0,0,39,19,20
2019-20,33,Tamilnadu,3304,VELLORE,330422,KANDHILI,1,"Department of Education",7,"SS (VI-X)",5,"Post graduate",3,"B.Ed. or equivalent",0,0,0,0,0,0,0,0,1,6,21,13,6,6,0,0,0,0,53,28,25
2019-20,33,Tamilnadu,3304,VELLORE,330401,ARAKKONAM,1,"Department of Education",1,"PS (I-V)",5,"Post graduate",4,"M.Ed. or equivalent",0,0,0,0,2,1,0,0,0,0,0,0,0,0,0,0,0,0,3,2,1
2019-20,33,Tamilnadu,3304,VELLORE,330402,NEMILI,1,"Department of Education",1,"PS (I-V)",5,"Post graduate",4,"M.Ed. or equivalent",0,0,0,0,0,1,0,0,0,0,0,0,0,0,0,0,0,0,1,0,1
2019-20,33,Tamilnadu,3304,VELLORE,330405,"WALAJA WEST",1,"Department of Education",1,"PS (I-V)",5,"Post graduate",4,"M.Ed. or equivalent",0,0,0,0,1,2,0,0,0,0,0,0,0,0,0,0,0,0,3,1,2
2019-20,33,Tamilnadu,3304,VELLORE,330407,TIMIRI,1,"Department of Education",1,"PS (I-V)",5,"Post graduate",4,"M.Ed. or equivalent",0,0,0,0,0,1,0,0,0,0,0,0,0,0,0,0,0,0,1,0,1
2019-20,33,Tamilnadu,3304,VELLORE,330413,KATPADI,1,"Department of Education",1,"PS (I-V)",5,"Post graduate",4,"M.Ed. or equivalent",0,0,0,0,0,4,0,0,0,0,0,0,0,0,0,0,0,0,4,0,4
2019-20,33,Tamilnadu,3304,VELLORE,330414,K.V.KUPPAM,1,"Department of Education",1,"PS (I-V)",5,"Post graduate",4,"M.Ed. or equivalent",0,0,0,0,0,1,0,0,0,0,0,0,0,0,0,0,0,0,1,0,1
2019-20,33,Tamilnadu,3304,VELLORE,330415,GUDIYATHAM,1,"Department of Education",1,"PS (I-V)",5,"Post graduate",4,"M.Ed. or equivalent",0,0,0,0,0,3,0,0,0,0,0,0,0,0,0,0,0,0,3,0,3
2019-20,33,Tamilnadu,3304,VELLORE,330418,ALANGAYAM,1,"Department of Education",1,"PS (I-V)",5,"Post graduate",4,"M.Ed. or equivalent",0,0,0,0,0,3,0,0,0,0,0,0,0,0,0,0,0,0,3,0,3
2019-20,33,Tamilnadu,3304,VELLORE,330420,JOLARPET,1,"Department of Education",1,"PS (I-V)",5,"Post graduate",4,"M.Ed. or equivalent",0,0,0,0,0,1,0,0,0,0,0,0,0,0,0,0,0,0,1,0,1
2019-20,33,Tamilnadu,3304,VELLORE,330421,THIRUPATTUR,1,"Department of Education",1,"PS (I-V)",5,"Post graduate",4,"M.Ed. or equivalent",0,0,0,0,1,1,0,0,0,0,0,0,0,0,0,0,0,0,2,1,1
2019-20,33,Tamilnadu,3304,VELLORE,330422,KANDHILI,1,"Department of Education",1,"PS (I-V)",5,"Post graduate",4,"M.Ed. or equivalent",0,0,0,0,1,0,0,0,0,0,0,0,0,0,0,0,0,0,1,1,0
2019-20,33,Tamilnadu,3304,VELLORE,330401,ARAKKONAM,1,"Department of Education",2,"UPS (I-VIII)",5,"Post graduate",4,"M.Ed. or equivalent",0,0,0,0,0,0,0,1,0,2,0,0,0,0,0,0,0,0,3,0,3
2019-20,33,Tamilnadu,3304,VELLORE,330402,NEMILI,1,"Department of Education",2,"UPS (I-VIII)",5,"Post graduate",4,"M.Ed. or equivalent",0,0,0,0,0,0,1,0,2,6,0,0,0,0,0,0,0,0,9,3,6
2019-20,33,Tamilnadu,3304,VELLORE,330403,KAVERIPAKKAM,1,"Department of Education",2,"UPS (I-VIII)",5,"Post graduate",4,"M.Ed. or equivalent",0,0,0,0,1,0,0,0,1,0,0,0,0,0,0,0,0,0,2,2,0
2019-20,33,Tamilnadu,3304,VELLORE,330404,SHOLINGAR,1,"Department of Education",2,"UPS (I-VIII)",5,"Post graduate",4,"M.Ed. or equivalent",0,0,0,0,0,0,1,0,2,3,0,0,0,0,0,0,0,0,6,3,3
2019-20,33,Tamilnadu,3304,VELLORE,330405,"WALAJA WEST",1,"Department of Education",2,"UPS (I-VIII)",5,"Post graduate",4,"M.Ed. or equivalent",0,0,0,0,0,0,0,0,1,4,0,0,0,0,0,0,0,0,5,1,4
2019-20,33,Tamilnadu,3304,VELLORE,330407,TIMIRI,1,"Department of Education",2,"UPS (I-VIII)",5,"Post graduate",4,"M.Ed. or equivalent",0,0,0,0,0,0,0,0,3,3,0,0,0,0,0,0,0,0,6,3,3
2019-20,33,Tamilnadu,3304,VELLORE,330408,ARCOT,1,"Department of Education",2,"UPS (I-VIII)",5,"Post graduate",4,"M.Ed. or equivalent",0,0,0,0,0,3,0,0,2,0,0,0,0,0,0,0,0,0,5,2,3
2019-20,33,Tamilnadu,3304,VELLORE,330409,"VELLORE RURAL",1,"Department of Education",2,"UPS (I-VIII)",5,"Post graduate",4,"M.Ed. or equivalent",0,0,0,0,0,0,0,0,0,3,0,0,0,0,0,0,0,0,3,0,3
2019-20,33,Tamilnadu,3304,VELLORE,330411,KANIYAMBADI,1,"Department of Education",2,"UPS (I-VIII)",5,"Post graduate",4,"M.Ed. or equivalent",0,0,0,0,0,0,0,0,3,4,0,0,0,0,0,0,0,0,7,3,4
2019-20,33,Tamilnadu,3304,VELLORE,330412,ANAICUT,1,"Department of Education",2,"UPS (I-VIII)",5,"Post graduate",4,"M.Ed. or equivalent",0,0,0,0,0,0,0,0,2,3,0,0,0,0,0,0,0,0,5,2,3
2019-20,33,Tamilnadu,3304,VELLORE,330413,KATPADI,1,"Department of Education",2,"UPS (I-VIII)",5,"Post graduate",4,"M.Ed. or equivalent",0,0,0,0,0,0,0,1,1,4,0,0,0,0,0,0,0,0,6,1,5
2019-20,33,Tamilnadu,3304,VELLORE,330414,K.V.KUPPAM,1,"Department of Education",2,"UPS (I-VIII)",5,"Post graduate",4,"M.Ed. or equivalent",0,0,0,0,0,0,0,0,1,1,0,0,0,0,0,0,0,0,2,1,1
2019-20,33,Tamilnadu,3304,VELLORE,330415,GUDIYATHAM,1,"Department of Education",2,"UPS (I-VIII)",5,"Post graduate",4,"M.Ed. or equivalent",0,0,0,0,0,0,0,0,0,2,0,0,0,0,0,0,0,0,2,0,2
2019-20,33,Tamilnadu,3304,VELLORE,330416,PERNAMBUT,1,"Department of Education",2,"UPS (I-VIII)",5,"Post graduate",4,"M.Ed. or equivalent",0,0,0,0,0,0,0,0,3,3,0,0,0,0,0,0,0,0,6,3,3
2019-20,33,Tamilnadu,3304,VELLORE,330418,ALANGAYAM,1,"Department of Education",2,"UPS (I-VIII)",5,"Post graduate",4,"M.Ed. or equivalent",0,0,0,0,0,0,0,1,3,1,0,0,0,0,0,0,0,0,5,3,2
2019-20,33,Tamilnadu,3304,VELLORE,330419,NATRAMPALLI,1,"Department of Education",2,"UPS (I-VIII)",5,"Post graduate",4,"M.Ed. or equivalent",0,0,0,0,0,0,0,1,0,1,0,0,0,0,0,0,0,0,2,0,2
2019-20,33,Tamilnadu,3304,VELLORE,330420,JOLARPET,1,"Department of Education",2,"UPS (I-VIII)",5,"Post graduate",4,"M.Ed. or equivalent",0,0,0,0,0,0,0,0,3,2,0,0,0,0,0,0,0,0,5,3,2
2019-20,33,Tamilnadu,3304,VELLORE,330421,THIRUPATTUR,1,"Department of Education",2,"UPS (I-VIII)",5,"Post graduate",4,"M.Ed. or equivalent",0,0,0,0,0,0,0,0,4,3,0,0,0,0,0,0,0,0,7,4,3
2019-20,33,Tamilnadu,3304,VELLORE,330422,KANDHILI,1,"Department of Education",2,"UPS (I-VIII)",5,"Post graduate",4,"M.Ed. or equivalent",0,0,0,0,0,1,2,0,3,1,0,0,0,0,0,0,0,0,7,5,2
2019-20,33,Tamilnadu,3304,VELLORE,330410,"VELLORE URBAN",1,"Department of Education",3,"HSS (I-XII)",5,"Post graduate",4,"M.Ed. or equivalent",0,0,0,0,0,0,0,0,0,0,0,0,0,4,0,1,1,4,10,1,9
2019-20,33,Tamilnadu,3304,VELLORE,330415,GUDIYATHAM,1,"Department of Education",3,"HSS (I-XII)",5,"Post graduate",4,"M.Ed. or equivalent",0,0,0,0,0,0,0,0,0,0,0,0,0,0,0,0,0,1,1,0,1
2019-20,33,Tamilnadu,3304,VELLORE,330401,ARAKKONAM,1,"Department of Education",5,"HSS (VI-XII)",5,"Post graduate",4,"M.Ed. or equivalent",0,0,0,0,0,0,0,0,0,0,2,2,2,2,1,1,2,0,12,7,5
2019-20,33,Tamilnadu,3304,VELLORE,330402,NEMILI,1,"Department of Education",5,"HSS (VI-XII)",5,"Post graduate",4,"M.Ed. or equivalent",0,0,0,0,0,0,0,0,2,0,1,3,1,1,0,1,2,1,12,6,6
2019-20,33,Tamilnadu,3304,VELLORE,330403,KAVERIPAKKAM,1,"Department of Education",5,"HSS (VI-XII)",5,"Post graduate",4,"M.Ed. or equivalent",0,0,0,0,0,0,0,0,0,0,1,2,1,0,2,1,0,2,9,4,5
2019-20,33,Tamilnadu,3304,VELLORE,330404,SHOLINGAR,1,"Department of Education",5,"HSS (VI-XII)",5,"Post graduate",4,"M.Ed. or equivalent",0,0,0,0,0,0,0,0,0,2,4,5,1,0,5,0,3,3,23,13,10
2019-20,33,Tamilnadu,3304,VELLORE,330405,"WALAJA WEST",1,"Department of Education",5,"HSS (VI-XII)",5,"Post graduate",4,"M.Ed. or equivalent",0,0,0,0,0,0,0,0,0,0,3,0,1,1,1,0,1,4,11,6,5
2019-20,33,Tamilnadu,3304,VELLORE,330406,"WALAJA EAST",1,"Department of Education",5,"HSS (VI-XII)",5,"Post graduate",4,"M.Ed. or equivalent",0,0,0,0,0,0,0,0,0,0,1,5,3,0,0,0,6,4,19,10,9
2019-20,33,Tamilnadu,3304,VELLORE,330407,TIMIRI,1,"Department of Education",5,"HSS (VI-XII)",5,"Post graduate",4,"M.Ed. or equivalent",0,0,0,0,0,0,0,0,1,1,2,1,1,2,0,2,3,1,14,7,7
2019-20,33,Tamilnadu,3304,VELLORE,330408,ARCOT,1,"Department of Education",5,"HSS (VI-XII)",5,"Post graduate",4,"M.Ed. or equivalent",0,0,0,0,0,0,0,0,0,0,2,1,0,0,3,1,0,3,10,5,5
2019-20,33,Tamilnadu,3304,VELLORE,330409,"VELLORE RURAL",1,"Department of Education",5,"HSS (VI-XII)",5,"Post graduate",4,"M.Ed. or equivalent",0,0,0,0,0,0,0,0,0,0,2,2,3,1,1,0,4,1,14,10,4
2019-20,33,Tamilnadu,3304,VELLORE,330410,"VELLORE URBAN",1,"Department of Education",5,"HSS (VI-XII)",5,"Post graduate",4,"M.Ed. or equivalent",0,0,0,0,0,0,0,0,0,0,0,3,0,0,0,0,1,1,5,1,4
2019-20,33,Tamilnadu,3304,VELLORE,330411,KANIYAMBADI,1,"Department of Education",5,"HSS (VI-XII)",5,"Post graduate",4,"M.Ed. or equivalent",0,0,0,0,0,0,0,0,1,0,3,1,0,0,1,0,5,0,11,10,1
2019-20,33,Tamilnadu,3304,VELLORE,330412,ANAICUT,1,"Department of Education",5,"HSS (VI-XII)",5,"Post graduate",4,"M.Ed. or equivalent",0,0,0,0,0,0,0,0,1,2,5,2,2,0,0,1,6,1,20,14,6
2019-20,33,Tamilnadu,3304,VELLORE,330413,KATPADI,1,"Department of Education",5,"HSS (VI-XII)",5,"Post graduate",4,"M.Ed. or equivalent",0,0,0,0,0,0,0,0,3,1,2,2,1,4,0,1,5,7,26,11,15
2019-20,33,Tamilnadu,3304,VELLORE,330414,K.V.KUPPAM,1,"Department of Education",5,"HSS (VI-XII)",5,"Post graduate",4,"M.Ed. or equivalent",0,0,0,0,0,0,0,0,1,0,2,2,3,0,3,1,5,0,17,14,3
2019-20,33,Tamilnadu,3304,VELLORE,330415,GUDIYATHAM,1,"Department of Education",5,"HSS (VI-XII)",5,"Post graduate",4,"M.Ed. or equivalent",0,0,0,0,0,0,0,0,0,0,2,2,0,0,1,2,3,1,11,6,5
2019-20,33,Tamilnadu,3304,VELLORE,330416,PERNAMBUT,1,"Department of Education",5,"HSS (VI-XII)",5,"Post graduate",4,"M.Ed. or equivalent",0,0,0,0,0,0,0,0,0,0,3,3,1,4,1,0,3,6,21,8,13
2019-20,33,Tamilnadu,3304,VELLORE,330417,MADHANUR,1,"Department of Education",5,"HSS (VI-XII)",5,"Post graduate",4,"M.Ed. or equivalent",0,0,0,0,0,0,0,0,0,0,0,0,1,0,0,0,0,0,1,1,0
2019-20,33,Tamilnadu,3304,VELLORE,330418,ALANGAYAM,1,"Department of Education",5,"HSS (VI-XII)",5,"Post graduate",4,"M.Ed. or equivalent",0,0,0,0,0,0,0,0,0,0,1,3,0,0,2,0,4,3,13,7,6
2019-20,33,Tamilnadu,3304,VELLORE,330419,NATRAMPALLI,1,"Department of Education",5,"HSS (VI-XII)",5,"Post graduate",4,"M.Ed. or equivalent",0,0,0,0,0,0,0,0,0,1,0,0,4,0,0,0,6,2,13,10,3
2019-20,33,Tamilnadu,3304,VELLORE,330420,JOLARPET,1,"Department of Education",5,"HSS (VI-XII)",5,"Post graduate",4,"M.Ed. or equivalent",0,0,0,0,0,0,0,0,0,0,3,3,1,2,1,3,6,1,20,11,9
2019-20,33,Tamilnadu,3304,VELLORE,330421,THIRUPATTUR,1,"Department of Education",5,"HSS (VI-XII)",5,"Post graduate",4,"M.Ed. or equivalent",0,0,0,0,0,0,0,0,0,0,0,3,1,1,1,1,4,5,16,6,10
2019-20,33,Tamilnadu,3304,VELLORE,330422,KANDHILI,1,"Department of Education",5,"HSS (VI-XII)",5,"Post graduate",4,"M.Ed. or equivalent",0,0,0,0,0,0,0,0,0,0,1,1,3,3,1,0,6,7,22,11,11
2019-20,33,Tamilnadu,3304,VELLORE,330401,ARAKKONAM,1,"Department of Education",7,"SS (VI-X)",5,"Post graduate",4,"M.Ed. or equivalent",0,0,0,0,0,0,0,0,0,0,1,1,0,0,0,0,0,0,2,1,1
2019-20,33,Tamilnadu,3304,VELLORE,330402,NEMILI,1,"Department of Education",7,"SS (VI-X)",5,"Post graduate",4,"M.Ed. or equivalent",0,0,0,0,0,0,0,0,0,0,1,1,2,5,0,0,0,0,9,3,6
2019-20,33,Tamilnadu,3304,VELLORE,330403,KAVERIPAKKAM,1,"Department of Education",7,"SS (VI-X)",5,"Post graduate",4,"M.Ed. or equivalent",0,0,0,0,0,0,0,0,1,0,3,1,3,0,0,0,0,0,8,7,1
2019-20,33,Tamilnadu,3304,VELLORE,330404,SHOLINGAR,1,"Department of Education",7,"SS (VI-X)",5,"Post graduate",4,"M.Ed. or equivalent",0,0,0,0,0,0,0,0,0,0,0,0,1,1,0,0,0,0,2,1,1
2019-20,33,Tamilnadu,3304,VELLORE,330405,"WALAJA WEST",1,"Department of Education",7,"SS (VI-X)",5,"Post graduate",4,"M.Ed. or equivalent",0,0,0,0,0,0,0,0,0,0,0,3,1,0,0,0,0,0,4,1,3
2019-20,33,Tamilnadu,3304,VELLORE,330408,ARCOT,1,"Department of Education",7,"SS (VI-X)",5,"Post graduate",4,"M.Ed. or equivalent",0,0,0,0,0,0,0,0,0,0,2,0,2,1,0,0,0,0,5,4,1
2019-20,33,Tamilnadu,3304,VELLORE,330409,"VELLORE RURAL",1,"Department of Education",7,"SS (VI-X)",5,"Post graduate",4,"M.Ed. or equivalent",0,0,0,0,0,0,0,0,0,0,0,0,1,0,0,0,0,0,1,1,0
2019-20,33,Tamilnadu,3304,VELLORE,330411,KANIYAMBADI,1,"Department of Education",7,"SS (VI-X)",5,"Post graduate",4,"M.Ed. or equivalent",0,0,0,0,0,0,0,0,0,1,2,4,0,0,0,0,0,0,7,2,5
2019-20,33,Tamilnadu,3304,VELLORE,330412,ANAICUT,1,"Department of Education",7,"SS (VI-X)",5,"Post graduate",4,"M.Ed. or equivalent",0,0,0,0,0,0,0,0,1,0,3,1,0,1,0,0,0,0,6,4,2
2019-20,33,Tamilnadu,3304,VELLORE,330414,K.V.KUPPAM,1,"Department of Education",7,"SS (VI-X)",5,"Post graduate",4,"M.Ed. or equivalent",0,0,0,0,0,0,0,0,0,0,5,1,1,0,0,0,0,0,7,6,1
2019-20,33,Tamilnadu,3304,VELLORE,330415,GUDIYATHAM,1,"Department of Education",7,"SS (VI-X)",5,"Post graduate",4,"M.Ed. or equivalent",0,0,0,0,0,0,0,0,0,0,5,0,1,1,0,0,0,0,7,6,1
2019-20,33,Tamilnadu,3304,VELLORE,330416,PERNAMBUT,1,"Department of Education",7,"SS (VI-X)",5,"Post graduate",4,"M.Ed. or equivalent",0,0,0,0,0,0,0,0,0,0,2,3,2,1,0,0,0,0,8,4,4
2019-20,33,Tamilnadu,3304,VELLORE,330417,MADHANUR,1,"Department of Education",7,"SS (VI-X)",5,"Post graduate",4,"M.Ed. or equivalent",0,0,0,0,0,0,0,0,1,0,0,3,0,1,0,0,0,0,5,1,4
2019-20,33,Tamilnadu,3304,VELLORE,330418,ALANGAYAM,1,"Department of Education",7,"SS (VI-X)",5,"Post graduate",4,"M.Ed. or equivalent",0,0,0,0,0,0,0,0,0,0,4,0,1,1,0,0,0,0,6,5,1
2019-20,33,Tamilnadu,3304,VELLORE,330419,NATRAMPALLI,1,"Department of Education",7,"SS (VI-X)",5,"Post graduate",4,"M.Ed. or equivalent",0,0,0,0,0,0,0,0,1,0,2,0,1,0,0,0,0,0,4,4,0
2019-20,33,Tamilnadu,3304,VELLORE,330420,JOLARPET,1,"Department of Education",7,"SS (VI-X)",5,"Post graduate",4,"M.Ed. or equivalent",0,0,0,0,0,0,0,0,0,1,3,4,0,0,0,0,0,0,8,3,5
2019-20,33,Tamilnadu,3304,VELLORE,330421,THIRUPATTUR,1,"Department of Education",7,"SS (VI-X)",5,"Post graduate",4,"M.Ed. or equivalent",0,0,0,0,0,0,0,0,1,0,2,0,0,2,0,0,0,0,5,3,2
2019-20,33,Tamilnadu,3304,VELLORE,330422,KANDHILI,1,"Department of Education",7,"SS (VI-X)",5,"Post graduate",4,"M.Ed. or equivalent",0,0,0,0,0,0,0,0,2,0,1,4,0,1,0,0,0,0,8,3,5
2019-20,33,Tamilnadu,3304,VELLORE,330401,ARAKKONAM,1,"Department of Education",1,"PS (I-V)",5,"Post graduate",5,Others,0,0,0,0,1,0,0,0,0,0,0,0,0,0,0,0,0,0,1,1,0
2019-20,33,Tamilnadu,3304,VELLORE,330420,JOLARPET,1,"Department of Education",1,"PS (I-V)",5,"Post graduate",5,Others,0,0,0,0,0,1,0,0,0,0,0,0,0,0,0,0,0,0,1,0,1
2019-20,33,Tamilnadu,3304,VELLORE,330403,KAVERIPAKKAM,1,"Department of Education",2,"UPS (I-VIII)",5,"Post graduate",5,Others,0,0,0,0,0,0,0,0,1,0,0,0,0,0,0,0,0,0,1,1,0
2019-20,33,Tamilnadu,3304,VELLORE,330405,"WALAJA WEST",1,"Department of Education",2,"UPS (I-VIII)",5,"Post graduate",5,Others,0,0,0,0,0,0,0,0,1,0,0,0,0,0,0,0,0,0,1,1,0
2019-20,33,Tamilnadu,3304,VELLORE,330416,PERNAMBUT,1,"Department of Education",2,"UPS (I-VIII)",5,"Post graduate",5,Others,0,0,0,0,0,0,0,0,2,0,0,0,0,0,0,0,0,0,2,2,0
2019-20,33,Tamilnadu,3304,VELLORE,330420,JOLARPET,1,"Department of Education",2,"UPS (I-VIII)",5,"Post graduate",5,Others,0,0,0,0,0,0,0,0,1,0,0,0,0,0,0,0,0,0,1,1,0
2019-20,33,Tamilnadu,3304,VELLORE,330415,GUDIYATHAM,1,"Department of Education",3,"HSS (I-XII)",5,"Post graduate",5,Others,0,0,0,0,0,0,0,0,0,1,0,0,0,0,0,0,0,0,1,0,1
2019-20,33,Tamilnadu,3304,VELLORE,330401,ARAKKONAM,1,"Department of Education",5,"HSS (VI-XII)",5,"Post graduate",5,Others,0,0,0,0,0,0,0,0,0,0,0,0,0,0,0,0,1,0,1,1,0
2019-20,33,Tamilnadu,3304,VELLORE,330402,NEMILI,1,"Department of Education",5,"HSS (VI-XII)",5,"Post graduate",5,Others,0,0,0,0,0,0,0,0,0,1,0,1,1,1,0,0,0,0,4,1,3
2019-20,33,Tamilnadu,3304,VELLORE,330403,KAVERIPAKKAM,1,"Department of Education",5,"HSS (VI-XII)",5,"Post graduate",5,Others,0,0,0,0,0,0,0,0,0,2,0,0,0,0,0,1,0,0,3,0,3
2019-20,33,Tamilnadu,3304,VELLORE,330404,SHOLINGAR,1,"Department of Education",5,"HSS (VI-XII)",5,"Post graduate",5,Others,0,0,0,0,0,0,0,0,0,1,1,0,0,0,0,0,1,0,3,2,1
2019-20,33,Tamilnadu,3304,VELLORE,330405,"WALAJA WEST",1,"Department of Education",5,"HSS (VI-XII)",5,"Post graduate",5,Others,0,0,0,0,0,0,0,0,0,1,0,0,0,0,0,0,0,0,1,0,1
2019-20,33,Tamilnadu,3304,VELLORE,330407,TIMIRI,1,"Department of Education",5,"HSS (VI-XII)",5,"Post graduate",5,Others,0,0,0,0,0,0,0,0,0,0,0,1,0,0,0,0,0,0,1,0,1
2019-20,33,Tamilnadu,3304,VELLORE,330409,"VELLORE RURAL",1,"Department of Education",5,"HSS (VI-XII)",5,"Post graduate",5,Others,0,0,0,0,0,0,0,0,0,1,0,0,0,1,0,0,0,0,2,0,2
2019-20,33,Tamilnadu,3304,VELLORE,330410,"VELLORE URBAN",1,"Department of Education",5,"HSS (VI-XII)",5,"Post graduate",5,Others,0,0,0,0,0,0,0,0,0,1,0,1,0,0,0,1,0,0,3,0,3
2019-20,33,Tamilnadu,3304,VELLORE,330411,KANIYAMBADI,1,"Department of Education",5,"HSS (VI-XII)",5,"Post graduate",5,Others,0,0,0,0,0,0,0,0,1,1,1,0,1,0,0,0,0,0,4,3,1
2019-20,33,Tamilnadu,3304,VELLORE,330412,ANAICUT,1,"Department of Education",5,"HSS (VI-XII)",5,"Post graduate",5,Others,0,0,0,0,0,0,0,0,1,3,1,1,0,0,0,0,0,0,6,2,4
2019-20,33,Tamilnadu,3304,VELLORE,330413,KATPADI,1,"Department of Education",5,"HSS (VI-XII)",5,"Post graduate",5,Others,0,0,0,0,0,0,0,0,0,1,0,0,0,0,0,0,1,1,3,1,2
2019-20,33,Tamilnadu,3304,VELLORE,330414,K.V.KUPPAM,1,"Department of Education",5,"HSS (VI-XII)",5,"Post graduate",5,Others,0,0,0,0,0,0,0,0,0,1,0,0,0,0,0,0,0,0,1,0,1
2019-20,33,Tamilnadu,3304,VELLORE,330415,GUDIYATHAM,1,"Department of Education",5,"HSS (VI-XII)",5,"Post graduate",5,Others,0,0,0,0,0,0,0,0,1,1,0,1,0,0,0,0,0,0,3,1,2
2019-20,33,Tamilnadu,3304,VELLORE,330419,NATRAMPALLI,1,"Department of Education",5,"HSS (VI-XII)",5,"Post graduate",5,Others,0,0,0,0,0,0,0,0,0,1,0,0,0,0,0,0,0,0,1,0,1
2019-20,33,Tamilnadu,3304,VELLORE,330420,JOLARPET,1,"Department of Education",5,"HSS (VI-XII)",5,"Post graduate",5,Others,0,0,0,0,0,0,0,0,0,0,0,2,0,0,0,0,0,0,2,0,2
2019-20,33,Tamilnadu,3304,VELLORE,330421,THIRUPATTUR,1,"Department of Education",5,"HSS (VI-XII)",5,"Post graduate",5,Others,0,0,0,0,0,0,0,0,0,1,0,0,1,0,1,0,0,0,3,2,1
2019-20,33,Tamilnadu,3304,VELLORE,330422,KANDHILI,1,"Department of Education",5,"HSS (VI-XII)",5,"Post graduate",5,Others,0,0,0,0,0,0,0,0,0,0,0,1,1,0,0,0,0,0,2,1,1
2019-20,33,Tamilnadu,3304,VELLORE,330402,NEMILI,1,"Department of Education",7,"SS (VI-X)",5,"Post graduate",5,Others,0,0,0,0,0,0,0,0,0,1,0,0,0,0,0,0,0,0,1,0,1
2019-20,33,Tamilnadu,3304,VELLORE,330408,ARCOT,1,"Department of Education",7,"SS (VI-X)",5,"Post graduate",5,Others,0,0,0,0,0,0,0,0,1,1,0,0,0,0,0,0,0,0,2,1,1
2019-20,33,Tamilnadu,3304,VELLORE,330409,"VELLORE RURAL",1,"Department of Education",7,"SS (VI-X)",5,"Post graduate",5,Others,0,0,0,0,0,0,0,0,0,1,0,0,0,0,0,0,0,0,1,0,1
2019-20,33,Tamilnadu,3304,VELLORE,330412,ANAICUT,1,"Department of Education",7,"SS (VI-X)",5,"Post graduate",5,Others,0,0,0,0,0,0,0,0,1,0,0,0,0,1,0,0,0,0,2,1,1
2019-20,33,Tamilnadu,3304,VELLORE,330416,PERNAMBUT,1,"Department of Education",7,"SS (VI-X)",5,"Post graduate",5,Others,0,0,0,0,0,0,0,0,1,0,1,0,0,0,0,0,0,0,2,2,0
2019-20,33,Tamilnadu,3304,VELLORE,330417,MADHANUR,1,"Department of Education",7,"SS (VI-X)",5,"Post graduate",5,Others,0,0,0,0,0,0,0,0,1,1,0,0,0,0,0,0,0,0,2,1,1
2019-20,33,Tamilnadu,3304,VELLORE,330419,NATRAMPALLI,1,"Department of Education",7,"SS (VI-X)",5,"Post graduate",5,Others,0,0,0,0,0,0,0,0,2,0,0,0,0,0,0,0,0,0,2,2,0
2019-20,33,Tamilnadu,3304,VELLORE,330420,JOLARPET,1,"Department of Education",7,"SS (VI-X)",5,"Post graduate",5,Others,0,0,0,0,0,0,0,0,0,1,0,0,0,0,0,0,0,0,1,0,1
2019-20,33,Tamilnadu,3304,VELLORE,330409,"VELLORE RURAL",1,"Department of Education",1,"PS (I-V)",5,"Post graduate",6,None,0,0,0,0,1,0,0,0,0,0,0,0,0,0,0,0,0,0,1,1,0
2019-20,33,Tamilnadu,3304,VELLORE,330420,JOLARPET,1,"Department of Education",2,"UPS (I-VIII)",5,"Post graduate",6,None,0,0,0,0,0,0,0,0,0,1,0,0,0,0,0,0,0,0,1,0,1
2019-20,33,Tamilnadu,3304,VELLORE,330422,KANDHILI,1,"Department of Education",2,"UPS (I-VIII)",5,"Post graduate",6,None,0,0,0,0,0,0,0,0,1,0,0,0,0,0,0,0,0,0,1,1,0
2019-20,33,Tamilnadu,3304,VELLORE,330410,"VELLORE URBAN",1,"Department of Education",3,"HSS (I-XII)",5,"Post graduate",6,None,0,0,0,0,0,0,0,0,0,0,0,0,0,0,0,0,0,1,1,0,1
2019-20,33,Tamilnadu,3304,VELLORE,330401,ARAKKONAM,1,"Department of Education",5,"HSS (VI-XII)",5,"Post graduate",6,None,0,0,0,0,0,0,0,0,0,2,0,0,0,0,0,0,0,0,2,0,2
2019-20,33,Tamilnadu,3304,VELLORE,330403,KAVERIPAKKAM,1,"Department of Education",5,"HSS (VI-XII)",5,"Post graduate",6,None,0,0,0,0,0,0,0,0,1,0,0,0,0,0,0,0,0,0,1,1,0
2019-20,33,Tamilnadu,3304,VELLORE,330404,SHOLINGAR,1,"Department of Education",5,"HSS (VI-XII)",5,"Post graduate",6,None,0,0,0,0,0,0,0,0,0,2,0,0,0,0,0,0,0,0,2,0,2
2019-20,33,Tamilnadu,3304,VELLORE,330405,"WALAJA WEST",1,"Department of Education",5,"HSS (VI-XII)",5,"Post graduate",6,None,0,0,0,0,0,0,0,0,1,0,0,0,0,0,0,0,0,0,1,1,0
2019-20,33,Tamilnadu,3304,VELLORE,330406,"WALAJA EAST",1,"Department of Education",5,"HSS (VI-XII)",5,"Post graduate",6,None,0,0,0,0,0,0,0,0,1,0,0,0,0,0,0,0,0,1,2,1,1
2019-20,33,Tamilnadu,3304,VELLORE,330407,TIMIRI,1,"Department of Education",5,"HSS (VI-XII)",5,"Post graduate",6,None,0,0,0,0,0,0,0,0,0,0,0,0,0,1,0,0,1,0,2,1,1
2019-20,33,Tamilnadu,3304,VELLORE,330409,"VELLORE RURAL",1,"Department of Education",5,"HSS (VI-XII)",5,"Post graduate",6,None,0,0,0,0,0,0,0,0,0,0,1,0,0,0,0,0,0,0,1,1,0
2019-20,33,Tamilnadu,3304,VELLORE,330410,"VELLORE URBAN",1,"Department of Education",5,"HSS (VI-XII)",5,"Post graduate",6,None,0,0,0,0,0,0,0,0,0,1,0,0,0,0,0,0,0,0,1,0,1
2019-20,33,Tamilnadu,3304,VELLORE,330411,KANIYAMBADI,1,"Department of Education",5,"HSS (VI-XII)",5,"Post graduate",6,None,0,0,0,0,0,0,0,0,0,0,0,0,0,0,0,0,0,1,1,0,1
2019-20,33,Tamilnadu,3304,VELLORE,330412,ANAICUT,1,"Department of Education",5,"HSS (VI-XII)",5,"Post graduate",6,None,0,0,0,0,0,0,0,0,0,1,0,1,1,0,0,0,0,0,3,1,2
2019-20,33,Tamilnadu,3304,VELLORE,330413,KATPADI,1,"Department of Education",5,"HSS (VI-XII)",5,"Post graduate",6,None,0,0,0,0,0,0,0,0,1,0,0,0,1,0,0,1,0,0,3,2,1
2019-20,33,Tamilnadu,3304,VELLORE,330414,K.V.KUPPAM,1,"Department of Education",5,"HSS (VI-XII)",5,"Post graduate",6,None,0,0,0,0,0,0,0,0,1,0,0,0,0,0,0,0,0,0,1,1,0
2019-20,33,Tamilnadu,3304,VELLORE,330415,GUDIYATHAM,1,"Department of Education",5,"HSS (VI-XII)",5,"Post graduate",6,None,0,0,0,0,0,0,0,0,0,1,0,0,0,0,0,0,0,0,1,0,1
2019-20,33,Tamilnadu,3304,VELLORE,330416,PERNAMBUT,1,"Department of Education",5,"HSS (VI-XII)",5,"Post graduate",6,None,0,0,0,0,0,0,0,0,1,0,0,0,0,0,0,0,0,0,1,1,0
2019-20,33,Tamilnadu,3304,VELLORE,330420,JOLARPET,1,"Department of Education",5,"HSS (VI-XII)",5,"Post graduate",6,None,0,0,0,0,0,0,0,0,1,0,0,0,0,0,0,0,0,0,1,1,0
2019-20,33,Tamilnadu,3304,VELLORE,330421,THIRUPATTUR,1,"Department of Education",5,"HSS (VI-XII)",5,"Post graduate",6,None,0,0,0,0,0,0,0,0,1,0,0,0,0,1,0,0,0,0,2,1,1
2019-20,33,Tamilnadu,3304,VELLORE,330422,KANDHILI,1,"Department of Education",5,"HSS (VI-XII)",5,"Post graduate",6,None,0,0,0,0,0,0,0,0,0,0,0,0,0,0,0,0,1,0,1,1,0
2019-20,33,Tamilnadu,3304,VELLORE,330408,ARCOT,1,"Department of Education",7,"SS (VI-X)",5,"Post graduate",6,None,0,0,0,0,0,0,0,0,1,0,0,0,0,0,0,0,0,0,1,1,0
2019-20,33,Tamilnadu,3304,VELLORE,330412,ANAICUT,1,"Department of Education",7,"SS (VI-X)",5,"Post graduate",6,None,0,0,0,0,0,0,0,0,0,1,0,0,0,0,0,0,0,0,1,0,1
2019-20,33,Tamilnadu,3304,VELLORE,330414,K.V.KUPPAM,1,"Department of Education",7,"SS (VI-X)",5,"Post graduate",6,None,0,0,0,0,0,0,0,0,0,0,0,1,0,0,0,0,0,0,1,0,1
2019-20,33,Tamilnadu,3304,VELLORE,330417,MADHANUR,1,"Department of Education",7,"SS (VI-X)",5,"Post graduate",6,None,0,0,0,0,0,0,0,0,0,1,0,0,0,0,0,0,0,0,1,0,1
2019-20,33,Tamilnadu,3304,VELLORE,330418,ALANGAYAM,1,"Department of Education",7,"SS (VI-X)",5,"Post graduate",6,None,0,0,0,0,0,0,0,0,0,1,0,0,0,0,0,0,0,0,1,0,1
2019-20,33,Tamilnadu,3304,VELLORE,330419,NATRAMPALLI,1,"Department of Education",7,"SS (VI-X)",5,"Post graduate",6,None,0,0,0,0,0,0,0,0,0,1,0,0,0,0,0,0,0,0,1,0,1
2019-20,33,Tamilnadu,3304,VELLORE,330421,THIRUPATTUR,1,"Department of Education",7,"SS (VI-X)",5,"Post graduate",6,None,0,0,0,0,0,0,0,0,0,0,0,1,0,0,0,0,0,0,1,0,1
2019-20,33,Tamilnadu,3304,VELLORE,330403,KAVERIPAKKAM,1,"Department of Education",1,"PS (I-V)",6,M.Phil,1,"Diploma or certificate in basic teachers training of a duration not less than two years",0,0,0,0,1,0,0,0,0,0,0,0,0,0,0,0,0,0,1,1,0
2019-20,33,Tamilnadu,3304,VELLORE,330407,TIMIRI,1,"Department of Education",1,"PS (I-V)",6,M.Phil,1,"Diploma or certificate in basic teachers training of a duration not less than two years",0,0,0,0,0,1,0,0,0,0,0,0,0,0,0,0,0,0,1,0,1
2019-20,33,Tamilnadu,3304,VELLORE,330408,ARCOT,1,"Department of Education",1,"PS (I-V)",6,M.Phil,1,"Diploma or certificate in basic teachers training of a duration not less than two years",0,0,0,0,0,1,0,0,0,0,0,0,0,0,0,0,0,0,1,0,1
2019-20,33,Tamilnadu,3304,VELLORE,330409,"VELLORE RURAL",1,"Department of Education",1,"PS (I-V)",6,M.Phil,1,"Diploma or certificate in basic teachers training of a duration not less than two years",0,0,0,0,0,1,0,0,0,0,0,0,0,0,0,0,0,0,1,0,1
2019-20,33,Tamilnadu,3304,VELLORE,330411,KANIYAMBADI,1,"Department of Education",1,"PS (I-V)",6,M.Phil,1,"Diploma or certificate in basic teachers training of a duration not less than two years",0,0,0,0,0,1,0,0,0,0,0,0,0,0,0,0,0,0,1,0,1
2019-20,33,Tamilnadu,3304,VELLORE,330412,ANAICUT,1,"Department of Education",1,"PS (I-V)",6,M.Phil,1,"Diploma or certificate in basic teachers training of a duration not less than two years",0,0,0,0,1,0,0,0,0,0,0,0,0,0,0,0,0,0,1,1,0
2019-20,33,Tamilnadu,3304,VELLORE,330414,K.V.KUPPAM,1,"Department of Education",1,"PS (I-V)",6,M.Phil,1,"Diploma or certificate in basic teachers training of a duration not less than two years",0,0,0,0,0,1,0,0,0,0,0,0,0,0,0,0,0,0,1,0,1
2019-20,33,Tamilnadu,3304,VELLORE,330421,THIRUPATTUR,1,"Department of Education",1,"PS (I-V)",6,M.Phil,1,"Diploma or certificate in basic teachers training of a duration not less than two years",0,0,0,0,0,2,0,0,0,0,0,0,0,0,0,0,0,0,2,0,2
2019-20,33,Tamilnadu,3304,VELLORE,330401,ARAKKONAM,1,"Department of Education",2,"UPS (I-VIII)",6,M.Phil,1,"Diploma or certificate in basic teachers training of a duration not less than two years",0,0,0,0,0,1,0,0,0,0,0,0,0,0,0,0,0,0,1,0,1
2019-20,33,Tamilnadu,3304,VELLORE,330407,TIMIRI,1,"Department of Education",2,"UPS (I-VIII)",6,M.Phil,1,"Diploma or certificate in basic teachers training of a duration not less than two years",0,0,0,0,1,0,0,0,0,0,0,0,0,0,0,0,0,0,1,1,0
2019-20,33,Tamilnadu,3304,VELLORE,330409,"VELLORE RURAL",1,"Department of Education",2,"UPS (I-VIII)",6,M.Phil,1,"Diploma or certificate in basic teachers training of a duration not less than two years",0,0,0,0,0,1,0,0,0,0,0,0,0,0,0,0,0,0,1,0,1
2019-20,33,Tamilnadu,3304,VELLORE,330401,ARAKKONAM,1,"Department of Education",1,"PS (I-V)",6,M.Phil,3,"B.Ed. or equivalent",0,0,0,0,1,0,0,0,0,0,0,0,0,0,0,0,0,0,1,1,0
2019-20,33,Tamilnadu,3304,VELLORE,330402,NEMILI,1,"Department of Education",1,"PS (I-V)",6,M.Phil,3,"B.Ed. or equivalent",0,0,0,0,1,2,0,0,0,0,0,0,0,0,0,0,0,0,3,1,2
2019-20,33,Tamilnadu,3304,VELLORE,330403,KAVERIPAKKAM,1,"Department of Education",1,"PS (I-V)",6,M.Phil,3,"B.Ed. or equivalent",0,0,0,0,2,3,0,0,0,0,0,0,0,0,0,0,0,0,5,2,3
2019-20,33,Tamilnadu,3304,VELLORE,330404,SHOLINGAR,1,"Department of Education",1,"PS (I-V)",6,M.Phil,3,"B.Ed. or equivalent",0,0,0,0,2,8,0,0,0,0,0,0,0,0,0,0,0,0,10,2,8
2019-20,33,Tamilnadu,3304,VELLORE,330405,"WALAJA WEST",1,"Department of Education",1,"PS (I-V)",6,M.Phil,3,"B.Ed. or equivalent",0,0,0,0,2,2,0,0,0,0,0,0,0,0,0,0,0,0,4,2,2
2019-20,33,Tamilnadu,3304,VELLORE,330407,TIMIRI,1,"Department of Education",1,"PS (I-V)",6,M.Phil,3,"B.Ed. or equivalent",0,0,0,0,4,7,0,0,0,0,0,0,0,0,0,0,0,0,11,4,7
2019-20,33,Tamilnadu,3304,VELLORE,330408,ARCOT,1,"Department of Education",1,"PS (I-V)",6,M.Phil,3,"B.Ed. or equivalent",0,0,0,0,2,1,0,0,0,0,0,0,0,0,0,0,0,0,3,2,1
2019-20,33,Tamilnadu,3304,VELLORE,330409,"VELLORE RURAL",1,"Department of Education",1,"PS (I-V)",6,M.Phil,3,"B.Ed. or equivalent",0,0,0,0,0,4,0,0,0,0,0,0,0,0,0,0,0,0,4,0,4
2019-20,33,Tamilnadu,3304,VELLORE,330411,KANIYAMBADI,1,"Department of Education",1,"PS (I-V)",6,M.Phil,3,"B.Ed. or equivalent",0,0,0,0,1,0,0,0,0,0,0,0,0,0,0,0,0,0,1,1,0
2019-20,33,Tamilnadu,3304,VELLORE,330412,ANAICUT,1,"Department of Education",1,"PS (I-V)",6,M.Phil,3,"B.Ed. or equivalent",0,0,0,0,0,1,0,0,0,0,0,0,0,0,0,0,0,0,1,0,1
2019-20,33,Tamilnadu,3304,VELLORE,330414,K.V.KUPPAM,1,"Department of Education",1,"PS (I-V)",6,M.Phil,3,"B.Ed. or equivalent",0,0,0,0,1,2,0,0,0,0,0,0,0,0,0,0,0,0,3,1,2
2019-20,33,Tamilnadu,3304,VELLORE,330415,GUDIYATHAM,1,"Department of Education",1,"PS (I-V)",6,M.Phil,3,"B.Ed. or equivalent",0,0,0,0,1,3,0,0,0,0,0,0,0,0,0,0,0,0,4,1,3
2019-20,33,Tamilnadu,3304,VELLORE,330416,PERNAMBUT,1,"Department of Education",1,"PS (I-V)",6,M.Phil,3,"B.Ed. or equivalent",0,0,0,0,0,2,0,0,0,0,0,0,0,0,0,0,0,0,2,0,2
2019-20,33,Tamilnadu,3304,VELLORE,330417,MADHANUR,1,"Department of Education",1,"PS (I-V)",6,M.Phil,3,"B.Ed. or equivalent",0,0,0,0,1,2,0,0,0,0,0,0,0,0,0,0,0,0,3,1,2
2019-20,33,Tamilnadu,3304,VELLORE,330419,NATRAMPALLI,1,"Department of Education",1,"PS (I-V)",6,M.Phil,3,"B.Ed. or equivalent",0,0,0,0,2,1,0,0,0,0,0,0,0,0,0,0,0,0,3,2,1
2019-20,33,Tamilnadu,3304,VELLORE,330420,JOLARPET,1,"Department of Education",1,"PS (I-V)",6,M.Phil,3,"B.Ed. or equivalent",0,0,0,0,1,2,0,0,0,0,0,0,0,0,0,0,0,0,3,1,2
2019-20,33,Tamilnadu,3304,VELLORE,330421,THIRUPATTUR,1,"Department of Education",1,"PS (I-V)",6,M.Phil,3,"B.Ed. or equivalent",0,0,0,0,0,3,0,0,0,0,0,0,0,0,0,0,0,0,3,0,3
2019-20,33,Tamilnadu,3304,VELLORE,330422,KANDHILI,1,"Department of Education",1,"PS (I-V)",6,M.Phil,3,"B.Ed. or equivalent",0,0,0,0,0,1,0,0,0,0,0,0,0,0,0,0,0,0,1,0,1
2019-20,33,Tamilnadu,3304,VELLORE,330401,ARAKKONAM,1,"Department of Education",2,"UPS (I-VIII)",6,M.Phil,3,"B.Ed. or equivalent",0,0,0,0,0,0,0,0,1,2,0,0,0,0,0,0,0,0,3,1,2
2019-20,33,Tamilnadu,3304,VELLORE,330402,NEMILI,1,"Department of Education",2,"UPS (I-VIII)",6,M.Phil,3,"B.Ed. or equivalent",0,0,0,0,0,0,1,1,4,2,0,0,0,0,0,0,0,0,8,5,3
2019-20,33,Tamilnadu,3304,VELLORE,330403,KAVERIPAKKAM,1,"Department of Education",2,"UPS (I-VIII)",6,M.Phil,3,"B.Ed. or equivalent",0,0,0,0,0,0,0,0,9,3,0,0,0,0,0,0,0,0,12,9,3
2019-20,33,Tamilnadu,3304,VELLORE,330404,SHOLINGAR,1,"Department of Education",2,"UPS (I-VIII)",6,M.Phil,3,"B.Ed. or equivalent",0,0,0,0,2,0,0,0,1,3,0,0,0,0,0,0,0,0,6,3,3
2019-20,33,Tamilnadu,3304,VELLORE,330405,"WALAJA WEST",1,"Department of Education",2,"UPS (I-VIII)",6,M.Phil,3,"B.Ed. or equivalent",0,0,0,0,0,0,0,0,0,2,0,0,0,0,0,0,0,0,2,0,2
2019-20,33,Tamilnadu,3304,VELLORE,330407,TIMIRI,1,"Department of Education",2,"UPS (I-VIII)",6,M.Phil,3,"B.Ed. or equivalent",0,0,0,0,0,0,0,0,2,2,0,0,0,0,0,0,0,0,4,2,2
2019-20,33,Tamilnadu,3304,VELLORE,330408,ARCOT,1,"Department of Education",2,"UPS (I-VIII)",6,M.Phil,3,"B.Ed. or equivalent",0,0,0,0,1,0,0,0,1,2,0,0,0,0,0,0,0,0,4,2,2
2019-20,33,Tamilnadu,3304,VELLORE,330409,"VELLORE RURAL",1,"Department of Education",2,"UPS (I-VIII)",6,M.Phil,3,"B.Ed. or equivalent",0,0,0,0,0,2,0,0,1,3,0,0,0,0,0,0,0,0,6,1,5
2019-20,33,Tamilnadu,3304,VELLORE,330411,KANIYAMBADI,1,"Department of Education",2,"UPS (I-VIII)",6,M.Phil,3,"B.Ed. or equivalent",0,0,0,0,0,1,1,1,3,3,0,0,0,0,0,0,0,0,9,4,5
2019-20,33,Tamilnadu,3304,VELLORE,330412,ANAICUT,1,"Department of Education",2,"UPS (I-VIII)",6,M.Phil,3,"B.Ed. or equivalent",0,0,0,0,0,0,2,0,2,1,0,0,0,0,0,0,0,0,5,4,1
2019-20,33,Tamilnadu,3304,VELLORE,330413,KATPADI,1,"Department of Education",2,"UPS (I-VIII)",6,M.Phil,3,"B.Ed. or equivalent",0,0,0,0,0,0,0,1,1,10,0,0,0,0,0,0,0,0,12,1,11
2019-20,33,Tamilnadu,3304,VELLORE,330414,K.V.KUPPAM,1,"Department of Education",2,"UPS (I-VIII)",6,M.Phil,3,"B.Ed. or equivalent",0,0,0,0,0,0,0,0,0,3,0,0,0,0,0,0,0,0,3,0,3
2019-20,33,Tamilnadu,3304,VELLORE,330415,GUDIYATHAM,1,"Department of Education",2,"UPS (I-VIII)",6,M.Phil,3,"B.Ed. or equivalent",0,0,0,0,0,0,1,0,5,4,0,0,0,0,0,0,0,0,10,6,4
2019-20,33,Tamilnadu,3304,VELLORE,330416,PERNAMBUT,1,"Department of Education",2,"UPS (I-VIII)",6,M.Phil,3,"B.Ed. or equivalent",0,0,0,0,0,0,0,0,2,1,0,0,0,0,0,0,0,0,3,2,1
2019-20,33,Tamilnadu,3304,VELLORE,330417,MADHANUR,1,"Department of Education",2,"UPS (I-VIII)",6,M.Phil,3,"B.Ed. or equivalent",0,0,0,0,0,0,0,0,2,1,0,0,0,0,0,0,0,0,3,2,1
2019-20,33,Tamilnadu,3304,VELLORE,330418,ALANGAYAM,1,"Department of Education",2,"UPS (I-VIII)",6,M.Phil,3,"B.Ed. or equivalent",0,0,0,0,0,0,0,0,2,0,0,0,0,0,0,0,0,0,2,2,0
2019-20,33,Tamilnadu,3304,VELLORE,330419,NATRAMPALLI,1,"Department of Education",2,"UPS (I-VIII)",6,M.Phil,3,"B.Ed. or equivalent",0,0,0,0,0,0,0,0,3,1,0,0,0,0,0,0,0,0,4,3,1
2019-20,33,Tamilnadu,3304,VELLORE,330420,JOLARPET,1,"Department of Education",2,"UPS (I-VIII)",6,M.Phil,3,"B.Ed. or equivalent",0,0,0,0,1,0,0,0,6,1,0,0,0,0,0,0,0,0,8,7,1
2019-20,33,Tamilnadu,3304,VELLORE,330421,THIRUPATTUR,1,"Department of Education",2,"UPS (I-VIII)",6,M.Phil,3,"B.Ed. or equivalent",0,0,0,0,0,0,0,0,6,3,0,0,0,0,0,0,0,0,9,6,3
2019-20,33,Tamilnadu,3304,VELLORE,330422,KANDHILI,1,"Department of Education",2,"UPS (I-VIII)",6,M.Phil,3,"B.Ed. or equivalent",0,0,0,0,0,0,1,1,2,2,0,0,0,0,0,0,0,0,6,3,3
2019-20,33,Tamilnadu,3304,VELLORE,330410,"VELLORE URBAN",1,"Department of Education",3,"HSS (I-XII)",6,M.Phil,3,"B.Ed. or equivalent",0,0,0,0,0,0,0,0,0,0,0,2,1,4,0,0,2,7,16,3,13
2019-20,33,Tamilnadu,3304,VELLORE,330415,GUDIYATHAM,1,"Department of Education",3,"HSS (I-XII)",6,M.Phil,3,"B.Ed. or equivalent",0,0,0,0,0,0,0,0,1,0,0,2,1,1,0,0,1,5,11,3,8
2019-20,33,Tamilnadu,3304,VELLORE,330401,ARAKKONAM,1,"Department of Education",5,"HSS (VI-XII)",6,M.Phil,3,"B.Ed. or equivalent",0,0,0,0,0,0,0,0,0,0,1,2,2,2,0,1,9,8,25,12,13
2019-20,33,Tamilnadu,3304,VELLORE,330402,NEMILI,1,"Department of Education",5,"HSS (VI-XII)",6,M.Phil,3,"B.Ed. or equivalent",0,0,0,0,0,0,0,0,0,0,6,2,1,3,8,2,8,10,40,23,17
2019-20,33,Tamilnadu,3304,VELLORE,330403,KAVERIPAKKAM,1,"Department of Education",5,"HSS (VI-XII)",6,M.Phil,3,"B.Ed. or equivalent",0,0,0,0,0,0,0,0,0,1,2,3,6,3,0,1,10,9,35,18,17
2019-20,33,Tamilnadu,3304,VELLORE,330404,SHOLINGAR,1,"Department of Education",5,"HSS (VI-XII)",6,M.Phil,3,"B.Ed. or equivalent",0,0,0,0,0,0,0,0,1,0,5,12,3,3,2,0,15,8,49,26,23
2019-20,33,Tamilnadu,3304,VELLORE,330405,"WALAJA WEST",1,"Department of Education",5,"HSS (VI-XII)",6,M.Phil,3,"B.Ed. or equivalent",0,0,0,0,0,0,0,0,0,1,1,4,0,1,3,2,5,4,21,9,12
2019-20,33,Tamilnadu,3304,VELLORE,330406,"WALAJA EAST",1,"Department of Education",5,"HSS (VI-XII)",6,M.Phil,3,"B.Ed. or equivalent",0,0,0,0,0,0,0,0,1,0,4,12,6,3,1,1,7,15,50,19,31
2019-20,33,Tamilnadu,3304,VELLORE,330407,TIMIRI,1,"Department of Education",5,"HSS (VI-XII)",6,M.Phil,3,"B.Ed. or equivalent",0,0,0,0,0,0,0,0,0,2,4,6,5,5,5,2,22,12,63,36,27
2019-20,33,Tamilnadu,3304,VELLORE,330408,ARCOT,1,"Department of Education",5,"HSS (VI-XII)",6,M.Phil,3,"B.Ed. or equivalent",0,0,0,0,0,0,0,0,0,3,3,4,0,1,4,2,5,1,23,12,11
2019-20,33,Tamilnadu,3304,VELLORE,330409,"VELLORE RURAL",1,"Department of Education",5,"HSS (VI-XII)",6,M.Phil,3,"B.Ed. or equivalent",0,0,0,0,0,0,0,0,0,2,0,4,4,6,1,3,7,9,36,12,24
2019-20,33,Tamilnadu,3304,VELLORE,330410,"VELLORE URBAN",1,"Department of Education",5,"HSS (VI-XII)",6,M.Phil,3,"B.Ed. or equivalent",0,0,0,0,0,0,0,0,0,0,0,7,1,2,2,2,5,8,27,8,19
2019-20,33,Tamilnadu,3304,VELLORE,330411,KANIYAMBADI,1,"Department of Education",5,"HSS (VI-XII)",6,M.Phil,3,"B.Ed. or equivalent",0,0,0,0,0,0,0,0,0,0,2,2,4,1,3,1,10,10,33,19,14
2019-20,33,Tamilnadu,3304,VELLORE,330412,ANAICUT,1,"Department of Education",5,"HSS (VI-XII)",6,M.Phil,3,"B.Ed. or equivalent",0,0,0,0,0,0,0,0,0,2,3,10,4,7,1,1,15,16,59,23,36
2019-20,33,Tamilnadu,3304,VELLORE,330413,KATPADI,1,"Department of Education",5,"HSS (VI-XII)",6,M.Phil,3,"B.Ed. or equivalent",0,0,0,0,0,0,0,0,0,1,3,6,5,8,1,4,15,14,57,24,33
2019-20,33,Tamilnadu,3304,VELLORE,330414,K.V.KUPPAM,1,"Department of Education",5,"HSS (VI-XII)",6,M.Phil,3,"B.Ed. or equivalent",0,0,0,0,0,0,0,0,1,2,1,7,3,1,2,5,10,9,41,17,24
2019-20,33,Tamilnadu,3304,VELLORE,330415,GUDIYATHAM,1,"Department of Education",5,"HSS (VI-XII)",6,M.Phil,3,"B.Ed. or equivalent",0,0,0,0,0,0,0,0,2,0,3,9,3,1,2,2,16,4,42,26,16
2019-20,33,Tamilnadu,3304,VELLORE,330416,PERNAMBUT,1,"Department of Education",5,"HSS (VI-XII)",6,M.Phil,3,"B.Ed. or equivalent",0,0,0,0,0,0,0,0,0,1,0,0,1,0,2,0,9,4,17,12,5
2019-20,33,Tamilnadu,3304,VELLORE,330417,MADHANUR,1,"Department of Education",5,"HSS (VI-XII)",6,M.Phil,3,"B.Ed. or equivalent",0,0,0,0,0,0,0,0,0,1,0,0,2,2,0,0,1,0,6,3,3
2019-20,33,Tamilnadu,3304,VELLORE,330418,ALANGAYAM,1,"Department of Education",5,"HSS (VI-XII)",6,M.Phil,3,"B.Ed. or equivalent",0,0,0,0,0,0,0,0,1,1,1,1,0,1,4,0,6,7,22,12,10
2019-20,33,Tamilnadu,3304,VELLORE,330419,NATRAMPALLI,1,"Department of Education",5,"HSS (VI-XII)",6,M.Phil,3,"B.Ed. or equivalent",0,0,0,0,0,0,0,0,1,1,2,2,4,1,1,1,15,10,38,23,15
2019-20,33,Tamilnadu,3304,VELLORE,330420,JOLARPET,1,"Department of Education",5,"HSS (VI-XII)",6,M.Phil,3,"B.Ed. or equivalent",0,0,0,0,0,0,0,0,1,0,6,3,6,8,2,0,14,16,56,29,27
2019-20,33,Tamilnadu,3304,VELLORE,330421,THIRUPATTUR,1,"Department of Education",5,"HSS (VI-XII)",6,M.Phil,3,"B.Ed. or equivalent",0,0,0,0,0,0,0,0,0,0,7,6,4,2,3,0,15,11,48,29,19
2019-20,33,Tamilnadu,3304,VELLORE,330422,KANDHILI,1,"Department of Education",5,"HSS (VI-XII)",6,M.Phil,3,"B.Ed. or equivalent",0,0,0,0,0,0,0,0,1,3,4,8,9,7,11,5,24,13,85,49,36
2019-20,33,Tamilnadu,3304,VELLORE,330401,ARAKKONAM,1,"Department of Education",7,"SS (VI-X)",6,M.Phil,3,"B.Ed. or equivalent",0,0,0,0,0,0,0,0,0,0,0,0,0,1,0,0,0,0,1,0,1
2019-20,33,Tamilnadu,3304,VELLORE,330402,NEMILI,1,"Department of Education",7,"SS (VI-X)",6,M.Phil,3,"B.Ed. or equivalent",0,0,0,0,0,0,0,0,0,0,2,5,2,1,0,0,0,0,10,4,6
2019-20,33,Tamilnadu,3304,VELLORE,330403,KAVERIPAKKAM,1,"Department of Education",7,"SS (VI-X)",6,M.Phil,3,"B.Ed. or equivalent",0,0,0,0,0,0,0,0,0,0,8,3,3,2,0,0,0,0,16,11,5
2019-20,33,Tamilnadu,3304,VELLORE,330404,SHOLINGAR,1,"Department of Education",7,"SS (VI-X)",6,M.Phil,3,"B.Ed. or equivalent",0,0,0,0,0,0,0,0,0,0,1,1,1,0,0,0,0,0,3,2,1
2019-20,33,Tamilnadu,3304,VELLORE,330405,"WALAJA WEST",1,"Department of Education",7,"SS (VI-X)",6,M.Phil,3,"B.Ed. or equivalent",0,0,0,0,0,0,0,0,0,0,2,4,3,5,0,0,0,0,14,5,9
2019-20,33,Tamilnadu,3304,VELLORE,330407,TIMIRI,1,"Department of Education",7,"SS (VI-X)",6,M.Phil,3,"B.Ed. or equivalent",0,0,0,0,0,0,0,0,0,0,0,0,0,1,0,0,0,0,1,0,1
2019-20,33,Tamilnadu,3304,VELLORE,330408,ARCOT,1,"Department of Education",7,"SS (VI-X)",6,M.Phil,3,"B.Ed. or equivalent",0,0,0,0,0,0,0,0,0,2,5,6,1,1,0,0,0,0,15,6,9
2019-20,33,Tamilnadu,3304,VELLORE,330409,"VELLORE RURAL",1,"Department of Education",7,"SS (VI-X)",6,M.Phil,3,"B.Ed. or equivalent",0,0,0,0,0,0,0,0,0,0,4,5,1,0,0,0,0,0,10,5,5
2019-20,33,Tamilnadu,3304,VELLORE,330411,KANIYAMBADI,1,"Department of Education",7,"SS (VI-X)",6,M.Phil,3,"B.Ed. or equivalent",0,0,0,0,0,0,0,0,1,0,0,2,0,0,0,0,0,0,3,1,2
2019-20,33,Tamilnadu,3304,VELLORE,330412,ANAICUT,1,"Department of Education",7,"SS (VI-X)",6,M.Phil,3,"B.Ed. or equivalent",0,0,0,0,0,0,0,0,1,1,7,2,0,1,0,0,0,0,12,8,4
2019-20,33,Tamilnadu,3304,VELLORE,330413,KATPADI,1,"Department of Education",7,"SS (VI-X)",6,M.Phil,3,"B.Ed. or equivalent",0,0,0,0,0,0,0,0,0,0,1,2,0,0,0,0,0,0,3,1,2
2019-20,33,Tamilnadu,3304,VELLORE,330414,K.V.KUPPAM,1,"Department of Education",7,"SS (VI-X)",6,M.Phil,3,"B.Ed. or equivalent",0,0,0,0,0,0,0,0,0,2,5,4,0,0,0,0,0,0,11,5,6
2019-20,33,Tamilnadu,3304,VELLORE,330415,GUDIYATHAM,1,"Department of Education",7,"SS (VI-X)",6,M.Phil,3,"B.Ed. or equivalent",0,0,0,0,0,0,0,0,0,0,3,1,0,0,0,0,0,0,4,3,1
2019-20,33,Tamilnadu,3304,VELLORE,330416,PERNAMBUT,1,"Department of Education",7,"SS (VI-X)",6,M.Phil,3,"B.Ed. or equivalent",0,0,0,0,0,0,0,0,0,0,7,4,3,0,0,0,0,0,14,10,4
2019-20,33,Tamilnadu,3304,VELLORE,330417,MADHANUR,1,"Department of Education",7,"SS (VI-X)",6,M.Phil,3,"B.Ed. or equivalent",0,0,0,0,0,0,0,0,0,0,3,7,2,1,0,0,0,0,13,5,8
2019-20,33,Tamilnadu,3304,VELLORE,330418,ALANGAYAM,1,"Department of Education",7,"SS (VI-X)",6,M.Phil,3,"B.Ed. or equivalent",0,0,0,0,0,0,0,0,2,0,3,1,5,1,0,0,0,0,12,10,2
2019-20,33,Tamilnadu,3304,VELLORE,330419,NATRAMPALLI,1,"Department of Education",7,"SS (VI-X)",6,M.Phil,3,"B.Ed. or equivalent",0,0,0,0,0,0,0,0,0,0,7,4,3,1,0,0,0,0,15,10,5
2019-20,33,Tamilnadu,3304,VELLORE,330420,JOLARPET,1,"Department of Education",7,"SS (VI-X)",6,M.Phil,3,"B.Ed. or equivalent",0,0,0,0,0,0,0,0,0,0,7,4,0,2,0,0,0,0,13,7,6
2019-20,33,Tamilnadu,3304,VELLORE,330421,THIRUPATTUR,1,"Department of Education",7,"SS (VI-X)",6,M.Phil,3,"B.Ed. or equivalent",0,0,0,0,0,0,0,0,0,1,6,1,5,1,0,0,0,0,14,11,3
2019-20,33,Tamilnadu,3304,VELLORE,330422,KANDHILI,1,"Department of Education",7,"SS (VI-X)",6,M.Phil,3,"B.Ed. or equivalent",0,0,0,0,0,0,0,0,0,1,4,7,2,0,0,0,0,0,14,6,8
2019-20,33,Tamilnadu,3304,VELLORE,330407,TIMIRI,1,"Department of Education",1,"PS (I-V)",6,M.Phil,4,"M.Ed. or equivalent",0,0,0,0,0,1,0,0,0,0,0,0,0,0,0,0,0,0,1,0,1
2019-20,33,Tamilnadu,3304,VELLORE,330413,KATPADI,1,"Department of Education",1,"PS (I-V)",6,M.Phil,4,"M.Ed. or equivalent",0,0,0,0,0,1,0,0,0,0,0,0,0,0,0,0,0,0,1,0,1
2019-20,33,Tamilnadu,3304,VELLORE,330415,GUDIYATHAM,1,"Department of Education",1,"PS (I-V)",6,M.Phil,4,"M.Ed. or equivalent",0,0,0,0,1,0,0,0,0,0,0,0,0,0,0,0,0,0,1,1,0
2019-20,33,Tamilnadu,3304,VELLORE,330416,PERNAMBUT,1,"Department of Education",1,"PS (I-V)",6,M.Phil,4,"M.Ed. or equivalent",0,0,0,0,0,1,0,0,0,0,0,0,0,0,0,0,0,0,1,0,1
2019-20,33,Tamilnadu,3304,VELLORE,330421,THIRUPATTUR,1,"Department of Education",1,"PS (I-V)",6,M.Phil,4,"M.Ed. or equivalent",0,0,0,0,0,1,0,0,0,0,0,0,0,0,0,0,0,0,1,0,1
2019-20,33,Tamilnadu,3304,VELLORE,330422,KANDHILI,1,"Department of Education",1,"PS (I-V)",6,M.Phil,4,"M.Ed. or equivalent",0,0,0,0,0,1,0,0,0,0,0,0,0,0,0,0,0,0,1,0,1
2019-20,33,Tamilnadu,3304,VELLORE,330403,KAVERIPAKKAM,1,"Department of Education",2,"UPS (I-VIII)",6,M.Phil,4,"M.Ed. or equivalent",0,0,0,0,0,0,0,0,1,0,0,0,0,0,0,0,0,0,1,1,0
2019-20,33,Tamilnadu,3304,VELLORE,330404,SHOLINGAR,1,"Department of Education",2,"UPS (I-VIII)",6,M.Phil,4,"M.Ed. or equivalent",0,0,0,0,0,0,0,1,1,0,0,0,0,0,0,0,0,0,2,1,1
2019-20,33,Tamilnadu,3304,VELLORE,330405,"WALAJA WEST",1,"Department of Education",2,"UPS (I-VIII)",6,M.Phil,4,"M.Ed. or equivalent",0,0,0,0,0,0,0,0,0,2,0,0,0,0,0,0,0,0,2,0,2
2019-20,33,Tamilnadu,3304,VELLORE,330407,TIMIRI,1,"Department of Education",2,"UPS (I-VIII)",6,M.Phil,4,"M.Ed. or equivalent",0,0,0,0,0,0,0,0,1,0,0,0,0,0,0,0,0,0,1,1,0
2019-20,33,Tamilnadu,3304,VELLORE,330409,"VELLORE RURAL",1,"Department of Education",2,"UPS (I-VIII)",6,M.Phil,4,"M.Ed. or equivalent",0,0,0,0,0,0,0,0,0,1,0,0,0,0,0,0,0,0,1,0,1
2019-20,33,Tamilnadu,3304,VELLORE,330411,KANIYAMBADI,1,"Department of Education",2,"UPS (I-VIII)",6,M.Phil,4,"M.Ed. or equivalent",0,0,0,0,0,0,0,1,1,0,0,0,0,0,0,0,0,0,2,1,1
2019-20,33,Tamilnadu,3304,VELLORE,330412,ANAICUT,1,"Department of Education",2,"UPS (I-VIII)",6,M.Phil,4,"M.Ed. or equivalent",0,0,0,0,0,0,0,0,2,0,0,0,0,0,0,0,0,0,2,2,0
2019-20,33,Tamilnadu,3304,VELLORE,330413,KATPADI,1,"Department of Education",2,"UPS (I-VIII)",6,M.Phil,4,"M.Ed. or equivalent",0,0,0,0,0,0,0,0,0,1,0,0,0,0,0,0,0,0,1,0,1
2019-20,33,Tamilnadu,3304,VELLORE,330414,K.V.KUPPAM,1,"Department of Education",2,"UPS (I-VIII)",6,M.Phil,4,"M.Ed. or equivalent",0,0,0,0,0,0,0,1,1,0,0,0,0,0,0,0,0,0,2,1,1
2019-20,33,Tamilnadu,3304,VELLORE,330416,PERNAMBUT,1,"Department of Education",2,"UPS (I-VIII)",6,M.Phil,4,"M.Ed. or equivalent",0,0,0,0,0,0,0,0,1,0,0,0,0,0,0,0,0,0,1,1,0
2019-20,33,Tamilnadu,3304,VELLORE,330420,JOLARPET,1,"Department of Education",2,"UPS (I-VIII)",6,M.Phil,4,"M.Ed. or equivalent",0,0,0,0,0,0,0,0,0,1,0,0,0,0,0,0,0,0,1,0,1
2019-20,33,Tamilnadu,3304,VELLORE,330421,THIRUPATTUR,1,"Department of Education",2,"UPS (I-VIII)",6,M.Phil,4,"M.Ed. or equivalent",0,0,0,0,0,0,0,0,0,2,0,0,0,0,0,0,0,0,2,0,2
2019-20,33,Tamilnadu,3304,VELLORE,330410,"VELLORE URBAN",1,"Department of Education",3,"HSS (I-XII)",6,M.Phil,4,"M.Ed. or equivalent",0,0,0,0,0,0,0,0,0,0,0,0,0,1,0,1,1,2,5,1,4
2019-20,33,Tamilnadu,3304,VELLORE,330415,GUDIYATHAM,1,"Department of Education",3,"HSS (I-XII)",6,M.Phil,4,"M.Ed. or equivalent",0,0,0,0,0,0,0,0,0,0,0,0,0,0,0,0,0,3,3,0,3
2019-20,33,Tamilnadu,3304,VELLORE,330401,ARAKKONAM,1,"Department of Education",5,"HSS (VI-XII)",6,M.Phil,4,"M.Ed. or equivalent",0,0,0,0,0,0,0,0,0,0,0,0,0,0,0,0,2,2,4,2,2
2019-20,33,Tamilnadu,3304,VELLORE,330402,NEMILI,1,"Department of Education",5,"HSS (VI-XII)",6,M.Phil,4,"M.Ed. or equivalent",0,0,0,0,0,0,0,0,0,0,0,0,1,0,1,0,2,3,7,4,3
2019-20,33,Tamilnadu,3304,VELLORE,330403,KAVERIPAKKAM,1,"Department of Education",5,"HSS (VI-XII)",6,M.Phil,4,"M.Ed. or equivalent",0,0,0,0,0,0,0,0,0,0,0,1,0,1,1,0,2,4,9,3,6
2019-20,33,Tamilnadu,3304,VELLORE,330404,SHOLINGAR,1,"Department of Education",5,"HSS (VI-XII)",6,M.Phil,4,"M.Ed. or equivalent",0,0,0,0,0,0,0,0,0,0,0,0,0,0,1,0,5,4,10,6,4
2019-20,33,Tamilnadu,3304,VELLORE,330405,"WALAJA WEST",1,"Department of Education",5,"HSS (VI-XII)",6,M.Phil,4,"M.Ed. or equivalent",0,0,0,0,0,0,0,0,0,0,0,1,0,0,0,2,0,1,4,0,4
2019-20,33,Tamilnadu,3304,VELLORE,330406,"WALAJA EAST",1,"Department of Education",5,"HSS (VI-XII)",6,M.Phil,4,"M.Ed. or equivalent",0,0,0,0,0,0,0,0,0,0,1,1,0,0,0,0,1,4,7,2,5
2019-20,33,Tamilnadu,3304,VELLORE,330407,TIMIRI,1,"Department of Education",5,"HSS (VI-XII)",6,M.Phil,4,"M.Ed. or equivalent",0,0,0,0,0,0,0,0,1,0,1,0,3,0,1,2,6,2,16,12,4
2019-20,33,Tamilnadu,3304,VELLORE,330408,ARCOT,1,"Department of Education",5,"HSS (VI-XII)",6,M.Phil,4,"M.Ed. or equivalent",0,0,0,0,0,0,0,0,0,0,1,0,0,0,1,0,3,3,8,5,3
2019-20,33,Tamilnadu,3304,VELLORE,330409,"VELLORE RURAL",1,"Department of Education",5,"HSS (VI-XII)",6,M.Phil,4,"M.Ed. or equivalent",0,0,0,0,0,0,0,0,0,0,1,0,0,0,1,1,3,1,7,5,2
2019-20,33,Tamilnadu,3304,VELLORE,330410,"VELLORE URBAN",1,"Department of Education",5,"HSS (VI-XII)",6,M.Phil,4,"M.Ed. or equivalent",0,0,0,0,0,0,0,0,0,0,0,0,0,0,0,0,2,3,5,2,3
2019-20,33,Tamilnadu,3304,VELLORE,330411,KANIYAMBADI,1,"Department of Education",5,"HSS (VI-XII)",6,M.Phil,4,"M.Ed. or equivalent",0,0,0,0,0,0,0,0,0,0,0,1,0,0,1,0,3,0,5,4,1
2019-20,33,Tamilnadu,3304,VELLORE,330412,ANAICUT,1,"Department of Education",5,"HSS (VI-XII)",6,M.Phil,4,"M.Ed. or equivalent",0,0,0,0,0,0,0,0,1,0,1,2,0,1,0,1,5,6,17,7,10
2019-20,33,Tamilnadu,3304,VELLORE,330413,KATPADI,1,"Department of Education",5,"HSS (VI-XII)",6,M.Phil,4,"M.Ed. or equivalent",0,0,0,0,0,0,0,0,0,0,1,1,0,2,1,0,8,10,23,10,13
2019-20,33,Tamilnadu,3304,VELLORE,330414,K.V.KUPPAM,1,"Department of Education",5,"HSS (VI-XII)",6,M.Phil,4,"M.Ed. or equivalent",0,0,0,0,0,0,0,0,0,0,0,1,0,0,5,0,1,2,9,6,3
2019-20,33,Tamilnadu,3304,VELLORE,330415,GUDIYATHAM,1,"Department of Education",5,"HSS (VI-XII)",6,M.Phil,4,"M.Ed. or equivalent",0,0,0,0,0,0,0,0,1,0,1,0,0,0,2,0,3,4,11,7,4
2019-20,33,Tamilnadu,3304,VELLORE,330416,PERNAMBUT,1,"Department of Education",5,"HSS (VI-XII)",6,M.Phil,4,"M.Ed. or equivalent",0,0,0,0,0,0,0,0,0,0,0,1,0,0,0,0,3,0,4,3,1
2019-20,33,Tamilnadu,3304,VELLORE,330417,MADHANUR,1,"Department of Education",5,"HSS (VI-XII)",6,M.Phil,4,"M.Ed. or equivalent",0,0,0,0,0,0,0,0,0,0,0,0,0,0,0,0,2,0,2,2,0
2019-20,33,Tamilnadu,3304,VELLORE,330418,ALANGAYAM,1,"Department of Education",5,"HSS (VI-XII)",6,M.Phil,4,"M.Ed. or equivalent",0,0,0,0,0,0,0,0,0,0,0,0,0,0,0,1,2,1,4,2,2
2019-20,33,Tamilnadu,3304,VELLORE,330419,NATRAMPALLI,1,"Department of Education",5,"HSS (VI-XII)",6,M.Phil,4,"M.Ed. or equivalent",0,0,0,0,0,0,0,0,0,0,0,0,1,0,0,1,5,2,9,6,3
2019-20,33,Tamilnadu,3304,VELLORE,330420,JOLARPET,1,"Department of Education",5,"HSS (VI-XII)",6,M.Phil,4,"M.Ed. or equivalent",0,0,0,0,0,0,0,0,1,0,0,0,0,3,3,2,2,2,13,6,7
2019-20,33,Tamilnadu,3304,VELLORE,330421,THIRUPATTUR,1,"Department of Education",5,"HSS (VI-XII)",6,M.Phil,4,"M.Ed. or equivalent",0,0,0,0,0,0,0,0,0,0,0,0,2,0,0,0,5,3,10,7,3
2019-20,33,Tamilnadu,3304,VELLORE,330422,KANDHILI,1,"Department of Education",5,"HSS (VI-XII)",6,M.Phil,4,"M.Ed. or equivalent",0,0,0,0,0,0,0,0,0,0,2,1,1,1,3,0,9,4,21,15,6
2019-20,33,Tamilnadu,3304,VELLORE,330401,ARAKKONAM,1,"Department of Education",7,"SS (VI-X)",6,M.Phil,4,"M.Ed. or equivalent",0,0,0,0,0,0,0,0,0,0,1,0,0,0,0,0,0,0,1,1,0
2019-20,33,Tamilnadu,3304,VELLORE,330402,NEMILI,1,"Department of Education",7,"SS (VI-X)",6,M.Phil,4,"M.Ed. or equivalent",0,0,0,0,0,0,0,0,0,0,1,0,0,1,0,0,0,0,2,1,1
2019-20,33,Tamilnadu,3304,VELLORE,330403,KAVERIPAKKAM,1,"Department of Education",7,"SS (VI-X)",6,M.Phil,4,"M.Ed. or equivalent",0,0,0,0,0,0,0,0,0,0,1,0,0,0,0,0,0,0,1,1,0
2019-20,33,Tamilnadu,3304,VELLORE,330404,SHOLINGAR,1,"Department of Education",7,"SS (VI-X)",6,M.Phil,4,"M.Ed. or equivalent",0,0,0,0,0,0,0,0,0,0,1,0,1,0,0,0,0,0,2,2,0
2019-20,33,Tamilnadu,3304,VELLORE,330405,"WALAJA WEST",1,"Department of Education",7,"SS (VI-X)",6,M.Phil,4,"M.Ed. or equivalent",0,0,0,0,0,0,0,0,0,0,1,1,0,1,0,0,0,0,3,1,2
2019-20,33,Tamilnadu,3304,VELLORE,330407,TIMIRI,1,"Department of Education",7,"SS (VI-X)",6,M.Phil,4,"M.Ed. or equivalent",0,0,0,0,0,0,0,0,0,0,0,1,0,0,0,0,0,0,1,0,1
2019-20,33,Tamilnadu,3304,VELLORE,330409,"VELLORE RURAL",1,"Department of Education",7,"SS (VI-X)",6,M.Phil,4,"M.Ed. or equivalent",0,0,0,0,0,0,0,0,0,0,0,1,0,1,0,0,0,0,2,0,2
2019-20,33,Tamilnadu,3304,VELLORE,330412,ANAICUT,1,"Department of Education",7,"SS (VI-X)",6,M.Phil,4,"M.Ed. or equivalent",0,0,0,0,0,0,0,0,0,0,0,0,1,0,0,0,0,0,1,1,0
2019-20,33,Tamilnadu,3304,VELLORE,330413,KATPADI,1,"Department of Education",7,"SS (VI-X)",6,M.Phil,4,"M.Ed. or equivalent",0,0,0,0,0,0,0,0,0,0,1,0,0,0,0,0,0,0,1,1,0
2019-20,33,Tamilnadu,3304,VELLORE,330414,K.V.KUPPAM,1,"Department of Education",7,"SS (VI-X)",6,M.Phil,4,"M.Ed. or equivalent",0,0,0,0,0,0,0,0,0,0,0,1,0,0,0,0,0,0,1,0,1
2019-20,33,Tamilnadu,3304,VELLORE,330415,GUDIYATHAM,1,"Department of Education",7,"SS (VI-X)",6,M.Phil,4,"M.Ed. or equivalent",0,0,0,0,0,0,0,0,0,0,0,1,0,0,0,0,0,0,1,0,1
2019-20,33,Tamilnadu,3304,VELLORE,330416,PERNAMBUT,1,"Department of Education",7,"SS (VI-X)",6,M.Phil,4,"M.Ed. or equivalent",0,0,0,0,0,0,0,0,0,0,4,0,0,0,0,0,0,0,4,4,0
2019-20,33,Tamilnadu,3304,VELLORE,330417,MADHANUR,1,"Department of Education",7,"SS (VI-X)",6,M.Phil,4,"M.Ed. or equivalent",0,0,0,0,0,0,0,0,0,0,0,0,2,1,0,0,0,0,3,2,1
2019-20,33,Tamilnadu,3304,VELLORE,330418,ALANGAYAM,1,"Department of Education",7,"SS (VI-X)",6,M.Phil,4,"M.Ed. or equivalent",0,0,0,0,0,0,0,0,0,0,0,2,0,0,0,0,0,0,2,0,2
2019-20,33,Tamilnadu,3304,VELLORE,330419,NATRAMPALLI,1,"Department of Education",7,"SS (VI-X)",6,M.Phil,4,"M.Ed. or equivalent",0,0,0,0,0,0,0,0,0,0,0,1,1,1,0,0,0,0,3,1,2
2019-20,33,Tamilnadu,3304,VELLORE,330420,JOLARPET,1,"Department of Education",7,"SS (VI-X)",6,M.Phil,4,"M.Ed. or equivalent",0,0,0,0,0,0,0,0,0,0,1,0,0,1,0,0,0,0,2,1,1
2019-20,33,Tamilnadu,3304,VELLORE,330421,THIRUPATTUR,1,"Department of Education",7,"SS (VI-X)",6,M.Phil,4,"M.Ed. or equivalent",0,0,0,0,0,0,0,0,0,0,2,1,0,1,0,0,0,0,4,2,2
2019-20,33,Tamilnadu,3304,VELLORE,330422,KANDHILI,1,"Department of Education",7,"SS (VI-X)",6,M.Phil,4,"M.Ed. or equivalent",0,0,0,0,0,0,0,0,0,0,1,0,1,0,0,0,0,0,2,2,0
2019-20,33,Tamilnadu,3304,VELLORE,330401,ARAKKONAM,1,"Department of Education",5,"HSS (VI-XII)",6,M.Phil,5,Others,0,0,0,0,0,0,0,0,0,0,0,0,0,0,0,1,0,0,1,0,1
2019-20,33,Tamilnadu,3304,VELLORE,330407,TIMIRI,1,"Department of Education",5,"HSS (VI-XII)",6,M.Phil,5,Others,0,0,0,0,0,0,0,0,0,0,0,1,0,1,0,0,0,0,2,0,2
2019-20,33,Tamilnadu,3304,VELLORE,330415,GUDIYATHAM,1,"Department of Education",5,"HSS (VI-XII)",6,M.Phil,5,Others,0,0,0,0,0,0,0,0,0,0,1,0,0,0,0,0,0,0,1,1,0
2019-20,33,Tamilnadu,3304,VELLORE,330415,GUDIYATHAM,1,"Department of Education",2,"UPS (I-VIII)",6,M.Phil,6,None,0,0,0,0,0,0,0,0,1,0,0,0,0,0,0,0,0,0,1,1,0
2019-20,33,Tamilnadu,3304,VELLORE,330415,GUDIYATHAM,1,"Department of Education",3,"HSS (I-XII)",6,M.Phil,6,None,0,0,0,0,0,0,0,0,0,0,0,0,0,0,0,0,0,1,1,0,1
2019-20,33,Tamilnadu,3304,VELLORE,330402,NEMILI,1,"Department of Education",5,"HSS (VI-XII)",6,M.Phil,6,None,0,0,0,0,0,0,0,0,0,0,0,0,0,0,1,0,0,0,1,1,0
2019-20,33,Tamilnadu,3304,VELLORE,330404,SHOLINGAR,1,"Department of Education",5,"HSS (VI-XII)",6,M.Phil,6,None,0,0,0,0,0,0,0,0,0,0,0,0,0,0,1,0,0,0,1,1,0
2019-20,33,Tamilnadu,3304,VELLORE,330407,TIMIRI,1,"Department of Education",5,"HSS (VI-XII)",6,M.Phil,6,None,0,0,0,0,0,0,0,0,0,0,0,0,0,0,1,0,0,0,1,1,0
2019-20,33,Tamilnadu,3304,VELLORE,330409,"VELLORE RURAL",1,"Department of Education",5,"HSS (VI-XII)",6,M.Phil,6,None,0,0,0,0,0,0,0,0,0,0,0,0,0,0,1,0,0,0,1,1,0
2019-20,33,Tamilnadu,3304,VELLORE,330410,"VELLORE URBAN",1,"Department of Education",5,"HSS (VI-XII)",6,M.Phil,6,None,0,0,0,0,0,0,0,0,0,0,0,0,0,0,0,0,0,1,1,0,1
2019-20,33,Tamilnadu,3304,VELLORE,330411,KANIYAMBADI,1,"Department of Education",5,"HSS (VI-XII)",6,M.Phil,6,None,0,0,0,0,0,0,0,0,1,0,0,1,0,0,0,0,0,0,2,1,1
2019-20,33,Tamilnadu,3304,VELLORE,330413,KATPADI,1,"Department of Education",5,"HSS (VI-XII)",6,M.Phil,6,None,0,0,0,0,0,0,0,0,0,0,1,0,0,0,0,0,0,0,1,1,0
2019-20,33,Tamilnadu,3304,VELLORE,330414,K.V.KUPPAM,1,"Department of Education",5,"HSS (VI-XII)",6,M.Phil,6,None,0,0,0,0,0,0,0,0,0,0,1,0,0,0,0,0,0,0,1,1,0
2019-20,33,Tamilnadu,3304,VELLORE,330415,GUDIYATHAM,1,"Department of Education",5,"HSS (VI-XII)",6,M.Phil,6,None,0,0,0,0,0,0,0,0,0,0,0,0,0,0,0,0,0,1,1,0,1
2019-20,33,Tamilnadu,3304,VELLORE,330418,ALANGAYAM,1,"Department of Education",5,"HSS (VI-XII)",6,M.Phil,6,None,0,0,0,0,0,0,0,0,1,0,0,0,1,0,0,0,0,0,2,2,0
2019-20,33,Tamilnadu,3304,VELLORE,330419,NATRAMPALLI,1,"Department of Education",5,"HSS (VI-XII)",6,M.Phil,6,None,0,0,0,0,0,0,0,0,1,0,0,0,0,0,0,0,1,0,2,2,0
2019-20,33,Tamilnadu,3304,VELLORE,330420,JOLARPET,1,"Department of Education",5,"HSS (VI-XII)",6,M.Phil,6,None,0,0,0,0,0,0,0,0,0,0,0,0,0,0,0,2,0,0,2,0,2
2019-20,33,Tamilnadu,3304,VELLORE,330421,THIRUPATTUR,1,"Department of Education",5,"HSS (VI-XII)",6,M.Phil,6,None,0,0,0,0,0,0,0,0,0,0,0,0,0,0,0,1,0,0,1,0,1
2019-20,33,Tamilnadu,3304,VELLORE,330422,KANDHILI,1,"Department of Education",5,"HSS (VI-XII)",6,M.Phil,6,None,0,0,0,0,0,0,0,0,0,1,0,1,0,0,0,0,0,0,2,0,2
2019-20,33,Tamilnadu,3304,VELLORE,330417,MADHANUR,1,"Department of Education",7,"SS (VI-X)",6,M.Phil,6,None,0,0,0,0,0,0,0,0,1,0,0,0,0,0,0,0,0,0,1,1,0
2019-20,33,Tamilnadu,3304,VELLORE,330418,ALANGAYAM,1,"Department of Education",7,"SS (VI-X)",6,M.Phil,6,None,0,0,0,0,0,0,0,0,1,0,0,0,0,0,0,0,0,0,1,1,0
2019-20,33,Tamilnadu,3304,VELLORE,330421,THIRUPATTUR,1,"Department of Education",7,"SS (VI-X)",6,M.Phil,6,None,0,0,0,0,0,0,0,0,0,0,0,1,0,0,0,0,0,0,1,0,1
2019-20,33,Tamilnadu,3304,VELLORE,330405,"WALAJA WEST",1,"Department of Education",2,"UPS (I-VIII)",7,Ph.D,3,"B.Ed. or equivalent",0,0,0,0,0,0,0,0,1,0,0,0,0,0,0,0,0,0,1,1,0
2019-20,33,Tamilnadu,3304,VELLORE,330402,NEMILI,1,"Department of Education",5,"HSS (VI-XII)",7,Ph.D,3,"B.Ed. or equivalent",0,0,0,0,0,0,0,0,0,0,0,0,0,0,0,0,0,1,1,0,1
2019-20,33,Tamilnadu,3304,VELLORE,330405,"WALAJA WEST",1,"Department of Education",5,"HSS (VI-XII)",7,Ph.D,3,"B.Ed. or equivalent",0,0,0,0,0,0,0,0,0,0,0,0,0,0,1,0,1,0,2,2,0
2019-20,33,Tamilnadu,3304,VELLORE,330406,"WALAJA EAST",1,"Department of Education",5,"HSS (VI-XII)",7,Ph.D,3,"B.Ed. or equivalent",0,0,0,0,0,0,0,0,0,0,0,0,0,0,0,0,1,1,2,1,1
2019-20,33,Tamilnadu,3304,VELLORE,330407,TIMIRI,1,"Department of Education",5,"HSS (VI-XII)",7,Ph.D,3,"B.Ed. or equivalent",0,0,0,0,0,0,0,0,0,0,0,0,0,0,1,0,1,0,2,2,0
2019-20,33,Tamilnadu,3304,VELLORE,330409,"VELLORE RURAL",1,"Department of Education",5,"HSS (VI-XII)",7,Ph.D,3,"B.Ed. or equivalent",0,0,0,0,0,0,0,0,0,0,0,0,0,0,0,0,1,0,1,1,0
2019-20,33,Tamilnadu,3304,VELLORE,330410,"VELLORE URBAN",1,"Department of Education",5,"HSS (VI-XII)",7,Ph.D,3,"B.Ed. or equivalent",0,0,0,0,0,0,0,0,0,0,1,0,0,0,0,0,0,0,1,1,0
2019-20,33,Tamilnadu,3304,VELLORE,330412,ANAICUT,1,"Department of Education",5,"HSS (VI-XII)",7,Ph.D,3,"B.Ed. or equivalent",0,0,0,0,0,0,0,0,0,0,0,0,0,0,0,0,1,0,1,1,0
2019-20,33,Tamilnadu,3304,VELLORE,330413,KATPADI,1,"Department of Education",5,"HSS (VI-XII)",7,Ph.D,3,"B.Ed. or equivalent",0,0,0,0,0,0,0,0,1,0,0,0,0,0,0,0,1,0,2,2,0
2019-20,33,Tamilnadu,3304,VELLORE,330416,PERNAMBUT,1,"Department of Education",5,"HSS (VI-XII)",7,Ph.D,3,"B.Ed. or equivalent",0,0,0,0,0,0,0,0,0,0,0,0,1,0,0,0,0,0,1,1,0
2019-20,33,Tamilnadu,3304,VELLORE,330418,ALANGAYAM,1,"Department of Education",5,"HSS (VI-XII)",7,Ph.D,3,"B.Ed. or equivalent",0,0,0,0,0,0,0,0,0,0,0,0,0,0,0,0,1,0,1,1,0
2019-20,33,Tamilnadu,3304,VELLORE,330422,KANDHILI,1,"Department of Education",5,"HSS (VI-XII)",7,Ph.D,3,"B.Ed. or equivalent",0,0,0,0,0,0,0,0,0,0,0,0,0,0,0,0,1,0,1,1,0
2019-20,33,Tamilnadu,3304,VELLORE,330402,NEMILI,1,"Department of Education",7,"SS (VI-X)",7,Ph.D,3,"B.Ed. or equivalent",0,0,0,0,0,0,0,0,0,0,1,0,0,0,0,0,0,0,1,1,0
2019-20,33,Tamilnadu,3304,VELLORE,330403,KAVERIPAKKAM,1,"Department of Education",7,"SS (VI-X)",7,Ph.D,3,"B.Ed. or equivalent",0,0,0,0,0,0,0,0,0,0,0,1,1,0,0,0,0,0,2,1,1
2019-20,33,Tamilnadu,3304,VELLORE,330408,ARCOT,1,"Department of Education",7,"SS (VI-X)",7,Ph.D,3,"B.Ed. or equivalent",0,0,0,0,0,0,0,0,0,1,0,0,0,0,0,0,0,0,1,0,1
2019-20,33,Tamilnadu,3304,VELLORE,330412,ANAICUT,1,"Department of Education",7,"SS (VI-X)",7,Ph.D,3,"B.Ed. or equivalent",0,0,0,0,0,0,0,0,0,0,1,0,0,0,0,0,0,0,1,1,0
2019-20,33,Tamilnadu,3304,VELLORE,330421,THIRUPATTUR,1,"Department of Education",2,"UPS (I-VIII)",7,Ph.D,4,"M.Ed. or equivalent",0,0,0,0,0,0,0,0,0,1,0,0,0,0,0,0,0,0,1,0,1
2019-20,33,Tamilnadu,3304,VELLORE,330410,"VELLORE URBAN",1,"Department of Education",3,"HSS (I-XII)",7,Ph.D,4,"M.Ed. or equivalent",0,0,0,0,0,0,0,0,0,0,0,0,0,0,0,0,0,1,1,0,1
2019-20,33,Tamilnadu,3304,VELLORE,330402,NEMILI,1,"Department of Education",5,"HSS (VI-XII)",7,Ph.D,4,"M.Ed. or equivalent",0,0,0,0,0,0,0,0,0,0,0,0,0,0,0,0,1,0,1,1,0
2019-20,33,Tamilnadu,3304,VELLORE,330406,"WALAJA EAST",1,"Department of Education",5,"HSS (VI-XII)",7,Ph.D,4,"M.Ed. or equivalent",0,0,0,0,0,0,0,0,0,0,0,0,0,0,0,0,0,1,1,0,1
2019-20,33,Tamilnadu,3304,VELLORE,330409,"VELLORE RURAL",1,"Department of Education",5,"HSS (VI-XII)",7,Ph.D,4,"M.Ed. or equivalent",0,0,0,0,0,0,0,0,0,0,0,0,0,1,0,0,0,0,1,0,1
2019-20,33,Tamilnadu,3304,VELLORE,330412,ANAICUT,1,"Department of Education",5,"HSS (VI-XII)",7,Ph.D,4,"M.Ed. or equivalent",0,0,0,0,0,0,0,0,0,0,0,0,0,0,0,0,1,0,1,1,0
2019-20,33,Tamilnadu,3304,VELLORE,330413,KATPADI,1,"Department of Education",5,"HSS (VI-XII)",7,Ph.D,4,"M.Ed. or equivalent",0,0,0,0,0,0,0,0,0,0,0,0,0,0,0,0,1,0,1,1,0
2019-20,33,Tamilnadu,3304,VELLORE,330415,GUDIYATHAM,1,"Department of Education",5,"HSS (VI-XII)",7,Ph.D,4,"M.Ed. or equivalent",0,0,0,0,0,0,0,0,0,0,0,0,0,0,0,0,0,1,1,0,1
2019-20,33,Tamilnadu,3304,VELLORE,330421,THIRUPATTUR,1,"Department of Education",5,"HSS (VI-XII)",7,Ph.D,4,"M.Ed. or equivalent",0,0,0,0,0,0,0,0,0,0,0,0,0,0,1,0,0,0,1,1,0
2019-20,33,Tamilnadu,3304,VELLORE,330412,ANAICUT,1,"Department of Education",7,"SS (VI-X)",7,Ph.D,5,Others,0,0,0,0,0,0,0,0,1,0,0,0,0,0,0,0,0,0,1,1,0
2019-20,33,Tamilnadu,3304,VELLORE,330407,TIMIRI,1,"Department of Education",5,"HSS (VI-XII)",7,Ph.D,6,None,0,0,0,0,0,0,0,0,0,0,0,0,0,0,0,0,0,1,1,0,1
2019-20,33,Tamilnadu,3304,VELLORE,330409,"VELLORE RURAL",1,"Department of Education",5,"HSS (VI-XII)",7,Ph.D,6,None,0,0,0,0,0,0,0,0,0,0,0,0,0,0,0,0,1,0,1,1,0
2019-20,33,Tamilnadu,3304,VELLORE,330421,THIRUPATTUR,1,"Department of Education",1,"PS (I-V)",8,"Post Doctoral",3,"B.Ed. or equivalent",0,0,0,0,0,1,0,0,0,0,0,0,0,0,0,0,0,0,1,0,1
2019-20,33,Tamilnadu,3304,VELLORE,330401,ARAKKONAM,13,"Government Aided",1,"PS (I-V)",1,"Below Secondary",1,"Diploma or certificate in basic teachers training of a duration not less than two years",0,0,0,0,0,2,0,0,0,0,0,0,0,0,0,0,0,0,2,0,2
2019-20,33,Tamilnadu,3304,VELLORE,330404,SHOLINGAR,13,"Government Aided",1,"PS (I-V)",1,"Below Secondary",1,"Diploma or certificate in basic teachers training of a duration not less than two years",0,0,0,0,2,3,0,0,0,0,0,0,0,0,0,0,0,0,5,2,3
2019-20,33,Tamilnadu,3304,VELLORE,330405,"WALAJA WEST",13,"Government Aided",1,"PS (I-V)",1,"Below Secondary",1,"Diploma or certificate in basic teachers training of a duration not less than two years",0,0,0,0,0,1,0,0,0,0,0,0,0,0,0,0,0,0,1,0,1
2019-20,33,Tamilnadu,3304,VELLORE,330406,"WALAJA EAST",13,"Government Aided",1,"PS (I-V)",1,"Below Secondary",1,"Diploma or certificate in basic teachers training of a duration not less than two years",0,0,0,0,0,2,0,0,0,0,0,0,0,0,0,0,0,0,2,0,2
2019-20,33,Tamilnadu,3304,VELLORE,330408,ARCOT,13,"Government Aided",1,"PS (I-V)",1,"Below Secondary",1,"Diploma or certificate in basic teachers training of a duration not less than two years",0,0,0,0,0,1,0,0,0,0,0,0,0,0,0,0,0,0,1,0,1
2019-20,33,Tamilnadu,3304,VELLORE,330409,"VELLORE RURAL",13,"Government Aided",1,"PS (I-V)",1,"Below Secondary",1,"Diploma or certificate in basic teachers training of a duration not less than two years",0,0,0,0,0,1,0,0,0,0,0,0,0,0,0,0,0,0,1,0,1
2019-20,33,Tamilnadu,3304,VELLORE,330410,"VELLORE URBAN",13,"Government Aided",1,"PS (I-V)",1,"Below Secondary",1,"Diploma or certificate in basic teachers training of a duration not less than two years",0,0,0,0,0,1,0,0,0,0,0,0,0,0,0,0,0,0,1,0,1
2019-20,33,Tamilnadu,3304,VELLORE,330413,KATPADI,13,"Government Aided",1,"PS (I-V)",1,"Below Secondary",1,"Diploma or certificate in basic teachers training of a duration not less than two years",0,0,0,0,2,1,0,0,0,0,0,0,0,0,0,0,0,0,3,2,1
2019-20,33,Tamilnadu,3304,VELLORE,330414,K.V.KUPPAM,13,"Government Aided",1,"PS (I-V)",1,"Below Secondary",1,"Diploma or certificate in basic teachers training of a duration not less than two years",0,0,0,0,1,2,0,0,0,0,0,0,0,0,0,0,0,0,3,1,2
2019-20,33,Tamilnadu,3304,VELLORE,330415,GUDIYATHAM,13,"Government Aided",1,"PS (I-V)",1,"Below Secondary",1,"Diploma or certificate in basic teachers training of a duration not less than two years",0,0,0,0,1,10,0,0,0,0,0,0,0,0,0,0,0,0,11,1,10
2019-20,33,Tamilnadu,3304,VELLORE,330416,PERNAMBUT,13,"Government Aided",1,"PS (I-V)",1,"Below Secondary",1,"Diploma or certificate in basic teachers training of a duration not less than two years",0,0,0,0,4,4,0,0,0,0,0,0,0,0,0,0,0,0,8,4,4
2019-20,33,Tamilnadu,3304,VELLORE,330417,MADHANUR,13,"Government Aided",1,"PS (I-V)",1,"Below Secondary",1,"Diploma or certificate in basic teachers training of a duration not less than two years",0,0,0,0,0,4,0,0,0,0,0,0,0,0,0,0,0,0,4,0,4
2019-20,33,Tamilnadu,3304,VELLORE,330419,NATRAMPALLI,13,"Government Aided",1,"PS (I-V)",1,"Below Secondary",1,"Diploma or certificate in basic teachers training of a duration not less than two years",0,0,0,0,4,3,0,0,0,0,0,0,0,0,0,0,0,0,7,4,3
2019-20,33,Tamilnadu,3304,VELLORE,330420,JOLARPET,13,"Government Aided",1,"PS (I-V)",1,"Below Secondary",1,"Diploma or certificate in basic teachers training of a duration not less than two years",0,0,0,0,0,2,0,0,0,0,0,0,0,0,0,0,0,0,2,0,2
2019-20,33,Tamilnadu,3304,VELLORE,330421,THIRUPATTUR,13,"Government Aided",1,"PS (I-V)",1,"Below Secondary",1,"Diploma or certificate in basic teachers training of a duration not less than two years",0,0,0,0,0,2,0,0,0,0,0,0,0,0,0,0,0,0,2,0,2
2019-20,33,Tamilnadu,3304,VELLORE,330404,SHOLINGAR,13,"Government Aided",2,"UPS (I-VIII)",1,"Below Secondary",1,"Diploma or certificate in basic teachers training of a duration not less than two years",0,0,0,0,0,1,0,0,0,0,0,0,0,0,0,0,0,0,1,0,1
2019-20,33,Tamilnadu,3304,VELLORE,330406,"WALAJA EAST",13,"Government Aided",2,"UPS (I-VIII)",1,"Below Secondary",1,"Diploma or certificate in basic teachers training of a duration not less than two years",0,0,0,0,0,1,0,0,0,0,0,0,0,0,0,0,0,0,1,0,1
2019-20,33,Tamilnadu,3304,VELLORE,330410,"VELLORE URBAN",13,"Government Aided",2,"UPS (I-VIII)",1,"Below Secondary",1,"Diploma or certificate in basic teachers training of a duration not less than two years",0,0,0,0,0,3,0,0,0,0,0,0,0,0,0,0,0,0,3,0,3
2019-20,33,Tamilnadu,3304,VELLORE,330413,KATPADI,13,"Government Aided",2,"UPS (I-VIII)",1,"Below Secondary",1,"Diploma or certificate in basic teachers training of a duration not less than two years",0,0,0,0,0,1,0,0,0,0,0,0,0,0,0,0,0,0,1,0,1
2019-20,33,Tamilnadu,3304,VELLORE,330401,ARAKKONAM,13,"Government Aided",2,"UPS (I-VIII)",1,"Below Secondary",3,"B.Ed. or equivalent",0,0,0,0,0,0,0,1,0,0,0,0,0,0,0,0,0,0,1,0,1
2019-20,33,Tamilnadu,3304,VELLORE,330410,"VELLORE URBAN",13,"Government Aided",2,"UPS (I-VIII)",1,"Below Secondary",3,"B.Ed. or equivalent",0,0,0,0,0,0,0,0,1,0,0,0,0,0,0,0,0,0,1,1,0
2019-20,33,Tamilnadu,3304,VELLORE,330404,SHOLINGAR,13,"Government Aided",5,"HSS (VI-XII)",1,"Below Secondary",3,"B.Ed. or equivalent",0,0,0,0,0,0,0,0,2,0,0,0,0,0,0,0,0,0,2,2,0
2019-20,33,Tamilnadu,3304,VELLORE,330405,"WALAJA WEST",13,"Government Aided",5,"HSS (VI-XII)",1,"Below Secondary",3,"B.Ed. or equivalent",0,0,0,0,0,0,0,0,0,1,0,0,0,0,0,0,0,0,1,0,1
2019-20,33,Tamilnadu,3304,VELLORE,330406,"WALAJA EAST",13,"Government Aided",5,"HSS (VI-XII)",1,"Below Secondary",3,"B.Ed. or equivalent",0,0,0,0,0,0,0,0,0,1,0,0,0,0,0,0,0,0,1,0,1
2019-20,33,Tamilnadu,3304,VELLORE,330410,"VELLORE URBAN",13,"Government Aided",5,"HSS (VI-XII)",1,"Below Secondary",3,"B.Ed. or equivalent",0,0,0,0,0,0,0,0,0,0,0,0,0,1,0,0,0,0,1,0,1
2019-20,33,Tamilnadu,3304,VELLORE,330415,GUDIYATHAM,13,"Government Aided",5,"HSS (VI-XII)",1,"Below Secondary",3,"B.Ed. or equivalent",0,0,0,0,0,0,0,0,0,1,0,0,0,0,0,1,0,0,2,0,2
2019-20,33,Tamilnadu,3304,VELLORE,330416,PERNAMBUT,13,"Government Aided",5,"HSS (VI-XII)",1,"Below Secondary",3,"B.Ed. or equivalent",0,0,0,0,0,0,0,0,1,0,0,0,0,0,0,0,0,0,1,1,0
2019-20,33,Tamilnadu,3304,VELLORE,330417,MADHANUR,13,"Government Aided",5,"HSS (VI-XII)",1,"Below Secondary",3,"B.Ed. or equivalent",0,0,0,0,0,0,0,0,0,3,0,0,0,0,0,0,0,0,3,0,3
2019-20,33,Tamilnadu,3304,VELLORE,330419,NATRAMPALLI,13,"Government Aided",5,"HSS (VI-XII)",1,"Below Secondary",3,"B.Ed. or equivalent",0,0,0,0,0,0,0,0,0,1,0,0,1,0,0,0,0,0,2,1,1
2019-20,33,Tamilnadu,3304,VELLORE,330421,THIRUPATTUR,13,"Government Aided",5,"HSS (VI-XII)",1,"Below Secondary",3,"B.Ed. or equivalent",0,0,0,0,0,0,0,0,0,1,0,0,0,0,0,0,0,0,1,0,1
2019-20,33,Tamilnadu,3304,VELLORE,330417,MADHANUR,13,"Government Aided",7,"SS (VI-X)",1,"Below Secondary",3,"B.Ed. or equivalent",0,0,0,0,0,0,0,0,1,0,0,0,0,0,0,0,0,0,1,1,0
2019-20,33,Tamilnadu,3304,VELLORE,330413,KATPADI,13,"Government Aided",2,"UPS (I-VIII)",1,"Below Secondary",4,"M.Ed. or equivalent",0,0,0,0,0,0,0,0,1,0,0,0,0,0,0,0,0,0,1,1,0
2019-20,33,Tamilnadu,3304,VELLORE,330404,SHOLINGAR,13,"Government Aided",2,"UPS (I-VIII)",1,"Below Secondary",5,Others,0,0,0,0,0,0,0,0,0,2,0,0,0,0,0,0,0,0,2,0,2
2019-20,33,Tamilnadu,3304,VELLORE,330406,"WALAJA EAST",13,"Government Aided",2,"UPS (I-VIII)",1,"Below Secondary",5,Others,0,0,0,0,0,0,0,2,0,0,0,0,0,0,0,0,0,0,2,0,2
2019-20,33,Tamilnadu,3304,VELLORE,330415,GUDIYATHAM,13,"Government Aided",2,"UPS (I-VIII)",1,"Below Secondary",5,Others,0,0,0,0,0,0,0,0,0,1,0,0,0,0,0,0,0,0,1,0,1
2019-20,33,Tamilnadu,3304,VELLORE,330405,"WALAJA WEST",13,"Government Aided",5,"HSS (VI-XII)",1,"Below Secondary",5,Others,0,0,0,0,0,0,0,0,1,0,0,0,0,0,0,0,0,0,1,1,0
2019-20,33,Tamilnadu,3304,VELLORE,330406,"WALAJA EAST",13,"Government Aided",5,"HSS (VI-XII)",1,"Below Secondary",5,Others,0,0,0,0,0,0,0,0,0,0,0,0,0,1,0,0,0,0,1,0,1
2019-20,33,Tamilnadu,3304,VELLORE,330410,"VELLORE URBAN",13,"Government Aided",5,"HSS (VI-XII)",1,"Below Secondary",5,Others,0,0,0,0,0,0,0,0,0,0,0,0,0,0,0,0,1,0,1,1,0
2019-20,33,Tamilnadu,3304,VELLORE,330416,PERNAMBUT,13,"Government Aided",5,"HSS (VI-XII)",1,"Below Secondary",5,Others,0,0,0,0,0,0,0,0,0,0,1,0,0,0,0,0,0,0,1,1,0
2019-20,33,Tamilnadu,3304,VELLORE,330417,MADHANUR,13,"Government Aided",5,"HSS (VI-XII)",1,"Below Secondary",5,Others,0,0,0,0,0,0,0,0,0,1,0,0,0,1,0,0,0,0,2,0,2
2019-20,33,Tamilnadu,3304,VELLORE,330419,NATRAMPALLI,13,"Government Aided",5,"HSS (VI-XII)",1,"Below Secondary",5,Others,0,0,0,0,0,0,0,0,0,0,0,0,1,0,0,0,0,0,1,1,0
2019-20,33,Tamilnadu,3304,VELLORE,330413,KATPADI,13,"Government Aided",7,"SS (VI-X)",1,"Below Secondary",5,Others,0,0,0,0,0,0,0,0,1,0,0,0,0,0,0,0,0,0,1,1,0
2019-20,33,Tamilnadu,3304,VELLORE,330416,PERNAMBUT,13,"Government Aided",7,"SS (VI-X)",1,"Below Secondary",5,Others,0,0,0,0,0,0,0,0,0,0,0,1,0,0,0,0,0,0,1,0,1
2019-20,33,Tamilnadu,3304,VELLORE,330419,NATRAMPALLI,13,"Government Aided",7,"SS (VI-X)",1,"Below Secondary",5,Others,0,0,0,0,0,0,0,0,0,0,0,0,0,1,0,0,0,0,1,0,1
2019-20,33,Tamilnadu,3304,VELLORE,330406,"WALAJA EAST",13,"Government Aided",1,"PS (I-V)",1,"Below Secondary",6,None,0,0,0,0,1,0,0,0,0,0,0,0,0,0,0,0,0,0,1,1,0
2019-20,33,Tamilnadu,3304,VELLORE,330401,ARAKKONAM,13,"Government Aided",5,"HSS (VI-XII)",1,"Below Secondary",6,None,0,0,0,0,0,0,0,0,0,1,0,0,0,0,0,0,0,0,1,0,1
2019-20,33,Tamilnadu,3304,VELLORE,330405,"WALAJA WEST",13,"Government Aided",5,"HSS (VI-XII)",1,"Below Secondary",6,None,0,0,0,0,0,0,0,0,0,0,0,0,0,0,1,0,0,0,1,1,0
2019-20,33,Tamilnadu,3304,VELLORE,330406,"WALAJA EAST",13,"Government Aided",5,"HSS (VI-XII)",1,"Below Secondary",6,None,0,0,0,0,0,0,0,0,0,1,0,0,0,0,0,0,0,0,1,0,1
2019-20,33,Tamilnadu,3304,VELLORE,330409,"VELLORE RURAL",13,"Government Aided",5,"HSS (VI-XII)",1,"Below Secondary",6,None,0,0,0,0,0,0,0,0,0,0,0,0,1,0,0,0,0,0,1,1,0
2019-20,33,Tamilnadu,3304,VELLORE,330401,ARAKKONAM,13,"Government Aided",1,"PS (I-V)",3,"Higher secondary",1,"Diploma or certificate in basic teachers training of a duration not less than two years",0,0,0,0,0,14,0,0,0,0,0,0,0,0,0,0,0,0,14,0,14
2019-20,33,Tamilnadu,3304,VELLORE,330402,NEMILI,13,"Government Aided",1,"PS (I-V)",3,"Higher secondary",1,"Diploma or certificate in basic teachers training of a duration not less than two years",0,0,0,0,2,2,0,0,0,0,0,0,0,0,0,0,0,0,4,2,2
2019-20,33,Tamilnadu,3304,VELLORE,330403,KAVERIPAKKAM,13,"Government Aided",1,"PS (I-V)",3,"Higher secondary",1,"Diploma or certificate in basic teachers training of a duration not less than two years",0,0,0,0,4,6,0,0,0,0,0,0,0,0,0,0,0,0,10,4,6
2019-20,33,Tamilnadu,3304,VELLORE,330404,SHOLINGAR,13,"Government Aided",1,"PS (I-V)",3,"Higher secondary",1,"Diploma or certificate in basic teachers training of a duration not less than two years",0,0,0,0,2,12,0,0,0,0,0,0,0,0,0,0,0,0,14,2,12
2019-20,33,Tamilnadu,3304,VELLORE,330405,"WALAJA WEST",13,"Government Aided",1,"PS (I-V)",3,"Higher secondary",1,"Diploma or certificate in basic teachers training of a duration not less than two years",0,0,0,0,2,14,0,0,0,0,0,0,0,0,0,0,0,0,16,2,14
2019-20,33,Tamilnadu,3304,VELLORE,330406,"WALAJA EAST",13,"Government Aided",1,"PS (I-V)",3,"Higher secondary",1,"Diploma or certificate in basic teachers training of a duration not less than two years",0,0,0,0,0,7,0,0,0,0,0,0,0,0,0,0,0,0,7,0,7
2019-20,33,Tamilnadu,3304,VELLORE,330407,TIMIRI,13,"Government Aided",1,"PS (I-V)",3,"Higher secondary",1,"Diploma or certificate in basic teachers training of a duration not less than two years",0,0,0,0,2,4,0,0,0,0,0,0,0,0,0,0,0,0,6,2,4
2019-20,33,Tamilnadu,3304,VELLORE,330408,ARCOT,13,"Government Aided",1,"PS (I-V)",3,"Higher secondary",1,"Diploma or certificate in basic teachers training of a duration not less than two years",0,0,0,0,4,2,0,0,0,0,0,0,0,0,0,0,0,0,6,4,2
2019-20,33,Tamilnadu,3304,VELLORE,330409,"VELLORE RURAL",13,"Government Aided",1,"PS (I-V)",3,"Higher secondary",1,"Diploma or certificate in basic teachers training of a duration not less than two years",0,0,0,0,1,5,0,0,0,0,0,0,0,0,0,0,0,0,6,1,5
2019-20,33,Tamilnadu,3304,VELLORE,330410,"VELLORE URBAN",13,"Government Aided",1,"PS (I-V)",3,"Higher secondary",1,"Diploma or certificate in basic teachers training of a duration not less than two years",0,0,0,0,3,18,0,0,0,0,0,0,0,0,0,0,0,0,21,3,18
2019-20,33,Tamilnadu,3304,VELLORE,330411,KANIYAMBADI,13,"Government Aided",1,"PS (I-V)",3,"Higher secondary",1,"Diploma or certificate in basic teachers training of a duration not less than two years",0,0,0,0,2,6,0,0,0,0,0,0,0,0,0,0,0,0,8,2,6
2019-20,33,Tamilnadu,3304,VELLORE,330412,ANAICUT,13,"Government Aided",1,"PS (I-V)",3,"Higher secondary",1,"Diploma or certificate in basic teachers training of a duration not less than two years",0,0,0,0,2,14,0,0,0,0,0,0,0,0,0,0,0,0,16,2,14
2019-20,33,Tamilnadu,3304,VELLORE,330413,KATPADI,13,"Government Aided",1,"PS (I-V)",3,"Higher secondary",1,"Diploma or certificate in basic teachers training of a duration not less than two years",0,0,0,0,1,11,0,0,0,0,0,0,0,0,0,0,0,0,12,1,11
2019-20,33,Tamilnadu,3304,VELLORE,330414,K.V.KUPPAM,13,"Government Aided",1,"PS (I-V)",3,"Higher secondary",1,"Diploma or certificate in basic teachers training of a duration not less than two years",0,0,0,0,2,5,0,0,0,0,0,0,0,0,0,0,0,0,7,2,5
2019-20,33,Tamilnadu,3304,VELLORE,330415,GUDIYATHAM,13,"Government Aided",1,"PS (I-V)",3,"Higher secondary",1,"Diploma or certificate in basic teachers training of a duration not less than two years",0,0,0,0,10,53,0,0,0,0,0,0,0,0,0,0,0,0,63,10,53
2019-20,33,Tamilnadu,3304,VELLORE,330416,PERNAMBUT,13,"Government Aided",1,"PS (I-V)",3,"Higher secondary",1,"Diploma or certificate in basic teachers training of a duration not less than two years",0,0,0,0,13,31,0,0,0,0,0,0,0,0,0,0,0,0,44,13,31
2019-20,33,Tamilnadu,3304,VELLORE,330417,MADHANUR,13,"Government Aided",1,"PS (I-V)",3,"Higher secondary",1,"Diploma or certificate in basic teachers training of a duration not less than two years",0,0,0,0,20,33,0,0,0,0,0,0,0,0,0,0,0,0,53,20,33
2019-20,33,Tamilnadu,3304,VELLORE,330418,ALANGAYAM,13,"Government Aided",1,"PS (I-V)",3,"Higher secondary",1,"Diploma or certificate in basic teachers training of a duration not less than two years",0,0,0,0,1,2,0,0,0,0,0,0,0,0,0,0,0,0,3,1,2
2019-20,33,Tamilnadu,3304,VELLORE,330419,NATRAMPALLI,13,"Government Aided",1,"PS (I-V)",3,"Higher secondary",1,"Diploma or certificate in basic teachers training of a duration not less than two years",0,0,0,0,10,27,0,0,0,0,0,0,0,0,0,0,0,0,37,10,27
2019-20,33,Tamilnadu,3304,VELLORE,330420,JOLARPET,13,"Government Aided",1,"PS (I-V)",3,"Higher secondary",1,"Diploma or certificate in basic teachers training of a duration not less than two years",0,0,0,0,0,1,0,0,0,0,0,0,0,0,0,0,0,0,1,0,1
2019-20,33,Tamilnadu,3304,VELLORE,330421,THIRUPATTUR,13,"Government Aided",1,"PS (I-V)",3,"Higher secondary",1,"Diploma or certificate in basic teachers training of a duration not less than two years",0,0,0,0,5,21,0,0,0,0,0,0,0,0,0,0,0,0,26,5,21
2019-20,33,Tamilnadu,3304,VELLORE,330401,ARAKKONAM,13,"Government Aided",2,"UPS (I-VIII)",3,"Higher secondary",1,"Diploma or certificate in basic teachers training of a duration not less than two years",0,0,0,0,1,4,0,0,0,0,0,0,0,0,0,0,0,0,5,1,4
2019-20,33,Tamilnadu,3304,VELLORE,330403,KAVERIPAKKAM,13,"Government Aided",2,"UPS (I-VIII)",3,"Higher secondary",1,"Diploma or certificate in basic teachers training of a duration not less than two years",0,0,0,0,0,2,0,0,0,0,0,0,0,0,0,0,0,0,2,0,2
2019-20,33,Tamilnadu,3304,VELLORE,330404,SHOLINGAR,13,"Government Aided",2,"UPS (I-VIII)",3,"Higher secondary",1,"Diploma or certificate in basic teachers training of a duration not less than two years",0,0,0,0,1,7,0,0,0,0,0,0,0,0,0,0,0,0,8,1,7
2019-20,33,Tamilnadu,3304,VELLORE,330405,"WALAJA WEST",13,"Government Aided",2,"UPS (I-VIII)",3,"Higher secondary",1,"Diploma or certificate in basic teachers training of a duration not less than two years",0,0,0,0,1,0,0,0,0,0,0,0,0,0,0,0,0,0,1,1,0
2019-20,33,Tamilnadu,3304,VELLORE,330406,"WALAJA EAST",13,"Government Aided",2,"UPS (I-VIII)",3,"Higher secondary",1,"Diploma or certificate in basic teachers training of a duration not less than two years",0,0,0,0,1,1,0,0,0,0,0,0,0,0,0,0,0,0,2,1,1
2019-20,33,Tamilnadu,3304,VELLORE,330408,ARCOT,13,"Government Aided",2,"UPS (I-VIII)",3,"Higher secondary",1,"Diploma or certificate in basic teachers training of a duration not less than two years",0,0,0,0,0,2,0,0,0,0,0,0,0,0,0,0,0,0,2,0,2
2019-20,33,Tamilnadu,3304,VELLORE,330409,"VELLORE RURAL",13,"Government Aided",2,"UPS (I-VIII)",3,"Higher secondary",1,"Diploma or certificate in basic teachers training of a duration not less than two years",0,0,0,0,1,3,0,0,0,0,0,0,0,0,0,0,0,0,4,1,3
2019-20,33,Tamilnadu,3304,VELLORE,330410,"VELLORE URBAN",13,"Government Aided",2,"UPS (I-VIII)",3,"Higher secondary",1,"Diploma or certificate in basic teachers training of a duration not less than two years",0,0,0,0,3,9,0,0,0,0,0,0,0,0,0,0,0,0,12,3,9
2019-20,33,Tamilnadu,3304,VELLORE,330411,KANIYAMBADI,13,"Government Aided",2,"UPS (I-VIII)",3,"Higher secondary",1,"Diploma or certificate in basic teachers training of a duration not less than two years",0,0,0,0,0,2,0,0,0,0,0,0,0,0,0,0,0,0,2,0,2
2019-20,33,Tamilnadu,3304,VELLORE,330413,KATPADI,13,"Government Aided",2,"UPS (I-VIII)",3,"Higher secondary",1,"Diploma or certificate in basic teachers training of a duration not less than two years",0,0,0,0,1,6,0,0,0,1,0,0,0,0,0,0,0,0,8,1,7
2019-20,33,Tamilnadu,3304,VELLORE,330415,GUDIYATHAM,13,"Government Aided",2,"UPS (I-VIII)",3,"Higher secondary",1,"Diploma or certificate in basic teachers training of a duration not less than two years",0,0,0,0,0,1,0,0,0,0,0,0,0,0,0,0,0,0,1,0,1
2019-20,33,Tamilnadu,3304,VELLORE,330417,MADHANUR,13,"Government Aided",2,"UPS (I-VIII)",3,"Higher secondary",1,"Diploma or certificate in basic teachers training of a duration not less than two years",0,0,0,0,2,0,0,0,0,0,0,0,0,0,0,0,0,0,2,2,0
2019-20,33,Tamilnadu,3304,VELLORE,330404,SHOLINGAR,13,"Government Aided",1,"PS (I-V)",3,"Higher secondary",3,"B.Ed. or equivalent",0,0,0,0,1,1,0,0,0,0,0,0,0,0,0,0,0,0,2,1,1
2019-20,33,Tamilnadu,3304,VELLORE,330405,"WALAJA WEST",13,"Government Aided",1,"PS (I-V)",3,"Higher secondary",3,"B.Ed. or equivalent",0,0,0,0,0,1,0,0,0,0,0,0,0,0,0,0,0,0,1,0,1
2019-20,33,Tamilnadu,3304,VELLORE,330408,ARCOT,13,"Government Aided",1,"PS (I-V)",3,"Higher secondary",3,"B.Ed. or equivalent",0,0,0,0,1,0,0,0,0,0,0,0,0,0,0,0,0,0,1,1,0
2019-20,33,Tamilnadu,3304,VELLORE,330415,GUDIYATHAM,13,"Government Aided",1,"PS (I-V)",3,"Higher secondary",3,"B.Ed. or equivalent",0,0,0,0,0,2,0,0,0,0,0,0,0,0,0,0,0,0,2,0,2
2019-20,33,Tamilnadu,3304,VELLORE,330416,PERNAMBUT,13,"Government Aided",1,"PS (I-V)",3,"Higher secondary",3,"B.Ed. or equivalent",0,0,0,0,1,1,0,0,0,0,0,0,0,0,0,0,0,0,2,1,1
2019-20,33,Tamilnadu,3304,VELLORE,330417,MADHANUR,13,"Government Aided",1,"PS (I-V)",3,"Higher secondary",3,"B.Ed. or equivalent",0,0,0,0,0,1,0,0,0,0,0,0,0,0,0,0,0,0,1,0,1
2019-20,33,Tamilnadu,3304,VELLORE,330421,THIRUPATTUR,13,"Government Aided",1,"PS (I-V)",3,"Higher secondary",3,"B.Ed. or equivalent",0,0,0,0,0,3,0,0,0,0,0,0,0,0,0,0,0,0,3,0,3
2019-20,33,Tamilnadu,3304,VELLORE,330401,ARAKKONAM,13,"Government Aided",2,"UPS (I-VIII)",3,"Higher secondary",3,"B.Ed. or equivalent",0,0,0,0,0,0,0,0,0,1,0,0,0,0,0,0,0,0,1,0,1
2019-20,33,Tamilnadu,3304,VELLORE,330410,"VELLORE URBAN",13,"Government Aided",2,"UPS (I-VIII)",3,"Higher secondary",3,"B.Ed. or equivalent",0,0,0,0,0,0,0,0,0,4,0,0,0,0,0,0,0,0,4,0,4
2019-20,33,Tamilnadu,3304,VELLORE,330413,KATPADI,13,"Government Aided",2,"UPS (I-VIII)",3,"Higher secondary",3,"B.Ed. or equivalent",0,0,0,0,0,0,0,1,1,1,0,0,0,0,0,0,0,0,3,1,2
2019-20,33,Tamilnadu,3304,VELLORE,330406,"WALAJA EAST",13,"Government Aided",5,"HSS (VI-XII)",3,"Higher secondary",3,"B.Ed. or equivalent",0,0,0,0,0,0,0,0,0,1,0,0,0,1,0,0,0,0,2,0,2
2019-20,33,Tamilnadu,3304,VELLORE,330408,ARCOT,13,"Government Aided",5,"HSS (VI-XII)",3,"Higher secondary",3,"B.Ed. or equivalent",0,0,0,0,0,0,0,0,0,1,0,0,1,0,0,0,0,0,2,1,1
2019-20,33,Tamilnadu,3304,VELLORE,330409,"VELLORE RURAL",13,"Government Aided",5,"HSS (VI-XII)",3,"Higher secondary",3,"B.Ed. or equivalent",0,0,0,0,0,0,0,0,1,0,0,0,0,0,0,0,1,0,2,2,0
2019-20,33,Tamilnadu,3304,VELLORE,330410,"VELLORE URBAN",13,"Government Aided",5,"HSS (VI-XII)",3,"Higher secondary",3,"B.Ed. or equivalent",0,0,0,0,0,0,0,0,0,0,0,0,1,0,0,0,0,0,1,1,0
2019-20,33,Tamilnadu,3304,VELLORE,330413,KATPADI,13,"Government Aided",5,"HSS (VI-XII)",3,"Higher secondary",3,"B.Ed. or equivalent",0,0,0,0,0,0,0,0,5,2,0,1,0,0,0,0,0,0,8,5,3
2019-20,33,Tamilnadu,3304,VELLORE,330415,GUDIYATHAM,13,"Government Aided",5,"HSS (VI-XII)",3,"Higher secondary",3,"B.Ed. or equivalent",0,0,0,0,0,0,0,0,0,3,0,0,0,0,0,1,0,0,4,0,4
2019-20,33,Tamilnadu,3304,VELLORE,330416,PERNAMBUT,13,"Government Aided",5,"HSS (VI-XII)",3,"Higher secondary",3,"B.Ed. or equivalent",0,0,0,0,0,0,0,0,1,2,0,0,0,0,0,0,0,0,3,1,2
2019-20,33,Tamilnadu,3304,VELLORE,330417,MADHANUR,13,"Government Aided",5,"HSS (VI-XII)",3,"Higher secondary",3,"B.Ed. or equivalent",0,0,0,0,0,0,0,0,0,5,0,0,0,0,0,0,0,0,5,0,5
2019-20,33,Tamilnadu,3304,VELLORE,330419,NATRAMPALLI,13,"Government Aided",5,"HSS (VI-XII)",3,"Higher secondary",3,"B.Ed. or equivalent",0,0,0,0,0,0,0,0,1,5,0,2,0,1,0,0,0,0,9,1,8
2019-20,33,Tamilnadu,3304,VELLORE,330421,THIRUPATTUR,13,"Government Aided",5,"HSS (VI-XII)",3,"Higher secondary",3,"B.Ed. or equivalent",0,0,0,0,0,0,0,0,0,5,0,1,0,0,0,0,0,0,6,0,6
2019-20,33,Tamilnadu,3304,VELLORE,330419,NATRAMPALLI,13,"Government Aided",7,"SS (VI-X)",3,"Higher secondary",3,"B.Ed. or equivalent",0,0,0,0,0,0,0,0,1,0,0,0,0,0,0,0,0,0,1,1,0
2019-20,33,Tamilnadu,3304,VELLORE,330409,"VELLORE RURAL",13,"Government Aided",2,"UPS (I-VIII)",3,"Higher secondary",4,"M.Ed. or equivalent",0,0,0,0,0,0,0,0,0,1,0,0,0,0,0,0,0,0,1,0,1
2019-20,33,Tamilnadu,3304,VELLORE,330404,SHOLINGAR,13,"Government Aided",5,"HSS (VI-XII)",3,"Higher secondary",4,"M.Ed. or equivalent",0,0,0,0,0,0,0,0,0,1,0,0,1,0,0,0,0,1,3,1,2
2019-20,33,Tamilnadu,3304,VELLORE,330408,ARCOT,13,"Government Aided",5,"HSS (VI-XII)",3,"Higher secondary",4,"M.Ed. or equivalent",0,0,0,0,0,0,0,0,0,0,0,1,0,0,0,0,0,0,1,0,1
2019-20,33,Tamilnadu,3304,VELLORE,330415,GUDIYATHAM,13,"Government Aided",5,"HSS (VI-XII)",3,"Higher secondary",4,"M.Ed. or equivalent",0,0,0,0,0,0,0,0,0,1,0,0,0,0,0,0,0,0,1,0,1
2019-20,33,Tamilnadu,3304,VELLORE,330406,"WALAJA EAST",13,"Government Aided",2,"UPS (I-VIII)",3,"Higher secondary",5,Others,0,0,0,0,0,0,0,1,0,0,0,0,0,0,0,0,0,0,1,0,1
2019-20,33,Tamilnadu,3304,VELLORE,330409,"VELLORE RURAL",13,"Government Aided",2,"UPS (I-VIII)",3,"Higher secondary",5,Others,0,0,0,0,0,0,0,0,0,1,0,0,0,0,0,0,0,0,1,0,1
2019-20,33,Tamilnadu,3304,VELLORE,330410,"VELLORE URBAN",13,"Government Aided",2,"UPS (I-VIII)",3,"Higher secondary",5,Others,0,0,0,0,0,0,0,0,0,1,0,0,0,0,0,0,0,0,1,0,1
2019-20,33,Tamilnadu,3304,VELLORE,330411,KANIYAMBADI,13,"Government Aided",2,"UPS (I-VIII)",3,"Higher secondary",5,Others,0,0,0,0,0,0,0,0,0,1,0,0,0,0,0,0,0,0,1,0,1
2019-20,33,Tamilnadu,3304,VELLORE,330413,KATPADI,13,"Government Aided",2,"UPS (I-VIII)",3,"Higher secondary",5,Others,0,0,0,0,0,0,0,0,0,1,0,0,0,0,0,0,0,0,1,0,1
2019-20,33,Tamilnadu,3304,VELLORE,330415,GUDIYATHAM,13,"Government Aided",2,"UPS (I-VIII)",3,"Higher secondary",5,Others,0,0,0,0,0,0,0,0,1,0,0,0,0,0,0,0,0,0,1,1,0
2019-20,33,Tamilnadu,3304,VELLORE,330401,ARAKKONAM,13,"Government Aided",5,"HSS (VI-XII)",3,"Higher secondary",5,Others,0,0,0,0,0,0,0,0,0,0,0,0,0,1,0,0,0,0,1,0,1
2019-20,33,Tamilnadu,3304,VELLORE,330406,"WALAJA EAST",13,"Government Aided",5,"HSS (VI-XII)",3,"Higher secondary",5,Others,0,0,0,0,0,0,0,0,0,0,0,0,0,1,0,0,0,1,2,0,2
2019-20,33,Tamilnadu,3304,VELLORE,330413,KATPADI,13,"Government Aided",5,"HSS (VI-XII)",3,"Higher secondary",5,Others,0,0,0,0,0,0,0,0,1,0,0,1,0,0,0,0,0,0,2,1,1
2019-20,33,Tamilnadu,3304,VELLORE,330415,GUDIYATHAM,13,"Government Aided",5,"HSS (VI-XII)",3,"Higher secondary",5,Others,0,0,0,0,0,0,0,0,0,1,0,0,1,0,1,0,0,0,3,2,1
2019-20,33,Tamilnadu,3304,VELLORE,330416,PERNAMBUT,13,"Government Aided",5,"HSS (VI-XII)",3,"Higher secondary",5,Others,0,0,0,0,0,0,0,0,1,0,0,0,0,0,0,0,0,0,1,1,0
2019-20,33,Tamilnadu,3304,VELLORE,330417,MADHANUR,13,"Government Aided",5,"HSS (VI-XII)",3,"Higher secondary",5,Others,0,0,0,0,0,0,0,0,0,0,0,0,1,0,0,0,0,0,1,1,0
2019-20,33,Tamilnadu,3304,VELLORE,330421,THIRUPATTUR,13,"Government Aided",5,"HSS (VI-XII)",3,"Higher secondary",5,Others,0,0,0,0,0,0,0,0,0,0,0,0,0,2,0,0,0,1,3,0,3
2019-20,33,Tamilnadu,3304,VELLORE,330419,NATRAMPALLI,13,"Government Aided",7,"SS (VI-X)",3,"Higher secondary",5,Others,0,0,0,0,0,0,0,0,0,4,0,0,0,1,0,0,0,0,5,0,5
2019-20,33,Tamilnadu,3304,VELLORE,330406,"WALAJA EAST",13,"Government Aided",2,"UPS (I-VIII)",3,"Higher secondary",6,None,0,0,0,0,0,3,0,0,0,0,0,0,0,0,0,0,0,0,3,0,3
2019-20,33,Tamilnadu,3304,VELLORE,330421,THIRUPATTUR,13,"Government Aided",5,"HSS (VI-XII)",3,"Higher secondary",6,None,0,0,0,0,0,0,0,0,0,1,0,0,0,0,0,0,0,0,1,0,1
2019-20,33,Tamilnadu,3304,VELLORE,330402,NEMILI,13,"Government Aided",7,"SS (VI-X)",3,"Higher secondary",6,None,0,0,0,0,0,0,0,0,0,0,1,0,0,0,0,0,0,0,1,1,0
2019-20,33,Tamilnadu,3304,VELLORE,330401,ARAKKONAM,13,"Government Aided",1,"PS (I-V)",4,Graduate,1,"Diploma or certificate in basic teachers training of a duration not less than two years",0,0,0,0,0,4,0,0,0,0,0,0,0,0,0,0,0,0,4,0,4
2019-20,33,Tamilnadu,3304,VELLORE,330402,NEMILI,13,"Government Aided",1,"PS (I-V)",4,Graduate,1,"Diploma or certificate in basic teachers training of a duration not less than two years",0,0,0,0,0,3,0,0,0,0,0,0,0,0,0,0,0,0,3,0,3
2019-20,33,Tamilnadu,3304,VELLORE,330403,KAVERIPAKKAM,13,"Government Aided",1,"PS (I-V)",4,Graduate,1,"Diploma or certificate in basic teachers training of a duration not less than two years",0,0,0,0,0,1,0,0,0,0,0,0,0,0,0,0,0,0,1,0,1
2019-20,33,Tamilnadu,3304,VELLORE,330404,SHOLINGAR,13,"Government Aided",1,"PS (I-V)",4,Graduate,1,"Diploma or certificate in basic teachers training of a duration not less than two years",0,0,0,0,1,2,0,0,0,0,0,0,0,0,0,0,0,0,3,1,2
2019-20,33,Tamilnadu,3304,VELLORE,330405,"WALAJA WEST",13,"Government Aided",1,"PS (I-V)",4,Graduate,1,"Diploma or certificate in basic teachers training of a duration not less than two years",0,0,0,0,1,5,0,0,0,0,0,0,0,0,0,0,0,0,6,1,5
2019-20,33,Tamilnadu,3304,VELLORE,330406,"WALAJA EAST",13,"Government Aided",1,"PS (I-V)",4,Graduate,1,"Diploma or certificate in basic teachers training of a duration not less than two years",0,0,0,0,1,17,0,0,0,0,0,0,0,0,0,0,0,0,18,1,17
2019-20,33,Tamilnadu,3304,VELLORE,330407,TIMIRI,13,"Government Aided",1,"PS (I-V)",4,Graduate,1,"Diploma or certificate in basic teachers training of a duration not less than two years",0,0,0,0,0,1,0,0,0,0,0,0,0,0,0,0,0,0,1,0,1
2019-20,33,Tamilnadu,3304,VELLORE,330408,ARCOT,13,"Government Aided",1,"PS (I-V)",4,Graduate,1,"Diploma or certificate in basic teachers training of a duration not less than two years",0,0,0,0,2,9,0,0,0,0,0,0,0,0,0,0,0,0,11,2,9
2019-20,33,Tamilnadu,3304,VELLORE,330409,"VELLORE RURAL",13,"Government Aided",1,"PS (I-V)",4,Graduate,1,"Diploma or certificate in basic teachers training of a duration not less than two years",0,0,0,0,0,4,0,0,0,0,0,0,0,0,0,0,0,0,4,0,4
2019-20,33,Tamilnadu,3304,VELLORE,330410,"VELLORE URBAN",13,"Government Aided",1,"PS (I-V)",4,Graduate,1,"Diploma or certificate in basic teachers training of a duration not less than two years",0,0,0,0,1,16,0,0,0,0,0,0,0,0,0,0,0,0,17,1,16
2019-20,33,Tamilnadu,3304,VELLORE,330411,KANIYAMBADI,13,"Government Aided",1,"PS (I-V)",4,Graduate,1,"Diploma or certificate in basic teachers training of a duration not less than two years",0,0,0,0,1,3,0,0,0,0,0,0,0,0,0,0,0,0,4,1,3
2019-20,33,Tamilnadu,3304,VELLORE,330412,ANAICUT,13,"Government Aided",1,"PS (I-V)",4,Graduate,1,"Diploma or certificate in basic teachers training of a duration not less than two years",0,0,0,0,0,2,0,0,0,0,0,0,0,0,0,0,0,0,2,0,2
2019-20,33,Tamilnadu,3304,VELLORE,330413,KATPADI,13,"Government Aided",1,"PS (I-V)",4,Graduate,1,"Diploma or certificate in basic teachers training of a duration not less than two years",0,0,0,0,2,6,0,0,0,0,0,0,0,0,0,0,0,0,8,2,6
2019-20,33,Tamilnadu,3304,VELLORE,330414,K.V.KUPPAM,13,"Government Aided",1,"PS (I-V)",4,Graduate,1,"Diploma or certificate in basic teachers training of a duration not less than two years",0,0,0,0,0,4,0,0,0,0,0,0,0,0,0,0,0,0,4,0,4
2019-20,33,Tamilnadu,3304,VELLORE,330415,GUDIYATHAM,13,"Government Aided",1,"PS (I-V)",4,Graduate,1,"Diploma or certificate in basic teachers training of a duration not less than two years",0,0,0,0,5,12,0,0,0,0,0,0,0,0,0,0,0,0,17,5,12
2019-20,33,Tamilnadu,3304,VELLORE,330416,PERNAMBUT,13,"Government Aided",1,"PS (I-V)",4,Graduate,1,"Diploma or certificate in basic teachers training of a duration not less than two years",0,0,0,0,11,6,0,0,0,0,0,0,0,0,0,0,0,0,17,11,6
2019-20,33,Tamilnadu,3304,VELLORE,330417,MADHANUR,13,"Government Aided",1,"PS (I-V)",4,Graduate,1,"Diploma or certificate in basic teachers training of a duration not less than two years",0,0,0,0,6,10,0,0,0,0,0,0,0,0,0,0,0,0,16,6,10
2019-20,33,Tamilnadu,3304,VELLORE,330419,NATRAMPALLI,13,"Government Aided",1,"PS (I-V)",4,Graduate,1,"Diploma or certificate in basic teachers training of a duration not less than two years",0,0,0,0,3,4,0,0,0,0,0,0,0,0,0,0,0,0,7,3,4
2019-20,33,Tamilnadu,3304,VELLORE,330420,JOLARPET,13,"Government Aided",1,"PS (I-V)",4,Graduate,1,"Diploma or certificate in basic teachers training of a duration not less than two years",0,0,0,0,2,8,0,0,0,0,0,0,0,0,0,0,0,0,10,2,8
2019-20,33,Tamilnadu,3304,VELLORE,330421,THIRUPATTUR,13,"Government Aided",1,"PS (I-V)",4,Graduate,1,"Diploma or certificate in basic teachers training of a duration not less than two years",0,0,0,0,2,20,0,0,0,0,0,0,0,0,0,0,0,0,22,2,20
2019-20,33,Tamilnadu,3304,VELLORE,330403,KAVERIPAKKAM,13,"Government Aided",2,"UPS (I-VIII)",4,Graduate,1,"Diploma or certificate in basic teachers training of a duration not less than two years",0,0,0,0,0,2,0,0,0,0,0,0,0,0,0,0,0,0,2,0,2
2019-20,33,Tamilnadu,3304,VELLORE,330404,SHOLINGAR,13,"Government Aided",2,"UPS (I-VIII)",4,Graduate,1,"Diploma or certificate in basic teachers training of a duration not less than two years",0,0,0,0,1,3,0,0,0,0,0,0,0,0,0,0,0,0,4,1,3
2019-20,33,Tamilnadu,3304,VELLORE,330405,"WALAJA WEST",13,"Government Aided",2,"UPS (I-VIII)",4,Graduate,1,"Diploma or certificate in basic teachers training of a duration not less than two years",0,0,0,0,0,1,0,0,0,0,0,0,0,0,0,0,0,0,1,0,1
2019-20,33,Tamilnadu,3304,VELLORE,330406,"WALAJA EAST",13,"Government Aided",2,"UPS (I-VIII)",4,Graduate,1,"Diploma or certificate in basic teachers training of a duration not less than two years",0,0,0,0,3,7,0,0,0,0,0,0,0,0,0,0,0,0,10,3,7
2019-20,33,Tamilnadu,3304,VELLORE,330408,ARCOT,13,"Government Aided",2,"UPS (I-VIII)",4,Graduate,1,"Diploma or certificate in basic teachers training of a duration not less than two years",0,0,0,0,1,0,0,0,0,0,0,0,0,0,0,0,0,0,1,1,0
2019-20,33,Tamilnadu,3304,VELLORE,330410,"VELLORE URBAN",13,"Government Aided",2,"UPS (I-VIII)",4,Graduate,1,"Diploma or certificate in basic teachers training of a duration not less than two years",0,0,0,0,1,5,0,0,0,0,0,0,0,0,0,0,0,0,6,1,5
2019-20,33,Tamilnadu,3304,VELLORE,330413,KATPADI,13,"Government Aided",2,"UPS (I-VIII)",4,Graduate,1,"Diploma or certificate in basic teachers training of a duration not less than two years",0,0,0,0,0,1,0,0,0,0,0,0,0,0,0,0,0,0,1,0,1
2019-20,33,Tamilnadu,3304,VELLORE,330416,PERNAMBUT,13,"Government Aided",2,"UPS (I-VIII)",4,Graduate,1,"Diploma or certificate in basic teachers training of a duration not less than two years",0,0,0,0,1,0,0,0,0,0,0,0,0,0,0,0,0,0,1,1,0
2019-20,33,Tamilnadu,3304,VELLORE,330417,MADHANUR,13,"Government Aided",2,"UPS (I-VIII)",4,Graduate,1,"Diploma or certificate in basic teachers training of a duration not less than two years",0,0,0,0,1,1,0,0,0,0,0,0,0,0,0,0,0,0,2,1,1
2019-20,33,Tamilnadu,3304,VELLORE,330401,ARAKKONAM,13,"Government Aided",1,"PS (I-V)",4,Graduate,3,"B.Ed. or equivalent",0,0,0,0,1,1,0,0,0,0,0,0,0,0,0,0,0,0,2,1,1
2019-20,33,Tamilnadu,3304,VELLORE,330403,KAVERIPAKKAM,13,"Government Aided",1,"PS (I-V)",4,Graduate,3,"B.Ed. or equivalent",0,0,0,0,0,3,0,0,0,0,0,0,0,0,0,0,0,0,3,0,3
2019-20,33,Tamilnadu,3304,VELLORE,330404,SHOLINGAR,13,"Government Aided",1,"PS (I-V)",4,Graduate,3,"B.Ed. or equivalent",0,0,0,0,0,2,0,0,0,0,0,0,0,0,0,0,0,0,2,0,2
2019-20,33,Tamilnadu,3304,VELLORE,330405,"WALAJA WEST",13,"Government Aided",1,"PS (I-V)",4,Graduate,3,"B.Ed. or equivalent",0,0,0,0,0,1,0,0,0,0,0,0,0,0,0,0,0,0,1,0,1
2019-20,33,Tamilnadu,3304,VELLORE,330406,"WALAJA EAST",13,"Government Aided",1,"PS (I-V)",4,Graduate,3,"B.Ed. or equivalent",0,0,0,0,0,5,0,0,0,0,0,0,0,0,0,0,0,0,5,0,5
2019-20,33,Tamilnadu,3304,VELLORE,330408,ARCOT,13,"Government Aided",1,"PS (I-V)",4,Graduate,3,"B.Ed. or equivalent",0,0,0,0,0,1,0,0,0,0,0,0,0,0,0,0,0,0,1,0,1
2019-20,33,Tamilnadu,3304,VELLORE,330409,"VELLORE RURAL",13,"Government Aided",1,"PS (I-V)",4,Graduate,3,"B.Ed. or equivalent",0,0,0,0,1,5,0,0,0,0,0,0,0,0,0,0,0,0,6,1,5
2019-20,33,Tamilnadu,3304,VELLORE,330412,ANAICUT,13,"Government Aided",1,"PS (I-V)",4,Graduate,3,"B.Ed. or equivalent",0,0,0,0,1,0,0,0,0,0,0,0,0,0,0,0,0,0,1,1,0
2019-20,33,Tamilnadu,3304,VELLORE,330413,KATPADI,13,"Government Aided",1,"PS (I-V)",4,Graduate,3,"B.Ed. or equivalent",0,0,0,0,0,4,0,0,0,0,0,0,0,0,0,0,0,0,4,0,4
2019-20,33,Tamilnadu,3304,VELLORE,330414,K.V.KUPPAM,13,"Government Aided",1,"PS (I-V)",4,Graduate,3,"B.Ed. or equivalent",0,0,0,0,0,2,0,0,0,0,0,0,0,0,0,0,0,0,2,0,2
2019-20,33,Tamilnadu,3304,VELLORE,330415,GUDIYATHAM,13,"Government Aided",1,"PS (I-V)",4,Graduate,3,"B.Ed. or equivalent",0,0,0,0,1,12,0,0,0,0,0,0,0,0,0,0,0,0,13,1,12
2019-20,33,Tamilnadu,3304,VELLORE,330416,PERNAMBUT,13,"Government Aided",1,"PS (I-V)",4,Graduate,3,"B.Ed. or equivalent",0,0,0,0,0,2,0,0,0,0,0,0,0,0,0,0,0,0,2,0,2
2019-20,33,Tamilnadu,3304,VELLORE,330417,MADHANUR,13,"Government Aided",1,"PS (I-V)",4,Graduate,3,"B.Ed. or equivalent",0,0,0,0,1,3,0,0,0,0,0,0,0,0,0,0,0,0,4,1,3
2019-20,33,Tamilnadu,3304,VELLORE,330418,ALANGAYAM,13,"Government Aided",1,"PS (I-V)",4,Graduate,3,"B.Ed. or equivalent",0,0,0,0,1,0,0,0,0,0,0,0,0,0,0,0,0,0,1,1,0
2019-20,33,Tamilnadu,3304,VELLORE,330419,NATRAMPALLI,13,"Government Aided",1,"PS (I-V)",4,Graduate,3,"B.Ed. or equivalent",0,0,0,0,4,2,0,0,0,0,0,0,0,0,0,0,0,0,6,4,2
2019-20,33,Tamilnadu,3304,VELLORE,330421,THIRUPATTUR,13,"Government Aided",1,"PS (I-V)",4,Graduate,3,"B.Ed. or equivalent",0,0,0,0,1,3,0,0,0,0,0,0,0,0,0,0,0,0,4,1,3
2019-20,33,Tamilnadu,3304,VELLORE,330401,ARAKKONAM,13,"Government Aided",2,"UPS (I-VIII)",4,Graduate,3,"B.Ed. or equivalent",0,0,0,0,0,0,0,0,2,1,0,0,0,0,0,0,0,0,3,2,1
2019-20,33,Tamilnadu,3304,VELLORE,330403,KAVERIPAKKAM,13,"Government Aided",2,"UPS (I-VIII)",4,Graduate,3,"B.Ed. or equivalent",0,0,0,0,0,0,1,1,0,1,0,0,0,0,0,0,0,0,3,1,2
2019-20,33,Tamilnadu,3304,VELLORE,330404,SHOLINGAR,13,"Government Aided",2,"UPS (I-VIII)",4,Graduate,3,"B.Ed. or equivalent",0,0,0,0,0,2,1,0,0,1,0,0,0,0,0,0,0,0,4,1,3
2019-20,33,Tamilnadu,3304,VELLORE,330405,"WALAJA WEST",13,"Government Aided",2,"UPS (I-VIII)",4,Graduate,3,"B.Ed. or equivalent",0,0,0,0,0,1,0,0,1,1,0,0,0,0,0,0,0,0,3,1,2
2019-20,33,Tamilnadu,3304,VELLORE,330406,"WALAJA EAST",13,"Government Aided",2,"UPS (I-VIII)",4,Graduate,3,"B.Ed. or equivalent",0,0,0,0,1,3,0,3,2,6,0,0,0,0,0,0,0,0,15,3,12
2019-20,33,Tamilnadu,3304,VELLORE,330408,ARCOT,13,"Government Aided",2,"UPS (I-VIII)",4,Graduate,3,"B.Ed. or equivalent",0,0,0,0,0,0,1,0,1,1,0,0,0,0,0,0,0,0,3,2,1
2019-20,33,Tamilnadu,3304,VELLORE,330409,"VELLORE RURAL",13,"Government Aided",2,"UPS (I-VIII)",4,Graduate,3,"B.Ed. or equivalent",0,0,0,0,0,0,0,0,0,1,0,0,0,0,0,0,0,0,1,0,1
2019-20,33,Tamilnadu,3304,VELLORE,330410,"VELLORE URBAN",13,"Government Aided",2,"UPS (I-VIII)",4,Graduate,3,"B.Ed. or equivalent",0,0,0,0,0,1,0,2,1,1,0,0,0,0,0,0,0,0,5,1,4
2019-20,33,Tamilnadu,3304,VELLORE,330413,KATPADI,13,"Government Aided",2,"UPS (I-VIII)",4,Graduate,3,"B.Ed. or equivalent",0,0,0,0,0,2,0,0,0,2,0,0,0,0,0,0,0,0,4,0,4
2019-20,33,Tamilnadu,3304,VELLORE,330415,GUDIYATHAM,13,"Government Aided",2,"UPS (I-VIII)",4,Graduate,3,"B.Ed. or equivalent",0,0,0,0,0,1,0,0,0,1,0,0,0,0,0,0,0,0,2,0,2
2019-20,33,Tamilnadu,3304,VELLORE,330416,PERNAMBUT,13,"Government Aided",2,"UPS (I-VIII)",4,Graduate,3,"B.Ed. or equivalent",0,0,0,0,0,0,0,0,0,2,0,0,0,0,0,0,0,0,2,0,2
2019-20,33,Tamilnadu,3304,VELLORE,330417,MADHANUR,13,"Government Aided",2,"UPS (I-VIII)",4,Graduate,3,"B.Ed. or equivalent",0,0,0,0,1,2,0,0,0,1,0,0,0,0,0,0,0,0,4,1,3
2019-20,33,Tamilnadu,3304,VELLORE,330421,THIRUPATTUR,13,"Government Aided",2,"UPS (I-VIII)",4,Graduate,3,"B.Ed. or equivalent",0,0,0,0,0,1,0,0,1,1,0,0,0,0,0,0,0,0,3,1,2
2019-20,33,Tamilnadu,3304,VELLORE,330401,ARAKKONAM,13,"Government Aided",5,"HSS (VI-XII)",4,Graduate,3,"B.Ed. or equivalent",0,0,0,0,0,0,0,0,0,2,0,0,4,6,0,0,0,0,12,4,8
2019-20,33,Tamilnadu,3304,VELLORE,330404,SHOLINGAR,13,"Government Aided",5,"HSS (VI-XII)",4,Graduate,3,"B.Ed. or equivalent",0,0,0,0,0,0,0,0,1,0,1,3,1,0,0,0,0,1,7,3,4
2019-20,33,Tamilnadu,3304,VELLORE,330405,"WALAJA WEST",13,"Government Aided",5,"HSS (VI-XII)",4,Graduate,3,"B.Ed. or equivalent",0,0,0,0,0,0,0,0,0,2,0,0,0,0,1,0,0,0,3,1,2
2019-20,33,Tamilnadu,3304,VELLORE,330406,"WALAJA EAST",13,"Government Aided",5,"HSS (VI-XII)",4,Graduate,3,"B.Ed. or equivalent",0,0,0,0,0,0,0,0,0,4,0,2,0,18,0,0,0,0,24,0,24
2019-20,33,Tamilnadu,3304,VELLORE,330408,ARCOT,13,"Government Aided",5,"HSS (VI-XII)",4,Graduate,3,"B.Ed. or equivalent",0,0,0,0,0,0,0,0,0,0,4,0,16,3,2,1,0,0,26,22,4
2019-20,33,Tamilnadu,3304,VELLORE,330409,"VELLORE RURAL",13,"Government Aided",5,"HSS (VI-XII)",4,Graduate,3,"B.Ed. or equivalent",0,0,0,0,0,0,0,0,0,0,3,5,0,1,0,0,0,0,9,3,6
2019-20,33,Tamilnadu,3304,VELLORE,330410,"VELLORE URBAN",13,"Government Aided",5,"HSS (VI-XII)",4,Graduate,3,"B.Ed. or equivalent",0,0,0,0,0,0,0,0,0,1,1,1,3,6,0,0,0,0,12,4,8
2019-20,33,Tamilnadu,3304,VELLORE,330413,KATPADI,13,"Government Aided",5,"HSS (VI-XII)",4,Graduate,3,"B.Ed. or equivalent",0,0,0,0,0,0,0,0,0,1,2,5,0,5,1,0,0,0,14,3,11
2019-20,33,Tamilnadu,3304,VELLORE,330415,GUDIYATHAM,13,"Government Aided",5,"HSS (VI-XII)",4,Graduate,3,"B.Ed. or equivalent",0,0,0,0,0,0,0,0,2,4,0,1,12,21,2,3,1,4,50,17,33
2019-20,33,Tamilnadu,3304,VELLORE,330416,PERNAMBUT,13,"Government Aided",5,"HSS (VI-XII)",4,Graduate,3,"B.Ed. or equivalent",0,0,0,0,0,0,0,0,3,1,6,3,6,3,1,0,1,0,24,17,7
2019-20,33,Tamilnadu,3304,VELLORE,330417,MADHANUR,13,"Government Aided",5,"HSS (VI-XII)",4,Graduate,3,"B.Ed. or equivalent",0,0,0,0,0,0,0,0,1,1,5,5,12,6,1,2,0,0,33,19,14
2019-20,33,Tamilnadu,3304,VELLORE,330419,NATRAMPALLI,13,"Government Aided",5,"HSS (VI-XII)",4,Graduate,3,"B.Ed. or equivalent",0,0,0,0,0,0,0,0,3,1,6,5,23,12,1,2,1,1,55,34,21
2019-20,33,Tamilnadu,3304,VELLORE,330421,THIRUPATTUR,13,"Government Aided",5,"HSS (VI-XII)",4,Graduate,3,"B.Ed. or equivalent",0,0,0,0,0,0,0,0,0,0,4,2,5,14,1,0,0,1,27,10,17
2019-20,33,Tamilnadu,3304,VELLORE,330402,NEMILI,13,"Government Aided",7,"SS (VI-X)",4,Graduate,3,"B.Ed. or equivalent",0,0,0,0,0,0,0,0,0,0,1,0,1,1,0,0,0,0,3,2,1
2019-20,33,Tamilnadu,3304,VELLORE,330403,KAVERIPAKKAM,13,"Government Aided",7,"SS (VI-X)",4,Graduate,3,"B.Ed. or equivalent",0,0,0,0,0,0,0,0,0,0,1,0,0,0,0,0,0,0,1,1,0
2019-20,33,Tamilnadu,3304,VELLORE,330410,"VELLORE URBAN",13,"Government Aided",7,"SS (VI-X)",4,Graduate,3,"B.Ed. or equivalent",0,0,0,0,0,0,0,0,0,1,0,0,0,0,0,0,0,0,1,0,1
2019-20,33,Tamilnadu,3304,VELLORE,330413,KATPADI,13,"Government Aided",7,"SS (VI-X)",4,Graduate,3,"B.Ed. or equivalent",0,0,0,0,0,0,0,0,0,0,1,0,0,0,0,0,0,0,1,1,0
2019-20,33,Tamilnadu,3304,VELLORE,330416,PERNAMBUT,13,"Government Aided",7,"SS (VI-X)",4,Graduate,3,"B.Ed. or equivalent",0,0,0,0,0,0,0,0,0,0,0,1,1,1,0,0,0,0,3,1,2
2019-20,33,Tamilnadu,3304,VELLORE,330417,MADHANUR,13,"Government Aided",7,"SS (VI-X)",4,Graduate,3,"B.Ed. or equivalent",0,0,0,0,0,0,0,0,0,1,0,1,0,0,0,0,0,0,2,0,2
2019-20,33,Tamilnadu,3304,VELLORE,330419,NATRAMPALLI,13,"Government Aided",7,"SS (VI-X)",4,Graduate,3,"B.Ed. or equivalent",0,0,0,0,0,0,0,0,0,1,0,0,0,0,0,0,0,0,1,0,1
2019-20,33,Tamilnadu,3304,VELLORE,330401,ARAKKONAM,13,"Government Aided",1,"PS (I-V)",4,Graduate,4,"M.Ed. or equivalent",0,0,0,0,0,1,0,0,0,0,0,0,0,0,0,0,0,0,1,0,1
2019-20,33,Tamilnadu,3304,VELLORE,330406,"WALAJA EAST",13,"Government Aided",1,"PS (I-V)",4,Graduate,4,"M.Ed. or equivalent",0,0,0,0,0,1,0,0,0,0,0,0,0,0,0,0,0,0,1,0,1
2019-20,33,Tamilnadu,3304,VELLORE,330413,KATPADI,13,"Government Aided",1,"PS (I-V)",4,Graduate,4,"M.Ed. or equivalent",0,0,0,0,0,1,0,0,0,0,0,0,0,0,0,0,0,0,1,0,1
2019-20,33,Tamilnadu,3304,VELLORE,330415,GUDIYATHAM,13,"Government Aided",1,"PS (I-V)",4,Graduate,4,"M.Ed. or equivalent",0,0,0,0,1,0,0,0,0,0,0,0,0,0,0,0,0,0,1,1,0
2019-20,33,Tamilnadu,3304,VELLORE,330419,NATRAMPALLI,13,"Government Aided",1,"PS (I-V)",4,Graduate,4,"M.Ed. or equivalent",0,0,0,0,0,1,0,0,0,0,0,0,0,0,0,0,0,0,1,0,1
2019-20,33,Tamilnadu,3304,VELLORE,330404,SHOLINGAR,13,"Government Aided",2,"UPS (I-VIII)",4,Graduate,4,"M.Ed. or equivalent",0,0,0,0,0,0,0,0,1,0,0,0,0,0,0,0,0,0,1,1,0
2019-20,33,Tamilnadu,3304,VELLORE,330401,ARAKKONAM,13,"Government Aided",5,"HSS (VI-XII)",4,Graduate,4,"M.Ed. or equivalent",0,0,0,0,0,0,0,0,0,0,0,0,0,1,0,0,0,0,1,0,1
2019-20,33,Tamilnadu,3304,VELLORE,330404,SHOLINGAR,13,"Government Aided",5,"HSS (VI-XII)",4,Graduate,4,"M.Ed. or equivalent",0,0,0,0,0,0,0,0,0,0,0,0,0,0,0,0,0,1,1,0,1
2019-20,33,Tamilnadu,3304,VELLORE,330405,"WALAJA WEST",13,"Government Aided",5,"HSS (VI-XII)",4,Graduate,4,"M.Ed. or equivalent",0,0,0,0,0,0,0,0,1,0,0,0,0,0,0,0,0,0,1,1,0
2019-20,33,Tamilnadu,3304,VELLORE,330406,"WALAJA EAST",13,"Government Aided",5,"HSS (VI-XII)",4,Graduate,4,"M.Ed. or equivalent",0,0,0,0,0,0,0,0,0,1,0,0,0,1,0,0,0,0,2,0,2
2019-20,33,Tamilnadu,3304,VELLORE,330408,ARCOT,13,"Government Aided",5,"HSS (VI-XII)",4,Graduate,4,"M.Ed. or equivalent",0,0,0,0,0,0,0,0,0,0,0,0,0,0,0,1,0,0,1,0,1
2019-20,33,Tamilnadu,3304,VELLORE,330410,"VELLORE URBAN",13,"Government Aided",5,"HSS (VI-XII)",4,Graduate,4,"M.Ed. or equivalent",0,0,0,0,0,0,0,0,0,0,0,0,1,0,0,0,0,0,1,1,0
2019-20,33,Tamilnadu,3304,VELLORE,330415,GUDIYATHAM,13,"Government Aided",5,"HSS (VI-XII)",4,Graduate,4,"M.Ed. or equivalent",0,0,0,0,0,0,0,0,0,0,0,0,0,0,0,0,0,1,1,0,1
2019-20,33,Tamilnadu,3304,VELLORE,330416,PERNAMBUT,13,"Government Aided",5,"HSS (VI-XII)",4,Graduate,4,"M.Ed. or equivalent",0,0,0,0,0,0,0,0,0,0,1,0,0,0,0,0,0,0,1,1,0
2019-20,33,Tamilnadu,3304,VELLORE,330417,MADHANUR,13,"Government Aided",5,"HSS (VI-XII)",4,Graduate,4,"M.Ed. or equivalent",0,0,0,0,0,0,0,0,0,0,0,0,0,0,0,0,1,0,1,1,0
2019-20,33,Tamilnadu,3304,VELLORE,330419,NATRAMPALLI,13,"Government Aided",5,"HSS (VI-XII)",4,Graduate,4,"M.Ed. or equivalent",0,0,0,0,0,0,0,0,0,0,0,1,1,0,0,0,0,0,2,1,1
2019-20,33,Tamilnadu,3304,VELLORE,330421,THIRUPATTUR,13,"Government Aided",5,"HSS (VI-XII)",4,Graduate,4,"M.Ed. or equivalent",0,0,0,0,0,0,0,0,0,0,0,1,0,0,0,0,0,0,1,0,1
2019-20,33,Tamilnadu,3304,VELLORE,330402,NEMILI,13,"Government Aided",7,"SS (VI-X)",4,Graduate,4,"M.Ed. or equivalent",0,0,0,0,0,0,0,0,0,0,0,0,1,0,0,0,0,0,1,1,0
2019-20,33,Tamilnadu,3304,VELLORE,330413,KATPADI,13,"Government Aided",7,"SS (VI-X)",4,Graduate,4,"M.Ed. or equivalent",0,0,0,0,0,0,0,0,0,0,0,1,0,0,0,0,0,0,1,0,1
2019-20,33,Tamilnadu,3304,VELLORE,330403,KAVERIPAKKAM,13,"Government Aided",2,"UPS (I-VIII)",4,Graduate,5,Others,0,0,0,0,0,0,0,1,0,0,0,0,0,0,0,0,0,0,1,0,1
2019-20,33,Tamilnadu,3304,VELLORE,330406,"WALAJA EAST",13,"Government Aided",2,"UPS (I-VIII)",4,Graduate,5,Others,0,0,0,0,1,0,0,1,0,0,0,0,0,0,0,0,0,0,2,1,1
2019-20,33,Tamilnadu,3304,VELLORE,330410,"VELLORE URBAN",13,"Government Aided",2,"UPS (I-VIII)",4,Graduate,5,Others,0,0,0,0,0,0,0,0,1,0,0,0,0,0,0,0,0,0,1,1,0
2019-20,33,Tamilnadu,3304,VELLORE,330417,MADHANUR,13,"Government Aided",2,"UPS (I-VIII)",4,Graduate,5,Others,0,0,0,0,0,0,0,1,0,0,0,0,0,0,0,0,0,0,1,0,1
2019-20,33,Tamilnadu,3304,VELLORE,330421,THIRUPATTUR,13,"Government Aided",2,"UPS (I-VIII)",4,Graduate,5,Others,0,0,0,0,0,0,0,0,0,1,0,0,0,0,0,0,0,0,1,0,1
2019-20,33,Tamilnadu,3304,VELLORE,330404,SHOLINGAR,13,"Government Aided",5,"HSS (VI-XII)",4,Graduate,5,Others,0,0,0,0,0,0,0,0,0,0,0,1,0,0,0,0,0,0,1,0,1
2019-20,33,Tamilnadu,3304,VELLORE,330406,"WALAJA EAST",13,"Government Aided",5,"HSS (VI-XII)",4,Graduate,5,Others,0,0,0,0,0,0,0,0,0,0,0,0,0,0,0,0,0,1,1,0,1
2019-20,33,Tamilnadu,3304,VELLORE,330408,ARCOT,13,"Government Aided",5,"HSS (VI-XII)",4,Graduate,5,Others,0,0,0,0,0,0,0,0,0,0,1,0,0,0,0,0,0,0,1,1,0
2019-20,33,Tamilnadu,3304,VELLORE,330410,"VELLORE URBAN",13,"Government Aided",5,"HSS (VI-XII)",4,Graduate,5,Others,0,0,0,0,0,0,0,0,0,0,0,0,1,0,0,0,0,0,1,1,0
2019-20,33,Tamilnadu,3304,VELLORE,330413,KATPADI,13,"Government Aided",5,"HSS (VI-XII)",4,Graduate,5,Others,0,0,0,0,0,0,0,0,0,0,2,0,0,0,0,0,0,0,2,2,0
2019-20,33,Tamilnadu,3304,VELLORE,330415,GUDIYATHAM,13,"Government Aided",5,"HSS (VI-XII)",4,Graduate,5,Others,0,0,0,0,0,0,0,0,0,0,1,0,0,1,0,0,0,0,2,1,1
2019-20,33,Tamilnadu,3304,VELLORE,330419,NATRAMPALLI,13,"Government Aided",5,"HSS (VI-XII)",4,Graduate,5,Others,0,0,0,0,0,0,0,0,0,0,0,0,0,0,1,1,0,1,3,1,2
2019-20,33,Tamilnadu,3304,VELLORE,330402,NEMILI,13,"Government Aided",7,"SS (VI-X)",4,Graduate,5,Others,0,0,0,0,0,0,0,0,0,0,1,1,0,0,0,0,0,0,2,1,1
2019-20,33,Tamilnadu,3304,VELLORE,330410,"VELLORE URBAN",13,"Government Aided",7,"SS (VI-X)",4,Graduate,5,Others,0,0,0,0,0,0,0,0,0,0,0,0,0,1,0,0,0,0,1,0,1
2019-20,33,Tamilnadu,3304,VELLORE,330417,MADHANUR,13,"Government Aided",7,"SS (VI-X)",4,Graduate,5,Others,0,0,0,0,0,0,0,0,0,0,0,0,0,1,0,0,0,0,1,0,1
2019-20,33,Tamilnadu,3304,VELLORE,330419,NATRAMPALLI,13,"Government Aided",7,"SS (VI-X)",4,Graduate,5,Others,0,0,0,0,0,0,0,0,0,0,0,0,1,0,0,0,0,0,1,1,0
2019-20,33,Tamilnadu,3304,VELLORE,330401,ARAKKONAM,13,"Government Aided",5,"HSS (VI-XII)",4,Graduate,6,None,0,0,0,0,0,0,0,0,0,0,0,0,1,0,0,0,0,0,1,1,0
2019-20,33,Tamilnadu,3304,VELLORE,330404,SHOLINGAR,13,"Government Aided",5,"HSS (VI-XII)",4,Graduate,6,None,0,0,0,0,0,0,0,0,0,0,0,0,0,0,0,0,2,0,2,2,0
2019-20,33,Tamilnadu,3304,VELLORE,330405,"WALAJA WEST",13,"Government Aided",5,"HSS (VI-XII)",4,Graduate,6,None,0,0,0,0,0,0,0,0,0,2,0,0,0,0,0,0,0,0,2,0,2
2019-20,33,Tamilnadu,3304,VELLORE,330409,"VELLORE RURAL",13,"Government Aided",5,"HSS (VI-XII)",4,Graduate,6,None,0,0,0,0,0,0,0,0,0,0,0,0,0,0,1,0,0,0,1,1,0
2019-20,33,Tamilnadu,3304,VELLORE,330410,"VELLORE URBAN",13,"Government Aided",5,"HSS (VI-XII)",4,Graduate,6,None,0,0,0,0,0,0,0,0,0,0,0,0,1,0,0,0,0,0,1,1,0
2019-20,33,Tamilnadu,3304,VELLORE,330417,MADHANUR,13,"Government Aided",5,"HSS (VI-XII)",4,Graduate,6,None,0,0,0,0,0,0,0,0,0,0,0,0,0,1,1,0,0,0,2,1,1
2019-20,33,Tamilnadu,3304,VELLORE,330419,NATRAMPALLI,13,"Government Aided",5,"HSS (VI-XII)",4,Graduate,6,None,0,0,0,0,0,0,0,0,0,0,0,0,1,0,0,0,1,0,2,2,0
2019-20,33,Tamilnadu,3304,VELLORE,330421,THIRUPATTUR,13,"Government Aided",5,"HSS (VI-XII)",4,Graduate,6,None,0,0,0,0,0,0,0,0,0,0,0,0,1,0,1,0,0,0,2,2,0
2019-20,33,Tamilnadu,3304,VELLORE,330401,ARAKKONAM,13,"Government Aided",1,"PS (I-V)",5,"Post graduate",1,"Diploma or certificate in basic teachers training of a duration not less than two years",0,0,0,0,2,7,0,0,0,0,0,0,0,0,0,0,0,0,9,2,7
2019-20,33,Tamilnadu,3304,VELLORE,330402,NEMILI,13,"Government Aided",1,"PS (I-V)",5,"Post graduate",1,"Diploma or certificate in basic teachers training of a duration not less than two years",0,0,0,0,1,0,0,0,0,0,0,0,0,0,0,0,0,0,1,1,0
2019-20,33,Tamilnadu,3304,VELLORE,330403,KAVERIPAKKAM,13,"Government Aided",1,"PS (I-V)",5,"Post graduate",1,"Diploma or certificate in basic teachers training of a duration not less than two years",0,0,0,0,3,2,0,0,0,0,0,0,0,0,0,0,0,0,5,3,2
2019-20,33,Tamilnadu,3304,VELLORE,330404,SHOLINGAR,13,"Government Aided",1,"PS (I-V)",5,"Post graduate",1,"Diploma or certificate in basic teachers training of a duration not less than two years",0,0,0,0,2,2,0,0,0,0,0,0,0,0,0,0,0,0,4,2,2
2019-20,33,Tamilnadu,3304,VELLORE,330405,"WALAJA WEST",13,"Government Aided",1,"PS (I-V)",5,"Post graduate",1,"Diploma or certificate in basic teachers training of a duration not less than two years",0,0,0,0,1,1,0,0,0,0,0,0,0,0,0,0,0,0,2,1,1
2019-20,33,Tamilnadu,3304,VELLORE,330406,"WALAJA EAST",13,"Government Aided",1,"PS (I-V)",5,"Post graduate",1,"Diploma or certificate in basic teachers training of a duration not less than two years",0,0,0,0,2,12,0,0,0,0,0,0,0,0,0,0,0,0,14,2,12
2019-20,33,Tamilnadu,3304,VELLORE,330407,TIMIRI,13,"Government Aided",1,"PS (I-V)",5,"Post graduate",1,"Diploma or certificate in basic teachers training of a duration not less than two years",0,0,0,0,0,1,0,0,0,0,0,0,0,0,0,0,0,0,1,0,1
2019-20,33,Tamilnadu,3304,VELLORE,330408,ARCOT,13,"Government Aided",1,"PS (I-V)",5,"Post graduate",1,"Diploma or certificate in basic teachers training of a duration not less than two years",0,0,0,0,2,5,0,0,0,0,0,0,0,0,0,0,0,0,7,2,5
2019-20,33,Tamilnadu,3304,VELLORE,330409,"VELLORE RURAL",13,"Government Aided",1,"PS (I-V)",5,"Post graduate",1,"Diploma or certificate in basic teachers training of a duration not less than two years",0,0,0,0,1,4,0,0,0,0,0,0,0,0,0,0,0,0,5,1,4
2019-20,33,Tamilnadu,3304,VELLORE,330410,"VELLORE URBAN",13,"Government Aided",1,"PS (I-V)",5,"Post graduate",1,"Diploma or certificate in basic teachers training of a duration not less than two years",0,0,0,0,4,37,0,0,0,0,0,0,0,0,0,0,0,0,41,4,37
2019-20,33,Tamilnadu,3304,VELLORE,330411,KANIYAMBADI,13,"Government Aided",1,"PS (I-V)",5,"Post graduate",1,"Diploma or certificate in basic teachers training of a duration not less than two years",0,0,0,0,0,8,0,0,0,0,0,0,0,0,0,0,0,0,8,0,8
2019-20,33,Tamilnadu,3304,VELLORE,330412,ANAICUT,13,"Government Aided",1,"PS (I-V)",5,"Post graduate",1,"Diploma or certificate in basic teachers training of a duration not less than two years",0,0,0,0,0,1,0,0,0,0,0,0,0,0,0,0,0,0,1,0,1
2019-20,33,Tamilnadu,3304,VELLORE,330413,KATPADI,13,"Government Aided",1,"PS (I-V)",5,"Post graduate",1,"Diploma or certificate in basic teachers training of a duration not less than two years",0,0,0,0,0,1,0,0,0,0,0,0,0,0,0,0,0,0,1,0,1
2019-20,33,Tamilnadu,3304,VELLORE,330414,K.V.KUPPAM,13,"Government Aided",1,"PS (I-V)",5,"Post graduate",1,"Diploma or certificate in basic teachers training of a duration not less than two years",0,0,0,0,0,1,0,0,0,0,0,0,0,0,0,0,0,0,1,0,1
2019-20,33,Tamilnadu,3304,VELLORE,330415,GUDIYATHAM,13,"Government Aided",1,"PS (I-V)",5,"Post graduate",1,"Diploma or certificate in basic teachers training of a duration not less than two years",0,0,0,0,2,6,0,0,0,0,0,0,0,0,0,0,0,0,8,2,6
2019-20,33,Tamilnadu,3304,VELLORE,330416,PERNAMBUT,13,"Government Aided",1,"PS (I-V)",5,"Post graduate",1,"Diploma or certificate in basic teachers training of a duration not less than two years",0,0,0,0,1,2,0,0,0,0,0,0,0,0,0,0,0,0,3,1,2
2019-20,33,Tamilnadu,3304,VELLORE,330417,MADHANUR,13,"Government Aided",1,"PS (I-V)",5,"Post graduate",1,"Diploma or certificate in basic teachers training of a duration not less than two years",0,0,0,0,5,10,0,0,0,0,0,0,0,0,0,0,0,0,15,5,10
2019-20,33,Tamilnadu,3304,VELLORE,330419,NATRAMPALLI,13,"Government Aided",1,"PS (I-V)",5,"Post graduate",1,"Diploma or certificate in basic teachers training of a duration not less than two years",0,0,0,0,3,1,0,0,0,0,0,0,0,0,0,0,0,0,4,3,1
2019-20,33,Tamilnadu,3304,VELLORE,330420,JOLARPET,13,"Government Aided",1,"PS (I-V)",5,"Post graduate",1,"Diploma or certificate in basic teachers training of a duration not less than two years",0,0,0,0,0,7,0,0,0,0,0,0,0,0,0,0,0,0,7,0,7
2019-20,33,Tamilnadu,3304,VELLORE,330421,THIRUPATTUR,13,"Government Aided",1,"PS (I-V)",5,"Post graduate",1,"Diploma or certificate in basic teachers training of a duration not less than two years",0,0,0,0,1,9,0,0,0,0,0,0,0,0,0,0,0,0,10,1,9
2019-20,33,Tamilnadu,3304,VELLORE,330403,KAVERIPAKKAM,13,"Government Aided",2,"UPS (I-VIII)",5,"Post graduate",1,"Diploma or certificate in basic teachers training of a duration not less than two years",0,0,0,0,0,1,0,0,0,0,0,0,0,0,0,0,0,0,1,0,1
2019-20,33,Tamilnadu,3304,VELLORE,330404,SHOLINGAR,13,"Government Aided",2,"UPS (I-VIII)",5,"Post graduate",1,"Diploma or certificate in basic teachers training of a duration not less than two years",0,0,0,0,1,1,0,0,0,0,0,0,0,0,0,0,0,0,2,1,1
2019-20,33,Tamilnadu,3304,VELLORE,330410,"VELLORE URBAN",13,"Government Aided",2,"UPS (I-VIII)",5,"Post graduate",1,"Diploma or certificate in basic teachers training of a duration not less than two years",0,0,0,0,0,13,0,0,0,0,0,0,0,0,0,0,0,0,13,0,13
2019-20,33,Tamilnadu,3304,VELLORE,330413,KATPADI,13,"Government Aided",2,"UPS (I-VIII)",5,"Post graduate",1,"Diploma or certificate in basic teachers training of a duration not less than two years",0,0,0,0,0,1,0,0,0,0,0,0,0,0,0,0,0,0,1,0,1
2019-20,33,Tamilnadu,3304,VELLORE,330401,ARAKKONAM,13,"Government Aided",1,"PS (I-V)",5,"Post graduate",3,"B.Ed. or equivalent",0,0,0,0,2,10,0,0,0,0,0,0,0,0,0,0,0,0,12,2,10
2019-20,33,Tamilnadu,3304,VELLORE,330402,NEMILI,13,"Government Aided",1,"PS (I-V)",5,"Post graduate",3,"B.Ed. or equivalent",0,0,0,0,0,2,0,0,0,0,0,0,0,0,0,0,0,0,2,0,2
2019-20,33,Tamilnadu,3304,VELLORE,330403,KAVERIPAKKAM,13,"Government Aided",1,"PS (I-V)",5,"Post graduate",3,"B.Ed. or equivalent",0,0,0,0,1,3,0,0,0,0,0,0,0,0,0,0,0,0,4,1,3
2019-20,33,Tamilnadu,3304,VELLORE,330404,SHOLINGAR,13,"Government Aided",1,"PS (I-V)",5,"Post graduate",3,"B.Ed. or equivalent",0,0,0,0,3,7,0,0,0,0,0,0,0,0,0,0,0,0,10,3,7
2019-20,33,Tamilnadu,3304,VELLORE,330405,"WALAJA WEST",13,"Government Aided",1,"PS (I-V)",5,"Post graduate",3,"B.Ed. or equivalent",0,0,0,0,2,9,0,0,0,0,0,0,0,0,0,0,0,0,11,2,9
2019-20,33,Tamilnadu,3304,VELLORE,330406,"WALAJA EAST",13,"Government Aided",1,"PS (I-V)",5,"Post graduate",3,"B.Ed. or equivalent",0,0,0,0,4,15,0,0,0,0,0,0,0,0,0,0,0,0,19,4,15
2019-20,33,Tamilnadu,3304,VELLORE,330407,TIMIRI,13,"Government Aided",1,"PS (I-V)",5,"Post graduate",3,"B.Ed. or equivalent",0,0,0,0,3,3,0,0,0,0,0,0,0,0,0,0,0,0,6,3,3
2019-20,33,Tamilnadu,3304,VELLORE,330408,ARCOT,13,"Government Aided",1,"PS (I-V)",5,"Post graduate",3,"B.Ed. or equivalent",0,0,0,0,0,4,0,0,0,0,0,0,0,0,0,0,0,0,4,0,4
2019-20,33,Tamilnadu,3304,VELLORE,330409,"VELLORE RURAL",13,"Government Aided",1,"PS (I-V)",5,"Post graduate",3,"B.Ed. or equivalent",0,0,0,0,2,6,0,0,0,0,0,0,0,0,0,0,0,0,8,2,6
2019-20,33,Tamilnadu,3304,VELLORE,330410,"VELLORE URBAN",13,"Government Aided",1,"PS (I-V)",5,"Post graduate",3,"B.Ed. or equivalent",0,0,0,0,3,4,0,0,0,0,0,0,0,0,0,0,0,0,7,3,4
2019-20,33,Tamilnadu,3304,VELLORE,330411,KANIYAMBADI,13,"Government Aided",1,"PS (I-V)",5,"Post graduate",3,"B.Ed. or equivalent",0,0,0,0,1,0,0,0,0,0,0,0,0,0,0,0,0,0,1,1,0
2019-20,33,Tamilnadu,3304,VELLORE,330413,KATPADI,13,"Government Aided",1,"PS (I-V)",5,"Post graduate",3,"B.Ed. or equivalent",0,0,0,0,0,11,0,0,0,0,0,0,0,0,0,0,0,0,11,0,11
2019-20,33,Tamilnadu,3304,VELLORE,330414,K.V.KUPPAM,13,"Government Aided",1,"PS (I-V)",5,"Post graduate",3,"B.Ed. or equivalent",0,0,0,0,1,4,0,0,0,0,0,0,0,0,0,0,0,0,5,1,4
2019-20,33,Tamilnadu,3304,VELLORE,330415,GUDIYATHAM,13,"Government Aided",1,"PS (I-V)",5,"Post graduate",3,"B.Ed. or equivalent",0,0,0,0,9,28,0,0,0,0,0,0,0,0,0,0,0,0,37,9,28
2019-20,33,Tamilnadu,3304,VELLORE,330416,PERNAMBUT,13,"Government Aided",1,"PS (I-V)",5,"Post graduate",3,"B.Ed. or equivalent",0,0,0,0,12,9,0,0,0,0,0,0,0,0,0,0,0,0,21,12,9
2019-20,33,Tamilnadu,3304,VELLORE,330417,MADHANUR,13,"Government Aided",1,"PS (I-V)",5,"Post graduate",3,"B.Ed. or equivalent",0,0,0,0,9,12,0,0,0,0,0,0,0,0,0,0,0,0,21,9,12
2019-20,33,Tamilnadu,3304,VELLORE,330418,ALANGAYAM,13,"Government Aided",1,"PS (I-V)",5,"Post graduate",3,"B.Ed. or equivalent",0,0,0,0,1,1,0,0,0,0,0,0,0,0,0,0,0,0,2,1,1
2019-20,33,Tamilnadu,3304,VELLORE,330419,NATRAMPALLI,13,"Government Aided",1,"PS (I-V)",5,"Post graduate",3,"B.Ed. or equivalent",0,0,0,0,7,9,0,0,0,0,0,0,0,0,0,0,0,0,16,7,9
2019-20,33,Tamilnadu,3304,VELLORE,330420,JOLARPET,13,"Government Aided",1,"PS (I-V)",5,"Post graduate",3,"B.Ed. or equivalent",0,0,0,0,0,4,0,0,0,0,0,0,0,0,0,0,0,0,4,0,4
2019-20,33,Tamilnadu,3304,VELLORE,330421,THIRUPATTUR,13,"Government Aided",1,"PS (I-V)",5,"Post graduate",3,"B.Ed. or equivalent",0,0,0,0,2,18,0,0,0,0,0,0,0,0,0,0,0,0,20,2,18
2019-20,33,Tamilnadu,3304,VELLORE,330401,ARAKKONAM,13,"Government Aided",2,"UPS (I-VIII)",5,"Post graduate",3,"B.Ed. or equivalent",0,0,0,0,0,6,0,0,2,5,0,0,0,0,0,0,0,0,13,2,11
2019-20,33,Tamilnadu,3304,VELLORE,330403,KAVERIPAKKAM,13,"Government Aided",2,"UPS (I-VIII)",5,"Post graduate",3,"B.Ed. or equivalent",0,0,0,0,0,0,0,2,0,3,0,0,0,0,0,0,0,0,5,0,5
2019-20,33,Tamilnadu,3304,VELLORE,330404,SHOLINGAR,13,"Government Aided",2,"UPS (I-VIII)",5,"Post graduate",3,"B.Ed. or equivalent",0,0,0,0,2,9,2,2,9,11,0,0,0,0,0,0,0,0,35,13,22
2019-20,33,Tamilnadu,3304,VELLORE,330405,"WALAJA WEST",13,"Government Aided",2,"UPS (I-VIII)",5,"Post graduate",3,"B.Ed. or equivalent",0,0,0,0,1,1,1,0,3,0,0,0,0,0,0,0,0,0,6,5,1
2019-20,33,Tamilnadu,3304,VELLORE,330406,"WALAJA EAST",13,"Government Aided",2,"UPS (I-VIII)",5,"Post graduate",3,"B.Ed. or equivalent",0,0,0,0,1,12,2,2,6,17,0,0,0,0,0,0,0,0,40,9,31
2019-20,33,Tamilnadu,3304,VELLORE,330408,ARCOT,13,"Government Aided",2,"UPS (I-VIII)",5,"Post graduate",3,"B.Ed. or equivalent",0,0,0,0,0,0,0,0,1,0,0,0,0,0,0,0,0,0,1,1,0
2019-20,33,Tamilnadu,3304,VELLORE,330409,"VELLORE RURAL",13,"Government Aided",2,"UPS (I-VIII)",5,"Post graduate",3,"B.Ed. or equivalent",0,0,0,0,0,0,0,0,0,2,0,0,0,0,0,0,0,0,2,0,2
2019-20,33,Tamilnadu,3304,VELLORE,330410,"VELLORE URBAN",13,"Government Aided",2,"UPS (I-VIII)",5,"Post graduate",3,"B.Ed. or equivalent",0,0,0,0,0,0,0,2,11,13,0,0,0,0,0,0,0,0,26,11,15
2019-20,33,Tamilnadu,3304,VELLORE,330411,KANIYAMBADI,13,"Government Aided",2,"UPS (I-VIII)",5,"Post graduate",3,"B.Ed. or equivalent",0,0,0,0,0,4,0,0,2,2,0,0,0,0,0,0,0,0,8,2,6
2019-20,33,Tamilnadu,3304,VELLORE,330413,KATPADI,13,"Government Aided",2,"UPS (I-VIII)",5,"Post graduate",3,"B.Ed. or equivalent",0,0,0,0,0,1,0,0,3,1,0,0,0,0,0,0,0,0,5,3,2
2019-20,33,Tamilnadu,3304,VELLORE,330415,GUDIYATHAM,13,"Government Aided",2,"UPS (I-VIII)",5,"Post graduate",3,"B.Ed. or equivalent",0,0,0,0,0,1,0,0,1,2,0,0,0,0,0,0,0,0,4,1,3
2019-20,33,Tamilnadu,3304,VELLORE,330416,PERNAMBUT,13,"Government Aided",2,"UPS (I-VIII)",5,"Post graduate",3,"B.Ed. or equivalent",0,0,0,0,1,1,0,1,2,1,0,0,0,0,0,0,0,0,6,3,3
2019-20,33,Tamilnadu,3304,VELLORE,330417,MADHANUR,13,"Government Aided",2,"UPS (I-VIII)",5,"Post graduate",3,"B.Ed. or equivalent",0,0,0,0,0,4,2,1,3,2,0,0,0,0,0,0,0,0,12,5,7
2019-20,33,Tamilnadu,3304,VELLORE,330419,NATRAMPALLI,13,"Government Aided",2,"UPS (I-VIII)",5,"Post graduate",3,"B.Ed. or equivalent",0,0,0,0,0,0,1,0,0,0,0,0,0,0,0,0,0,0,1,1,0
2019-20,33,Tamilnadu,3304,VELLORE,330421,THIRUPATTUR,13,"Government Aided",2,"UPS (I-VIII)",5,"Post graduate",3,"B.Ed. or equivalent",0,0,0,0,0,7,0,0,1,2,0,0,0,0,0,0,0,0,10,1,9
2019-20,33,Tamilnadu,3304,VELLORE,330401,ARAKKONAM,13,"Government Aided",5,"HSS (VI-XII)",5,"Post graduate",3,"B.Ed. or equivalent",0,0,0,0,0,0,0,0,2,1,0,0,12,13,0,0,2,1,31,16,15
2019-20,33,Tamilnadu,3304,VELLORE,330404,SHOLINGAR,13,"Government Aided",5,"HSS (VI-XII)",5,"Post graduate",3,"B.Ed. or equivalent",0,0,0,0,0,0,0,0,0,0,0,3,3,0,0,0,6,3,15,9,6
2019-20,33,Tamilnadu,3304,VELLORE,330405,"WALAJA WEST",13,"Government Aided",5,"HSS (VI-XII)",5,"Post graduate",3,"B.Ed. or equivalent",0,0,0,0,0,0,0,0,2,1,2,1,5,2,0,2,3,1,19,12,7
2019-20,33,Tamilnadu,3304,VELLORE,330406,"WALAJA EAST",13,"Government Aided",5,"HSS (VI-XII)",5,"Post graduate",3,"B.Ed. or equivalent",0,0,0,0,0,0,0,0,0,1,0,2,0,9,0,0,1,11,24,1,23
2019-20,33,Tamilnadu,3304,VELLORE,330408,ARCOT,13,"Government Aided",5,"HSS (VI-XII)",5,"Post graduate",3,"B.Ed. or equivalent",0,0,0,0,0,0,0,0,0,0,0,1,0,1,0,3,7,3,15,7,8
2019-20,33,Tamilnadu,3304,VELLORE,330409,"VELLORE RURAL",13,"Government Aided",5,"HSS (VI-XII)",5,"Post graduate",3,"B.Ed. or equivalent",0,0,0,0,0,0,0,0,0,0,3,3,2,0,1,0,2,6,17,8,9
2019-20,33,Tamilnadu,3304,VELLORE,330410,"VELLORE URBAN",13,"Government Aided",5,"HSS (VI-XII)",5,"Post graduate",3,"B.Ed. or equivalent",0,0,0,0,0,0,0,0,1,1,0,5,4,2,1,0,4,8,26,10,16
2019-20,33,Tamilnadu,3304,VELLORE,330413,KATPADI,13,"Government Aided",5,"HSS (VI-XII)",5,"Post graduate",3,"B.Ed. or equivalent",0,0,0,0,0,0,0,0,2,1,8,4,0,0,4,2,3,14,38,17,21
2019-20,33,Tamilnadu,3304,VELLORE,330415,GUDIYATHAM,13,"Government Aided",5,"HSS (VI-XII)",5,"Post graduate",3,"B.Ed. or equivalent",0,0,0,0,0,0,0,0,2,3,1,6,8,24,0,1,4,8,57,15,42
2019-20,33,Tamilnadu,3304,VELLORE,330416,PERNAMBUT,13,"Government Aided",5,"HSS (VI-XII)",5,"Post graduate",3,"B.Ed. or equivalent",0,0,0,0,0,0,0,0,6,1,8,1,8,1,0,1,4,5,35,26,9
2019-20,33,Tamilnadu,3304,VELLORE,330417,MADHANUR,13,"Government Aided",5,"HSS (VI-XII)",5,"Post graduate",3,"B.Ed. or equivalent",0,0,0,0,0,0,0,0,3,3,6,13,6,10,3,6,8,8,66,26,40
2019-20,33,Tamilnadu,3304,VELLORE,330419,NATRAMPALLI,13,"Government Aided",5,"HSS (VI-XII)",5,"Post graduate",3,"B.Ed. or equivalent",0,0,0,0,0,0,0,0,0,2,1,2,13,9,6,3,8,4,48,28,20
2019-20,33,Tamilnadu,3304,VELLORE,330421,THIRUPATTUR,13,"Government Aided",5,"HSS (VI-XII)",5,"Post graduate",3,"B.Ed. or equivalent",0,0,0,0,0,0,0,0,0,4,3,5,12,14,5,1,7,18,69,27,42
2019-20,33,Tamilnadu,3304,VELLORE,330402,NEMILI,13,"Government Aided",7,"SS (VI-X)",5,"Post graduate",3,"B.Ed. or equivalent",0,0,0,0,0,0,0,0,0,1,2,1,0,0,0,0,0,0,4,2,2
2019-20,33,Tamilnadu,3304,VELLORE,330403,KAVERIPAKKAM,13,"Government Aided",7,"SS (VI-X)",5,"Post graduate",3,"B.Ed. or equivalent",0,0,0,0,0,0,0,0,0,0,1,0,2,0,0,0,0,0,3,3,0
2019-20,33,Tamilnadu,3304,VELLORE,330410,"VELLORE URBAN",13,"Government Aided",7,"SS (VI-X)",5,"Post graduate",3,"B.Ed. or equivalent",0,0,0,0,0,0,0,0,1,7,0,0,0,0,0,0,0,0,8,1,7
2019-20,33,Tamilnadu,3304,VELLORE,330413,KATPADI,13,"Government Aided",7,"SS (VI-X)",5,"Post graduate",3,"B.Ed. or equivalent",0,0,0,0,0,0,0,0,0,0,1,0,0,0,0,0,0,0,1,1,0
2019-20,33,Tamilnadu,3304,VELLORE,330416,PERNAMBUT,13,"Government Aided",7,"SS (VI-X)",5,"Post graduate",3,"B.Ed. or equivalent",0,0,0,0,0,0,0,0,0,0,0,0,0,2,0,0,0,0,2,0,2
2019-20,33,Tamilnadu,3304,VELLORE,330417,MADHANUR,13,"Government Aided",7,"SS (VI-X)",5,"Post graduate",3,"B.Ed. or equivalent",0,0,0,0,0,0,0,0,0,1,0,0,0,0,0,0,0,0,1,0,1
2019-20,33,Tamilnadu,3304,VELLORE,330419,NATRAMPALLI,13,"Government Aided",7,"SS (VI-X)",5,"Post graduate",3,"B.Ed. or equivalent",0,0,0,0,0,0,0,0,0,1,0,0,0,2,0,0,0,0,3,0,3
2019-20,33,Tamilnadu,3304,VELLORE,330402,NEMILI,13,"Government Aided",1,"PS (I-V)",5,"Post graduate",4,"M.Ed. or equivalent",0,0,0,0,0,1,0,0,0,0,0,0,0,0,0,0,0,0,1,0,1
2019-20,33,Tamilnadu,3304,VELLORE,330406,"WALAJA EAST",13,"Government Aided",1,"PS (I-V)",5,"Post graduate",4,"M.Ed. or equivalent",0,0,0,0,0,1,0,0,0,0,0,0,0,0,0,0,0,0,1,0,1
2019-20,33,Tamilnadu,3304,VELLORE,330413,KATPADI,13,"Government Aided",1,"PS (I-V)",5,"Post graduate",4,"M.Ed. or equivalent",0,0,0,0,1,0,0,0,0,0,0,0,0,0,0,0,0,0,1,1,0
2019-20,33,Tamilnadu,3304,VELLORE,330415,GUDIYATHAM,13,"Government Aided",1,"PS (I-V)",5,"Post graduate",4,"M.Ed. or equivalent",0,0,0,0,1,1,0,0,0,0,0,0,0,0,0,0,0,0,2,1,1
2019-20,33,Tamilnadu,3304,VELLORE,330419,NATRAMPALLI,13,"Government Aided",1,"PS (I-V)",5,"Post graduate",4,"M.Ed. or equivalent",0,0,0,0,0,1,0,0,0,0,0,0,0,0,0,0,0,0,1,0,1
2019-20,33,Tamilnadu,3304,VELLORE,330403,KAVERIPAKKAM,13,"Government Aided",2,"UPS (I-VIII)",5,"Post graduate",4,"M.Ed. or equivalent",0,0,0,0,0,0,1,0,1,0,0,0,0,0,0,0,0,0,2,2,0
2019-20,33,Tamilnadu,3304,VELLORE,330404,SHOLINGAR,13,"Government Aided",2,"UPS (I-VIII)",5,"Post graduate",4,"M.Ed. or equivalent",0,0,0,0,0,0,0,0,2,1,0,0,0,0,0,0,0,0,3,2,1
2019-20,33,Tamilnadu,3304,VELLORE,330406,"WALAJA EAST",13,"Government Aided",2,"UPS (I-VIII)",5,"Post graduate",4,"M.Ed. or equivalent",0,0,0,0,0,0,0,0,1,5,0,0,0,0,0,0,0,0,6,1,5
2019-20,33,Tamilnadu,3304,VELLORE,330410,"VELLORE URBAN",13,"Government Aided",2,"UPS (I-VIII)",5,"Post graduate",4,"M.Ed. or equivalent",0,0,0,0,0,1,0,0,0,0,0,0,0,0,0,0,0,0,1,0,1
2019-20,33,Tamilnadu,3304,VELLORE,330413,KATPADI,13,"Government Aided",2,"UPS (I-VIII)",5,"Post graduate",4,"M.Ed. or equivalent",0,0,0,0,0,0,0,0,1,0,0,0,0,0,0,0,0,0,1,1,0
2019-20,33,Tamilnadu,3304,VELLORE,330417,MADHANUR,13,"Government Aided",2,"UPS (I-VIII)",5,"Post graduate",4,"M.Ed. or equivalent",0,0,0,0,0,0,0,0,0,1,0,0,0,0,0,0,0,0,1,0,1
2019-20,33,Tamilnadu,3304,VELLORE,330401,ARAKKONAM,13,"Government Aided",5,"HSS (VI-XII)",5,"Post graduate",4,"M.Ed. or equivalent",0,0,0,0,0,0,0,0,0,0,0,1,1,2,0,0,0,3,7,1,6
2019-20,33,Tamilnadu,3304,VELLORE,330404,SHOLINGAR,13,"Government Aided",5,"HSS (VI-XII)",5,"Post graduate",4,"M.Ed. or equivalent",0,0,0,0,0,0,0,0,0,0,0,2,1,1,0,0,1,2,7,2,5
2019-20,33,Tamilnadu,3304,VELLORE,330405,"WALAJA WEST",13,"Government Aided",5,"HSS (VI-XII)",5,"Post graduate",4,"M.Ed. or equivalent",0,0,0,0,0,0,0,0,3,1,2,0,1,1,2,0,5,3,18,13,5
2019-20,33,Tamilnadu,3304,VELLORE,330406,"WALAJA EAST",13,"Government Aided",5,"HSS (VI-XII)",5,"Post graduate",4,"M.Ed. or equivalent",0,0,0,0,0,0,0,0,0,1,0,1,0,1,0,0,0,5,8,0,8
2019-20,33,Tamilnadu,3304,VELLORE,330408,ARCOT,13,"Government Aided",5,"HSS (VI-XII)",5,"Post graduate",4,"M.Ed. or equivalent",0,0,0,0,0,0,0,0,0,0,0,0,0,0,0,0,2,0,2,2,0
2019-20,33,Tamilnadu,3304,VELLORE,330410,"VELLORE URBAN",13,"Government Aided",5,"HSS (VI-XII)",5,"Post graduate",4,"M.Ed. or equivalent",0,0,0,0,0,0,0,0,0,0,0,0,0,0,0,1,1,1,3,1,2
2019-20,33,Tamilnadu,3304,VELLORE,330413,KATPADI,13,"Government Aided",5,"HSS (VI-XII)",5,"Post graduate",4,"M.Ed. or equivalent",0,0,0,0,0,0,0,0,0,0,1,0,0,0,1,0,0,0,2,2,0
2019-20,33,Tamilnadu,3304,VELLORE,330415,GUDIYATHAM,13,"Government Aided",5,"HSS (VI-XII)",5,"Post graduate",4,"M.Ed. or equivalent",0,0,0,0,0,0,0,0,0,1,1,1,2,2,0,0,9,8,24,12,12
2019-20,33,Tamilnadu,3304,VELLORE,330416,PERNAMBUT,13,"Government Aided",5,"HSS (VI-XII)",5,"Post graduate",4,"M.Ed. or equivalent",0,0,0,0,0,0,0,0,0,0,0,1,1,0,0,0,0,4,6,1,5
2019-20,33,Tamilnadu,3304,VELLORE,330417,MADHANUR,13,"Government Aided",5,"HSS (VI-XII)",5,"Post graduate",4,"M.Ed. or equivalent",0,0,0,0,0,0,0,0,0,1,0,0,3,0,0,0,6,3,13,9,4
2019-20,33,Tamilnadu,3304,VELLORE,330419,NATRAMPALLI,13,"Government Aided",5,"HSS (VI-XII)",5,"Post graduate",4,"M.Ed. or equivalent",0,0,0,0,0,0,0,0,0,0,0,0,3,3,2,1,3,0,12,8,4
2019-20,33,Tamilnadu,3304,VELLORE,330421,THIRUPATTUR,13,"Government Aided",5,"HSS (VI-XII)",5,"Post graduate",4,"M.Ed. or equivalent",0,0,0,0,0,0,0,0,0,0,0,1,3,3,2,1,8,5,23,13,10
2019-20,33,Tamilnadu,3304,VELLORE,330403,KAVERIPAKKAM,13,"Government Aided",7,"SS (VI-X)",5,"Post graduate",4,"M.Ed. or equivalent",0,0,0,0,0,0,0,0,0,0,1,0,0,0,0,0,0,0,1,1,0
2019-20,33,Tamilnadu,3304,VELLORE,330410,"VELLORE URBAN",13,"Government Aided",7,"SS (VI-X)",5,"Post graduate",4,"M.Ed. or equivalent",0,0,0,0,0,0,0,0,0,1,0,0,0,1,0,0,0,0,2,0,2
2019-20,33,Tamilnadu,3304,VELLORE,330413,KATPADI,13,"Government Aided",7,"SS (VI-X)",5,"Post graduate",4,"M.Ed. or equivalent",0,0,0,0,0,0,0,0,0,0,1,0,1,0,0,0,0,0,2,2,0
2019-20,33,Tamilnadu,3304,VELLORE,330416,PERNAMBUT,13,"Government Aided",7,"SS (VI-X)",5,"Post graduate",4,"M.Ed. or equivalent",0,0,0,0,0,0,0,0,0,0,0,0,1,1,0,0,0,0,2,1,1
2019-20,33,Tamilnadu,3304,VELLORE,330419,NATRAMPALLI,13,"Government Aided",7,"SS (VI-X)",5,"Post graduate",4,"M.Ed. or equivalent",0,0,0,0,0,0,0,0,0,1,0,0,1,0,0,0,0,0,2,1,1
2019-20,33,Tamilnadu,3304,VELLORE,330403,KAVERIPAKKAM,13,"Government Aided",2,"UPS (I-VIII)",5,"Post graduate",5,Others,0,0,0,0,0,0,0,0,0,1,0,0,0,0,0,0,0,0,1,0,1
2019-20,33,Tamilnadu,3304,VELLORE,330405,"WALAJA WEST",13,"Government Aided",2,"UPS (I-VIII)",5,"Post graduate",5,Others,0,0,0,0,0,0,0,0,0,1,0,0,0,0,0,0,0,0,1,0,1
2019-20,33,Tamilnadu,3304,VELLORE,330401,ARAKKONAM,13,"Government Aided",5,"HSS (VI-XII)",5,"Post graduate",5,Others,0,0,0,0,0,0,0,0,0,0,0,0,1,0,0,0,0,0,1,1,0
2019-20,33,Tamilnadu,3304,VELLORE,330410,"VELLORE URBAN",13,"Government Aided",5,"HSS (VI-XII)",5,"Post graduate",5,Others,0,0,0,0,0,0,0,0,0,0,0,0,1,0,0,0,0,0,1,1,0
2019-20,33,Tamilnadu,3304,VELLORE,330415,GUDIYATHAM,13,"Government Aided",5,"HSS (VI-XII)",5,"Post graduate",5,Others,0,0,0,0,0,0,0,0,0,0,0,0,1,0,0,0,1,0,2,2,0
2019-20,33,Tamilnadu,3304,VELLORE,330416,PERNAMBUT,13,"Government Aided",5,"HSS (VI-XII)",5,"Post graduate",5,Others,0,0,0,0,0,0,0,0,0,0,1,0,0,0,0,0,1,0,2,2,0
2019-20,33,Tamilnadu,3304,VELLORE,330404,SHOLINGAR,13,"Government Aided",5,"HSS (VI-XII)",5,"Post graduate",6,None,0,0,0,0,0,0,0,0,0,0,0,0,0,0,0,0,0,1,1,0,1
2019-20,33,Tamilnadu,3304,VELLORE,330409,"VELLORE RURAL",13,"Government Aided",5,"HSS (VI-XII)",5,"Post graduate",6,None,0,0,0,0,0,0,0,0,0,0,0,0,0,0,0,0,1,0,1,1,0
2019-20,33,Tamilnadu,3304,VELLORE,330413,KATPADI,13,"Government Aided",5,"HSS (VI-XII)",5,"Post graduate",6,None,0,0,0,0,0,0,0,0,0,0,0,0,0,0,0,0,1,1,2,1,1
2019-20,33,Tamilnadu,3304,VELLORE,330415,GUDIYATHAM,13,"Government Aided",5,"HSS (VI-XII)",5,"Post graduate",6,None,0,0,0,0,0,0,0,0,0,0,0,2,0,0,1,0,0,0,3,1,2
2019-20,33,Tamilnadu,3304,VELLORE,330417,MADHANUR,13,"Government Aided",5,"HSS (VI-XII)",5,"Post graduate",6,None,0,0,0,0,0,0,0,0,0,0,0,0,1,0,0,0,1,0,2,2,0
2019-20,33,Tamilnadu,3304,VELLORE,330419,NATRAMPALLI,13,"Government Aided",5,"HSS (VI-XII)",5,"Post graduate",6,None,0,0,0,0,0,0,0,0,0,0,0,0,0,0,0,0,2,0,2,2,0
2019-20,33,Tamilnadu,3304,VELLORE,330421,THIRUPATTUR,13,"Government Aided",5,"HSS (VI-XII)",5,"Post graduate",6,None,0,0,0,0,0,0,0,0,0,0,0,0,0,1,0,0,0,0,1,0,1
2019-20,33,Tamilnadu,3304,VELLORE,330401,ARAKKONAM,13,"Government Aided",1,"PS (I-V)",6,M.Phil,1,"Diploma or certificate in basic teachers training of a duration not less than two years",0,0,0,0,1,0,0,0,0,0,0,0,0,0,0,0,0,0,1,1,0
2019-20,33,Tamilnadu,3304,VELLORE,330406,"WALAJA EAST",13,"Government Aided",1,"PS (I-V)",6,M.Phil,1,"Diploma or certificate in basic teachers training of a duration not less than two years",0,0,0,0,0,1,0,0,0,0,0,0,0,0,0,0,0,0,1,0,1
2019-20,33,Tamilnadu,3304,VELLORE,330410,"VELLORE URBAN",13,"Government Aided",1,"PS (I-V)",6,M.Phil,1,"Diploma or certificate in basic teachers training of a duration not less than two years",0,0,0,0,0,1,0,0,0,0,0,0,0,0,0,0,0,0,1,0,1
2019-20,33,Tamilnadu,3304,VELLORE,330416,PERNAMBUT,13,"Government Aided",1,"PS (I-V)",6,M.Phil,1,"Diploma or certificate in basic teachers training of a duration not less than two years",0,0,0,0,0,1,0,0,0,0,0,0,0,0,0,0,0,0,1,0,1
2019-20,33,Tamilnadu,3304,VELLORE,330417,MADHANUR,13,"Government Aided",1,"PS (I-V)",6,M.Phil,1,"Diploma or certificate in basic teachers training of a duration not less than two years",0,0,0,0,1,0,0,0,0,0,0,0,0,0,0,0,0,0,1,1,0
2019-20,33,Tamilnadu,3304,VELLORE,330420,JOLARPET,13,"Government Aided",1,"PS (I-V)",6,M.Phil,1,"Diploma or certificate in basic teachers training of a duration not less than two years",0,0,0,0,0,1,0,0,0,0,0,0,0,0,0,0,0,0,1,0,1
2019-20,33,Tamilnadu,3304,VELLORE,330403,KAVERIPAKKAM,13,"Government Aided",1,"PS (I-V)",6,M.Phil,3,"B.Ed. or equivalent",0,0,0,0,0,1,0,0,0,0,0,0,0,0,0,0,0,0,1,0,1
2019-20,33,Tamilnadu,3304,VELLORE,330417,MADHANUR,13,"Government Aided",1,"PS (I-V)",6,M.Phil,3,"B.Ed. or equivalent",0,0,0,0,1,0,0,0,0,0,0,0,0,0,0,0,0,0,1,1,0
2019-20,33,Tamilnadu,3304,VELLORE,330419,NATRAMPALLI,13,"Government Aided",1,"PS (I-V)",6,M.Phil,3,"B.Ed. or equivalent",0,0,0,0,0,1,0,0,0,0,0,0,0,0,0,0,0,0,1,0,1
2019-20,33,Tamilnadu,3304,VELLORE,330405,"WALAJA WEST",13,"Government Aided",2,"UPS (I-VIII)",6,M.Phil,3,"B.Ed. or equivalent",0,0,0,0,0,0,0,0,0,1,0,0,0,0,0,0,0,0,1,0,1
2019-20,33,Tamilnadu,3304,VELLORE,330406,"WALAJA EAST",13,"Government Aided",2,"UPS (I-VIII)",6,M.Phil,3,"B.Ed. or equivalent",0,0,0,0,0,0,0,0,2,3,0,0,0,0,0,0,0,0,5,2,3
2019-20,33,Tamilnadu,3304,VELLORE,330410,"VELLORE URBAN",13,"Government Aided",2,"UPS (I-VIII)",6,M.Phil,3,"B.Ed. or equivalent",0,0,0,0,0,0,0,0,1,0,0,0,0,0,0,0,0,0,1,1,0
2019-20,33,Tamilnadu,3304,VELLORE,330401,ARAKKONAM,13,"Government Aided",5,"HSS (VI-XII)",6,M.Phil,3,"B.Ed. or equivalent",0,0,0,0,0,0,0,0,0,0,0,0,0,3,0,0,0,0,3,0,3
2019-20,33,Tamilnadu,3304,VELLORE,330404,SHOLINGAR,13,"Government Aided",5,"HSS (VI-XII)",6,M.Phil,3,"B.Ed. or equivalent",0,0,0,0,0,0,0,0,0,0,1,1,0,0,0,0,1,3,6,2,4
2019-20,33,Tamilnadu,3304,VELLORE,330405,"WALAJA WEST",13,"Government Aided",5,"HSS (VI-XII)",6,M.Phil,3,"B.Ed. or equivalent",0,0,0,0,0,0,0,0,0,0,0,0,1,1,0,0,0,1,3,1,2
2019-20,33,Tamilnadu,3304,VELLORE,330406,"WALAJA EAST",13,"Government Aided",5,"HSS (VI-XII)",6,M.Phil,3,"B.Ed. or equivalent",0,0,0,0,0,0,0,0,0,0,0,1,0,0,0,0,0,4,5,0,5
2019-20,33,Tamilnadu,3304,VELLORE,330408,ARCOT,13,"Government Aided",5,"HSS (VI-XII)",6,M.Phil,3,"B.Ed. or equivalent",0,0,0,0,0,0,0,0,0,0,0,0,0,0,0,1,0,1,2,0,2
2019-20,33,Tamilnadu,3304,VELLORE,330409,"VELLORE RURAL",13,"Government Aided",5,"HSS (VI-XII)",6,M.Phil,3,"B.Ed. or equivalent",0,0,0,0,0,0,0,0,0,0,1,1,0,0,0,0,0,0,2,1,1
2019-20,33,Tamilnadu,3304,VELLORE,330410,"VELLORE URBAN",13,"Government Aided",5,"HSS (VI-XII)",6,M.Phil,3,"B.Ed. or equivalent",0,0,0,0,0,0,0,0,0,0,0,1,1,1,0,0,0,3,6,1,5
2019-20,33,Tamilnadu,3304,VELLORE,330413,KATPADI,13,"Government Aided",5,"HSS (VI-XII)",6,M.Phil,3,"B.Ed. or equivalent",0,0,0,0,0,0,0,0,1,0,1,1,0,0,0,1,3,2,9,5,4
2019-20,33,Tamilnadu,3304,VELLORE,330415,GUDIYATHAM,13,"Government Aided",5,"HSS (VI-XII)",6,M.Phil,3,"B.Ed. or equivalent",0,0,0,0,0,0,0,0,1,2,0,0,3,3,1,1,2,3,16,7,9
2019-20,33,Tamilnadu,3304,VELLORE,330416,PERNAMBUT,13,"Government Aided",5,"HSS (VI-XII)",6,M.Phil,3,"B.Ed. or equivalent",0,0,0,0,0,0,0,0,0,0,4,0,0,0,0,2,6,2,14,10,4
2019-20,33,Tamilnadu,3304,VELLORE,330417,MADHANUR,13,"Government Aided",5,"HSS (VI-XII)",6,M.Phil,3,"B.Ed. or equivalent",0,0,0,0,0,0,0,0,0,0,0,1,4,0,0,1,3,6,15,7,8
2019-20,33,Tamilnadu,3304,VELLORE,330419,NATRAMPALLI,13,"Government Aided",5,"HSS (VI-XII)",6,M.Phil,3,"B.Ed. or equivalent",0,0,0,0,0,0,0,0,0,0,0,0,3,1,2,1,4,1,12,9,3
2019-20,33,Tamilnadu,3304,VELLORE,330421,THIRUPATTUR,13,"Government Aided",5,"HSS (VI-XII)",6,M.Phil,3,"B.Ed. or equivalent",0,0,0,0,0,0,0,0,0,0,0,1,1,1,0,0,3,4,10,4,6
2019-20,33,Tamilnadu,3304,VELLORE,330402,NEMILI,13,"Government Aided",7,"SS (VI-X)",6,M.Phil,3,"B.Ed. or equivalent",0,0,0,0,0,0,0,0,0,0,0,0,1,0,0,0,0,0,1,1,0
2019-20,33,Tamilnadu,3304,VELLORE,330403,KAVERIPAKKAM,13,"Government Aided",7,"SS (VI-X)",6,M.Phil,3,"B.Ed. or equivalent",0,0,0,0,0,0,0,0,0,0,1,1,0,0,0,0,0,0,2,1,1
2019-20,33,Tamilnadu,3304,VELLORE,330417,MADHANUR,13,"Government Aided",7,"SS (VI-X)",6,M.Phil,3,"B.Ed. or equivalent",0,0,0,0,0,0,0,0,0,0,1,1,1,0,0,0,0,0,3,2,1
2019-20,33,Tamilnadu,3304,VELLORE,330403,KAVERIPAKKAM,13,"Government Aided",1,"PS (I-V)",6,M.Phil,4,"M.Ed. or equivalent",0,0,0,0,0,1,0,0,0,0,0,0,0,0,0,0,0,0,1,0,1
2019-20,33,Tamilnadu,3304,VELLORE,330411,KANIYAMBADI,13,"Government Aided",2,"UPS (I-VIII)",6,M.Phil,4,"M.Ed. or equivalent",0,0,0,0,0,0,0,0,1,0,0,0,0,0,0,0,0,0,1,1,0
2019-20,33,Tamilnadu,3304,VELLORE,330417,MADHANUR,13,"Government Aided",2,"UPS (I-VIII)",6,M.Phil,4,"M.Ed. or equivalent",0,0,0,0,0,0,0,0,1,0,0,0,0,0,0,0,0,0,1,1,0
2019-20,33,Tamilnadu,3304,VELLORE,330401,ARAKKONAM,13,"Government Aided",5,"HSS (VI-XII)",6,M.Phil,4,"M.Ed. or equivalent",0,0,0,0,0,0,0,0,1,0,1,0,0,0,0,0,1,1,4,3,1
2019-20,33,Tamilnadu,3304,VELLORE,330404,SHOLINGAR,13,"Government Aided",5,"HSS (VI-XII)",6,M.Phil,4,"M.Ed. or equivalent",0,0,0,0,0,0,0,0,0,0,0,0,0,0,0,0,1,1,2,1,1
2019-20,33,Tamilnadu,3304,VELLORE,330405,"WALAJA WEST",13,"Government Aided",5,"HSS (VI-XII)",6,M.Phil,4,"M.Ed. or equivalent",0,0,0,0,0,0,0,0,0,0,0,0,0,0,0,0,1,0,1,1,0
2019-20,33,Tamilnadu,3304,VELLORE,330406,"WALAJA EAST",13,"Government Aided",5,"HSS (VI-XII)",6,M.Phil,4,"M.Ed. or equivalent",0,0,0,0,0,0,0,0,0,0,0,0,0,0,0,0,0,1,1,0,1
2019-20,33,Tamilnadu,3304,VELLORE,330408,ARCOT,13,"Government Aided",5,"HSS (VI-XII)",6,M.Phil,4,"M.Ed. or equivalent",0,0,0,0,0,0,0,0,0,0,0,0,0,0,0,0,0,1,1,0,1
2019-20,33,Tamilnadu,3304,VELLORE,330410,"VELLORE URBAN",13,"Government Aided",5,"HSS (VI-XII)",6,M.Phil,4,"M.Ed. or equivalent",0,0,0,0,0,0,0,0,0,0,0,0,0,0,0,0,1,3,4,1,3
2019-20,33,Tamilnadu,3304,VELLORE,330413,KATPADI,13,"Government Aided",5,"HSS (VI-XII)",6,M.Phil,4,"M.Ed. or equivalent",0,0,0,0,0,0,0,0,0,0,0,0,0,0,1,0,1,1,3,2,1
2019-20,33,Tamilnadu,3304,VELLORE,330415,GUDIYATHAM,13,"Government Aided",5,"HSS (VI-XII)",6,M.Phil,4,"M.Ed. or equivalent",0,0,0,0,0,0,0,0,0,1,1,1,1,1,0,0,5,0,10,7,3
2019-20,33,Tamilnadu,3304,VELLORE,330416,PERNAMBUT,13,"Government Aided",5,"HSS (VI-XII)",6,M.Phil,4,"M.Ed. or equivalent",0,0,0,0,0,0,0,0,0,0,0,0,0,0,0,0,2,1,3,2,1
2019-20,33,Tamilnadu,3304,VELLORE,330417,MADHANUR,13,"Government Aided",5,"HSS (VI-XII)",6,M.Phil,4,"M.Ed. or equivalent",0,0,0,0,0,0,0,0,0,0,0,0,0,1,0,1,8,3,13,8,5
2019-20,33,Tamilnadu,3304,VELLORE,330419,NATRAMPALLI,13,"Government Aided",5,"HSS (VI-XII)",6,M.Phil,4,"M.Ed. or equivalent",0,0,0,0,0,0,0,0,0,0,0,0,2,0,0,0,0,4,6,2,4
2019-20,33,Tamilnadu,3304,VELLORE,330421,THIRUPATTUR,13,"Government Aided",5,"HSS (VI-XII)",6,M.Phil,4,"M.Ed. or equivalent",0,0,0,0,0,0,0,0,0,0,0,0,0,0,0,0,1,1,2,1,1
2019-20,33,Tamilnadu,3304,VELLORE,330402,NEMILI,13,"Government Aided",7,"SS (VI-X)",6,M.Phil,4,"M.Ed. or equivalent",0,0,0,0,0,0,0,0,0,0,0,0,0,1,0,0,0,0,1,0,1
2019-20,33,Tamilnadu,3304,VELLORE,330413,KATPADI,13,"Government Aided",7,"SS (VI-X)",6,M.Phil,4,"M.Ed. or equivalent",0,0,0,0,0,0,0,0,0,0,0,0,1,0,0,0,0,0,1,1,0
2019-20,33,Tamilnadu,3304,VELLORE,330406,"WALAJA EAST",13,"Government Aided",5,"HSS (VI-XII)",6,M.Phil,5,Others,0,0,0,0,0,0,0,0,0,0,0,0,0,1,0,0,0,0,1,0,1
2019-20,33,Tamilnadu,3304,VELLORE,330408,ARCOT,13,"Government Aided",5,"HSS (VI-XII)",6,M.Phil,5,Others,0,0,0,0,0,0,0,0,0,0,0,0,1,0,0,0,0,0,1,1,0
2019-20,33,Tamilnadu,3304,VELLORE,330401,ARAKKONAM,13,"Government Aided",5,"HSS (VI-XII)",6,M.Phil,6,None,0,0,0,0,0,0,0,0,0,0,0,0,0,1,0,0,1,0,2,1,1
2019-20,33,Tamilnadu,3304,VELLORE,330416,PERNAMBUT,13,"Government Aided",5,"HSS (VI-XII)",6,M.Phil,6,None,0,0,0,0,0,0,0,0,0,0,0,0,0,0,1,0,0,0,1,1,0
2019-20,33,Tamilnadu,3304,VELLORE,330405,"WALAJA WEST",13,"Government Aided",5,"HSS (VI-XII)",7,Ph.D,3,"B.Ed. or equivalent",0,0,0,0,0,0,0,0,0,0,0,0,0,0,0,0,1,0,1,1,0
2019-20,33,Tamilnadu,3304,VELLORE,330410,"VELLORE URBAN",13,"Government Aided",5,"HSS (VI-XII)",7,Ph.D,3,"B.Ed. or equivalent",0,0,0,0,0,0,0,0,0,0,0,0,0,0,0,0,1,0,1,1,0
2019-20,33,Tamilnadu,3304,VELLORE,330413,KATPADI,13,"Government Aided",5,"HSS (VI-XII)",7,Ph.D,3,"B.Ed. or equivalent",0,0,0,0,0,0,0,0,1,0,0,0,0,0,0,0,0,0,1,1,0
2019-20,33,Tamilnadu,3304,VELLORE,330417,MADHANUR,13,"Government Aided",5,"HSS (VI-XII)",7,Ph.D,3,"B.Ed. or equivalent",0,0,0,0,0,0,0,0,0,0,0,0,0,0,0,0,0,1,1,0,1
2019-20,33,Tamilnadu,3304,VELLORE,330410,"VELLORE URBAN",13,"Government Aided",5,"HSS (VI-XII)",7,Ph.D,4,"M.Ed. or equivalent",0,0,0,0,0,0,0,0,0,0,0,0,0,0,0,0,0,1,1,0,1
2019-20,33,Tamilnadu,3304,VELLORE,330419,NATRAMPALLI,13,"Government Aided",5,"HSS (VI-XII)",7,Ph.D,4,"M.Ed. or equivalent",0,0,0,0,0,0,0,0,0,0,1,0,0,0,0,0,0,0,1,1,0
2019-20,33,Tamilnadu,3304,VELLORE,330421,THIRUPATTUR,13,"Government Aided",5,"HSS (VI-XII)",7,Ph.D,5,Others,0,0,0,0,0,0,0,0,0,0,1,0,0,0,0,0,0,0,1,1,0
2019-20,33,Tamilnadu,3304,VELLORE,330406,"WALAJA EAST",13,"Government Aided",5,"HSS (VI-XII)",7,Ph.D,6,None,0,0,0,0,0,0,0,0,0,0,0,0,0,0,0,0,1,0,1,1,0
2019-20,33,Tamilnadu,3304,VELLORE,330410,"VELLORE URBAN",13,"Government Aided",5,"HSS (VI-XII)",7,Ph.D,6,None,0,0,0,0,0,0,0,0,0,0,0,0,1,0,0,0,1,0,2,2,0
2019-20,33,Tamilnadu,3304,VELLORE,330421,THIRUPATTUR,13,"Government Aided",5,"HSS (VI-XII)",7,Ph.D,6,None,0,0,0,0,0,0,0,0,0,0,0,0,0,0,0,0,1,0,1,1,0
2019-20,33,Tamilnadu,3304,VELLORE,330408,ARCOT,14,"Government Aided",2,"UPS (I-VIII)",1,"Below Secondary",1,"Diploma or certificate in basic teachers training of a duration not less than two years",0,0,0,0,2,0,0,0,0,0,0,0,0,0,0,0,0,0,2,2,0
2019-20,33,Tamilnadu,3304,VELLORE,330406,"WALAJA EAST",14,"Government Aided",5,"HSS (VI-XII)",1,"Below Secondary",3,"B.Ed. or equivalent",0,0,0,0,0,0,0,0,0,2,0,0,0,1,0,0,0,0,3,0,3
2019-20,33,Tamilnadu,3304,VELLORE,330419,NATRAMPALLI,14,"Government Aided",5,"HSS (VI-XII)",1,"Below Secondary",3,"B.Ed. or equivalent",0,0,0,0,0,0,0,0,1,0,0,0,0,0,0,0,0,0,1,1,0
2019-20,33,Tamilnadu,3304,VELLORE,330405,"WALAJA WEST",14,"Government Aided",7,"SS (VI-X)",1,"Below Secondary",3,"B.Ed. or equivalent",0,0,0,0,0,0,0,0,1,1,0,0,0,0,0,0,0,0,2,1,1
2019-20,33,Tamilnadu,3304,VELLORE,330412,ANAICUT,14,"Government Aided",7,"SS (VI-X)",1,"Below Secondary",3,"B.Ed. or equivalent",0,0,0,0,0,0,0,0,0,1,0,0,0,0,0,0,0,0,1,0,1
2019-20,33,Tamilnadu,3304,VELLORE,330416,PERNAMBUT,14,"Government Aided",7,"SS (VI-X)",1,"Below Secondary",3,"B.Ed. or equivalent",0,0,0,0,0,0,0,0,1,0,0,0,0,0,0,0,0,0,1,1,0
2019-20,33,Tamilnadu,3304,VELLORE,330403,KAVERIPAKKAM,14,"Government Aided",7,"SS (VI-X)",1,"Below Secondary",4,"M.Ed. or equivalent",0,0,0,0,0,0,0,0,0,1,0,0,0,0,0,0,0,0,1,0,1
2019-20,33,Tamilnadu,3304,VELLORE,330406,"WALAJA EAST",14,"Government Aided",5,"HSS (VI-XII)",1,"Below Secondary",5,Others,0,0,0,0,0,0,0,0,0,1,0,0,0,0,0,0,0,0,1,0,1
2019-20,33,Tamilnadu,3304,VELLORE,330405,"WALAJA WEST",14,"Government Aided",7,"SS (VI-X)",1,"Below Secondary",5,Others,0,0,0,0,0,0,0,0,1,0,0,0,0,0,0,0,0,0,1,1,0
2019-20,33,Tamilnadu,3304,VELLORE,330410,"VELLORE URBAN",14,"Government Aided",7,"SS (VI-X)",1,"Below Secondary",5,Others,0,0,0,0,0,0,0,0,0,0,0,0,1,0,0,0,0,0,1,1,0
2019-20,33,Tamilnadu,3304,VELLORE,330401,ARAKKONAM,14,"Government Aided",5,"HSS (VI-XII)",1,"Below Secondary",6,None,0,0,0,0,0,0,0,0,0,0,0,1,0,0,0,0,0,0,1,0,1
2019-20,33,Tamilnadu,3304,VELLORE,330408,ARCOT,14,"Government Aided",2,"UPS (I-VIII)",3,"Higher secondary",1,"Diploma or certificate in basic teachers training of a duration not less than two years",0,0,0,0,2,1,0,0,0,0,0,0,0,0,0,0,0,0,3,2,1
2019-20,33,Tamilnadu,3304,VELLORE,330412,ANAICUT,14,"Government Aided",2,"UPS (I-VIII)",3,"Higher secondary",1,"Diploma or certificate in basic teachers training of a duration not less than two years",0,0,0,0,3,6,0,0,0,0,0,0,0,0,0,0,0,0,9,3,6
2019-20,33,Tamilnadu,3304,VELLORE,330401,ARAKKONAM,14,"Government Aided",5,"HSS (VI-XII)",3,"Higher secondary",3,"B.Ed. or equivalent",0,0,0,0,0,0,0,0,4,3,0,0,1,1,0,1,0,0,10,5,5
2019-20,33,Tamilnadu,3304,VELLORE,330406,"WALAJA EAST",14,"Government Aided",5,"HSS (VI-XII)",3,"Higher secondary",3,"B.Ed. or equivalent",0,0,0,0,0,0,0,0,1,2,1,0,0,0,0,0,0,0,4,2,2
2019-20,33,Tamilnadu,3304,VELLORE,330415,GUDIYATHAM,14,"Government Aided",5,"HSS (VI-XII)",3,"Higher secondary",3,"B.Ed. or equivalent",0,0,0,0,0,0,0,0,0,0,0,0,1,1,0,0,0,0,2,1,1
2019-20,33,Tamilnadu,3304,VELLORE,330420,JOLARPET,14,"Government Aided",5,"HSS (VI-XII)",3,"Higher secondary",3,"B.Ed. or equivalent",0,0,0,0,0,0,0,0,0,2,0,0,0,0,0,0,0,1,3,0,3
2019-20,33,Tamilnadu,3304,VELLORE,330401,ARAKKONAM,14,"Government Aided",7,"SS (VI-X)",3,"Higher secondary",3,"B.Ed. or equivalent",0,0,0,0,0,0,0,0,1,1,0,0,0,0,0,0,0,0,2,1,1
2019-20,33,Tamilnadu,3304,VELLORE,330410,"VELLORE URBAN",14,"Government Aided",7,"SS (VI-X)",3,"Higher secondary",3,"B.Ed. or equivalent",0,0,0,0,0,0,0,0,3,0,0,0,0,0,0,0,0,0,3,3,0
2019-20,33,Tamilnadu,3304,VELLORE,330411,KANIYAMBADI,14,"Government Aided",7,"SS (VI-X)",3,"Higher secondary",3,"B.Ed. or equivalent",0,0,0,0,0,0,0,0,0,1,0,0,0,0,0,0,0,0,1,0,1
2019-20,33,Tamilnadu,3304,VELLORE,330413,KATPADI,14,"Government Aided",7,"SS (VI-X)",3,"Higher secondary",3,"B.Ed. or equivalent",0,0,0,0,0,0,0,0,0,0,0,3,0,0,0,0,0,0,3,0,3
2019-20,33,Tamilnadu,3304,VELLORE,330416,PERNAMBUT,14,"Government Aided",7,"SS (VI-X)",3,"Higher secondary",3,"B.Ed. or equivalent",0,0,0,0,0,0,0,0,0,1,0,0,0,0,0,0,0,0,1,0,1
2019-20,33,Tamilnadu,3304,VELLORE,330421,THIRUPATTUR,14,"Government Aided",7,"SS (VI-X)",3,"Higher secondary",4,"M.Ed. or equivalent",0,0,0,0,0,0,0,0,0,0,0,0,0,1,0,0,0,0,1,0,1
2019-20,33,Tamilnadu,3304,VELLORE,330401,ARAKKONAM,14,"Government Aided",5,"HSS (VI-XII)",3,"Higher secondary",5,Others,0,0,0,0,0,0,0,0,0,0,1,1,0,0,0,0,0,0,2,1,1
2019-20,33,Tamilnadu,3304,VELLORE,330416,PERNAMBUT,14,"Government Aided",7,"SS (VI-X)",3,"Higher secondary",5,Others,0,0,0,0,0,0,0,0,1,0,0,0,0,0,0,0,0,0,1,1,0
2019-20,33,Tamilnadu,3304,VELLORE,330401,ARAKKONAM,14,"Government Aided",5,"HSS (VI-XII)",4,Graduate,3,"B.Ed. or equivalent",0,0,0,0,0,0,0,0,2,0,0,0,2,0,0,0,0,0,4,4,0
2019-20,33,Tamilnadu,3304,VELLORE,330406,"WALAJA EAST",14,"Government Aided",5,"HSS (VI-XII)",4,Graduate,3,"B.Ed. or equivalent",0,0,0,0,0,0,0,0,1,4,0,1,0,2,0,2,0,3,13,1,12
2019-20,33,Tamilnadu,3304,VELLORE,330410,"VELLORE URBAN",14,"Government Aided",5,"HSS (VI-XII)",4,Graduate,3,"B.Ed. or equivalent",0,0,0,0,0,0,0,0,0,5,0,7,0,5,0,0,0,0,17,0,17
2019-20,33,Tamilnadu,3304,VELLORE,330415,GUDIYATHAM,14,"Government Aided",5,"HSS (VI-XII)",4,Graduate,3,"B.Ed. or equivalent",0,0,0,0,0,0,0,0,1,1,1,0,1,0,0,0,0,1,5,3,2
2019-20,33,Tamilnadu,3304,VELLORE,330416,PERNAMBUT,14,"Government Aided",5,"HSS (VI-XII)",4,Graduate,3,"B.Ed. or equivalent",0,0,0,0,0,0,0,0,0,0,2,1,0,0,0,0,0,0,3,2,1
2019-20,33,Tamilnadu,3304,VELLORE,330417,MADHANUR,14,"Government Aided",5,"HSS (VI-XII)",4,Graduate,3,"B.Ed. or equivalent",0,0,0,0,0,0,0,0,0,0,0,3,0,1,0,0,0,0,4,0,4
2019-20,33,Tamilnadu,3304,VELLORE,330419,NATRAMPALLI,14,"Government Aided",5,"HSS (VI-XII)",4,Graduate,3,"B.Ed. or equivalent",0,0,0,0,0,0,0,0,0,0,2,0,0,0,0,0,0,0,2,2,0
2019-20,33,Tamilnadu,3304,VELLORE,330420,JOLARPET,14,"Government Aided",5,"HSS (VI-XII)",4,Graduate,3,"B.Ed. or equivalent",0,0,0,0,0,0,0,0,0,1,3,2,0,1,0,0,0,0,7,3,4
2019-20,33,Tamilnadu,3304,VELLORE,330421,THIRUPATTUR,14,"Government Aided",5,"HSS (VI-XII)",4,Graduate,3,"B.Ed. or equivalent",0,0,0,0,0,0,0,0,0,0,1,0,0,0,0,0,0,0,1,1,0
2019-20,33,Tamilnadu,3304,VELLORE,330401,ARAKKONAM,14,"Government Aided",7,"SS (VI-X)",4,Graduate,3,"B.Ed. or equivalent",0,0,0,0,0,0,0,0,0,3,0,0,0,1,0,0,0,0,4,0,4
2019-20,33,Tamilnadu,3304,VELLORE,330403,KAVERIPAKKAM,14,"Government Aided",7,"SS (VI-X)",4,Graduate,3,"B.Ed. or equivalent",0,0,0,0,0,0,0,0,2,1,0,0,0,0,0,0,0,0,3,2,1
2019-20,33,Tamilnadu,3304,VELLORE,330410,"VELLORE URBAN",14,"Government Aided",7,"SS (VI-X)",4,Graduate,3,"B.Ed. or equivalent",0,0,0,0,0,0,0,0,4,8,1,1,0,0,0,0,0,0,14,5,9
2019-20,33,Tamilnadu,3304,VELLORE,330411,KANIYAMBADI,14,"Government Aided",7,"SS (VI-X)",4,Graduate,3,"B.Ed. or equivalent",0,0,0,0,0,0,0,0,0,2,1,0,0,0,0,0,0,0,3,1,2
2019-20,33,Tamilnadu,3304,VELLORE,330412,ANAICUT,14,"Government Aided",7,"SS (VI-X)",4,Graduate,3,"B.Ed. or equivalent",0,0,0,0,0,0,0,0,0,2,0,0,0,0,0,0,0,0,2,0,2
2019-20,33,Tamilnadu,3304,VELLORE,330413,KATPADI,14,"Government Aided",7,"SS (VI-X)",4,Graduate,3,"B.Ed. or equivalent",0,0,0,0,0,0,0,0,0,0,0,4,0,0,0,0,0,0,4,0,4
2019-20,33,Tamilnadu,3304,VELLORE,330421,THIRUPATTUR,14,"Government Aided",7,"SS (VI-X)",4,Graduate,3,"B.Ed. or equivalent",0,0,0,0,0,0,0,0,0,0,0,0,5,13,0,0,0,0,18,5,13
2019-20,33,Tamilnadu,3304,VELLORE,330410,"VELLORE URBAN",14,"Government Aided",5,"HSS (VI-XII)",4,Graduate,4,"M.Ed. or equivalent",0,0,0,0,0,0,0,0,0,0,0,0,0,1,0,0,0,0,1,0,1
2019-20,33,Tamilnadu,3304,VELLORE,330416,PERNAMBUT,14,"Government Aided",5,"HSS (VI-XII)",4,Graduate,4,"M.Ed. or equivalent",0,0,0,0,0,0,0,0,0,0,0,1,0,0,0,0,0,0,1,0,1
2019-20,33,Tamilnadu,3304,VELLORE,330410,"VELLORE URBAN",14,"Government Aided",7,"SS (VI-X)",4,Graduate,4,"M.Ed. or equivalent",0,0,0,0,0,0,0,0,1,0,0,0,0,0,0,0,0,0,1,1,0
2019-20,33,Tamilnadu,3304,VELLORE,330417,MADHANUR,14,"Government Aided",5,"HSS (VI-XII)",4,Graduate,5,Others,0,0,0,0,0,0,0,0,0,0,0,1,0,0,0,0,0,0,1,0,1
2019-20,33,Tamilnadu,3304,VELLORE,330403,KAVERIPAKKAM,14,"Government Aided",7,"SS (VI-X)",4,Graduate,5,Others,0,0,0,0,0,0,0,0,0,1,0,0,0,0,0,0,0,0,1,0,1
2019-20,33,Tamilnadu,3304,VELLORE,330411,KANIYAMBADI,14,"Government Aided",7,"SS (VI-X)",4,Graduate,5,Others,0,0,0,0,0,0,0,0,1,1,0,0,0,0,0,0,0,0,2,1,1
2019-20,33,Tamilnadu,3304,VELLORE,330406,"WALAJA EAST",14,"Government Aided",5,"HSS (VI-XII)",4,Graduate,6,None,0,0,0,0,0,0,0,0,0,4,0,0,1,0,0,0,0,0,5,1,4
2019-20,33,Tamilnadu,3304,VELLORE,330410,"VELLORE URBAN",14,"Government Aided",5,"HSS (VI-XII)",4,Graduate,6,None,0,0,0,0,0,0,0,0,0,0,0,1,0,0,0,0,0,0,1,0,1
2019-20,33,Tamilnadu,3304,VELLORE,330410,"VELLORE URBAN",14,"Government Aided",7,"SS (VI-X)",4,Graduate,6,None,0,0,0,0,0,0,0,0,0,0,0,0,1,0,0,0,0,0,1,1,0
2019-20,33,Tamilnadu,3304,VELLORE,330414,K.V.KUPPAM,14,"Government Aided",7,"SS (VI-X)",4,Graduate,6,None,0,0,0,0,0,0,0,0,0,0,1,0,0,0,0,0,0,0,1,1,0
2019-20,33,Tamilnadu,3304,VELLORE,330408,ARCOT,14,"Government Aided",2,"UPS (I-VIII)",5,"Post graduate",1,"Diploma or certificate in basic teachers training of a duration not less than two years",0,0,0,0,1,0,0,0,0,0,0,0,0,0,0,0,0,0,1,1,0
2019-20,33,Tamilnadu,3304,VELLORE,330415,GUDIYATHAM,14,"Government Aided",2,"UPS (I-VIII)",5,"Post graduate",1,"Diploma or certificate in basic teachers training of a duration not less than two years",0,0,0,0,0,1,0,0,0,0,0,0,0,0,0,0,0,0,1,0,1
2019-20,33,Tamilnadu,3304,VELLORE,330412,ANAICUT,14,"Government Aided",2,"UPS (I-VIII)",5,"Post graduate",3,"B.Ed. or equivalent",0,0,0,0,0,0,1,1,0,0,0,0,0,0,0,0,0,0,2,1,1
2019-20,33,Tamilnadu,3304,VELLORE,330409,"VELLORE RURAL",14,"Government Aided",4,"UPS (VI-VIII)",5,"Post graduate",3,"B.Ed. or equivalent",0,0,0,0,0,0,0,0,1,1,0,0,0,0,0,0,0,0,2,1,1
2019-20,33,Tamilnadu,3304,VELLORE,330401,ARAKKONAM,14,"Government Aided",5,"HSS (VI-XII)",5,"Post graduate",3,"B.Ed. or equivalent",0,0,0,0,0,0,0,0,0,1,2,3,2,2,0,0,3,5,18,7,11
2019-20,33,Tamilnadu,3304,VELLORE,330406,"WALAJA EAST",14,"Government Aided",5,"HSS (VI-XII)",5,"Post graduate",3,"B.Ed. or equivalent",0,0,0,0,0,0,0,0,2,10,1,3,1,4,0,0,0,3,24,4,20
2019-20,33,Tamilnadu,3304,VELLORE,330410,"VELLORE URBAN",14,"Government Aided",5,"HSS (VI-XII)",5,"Post graduate",3,"B.Ed. or equivalent",0,0,0,0,0,0,0,0,0,4,0,6,0,8,0,0,0,10,28,0,28
2019-20,33,Tamilnadu,3304,VELLORE,330415,GUDIYATHAM,14,"Government Aided",5,"HSS (VI-XII)",5,"Post graduate",3,"B.Ed. or equivalent",0,0,0,0,0,0,0,0,2,3,0,3,0,1,0,0,0,0,9,2,7
2019-20,33,Tamilnadu,3304,VELLORE,330417,MADHANUR,14,"Government Aided",5,"HSS (VI-XII)",5,"Post graduate",3,"B.Ed. or equivalent",0,0,0,0,0,0,0,0,0,0,2,6,2,3,0,0,0,0,13,4,9
2019-20,33,Tamilnadu,3304,VELLORE,330419,NATRAMPALLI,14,"Government Aided",5,"HSS (VI-XII)",5,"Post graduate",3,"B.Ed. or equivalent",0,0,0,0,0,0,0,0,0,0,1,1,1,0,0,0,0,0,3,2,1
2019-20,33,Tamilnadu,3304,VELLORE,330420,JOLARPET,14,"Government Aided",5,"HSS (VI-XII)",5,"Post graduate",3,"B.Ed. or equivalent",0,0,0,0,0,0,0,0,3,2,1,4,1,3,0,4,7,4,29,12,17
2019-20,33,Tamilnadu,3304,VELLORE,330421,THIRUPATTUR,14,"Government Aided",5,"HSS (VI-XII)",5,"Post graduate",3,"B.Ed. or equivalent",0,0,0,0,0,0,0,0,0,0,2,0,6,0,0,0,0,0,8,8,0
2019-20,33,Tamilnadu,3304,VELLORE,330401,ARAKKONAM,14,"Government Aided",7,"SS (VI-X)",5,"Post graduate",3,"B.Ed. or equivalent",0,0,0,0,0,0,0,0,1,2,0,1,1,0,0,0,0,0,5,2,3
2019-20,33,Tamilnadu,3304,VELLORE,330403,KAVERIPAKKAM,14,"Government Aided",7,"SS (VI-X)",5,"Post graduate",3,"B.Ed. or equivalent",0,0,0,0,0,0,0,0,3,6,0,0,0,0,0,0,0,0,9,3,6
2019-20,33,Tamilnadu,3304,VELLORE,330410,"VELLORE URBAN",14,"Government Aided",7,"SS (VI-X)",5,"Post graduate",3,"B.Ed. or equivalent",0,0,0,0,0,0,0,0,0,1,0,0,0,0,0,0,0,0,1,0,1
2019-20,33,Tamilnadu,3304,VELLORE,330411,KANIYAMBADI,14,"Government Aided",7,"SS (VI-X)",5,"Post graduate",3,"B.Ed. or equivalent",0,0,0,0,0,0,0,0,1,1,0,1,0,1,0,0,0,0,4,1,3
2019-20,33,Tamilnadu,3304,VELLORE,330412,ANAICUT,14,"Government Aided",7,"SS (VI-X)",5,"Post graduate",3,"B.Ed. or equivalent",0,0,0,0,0,0,0,0,0,2,0,0,0,0,0,0,0,0,2,0,2
2019-20,33,Tamilnadu,3304,VELLORE,330413,KATPADI,14,"Government Aided",7,"SS (VI-X)",5,"Post graduate",3,"B.Ed. or equivalent",0,0,0,0,0,0,0,0,0,0,1,0,0,0,0,0,0,0,1,1,0
2019-20,33,Tamilnadu,3304,VELLORE,330414,K.V.KUPPAM,14,"Government Aided",7,"SS (VI-X)",5,"Post graduate",3,"B.Ed. or equivalent",0,0,0,0,0,0,0,0,0,0,1,2,1,0,0,0,0,0,4,2,2
2019-20,33,Tamilnadu,3304,VELLORE,330416,PERNAMBUT,14,"Government Aided",7,"SS (VI-X)",5,"Post graduate",3,"B.Ed. or equivalent",0,0,0,0,0,0,0,0,1,2,1,0,0,0,0,0,0,0,4,2,2
2019-20,33,Tamilnadu,3304,VELLORE,330421,THIRUPATTUR,14,"Government Aided",7,"SS (VI-X)",5,"Post graduate",3,"B.Ed. or equivalent",0,0,0,0,0,0,0,0,0,0,0,0,5,3,0,0,0,0,8,5,3
2019-20,33,Tamilnadu,3304,VELLORE,330401,ARAKKONAM,14,"Government Aided",5,"HSS (VI-XII)",5,"Post graduate",4,"M.Ed. or equivalent",0,0,0,0,0,0,0,0,0,1,0,1,1,0,0,0,1,3,7,2,5
2019-20,33,Tamilnadu,3304,VELLORE,330406,"WALAJA EAST",14,"Government Aided",5,"HSS (VI-XII)",5,"Post graduate",4,"M.Ed. or equivalent",0,0,0,0,0,0,0,0,1,1,1,0,1,7,0,0,1,0,12,4,8
2019-20,33,Tamilnadu,3304,VELLORE,330410,"VELLORE URBAN",14,"Government Aided",5,"HSS (VI-XII)",5,"Post graduate",4,"M.Ed. or equivalent",0,0,0,0,0,0,0,0,0,1,0,1,0,0,0,0,0,1,3,0,3
2019-20,33,Tamilnadu,3304,VELLORE,330415,GUDIYATHAM,14,"Government Aided",5,"HSS (VI-XII)",5,"Post graduate",4,"M.Ed. or equivalent",0,0,0,0,0,0,0,0,0,0,0,1,1,0,0,0,0,0,2,1,1
2019-20,33,Tamilnadu,3304,VELLORE,330417,MADHANUR,14,"Government Aided",5,"HSS (VI-XII)",5,"Post graduate",4,"M.Ed. or equivalent",0,0,0,0,0,0,0,0,0,0,0,2,0,1,0,0,0,0,3,0,3
2019-20,33,Tamilnadu,3304,VELLORE,330420,JOLARPET,14,"Government Aided",5,"HSS (VI-XII)",5,"Post graduate",4,"M.Ed. or equivalent",0,0,0,0,0,0,0,0,1,0,0,0,0,0,0,1,1,3,6,2,4
2019-20,33,Tamilnadu,3304,VELLORE,330401,ARAKKONAM,14,"Government Aided",7,"SS (VI-X)",5,"Post graduate",4,"M.Ed. or equivalent",0,0,0,0,0,0,0,0,0,0,0,0,0,1,0,0,0,0,1,0,1
2019-20,33,Tamilnadu,3304,VELLORE,330403,KAVERIPAKKAM,14,"Government Aided",7,"SS (VI-X)",5,"Post graduate",4,"M.Ed. or equivalent",0,0,0,0,0,0,0,0,1,0,0,0,0,0,0,0,0,0,1,1,0
2019-20,33,Tamilnadu,3304,VELLORE,330410,"VELLORE URBAN",14,"Government Aided",7,"SS (VI-X)",5,"Post graduate",4,"M.Ed. or equivalent",0,0,0,0,0,0,0,0,0,0,1,0,0,0,0,0,0,0,1,1,0
2019-20,33,Tamilnadu,3304,VELLORE,330406,"WALAJA EAST",14,"Government Aided",5,"HSS (VI-XII)",5,"Post graduate",5,Others,0,0,0,0,0,0,0,0,0,1,0,0,0,0,0,0,0,0,1,0,1
2019-20,33,Tamilnadu,3304,VELLORE,330410,"VELLORE URBAN",14,"Government Aided",5,"HSS (VI-XII)",5,"Post graduate",6,None,0,0,0,0,0,0,0,0,0,0,0,0,0,1,0,0,0,0,1,0,1
2019-20,33,Tamilnadu,3304,VELLORE,330415,GUDIYATHAM,14,"Government Aided",5,"HSS (VI-XII)",5,"Post graduate",6,None,0,0,0,0,0,0,0,0,0,0,1,0,0,0,0,0,0,0,1,1,0
2019-20,33,Tamilnadu,3304,VELLORE,330420,JOLARPET,14,"Government Aided",5,"HSS (VI-XII)",5,"Post graduate",6,None,0,0,0,0,0,0,0,0,0,0,0,0,0,0,0,1,0,0,1,0,1
2019-20,33,Tamilnadu,3304,VELLORE,330408,ARCOT,14,"Government Aided",2,"UPS (I-VIII)",6,M.Phil,1,"Diploma or certificate in basic teachers training of a duration not less than two years",0,0,0,0,1,0,0,0,0,0,0,0,0,0,0,0,0,0,1,1,0
2019-20,33,Tamilnadu,3304,VELLORE,330412,ANAICUT,14,"Government Aided",2,"UPS (I-VIII)",6,M.Phil,1,"Diploma or certificate in basic teachers training of a duration not less than two years",0,0,0,0,0,1,0,0,0,0,0,0,0,0,0,0,0,0,1,0,1
2019-20,33,Tamilnadu,3304,VELLORE,330401,ARAKKONAM,14,"Government Aided",5,"HSS (VI-XII)",6,M.Phil,3,"B.Ed. or equivalent",0,0,0,0,0,0,0,0,0,0,0,1,0,0,0,0,0,0,1,0,1
2019-20,33,Tamilnadu,3304,VELLORE,330406,"WALAJA EAST",14,"Government Aided",5,"HSS (VI-XII)",6,M.Phil,3,"B.Ed. or equivalent",0,0,0,0,0,0,0,0,1,1,1,0,0,0,0,0,0,1,4,2,2
2019-20,33,Tamilnadu,3304,VELLORE,330410,"VELLORE URBAN",14,"Government Aided",5,"HSS (VI-XII)",6,M.Phil,3,"B.Ed. or equivalent",0,0,0,0,0,0,0,0,0,0,0,2,0,0,0,0,0,2,4,0,4
2019-20,33,Tamilnadu,3304,VELLORE,330415,GUDIYATHAM,14,"Government Aided",5,"HSS (VI-XII)",6,M.Phil,3,"B.Ed. or equivalent",0,0,0,0,0,0,0,0,0,1,0,0,2,0,0,0,0,0,3,2,1
2019-20,33,Tamilnadu,3304,VELLORE,330417,MADHANUR,14,"Government Aided",5,"HSS (VI-XII)",6,M.Phil,3,"B.Ed. or equivalent",0,0,0,0,0,0,0,0,0,0,1,0,0,0,0,0,0,0,1,1,0
2019-20,33,Tamilnadu,3304,VELLORE,330419,NATRAMPALLI,14,"Government Aided",5,"HSS (VI-XII)",6,M.Phil,3,"B.Ed. or equivalent",0,0,0,0,0,0,0,0,0,0,1,0,0,0,0,0,0,0,1,1,0
2019-20,33,Tamilnadu,3304,VELLORE,330420,JOLARPET,14,"Government Aided",5,"HSS (VI-XII)",6,M.Phil,3,"B.Ed. or equivalent",0,0,0,0,0,0,0,0,0,0,0,0,0,0,0,1,1,0,2,1,1
2019-20,33,Tamilnadu,3304,VELLORE,330410,"VELLORE URBAN",14,"Government Aided",7,"SS (VI-X)",6,M.Phil,3,"B.Ed. or equivalent",0,0,0,0,0,0,0,0,0,0,1,0,0,0,0,0,0,0,1,1,0
2019-20,33,Tamilnadu,3304,VELLORE,330411,KANIYAMBADI,14,"Government Aided",7,"SS (VI-X)",6,M.Phil,3,"B.Ed. or equivalent",0,0,0,0,0,0,0,0,0,0,0,1,0,0,0,0,0,0,1,0,1
2019-20,33,Tamilnadu,3304,VELLORE,330412,ANAICUT,14,"Government Aided",7,"SS (VI-X)",6,M.Phil,3,"B.Ed. or equivalent",0,0,0,0,0,0,0,0,2,0,0,0,0,0,0,0,0,0,2,2,0
2019-20,33,Tamilnadu,3304,VELLORE,330416,PERNAMBUT,14,"Government Aided",7,"SS (VI-X)",6,M.Phil,3,"B.Ed. or equivalent",0,0,0,0,0,0,0,0,0,1,0,0,0,0,0,0,0,0,1,0,1
2019-20,33,Tamilnadu,3304,VELLORE,330421,THIRUPATTUR,14,"Government Aided",7,"SS (VI-X)",6,M.Phil,3,"B.Ed. or equivalent",0,0,0,0,0,0,0,0,0,0,0,1,0,0,0,0,0,0,1,0,1
2019-20,33,Tamilnadu,3304,VELLORE,330406,"WALAJA EAST",14,"Government Aided",5,"HSS (VI-XII)",6,M.Phil,4,"M.Ed. or equivalent",0,0,0,0,0,0,0,0,0,0,1,1,1,2,0,0,1,0,6,3,3
2019-20,33,Tamilnadu,3304,VELLORE,330410,"VELLORE URBAN",14,"Government Aided",5,"HSS (VI-XII)",6,M.Phil,4,"M.Ed. or equivalent",0,0,0,0,0,0,0,0,0,0,0,0,0,0,0,0,0,1,1,0,1
2019-20,33,Tamilnadu,3304,VELLORE,330420,JOLARPET,14,"Government Aided",5,"HSS (VI-XII)",6,M.Phil,4,"M.Ed. or equivalent",0,0,0,0,0,0,0,0,0,0,0,0,0,0,0,1,0,0,1,0,1
2019-20,33,Tamilnadu,3304,VELLORE,330401,ARAKKONAM,14,"Government Aided",7,"SS (VI-X)",6,M.Phil,4,"M.Ed. or equivalent",0,0,0,0,0,0,0,0,1,0,0,0,0,0,0,0,0,0,1,1,0
2019-20,33,Tamilnadu,3304,VELLORE,330416,PERNAMBUT,14,"Government Aided",7,"SS (VI-X)",6,M.Phil,4,"M.Ed. or equivalent",0,0,0,0,0,0,0,0,1,0,0,0,0,0,0,0,0,0,1,1,0
2019-20,33,Tamilnadu,3304,VELLORE,330420,JOLARPET,14,"Government Aided",5,"HSS (VI-XII)",6,M.Phil,6,None,0,0,0,0,0,0,0,0,1,0,0,0,0,0,0,0,0,0,1,1,0
2019-20,33,Tamilnadu,3304,VELLORE,330406,"WALAJA EAST",14,"Government Aided",5,"HSS (VI-XII)",7,Ph.D,4,"M.Ed. or equivalent",0,0,0,0,0,0,0,0,0,0,0,1,0,0,0,0,0,1,2,0,2
2019-20,33,Tamilnadu,3304,VELLORE,330406,"WALAJA EAST",14,"Government Aided",5,"HSS (VI-XII)",7,Ph.D,5,Others,0,0,0,0,0,0,0,0,0,0,0,0,0,0,0,1,0,0,1,0,1
2019-20,33,Tamilnadu,3304,VELLORE,330416,PERNAMBUT,19,"Government Aided",7,"SS (VI-X)",3,"Higher secondary",3,"B.Ed. or equivalent",0,0,0,0,0,0,0,0,0,5,0,0,0,0,0,0,0,0,5,0,5
2019-20,33,Tamilnadu,3304,VELLORE,330417,MADHANUR,19,"Government Aided",5,"HSS (VI-XII)",3,"Higher secondary",6,None,0,0,0,0,0,0,0,0,0,0,0,0,0,0,0,0,1,0,1,1,0
2019-20,33,Tamilnadu,3304,VELLORE,330417,MADHANUR,19,"Government Aided",5,"HSS (VI-XII)",4,Graduate,3,"B.Ed. or equivalent",0,0,0,0,0,0,0,0,0,5,0,0,1,1,0,3,0,0,10,1,9
2019-20,33,Tamilnadu,3304,VELLORE,330417,MADHANUR,19,"Government Aided",5,"HSS (VI-XII)",5,"Post graduate",3,"B.Ed. or equivalent",0,0,0,0,0,0,0,0,2,1,1,1,5,3,0,0,1,0,14,9,5
2019-20,33,Tamilnadu,3304,VELLORE,330417,MADHANUR,19,"Government Aided",5,"HSS (VI-XII)",5,"Post graduate",4,"M.Ed. or equivalent",0,0,0,0,0,0,0,0,0,0,0,0,0,0,0,1,0,0,1,0,1
2019-20,33,Tamilnadu,3304,VELLORE,330417,MADHANUR,19,"Government Aided",5,"HSS (VI-XII)",5,"Post graduate",5,Others,0,0,0,0,0,0,0,0,0,0,0,0,1,0,0,0,0,0,1,1,0
2019-20,33,Tamilnadu,3304,VELLORE,330417,MADHANUR,19,"Government Aided",5,"HSS (VI-XII)",6,M.Phil,3,"B.Ed. or equivalent",0,0,0,0,0,0,0,0,0,0,0,0,2,0,0,0,2,1,5,4,1
2019-20,33,Tamilnadu,3304,VELLORE,330417,MADHANUR,19,"Government Aided",5,"HSS (VI-XII)",6,M.Phil,4,"M.Ed. or equivalent",0,0,0,0,0,0,0,0,0,0,0,0,0,0,1,0,3,0,4,4,0
2019-20,33,Tamilnadu,3304,VELLORE,330417,MADHANUR,19,"Government Aided",5,"HSS (VI-XII)",6,M.Phil,5,Others,0,0,0,0,0,0,0,0,0,0,0,0,1,0,0,0,0,0,1,1,0
2019-20,33,Tamilnadu,3304,VELLORE,330401,ARAKKONAM,12,"Kendriya Vidyalaya / Central School",3,"HSS (I-XII)",1,"Below Secondary",1,"Diploma or certificate in basic teachers training of a duration not less than two years",0,0,0,0,2,2,0,0,0,0,0,0,0,0,0,0,0,0,4,2,2
2019-20,33,Tamilnadu,3304,VELLORE,330401,ARAKKONAM,12,"Kendriya Vidyalaya / Central School",3,"HSS (I-XII)",1,"Below Secondary",6,None,0,0,0,0,0,0,0,0,1,0,0,0,0,0,0,0,0,0,1,1,0
2019-20,33,Tamilnadu,3304,VELLORE,330401,ARAKKONAM,12,"Kendriya Vidyalaya / Central School",3,"HSS (I-XII)",4,Graduate,1,"Diploma or certificate in basic teachers training of a duration not less than two years",0,0,0,0,2,2,0,0,0,0,0,1,0,0,0,0,0,0,5,2,3
2019-20,33,Tamilnadu,3304,VELLORE,330401,ARAKKONAM,12,"Kendriya Vidyalaya / Central School",3,"HSS (I-XII)",4,Graduate,3,"B.Ed. or equivalent",0,0,0,0,0,1,0,0,0,0,2,1,1,1,0,0,0,0,6,3,3
2019-20,33,Tamilnadu,3304,VELLORE,330401,ARAKKONAM,12,"Kendriya Vidyalaya / Central School",3,"HSS (I-XII)",4,Graduate,4,"M.Ed. or equivalent",0,0,0,0,0,0,0,0,0,0,0,2,0,0,0,0,0,0,2,0,2
2019-20,33,Tamilnadu,3304,VELLORE,330401,ARAKKONAM,12,"Kendriya Vidyalaya / Central School",3,"HSS (I-XII)",4,Graduate,5,Others,0,0,0,0,1,0,0,0,0,0,0,0,0,0,0,0,0,0,1,1,0
2019-20,33,Tamilnadu,3304,VELLORE,330401,ARAKKONAM,12,"Kendriya Vidyalaya / Central School",3,"HSS (I-XII)",4,Graduate,6,None,0,0,0,0,0,0,0,0,0,0,1,2,1,0,1,0,1,0,6,4,2
2019-20,33,Tamilnadu,3304,VELLORE,330401,ARAKKONAM,12,"Kendriya Vidyalaya / Central School",3,"HSS (I-XII)",5,"Post graduate",1,"Diploma or certificate in basic teachers training of a duration not less than two years",0,0,0,0,0,2,0,1,0,1,1,0,0,0,0,0,0,0,5,1,4
2019-20,33,Tamilnadu,3304,VELLORE,330401,ARAKKONAM,12,"Kendriya Vidyalaya / Central School",3,"HSS (I-XII)",5,"Post graduate",3,"B.Ed. or equivalent",0,0,0,0,0,1,0,2,0,0,5,5,1,0,0,0,1,5,20,7,13
2019-20,33,Tamilnadu,3304,VELLORE,330401,ARAKKONAM,12,"Kendriya Vidyalaya / Central School",3,"HSS (I-XII)",5,"Post graduate",4,"M.Ed. or equivalent",0,0,0,0,0,1,0,0,0,0,1,0,2,0,0,0,0,0,4,3,1
2019-20,33,Tamilnadu,3304,VELLORE,330401,ARAKKONAM,12,"Kendriya Vidyalaya / Central School",3,"HSS (I-XII)",5,"Post graduate",5,Others,0,0,0,0,0,1,0,0,0,0,0,2,0,0,0,0,0,0,3,0,3
2019-20,33,Tamilnadu,3304,VELLORE,330401,ARAKKONAM,12,"Kendriya Vidyalaya / Central School",3,"HSS (I-XII)",5,"Post graduate",6,None,0,0,0,0,0,0,0,0,0,0,1,0,0,0,0,0,0,0,1,1,0
2019-20,33,Tamilnadu,3304,VELLORE,330410,"VELLORE URBAN",2,"Local body",1,"PS (I-V)",1,"Below Secondary",1,"Diploma or certificate in basic teachers training of a duration not less than two years",0,0,0,0,2,1,0,0,0,0,0,0,0,0,0,0,0,0,3,2,1
2019-20,33,Tamilnadu,3304,VELLORE,330410,"VELLORE URBAN",2,"Local body",2,"UPS (I-VIII)",1,"Below Secondary",1,"Diploma or certificate in basic teachers training of a duration not less than two years",0,0,0,0,0,2,0,0,0,0,0,0,0,0,0,0,0,0,2,0,2
2019-20,33,Tamilnadu,3304,VELLORE,330410,"VELLORE URBAN",2,"Local body",5,"HSS (VI-XII)",1,"Below Secondary",5,Others,0,0,0,0,0,0,0,0,1,1,0,0,1,0,0,0,0,0,3,2,1
2019-20,33,Tamilnadu,3304,VELLORE,330410,"VELLORE URBAN",2,"Local body",7,"SS (VI-X)",1,"Below Secondary",5,Others,0,0,0,0,0,0,0,0,0,1,0,0,0,0,0,0,0,0,1,0,1
2019-20,33,Tamilnadu,3304,VELLORE,330410,"VELLORE URBAN",2,"Local body",1,"PS (I-V)",3,"Higher secondary",1,"Diploma or certificate in basic teachers training of a duration not less than two years",0,0,0,0,1,16,0,0,0,0,0,0,0,0,0,0,0,0,17,1,16
2019-20,33,Tamilnadu,3304,VELLORE,330410,"VELLORE URBAN",2,"Local body",2,"UPS (I-VIII)",3,"Higher secondary",1,"Diploma or certificate in basic teachers training of a duration not less than two years",0,0,0,0,0,2,0,0,0,0,0,0,0,0,0,0,0,0,2,0,2
2019-20,33,Tamilnadu,3304,VELLORE,330410,"VELLORE URBAN",2,"Local body",7,"SS (VI-X)",3,"Higher secondary",3,"B.Ed. or equivalent",0,0,0,0,0,0,0,0,1,0,0,0,0,0,0,0,0,0,1,1,0
2019-20,33,Tamilnadu,3304,VELLORE,330410,"VELLORE URBAN",2,"Local body",2,"UPS (I-VIII)",3,"Higher secondary",5,Others,0,0,0,0,0,0,0,0,1,1,0,0,0,0,0,0,0,0,2,1,1
2019-20,33,Tamilnadu,3304,VELLORE,330410,"VELLORE URBAN",2,"Local body",5,"HSS (VI-XII)",3,"Higher secondary",5,Others,0,0,0,0,0,0,0,0,0,0,0,0,0,2,0,0,0,0,2,0,2
2019-20,33,Tamilnadu,3304,VELLORE,330410,"VELLORE URBAN",2,"Local body",7,"SS (VI-X)",3,"Higher secondary",5,Others,0,0,0,0,0,0,0,0,0,1,0,0,0,0,0,0,0,0,1,0,1
2019-20,33,Tamilnadu,3304,VELLORE,330410,"VELLORE URBAN",2,"Local body",7,"SS (VI-X)",3,"Higher secondary",6,None,0,0,0,0,0,0,0,0,0,1,0,0,0,0,0,0,0,0,1,0,1
2019-20,33,Tamilnadu,3304,VELLORE,330410,"VELLORE URBAN",2,"Local body",1,"PS (I-V)",4,Graduate,1,"Diploma or certificate in basic teachers training of a duration not less than two years",0,0,0,0,2,18,0,0,0,0,0,0,0,0,0,0,0,0,20,2,18
2019-20,33,Tamilnadu,3304,VELLORE,330410,"VELLORE URBAN",2,"Local body",2,"UPS (I-VIII)",4,Graduate,1,"Diploma or certificate in basic teachers training of a duration not less than two years",0,0,0,0,0,7,0,0,0,0,0,0,0,0,0,0,0,0,7,0,7
2019-20,33,Tamilnadu,3304,VELLORE,330410,"VELLORE URBAN",2,"Local body",7,"SS (VI-X)",4,Graduate,1,"Diploma or certificate in basic teachers training of a duration not less than two years",0,0,0,0,0,0,0,0,1,1,0,0,0,0,0,0,0,0,2,1,1
2019-20,33,Tamilnadu,3304,VELLORE,330410,"VELLORE URBAN",2,"Local body",1,"PS (I-V)",4,Graduate,3,"B.Ed. or equivalent",0,0,0,0,0,1,0,0,0,0,0,0,0,0,0,0,0,0,1,0,1
2019-20,33,Tamilnadu,3304,VELLORE,330410,"VELLORE URBAN",2,"Local body",2,"UPS (I-VIII)",4,Graduate,3,"B.Ed. or equivalent",0,0,0,0,0,2,0,0,0,4,0,0,0,0,0,0,0,0,6,0,6
2019-20,33,Tamilnadu,3304,VELLORE,330410,"VELLORE URBAN",2,"Local body",5,"HSS (VI-XII)",4,Graduate,3,"B.Ed. or equivalent",0,0,0,0,0,0,0,0,1,0,0,3,1,1,0,0,0,0,6,2,4
2019-20,33,Tamilnadu,3304,VELLORE,330410,"VELLORE URBAN",2,"Local body",7,"SS (VI-X)",4,Graduate,3,"B.Ed. or equivalent",0,0,0,0,0,0,0,0,2,0,2,3,3,1,0,0,0,0,11,7,4
2019-20,33,Tamilnadu,3304,VELLORE,330410,"VELLORE URBAN",2,"Local body",5,"HSS (VI-XII)",4,Graduate,4,"M.Ed. or equivalent",0,0,0,0,0,0,0,0,0,0,0,1,0,0,0,0,0,0,1,0,1
2019-20,33,Tamilnadu,3304,VELLORE,330410,"VELLORE URBAN",2,"Local body",7,"SS (VI-X)",4,Graduate,4,"M.Ed. or equivalent",0,0,0,0,0,0,0,0,0,0,1,1,0,0,0,0,0,0,2,1,1
2019-20,33,Tamilnadu,3304,VELLORE,330410,"VELLORE URBAN",2,"Local body",2,"UPS (I-VIII)",4,Graduate,5,Others,0,0,0,0,0,0,0,0,0,1,0,0,0,0,0,0,0,0,1,0,1
2019-20,33,Tamilnadu,3304,VELLORE,330410,"VELLORE URBAN",2,"Local body",5,"HSS (VI-XII)",4,Graduate,5,Others,0,0,0,0,0,0,0,0,0,0,0,0,0,1,0,0,0,0,1,0,1
2019-20,33,Tamilnadu,3304,VELLORE,330410,"VELLORE URBAN",2,"Local body",7,"SS (VI-X)",4,Graduate,6,None,0,0,0,0,0,0,0,0,1,0,0,0,0,0,0,0,0,0,1,1,0
2019-20,33,Tamilnadu,3304,VELLORE,330410,"VELLORE URBAN",2,"Local body",1,"PS (I-V)",5,"Post graduate",1,"Diploma or certificate in basic teachers training of a duration not less than two years",0,0,0,0,5,23,0,0,0,0,0,0,0,0,0,0,0,0,28,5,23
2019-20,33,Tamilnadu,3304,VELLORE,330410,"VELLORE URBAN",2,"Local body",2,"UPS (I-VIII)",5,"Post graduate",1,"Diploma or certificate in basic teachers training of a duration not less than two years",0,0,0,0,0,9,0,0,0,0,0,0,0,0,0,0,0,0,9,0,9
2019-20,33,Tamilnadu,3304,VELLORE,330410,"VELLORE URBAN",2,"Local body",1,"PS (I-V)",5,"Post graduate",3,"B.Ed. or equivalent",0,0,0,0,2,5,0,0,0,0,0,0,0,0,0,0,0,0,7,2,5
2019-20,33,Tamilnadu,3304,VELLORE,330410,"VELLORE URBAN",2,"Local body",2,"UPS (I-VIII)",5,"Post graduate",3,"B.Ed. or equivalent",0,0,0,0,0,9,2,0,3,13,0,0,0,0,0,0,0,0,27,5,22
2019-20,33,Tamilnadu,3304,VELLORE,330410,"VELLORE URBAN",2,"Local body",5,"HSS (VI-XII)",5,"Post graduate",3,"B.Ed. or equivalent",0,0,0,0,0,0,0,0,0,5,1,14,0,9,1,0,3,6,39,5,34
2019-20,33,Tamilnadu,3304,VELLORE,330410,"VELLORE URBAN",2,"Local body",7,"SS (VI-X)",5,"Post graduate",3,"B.Ed. or equivalent",0,0,0,0,0,0,0,0,2,2,3,4,2,2,0,0,0,0,15,7,8
2019-20,33,Tamilnadu,3304,VELLORE,330410,"VELLORE URBAN",2,"Local body",5,"HSS (VI-XII)",5,"Post graduate",4,"M.Ed. or equivalent",0,0,0,0,0,0,0,0,0,0,0,1,0,2,1,1,1,3,9,2,7
2019-20,33,Tamilnadu,3304,VELLORE,330410,"VELLORE URBAN",2,"Local body",7,"SS (VI-X)",5,"Post graduate",4,"M.Ed. or equivalent",0,0,0,0,0,0,0,0,0,0,1,1,1,1,0,0,0,0,4,2,2
2019-20,33,Tamilnadu,3304,VELLORE,330410,"VELLORE URBAN",2,"Local body",1,"PS (I-V)",6,M.Phil,1,"Diploma or certificate in basic teachers training of a duration not less than two years",0,0,0,0,1,2,0,0,0,0,0,0,0,0,0,0,0,0,3,1,2
2019-20,33,Tamilnadu,3304,VELLORE,330410,"VELLORE URBAN",2,"Local body",2,"UPS (I-VIII)",6,M.Phil,1,"Diploma or certificate in basic teachers training of a duration not less than two years",0,0,0,0,0,1,0,0,0,0,0,0,0,0,0,0,0,0,1,0,1
2019-20,33,Tamilnadu,3304,VELLORE,330410,"VELLORE URBAN",2,"Local body",2,"UPS (I-VIII)",6,M.Phil,3,"B.Ed. or equivalent",0,0,0,0,0,0,0,1,1,3,0,0,0,0,0,0,0,0,5,1,4
2019-20,33,Tamilnadu,3304,VELLORE,330410,"VELLORE URBAN",2,"Local body",5,"HSS (VI-XII)",6,M.Phil,3,"B.Ed. or equivalent",0,0,0,0,0,0,0,0,0,1,0,4,2,2,1,0,1,9,20,4,16
2019-20,33,Tamilnadu,3304,VELLORE,330410,"VELLORE URBAN",2,"Local body",7,"SS (VI-X)",6,M.Phil,3,"B.Ed. or equivalent",0,0,0,0,0,0,0,0,0,1,0,3,0,2,0,0,0,0,6,0,6
2019-20,33,Tamilnadu,3304,VELLORE,330410,"VELLORE URBAN",2,"Local body",5,"HSS (VI-XII)",6,M.Phil,4,"M.Ed. or equivalent",0,0,0,0,0,0,0,0,0,0,0,1,0,1,0,0,1,2,5,1,4
2019-20,33,Tamilnadu,3304,VELLORE,330410,"VELLORE URBAN",2,"Local body",7,"SS (VI-X)",6,M.Phil,4,"M.Ed. or equivalent",0,0,0,0,0,0,0,0,0,0,2,0,1,0,0,0,0,0,3,3,0
2019-20,33,Tamilnadu,3304,VELLORE,330410,"VELLORE URBAN",2,"Local body",5,"HSS (VI-XII)",6,M.Phil,6,None,0,0,0,0,0,0,0,0,0,0,0,0,0,0,1,0,0,0,1,1,0
2019-20,33,Tamilnadu,3304,VELLORE,330410,"VELLORE URBAN",2,"Local body",5,"HSS (VI-XII)",7,Ph.D,4,"M.Ed. or equivalent",0,0,0,0,0,0,0,0,0,0,0,0,0,0,0,0,0,1,1,0,1
2019-20,33,Tamilnadu,3304,VELLORE,330406,"WALAJA EAST",3,"Local body",1,"PS (I-V)",1,"Below Secondary",1,"Diploma or certificate in basic teachers training of a duration not less than two years",0,0,0,0,0,2,0,0,0,0,0,0,0,0,0,0,0,0,2,0,2
2019-20,33,Tamilnadu,3304,VELLORE,330415,GUDIYATHAM,3,"Local body",1,"PS (I-V)",1,"Below Secondary",1,"Diploma or certificate in basic teachers training of a duration not less than two years",0,0,0,0,1,0,0,0,0,0,0,0,0,0,0,0,0,0,1,1,0
2019-20,33,Tamilnadu,3304,VELLORE,330417,MADHANUR,3,"Local body",1,"PS (I-V)",1,"Below Secondary",1,"Diploma or certificate in basic teachers training of a duration not less than two years",0,0,0,0,0,1,0,0,0,0,0,0,0,0,0,0,0,0,1,0,1
2019-20,33,Tamilnadu,3304,VELLORE,330419,NATRAMPALLI,3,"Local body",1,"PS (I-V)",1,"Below Secondary",1,"Diploma or certificate in basic teachers training of a duration not less than two years",0,0,0,0,1,1,0,0,0,0,0,0,0,0,0,0,0,0,2,1,1
2019-20,33,Tamilnadu,3304,VELLORE,330421,THIRUPATTUR,3,"Local body",1,"PS (I-V)",1,"Below Secondary",1,"Diploma or certificate in basic teachers training of a duration not less than two years",0,0,0,0,2,0,0,0,0,0,0,0,0,0,0,0,0,0,2,2,0
2019-20,33,Tamilnadu,3304,VELLORE,330419,NATRAMPALLI,3,"Local body",2,"UPS (I-VIII)",1,"Below Secondary",1,"Diploma or certificate in basic teachers training of a duration not less than two years",0,0,0,0,0,1,0,0,0,0,0,0,0,0,0,0,0,0,1,0,1
2019-20,33,Tamilnadu,3304,VELLORE,330421,THIRUPATTUR,3,"Local body",2,"UPS (I-VIII)",1,"Below Secondary",3,"B.Ed. or equivalent",0,0,0,0,0,0,0,0,0,1,0,0,0,0,0,0,0,0,1,0,1
2019-20,33,Tamilnadu,3304,VELLORE,330415,GUDIYATHAM,3,"Local body",5,"HSS (VI-XII)",1,"Below Secondary",3,"B.Ed. or equivalent",0,0,0,0,0,0,0,0,0,0,0,0,0,1,0,0,0,0,1,0,1
2019-20,33,Tamilnadu,3304,VELLORE,330417,MADHANUR,3,"Local body",2,"UPS (I-VIII)",1,"Below Secondary",5,Others,0,0,0,0,0,0,0,0,0,1,0,0,0,0,0,0,0,0,1,0,1
2019-20,33,Tamilnadu,3304,VELLORE,330419,NATRAMPALLI,3,"Local body",2,"UPS (I-VIII)",1,"Below Secondary",5,Others,0,0,0,0,0,0,0,0,0,1,0,0,0,0,0,0,0,0,1,0,1
2019-20,33,Tamilnadu,3304,VELLORE,330406,"WALAJA EAST",3,"Local body",7,"SS (VI-X)",1,"Below Secondary",5,Others,0,0,0,0,0,0,0,0,1,1,0,0,0,0,0,0,0,0,2,1,1
2019-20,33,Tamilnadu,3304,VELLORE,330417,MADHANUR,3,"Local body",2,"UPS (I-VIII)",1,"Below Secondary",6,None,0,0,0,0,0,0,0,0,0,1,0,0,0,0,0,0,0,0,1,0,1
2019-20,33,Tamilnadu,3304,VELLORE,330401,ARAKKONAM,3,"Local body",1,"PS (I-V)",3,"Higher secondary",1,"Diploma or certificate in basic teachers training of a duration not less than two years",0,0,0,0,0,2,0,0,0,0,0,0,0,0,0,0,0,0,2,0,2
2019-20,33,Tamilnadu,3304,VELLORE,330406,"WALAJA EAST",3,"Local body",1,"PS (I-V)",3,"Higher secondary",1,"Diploma or certificate in basic teachers training of a duration not less than two years",0,0,0,0,2,5,0,0,0,0,0,0,0,0,0,0,0,0,7,2,5
2019-20,33,Tamilnadu,3304,VELLORE,330415,GUDIYATHAM,3,"Local body",1,"PS (I-V)",3,"Higher secondary",1,"Diploma or certificate in basic teachers training of a duration not less than two years",0,0,0,0,2,7,0,0,0,0,0,0,0,0,0,0,0,0,9,2,7
2019-20,33,Tamilnadu,3304,VELLORE,330417,MADHANUR,3,"Local body",1,"PS (I-V)",3,"Higher secondary",1,"Diploma or certificate in basic teachers training of a duration not less than two years",0,0,0,0,1,5,0,0,0,0,0,0,0,0,0,0,0,0,6,1,5
2019-20,33,Tamilnadu,3304,VELLORE,330419,NATRAMPALLI,3,"Local body",1,"PS (I-V)",3,"Higher secondary",1,"Diploma or certificate in basic teachers training of a duration not less than two years",0,0,0,0,3,2,0,0,0,0,0,0,0,0,0,0,0,0,5,3,2
2019-20,33,Tamilnadu,3304,VELLORE,330421,THIRUPATTUR,3,"Local body",1,"PS (I-V)",3,"Higher secondary",1,"Diploma or certificate in basic teachers training of a duration not less than two years",0,0,0,0,0,3,0,0,0,0,0,0,0,0,0,0,0,0,3,0,3
2019-20,33,Tamilnadu,3304,VELLORE,330406,"WALAJA EAST",3,"Local body",2,"UPS (I-VIII)",3,"Higher secondary",1,"Diploma or certificate in basic teachers training of a duration not less than two years",0,0,0,0,1,2,0,0,0,0,0,0,0,0,0,0,0,0,3,1,2
2019-20,33,Tamilnadu,3304,VELLORE,330415,GUDIYATHAM,3,"Local body",2,"UPS (I-VIII)",3,"Higher secondary",1,"Diploma or certificate in basic teachers training of a duration not less than two years",0,0,0,0,0,1,0,0,0,0,0,0,0,0,0,0,0,0,1,0,1
2019-20,33,Tamilnadu,3304,VELLORE,330417,MADHANUR,3,"Local body",2,"UPS (I-VIII)",3,"Higher secondary",1,"Diploma or certificate in basic teachers training of a duration not less than two years",0,0,0,0,0,5,0,0,0,0,0,0,0,0,0,0,0,0,5,0,5
2019-20,33,Tamilnadu,3304,VELLORE,330419,NATRAMPALLI,3,"Local body",2,"UPS (I-VIII)",3,"Higher secondary",1,"Diploma or certificate in basic teachers training of a duration not less than two years",0,0,0,0,1,6,0,0,0,0,0,0,0,0,0,0,0,0,7,1,6
2019-20,33,Tamilnadu,3304,VELLORE,330421,THIRUPATTUR,3,"Local body",2,"UPS (I-VIII)",3,"Higher secondary",3,"B.Ed. or equivalent",0,0,0,0,0,0,0,0,0,1,0,0,0,0,0,0,0,0,1,0,1
2019-20,33,Tamilnadu,3304,VELLORE,330406,"WALAJA EAST",3,"Local body",2,"UPS (I-VIII)",3,"Higher secondary",5,Others,0,0,0,0,0,0,0,0,1,0,0,0,0,0,0,0,0,0,1,1,0
2019-20,33,Tamilnadu,3304,VELLORE,330406,"WALAJA EAST",3,"Local body",7,"SS (VI-X)",3,"Higher secondary",5,Others,0,0,0,0,0,0,0,0,1,0,0,0,0,0,0,0,0,0,1,1,0
2019-20,33,Tamilnadu,3304,VELLORE,330417,MADHANUR,3,"Local body",2,"UPS (I-VIII)",3,"Higher secondary",6,None,0,0,0,0,0,0,0,0,0,1,0,0,0,0,0,0,0,0,1,0,1
2019-20,33,Tamilnadu,3304,VELLORE,330419,NATRAMPALLI,3,"Local body",2,"UPS (I-VIII)",3,"Higher secondary",6,None,0,0,0,0,0,0,0,0,1,0,0,0,0,0,0,0,0,0,1,1,0
2019-20,33,Tamilnadu,3304,VELLORE,330401,ARAKKONAM,3,"Local body",1,"PS (I-V)",4,Graduate,1,"Diploma or certificate in basic teachers training of a duration not less than two years",0,0,0,0,1,1,0,0,0,0,0,0,0,0,0,0,0,0,2,1,1
2019-20,33,Tamilnadu,3304,VELLORE,330406,"WALAJA EAST",3,"Local body",1,"PS (I-V)",4,Graduate,1,"Diploma or certificate in basic teachers training of a duration not less than two years",0,0,0,0,2,3,0,0,0,0,0,0,0,0,0,0,0,0,5,2,3
2019-20,33,Tamilnadu,3304,VELLORE,330415,GUDIYATHAM,3,"Local body",1,"PS (I-V)",4,Graduate,1,"Diploma or certificate in basic teachers training of a duration not less than two years",0,0,0,0,0,5,0,0,0,0,0,0,0,0,0,0,0,0,5,0,5
2019-20,33,Tamilnadu,3304,VELLORE,330417,MADHANUR,3,"Local body",1,"PS (I-V)",4,Graduate,1,"Diploma or certificate in basic teachers training of a duration not less than two years",0,0,0,0,0,2,0,0,0,0,0,0,0,0,0,0,0,0,2,0,2
2019-20,33,Tamilnadu,3304,VELLORE,330419,NATRAMPALLI,3,"Local body",1,"PS (I-V)",4,Graduate,1,"Diploma or certificate in basic teachers training of a duration not less than two years",0,0,0,0,0,4,0,0,0,0,0,0,0,0,0,0,0,0,4,0,4
2019-20,33,Tamilnadu,3304,VELLORE,330421,THIRUPATTUR,3,"Local body",1,"PS (I-V)",4,Graduate,1,"Diploma or certificate in basic teachers training of a duration not less than two years",0,0,0,0,0,3,0,0,0,0,0,0,0,0,0,0,0,0,3,0,3
2019-20,33,Tamilnadu,3304,VELLORE,330401,ARAKKONAM,3,"Local body",2,"UPS (I-VIII)",4,Graduate,1,"Diploma or certificate in basic teachers training of a duration not less than two years",0,0,0,0,0,1,0,0,0,0,0,0,0,0,0,0,0,0,1,0,1
2019-20,33,Tamilnadu,3304,VELLORE,330417,MADHANUR,3,"Local body",2,"UPS (I-VIII)",4,Graduate,1,"Diploma or certificate in basic teachers training of a duration not less than two years",0,0,0,0,0,1,0,0,0,0,0,0,0,0,0,0,0,0,1,0,1
2019-20,33,Tamilnadu,3304,VELLORE,330419,NATRAMPALLI,3,"Local body",2,"UPS (I-VIII)",4,Graduate,1,"Diploma or certificate in basic teachers training of a duration not less than two years",0,0,0,0,0,3,0,0,0,0,0,0,0,0,0,0,0,0,3,0,3
2019-20,33,Tamilnadu,3304,VELLORE,330415,GUDIYATHAM,3,"Local body",5,"HSS (VI-XII)",4,Graduate,1,"Diploma or certificate in basic teachers training of a duration not less than two years",0,0,0,0,0,0,0,0,0,1,0,0,0,0,0,0,0,0,1,0,1
2019-20,33,Tamilnadu,3304,VELLORE,330401,ARAKKONAM,3,"Local body",1,"PS (I-V)",4,Graduate,3,"B.Ed. or equivalent",0,0,0,0,0,1,0,0,0,0,0,0,0,0,0,0,0,0,1,0,1
2019-20,33,Tamilnadu,3304,VELLORE,330406,"WALAJA EAST",3,"Local body",1,"PS (I-V)",4,Graduate,3,"B.Ed. or equivalent",0,0,0,0,0,1,0,0,0,0,0,0,0,0,0,0,0,0,1,0,1
2019-20,33,Tamilnadu,3304,VELLORE,330415,GUDIYATHAM,3,"Local body",1,"PS (I-V)",4,Graduate,3,"B.Ed. or equivalent",0,0,0,0,0,3,0,0,0,0,0,0,0,0,0,0,0,0,3,0,3
2019-20,33,Tamilnadu,3304,VELLORE,330417,MADHANUR,3,"Local body",1,"PS (I-V)",4,Graduate,3,"B.Ed. or equivalent",0,0,0,0,2,3,0,0,0,0,0,0,0,0,0,0,0,0,5,2,3
2019-20,33,Tamilnadu,3304,VELLORE,330419,NATRAMPALLI,3,"Local body",1,"PS (I-V)",4,Graduate,3,"B.Ed. or equivalent",0,0,0,0,1,5,0,0,0,0,0,0,0,0,0,0,0,0,6,1,5
2019-20,33,Tamilnadu,3304,VELLORE,330421,THIRUPATTUR,3,"Local body",1,"PS (I-V)",4,Graduate,3,"B.Ed. or equivalent",0,0,0,0,1,0,0,0,0,0,0,0,0,0,0,0,0,0,1,1,0
2019-20,33,Tamilnadu,3304,VELLORE,330401,ARAKKONAM,3,"Local body",2,"UPS (I-VIII)",4,Graduate,3,"B.Ed. or equivalent",0,0,0,0,0,2,0,0,1,2,0,0,0,0,0,0,0,0,5,1,4
2019-20,33,Tamilnadu,3304,VELLORE,330406,"WALAJA EAST",3,"Local body",2,"UPS (I-VIII)",4,Graduate,3,"B.Ed. or equivalent",0,0,0,0,0,1,0,0,2,0,0,0,0,0,0,0,0,0,3,2,1
2019-20,33,Tamilnadu,3304,VELLORE,330417,MADHANUR,3,"Local body",2,"UPS (I-VIII)",4,Graduate,3,"B.Ed. or equivalent",0,0,0,0,0,1,0,0,2,0,0,0,0,0,0,0,0,0,3,2,1
2019-20,33,Tamilnadu,3304,VELLORE,330419,NATRAMPALLI,3,"Local body",2,"UPS (I-VIII)",4,Graduate,3,"B.Ed. or equivalent",0,0,0,0,0,6,0,2,2,3,0,0,0,0,0,0,0,0,13,2,11
2019-20,33,Tamilnadu,3304,VELLORE,330421,THIRUPATTUR,3,"Local body",2,"UPS (I-VIII)",4,Graduate,3,"B.Ed. or equivalent",0,0,0,0,0,0,0,0,3,1,0,0,0,0,0,0,0,0,4,3,1
2019-20,33,Tamilnadu,3304,VELLORE,330415,GUDIYATHAM,3,"Local body",5,"HSS (VI-XII)",4,Graduate,3,"B.Ed. or equivalent",0,0,0,0,0,0,0,0,0,0,0,0,1,0,0,0,0,0,1,1,0
2019-20,33,Tamilnadu,3304,VELLORE,330419,NATRAMPALLI,3,"Local body",5,"HSS (VI-XII)",4,Graduate,3,"B.Ed. or equivalent",0,0,0,0,0,0,0,0,1,0,0,2,0,0,0,0,0,0,3,1,2
2019-20,33,Tamilnadu,3304,VELLORE,330421,THIRUPATTUR,3,"Local body",1,"PS (I-V)",4,Graduate,4,"M.Ed. or equivalent",0,0,0,0,0,1,0,0,0,0,0,0,0,0,0,0,0,0,1,0,1
2019-20,33,Tamilnadu,3304,VELLORE,330417,MADHANUR,3,"Local body",2,"UPS (I-VIII)",4,Graduate,4,"M.Ed. or equivalent",0,0,0,0,0,0,0,0,1,0,0,0,0,0,0,0,0,0,1,1,0
2019-20,33,Tamilnadu,3304,VELLORE,330406,"WALAJA EAST",3,"Local body",2,"UPS (I-VIII)",4,Graduate,5,Others,0,0,0,0,0,0,0,0,0,1,0,0,0,0,0,0,0,0,1,0,1
2019-20,33,Tamilnadu,3304,VELLORE,330419,NATRAMPALLI,3,"Local body",2,"UPS (I-VIII)",4,Graduate,5,Others,0,0,0,0,0,0,0,0,0,2,0,0,0,0,0,0,0,0,2,0,2
2019-20,33,Tamilnadu,3304,VELLORE,330419,NATRAMPALLI,3,"Local body",5,"HSS (VI-XII)",4,Graduate,5,Others,0,0,0,0,0,0,0,0,1,0,0,0,0,0,0,0,0,0,1,1,0
2019-20,33,Tamilnadu,3304,VELLORE,330406,"WALAJA EAST",3,"Local body",7,"SS (VI-X)",4,Graduate,5,Others,0,0,0,0,0,0,0,0,0,1,0,0,0,0,0,0,0,0,1,0,1
2019-20,33,Tamilnadu,3304,VELLORE,330415,GUDIYATHAM,3,"Local body",5,"HSS (VI-XII)",4,Graduate,6,None,0,0,0,0,0,0,0,0,1,1,0,0,0,0,0,0,0,0,2,1,1
2019-20,33,Tamilnadu,3304,VELLORE,330406,"WALAJA EAST",3,"Local body",1,"PS (I-V)",5,"Post graduate",1,"Diploma or certificate in basic teachers training of a duration not less than two years",0,0,0,0,0,3,0,0,0,0,0,0,0,0,0,0,0,0,3,0,3
2019-20,33,Tamilnadu,3304,VELLORE,330415,GUDIYATHAM,3,"Local body",1,"PS (I-V)",5,"Post graduate",1,"Diploma or certificate in basic teachers training of a duration not less than two years",0,0,0,0,0,7,0,0,0,0,0,0,0,0,0,0,0,0,7,0,7
2019-20,33,Tamilnadu,3304,VELLORE,330417,MADHANUR,3,"Local body",1,"PS (I-V)",5,"Post graduate",1,"Diploma or certificate in basic teachers training of a duration not less than two years",0,0,0,0,0,1,0,0,0,0,0,0,0,0,0,0,0,0,1,0,1
2019-20,33,Tamilnadu,3304,VELLORE,330401,ARAKKONAM,3,"Local body",2,"UPS (I-VIII)",5,"Post graduate",1,"Diploma or certificate in basic teachers training of a duration not less than two years",0,0,0,0,0,1,0,0,0,0,0,0,0,0,0,0,0,0,1,0,1
2019-20,33,Tamilnadu,3304,VELLORE,330406,"WALAJA EAST",3,"Local body",2,"UPS (I-VIII)",5,"Post graduate",1,"Diploma or certificate in basic teachers training of a duration not less than two years",0,0,0,0,0,1,0,0,0,0,0,0,0,0,0,0,0,0,1,0,1
2019-20,33,Tamilnadu,3304,VELLORE,330401,ARAKKONAM,3,"Local body",1,"PS (I-V)",5,"Post graduate",3,"B.Ed. or equivalent",0,0,0,0,3,6,0,0,0,0,0,0,0,0,0,0,0,0,9,3,6
2019-20,33,Tamilnadu,3304,VELLORE,330406,"WALAJA EAST",3,"Local body",1,"PS (I-V)",5,"Post graduate",3,"B.Ed. or equivalent",0,0,0,0,2,17,0,0,0,0,0,0,0,0,0,0,0,0,19,2,17
2019-20,33,Tamilnadu,3304,VELLORE,330415,GUDIYATHAM,3,"Local body",1,"PS (I-V)",5,"Post graduate",3,"B.Ed. or equivalent",0,0,0,0,3,9,0,0,0,0,0,0,0,0,0,0,0,0,12,3,9
2019-20,33,Tamilnadu,3304,VELLORE,330417,MADHANUR,3,"Local body",1,"PS (I-V)",5,"Post graduate",3,"B.Ed. or equivalent",0,0,0,0,1,8,0,0,0,0,0,0,0,0,0,0,0,0,9,1,8
2019-20,33,Tamilnadu,3304,VELLORE,330419,NATRAMPALLI,3,"Local body",1,"PS (I-V)",5,"Post graduate",3,"B.Ed. or equivalent",0,0,0,0,1,10,0,0,0,0,0,0,0,0,0,0,0,0,11,1,10
2019-20,33,Tamilnadu,3304,VELLORE,330421,THIRUPATTUR,3,"Local body",1,"PS (I-V)",5,"Post graduate",3,"B.Ed. or equivalent",0,0,0,0,0,2,0,0,0,0,0,0,0,0,0,0,0,0,2,0,2
2019-20,33,Tamilnadu,3304,VELLORE,330401,ARAKKONAM,3,"Local body",2,"UPS (I-VIII)",5,"Post graduate",3,"B.Ed. or equivalent",0,0,0,0,0,6,0,3,2,6,0,0,0,0,0,0,0,0,17,2,15
2019-20,33,Tamilnadu,3304,VELLORE,330406,"WALAJA EAST",3,"Local body",2,"UPS (I-VIII)",5,"Post graduate",3,"B.Ed. or equivalent",0,0,0,0,1,8,0,0,1,10,0,0,0,0,0,0,0,0,20,2,18
2019-20,33,Tamilnadu,3304,VELLORE,330415,GUDIYATHAM,3,"Local body",2,"UPS (I-VIII)",5,"Post graduate",3,"B.Ed. or equivalent",0,0,0,0,0,2,0,0,0,4,0,0,0,0,0,0,0,0,6,0,6
2019-20,33,Tamilnadu,3304,VELLORE,330417,MADHANUR,3,"Local body",2,"UPS (I-VIII)",5,"Post graduate",3,"B.Ed. or equivalent",0,0,0,0,3,5,0,0,4,6,0,0,0,0,0,0,0,0,18,7,11
2019-20,33,Tamilnadu,3304,VELLORE,330419,NATRAMPALLI,3,"Local body",2,"UPS (I-VIII)",5,"Post graduate",3,"B.Ed. or equivalent",0,0,0,0,2,5,0,2,1,12,0,0,0,0,0,0,0,0,22,3,19
2019-20,33,Tamilnadu,3304,VELLORE,330421,THIRUPATTUR,3,"Local body",2,"UPS (I-VIII)",5,"Post graduate",3,"B.Ed. or equivalent",0,0,0,0,0,0,0,0,4,5,0,0,0,0,0,0,0,0,9,4,5
2019-20,33,Tamilnadu,3304,VELLORE,330415,GUDIYATHAM,3,"Local body",5,"HSS (VI-XII)",5,"Post graduate",3,"B.Ed. or equivalent",0,0,0,0,0,0,0,0,0,0,0,0,1,4,0,0,2,1,8,3,5
2019-20,33,Tamilnadu,3304,VELLORE,330419,NATRAMPALLI,3,"Local body",5,"HSS (VI-XII)",5,"Post graduate",3,"B.Ed. or equivalent",0,0,0,0,0,0,0,0,0,0,0,5,3,0,0,2,2,0,12,5,7
2019-20,33,Tamilnadu,3304,VELLORE,330406,"WALAJA EAST",3,"Local body",7,"SS (VI-X)",5,"Post graduate",3,"B.Ed. or equivalent",0,0,0,0,0,0,0,0,1,1,2,9,0,1,0,0,0,0,14,3,11
2019-20,33,Tamilnadu,3304,VELLORE,330406,"WALAJA EAST",3,"Local body",2,"UPS (I-VIII)",5,"Post graduate",4,"M.Ed. or equivalent",0,0,0,0,0,1,0,0,1,1,0,0,0,0,0,0,0,0,3,1,2
2019-20,33,Tamilnadu,3304,VELLORE,330417,MADHANUR,3,"Local body",2,"UPS (I-VIII)",5,"Post graduate",4,"M.Ed. or equivalent",0,0,0,0,0,0,0,0,0,1,0,0,0,0,0,0,0,0,1,0,1
2019-20,33,Tamilnadu,3304,VELLORE,330419,NATRAMPALLI,3,"Local body",2,"UPS (I-VIII)",5,"Post graduate",4,"M.Ed. or equivalent",0,0,0,0,0,0,0,0,0,1,0,0,0,0,0,0,0,0,1,0,1
2019-20,33,Tamilnadu,3304,VELLORE,330421,THIRUPATTUR,3,"Local body",2,"UPS (I-VIII)",5,"Post graduate",4,"M.Ed. or equivalent",0,0,0,0,0,0,0,0,1,1,0,0,0,0,0,0,0,0,2,1,1
2019-20,33,Tamilnadu,3304,VELLORE,330419,NATRAMPALLI,3,"Local body",5,"HSS (VI-XII)",5,"Post graduate",4,"M.Ed. or equivalent",0,0,0,0,0,0,0,0,0,0,1,1,0,0,0,0,0,0,2,1,1
2019-20,33,Tamilnadu,3304,VELLORE,330406,"WALAJA EAST",3,"Local body",7,"SS (VI-X)",5,"Post graduate",4,"M.Ed. or equivalent",0,0,0,0,0,0,0,0,0,0,1,1,1,0,0,0,0,0,3,2,1
2019-20,33,Tamilnadu,3304,VELLORE,330406,"WALAJA EAST",3,"Local body",2,"UPS (I-VIII)",5,"Post graduate",5,Others,0,0,0,0,0,0,0,0,0,1,0,0,0,0,0,0,0,0,1,0,1
2019-20,33,Tamilnadu,3304,VELLORE,330419,NATRAMPALLI,3,"Local body",5,"HSS (VI-XII)",5,"Post graduate",5,Others,0,0,0,0,0,0,0,0,1,0,0,0,0,0,0,0,0,0,1,1,0
2019-20,33,Tamilnadu,3304,VELLORE,330406,"WALAJA EAST",3,"Local body",7,"SS (VI-X)",5,"Post graduate",5,Others,0,0,0,0,0,0,0,0,0,0,1,1,0,0,0,0,0,0,2,1,1
2019-20,33,Tamilnadu,3304,VELLORE,330417,MADHANUR,3,"Local body",2,"UPS (I-VIII)",5,"Post graduate",6,None,0,0,0,0,0,0,0,0,1,0,0,0,0,0,0,0,0,0,1,1,0
2019-20,33,Tamilnadu,3304,VELLORE,330419,NATRAMPALLI,3,"Local body",5,"HSS (VI-XII)",5,"Post graduate",6,None,0,0,0,0,0,0,0,0,0,0,0,1,0,0,0,0,0,0,1,0,1
2019-20,33,Tamilnadu,3304,VELLORE,330401,ARAKKONAM,3,"Local body",1,"PS (I-V)",6,M.Phil,3,"B.Ed. or equivalent",0,0,0,0,0,1,0,0,0,0,0,0,0,0,0,0,0,0,1,0,1
2019-20,33,Tamilnadu,3304,VELLORE,330415,GUDIYATHAM,3,"Local body",1,"PS (I-V)",6,M.Phil,3,"B.Ed. or equivalent",0,0,0,0,0,1,0,0,0,0,0,0,0,0,0,0,0,0,1,0,1
2019-20,33,Tamilnadu,3304,VELLORE,330419,NATRAMPALLI,3,"Local body",1,"PS (I-V)",6,M.Phil,3,"B.Ed. or equivalent",0,0,0,0,0,1,0,0,0,0,0,0,0,0,0,0,0,0,1,0,1
2019-20,33,Tamilnadu,3304,VELLORE,330406,"WALAJA EAST",3,"Local body",2,"UPS (I-VIII)",6,M.Phil,3,"B.Ed. or equivalent",0,0,0,0,0,1,0,0,0,1,0,0,0,0,0,0,0,0,2,0,2
2019-20,33,Tamilnadu,3304,VELLORE,330417,MADHANUR,3,"Local body",2,"UPS (I-VIII)",6,M.Phil,3,"B.Ed. or equivalent",0,0,0,0,0,1,0,0,1,0,0,0,0,0,0,0,0,0,2,1,1
2019-20,33,Tamilnadu,3304,VELLORE,330419,NATRAMPALLI,3,"Local body",2,"UPS (I-VIII)",6,M.Phil,3,"B.Ed. or equivalent",0,0,0,0,0,0,0,0,1,1,0,0,0,0,0,0,0,0,2,1,1
2019-20,33,Tamilnadu,3304,VELLORE,330415,GUDIYATHAM,3,"Local body",5,"HSS (VI-XII)",6,M.Phil,3,"B.Ed. or equivalent",0,0,0,0,0,0,0,0,0,0,0,0,2,1,1,1,2,3,10,5,5
2019-20,33,Tamilnadu,3304,VELLORE,330419,NATRAMPALLI,3,"Local body",5,"HSS (VI-XII)",6,M.Phil,3,"B.Ed. or equivalent",0,0,0,0,0,0,0,0,0,0,0,3,0,2,0,0,2,1,8,2,6
2019-20,33,Tamilnadu,3304,VELLORE,330406,"WALAJA EAST",3,"Local body",7,"SS (VI-X)",6,M.Phil,3,"B.Ed. or equivalent",0,0,0,0,0,0,0,0,0,0,2,0,0,0,0,0,0,0,2,2,0
2019-20,33,Tamilnadu,3304,VELLORE,330406,"WALAJA EAST",3,"Local body",2,"UPS (I-VIII)",6,M.Phil,4,"M.Ed. or equivalent",0,0,0,0,0,0,0,0,1,2,0,0,0,0,0,0,0,0,3,1,2
2019-20,33,Tamilnadu,3304,VELLORE,330417,MADHANUR,3,"Local body",2,"UPS (I-VIII)",6,M.Phil,4,"M.Ed. or equivalent",0,0,0,0,0,0,0,0,0,2,0,0,0,0,0,0,0,0,2,0,2
2019-20,33,Tamilnadu,3304,VELLORE,330419,NATRAMPALLI,3,"Local body",5,"HSS (VI-XII)",6,M.Phil,4,"M.Ed. or equivalent",0,0,0,0,0,0,0,0,0,0,0,0,0,1,0,0,2,1,4,2,2
2019-20,33,Tamilnadu,3304,VELLORE,330401,ARAKKONAM,24,"Private Unaided (Recognized)",1,"PS (I-V)",3,"Higher secondary",5,Others,0,0,0,0,0,4,0,0,0,0,0,0,0,0,0,0,0,0,4,0,4
2019-20,33,Tamilnadu,3304,VELLORE,330402,NEMILI,24,"Private Unaided (Recognized)",1,"PS (I-V)",3,"Higher secondary",5,Others,0,0,0,0,0,1,0,0,0,0,0,0,0,0,0,0,0,0,1,0,1
2019-20,33,Tamilnadu,3304,VELLORE,330404,SHOLINGAR,24,"Private Unaided (Recognized)",1,"PS (I-V)",3,"Higher secondary",5,Others,0,0,0,0,0,2,0,0,0,0,0,0,0,0,0,0,0,0,2,0,2
2019-20,33,Tamilnadu,3304,VELLORE,330405,"WALAJA WEST",24,"Private Unaided (Recognized)",1,"PS (I-V)",3,"Higher secondary",5,Others,0,0,0,0,0,10,0,0,0,0,0,0,0,0,0,0,0,0,10,0,10
2019-20,33,Tamilnadu,3304,VELLORE,330406,"WALAJA EAST",24,"Private Unaided (Recognized)",1,"PS (I-V)",3,"Higher secondary",5,Others,0,0,0,0,0,1,0,0,0,0,0,0,0,0,0,0,0,0,1,0,1
2019-20,33,Tamilnadu,3304,VELLORE,330408,ARCOT,24,"Private Unaided (Recognized)",1,"PS (I-V)",3,"Higher secondary",5,Others,0,2,0,2,0,4,0,0,0,0,0,0,0,0,0,0,0,0,8,0,8
2019-20,33,Tamilnadu,3304,VELLORE,330409,"VELLORE RURAL",24,"Private Unaided (Recognized)",1,"PS (I-V)",3,"Higher secondary",5,Others,0,0,0,1,1,7,0,0,0,0,0,0,0,0,0,0,0,0,9,1,8
2019-20,33,Tamilnadu,3304,VELLORE,330410,"VELLORE URBAN",24,"Private Unaided (Recognized)",1,"PS (I-V)",3,"Higher secondary",5,Others,0,2,0,0,0,9,0,0,0,0,0,0,0,0,0,0,0,0,11,0,11
2019-20,33,Tamilnadu,3304,VELLORE,330411,KANIYAMBADI,24,"Private Unaided (Recognized)",1,"PS (I-V)",3,"Higher secondary",5,Others,0,0,0,0,0,4,0,0,0,0,0,0,0,0,0,0,0,0,4,0,4
2019-20,33,Tamilnadu,3304,VELLORE,330412,ANAICUT,24,"Private Unaided (Recognized)",1,"PS (I-V)",3,"Higher secondary",5,Others,0,1,0,0,0,4,0,0,0,0,0,0,0,0,0,0,0,0,5,0,5
2019-20,33,Tamilnadu,3304,VELLORE,330413,KATPADI,24,"Private Unaided (Recognized)",1,"PS (I-V)",3,"Higher secondary",5,Others,0,1,0,0,0,3,0,0,0,0,0,0,0,0,0,0,0,0,4,0,4
2019-20,33,Tamilnadu,3304,VELLORE,330415,GUDIYATHAM,24,"Private Unaided (Recognized)",1,"PS (I-V)",3,"Higher secondary",5,Others,0,0,0,0,0,11,0,0,0,0,0,0,0,0,0,0,0,0,11,0,11
2019-20,33,Tamilnadu,3304,VELLORE,330416,PERNAMBUT,24,"Private Unaided (Recognized)",1,"PS (I-V)",3,"Higher secondary",5,Others,0,0,0,0,0,14,0,0,0,0,0,0,0,0,0,0,0,0,14,0,14
2019-20,33,Tamilnadu,3304,VELLORE,330417,MADHANUR,24,"Private Unaided (Recognized)",1,"PS (I-V)",3,"Higher secondary",5,Others,0,0,0,0,0,4,0,0,0,0,0,0,0,0,0,0,0,0,4,0,4
2019-20,33,Tamilnadu,3304,VELLORE,330418,ALANGAYAM,24,"Private Unaided (Recognized)",1,"PS (I-V)",3,"Higher secondary",5,Others,0,0,0,0,0,2,0,0,0,0,0,0,0,0,0,0,0,0,2,0,2
2019-20,33,Tamilnadu,3304,VELLORE,330419,NATRAMPALLI,24,"Private Unaided (Recognized)",1,"PS (I-V)",3,"Higher secondary",5,Others,0,0,0,0,0,1,0,0,0,0,0,0,0,0,0,0,0,0,1,0,1
2019-20,33,Tamilnadu,3304,VELLORE,330421,THIRUPATTUR,24,"Private Unaided (Recognized)",1,"PS (I-V)",3,"Higher secondary",5,Others,0,0,0,0,0,1,0,0,0,0,0,0,0,0,0,0,0,0,1,0,1
2019-20,33,Tamilnadu,3304,VELLORE,330401,ARAKKONAM,34,"Other Central Govt. Schools",6,"SS (I-X)",4,Graduate,3,"B.Ed. or equivalent",0,0,0,0,0,3,0,1,0,0,0,1,0,0,0,0,0,0,5,0,5
2019-20,33,Tamilnadu,3304,VELLORE,330401,ARAKKONAM,34,"Other Central Govt. Schools",6,"SS (I-X)",4,Graduate,5,Others,0,0,0,0,0,0,0,0,0,0,2,1,0,0,0,0,0,0,3,2,1
2019-20,33,Tamilnadu,3304,VELLORE,330401,ARAKKONAM,34,"Other Central Govt. Schools",6,"SS (I-X)",4,Graduate,6,None,0,0,0,0,0,0,0,1,0,0,1,1,0,1,0,0,0,0,4,1,3
2019-20,33,Tamilnadu,3304,VELLORE,330401,ARAKKONAM,34,"Other Central Govt. Schools",6,"SS (I-X)",5,"Post graduate",3,"B.Ed. or equivalent",0,0,0,0,0,4,0,1,0,2,0,1,1,5,0,0,0,0,14,1,13
2019-20,33,Tamilnadu,3304,VELLORE,330401,ARAKKONAM,34,"Other Central Govt. Schools",6,"SS (I-X)",5,"Post graduate",4,"M.Ed. or equivalent",0,0,0,0,0,1,0,0,0,0,0,0,0,1,0,0,0,0,2,0,2
2019-20,33,Tamilnadu,3304,VELLORE,330401,ARAKKONAM,34,"Other Central Govt. Schools",6,"SS (I-X)",5,"Post graduate",5,Others,0,0,0,0,0,1,0,0,0,0,0,0,0,0,0,0,0,0,1,0,1
2019-20,33,Tamilnadu,3304,VELLORE,330401,ARAKKONAM,34,"Other Central Govt. Schools",6,"SS (I-X)",6,M.Phil,3,"B.Ed. or equivalent",0,0,0,0,0,1,0,0,0,0,0,1,0,0,0,0,0,0,2,0,2
2019-20,33,Tamilnadu,3304,VELLORE,330401,ARAKKONAM,34,"Other Central Govt. Schools",6,"SS (I-X)",6,M.Phil,4,"M.Ed. or equivalent",0,0,0,0,0,0,0,0,0,0,0,0,1,0,0,0,0,0,1,1,0
2019-20,33,Tamilnadu,3304,VELLORE,330413,KATPADI,24,"Private Unaided (Recognized)",1,"PS (I-V)",4,Graduate,5,Others,0,4,0,2,0,28,0,0,0,0,0,0,0,0,0,0,0,0,34,0,34
2019-20,33,Tamilnadu,3304,VELLORE,330414,K.V.KUPPAM,24,"Private Unaided (Recognized)",1,"PS (I-V)",4,Graduate,5,Others,0,1,0,0,0,9,0,0,0,0,0,0,0,0,0,0,0,0,10,0,10
2019-20,33,Tamilnadu,3304,VELLORE,330415,GUDIYATHAM,24,"Private Unaided (Recognized)",1,"PS (I-V)",4,Graduate,5,Others,0,0,0,0,0,9,0,0,0,0,0,0,0,0,0,0,0,0,9,0,9
2019-20,33,Tamilnadu,3304,VELLORE,330416,PERNAMBUT,24,"Private Unaided (Recognized)",1,"PS (I-V)",4,Graduate,5,Others,0,0,0,0,0,6,0,0,0,0,0,0,0,0,0,0,0,0,6,0,6
2019-20,33,Tamilnadu,3304,VELLORE,330417,MADHANUR,24,"Private Unaided (Recognized)",1,"PS (I-V)",4,Graduate,5,Others,0,2,0,0,0,16,0,0,0,0,0,0,0,0,0,0,0,0,18,0,18
2019-20,33,Tamilnadu,3304,VELLORE,330418,ALANGAYAM,24,"Private Unaided (Recognized)",1,"PS (I-V)",4,Graduate,5,Others,0,0,0,0,0,2,0,0,0,0,0,0,0,0,0,0,0,0,2,0,2
2019-20,33,Tamilnadu,3304,VELLORE,330419,NATRAMPALLI,24,"Private Unaided (Recognized)",1,"PS (I-V)",4,Graduate,5,Others,0,0,0,0,0,9,0,0,0,0,0,0,0,0,0,0,0,0,9,0,9
2019-20,33,Tamilnadu,3304,VELLORE,330420,JOLARPET,24,"Private Unaided (Recognized)",1,"PS (I-V)",4,Graduate,5,Others,0,1,0,0,0,5,0,0,0,0,0,0,0,0,0,0,0,0,6,0,6
2019-20,33,Tamilnadu,3304,VELLORE,330421,THIRUPATTUR,24,"Private Unaided (Recognized)",1,"PS (I-V)",4,Graduate,5,Others,0,0,0,0,0,23,0,0,0,0,0,0,0,0,0,0,0,0,23,0,23
2019-20,33,Tamilnadu,3304,VELLORE,330422,KANDHILI,24,"Private Unaided (Recognized)",1,"PS (I-V)",4,Graduate,5,Others,0,1,0,0,0,5,0,0,0,0,0,0,0,0,0,0,0,0,6,0,6
2019-20,33,Tamilnadu,3304,VELLORE,330420,JOLARPET,23,"Private Unaided (Recognized)",6,"SS (I-X)",6,M.Phil,4,"M.Ed. or equivalent",0,0,0,0,0,1,0,0,0,0,1,0,0,1,0,0,0,0,3,1,2
2019-20,33,Tamilnadu,3304,VELLORE,330402,NEMILI,24,"Private Unaided (Recognized)",2,"UPS (I-VIII)",3,"Higher secondary",5,Others,0,0,0,0,0,0,0,0,0,1,0,0,0,0,0,0,0,0,1,0,1
2019-20,33,Tamilnadu,3304,VELLORE,330416,PERNAMBUT,24,"Private Unaided (Recognized)",2,"UPS (I-VIII)",3,"Higher secondary",5,Others,0,0,0,0,0,0,0,0,0,1,0,0,0,0,0,0,0,0,1,0,1
2019-20,33,Tamilnadu,3304,VELLORE,330408,ARCOT,24,"Private Unaided (Recognized)",2,"UPS (I-VIII)",4,Graduate,5,Others,0,0,0,0,0,0,0,2,0,1,0,0,0,0,0,0,0,0,3,0,3
2019-20,33,Tamilnadu,3304,VELLORE,330401,ARAKKONAM,24,"Private Unaided (Recognized)",1,"PS (I-V)",3,"Higher secondary",6,None,0,0,0,0,0,4,0,0,0,0,0,0,0,0,0,0,0,0,4,0,4
2019-20,33,Tamilnadu,3304,VELLORE,330402,NEMILI,24,"Private Unaided (Recognized)",1,"PS (I-V)",3,"Higher secondary",6,None,0,0,0,1,0,1,0,0,0,0,0,0,0,0,0,0,0,0,2,0,2
2019-20,33,Tamilnadu,3304,VELLORE,330404,SHOLINGAR,24,"Private Unaided (Recognized)",1,"PS (I-V)",3,"Higher secondary",6,None,0,0,0,0,0,1,0,0,0,0,0,0,0,0,0,0,0,0,1,0,1
2019-20,33,Tamilnadu,3304,VELLORE,330405,"WALAJA WEST",24,"Private Unaided (Recognized)",1,"PS (I-V)",3,"Higher secondary",6,None,0,0,0,0,0,1,0,0,0,0,0,0,0,0,0,0,0,0,1,0,1
2019-20,33,Tamilnadu,3304,VELLORE,330406,"WALAJA EAST",24,"Private Unaided (Recognized)",1,"PS (I-V)",3,"Higher secondary",6,None,0,0,0,0,0,8,0,0,0,0,0,0,0,0,0,0,0,0,8,0,8
2019-20,33,Tamilnadu,3304,VELLORE,330408,ARCOT,24,"Private Unaided (Recognized)",1,"PS (I-V)",3,"Higher secondary",6,None,0,3,0,5,0,12,0,0,0,0,0,0,0,0,0,0,0,0,20,0,20
2019-20,33,Tamilnadu,3304,VELLORE,330409,"VELLORE RURAL",24,"Private Unaided (Recognized)",1,"PS (I-V)",3,"Higher secondary",6,None,0,0,0,0,0,7,0,0,0,0,0,0,0,0,0,0,0,0,7,0,7
2019-20,33,Tamilnadu,3304,VELLORE,330410,"VELLORE URBAN",24,"Private Unaided (Recognized)",1,"PS (I-V)",3,"Higher secondary",6,None,0,0,0,0,0,14,0,0,0,0,0,0,0,0,0,0,0,0,14,0,14
2019-20,33,Tamilnadu,3304,VELLORE,330412,ANAICUT,24,"Private Unaided (Recognized)",1,"PS (I-V)",3,"Higher secondary",6,None,0,0,0,0,0,4,0,0,0,0,0,0,0,0,0,0,0,0,4,0,4
2019-20,33,Tamilnadu,3304,VELLORE,330413,KATPADI,24,"Private Unaided (Recognized)",1,"PS (I-V)",3,"Higher secondary",6,None,0,0,0,0,1,0,0,0,0,0,0,0,0,0,0,0,0,0,1,1,0
2019-20,33,Tamilnadu,3304,VELLORE,330415,GUDIYATHAM,24,"Private Unaided (Recognized)",1,"PS (I-V)",3,"Higher secondary",6,None,0,0,0,0,0,3,0,0,0,0,0,0,0,0,0,0,0,0,3,0,3
2019-20,33,Tamilnadu,3304,VELLORE,330416,PERNAMBUT,24,"Private Unaided (Recognized)",1,"PS (I-V)",3,"Higher secondary",6,None,0,0,0,0,0,1,0,0,0,0,0,0,0,0,0,0,0,0,1,0,1
2019-20,33,Tamilnadu,3304,VELLORE,330417,MADHANUR,24,"Private Unaided (Recognized)",1,"PS (I-V)",3,"Higher secondary",6,None,0,0,0,1,0,2,0,0,0,0,0,0,0,0,0,0,0,0,3,0,3
2019-20,33,Tamilnadu,3304,VELLORE,330418,ALANGAYAM,24,"Private Unaided (Recognized)",1,"PS (I-V)",3,"Higher secondary",6,None,0,0,0,0,0,6,0,0,0,0,0,0,0,0,0,0,0,0,6,0,6
2019-20,33,Tamilnadu,3304,VELLORE,330419,NATRAMPALLI,24,"Private Unaided (Recognized)",1,"PS (I-V)",3,"Higher secondary",6,None,0,0,0,0,0,27,0,0,0,0,0,0,0,0,0,0,0,0,27,0,27
2019-20,33,Tamilnadu,3304,VELLORE,330420,JOLARPET,24,"Private Unaided (Recognized)",1,"PS (I-V)",3,"Higher secondary",6,None,0,0,0,0,0,1,0,0,0,0,0,0,0,0,0,0,0,0,1,0,1
2019-20,33,Tamilnadu,3304,VELLORE,330421,THIRUPATTUR,24,"Private Unaided (Recognized)",1,"PS (I-V)",3,"Higher secondary",6,None,0,0,0,0,0,1,0,0,0,0,0,0,0,0,0,0,0,0,1,0,1
2019-20,33,Tamilnadu,3304,VELLORE,330402,NEMILI,22,"Private Unaided (Recognized)",2,"UPS (I-VIII)",3,"Higher secondary",1,"Diploma or certificate in basic teachers training of a duration not less than two years",0,0,0,0,0,0,0,1,0,0,0,0,0,0,0,0,0,0,1,0,1
2019-20,33,Tamilnadu,3304,VELLORE,330401,ARAKKONAM,22,"Private Unaided (Recognized)",5,"HSS (VI-XII)",3,"Higher secondary",1,"Diploma or certificate in basic teachers training of a duration not less than two years",0,0,0,0,0,0,0,0,0,0,0,0,0,1,0,0,0,0,1,0,1
2019-20,33,Tamilnadu,3304,VELLORE,330402,NEMILI,22,"Private Unaided (Recognized)",2,"UPS (I-VIII)",4,Graduate,1,"Diploma or certificate in basic teachers training of a duration not less than two years",0,0,0,0,0,0,0,1,0,0,0,0,0,0,0,0,0,0,1,0,1
2019-20,33,Tamilnadu,3304,VELLORE,330402,NEMILI,22,"Private Unaided (Recognized)",2,"UPS (I-VIII)",4,Graduate,3,"B.Ed. or equivalent",0,0,0,0,0,0,0,0,0,6,0,0,0,0,0,0,0,0,6,0,6
2019-20,33,Tamilnadu,3304,VELLORE,330422,KANDHILI,22,"Private Unaided (Recognized)",3,"HSS (I-XII)",4,Graduate,3,"B.Ed. or equivalent",0,0,0,0,0,0,0,0,0,0,0,0,2,3,0,2,0,0,7,2,5
2019-20,33,Tamilnadu,3304,VELLORE,330401,ARAKKONAM,22,"Private Unaided (Recognized)",5,"HSS (VI-XII)",4,Graduate,3,"B.Ed. or equivalent",0,0,0,0,0,0,0,0,0,2,1,2,2,2,0,1,1,0,11,4,7
2019-20,33,Tamilnadu,3304,VELLORE,330409,"VELLORE RURAL",22,"Private Unaided (Recognized)",7,"SS (VI-X)",4,Graduate,3,"B.Ed. or equivalent",0,0,0,0,0,0,0,0,0,0,2,1,0,0,0,0,0,0,3,2,1
2019-20,33,Tamilnadu,3304,VELLORE,330422,KANDHILI,22,"Private Unaided (Recognized)",7,"SS (VI-X)",4,Graduate,3,"B.Ed. or equivalent",0,0,0,0,0,0,0,0,0,0,0,1,0,0,0,0,0,0,1,0,1
2019-20,33,Tamilnadu,3304,VELLORE,330401,ARAKKONAM,22,"Private Unaided (Recognized)",5,"HSS (VI-XII)",4,Graduate,4,"M.Ed. or equivalent",0,0,0,0,0,0,0,0,0,0,0,0,0,0,1,0,0,0,1,1,0
2019-20,33,Tamilnadu,3304,VELLORE,330402,NEMILI,22,"Private Unaided (Recognized)",2,"UPS (I-VIII)",5,"Post graduate",3,"B.Ed. or equivalent",0,0,0,0,0,0,0,0,0,6,0,0,0,0,0,0,0,0,6,0,6
2019-20,33,Tamilnadu,3304,VELLORE,330422,KANDHILI,22,"Private Unaided (Recognized)",3,"HSS (I-XII)",5,"Post graduate",3,"B.Ed. or equivalent",0,0,0,0,0,0,0,0,0,0,0,0,0,0,6,1,3,4,14,9,5
2019-20,33,Tamilnadu,3304,VELLORE,330401,ARAKKONAM,22,"Private Unaided (Recognized)",5,"HSS (VI-XII)",5,"Post graduate",3,"B.Ed. or equivalent",0,0,0,0,0,0,0,0,0,0,0,0,1,2,3,5,6,2,19,10,9
2019-20,33,Tamilnadu,3304,VELLORE,330409,"VELLORE RURAL",22,"Private Unaided (Recognized)",7,"SS (VI-X)",5,"Post graduate",3,"B.Ed. or equivalent",0,0,0,0,0,0,0,0,0,1,0,2,0,0,0,0,0,0,3,0,3
2019-20,33,Tamilnadu,3304,VELLORE,330422,KANDHILI,22,"Private Unaided (Recognized)",7,"SS (VI-X)",5,"Post graduate",3,"B.Ed. or equivalent",0,0,0,0,0,0,0,0,1,0,1,4,1,0,0,0,0,0,7,3,4
2019-20,33,Tamilnadu,3304,VELLORE,330405,"WALAJA WEST",22,"Private Unaided (Recognized)",11,"HSS (XI-XII)",5,"Post graduate",3,"B.Ed. or equivalent",0,0,0,0,0,0,0,0,0,0,0,0,0,0,0,0,1,6,7,1,6
2019-20,33,Tamilnadu,3304,VELLORE,330422,KANDHILI,22,"Private Unaided (Recognized)",3,"HSS (I-XII)",5,"Post graduate",4,"M.Ed. or equivalent",0,0,0,0,0,0,0,3,0,0,0,0,0,1,1,0,0,0,5,1,4
2019-20,33,Tamilnadu,3304,VELLORE,330401,ARAKKONAM,22,"Private Unaided (Recognized)",5,"HSS (VI-XII)",5,"Post graduate",4,"M.Ed. or equivalent",0,0,0,0,0,0,0,0,0,0,0,0,0,0,1,0,1,0,2,2,0
2019-20,33,Tamilnadu,3304,VELLORE,330405,"WALAJA WEST",22,"Private Unaided (Recognized)",11,"HSS (XI-XII)",5,"Post graduate",4,"M.Ed. or equivalent",0,0,0,0,0,0,0,0,0,0,0,0,0,0,0,0,0,1,1,0,1
2019-20,33,Tamilnadu,3304,VELLORE,330401,ARAKKONAM,22,"Private Unaided (Recognized)",5,"HSS (VI-XII)",5,"Post graduate",5,Others,0,0,0,0,0,0,0,0,0,0,0,0,0,0,1,0,0,0,1,1,0
2019-20,33,Tamilnadu,3304,VELLORE,330422,KANDHILI,22,"Private Unaided (Recognized)",7,"SS (VI-X)",6,M.Phil,3,"B.Ed. or equivalent",0,0,0,0,0,0,0,0,2,0,1,0,0,0,0,0,0,0,3,3,0
2019-20,33,Tamilnadu,3304,VELLORE,330405,"WALAJA WEST",22,"Private Unaided (Recognized)",11,"HSS (XI-XII)",6,M.Phil,3,"B.Ed. or equivalent",0,0,0,0,0,0,0,0,0,0,0,0,0,0,0,0,1,0,1,1,0
2019-20,33,Tamilnadu,3304,VELLORE,330402,NEMILI,22,"Private Unaided (Recognized)",2,"UPS (I-VIII)",6,M.Phil,4,"M.Ed. or equivalent",0,0,0,0,0,0,0,0,1,0,0,0,0,0,0,0,0,0,1,1,0
2019-20,33,Tamilnadu,3304,VELLORE,330401,ARAKKONAM,23,"Private Unaided (Recognized)",3,"HSS (I-XII)",1,"Below Secondary",1,"Diploma or certificate in basic teachers training of a duration not less than two years",0,0,0,0,0,0,0,1,0,0,0,0,0,0,0,0,0,0,1,0,1
2019-20,33,Tamilnadu,3304,VELLORE,330404,SHOLINGAR,23,"Private Unaided (Recognized)",3,"HSS (I-XII)",1,"Below Secondary",1,"Diploma or certificate in basic teachers training of a duration not less than two years",0,1,0,0,0,1,0,1,0,0,0,0,0,0,0,0,0,0,3,0,3
2019-20,33,Tamilnadu,3304,VELLORE,330405,"WALAJA WEST",23,"Private Unaided (Recognized)",3,"HSS (I-XII)",1,"Below Secondary",1,"Diploma or certificate in basic teachers training of a duration not less than two years",0,0,0,0,0,0,0,0,0,0,0,1,0,0,0,0,0,0,1,0,1
2019-20,33,Tamilnadu,3304,VELLORE,330406,"WALAJA EAST",23,"Private Unaided (Recognized)",3,"HSS (I-XII)",1,"Below Secondary",1,"Diploma or certificate in basic teachers training of a duration not less than two years",0,0,0,0,0,1,0,0,0,0,0,0,0,0,0,0,0,0,1,0,1
2019-20,33,Tamilnadu,3304,VELLORE,330410,"VELLORE URBAN",23,"Private Unaided (Recognized)",3,"HSS (I-XII)",1,"Below Secondary",1,"Diploma or certificate in basic teachers training of a duration not less than two years",0,0,0,0,0,1,0,0,0,0,0,0,0,0,0,0,0,0,1,0,1
2019-20,33,Tamilnadu,3304,VELLORE,330413,KATPADI,23,"Private Unaided (Recognized)",3,"HSS (I-XII)",1,"Below Secondary",1,"Diploma or certificate in basic teachers training of a duration not less than two years",0,1,0,0,0,0,0,0,0,0,0,0,0,0,0,0,0,0,1,0,1
2019-20,33,Tamilnadu,3304,VELLORE,330415,GUDIYATHAM,23,"Private Unaided (Recognized)",3,"HSS (I-XII)",1,"Below Secondary",1,"Diploma or certificate in basic teachers training of a duration not less than two years",0,0,0,0,0,0,0,0,0,0,0,1,0,0,0,0,2,0,3,2,1
2019-20,33,Tamilnadu,3304,VELLORE,330417,MADHANUR,23,"Private Unaided (Recognized)",3,"HSS (I-XII)",1,"Below Secondary",1,"Diploma or certificate in basic teachers training of a duration not less than two years",0,0,0,0,0,0,0,0,0,0,0,0,0,1,0,0,0,0,1,0,1
2019-20,33,Tamilnadu,3304,VELLORE,330419,NATRAMPALLI,23,"Private Unaided (Recognized)",3,"HSS (I-XII)",1,"Below Secondary",1,"Diploma or certificate in basic teachers training of a duration not less than two years",0,0,0,0,0,1,0,0,0,0,0,0,0,0,0,0,0,0,1,0,1
2019-20,33,Tamilnadu,3304,VELLORE,330403,KAVERIPAKKAM,23,"Private Unaided (Recognized)",6,"SS (I-X)",1,"Below Secondary",1,"Diploma or certificate in basic teachers training of a duration not less than two years",0,0,0,0,0,6,0,0,0,0,0,0,0,0,0,0,0,0,6,0,6
2019-20,33,Tamilnadu,3304,VELLORE,330407,TIMIRI,23,"Private Unaided (Recognized)",6,"SS (I-X)",1,"Below Secondary",1,"Diploma or certificate in basic teachers training of a duration not less than two years",0,0,0,0,0,1,0,0,0,0,0,0,0,0,0,0,0,0,1,0,1
2019-20,33,Tamilnadu,3304,VELLORE,330415,GUDIYATHAM,23,"Private Unaided (Recognized)",6,"SS (I-X)",1,"Below Secondary",1,"Diploma or certificate in basic teachers training of a duration not less than two years",0,0,0,0,0,0,0,0,0,0,0,0,0,1,0,0,0,0,1,0,1
2019-20,33,Tamilnadu,3304,VELLORE,330417,MADHANUR,23,"Private Unaided (Recognized)",6,"SS (I-X)",1,"Below Secondary",1,"Diploma or certificate in basic teachers training of a duration not less than two years",0,0,0,0,0,0,0,0,0,1,0,0,0,0,0,0,0,0,1,0,1
2019-20,33,Tamilnadu,3304,VELLORE,330419,NATRAMPALLI,23,"Private Unaided (Recognized)",6,"SS (I-X)",1,"Below Secondary",1,"Diploma or certificate in basic teachers training of a duration not less than two years",0,0,0,0,0,0,0,0,0,0,0,0,0,1,0,0,0,0,1,0,1
2019-20,33,Tamilnadu,3304,VELLORE,330409,"VELLORE RURAL",23,"Private Unaided (Recognized)",2,"UPS (I-VIII)",1,"Below Secondary",3,"B.Ed. or equivalent",0,0,0,0,0,0,0,0,0,1,0,0,0,0,0,0,0,0,1,0,1
2019-20,33,Tamilnadu,3304,VELLORE,330404,SHOLINGAR,23,"Private Unaided (Recognized)",3,"HSS (I-XII)",1,"Below Secondary",3,"B.Ed. or equivalent",0,0,0,0,0,0,0,0,0,0,1,4,0,0,0,0,0,0,5,1,4
2019-20,33,Tamilnadu,3304,VELLORE,330409,"VELLORE RURAL",23,"Private Unaided (Recognized)",3,"HSS (I-XII)",1,"Below Secondary",3,"B.Ed. or equivalent",0,0,0,0,0,0,0,0,0,0,0,0,0,1,0,0,0,0,1,0,1
2019-20,33,Tamilnadu,3304,VELLORE,330420,JOLARPET,23,"Private Unaided (Recognized)",3,"HSS (I-XII)",1,"Below Secondary",3,"B.Ed. or equivalent",0,0,0,0,0,0,0,1,0,0,0,0,0,0,0,0,0,0,1,0,1
2019-20,33,Tamilnadu,3304,VELLORE,330422,KANDHILI,23,"Private Unaided (Recognized)",3,"HSS (I-XII)",1,"Below Secondary",3,"B.Ed. or equivalent",0,0,0,0,0,0,0,2,0,0,0,0,0,0,0,0,0,0,2,0,2
2019-20,33,Tamilnadu,3304,VELLORE,330403,KAVERIPAKKAM,23,"Private Unaided (Recognized)",6,"SS (I-X)",1,"Below Secondary",3,"B.Ed. or equivalent",0,0,0,0,0,4,0,0,0,2,0,0,1,4,0,0,0,0,11,1,10
2019-20,33,Tamilnadu,3304,VELLORE,330408,ARCOT,23,"Private Unaided (Recognized)",6,"SS (I-X)",1,"Below Secondary",3,"B.Ed. or equivalent",0,0,0,0,0,0,0,0,0,0,0,0,1,0,0,0,0,0,1,1,0
2019-20,33,Tamilnadu,3304,VELLORE,330417,MADHANUR,23,"Private Unaided (Recognized)",6,"SS (I-X)",1,"Below Secondary",3,"B.Ed. or equivalent",0,0,0,0,0,0,0,0,0,1,0,0,0,0,0,0,0,0,1,0,1
2019-20,33,Tamilnadu,3304,VELLORE,330418,ALANGAYAM,23,"Private Unaided (Recognized)",6,"SS (I-X)",1,"Below Secondary",3,"B.Ed. or equivalent",0,0,0,0,0,0,1,0,0,0,0,0,0,0,0,0,0,0,1,1,0
2019-20,33,Tamilnadu,3304,VELLORE,330404,SHOLINGAR,23,"Private Unaided (Recognized)",3,"HSS (I-XII)",1,"Below Secondary",4,"M.Ed. or equivalent",0,0,0,0,0,0,0,0,0,0,2,2,0,0,0,0,0,0,4,2,2
2019-20,33,Tamilnadu,3304,VELLORE,330422,KANDHILI,23,"Private Unaided (Recognized)",3,"HSS (I-XII)",1,"Below Secondary",4,"M.Ed. or equivalent",0,1,0,0,0,0,0,0,0,0,0,0,0,0,0,0,0,0,1,0,1
2019-20,33,Tamilnadu,3304,VELLORE,330403,KAVERIPAKKAM,23,"Private Unaided (Recognized)",6,"SS (I-X)",1,"Below Secondary",4,"M.Ed. or equivalent",0,0,0,0,1,0,0,0,0,0,0,0,0,0,0,0,0,0,1,1,0
2019-20,33,Tamilnadu,3304,VELLORE,330404,SHOLINGAR,23,"Private Unaided (Recognized)",2,"UPS (I-VIII)",1,"Below Secondary",5,Others,0,0,0,0,0,1,0,0,0,0,0,0,0,0,0,0,0,0,1,0,1
2019-20,33,Tamilnadu,3304,VELLORE,330407,TIMIRI,23,"Private Unaided (Recognized)",2,"UPS (I-VIII)",1,"Below Secondary",5,Others,0,0,0,0,0,0,0,1,0,0,0,0,0,0,0,0,0,0,1,0,1
2019-20,33,Tamilnadu,3304,VELLORE,330420,JOLARPET,23,"Private Unaided (Recognized)",2,"UPS (I-VIII)",1,"Below Secondary",5,Others,0,0,0,0,0,2,0,0,0,0,0,0,0,0,0,0,0,0,2,0,2
2019-20,33,Tamilnadu,3304,VELLORE,330422,KANDHILI,23,"Private Unaided (Recognized)",2,"UPS (I-VIII)",1,"Below Secondary",5,Others,0,0,0,0,0,0,0,0,0,1,0,0,0,0,0,0,0,0,1,0,1
2019-20,33,Tamilnadu,3304,VELLORE,330409,"VELLORE RURAL",23,"Private Unaided (Recognized)",3,"HSS (I-XII)",1,"Below Secondary",5,Others,0,1,0,1,0,0,0,0,0,0,0,0,0,0,0,0,0,0,2,0,2
2019-20,33,Tamilnadu,3304,VELLORE,330411,KANIYAMBADI,23,"Private Unaided (Recognized)",3,"HSS (I-XII)",1,"Below Secondary",5,Others,0,0,0,0,0,1,0,0,0,0,0,0,0,0,0,0,0,0,1,0,1
2019-20,33,Tamilnadu,3304,VELLORE,330412,ANAICUT,23,"Private Unaided (Recognized)",3,"HSS (I-XII)",1,"Below Secondary",5,Others,0,0,0,0,0,0,0,1,0,0,0,0,0,0,0,0,0,0,1,0,1
2019-20,33,Tamilnadu,3304,VELLORE,330413,KATPADI,23,"Private Unaided (Recognized)",3,"HSS (I-XII)",1,"Below Secondary",5,Others,0,1,0,0,0,0,0,0,0,0,0,0,0,0,0,0,0,0,1,0,1
2019-20,33,Tamilnadu,3304,VELLORE,330414,K.V.KUPPAM,23,"Private Unaided (Recognized)",3,"HSS (I-XII)",1,"Below Secondary",5,Others,0,0,0,0,0,0,0,0,0,0,0,1,0,0,0,0,0,0,1,0,1
2019-20,33,Tamilnadu,3304,VELLORE,330415,GUDIYATHAM,23,"Private Unaided (Recognized)",3,"HSS (I-XII)",1,"Below Secondary",5,Others,0,0,0,0,0,0,0,0,0,1,0,0,0,0,0,0,0,0,1,0,1
2019-20,33,Tamilnadu,3304,VELLORE,330416,PERNAMBUT,23,"Private Unaided (Recognized)",3,"HSS (I-XII)",1,"Below Secondary",5,Others,0,0,0,0,0,0,0,1,0,0,0,0,0,0,0,0,0,0,1,0,1
2019-20,33,Tamilnadu,3304,VELLORE,330418,ALANGAYAM,23,"Private Unaided (Recognized)",3,"HSS (I-XII)",1,"Below Secondary",5,Others,0,1,0,0,0,0,0,0,0,0,0,0,0,0,0,0,0,0,1,0,1
2019-20,33,Tamilnadu,3304,VELLORE,330419,NATRAMPALLI,23,"Private Unaided (Recognized)",3,"HSS (I-XII)",1,"Below Secondary",5,Others,0,0,0,0,0,0,0,0,0,0,0,0,0,0,0,0,0,1,1,0,1
2019-20,33,Tamilnadu,3304,VELLORE,330408,ARCOT,23,"Private Unaided (Recognized)",5,"HSS (VI-XII)",1,"Below Secondary",5,Others,0,0,0,0,0,0,0,0,0,0,0,0,0,0,1,0,0,0,1,1,0
2019-20,33,Tamilnadu,3304,VELLORE,330403,KAVERIPAKKAM,23,"Private Unaided (Recognized)",6,"SS (I-X)",1,"Below Secondary",5,Others,0,0,0,0,0,2,0,0,0,0,0,0,0,0,0,0,0,0,2,0,2
2019-20,33,Tamilnadu,3304,VELLORE,330408,ARCOT,23,"Private Unaided (Recognized)",6,"SS (I-X)",1,"Below Secondary",5,Others,0,0,0,0,0,0,0,0,0,0,0,0,0,1,0,0,0,0,1,0,1
2019-20,33,Tamilnadu,3304,VELLORE,330410,"VELLORE URBAN",23,"Private Unaided (Recognized)",6,"SS (I-X)",1,"Below Secondary",5,Others,0,0,0,0,0,0,0,1,0,0,0,0,0,0,0,0,0,0,1,0,1
2019-20,33,Tamilnadu,3304,VELLORE,330406,"WALAJA EAST",23,"Private Unaided (Recognized)",2,"UPS (I-VIII)",1,"Below Secondary",6,None,0,0,0,0,0,1,0,0,0,0,0,0,0,0,0,0,0,0,1,0,1
2019-20,33,Tamilnadu,3304,VELLORE,330401,ARAKKONAM,23,"Private Unaided (Recognized)",3,"HSS (I-XII)",1,"Below Secondary",6,None,0,0,0,1,0,0,0,0,0,0,0,0,0,0,0,0,0,0,1,0,1
2019-20,33,Tamilnadu,3304,VELLORE,330408,ARCOT,23,"Private Unaided (Recognized)",3,"HSS (I-XII)",1,"Below Secondary",6,None,0,0,0,0,0,0,0,0,0,0,0,1,0,0,0,0,0,0,1,0,1
2019-20,33,Tamilnadu,3304,VELLORE,330414,K.V.KUPPAM,23,"Private Unaided (Recognized)",3,"HSS (I-XII)",1,"Below Secondary",6,None,0,0,0,0,0,0,0,0,0,0,0,1,0,0,0,0,0,0,1,0,1
2019-20,33,Tamilnadu,3304,VELLORE,330415,GUDIYATHAM,23,"Private Unaided (Recognized)",3,"HSS (I-XII)",1,"Below Secondary",6,None,0,0,0,0,0,0,0,0,0,0,0,0,1,0,0,0,0,0,1,1,0
2019-20,33,Tamilnadu,3304,VELLORE,330419,NATRAMPALLI,23,"Private Unaided (Recognized)",3,"HSS (I-XII)",1,"Below Secondary",6,None,0,0,0,0,0,0,0,4,0,0,0,0,0,0,0,0,0,0,4,0,4
2019-20,33,Tamilnadu,3304,VELLORE,330420,JOLARPET,23,"Private Unaided (Recognized)",3,"HSS (I-XII)",1,"Below Secondary",6,None,0,0,0,0,0,0,1,0,0,0,0,0,0,0,0,0,0,0,1,1,0
2019-20,33,Tamilnadu,3304,VELLORE,330421,THIRUPATTUR,23,"Private Unaided (Recognized)",3,"HSS (I-XII)",1,"Below Secondary",6,None,0,0,0,0,0,1,0,1,0,0,0,0,0,0,0,0,0,0,2,0,2
2019-20,33,Tamilnadu,3304,VELLORE,330422,KANDHILI,23,"Private Unaided (Recognized)",3,"HSS (I-XII)",1,"Below Secondary",6,None,0,0,0,0,0,0,0,0,0,0,0,0,0,1,0,0,0,0,1,0,1
2019-20,33,Tamilnadu,3304,VELLORE,330408,ARCOT,23,"Private Unaided (Recognized)",5,"HSS (VI-XII)",1,"Below Secondary",6,None,0,0,0,0,0,0,0,0,5,0,4,0,0,0,2,0,0,0,11,11,0
2019-20,33,Tamilnadu,3304,VELLORE,330408,ARCOT,23,"Private Unaided (Recognized)",6,"SS (I-X)",1,"Below Secondary",6,None,0,0,0,0,3,0,0,0,0,0,0,0,0,0,0,0,0,0,3,3,0
2019-20,33,Tamilnadu,3304,VELLORE,330412,ANAICUT,23,"Private Unaided (Recognized)",6,"SS (I-X)",1,"Below Secondary",6,None,0,0,0,0,0,1,0,0,0,0,0,0,0,0,0,0,0,0,1,0,1
2019-20,33,Tamilnadu,3304,VELLORE,330420,JOLARPET,23,"Private Unaided (Recognized)",6,"SS (I-X)",1,"Below Secondary",6,None,0,0,0,0,0,0,0,0,0,0,0,0,0,1,0,0,0,0,1,0,1
2019-20,33,Tamilnadu,3304,VELLORE,330421,THIRUPATTUR,23,"Private Unaided (Recognized)",1,"PS (I-V)",3,"Higher secondary",1,"Diploma or certificate in basic teachers training of a duration not less than two years",0,0,0,0,0,1,0,0,0,0,0,0,0,0,0,0,0,0,1,0,1
2019-20,33,Tamilnadu,3304,VELLORE,330402,NEMILI,23,"Private Unaided (Recognized)",2,"UPS (I-VIII)",3,"Higher secondary",1,"Diploma or certificate in basic teachers training of a duration not less than two years",0,0,0,0,0,0,0,0,0,1,0,0,0,0,0,0,0,0,1,0,1
2019-20,33,Tamilnadu,3304,VELLORE,330404,SHOLINGAR,23,"Private Unaided (Recognized)",2,"UPS (I-VIII)",3,"Higher secondary",1,"Diploma or certificate in basic teachers training of a duration not less than two years",0,0,0,0,0,1,0,0,0,0,0,0,0,0,0,0,0,0,1,0,1
2019-20,33,Tamilnadu,3304,VELLORE,330407,TIMIRI,23,"Private Unaided (Recognized)",2,"UPS (I-VIII)",3,"Higher secondary",1,"Diploma or certificate in basic teachers training of a duration not less than two years",0,0,0,0,0,1,0,0,0,0,0,0,0,0,0,0,0,0,1,0,1
2019-20,33,Tamilnadu,3304,VELLORE,330410,"VELLORE URBAN",23,"Private Unaided (Recognized)",2,"UPS (I-VIII)",3,"Higher secondary",1,"Diploma or certificate in basic teachers training of a duration not less than two years",0,0,0,0,0,1,0,0,0,0,0,0,0,0,0,0,0,0,1,0,1
2019-20,33,Tamilnadu,3304,VELLORE,330411,KANIYAMBADI,23,"Private Unaided (Recognized)",2,"UPS (I-VIII)",3,"Higher secondary",1,"Diploma or certificate in basic teachers training of a duration not less than two years",0,0,0,0,0,3,0,0,0,0,0,0,0,0,0,0,0,0,3,0,3
2019-20,33,Tamilnadu,3304,VELLORE,330415,GUDIYATHAM,23,"Private Unaided (Recognized)",2,"UPS (I-VIII)",3,"Higher secondary",1,"Diploma or certificate in basic teachers training of a duration not less than two years",0,0,0,0,0,1,0,0,0,3,0,0,0,0,0,0,0,0,4,0,4
2019-20,33,Tamilnadu,3304,VELLORE,330416,PERNAMBUT,23,"Private Unaided (Recognized)",2,"UPS (I-VIII)",3,"Higher secondary",1,"Diploma or certificate in basic teachers training of a duration not less than two years",0,0,0,0,0,5,0,0,0,0,0,0,0,0,0,0,0,0,5,0,5
2019-20,33,Tamilnadu,3304,VELLORE,330419,NATRAMPALLI,23,"Private Unaided (Recognized)",2,"UPS (I-VIII)",3,"Higher secondary",1,"Diploma or certificate in basic teachers training of a duration not less than two years",0,0,0,0,0,0,1,0,0,0,0,0,0,0,0,0,0,0,1,1,0
2019-20,33,Tamilnadu,3304,VELLORE,330420,JOLARPET,23,"Private Unaided (Recognized)",2,"UPS (I-VIII)",3,"Higher secondary",1,"Diploma or certificate in basic teachers training of a duration not less than two years",0,0,0,0,0,1,0,0,0,0,0,0,0,0,0,0,0,0,1,0,1
2019-20,33,Tamilnadu,3304,VELLORE,330401,ARAKKONAM,23,"Private Unaided (Recognized)",3,"HSS (I-XII)",3,"Higher secondary",1,"Diploma or certificate in basic teachers training of a duration not less than two years",0,0,0,0,0,5,0,0,0,0,0,0,0,0,0,0,0,0,5,0,5
2019-20,33,Tamilnadu,3304,VELLORE,330402,NEMILI,23,"Private Unaided (Recognized)",3,"HSS (I-XII)",3,"Higher secondary",1,"Diploma or certificate in basic teachers training of a duration not less than two years",0,2,0,0,0,8,0,1,0,0,0,0,0,1,0,0,0,0,12,0,12
2019-20,33,Tamilnadu,3304,VELLORE,330403,KAVERIPAKKAM,23,"Private Unaided (Recognized)",3,"HSS (I-XII)",3,"Higher secondary",1,"Diploma or certificate in basic teachers training of a duration not less than two years",0,1,0,0,0,2,0,0,0,0,0,0,0,0,0,0,0,0,3,0,3
2019-20,33,Tamilnadu,3304,VELLORE,330404,SHOLINGAR,23,"Private Unaided (Recognized)",3,"HSS (I-XII)",3,"Higher secondary",1,"Diploma or certificate in basic teachers training of a duration not less than two years",0,2,0,1,0,1,0,2,0,1,0,0,0,0,0,0,0,0,7,0,7
2019-20,33,Tamilnadu,3304,VELLORE,330405,"WALAJA WEST",23,"Private Unaided (Recognized)",3,"HSS (I-XII)",3,"Higher secondary",1,"Diploma or certificate in basic teachers training of a duration not less than two years",0,1,0,0,0,2,0,0,0,0,0,0,0,0,0,1,0,0,4,0,4
2019-20,33,Tamilnadu,3304,VELLORE,330406,"WALAJA EAST",23,"Private Unaided (Recognized)",3,"HSS (I-XII)",3,"Higher secondary",1,"Diploma or certificate in basic teachers training of a duration not less than two years",0,3,0,0,0,4,0,0,0,0,0,0,0,0,0,0,0,0,7,0,7
2019-20,33,Tamilnadu,3304,VELLORE,330408,ARCOT,23,"Private Unaided (Recognized)",3,"HSS (I-XII)",3,"Higher secondary",1,"Diploma or certificate in basic teachers training of a duration not less than two years",0,0,0,0,0,1,0,0,0,0,0,0,0,0,0,0,0,0,1,0,1
2019-20,33,Tamilnadu,3304,VELLORE,330409,"VELLORE RURAL",23,"Private Unaided (Recognized)",3,"HSS (I-XII)",3,"Higher secondary",1,"Diploma or certificate in basic teachers training of a duration not less than two years",0,0,0,0,1,2,0,0,0,0,0,0,0,0,0,0,0,0,3,1,2
2019-20,33,Tamilnadu,3304,VELLORE,330411,KANIYAMBADI,23,"Private Unaided (Recognized)",3,"HSS (I-XII)",3,"Higher secondary",1,"Diploma or certificate in basic teachers training of a duration not less than two years",0,9,0,0,0,0,0,0,0,0,0,0,0,0,0,0,0,0,9,0,9
2019-20,33,Tamilnadu,3304,VELLORE,330412,ANAICUT,23,"Private Unaided (Recognized)",3,"HSS (I-XII)",3,"Higher secondary",1,"Diploma or certificate in basic teachers training of a duration not less than two years",1,5,0,0,0,1,0,0,0,0,0,0,0,0,0,0,0,0,7,1,6
2019-20,33,Tamilnadu,3304,VELLORE,330413,KATPADI,23,"Private Unaided (Recognized)",3,"HSS (I-XII)",3,"Higher secondary",1,"Diploma or certificate in basic teachers training of a duration not less than two years",0,3,0,0,0,12,1,2,0,0,0,0,0,0,0,0,0,0,18,1,17
2019-20,33,Tamilnadu,3304,VELLORE,330414,K.V.KUPPAM,23,"Private Unaided (Recognized)",3,"HSS (I-XII)",3,"Higher secondary",1,"Diploma or certificate in basic teachers training of a duration not less than two years",0,0,0,0,0,2,0,1,0,0,0,0,0,0,0,0,0,0,3,0,3
2019-20,33,Tamilnadu,3304,VELLORE,330415,GUDIYATHAM,23,"Private Unaided (Recognized)",3,"HSS (I-XII)",3,"Higher secondary",1,"Diploma or certificate in basic teachers training of a duration not less than two years",0,0,0,0,0,5,0,0,0,0,0,0,0,2,0,0,0,0,7,0,7
2019-20,33,Tamilnadu,3304,VELLORE,330416,PERNAMBUT,23,"Private Unaided (Recognized)",3,"HSS (I-XII)",3,"Higher secondary",1,"Diploma or certificate in basic teachers training of a duration not less than two years",0,0,0,1,0,3,0,0,1,0,0,0,0,0,0,0,0,0,5,1,4
2019-20,33,Tamilnadu,3304,VELLORE,330417,MADHANUR,23,"Private Unaided (Recognized)",3,"HSS (I-XII)",3,"Higher secondary",1,"Diploma or certificate in basic teachers training of a duration not less than two years",0,0,0,1,0,3,0,0,0,0,0,0,0,0,0,0,0,0,4,0,4
2019-20,33,Tamilnadu,3304,VELLORE,330418,ALANGAYAM,23,"Private Unaided (Recognized)",3,"HSS (I-XII)",3,"Higher secondary",1,"Diploma or certificate in basic teachers training of a duration not less than two years",0,2,0,0,0,3,0,0,0,1,0,0,0,0,0,0,0,0,6,0,6
2019-20,33,Tamilnadu,3304,VELLORE,330419,NATRAMPALLI,23,"Private Unaided (Recognized)",3,"HSS (I-XII)",3,"Higher secondary",1,"Diploma or certificate in basic teachers training of a duration not less than two years",0,0,0,0,0,0,0,0,0,1,0,0,0,0,0,0,0,1,2,0,2
2019-20,33,Tamilnadu,3304,VELLORE,330420,JOLARPET,23,"Private Unaided (Recognized)",3,"HSS (I-XII)",3,"Higher secondary",1,"Diploma or certificate in basic teachers training of a duration not less than two years",0,0,0,0,0,5,1,0,0,0,0,0,0,0,0,0,0,0,6,1,5
2019-20,33,Tamilnadu,3304,VELLORE,330421,THIRUPATTUR,23,"Private Unaided (Recognized)",3,"HSS (I-XII)",3,"Higher secondary",1,"Diploma or certificate in basic teachers training of a duration not less than two years",0,1,0,0,0,0,0,2,0,0,0,0,0,1,0,0,0,0,4,0,4
2019-20,33,Tamilnadu,3304,VELLORE,330422,KANDHILI,23,"Private Unaided (Recognized)",3,"HSS (I-XII)",3,"Higher secondary",1,"Diploma or certificate in basic teachers training of a duration not less than two years",0,0,0,1,0,0,0,1,0,2,0,0,0,0,0,0,0,0,4,0,4
2019-20,33,Tamilnadu,3304,VELLORE,330402,NEMILI,23,"Private Unaided (Recognized)",6,"SS (I-X)",3,"Higher secondary",1,"Diploma or certificate in basic teachers training of a duration not less than two years",0,0,0,0,0,0,0,0,0,1,0,0,0,0,0,0,0,0,1,0,1
2019-20,33,Tamilnadu,3304,VELLORE,330403,KAVERIPAKKAM,23,"Private Unaided (Recognized)",6,"SS (I-X)",3,"Higher secondary",1,"Diploma or certificate in basic teachers training of a duration not less than two years",0,0,0,0,0,5,0,1,0,0,0,0,0,6,0,0,0,0,12,0,12
2019-20,33,Tamilnadu,3304,VELLORE,330404,SHOLINGAR,23,"Private Unaided (Recognized)",6,"SS (I-X)",3,"Higher secondary",1,"Diploma or certificate in basic teachers training of a duration not less than two years",0,0,0,0,0,0,0,1,0,0,0,0,0,0,0,0,0,0,1,0,1
2019-20,33,Tamilnadu,3304,VELLORE,330406,"WALAJA EAST",23,"Private Unaided (Recognized)",6,"SS (I-X)",3,"Higher secondary",1,"Diploma or certificate in basic teachers training of a duration not less than two years",0,0,0,0,0,0,0,0,0,3,0,0,1,0,0,0,0,0,4,1,3
2019-20,33,Tamilnadu,3304,VELLORE,330408,ARCOT,23,"Private Unaided (Recognized)",6,"SS (I-X)",3,"Higher secondary",1,"Diploma or certificate in basic teachers training of a duration not less than two years",0,0,0,0,1,4,0,0,0,0,0,0,0,2,0,0,0,0,7,1,6
2019-20,33,Tamilnadu,3304,VELLORE,330410,"VELLORE URBAN",23,"Private Unaided (Recognized)",6,"SS (I-X)",3,"Higher secondary",1,"Diploma or certificate in basic teachers training of a duration not less than two years",0,0,0,0,0,0,0,2,0,0,0,0,0,0,0,0,0,0,2,0,2
2019-20,33,Tamilnadu,3304,VELLORE,330412,ANAICUT,23,"Private Unaided (Recognized)",6,"SS (I-X)",3,"Higher secondary",1,"Diploma or certificate in basic teachers training of a duration not less than two years",0,0,0,0,0,1,0,0,0,1,0,0,0,0,0,0,0,0,2,0,2
2019-20,33,Tamilnadu,3304,VELLORE,330413,KATPADI,23,"Private Unaided (Recognized)",6,"SS (I-X)",3,"Higher secondary",1,"Diploma or certificate in basic teachers training of a duration not less than two years",0,0,0,0,0,10,0,0,0,0,0,0,0,2,0,0,0,0,12,0,12
2019-20,33,Tamilnadu,3304,VELLORE,330415,GUDIYATHAM,23,"Private Unaided (Recognized)",6,"SS (I-X)",3,"Higher secondary",1,"Diploma or certificate in basic teachers training of a duration not less than two years",0,0,0,0,0,0,0,0,0,0,0,0,0,5,0,0,0,0,5,0,5
2019-20,33,Tamilnadu,3304,VELLORE,330416,PERNAMBUT,23,"Private Unaided (Recognized)",6,"SS (I-X)",3,"Higher secondary",1,"Diploma or certificate in basic teachers training of a duration not less than two years",0,0,0,0,0,4,0,0,0,4,0,0,0,0,0,0,0,0,8,0,8
2019-20,33,Tamilnadu,3304,VELLORE,330417,MADHANUR,23,"Private Unaided (Recognized)",6,"SS (I-X)",3,"Higher secondary",1,"Diploma or certificate in basic teachers training of a duration not less than two years",0,0,0,0,0,0,0,1,0,4,0,0,0,0,0,0,0,0,5,0,5
2019-20,33,Tamilnadu,3304,VELLORE,330418,ALANGAYAM,23,"Private Unaided (Recognized)",6,"SS (I-X)",3,"Higher secondary",1,"Diploma or certificate in basic teachers training of a duration not less than two years",0,0,0,0,0,0,0,1,0,0,0,0,0,2,0,0,0,0,3,0,3
2019-20,33,Tamilnadu,3304,VELLORE,330419,NATRAMPALLI,23,"Private Unaided (Recognized)",6,"SS (I-X)",3,"Higher secondary",1,"Diploma or certificate in basic teachers training of a duration not less than two years",0,0,0,0,0,3,0,0,0,0,0,0,0,2,0,0,0,0,5,0,5
2019-20,33,Tamilnadu,3304,VELLORE,330420,JOLARPET,23,"Private Unaided (Recognized)",6,"SS (I-X)",3,"Higher secondary",1,"Diploma or certificate in basic teachers training of a duration not less than two years",0,0,0,0,0,2,0,0,0,0,0,0,0,0,0,0,0,0,2,0,2
2019-20,33,Tamilnadu,3304,VELLORE,330401,ARAKKONAM,23,"Private Unaided (Recognized)",3,"HSS (I-XII)",3,"Higher secondary",3,"B.Ed. or equivalent",0,0,0,0,0,0,1,0,0,1,0,0,0,0,1,0,0,0,3,2,1
2019-20,33,Tamilnadu,3304,VELLORE,330402,NEMILI,23,"Private Unaided (Recognized)",3,"HSS (I-XII)",3,"Higher secondary",3,"B.Ed. or equivalent",0,0,0,0,0,0,0,0,0,0,0,0,0,0,1,0,0,0,1,1,0
2019-20,33,Tamilnadu,3304,VELLORE,330403,KAVERIPAKKAM,23,"Private Unaided (Recognized)",3,"HSS (I-XII)",3,"Higher secondary",3,"B.Ed. or equivalent",0,0,0,0,0,0,0,1,0,0,0,0,0,0,0,0,0,0,1,0,1
2019-20,33,Tamilnadu,3304,VELLORE,330409,"VELLORE RURAL",23,"Private Unaided (Recognized)",3,"HSS (I-XII)",3,"Higher secondary",3,"B.Ed. or equivalent",0,0,0,0,0,0,0,0,0,0,0,0,0,0,0,1,0,2,3,0,3
2019-20,33,Tamilnadu,3304,VELLORE,330412,ANAICUT,23,"Private Unaided (Recognized)",3,"HSS (I-XII)",3,"Higher secondary",3,"B.Ed. or equivalent",0,0,0,0,0,0,0,0,0,0,1,0,0,0,0,0,2,0,3,3,0
2019-20,33,Tamilnadu,3304,VELLORE,330413,KATPADI,23,"Private Unaided (Recognized)",3,"HSS (I-XII)",3,"Higher secondary",3,"B.Ed. or equivalent",0,0,0,0,0,1,0,1,0,1,0,2,0,0,1,0,0,1,7,1,6
2019-20,33,Tamilnadu,3304,VELLORE,330414,K.V.KUPPAM,23,"Private Unaided (Recognized)",3,"HSS (I-XII)",3,"Higher secondary",3,"B.Ed. or equivalent",0,0,0,0,0,0,0,0,0,0,0,0,0,0,1,1,0,0,2,1,1
2019-20,33,Tamilnadu,3304,VELLORE,330419,NATRAMPALLI,23,"Private Unaided (Recognized)",3,"HSS (I-XII)",3,"Higher secondary",3,"B.Ed. or equivalent",0,0,0,0,0,0,0,0,0,0,0,0,1,0,0,0,0,0,1,1,0
2019-20,33,Tamilnadu,3304,VELLORE,330420,JOLARPET,23,"Private Unaided (Recognized)",3,"HSS (I-XII)",3,"Higher secondary",3,"B.Ed. or equivalent",0,0,0,0,0,0,3,0,0,0,0,0,0,0,0,0,0,0,3,3,0
2019-20,33,Tamilnadu,3304,VELLORE,330421,THIRUPATTUR,23,"Private Unaided (Recognized)",3,"HSS (I-XII)",3,"Higher secondary",3,"B.Ed. or equivalent",0,0,0,0,0,0,0,0,0,0,0,0,0,0,1,0,0,0,1,1,0
2019-20,33,Tamilnadu,3304,VELLORE,330417,MADHANUR,23,"Private Unaided (Recognized)",6,"SS (I-X)",3,"Higher secondary",3,"B.Ed. or equivalent",0,0,0,0,0,0,0,0,0,1,0,0,0,0,0,0,0,0,1,0,1
2019-20,33,Tamilnadu,3304,VELLORE,330403,KAVERIPAKKAM,23,"Private Unaided (Recognized)",3,"HSS (I-XII)",3,"Higher secondary",4,"M.Ed. or equivalent",1,1,0,0,0,0,0,0,0,0,2,1,0,0,1,2,0,0,8,4,4
2019-20,33,Tamilnadu,3304,VELLORE,330405,"WALAJA WEST",23,"Private Unaided (Recognized)",3,"HSS (I-XII)",3,"Higher secondary",4,"M.Ed. or equivalent",0,0,0,0,0,1,0,0,0,0,0,0,0,0,0,0,0,0,1,0,1
2019-20,33,Tamilnadu,3304,VELLORE,330415,GUDIYATHAM,23,"Private Unaided (Recognized)",6,"SS (I-X)",3,"Higher secondary",4,"M.Ed. or equivalent",0,0,0,0,0,0,0,0,0,0,0,1,0,0,0,0,0,0,1,0,1
2019-20,33,Tamilnadu,3304,VELLORE,330406,"WALAJA EAST",23,"Private Unaided (Recognized)",2,"UPS (I-VIII)",3,"Higher secondary",5,Others,0,0,0,0,0,0,0,0,0,1,0,0,0,0,0,0,0,0,1,0,1
2019-20,33,Tamilnadu,3304,VELLORE,330416,PERNAMBUT,23,"Private Unaided (Recognized)",2,"UPS (I-VIII)",3,"Higher secondary",5,Others,0,0,0,0,0,0,1,0,0,0,0,0,0,0,0,0,0,0,1,1,0
2019-20,33,Tamilnadu,3304,VELLORE,330419,NATRAMPALLI,23,"Private Unaided (Recognized)",2,"UPS (I-VIII)",3,"Higher secondary",5,Others,0,0,0,0,0,1,0,0,0,0,0,0,0,0,0,0,0,0,1,0,1
2019-20,33,Tamilnadu,3304,VELLORE,330420,JOLARPET,23,"Private Unaided (Recognized)",2,"UPS (I-VIII)",3,"Higher secondary",5,Others,0,0,0,0,0,2,0,0,0,0,0,0,0,0,0,0,0,0,2,0,2
2019-20,33,Tamilnadu,3304,VELLORE,330401,ARAKKONAM,23,"Private Unaided (Recognized)",3,"HSS (I-XII)",3,"Higher secondary",5,Others,0,0,0,0,0,1,1,0,0,0,0,0,0,0,0,0,0,0,2,1,1
2019-20,33,Tamilnadu,3304,VELLORE,330403,KAVERIPAKKAM,23,"Private Unaided (Recognized)",3,"HSS (I-XII)",3,"Higher secondary",5,Others,0,0,0,0,1,1,0,0,0,0,0,0,0,0,0,0,0,0,2,1,1
2019-20,33,Tamilnadu,3304,VELLORE,330404,SHOLINGAR,23,"Private Unaided (Recognized)",3,"HSS (I-XII)",3,"Higher secondary",5,Others,0,0,0,0,0,0,0,1,0,0,0,0,0,0,0,0,0,0,1,0,1
2019-20,33,Tamilnadu,3304,VELLORE,330406,"WALAJA EAST",23,"Private Unaided (Recognized)",3,"HSS (I-XII)",3,"Higher secondary",5,Others,0,0,0,0,0,1,0,0,0,0,0,0,0,0,0,0,0,0,1,0,1
2019-20,33,Tamilnadu,3304,VELLORE,330408,ARCOT,23,"Private Unaided (Recognized)",3,"HSS (I-XII)",3,"Higher secondary",5,Others,0,5,0,0,0,3,0,0,0,0,0,0,0,0,0,0,0,0,8,0,8
2019-20,33,Tamilnadu,3304,VELLORE,330412,ANAICUT,23,"Private Unaided (Recognized)",3,"HSS (I-XII)",3,"Higher secondary",5,Others,0,0,0,0,0,1,0,0,0,0,0,0,0,0,0,0,0,0,1,0,1
2019-20,33,Tamilnadu,3304,VELLORE,330413,KATPADI,23,"Private Unaided (Recognized)",3,"HSS (I-XII)",3,"Higher secondary",5,Others,0,0,0,0,0,3,1,2,0,2,0,1,0,0,1,0,0,0,10,2,8
2019-20,33,Tamilnadu,3304,VELLORE,330414,K.V.KUPPAM,23,"Private Unaided (Recognized)",3,"HSS (I-XII)",3,"Higher secondary",5,Others,0,0,0,0,0,0,0,1,0,0,0,0,0,0,0,0,0,0,1,0,1
2019-20,33,Tamilnadu,3304,VELLORE,330415,GUDIYATHAM,23,"Private Unaided (Recognized)",3,"HSS (I-XII)",3,"Higher secondary",5,Others,0,0,0,0,1,0,0,0,0,0,0,0,0,0,0,0,0,0,1,1,0
2019-20,33,Tamilnadu,3304,VELLORE,330416,PERNAMBUT,23,"Private Unaided (Recognized)",3,"HSS (I-XII)",3,"Higher secondary",5,Others,0,0,0,2,0,3,0,0,0,1,0,1,0,0,0,0,0,0,7,0,7
2019-20,33,Tamilnadu,3304,VELLORE,330417,MADHANUR,23,"Private Unaided (Recognized)",3,"HSS (I-XII)",3,"Higher secondary",5,Others,0,0,0,0,0,0,0,0,0,1,0,0,1,0,0,0,0,0,2,1,1
2019-20,33,Tamilnadu,3304,VELLORE,330419,NATRAMPALLI,23,"Private Unaided (Recognized)",3,"HSS (I-XII)",3,"Higher secondary",5,Others,0,0,0,0,0,1,0,0,0,0,0,0,0,0,0,0,0,0,1,0,1
2019-20,33,Tamilnadu,3304,VELLORE,330420,JOLARPET,23,"Private Unaided (Recognized)",3,"HSS (I-XII)",3,"Higher secondary",5,Others,0,0,0,0,0,1,0,0,0,0,0,0,0,0,0,0,0,0,1,0,1
2019-20,33,Tamilnadu,3304,VELLORE,330422,KANDHILI,23,"Private Unaided (Recognized)",3,"HSS (I-XII)",3,"Higher secondary",5,Others,0,0,0,0,0,0,1,0,0,0,0,0,0,0,0,0,0,0,1,1,0
2019-20,33,Tamilnadu,3304,VELLORE,330403,KAVERIPAKKAM,23,"Private Unaided (Recognized)",6,"SS (I-X)",3,"Higher secondary",5,Others,0,0,0,0,0,1,0,0,0,0,0,0,0,0,0,0,0,0,1,0,1
2019-20,33,Tamilnadu,3304,VELLORE,330406,"WALAJA EAST",23,"Private Unaided (Recognized)",6,"SS (I-X)",3,"Higher secondary",5,Others,0,0,0,0,0,0,0,0,0,1,0,0,0,1,0,0,0,0,2,0,2
2019-20,33,Tamilnadu,3304,VELLORE,330410,"VELLORE URBAN",23,"Private Unaided (Recognized)",6,"SS (I-X)",3,"Higher secondary",5,Others,0,0,0,0,0,0,0,1,0,0,0,0,0,0,0,0,0,0,1,0,1
2019-20,33,Tamilnadu,3304,VELLORE,330412,ANAICUT,23,"Private Unaided (Recognized)",6,"SS (I-X)",3,"Higher secondary",5,Others,0,0,0,0,0,0,0,0,0,0,0,0,0,1,0,0,0,0,1,0,1
2019-20,33,Tamilnadu,3304,VELLORE,330413,KATPADI,23,"Private Unaided (Recognized)",6,"SS (I-X)",3,"Higher secondary",5,Others,0,0,0,0,0,1,0,0,0,0,0,0,0,0,0,0,0,0,1,0,1
2019-20,33,Tamilnadu,3304,VELLORE,330415,GUDIYATHAM,23,"Private Unaided (Recognized)",6,"SS (I-X)",3,"Higher secondary",5,Others,0,0,0,0,0,0,0,0,0,0,0,0,1,0,0,0,0,0,1,1,0
2019-20,33,Tamilnadu,3304,VELLORE,330417,MADHANUR,23,"Private Unaided (Recognized)",6,"SS (I-X)",3,"Higher secondary",5,Others,0,0,0,0,0,1,0,0,0,0,0,0,0,0,0,0,0,0,1,0,1
2019-20,33,Tamilnadu,3304,VELLORE,330420,JOLARPET,23,"Private Unaided (Recognized)",6,"SS (I-X)",3,"Higher secondary",5,Others,0,0,0,0,0,0,0,0,0,0,0,0,0,1,0,0,0,0,1,0,1
2019-20,33,Tamilnadu,3304,VELLORE,330406,"WALAJA EAST",23,"Private Unaided (Recognized)",2,"UPS (I-VIII)",3,"Higher secondary",6,None,0,0,0,0,0,1,0,1,0,0,0,0,0,0,0,0,0,0,2,0,2
2019-20,33,Tamilnadu,3304,VELLORE,330409,"VELLORE RURAL",23,"Private Unaided (Recognized)",2,"UPS (I-VIII)",3,"Higher secondary",6,None,0,0,0,0,0,0,0,0,0,1,0,0,0,0,0,0,0,0,1,0,1
2019-20,33,Tamilnadu,3304,VELLORE,330416,PERNAMBUT,23,"Private Unaided (Recognized)",2,"UPS (I-VIII)",3,"Higher secondary",6,None,0,0,0,0,0,0,0,1,0,0,0,0,0,0,0,0,0,0,1,0,1
2019-20,33,Tamilnadu,3304,VELLORE,330419,NATRAMPALLI,23,"Private Unaided (Recognized)",2,"UPS (I-VIII)",3,"Higher secondary",6,None,0,0,0,0,0,0,0,1,0,0,0,0,0,0,0,0,0,0,1,0,1
2019-20,33,Tamilnadu,3304,VELLORE,330408,ARCOT,23,"Private Unaided (Recognized)",3,"HSS (I-XII)",3,"Higher secondary",6,None,0,3,0,0,0,0,0,0,0,0,0,0,0,0,0,0,0,0,3,0,3
2019-20,33,Tamilnadu,3304,VELLORE,330412,ANAICUT,23,"Private Unaided (Recognized)",3,"HSS (I-XII)",3,"Higher secondary",6,None,0,0,0,0,0,0,0,1,0,0,0,0,0,0,0,0,0,0,1,0,1
2019-20,33,Tamilnadu,3304,VELLORE,330416,PERNAMBUT,23,"Private Unaided (Recognized)",3,"HSS (I-XII)",3,"Higher secondary",6,None,0,0,0,0,0,0,0,2,0,0,0,0,0,0,0,0,0,0,2,0,2
2019-20,33,Tamilnadu,3304,VELLORE,330417,MADHANUR,23,"Private Unaided (Recognized)",3,"HSS (I-XII)",3,"Higher secondary",6,None,0,0,0,0,0,2,0,0,0,0,0,0,0,0,0,0,0,0,2,0,2
2019-20,33,Tamilnadu,3304,VELLORE,330419,NATRAMPALLI,23,"Private Unaided (Recognized)",3,"HSS (I-XII)",3,"Higher secondary",6,None,0,0,0,0,0,0,0,0,0,0,0,1,0,0,0,0,0,0,1,0,1
2019-20,33,Tamilnadu,3304,VELLORE,330408,ARCOT,23,"Private Unaided (Recognized)",5,"HSS (VI-XII)",3,"Higher secondary",6,None,0,0,0,0,0,0,0,0,1,0,0,0,0,0,0,0,0,0,1,1,0
2019-20,33,Tamilnadu,3304,VELLORE,330402,NEMILI,23,"Private Unaided (Recognized)",6,"SS (I-X)",3,"Higher secondary",6,None,0,0,0,0,0,2,0,0,0,0,0,0,0,0,0,0,0,0,2,0,2
2019-20,33,Tamilnadu,3304,VELLORE,330413,KATPADI,23,"Private Unaided (Recognized)",6,"SS (I-X)",3,"Higher secondary",6,None,0,0,0,0,0,0,0,1,0,0,0,0,0,0,0,0,0,0,1,0,1
2019-20,33,Tamilnadu,3304,VELLORE,330416,PERNAMBUT,23,"Private Unaided (Recognized)",6,"SS (I-X)",3,"Higher secondary",6,None,0,0,0,0,0,0,0,0,0,0,0,0,0,1,0,0,0,0,1,0,1
2019-20,33,Tamilnadu,3304,VELLORE,330417,MADHANUR,23,"Private Unaided (Recognized)",6,"SS (I-X)",3,"Higher secondary",6,None,0,0,0,0,0,0,0,0,0,1,0,0,1,1,0,0,0,0,3,1,2
2019-20,33,Tamilnadu,3304,VELLORE,330419,NATRAMPALLI,23,"Private Unaided (Recognized)",6,"SS (I-X)",3,"Higher secondary",6,None,0,0,0,0,0,0,0,0,0,0,0,0,0,1,0,0,0,0,1,0,1
2019-20,33,Tamilnadu,3304,VELLORE,330421,THIRUPATTUR,23,"Private Unaided (Recognized)",1,"PS (I-V)",4,Graduate,1,"Diploma or certificate in basic teachers training of a duration not less than two years",0,0,0,0,0,2,0,0,0,0,0,0,0,0,0,0,0,0,2,0,2
2019-20,33,Tamilnadu,3304,VELLORE,330402,NEMILI,23,"Private Unaided (Recognized)",2,"UPS (I-VIII)",4,Graduate,1,"Diploma or certificate in basic teachers training of a duration not less than two years",0,0,0,0,0,0,0,0,0,2,0,0,0,0,0,0,0,0,2,0,2
2019-20,33,Tamilnadu,3304,VELLORE,330406,"WALAJA EAST",23,"Private Unaided (Recognized)",2,"UPS (I-VIII)",4,Graduate,1,"Diploma or certificate in basic teachers training of a duration not less than two years",0,0,0,0,0,0,0,0,0,1,0,0,0,0,0,0,0,0,1,0,1
2019-20,33,Tamilnadu,3304,VELLORE,330407,TIMIRI,23,"Private Unaided (Recognized)",2,"UPS (I-VIII)",4,Graduate,1,"Diploma or certificate in basic teachers training of a duration not less than two years",0,0,0,0,0,0,0,1,0,2,0,0,0,0,0,0,0,0,3,0,3
2019-20,33,Tamilnadu,3304,VELLORE,330411,KANIYAMBADI,23,"Private Unaided (Recognized)",2,"UPS (I-VIII)",4,Graduate,1,"Diploma or certificate in basic teachers training of a duration not less than two years",0,0,0,0,0,1,0,0,0,0,0,0,0,0,0,0,0,0,1,0,1
2019-20,33,Tamilnadu,3304,VELLORE,330415,GUDIYATHAM,23,"Private Unaided (Recognized)",2,"UPS (I-VIII)",4,Graduate,1,"Diploma or certificate in basic teachers training of a duration not less than two years",0,0,0,0,0,0,0,0,0,3,0,0,0,0,0,0,0,0,3,0,3
2019-20,33,Tamilnadu,3304,VELLORE,330416,PERNAMBUT,23,"Private Unaided (Recognized)",2,"UPS (I-VIII)",4,Graduate,1,"Diploma or certificate in basic teachers training of a duration not less than two years",0,0,0,0,0,4,0,0,0,3,0,0,0,0,0,0,0,0,7,0,7
2019-20,33,Tamilnadu,3304,VELLORE,330419,NATRAMPALLI,23,"Private Unaided (Recognized)",2,"UPS (I-VIII)",4,Graduate,1,"Diploma or certificate in basic teachers training of a duration not less than two years",0,0,0,0,0,2,2,0,0,1,0,0,0,0,0,0,0,0,5,2,3
2019-20,33,Tamilnadu,3304,VELLORE,330420,JOLARPET,23,"Private Unaided (Recognized)",2,"UPS (I-VIII)",4,Graduate,1,"Diploma or certificate in basic teachers training of a duration not less than two years",0,0,0,0,0,4,0,0,0,1,0,0,0,0,0,0,0,0,5,0,5
2019-20,33,Tamilnadu,3304,VELLORE,330421,THIRUPATTUR,23,"Private Unaided (Recognized)",2,"UPS (I-VIII)",4,Graduate,1,"Diploma or certificate in basic teachers training of a duration not less than two years",0,0,0,0,0,3,0,0,0,1,0,0,0,0,0,0,0,0,4,0,4
2019-20,33,Tamilnadu,3304,VELLORE,330422,KANDHILI,23,"Private Unaided (Recognized)",2,"UPS (I-VIII)",4,Graduate,1,"Diploma or certificate in basic teachers training of a duration not less than two years",0,0,0,0,0,3,0,0,0,2,0,0,0,0,0,0,0,0,5,0,5
2019-20,33,Tamilnadu,3304,VELLORE,330401,ARAKKONAM,23,"Private Unaided (Recognized)",3,"HSS (I-XII)",4,Graduate,1,"Diploma or certificate in basic teachers training of a duration not less than two years",0,0,0,1,1,15,0,3,0,1,0,0,1,1,0,1,0,0,24,2,22
2019-20,33,Tamilnadu,3304,VELLORE,330402,NEMILI,23,"Private Unaided (Recognized)",3,"HSS (I-XII)",4,Graduate,1,"Diploma or certificate in basic teachers training of a duration not less than two years",0,1,0,0,0,10,0,6,0,4,0,3,0,2,0,0,0,0,26,0,26
2019-20,33,Tamilnadu,3304,VELLORE,330403,KAVERIPAKKAM,23,"Private Unaided (Recognized)",3,"HSS (I-XII)",4,Graduate,1,"Diploma or certificate in basic teachers training of a duration not less than two years",0,0,0,0,0,1,0,2,0,1,0,0,0,6,1,0,0,1,12,1,11
2019-20,33,Tamilnadu,3304,VELLORE,330404,SHOLINGAR,23,"Private Unaided (Recognized)",3,"HSS (I-XII)",4,Graduate,1,"Diploma or certificate in basic teachers training of a duration not less than two years",0,1,0,0,0,4,0,2,0,0,0,0,0,1,0,0,0,0,8,0,8
2019-20,33,Tamilnadu,3304,VELLORE,330405,"WALAJA WEST",23,"Private Unaided (Recognized)",3,"HSS (I-XII)",4,Graduate,1,"Diploma or certificate in basic teachers training of a duration not less than two years",0,6,0,1,0,3,0,3,0,0,0,0,0,2,0,0,0,0,15,0,15
2019-20,33,Tamilnadu,3304,VELLORE,330406,"WALAJA EAST",23,"Private Unaided (Recognized)",3,"HSS (I-XII)",4,Graduate,1,"Diploma or certificate in basic teachers training of a duration not less than two years",0,4,0,1,0,14,0,4,0,1,1,0,0,0,0,0,0,0,25,1,24
2019-20,33,Tamilnadu,3304,VELLORE,330407,TIMIRI,23,"Private Unaided (Recognized)",3,"HSS (I-XII)",4,Graduate,1,"Diploma or certificate in basic teachers training of a duration not less than two years",0,1,0,0,0,3,0,0,0,0,0,0,0,0,0,0,0,0,4,0,4
2019-20,33,Tamilnadu,3304,VELLORE,330408,ARCOT,23,"Private Unaided (Recognized)",3,"HSS (I-XII)",4,Graduate,1,"Diploma or certificate in basic teachers training of a duration not less than two years",0,1,0,0,0,2,0,0,0,0,0,0,0,0,0,0,0,0,3,0,3
2019-20,33,Tamilnadu,3304,VELLORE,330409,"VELLORE RURAL",23,"Private Unaided (Recognized)",3,"HSS (I-XII)",4,Graduate,1,"Diploma or certificate in basic teachers training of a duration not less than two years",0,1,0,0,0,8,0,2,0,1,0,0,0,0,0,0,0,0,12,0,12
2019-20,33,Tamilnadu,3304,VELLORE,330410,"VELLORE URBAN",23,"Private Unaided (Recognized)",3,"HSS (I-XII)",4,Graduate,1,"Diploma or certificate in basic teachers training of a duration not less than two years",0,0,0,1,0,5,0,3,0,1,0,0,0,0,0,1,0,0,11,0,11
2019-20,33,Tamilnadu,3304,VELLORE,330411,KANIYAMBADI,23,"Private Unaided (Recognized)",3,"HSS (I-XII)",4,Graduate,1,"Diploma or certificate in basic teachers training of a duration not less than two years",0,6,0,1,0,8,0,2,0,0,0,2,0,0,0,3,0,1,23,0,23
2019-20,33,Tamilnadu,3304,VELLORE,330412,ANAICUT,23,"Private Unaided (Recognized)",3,"HSS (I-XII)",4,Graduate,1,"Diploma or certificate in basic teachers training of a duration not less than two years",0,4,0,0,1,5,0,1,0,1,0,1,1,3,0,0,0,0,17,2,15
2019-20,33,Tamilnadu,3304,VELLORE,330413,KATPADI,23,"Private Unaided (Recognized)",3,"HSS (I-XII)",4,Graduate,1,"Diploma or certificate in basic teachers training of a duration not less than two years",0,2,0,3,0,16,0,6,0,3,0,0,0,1,0,1,0,0,32,0,32
2019-20,33,Tamilnadu,3304,VELLORE,330414,K.V.KUPPAM,23,"Private Unaided (Recognized)",3,"HSS (I-XII)",4,Graduate,1,"Diploma or certificate in basic teachers training of a duration not less than two years",0,0,0,0,0,2,0,3,0,2,0,0,0,0,0,0,0,0,7,0,7
2019-20,33,Tamilnadu,3304,VELLORE,330415,GUDIYATHAM,23,"Private Unaided (Recognized)",3,"HSS (I-XII)",4,Graduate,1,"Diploma or certificate in basic teachers training of a duration not less than two years",0,0,0,0,0,2,0,1,0,0,0,0,0,2,0,0,0,0,5,0,5
2019-20,33,Tamilnadu,3304,VELLORE,330416,PERNAMBUT,23,"Private Unaided (Recognized)",3,"HSS (I-XII)",4,Graduate,1,"Diploma or certificate in basic teachers training of a duration not less than two years",0,0,0,0,0,1,0,11,0,0,0,1,0,1,1,1,0,0,16,1,15
2019-20,33,Tamilnadu,3304,VELLORE,330417,MADHANUR,23,"Private Unaided (Recognized)",3,"HSS (I-XII)",4,Graduate,1,"Diploma or certificate in basic teachers training of a duration not less than two years",0,2,0,2,1,14,0,10,0,2,0,1,0,2,0,0,0,0,34,1,33
2019-20,33,Tamilnadu,3304,VELLORE,330418,ALANGAYAM,23,"Private Unaided (Recognized)",3,"HSS (I-XII)",4,Graduate,1,"Diploma or certificate in basic teachers training of a duration not less than two years",0,3,0,1,0,8,0,8,0,2,1,0,0,1,0,1,0,0,25,1,24
2019-20,33,Tamilnadu,3304,VELLORE,330419,NATRAMPALLI,23,"Private Unaided (Recognized)",3,"HSS (I-XII)",4,Graduate,1,"Diploma or certificate in basic teachers training of a duration not less than two years",0,7,0,1,0,12,0,5,0,2,0,1,0,1,0,1,0,1,31,0,31
2019-20,33,Tamilnadu,3304,VELLORE,330420,JOLARPET,23,"Private Unaided (Recognized)",3,"HSS (I-XII)",4,Graduate,1,"Diploma or certificate in basic teachers training of a duration not less than two years",0,0,0,0,1,2,1,8,0,0,0,0,0,0,0,0,0,0,12,2,10
2019-20,33,Tamilnadu,3304,VELLORE,330421,THIRUPATTUR,23,"Private Unaided (Recognized)",3,"HSS (I-XII)",4,Graduate,1,"Diploma or certificate in basic teachers training of a duration not less than two years",0,1,0,0,0,0,0,5,0,2,0,0,0,0,0,0,0,0,8,0,8
2019-20,33,Tamilnadu,3304,VELLORE,330422,KANDHILI,23,"Private Unaided (Recognized)",3,"HSS (I-XII)",4,Graduate,1,"Diploma or certificate in basic teachers training of a duration not less than two years",0,1,0,0,0,2,0,4,0,5,1,2,0,0,0,0,0,0,15,1,14
2019-20,33,Tamilnadu,3304,VELLORE,330402,NEMILI,23,"Private Unaided (Recognized)",6,"SS (I-X)",4,Graduate,1,"Diploma or certificate in basic teachers training of a duration not less than two years",0,0,0,0,0,2,0,0,0,2,0,0,0,2,0,0,0,0,6,0,6
2019-20,33,Tamilnadu,3304,VELLORE,330403,KAVERIPAKKAM,23,"Private Unaided (Recognized)",6,"SS (I-X)",4,Graduate,1,"Diploma or certificate in basic teachers training of a duration not less than two years",0,0,0,0,0,2,0,2,0,0,0,0,0,1,0,0,0,0,5,0,5
2019-20,33,Tamilnadu,3304,VELLORE,330404,SHOLINGAR,23,"Private Unaided (Recognized)",6,"SS (I-X)",4,Graduate,1,"Diploma or certificate in basic teachers training of a duration not less than two years",0,0,0,0,0,5,0,0,0,3,0,0,0,1,0,0,0,0,9,0,9
2019-20,33,Tamilnadu,3304,VELLORE,330405,"WALAJA WEST",23,"Private Unaided (Recognized)",6,"SS (I-X)",4,Graduate,1,"Diploma or certificate in basic teachers training of a duration not less than two years",0,0,0,0,0,0,0,0,0,5,0,0,0,0,0,0,0,0,5,0,5
2019-20,33,Tamilnadu,3304,VELLORE,330406,"WALAJA EAST",23,"Private Unaided (Recognized)",6,"SS (I-X)",4,Graduate,1,"Diploma or certificate in basic teachers training of a duration not less than two years",0,0,0,0,0,11,0,1,0,5,0,0,0,2,0,0,0,0,19,0,19
2019-20,33,Tamilnadu,3304,VELLORE,330407,TIMIRI,23,"Private Unaided (Recognized)",6,"SS (I-X)",4,Graduate,1,"Diploma or certificate in basic teachers training of a duration not less than two years",0,0,0,0,0,1,0,0,0,0,0,0,0,0,0,0,0,0,1,0,1
2019-20,33,Tamilnadu,3304,VELLORE,330408,ARCOT,23,"Private Unaided (Recognized)",6,"SS (I-X)",4,Graduate,1,"Diploma or certificate in basic teachers training of a duration not less than two years",0,0,0,0,0,8,0,0,0,0,0,0,0,1,0,0,0,0,9,0,9
2019-20,33,Tamilnadu,3304,VELLORE,330409,"VELLORE RURAL",23,"Private Unaided (Recognized)",6,"SS (I-X)",4,Graduate,1,"Diploma or certificate in basic teachers training of a duration not less than two years",0,0,0,0,0,7,0,0,0,0,0,0,0,2,0,0,0,0,9,0,9
2019-20,33,Tamilnadu,3304,VELLORE,330410,"VELLORE URBAN",23,"Private Unaided (Recognized)",6,"SS (I-X)",4,Graduate,1,"Diploma or certificate in basic teachers training of a duration not less than two years",0,0,0,0,0,2,0,6,0,0,0,0,0,0,0,0,0,0,8,0,8
2019-20,33,Tamilnadu,3304,VELLORE,330411,KANIYAMBADI,23,"Private Unaided (Recognized)",6,"SS (I-X)",4,Graduate,1,"Diploma or certificate in basic teachers training of a duration not less than two years",0,0,0,0,0,0,0,1,0,0,0,0,0,1,0,0,0,0,2,0,2
2019-20,33,Tamilnadu,3304,VELLORE,330412,ANAICUT,23,"Private Unaided (Recognized)",6,"SS (I-X)",4,Graduate,1,"Diploma or certificate in basic teachers training of a duration not less than two years",0,0,0,0,1,5,0,0,0,3,0,0,0,0,0,0,0,0,9,1,8
2019-20,33,Tamilnadu,3304,VELLORE,330413,KATPADI,23,"Private Unaided (Recognized)",6,"SS (I-X)",4,Graduate,1,"Diploma or certificate in basic teachers training of a duration not less than two years",0,0,0,0,1,13,0,0,0,1,0,0,0,3,0,0,0,0,18,1,17
2019-20,33,Tamilnadu,3304,VELLORE,330414,K.V.KUPPAM,23,"Private Unaided (Recognized)",6,"SS (I-X)",4,Graduate,1,"Diploma or certificate in basic teachers training of a duration not less than two years",0,0,0,0,0,0,0,0,0,5,0,0,0,0,0,0,0,0,5,0,5
2019-20,33,Tamilnadu,3304,VELLORE,330415,GUDIYATHAM,23,"Private Unaided (Recognized)",6,"SS (I-X)",4,Graduate,1,"Diploma or certificate in basic teachers training of a duration not less than two years",0,0,0,0,0,11,0,1,0,0,0,0,1,1,0,0,0,0,14,1,13
2019-20,33,Tamilnadu,3304,VELLORE,330416,PERNAMBUT,23,"Private Unaided (Recognized)",6,"SS (I-X)",4,Graduate,1,"Diploma or certificate in basic teachers training of a duration not less than two years",0,0,0,0,0,2,2,10,0,3,0,0,0,0,0,0,0,0,17,2,15
2019-20,33,Tamilnadu,3304,VELLORE,330417,MADHANUR,23,"Private Unaided (Recognized)",6,"SS (I-X)",4,Graduate,1,"Diploma or certificate in basic teachers training of a duration not less than two years",0,0,0,0,0,2,0,4,0,3,0,0,0,0,0,0,0,0,9,0,9
2019-20,33,Tamilnadu,3304,VELLORE,330418,ALANGAYAM,23,"Private Unaided (Recognized)",6,"SS (I-X)",4,Graduate,1,"Diploma or certificate in basic teachers training of a duration not less than two years",0,0,0,0,0,8,0,1,0,2,0,0,0,9,0,0,0,0,20,0,20
2019-20,33,Tamilnadu,3304,VELLORE,330419,NATRAMPALLI,23,"Private Unaided (Recognized)",6,"SS (I-X)",4,Graduate,1,"Diploma or certificate in basic teachers training of a duration not less than two years",0,0,0,0,0,6,0,0,0,0,0,0,0,6,0,0,0,0,12,0,12
2019-20,33,Tamilnadu,3304,VELLORE,330420,JOLARPET,23,"Private Unaided (Recognized)",6,"SS (I-X)",4,Graduate,1,"Diploma or certificate in basic teachers training of a duration not less than two years",0,0,0,0,0,6,0,1,0,0,0,0,0,0,0,0,0,0,7,0,7
2019-20,33,Tamilnadu,3304,VELLORE,330422,KANDHILI,23,"Private Unaided (Recognized)",6,"SS (I-X)",4,Graduate,1,"Diploma or certificate in basic teachers training of a duration not less than two years",0,0,0,0,0,0,0,0,0,3,0,0,0,1,0,0,0,0,4,0,4
2019-20,33,Tamilnadu,3304,VELLORE,330421,THIRUPATTUR,23,"Private Unaided (Recognized)",1,"PS (I-V)",4,Graduate,3,"B.Ed. or equivalent",0,0,0,0,0,1,0,0,0,0,0,0,0,0,0,0,0,0,1,0,1
2019-20,33,Tamilnadu,3304,VELLORE,330402,NEMILI,23,"Private Unaided (Recognized)",2,"UPS (I-VIII)",4,Graduate,3,"B.Ed. or equivalent",0,0,0,0,0,1,0,0,0,1,0,0,0,0,0,0,0,0,2,0,2
2019-20,33,Tamilnadu,3304,VELLORE,330404,SHOLINGAR,23,"Private Unaided (Recognized)",2,"UPS (I-VIII)",4,Graduate,3,"B.Ed. or equivalent",0,0,0,0,0,2,0,4,1,0,0,0,0,0,0,0,0,0,7,1,6
2019-20,33,Tamilnadu,3304,VELLORE,330406,"WALAJA EAST",23,"Private Unaided (Recognized)",2,"UPS (I-VIII)",4,Graduate,3,"B.Ed. or equivalent",0,0,0,0,0,0,0,2,0,4,0,0,0,0,0,0,0,0,6,0,6
2019-20,33,Tamilnadu,3304,VELLORE,330407,TIMIRI,23,"Private Unaided (Recognized)",2,"UPS (I-VIII)",4,Graduate,3,"B.Ed. or equivalent",0,0,0,0,0,0,1,1,1,7,0,0,0,0,0,0,0,0,10,2,8
2019-20,33,Tamilnadu,3304,VELLORE,330409,"VELLORE RURAL",23,"Private Unaided (Recognized)",2,"UPS (I-VIII)",4,Graduate,3,"B.Ed. or equivalent",0,0,0,0,0,0,0,1,0,3,0,0,0,0,0,0,0,0,4,0,4
2019-20,33,Tamilnadu,3304,VELLORE,330410,"VELLORE URBAN",23,"Private Unaided (Recognized)",2,"UPS (I-VIII)",4,Graduate,3,"B.Ed. or equivalent",0,0,0,0,0,7,0,5,0,1,0,0,0,0,0,0,0,0,13,0,13
2019-20,33,Tamilnadu,3304,VELLORE,330411,KANIYAMBADI,23,"Private Unaided (Recognized)",2,"UPS (I-VIII)",4,Graduate,3,"B.Ed. or equivalent",0,0,0,0,0,2,0,0,0,0,0,0,0,0,0,0,0,0,2,0,2
2019-20,33,Tamilnadu,3304,VELLORE,330415,GUDIYATHAM,23,"Private Unaided (Recognized)",2,"UPS (I-VIII)",4,Graduate,3,"B.Ed. or equivalent",0,0,0,0,0,1,0,0,0,2,0,0,0,0,0,0,0,0,3,0,3
2019-20,33,Tamilnadu,3304,VELLORE,330416,PERNAMBUT,23,"Private Unaided (Recognized)",2,"UPS (I-VIII)",4,Graduate,3,"B.Ed. or equivalent",0,0,0,0,0,0,1,3,2,1,0,0,0,0,0,0,0,0,7,3,4
2019-20,33,Tamilnadu,3304,VELLORE,330419,NATRAMPALLI,23,"Private Unaided (Recognized)",2,"UPS (I-VIII)",4,Graduate,3,"B.Ed. or equivalent",0,0,0,0,0,1,0,1,0,7,0,0,0,0,0,0,0,0,9,0,9
2019-20,33,Tamilnadu,3304,VELLORE,330420,JOLARPET,23,"Private Unaided (Recognized)",2,"UPS (I-VIII)",4,Graduate,3,"B.Ed. or equivalent",0,0,0,0,1,18,0,8,1,5,0,0,0,0,0,0,0,0,33,2,31
2019-20,33,Tamilnadu,3304,VELLORE,330421,THIRUPATTUR,23,"Private Unaided (Recognized)",2,"UPS (I-VIII)",4,Graduate,3,"B.Ed. or equivalent",0,0,0,0,0,8,0,1,0,3,0,0,0,0,0,0,0,0,12,0,12
2019-20,33,Tamilnadu,3304,VELLORE,330422,KANDHILI,23,"Private Unaided (Recognized)",2,"UPS (I-VIII)",4,Graduate,3,"B.Ed. or equivalent",0,0,0,0,1,11,0,0,1,0,0,0,0,0,0,0,0,0,13,2,11
2019-20,33,Tamilnadu,3304,VELLORE,330401,ARAKKONAM,23,"Private Unaided (Recognized)",3,"HSS (I-XII)",4,Graduate,3,"B.Ed. or equivalent",0,0,0,2,2,31,3,13,2,9,1,1,4,2,3,1,2,0,76,17,59
2019-20,33,Tamilnadu,3304,VELLORE,330402,NEMILI,23,"Private Unaided (Recognized)",3,"HSS (I-XII)",4,Graduate,3,"B.Ed. or equivalent",0,2,0,2,0,9,1,7,0,3,0,5,4,9,1,3,0,0,46,6,40
2019-20,33,Tamilnadu,3304,VELLORE,330403,KAVERIPAKKAM,23,"Private Unaided (Recognized)",3,"HSS (I-XII)",4,Graduate,3,"B.Ed. or equivalent",0,0,0,0,0,4,0,3,0,2,1,0,5,20,0,1,0,2,38,6,32
2019-20,33,Tamilnadu,3304,VELLORE,330404,SHOLINGAR,23,"Private Unaided (Recognized)",3,"HSS (I-XII)",4,Graduate,3,"B.Ed. or equivalent",0,1,0,0,0,5,1,11,0,1,0,0,2,2,0,3,1,1,28,4,24
2019-20,33,Tamilnadu,3304,VELLORE,330405,"WALAJA WEST",23,"Private Unaided (Recognized)",3,"HSS (I-XII)",4,Graduate,3,"B.Ed. or equivalent",0,3,0,0,0,7,0,16,0,4,0,1,0,11,2,3,0,1,48,2,46
2019-20,33,Tamilnadu,3304,VELLORE,330406,"WALAJA EAST",23,"Private Unaided (Recognized)",3,"HSS (I-XII)",4,Graduate,3,"B.Ed. or equivalent",0,1,0,2,0,21,0,6,0,3,1,5,2,13,4,1,1,1,61,8,53
2019-20,33,Tamilnadu,3304,VELLORE,330407,TIMIRI,23,"Private Unaided (Recognized)",3,"HSS (I-XII)",4,Graduate,3,"B.Ed. or equivalent",0,0,0,0,1,7,0,0,0,4,0,1,1,2,1,2,1,0,20,4,16
2019-20,33,Tamilnadu,3304,VELLORE,330408,ARCOT,23,"Private Unaided (Recognized)",3,"HSS (I-XII)",4,Graduate,3,"B.Ed. or equivalent",0,2,0,0,0,26,0,1,1,1,3,2,0,7,3,0,0,0,46,7,39
2019-20,33,Tamilnadu,3304,VELLORE,330409,"VELLORE RURAL",23,"Private Unaided (Recognized)",3,"HSS (I-XII)",4,Graduate,3,"B.Ed. or equivalent",0,3,0,0,0,52,2,7,4,30,1,3,4,32,5,1,2,8,154,18,136
2019-20,33,Tamilnadu,3304,VELLORE,330410,"VELLORE URBAN",23,"Private Unaided (Recognized)",3,"HSS (I-XII)",4,Graduate,3,"B.Ed. or equivalent",0,1,0,0,1,4,0,3,0,1,0,1,0,2,0,4,1,4,22,2,20
2019-20,33,Tamilnadu,3304,VELLORE,330411,KANIYAMBADI,23,"Private Unaided (Recognized)",3,"HSS (I-XII)",4,Graduate,3,"B.Ed. or equivalent",0,2,0,0,1,17,1,5,0,7,2,5,0,4,2,6,0,2,54,6,48
2019-20,33,Tamilnadu,3304,VELLORE,330412,ANAICUT,23,"Private Unaided (Recognized)",3,"HSS (I-XII)",4,Graduate,3,"B.Ed. or equivalent",0,1,0,2,1,12,0,14,1,6,2,8,2,8,1,0,0,1,59,7,52
2019-20,33,Tamilnadu,3304,VELLORE,330413,KATPADI,23,"Private Unaided (Recognized)",3,"HSS (I-XII)",4,Graduate,3,"B.Ed. or equivalent",0,2,0,1,2,32,3,15,3,9,3,3,5,10,1,8,2,0,99,19,80
2019-20,33,Tamilnadu,3304,VELLORE,330414,K.V.KUPPAM,23,"Private Unaided (Recognized)",3,"HSS (I-XII)",4,Graduate,3,"B.Ed. or equivalent",0,0,0,0,0,10,0,9,1,9,0,2,12,14,0,0,1,2,60,14,46
2019-20,33,Tamilnadu,3304,VELLORE,330415,GUDIYATHAM,23,"Private Unaided (Recognized)",3,"HSS (I-XII)",4,Graduate,3,"B.Ed. or equivalent",0,0,0,0,0,3,0,3,0,2,0,2,2,9,0,1,0,1,23,2,21
2019-20,33,Tamilnadu,3304,VELLORE,330416,PERNAMBUT,23,"Private Unaided (Recognized)",3,"HSS (I-XII)",4,Graduate,3,"B.Ed. or equivalent",0,0,0,0,1,12,2,8,2,0,1,1,2,2,0,1,0,1,33,8,25
2019-20,33,Tamilnadu,3304,VELLORE,330417,MADHANUR,23,"Private Unaided (Recognized)",3,"HSS (I-XII)",4,Graduate,3,"B.Ed. or equivalent",0,1,0,2,1,16,3,15,3,3,0,2,2,9,0,0,2,3,62,11,51
2019-20,33,Tamilnadu,3304,VELLORE,330418,ALANGAYAM,23,"Private Unaided (Recognized)",3,"HSS (I-XII)",4,Graduate,3,"B.Ed. or equivalent",0,0,0,1,0,21,5,25,0,4,8,7,4,4,3,1,0,0,83,20,63
2019-20,33,Tamilnadu,3304,VELLORE,330419,NATRAMPALLI,23,"Private Unaided (Recognized)",3,"HSS (I-XII)",4,Graduate,3,"B.Ed. or equivalent",0,4,0,1,0,13,0,21,0,8,0,5,1,6,2,4,1,4,70,4,66
2019-20,33,Tamilnadu,3304,VELLORE,330420,JOLARPET,23,"Private Unaided (Recognized)",3,"HSS (I-XII)",4,Graduate,3,"B.Ed. or equivalent",0,0,0,0,1,23,2,23,1,6,4,2,0,7,2,5,2,1,79,12,67
2019-20,33,Tamilnadu,3304,VELLORE,330421,THIRUPATTUR,23,"Private Unaided (Recognized)",3,"HSS (I-XII)",4,Graduate,3,"B.Ed. or equivalent",0,1,0,0,2,16,2,16,1,4,1,5,1,8,2,3,1,2,65,10,55
2019-20,33,Tamilnadu,3304,VELLORE,330422,KANDHILI,23,"Private Unaided (Recognized)",3,"HSS (I-XII)",4,Graduate,3,"B.Ed. or equivalent",0,1,0,2,0,14,4,21,0,7,2,6,3,4,2,0,0,3,69,11,58
2019-20,33,Tamilnadu,3304,VELLORE,330408,ARCOT,23,"Private Unaided (Recognized)",5,"HSS (VI-XII)",4,Graduate,3,"B.Ed. or equivalent",0,0,0,0,0,0,0,0,0,0,0,0,0,0,1,0,0,0,1,1,0
2019-20,33,Tamilnadu,3304,VELLORE,330409,"VELLORE RURAL",23,"Private Unaided (Recognized)",5,"HSS (VI-XII)",4,Graduate,3,"B.Ed. or equivalent",0,0,0,0,0,0,0,0,0,0,0,0,1,1,0,0,0,0,2,1,1
2019-20,33,Tamilnadu,3304,VELLORE,330411,KANIYAMBADI,23,"Private Unaided (Recognized)",5,"HSS (VI-XII)",4,Graduate,3,"B.Ed. or equivalent",0,0,0,0,0,0,0,0,0,0,0,0,1,1,0,1,0,0,3,1,2
2019-20,33,Tamilnadu,3304,VELLORE,330417,MADHANUR,23,"Private Unaided (Recognized)",5,"HSS (VI-XII)",4,Graduate,3,"B.Ed. or equivalent",0,0,0,0,0,0,0,0,0,1,0,0,0,3,0,0,1,0,5,1,4
2019-20,33,Tamilnadu,3304,VELLORE,330402,NEMILI,23,"Private Unaided (Recognized)",6,"SS (I-X)",4,Graduate,3,"B.Ed. or equivalent",0,0,0,0,0,3,0,0,0,1,0,0,2,4,0,0,0,0,10,2,8
2019-20,33,Tamilnadu,3304,VELLORE,330403,KAVERIPAKKAM,23,"Private Unaided (Recognized)",6,"SS (I-X)",4,Graduate,3,"B.Ed. or equivalent",0,0,0,0,0,5,0,10,0,1,0,1,3,11,0,0,0,0,31,3,28
2019-20,33,Tamilnadu,3304,VELLORE,330404,SHOLINGAR,23,"Private Unaided (Recognized)",6,"SS (I-X)",4,Graduate,3,"B.Ed. or equivalent",0,0,0,0,0,0,1,0,0,1,1,0,0,7,0,0,0,0,10,2,8
2019-20,33,Tamilnadu,3304,VELLORE,330405,"WALAJA WEST",23,"Private Unaided (Recognized)",6,"SS (I-X)",4,Graduate,3,"B.Ed. or equivalent",0,0,0,0,0,0,0,0,0,12,0,0,0,0,0,0,0,0,12,0,12
2019-20,33,Tamilnadu,3304,VELLORE,330406,"WALAJA EAST",23,"Private Unaided (Recognized)",6,"SS (I-X)",4,Graduate,3,"B.Ed. or equivalent",0,0,0,0,0,13,0,3,1,10,0,0,1,11,0,0,0,0,39,2,37
2019-20,33,Tamilnadu,3304,VELLORE,330407,TIMIRI,23,"Private Unaided (Recognized)",6,"SS (I-X)",4,Graduate,3,"B.Ed. or equivalent",0,0,0,0,0,1,0,0,0,1,0,0,0,1,0,0,0,0,3,0,3
2019-20,33,Tamilnadu,3304,VELLORE,330408,ARCOT,23,"Private Unaided (Recognized)",6,"SS (I-X)",4,Graduate,3,"B.Ed. or equivalent",0,0,0,0,0,2,0,3,0,0,0,0,3,5,0,0,0,0,13,3,10
2019-20,33,Tamilnadu,3304,VELLORE,330409,"VELLORE RURAL",23,"Private Unaided (Recognized)",6,"SS (I-X)",4,Graduate,3,"B.Ed. or equivalent",0,0,0,0,0,3,0,0,0,0,0,0,3,2,0,0,0,0,8,3,5
2019-20,33,Tamilnadu,3304,VELLORE,330410,"VELLORE URBAN",23,"Private Unaided (Recognized)",6,"SS (I-X)",4,Graduate,3,"B.Ed. or equivalent",0,0,0,0,0,1,0,7,0,0,1,2,0,0,0,0,0,0,11,1,10
2019-20,33,Tamilnadu,3304,VELLORE,330411,KANIYAMBADI,23,"Private Unaided (Recognized)",6,"SS (I-X)",4,Graduate,3,"B.Ed. or equivalent",0,0,0,0,0,2,0,0,0,0,0,0,0,0,0,0,0,0,2,0,2
2019-20,33,Tamilnadu,3304,VELLORE,330412,ANAICUT,23,"Private Unaided (Recognized)",6,"SS (I-X)",4,Graduate,3,"B.Ed. or equivalent",0,0,0,0,0,0,1,4,0,1,1,3,0,1,0,0,0,0,11,2,9
2019-20,33,Tamilnadu,3304,VELLORE,330413,KATPADI,23,"Private Unaided (Recognized)",6,"SS (I-X)",4,Graduate,3,"B.Ed. or equivalent",0,0,0,0,3,10,0,2,0,2,0,3,3,8,0,0,0,0,31,6,25
2019-20,33,Tamilnadu,3304,VELLORE,330414,K.V.KUPPAM,23,"Private Unaided (Recognized)",6,"SS (I-X)",4,Graduate,3,"B.Ed. or equivalent",0,0,0,0,0,0,0,0,2,8,0,0,0,0,0,0,0,0,10,2,8
2019-20,33,Tamilnadu,3304,VELLORE,330415,GUDIYATHAM,23,"Private Unaided (Recognized)",6,"SS (I-X)",4,Graduate,3,"B.Ed. or equivalent",0,0,0,0,0,16,2,2,1,5,2,4,4,11,0,0,0,0,47,9,38
2019-20,33,Tamilnadu,3304,VELLORE,330416,PERNAMBUT,23,"Private Unaided (Recognized)",6,"SS (I-X)",4,Graduate,3,"B.Ed. or equivalent",0,0,0,0,0,3,4,10,2,10,0,0,2,3,0,0,0,0,34,8,26
2019-20,33,Tamilnadu,3304,VELLORE,330417,MADHANUR,23,"Private Unaided (Recognized)",6,"SS (I-X)",4,Graduate,3,"B.Ed. or equivalent",0,0,0,0,1,1,0,4,3,3,1,2,2,8,0,0,0,0,25,7,18
2019-20,33,Tamilnadu,3304,VELLORE,330418,ALANGAYAM,23,"Private Unaided (Recognized)",6,"SS (I-X)",4,Graduate,3,"B.Ed. or equivalent",0,0,0,0,0,6,0,9,1,1,2,2,5,1,0,0,0,0,27,8,19
2019-20,33,Tamilnadu,3304,VELLORE,330419,NATRAMPALLI,23,"Private Unaided (Recognized)",6,"SS (I-X)",4,Graduate,3,"B.Ed. or equivalent",0,0,0,0,0,12,0,3,1,0,0,1,1,11,0,0,0,0,29,2,27
2019-20,33,Tamilnadu,3304,VELLORE,330420,JOLARPET,23,"Private Unaided (Recognized)",6,"SS (I-X)",4,Graduate,3,"B.Ed. or equivalent",0,0,0,0,0,15,0,6,0,0,5,2,0,0,0,0,0,0,28,5,23
2019-20,33,Tamilnadu,3304,VELLORE,330422,KANDHILI,23,"Private Unaided (Recognized)",6,"SS (I-X)",4,Graduate,3,"B.Ed. or equivalent",0,0,0,0,0,6,0,4,0,4,0,0,0,3,0,0,0,0,17,0,17
2019-20,33,Tamilnadu,3304,VELLORE,330416,PERNAMBUT,23,"Private Unaided (Recognized)",2,"UPS (I-VIII)",4,Graduate,4,"M.Ed. or equivalent",0,0,0,0,0,1,0,0,0,0,0,0,0,0,0,0,0,0,1,0,1
2019-20,33,Tamilnadu,3304,VELLORE,330419,NATRAMPALLI,23,"Private Unaided (Recognized)",2,"UPS (I-VIII)",4,Graduate,4,"M.Ed. or equivalent",0,0,0,0,0,0,0,0,0,2,0,0,0,0,0,0,0,0,2,0,2
2019-20,33,Tamilnadu,3304,VELLORE,330401,ARAKKONAM,23,"Private Unaided (Recognized)",3,"HSS (I-XII)",4,Graduate,4,"M.Ed. or equivalent",0,0,0,0,0,3,0,1,0,2,0,0,0,2,0,0,0,0,8,0,8
2019-20,33,Tamilnadu,3304,VELLORE,330402,NEMILI,23,"Private Unaided (Recognized)",3,"HSS (I-XII)",4,Graduate,4,"M.Ed. or equivalent",0,0,0,1,0,0,0,1,0,1,0,0,2,0,1,1,0,0,7,3,4
2019-20,33,Tamilnadu,3304,VELLORE,330403,KAVERIPAKKAM,23,"Private Unaided (Recognized)",3,"HSS (I-XII)",4,Graduate,4,"M.Ed. or equivalent",0,0,0,0,0,0,0,0,0,0,0,0,0,0,0,0,1,0,1,1,0
2019-20,33,Tamilnadu,3304,VELLORE,330405,"WALAJA WEST",23,"Private Unaided (Recognized)",3,"HSS (I-XII)",4,Graduate,4,"M.Ed. or equivalent",0,0,0,0,0,0,0,1,0,0,0,0,0,1,0,0,0,0,2,0,2
2019-20,33,Tamilnadu,3304,VELLORE,330408,ARCOT,23,"Private Unaided (Recognized)",3,"HSS (I-XII)",4,Graduate,4,"M.Ed. or equivalent",0,0,0,0,0,0,0,0,0,0,1,0,0,0,0,0,0,0,1,1,0
2019-20,33,Tamilnadu,3304,VELLORE,330409,"VELLORE RURAL",23,"Private Unaided (Recognized)",3,"HSS (I-XII)",4,Graduate,4,"M.Ed. or equivalent",0,0,0,0,0,2,0,0,0,0,0,0,0,1,0,0,0,1,4,0,4
2019-20,33,Tamilnadu,3304,VELLORE,330412,ANAICUT,23,"Private Unaided (Recognized)",3,"HSS (I-XII)",4,Graduate,4,"M.Ed. or equivalent",0,0,0,0,0,1,0,0,0,1,0,0,0,0,0,0,0,0,2,0,2
2019-20,33,Tamilnadu,3304,VELLORE,330413,KATPADI,23,"Private Unaided (Recognized)",3,"HSS (I-XII)",4,Graduate,4,"M.Ed. or equivalent",0,0,0,0,0,0,1,1,0,1,0,0,0,0,0,0,0,0,3,1,2
2019-20,33,Tamilnadu,3304,VELLORE,330415,GUDIYATHAM,23,"Private Unaided (Recognized)",3,"HSS (I-XII)",4,Graduate,4,"M.Ed. or equivalent",0,0,0,0,0,0,0,1,0,0,0,2,0,1,0,0,0,0,4,0,4
2019-20,33,Tamilnadu,3304,VELLORE,330417,MADHANUR,23,"Private Unaided (Recognized)",3,"HSS (I-XII)",4,Graduate,4,"M.Ed. or equivalent",0,0,0,0,0,0,0,1,0,0,0,0,0,1,0,0,0,0,2,0,2
2019-20,33,Tamilnadu,3304,VELLORE,330418,ALANGAYAM,23,"Private Unaided (Recognized)",3,"HSS (I-XII)",4,Graduate,4,"M.Ed. or equivalent",0,0,0,0,0,0,0,0,0,1,0,0,0,1,0,0,0,0,2,0,2
2019-20,33,Tamilnadu,3304,VELLORE,330419,NATRAMPALLI,23,"Private Unaided (Recognized)",3,"HSS (I-XII)",4,Graduate,4,"M.Ed. or equivalent",0,0,0,0,0,0,0,0,0,0,1,0,0,0,0,0,0,0,1,1,0
2019-20,33,Tamilnadu,3304,VELLORE,330420,JOLARPET,23,"Private Unaided (Recognized)",3,"HSS (I-XII)",4,Graduate,4,"M.Ed. or equivalent",0,0,0,0,0,0,0,0,0,0,0,0,1,0,0,0,0,0,1,1,0
2019-20,33,Tamilnadu,3304,VELLORE,330421,THIRUPATTUR,23,"Private Unaided (Recognized)",3,"HSS (I-XII)",4,Graduate,4,"M.Ed. or equivalent",0,0,0,0,0,0,0,2,0,0,0,0,0,0,0,0,0,0,2,0,2
2019-20,33,Tamilnadu,3304,VELLORE,330417,MADHANUR,23,"Private Unaided (Recognized)",5,"HSS (VI-XII)",4,Graduate,4,"M.Ed. or equivalent",0,0,0,0,0,0,0,0,0,0,0,0,0,0,0,0,0,1,1,0,1
2019-20,33,Tamilnadu,3304,VELLORE,330408,ARCOT,23,"Private Unaided (Recognized)",6,"SS (I-X)",4,Graduate,4,"M.Ed. or equivalent",0,0,0,0,0,0,0,0,0,0,0,0,0,1,0,0,0,0,1,0,1
2019-20,33,Tamilnadu,3304,VELLORE,330415,GUDIYATHAM,23,"Private Unaided (Recognized)",6,"SS (I-X)",4,Graduate,4,"M.Ed. or equivalent",0,0,0,0,0,0,0,0,1,0,0,0,0,0,0,0,0,0,1,1,0
2019-20,33,Tamilnadu,3304,VELLORE,330417,MADHANUR,23,"Private Unaided (Recognized)",6,"SS (I-X)",4,Graduate,4,"M.Ed. or equivalent",0,0,0,0,0,0,0,0,0,0,0,1,0,1,0,0,0,0,2,0,2
2019-20,33,Tamilnadu,3304,VELLORE,330419,NATRAMPALLI,23,"Private Unaided (Recognized)",6,"SS (I-X)",4,Graduate,4,"M.Ed. or equivalent",0,0,0,0,0,1,0,0,0,0,0,0,0,0,0,0,0,0,1,0,1
2019-20,33,Tamilnadu,3304,VELLORE,330407,TIMIRI,23,"Private Unaided (Recognized)",2,"UPS (I-VIII)",4,Graduate,5,Others,0,0,0,0,0,0,1,0,1,0,0,0,0,0,0,0,0,0,2,2,0
2019-20,33,Tamilnadu,3304,VELLORE,330409,"VELLORE RURAL",23,"Private Unaided (Recognized)",2,"UPS (I-VIII)",4,Graduate,5,Others,0,0,0,0,0,0,0,0,0,1,0,0,0,0,0,0,0,0,1,0,1
2019-20,33,Tamilnadu,3304,VELLORE,330419,NATRAMPALLI,23,"Private Unaided (Recognized)",2,"UPS (I-VIII)",4,Graduate,5,Others,0,0,0,0,0,3,0,0,0,1,0,0,0,0,0,0,0,0,4,0,4
2019-20,33,Tamilnadu,3304,VELLORE,330420,JOLARPET,23,"Private Unaided (Recognized)",2,"UPS (I-VIII)",4,Graduate,5,Others,0,0,0,0,0,3,0,0,0,0,0,0,0,0,0,0,0,0,3,0,3
2019-20,33,Tamilnadu,3304,VELLORE,330421,THIRUPATTUR,23,"Private Unaided (Recognized)",2,"UPS (I-VIII)",4,Graduate,5,Others,0,0,0,0,0,1,0,0,0,1,0,0,0,0,0,0,0,0,2,0,2
2019-20,33,Tamilnadu,3304,VELLORE,330422,KANDHILI,23,"Private Unaided (Recognized)",2,"UPS (I-VIII)",4,Graduate,5,Others,0,0,0,0,0,1,0,0,0,0,0,0,0,0,0,0,0,0,1,0,1
2019-20,33,Tamilnadu,3304,VELLORE,330401,ARAKKONAM,23,"Private Unaided (Recognized)",3,"HSS (I-XII)",4,Graduate,5,Others,0,0,0,0,1,5,0,7,1,0,0,0,1,0,0,0,1,0,16,4,12
2019-20,33,Tamilnadu,3304,VELLORE,330402,NEMILI,23,"Private Unaided (Recognized)",3,"HSS (I-XII)",4,Graduate,5,Others,0,1,0,0,0,0,0,0,0,1,0,0,0,0,0,0,0,0,2,0,2
2019-20,33,Tamilnadu,3304,VELLORE,330403,KAVERIPAKKAM,23,"Private Unaided (Recognized)",3,"HSS (I-XII)",4,Graduate,5,Others,0,0,0,0,0,1,0,1,0,1,0,0,0,2,1,0,0,0,6,1,5
2019-20,33,Tamilnadu,3304,VELLORE,330404,SHOLINGAR,23,"Private Unaided (Recognized)",3,"HSS (I-XII)",4,Graduate,5,Others,0,0,0,0,0,1,0,1,0,0,1,1,0,0,0,0,0,0,4,1,3
2019-20,33,Tamilnadu,3304,VELLORE,330405,"WALAJA WEST",23,"Private Unaided (Recognized)",3,"HSS (I-XII)",4,Graduate,5,Others,0,2,0,0,0,0,1,2,0,0,0,2,0,0,0,0,0,0,7,1,6
2019-20,33,Tamilnadu,3304,VELLORE,330406,"WALAJA EAST",23,"Private Unaided (Recognized)",3,"HSS (I-XII)",4,Graduate,5,Others,0,0,0,2,0,0,0,0,0,0,0,0,0,0,0,0,0,0,2,0,2
2019-20,33,Tamilnadu,3304,VELLORE,330407,TIMIRI,23,"Private Unaided (Recognized)",3,"HSS (I-XII)",4,Graduate,5,Others,0,0,0,0,0,1,0,1,1,0,0,0,0,0,0,0,0,0,3,1,2
2019-20,33,Tamilnadu,3304,VELLORE,330408,ARCOT,23,"Private Unaided (Recognized)",3,"HSS (I-XII)",4,Graduate,5,Others,0,5,0,0,0,4,0,1,0,0,0,1,0,0,1,0,0,0,12,1,11
2019-20,33,Tamilnadu,3304,VELLORE,330409,"VELLORE RURAL",23,"Private Unaided (Recognized)",3,"HSS (I-XII)",4,Graduate,5,Others,0,3,0,0,0,5,0,3,0,0,1,0,0,0,0,0,0,0,12,1,11
2019-20,33,Tamilnadu,3304,VELLORE,330410,"VELLORE URBAN",23,"Private Unaided (Recognized)",3,"HSS (I-XII)",4,Graduate,5,Others,0,0,0,0,0,0,0,0,0,0,0,1,0,0,0,0,0,0,1,0,1
2019-20,33,Tamilnadu,3304,VELLORE,330411,KANIYAMBADI,23,"Private Unaided (Recognized)",3,"HSS (I-XII)",4,Graduate,5,Others,0,0,0,0,0,0,0,0,1,0,1,0,0,0,0,2,0,0,4,2,2
2019-20,33,Tamilnadu,3304,VELLORE,330412,ANAICUT,23,"Private Unaided (Recognized)",3,"HSS (I-XII)",4,Graduate,5,Others,0,2,0,0,0,0,0,1,0,0,0,0,0,1,0,0,0,0,4,0,4
2019-20,33,Tamilnadu,3304,VELLORE,330413,KATPADI,23,"Private Unaided (Recognized)",3,"HSS (I-XII)",4,Graduate,5,Others,0,1,0,0,1,9,2,1,0,2,2,1,0,0,1,0,0,0,20,6,14
2019-20,33,Tamilnadu,3304,VELLORE,330414,K.V.KUPPAM,23,"Private Unaided (Recognized)",3,"HSS (I-XII)",4,Graduate,5,Others,0,0,0,0,0,9,0,3,0,5,0,0,0,1,0,0,0,0,18,0,18
2019-20,33,Tamilnadu,3304,VELLORE,330415,GUDIYATHAM,23,"Private Unaided (Recognized)",3,"HSS (I-XII)",4,Graduate,5,Others,0,0,0,0,0,1,0,1,0,0,0,0,0,0,0,0,0,0,2,0,2
2019-20,33,Tamilnadu,3304,VELLORE,330416,PERNAMBUT,23,"Private Unaided (Recognized)",3,"HSS (I-XII)",4,Graduate,5,Others,0,2,0,0,0,4,1,1,0,1,0,0,0,0,0,0,0,0,9,1,8
2019-20,33,Tamilnadu,3304,VELLORE,330417,MADHANUR,23,"Private Unaided (Recognized)",3,"HSS (I-XII)",4,Graduate,5,Others,0,0,0,0,0,2,0,0,0,0,0,0,0,1,0,1,0,0,4,0,4
2019-20,33,Tamilnadu,3304,VELLORE,330418,ALANGAYAM,23,"Private Unaided (Recognized)",3,"HSS (I-XII)",4,Graduate,5,Others,0,1,0,0,0,0,0,3,0,0,1,0,0,0,1,0,1,0,7,3,4
2019-20,33,Tamilnadu,3304,VELLORE,330419,NATRAMPALLI,23,"Private Unaided (Recognized)",3,"HSS (I-XII)",4,Graduate,5,Others,0,0,0,0,0,6,0,2,0,1,0,0,0,0,0,3,0,0,12,0,12
2019-20,33,Tamilnadu,3304,VELLORE,330420,JOLARPET,23,"Private Unaided (Recognized)",3,"HSS (I-XII)",4,Graduate,5,Others,0,0,0,0,0,1,1,1,0,0,0,0,0,0,0,0,0,0,3,1,2
2019-20,33,Tamilnadu,3304,VELLORE,330421,THIRUPATTUR,23,"Private Unaided (Recognized)",3,"HSS (I-XII)",4,Graduate,5,Others,0,0,0,0,0,1,0,1,0,0,0,0,0,2,0,0,0,0,4,0,4
2019-20,33,Tamilnadu,3304,VELLORE,330422,KANDHILI,23,"Private Unaided (Recognized)",3,"HSS (I-XII)",4,Graduate,5,Others,0,0,0,0,0,0,0,1,0,0,0,0,0,0,0,0,0,0,1,0,1
2019-20,33,Tamilnadu,3304,VELLORE,330409,"VELLORE RURAL",23,"Private Unaided (Recognized)",5,"HSS (VI-XII)",4,Graduate,5,Others,0,0,0,0,0,0,0,0,0,1,0,0,0,0,0,0,0,0,1,0,1
2019-20,33,Tamilnadu,3304,VELLORE,330402,NEMILI,23,"Private Unaided (Recognized)",6,"SS (I-X)",4,Graduate,5,Others,0,0,0,0,0,1,0,0,0,0,0,0,1,0,0,0,0,0,2,1,1
2019-20,33,Tamilnadu,3304,VELLORE,330404,SHOLINGAR,23,"Private Unaided (Recognized)",6,"SS (I-X)",4,Graduate,5,Others,0,0,0,0,0,2,0,2,0,1,0,0,0,1,0,0,0,0,6,0,6
2019-20,33,Tamilnadu,3304,VELLORE,330405,"WALAJA WEST",23,"Private Unaided (Recognized)",6,"SS (I-X)",4,Graduate,5,Others,0,0,0,0,0,0,0,0,1,0,0,0,0,0,0,0,0,0,1,1,0
2019-20,33,Tamilnadu,3304,VELLORE,330406,"WALAJA EAST",23,"Private Unaided (Recognized)",6,"SS (I-X)",4,Graduate,5,Others,0,0,0,0,0,2,0,0,0,1,0,0,0,3,0,0,0,0,6,0,6
2019-20,33,Tamilnadu,3304,VELLORE,330408,ARCOT,23,"Private Unaided (Recognized)",6,"SS (I-X)",4,Graduate,5,Others,0,0,0,0,0,1,0,0,0,0,0,0,0,0,0,0,0,0,1,0,1
2019-20,33,Tamilnadu,3304,VELLORE,330409,"VELLORE RURAL",23,"Private Unaided (Recognized)",6,"SS (I-X)",4,Graduate,5,Others,0,0,0,0,0,0,0,0,0,0,0,0,0,2,0,0,0,0,2,0,2
2019-20,33,Tamilnadu,3304,VELLORE,330410,"VELLORE URBAN",23,"Private Unaided (Recognized)",6,"SS (I-X)",4,Graduate,5,Others,0,0,0,0,0,1,0,2,0,0,0,2,0,1,0,0,0,0,6,0,6
2019-20,33,Tamilnadu,3304,VELLORE,330414,K.V.KUPPAM,23,"Private Unaided (Recognized)",6,"SS (I-X)",4,Graduate,5,Others,0,0,0,0,0,0,0,0,0,2,0,0,0,0,0,0,0,0,2,0,2
2019-20,33,Tamilnadu,3304,VELLORE,330415,GUDIYATHAM,23,"Private Unaided (Recognized)",6,"SS (I-X)",4,Graduate,5,Others,0,0,0,0,0,10,0,1,0,1,0,0,0,2,0,0,0,0,14,0,14
2019-20,33,Tamilnadu,3304,VELLORE,330416,PERNAMBUT,23,"Private Unaided (Recognized)",6,"SS (I-X)",4,Graduate,5,Others,0,0,0,0,0,0,0,1,0,0,0,0,0,1,0,0,0,0,2,0,2
2019-20,33,Tamilnadu,3304,VELLORE,330417,MADHANUR,23,"Private Unaided (Recognized)",6,"SS (I-X)",4,Graduate,5,Others,0,0,0,0,0,1,0,3,0,0,0,0,1,2,0,0,0,0,7,1,6
2019-20,33,Tamilnadu,3304,VELLORE,330418,ALANGAYAM,23,"Private Unaided (Recognized)",6,"SS (I-X)",4,Graduate,5,Others,0,0,0,0,0,1,0,1,0,0,0,0,0,1,0,0,0,0,3,0,3
2019-20,33,Tamilnadu,3304,VELLORE,330420,JOLARPET,23,"Private Unaided (Recognized)",6,"SS (I-X)",4,Graduate,5,Others,0,0,0,0,0,4,0,1,0,0,0,0,0,1,0,0,0,0,6,0,6
2019-20,33,Tamilnadu,3304,VELLORE,330406,"WALAJA EAST",23,"Private Unaided (Recognized)",2,"UPS (I-VIII)",4,Graduate,6,None,0,0,0,0,0,0,0,5,0,1,0,0,0,0,0,0,0,0,6,0,6
2019-20,33,Tamilnadu,3304,VELLORE,330407,TIMIRI,23,"Private Unaided (Recognized)",2,"UPS (I-VIII)",4,Graduate,6,None,0,0,0,0,0,0,0,0,0,1,0,0,0,0,0,0,0,0,1,0,1
2019-20,33,Tamilnadu,3304,VELLORE,330409,"VELLORE RURAL",23,"Private Unaided (Recognized)",2,"UPS (I-VIII)",4,Graduate,6,None,0,0,0,0,0,0,0,0,0,3,0,0,0,0,0,0,0,0,3,0,3
2019-20,33,Tamilnadu,3304,VELLORE,330411,KANIYAMBADI,23,"Private Unaided (Recognized)",2,"UPS (I-VIII)",4,Graduate,6,None,0,0,0,0,0,1,0,0,0,0,0,0,0,0,0,0,0,0,1,0,1
2019-20,33,Tamilnadu,3304,VELLORE,330415,GUDIYATHAM,23,"Private Unaided (Recognized)",2,"UPS (I-VIII)",4,Graduate,6,None,0,0,0,0,0,2,0,0,0,0,0,0,0,0,0,0,0,0,2,0,2
2019-20,33,Tamilnadu,3304,VELLORE,330416,PERNAMBUT,23,"Private Unaided (Recognized)",2,"UPS (I-VIII)",4,Graduate,6,None,0,0,0,0,0,3,0,0,1,3,0,0,0,0,0,0,0,0,7,1,6
2019-20,33,Tamilnadu,3304,VELLORE,330419,NATRAMPALLI,23,"Private Unaided (Recognized)",2,"UPS (I-VIII)",4,Graduate,6,None,0,0,0,0,0,0,0,3,0,1,0,0,0,0,0,0,0,0,4,0,4
2019-20,33,Tamilnadu,3304,VELLORE,330420,JOLARPET,23,"Private Unaided (Recognized)",2,"UPS (I-VIII)",4,Graduate,6,None,0,0,0,0,0,0,0,1,0,0,0,0,0,0,0,0,0,0,1,0,1
2019-20,33,Tamilnadu,3304,VELLORE,330401,ARAKKONAM,23,"Private Unaided (Recognized)",3,"HSS (I-XII)",4,Graduate,6,None,0,0,0,0,0,5,0,0,0,2,0,0,0,0,0,0,0,0,7,0,7
2019-20,33,Tamilnadu,3304,VELLORE,330402,NEMILI,23,"Private Unaided (Recognized)",3,"HSS (I-XII)",4,Graduate,6,None,0,0,0,0,0,0,0,0,0,1,0,0,0,0,0,0,0,0,1,0,1
2019-20,33,Tamilnadu,3304,VELLORE,330403,KAVERIPAKKAM,23,"Private Unaided (Recognized)",3,"HSS (I-XII)",4,Graduate,6,None,0,0,0,0,0,1,0,2,0,0,0,0,0,1,0,0,1,1,6,1,5
2019-20,33,Tamilnadu,3304,VELLORE,330404,SHOLINGAR,23,"Private Unaided (Recognized)",3,"HSS (I-XII)",4,Graduate,6,None,0,0,0,0,0,1,0,1,0,0,0,0,0,0,0,0,0,0,2,0,2
2019-20,33,Tamilnadu,3304,VELLORE,330405,"WALAJA WEST",23,"Private Unaided (Recognized)",3,"HSS (I-XII)",4,Graduate,6,None,0,0,0,0,0,2,0,0,0,0,0,1,0,0,0,0,0,0,3,0,3
2019-20,33,Tamilnadu,3304,VELLORE,330406,"WALAJA EAST",23,"Private Unaided (Recognized)",3,"HSS (I-XII)",4,Graduate,6,None,0,0,0,0,0,3,0,0,0,0,0,2,0,0,0,0,1,0,6,1,5
2019-20,33,Tamilnadu,3304,VELLORE,330407,TIMIRI,23,"Private Unaided (Recognized)",3,"HSS (I-XII)",4,Graduate,6,None,0,0,0,1,0,1,0,1,0,2,0,0,0,0,0,0,0,0,5,0,5
2019-20,33,Tamilnadu,3304,VELLORE,330408,ARCOT,23,"Private Unaided (Recognized)",3,"HSS (I-XII)",4,Graduate,6,None,0,3,0,0,0,6,0,0,0,1,0,0,0,0,1,0,0,0,11,1,10
2019-20,33,Tamilnadu,3304,VELLORE,330409,"VELLORE RURAL",23,"Private Unaided (Recognized)",3,"HSS (I-XII)",4,Graduate,6,None,0,4,0,2,0,5,0,2,1,6,1,0,0,0,1,0,1,0,23,4,19
2019-20,33,Tamilnadu,3304,VELLORE,330410,"VELLORE URBAN",23,"Private Unaided (Recognized)",3,"HSS (I-XII)",4,Graduate,6,None,0,0,0,0,1,0,0,0,0,0,0,0,0,0,0,0,0,0,1,1,0
2019-20,33,Tamilnadu,3304,VELLORE,330411,KANIYAMBADI,23,"Private Unaided (Recognized)",3,"HSS (I-XII)",4,Graduate,6,None,0,0,0,0,0,0,0,2,0,0,0,0,0,0,0,1,0,0,3,0,3
2019-20,33,Tamilnadu,3304,VELLORE,330412,ANAICUT,23,"Private Unaided (Recognized)",3,"HSS (I-XII)",4,Graduate,6,None,0,2,0,0,1,7,0,1,0,1,0,1,0,0,0,0,0,0,13,1,12
2019-20,33,Tamilnadu,3304,VELLORE,330413,KATPADI,23,"Private Unaided (Recognized)",3,"HSS (I-XII)",4,Graduate,6,None,0,0,0,0,0,0,0,2,1,1,0,0,0,0,0,1,0,0,5,1,4
2019-20,33,Tamilnadu,3304,VELLORE,330414,K.V.KUPPAM,23,"Private Unaided (Recognized)",3,"HSS (I-XII)",4,Graduate,6,None,0,0,0,0,0,1,0,1,0,0,0,0,1,0,0,0,0,0,3,1,2
2019-20,33,Tamilnadu,3304,VELLORE,330415,GUDIYATHAM,23,"Private Unaided (Recognized)",3,"HSS (I-XII)",4,Graduate,6,None,0,0,0,1,0,5,0,1,0,0,0,0,0,0,0,0,0,0,7,0,7
2019-20,33,Tamilnadu,3304,VELLORE,330416,PERNAMBUT,23,"Private Unaided (Recognized)",3,"HSS (I-XII)",4,Graduate,6,None,0,0,0,0,0,0,0,4,0,1,0,0,0,0,0,0,0,0,5,0,5
2019-20,33,Tamilnadu,3304,VELLORE,330417,MADHANUR,23,"Private Unaided (Recognized)",3,"HSS (I-XII)",4,Graduate,6,None,0,4,0,5,1,3,0,9,0,0,0,1,1,2,0,0,0,1,27,2,25
2019-20,33,Tamilnadu,3304,VELLORE,330418,ALANGAYAM,23,"Private Unaided (Recognized)",3,"HSS (I-XII)",4,Graduate,6,None,0,1,0,0,0,0,0,3,0,0,0,0,1,0,0,0,0,0,5,1,4
2019-20,33,Tamilnadu,3304,VELLORE,330419,NATRAMPALLI,23,"Private Unaided (Recognized)",3,"HSS (I-XII)",4,Graduate,6,None,0,0,0,0,0,1,0,3,0,4,0,5,0,0,0,1,0,0,14,0,14
2019-20,33,Tamilnadu,3304,VELLORE,330420,JOLARPET,23,"Private Unaided (Recognized)",3,"HSS (I-XII)",4,Graduate,6,None,0,1,0,0,0,4,0,2,0,0,0,0,0,0,1,0,0,1,9,1,8
2019-20,33,Tamilnadu,3304,VELLORE,330421,THIRUPATTUR,23,"Private Unaided (Recognized)",3,"HSS (I-XII)",4,Graduate,6,None,0,1,0,0,0,1,0,8,0,0,1,0,0,2,1,4,0,0,18,2,16
2019-20,33,Tamilnadu,3304,VELLORE,330422,KANDHILI,23,"Private Unaided (Recognized)",3,"HSS (I-XII)",4,Graduate,6,None,0,0,0,0,0,1,1,2,0,0,0,0,0,0,0,0,0,0,4,1,3
2019-20,33,Tamilnadu,3304,VELLORE,330402,NEMILI,23,"Private Unaided (Recognized)",6,"SS (I-X)",4,Graduate,6,None,0,0,0,0,0,4,0,0,0,0,0,0,1,0,0,0,0,0,5,1,4
2019-20,33,Tamilnadu,3304,VELLORE,330403,KAVERIPAKKAM,23,"Private Unaided (Recognized)",6,"SS (I-X)",4,Graduate,6,None,0,0,0,0,0,0,0,0,0,0,0,0,0,1,0,0,0,0,1,0,1
2019-20,33,Tamilnadu,3304,VELLORE,330406,"WALAJA EAST",23,"Private Unaided (Recognized)",6,"SS (I-X)",4,Graduate,6,None,0,0,0,0,0,1,0,0,1,0,0,0,0,1,0,0,0,0,3,1,2
2019-20,33,Tamilnadu,3304,VELLORE,330407,TIMIRI,23,"Private Unaided (Recognized)",6,"SS (I-X)",4,Graduate,6,None,0,0,0,0,0,1,0,0,0,0,0,0,0,0,0,0,0,0,1,0,1
2019-20,33,Tamilnadu,3304,VELLORE,330409,"VELLORE RURAL",23,"Private Unaided (Recognized)",6,"SS (I-X)",4,Graduate,6,None,0,0,0,0,0,1,0,1,0,0,0,0,0,0,0,0,0,0,2,0,2
2019-20,33,Tamilnadu,3304,VELLORE,330410,"VELLORE URBAN",23,"Private Unaided (Recognized)",6,"SS (I-X)",4,Graduate,6,None,0,0,0,0,0,1,0,0,0,0,0,0,1,2,0,0,0,0,4,1,3
2019-20,33,Tamilnadu,3304,VELLORE,330413,KATPADI,23,"Private Unaided (Recognized)",6,"SS (I-X)",4,Graduate,6,None,0,0,0,0,0,1,0,0,0,0,0,0,0,0,0,0,0,0,1,0,1
2019-20,33,Tamilnadu,3304,VELLORE,330415,GUDIYATHAM,23,"Private Unaided (Recognized)",6,"SS (I-X)",4,Graduate,6,None,0,0,0,0,0,1,0,0,0,0,0,0,0,0,0,0,0,0,1,0,1
2019-20,33,Tamilnadu,3304,VELLORE,330416,PERNAMBUT,23,"Private Unaided (Recognized)",6,"SS (I-X)",4,Graduate,6,None,0,0,0,0,0,0,1,0,0,1,0,0,0,2,0,0,0,0,4,1,3
2019-20,33,Tamilnadu,3304,VELLORE,330417,MADHANUR,23,"Private Unaided (Recognized)",6,"SS (I-X)",4,Graduate,6,None,0,0,0,0,0,0,1,0,0,2,0,0,0,1,0,0,0,0,4,1,3
2019-20,33,Tamilnadu,3304,VELLORE,330419,NATRAMPALLI,23,"Private Unaided (Recognized)",6,"SS (I-X)",4,Graduate,6,None,0,0,0,0,0,1,0,0,0,1,1,0,0,0,0,0,0,0,3,1,2
2019-20,33,Tamilnadu,3304,VELLORE,330404,SHOLINGAR,23,"Private Unaided (Recognized)",2,"UPS (I-VIII)",5,"Post graduate",1,"Diploma or certificate in basic teachers training of a duration not less than two years",0,0,0,0,0,0,0,3,0,0,0,0,0,0,0,0,0,0,3,0,3
2019-20,33,Tamilnadu,3304,VELLORE,330410,"VELLORE URBAN",23,"Private Unaided (Recognized)",2,"UPS (I-VIII)",5,"Post graduate",1,"Diploma or certificate in basic teachers training of a duration not less than two years",0,0,0,0,0,2,0,0,0,0,0,0,0,0,0,0,0,0,2,0,2
2019-20,33,Tamilnadu,3304,VELLORE,330411,KANIYAMBADI,23,"Private Unaided (Recognized)",2,"UPS (I-VIII)",5,"Post graduate",1,"Diploma or certificate in basic teachers training of a duration not less than two years",0,0,0,0,0,1,0,0,0,0,0,0,0,0,0,0,0,0,1,0,1
2019-20,33,Tamilnadu,3304,VELLORE,330416,PERNAMBUT,23,"Private Unaided (Recognized)",2,"UPS (I-VIII)",5,"Post graduate",1,"Diploma or certificate in basic teachers training of a duration not less than two years",0,0,0,0,0,1,0,1,0,2,0,0,0,0,0,0,0,0,4,0,4
2019-20,33,Tamilnadu,3304,VELLORE,330420,JOLARPET,23,"Private Unaided (Recognized)",2,"UPS (I-VIII)",5,"Post graduate",1,"Diploma or certificate in basic teachers training of a duration not less than two years",0,0,0,0,0,1,0,1,0,0,0,0,0,0,0,0,0,0,2,0,2
2019-20,33,Tamilnadu,3304,VELLORE,330422,KANDHILI,23,"Private Unaided (Recognized)",2,"UPS (I-VIII)",5,"Post graduate",1,"Diploma or certificate in basic teachers training of a duration not less than two years",0,0,0,0,0,1,0,0,0,0,0,0,0,0,0,0,0,0,1,0,1
2019-20,33,Tamilnadu,3304,VELLORE,330401,ARAKKONAM,23,"Private Unaided (Recognized)",3,"HSS (I-XII)",5,"Post graduate",1,"Diploma or certificate in basic teachers training of a duration not less than two years",0,0,0,0,0,2,0,1,0,1,0,0,0,0,0,0,0,0,4,0,4
2019-20,33,Tamilnadu,3304,VELLORE,330402,NEMILI,23,"Private Unaided (Recognized)",3,"HSS (I-XII)",5,"Post graduate",1,"Diploma or certificate in basic teachers training of a duration not less than two years",0,0,0,0,0,0,0,3,0,2,0,1,0,1,0,0,0,0,7,0,7
2019-20,33,Tamilnadu,3304,VELLORE,330403,KAVERIPAKKAM,23,"Private Unaided (Recognized)",3,"HSS (I-XII)",5,"Post graduate",1,"Diploma or certificate in basic teachers training of a duration not less than two years",0,0,0,0,0,1,0,0,0,0,0,0,1,0,0,0,0,0,2,1,1
2019-20,33,Tamilnadu,3304,VELLORE,330404,SHOLINGAR,23,"Private Unaided (Recognized)",3,"HSS (I-XII)",5,"Post graduate",1,"Diploma or certificate in basic teachers training of a duration not less than two years",0,0,0,0,0,1,0,0,0,0,0,0,0,1,0,0,1,0,3,1,2
2019-20,33,Tamilnadu,3304,VELLORE,330405,"WALAJA WEST",23,"Private Unaided (Recognized)",3,"HSS (I-XII)",5,"Post graduate",1,"Diploma or certificate in basic teachers training of a duration not less than two years",0,1,0,0,0,0,0,0,0,0,0,1,0,0,0,0,0,0,2,0,2
2019-20,33,Tamilnadu,3304,VELLORE,330406,"WALAJA EAST",23,"Private Unaided (Recognized)",3,"HSS (I-XII)",5,"Post graduate",1,"Diploma or certificate in basic teachers training of a duration not less than two years",0,2,0,0,0,6,0,0,0,1,0,0,0,0,0,0,0,0,9,0,9
2019-20,33,Tamilnadu,3304,VELLORE,330407,TIMIRI,23,"Private Unaided (Recognized)",3,"HSS (I-XII)",5,"Post graduate",1,"Diploma or certificate in basic teachers training of a duration not less than two years",0,0,0,0,0,1,0,1,0,0,0,0,0,0,0,0,0,0,2,0,2
2019-20,33,Tamilnadu,3304,VELLORE,330408,ARCOT,23,"Private Unaided (Recognized)",3,"HSS (I-XII)",5,"Post graduate",1,"Diploma or certificate in basic teachers training of a duration not less than two years",0,1,0,0,0,3,0,0,0,0,0,0,0,1,0,0,0,0,5,0,5
2019-20,33,Tamilnadu,3304,VELLORE,330409,"VELLORE RURAL",23,"Private Unaided (Recognized)",3,"HSS (I-XII)",5,"Post graduate",1,"Diploma or certificate in basic teachers training of a duration not less than two years",0,1,0,0,0,3,0,1,0,1,0,0,0,0,0,0,0,0,6,0,6
2019-20,33,Tamilnadu,3304,VELLORE,330410,"VELLORE URBAN",23,"Private Unaided (Recognized)",3,"HSS (I-XII)",5,"Post graduate",1,"Diploma or certificate in basic teachers training of a duration not less than two years",0,0,0,0,0,0,0,2,0,0,0,0,0,0,0,0,0,0,2,0,2
2019-20,33,Tamilnadu,3304,VELLORE,330411,KANIYAMBADI,23,"Private Unaided (Recognized)",3,"HSS (I-XII)",5,"Post graduate",1,"Diploma or certificate in basic teachers training of a duration not less than two years",0,0,0,0,0,1,0,1,0,0,0,0,0,0,0,1,0,1,4,0,4
2019-20,33,Tamilnadu,3304,VELLORE,330412,ANAICUT,23,"Private Unaided (Recognized)",3,"HSS (I-XII)",5,"Post graduate",1,"Diploma or certificate in basic teachers training of a duration not less than two years",0,0,0,0,0,3,0,0,0,0,0,0,0,0,0,0,0,0,3,0,3
2019-20,33,Tamilnadu,3304,VELLORE,330413,KATPADI,23,"Private Unaided (Recognized)",3,"HSS (I-XII)",5,"Post graduate",1,"Diploma or certificate in basic teachers training of a duration not less than two years",0,0,0,0,0,3,1,0,0,1,0,0,0,0,0,1,0,0,6,1,5
2019-20,33,Tamilnadu,3304,VELLORE,330415,GUDIYATHAM,23,"Private Unaided (Recognized)",3,"HSS (I-XII)",5,"Post graduate",1,"Diploma or certificate in basic teachers training of a duration not less than two years",0,0,0,0,0,1,0,2,0,0,0,0,0,1,0,0,0,0,4,0,4
2019-20,33,Tamilnadu,3304,VELLORE,330416,PERNAMBUT,23,"Private Unaided (Recognized)",3,"HSS (I-XII)",5,"Post graduate",1,"Diploma or certificate in basic teachers training of a duration not less than two years",0,0,0,0,0,0,0,0,0,0,1,0,0,1,0,0,0,0,2,1,1
2019-20,33,Tamilnadu,3304,VELLORE,330417,MADHANUR,23,"Private Unaided (Recognized)",3,"HSS (I-XII)",5,"Post graduate",1,"Diploma or certificate in basic teachers training of a duration not less than two years",0,0,0,0,0,3,0,0,0,0,0,1,0,1,0,1,0,0,6,0,6
2019-20,33,Tamilnadu,3304,VELLORE,330418,ALANGAYAM,23,"Private Unaided (Recognized)",3,"HSS (I-XII)",5,"Post graduate",1,"Diploma or certificate in basic teachers training of a duration not less than two years",0,0,0,0,0,1,1,4,0,1,0,0,0,0,0,0,0,0,7,1,6
2019-20,33,Tamilnadu,3304,VELLORE,330419,NATRAMPALLI,23,"Private Unaided (Recognized)",3,"HSS (I-XII)",5,"Post graduate",1,"Diploma or certificate in basic teachers training of a duration not less than two years",0,1,0,0,0,4,0,2,0,2,0,0,0,2,0,0,0,0,11,0,11
2019-20,33,Tamilnadu,3304,VELLORE,330420,JOLARPET,23,"Private Unaided (Recognized)",3,"HSS (I-XII)",5,"Post graduate",1,"Diploma or certificate in basic teachers training of a duration not less than two years",0,0,0,0,0,3,0,0,0,0,0,0,0,0,1,0,0,0,4,1,3
2019-20,33,Tamilnadu,3304,VELLORE,330421,THIRUPATTUR,23,"Private Unaided (Recognized)",3,"HSS (I-XII)",5,"Post graduate",1,"Diploma or certificate in basic teachers training of a duration not less than two years",0,0,0,0,0,0,0,1,0,0,0,1,0,1,0,0,0,0,3,0,3
2019-20,33,Tamilnadu,3304,VELLORE,330422,KANDHILI,23,"Private Unaided (Recognized)",3,"HSS (I-XII)",5,"Post graduate",1,"Diploma or certificate in basic teachers training of a duration not less than two years",0,0,0,0,0,1,0,0,0,0,0,0,0,0,0,0,0,0,1,0,1
2019-20,33,Tamilnadu,3304,VELLORE,330402,NEMILI,23,"Private Unaided (Recognized)",6,"SS (I-X)",5,"Post graduate",1,"Diploma or certificate in basic teachers training of a duration not less than two years",0,0,0,0,0,0,0,0,1,0,0,0,0,0,0,0,0,0,1,1,0
2019-20,33,Tamilnadu,3304,VELLORE,330403,KAVERIPAKKAM,23,"Private Unaided (Recognized)",6,"SS (I-X)",5,"Post graduate",1,"Diploma or certificate in basic teachers training of a duration not less than two years",0,0,0,0,0,0,0,0,0,0,1,0,0,0,0,0,0,0,1,1,0
2019-20,33,Tamilnadu,3304,VELLORE,330404,SHOLINGAR,23,"Private Unaided (Recognized)",6,"SS (I-X)",5,"Post graduate",1,"Diploma or certificate in basic teachers training of a duration not less than two years",0,0,0,0,0,0,0,0,0,0,0,1,0,0,0,0,0,0,1,0,1
2019-20,33,Tamilnadu,3304,VELLORE,330405,"WALAJA WEST",23,"Private Unaided (Recognized)",6,"SS (I-X)",5,"Post graduate",1,"Diploma or certificate in basic teachers training of a duration not less than two years",0,0,0,0,0,0,0,0,0,1,0,0,0,0,0,0,0,0,1,0,1
2019-20,33,Tamilnadu,3304,VELLORE,330406,"WALAJA EAST",23,"Private Unaided (Recognized)",6,"SS (I-X)",5,"Post graduate",1,"Diploma or certificate in basic teachers training of a duration not less than two years",0,0,0,0,0,1,0,0,0,1,0,0,0,0,0,0,0,0,2,0,2
2019-20,33,Tamilnadu,3304,VELLORE,330409,"VELLORE RURAL",23,"Private Unaided (Recognized)",6,"SS (I-X)",5,"Post graduate",1,"Diploma or certificate in basic teachers training of a duration not less than two years",0,0,0,0,1,1,0,0,0,0,0,0,0,0,0,0,0,0,2,1,1
2019-20,33,Tamilnadu,3304,VELLORE,330410,"VELLORE URBAN",23,"Private Unaided (Recognized)",6,"SS (I-X)",5,"Post graduate",1,"Diploma or certificate in basic teachers training of a duration not less than two years",0,0,0,0,0,0,0,2,0,0,0,0,0,1,0,0,0,0,3,0,3
2019-20,33,Tamilnadu,3304,VELLORE,330411,KANIYAMBADI,23,"Private Unaided (Recognized)",6,"SS (I-X)",5,"Post graduate",1,"Diploma or certificate in basic teachers training of a duration not less than two years",0,0,0,0,0,2,0,1,0,0,0,0,0,0,0,0,0,0,3,0,3
2019-20,33,Tamilnadu,3304,VELLORE,330412,ANAICUT,23,"Private Unaided (Recognized)",6,"SS (I-X)",5,"Post graduate",1,"Diploma or certificate in basic teachers training of a duration not less than two years",0,0,0,0,0,0,0,1,0,0,0,0,0,0,0,0,0,0,1,0,1
2019-20,33,Tamilnadu,3304,VELLORE,330413,KATPADI,23,"Private Unaided (Recognized)",6,"SS (I-X)",5,"Post graduate",1,"Diploma or certificate in basic teachers training of a duration not less than two years",0,0,0,0,0,0,0,0,0,0,0,0,0,2,0,0,0,0,2,0,2
2019-20,33,Tamilnadu,3304,VELLORE,330414,K.V.KUPPAM,23,"Private Unaided (Recognized)",6,"SS (I-X)",5,"Post graduate",1,"Diploma or certificate in basic teachers training of a duration not less than two years",0,0,0,0,0,0,0,0,1,1,0,0,0,0,0,0,0,0,2,1,1
2019-20,33,Tamilnadu,3304,VELLORE,330415,GUDIYATHAM,23,"Private Unaided (Recognized)",6,"SS (I-X)",5,"Post graduate",1,"Diploma or certificate in basic teachers training of a duration not less than two years",0,0,0,0,0,3,0,1,0,0,1,0,0,1,0,0,0,0,6,1,5
2019-20,33,Tamilnadu,3304,VELLORE,330419,NATRAMPALLI,23,"Private Unaided (Recognized)",6,"SS (I-X)",5,"Post graduate",1,"Diploma or certificate in basic teachers training of a duration not less than two years",0,0,0,0,0,1,0,0,0,0,0,0,0,0,0,0,0,0,1,0,1
2019-20,33,Tamilnadu,3304,VELLORE,330420,JOLARPET,23,"Private Unaided (Recognized)",6,"SS (I-X)",5,"Post graduate",1,"Diploma or certificate in basic teachers training of a duration not less than two years",0,0,0,0,0,1,0,0,0,0,0,0,0,0,0,0,0,0,1,0,1
2019-20,33,Tamilnadu,3304,VELLORE,330422,KANDHILI,23,"Private Unaided (Recognized)",6,"SS (I-X)",5,"Post graduate",1,"Diploma or certificate in basic teachers training of a duration not less than two years",0,0,0,0,1,0,0,0,0,1,0,0,0,0,0,0,0,0,2,1,1
2019-20,33,Tamilnadu,3304,VELLORE,330421,THIRUPATTUR,23,"Private Unaided (Recognized)",1,"PS (I-V)",5,"Post graduate",3,"B.Ed. or equivalent",0,0,0,0,1,0,0,0,0,0,0,0,0,0,0,0,0,0,1,1,0
2019-20,33,Tamilnadu,3304,VELLORE,330402,NEMILI,23,"Private Unaided (Recognized)",2,"UPS (I-VIII)",5,"Post graduate",3,"B.Ed. or equivalent",0,0,0,0,0,1,0,0,0,2,0,0,0,0,0,0,0,0,3,0,3
2019-20,33,Tamilnadu,3304,VELLORE,330404,SHOLINGAR,23,"Private Unaided (Recognized)",2,"UPS (I-VIII)",5,"Post graduate",3,"B.Ed. or equivalent",0,0,0,0,0,3,0,0,1,0,0,0,0,0,0,0,0,0,4,1,3
2019-20,33,Tamilnadu,3304,VELLORE,330406,"WALAJA EAST",23,"Private Unaided (Recognized)",2,"UPS (I-VIII)",5,"Post graduate",3,"B.Ed. or equivalent",0,0,0,0,0,0,0,3,0,3,0,0,0,0,0,0,0,0,6,0,6
2019-20,33,Tamilnadu,3304,VELLORE,330407,TIMIRI,23,"Private Unaided (Recognized)",2,"UPS (I-VIII)",5,"Post graduate",3,"B.Ed. or equivalent",0,0,0,0,0,1,0,0,2,2,0,0,0,0,0,0,0,0,5,2,3
2019-20,33,Tamilnadu,3304,VELLORE,330409,"VELLORE RURAL",23,"Private Unaided (Recognized)",2,"UPS (I-VIII)",5,"Post graduate",3,"B.Ed. or equivalent",0,0,0,0,0,0,1,0,0,0,0,0,0,0,0,0,0,0,1,1,0
2019-20,33,Tamilnadu,3304,VELLORE,330410,"VELLORE URBAN",23,"Private Unaided (Recognized)",2,"UPS (I-VIII)",5,"Post graduate",3,"B.Ed. or equivalent",0,0,0,0,0,4,1,6,1,1,0,0,0,0,0,0,0,0,13,2,11
2019-20,33,Tamilnadu,3304,VELLORE,330411,KANIYAMBADI,23,"Private Unaided (Recognized)",2,"UPS (I-VIII)",5,"Post graduate",3,"B.Ed. or equivalent",0,0,0,0,0,0,0,0,2,0,0,0,0,0,0,0,0,0,2,2,0
2019-20,33,Tamilnadu,3304,VELLORE,330415,GUDIYATHAM,23,"Private Unaided (Recognized)",2,"UPS (I-VIII)",5,"Post graduate",3,"B.Ed. or equivalent",0,0,0,0,0,1,0,0,0,3,0,0,0,0,0,0,0,0,4,0,4
2019-20,33,Tamilnadu,3304,VELLORE,330416,PERNAMBUT,23,"Private Unaided (Recognized)",2,"UPS (I-VIII)",5,"Post graduate",3,"B.Ed. or equivalent",0,0,0,0,0,0,0,2,2,4,0,0,0,0,0,0,0,0,8,2,6
2019-20,33,Tamilnadu,3304,VELLORE,330419,NATRAMPALLI,23,"Private Unaided (Recognized)",2,"UPS (I-VIII)",5,"Post graduate",3,"B.Ed. or equivalent",0,0,0,0,0,0,0,4,2,5,0,0,0,0,0,0,0,0,11,2,9
2019-20,33,Tamilnadu,3304,VELLORE,330420,JOLARPET,23,"Private Unaided (Recognized)",2,"UPS (I-VIII)",5,"Post graduate",3,"B.Ed. or equivalent",0,0,0,0,0,11,1,4,0,3,0,0,0,0,0,0,0,0,19,1,18
2019-20,33,Tamilnadu,3304,VELLORE,330421,THIRUPATTUR,23,"Private Unaided (Recognized)",2,"UPS (I-VIII)",5,"Post graduate",3,"B.Ed. or equivalent",0,0,0,0,0,1,0,0,0,1,0,0,0,0,0,0,0,0,2,0,2
2019-20,33,Tamilnadu,3304,VELLORE,330422,KANDHILI,23,"Private Unaided (Recognized)",2,"UPS (I-VIII)",5,"Post graduate",3,"B.Ed. or equivalent",0,0,0,0,1,7,0,0,4,4,0,0,0,0,0,0,0,0,16,5,11
2019-20,33,Tamilnadu,3304,VELLORE,330401,ARAKKONAM,23,"Private Unaided (Recognized)",3,"HSS (I-XII)",5,"Post graduate",3,"B.Ed. or equivalent",0,0,0,2,1,14,6,19,6,13,1,3,13,8,11,1,24,14,136,62,74
2019-20,33,Tamilnadu,3304,VELLORE,330402,NEMILI,23,"Private Unaided (Recognized)",3,"HSS (I-XII)",5,"Post graduate",3,"B.Ed. or equivalent",0,1,0,0,0,1,1,5,0,1,1,1,6,11,11,12,4,4,59,23,36
2019-20,33,Tamilnadu,3304,VELLORE,330403,KAVERIPAKKAM,23,"Private Unaided (Recognized)",3,"HSS (I-XII)",5,"Post graduate",3,"B.Ed. or equivalent",0,0,0,0,0,2,0,4,1,3,0,11,3,11,6,8,16,5,70,26,44
2019-20,33,Tamilnadu,3304,VELLORE,330404,SHOLINGAR,23,"Private Unaided (Recognized)",3,"HSS (I-XII)",5,"Post graduate",3,"B.Ed. or equivalent",0,0,0,0,0,2,3,7,1,0,1,2,5,10,1,0,7,3,42,18,24
2019-20,33,Tamilnadu,3304,VELLORE,330405,"WALAJA WEST",23,"Private Unaided (Recognized)",3,"HSS (I-XII)",5,"Post graduate",3,"B.Ed. or equivalent",0,0,0,0,1,5,0,16,0,2,2,3,4,7,4,11,6,7,68,17,51
2019-20,33,Tamilnadu,3304,VELLORE,330406,"WALAJA EAST",23,"Private Unaided (Recognized)",3,"HSS (I-XII)",5,"Post graduate",3,"B.Ed. or equivalent",0,2,0,2,0,16,0,4,0,6,8,5,7,10,16,25,8,14,123,39,84
2019-20,33,Tamilnadu,3304,VELLORE,330407,TIMIRI,23,"Private Unaided (Recognized)",3,"HSS (I-XII)",5,"Post graduate",3,"B.Ed. or equivalent",0,1,0,0,0,8,0,3,0,3,1,0,0,0,10,4,7,2,39,18,21
2019-20,33,Tamilnadu,3304,VELLORE,330408,ARCOT,23,"Private Unaided (Recognized)",3,"HSS (I-XII)",5,"Post graduate",3,"B.Ed. or equivalent",0,1,0,0,0,27,0,3,0,4,0,7,2,7,1,15,6,7,80,9,71
2019-20,33,Tamilnadu,3304,VELLORE,330409,"VELLORE RURAL",23,"Private Unaided (Recognized)",3,"HSS (I-XII)",5,"Post graduate",3,"B.Ed. or equivalent",0,0,0,0,0,23,2,11,5,26,2,1,8,8,14,13,21,17,151,52,99
2019-20,33,Tamilnadu,3304,VELLORE,330410,"VELLORE URBAN",23,"Private Unaided (Recognized)",3,"HSS (I-XII)",5,"Post graduate",3,"B.Ed. or equivalent",1,0,0,0,0,7,0,7,0,1,2,1,0,2,3,1,3,9,37,9,28
2019-20,33,Tamilnadu,3304,VELLORE,330411,KANIYAMBADI,23,"Private Unaided (Recognized)",3,"HSS (I-XII)",5,"Post graduate",3,"B.Ed. or equivalent",0,0,0,0,0,11,2,8,0,14,3,14,1,5,16,15,1,8,98,23,75
2019-20,33,Tamilnadu,3304,VELLORE,330412,ANAICUT,23,"Private Unaided (Recognized)",3,"HSS (I-XII)",5,"Post graduate",3,"B.Ed. or equivalent",0,3,0,0,1,11,1,4,2,6,1,1,4,7,9,7,21,10,88,39,49
2019-20,33,Tamilnadu,3304,VELLORE,330413,KATPADI,23,"Private Unaided (Recognized)",3,"HSS (I-XII)",5,"Post graduate",3,"B.Ed. or equivalent",0,0,0,1,0,14,10,38,0,10,4,8,13,17,31,31,13,23,213,71,142
2019-20,33,Tamilnadu,3304,VELLORE,330414,K.V.KUPPAM,23,"Private Unaided (Recognized)",3,"HSS (I-XII)",5,"Post graduate",3,"B.Ed. or equivalent",0,0,0,0,1,6,1,9,0,7,0,0,4,10,5,4,11,10,68,22,46
2019-20,33,Tamilnadu,3304,VELLORE,330415,GUDIYATHAM,23,"Private Unaided (Recognized)",3,"HSS (I-XII)",5,"Post graduate",3,"B.Ed. or equivalent",0,0,0,0,0,1,4,6,0,1,0,3,0,3,0,4,1,10,33,5,28
2019-20,33,Tamilnadu,3304,VELLORE,330416,PERNAMBUT,23,"Private Unaided (Recognized)",3,"HSS (I-XII)",5,"Post graduate",3,"B.Ed. or equivalent",0,0,0,0,0,0,2,7,0,3,3,1,3,3,5,1,1,1,30,14,16
2019-20,33,Tamilnadu,3304,VELLORE,330417,MADHANUR,23,"Private Unaided (Recognized)",3,"HSS (I-XII)",5,"Post graduate",3,"B.Ed. or equivalent",0,0,0,0,0,9,3,17,0,3,1,6,14,13,19,8,15,17,125,52,73
2019-20,33,Tamilnadu,3304,VELLORE,330418,ALANGAYAM,23,"Private Unaided (Recognized)",3,"HSS (I-XII)",5,"Post graduate",3,"B.Ed. or equivalent",0,0,0,0,0,6,3,19,0,3,7,4,6,1,21,10,16,5,101,53,48
2019-20,33,Tamilnadu,3304,VELLORE,330419,NATRAMPALLI,23,"Private Unaided (Recognized)",3,"HSS (I-XII)",5,"Post graduate",3,"B.Ed. or equivalent",0,4,0,0,0,10,1,16,1,7,1,9,11,13,3,6,11,10,103,28,75
2019-20,33,Tamilnadu,3304,VELLORE,330420,JOLARPET,23,"Private Unaided (Recognized)",3,"HSS (I-XII)",5,"Post graduate",3,"B.Ed. or equivalent",0,0,0,0,0,17,4,16,0,3,0,8,9,8,9,6,18,10,108,40,68
2019-20,33,Tamilnadu,3304,VELLORE,330421,THIRUPATTUR,23,"Private Unaided (Recognized)",3,"HSS (I-XII)",5,"Post graduate",3,"B.Ed. or equivalent",0,2,0,0,1,9,4,25,7,9,5,12,2,16,18,11,2,4,127,39,88
2019-20,33,Tamilnadu,3304,VELLORE,330422,KANDHILI,23,"Private Unaided (Recognized)",3,"HSS (I-XII)",5,"Post graduate",3,"B.Ed. or equivalent",0,0,0,0,0,1,3,21,1,6,1,4,8,12,13,5,11,10,96,37,59
2019-20,33,Tamilnadu,3304,VELLORE,330408,ARCOT,23,"Private Unaided (Recognized)",5,"HSS (VI-XII)",5,"Post graduate",3,"B.Ed. or equivalent",0,0,0,0,0,0,0,0,1,0,6,0,1,0,9,0,3,0,20,20,0
2019-20,33,Tamilnadu,3304,VELLORE,330409,"VELLORE RURAL",23,"Private Unaided (Recognized)",5,"HSS (VI-XII)",5,"Post graduate",3,"B.Ed. or equivalent",0,0,0,0,0,0,0,0,0,1,0,0,0,0,3,1,0,0,5,3,2
2019-20,33,Tamilnadu,3304,VELLORE,330411,KANIYAMBADI,23,"Private Unaided (Recognized)",5,"HSS (VI-XII)",5,"Post graduate",3,"B.Ed. or equivalent",0,0,0,0,0,0,0,0,0,0,0,0,3,4,3,0,2,3,15,8,7
2019-20,33,Tamilnadu,3304,VELLORE,330417,MADHANUR,23,"Private Unaided (Recognized)",5,"HSS (VI-XII)",5,"Post graduate",3,"B.Ed. or equivalent",0,0,0,0,0,0,0,0,0,0,2,0,4,2,0,0,8,0,16,14,2
2019-20,33,Tamilnadu,3304,VELLORE,330402,NEMILI,23,"Private Unaided (Recognized)",6,"SS (I-X)",5,"Post graduate",3,"B.Ed. or equivalent",0,0,0,0,0,0,0,0,0,2,0,0,2,1,0,0,0,0,5,2,3
2019-20,33,Tamilnadu,3304,VELLORE,330403,KAVERIPAKKAM,23,"Private Unaided (Recognized)",6,"SS (I-X)",5,"Post graduate",3,"B.Ed. or equivalent",0,0,0,0,0,2,1,16,1,1,1,0,1,0,0,0,0,0,23,4,19
2019-20,33,Tamilnadu,3304,VELLORE,330404,SHOLINGAR,23,"Private Unaided (Recognized)",6,"SS (I-X)",5,"Post graduate",3,"B.Ed. or equivalent",0,0,0,0,0,0,0,1,0,1,0,0,1,5,0,0,0,0,8,1,7
2019-20,33,Tamilnadu,3304,VELLORE,330405,"WALAJA WEST",23,"Private Unaided (Recognized)",6,"SS (I-X)",5,"Post graduate",3,"B.Ed. or equivalent",0,0,0,0,0,0,0,0,1,2,0,0,0,0,0,0,0,0,3,1,2
2019-20,33,Tamilnadu,3304,VELLORE,330406,"WALAJA EAST",23,"Private Unaided (Recognized)",6,"SS (I-X)",5,"Post graduate",3,"B.Ed. or equivalent",0,0,0,0,0,6,0,6,0,9,0,0,1,19,0,0,0,0,41,1,40
2019-20,33,Tamilnadu,3304,VELLORE,330407,TIMIRI,23,"Private Unaided (Recognized)",6,"SS (I-X)",5,"Post graduate",3,"B.Ed. or equivalent",0,0,0,0,1,0,0,0,0,0,1,2,1,2,0,0,0,0,7,3,4
2019-20,33,Tamilnadu,3304,VELLORE,330408,ARCOT,23,"Private Unaided (Recognized)",6,"SS (I-X)",5,"Post graduate",3,"B.Ed. or equivalent",0,0,0,0,0,0,0,0,0,0,0,0,2,15,0,0,0,0,17,2,15
2019-20,33,Tamilnadu,3304,VELLORE,330409,"VELLORE RURAL",23,"Private Unaided (Recognized)",6,"SS (I-X)",5,"Post graduate",3,"B.Ed. or equivalent",0,0,0,0,0,0,0,0,0,0,0,0,2,5,0,0,0,0,7,2,5
2019-20,33,Tamilnadu,3304,VELLORE,330410,"VELLORE URBAN",23,"Private Unaided (Recognized)",6,"SS (I-X)",5,"Post graduate",3,"B.Ed. or equivalent",0,0,0,0,0,0,1,4,0,0,1,3,1,2,0,0,0,0,12,3,9
2019-20,33,Tamilnadu,3304,VELLORE,330411,KANIYAMBADI,23,"Private Unaided (Recognized)",6,"SS (I-X)",5,"Post graduate",3,"B.Ed. or equivalent",0,0,0,0,0,2,0,2,0,0,0,3,1,2,0,0,0,0,10,1,9
2019-20,33,Tamilnadu,3304,VELLORE,330412,ANAICUT,23,"Private Unaided (Recognized)",6,"SS (I-X)",5,"Post graduate",3,"B.Ed. or equivalent",0,0,0,0,0,4,0,3,0,2,4,1,2,1,0,0,0,0,17,6,11
2019-20,33,Tamilnadu,3304,VELLORE,330413,KATPADI,23,"Private Unaided (Recognized)",6,"SS (I-X)",5,"Post graduate",3,"B.Ed. or equivalent",0,0,0,0,2,8,1,3,0,1,2,2,1,20,0,0,0,0,40,6,34
2019-20,33,Tamilnadu,3304,VELLORE,330414,K.V.KUPPAM,23,"Private Unaided (Recognized)",6,"SS (I-X)",5,"Post graduate",3,"B.Ed. or equivalent",0,0,0,0,0,0,0,0,0,12,0,0,0,0,0,0,0,0,12,0,12
2019-20,33,Tamilnadu,3304,VELLORE,330415,GUDIYATHAM,23,"Private Unaided (Recognized)",6,"SS (I-X)",5,"Post graduate",3,"B.Ed. or equivalent",0,0,0,0,1,6,0,8,2,12,3,8,10,15,0,0,0,0,65,16,49
2019-20,33,Tamilnadu,3304,VELLORE,330416,PERNAMBUT,23,"Private Unaided (Recognized)",6,"SS (I-X)",5,"Post graduate",3,"B.Ed. or equivalent",0,0,0,0,0,0,0,3,0,1,1,0,8,5,0,0,0,0,18,9,9
2019-20,33,Tamilnadu,3304,VELLORE,330417,MADHANUR,23,"Private Unaided (Recognized)",6,"SS (I-X)",5,"Post graduate",3,"B.Ed. or equivalent",0,0,0,0,0,2,0,1,0,0,0,2,2,8,0,0,0,0,15,2,13
2019-20,33,Tamilnadu,3304,VELLORE,330418,ALANGAYAM,23,"Private Unaided (Recognized)",6,"SS (I-X)",5,"Post graduate",3,"B.Ed. or equivalent",0,0,0,0,0,2,0,3,1,5,0,0,4,5,0,0,0,0,20,5,15
2019-20,33,Tamilnadu,3304,VELLORE,330419,NATRAMPALLI,23,"Private Unaided (Recognized)",6,"SS (I-X)",5,"Post graduate",3,"B.Ed. or equivalent",0,0,0,0,0,5,0,0,2,3,0,7,3,12,0,0,0,0,32,5,27
2019-20,33,Tamilnadu,3304,VELLORE,330420,JOLARPET,23,"Private Unaided (Recognized)",6,"SS (I-X)",5,"Post graduate",3,"B.Ed. or equivalent",0,0,0,0,0,7,1,3,0,1,3,3,1,2,0,0,0,0,21,5,16
2019-20,33,Tamilnadu,3304,VELLORE,330422,KANDHILI,23,"Private Unaided (Recognized)",6,"SS (I-X)",5,"Post graduate",3,"B.Ed. or equivalent",0,0,0,0,0,2,6,15,2,3,0,1,6,9,0,0,0,0,44,14,30
2019-20,33,Tamilnadu,3304,VELLORE,330410,"VELLORE URBAN",23,"Private Unaided (Recognized)",2,"UPS (I-VIII)",5,"Post graduate",4,"M.Ed. or equivalent",0,0,0,0,0,0,0,1,0,0,0,0,0,0,0,0,0,0,1,0,1
2019-20,33,Tamilnadu,3304,VELLORE,330416,PERNAMBUT,23,"Private Unaided (Recognized)",2,"UPS (I-VIII)",5,"Post graduate",4,"M.Ed. or equivalent",0,0,0,0,0,0,0,0,1,1,0,0,0,0,0,0,0,0,2,1,1
2019-20,33,Tamilnadu,3304,VELLORE,330419,NATRAMPALLI,23,"Private Unaided (Recognized)",2,"UPS (I-VIII)",5,"Post graduate",4,"M.Ed. or equivalent",0,0,0,0,0,0,0,0,0,1,0,0,0,0,0,0,0,0,1,0,1
2019-20,33,Tamilnadu,3304,VELLORE,330401,ARAKKONAM,23,"Private Unaided (Recognized)",3,"HSS (I-XII)",5,"Post graduate",4,"M.Ed. or equivalent",0,0,0,0,0,0,3,3,0,0,1,0,2,1,2,4,1,2,19,9,10
2019-20,33,Tamilnadu,3304,VELLORE,330402,NEMILI,23,"Private Unaided (Recognized)",3,"HSS (I-XII)",5,"Post graduate",4,"M.Ed. or equivalent",0,0,0,0,0,2,0,3,0,1,0,2,2,1,6,3,1,2,23,9,14
2019-20,33,Tamilnadu,3304,VELLORE,330403,KAVERIPAKKAM,23,"Private Unaided (Recognized)",3,"HSS (I-XII)",5,"Post graduate",4,"M.Ed. or equivalent",0,0,0,0,0,0,0,1,0,1,0,0,0,0,0,1,1,1,5,1,4
2019-20,33,Tamilnadu,3304,VELLORE,330404,SHOLINGAR,23,"Private Unaided (Recognized)",3,"HSS (I-XII)",5,"Post graduate",4,"M.Ed. or equivalent",0,0,0,0,0,0,1,0,0,0,0,0,0,0,1,1,4,0,7,6,1
2019-20,33,Tamilnadu,3304,VELLORE,330405,"WALAJA WEST",23,"Private Unaided (Recognized)",3,"HSS (I-XII)",5,"Post graduate",4,"M.Ed. or equivalent",0,0,0,0,0,0,0,1,0,0,2,3,0,0,2,3,0,3,14,4,10
2019-20,33,Tamilnadu,3304,VELLORE,330406,"WALAJA EAST",23,"Private Unaided (Recognized)",3,"HSS (I-XII)",5,"Post graduate",4,"M.Ed. or equivalent",0,0,0,0,0,1,0,1,0,0,0,1,0,0,1,3,2,2,11,3,8
2019-20,33,Tamilnadu,3304,VELLORE,330407,TIMIRI,23,"Private Unaided (Recognized)",3,"HSS (I-XII)",5,"Post graduate",4,"M.Ed. or equivalent",0,0,0,0,0,0,0,1,1,0,0,0,0,0,2,2,1,2,9,4,5
2019-20,33,Tamilnadu,3304,VELLORE,330408,ARCOT,23,"Private Unaided (Recognized)",3,"HSS (I-XII)",5,"Post graduate",4,"M.Ed. or equivalent",0,0,0,0,0,0,0,0,1,0,1,1,0,0,1,1,0,1,6,3,3
2019-20,33,Tamilnadu,3304,VELLORE,330409,"VELLORE RURAL",23,"Private Unaided (Recognized)",3,"HSS (I-XII)",5,"Post graduate",4,"M.Ed. or equivalent",0,0,0,0,0,0,0,0,0,0,0,0,0,0,0,0,1,2,3,1,2
2019-20,33,Tamilnadu,3304,VELLORE,330410,"VELLORE URBAN",23,"Private Unaided (Recognized)",3,"HSS (I-XII)",5,"Post graduate",4,"M.Ed. or equivalent",0,0,0,0,0,0,0,0,0,0,0,1,0,0,1,2,0,1,5,1,4
2019-20,33,Tamilnadu,3304,VELLORE,330411,KANIYAMBADI,23,"Private Unaided (Recognized)",3,"HSS (I-XII)",5,"Post graduate",4,"M.Ed. or equivalent",0,0,0,0,0,0,0,0,0,0,0,2,2,2,5,3,0,2,16,7,9
2019-20,33,Tamilnadu,3304,VELLORE,330412,ANAICUT,23,"Private Unaided (Recognized)",3,"HSS (I-XII)",5,"Post graduate",4,"M.Ed. or equivalent",0,0,0,0,0,0,0,0,0,1,0,1,1,0,1,0,1,1,6,3,3
2019-20,33,Tamilnadu,3304,VELLORE,330413,KATPADI,23,"Private Unaided (Recognized)",3,"HSS (I-XII)",5,"Post graduate",4,"M.Ed. or equivalent",0,0,0,0,0,1,0,6,0,3,0,3,0,2,5,5,2,6,33,7,26
2019-20,33,Tamilnadu,3304,VELLORE,330414,K.V.KUPPAM,23,"Private Unaided (Recognized)",3,"HSS (I-XII)",5,"Post graduate",4,"M.Ed. or equivalent",0,0,0,0,0,0,0,0,1,1,0,0,1,0,0,0,0,0,3,2,1
2019-20,33,Tamilnadu,3304,VELLORE,330415,GUDIYATHAM,23,"Private Unaided (Recognized)",3,"HSS (I-XII)",5,"Post graduate",4,"M.Ed. or equivalent",0,0,0,0,0,1,0,1,0,0,0,0,1,2,3,2,2,0,12,6,6
2019-20,33,Tamilnadu,3304,VELLORE,330416,PERNAMBUT,23,"Private Unaided (Recognized)",3,"HSS (I-XII)",5,"Post graduate",4,"M.Ed. or equivalent",0,0,0,0,0,0,0,0,0,0,0,0,2,0,0,1,1,0,4,3,1
2019-20,33,Tamilnadu,3304,VELLORE,330417,MADHANUR,23,"Private Unaided (Recognized)",3,"HSS (I-XII)",5,"Post graduate",4,"M.Ed. or equivalent",0,0,0,0,0,0,1,1,0,1,0,3,2,2,4,1,4,1,20,11,9
2019-20,33,Tamilnadu,3304,VELLORE,330418,ALANGAYAM,23,"Private Unaided (Recognized)",3,"HSS (I-XII)",5,"Post graduate",4,"M.Ed. or equivalent",0,0,0,0,1,0,1,0,0,0,0,0,0,0,1,1,1,2,7,4,3
2019-20,33,Tamilnadu,3304,VELLORE,330419,NATRAMPALLI,23,"Private Unaided (Recognized)",3,"HSS (I-XII)",5,"Post graduate",4,"M.Ed. or equivalent",0,1,0,0,0,0,1,0,0,0,0,1,0,0,0,2,2,2,9,3,6
2019-20,33,Tamilnadu,3304,VELLORE,330420,JOLARPET,23,"Private Unaided (Recognized)",3,"HSS (I-XII)",5,"Post graduate",4,"M.Ed. or equivalent",0,0,0,0,0,1,0,0,0,1,0,0,1,2,4,5,4,5,23,9,14
2019-20,33,Tamilnadu,3304,VELLORE,330421,THIRUPATTUR,23,"Private Unaided (Recognized)",3,"HSS (I-XII)",5,"Post graduate",4,"M.Ed. or equivalent",0,0,0,0,0,1,0,0,0,1,1,1,0,0,1,1,1,1,8,3,5
2019-20,33,Tamilnadu,3304,VELLORE,330422,KANDHILI,23,"Private Unaided (Recognized)",3,"HSS (I-XII)",5,"Post graduate",4,"M.Ed. or equivalent",0,0,0,0,0,0,0,2,0,0,0,2,0,0,3,0,1,1,9,4,5
2019-20,33,Tamilnadu,3304,VELLORE,330408,ARCOT,23,"Private Unaided (Recognized)",5,"HSS (VI-XII)",5,"Post graduate",4,"M.Ed. or equivalent",0,0,0,0,0,0,0,0,0,0,0,0,0,0,1,0,0,0,1,1,0
2019-20,33,Tamilnadu,3304,VELLORE,330411,KANIYAMBADI,23,"Private Unaided (Recognized)",5,"HSS (VI-XII)",5,"Post graduate",4,"M.Ed. or equivalent",0,0,0,0,0,0,0,0,0,0,0,0,1,0,1,0,0,0,2,2,0
2019-20,33,Tamilnadu,3304,VELLORE,330417,MADHANUR,23,"Private Unaided (Recognized)",5,"HSS (VI-XII)",5,"Post graduate",4,"M.Ed. or equivalent",0,0,0,0,0,0,0,0,0,0,1,0,0,0,0,0,6,0,7,7,0
2019-20,33,Tamilnadu,3304,VELLORE,330402,NEMILI,23,"Private Unaided (Recognized)",6,"SS (I-X)",5,"Post graduate",4,"M.Ed. or equivalent",0,0,0,0,0,0,0,0,1,0,0,0,0,1,0,0,0,0,2,1,1
2019-20,33,Tamilnadu,3304,VELLORE,330403,KAVERIPAKKAM,23,"Private Unaided (Recognized)",6,"SS (I-X)",5,"Post graduate",4,"M.Ed. or equivalent",0,0,0,0,0,0,1,1,0,0,0,1,0,0,0,0,0,0,3,1,2
2019-20,33,Tamilnadu,3304,VELLORE,330404,SHOLINGAR,23,"Private Unaided (Recognized)",6,"SS (I-X)",5,"Post graduate",4,"M.Ed. or equivalent",0,0,0,0,0,0,0,0,0,0,0,0,3,0,0,0,0,0,3,3,0
2019-20,33,Tamilnadu,3304,VELLORE,330406,"WALAJA EAST",23,"Private Unaided (Recognized)",6,"SS (I-X)",5,"Post graduate",4,"M.Ed. or equivalent",0,0,0,0,0,1,0,0,0,1,0,0,1,0,0,0,0,0,3,1,2
2019-20,33,Tamilnadu,3304,VELLORE,330407,TIMIRI,23,"Private Unaided (Recognized)",6,"SS (I-X)",5,"Post graduate",4,"M.Ed. or equivalent",0,0,0,0,0,1,0,0,0,0,0,1,0,0,0,0,0,0,2,0,2
2019-20,33,Tamilnadu,3304,VELLORE,330409,"VELLORE RURAL",23,"Private Unaided (Recognized)",6,"SS (I-X)",5,"Post graduate",4,"M.Ed. or equivalent",0,0,0,0,0,0,0,0,0,0,0,0,0,2,0,0,0,0,2,0,2
2019-20,33,Tamilnadu,3304,VELLORE,330410,"VELLORE URBAN",23,"Private Unaided (Recognized)",6,"SS (I-X)",5,"Post graduate",4,"M.Ed. or equivalent",0,0,0,0,0,0,0,0,0,0,0,1,0,0,0,0,0,0,1,0,1
2019-20,33,Tamilnadu,3304,VELLORE,330411,KANIYAMBADI,23,"Private Unaided (Recognized)",6,"SS (I-X)",5,"Post graduate",4,"M.Ed. or equivalent",0,0,0,0,0,0,0,0,0,0,0,0,1,0,0,0,0,0,1,1,0
2019-20,33,Tamilnadu,3304,VELLORE,330412,ANAICUT,23,"Private Unaided (Recognized)",6,"SS (I-X)",5,"Post graduate",4,"M.Ed. or equivalent",0,0,0,0,0,0,0,0,0,0,0,0,1,1,0,0,0,0,2,1,1
2019-20,33,Tamilnadu,3304,VELLORE,330413,KATPADI,23,"Private Unaided (Recognized)",6,"SS (I-X)",5,"Post graduate",4,"M.Ed. or equivalent",0,0,0,0,0,0,0,0,1,0,0,0,3,0,0,0,0,0,4,4,0
2019-20,33,Tamilnadu,3304,VELLORE,330415,GUDIYATHAM,23,"Private Unaided (Recognized)",6,"SS (I-X)",5,"Post graduate",4,"M.Ed. or equivalent",0,0,0,0,0,1,0,0,0,0,0,0,1,0,0,0,0,0,2,1,1
2019-20,33,Tamilnadu,3304,VELLORE,330416,PERNAMBUT,23,"Private Unaided (Recognized)",6,"SS (I-X)",5,"Post graduate",4,"M.Ed. or equivalent",0,0,0,0,0,0,0,3,0,1,0,0,1,1,0,0,0,0,6,1,5
2019-20,33,Tamilnadu,3304,VELLORE,330417,MADHANUR,23,"Private Unaided (Recognized)",6,"SS (I-X)",5,"Post graduate",4,"M.Ed. or equivalent",0,0,0,0,0,1,1,1,1,0,0,0,3,2,0,0,0,0,9,5,4
2019-20,33,Tamilnadu,3304,VELLORE,330418,ALANGAYAM,23,"Private Unaided (Recognized)",6,"SS (I-X)",5,"Post graduate",4,"M.Ed. or equivalent",0,0,0,0,0,0,0,1,0,0,0,1,0,0,0,0,0,0,2,0,2
2019-20,33,Tamilnadu,3304,VELLORE,330420,JOLARPET,23,"Private Unaided (Recognized)",6,"SS (I-X)",5,"Post graduate",4,"M.Ed. or equivalent",0,0,0,0,0,0,0,1,0,0,0,0,0,1,0,0,0,0,2,0,2
2019-20,33,Tamilnadu,3304,VELLORE,330422,KANDHILI,23,"Private Unaided (Recognized)",6,"SS (I-X)",5,"Post graduate",4,"M.Ed. or equivalent",0,0,0,0,0,1,0,0,0,0,0,0,2,0,0,0,0,0,3,2,1
2019-20,33,Tamilnadu,3304,VELLORE,330421,THIRUPATTUR,23,"Private Unaided (Recognized)",1,"PS (I-V)",5,"Post graduate",5,Others,0,0,0,0,0,1,0,0,0,0,0,0,0,0,0,0,0,0,1,0,1
2019-20,33,Tamilnadu,3304,VELLORE,330409,"VELLORE RURAL",23,"Private Unaided (Recognized)",2,"UPS (I-VIII)",5,"Post graduate",5,Others,0,0,0,0,0,0,0,0,0,1,0,0,0,0,0,0,0,0,1,0,1
2019-20,33,Tamilnadu,3304,VELLORE,330420,JOLARPET,23,"Private Unaided (Recognized)",2,"UPS (I-VIII)",5,"Post graduate",5,Others,0,0,0,0,0,0,0,0,0,1,0,0,0,0,0,0,0,0,1,0,1
2019-20,33,Tamilnadu,3304,VELLORE,330401,ARAKKONAM,23,"Private Unaided (Recognized)",3,"HSS (I-XII)",5,"Post graduate",5,Others,0,0,0,0,0,2,0,2,0,0,0,0,0,0,0,0,0,0,4,0,4
2019-20,33,Tamilnadu,3304,VELLORE,330404,SHOLINGAR,23,"Private Unaided (Recognized)",3,"HSS (I-XII)",5,"Post graduate",5,Others,0,0,0,0,0,0,0,1,0,0,0,0,0,0,0,0,0,0,1,0,1
2019-20,33,Tamilnadu,3304,VELLORE,330405,"WALAJA WEST",23,"Private Unaided (Recognized)",3,"HSS (I-XII)",5,"Post graduate",5,Others,0,0,0,0,0,0,0,0,0,0,0,1,0,0,0,0,0,0,1,0,1
2019-20,33,Tamilnadu,3304,VELLORE,330406,"WALAJA EAST",23,"Private Unaided (Recognized)",3,"HSS (I-XII)",5,"Post graduate",5,Others,0,0,0,0,0,1,0,0,0,0,0,0,0,0,0,0,0,0,1,0,1
2019-20,33,Tamilnadu,3304,VELLORE,330407,TIMIRI,23,"Private Unaided (Recognized)",3,"HSS (I-XII)",5,"Post graduate",5,Others,0,1,0,0,0,0,0,0,0,0,0,0,0,0,0,0,0,0,1,0,1
2019-20,33,Tamilnadu,3304,VELLORE,330408,ARCOT,23,"Private Unaided (Recognized)",3,"HSS (I-XII)",5,"Post graduate",5,Others,0,1,0,0,0,1,0,0,0,0,0,1,0,0,0,0,0,0,3,0,3
2019-20,33,Tamilnadu,3304,VELLORE,330409,"VELLORE RURAL",23,"Private Unaided (Recognized)",3,"HSS (I-XII)",5,"Post graduate",5,Others,0,2,0,0,0,1,1,0,0,1,0,0,0,0,0,0,0,0,5,1,4
2019-20,33,Tamilnadu,3304,VELLORE,330411,KANIYAMBADI,23,"Private Unaided (Recognized)",3,"HSS (I-XII)",5,"Post graduate",5,Others,0,0,0,0,0,1,0,0,1,1,0,0,0,1,0,0,0,0,4,1,3
2019-20,33,Tamilnadu,3304,VELLORE,330412,ANAICUT,23,"Private Unaided (Recognized)",3,"HSS (I-XII)",5,"Post graduate",5,Others,0,0,0,0,0,0,0,0,0,1,0,0,0,0,0,0,0,1,2,0,2
2019-20,33,Tamilnadu,3304,VELLORE,330413,KATPADI,23,"Private Unaided (Recognized)",3,"HSS (I-XII)",5,"Post graduate",5,Others,0,0,0,0,0,1,0,1,0,0,0,0,1,2,1,0,1,1,8,3,5
2019-20,33,Tamilnadu,3304,VELLORE,330414,K.V.KUPPAM,23,"Private Unaided (Recognized)",3,"HSS (I-XII)",5,"Post graduate",5,Others,0,0,0,0,0,2,0,6,0,4,0,0,0,2,0,0,0,2,16,0,16
2019-20,33,Tamilnadu,3304,VELLORE,330415,GUDIYATHAM,23,"Private Unaided (Recognized)",3,"HSS (I-XII)",5,"Post graduate",5,Others,0,0,0,0,0,1,0,0,0,0,0,0,0,0,0,1,0,0,2,0,2
2019-20,33,Tamilnadu,3304,VELLORE,330416,PERNAMBUT,23,"Private Unaided (Recognized)",3,"HSS (I-XII)",5,"Post graduate",5,Others,0,0,0,0,0,1,0,0,0,0,0,0,0,1,0,1,0,0,3,0,3
2019-20,33,Tamilnadu,3304,VELLORE,330417,MADHANUR,23,"Private Unaided (Recognized)",3,"HSS (I-XII)",5,"Post graduate",5,Others,0,0,0,0,0,0,1,0,0,0,0,0,1,0,2,1,0,1,6,4,2
2019-20,33,Tamilnadu,3304,VELLORE,330418,ALANGAYAM,23,"Private Unaided (Recognized)",3,"HSS (I-XII)",5,"Post graduate",5,Others,0,0,0,0,0,1,0,0,1,0,0,0,0,2,1,0,0,0,5,2,3
2019-20,33,Tamilnadu,3304,VELLORE,330419,NATRAMPALLI,23,"Private Unaided (Recognized)",3,"HSS (I-XII)",5,"Post graduate",5,Others,0,0,0,0,0,0,0,2,0,1,0,0,0,3,0,3,0,0,9,0,9
2019-20,33,Tamilnadu,3304,VELLORE,330421,THIRUPATTUR,23,"Private Unaided (Recognized)",3,"HSS (I-XII)",5,"Post graduate",5,Others,0,0,0,0,0,1,0,0,0,0,0,0,0,0,0,0,0,0,1,0,1
2019-20,33,Tamilnadu,3304,VELLORE,330422,KANDHILI,23,"Private Unaided (Recognized)",3,"HSS (I-XII)",5,"Post graduate",5,Others,0,0,0,0,0,0,0,1,0,0,0,0,0,0,0,0,0,0,1,0,1
2019-20,33,Tamilnadu,3304,VELLORE,330408,ARCOT,23,"Private Unaided (Recognized)",5,"HSS (VI-XII)",5,"Post graduate",5,Others,0,0,0,0,0,0,0,0,1,0,2,0,0,0,0,0,0,0,3,3,0
2019-20,33,Tamilnadu,3304,VELLORE,330409,"VELLORE RURAL",23,"Private Unaided (Recognized)",5,"HSS (VI-XII)",5,"Post graduate",5,Others,0,0,0,0,0,0,0,0,1,0,0,0,0,0,0,0,0,0,1,1,0
2019-20,33,Tamilnadu,3304,VELLORE,330411,KANIYAMBADI,23,"Private Unaided (Recognized)",5,"HSS (VI-XII)",5,"Post graduate",5,Others,0,0,0,0,0,0,0,0,0,0,0,0,0,0,1,0,1,0,2,2,0
2019-20,33,Tamilnadu,3304,VELLORE,330404,SHOLINGAR,23,"Private Unaided (Recognized)",6,"SS (I-X)",5,"Post graduate",5,Others,0,0,0,0,0,1,0,0,0,1,0,0,0,0,0,0,0,0,2,0,2
2019-20,33,Tamilnadu,3304,VELLORE,330406,"WALAJA EAST",23,"Private Unaided (Recognized)",6,"SS (I-X)",5,"Post graduate",5,Others,0,0,0,0,0,1,0,0,0,0,0,0,1,1,0,0,0,0,3,1,2
2019-20,33,Tamilnadu,3304,VELLORE,330408,ARCOT,23,"Private Unaided (Recognized)",6,"SS (I-X)",5,"Post graduate",5,Others,0,0,0,0,0,1,0,0,0,0,0,0,0,0,0,0,0,0,1,0,1
2019-20,33,Tamilnadu,3304,VELLORE,330410,"VELLORE URBAN",23,"Private Unaided (Recognized)",6,"SS (I-X)",5,"Post graduate",5,Others,0,0,0,0,0,0,0,1,0,0,0,0,0,1,0,0,0,0,2,0,2
2019-20,33,Tamilnadu,3304,VELLORE,330413,KATPADI,23,"Private Unaided (Recognized)",6,"SS (I-X)",5,"Post graduate",5,Others,0,0,0,0,0,0,0,2,0,0,0,0,0,1,0,0,0,0,3,0,3
2019-20,33,Tamilnadu,3304,VELLORE,330414,K.V.KUPPAM,23,"Private Unaided (Recognized)",6,"SS (I-X)",5,"Post graduate",5,Others,0,0,0,0,0,0,0,0,0,1,0,0,0,0,0,0,0,0,1,0,1
2019-20,33,Tamilnadu,3304,VELLORE,330415,GUDIYATHAM,23,"Private Unaided (Recognized)",6,"SS (I-X)",5,"Post graduate",5,Others,0,0,0,0,0,2,0,1,0,1,0,0,1,0,0,0,0,0,5,1,4
2019-20,33,Tamilnadu,3304,VELLORE,330417,MADHANUR,23,"Private Unaided (Recognized)",6,"SS (I-X)",5,"Post graduate",5,Others,0,0,0,0,0,1,0,0,0,1,0,0,0,0,0,0,0,0,2,0,2
2019-20,33,Tamilnadu,3304,VELLORE,330420,JOLARPET,23,"Private Unaided (Recognized)",6,"SS (I-X)",5,"Post graduate",5,Others,0,0,0,0,0,1,0,0,0,0,1,0,0,0,0,0,0,0,2,1,1
2019-20,33,Tamilnadu,3304,VELLORE,330404,SHOLINGAR,23,"Private Unaided (Recognized)",2,"UPS (I-VIII)",5,"Post graduate",6,None,0,0,0,0,0,0,0,1,0,0,0,0,0,0,0,0,0,0,1,0,1
2019-20,33,Tamilnadu,3304,VELLORE,330406,"WALAJA EAST",23,"Private Unaided (Recognized)",2,"UPS (I-VIII)",5,"Post graduate",6,None,0,0,0,0,0,1,0,0,0,0,0,0,0,0,0,0,0,0,1,0,1
2019-20,33,Tamilnadu,3304,VELLORE,330407,TIMIRI,23,"Private Unaided (Recognized)",2,"UPS (I-VIII)",5,"Post graduate",6,None,0,0,0,0,0,0,0,0,0,1,0,0,0,0,0,0,0,0,1,0,1
2019-20,33,Tamilnadu,3304,VELLORE,330410,"VELLORE URBAN",23,"Private Unaided (Recognized)",2,"UPS (I-VIII)",5,"Post graduate",6,None,0,0,0,0,0,1,0,0,0,0,0,0,0,0,0,0,0,0,1,0,1
2019-20,33,Tamilnadu,3304,VELLORE,330415,GUDIYATHAM,23,"Private Unaided (Recognized)",2,"UPS (I-VIII)",5,"Post graduate",6,None,0,0,0,0,0,0,0,0,0,2,0,0,0,0,0,0,0,0,2,0,2
2019-20,33,Tamilnadu,3304,VELLORE,330416,PERNAMBUT,23,"Private Unaided (Recognized)",2,"UPS (I-VIII)",5,"Post graduate",6,None,0,0,0,0,0,0,0,0,1,1,0,0,0,0,0,0,0,0,2,1,1
2019-20,33,Tamilnadu,3304,VELLORE,330419,NATRAMPALLI,23,"Private Unaided (Recognized)",2,"UPS (I-VIII)",5,"Post graduate",6,None,0,0,0,0,0,0,0,0,1,0,0,0,0,0,0,0,0,0,1,1,0
2019-20,33,Tamilnadu,3304,VELLORE,330401,ARAKKONAM,23,"Private Unaided (Recognized)",3,"HSS (I-XII)",5,"Post graduate",6,None,0,0,0,1,0,4,0,0,0,0,0,0,0,0,0,0,0,0,5,0,5
2019-20,33,Tamilnadu,3304,VELLORE,330402,NEMILI,23,"Private Unaided (Recognized)",3,"HSS (I-XII)",5,"Post graduate",6,None,0,0,0,0,0,2,0,0,0,1,0,0,0,0,0,0,0,0,3,0,3
2019-20,33,Tamilnadu,3304,VELLORE,330403,KAVERIPAKKAM,23,"Private Unaided (Recognized)",3,"HSS (I-XII)",5,"Post graduate",6,None,0,0,0,0,0,0,0,0,0,0,0,0,0,0,0,0,1,0,1,1,0
2019-20,33,Tamilnadu,3304,VELLORE,330405,"WALAJA WEST",23,"Private Unaided (Recognized)",3,"HSS (I-XII)",5,"Post graduate",6,None,0,1,0,0,0,0,0,0,0,0,0,0,1,0,0,0,0,0,2,1,1
2019-20,33,Tamilnadu,3304,VELLORE,330406,"WALAJA EAST",23,"Private Unaided (Recognized)",3,"HSS (I-XII)",5,"Post graduate",6,None,0,0,0,0,0,4,0,1,0,2,0,0,1,1,2,0,1,0,12,4,8
2019-20,33,Tamilnadu,3304,VELLORE,330407,TIMIRI,23,"Private Unaided (Recognized)",3,"HSS (I-XII)",5,"Post graduate",6,None,0,0,0,0,0,1,0,0,0,0,0,0,1,0,0,0,0,2,4,1,3
2019-20,33,Tamilnadu,3304,VELLORE,330408,ARCOT,23,"Private Unaided (Recognized)",3,"HSS (I-XII)",5,"Post graduate",6,None,0,0,0,0,0,1,0,0,0,0,0,0,0,0,0,0,0,0,1,0,1
2019-20,33,Tamilnadu,3304,VELLORE,330409,"VELLORE RURAL",23,"Private Unaided (Recognized)",3,"HSS (I-XII)",5,"Post graduate",6,None,0,0,0,0,0,5,0,1,0,5,0,0,0,1,0,0,2,1,15,2,13
2019-20,33,Tamilnadu,3304,VELLORE,330410,"VELLORE URBAN",23,"Private Unaided (Recognized)",3,"HSS (I-XII)",5,"Post graduate",6,None,0,0,0,0,0,0,0,0,0,0,0,1,0,0,0,0,1,0,2,1,1
2019-20,33,Tamilnadu,3304,VELLORE,330411,KANIYAMBADI,23,"Private Unaided (Recognized)",3,"HSS (I-XII)",5,"Post graduate",6,None,0,0,0,0,0,1,0,0,0,0,0,0,0,0,1,1,0,0,3,1,2
2019-20,33,Tamilnadu,3304,VELLORE,330412,ANAICUT,23,"Private Unaided (Recognized)",3,"HSS (I-XII)",5,"Post graduate",6,None,0,0,0,0,0,2,0,3,0,1,0,0,0,0,0,0,0,1,7,0,7
2019-20,33,Tamilnadu,3304,VELLORE,330413,KATPADI,23,"Private Unaided (Recognized)",3,"HSS (I-XII)",5,"Post graduate",6,None,0,0,0,0,0,1,0,6,1,0,0,0,0,1,0,0,1,2,12,2,10
2019-20,33,Tamilnadu,3304,VELLORE,330414,K.V.KUPPAM,23,"Private Unaided (Recognized)",3,"HSS (I-XII)",5,"Post graduate",6,None,0,0,0,0,0,0,0,0,0,0,0,0,0,0,0,0,3,0,3,3,0
2019-20,33,Tamilnadu,3304,VELLORE,330415,GUDIYATHAM,23,"Private Unaided (Recognized)",3,"HSS (I-XII)",5,"Post graduate",6,None,0,0,0,0,0,0,0,1,0,0,0,1,0,0,0,0,0,1,3,0,3
2019-20,33,Tamilnadu,3304,VELLORE,330416,PERNAMBUT,23,"Private Unaided (Recognized)",3,"HSS (I-XII)",5,"Post graduate",6,None,0,0,0,0,0,0,0,1,0,0,0,0,0,0,0,1,0,0,2,0,2
2019-20,33,Tamilnadu,3304,VELLORE,330417,MADHANUR,23,"Private Unaided (Recognized)",3,"HSS (I-XII)",5,"Post graduate",6,None,0,1,0,0,0,1,0,2,0,0,1,0,0,1,1,1,1,0,9,3,6
2019-20,33,Tamilnadu,3304,VELLORE,330418,ALANGAYAM,23,"Private Unaided (Recognized)",3,"HSS (I-XII)",5,"Post graduate",6,None,0,0,0,0,0,0,1,8,0,0,0,0,0,0,0,0,0,0,9,1,8
2019-20,33,Tamilnadu,3304,VELLORE,330419,NATRAMPALLI,23,"Private Unaided (Recognized)",3,"HSS (I-XII)",5,"Post graduate",6,None,0,0,0,1,0,3,0,0,0,1,0,1,0,1,0,3,0,0,10,0,10
2019-20,33,Tamilnadu,3304,VELLORE,330420,JOLARPET,23,"Private Unaided (Recognized)",3,"HSS (I-XII)",5,"Post graduate",6,None,0,0,0,0,0,2,0,1,0,1,0,0,0,0,1,0,0,0,5,1,4
2019-20,33,Tamilnadu,3304,VELLORE,330421,THIRUPATTUR,23,"Private Unaided (Recognized)",3,"HSS (I-XII)",5,"Post graduate",6,None,0,0,0,0,0,3,0,0,0,0,0,0,0,0,1,2,0,0,6,1,5
2019-20,33,Tamilnadu,3304,VELLORE,330422,KANDHILI,23,"Private Unaided (Recognized)",3,"HSS (I-XII)",5,"Post graduate",6,None,0,0,0,0,0,0,1,9,0,0,0,0,0,0,0,1,0,0,11,1,10
2019-20,33,Tamilnadu,3304,VELLORE,330408,ARCOT,23,"Private Unaided (Recognized)",5,"HSS (VI-XII)",5,"Post graduate",6,None,0,0,0,0,0,0,0,0,0,0,1,0,0,0,0,0,1,0,2,2,0
2019-20,33,Tamilnadu,3304,VELLORE,330409,"VELLORE RURAL",23,"Private Unaided (Recognized)",5,"HSS (VI-XII)",5,"Post graduate",6,None,0,0,0,0,0,0,0,0,1,0,0,0,0,0,0,0,0,0,1,1,0
2019-20,33,Tamilnadu,3304,VELLORE,330402,NEMILI,23,"Private Unaided (Recognized)",6,"SS (I-X)",5,"Post graduate",6,None,0,0,0,0,0,0,0,1,0,1,0,0,1,0,0,0,0,0,3,1,2
2019-20,33,Tamilnadu,3304,VELLORE,330403,KAVERIPAKKAM,23,"Private Unaided (Recognized)",6,"SS (I-X)",5,"Post graduate",6,None,0,0,0,0,0,0,0,1,0,0,0,0,0,0,0,0,0,0,1,0,1
2019-20,33,Tamilnadu,3304,VELLORE,330406,"WALAJA EAST",23,"Private Unaided (Recognized)",6,"SS (I-X)",5,"Post graduate",6,None,0,0,0,0,0,0,0,0,0,0,0,0,0,1,0,0,0,0,1,0,1
2019-20,33,Tamilnadu,3304,VELLORE,330416,PERNAMBUT,23,"Private Unaided (Recognized)",6,"SS (I-X)",5,"Post graduate",6,None,0,0,0,0,0,0,0,0,0,1,0,0,0,1,0,0,0,0,2,0,2
2019-20,33,Tamilnadu,3304,VELLORE,330417,MADHANUR,23,"Private Unaided (Recognized)",6,"SS (I-X)",5,"Post graduate",6,None,0,0,0,0,0,1,0,0,1,0,0,0,0,0,0,0,0,0,2,1,1
2019-20,33,Tamilnadu,3304,VELLORE,330422,KANDHILI,23,"Private Unaided (Recognized)",6,"SS (I-X)",5,"Post graduate",6,None,0,0,0,0,0,0,0,0,0,2,0,0,0,0,0,0,0,0,2,0,2
2019-20,33,Tamilnadu,3304,VELLORE,330422,KANDHILI,23,"Private Unaided (Recognized)",2,"UPS (I-VIII)",6,M.Phil,1,"Diploma or certificate in basic teachers training of a duration not less than two years",0,0,0,0,0,0,0,0,0,1,0,0,0,0,0,0,0,0,1,0,1
2019-20,33,Tamilnadu,3304,VELLORE,330410,"VELLORE URBAN",23,"Private Unaided (Recognized)",3,"HSS (I-XII)",6,M.Phil,1,"Diploma or certificate in basic teachers training of a duration not less than two years",0,0,0,0,0,1,0,0,0,0,0,0,0,0,0,0,0,0,1,0,1
2019-20,33,Tamilnadu,3304,VELLORE,330411,KANIYAMBADI,23,"Private Unaided (Recognized)",3,"HSS (I-XII)",6,M.Phil,1,"Diploma or certificate in basic teachers training of a duration not less than two years",0,1,0,0,0,0,0,0,0,0,0,1,0,0,0,0,0,0,2,0,2
2019-20,33,Tamilnadu,3304,VELLORE,330409,"VELLORE RURAL",23,"Private Unaided (Recognized)",6,"SS (I-X)",6,M.Phil,1,"Diploma or certificate in basic teachers training of a duration not less than two years",0,0,0,0,0,1,0,0,0,0,0,0,0,0,0,0,0,0,1,0,1
2019-20,33,Tamilnadu,3304,VELLORE,330404,SHOLINGAR,23,"Private Unaided (Recognized)",2,"UPS (I-VIII)",6,M.Phil,3,"B.Ed. or equivalent",0,0,0,0,0,0,0,0,1,0,0,0,0,0,0,0,0,0,1,1,0
2019-20,33,Tamilnadu,3304,VELLORE,330407,TIMIRI,23,"Private Unaided (Recognized)",2,"UPS (I-VIII)",6,M.Phil,3,"B.Ed. or equivalent",0,0,0,0,0,0,0,0,1,0,0,0,0,0,0,0,0,0,1,1,0
2019-20,33,Tamilnadu,3304,VELLORE,330409,"VELLORE RURAL",23,"Private Unaided (Recognized)",2,"UPS (I-VIII)",6,M.Phil,3,"B.Ed. or equivalent",0,0,0,0,0,0,0,0,0,1,0,0,0,0,0,0,0,0,1,0,1
2019-20,33,Tamilnadu,3304,VELLORE,330416,PERNAMBUT,23,"Private Unaided (Recognized)",2,"UPS (I-VIII)",6,M.Phil,3,"B.Ed. or equivalent",0,0,0,0,0,0,0,1,0,0,0,0,0,0,0,0,0,0,1,0,1
2019-20,33,Tamilnadu,3304,VELLORE,330420,JOLARPET,23,"Private Unaided (Recognized)",2,"UPS (I-VIII)",6,M.Phil,3,"B.Ed. or equivalent",0,0,0,0,0,0,0,0,0,1,0,0,0,0,0,0,0,0,1,0,1
2019-20,33,Tamilnadu,3304,VELLORE,330422,KANDHILI,23,"Private Unaided (Recognized)",2,"UPS (I-VIII)",6,M.Phil,3,"B.Ed. or equivalent",0,0,0,0,0,1,0,0,0,1,0,0,0,0,0,0,0,0,2,0,2
2019-20,33,Tamilnadu,3304,VELLORE,330401,ARAKKONAM,23,"Private Unaided (Recognized)",3,"HSS (I-XII)",6,M.Phil,3,"B.Ed. or equivalent",0,0,0,0,0,0,2,0,0,2,0,0,0,0,1,2,6,4,17,9,8
2019-20,33,Tamilnadu,3304,VELLORE,330402,NEMILI,23,"Private Unaided (Recognized)",3,"HSS (I-XII)",6,M.Phil,3,"B.Ed. or equivalent",0,0,0,0,0,0,0,0,0,0,0,0,1,0,1,0,1,0,3,3,0
2019-20,33,Tamilnadu,3304,VELLORE,330403,KAVERIPAKKAM,23,"Private Unaided (Recognized)",3,"HSS (I-XII)",6,M.Phil,3,"B.Ed. or equivalent",0,0,0,0,0,0,0,0,0,0,0,0,1,1,1,0,1,0,4,3,1
2019-20,33,Tamilnadu,3304,VELLORE,330404,SHOLINGAR,23,"Private Unaided (Recognized)",3,"HSS (I-XII)",6,M.Phil,3,"B.Ed. or equivalent",0,0,0,0,0,0,3,0,0,0,0,0,0,0,0,0,1,2,6,4,2
2019-20,33,Tamilnadu,3304,VELLORE,330405,"WALAJA WEST",23,"Private Unaided (Recognized)",3,"HSS (I-XII)",6,M.Phil,3,"B.Ed. or equivalent",0,0,0,0,0,0,0,0,0,0,1,1,0,1,1,0,1,1,6,3,3
2019-20,33,Tamilnadu,3304,VELLORE,330406,"WALAJA EAST",23,"Private Unaided (Recognized)",3,"HSS (I-XII)",6,M.Phil,3,"B.Ed. or equivalent",0,0,0,0,0,0,0,0,0,0,0,0,0,3,0,2,0,1,6,0,6
2019-20,33,Tamilnadu,3304,VELLORE,330407,TIMIRI,23,"Private Unaided (Recognized)",3,"HSS (I-XII)",6,M.Phil,3,"B.Ed. or equivalent",0,0,0,0,0,0,0,0,0,0,0,0,0,0,2,0,0,0,2,2,0
2019-20,33,Tamilnadu,3304,VELLORE,330408,ARCOT,23,"Private Unaided (Recognized)",3,"HSS (I-XII)",6,M.Phil,3,"B.Ed. or equivalent",0,0,0,0,0,0,0,0,0,0,0,1,0,0,0,1,0,1,3,0,3
2019-20,33,Tamilnadu,3304,VELLORE,330409,"VELLORE RURAL",23,"Private Unaided (Recognized)",3,"HSS (I-XII)",6,M.Phil,3,"B.Ed. or equivalent",0,0,0,0,0,0,0,0,0,2,0,2,1,1,1,6,1,2,16,3,13
2019-20,33,Tamilnadu,3304,VELLORE,330410,"VELLORE URBAN",23,"Private Unaided (Recognized)",3,"HSS (I-XII)",6,M.Phil,3,"B.Ed. or equivalent",0,0,0,0,0,0,0,2,0,0,0,1,0,1,2,3,3,4,16,5,11
2019-20,33,Tamilnadu,3304,VELLORE,330411,KANIYAMBADI,23,"Private Unaided (Recognized)",3,"HSS (I-XII)",6,M.Phil,3,"B.Ed. or equivalent",0,0,0,0,0,2,0,0,0,1,0,1,0,2,4,3,3,2,18,7,11
2019-20,33,Tamilnadu,3304,VELLORE,330412,ANAICUT,23,"Private Unaided (Recognized)",3,"HSS (I-XII)",6,M.Phil,3,"B.Ed. or equivalent",0,0,0,0,0,1,0,1,0,0,0,0,2,1,1,0,2,3,11,5,6
2019-20,33,Tamilnadu,3304,VELLORE,330413,KATPADI,23,"Private Unaided (Recognized)",3,"HSS (I-XII)",6,M.Phil,3,"B.Ed. or equivalent",0,0,0,0,0,1,1,2,0,1,0,0,1,1,4,4,13,4,32,19,13
2019-20,33,Tamilnadu,3304,VELLORE,330414,K.V.KUPPAM,23,"Private Unaided (Recognized)",3,"HSS (I-XII)",6,M.Phil,3,"B.Ed. or equivalent",0,0,0,0,0,0,0,1,0,2,1,0,1,0,3,3,2,1,14,7,7
2019-20,33,Tamilnadu,3304,VELLORE,330415,GUDIYATHAM,23,"Private Unaided (Recognized)",3,"HSS (I-XII)",6,M.Phil,3,"B.Ed. or equivalent",0,0,0,0,1,0,1,0,0,0,0,0,0,0,0,0,0,0,2,2,0
2019-20,33,Tamilnadu,3304,VELLORE,330416,PERNAMBUT,23,"Private Unaided (Recognized)",3,"HSS (I-XII)",6,M.Phil,3,"B.Ed. or equivalent",0,0,0,0,0,0,0,2,0,0,0,2,0,0,0,1,0,0,5,0,5
2019-20,33,Tamilnadu,3304,VELLORE,330417,MADHANUR,23,"Private Unaided (Recognized)",3,"HSS (I-XII)",6,M.Phil,3,"B.Ed. or equivalent",0,0,0,0,0,0,0,0,0,0,0,0,1,0,3,1,3,1,9,7,2
2019-20,33,Tamilnadu,3304,VELLORE,330418,ALANGAYAM,23,"Private Unaided (Recognized)",3,"HSS (I-XII)",6,M.Phil,3,"B.Ed. or equivalent",0,0,0,0,0,0,0,0,0,0,0,0,0,1,1,3,5,0,10,6,4
2019-20,33,Tamilnadu,3304,VELLORE,330419,NATRAMPALLI,23,"Private Unaided (Recognized)",3,"HSS (I-XII)",6,M.Phil,3,"B.Ed. or equivalent",0,0,0,0,0,0,0,2,0,0,0,0,0,0,0,2,1,2,7,1,6
2019-20,33,Tamilnadu,3304,VELLORE,330420,JOLARPET,23,"Private Unaided (Recognized)",3,"HSS (I-XII)",6,M.Phil,3,"B.Ed. or equivalent",0,0,0,0,0,1,0,5,0,0,1,2,1,0,1,0,4,4,19,7,12
2019-20,33,Tamilnadu,3304,VELLORE,330421,THIRUPATTUR,23,"Private Unaided (Recognized)",3,"HSS (I-XII)",6,M.Phil,3,"B.Ed. or equivalent",0,0,0,0,0,0,0,1,0,1,0,2,2,0,3,2,2,1,14,7,7
2019-20,33,Tamilnadu,3304,VELLORE,330422,KANDHILI,23,"Private Unaided (Recognized)",3,"HSS (I-XII)",6,M.Phil,3,"B.Ed. or equivalent",0,0,0,0,0,0,3,3,0,0,0,0,0,1,3,0,1,0,11,7,4
2019-20,33,Tamilnadu,3304,VELLORE,330408,ARCOT,23,"Private Unaided (Recognized)",5,"HSS (VI-XII)",6,M.Phil,3,"B.Ed. or equivalent",0,0,0,0,0,0,0,0,0,0,0,0,0,0,0,0,1,0,1,1,0
2019-20,33,Tamilnadu,3304,VELLORE,330409,"VELLORE RURAL",23,"Private Unaided (Recognized)",5,"HSS (VI-XII)",6,M.Phil,3,"B.Ed. or equivalent",0,0,0,0,0,0,0,0,1,0,0,0,0,0,3,0,0,0,4,4,0
2019-20,33,Tamilnadu,3304,VELLORE,330411,KANIYAMBADI,23,"Private Unaided (Recognized)",5,"HSS (VI-XII)",6,M.Phil,3,"B.Ed. or equivalent",0,0,0,0,0,0,0,0,0,0,0,0,1,0,0,0,0,0,1,1,0
2019-20,33,Tamilnadu,3304,VELLORE,330403,KAVERIPAKKAM,23,"Private Unaided (Recognized)",6,"SS (I-X)",6,M.Phil,3,"B.Ed. or equivalent",0,0,0,0,0,0,1,1,0,0,0,0,0,0,0,0,0,0,2,1,1
2019-20,33,Tamilnadu,3304,VELLORE,330404,SHOLINGAR,23,"Private Unaided (Recognized)",6,"SS (I-X)",6,M.Phil,3,"B.Ed. or equivalent",0,0,0,0,0,0,0,0,0,0,0,0,0,1,0,0,0,0,1,0,1
2019-20,33,Tamilnadu,3304,VELLORE,330405,"WALAJA WEST",23,"Private Unaided (Recognized)",6,"SS (I-X)",6,M.Phil,3,"B.Ed. or equivalent",0,0,0,0,0,0,0,0,0,1,0,0,0,0,0,0,0,0,1,0,1
2019-20,33,Tamilnadu,3304,VELLORE,330406,"WALAJA EAST",23,"Private Unaided (Recognized)",6,"SS (I-X)",6,M.Phil,3,"B.Ed. or equivalent",0,0,0,0,0,0,1,1,0,0,0,0,0,1,0,0,0,0,3,1,2
2019-20,33,Tamilnadu,3304,VELLORE,330408,ARCOT,23,"Private Unaided (Recognized)",6,"SS (I-X)",6,M.Phil,3,"B.Ed. or equivalent",0,0,0,0,0,0,0,0,0,0,0,0,0,1,0,0,0,0,1,0,1
2019-20,33,Tamilnadu,3304,VELLORE,330410,"VELLORE URBAN",23,"Private Unaided (Recognized)",6,"SS (I-X)",6,M.Phil,3,"B.Ed. or equivalent",0,0,0,0,0,0,1,0,0,0,0,0,0,1,0,0,0,0,2,1,1
2019-20,33,Tamilnadu,3304,VELLORE,330411,KANIYAMBADI,23,"Private Unaided (Recognized)",6,"SS (I-X)",6,M.Phil,3,"B.Ed. or equivalent",0,0,0,0,0,0,0,0,0,0,0,2,0,0,0,0,0,0,2,0,2
2019-20,33,Tamilnadu,3304,VELLORE,330412,ANAICUT,23,"Private Unaided (Recognized)",6,"SS (I-X)",6,M.Phil,3,"B.Ed. or equivalent",0,0,0,0,0,0,0,0,0,0,0,0,1,0,0,0,0,0,1,1,0
2019-20,33,Tamilnadu,3304,VELLORE,330413,KATPADI,23,"Private Unaided (Recognized)",6,"SS (I-X)",6,M.Phil,3,"B.Ed. or equivalent",0,0,0,0,0,0,0,0,0,0,0,0,0,1,0,0,0,0,1,0,1
2019-20,33,Tamilnadu,3304,VELLORE,330415,GUDIYATHAM,23,"Private Unaided (Recognized)",6,"SS (I-X)",6,M.Phil,3,"B.Ed. or equivalent",0,0,0,0,0,2,0,1,0,0,0,0,1,2,0,0,0,0,6,1,5
2019-20,33,Tamilnadu,3304,VELLORE,330416,PERNAMBUT,23,"Private Unaided (Recognized)",6,"SS (I-X)",6,M.Phil,3,"B.Ed. or equivalent",0,0,0,0,0,0,0,0,0,1,0,0,0,0,0,0,0,0,1,0,1
2019-20,33,Tamilnadu,3304,VELLORE,330417,MADHANUR,23,"Private Unaided (Recognized)",6,"SS (I-X)",6,M.Phil,3,"B.Ed. or equivalent",0,0,0,0,0,0,0,0,0,0,1,0,1,0,0,0,0,0,2,2,0
2019-20,33,Tamilnadu,3304,VELLORE,330418,ALANGAYAM,23,"Private Unaided (Recognized)",6,"SS (I-X)",6,M.Phil,3,"B.Ed. or equivalent",0,0,0,0,0,0,0,0,0,1,0,0,1,0,0,0,0,0,2,1,1
2019-20,33,Tamilnadu,3304,VELLORE,330419,NATRAMPALLI,23,"Private Unaided (Recognized)",6,"SS (I-X)",6,M.Phil,3,"B.Ed. or equivalent",0,0,0,0,0,1,0,0,0,0,0,0,0,0,0,0,0,0,1,0,1
2019-20,33,Tamilnadu,3304,VELLORE,330420,JOLARPET,23,"Private Unaided (Recognized)",6,"SS (I-X)",6,M.Phil,3,"B.Ed. or equivalent",0,0,0,0,0,1,1,1,0,0,0,2,0,0,0,0,0,0,5,1,4
2019-20,33,Tamilnadu,3304,VELLORE,330422,KANDHILI,23,"Private Unaided (Recognized)",6,"SS (I-X)",6,M.Phil,3,"B.Ed. or equivalent",0,0,0,0,0,0,1,2,0,0,0,0,1,1,0,0,0,0,5,2,3
2019-20,33,Tamilnadu,3304,VELLORE,330406,"WALAJA EAST",23,"Private Unaided (Recognized)",2,"UPS (I-VIII)",6,M.Phil,4,"M.Ed. or equivalent",0,0,0,0,0,0,0,0,1,0,0,0,0,0,0,0,0,0,1,1,0
2019-20,33,Tamilnadu,3304,VELLORE,330419,NATRAMPALLI,23,"Private Unaided (Recognized)",2,"UPS (I-VIII)",6,M.Phil,4,"M.Ed. or equivalent",0,0,0,0,0,0,1,0,0,0,0,0,0,0,0,0,0,0,1,1,0
2019-20,33,Tamilnadu,3304,VELLORE,330420,JOLARPET,23,"Private Unaided (Recognized)",2,"UPS (I-VIII)",6,M.Phil,4,"M.Ed. or equivalent",0,0,0,0,0,0,0,0,1,0,0,0,0,0,0,0,0,0,1,1,0
2019-20,33,Tamilnadu,3304,VELLORE,330401,ARAKKONAM,23,"Private Unaided (Recognized)",3,"HSS (I-XII)",6,M.Phil,4,"M.Ed. or equivalent",0,0,0,0,0,0,0,0,1,0,0,0,0,0,0,0,2,1,4,3,1
2019-20,33,Tamilnadu,3304,VELLORE,330402,NEMILI,23,"Private Unaided (Recognized)",3,"HSS (I-XII)",6,M.Phil,4,"M.Ed. or equivalent",0,0,0,0,0,0,0,0,0,0,0,0,0,0,1,0,1,0,2,2,0
2019-20,33,Tamilnadu,3304,VELLORE,330403,KAVERIPAKKAM,23,"Private Unaided (Recognized)",3,"HSS (I-XII)",6,M.Phil,4,"M.Ed. or equivalent",0,0,0,0,0,0,0,0,0,0,0,0,1,0,0,0,0,1,2,1,1
2019-20,33,Tamilnadu,3304,VELLORE,330404,SHOLINGAR,23,"Private Unaided (Recognized)",3,"HSS (I-XII)",6,M.Phil,4,"M.Ed. or equivalent",0,0,0,0,0,0,0,0,0,0,0,0,0,0,0,0,1,0,1,1,0
2019-20,33,Tamilnadu,3304,VELLORE,330405,"WALAJA WEST",23,"Private Unaided (Recognized)",3,"HSS (I-XII)",6,M.Phil,4,"M.Ed. or equivalent",0,0,0,0,0,0,0,0,0,0,0,1,0,1,0,0,1,1,4,1,3
2019-20,33,Tamilnadu,3304,VELLORE,330407,TIMIRI,23,"Private Unaided (Recognized)",3,"HSS (I-XII)",6,M.Phil,4,"M.Ed. or equivalent",0,0,0,0,0,0,0,1,0,0,1,0,0,0,0,0,0,2,4,1,3
2019-20,33,Tamilnadu,3304,VELLORE,330408,ARCOT,23,"Private Unaided (Recognized)",3,"HSS (I-XII)",6,M.Phil,4,"M.Ed. or equivalent",0,0,0,0,0,1,0,0,0,0,0,0,0,0,0,0,0,0,1,0,1
2019-20,33,Tamilnadu,3304,VELLORE,330409,"VELLORE RURAL",23,"Private Unaided (Recognized)",3,"HSS (I-XII)",6,M.Phil,4,"M.Ed. or equivalent",0,0,0,0,0,0,0,0,0,0,0,0,0,1,1,1,2,1,6,3,3
2019-20,33,Tamilnadu,3304,VELLORE,330410,"VELLORE URBAN",23,"Private Unaided (Recognized)",3,"HSS (I-XII)",6,M.Phil,4,"M.Ed. or equivalent",0,0,0,0,0,0,0,0,0,0,0,0,0,0,0,0,2,0,2,2,0
2019-20,33,Tamilnadu,3304,VELLORE,330411,KANIYAMBADI,23,"Private Unaided (Recognized)",3,"HSS (I-XII)",6,M.Phil,4,"M.Ed. or equivalent",0,0,0,0,0,0,0,0,0,0,0,0,0,0,1,3,3,2,9,4,5
2019-20,33,Tamilnadu,3304,VELLORE,330412,ANAICUT,23,"Private Unaided (Recognized)",3,"HSS (I-XII)",6,M.Phil,4,"M.Ed. or equivalent",0,0,0,0,0,0,0,0,0,0,0,0,0,0,1,0,1,0,2,2,0
2019-20,33,Tamilnadu,3304,VELLORE,330413,KATPADI,23,"Private Unaided (Recognized)",3,"HSS (I-XII)",6,M.Phil,4,"M.Ed. or equivalent",0,0,0,0,0,0,0,0,0,0,0,0,0,1,1,0,1,3,6,2,4
2019-20,33,Tamilnadu,3304,VELLORE,330414,K.V.KUPPAM,23,"Private Unaided (Recognized)",3,"HSS (I-XII)",6,M.Phil,4,"M.Ed. or equivalent",0,0,0,0,0,0,0,0,0,0,0,0,0,0,0,0,0,1,1,0,1
2019-20,33,Tamilnadu,3304,VELLORE,330415,GUDIYATHAM,23,"Private Unaided (Recognized)",3,"HSS (I-XII)",6,M.Phil,4,"M.Ed. or equivalent",0,0,0,0,0,0,1,0,0,0,1,1,1,0,0,0,0,0,4,3,1
2019-20,33,Tamilnadu,3304,VELLORE,330416,PERNAMBUT,23,"Private Unaided (Recognized)",3,"HSS (I-XII)",6,M.Phil,4,"M.Ed. or equivalent",0,0,0,0,0,0,0,0,0,0,0,0,0,0,0,1,0,0,1,0,1
2019-20,33,Tamilnadu,3304,VELLORE,330417,MADHANUR,23,"Private Unaided (Recognized)",3,"HSS (I-XII)",6,M.Phil,4,"M.Ed. or equivalent",0,0,0,0,0,0,0,0,0,0,0,0,0,0,1,0,1,0,2,2,0
2019-20,33,Tamilnadu,3304,VELLORE,330418,ALANGAYAM,23,"Private Unaided (Recognized)",3,"HSS (I-XII)",6,M.Phil,4,"M.Ed. or equivalent",0,0,0,0,0,0,0,1,0,0,0,0,0,0,0,1,1,0,3,1,2
2019-20,33,Tamilnadu,3304,VELLORE,330419,NATRAMPALLI,23,"Private Unaided (Recognized)",3,"HSS (I-XII)",6,M.Phil,4,"M.Ed. or equivalent",0,0,0,0,0,0,0,0,0,0,0,0,0,0,0,0,1,0,1,1,0
2019-20,33,Tamilnadu,3304,VELLORE,330420,JOLARPET,23,"Private Unaided (Recognized)",3,"HSS (I-XII)",6,M.Phil,4,"M.Ed. or equivalent",0,0,0,0,1,0,0,0,0,0,0,0,1,0,0,1,2,1,6,4,2
2019-20,33,Tamilnadu,3304,VELLORE,330421,THIRUPATTUR,23,"Private Unaided (Recognized)",3,"HSS (I-XII)",6,M.Phil,4,"M.Ed. or equivalent",0,0,0,0,0,0,0,0,0,0,0,0,2,1,1,1,0,1,6,3,3
2019-20,33,Tamilnadu,3304,VELLORE,330422,KANDHILI,23,"Private Unaided (Recognized)",3,"HSS (I-XII)",6,M.Phil,4,"M.Ed. or equivalent",0,0,0,0,0,0,0,0,0,0,0,0,0,0,0,0,1,0,1,1,0
2019-20,33,Tamilnadu,3304,VELLORE,330417,MADHANUR,23,"Private Unaided (Recognized)",5,"HSS (VI-XII)",6,M.Phil,4,"M.Ed. or equivalent",0,0,0,0,0,0,0,0,0,0,0,0,0,0,0,0,0,1,1,0,1
2019-20,33,Tamilnadu,3304,VELLORE,330402,NEMILI,23,"Private Unaided (Recognized)",6,"SS (I-X)",6,M.Phil,4,"M.Ed. or equivalent",0,0,0,0,0,0,0,0,0,0,0,0,2,1,0,0,0,0,3,2,1
2019-20,33,Tamilnadu,3304,VELLORE,330406,"WALAJA EAST",23,"Private Unaided (Recognized)",6,"SS (I-X)",6,M.Phil,4,"M.Ed. or equivalent",0,0,0,0,0,0,0,0,0,0,0,0,1,1,0,0,0,0,2,1,1
2019-20,33,Tamilnadu,3304,VELLORE,330408,ARCOT,23,"Private Unaided (Recognized)",6,"SS (I-X)",6,M.Phil,4,"M.Ed. or equivalent",0,0,0,0,0,0,0,0,0,0,0,0,1,0,0,0,0,0,1,1,0
2019-20,33,Tamilnadu,3304,VELLORE,330414,K.V.KUPPAM,23,"Private Unaided (Recognized)",6,"SS (I-X)",6,M.Phil,4,"M.Ed. or equivalent",0,0,0,0,0,0,0,0,0,3,0,0,0,0,0,0,0,0,3,0,3
2019-20,33,Tamilnadu,3304,VELLORE,330415,GUDIYATHAM,23,"Private Unaided (Recognized)",6,"SS (I-X)",6,M.Phil,4,"M.Ed. or equivalent",0,0,0,0,0,0,0,0,0,0,0,0,1,0,0,0,0,0,1,1,0
2019-20,33,Tamilnadu,3304,VELLORE,330416,PERNAMBUT,23,"Private Unaided (Recognized)",6,"SS (I-X)",6,M.Phil,4,"M.Ed. or equivalent",0,0,0,0,0,0,0,0,0,0,0,0,2,0,0,0,0,0,2,2,0
2019-20,33,Tamilnadu,3304,VELLORE,330422,KANDHILI,23,"Private Unaided (Recognized)",2,"UPS (I-VIII)",6,M.Phil,5,Others,0,0,0,0,0,1,0,0,0,0,0,0,0,0,0,0,0,0,1,0,1
2019-20,33,Tamilnadu,3304,VELLORE,330401,ARAKKONAM,23,"Private Unaided (Recognized)",3,"HSS (I-XII)",6,M.Phil,5,Others,0,0,0,0,0,0,0,0,0,1,0,0,0,0,0,0,0,0,1,0,1
2019-20,33,Tamilnadu,3304,VELLORE,330405,"WALAJA WEST",23,"Private Unaided (Recognized)",3,"HSS (I-XII)",6,M.Phil,5,Others,0,0,0,0,0,0,0,0,0,0,0,0,0,0,0,1,0,0,1,0,1
2019-20,33,Tamilnadu,3304,VELLORE,330406,"WALAJA EAST",23,"Private Unaided (Recognized)",3,"HSS (I-XII)",6,M.Phil,5,Others,0,0,0,0,0,1,0,0,0,0,0,0,0,0,0,0,1,0,2,1,1
2019-20,33,Tamilnadu,3304,VELLORE,330407,TIMIRI,23,"Private Unaided (Recognized)",3,"HSS (I-XII)",6,M.Phil,5,Others,0,0,0,0,0,0,1,0,0,0,0,0,0,1,0,0,0,0,2,1,1
2019-20,33,Tamilnadu,3304,VELLORE,330409,"VELLORE RURAL",23,"Private Unaided (Recognized)",3,"HSS (I-XII)",6,M.Phil,5,Others,0,0,0,0,0,0,0,0,0,0,1,0,0,0,0,0,0,0,1,1,0
2019-20,33,Tamilnadu,3304,VELLORE,330411,KANIYAMBADI,23,"Private Unaided (Recognized)",3,"HSS (I-XII)",6,M.Phil,5,Others,0,0,0,0,0,1,0,0,0,0,0,0,0,1,0,0,0,0,2,0,2
2019-20,33,Tamilnadu,3304,VELLORE,330413,KATPADI,23,"Private Unaided (Recognized)",3,"HSS (I-XII)",6,M.Phil,5,Others,0,0,0,0,0,0,0,0,0,0,0,0,0,0,0,1,0,1,2,0,2
2019-20,33,Tamilnadu,3304,VELLORE,330416,PERNAMBUT,23,"Private Unaided (Recognized)",3,"HSS (I-XII)",6,M.Phil,5,Others,0,0,0,0,0,0,0,0,0,0,0,0,0,0,0,1,0,0,1,0,1
2019-20,33,Tamilnadu,3304,VELLORE,330408,ARCOT,23,"Private Unaided (Recognized)",5,"HSS (VI-XII)",6,M.Phil,5,Others,0,0,0,0,0,0,0,0,0,0,0,0,1,0,0,0,0,0,1,1,0
2019-20,33,Tamilnadu,3304,VELLORE,330411,KANIYAMBADI,23,"Private Unaided (Recognized)",6,"SS (I-X)",6,M.Phil,5,Others,0,0,0,0,0,0,0,0,1,0,0,0,0,0,0,0,0,0,1,1,0
2019-20,33,Tamilnadu,3304,VELLORE,330415,GUDIYATHAM,23,"Private Unaided (Recognized)",6,"SS (I-X)",6,M.Phil,5,Others,0,0,0,0,0,0,0,0,0,0,0,0,0,1,0,0,0,0,1,0,1
2019-20,33,Tamilnadu,3304,VELLORE,330420,JOLARPET,23,"Private Unaided (Recognized)",2,"UPS (I-VIII)",6,M.Phil,6,None,0,0,0,0,0,0,0,1,0,0,0,0,0,0,0,0,0,0,1,0,1
2019-20,33,Tamilnadu,3304,VELLORE,330401,ARAKKONAM,23,"Private Unaided (Recognized)",3,"HSS (I-XII)",6,M.Phil,6,None,0,0,0,0,0,0,0,0,0,0,0,0,0,0,0,0,0,1,1,0,1
2019-20,33,Tamilnadu,3304,VELLORE,330405,"WALAJA WEST",23,"Private Unaided (Recognized)",3,"HSS (I-XII)",6,M.Phil,6,None,0,0,0,0,0,1,0,1,0,0,0,0,0,0,0,0,1,0,3,1,2
2019-20,33,Tamilnadu,3304,VELLORE,330408,ARCOT,23,"Private Unaided (Recognized)",3,"HSS (I-XII)",6,M.Phil,6,None,0,1,0,0,0,0,0,0,0,0,0,0,0,0,0,0,0,0,1,0,1
2019-20,33,Tamilnadu,3304,VELLORE,330409,"VELLORE RURAL",23,"Private Unaided (Recognized)",3,"HSS (I-XII)",6,M.Phil,6,None,0,0,0,0,0,0,0,0,1,0,0,0,0,0,0,0,0,0,1,1,0
2019-20,33,Tamilnadu,3304,VELLORE,330412,ANAICUT,23,"Private Unaided (Recognized)",3,"HSS (I-XII)",6,M.Phil,6,None,0,0,0,0,0,1,0,0,0,1,0,0,0,0,0,0,0,0,2,0,2
2019-20,33,Tamilnadu,3304,VELLORE,330413,KATPADI,23,"Private Unaided (Recognized)",3,"HSS (I-XII)",6,M.Phil,6,None,0,0,0,0,0,0,0,0,0,0,0,0,0,0,0,0,0,1,1,0,1
2019-20,33,Tamilnadu,3304,VELLORE,330416,PERNAMBUT,23,"Private Unaided (Recognized)",3,"HSS (I-XII)",6,M.Phil,6,None,0,0,0,0,0,0,1,0,0,0,0,0,0,0,0,0,0,0,1,1,0
2019-20,33,Tamilnadu,3304,VELLORE,330417,MADHANUR,23,"Private Unaided (Recognized)",3,"HSS (I-XII)",6,M.Phil,6,None,0,0,0,0,0,1,0,0,0,0,0,0,0,0,0,0,1,0,2,1,1
2019-20,33,Tamilnadu,3304,VELLORE,330419,NATRAMPALLI,23,"Private Unaided (Recognized)",3,"HSS (I-XII)",6,M.Phil,6,None,0,0,0,0,0,0,0,0,0,0,0,0,0,0,1,2,0,0,3,1,2
2019-20,33,Tamilnadu,3304,VELLORE,330420,JOLARPET,23,"Private Unaided (Recognized)",3,"HSS (I-XII)",6,M.Phil,6,None,0,0,0,0,0,0,0,0,0,0,0,0,0,0,0,0,0,1,1,0,1
2019-20,33,Tamilnadu,3304,VELLORE,330421,THIRUPATTUR,23,"Private Unaided (Recognized)",3,"HSS (I-XII)",6,M.Phil,6,None,0,0,0,0,0,0,0,0,0,0,0,0,0,0,0,1,0,0,1,0,1
2019-20,33,Tamilnadu,3304,VELLORE,330422,KANDHILI,23,"Private Unaided (Recognized)",3,"HSS (I-XII)",6,M.Phil,6,None,0,0,0,0,0,0,1,2,0,0,0,0,0,0,0,0,0,0,3,1,2
2019-20,33,Tamilnadu,3304,VELLORE,330407,TIMIRI,23,"Private Unaided (Recognized)",6,"SS (I-X)",6,M.Phil,6,None,0,0,0,0,1,0,0,0,0,0,0,0,0,0,0,0,0,0,1,1,0
2019-20,33,Tamilnadu,3304,VELLORE,330411,KANIYAMBADI,23,"Private Unaided (Recognized)",6,"SS (I-X)",6,M.Phil,6,None,0,0,0,0,0,1,0,1,0,0,0,0,0,1,0,0,0,0,3,0,3
2019-20,33,Tamilnadu,3304,VELLORE,330422,KANDHILI,23,"Private Unaided (Recognized)",6,"SS (I-X)",6,M.Phil,6,None,0,0,0,0,0,0,0,0,0,1,0,0,0,0,0,0,0,0,1,0,1
2019-20,33,Tamilnadu,3304,VELLORE,330401,ARAKKONAM,23,"Private Unaided (Recognized)",3,"HSS (I-XII)",7,Ph.D,3,"B.Ed. or equivalent",0,0,0,0,0,0,0,0,0,0,0,0,0,0,0,0,1,0,1,1,0
2019-20,33,Tamilnadu,3304,VELLORE,330403,KAVERIPAKKAM,23,"Private Unaided (Recognized)",3,"HSS (I-XII)",7,Ph.D,3,"B.Ed. or equivalent",0,0,0,0,0,0,0,0,0,0,0,1,0,0,0,0,0,0,1,0,1
2019-20,33,Tamilnadu,3304,VELLORE,330406,"WALAJA EAST",23,"Private Unaided (Recognized)",3,"HSS (I-XII)",7,Ph.D,3,"B.Ed. or equivalent",0,0,0,0,0,0,0,0,0,0,0,0,0,0,0,1,0,0,1,0,1
2019-20,33,Tamilnadu,3304,VELLORE,330413,KATPADI,23,"Private Unaided (Recognized)",3,"HSS (I-XII)",7,Ph.D,3,"B.Ed. or equivalent",0,0,0,0,0,0,0,1,0,0,0,0,0,0,0,0,0,0,1,0,1
2019-20,33,Tamilnadu,3304,VELLORE,330414,K.V.KUPPAM,23,"Private Unaided (Recognized)",3,"HSS (I-XII)",7,Ph.D,3,"B.Ed. or equivalent",0,0,0,0,0,0,0,0,0,0,0,0,0,0,0,1,0,0,1,0,1
2019-20,33,Tamilnadu,3304,VELLORE,330415,GUDIYATHAM,23,"Private Unaided (Recognized)",3,"HSS (I-XII)",7,Ph.D,3,"B.Ed. or equivalent",0,0,0,0,0,0,0,0,0,0,0,0,0,0,1,0,0,0,1,1,0
2019-20,33,Tamilnadu,3304,VELLORE,330407,TIMIRI,23,"Private Unaided (Recognized)",6,"SS (I-X)",7,Ph.D,3,"B.Ed. or equivalent",0,0,0,0,0,1,0,0,0,0,0,0,0,0,0,0,0,0,1,0,1
2019-20,33,Tamilnadu,3304,VELLORE,330408,ARCOT,23,"Private Unaided (Recognized)",6,"SS (I-X)",7,Ph.D,3,"B.Ed. or equivalent",0,0,0,0,0,0,0,0,0,0,0,0,0,1,0,0,0,0,1,0,1
2019-20,33,Tamilnadu,3304,VELLORE,330411,KANIYAMBADI,23,"Private Unaided (Recognized)",3,"HSS (I-XII)",7,Ph.D,4,"M.Ed. or equivalent",0,0,0,0,0,0,0,0,0,0,0,0,0,0,0,0,1,0,1,1,0
2019-20,33,Tamilnadu,3304,VELLORE,330404,SHOLINGAR,23,"Private Unaided (Recognized)",6,"SS (I-X)",7,Ph.D,4,"M.Ed. or equivalent",0,0,0,0,0,0,0,0,0,0,0,0,0,1,0,0,0,0,1,0,1
2019-20,33,Tamilnadu,3304,VELLORE,330406,"WALAJA EAST",23,"Private Unaided (Recognized)",6,"SS (I-X)",7,Ph.D,4,"M.Ed. or equivalent",0,0,0,0,0,0,0,0,0,0,0,0,1,0,0,0,0,0,1,1,0
2019-20,33,Tamilnadu,3304,VELLORE,330412,ANAICUT,23,"Private Unaided (Recognized)",6,"SS (I-X)",7,Ph.D,4,"M.Ed. or equivalent",0,0,0,0,0,0,0,0,0,0,0,0,1,0,0,0,0,0,1,1,0
2019-20,33,Tamilnadu,3304,VELLORE,330420,JOLARPET,23,"Private Unaided (Recognized)",2,"UPS (I-VIII)",7,Ph.D,6,None,0,0,0,0,0,0,1,0,0,0,0,0,0,0,0,0,0,0,1,1,0
2019-20,33,Tamilnadu,3304,VELLORE,330414,K.V.KUPPAM,23,"Private Unaided (Recognized)",3,"HSS (I-XII)",7,Ph.D,6,None,0,0,0,0,0,0,0,0,0,0,0,0,1,0,0,0,0,0,1,1,0
2019-20,33,Tamilnadu,3304,VELLORE,330401,ARAKKONAM,23,"Private Unaided (Recognized)",3,"HSS (I-XII)",8,"Post Doctoral",3,"B.Ed. or equivalent",0,0,0,0,0,0,0,0,0,0,0,0,0,0,0,1,0,0,1,0,1
2019-20,33,Tamilnadu,3304,VELLORE,330402,NEMILI,23,"Private Unaided (Recognized)",3,"HSS (I-XII)",8,"Post Doctoral",3,"B.Ed. or equivalent",0,0,0,0,0,0,0,0,0,0,0,0,0,1,0,0,0,0,1,0,1
2019-20,33,Tamilnadu,3304,VELLORE,330403,KAVERIPAKKAM,23,"Private Unaided (Recognized)",6,"SS (I-X)",8,"Post Doctoral",3,"B.Ed. or equivalent",0,0,0,0,0,0,0,1,0,0,0,0,0,0,0,0,0,0,1,0,1
2019-20,33,Tamilnadu,3304,VELLORE,330413,KATPADI,23,"Private Unaided (Recognized)",6,"SS (I-X)",8,"Post Doctoral",3,"B.Ed. or equivalent",0,0,0,0,0,1,0,0,0,0,0,0,0,0,0,0,0,0,1,0,1
2019-20,33,Tamilnadu,3304,VELLORE,330417,MADHANUR,23,"Private Unaided (Recognized)",6,"SS (I-X)",8,"Post Doctoral",5,Others,0,0,0,0,1,0,0,0,0,0,0,0,0,0,0,0,0,0,1,1,0
2019-20,33,Tamilnadu,3304,VELLORE,330401,ARAKKONAM,24,"Private Unaided (Recognized)",1,"PS (I-V)",1,"Below Secondary",1,"Diploma or certificate in basic teachers training of a duration not less than two years",0,0,0,1,0,1,0,0,0,0,0,0,0,0,0,0,0,0,2,0,2
2019-20,33,Tamilnadu,3304,VELLORE,330403,KAVERIPAKKAM,24,"Private Unaided (Recognized)",1,"PS (I-V)",1,"Below Secondary",1,"Diploma or certificate in basic teachers training of a duration not less than two years",0,0,0,4,0,1,0,0,0,0,0,0,0,0,0,0,0,0,5,0,5
2019-20,33,Tamilnadu,3304,VELLORE,330405,"WALAJA WEST",24,"Private Unaided (Recognized)",1,"PS (I-V)",1,"Below Secondary",1,"Diploma or certificate in basic teachers training of a duration not less than two years",0,0,0,0,0,3,0,0,0,0,0,0,0,0,0,0,0,0,3,0,3
2019-20,33,Tamilnadu,3304,VELLORE,330407,TIMIRI,24,"Private Unaided (Recognized)",1,"PS (I-V)",1,"Below Secondary",1,"Diploma or certificate in basic teachers training of a duration not less than two years",0,0,0,0,0,1,0,0,0,0,0,0,0,0,0,0,0,0,1,0,1
2019-20,33,Tamilnadu,3304,VELLORE,330409,"VELLORE RURAL",24,"Private Unaided (Recognized)",1,"PS (I-V)",1,"Below Secondary",1,"Diploma or certificate in basic teachers training of a duration not less than two years",0,1,0,0,0,1,0,0,0,0,0,0,0,0,0,0,0,0,2,0,2
2019-20,33,Tamilnadu,3304,VELLORE,330412,ANAICUT,24,"Private Unaided (Recognized)",1,"PS (I-V)",1,"Below Secondary",1,"Diploma or certificate in basic teachers training of a duration not less than two years",0,0,0,0,0,2,0,0,0,0,0,0,0,0,0,0,0,0,2,0,2
2019-20,33,Tamilnadu,3304,VELLORE,330416,PERNAMBUT,24,"Private Unaided (Recognized)",1,"PS (I-V)",1,"Below Secondary",1,"Diploma or certificate in basic teachers training of a duration not less than two years",0,0,0,0,1,2,0,0,0,0,0,0,0,0,0,0,0,0,3,1,2
2019-20,33,Tamilnadu,3304,VELLORE,330421,THIRUPATTUR,24,"Private Unaided (Recognized)",1,"PS (I-V)",1,"Below Secondary",1,"Diploma or certificate in basic teachers training of a duration not less than two years",0,0,0,0,0,1,0,0,0,0,0,0,0,0,0,0,0,0,1,0,1
2019-20,33,Tamilnadu,3304,VELLORE,330422,KANDHILI,24,"Private Unaided (Recognized)",1,"PS (I-V)",1,"Below Secondary",1,"Diploma or certificate in basic teachers training of a duration not less than two years",0,0,0,0,0,2,0,0,0,0,0,0,0,0,0,0,0,0,2,0,2
2019-20,33,Tamilnadu,3304,VELLORE,330402,NEMILI,24,"Private Unaided (Recognized)",1,"PS (I-V)",1,"Below Secondary",3,"B.Ed. or equivalent",0,0,0,0,0,1,0,0,0,0,0,0,0,0,0,0,0,0,1,0,1
2019-20,33,Tamilnadu,3304,VELLORE,330404,SHOLINGAR,24,"Private Unaided (Recognized)",1,"PS (I-V)",1,"Below Secondary",3,"B.Ed. or equivalent",0,0,0,0,1,1,0,0,0,0,0,0,0,0,0,0,0,0,2,1,1
2019-20,33,Tamilnadu,3304,VELLORE,330409,"VELLORE RURAL",24,"Private Unaided (Recognized)",1,"PS (I-V)",1,"Below Secondary",3,"B.Ed. or equivalent",0,0,0,0,0,1,0,0,0,0,0,0,0,0,0,0,0,0,1,0,1
2019-20,33,Tamilnadu,3304,VELLORE,330415,GUDIYATHAM,24,"Private Unaided (Recognized)",1,"PS (I-V)",1,"Below Secondary",3,"B.Ed. or equivalent",0,0,0,0,0,1,0,0,0,0,0,0,0,0,0,0,0,0,1,0,1
2019-20,33,Tamilnadu,3304,VELLORE,330420,JOLARPET,24,"Private Unaided (Recognized)",1,"PS (I-V)",1,"Below Secondary",3,"B.Ed. or equivalent",0,0,0,0,0,1,0,0,0,0,0,0,0,0,0,0,0,0,1,0,1
2019-20,33,Tamilnadu,3304,VELLORE,330422,KANDHILI,24,"Private Unaided (Recognized)",1,"PS (I-V)",1,"Below Secondary",3,"B.Ed. or equivalent",0,0,0,0,0,1,0,0,0,0,0,0,0,0,0,0,0,0,1,0,1
2019-20,33,Tamilnadu,3304,VELLORE,330405,"WALAJA WEST",24,"Private Unaided (Recognized)",1,"PS (I-V)",1,"Below Secondary",4,"M.Ed. or equivalent",0,0,0,0,0,1,0,0,0,0,0,0,0,0,0,0,0,0,1,0,1
2019-20,33,Tamilnadu,3304,VELLORE,330401,ARAKKONAM,24,"Private Unaided (Recognized)",1,"PS (I-V)",1,"Below Secondary",5,Others,0,0,0,1,0,0,0,0,0,0,0,0,0,0,0,0,0,0,1,0,1
2019-20,33,Tamilnadu,3304,VELLORE,330404,SHOLINGAR,24,"Private Unaided (Recognized)",1,"PS (I-V)",1,"Below Secondary",5,Others,0,0,0,0,0,1,0,0,0,0,0,0,0,0,0,0,0,0,1,0,1
2019-20,33,Tamilnadu,3304,VELLORE,330405,"WALAJA WEST",24,"Private Unaided (Recognized)",1,"PS (I-V)",1,"Below Secondary",5,Others,0,0,0,0,0,1,0,0,0,0,0,0,0,0,0,0,0,0,1,0,1
2019-20,33,Tamilnadu,3304,VELLORE,330406,"WALAJA EAST",24,"Private Unaided (Recognized)",1,"PS (I-V)",1,"Below Secondary",5,Others,0,0,0,1,0,1,0,0,0,0,0,0,0,0,0,0,0,0,2,0,2
2019-20,33,Tamilnadu,3304,VELLORE,330408,ARCOT,24,"Private Unaided (Recognized)",1,"PS (I-V)",1,"Below Secondary",5,Others,0,0,0,0,0,1,0,0,0,0,0,0,0,0,0,0,0,0,1,0,1
2019-20,33,Tamilnadu,3304,VELLORE,330409,"VELLORE RURAL",24,"Private Unaided (Recognized)",1,"PS (I-V)",1,"Below Secondary",5,Others,0,0,0,0,0,5,0,0,0,0,0,0,0,0,0,0,0,0,5,0,5
2019-20,33,Tamilnadu,3304,VELLORE,330410,"VELLORE URBAN",24,"Private Unaided (Recognized)",1,"PS (I-V)",1,"Below Secondary",5,Others,0,0,0,1,0,3,0,0,0,0,0,0,0,0,0,0,0,0,4,0,4
2019-20,33,Tamilnadu,3304,VELLORE,330411,KANIYAMBADI,24,"Private Unaided (Recognized)",1,"PS (I-V)",1,"Below Secondary",5,Others,0,1,0,0,0,1,0,0,0,0,0,0,0,0,0,0,0,0,2,0,2
2019-20,33,Tamilnadu,3304,VELLORE,330412,ANAICUT,24,"Private Unaided (Recognized)",1,"PS (I-V)",1,"Below Secondary",5,Others,0,0,0,0,0,3,0,0,0,0,0,0,0,0,0,0,0,0,3,0,3
2019-20,33,Tamilnadu,3304,VELLORE,330413,KATPADI,24,"Private Unaided (Recognized)",1,"PS (I-V)",1,"Below Secondary",5,Others,0,1,0,0,0,2,0,0,0,0,0,0,0,0,0,0,0,0,3,0,3
2019-20,33,Tamilnadu,3304,VELLORE,330415,GUDIYATHAM,24,"Private Unaided (Recognized)",1,"PS (I-V)",1,"Below Secondary",5,Others,0,0,0,0,0,3,0,0,0,0,0,0,0,0,0,0,0,0,3,0,3
2019-20,33,Tamilnadu,3304,VELLORE,330418,ALANGAYAM,24,"Private Unaided (Recognized)",1,"PS (I-V)",1,"Below Secondary",5,Others,0,0,0,0,1,0,0,0,0,0,0,0,0,0,0,0,0,0,1,1,0
2019-20,33,Tamilnadu,3304,VELLORE,330419,NATRAMPALLI,24,"Private Unaided (Recognized)",1,"PS (I-V)",1,"Below Secondary",5,Others,0,0,0,0,0,3,0,0,0,0,0,0,0,0,0,0,0,0,3,0,3
2019-20,33,Tamilnadu,3304,VELLORE,330420,JOLARPET,24,"Private Unaided (Recognized)",1,"PS (I-V)",1,"Below Secondary",5,Others,0,0,0,0,0,1,0,0,0,0,0,0,0,0,0,0,0,0,1,0,1
2019-20,33,Tamilnadu,3304,VELLORE,330419,NATRAMPALLI,24,"Private Unaided (Recognized)",2,"UPS (I-VIII)",1,"Below Secondary",5,Others,0,0,0,0,0,1,0,0,0,0,0,0,0,0,0,0,0,0,1,0,1
2019-20,33,Tamilnadu,3304,VELLORE,330401,ARAKKONAM,24,"Private Unaided (Recognized)",1,"PS (I-V)",1,"Below Secondary",6,None,0,0,0,0,0,2,0,0,0,0,0,0,0,0,0,0,0,0,2,0,2
2019-20,33,Tamilnadu,3304,VELLORE,330403,KAVERIPAKKAM,24,"Private Unaided (Recognized)",1,"PS (I-V)",1,"Below Secondary",6,None,0,0,0,0,0,1,0,0,0,0,0,0,0,0,0,0,0,0,1,0,1
2019-20,33,Tamilnadu,3304,VELLORE,330404,SHOLINGAR,24,"Private Unaided (Recognized)",1,"PS (I-V)",1,"Below Secondary",6,None,0,0,0,0,0,1,0,0,0,0,0,0,0,0,0,0,0,0,1,0,1
2019-20,33,Tamilnadu,3304,VELLORE,330406,"WALAJA EAST",24,"Private Unaided (Recognized)",1,"PS (I-V)",1,"Below Secondary",6,None,0,0,0,0,1,1,0,0,0,0,0,0,0,0,0,0,0,0,2,1,1
2019-20,33,Tamilnadu,3304,VELLORE,330407,TIMIRI,24,"Private Unaided (Recognized)",1,"PS (I-V)",1,"Below Secondary",6,None,0,0,0,0,1,0,0,0,0,0,0,0,0,0,0,0,0,0,1,1,0
2019-20,33,Tamilnadu,3304,VELLORE,330408,ARCOT,24,"Private Unaided (Recognized)",1,"PS (I-V)",1,"Below Secondary",6,None,0,0,0,2,0,3,0,0,0,0,0,0,0,0,0,0,0,0,5,0,5
2019-20,33,Tamilnadu,3304,VELLORE,330409,"VELLORE RURAL",24,"Private Unaided (Recognized)",1,"PS (I-V)",1,"Below Secondary",6,None,0,0,0,0,0,2,0,0,0,0,0,0,0,0,0,0,0,0,2,0,2
2019-20,33,Tamilnadu,3304,VELLORE,330410,"VELLORE URBAN",24,"Private Unaided (Recognized)",1,"PS (I-V)",1,"Below Secondary",6,None,0,0,0,0,0,4,0,0,0,0,0,0,0,0,0,0,0,0,4,0,4
2019-20,33,Tamilnadu,3304,VELLORE,330412,ANAICUT,24,"Private Unaided (Recognized)",1,"PS (I-V)",1,"Below Secondary",6,None,0,0,0,0,0,2,0,0,0,0,0,0,0,0,0,0,0,0,2,0,2
2019-20,33,Tamilnadu,3304,VELLORE,330413,KATPADI,24,"Private Unaided (Recognized)",1,"PS (I-V)",1,"Below Secondary",6,None,0,0,0,0,0,1,0,0,0,0,0,0,0,0,0,0,0,0,1,0,1
2019-20,33,Tamilnadu,3304,VELLORE,330416,PERNAMBUT,24,"Private Unaided (Recognized)",1,"PS (I-V)",1,"Below Secondary",6,None,0,0,0,0,2,1,0,0,0,0,0,0,0,0,0,0,0,0,3,2,1
2019-20,33,Tamilnadu,3304,VELLORE,330417,MADHANUR,24,"Private Unaided (Recognized)",1,"PS (I-V)",1,"Below Secondary",6,None,0,0,0,0,0,1,0,0,0,0,0,0,0,0,0,0,0,0,1,0,1
2019-20,33,Tamilnadu,3304,VELLORE,330419,NATRAMPALLI,24,"Private Unaided (Recognized)",1,"PS (I-V)",1,"Below Secondary",6,None,0,0,0,0,2,6,0,0,0,0,0,0,0,0,0,0,0,0,8,2,6
2019-20,33,Tamilnadu,3304,VELLORE,330416,PERNAMBUT,24,"Private Unaided (Recognized)",2,"UPS (I-VIII)",1,"Below Secondary",6,None,0,0,0,0,1,0,0,0,0,0,0,0,0,0,0,0,0,0,1,1,0
2019-20,33,Tamilnadu,3304,VELLORE,330419,NATRAMPALLI,24,"Private Unaided (Recognized)",2,"UPS (I-VIII)",1,"Below Secondary",6,None,0,0,0,0,0,1,0,0,0,0,0,0,0,0,0,0,0,0,1,0,1
2019-20,33,Tamilnadu,3304,VELLORE,330401,ARAKKONAM,24,"Private Unaided (Recognized)",1,"PS (I-V)",3,"Higher secondary",1,"Diploma or certificate in basic teachers training of a duration not less than two years",0,2,0,0,0,22,0,0,0,0,0,0,0,0,0,0,0,0,24,0,24
2019-20,33,Tamilnadu,3304,VELLORE,330402,NEMILI,24,"Private Unaided (Recognized)",1,"PS (I-V)",3,"Higher secondary",1,"Diploma or certificate in basic teachers training of a duration not less than two years",0,0,0,1,0,6,0,0,0,0,0,0,0,0,0,0,0,0,7,0,7
2019-20,33,Tamilnadu,3304,VELLORE,330403,KAVERIPAKKAM,24,"Private Unaided (Recognized)",1,"PS (I-V)",3,"Higher secondary",1,"Diploma or certificate in basic teachers training of a duration not less than two years",0,0,0,1,0,1,0,0,0,0,0,0,0,0,0,0,0,0,2,0,2
2019-20,33,Tamilnadu,3304,VELLORE,330404,SHOLINGAR,24,"Private Unaided (Recognized)",1,"PS (I-V)",3,"Higher secondary",1,"Diploma or certificate in basic teachers training of a duration not less than two years",0,0,0,0,1,22,0,0,0,0,0,0,0,0,0,0,0,0,23,1,22
2019-20,33,Tamilnadu,3304,VELLORE,330405,"WALAJA WEST",24,"Private Unaided (Recognized)",1,"PS (I-V)",3,"Higher secondary",1,"Diploma or certificate in basic teachers training of a duration not less than two years",0,0,0,0,1,15,0,0,0,0,0,0,0,0,0,0,0,0,16,1,15
2019-20,33,Tamilnadu,3304,VELLORE,330406,"WALAJA EAST",24,"Private Unaided (Recognized)",1,"PS (I-V)",3,"Higher secondary",1,"Diploma or certificate in basic teachers training of a duration not less than two years",0,0,0,0,0,4,0,0,0,0,0,0,0,0,0,0,0,0,4,0,4
2019-20,33,Tamilnadu,3304,VELLORE,330407,TIMIRI,24,"Private Unaided (Recognized)",1,"PS (I-V)",3,"Higher secondary",1,"Diploma or certificate in basic teachers training of a duration not less than two years",0,1,0,1,0,11,0,0,0,0,0,0,0,0,0,0,0,0,13,0,13
2019-20,33,Tamilnadu,3304,VELLORE,330408,ARCOT,24,"Private Unaided (Recognized)",1,"PS (I-V)",3,"Higher secondary",1,"Diploma or certificate in basic teachers training of a duration not less than two years",0,0,0,1,0,6,0,0,0,0,0,0,0,0,0,0,0,0,7,0,7
2019-20,33,Tamilnadu,3304,VELLORE,330409,"VELLORE RURAL",24,"Private Unaided (Recognized)",1,"PS (I-V)",3,"Higher secondary",1,"Diploma or certificate in basic teachers training of a duration not less than two years",0,3,0,0,1,15,0,0,0,0,0,0,0,0,0,0,0,0,19,1,18
2019-20,33,Tamilnadu,3304,VELLORE,330410,"VELLORE URBAN",24,"Private Unaided (Recognized)",1,"PS (I-V)",3,"Higher secondary",1,"Diploma or certificate in basic teachers training of a duration not less than two years",0,0,0,2,0,11,0,0,0,0,0,0,0,0,0,0,0,0,13,0,13
2019-20,33,Tamilnadu,3304,VELLORE,330411,KANIYAMBADI,24,"Private Unaided (Recognized)",1,"PS (I-V)",3,"Higher secondary",1,"Diploma or certificate in basic teachers training of a duration not less than two years",0,1,0,0,0,11,0,0,0,0,0,0,0,0,0,0,0,0,12,0,12
2019-20,33,Tamilnadu,3304,VELLORE,330412,ANAICUT,24,"Private Unaided (Recognized)",1,"PS (I-V)",3,"Higher secondary",1,"Diploma or certificate in basic teachers training of a duration not less than two years",0,0,0,3,0,9,0,0,0,0,0,0,0,0,0,0,0,0,12,0,12
2019-20,33,Tamilnadu,3304,VELLORE,330413,KATPADI,24,"Private Unaided (Recognized)",1,"PS (I-V)",3,"Higher secondary",1,"Diploma or certificate in basic teachers training of a duration not less than two years",0,0,0,10,0,16,0,0,0,0,0,0,0,0,0,0,0,0,26,0,26
2019-20,33,Tamilnadu,3304,VELLORE,330414,K.V.KUPPAM,24,"Private Unaided (Recognized)",1,"PS (I-V)",3,"Higher secondary",1,"Diploma or certificate in basic teachers training of a duration not less than two years",0,0,0,1,0,9,0,0,0,0,0,0,0,0,0,0,0,0,10,0,10
2019-20,33,Tamilnadu,3304,VELLORE,330415,GUDIYATHAM,24,"Private Unaided (Recognized)",1,"PS (I-V)",3,"Higher secondary",1,"Diploma or certificate in basic teachers training of a duration not less than two years",0,0,0,2,0,25,0,0,0,0,0,0,0,0,0,0,0,0,27,0,27
2019-20,33,Tamilnadu,3304,VELLORE,330416,PERNAMBUT,24,"Private Unaided (Recognized)",1,"PS (I-V)",3,"Higher secondary",1,"Diploma or certificate in basic teachers training of a duration not less than two years",0,0,0,0,2,19,0,0,0,0,0,0,0,0,0,0,0,0,21,2,19
2019-20,33,Tamilnadu,3304,VELLORE,330417,MADHANUR,24,"Private Unaided (Recognized)",1,"PS (I-V)",3,"Higher secondary",1,"Diploma or certificate in basic teachers training of a duration not less than two years",0,0,0,0,4,15,0,0,0,0,0,0,0,0,0,0,0,0,19,4,15
2019-20,33,Tamilnadu,3304,VELLORE,330418,ALANGAYAM,24,"Private Unaided (Recognized)",1,"PS (I-V)",3,"Higher secondary",1,"Diploma or certificate in basic teachers training of a duration not less than two years",0,0,0,0,2,5,0,0,0,0,0,0,0,0,0,0,0,0,7,2,5
2019-20,33,Tamilnadu,3304,VELLORE,330419,NATRAMPALLI,24,"Private Unaided (Recognized)",1,"PS (I-V)",3,"Higher secondary",1,"Diploma or certificate in basic teachers training of a duration not less than two years",0,0,0,0,0,3,0,0,0,0,0,0,0,0,0,0,0,0,3,0,3
2019-20,33,Tamilnadu,3304,VELLORE,330420,JOLARPET,24,"Private Unaided (Recognized)",1,"PS (I-V)",3,"Higher secondary",1,"Diploma or certificate in basic teachers training of a duration not less than two years",0,0,0,0,0,6,0,0,0,0,0,0,0,0,0,0,0,0,6,0,6
2019-20,33,Tamilnadu,3304,VELLORE,330421,THIRUPATTUR,24,"Private Unaided (Recognized)",1,"PS (I-V)",3,"Higher secondary",1,"Diploma or certificate in basic teachers training of a duration not less than two years",0,1,0,0,0,3,0,0,0,0,0,0,0,0,0,0,0,0,4,0,4
2019-20,33,Tamilnadu,3304,VELLORE,330422,KANDHILI,24,"Private Unaided (Recognized)",1,"PS (I-V)",3,"Higher secondary",1,"Diploma or certificate in basic teachers training of a duration not less than two years",0,0,0,0,0,2,0,0,0,0,0,0,0,0,0,0,0,0,2,0,2
2019-20,33,Tamilnadu,3304,VELLORE,330402,NEMILI,24,"Private Unaided (Recognized)",2,"UPS (I-VIII)",3,"Higher secondary",1,"Diploma or certificate in basic teachers training of a duration not less than two years",0,0,0,0,0,1,0,0,0,2,0,0,0,0,0,0,0,0,3,0,3
2019-20,33,Tamilnadu,3304,VELLORE,330407,TIMIRI,24,"Private Unaided (Recognized)",2,"UPS (I-VIII)",3,"Higher secondary",1,"Diploma or certificate in basic teachers training of a duration not less than two years",0,0,0,0,0,3,0,0,0,0,0,0,0,0,0,0,0,0,3,0,3
2019-20,33,Tamilnadu,3304,VELLORE,330401,ARAKKONAM,24,"Private Unaided (Recognized)",1,"PS (I-V)",4,Graduate,1,"Diploma or certificate in basic teachers training of a duration not less than two years",0,0,0,0,0,41,0,0,0,0,0,0,0,0,0,0,0,0,41,0,41
2019-20,33,Tamilnadu,3304,VELLORE,330402,NEMILI,24,"Private Unaided (Recognized)",1,"PS (I-V)",4,Graduate,1,"Diploma or certificate in basic teachers training of a duration not less than two years",0,0,0,3,0,10,0,0,0,0,0,0,0,0,0,0,0,0,13,0,13
2019-20,33,Tamilnadu,3304,VELLORE,330403,KAVERIPAKKAM,24,"Private Unaided (Recognized)",1,"PS (I-V)",4,Graduate,1,"Diploma or certificate in basic teachers training of a duration not less than two years",0,0,0,0,0,25,0,0,0,0,0,0,0,0,0,0,0,0,25,0,25
2019-20,33,Tamilnadu,3304,VELLORE,330404,SHOLINGAR,24,"Private Unaided (Recognized)",1,"PS (I-V)",4,Graduate,1,"Diploma or certificate in basic teachers training of a duration not less than two years",0,0,0,0,1,12,0,0,0,0,0,0,0,0,0,0,0,0,13,1,12
2019-20,33,Tamilnadu,3304,VELLORE,330405,"WALAJA WEST",24,"Private Unaided (Recognized)",1,"PS (I-V)",4,Graduate,1,"Diploma or certificate in basic teachers training of a duration not less than two years",0,0,0,0,0,14,0,0,0,0,0,0,0,0,0,0,0,0,14,0,14
2019-20,33,Tamilnadu,3304,VELLORE,330406,"WALAJA EAST",24,"Private Unaided (Recognized)",1,"PS (I-V)",4,Graduate,1,"Diploma or certificate in basic teachers training of a duration not less than two years",0,2,0,3,1,24,0,0,0,0,0,0,0,0,0,0,0,0,30,1,29
2019-20,33,Tamilnadu,3304,VELLORE,330407,TIMIRI,24,"Private Unaided (Recognized)",1,"PS (I-V)",4,Graduate,1,"Diploma or certificate in basic teachers training of a duration not less than two years",0,0,0,0,1,22,0,0,0,0,0,0,0,0,0,0,0,0,23,1,22
2019-20,33,Tamilnadu,3304,VELLORE,330408,ARCOT,24,"Private Unaided (Recognized)",1,"PS (I-V)",4,Graduate,1,"Diploma or certificate in basic teachers training of a duration not less than two years",0,4,0,0,0,14,0,0,0,0,0,0,0,0,0,0,0,0,18,0,18
2019-20,33,Tamilnadu,3304,VELLORE,330409,"VELLORE RURAL",24,"Private Unaided (Recognized)",1,"PS (I-V)",4,Graduate,1,"Diploma or certificate in basic teachers training of a duration not less than two years",0,3,0,3,3,61,0,0,0,0,0,0,0,0,0,0,0,0,70,3,67
2019-20,33,Tamilnadu,3304,VELLORE,330410,"VELLORE URBAN",24,"Private Unaided (Recognized)",1,"PS (I-V)",4,Graduate,1,"Diploma or certificate in basic teachers training of a duration not less than two years",0,0,0,1,0,32,0,0,0,0,0,0,0,0,0,0,0,0,33,0,33
2019-20,33,Tamilnadu,3304,VELLORE,330411,KANIYAMBADI,24,"Private Unaided (Recognized)",1,"PS (I-V)",4,Graduate,1,"Diploma or certificate in basic teachers training of a duration not less than two years",0,0,0,0,1,22,0,0,0,0,0,0,0,0,0,0,0,0,23,1,22
2019-20,33,Tamilnadu,3304,VELLORE,330412,ANAICUT,24,"Private Unaided (Recognized)",1,"PS (I-V)",4,Graduate,1,"Diploma or certificate in basic teachers training of a duration not less than two years",0,0,0,2,1,39,0,0,0,0,0,0,0,0,0,0,0,0,42,1,41
2019-20,33,Tamilnadu,3304,VELLORE,330413,KATPADI,24,"Private Unaided (Recognized)",1,"PS (I-V)",4,Graduate,1,"Diploma or certificate in basic teachers training of a duration not less than two years",0,3,0,10,2,21,0,0,0,0,0,0,0,0,0,0,0,0,36,2,34
2019-20,33,Tamilnadu,3304,VELLORE,330414,K.V.KUPPAM,24,"Private Unaided (Recognized)",1,"PS (I-V)",4,Graduate,1,"Diploma or certificate in basic teachers training of a duration not less than two years",0,0,1,3,0,14,0,0,0,0,0,0,0,0,0,0,0,0,18,1,17
2019-20,33,Tamilnadu,3304,VELLORE,330415,GUDIYATHAM,24,"Private Unaided (Recognized)",1,"PS (I-V)",4,Graduate,1,"Diploma or certificate in basic teachers training of a duration not less than two years",0,0,0,3,0,34,0,0,0,0,0,0,0,0,0,0,0,0,37,0,37
2019-20,33,Tamilnadu,3304,VELLORE,330416,PERNAMBUT,24,"Private Unaided (Recognized)",1,"PS (I-V)",4,Graduate,1,"Diploma or certificate in basic teachers training of a duration not less than two years",0,0,0,3,8,39,0,0,0,0,0,0,0,0,0,0,0,0,50,8,42
2019-20,33,Tamilnadu,3304,VELLORE,330417,MADHANUR,24,"Private Unaided (Recognized)",1,"PS (I-V)",4,Graduate,1,"Diploma or certificate in basic teachers training of a duration not less than two years",0,0,1,1,4,35,0,0,0,0,0,0,0,0,0,0,0,0,41,5,36
2019-20,33,Tamilnadu,3304,VELLORE,330418,ALANGAYAM,24,"Private Unaided (Recognized)",1,"PS (I-V)",4,Graduate,1,"Diploma or certificate in basic teachers training of a duration not less than two years",0,0,0,0,0,7,0,0,0,0,0,0,0,0,0,0,0,0,7,0,7
2019-20,33,Tamilnadu,3304,VELLORE,330419,NATRAMPALLI,24,"Private Unaided (Recognized)",1,"PS (I-V)",4,Graduate,1,"Diploma or certificate in basic teachers training of a duration not less than two years",0,0,0,0,0,9,0,0,0,0,0,0,0,0,0,0,0,0,9,0,9
2019-20,33,Tamilnadu,3304,VELLORE,330420,JOLARPET,24,"Private Unaided (Recognized)",1,"PS (I-V)",4,Graduate,1,"Diploma or certificate in basic teachers training of a duration not less than two years",0,0,0,0,0,8,0,0,0,0,0,0,0,0,0,0,0,0,8,0,8
2019-20,33,Tamilnadu,3304,VELLORE,330421,THIRUPATTUR,24,"Private Unaided (Recognized)",1,"PS (I-V)",4,Graduate,1,"Diploma or certificate in basic teachers training of a duration not less than two years",0,0,0,0,0,17,0,0,0,0,0,0,0,0,0,0,0,0,17,0,17
2019-20,33,Tamilnadu,3304,VELLORE,330422,KANDHILI,24,"Private Unaided (Recognized)",1,"PS (I-V)",4,Graduate,1,"Diploma or certificate in basic teachers training of a duration not less than two years",0,0,0,1,0,8,0,0,0,0,0,0,0,0,0,0,0,0,9,0,9
2019-20,33,Tamilnadu,3304,VELLORE,330402,NEMILI,24,"Private Unaided (Recognized)",2,"UPS (I-VIII)",4,Graduate,1,"Diploma or certificate in basic teachers training of a duration not less than two years",0,0,0,0,0,3,0,0,0,0,0,0,0,0,0,0,0,0,3,0,3
2019-20,33,Tamilnadu,3304,VELLORE,330407,TIMIRI,24,"Private Unaided (Recognized)",2,"UPS (I-VIII)",4,Graduate,1,"Diploma or certificate in basic teachers training of a duration not less than two years",0,0,0,0,0,3,0,0,0,0,0,0,0,0,0,0,0,0,3,0,3
2019-20,33,Tamilnadu,3304,VELLORE,330408,ARCOT,24,"Private Unaided (Recognized)",2,"UPS (I-VIII)",4,Graduate,1,"Diploma or certificate in basic teachers training of a duration not less than two years",0,0,0,0,0,4,0,0,0,1,0,0,0,0,0,0,0,0,5,0,5
2019-20,33,Tamilnadu,3304,VELLORE,330416,PERNAMBUT,24,"Private Unaided (Recognized)",2,"UPS (I-VIII)",4,Graduate,1,"Diploma or certificate in basic teachers training of a duration not less than two years",0,0,0,0,0,1,0,0,0,0,0,0,0,0,0,0,0,0,1,0,1
2019-20,33,Tamilnadu,3304,VELLORE,330419,NATRAMPALLI,24,"Private Unaided (Recognized)",2,"UPS (I-VIII)",4,Graduate,1,"Diploma or certificate in basic teachers training of a duration not less than two years",0,0,0,0,0,1,0,0,0,3,0,0,0,0,0,0,0,0,4,0,4
2019-20,33,Tamilnadu,3304,VELLORE,330401,ARAKKONAM,24,"Private Unaided (Recognized)",1,"PS (I-V)",4,Graduate,3,"B.Ed. or equivalent",0,0,0,0,0,48,0,0,0,0,0,0,0,0,0,0,0,0,48,0,48
2019-20,33,Tamilnadu,3304,VELLORE,330402,NEMILI,24,"Private Unaided (Recognized)",1,"PS (I-V)",4,Graduate,3,"B.Ed. or equivalent",0,0,0,5,1,22,0,0,0,0,0,0,0,0,0,0,0,0,28,1,27
2019-20,33,Tamilnadu,3304,VELLORE,330403,KAVERIPAKKAM,24,"Private Unaided (Recognized)",1,"PS (I-V)",4,Graduate,3,"B.Ed. or equivalent",0,0,0,0,0,10,0,0,0,0,0,0,0,0,0,0,0,0,10,0,10
2019-20,33,Tamilnadu,3304,VELLORE,330404,SHOLINGAR,24,"Private Unaided (Recognized)",1,"PS (I-V)",4,Graduate,3,"B.Ed. or equivalent",0,0,0,2,0,20,0,0,0,0,0,0,0,0,0,0,0,0,22,0,22
2019-20,33,Tamilnadu,3304,VELLORE,330405,"WALAJA WEST",24,"Private Unaided (Recognized)",1,"PS (I-V)",4,Graduate,3,"B.Ed. or equivalent",0,0,0,0,0,34,0,0,0,0,0,0,0,0,0,0,0,0,34,0,34
2019-20,33,Tamilnadu,3304,VELLORE,330406,"WALAJA EAST",24,"Private Unaided (Recognized)",1,"PS (I-V)",4,Graduate,3,"B.Ed. or equivalent",0,3,0,7,0,26,0,0,0,0,0,0,0,0,0,0,0,0,36,0,36
2019-20,33,Tamilnadu,3304,VELLORE,330407,TIMIRI,24,"Private Unaided (Recognized)",1,"PS (I-V)",4,Graduate,3,"B.Ed. or equivalent",0,0,0,0,0,24,0,0,0,0,0,0,0,0,0,0,0,0,24,0,24
2019-20,33,Tamilnadu,3304,VELLORE,330408,ARCOT,24,"Private Unaided (Recognized)",1,"PS (I-V)",4,Graduate,3,"B.Ed. or equivalent",0,0,0,1,0,8,0,0,0,0,0,0,0,0,0,0,0,0,9,0,9
2019-20,33,Tamilnadu,3304,VELLORE,330409,"VELLORE RURAL",24,"Private Unaided (Recognized)",1,"PS (I-V)",4,Graduate,3,"B.Ed. or equivalent",0,2,0,2,2,38,0,0,0,0,0,0,0,0,0,0,0,0,44,2,42
2019-20,33,Tamilnadu,3304,VELLORE,330410,"VELLORE URBAN",24,"Private Unaided (Recognized)",1,"PS (I-V)",4,Graduate,3,"B.Ed. or equivalent",0,3,0,2,1,64,0,0,0,0,0,0,0,0,0,0,0,0,70,1,69
2019-20,33,Tamilnadu,3304,VELLORE,330411,KANIYAMBADI,24,"Private Unaided (Recognized)",1,"PS (I-V)",4,Graduate,3,"B.Ed. or equivalent",0,0,0,0,2,31,0,0,0,0,0,0,0,0,0,0,0,0,33,2,31
2019-20,33,Tamilnadu,3304,VELLORE,330412,ANAICUT,24,"Private Unaided (Recognized)",1,"PS (I-V)",4,Graduate,3,"B.Ed. or equivalent",0,0,0,0,1,26,0,0,0,0,0,0,0,0,0,0,0,0,27,1,26
2019-20,33,Tamilnadu,3304,VELLORE,330413,KATPADI,24,"Private Unaided (Recognized)",1,"PS (I-V)",4,Graduate,3,"B.Ed. or equivalent",0,1,0,5,1,25,0,0,0,0,0,0,0,0,0,0,0,0,32,1,31
2019-20,33,Tamilnadu,3304,VELLORE,330414,K.V.KUPPAM,24,"Private Unaided (Recognized)",1,"PS (I-V)",4,Graduate,3,"B.Ed. or equivalent",0,0,0,2,4,18,0,0,0,0,0,0,0,0,0,0,0,0,24,4,20
2019-20,33,Tamilnadu,3304,VELLORE,330415,GUDIYATHAM,24,"Private Unaided (Recognized)",1,"PS (I-V)",4,Graduate,3,"B.Ed. or equivalent",0,0,0,1,1,35,0,0,0,0,0,0,0,0,0,0,0,0,37,1,36
2019-20,33,Tamilnadu,3304,VELLORE,330416,PERNAMBUT,24,"Private Unaided (Recognized)",1,"PS (I-V)",4,Graduate,3,"B.Ed. or equivalent",0,0,0,0,8,40,0,0,0,0,0,0,0,0,0,0,0,0,48,8,40
2019-20,33,Tamilnadu,3304,VELLORE,330417,MADHANUR,24,"Private Unaided (Recognized)",1,"PS (I-V)",4,Graduate,3,"B.Ed. or equivalent",0,1,1,2,7,57,0,0,0,0,0,0,0,0,0,0,0,0,68,8,60
2019-20,33,Tamilnadu,3304,VELLORE,330402,NEMILI,24,"Private Unaided (Recognized)",2,"UPS (I-VIII)",4,Graduate,3,"B.Ed. or equivalent",0,0,0,0,0,1,0,2,0,0,0,0,0,0,0,0,0,0,3,0,3
2019-20,33,Tamilnadu,3304,VELLORE,330407,TIMIRI,24,"Private Unaided (Recognized)",2,"UPS (I-VIII)",4,Graduate,3,"B.Ed. or equivalent",0,0,0,0,0,5,0,0,0,0,0,0,0,0,0,0,0,0,5,0,5
2019-20,33,Tamilnadu,3304,VELLORE,330408,ARCOT,24,"Private Unaided (Recognized)",2,"UPS (I-VIII)",4,Graduate,3,"B.Ed. or equivalent",0,0,0,0,0,1,0,0,0,0,0,0,0,0,0,0,0,0,1,0,1
2019-20,33,Tamilnadu,3304,VELLORE,330416,PERNAMBUT,24,"Private Unaided (Recognized)",2,"UPS (I-VIII)",4,Graduate,3,"B.Ed. or equivalent",0,0,0,0,0,0,0,0,1,0,0,0,0,0,0,0,0,0,1,1,0
2019-20,33,Tamilnadu,3304,VELLORE,330417,MADHANUR,24,"Private Unaided (Recognized)",2,"UPS (I-VIII)",4,Graduate,3,"B.Ed. or equivalent",0,0,0,0,2,2,0,0,0,0,0,0,0,0,0,0,0,0,4,2,2
2019-20,33,Tamilnadu,3304,VELLORE,330419,NATRAMPALLI,24,"Private Unaided (Recognized)",2,"UPS (I-VIII)",4,Graduate,3,"B.Ed. or equivalent",0,0,0,0,0,0,0,0,0,1,0,0,0,0,0,0,0,0,1,0,1
2019-20,33,Tamilnadu,3304,VELLORE,330405,"WALAJA WEST",24,"Private Unaided (Recognized)",1,"PS (I-V)",4,Graduate,4,"M.Ed. or equivalent",0,0,0,0,0,1,0,0,0,0,0,0,0,0,0,0,0,0,1,0,1
2019-20,33,Tamilnadu,3304,VELLORE,330407,TIMIRI,24,"Private Unaided (Recognized)",1,"PS (I-V)",4,Graduate,4,"M.Ed. or equivalent",0,0,0,0,0,1,0,0,0,0,0,0,0,0,0,0,0,0,1,0,1
2019-20,33,Tamilnadu,3304,VELLORE,330410,"VELLORE URBAN",24,"Private Unaided (Recognized)",1,"PS (I-V)",4,Graduate,4,"M.Ed. or equivalent",0,0,0,0,0,1,0,0,0,0,0,0,0,0,0,0,0,0,1,0,1
2019-20,33,Tamilnadu,3304,VELLORE,330412,ANAICUT,24,"Private Unaided (Recognized)",1,"PS (I-V)",4,Graduate,4,"M.Ed. or equivalent",0,0,0,0,0,3,0,0,0,0,0,0,0,0,0,0,0,0,3,0,3
2019-20,33,Tamilnadu,3304,VELLORE,330413,KATPADI,24,"Private Unaided (Recognized)",1,"PS (I-V)",4,Graduate,4,"M.Ed. or equivalent",0,0,0,0,0,2,0,0,0,0,0,0,0,0,0,0,0,0,2,0,2
2019-20,33,Tamilnadu,3304,VELLORE,330414,K.V.KUPPAM,24,"Private Unaided (Recognized)",1,"PS (I-V)",4,Graduate,4,"M.Ed. or equivalent",0,0,0,0,0,4,0,0,0,0,0,0,0,0,0,0,0,0,4,0,4
2019-20,33,Tamilnadu,3304,VELLORE,330415,GUDIYATHAM,24,"Private Unaided (Recognized)",1,"PS (I-V)",4,Graduate,4,"M.Ed. or equivalent",0,0,0,0,0,2,0,0,0,0,0,0,0,0,0,0,0,0,2,0,2
2019-20,33,Tamilnadu,3304,VELLORE,330417,MADHANUR,24,"Private Unaided (Recognized)",1,"PS (I-V)",4,Graduate,4,"M.Ed. or equivalent",0,0,0,0,0,1,0,0,0,0,0,0,0,0,0,0,0,0,1,0,1
2019-20,33,Tamilnadu,3304,VELLORE,330402,NEMILI,24,"Private Unaided (Recognized)",2,"UPS (I-VIII)",4,Graduate,4,"M.Ed. or equivalent",0,0,0,0,0,1,0,0,0,0,0,0,0,0,0,0,0,0,1,0,1
2019-20,33,Tamilnadu,3304,VELLORE,330412,ANAICUT,24,"Private Unaided (Recognized)",2,"UPS (I-VIII)",4,Graduate,5,Others,0,0,0,0,0,0,0,0,0,1,0,0,0,0,0,0,0,0,1,0,1
2019-20,33,Tamilnadu,3304,VELLORE,330416,PERNAMBUT,24,"Private Unaided (Recognized)",2,"UPS (I-VIII)",4,Graduate,5,Others,0,0,0,0,0,2,0,0,0,1,0,0,0,0,0,0,0,0,3,0,3
2019-20,33,Tamilnadu,3304,VELLORE,330401,ARAKKONAM,24,"Private Unaided (Recognized)",1,"PS (I-V)",4,Graduate,6,None,0,0,0,1,1,20,0,0,0,0,0,0,0,0,0,0,0,0,22,1,21
2019-20,33,Tamilnadu,3304,VELLORE,330402,NEMILI,24,"Private Unaided (Recognized)",1,"PS (I-V)",4,Graduate,6,None,0,0,0,2,0,4,0,0,0,0,0,0,0,0,0,0,0,0,6,0,6
2019-20,33,Tamilnadu,3304,VELLORE,330403,KAVERIPAKKAM,24,"Private Unaided (Recognized)",1,"PS (I-V)",4,Graduate,6,None,0,0,0,0,0,3,0,0,0,0,0,0,0,0,0,0,0,0,3,0,3
2019-20,33,Tamilnadu,3304,VELLORE,330404,SHOLINGAR,24,"Private Unaided (Recognized)",1,"PS (I-V)",4,Graduate,6,None,0,0,0,0,0,4,0,0,0,0,0,0,0,0,0,0,0,0,4,0,4
2019-20,33,Tamilnadu,3304,VELLORE,330405,"WALAJA WEST",24,"Private Unaided (Recognized)",1,"PS (I-V)",4,Graduate,6,None,0,0,0,0,0,4,0,0,0,0,0,0,0,0,0,0,0,0,4,0,4
2019-20,33,Tamilnadu,3304,VELLORE,330406,"WALAJA EAST",24,"Private Unaided (Recognized)",1,"PS (I-V)",4,Graduate,6,None,0,0,0,1,1,11,0,0,0,0,0,0,0,0,0,0,0,0,13,1,12
2019-20,33,Tamilnadu,3304,VELLORE,330407,TIMIRI,24,"Private Unaided (Recognized)",1,"PS (I-V)",4,Graduate,6,None,0,0,0,1,2,7,0,0,0,0,0,0,0,0,0,0,0,0,10,2,8
2019-20,33,Tamilnadu,3304,VELLORE,330408,ARCOT,24,"Private Unaided (Recognized)",1,"PS (I-V)",4,Graduate,6,None,0,1,0,5,0,7,0,0,0,0,0,0,0,0,0,0,0,0,13,0,13
2019-20,33,Tamilnadu,3304,VELLORE,330409,"VELLORE RURAL",24,"Private Unaided (Recognized)",1,"PS (I-V)",4,Graduate,6,None,0,0,0,0,0,29,0,0,0,0,0,0,0,0,0,0,0,0,29,0,29
2019-20,33,Tamilnadu,3304,VELLORE,330410,"VELLORE URBAN",24,"Private Unaided (Recognized)",1,"PS (I-V)",4,Graduate,6,None,0,1,0,2,0,27,0,0,0,0,0,0,0,0,0,0,0,0,30,0,30
2019-20,33,Tamilnadu,3304,VELLORE,330411,KANIYAMBADI,24,"Private Unaided (Recognized)",1,"PS (I-V)",4,Graduate,6,None,0,0,0,1,0,12,0,0,0,0,0,0,0,0,0,0,0,0,13,0,13
2019-20,33,Tamilnadu,3304,VELLORE,330412,ANAICUT,24,"Private Unaided (Recognized)",1,"PS (I-V)",4,Graduate,6,None,0,1,0,0,0,10,0,0,0,0,0,0,0,0,0,0,0,0,11,0,11
2019-20,33,Tamilnadu,3304,VELLORE,330413,KATPADI,24,"Private Unaided (Recognized)",1,"PS (I-V)",4,Graduate,6,None,0,0,0,1,0,6,0,0,0,0,0,0,0,0,0,0,0,0,7,0,7
2019-20,33,Tamilnadu,3304,VELLORE,330414,K.V.KUPPAM,24,"Private Unaided (Recognized)",1,"PS (I-V)",4,Graduate,6,None,0,0,0,0,0,3,0,0,0,0,0,0,0,0,0,0,0,0,3,0,3
2019-20,33,Tamilnadu,3304,VELLORE,330415,GUDIYATHAM,24,"Private Unaided (Recognized)",1,"PS (I-V)",4,Graduate,6,None,0,0,0,0,1,3,0,0,0,0,0,0,0,0,0,0,0,0,4,1,3
2019-20,33,Tamilnadu,3304,VELLORE,330416,PERNAMBUT,24,"Private Unaided (Recognized)",1,"PS (I-V)",4,Graduate,6,None,0,0,0,0,0,7,0,0,0,0,0,0,0,0,0,0,0,0,7,0,7
2019-20,33,Tamilnadu,3304,VELLORE,330417,MADHANUR,24,"Private Unaided (Recognized)",1,"PS (I-V)",4,Graduate,6,None,0,6,0,3,0,24,0,0,0,0,0,0,0,0,0,0,0,0,33,0,33
2019-20,33,Tamilnadu,3304,VELLORE,330418,ALANGAYAM,24,"Private Unaided (Recognized)",1,"PS (I-V)",4,Graduate,6,None,0,0,0,0,0,6,0,0,0,0,0,0,0,0,0,0,0,0,6,0,6
2019-20,33,Tamilnadu,3304,VELLORE,330419,NATRAMPALLI,24,"Private Unaided (Recognized)",1,"PS (I-V)",4,Graduate,6,None,0,0,0,0,0,35,0,0,0,0,0,0,0,0,0,0,0,0,35,0,35
2019-20,33,Tamilnadu,3304,VELLORE,330420,JOLARPET,24,"Private Unaided (Recognized)",1,"PS (I-V)",4,Graduate,6,None,0,0,0,0,1,10,0,0,0,0,0,0,0,0,0,0,0,0,11,1,10
2019-20,33,Tamilnadu,3304,VELLORE,330421,THIRUPATTUR,24,"Private Unaided (Recognized)",1,"PS (I-V)",4,Graduate,6,None,0,1,0,0,0,5,0,0,0,0,0,0,0,0,0,0,0,0,6,0,6
2019-20,33,Tamilnadu,3304,VELLORE,330422,KANDHILI,24,"Private Unaided (Recognized)",1,"PS (I-V)",4,Graduate,6,None,0,0,0,0,0,3,0,0,0,0,0,0,0,0,0,0,0,0,3,0,3
2019-20,33,Tamilnadu,3304,VELLORE,330402,NEMILI,24,"Private Unaided (Recognized)",2,"UPS (I-VIII)",4,Graduate,6,None,0,0,0,0,1,3,0,0,0,0,0,0,0,0,0,0,0,0,4,1,3
2019-20,33,Tamilnadu,3304,VELLORE,330408,ARCOT,24,"Private Unaided (Recognized)",2,"UPS (I-VIII)",4,Graduate,6,None,0,0,0,0,0,4,0,0,0,1,0,0,0,0,0,0,0,0,5,0,5
2019-20,33,Tamilnadu,3304,VELLORE,330417,MADHANUR,24,"Private Unaided (Recognized)",2,"UPS (I-VIII)",4,Graduate,6,None,0,0,0,0,0,1,0,0,0,0,0,0,0,0,0,0,0,0,1,0,1
2019-20,33,Tamilnadu,3304,VELLORE,330419,NATRAMPALLI,24,"Private Unaided (Recognized)",2,"UPS (I-VIII)",4,Graduate,6,None,0,0,0,0,0,0,0,0,0,1,0,0,0,0,0,0,0,0,1,0,1
2019-20,33,Tamilnadu,3304,VELLORE,330401,ARAKKONAM,24,"Private Unaided (Recognized)",1,"PS (I-V)",5,"Post graduate",1,"Diploma or certificate in basic teachers training of a duration not less than two years",0,0,0,0,0,8,0,0,0,0,0,0,0,0,0,0,0,0,8,0,8
2019-20,33,Tamilnadu,3304,VELLORE,330402,NEMILI,24,"Private Unaided (Recognized)",1,"PS (I-V)",5,"Post graduate",1,"Diploma or certificate in basic teachers training of a duration not less than two years",0,0,0,0,0,1,0,0,0,0,0,0,0,0,0,0,0,0,1,0,1
2019-20,33,Tamilnadu,3304,VELLORE,330403,KAVERIPAKKAM,24,"Private Unaided (Recognized)",1,"PS (I-V)",5,"Post graduate",1,"Diploma or certificate in basic teachers training of a duration not less than two years",0,0,0,0,0,4,0,0,0,0,0,0,0,0,0,0,0,0,4,0,4
2019-20,33,Tamilnadu,3304,VELLORE,330404,SHOLINGAR,24,"Private Unaided (Recognized)",1,"PS (I-V)",5,"Post graduate",1,"Diploma or certificate in basic teachers training of a duration not less than two years",0,0,0,0,1,2,0,0,0,0,0,0,0,0,0,0,0,0,3,1,2
2019-20,33,Tamilnadu,3304,VELLORE,330405,"WALAJA WEST",24,"Private Unaided (Recognized)",1,"PS (I-V)",5,"Post graduate",1,"Diploma or certificate in basic teachers training of a duration not less than two years",0,0,0,0,0,2,0,0,0,0,0,0,0,0,0,0,0,0,2,0,2
2019-20,33,Tamilnadu,3304,VELLORE,330406,"WALAJA EAST",24,"Private Unaided (Recognized)",1,"PS (I-V)",5,"Post graduate",1,"Diploma or certificate in basic teachers training of a duration not less than two years",0,0,0,0,0,5,0,0,0,0,0,0,0,0,0,0,0,0,5,0,5
2019-20,33,Tamilnadu,3304,VELLORE,330407,TIMIRI,24,"Private Unaided (Recognized)",1,"PS (I-V)",5,"Post graduate",1,"Diploma or certificate in basic teachers training of a duration not less than two years",0,0,0,0,0,3,0,0,0,0,0,0,0,0,0,0,0,0,3,0,3
2019-20,33,Tamilnadu,3304,VELLORE,330408,ARCOT,24,"Private Unaided (Recognized)",1,"PS (I-V)",5,"Post graduate",1,"Diploma or certificate in basic teachers training of a duration not less than two years",0,1,0,0,0,6,0,0,0,0,0,0,0,0,0,0,0,0,7,0,7
2019-20,33,Tamilnadu,3304,VELLORE,330409,"VELLORE RURAL",24,"Private Unaided (Recognized)",1,"PS (I-V)",5,"Post graduate",1,"Diploma or certificate in basic teachers training of a duration not less than two years",0,0,0,0,1,16,0,0,0,0,0,0,0,0,0,0,0,0,17,1,16
2019-20,33,Tamilnadu,3304,VELLORE,330410,"VELLORE URBAN",24,"Private Unaided (Recognized)",1,"PS (I-V)",5,"Post graduate",1,"Diploma or certificate in basic teachers training of a duration not less than two years",0,0,0,0,0,7,0,0,0,0,0,0,0,0,0,0,0,0,7,0,7
2019-20,33,Tamilnadu,3304,VELLORE,330411,KANIYAMBADI,24,"Private Unaided (Recognized)",1,"PS (I-V)",5,"Post graduate",1,"Diploma or certificate in basic teachers training of a duration not less than two years",0,0,0,0,0,9,0,0,0,0,0,0,0,0,0,0,0,0,9,0,9
2019-20,33,Tamilnadu,3304,VELLORE,330413,KATPADI,24,"Private Unaided (Recognized)",1,"PS (I-V)",5,"Post graduate",1,"Diploma or certificate in basic teachers training of a duration not less than two years",0,2,0,1,0,9,0,0,0,0,0,0,0,0,0,0,0,0,12,0,12
2019-20,33,Tamilnadu,3304,VELLORE,330414,K.V.KUPPAM,24,"Private Unaided (Recognized)",1,"PS (I-V)",5,"Post graduate",1,"Diploma or certificate in basic teachers training of a duration not less than two years",0,0,0,0,2,5,0,0,0,0,0,0,0,0,0,0,0,0,7,2,5
2019-20,33,Tamilnadu,3304,VELLORE,330415,GUDIYATHAM,24,"Private Unaided (Recognized)",1,"PS (I-V)",5,"Post graduate",1,"Diploma or certificate in basic teachers training of a duration not less than two years",0,0,0,0,1,8,0,0,0,0,0,0,0,0,0,0,0,0,9,1,8
2019-20,33,Tamilnadu,3304,VELLORE,330416,PERNAMBUT,24,"Private Unaided (Recognized)",1,"PS (I-V)",5,"Post graduate",1,"Diploma or certificate in basic teachers training of a duration not less than two years",0,0,0,0,2,7,0,0,0,0,0,0,0,0,0,0,0,0,9,2,7
2019-20,33,Tamilnadu,3304,VELLORE,330417,MADHANUR,24,"Private Unaided (Recognized)",1,"PS (I-V)",5,"Post graduate",1,"Diploma or certificate in basic teachers training of a duration not less than two years",0,2,0,0,1,5,0,0,0,0,0,0,0,0,0,0,0,0,8,1,7
2019-20,33,Tamilnadu,3304,VELLORE,330418,ALANGAYAM,24,"Private Unaided (Recognized)",1,"PS (I-V)",5,"Post graduate",1,"Diploma or certificate in basic teachers training of a duration not less than two years",0,0,0,0,0,2,0,0,0,0,0,0,0,0,0,0,0,0,2,0,2
2019-20,33,Tamilnadu,3304,VELLORE,330419,NATRAMPALLI,24,"Private Unaided (Recognized)",1,"PS (I-V)",5,"Post graduate",1,"Diploma or certificate in basic teachers training of a duration not less than two years",0,0,0,0,0,3,0,0,0,0,0,0,0,0,0,0,0,0,3,0,3
2019-20,33,Tamilnadu,3304,VELLORE,330420,JOLARPET,24,"Private Unaided (Recognized)",1,"PS (I-V)",5,"Post graduate",1,"Diploma or certificate in basic teachers training of a duration not less than two years",0,0,0,0,0,2,0,0,0,0,0,0,0,0,0,0,0,0,2,0,2
2019-20,33,Tamilnadu,3304,VELLORE,330421,THIRUPATTUR,24,"Private Unaided (Recognized)",1,"PS (I-V)",5,"Post graduate",1,"Diploma or certificate in basic teachers training of a duration not less than two years",0,0,0,0,0,8,0,0,0,0,0,0,0,0,0,0,0,0,8,0,8
2019-20,33,Tamilnadu,3304,VELLORE,330422,KANDHILI,24,"Private Unaided (Recognized)",1,"PS (I-V)",5,"Post graduate",1,"Diploma or certificate in basic teachers training of a duration not less than two years",0,0,0,0,0,4,0,0,0,0,0,0,0,0,0,0,0,0,4,0,4
2019-20,33,Tamilnadu,3304,VELLORE,330407,TIMIRI,24,"Private Unaided (Recognized)",2,"UPS (I-VIII)",5,"Post graduate",1,"Diploma or certificate in basic teachers training of a duration not less than two years",0,0,0,0,0,2,0,0,0,0,0,0,0,0,0,0,0,0,2,0,2
2019-20,33,Tamilnadu,3304,VELLORE,330417,MADHANUR,24,"Private Unaided (Recognized)",2,"UPS (I-VIII)",5,"Post graduate",1,"Diploma or certificate in basic teachers training of a duration not less than two years",0,0,0,0,1,0,0,0,0,0,0,0,0,0,0,0,0,0,1,1,0
2019-20,33,Tamilnadu,3304,VELLORE,330401,ARAKKONAM,24,"Private Unaided (Recognized)",1,"PS (I-V)",5,"Post graduate",3,"B.Ed. or equivalent",0,0,0,3,2,23,0,0,0,0,0,0,0,0,0,0,0,0,28,2,26
2019-20,33,Tamilnadu,3304,VELLORE,330402,NEMILI,24,"Private Unaided (Recognized)",1,"PS (I-V)",5,"Post graduate",3,"B.Ed. or equivalent",0,0,0,1,1,8,0,0,0,0,0,0,0,0,0,0,0,0,10,1,9
2019-20,33,Tamilnadu,3304,VELLORE,330403,KAVERIPAKKAM,24,"Private Unaided (Recognized)",1,"PS (I-V)",5,"Post graduate",3,"B.Ed. or equivalent",0,0,0,0,3,12,0,0,0,0,0,0,0,0,0,0,0,0,15,3,12
2019-20,33,Tamilnadu,3304,VELLORE,330404,SHOLINGAR,24,"Private Unaided (Recognized)",1,"PS (I-V)",5,"Post graduate",3,"B.Ed. or equivalent",0,0,0,1,1,12,0,0,0,0,0,0,0,0,0,0,0,0,14,1,13
2019-20,33,Tamilnadu,3304,VELLORE,330405,"WALAJA WEST",24,"Private Unaided (Recognized)",1,"PS (I-V)",5,"Post graduate",3,"B.Ed. or equivalent",0,0,0,0,1,12,0,0,0,0,0,0,0,0,0,0,0,0,13,1,12
2019-20,33,Tamilnadu,3304,VELLORE,330406,"WALAJA EAST",24,"Private Unaided (Recognized)",1,"PS (I-V)",5,"Post graduate",3,"B.Ed. or equivalent",0,0,0,6,2,20,0,0,0,0,0,0,0,0,0,0,0,0,28,2,26
2019-20,33,Tamilnadu,3304,VELLORE,330407,TIMIRI,24,"Private Unaided (Recognized)",1,"PS (I-V)",5,"Post graduate",3,"B.Ed. or equivalent",0,0,0,0,1,16,0,0,0,0,0,0,0,0,0,0,0,0,17,1,16
2019-20,33,Tamilnadu,3304,VELLORE,330408,ARCOT,24,"Private Unaided (Recognized)",1,"PS (I-V)",5,"Post graduate",3,"B.Ed. or equivalent",0,1,0,0,2,15,0,0,0,0,0,0,0,0,0,0,0,0,18,2,16
2019-20,33,Tamilnadu,3304,VELLORE,330409,"VELLORE RURAL",24,"Private Unaided (Recognized)",1,"PS (I-V)",5,"Post graduate",3,"B.Ed. or equivalent",0,0,0,0,7,31,0,0,0,0,0,0,0,0,0,0,0,0,38,7,31
2019-20,33,Tamilnadu,3304,VELLORE,330410,"VELLORE URBAN",24,"Private Unaided (Recognized)",1,"PS (I-V)",5,"Post graduate",3,"B.Ed. or equivalent",0,0,0,0,0,36,0,0,0,0,0,0,0,0,0,0,0,0,36,0,36
2019-20,33,Tamilnadu,3304,VELLORE,330411,KANIYAMBADI,24,"Private Unaided (Recognized)",1,"PS (I-V)",5,"Post graduate",3,"B.Ed. or equivalent",0,0,0,0,3,28,0,0,0,0,0,0,0,0,0,0,0,0,31,3,28
2019-20,33,Tamilnadu,3304,VELLORE,330412,ANAICUT,24,"Private Unaided (Recognized)",1,"PS (I-V)",5,"Post graduate",3,"B.Ed. or equivalent",0,0,0,0,1,17,0,0,0,0,0,0,0,0,0,0,0,0,18,1,17
2019-20,33,Tamilnadu,3304,VELLORE,330413,KATPADI,24,"Private Unaided (Recognized)",1,"PS (I-V)",5,"Post graduate",3,"B.Ed. or equivalent",0,0,0,6,2,38,0,0,0,0,0,0,0,0,0,0,0,0,46,2,44
2019-20,33,Tamilnadu,3304,VELLORE,330414,K.V.KUPPAM,24,"Private Unaided (Recognized)",1,"PS (I-V)",5,"Post graduate",3,"B.Ed. or equivalent",0,0,0,0,7,13,0,0,0,0,0,0,0,0,0,0,0,0,20,7,13
2019-20,33,Tamilnadu,3304,VELLORE,330415,GUDIYATHAM,24,"Private Unaided (Recognized)",1,"PS (I-V)",5,"Post graduate",3,"B.Ed. or equivalent",0,0,0,1,6,22,0,0,0,0,0,0,0,0,0,0,0,0,29,6,23
2019-20,33,Tamilnadu,3304,VELLORE,330416,PERNAMBUT,24,"Private Unaided (Recognized)",1,"PS (I-V)",5,"Post graduate",3,"B.Ed. or equivalent",0,1,0,0,7,23,0,0,0,0,0,0,0,0,0,0,0,0,31,7,24
2019-20,33,Tamilnadu,3304,VELLORE,330417,MADHANUR,24,"Private Unaided (Recognized)",1,"PS (I-V)",5,"Post graduate",3,"B.Ed. or equivalent",0,0,0,2,6,29,0,0,0,0,0,0,0,0,0,0,0,0,37,6,31
2019-20,33,Tamilnadu,3304,VELLORE,330418,ALANGAYAM,24,"Private Unaided (Recognized)",1,"PS (I-V)",5,"Post graduate",3,"B.Ed. or equivalent",0,0,0,0,2,9,0,0,0,0,0,0,0,0,0,0,0,0,11,2,9
2019-20,33,Tamilnadu,3304,VELLORE,330419,NATRAMPALLI,24,"Private Unaided (Recognized)",1,"PS (I-V)",5,"Post graduate",3,"B.Ed. or equivalent",0,0,0,0,1,10,0,0,0,0,0,0,0,0,0,0,0,0,11,1,10
2019-20,33,Tamilnadu,3304,VELLORE,330420,JOLARPET,24,"Private Unaided (Recognized)",1,"PS (I-V)",5,"Post graduate",3,"B.Ed. or equivalent",0,0,0,0,4,18,0,0,0,0,0,0,0,0,0,0,0,0,22,4,18
2019-20,33,Tamilnadu,3304,VELLORE,330421,THIRUPATTUR,24,"Private Unaided (Recognized)",1,"PS (I-V)",5,"Post graduate",3,"B.Ed. or equivalent",0,0,0,0,1,35,0,0,0,0,0,0,0,0,0,0,0,0,36,1,35
2019-20,33,Tamilnadu,3304,VELLORE,330422,KANDHILI,24,"Private Unaided (Recognized)",1,"PS (I-V)",5,"Post graduate",3,"B.Ed. or equivalent",0,1,0,0,1,33,0,0,0,0,0,0,0,0,0,0,0,0,35,1,34
2019-20,33,Tamilnadu,3304,VELLORE,330402,NEMILI,24,"Private Unaided (Recognized)",2,"UPS (I-VIII)",5,"Post graduate",3,"B.Ed. or equivalent",0,0,0,0,0,1,0,1,0,0,0,0,0,0,0,0,0,0,2,0,2
2019-20,33,Tamilnadu,3304,VELLORE,330407,TIMIRI,24,"Private Unaided (Recognized)",2,"UPS (I-VIII)",5,"Post graduate",3,"B.Ed. or equivalent",0,0,0,0,0,2,0,0,0,0,0,0,0,0,0,0,0,0,2,0,2
2019-20,33,Tamilnadu,3304,VELLORE,330408,ARCOT,24,"Private Unaided (Recognized)",2,"UPS (I-VIII)",5,"Post graduate",3,"B.Ed. or equivalent",0,0,0,0,0,4,0,4,0,0,0,0,0,0,0,0,0,0,8,0,8
2019-20,33,Tamilnadu,3304,VELLORE,330416,PERNAMBUT,24,"Private Unaided (Recognized)",2,"UPS (I-VIII)",5,"Post graduate",3,"B.Ed. or equivalent",0,0,0,0,0,4,0,0,1,1,0,0,0,0,0,0,0,0,6,1,5
2019-20,33,Tamilnadu,3304,VELLORE,330417,MADHANUR,24,"Private Unaided (Recognized)",2,"UPS (I-VIII)",5,"Post graduate",3,"B.Ed. or equivalent",0,0,0,0,0,1,0,0,0,0,0,0,0,0,0,0,0,0,1,0,1
2019-20,33,Tamilnadu,3304,VELLORE,330419,NATRAMPALLI,24,"Private Unaided (Recognized)",2,"UPS (I-VIII)",5,"Post graduate",3,"B.Ed. or equivalent",0,0,0,0,0,0,0,4,0,0,0,0,0,0,0,0,0,0,4,0,4
2019-20,33,Tamilnadu,3304,VELLORE,330401,ARAKKONAM,24,"Private Unaided (Recognized)",1,"PS (I-V)",5,"Post graduate",4,"M.Ed. or equivalent",0,0,0,0,0,3,0,0,0,0,0,0,0,0,0,0,0,0,3,0,3
2019-20,33,Tamilnadu,3304,VELLORE,330403,KAVERIPAKKAM,24,"Private Unaided (Recognized)",1,"PS (I-V)",5,"Post graduate",4,"M.Ed. or equivalent",0,0,0,0,0,1,0,0,0,0,0,0,0,0,0,0,0,0,1,0,1
2019-20,33,Tamilnadu,3304,VELLORE,330404,SHOLINGAR,24,"Private Unaided (Recognized)",1,"PS (I-V)",5,"Post graduate",4,"M.Ed. or equivalent",0,0,0,0,0,2,0,0,0,0,0,0,0,0,0,0,0,0,2,0,2
2019-20,33,Tamilnadu,3304,VELLORE,330405,"WALAJA WEST",24,"Private Unaided (Recognized)",1,"PS (I-V)",5,"Post graduate",4,"M.Ed. or equivalent",0,0,0,0,1,2,0,0,0,0,0,0,0,0,0,0,0,0,3,1,2
2019-20,33,Tamilnadu,3304,VELLORE,330406,"WALAJA EAST",24,"Private Unaided (Recognized)",1,"PS (I-V)",5,"Post graduate",4,"M.Ed. or equivalent",0,0,0,0,0,4,0,0,0,0,0,0,0,0,0,0,0,0,4,0,4
2019-20,33,Tamilnadu,3304,VELLORE,330409,"VELLORE RURAL",24,"Private Unaided (Recognized)",1,"PS (I-V)",5,"Post graduate",4,"M.Ed. or equivalent",0,0,0,0,1,2,0,0,0,0,0,0,0,0,0,0,0,0,3,1,2
2019-20,33,Tamilnadu,3304,VELLORE,330410,"VELLORE URBAN",24,"Private Unaided (Recognized)",1,"PS (I-V)",5,"Post graduate",4,"M.Ed. or equivalent",0,0,0,0,0,4,0,0,0,0,0,0,0,0,0,0,0,0,4,0,4
2019-20,33,Tamilnadu,3304,VELLORE,330411,KANIYAMBADI,24,"Private Unaided (Recognized)",1,"PS (I-V)",5,"Post graduate",4,"M.Ed. or equivalent",0,0,0,0,0,1,0,0,0,0,0,0,0,0,0,0,0,0,1,0,1
2019-20,33,Tamilnadu,3304,VELLORE,330413,KATPADI,24,"Private Unaided (Recognized)",1,"PS (I-V)",5,"Post graduate",4,"M.Ed. or equivalent",0,1,0,1,0,0,0,0,0,0,0,0,0,0,0,0,0,0,2,0,2
2019-20,33,Tamilnadu,3304,VELLORE,330414,K.V.KUPPAM,24,"Private Unaided (Recognized)",1,"PS (I-V)",5,"Post graduate",4,"M.Ed. or equivalent",0,0,0,0,0,1,0,0,0,0,0,0,0,0,0,0,0,0,1,0,1
2019-20,33,Tamilnadu,3304,VELLORE,330415,GUDIYATHAM,24,"Private Unaided (Recognized)",1,"PS (I-V)",5,"Post graduate",4,"M.Ed. or equivalent",0,0,0,0,1,2,0,0,0,0,0,0,0,0,0,0,0,0,3,1,2
2019-20,33,Tamilnadu,3304,VELLORE,330416,PERNAMBUT,24,"Private Unaided (Recognized)",1,"PS (I-V)",5,"Post graduate",4,"M.Ed. or equivalent",0,0,0,0,1,3,0,0,0,0,0,0,0,0,0,0,0,0,4,1,3
2019-20,33,Tamilnadu,3304,VELLORE,330417,MADHANUR,24,"Private Unaided (Recognized)",1,"PS (I-V)",5,"Post graduate",4,"M.Ed. or equivalent",0,0,0,0,0,4,0,0,0,0,0,0,0,0,0,0,0,0,4,0,4
2019-20,33,Tamilnadu,3304,VELLORE,330420,JOLARPET,24,"Private Unaided (Recognized)",1,"PS (I-V)",5,"Post graduate",4,"M.Ed. or equivalent",0,0,0,0,0,1,0,0,0,0,0,0,0,0,0,0,0,0,1,0,1
2019-20,33,Tamilnadu,3304,VELLORE,330421,THIRUPATTUR,24,"Private Unaided (Recognized)",1,"PS (I-V)",5,"Post graduate",4,"M.Ed. or equivalent",0,0,0,0,1,0,0,0,0,0,0,0,0,0,0,0,0,0,1,1,0
2019-20,33,Tamilnadu,3304,VELLORE,330422,KANDHILI,24,"Private Unaided (Recognized)",1,"PS (I-V)",5,"Post graduate",4,"M.Ed. or equivalent",0,0,0,0,0,1,0,0,0,0,0,0,0,0,0,0,0,0,1,0,1
2019-20,33,Tamilnadu,3304,VELLORE,330408,ARCOT,24,"Private Unaided (Recognized)",2,"UPS (I-VIII)",5,"Post graduate",4,"M.Ed. or equivalent",0,0,0,0,0,1,0,0,0,0,0,0,0,0,0,0,0,0,1,0,1
2019-20,33,Tamilnadu,3304,VELLORE,330401,ARAKKONAM,24,"Private Unaided (Recognized)",1,"PS (I-V)",5,"Post graduate",5,Others,0,0,0,3,0,2,0,0,0,0,0,0,0,0,0,0,0,0,5,0,5
2019-20,33,Tamilnadu,3304,VELLORE,330404,SHOLINGAR,24,"Private Unaided (Recognized)",1,"PS (I-V)",5,"Post graduate",5,Others,0,0,0,0,0,3,0,0,0,0,0,0,0,0,0,0,0,0,3,0,3
2019-20,33,Tamilnadu,3304,VELLORE,330405,"WALAJA WEST",24,"Private Unaided (Recognized)",1,"PS (I-V)",5,"Post graduate",5,Others,0,0,0,0,0,2,0,0,0,0,0,0,0,0,0,0,0,0,2,0,2
2019-20,33,Tamilnadu,3304,VELLORE,330406,"WALAJA EAST",24,"Private Unaided (Recognized)",1,"PS (I-V)",5,"Post graduate",5,Others,0,0,0,0,0,5,0,0,0,0,0,0,0,0,0,0,0,0,5,0,5
2019-20,33,Tamilnadu,3304,VELLORE,330408,ARCOT,24,"Private Unaided (Recognized)",1,"PS (I-V)",5,"Post graduate",5,Others,0,0,0,1,0,2,0,0,0,0,0,0,0,0,0,0,0,0,3,0,3
2019-20,33,Tamilnadu,3304,VELLORE,330409,"VELLORE RURAL",24,"Private Unaided (Recognized)",1,"PS (I-V)",5,"Post graduate",5,Others,0,0,0,0,0,8,0,0,0,0,0,0,0,0,0,0,0,0,8,0,8
2019-20,33,Tamilnadu,3304,VELLORE,330410,"VELLORE URBAN",24,"Private Unaided (Recognized)",1,"PS (I-V)",5,"Post graduate",5,Others,0,0,0,0,0,10,0,0,0,0,0,0,0,0,0,0,0,0,10,0,10
2019-20,33,Tamilnadu,3304,VELLORE,330411,KANIYAMBADI,24,"Private Unaided (Recognized)",1,"PS (I-V)",5,"Post graduate",5,Others,0,0,0,0,0,5,0,0,0,0,0,0,0,0,0,0,0,0,5,0,5
2019-20,33,Tamilnadu,3304,VELLORE,330412,ANAICUT,24,"Private Unaided (Recognized)",1,"PS (I-V)",5,"Post graduate",5,Others,0,0,0,0,0,2,0,0,0,0,0,0,0,0,0,0,0,0,2,0,2
2019-20,33,Tamilnadu,3304,VELLORE,330413,KATPADI,24,"Private Unaided (Recognized)",1,"PS (I-V)",5,"Post graduate",5,Others,0,1,0,0,0,13,0,0,0,0,0,0,0,0,0,0,0,0,14,0,14
2019-20,33,Tamilnadu,3304,VELLORE,330414,K.V.KUPPAM,24,"Private Unaided (Recognized)",1,"PS (I-V)",5,"Post graduate",5,Others,0,0,0,0,0,2,0,0,0,0,0,0,0,0,0,0,0,0,2,0,2
2019-20,33,Tamilnadu,3304,VELLORE,330415,GUDIYATHAM,24,"Private Unaided (Recognized)",1,"PS (I-V)",5,"Post graduate",5,Others,0,0,0,0,0,1,0,0,0,0,0,0,0,0,0,0,0,0,1,0,1
2019-20,33,Tamilnadu,3304,VELLORE,330416,PERNAMBUT,24,"Private Unaided (Recognized)",1,"PS (I-V)",5,"Post graduate",5,Others,0,0,0,0,0,1,0,0,0,0,0,0,0,0,0,0,0,0,1,0,1
2019-20,33,Tamilnadu,3304,VELLORE,330417,MADHANUR,24,"Private Unaided (Recognized)",1,"PS (I-V)",5,"Post graduate",5,Others,0,0,0,0,0,4,0,0,0,0,0,0,0,0,0,0,0,0,4,0,4
2019-20,33,Tamilnadu,3304,VELLORE,330418,ALANGAYAM,24,"Private Unaided (Recognized)",1,"PS (I-V)",5,"Post graduate",5,Others,0,0,0,0,0,1,0,0,0,0,0,0,0,0,0,0,0,0,1,0,1
2019-20,33,Tamilnadu,3304,VELLORE,330419,NATRAMPALLI,24,"Private Unaided (Recognized)",1,"PS (I-V)",5,"Post graduate",5,Others,0,0,0,0,1,0,0,0,0,0,0,0,0,0,0,0,0,0,1,1,0
2019-20,33,Tamilnadu,3304,VELLORE,330420,JOLARPET,24,"Private Unaided (Recognized)",1,"PS (I-V)",5,"Post graduate",5,Others,0,0,0,0,1,0,0,0,0,0,0,0,0,0,0,0,0,0,1,1,0
2019-20,33,Tamilnadu,3304,VELLORE,330421,THIRUPATTUR,24,"Private Unaided (Recognized)",1,"PS (I-V)",5,"Post graduate",5,Others,0,0,0,0,1,2,0,0,0,0,0,0,0,0,0,0,0,0,3,1,2
2019-20,33,Tamilnadu,3304,VELLORE,330422,KANDHILI,24,"Private Unaided (Recognized)",1,"PS (I-V)",5,"Post graduate",5,Others,0,0,0,0,0,4,0,0,0,0,0,0,0,0,0,0,0,0,4,0,4
2019-20,33,Tamilnadu,3304,VELLORE,330407,TIMIRI,24,"Private Unaided (Recognized)",2,"UPS (I-VIII)",5,"Post graduate",5,Others,0,0,0,0,0,1,0,0,0,0,0,0,0,0,0,0,0,0,1,0,1
2019-20,33,Tamilnadu,3304,VELLORE,330419,NATRAMPALLI,24,"Private Unaided (Recognized)",2,"UPS (I-VIII)",5,"Post graduate",5,Others,0,0,0,0,0,1,0,0,0,0,0,0,0,0,0,0,0,0,1,0,1
2019-20,33,Tamilnadu,3304,VELLORE,330401,ARAKKONAM,24,"Private Unaided (Recognized)",1,"PS (I-V)",5,"Post graduate",6,None,0,0,0,1,1,5,0,0,0,0,0,0,0,0,0,0,0,0,7,1,6
2019-20,33,Tamilnadu,3304,VELLORE,330402,NEMILI,24,"Private Unaided (Recognized)",1,"PS (I-V)",5,"Post graduate",6,None,0,0,0,0,0,2,0,0,0,0,0,0,0,0,0,0,0,0,2,0,2
2019-20,33,Tamilnadu,3304,VELLORE,330403,KAVERIPAKKAM,24,"Private Unaided (Recognized)",1,"PS (I-V)",5,"Post graduate",6,None,0,0,0,0,0,2,0,0,0,0,0,0,0,0,0,0,0,0,2,0,2
2019-20,33,Tamilnadu,3304,VELLORE,330406,"WALAJA EAST",24,"Private Unaided (Recognized)",1,"PS (I-V)",5,"Post graduate",6,None,0,0,0,0,0,1,0,0,0,0,0,0,0,0,0,0,0,0,1,0,1
2019-20,33,Tamilnadu,3304,VELLORE,330407,TIMIRI,24,"Private Unaided (Recognized)",1,"PS (I-V)",5,"Post graduate",6,None,0,0,0,1,0,1,0,0,0,0,0,0,0,0,0,0,0,0,2,0,2
2019-20,33,Tamilnadu,3304,VELLORE,330408,ARCOT,24,"Private Unaided (Recognized)",1,"PS (I-V)",5,"Post graduate",6,None,0,0,1,0,0,3,0,0,0,0,0,0,0,0,0,0,0,0,4,1,3
2019-20,33,Tamilnadu,3304,VELLORE,330409,"VELLORE RURAL",24,"Private Unaided (Recognized)",1,"PS (I-V)",5,"Post graduate",6,None,0,0,0,0,0,8,0,0,0,0,0,0,0,0,0,0,0,0,8,0,8
2019-20,33,Tamilnadu,3304,VELLORE,330410,"VELLORE URBAN",24,"Private Unaided (Recognized)",1,"PS (I-V)",5,"Post graduate",6,None,0,0,0,0,0,1,0,0,0,0,0,0,0,0,0,0,0,0,1,0,1
2019-20,33,Tamilnadu,3304,VELLORE,330411,KANIYAMBADI,24,"Private Unaided (Recognized)",1,"PS (I-V)",5,"Post graduate",6,None,0,0,0,0,1,2,0,0,0,0,0,0,0,0,0,0,0,0,3,1,2
2019-20,33,Tamilnadu,3304,VELLORE,330412,ANAICUT,24,"Private Unaided (Recognized)",1,"PS (I-V)",5,"Post graduate",6,None,0,0,0,0,0,3,0,0,0,0,0,0,0,0,0,0,0,0,3,0,3
2019-20,33,Tamilnadu,3304,VELLORE,330413,KATPADI,24,"Private Unaided (Recognized)",1,"PS (I-V)",5,"Post graduate",6,None,0,1,0,2,2,2,0,0,0,0,0,0,0,0,0,0,0,0,7,2,5
2019-20,33,Tamilnadu,3304,VELLORE,330414,K.V.KUPPAM,24,"Private Unaided (Recognized)",1,"PS (I-V)",5,"Post graduate",6,None,0,0,0,0,0,2,0,0,0,0,0,0,0,0,0,0,0,0,2,0,2
2019-20,33,Tamilnadu,3304,VELLORE,330415,GUDIYATHAM,24,"Private Unaided (Recognized)",1,"PS (I-V)",5,"Post graduate",6,None,0,0,0,0,0,7,0,0,0,0,0,0,0,0,0,0,0,0,7,0,7
2019-20,33,Tamilnadu,3304,VELLORE,330416,PERNAMBUT,24,"Private Unaided (Recognized)",1,"PS (I-V)",5,"Post graduate",6,None,0,0,0,0,0,7,0,0,0,0,0,0,0,0,0,0,0,0,7,0,7
2019-20,33,Tamilnadu,3304,VELLORE,330417,MADHANUR,24,"Private Unaided (Recognized)",1,"PS (I-V)",5,"Post graduate",6,None,0,0,0,0,1,11,0,0,0,0,0,0,0,0,0,0,0,0,12,1,11
2019-20,33,Tamilnadu,3304,VELLORE,330418,ALANGAYAM,24,"Private Unaided (Recognized)",1,"PS (I-V)",5,"Post graduate",6,None,0,0,0,0,0,1,0,0,0,0,0,0,0,0,0,0,0,0,1,0,1
2019-20,33,Tamilnadu,3304,VELLORE,330419,NATRAMPALLI,24,"Private Unaided (Recognized)",1,"PS (I-V)",5,"Post graduate",6,None,0,0,0,0,0,5,0,0,0,0,0,0,0,0,0,0,0,0,5,0,5
2019-20,33,Tamilnadu,3304,VELLORE,330420,JOLARPET,24,"Private Unaided (Recognized)",1,"PS (I-V)",5,"Post graduate",6,None,0,0,0,0,1,0,0,0,0,0,0,0,0,0,0,0,0,0,1,1,0
2019-20,33,Tamilnadu,3304,VELLORE,330421,THIRUPATTUR,24,"Private Unaided (Recognized)",1,"PS (I-V)",5,"Post graduate",6,None,0,0,0,0,0,2,0,0,0,0,0,0,0,0,0,0,0,0,2,0,2
2019-20,33,Tamilnadu,3304,VELLORE,330422,KANDHILI,24,"Private Unaided (Recognized)",1,"PS (I-V)",5,"Post graduate",6,None,0,0,0,0,0,1,0,0,0,0,0,0,0,0,0,0,0,0,1,0,1
2019-20,33,Tamilnadu,3304,VELLORE,330402,NEMILI,24,"Private Unaided (Recognized)",2,"UPS (I-VIII)",5,"Post graduate",6,None,0,0,0,0,0,1,1,0,0,0,0,0,0,0,0,0,0,0,2,1,1
2019-20,33,Tamilnadu,3304,VELLORE,330408,ARCOT,24,"Private Unaided (Recognized)",2,"UPS (I-VIII)",5,"Post graduate",6,None,0,0,0,0,0,2,0,0,0,2,0,0,0,0,0,0,0,0,4,0,4
2019-20,33,Tamilnadu,3304,VELLORE,330406,"WALAJA EAST",24,"Private Unaided (Recognized)",1,"PS (I-V)",6,M.Phil,1,"Diploma or certificate in basic teachers training of a duration not less than two years",0,0,0,0,0,1,0,0,0,0,0,0,0,0,0,0,0,0,1,0,1
2019-20,33,Tamilnadu,3304,VELLORE,330409,"VELLORE RURAL",24,"Private Unaided (Recognized)",1,"PS (I-V)",6,M.Phil,1,"Diploma or certificate in basic teachers training of a duration not less than two years",0,0,0,0,0,4,0,0,0,0,0,0,0,0,0,0,0,0,4,0,4
2019-20,33,Tamilnadu,3304,VELLORE,330412,ANAICUT,24,"Private Unaided (Recognized)",1,"PS (I-V)",6,M.Phil,1,"Diploma or certificate in basic teachers training of a duration not less than two years",0,0,0,0,0,1,0,0,0,0,0,0,0,0,0,0,0,0,1,0,1
2019-20,33,Tamilnadu,3304,VELLORE,330416,PERNAMBUT,24,"Private Unaided (Recognized)",1,"PS (I-V)",6,M.Phil,1,"Diploma or certificate in basic teachers training of a duration not less than two years",0,0,0,0,0,1,0,0,0,0,0,0,0,0,0,0,0,0,1,0,1
2019-20,33,Tamilnadu,3304,VELLORE,330417,MADHANUR,24,"Private Unaided (Recognized)",1,"PS (I-V)",6,M.Phil,1,"Diploma or certificate in basic teachers training of a duration not less than two years",0,0,0,0,1,0,0,0,0,0,0,0,0,0,0,0,0,0,1,1,0
2019-20,33,Tamilnadu,3304,VELLORE,330401,ARAKKONAM,24,"Private Unaided (Recognized)",1,"PS (I-V)",6,M.Phil,3,"B.Ed. or equivalent",0,0,0,1,0,2,0,0,0,0,0,0,0,0,0,0,0,0,3,0,3
2019-20,33,Tamilnadu,3304,VELLORE,330402,NEMILI,24,"Private Unaided (Recognized)",1,"PS (I-V)",6,M.Phil,3,"B.Ed. or equivalent",0,0,0,0,2,0,0,0,0,0,0,0,0,0,0,0,0,0,2,2,0
2019-20,33,Tamilnadu,3304,VELLORE,330404,SHOLINGAR,24,"Private Unaided (Recognized)",1,"PS (I-V)",6,M.Phil,3,"B.Ed. or equivalent",0,0,0,0,0,1,0,0,0,0,0,0,0,0,0,0,0,0,1,0,1
2019-20,33,Tamilnadu,3304,VELLORE,330405,"WALAJA WEST",24,"Private Unaided (Recognized)",1,"PS (I-V)",6,M.Phil,3,"B.Ed. or equivalent",0,0,0,0,0,1,0,0,0,0,0,0,0,0,0,0,0,0,1,0,1
2019-20,33,Tamilnadu,3304,VELLORE,330408,ARCOT,24,"Private Unaided (Recognized)",1,"PS (I-V)",6,M.Phil,3,"B.Ed. or equivalent",0,0,0,0,0,3,0,0,0,0,0,0,0,0,0,0,0,0,3,0,3
2019-20,33,Tamilnadu,3304,VELLORE,330409,"VELLORE RURAL",24,"Private Unaided (Recognized)",1,"PS (I-V)",6,M.Phil,3,"B.Ed. or equivalent",0,0,0,0,0,3,0,0,0,0,0,0,0,0,0,0,0,0,3,0,3
2019-20,33,Tamilnadu,3304,VELLORE,330410,"VELLORE URBAN",24,"Private Unaided (Recognized)",1,"PS (I-V)",6,M.Phil,3,"B.Ed. or equivalent",0,0,0,0,0,2,0,0,0,0,0,0,0,0,0,0,0,0,2,0,2
2019-20,33,Tamilnadu,3304,VELLORE,330413,KATPADI,24,"Private Unaided (Recognized)",1,"PS (I-V)",6,M.Phil,3,"B.Ed. or equivalent",0,0,0,0,0,3,0,0,0,0,0,0,0,0,0,0,0,0,3,0,3
2019-20,33,Tamilnadu,3304,VELLORE,330416,PERNAMBUT,24,"Private Unaided (Recognized)",1,"PS (I-V)",6,M.Phil,3,"B.Ed. or equivalent",0,0,0,0,0,1,0,0,0,0,0,0,0,0,0,0,0,0,1,0,1
2019-20,33,Tamilnadu,3304,VELLORE,330417,MADHANUR,24,"Private Unaided (Recognized)",1,"PS (I-V)",6,M.Phil,3,"B.Ed. or equivalent",0,0,0,0,1,0,0,0,0,0,0,0,0,0,0,0,0,0,1,1,0
2019-20,33,Tamilnadu,3304,VELLORE,330418,ALANGAYAM,24,"Private Unaided (Recognized)",1,"PS (I-V)",6,M.Phil,3,"B.Ed. or equivalent",0,0,0,0,1,0,0,0,0,0,0,0,0,0,0,0,0,0,1,1,0
2019-20,33,Tamilnadu,3304,VELLORE,330419,NATRAMPALLI,24,"Private Unaided (Recognized)",1,"PS (I-V)",6,M.Phil,3,"B.Ed. or equivalent",0,0,0,0,1,0,0,0,0,0,0,0,0,0,0,0,0,0,1,1,0
2019-20,33,Tamilnadu,3304,VELLORE,330421,THIRUPATTUR,24,"Private Unaided (Recognized)",1,"PS (I-V)",6,M.Phil,3,"B.Ed. or equivalent",0,0,0,0,0,2,0,0,0,0,0,0,0,0,0,0,0,0,2,0,2
2019-20,33,Tamilnadu,3304,VELLORE,330422,KANDHILI,24,"Private Unaided (Recognized)",1,"PS (I-V)",6,M.Phil,3,"B.Ed. or equivalent",0,0,0,0,0,1,0,0,0,0,0,0,0,0,0,0,0,0,1,0,1
2019-20,33,Tamilnadu,3304,VELLORE,330402,NEMILI,24,"Private Unaided (Recognized)",2,"UPS (I-VIII)",6,M.Phil,3,"B.Ed. or equivalent",0,0,0,0,0,0,0,0,0,1,0,0,0,0,0,0,0,0,1,0,1
2019-20,33,Tamilnadu,3304,VELLORE,330408,ARCOT,24,"Private Unaided (Recognized)",2,"UPS (I-VIII)",6,M.Phil,3,"B.Ed. or equivalent",0,0,0,0,0,0,0,1,0,1,0,0,0,0,0,0,0,0,2,0,2
2019-20,33,Tamilnadu,3304,VELLORE,330405,"WALAJA WEST",24,"Private Unaided (Recognized)",1,"PS (I-V)",6,M.Phil,4,"M.Ed. or equivalent",0,0,0,0,0,1,0,0,0,0,0,0,0,0,0,0,0,0,1,0,1
2019-20,33,Tamilnadu,3304,VELLORE,330409,"VELLORE RURAL",24,"Private Unaided (Recognized)",1,"PS (I-V)",6,M.Phil,4,"M.Ed. or equivalent",0,0,0,0,0,3,0,0,0,0,0,0,0,0,0,0,0,0,3,0,3
2019-20,33,Tamilnadu,3304,VELLORE,330410,"VELLORE URBAN",24,"Private Unaided (Recognized)",1,"PS (I-V)",6,M.Phil,4,"M.Ed. or equivalent",0,0,0,0,0,1,0,0,0,0,0,0,0,0,0,0,0,0,1,0,1
2019-20,33,Tamilnadu,3304,VELLORE,330413,KATPADI,24,"Private Unaided (Recognized)",1,"PS (I-V)",6,M.Phil,4,"M.Ed. or equivalent",1,0,0,1,0,0,0,0,0,0,0,0,0,0,0,0,0,0,2,1,1
2019-20,33,Tamilnadu,3304,VELLORE,330420,JOLARPET,24,"Private Unaided (Recognized)",1,"PS (I-V)",6,M.Phil,4,"M.Ed. or equivalent",0,0,0,0,1,0,0,0,0,0,0,0,0,0,0,0,0,0,1,1,0
2019-20,33,Tamilnadu,3304,VELLORE,330421,THIRUPATTUR,24,"Private Unaided (Recognized)",1,"PS (I-V)",6,M.Phil,4,"M.Ed. or equivalent",0,0,0,0,0,1,0,0,0,0,0,0,0,0,0,0,0,0,1,0,1
2019-20,33,Tamilnadu,3304,VELLORE,330422,KANDHILI,24,"Private Unaided (Recognized)",1,"PS (I-V)",6,M.Phil,4,"M.Ed. or equivalent",0,0,0,0,0,2,0,0,0,0,0,0,0,0,0,0,0,0,2,0,2
2019-20,33,Tamilnadu,3304,VELLORE,330404,SHOLINGAR,24,"Private Unaided (Recognized)",1,"PS (I-V)",6,M.Phil,5,Others,0,0,0,0,0,1,0,0,0,0,0,0,0,0,0,0,0,0,1,0,1
2019-20,33,Tamilnadu,3304,VELLORE,330405,"WALAJA WEST",24,"Private Unaided (Recognized)",1,"PS (I-V)",6,M.Phil,5,Others,0,0,0,0,0,1,0,0,0,0,0,0,0,0,0,0,0,0,1,0,1
2019-20,33,Tamilnadu,3304,VELLORE,330413,KATPADI,24,"Private Unaided (Recognized)",1,"PS (I-V)",6,M.Phil,5,Others,0,0,0,0,0,1,0,0,0,0,0,0,0,0,0,0,0,0,1,0,1
2019-20,33,Tamilnadu,3304,VELLORE,330418,ALANGAYAM,24,"Private Unaided (Recognized)",1,"PS (I-V)",6,M.Phil,5,Others,0,0,0,0,1,0,0,0,0,0,0,0,0,0,0,0,0,0,1,1,0
2019-20,33,Tamilnadu,3304,VELLORE,330409,"VELLORE RURAL",24,"Private Unaided (Recognized)",1,"PS (I-V)",6,M.Phil,6,None,0,0,0,0,1,0,0,0,0,0,0,0,0,0,0,0,0,0,1,1,0
2019-20,33,Tamilnadu,3304,VELLORE,330415,GUDIYATHAM,24,"Private Unaided (Recognized)",1,"PS (I-V)",6,M.Phil,6,None,0,0,0,0,0,1,0,0,0,0,0,0,0,0,0,0,0,0,1,0,1
2019-20,33,Tamilnadu,3304,VELLORE,330402,NEMILI,24,"Private Unaided (Recognized)",1,"PS (I-V)",7,Ph.D,3,"B.Ed. or equivalent",0,0,0,0,0,1,0,0,0,0,0,0,0,0,0,0,0,0,1,0,1
2019-20,33,Tamilnadu,3304,VELLORE,330418,ALANGAYAM,24,"Private Unaided (Recognized)",1,"PS (I-V)",7,Ph.D,3,"B.Ed. or equivalent",0,0,0,0,1,0,0,0,0,0,0,0,0,0,0,0,0,0,1,1,0
2019-20,33,Tamilnadu,3304,VELLORE,330405,"WALAJA WEST",24,"Private Unaided (Recognized)",1,"PS (I-V)",8,"Post Doctoral",1,"Diploma or certificate in basic teachers training of a duration not less than two years",0,0,0,0,0,1,0,0,0,0,0,0,0,0,0,0,0,0,1,0,1
2019-20,33,Tamilnadu,3304,VELLORE,330414,K.V.KUPPAM,24,"Private Unaided (Recognized)",1,"PS (I-V)",8,"Post Doctoral",1,"Diploma or certificate in basic teachers training of a duration not less than two years",0,0,0,0,0,1,0,0,0,0,0,0,0,0,0,0,0,0,1,0,1
2019-20,33,Tamilnadu,3304,VELLORE,330414,K.V.KUPPAM,24,"Private Unaided (Recognized)",1,"PS (I-V)",8,"Post Doctoral",3,"B.Ed. or equivalent",0,0,0,0,0,1,0,0,0,0,0,0,0,0,0,0,0,0,1,0,1
2019-20,33,Tamilnadu,3304,VELLORE,330413,KATPADI,25,"Private Unaided (Recognized)",1,"PS (I-V)",3,"Higher secondary",1,"Diploma or certificate in basic teachers training of a duration not less than two years",0,0,0,0,0,1,0,0,0,0,0,0,0,0,0,0,0,0,1,0,1
2019-20,33,Tamilnadu,3304,VELLORE,330409,"VELLORE RURAL",25,"Private Unaided (Recognized)",3,"HSS (I-XII)",3,"Higher secondary",1,"Diploma or certificate in basic teachers training of a duration not less than two years",0,0,0,0,0,2,0,0,0,0,0,0,0,0,0,0,0,0,2,0,2
2019-20,33,Tamilnadu,3304,VELLORE,330413,KATPADI,25,"Private Unaided (Recognized)",1,"PS (I-V)",3,"Higher secondary",5,Others,0,0,0,0,0,2,0,0,0,0,0,0,0,0,0,0,0,0,2,0,2
2019-20,33,Tamilnadu,3304,VELLORE,330413,KATPADI,25,"Private Unaided (Recognized)",2,"UPS (I-VIII)",3,"Higher secondary",5,Others,0,0,0,0,0,1,0,0,0,0,0,0,0,0,0,0,0,0,1,0,1
2019-20,33,Tamilnadu,3304,VELLORE,330409,"VELLORE RURAL",25,"Private Unaided (Recognized)",3,"HSS (I-XII)",4,Graduate,1,"Diploma or certificate in basic teachers training of a duration not less than two years",0,0,0,1,0,1,0,0,0,0,0,0,0,0,0,0,0,0,2,0,2
2019-20,33,Tamilnadu,3304,VELLORE,330413,KATPADI,25,"Private Unaided (Recognized)",1,"PS (I-V)",4,Graduate,3,"B.Ed. or equivalent",0,0,0,0,0,5,0,0,0,0,0,0,0,0,0,0,0,0,5,0,5
2019-20,33,Tamilnadu,3304,VELLORE,330413,KATPADI,25,"Private Unaided (Recognized)",2,"UPS (I-VIII)",4,Graduate,3,"B.Ed. or equivalent",0,0,0,0,0,2,0,0,0,0,0,0,0,0,0,0,0,0,2,0,2
2019-20,33,Tamilnadu,3304,VELLORE,330409,"VELLORE RURAL",25,"Private Unaided (Recognized)",3,"HSS (I-XII)",4,Graduate,3,"B.Ed. or equivalent",0,0,0,0,1,0,0,0,1,0,0,0,2,1,0,0,0,0,5,4,1
2019-20,33,Tamilnadu,3304,VELLORE,330413,KATPADI,25,"Private Unaided (Recognized)",1,"PS (I-V)",4,Graduate,5,Others,0,0,0,0,1,0,0,0,0,0,0,0,0,0,0,0,0,0,1,1,0
2019-20,33,Tamilnadu,3304,VELLORE,330413,KATPADI,25,"Private Unaided (Recognized)",1,"PS (I-V)",5,"Post graduate",3,"B.Ed. or equivalent",0,0,0,0,0,2,0,0,0,0,0,0,0,0,0,0,0,0,2,0,2
2019-20,33,Tamilnadu,3304,VELLORE,330409,"VELLORE RURAL",25,"Private Unaided (Recognized)",3,"HSS (I-XII)",5,"Post graduate",3,"B.Ed. or equivalent",0,0,0,0,0,0,0,1,0,0,0,0,0,3,0,0,0,2,6,0,6
2019-20,33,Tamilnadu,3304,VELLORE,330413,KATPADI,25,"Private Unaided (Recognized)",2,"UPS (I-VIII)",5,"Post graduate",5,Others,0,0,0,0,1,0,0,0,0,0,0,0,0,0,0,0,0,0,1,1,0
2019-20,33,Tamilnadu,3304,VELLORE,330403,KAVERIPAKKAM,29,"Private Unaided (Recognized)",6,"SS (I-X)",1,"Below Secondary",1,"Diploma or certificate in basic teachers training of a duration not less than two years",0,0,0,0,0,1,0,0,0,0,0,0,0,0,0,0,0,0,1,0,1
2019-20,33,Tamilnadu,3304,VELLORE,330413,KATPADI,29,"Private Unaided (Recognized)",6,"SS (I-X)",1,"Below Secondary",1,"Diploma or certificate in basic teachers training of a duration not less than two years",0,0,0,0,0,1,0,0,0,0,0,0,0,0,0,0,0,0,1,0,1
2019-20,33,Tamilnadu,3304,VELLORE,330415,GUDIYATHAM,29,"Private Unaided (Recognized)",6,"SS (I-X)",1,"Below Secondary",1,"Diploma or certificate in basic teachers training of a duration not less than two years",0,0,0,0,0,0,0,0,0,1,0,0,0,0,0,0,0,0,1,0,1
2019-20,33,Tamilnadu,3304,VELLORE,330405,"WALAJA WEST",29,"Private Unaided (Recognized)",3,"HSS (I-XII)",1,"Below Secondary",3,"B.Ed. or equivalent",0,0,0,0,0,0,0,1,0,0,0,0,0,0,0,0,0,0,1,0,1
2019-20,33,Tamilnadu,3304,VELLORE,330405,"WALAJA WEST",29,"Private Unaided (Recognized)",2,"UPS (I-VIII)",1,"Below Secondary",5,Others,0,0,0,0,0,1,0,0,0,0,0,0,0,0,0,0,0,0,1,0,1
2019-20,33,Tamilnadu,3304,VELLORE,330405,"WALAJA WEST",29,"Private Unaided (Recognized)",6,"SS (I-X)",1,"Below Secondary",5,Others,0,0,0,0,0,0,0,1,0,0,1,0,0,0,0,0,0,0,2,1,1
2019-20,33,Tamilnadu,3304,VELLORE,330409,"VELLORE RURAL",29,"Private Unaided (Recognized)",6,"SS (I-X)",1,"Below Secondary",5,Others,0,0,0,0,0,0,0,1,0,1,0,0,0,0,0,0,0,0,2,0,2
2019-20,33,Tamilnadu,3304,VELLORE,330412,ANAICUT,29,"Private Unaided (Recognized)",6,"SS (I-X)",1,"Below Secondary",5,Others,0,0,0,0,0,1,0,1,0,0,0,0,0,0,0,0,0,0,2,0,2
2019-20,33,Tamilnadu,3304,VELLORE,330414,K.V.KUPPAM,29,"Private Unaided (Recognized)",6,"SS (I-X)",1,"Below Secondary",5,Others,0,0,0,0,0,0,0,0,0,0,0,0,0,1,0,0,0,0,1,0,1
2019-20,33,Tamilnadu,3304,VELLORE,330415,GUDIYATHAM,29,"Private Unaided (Recognized)",6,"SS (I-X)",1,"Below Secondary",5,Others,0,0,0,0,0,0,0,0,0,2,0,0,0,0,0,0,0,0,2,0,2
2019-20,33,Tamilnadu,3304,VELLORE,330420,JOLARPET,29,"Private Unaided (Recognized)",6,"SS (I-X)",1,"Below Secondary",5,Others,0,0,0,0,0,0,0,0,0,0,0,0,0,1,0,0,0,0,1,0,1
2019-20,33,Tamilnadu,3304,VELLORE,330403,KAVERIPAKKAM,29,"Private Unaided (Recognized)",3,"HSS (I-XII)",1,"Below Secondary",6,None,0,1,0,0,0,0,0,0,0,0,0,0,0,0,0,0,0,0,1,0,1
2019-20,33,Tamilnadu,3304,VELLORE,330416,PERNAMBUT,29,"Private Unaided (Recognized)",1,"PS (I-V)",3,"Higher secondary",1,"Diploma or certificate in basic teachers training of a duration not less than two years",0,0,0,0,0,2,0,0,0,0,0,0,0,0,0,0,0,0,2,0,2
2019-20,33,Tamilnadu,3304,VELLORE,330405,"WALAJA WEST",29,"Private Unaided (Recognized)",2,"UPS (I-VIII)",3,"Higher secondary",1,"Diploma or certificate in basic teachers training of a duration not less than two years",0,0,0,0,0,1,0,0,0,0,0,0,0,0,0,0,0,0,1,0,1
2019-20,33,Tamilnadu,3304,VELLORE,330405,"WALAJA WEST",29,"Private Unaided (Recognized)",6,"SS (I-X)",3,"Higher secondary",1,"Diploma or certificate in basic teachers training of a duration not less than two years",0,0,0,0,0,0,0,0,0,0,0,0,0,1,0,0,0,0,1,0,1
2019-20,33,Tamilnadu,3304,VELLORE,330415,GUDIYATHAM,29,"Private Unaided (Recognized)",6,"SS (I-X)",3,"Higher secondary",1,"Diploma or certificate in basic teachers training of a duration not less than two years",0,0,0,0,0,0,0,1,0,0,0,0,0,0,0,0,0,0,1,0,1
2019-20,33,Tamilnadu,3304,VELLORE,330405,"WALAJA WEST",29,"Private Unaided (Recognized)",3,"HSS (I-XII)",3,"Higher secondary",3,"B.Ed. or equivalent",0,0,0,0,0,0,0,0,0,0,0,1,0,0,0,1,0,0,2,0,2
2019-20,33,Tamilnadu,3304,VELLORE,330413,KATPADI,29,"Private Unaided (Recognized)",3,"HSS (I-XII)",3,"Higher secondary",3,"B.Ed. or equivalent",0,0,0,0,0,0,0,1,0,0,0,0,0,1,0,0,0,0,2,0,2
2019-20,33,Tamilnadu,3304,VELLORE,330413,KATPADI,29,"Private Unaided (Recognized)",3,"HSS (I-XII)",3,"Higher secondary",4,"M.Ed. or equivalent",0,0,0,0,0,0,1,1,0,0,0,0,0,0,0,0,0,0,2,1,1
2019-20,33,Tamilnadu,3304,VELLORE,330413,KATPADI,29,"Private Unaided (Recognized)",2,"UPS (I-VIII)",3,"Higher secondary",5,Others,0,0,0,0,0,0,0,1,0,0,0,0,0,0,0,0,0,0,1,0,1
2019-20,33,Tamilnadu,3304,VELLORE,330403,KAVERIPAKKAM,29,"Private Unaided (Recognized)",3,"HSS (I-XII)",3,"Higher secondary",5,Others,0,0,0,0,0,0,0,1,0,0,0,0,0,0,0,0,0,0,1,0,1
2019-20,33,Tamilnadu,3304,VELLORE,330409,"VELLORE RURAL",29,"Private Unaided (Recognized)",3,"HSS (I-XII)",3,"Higher secondary",5,Others,0,0,0,0,1,0,1,0,0,0,0,0,0,0,0,0,0,0,2,2,0
2019-20,33,Tamilnadu,3304,VELLORE,330412,ANAICUT,29,"Private Unaided (Recognized)",3,"HSS (I-XII)",3,"Higher secondary",5,Others,0,0,0,0,0,5,0,0,0,0,0,0,1,0,0,0,0,0,6,1,5
2019-20,33,Tamilnadu,3304,VELLORE,330413,KATPADI,29,"Private Unaided (Recognized)",3,"HSS (I-XII)",3,"Higher secondary",5,Others,0,0,0,0,0,0,0,1,0,0,1,0,0,1,0,0,0,0,3,1,2
2019-20,33,Tamilnadu,3304,VELLORE,330409,"VELLORE RURAL",29,"Private Unaided (Recognized)",6,"SS (I-X)",3,"Higher secondary",5,Others,0,0,0,0,0,0,0,0,0,1,0,0,0,0,0,0,0,0,1,0,1
2019-20,33,Tamilnadu,3304,VELLORE,330413,KATPADI,29,"Private Unaided (Recognized)",1,"PS (I-V)",4,Graduate,1,"Diploma or certificate in basic teachers training of a duration not less than two years",0,0,0,0,0,1,0,0,0,0,0,0,0,0,0,0,0,0,1,0,1
2019-20,33,Tamilnadu,3304,VELLORE,330416,PERNAMBUT,29,"Private Unaided (Recognized)",1,"PS (I-V)",4,Graduate,1,"Diploma or certificate in basic teachers training of a duration not less than two years",0,0,0,0,0,2,0,0,0,0,0,0,0,0,0,0,0,0,2,0,2
2019-20,33,Tamilnadu,3304,VELLORE,330403,KAVERIPAKKAM,29,"Private Unaided (Recognized)",2,"UPS (I-VIII)",4,Graduate,1,"Diploma or certificate in basic teachers training of a duration not less than two years",0,0,0,0,0,0,0,0,0,1,0,0,0,0,0,0,0,0,1,0,1
2019-20,33,Tamilnadu,3304,VELLORE,330404,SHOLINGAR,29,"Private Unaided (Recognized)",2,"UPS (I-VIII)",4,Graduate,1,"Diploma or certificate in basic teachers training of a duration not less than two years",0,0,0,0,0,2,0,1,1,2,0,0,0,0,0,0,0,0,6,1,5
2019-20,33,Tamilnadu,3304,VELLORE,330405,"WALAJA WEST",29,"Private Unaided (Recognized)",2,"UPS (I-VIII)",4,Graduate,1,"Diploma or certificate in basic teachers training of a duration not less than two years",0,0,0,0,1,1,0,0,0,0,0,0,0,0,0,0,0,0,2,1,1
2019-20,33,Tamilnadu,3304,VELLORE,330408,ARCOT,29,"Private Unaided (Recognized)",2,"UPS (I-VIII)",4,Graduate,1,"Diploma or certificate in basic teachers training of a duration not less than two years",0,0,0,0,0,2,0,0,0,0,0,0,0,0,0,0,0,0,2,0,2
2019-20,33,Tamilnadu,3304,VELLORE,330410,"VELLORE URBAN",29,"Private Unaided (Recognized)",2,"UPS (I-VIII)",4,Graduate,1,"Diploma or certificate in basic teachers training of a duration not less than two years",0,0,0,0,0,0,0,0,0,1,0,0,0,0,0,0,0,0,1,0,1
2019-20,33,Tamilnadu,3304,VELLORE,330413,KATPADI,29,"Private Unaided (Recognized)",2,"UPS (I-VIII)",4,Graduate,1,"Diploma or certificate in basic teachers training of a duration not less than two years",0,0,0,0,0,2,0,0,0,0,0,0,0,0,0,0,0,0,2,0,2
2019-20,33,Tamilnadu,3304,VELLORE,330422,KANDHILI,29,"Private Unaided (Recognized)",2,"UPS (I-VIII)",4,Graduate,1,"Diploma or certificate in basic teachers training of a duration not less than two years",0,0,0,0,0,0,0,0,0,1,0,0,0,0,0,0,0,0,1,0,1
2019-20,33,Tamilnadu,3304,VELLORE,330404,SHOLINGAR,29,"Private Unaided (Recognized)",3,"HSS (I-XII)",4,Graduate,1,"Diploma or certificate in basic teachers training of a duration not less than two years",0,0,0,0,0,1,0,1,0,0,0,0,0,0,0,0,0,0,2,0,2
2019-20,33,Tamilnadu,3304,VELLORE,330405,"WALAJA WEST",29,"Private Unaided (Recognized)",3,"HSS (I-XII)",4,Graduate,1,"Diploma or certificate in basic teachers training of a duration not less than two years",0,0,0,1,0,1,0,0,0,0,0,1,0,0,0,0,0,0,3,0,3
2019-20,33,Tamilnadu,3304,VELLORE,330409,"VELLORE RURAL",29,"Private Unaided (Recognized)",3,"HSS (I-XII)",4,Graduate,1,"Diploma or certificate in basic teachers training of a duration not less than two years",0,0,0,0,0,2,0,0,0,0,0,0,0,0,0,0,0,0,2,0,2
2019-20,33,Tamilnadu,3304,VELLORE,330412,ANAICUT,29,"Private Unaided (Recognized)",3,"HSS (I-XII)",4,Graduate,1,"Diploma or certificate in basic teachers training of a duration not less than two years",0,1,0,0,0,3,0,0,0,0,1,1,0,0,0,0,0,0,6,1,5
2019-20,33,Tamilnadu,3304,VELLORE,330413,KATPADI,29,"Private Unaided (Recognized)",3,"HSS (I-XII)",4,Graduate,1,"Diploma or certificate in basic teachers training of a duration not less than two years",0,2,0,0,0,1,0,0,0,1,0,0,0,0,0,0,0,0,4,0,4
2019-20,33,Tamilnadu,3304,VELLORE,330414,K.V.KUPPAM,29,"Private Unaided (Recognized)",3,"HSS (I-XII)",4,Graduate,1,"Diploma or certificate in basic teachers training of a duration not less than two years",0,1,0,0,0,0,0,1,0,0,0,0,0,0,0,0,0,0,2,0,2
2019-20,33,Tamilnadu,3304,VELLORE,330420,JOLARPET,29,"Private Unaided (Recognized)",3,"HSS (I-XII)",4,Graduate,1,"Diploma or certificate in basic teachers training of a duration not less than two years",0,0,0,0,0,1,0,0,0,0,0,0,0,0,0,0,0,0,1,0,1
2019-20,33,Tamilnadu,3304,VELLORE,330422,KANDHILI,29,"Private Unaided (Recognized)",3,"HSS (I-XII)",4,Graduate,1,"Diploma or certificate in basic teachers training of a duration not less than two years",0,0,0,0,0,0,0,0,0,0,0,0,1,0,0,0,0,0,1,1,0
2019-20,33,Tamilnadu,3304,VELLORE,330405,"WALAJA WEST",29,"Private Unaided (Recognized)",6,"SS (I-X)",4,Graduate,1,"Diploma or certificate in basic teachers training of a duration not less than two years",0,0,0,0,0,1,0,0,0,2,0,0,0,0,0,0,0,0,3,0,3
2019-20,33,Tamilnadu,3304,VELLORE,330407,TIMIRI,29,"Private Unaided (Recognized)",6,"SS (I-X)",4,Graduate,1,"Diploma or certificate in basic teachers training of a duration not less than two years",0,0,0,0,0,0,0,0,0,0,0,0,0,1,0,0,0,0,1,0,1
2019-20,33,Tamilnadu,3304,VELLORE,330409,"VELLORE RURAL",29,"Private Unaided (Recognized)",6,"SS (I-X)",4,Graduate,1,"Diploma or certificate in basic teachers training of a duration not less than two years",0,0,0,0,0,1,0,0,0,0,0,0,0,1,0,0,0,0,2,0,2
2019-20,33,Tamilnadu,3304,VELLORE,330412,ANAICUT,29,"Private Unaided (Recognized)",6,"SS (I-X)",4,Graduate,1,"Diploma or certificate in basic teachers training of a duration not less than two years",0,1,0,0,0,0,0,0,0,0,0,0,0,0,0,0,0,0,1,0,1
2019-20,33,Tamilnadu,3304,VELLORE,330413,KATPADI,29,"Private Unaided (Recognized)",6,"SS (I-X)",4,Graduate,1,"Diploma or certificate in basic teachers training of a duration not less than two years",0,0,0,0,0,3,0,0,0,0,0,1,0,4,0,0,0,0,8,0,8
2019-20,33,Tamilnadu,3304,VELLORE,330414,K.V.KUPPAM,29,"Private Unaided (Recognized)",6,"SS (I-X)",4,Graduate,1,"Diploma or certificate in basic teachers training of a duration not less than two years",0,0,0,0,0,0,0,0,0,0,0,0,0,1,0,0,0,0,1,0,1
2019-20,33,Tamilnadu,3304,VELLORE,330415,GUDIYATHAM,29,"Private Unaided (Recognized)",6,"SS (I-X)",4,Graduate,1,"Diploma or certificate in basic teachers training of a duration not less than two years",0,0,0,0,0,0,0,0,0,1,0,0,0,0,0,0,0,0,1,0,1
2019-20,33,Tamilnadu,3304,VELLORE,330417,MADHANUR,29,"Private Unaided (Recognized)",6,"SS (I-X)",4,Graduate,1,"Diploma or certificate in basic teachers training of a duration not less than two years",0,0,0,0,0,1,0,0,0,0,0,0,0,0,0,0,0,0,1,0,1
2019-20,33,Tamilnadu,3304,VELLORE,330420,JOLARPET,29,"Private Unaided (Recognized)",6,"SS (I-X)",4,Graduate,1,"Diploma or certificate in basic teachers training of a duration not less than two years",0,0,0,0,0,0,0,0,0,0,0,0,0,1,0,0,0,0,1,0,1
2019-20,33,Tamilnadu,3304,VELLORE,330413,KATPADI,29,"Private Unaided (Recognized)",1,"PS (I-V)",4,Graduate,3,"B.Ed. or equivalent",0,0,0,0,0,1,0,0,0,0,0,0,0,0,0,0,0,0,1,0,1
2019-20,33,Tamilnadu,3304,VELLORE,330416,PERNAMBUT,29,"Private Unaided (Recognized)",1,"PS (I-V)",4,Graduate,3,"B.Ed. or equivalent",0,0,0,0,0,2,0,0,0,0,0,0,0,0,0,0,0,0,2,0,2
2019-20,33,Tamilnadu,3304,VELLORE,330403,KAVERIPAKKAM,29,"Private Unaided (Recognized)",2,"UPS (I-VIII)",4,Graduate,3,"B.Ed. or equivalent",0,0,0,0,0,0,0,0,0,3,0,0,0,0,0,0,0,0,3,0,3
2019-20,33,Tamilnadu,3304,VELLORE,330404,SHOLINGAR,29,"Private Unaided (Recognized)",2,"UPS (I-VIII)",4,Graduate,3,"B.Ed. or equivalent",0,0,0,0,0,1,0,3,0,1,0,0,0,0,0,0,0,0,5,0,5
2019-20,33,Tamilnadu,3304,VELLORE,330405,"WALAJA WEST",29,"Private Unaided (Recognized)",2,"UPS (I-VIII)",4,Graduate,3,"B.Ed. or equivalent",0,0,0,0,0,1,0,3,1,1,0,0,0,0,0,0,0,0,6,1,5
2019-20,33,Tamilnadu,3304,VELLORE,330408,ARCOT,29,"Private Unaided (Recognized)",2,"UPS (I-VIII)",4,Graduate,3,"B.Ed. or equivalent",0,0,0,0,0,0,0,0,0,2,0,0,0,0,0,0,0,0,2,0,2
2019-20,33,Tamilnadu,3304,VELLORE,330410,"VELLORE URBAN",29,"Private Unaided (Recognized)",2,"UPS (I-VIII)",4,Graduate,3,"B.Ed. or equivalent",0,0,0,0,0,0,0,0,0,1,0,0,0,0,0,0,0,0,1,0,1
2019-20,33,Tamilnadu,3304,VELLORE,330413,KATPADI,29,"Private Unaided (Recognized)",2,"UPS (I-VIII)",4,Graduate,3,"B.Ed. or equivalent",0,0,0,0,0,1,0,2,0,0,0,0,0,0,0,0,0,0,3,0,3
2019-20,33,Tamilnadu,3304,VELLORE,330422,KANDHILI,29,"Private Unaided (Recognized)",2,"UPS (I-VIII)",4,Graduate,3,"B.Ed. or equivalent",0,0,0,0,0,1,0,0,0,2,0,0,0,0,0,0,0,0,3,0,3
2019-20,33,Tamilnadu,3304,VELLORE,330403,KAVERIPAKKAM,29,"Private Unaided (Recognized)",3,"HSS (I-XII)",4,Graduate,3,"B.Ed. or equivalent",0,2,0,0,1,1,0,1,0,1,0,0,0,1,1,0,0,0,8,2,6
2019-20,33,Tamilnadu,3304,VELLORE,330404,SHOLINGAR,29,"Private Unaided (Recognized)",3,"HSS (I-XII)",4,Graduate,3,"B.Ed. or equivalent",0,1,0,0,1,3,0,0,1,1,0,0,0,1,0,0,0,0,8,2,6
2019-20,33,Tamilnadu,3304,VELLORE,330405,"WALAJA WEST",29,"Private Unaided (Recognized)",3,"HSS (I-XII)",4,Graduate,3,"B.Ed. or equivalent",0,0,0,1,0,2,2,7,0,1,4,12,0,0,1,1,0,0,31,7,24
2019-20,33,Tamilnadu,3304,VELLORE,330409,"VELLORE RURAL",29,"Private Unaided (Recognized)",3,"HSS (I-XII)",4,Graduate,3,"B.Ed. or equivalent",0,0,0,2,0,2,3,9,0,0,1,0,0,0,0,0,1,0,18,5,13
2019-20,33,Tamilnadu,3304,VELLORE,330412,ANAICUT,29,"Private Unaided (Recognized)",3,"HSS (I-XII)",4,Graduate,3,"B.Ed. or equivalent",0,1,0,1,0,4,0,5,0,0,0,5,0,5,1,0,0,0,22,1,21
2019-20,33,Tamilnadu,3304,VELLORE,330413,KATPADI,29,"Private Unaided (Recognized)",3,"HSS (I-XII)",4,Graduate,3,"B.Ed. or equivalent",0,2,0,1,1,8,3,15,0,6,1,0,1,9,0,0,0,2,49,6,43
2019-20,33,Tamilnadu,3304,VELLORE,330414,K.V.KUPPAM,29,"Private Unaided (Recognized)",3,"HSS (I-XII)",4,Graduate,3,"B.Ed. or equivalent",0,1,0,0,0,4,1,3,1,2,0,0,1,6,0,1,0,0,20,3,17
2019-20,33,Tamilnadu,3304,VELLORE,330420,JOLARPET,29,"Private Unaided (Recognized)",3,"HSS (I-XII)",4,Graduate,3,"B.Ed. or equivalent",0,0,0,0,2,15,0,0,0,0,1,2,0,0,0,0,0,0,20,3,17
2019-20,33,Tamilnadu,3304,VELLORE,330422,KANDHILI,29,"Private Unaided (Recognized)",3,"HSS (I-XII)",4,Graduate,3,"B.Ed. or equivalent",0,0,0,2,0,0,0,0,0,0,0,0,1,5,0,0,0,0,8,1,7
2019-20,33,Tamilnadu,3304,VELLORE,330403,KAVERIPAKKAM,29,"Private Unaided (Recognized)",6,"SS (I-X)",4,Graduate,3,"B.Ed. or equivalent",0,0,0,0,0,2,0,2,0,0,1,0,1,5,0,0,0,0,11,2,9
2019-20,33,Tamilnadu,3304,VELLORE,330404,SHOLINGAR,29,"Private Unaided (Recognized)",6,"SS (I-X)",4,Graduate,3,"B.Ed. or equivalent",0,0,0,0,0,0,0,0,0,0,0,0,1,1,0,0,0,0,2,1,1
2019-20,33,Tamilnadu,3304,VELLORE,330405,"WALAJA WEST",29,"Private Unaided (Recognized)",6,"SS (I-X)",4,Graduate,3,"B.Ed. or equivalent",0,0,0,0,0,3,0,0,1,6,0,1,0,2,0,0,0,0,13,1,12
2019-20,33,Tamilnadu,3304,VELLORE,330407,TIMIRI,29,"Private Unaided (Recognized)",6,"SS (I-X)",4,Graduate,3,"B.Ed. or equivalent",0,0,0,0,0,2,0,1,3,10,0,0,0,0,0,0,0,0,16,3,13
2019-20,33,Tamilnadu,3304,VELLORE,330408,ARCOT,29,"Private Unaided (Recognized)",6,"SS (I-X)",4,Graduate,3,"B.Ed. or equivalent",0,0,0,0,0,0,1,1,0,0,0,1,0,1,0,0,0,0,4,1,3
2019-20,33,Tamilnadu,3304,VELLORE,330409,"VELLORE RURAL",29,"Private Unaided (Recognized)",6,"SS (I-X)",4,Graduate,3,"B.Ed. or equivalent",0,0,0,0,0,3,0,1,1,4,1,0,0,2,0,0,0,0,12,2,10
2019-20,33,Tamilnadu,3304,VELLORE,330412,ANAICUT,29,"Private Unaided (Recognized)",6,"SS (I-X)",4,Graduate,3,"B.Ed. or equivalent",0,0,0,0,0,3,0,0,0,0,0,2,0,5,0,0,0,0,10,0,10
2019-20,33,Tamilnadu,3304,VELLORE,330413,KATPADI,29,"Private Unaided (Recognized)",6,"SS (I-X)",4,Graduate,3,"B.Ed. or equivalent",0,0,0,0,0,21,0,2,0,3,0,1,0,24,0,0,0,0,51,0,51
2019-20,33,Tamilnadu,3304,VELLORE,330414,K.V.KUPPAM,29,"Private Unaided (Recognized)",6,"SS (I-X)",4,Graduate,3,"B.Ed. or equivalent",0,0,0,0,0,0,0,0,0,0,0,0,0,2,0,0,0,0,2,0,2
2019-20,33,Tamilnadu,3304,VELLORE,330415,GUDIYATHAM,29,"Private Unaided (Recognized)",6,"SS (I-X)",4,Graduate,3,"B.Ed. or equivalent",0,0,0,0,0,0,0,0,1,0,1,0,0,3,0,0,0,0,5,2,3
2019-20,33,Tamilnadu,3304,VELLORE,330417,MADHANUR,29,"Private Unaided (Recognized)",6,"SS (I-X)",4,Graduate,3,"B.Ed. or equivalent",0,0,0,0,0,0,0,0,0,0,0,0,0,1,0,0,0,0,1,0,1
2019-20,33,Tamilnadu,3304,VELLORE,330420,JOLARPET,29,"Private Unaided (Recognized)",6,"SS (I-X)",4,Graduate,3,"B.Ed. or equivalent",0,0,0,0,0,0,0,0,0,0,0,1,0,19,0,0,0,0,20,0,20
2019-20,33,Tamilnadu,3304,VELLORE,330422,KANDHILI,29,"Private Unaided (Recognized)",2,"UPS (I-VIII)",4,Graduate,4,"M.Ed. or equivalent",0,0,0,0,0,1,0,0,0,0,0,0,0,0,0,0,0,0,1,0,1
2019-20,33,Tamilnadu,3304,VELLORE,330405,"WALAJA WEST",29,"Private Unaided (Recognized)",3,"HSS (I-XII)",4,Graduate,4,"M.Ed. or equivalent",0,0,0,0,0,0,1,0,0,0,0,1,0,0,0,0,0,0,2,1,1
2019-20,33,Tamilnadu,3304,VELLORE,330409,"VELLORE RURAL",29,"Private Unaided (Recognized)",3,"HSS (I-XII)",4,Graduate,4,"M.Ed. or equivalent",0,0,0,0,0,0,0,0,0,0,0,1,0,0,0,0,0,0,1,0,1
2019-20,33,Tamilnadu,3304,VELLORE,330413,KATPADI,29,"Private Unaided (Recognized)",3,"HSS (I-XII)",4,Graduate,4,"M.Ed. or equivalent",0,0,0,0,0,0,0,0,0,1,0,0,1,0,0,0,0,0,2,1,1
2019-20,33,Tamilnadu,3304,VELLORE,330407,TIMIRI,29,"Private Unaided (Recognized)",6,"SS (I-X)",4,Graduate,4,"M.Ed. or equivalent",0,0,0,0,0,0,0,0,1,0,0,0,0,0,0,0,0,0,1,1,0
2019-20,33,Tamilnadu,3304,VELLORE,330413,KATPADI,29,"Private Unaided (Recognized)",6,"SS (I-X)",4,Graduate,4,"M.Ed. or equivalent",0,0,0,0,0,0,0,1,0,0,0,0,0,0,0,0,0,0,1,0,1
2019-20,33,Tamilnadu,3304,VELLORE,330413,KATPADI,29,"Private Unaided (Recognized)",1,"PS (I-V)",4,Graduate,5,Others,0,0,0,0,0,4,0,0,0,0,0,0,0,0,0,0,0,0,4,0,4
2019-20,33,Tamilnadu,3304,VELLORE,330404,SHOLINGAR,29,"Private Unaided (Recognized)",2,"UPS (I-VIII)",4,Graduate,5,Others,0,0,0,0,0,0,0,1,1,0,0,0,0,0,0,0,0,0,2,1,1
2019-20,33,Tamilnadu,3304,VELLORE,330405,"WALAJA WEST",29,"Private Unaided (Recognized)",2,"UPS (I-VIII)",4,Graduate,5,Others,0,0,1,0,0,0,0,0,1,0,0,0,0,0,0,0,0,0,2,2,0
2019-20,33,Tamilnadu,3304,VELLORE,330410,"VELLORE URBAN",29,"Private Unaided (Recognized)",2,"UPS (I-VIII)",4,Graduate,5,Others,0,0,0,0,0,0,0,0,0,1,0,0,0,0,0,0,0,0,1,0,1
2019-20,33,Tamilnadu,3304,VELLORE,330404,SHOLINGAR,29,"Private Unaided (Recognized)",3,"HSS (I-XII)",4,Graduate,5,Others,0,0,0,0,0,0,0,1,0,0,0,0,0,2,0,0,0,0,3,0,3
2019-20,33,Tamilnadu,3304,VELLORE,330405,"WALAJA WEST",29,"Private Unaided (Recognized)",3,"HSS (I-XII)",4,Graduate,5,Others,0,0,0,2,0,0,2,4,0,0,1,14,0,0,1,0,0,0,24,4,20
2019-20,33,Tamilnadu,3304,VELLORE,330409,"VELLORE RURAL",29,"Private Unaided (Recognized)",3,"HSS (I-XII)",4,Graduate,5,Others,0,0,0,0,0,0,1,0,0,0,0,0,0,0,0,0,0,0,1,1,0
2019-20,33,Tamilnadu,3304,VELLORE,330412,ANAICUT,29,"Private Unaided (Recognized)",3,"HSS (I-XII)",4,Graduate,5,Others,0,3,0,0,0,2,1,4,0,1,0,2,0,0,0,0,1,0,14,2,12
2019-20,33,Tamilnadu,3304,VELLORE,330413,KATPADI,29,"Private Unaided (Recognized)",3,"HSS (I-XII)",4,Graduate,5,Others,0,0,0,0,0,4,2,17,1,4,0,0,1,0,0,0,1,0,30,5,25
2019-20,33,Tamilnadu,3304,VELLORE,330420,JOLARPET,29,"Private Unaided (Recognized)",3,"HSS (I-XII)",4,Graduate,5,Others,0,0,0,0,0,4,0,1,0,0,1,0,0,0,2,1,0,0,9,3,6
2019-20,33,Tamilnadu,3304,VELLORE,330422,KANDHILI,29,"Private Unaided (Recognized)",3,"HSS (I-XII)",4,Graduate,5,Others,0,0,0,0,0,0,0,0,0,0,0,0,0,1,0,0,0,0,1,0,1
2019-20,33,Tamilnadu,3304,VELLORE,330403,KAVERIPAKKAM,29,"Private Unaided (Recognized)",6,"SS (I-X)",4,Graduate,5,Others,0,0,0,0,0,1,1,0,0,0,1,0,0,0,0,0,0,0,3,2,1
2019-20,33,Tamilnadu,3304,VELLORE,330405,"WALAJA WEST",29,"Private Unaided (Recognized)",6,"SS (I-X)",4,Graduate,5,Others,0,0,0,0,1,0,0,0,0,3,1,0,0,0,0,0,0,0,5,2,3
2019-20,33,Tamilnadu,3304,VELLORE,330407,TIMIRI,29,"Private Unaided (Recognized)",6,"SS (I-X)",4,Graduate,5,Others,0,0,0,0,0,1,0,1,0,0,0,0,0,0,0,0,0,0,2,0,2
2019-20,33,Tamilnadu,3304,VELLORE,330408,ARCOT,29,"Private Unaided (Recognized)",6,"SS (I-X)",4,Graduate,5,Others,0,0,0,0,0,0,2,0,0,0,0,0,0,1,0,0,0,0,3,2,1
2019-20,33,Tamilnadu,3304,VELLORE,330409,"VELLORE RURAL",29,"Private Unaided (Recognized)",6,"SS (I-X)",4,Graduate,5,Others,0,0,0,0,0,0,0,0,0,9,0,0,1,3,0,0,0,0,13,1,12
2019-20,33,Tamilnadu,3304,VELLORE,330412,ANAICUT,29,"Private Unaided (Recognized)",6,"SS (I-X)",4,Graduate,5,Others,0,1,0,0,0,5,0,1,0,0,0,0,0,2,0,0,0,0,9,0,9
2019-20,33,Tamilnadu,3304,VELLORE,330413,KATPADI,29,"Private Unaided (Recognized)",6,"SS (I-X)",4,Graduate,5,Others,0,0,0,0,0,0,0,1,0,0,0,0,0,1,0,0,0,0,2,0,2
2019-20,33,Tamilnadu,3304,VELLORE,330415,GUDIYATHAM,29,"Private Unaided (Recognized)",6,"SS (I-X)",4,Graduate,5,Others,0,0,0,0,0,1,0,3,0,1,1,1,0,0,0,0,0,0,7,1,6
2019-20,33,Tamilnadu,3304,VELLORE,330420,JOLARPET,29,"Private Unaided (Recognized)",6,"SS (I-X)",4,Graduate,5,Others,0,0,0,0,0,0,0,0,0,0,0,0,1,6,0,0,0,0,7,1,6
2019-20,33,Tamilnadu,3304,VELLORE,330416,PERNAMBUT,29,"Private Unaided (Recognized)",1,"PS (I-V)",4,Graduate,6,None,0,0,0,0,0,4,0,0,0,0,0,0,0,0,0,0,0,0,4,0,4
2019-20,33,Tamilnadu,3304,VELLORE,330404,SHOLINGAR,29,"Private Unaided (Recognized)",2,"UPS (I-VIII)",4,Graduate,6,None,0,0,0,0,0,0,0,2,0,1,0,0,0,0,0,0,0,0,3,0,3
2019-20,33,Tamilnadu,3304,VELLORE,330405,"WALAJA WEST",29,"Private Unaided (Recognized)",2,"UPS (I-VIII)",4,Graduate,6,None,0,0,0,0,0,0,0,2,1,5,0,0,0,0,0,0,0,0,8,1,7
2019-20,33,Tamilnadu,3304,VELLORE,330413,KATPADI,29,"Private Unaided (Recognized)",2,"UPS (I-VIII)",4,Graduate,6,None,0,0,0,0,0,1,0,0,0,0,0,0,0,0,0,0,0,0,1,0,1
2019-20,33,Tamilnadu,3304,VELLORE,330422,KANDHILI,29,"Private Unaided (Recognized)",2,"UPS (I-VIII)",4,Graduate,6,None,0,0,0,0,0,0,0,0,0,4,0,0,0,0,0,0,0,0,4,0,4
2019-20,33,Tamilnadu,3304,VELLORE,330404,SHOLINGAR,29,"Private Unaided (Recognized)",3,"HSS (I-XII)",4,Graduate,6,None,0,1,0,0,0,1,0,0,0,0,0,0,0,1,0,0,0,0,3,0,3
2019-20,33,Tamilnadu,3304,VELLORE,330405,"WALAJA WEST",29,"Private Unaided (Recognized)",3,"HSS (I-XII)",4,Graduate,6,None,0,1,0,1,0,2,1,0,0,1,1,9,0,0,1,0,0,0,17,3,14
2019-20,33,Tamilnadu,3304,VELLORE,330409,"VELLORE RURAL",29,"Private Unaided (Recognized)",3,"HSS (I-XII)",4,Graduate,6,None,0,0,0,1,0,2,0,1,0,2,1,0,0,0,0,0,0,0,7,1,6
2019-20,33,Tamilnadu,3304,VELLORE,330412,ANAICUT,29,"Private Unaided (Recognized)",3,"HSS (I-XII)",4,Graduate,6,None,0,0,0,0,0,4,0,1,0,1,0,2,0,0,0,0,0,0,8,0,8
2019-20,33,Tamilnadu,3304,VELLORE,330413,KATPADI,29,"Private Unaided (Recognized)",3,"HSS (I-XII)",4,Graduate,6,None,0,1,0,3,0,3,4,2,0,0,0,0,1,1,0,1,0,2,18,5,13
2019-20,33,Tamilnadu,3304,VELLORE,330414,K.V.KUPPAM,29,"Private Unaided (Recognized)",3,"HSS (I-XII)",4,Graduate,6,None,0,1,0,1,0,2,1,0,0,3,0,0,1,1,0,1,0,0,11,2,9
2019-20,33,Tamilnadu,3304,VELLORE,330420,JOLARPET,29,"Private Unaided (Recognized)",3,"HSS (I-XII)",4,Graduate,6,None,0,0,0,0,0,2,1,1,0,0,0,0,0,0,1,0,0,0,5,2,3
2019-20,33,Tamilnadu,3304,VELLORE,330405,"WALAJA WEST",29,"Private Unaided (Recognized)",5,"HSS (VI-XII)",4,Graduate,6,None,0,0,0,0,0,0,0,0,0,0,0,0,0,0,1,0,0,0,1,1,0
2019-20,33,Tamilnadu,3304,VELLORE,330413,KATPADI,29,"Private Unaided (Recognized)",1,"PS (I-V)",6,M.Phil,5,Others,0,0,0,0,0,1,0,0,0,0,0,0,0,0,0,0,0,0,1,0,1
2019-20,33,Tamilnadu,3304,VELLORE,330405,"WALAJA WEST",29,"Private Unaided (Recognized)",6,"SS (I-X)",4,Graduate,6,None,0,0,0,0,0,2,0,0,1,0,1,1,0,0,0,0,0,0,5,2,3
2019-20,33,Tamilnadu,3304,VELLORE,330408,ARCOT,29,"Private Unaided (Recognized)",6,"SS (I-X)",4,Graduate,6,None,0,0,0,0,0,0,0,0,0,1,0,0,0,0,0,0,0,0,1,0,1
2019-20,33,Tamilnadu,3304,VELLORE,330409,"VELLORE RURAL",29,"Private Unaided (Recognized)",6,"SS (I-X)",4,Graduate,6,None,0,0,0,0,0,0,0,0,0,0,0,0,1,4,0,0,0,0,5,1,4
2019-20,33,Tamilnadu,3304,VELLORE,330413,KATPADI,29,"Private Unaided (Recognized)",6,"SS (I-X)",4,Graduate,6,None,0,0,0,0,0,4,0,1,0,1,0,0,0,1,0,0,0,0,7,0,7
2019-20,33,Tamilnadu,3304,VELLORE,330414,K.V.KUPPAM,29,"Private Unaided (Recognized)",6,"SS (I-X)",4,Graduate,6,None,0,0,0,0,0,0,0,0,0,0,0,0,0,7,0,0,0,0,7,0,7
2019-20,33,Tamilnadu,3304,VELLORE,330415,GUDIYATHAM,29,"Private Unaided (Recognized)",6,"SS (I-X)",4,Graduate,6,None,0,0,0,0,0,0,0,1,0,0,0,1,0,1,0,0,0,0,3,0,3
2019-20,33,Tamilnadu,3304,VELLORE,330420,JOLARPET,29,"Private Unaided (Recognized)",6,"SS (I-X)",4,Graduate,6,None,0,0,0,0,0,0,0,0,0,0,0,0,0,5,0,0,0,0,5,0,5
2019-20,33,Tamilnadu,3304,VELLORE,330404,SHOLINGAR,29,"Private Unaided (Recognized)",2,"UPS (I-VIII)",5,"Post graduate",1,"Diploma or certificate in basic teachers training of a duration not less than two years",0,0,0,0,0,0,0,1,0,0,0,0,0,0,0,0,0,0,1,0,1
2019-20,33,Tamilnadu,3304,VELLORE,330405,"WALAJA WEST",29,"Private Unaided (Recognized)",2,"UPS (I-VIII)",5,"Post graduate",1,"Diploma or certificate in basic teachers training of a duration not less than two years",0,0,0,0,1,1,0,0,0,0,0,0,0,0,0,0,0,0,2,1,1
2019-20,33,Tamilnadu,3304,VELLORE,330410,"VELLORE URBAN",29,"Private Unaided (Recognized)",2,"UPS (I-VIII)",5,"Post graduate",1,"Diploma or certificate in basic teachers training of a duration not less than two years",0,0,0,0,0,0,0,0,0,1,0,0,0,0,0,0,0,0,1,0,1
2019-20,33,Tamilnadu,3304,VELLORE,330405,"WALAJA WEST",29,"Private Unaided (Recognized)",3,"HSS (I-XII)",5,"Post graduate",1,"Diploma or certificate in basic teachers training of a duration not less than two years",0,1,0,1,0,0,0,0,0,0,0,1,0,0,0,0,0,0,3,0,3
2019-20,33,Tamilnadu,3304,VELLORE,330409,"VELLORE RURAL",29,"Private Unaided (Recognized)",3,"HSS (I-XII)",5,"Post graduate",1,"Diploma or certificate in basic teachers training of a duration not less than two years",0,0,0,0,0,1,0,0,0,0,0,0,0,0,0,0,0,0,1,0,1
2019-20,33,Tamilnadu,3304,VELLORE,330412,ANAICUT,29,"Private Unaided (Recognized)",3,"HSS (I-XII)",5,"Post graduate",1,"Diploma or certificate in basic teachers training of a duration not less than two years",0,0,0,0,0,2,0,1,0,1,0,0,0,0,0,0,0,0,4,0,4
2019-20,33,Tamilnadu,3304,VELLORE,330413,KATPADI,29,"Private Unaided (Recognized)",3,"HSS (I-XII)",5,"Post graduate",1,"Diploma or certificate in basic teachers training of a duration not less than two years",0,0,0,0,0,0,0,1,0,0,0,0,0,1,0,0,0,0,2,0,2
2019-20,33,Tamilnadu,3304,VELLORE,330404,SHOLINGAR,29,"Private Unaided (Recognized)",6,"SS (I-X)",5,"Post graduate",1,"Diploma or certificate in basic teachers training of a duration not less than two years",0,0,0,0,0,0,0,0,0,0,0,0,1,0,0,0,0,0,1,1,0
2019-20,33,Tamilnadu,3304,VELLORE,330405,"WALAJA WEST",29,"Private Unaided (Recognized)",6,"SS (I-X)",5,"Post graduate",1,"Diploma or certificate in basic teachers training of a duration not less than two years",0,0,0,0,0,1,0,0,0,0,0,0,0,0,0,0,0,0,1,0,1
2019-20,33,Tamilnadu,3304,VELLORE,330409,"VELLORE RURAL",29,"Private Unaided (Recognized)",6,"SS (I-X)",5,"Post graduate",1,"Diploma or certificate in basic teachers training of a duration not less than two years",0,0,0,0,0,0,0,1,0,1,0,0,0,0,0,0,0,0,2,0,2
2019-20,33,Tamilnadu,3304,VELLORE,330413,KATPADI,29,"Private Unaided (Recognized)",6,"SS (I-X)",5,"Post graduate",1,"Diploma or certificate in basic teachers training of a duration not less than two years",0,0,0,0,0,4,0,0,0,0,0,0,0,0,0,0,0,0,4,0,4
2019-20,33,Tamilnadu,3304,VELLORE,330420,JOLARPET,29,"Private Unaided (Recognized)",6,"SS (I-X)",5,"Post graduate",1,"Diploma or certificate in basic teachers training of a duration not less than two years",0,0,0,0,0,0,0,0,0,0,0,0,0,1,0,0,0,0,1,0,1
2019-20,33,Tamilnadu,3304,VELLORE,330413,KATPADI,29,"Private Unaided (Recognized)",1,"PS (I-V)",5,"Post graduate",3,"B.Ed. or equivalent",0,0,0,0,0,3,0,0,0,0,0,0,0,0,0,0,0,0,3,0,3
2019-20,33,Tamilnadu,3304,VELLORE,330403,KAVERIPAKKAM,29,"Private Unaided (Recognized)",2,"UPS (I-VIII)",5,"Post graduate",3,"B.Ed. or equivalent",0,0,0,0,0,0,0,0,0,4,0,0,0,0,0,0,0,0,4,0,4
2019-20,33,Tamilnadu,3304,VELLORE,330404,SHOLINGAR,29,"Private Unaided (Recognized)",2,"UPS (I-VIII)",5,"Post graduate",3,"B.Ed. or equivalent",0,0,0,0,0,2,0,1,2,1,0,0,0,0,0,0,0,0,6,2,4
2019-20,33,Tamilnadu,3304,VELLORE,330405,"WALAJA WEST",29,"Private Unaided (Recognized)",2,"UPS (I-VIII)",5,"Post graduate",3,"B.Ed. or equivalent",0,0,0,0,0,3,0,0,1,1,0,0,0,0,0,0,0,0,5,1,4
2019-20,33,Tamilnadu,3304,VELLORE,330408,ARCOT,29,"Private Unaided (Recognized)",2,"UPS (I-VIII)",5,"Post graduate",3,"B.Ed. or equivalent",0,0,0,0,0,0,0,0,0,1,0,0,0,0,0,0,0,0,1,0,1
2019-20,33,Tamilnadu,3304,VELLORE,330410,"VELLORE URBAN",29,"Private Unaided (Recognized)",2,"UPS (I-VIII)",5,"Post graduate",3,"B.Ed. or equivalent",0,0,0,0,0,0,0,2,0,1,0,0,0,0,0,0,0,0,3,0,3
2019-20,33,Tamilnadu,3304,VELLORE,330413,KATPADI,29,"Private Unaided (Recognized)",2,"UPS (I-VIII)",5,"Post graduate",3,"B.Ed. or equivalent",0,0,0,0,0,0,0,3,0,0,0,0,0,0,0,0,0,0,3,0,3
2019-20,33,Tamilnadu,3304,VELLORE,330422,KANDHILI,29,"Private Unaided (Recognized)",2,"UPS (I-VIII)",5,"Post graduate",3,"B.Ed. or equivalent",0,0,0,0,0,1,1,2,1,2,0,0,0,0,0,0,0,0,7,2,5
2019-20,33,Tamilnadu,3304,VELLORE,330403,KAVERIPAKKAM,29,"Private Unaided (Recognized)",3,"HSS (I-XII)",5,"Post graduate",3,"B.Ed. or equivalent",0,0,0,0,0,0,0,0,0,1,1,1,0,1,1,2,0,0,7,2,5
2019-20,33,Tamilnadu,3304,VELLORE,330404,SHOLINGAR,29,"Private Unaided (Recognized)",3,"HSS (I-XII)",5,"Post graduate",3,"B.Ed. or equivalent",0,1,0,0,2,7,2,4,0,3,0,0,6,3,4,1,0,1,34,14,20
2019-20,33,Tamilnadu,3304,VELLORE,330405,"WALAJA WEST",29,"Private Unaided (Recognized)",3,"HSS (I-XII)",5,"Post graduate",3,"B.Ed. or equivalent",0,5,0,1,0,9,6,32,0,0,8,40,1,5,8,8,0,0,123,23,100
2019-20,33,Tamilnadu,3304,VELLORE,330409,"VELLORE RURAL",29,"Private Unaided (Recognized)",3,"HSS (I-XII)",5,"Post graduate",3,"B.Ed. or equivalent",0,0,0,1,0,3,2,26,1,5,2,6,2,8,4,7,1,4,72,12,60
2019-20,33,Tamilnadu,3304,VELLORE,330412,ANAICUT,29,"Private Unaided (Recognized)",3,"HSS (I-XII)",5,"Post graduate",3,"B.Ed. or equivalent",0,1,0,0,0,4,0,8,0,1,0,2,0,7,3,3,2,3,34,5,29
2019-20,33,Tamilnadu,3304,VELLORE,330413,KATPADI,29,"Private Unaided (Recognized)",3,"HSS (I-XII)",5,"Post graduate",3,"B.Ed. or equivalent",0,0,0,1,0,9,9,40,0,11,0,7,7,31,1,6,4,4,130,21,109
2019-20,33,Tamilnadu,3304,VELLORE,330414,K.V.KUPPAM,29,"Private Unaided (Recognized)",3,"HSS (I-XII)",5,"Post graduate",3,"B.Ed. or equivalent",0,0,0,0,0,5,2,3,2,9,0,0,2,3,1,2,0,1,30,7,23
2019-20,33,Tamilnadu,3304,VELLORE,330420,JOLARPET,29,"Private Unaided (Recognized)",3,"HSS (I-XII)",5,"Post graduate",3,"B.Ed. or equivalent",0,0,0,0,0,2,0,2,0,0,0,0,0,0,3,1,0,0,8,3,5
2019-20,33,Tamilnadu,3304,VELLORE,330422,KANDHILI,29,"Private Unaided (Recognized)",3,"HSS (I-XII)",5,"Post graduate",3,"B.Ed. or equivalent",0,0,0,0,0,0,0,0,0,0,0,0,1,1,2,1,0,0,5,3,2
2019-20,33,Tamilnadu,3304,VELLORE,330405,"WALAJA WEST",29,"Private Unaided (Recognized)",5,"HSS (VI-XII)",5,"Post graduate",3,"B.Ed. or equivalent",0,0,0,0,0,0,0,0,0,1,0,1,0,0,3,1,0,0,6,3,3
2019-20,33,Tamilnadu,3304,VELLORE,330403,KAVERIPAKKAM,29,"Private Unaided (Recognized)",6,"SS (I-X)",5,"Post graduate",3,"B.Ed. or equivalent",0,0,0,0,1,4,0,3,0,3,1,1,1,1,0,0,0,0,15,3,12
2019-20,33,Tamilnadu,3304,VELLORE,330404,SHOLINGAR,29,"Private Unaided (Recognized)",6,"SS (I-X)",5,"Post graduate",3,"B.Ed. or equivalent",0,0,0,0,0,0,0,0,0,0,0,1,0,0,0,0,0,0,1,0,1
2019-20,33,Tamilnadu,3304,VELLORE,330405,"WALAJA WEST",29,"Private Unaided (Recognized)",6,"SS (I-X)",5,"Post graduate",3,"B.Ed. or equivalent",0,0,0,0,0,7,0,0,1,10,2,2,1,2,0,0,0,0,25,4,21
2019-20,33,Tamilnadu,3304,VELLORE,330407,TIMIRI,29,"Private Unaided (Recognized)",6,"SS (I-X)",5,"Post graduate",3,"B.Ed. or equivalent",0,0,0,0,0,1,1,1,0,2,0,0,0,0,0,0,0,0,5,1,4
2019-20,33,Tamilnadu,3304,VELLORE,330408,ARCOT,29,"Private Unaided (Recognized)",6,"SS (I-X)",5,"Post graduate",3,"B.Ed. or equivalent",0,0,0,0,0,5,0,9,0,0,1,0,0,2,0,0,0,0,17,1,16
2019-20,33,Tamilnadu,3304,VELLORE,330409,"VELLORE RURAL",29,"Private Unaided (Recognized)",6,"SS (I-X)",5,"Post graduate",3,"B.Ed. or equivalent",0,0,0,0,0,2,0,4,1,23,0,2,3,13,0,0,0,0,48,4,44
2019-20,33,Tamilnadu,3304,VELLORE,330412,ANAICUT,29,"Private Unaided (Recognized)",6,"SS (I-X)",5,"Post graduate",3,"B.Ed. or equivalent",0,0,0,0,0,9,0,1,0,1,0,1,0,8,0,0,0,0,20,0,20
2019-20,33,Tamilnadu,3304,VELLORE,330413,KATPADI,29,"Private Unaided (Recognized)",6,"SS (I-X)",5,"Post graduate",3,"B.Ed. or equivalent",0,0,0,0,0,26,0,7,0,6,0,3,0,39,0,0,0,0,81,0,81
2019-20,33,Tamilnadu,3304,VELLORE,330414,K.V.KUPPAM,29,"Private Unaided (Recognized)",6,"SS (I-X)",5,"Post graduate",3,"B.Ed. or equivalent",0,0,0,0,0,0,0,0,0,0,0,0,1,5,0,0,0,0,6,1,5
2019-20,33,Tamilnadu,3304,VELLORE,330415,GUDIYATHAM,29,"Private Unaided (Recognized)",6,"SS (I-X)",5,"Post graduate",3,"B.Ed. or equivalent",0,0,0,0,0,0,1,0,0,0,0,3,0,1,0,0,0,0,5,1,4
2019-20,33,Tamilnadu,3304,VELLORE,330417,MADHANUR,29,"Private Unaided (Recognized)",6,"SS (I-X)",5,"Post graduate",3,"B.Ed. or equivalent",0,0,0,0,1,1,0,0,0,0,0,2,1,0,0,0,0,0,5,2,3
2019-20,33,Tamilnadu,3304,VELLORE,330420,JOLARPET,29,"Private Unaided (Recognized)",6,"SS (I-X)",5,"Post graduate",3,"B.Ed. or equivalent",0,0,0,0,0,0,0,0,0,0,0,0,5,32,0,0,0,0,37,5,32
2019-20,33,Tamilnadu,3304,VELLORE,330407,TIMIRI,29,"Private Unaided (Recognized)",7,"SS (VI-X)",5,"Post graduate",3,"B.Ed. or equivalent",0,0,0,0,0,0,0,0,0,1,0,0,0,0,0,0,0,0,1,0,1
2019-20,33,Tamilnadu,3304,VELLORE,330413,KATPADI,29,"Private Unaided (Recognized)",1,"PS (I-V)",5,"Post graduate",4,"M.Ed. or equivalent",0,0,0,0,0,2,0,0,0,0,0,0,0,0,0,0,0,0,2,0,2
2019-20,33,Tamilnadu,3304,VELLORE,330403,KAVERIPAKKAM,29,"Private Unaided (Recognized)",2,"UPS (I-VIII)",5,"Post graduate",4,"M.Ed. or equivalent",0,0,0,0,0,0,0,0,0,1,0,0,0,0,0,0,0,0,1,0,1
2019-20,33,Tamilnadu,3304,VELLORE,330404,SHOLINGAR,29,"Private Unaided (Recognized)",2,"UPS (I-VIII)",5,"Post graduate",4,"M.Ed. or equivalent",0,0,0,0,0,0,0,1,0,0,0,0,0,0,0,0,0,0,1,0,1
2019-20,33,Tamilnadu,3304,VELLORE,330405,"WALAJA WEST",29,"Private Unaided (Recognized)",2,"UPS (I-VIII)",5,"Post graduate",4,"M.Ed. or equivalent",0,0,0,0,0,1,0,0,0,0,0,0,0,0,0,0,0,0,1,0,1
2019-20,33,Tamilnadu,3304,VELLORE,330408,ARCOT,29,"Private Unaided (Recognized)",2,"UPS (I-VIII)",5,"Post graduate",4,"M.Ed. or equivalent",0,0,0,0,0,0,0,0,0,1,0,0,0,0,0,0,0,0,1,0,1
2019-20,33,Tamilnadu,3304,VELLORE,330422,KANDHILI,29,"Private Unaided (Recognized)",2,"UPS (I-VIII)",5,"Post graduate",4,"M.Ed. or equivalent",0,0,0,0,0,0,0,0,0,2,0,0,0,0,0,0,0,0,2,0,2
2019-20,33,Tamilnadu,3304,VELLORE,330403,KAVERIPAKKAM,29,"Private Unaided (Recognized)",3,"HSS (I-XII)",5,"Post graduate",4,"M.Ed. or equivalent",0,0,0,0,0,0,0,0,0,0,0,0,0,0,1,0,0,0,1,1,0
2019-20,33,Tamilnadu,3304,VELLORE,330404,SHOLINGAR,29,"Private Unaided (Recognized)",3,"HSS (I-XII)",5,"Post graduate",4,"M.Ed. or equivalent",0,0,0,0,0,0,0,0,0,0,0,0,0,1,0,0,0,0,1,0,1
2019-20,33,Tamilnadu,3304,VELLORE,330405,"WALAJA WEST",29,"Private Unaided (Recognized)",3,"HSS (I-XII)",5,"Post graduate",4,"M.Ed. or equivalent",0,0,0,0,0,0,3,4,0,0,0,6,0,0,0,2,1,0,16,4,12
2019-20,33,Tamilnadu,3304,VELLORE,330409,"VELLORE RURAL",29,"Private Unaided (Recognized)",3,"HSS (I-XII)",5,"Post graduate",4,"M.Ed. or equivalent",0,0,0,0,0,1,0,0,0,0,0,1,0,0,1,0,0,0,3,1,2
2019-20,33,Tamilnadu,3304,VELLORE,330412,ANAICUT,29,"Private Unaided (Recognized)",3,"HSS (I-XII)",5,"Post graduate",4,"M.Ed. or equivalent",0,0,0,0,0,0,0,0,0,0,0,0,0,0,0,1,0,0,1,0,1
2019-20,33,Tamilnadu,3304,VELLORE,330413,KATPADI,29,"Private Unaided (Recognized)",3,"HSS (I-XII)",5,"Post graduate",4,"M.Ed. or equivalent",0,0,0,0,1,1,1,3,0,0,0,1,0,5,1,4,1,1,19,4,15
2019-20,33,Tamilnadu,3304,VELLORE,330414,K.V.KUPPAM,29,"Private Unaided (Recognized)",3,"HSS (I-XII)",5,"Post graduate",4,"M.Ed. or equivalent",0,0,0,0,1,0,0,1,0,2,0,0,1,0,0,0,0,0,5,2,3
2019-20,33,Tamilnadu,3304,VELLORE,330420,JOLARPET,29,"Private Unaided (Recognized)",3,"HSS (I-XII)",5,"Post graduate",4,"M.Ed. or equivalent",0,0,0,0,0,0,1,0,0,0,0,0,0,0,1,0,0,0,2,2,0
2019-20,33,Tamilnadu,3304,VELLORE,330422,KANDHILI,29,"Private Unaided (Recognized)",3,"HSS (I-XII)",5,"Post graduate",4,"M.Ed. or equivalent",0,0,0,0,0,0,0,0,0,0,0,0,1,0,0,0,0,0,1,1,0
2019-20,33,Tamilnadu,3304,VELLORE,330403,KAVERIPAKKAM,29,"Private Unaided (Recognized)",6,"SS (I-X)",5,"Post graduate",4,"M.Ed. or equivalent",0,0,0,0,0,0,0,1,0,0,0,0,1,3,0,0,0,0,5,1,4
2019-20,33,Tamilnadu,3304,VELLORE,330405,"WALAJA WEST",29,"Private Unaided (Recognized)",6,"SS (I-X)",5,"Post graduate",4,"M.Ed. or equivalent",0,0,0,0,0,0,0,0,0,2,0,0,1,1,0,0,0,0,4,1,3
2019-20,33,Tamilnadu,3304,VELLORE,330409,"VELLORE RURAL",29,"Private Unaided (Recognized)",6,"SS (I-X)",5,"Post graduate",4,"M.Ed. or equivalent",0,0,0,0,0,0,0,0,0,1,0,0,1,2,0,0,0,0,4,1,3
2019-20,33,Tamilnadu,3304,VELLORE,330412,ANAICUT,29,"Private Unaided (Recognized)",6,"SS (I-X)",5,"Post graduate",4,"M.Ed. or equivalent",0,0,0,0,0,1,0,0,0,0,0,0,0,1,0,0,0,0,2,0,2
2019-20,33,Tamilnadu,3304,VELLORE,330413,KATPADI,29,"Private Unaided (Recognized)",6,"SS (I-X)",5,"Post graduate",4,"M.Ed. or equivalent",0,0,0,0,0,1,0,0,0,0,0,0,0,2,0,0,0,0,3,0,3
2019-20,33,Tamilnadu,3304,VELLORE,330415,GUDIYATHAM,29,"Private Unaided (Recognized)",6,"SS (I-X)",5,"Post graduate",4,"M.Ed. or equivalent",0,0,0,0,0,0,0,0,0,0,0,1,0,0,0,0,0,0,1,0,1
2019-20,33,Tamilnadu,3304,VELLORE,330420,JOLARPET,29,"Private Unaided (Recognized)",6,"SS (I-X)",5,"Post graduate",4,"M.Ed. or equivalent",0,0,0,0,0,0,0,0,0,0,0,0,0,1,0,0,0,0,1,0,1
2019-20,33,Tamilnadu,3304,VELLORE,330407,TIMIRI,29,"Private Unaided (Recognized)",7,"SS (VI-X)",5,"Post graduate",4,"M.Ed. or equivalent",0,0,0,0,0,0,0,0,1,0,0,0,0,0,0,0,0,0,1,1,0
2019-20,33,Tamilnadu,3304,VELLORE,330413,KATPADI,29,"Private Unaided (Recognized)",1,"PS (I-V)",5,"Post graduate",5,Others,0,0,0,0,0,4,0,0,0,0,0,0,0,0,0,0,0,0,4,0,4
2019-20,33,Tamilnadu,3304,VELLORE,330404,SHOLINGAR,29,"Private Unaided (Recognized)",2,"UPS (I-VIII)",5,"Post graduate",5,Others,0,0,0,0,0,0,0,0,1,1,0,0,0,0,0,0,0,0,2,1,1
2019-20,33,Tamilnadu,3304,VELLORE,330410,"VELLORE URBAN",29,"Private Unaided (Recognized)",2,"UPS (I-VIII)",5,"Post graduate",5,Others,0,0,0,0,0,0,0,0,0,1,0,0,0,0,0,0,0,0,1,0,1
2019-20,33,Tamilnadu,3304,VELLORE,330413,KATPADI,29,"Private Unaided (Recognized)",2,"UPS (I-VIII)",5,"Post graduate",5,Others,0,0,0,0,0,1,0,0,0,0,0,0,0,0,0,0,0,0,1,0,1
2019-20,33,Tamilnadu,3304,VELLORE,330404,SHOLINGAR,29,"Private Unaided (Recognized)",3,"HSS (I-XII)",5,"Post graduate",5,Others,0,0,0,0,0,0,0,2,0,1,0,0,0,0,0,0,0,0,3,0,3
2019-20,33,Tamilnadu,3304,VELLORE,330405,"WALAJA WEST",29,"Private Unaided (Recognized)",3,"HSS (I-XII)",5,"Post graduate",5,Others,0,0,0,0,0,0,1,5,0,0,0,10,0,0,2,0,0,1,19,3,16
2019-20,33,Tamilnadu,3304,VELLORE,330412,ANAICUT,29,"Private Unaided (Recognized)",3,"HSS (I-XII)",5,"Post graduate",5,Others,0,0,0,0,0,0,0,3,0,0,0,1,0,0,0,1,1,1,7,1,6
2019-20,33,Tamilnadu,3304,VELLORE,330413,KATPADI,29,"Private Unaided (Recognized)",3,"HSS (I-XII)",5,"Post graduate",5,Others,0,0,0,0,0,2,2,12,0,2,0,0,0,2,0,0,0,0,20,2,18
2019-20,33,Tamilnadu,3304,VELLORE,330414,K.V.KUPPAM,29,"Private Unaided (Recognized)",3,"HSS (I-XII)",5,"Post graduate",5,Others,0,0,0,0,0,0,0,0,0,1,0,0,0,0,0,0,0,0,1,0,1
2019-20,33,Tamilnadu,3304,VELLORE,330420,JOLARPET,29,"Private Unaided (Recognized)",3,"HSS (I-XII)",5,"Post graduate",5,Others,0,0,0,0,0,2,0,0,0,2,0,0,0,0,0,0,0,0,4,0,4
2019-20,33,Tamilnadu,3304,VELLORE,330405,"WALAJA WEST",29,"Private Unaided (Recognized)",5,"HSS (VI-XII)",5,"Post graduate",5,Others,0,0,0,0,0,0,0,0,0,0,0,0,0,0,1,2,0,0,3,1,2
2019-20,33,Tamilnadu,3304,VELLORE,330403,KAVERIPAKKAM,29,"Private Unaided (Recognized)",6,"SS (I-X)",5,"Post graduate",5,Others,0,0,0,0,0,0,0,0,0,0,0,0,0,2,0,0,0,0,2,0,2
2019-20,33,Tamilnadu,3304,VELLORE,330405,"WALAJA WEST",29,"Private Unaided (Recognized)",6,"SS (I-X)",5,"Post graduate",5,Others,0,0,0,0,0,0,1,0,1,0,0,0,0,0,0,0,0,0,2,2,0
2019-20,33,Tamilnadu,3304,VELLORE,330408,ARCOT,29,"Private Unaided (Recognized)",6,"SS (I-X)",5,"Post graduate",5,Others,0,0,0,0,0,2,0,0,0,0,1,0,0,0,0,0,0,0,3,1,2
2019-20,33,Tamilnadu,3304,VELLORE,330409,"VELLORE RURAL",29,"Private Unaided (Recognized)",6,"SS (I-X)",5,"Post graduate",5,Others,0,0,0,0,0,0,0,0,0,4,0,1,0,1,0,0,0,0,6,0,6
2019-20,33,Tamilnadu,3304,VELLORE,330412,ANAICUT,29,"Private Unaided (Recognized)",6,"SS (I-X)",5,"Post graduate",5,Others,0,1,0,0,0,3,0,0,0,0,0,0,0,1,0,0,0,0,5,0,5
2019-20,33,Tamilnadu,3304,VELLORE,330413,KATPADI,29,"Private Unaided (Recognized)",6,"SS (I-X)",5,"Post graduate",5,Others,0,0,0,0,0,0,0,0,0,0,0,1,0,1,0,0,0,0,2,0,2
2019-20,33,Tamilnadu,3304,VELLORE,330415,GUDIYATHAM,29,"Private Unaided (Recognized)",6,"SS (I-X)",5,"Post graduate",5,Others,0,0,0,0,0,0,0,0,0,1,0,0,0,0,0,0,0,0,1,0,1
2019-20,33,Tamilnadu,3304,VELLORE,330420,JOLARPET,29,"Private Unaided (Recognized)",6,"SS (I-X)",5,"Post graduate",5,Others,0,0,0,0,0,0,0,0,0,0,0,0,0,3,0,0,0,0,3,0,3
2019-20,33,Tamilnadu,3304,VELLORE,330404,SHOLINGAR,29,"Private Unaided (Recognized)",2,"UPS (I-VIII)",5,"Post graduate",6,None,0,0,0,0,0,1,0,1,0,0,0,0,0,0,0,0,0,0,2,0,2
2019-20,33,Tamilnadu,3304,VELLORE,330405,"WALAJA WEST",29,"Private Unaided (Recognized)",2,"UPS (I-VIII)",5,"Post graduate",6,None,0,0,0,0,0,0,1,2,0,1,0,0,0,0,0,0,0,0,4,1,3
2019-20,33,Tamilnadu,3304,VELLORE,330410,"VELLORE URBAN",29,"Private Unaided (Recognized)",2,"UPS (I-VIII)",5,"Post graduate",6,None,0,0,0,0,0,0,0,0,0,1,0,0,0,0,0,0,0,0,1,0,1
2019-20,33,Tamilnadu,3304,VELLORE,330413,KATPADI,29,"Private Unaided (Recognized)",2,"UPS (I-VIII)",5,"Post graduate",6,None,0,0,0,0,0,2,0,0,0,0,0,0,0,0,0,0,0,0,2,0,2
2019-20,33,Tamilnadu,3304,VELLORE,330422,KANDHILI,29,"Private Unaided (Recognized)",2,"UPS (I-VIII)",5,"Post graduate",6,None,0,0,0,0,0,1,0,0,0,1,0,0,0,0,0,0,0,0,2,0,2
2019-20,33,Tamilnadu,3304,VELLORE,330403,KAVERIPAKKAM,29,"Private Unaided (Recognized)",3,"HSS (I-XII)",5,"Post graduate",6,None,0,1,0,0,0,0,0,0,0,0,0,0,0,0,0,0,0,0,1,0,1
2019-20,33,Tamilnadu,3304,VELLORE,330404,SHOLINGAR,29,"Private Unaided (Recognized)",3,"HSS (I-XII)",5,"Post graduate",6,None,0,0,0,0,0,2,0,0,0,0,0,0,0,0,0,0,0,0,2,0,2
2019-20,33,Tamilnadu,3304,VELLORE,330405,"WALAJA WEST",29,"Private Unaided (Recognized)",3,"HSS (I-XII)",5,"Post graduate",6,None,0,0,0,1,0,1,2,1,0,1,0,6,0,0,0,1,0,0,13,2,11
2019-20,33,Tamilnadu,3304,VELLORE,330409,"VELLORE RURAL",29,"Private Unaided (Recognized)",3,"HSS (I-XII)",5,"Post graduate",6,None,0,0,0,3,0,1,2,0,0,1,2,1,0,0,0,0,0,0,10,4,6
2019-20,33,Tamilnadu,3304,VELLORE,330412,ANAICUT,29,"Private Unaided (Recognized)",3,"HSS (I-XII)",5,"Post graduate",6,None,0,0,0,0,0,0,1,1,0,0,0,0,0,0,0,2,0,0,4,1,3
2019-20,33,Tamilnadu,3304,VELLORE,330413,KATPADI,29,"Private Unaided (Recognized)",3,"HSS (I-XII)",5,"Post graduate",6,None,0,1,0,0,0,0,1,2,0,0,0,2,0,1,2,1,1,0,11,4,7
2019-20,33,Tamilnadu,3304,VELLORE,330414,K.V.KUPPAM,29,"Private Unaided (Recognized)",3,"HSS (I-XII)",5,"Post graduate",6,None,0,0,0,0,0,2,0,2,0,6,0,0,1,0,1,0,0,0,12,2,10
2019-20,33,Tamilnadu,3304,VELLORE,330420,JOLARPET,29,"Private Unaided (Recognized)",3,"HSS (I-XII)",5,"Post graduate",6,None,0,0,0,0,0,0,0,0,1,0,0,0,0,0,1,0,0,0,2,2,0
2019-20,33,Tamilnadu,3304,VELLORE,330405,"WALAJA WEST",29,"Private Unaided (Recognized)",5,"HSS (VI-XII)",5,"Post graduate",6,None,0,0,0,0,0,0,0,0,0,0,0,0,1,0,0,0,0,0,1,1,0
2019-20,33,Tamilnadu,3304,VELLORE,330403,KAVERIPAKKAM,29,"Private Unaided (Recognized)",6,"SS (I-X)",5,"Post graduate",6,None,0,0,0,0,0,0,0,0,0,0,0,0,0,1,0,0,0,0,1,0,1
2019-20,33,Tamilnadu,3304,VELLORE,330405,"WALAJA WEST",29,"Private Unaided (Recognized)",6,"SS (I-X)",5,"Post graduate",6,None,0,0,0,0,0,0,0,0,0,0,1,0,0,0,0,0,0,0,1,1,0
2019-20,33,Tamilnadu,3304,VELLORE,330407,TIMIRI,29,"Private Unaided (Recognized)",6,"SS (I-X)",5,"Post graduate",6,None,0,0,0,0,0,0,0,0,0,0,0,0,1,0,0,0,0,0,1,1,0
2019-20,33,Tamilnadu,3304,VELLORE,330408,ARCOT,29,"Private Unaided (Recognized)",6,"SS (I-X)",5,"Post graduate",6,None,0,1,0,0,0,2,0,1,0,0,0,0,0,0,0,0,0,0,4,0,4
2019-20,33,Tamilnadu,3304,VELLORE,330409,"VELLORE RURAL",29,"Private Unaided (Recognized)",6,"SS (I-X)",5,"Post graduate",6,None,0,0,0,0,0,0,0,0,0,0,0,0,1,1,0,0,0,0,2,1,1
2019-20,33,Tamilnadu,3304,VELLORE,330413,KATPADI,29,"Private Unaided (Recognized)",6,"SS (I-X)",5,"Post graduate",6,None,0,0,0,0,0,3,0,0,0,0,0,0,2,1,0,0,0,0,6,2,4
2019-20,33,Tamilnadu,3304,VELLORE,330414,K.V.KUPPAM,29,"Private Unaided (Recognized)",6,"SS (I-X)",5,"Post graduate",6,None,0,0,0,0,0,1,0,0,0,0,0,0,0,5,0,0,0,0,6,0,6
2019-20,33,Tamilnadu,3304,VELLORE,330415,GUDIYATHAM,29,"Private Unaided (Recognized)",6,"SS (I-X)",5,"Post graduate",6,None,0,0,0,0,0,1,0,0,0,3,0,0,0,0,0,0,0,0,4,0,4
2019-20,33,Tamilnadu,3304,VELLORE,330420,JOLARPET,29,"Private Unaided (Recognized)",6,"SS (I-X)",5,"Post graduate",6,None,0,0,0,0,0,0,0,0,0,0,0,0,1,3,0,0,0,0,4,1,3
2019-20,33,Tamilnadu,3304,VELLORE,330413,KATPADI,29,"Private Unaided (Recognized)",3,"HSS (I-XII)",6,M.Phil,1,"Diploma or certificate in basic teachers training of a duration not less than two years",0,0,0,0,0,0,0,1,0,0,0,0,0,0,0,0,0,0,1,0,1
2019-20,33,Tamilnadu,3304,VELLORE,330403,KAVERIPAKKAM,29,"Private Unaided (Recognized)",2,"UPS (I-VIII)",6,M.Phil,3,"B.Ed. or equivalent",0,0,0,0,0,0,0,0,0,1,0,0,0,0,0,0,0,0,1,0,1
2019-20,33,Tamilnadu,3304,VELLORE,330404,SHOLINGAR,29,"Private Unaided (Recognized)",2,"UPS (I-VIII)",6,M.Phil,3,"B.Ed. or equivalent",0,0,0,0,0,0,0,0,1,0,0,0,0,0,0,0,0,0,1,1,0
2019-20,33,Tamilnadu,3304,VELLORE,330410,"VELLORE URBAN",29,"Private Unaided (Recognized)",2,"UPS (I-VIII)",6,M.Phil,3,"B.Ed. or equivalent",0,0,0,0,0,0,0,1,0,0,0,0,0,0,0,0,0,0,1,0,1
2019-20,33,Tamilnadu,3304,VELLORE,330403,KAVERIPAKKAM,29,"Private Unaided (Recognized)",3,"HSS (I-XII)",6,M.Phil,3,"B.Ed. or equivalent",0,0,0,0,0,0,0,0,0,0,0,1,0,0,0,0,0,0,1,0,1
2019-20,33,Tamilnadu,3304,VELLORE,330404,SHOLINGAR,29,"Private Unaided (Recognized)",3,"HSS (I-XII)",6,M.Phil,3,"B.Ed. or equivalent",0,0,0,0,0,2,1,0,0,1,0,0,0,0,0,0,1,0,5,2,3
2019-20,33,Tamilnadu,3304,VELLORE,330405,"WALAJA WEST",29,"Private Unaided (Recognized)",3,"HSS (I-XII)",6,M.Phil,3,"B.Ed. or equivalent",0,0,0,0,0,2,2,0,0,0,4,9,0,2,2,4,0,0,25,8,17
2019-20,33,Tamilnadu,3304,VELLORE,330409,"VELLORE RURAL",29,"Private Unaided (Recognized)",3,"HSS (I-XII)",6,M.Phil,3,"B.Ed. or equivalent",0,0,0,0,0,0,0,0,0,0,0,0,0,0,0,0,0,1,1,0,1
2019-20,33,Tamilnadu,3304,VELLORE,330412,ANAICUT,29,"Private Unaided (Recognized)",3,"HSS (I-XII)",6,M.Phil,3,"B.Ed. or equivalent",0,0,0,0,0,1,0,1,0,0,0,1,0,1,0,1,0,0,5,0,5
2019-20,33,Tamilnadu,3304,VELLORE,330413,KATPADI,29,"Private Unaided (Recognized)",3,"HSS (I-XII)",6,M.Phil,3,"B.Ed. or equivalent",0,0,0,0,1,3,3,5,0,2,0,0,0,8,0,4,0,3,29,4,25
2019-20,33,Tamilnadu,3304,VELLORE,330414,K.V.KUPPAM,29,"Private Unaided (Recognized)",3,"HSS (I-XII)",6,M.Phil,3,"B.Ed. or equivalent",0,0,0,0,0,3,0,0,0,3,1,0,0,1,1,0,0,0,9,2,7
2019-20,33,Tamilnadu,3304,VELLORE,330420,JOLARPET,29,"Private Unaided (Recognized)",3,"HSS (I-XII)",6,M.Phil,3,"B.Ed. or equivalent",0,0,0,0,1,0,0,0,0,0,1,0,0,1,1,1,1,0,6,4,2
2019-20,33,Tamilnadu,3304,VELLORE,330405,"WALAJA WEST",29,"Private Unaided (Recognized)",5,"HSS (VI-XII)",6,M.Phil,3,"B.Ed. or equivalent",0,0,0,0,0,0,0,0,0,0,0,0,0,0,0,2,0,0,2,0,2
2019-20,33,Tamilnadu,3304,VELLORE,330403,KAVERIPAKKAM,29,"Private Unaided (Recognized)",6,"SS (I-X)",6,M.Phil,3,"B.Ed. or equivalent",0,0,0,0,0,0,0,0,0,0,0,1,1,0,0,0,0,0,2,1,1
2019-20,33,Tamilnadu,3304,VELLORE,330405,"WALAJA WEST",29,"Private Unaided (Recognized)",6,"SS (I-X)",6,M.Phil,3,"B.Ed. or equivalent",0,0,0,0,0,2,0,0,0,1,0,1,0,1,0,0,0,0,5,0,5
2019-20,33,Tamilnadu,3304,VELLORE,330407,TIMIRI,29,"Private Unaided (Recognized)",6,"SS (I-X)",6,M.Phil,3,"B.Ed. or equivalent",0,0,0,0,0,0,1,0,0,0,0,0,0,0,0,0,0,0,1,1,0
2019-20,33,Tamilnadu,3304,VELLORE,330408,ARCOT,29,"Private Unaided (Recognized)",6,"SS (I-X)",6,M.Phil,3,"B.Ed. or equivalent",0,0,0,0,0,1,0,0,0,0,0,2,0,0,0,0,0,0,3,0,3
2019-20,33,Tamilnadu,3304,VELLORE,330409,"VELLORE RURAL",29,"Private Unaided (Recognized)",6,"SS (I-X)",6,M.Phil,3,"B.Ed. or equivalent",0,0,0,0,0,0,0,0,0,2,0,0,0,1,0,0,0,0,3,0,3
2019-20,33,Tamilnadu,3304,VELLORE,330412,ANAICUT,29,"Private Unaided (Recognized)",6,"SS (I-X)",6,M.Phil,3,"B.Ed. or equivalent",0,0,0,0,0,3,0,0,0,0,0,0,0,1,0,0,0,0,4,0,4
2019-20,33,Tamilnadu,3304,VELLORE,330413,KATPADI,29,"Private Unaided (Recognized)",6,"SS (I-X)",6,M.Phil,3,"B.Ed. or equivalent",0,0,0,0,0,4,0,1,0,0,1,1,0,10,0,0,0,0,17,1,16
2019-20,33,Tamilnadu,3304,VELLORE,330414,K.V.KUPPAM,29,"Private Unaided (Recognized)",6,"SS (I-X)",6,M.Phil,3,"B.Ed. or equivalent",0,0,0,0,0,0,0,0,0,0,0,0,1,1,0,0,0,0,2,1,1
2019-20,33,Tamilnadu,3304,VELLORE,330417,MADHANUR,29,"Private Unaided (Recognized)",6,"SS (I-X)",6,M.Phil,3,"B.Ed. or equivalent",0,0,0,0,0,2,0,0,0,0,0,0,1,0,0,0,0,0,3,1,2
2019-20,33,Tamilnadu,3304,VELLORE,330420,JOLARPET,29,"Private Unaided (Recognized)",6,"SS (I-X)",6,M.Phil,3,"B.Ed. or equivalent",0,0,0,0,0,0,0,0,0,0,0,0,1,9,0,0,0,0,10,1,9
2019-20,33,Tamilnadu,3304,VELLORE,330410,"VELLORE URBAN",29,"Private Unaided (Recognized)",2,"UPS (I-VIII)",6,M.Phil,4,"M.Ed. or equivalent",0,0,0,0,0,0,0,0,0,1,0,0,0,0,0,0,0,0,1,0,1
2019-20,33,Tamilnadu,3304,VELLORE,330404,SHOLINGAR,29,"Private Unaided (Recognized)",3,"HSS (I-XII)",6,M.Phil,4,"M.Ed. or equivalent",0,0,0,0,0,0,0,0,0,0,0,0,0,1,0,1,0,1,3,0,3
2019-20,33,Tamilnadu,3304,VELLORE,330405,"WALAJA WEST",29,"Private Unaided (Recognized)",3,"HSS (I-XII)",6,M.Phil,4,"M.Ed. or equivalent",0,0,0,0,0,0,0,1,0,0,0,1,0,0,0,0,0,0,2,0,2
2019-20,33,Tamilnadu,3304,VELLORE,330413,KATPADI,29,"Private Unaided (Recognized)",3,"HSS (I-XII)",6,M.Phil,4,"M.Ed. or equivalent",0,0,0,0,0,0,1,3,0,0,0,0,0,2,0,0,0,1,7,1,6
2019-20,33,Tamilnadu,3304,VELLORE,330414,K.V.KUPPAM,29,"Private Unaided (Recognized)",3,"HSS (I-XII)",6,M.Phil,4,"M.Ed. or equivalent",0,0,0,0,1,0,0,0,0,2,0,0,0,0,0,0,0,0,3,1,2
2019-20,33,Tamilnadu,3304,VELLORE,330422,KANDHILI,29,"Private Unaided (Recognized)",3,"HSS (I-XII)",6,M.Phil,4,"M.Ed. or equivalent",0,0,0,0,0,0,0,0,0,0,0,0,0,0,0,1,0,0,1,0,1
2019-20,33,Tamilnadu,3304,VELLORE,330407,TIMIRI,29,"Private Unaided (Recognized)",6,"SS (I-X)",6,M.Phil,4,"M.Ed. or equivalent",0,0,0,0,0,0,0,0,0,1,0,1,0,0,0,0,0,0,2,0,2
2019-20,33,Tamilnadu,3304,VELLORE,330413,KATPADI,29,"Private Unaided (Recognized)",6,"SS (I-X)",6,M.Phil,4,"M.Ed. or equivalent",0,0,0,0,0,1,0,0,0,0,0,0,0,0,0,0,0,0,1,0,1
2019-20,33,Tamilnadu,3304,VELLORE,330417,MADHANUR,29,"Private Unaided (Recognized)",6,"SS (I-X)",6,M.Phil,4,"M.Ed. or equivalent",0,0,0,0,0,1,0,0,0,0,0,0,1,0,0,0,0,0,2,1,1
2019-20,33,Tamilnadu,3304,VELLORE,330420,JOLARPET,29,"Private Unaided (Recognized)",6,"SS (I-X)",6,M.Phil,4,"M.Ed. or equivalent",0,0,0,0,0,0,0,0,0,0,0,0,0,1,0,0,0,0,1,0,1
2019-20,33,Tamilnadu,3304,VELLORE,330407,TIMIRI,29,"Private Unaided (Recognized)",7,"SS (VI-X)",6,M.Phil,4,"M.Ed. or equivalent",0,0,0,0,0,0,0,0,1,0,0,0,0,0,0,0,0,0,1,1,0
2019-20,33,Tamilnadu,3304,VELLORE,330405,"WALAJA WEST",29,"Private Unaided (Recognized)",2,"UPS (I-VIII)",6,M.Phil,5,Others,0,0,0,0,0,0,0,0,0,1,0,0,0,0,0,0,0,0,1,0,1
2019-20,33,Tamilnadu,3304,VELLORE,330413,KATPADI,29,"Private Unaided (Recognized)",2,"UPS (I-VIII)",6,M.Phil,5,Others,0,0,0,0,0,1,0,0,0,0,0,0,0,0,0,0,0,0,1,0,1
2019-20,33,Tamilnadu,3304,VELLORE,330404,SHOLINGAR,29,"Private Unaided (Recognized)",3,"HSS (I-XII)",6,M.Phil,5,Others,0,0,0,0,0,0,0,0,0,0,0,0,0,0,1,1,0,0,2,1,1
2019-20,33,Tamilnadu,3304,VELLORE,330405,"WALAJA WEST",29,"Private Unaided (Recognized)",3,"HSS (I-XII)",6,M.Phil,5,Others,0,0,0,0,0,0,0,0,0,0,0,1,0,0,0,0,0,0,1,0,1
2019-20,33,Tamilnadu,3304,VELLORE,330413,KATPADI,29,"Private Unaided (Recognized)",3,"HSS (I-XII)",6,M.Phil,5,Others,0,0,0,0,0,0,0,3,0,0,0,0,0,0,0,0,0,0,3,0,3
2019-20,33,Tamilnadu,3304,VELLORE,330420,JOLARPET,29,"Private Unaided (Recognized)",3,"HSS (I-XII)",6,M.Phil,5,Others,0,0,0,0,0,0,0,0,0,0,0,0,0,0,0,1,0,0,1,0,1
2019-20,33,Tamilnadu,3304,VELLORE,330409,"VELLORE RURAL",29,"Private Unaided (Recognized)",6,"SS (I-X)",6,M.Phil,5,Others,0,0,0,0,0,0,0,0,0,0,0,0,0,1,0,0,0,0,1,0,1
2019-20,33,Tamilnadu,3304,VELLORE,330404,SHOLINGAR,29,"Private Unaided (Recognized)",3,"HSS (I-XII)",6,M.Phil,6,None,0,0,0,0,0,0,0,0,0,0,0,0,0,0,1,0,0,0,1,1,0
2019-20,33,Tamilnadu,3304,VELLORE,330405,"WALAJA WEST",29,"Private Unaided (Recognized)",3,"HSS (I-XII)",6,M.Phil,6,None,0,0,0,0,0,0,0,1,0,0,0,0,1,0,0,0,0,0,2,1,1
2019-20,33,Tamilnadu,3304,VELLORE,330413,KATPADI,29,"Private Unaided (Recognized)",3,"HSS (I-XII)",6,M.Phil,6,None,0,0,0,0,0,0,0,1,0,0,0,0,1,0,2,1,0,1,6,3,3
2019-20,33,Tamilnadu,3304,VELLORE,330420,JOLARPET,29,"Private Unaided (Recognized)",3,"HSS (I-XII)",6,M.Phil,6,None,0,0,0,0,0,1,0,0,0,0,0,0,0,0,0,0,0,0,1,0,1
2019-20,33,Tamilnadu,3304,VELLORE,330405,"WALAJA WEST",29,"Private Unaided (Recognized)",5,"HSS (VI-XII)",6,M.Phil,6,None,0,0,0,0,0,0,0,0,0,0,0,0,0,0,1,0,0,0,1,1,0
2019-20,33,Tamilnadu,3304,VELLORE,330405,"WALAJA WEST",29,"Private Unaided (Recognized)",6,"SS (I-X)",6,M.Phil,6,None,0,0,0,0,0,1,0,0,0,0,0,0,0,0,0,0,0,0,1,0,1
2019-20,33,Tamilnadu,3304,VELLORE,330409,"VELLORE RURAL",29,"Private Unaided (Recognized)",6,"SS (I-X)",6,M.Phil,6,None,0,0,0,0,0,0,0,0,0,0,0,1,1,0,0,0,0,0,2,1,1
2019-20,33,Tamilnadu,3304,VELLORE,330412,ANAICUT,29,"Private Unaided (Recognized)",6,"SS (I-X)",6,M.Phil,6,None,0,0,0,0,0,0,0,0,0,0,0,0,0,1,0,0,0,0,1,0,1
2019-20,33,Tamilnadu,3304,VELLORE,330413,KATPADI,29,"Private Unaided (Recognized)",6,"SS (I-X)",6,M.Phil,6,None,0,0,0,0,0,1,0,0,0,0,0,0,0,1,0,0,0,0,2,0,2
2019-20,33,Tamilnadu,3304,VELLORE,330414,K.V.KUPPAM,29,"Private Unaided (Recognized)",6,"SS (I-X)",6,M.Phil,6,None,0,0,0,0,0,0,0,0,0,0,0,0,0,1,0,0,0,0,1,0,1
2019-20,33,Tamilnadu,3304,VELLORE,330420,JOLARPET,29,"Private Unaided (Recognized)",6,"SS (I-X)",6,M.Phil,6,None,0,0,0,0,0,0,0,0,0,0,0,0,2,2,0,0,0,0,4,2,2
2019-20,33,Tamilnadu,3304,VELLORE,330407,TIMIRI,29,"Private Unaided (Recognized)",7,"SS (VI-X)",6,M.Phil,6,None,0,0,0,0,0,0,0,0,1,0,0,0,0,0,0,0,0,0,1,1,0
2019-20,33,Tamilnadu,3304,VELLORE,330405,"WALAJA WEST",29,"Private Unaided (Recognized)",3,"HSS (I-XII)",7,Ph.D,3,"B.Ed. or equivalent",0,0,0,0,0,0,0,0,0,0,0,0,0,0,0,1,0,0,1,0,1
2019-20,33,Tamilnadu,3304,VELLORE,330413,KATPADI,29,"Private Unaided (Recognized)",3,"HSS (I-XII)",7,Ph.D,3,"B.Ed. or equivalent",0,0,0,0,0,0,0,0,0,0,0,0,0,2,0,1,0,0,3,0,3
2019-20,33,Tamilnadu,3304,VELLORE,330405,"WALAJA WEST",29,"Private Unaided (Recognized)",3,"HSS (I-XII)",7,Ph.D,4,"M.Ed. or equivalent",0,0,0,0,0,0,0,0,0,0,0,0,1,0,0,0,0,0,1,1,0
2019-20,33,Tamilnadu,3304,VELLORE,330420,JOLARPET,29,"Private Unaided (Recognized)",3,"HSS (I-XII)",7,Ph.D,5,Others,0,0,0,0,0,0,0,0,0,0,0,0,0,0,1,0,0,0,1,1,0
2019-20,33,Tamilnadu,3304,VELLORE,330405,"WALAJA WEST",29,"Private Unaided (Recognized)",3,"HSS (I-XII)",8,"Post Doctoral",3,"B.Ed. or equivalent",0,0,0,0,0,0,0,0,0,0,0,1,0,0,0,0,0,0,1,0,1
2019-20,33,Tamilnadu,3304,VELLORE,330414,K.V.KUPPAM,29,"Private Unaided (Recognized)",3,"HSS (I-XII)",8,"Post Doctoral",3,"B.Ed. or equivalent",0,0,0,0,0,0,0,0,1,0,0,0,0,0,0,0,0,0,1,1,0
2019-20,33,Tamilnadu,3304,VELLORE,330413,KATPADI,29,"Private Unaided (Recognized)",3,"HSS (I-XII)",8,"Post Doctoral",5,Others,0,0,0,0,0,0,0,1,0,0,0,0,0,0,0,0,0,0,1,0,1
2019-20,33,Tamilnadu,3304,VELLORE,330401,ARAKKONAM,30,"Railway School",6,"SS (I-X)",4,Graduate,3,"B.Ed. or equivalent",0,0,0,0,0,0,0,1,0,0,0,1,0,1,0,0,0,0,3,0,3
2019-20,33,Tamilnadu,3304,VELLORE,330401,ARAKKONAM,30,"Railway School",6,"SS (I-X)",4,Graduate,6,None,0,0,0,0,0,0,0,0,0,0,0,1,0,0,0,0,0,0,1,0,1
2019-20,33,Tamilnadu,3304,VELLORE,330401,ARAKKONAM,30,"Railway School",6,"SS (I-X)",5,"Post graduate",3,"B.Ed. or equivalent",0,0,0,0,0,0,0,3,0,0,0,1,0,0,0,0,0,0,4,0,4
2019-20,33,Tamilnadu,3304,VELLORE,330401,ARAKKONAM,30,"Railway School",6,"SS (I-X)",6,M.Phil,3,"B.Ed. or equivalent",0,0,0,0,0,0,0,1,0,0,0,1,0,0,0,0,0,0,2,0,2
2019-20,33,Tamilnadu,3304,VELLORE,330417,MADHANUR,21,"Social welfare Department",3,"HSS (I-XII)",3,"Higher secondary",3,"B.Ed. or equivalent",0,0,0,0,0,0,3,0,0,0,0,0,0,0,0,0,0,0,3,3,0
2019-20,33,Tamilnadu,3304,VELLORE,330417,MADHANUR,21,"Social welfare Department",3,"HSS (I-XII)",3,"Higher secondary",5,Others,0,0,0,0,0,0,0,0,0,0,0,0,0,0,0,0,0,1,1,0,1
2019-20,33,Tamilnadu,3304,VELLORE,330410,"VELLORE URBAN",21,"Social welfare Department",2,"UPS (I-VIII)",4,Graduate,3,"B.Ed. or equivalent",0,0,0,0,0,0,0,1,0,0,0,0,0,0,0,0,0,0,1,0,1
2019-20,33,Tamilnadu,3304,VELLORE,330410,"VELLORE URBAN",21,"Social welfare Department",2,"UPS (I-VIII)",4,Graduate,4,"M.Ed. or equivalent",0,0,0,0,0,0,1,0,0,0,0,0,0,0,0,0,0,0,1,1,0
2019-20,33,Tamilnadu,3304,VELLORE,330410,"VELLORE URBAN",21,"Social welfare Department",2,"UPS (I-VIII)",5,"Post graduate",3,"B.Ed. or equivalent",0,0,0,0,0,0,1,2,0,0,0,0,0,0,0,0,0,0,3,1,2
2019-20,33,Tamilnadu,3304,VELLORE,330417,MADHANUR,21,"Social welfare Department",3,"HSS (I-XII)",5,"Post graduate",3,"B.Ed. or equivalent",0,0,0,0,0,0,1,0,0,0,0,0,0,1,0,0,0,0,2,1,1
2019-20,33,Tamilnadu,3304,VELLORE,330417,MADHANUR,21,"Social welfare Department",3,"HSS (I-XII)",6,M.Phil,3,"B.Ed. or equivalent",0,0,0,0,0,0,0,0,0,0,0,0,1,0,0,0,0,0,1,1,0
2019-20,33,Tamilnadu,3304,VELLORE,330406,"WALAJA EAST",31,"Social welfare Department",2,"UPS (I-VIII)",3,"Higher secondary",4,"M.Ed. or equivalent",0,0,0,0,0,0,0,0,1,0,0,0,0,0,0,0,0,0,1,1,0
2019-20,33,Tamilnadu,3304,VELLORE,330406,"WALAJA EAST",31,"Social welfare Department",2,"UPS (I-VIII)",4,Graduate,3,"B.Ed. or equivalent",0,0,0,0,0,0,0,0,0,2,0,0,0,0,0,0,0,0,2,0,2
2019-20,33,Tamilnadu,3304,VELLORE,330406,"WALAJA EAST",31,"Social welfare Department",2,"UPS (I-VIII)",5,"Post graduate",3,"B.Ed. or equivalent",0,0,0,0,0,0,0,0,0,2,0,0,0,0,0,0,0,0,2,0,2
2019-20,33,Tamilnadu,3304,VELLORE,330401,ARAKKONAM,4,"Tribal Welfare Department",1,"PS (I-V)",1,"Below Secondary",1,"Diploma or certificate in basic teachers training of a duration not less than two years",0,0,0,0,0,1,0,0,0,0,0,0,0,0,0,0,0,0,1,0,1
2019-20,33,Tamilnadu,3304,VELLORE,330402,NEMILI,4,"Tribal Welfare Department",1,"PS (I-V)",1,"Below Secondary",1,"Diploma or certificate in basic teachers training of a duration not less than two years",0,0,0,0,0,1,0,0,0,0,0,0,0,0,0,0,0,0,1,0,1
2019-20,33,Tamilnadu,3304,VELLORE,330406,"WALAJA EAST",4,"Tribal Welfare Department",1,"PS (I-V)",1,"Below Secondary",1,"Diploma or certificate in basic teachers training of a duration not less than two years",0,0,0,0,0,1,0,0,0,0,0,0,0,0,0,0,0,0,1,0,1
2019-20,33,Tamilnadu,3304,VELLORE,330409,"VELLORE RURAL",4,"Tribal Welfare Department",1,"PS (I-V)",1,"Below Secondary",1,"Diploma or certificate in basic teachers training of a duration not less than two years",0,0,0,0,0,1,0,0,0,0,0,0,0,0,0,0,0,0,1,0,1
2019-20,33,Tamilnadu,3304,VELLORE,330414,K.V.KUPPAM,4,"Tribal Welfare Department",1,"PS (I-V)",1,"Below Secondary",1,"Diploma or certificate in basic teachers training of a duration not less than two years",0,0,0,0,0,2,0,0,0,0,0,0,0,0,0,0,0,0,2,0,2
2019-20,33,Tamilnadu,3304,VELLORE,330416,PERNAMBUT,4,"Tribal Welfare Department",1,"PS (I-V)",1,"Below Secondary",1,"Diploma or certificate in basic teachers training of a duration not less than two years",0,0,0,0,1,0,0,0,0,0,0,0,0,0,0,0,0,0,1,1,0
2019-20,33,Tamilnadu,3304,VELLORE,330409,"VELLORE RURAL",4,"Tribal Welfare Department",2,"UPS (I-VIII)",1,"Below Secondary",1,"Diploma or certificate in basic teachers training of a duration not less than two years",0,0,0,0,0,1,0,0,0,0,0,0,0,0,0,0,0,0,1,0,1
2019-20,33,Tamilnadu,3304,VELLORE,330414,K.V.KUPPAM,4,"Tribal Welfare Department",2,"UPS (I-VIII)",1,"Below Secondary",1,"Diploma or certificate in basic teachers training of a duration not less than two years",0,0,0,0,0,1,0,0,0,0,0,0,0,0,0,0,0,0,1,0,1
2019-20,33,Tamilnadu,3304,VELLORE,330401,ARAKKONAM,4,"Tribal Welfare Department",5,"HSS (VI-XII)",1,"Below Secondary",5,Others,0,0,0,0,0,0,0,0,0,1,0,0,0,0,0,0,1,0,2,1,1
2019-20,33,Tamilnadu,3304,VELLORE,330418,ALANGAYAM,4,"Tribal Welfare Department",7,"SS (VI-X)",1,"Below Secondary",5,Others,0,0,0,0,0,0,0,0,0,0,0,0,0,2,0,0,0,0,2,0,2
2019-20,33,Tamilnadu,3304,VELLORE,330414,K.V.KUPPAM,4,"Tribal Welfare Department",5,"HSS (VI-XII)",1,"Below Secondary",6,None,0,0,0,0,0,0,0,0,0,0,1,0,0,0,0,0,0,0,1,1,0
2019-20,33,Tamilnadu,3304,VELLORE,330402,NEMILI,4,"Tribal Welfare Department",1,"PS (I-V)",3,"Higher secondary",1,"Diploma or certificate in basic teachers training of a duration not less than two years",0,0,0,0,1,1,0,0,0,0,0,0,0,0,0,0,0,0,2,1,1
2019-20,33,Tamilnadu,3304,VELLORE,330403,KAVERIPAKKAM,4,"Tribal Welfare Department",1,"PS (I-V)",3,"Higher secondary",1,"Diploma or certificate in basic teachers training of a duration not less than two years",0,0,0,0,2,4,0,0,0,0,0,0,0,0,0,0,0,0,6,2,4
2019-20,33,Tamilnadu,3304,VELLORE,330404,SHOLINGAR,4,"Tribal Welfare Department",1,"PS (I-V)",3,"Higher secondary",1,"Diploma or certificate in basic teachers training of a duration not less than two years",0,0,0,0,1,1,0,0,0,0,0,0,0,0,0,0,0,0,2,1,1
2019-20,33,Tamilnadu,3304,VELLORE,330409,"VELLORE RURAL",4,"Tribal Welfare Department",1,"PS (I-V)",3,"Higher secondary",1,"Diploma or certificate in basic teachers training of a duration not less than two years",0,0,0,0,0,2,0,0,0,0,0,0,0,0,0,0,0,0,2,0,2
2019-20,33,Tamilnadu,3304,VELLORE,330411,KANIYAMBADI,4,"Tribal Welfare Department",1,"PS (I-V)",3,"Higher secondary",1,"Diploma or certificate in basic teachers training of a duration not less than two years",0,0,0,0,0,5,0,0,0,0,0,0,0,0,0,0,0,0,5,0,5
2019-20,33,Tamilnadu,3304,VELLORE,330412,ANAICUT,4,"Tribal Welfare Department",1,"PS (I-V)",3,"Higher secondary",1,"Diploma or certificate in basic teachers training of a duration not less than two years",0,0,0,0,1,1,0,0,0,0,0,0,0,0,0,0,0,0,2,1,1
2019-20,33,Tamilnadu,3304,VELLORE,330414,K.V.KUPPAM,4,"Tribal Welfare Department",1,"PS (I-V)",3,"Higher secondary",1,"Diploma or certificate in basic teachers training of a duration not less than two years",0,0,0,0,1,1,0,0,0,0,0,0,0,0,0,0,0,0,2,1,1
2019-20,33,Tamilnadu,3304,VELLORE,330415,GUDIYATHAM,4,"Tribal Welfare Department",1,"PS (I-V)",3,"Higher secondary",1,"Diploma or certificate in basic teachers training of a duration not less than two years",0,0,0,0,1,2,0,0,0,0,0,0,0,0,0,0,0,0,3,1,2
2019-20,33,Tamilnadu,3304,VELLORE,330418,ALANGAYAM,4,"Tribal Welfare Department",1,"PS (I-V)",3,"Higher secondary",1,"Diploma or certificate in basic teachers training of a duration not less than two years",0,0,0,0,0,1,0,0,0,0,0,0,0,0,0,0,0,0,1,0,1
2019-20,33,Tamilnadu,3304,VELLORE,330421,THIRUPATTUR,4,"Tribal Welfare Department",1,"PS (I-V)",3,"Higher secondary",1,"Diploma or certificate in basic teachers training of a duration not less than two years",0,0,0,0,0,2,0,0,0,0,0,0,0,0,0,0,0,0,2,0,2
2019-20,33,Tamilnadu,3304,VELLORE,330408,ARCOT,4,"Tribal Welfare Department",2,"UPS (I-VIII)",3,"Higher secondary",1,"Diploma or certificate in basic teachers training of a duration not less than two years",0,0,0,0,0,1,0,0,0,0,0,0,0,0,0,0,0,0,1,0,1
2019-20,33,Tamilnadu,3304,VELLORE,330412,ANAICUT,4,"Tribal Welfare Department",2,"UPS (I-VIII)",3,"Higher secondary",1,"Diploma or certificate in basic teachers training of a duration not less than two years",0,0,0,0,0,1,0,0,0,0,0,0,0,0,0,0,0,0,1,0,1
2019-20,33,Tamilnadu,3304,VELLORE,330414,K.V.KUPPAM,4,"Tribal Welfare Department",2,"UPS (I-VIII)",3,"Higher secondary",1,"Diploma or certificate in basic teachers training of a duration not less than two years",0,0,0,0,1,0,0,0,0,0,0,0,0,0,0,0,0,0,1,1,0
2019-20,33,Tamilnadu,3304,VELLORE,330416,PERNAMBUT,4,"Tribal Welfare Department",2,"UPS (I-VIII)",3,"Higher secondary",1,"Diploma or certificate in basic teachers training of a duration not less than two years",0,0,0,0,0,2,0,0,0,0,0,0,0,0,0,0,0,0,2,0,2
2019-20,33,Tamilnadu,3304,VELLORE,330417,MADHANUR,4,"Tribal Welfare Department",2,"UPS (I-VIII)",3,"Higher secondary",1,"Diploma or certificate in basic teachers training of a duration not less than two years",0,0,0,0,0,1,0,0,0,0,0,0,0,0,0,0,0,0,1,0,1
2019-20,33,Tamilnadu,3304,VELLORE,330403,KAVERIPAKKAM,4,"Tribal Welfare Department",1,"PS (I-V)",3,"Higher secondary",3,"B.Ed. or equivalent",0,0,0,0,0,1,0,0,0,0,0,0,0,0,0,0,0,0,1,0,1
2019-20,33,Tamilnadu,3304,VELLORE,330401,ARAKKONAM,4,"Tribal Welfare Department",5,"HSS (VI-XII)",3,"Higher secondary",3,"B.Ed. or equivalent",0,0,0,0,0,0,0,0,0,2,0,0,0,0,0,0,0,0,2,0,2
2019-20,33,Tamilnadu,3304,VELLORE,330415,GUDIYATHAM,4,"Tribal Welfare Department",7,"SS (VI-X)",3,"Higher secondary",3,"B.Ed. or equivalent",0,0,0,0,0,0,0,0,0,0,0,1,0,0,0,0,0,0,1,0,1
2019-20,33,Tamilnadu,3304,VELLORE,330416,PERNAMBUT,4,"Tribal Welfare Department",5,"HSS (VI-XII)",3,"Higher secondary",4,"M.Ed. or equivalent",0,0,0,0,0,0,0,0,1,0,0,0,0,0,0,0,0,0,1,1,0
2019-20,33,Tamilnadu,3304,VELLORE,330402,NEMILI,4,"Tribal Welfare Department",7,"SS (VI-X)",3,"Higher secondary",4,"M.Ed. or equivalent",0,0,0,0,0,0,0,0,1,0,0,0,0,0,0,0,0,0,1,1,0
2019-20,33,Tamilnadu,3304,VELLORE,330401,ARAKKONAM,4,"Tribal Welfare Department",5,"HSS (VI-XII)",3,"Higher secondary",5,Others,0,0,0,0,0,0,0,0,0,1,0,0,0,0,0,0,1,0,2,1,1
2019-20,33,Tamilnadu,3304,VELLORE,330414,K.V.KUPPAM,4,"Tribal Welfare Department",5,"HSS (VI-XII)",3,"Higher secondary",5,Others,0,0,0,0,0,0,0,0,1,1,0,0,0,0,0,0,0,0,2,1,1
2019-20,33,Tamilnadu,3304,VELLORE,330402,NEMILI,4,"Tribal Welfare Department",7,"SS (VI-X)",3,"Higher secondary",5,Others,0,0,0,0,0,0,0,0,1,1,0,0,0,0,0,0,0,0,2,1,1
2019-20,33,Tamilnadu,3304,VELLORE,330401,ARAKKONAM,4,"Tribal Welfare Department",1,"PS (I-V)",4,Graduate,1,"Diploma or certificate in basic teachers training of a duration not less than two years",0,0,0,0,0,2,0,0,0,0,0,0,0,0,0,0,0,0,2,0,2
2019-20,33,Tamilnadu,3304,VELLORE,330402,NEMILI,4,"Tribal Welfare Department",1,"PS (I-V)",4,Graduate,1,"Diploma or certificate in basic teachers training of a duration not less than two years",0,0,0,0,1,2,0,0,0,0,0,0,0,0,0,0,0,0,3,1,2
2019-20,33,Tamilnadu,3304,VELLORE,330403,KAVERIPAKKAM,4,"Tribal Welfare Department",1,"PS (I-V)",4,Graduate,1,"Diploma or certificate in basic teachers training of a duration not less than two years",0,0,0,0,1,1,0,0,0,0,0,0,0,0,0,0,0,0,2,1,1
2019-20,33,Tamilnadu,3304,VELLORE,330404,SHOLINGAR,4,"Tribal Welfare Department",1,"PS (I-V)",4,Graduate,1,"Diploma or certificate in basic teachers training of a duration not less than two years",0,0,0,0,0,2,0,0,0,0,0,0,0,0,0,0,0,0,2,0,2
2019-20,33,Tamilnadu,3304,VELLORE,330405,"WALAJA WEST",4,"Tribal Welfare Department",1,"PS (I-V)",4,Graduate,1,"Diploma or certificate in basic teachers training of a duration not less than two years",0,0,0,0,1,3,0,0,0,0,0,0,0,0,0,0,0,0,4,1,3
2019-20,33,Tamilnadu,3304,VELLORE,330406,"WALAJA EAST",4,"Tribal Welfare Department",1,"PS (I-V)",4,Graduate,1,"Diploma or certificate in basic teachers training of a duration not less than two years",0,0,0,0,0,1,0,0,0,0,0,0,0,0,0,0,0,0,1,0,1
2019-20,33,Tamilnadu,3304,VELLORE,330407,TIMIRI,4,"Tribal Welfare Department",1,"PS (I-V)",4,Graduate,1,"Diploma or certificate in basic teachers training of a duration not less than two years",0,0,0,0,0,1,0,0,0,0,0,0,0,0,0,0,0,0,1,0,1
2019-20,33,Tamilnadu,3304,VELLORE,330408,ARCOT,4,"Tribal Welfare Department",1,"PS (I-V)",4,Graduate,1,"Diploma or certificate in basic teachers training of a duration not less than two years",0,0,0,0,1,0,0,0,0,0,0,0,0,0,0,0,0,0,1,1,0
2019-20,33,Tamilnadu,3304,VELLORE,330409,"VELLORE RURAL",4,"Tribal Welfare Department",1,"PS (I-V)",4,Graduate,1,"Diploma or certificate in basic teachers training of a duration not less than two years",0,0,0,0,0,5,0,0,0,0,0,0,0,0,0,0,0,0,5,0,5
2019-20,33,Tamilnadu,3304,VELLORE,330411,KANIYAMBADI,4,"Tribal Welfare Department",1,"PS (I-V)",4,Graduate,1,"Diploma or certificate in basic teachers training of a duration not less than two years",0,0,0,0,1,5,0,0,0,0,0,0,0,0,0,0,0,0,6,1,5
2019-20,33,Tamilnadu,3304,VELLORE,330412,ANAICUT,4,"Tribal Welfare Department",1,"PS (I-V)",4,Graduate,1,"Diploma or certificate in basic teachers training of a duration not less than two years",0,0,0,0,0,2,0,0,0,0,0,0,0,0,0,0,0,0,2,0,2
2019-20,33,Tamilnadu,3304,VELLORE,330413,KATPADI,4,"Tribal Welfare Department",1,"PS (I-V)",4,Graduate,1,"Diploma or certificate in basic teachers training of a duration not less than two years",0,0,0,0,0,2,0,0,0,0,0,0,0,0,0,0,0,0,2,0,2
2019-20,33,Tamilnadu,3304,VELLORE,330414,K.V.KUPPAM,4,"Tribal Welfare Department",1,"PS (I-V)",4,Graduate,1,"Diploma or certificate in basic teachers training of a duration not less than two years",0,0,0,0,1,2,0,0,0,0,0,0,0,0,0,0,0,0,3,1,2
2019-20,33,Tamilnadu,3304,VELLORE,330415,GUDIYATHAM,4,"Tribal Welfare Department",1,"PS (I-V)",4,Graduate,1,"Diploma or certificate in basic teachers training of a duration not less than two years",0,0,0,0,1,1,0,0,0,0,0,0,0,0,0,0,0,0,2,1,1
2019-20,33,Tamilnadu,3304,VELLORE,330416,PERNAMBUT,4,"Tribal Welfare Department",1,"PS (I-V)",4,Graduate,1,"Diploma or certificate in basic teachers training of a duration not less than two years",0,0,0,0,1,0,0,0,0,0,0,0,0,0,0,0,0,0,1,1,0
2019-20,33,Tamilnadu,3304,VELLORE,330417,MADHANUR,4,"Tribal Welfare Department",1,"PS (I-V)",4,Graduate,1,"Diploma or certificate in basic teachers training of a duration not less than two years",0,0,0,0,1,0,0,0,0,0,0,0,0,0,0,0,0,0,1,1,0
2019-20,33,Tamilnadu,3304,VELLORE,330421,THIRUPATTUR,4,"Tribal Welfare Department",1,"PS (I-V)",4,Graduate,1,"Diploma or certificate in basic teachers training of a duration not less than two years",0,0,0,0,0,1,0,0,0,0,0,0,0,0,0,0,0,0,1,0,1
2019-20,33,Tamilnadu,3304,VELLORE,330422,KANDHILI,4,"Tribal Welfare Department",1,"PS (I-V)",4,Graduate,1,"Diploma or certificate in basic teachers training of a duration not less than two years",0,0,0,0,2,1,0,0,0,0,0,0,0,0,0,0,0,0,3,2,1
2019-20,33,Tamilnadu,3304,VELLORE,330403,KAVERIPAKKAM,4,"Tribal Welfare Department",1,"PS (I-V)",4,Graduate,3,"B.Ed. or equivalent",0,0,0,0,2,2,0,0,0,0,0,0,0,0,0,0,0,0,4,2,2
2019-20,33,Tamilnadu,3304,VELLORE,330401,ARAKKONAM,4,"Tribal Welfare Department",1,"PS (I-V)",4,Graduate,3,"B.Ed. or equivalent",0,0,0,0,0,2,0,0,0,0,0,0,0,0,0,0,0,0,2,0,2
2019-20,33,Tamilnadu,3304,VELLORE,330402,NEMILI,4,"Tribal Welfare Department",1,"PS (I-V)",4,Graduate,3,"B.Ed. or equivalent",0,0,0,0,0,2,0,0,0,0,0,0,0,0,0,0,0,0,2,0,2
2019-20,33,Tamilnadu,3304,VELLORE,330413,KATPADI,4,"Tribal Welfare Department",2,"UPS (I-VIII)",4,Graduate,1,"Diploma or certificate in basic teachers training of a duration not less than two years",0,0,0,0,0,1,0,0,0,0,0,0,0,0,0,0,0,0,1,0,1
2019-20,33,Tamilnadu,3304,VELLORE,330417,MADHANUR,4,"Tribal Welfare Department",2,"UPS (I-VIII)",4,Graduate,1,"Diploma or certificate in basic teachers training of a duration not less than two years",0,0,0,0,0,2,0,0,0,0,0,0,0,0,0,0,0,0,2,0,2
2019-20,33,Tamilnadu,3304,VELLORE,330404,SHOLINGAR,4,"Tribal Welfare Department",1,"PS (I-V)",4,Graduate,3,"B.Ed. or equivalent",0,0,0,0,0,1,0,0,0,0,0,0,0,0,0,0,0,0,1,0,1
2019-20,33,Tamilnadu,3304,VELLORE,330408,ARCOT,4,"Tribal Welfare Department",1,"PS (I-V)",4,Graduate,3,"B.Ed. or equivalent",0,0,0,0,0,1,0,0,0,0,0,0,0,0,0,0,0,0,1,0,1
2019-20,33,Tamilnadu,3304,VELLORE,330409,"VELLORE RURAL",4,"Tribal Welfare Department",1,"PS (I-V)",4,Graduate,3,"B.Ed. or equivalent",0,0,0,0,0,4,0,0,0,0,0,0,0,0,0,0,0,0,4,0,4
2019-20,33,Tamilnadu,3304,VELLORE,330411,KANIYAMBADI,4,"Tribal Welfare Department",1,"PS (I-V)",4,Graduate,3,"B.Ed. or equivalent",0,0,0,0,0,1,0,0,0,0,0,0,0,0,0,0,0,0,1,0,1
2019-20,33,Tamilnadu,3304,VELLORE,330414,K.V.KUPPAM,4,"Tribal Welfare Department",1,"PS (I-V)",4,Graduate,3,"B.Ed. or equivalent",0,0,0,0,1,2,0,0,0,0,0,0,0,0,0,0,0,0,3,1,2
2019-20,33,Tamilnadu,3304,VELLORE,330415,GUDIYATHAM,4,"Tribal Welfare Department",1,"PS (I-V)",4,Graduate,3,"B.Ed. or equivalent",0,0,0,0,2,0,0,0,0,0,0,0,0,0,0,0,0,0,2,2,0
2019-20,33,Tamilnadu,3304,VELLORE,330416,PERNAMBUT,4,"Tribal Welfare Department",1,"PS (I-V)",4,Graduate,3,"B.Ed. or equivalent",0,0,0,0,0,1,0,0,0,0,0,0,0,0,0,0,0,0,1,0,1
2019-20,33,Tamilnadu,3304,VELLORE,330418,ALANGAYAM,4,"Tribal Welfare Department",1,"PS (I-V)",4,Graduate,3,"B.Ed. or equivalent",0,0,0,0,0,1,0,0,0,0,0,0,0,0,0,0,0,0,1,0,1
2019-20,33,Tamilnadu,3304,VELLORE,330422,KANDHILI,4,"Tribal Welfare Department",1,"PS (I-V)",4,Graduate,3,"B.Ed. or equivalent",0,0,0,0,0,2,0,0,0,0,0,0,0,0,0,0,0,0,2,0,2
2019-20,33,Tamilnadu,3304,VELLORE,330408,ARCOT,4,"Tribal Welfare Department",2,"UPS (I-VIII)",4,Graduate,3,"B.Ed. or equivalent",0,0,0,0,0,1,0,0,0,0,0,0,0,0,0,0,0,0,1,0,1
2019-20,33,Tamilnadu,3304,VELLORE,330409,"VELLORE RURAL",4,"Tribal Welfare Department",2,"UPS (I-VIII)",4,Graduate,3,"B.Ed. or equivalent",0,0,0,0,0,2,0,0,2,0,0,0,0,0,0,0,0,0,4,2,2
2019-20,33,Tamilnadu,3304,VELLORE,330416,PERNAMBUT,4,"Tribal Welfare Department",2,"UPS (I-VIII)",4,Graduate,3,"B.Ed. or equivalent",0,0,0,0,0,1,0,0,1,0,0,0,0,0,0,0,0,0,2,1,1
2019-20,33,Tamilnadu,3304,VELLORE,330417,MADHANUR,4,"Tribal Welfare Department",2,"UPS (I-VIII)",4,Graduate,3,"B.Ed. or equivalent",0,0,0,0,0,0,0,0,1,0,0,0,0,0,0,0,0,0,1,1,0
2019-20,33,Tamilnadu,3304,VELLORE,330401,ARAKKONAM,4,"Tribal Welfare Department",5,"HSS (VI-XII)",4,Graduate,3,"B.Ed. or equivalent",0,0,0,0,0,0,0,0,0,0,0,0,0,2,0,0,0,0,2,0,2
2019-20,33,Tamilnadu,3304,VELLORE,330406,"WALAJA EAST",4,"Tribal Welfare Department",5,"HSS (VI-XII)",4,Graduate,3,"B.Ed. or equivalent",0,0,0,0,0,0,0,0,0,3,0,0,0,4,0,0,0,3,10,0,10
2019-20,33,Tamilnadu,3304,VELLORE,330409,"VELLORE RURAL",4,"Tribal Welfare Department",5,"HSS (VI-XII)",4,Graduate,3,"B.Ed. or equivalent",0,0,0,0,0,0,0,0,0,3,0,0,1,0,0,1,0,0,5,1,4
2019-20,33,Tamilnadu,3304,VELLORE,330414,K.V.KUPPAM,4,"Tribal Welfare Department",5,"HSS (VI-XII)",4,Graduate,3,"B.Ed. or equivalent",0,0,0,0,0,0,0,0,0,0,1,1,0,0,0,0,0,0,2,1,1
2019-20,33,Tamilnadu,3304,VELLORE,330416,PERNAMBUT,4,"Tribal Welfare Department",5,"HSS (VI-XII)",4,Graduate,3,"B.Ed. or equivalent",0,0,0,0,0,0,0,0,0,1,0,0,0,0,0,0,0,0,1,0,1
2019-20,33,Tamilnadu,3304,VELLORE,330401,ARAKKONAM,4,"Tribal Welfare Department",7,"SS (VI-X)",4,Graduate,3,"B.Ed. or equivalent",0,0,0,0,0,0,0,0,0,0,0,0,1,1,0,0,0,0,2,1,1
2019-20,33,Tamilnadu,3304,VELLORE,330403,KAVERIPAKKAM,4,"Tribal Welfare Department",7,"SS (VI-X)",4,Graduate,3,"B.Ed. or equivalent",0,0,0,0,0,0,0,0,0,1,1,0,0,0,0,0,0,0,2,1,1
2019-20,33,Tamilnadu,3304,VELLORE,330412,ANAICUT,4,"Tribal Welfare Department",7,"SS (VI-X)",4,Graduate,3,"B.Ed. or equivalent",0,0,0,0,0,0,0,0,1,0,1,0,0,0,0,0,0,0,2,2,0
2019-20,33,Tamilnadu,3304,VELLORE,330414,K.V.KUPPAM,4,"Tribal Welfare Department",7,"SS (VI-X)",4,Graduate,3,"B.Ed. or equivalent",0,0,0,0,0,0,0,0,0,0,0,1,0,0,0,0,0,0,1,0,1
2019-20,33,Tamilnadu,3304,VELLORE,330415,GUDIYATHAM,4,"Tribal Welfare Department",7,"SS (VI-X)",4,Graduate,3,"B.Ed. or equivalent",0,0,0,0,0,0,0,0,0,0,0,0,1,0,0,0,0,0,1,1,0
2019-20,33,Tamilnadu,3304,VELLORE,330418,ALANGAYAM,4,"Tribal Welfare Department",7,"SS (VI-X)",4,Graduate,3,"B.Ed. or equivalent",0,0,0,0,0,0,0,0,0,0,0,0,2,1,0,0,0,0,3,2,1
2019-20,33,Tamilnadu,3304,VELLORE,330401,ARAKKONAM,4,"Tribal Welfare Department",7,"SS (VI-X)",4,Graduate,4,"M.Ed. or equivalent",0,0,0,0,0,0,0,0,0,0,1,0,0,0,0,0,0,0,1,1,0
2019-20,33,Tamilnadu,3304,VELLORE,330401,ARAKKONAM,4,"Tribal Welfare Department",5,"HSS (VI-XII)",4,Graduate,5,Others,0,0,0,0,0,0,0,0,0,1,0,0,0,0,0,0,0,0,1,0,1
2019-20,33,Tamilnadu,3304,VELLORE,330409,"VELLORE RURAL",4,"Tribal Welfare Department",5,"HSS (VI-XII)",4,Graduate,5,Others,0,0,0,0,0,0,0,0,0,0,0,0,0,0,1,0,0,0,1,1,0
2019-20,33,Tamilnadu,3304,VELLORE,330406,"WALAJA EAST",4,"Tribal Welfare Department",5,"HSS (VI-XII)",4,Graduate,6,None,0,0,0,0,0,0,0,0,0,1,0,0,0,0,0,0,0,0,1,0,1
2019-20,33,Tamilnadu,3304,VELLORE,330409,"VELLORE RURAL",4,"Tribal Welfare Department",5,"HSS (VI-XII)",4,Graduate,6,None,0,0,0,0,0,0,0,0,0,1,0,0,0,0,0,0,0,0,1,0,1
2019-20,33,Tamilnadu,3304,VELLORE,330401,ARAKKONAM,4,"Tribal Welfare Department",1,"PS (I-V)",5,"Post graduate",1,"Diploma or certificate in basic teachers training of a duration not less than two years",0,0,0,0,2,4,0,0,0,0,0,0,0,0,0,0,0,0,6,2,4
2019-20,33,Tamilnadu,3304,VELLORE,330402,NEMILI,4,"Tribal Welfare Department",1,"PS (I-V)",5,"Post graduate",1,"Diploma or certificate in basic teachers training of a duration not less than two years",0,0,0,0,0,1,0,0,0,0,0,0,0,0,0,0,0,0,1,0,1
2019-20,33,Tamilnadu,3304,VELLORE,330403,KAVERIPAKKAM,4,"Tribal Welfare Department",1,"PS (I-V)",5,"Post graduate",1,"Diploma or certificate in basic teachers training of a duration not less than two years",0,0,0,0,0,1,0,0,0,0,0,0,0,0,0,0,0,0,1,0,1
2019-20,33,Tamilnadu,3304,VELLORE,330404,SHOLINGAR,4,"Tribal Welfare Department",1,"PS (I-V)",5,"Post graduate",1,"Diploma or certificate in basic teachers training of a duration not less than two years",0,0,0,0,2,0,0,0,0,0,0,0,0,0,0,0,0,0,2,2,0
2019-20,33,Tamilnadu,3304,VELLORE,330405,"WALAJA WEST",4,"Tribal Welfare Department",1,"PS (I-V)",5,"Post graduate",1,"Diploma or certificate in basic teachers training of a duration not less than two years",0,0,0,0,0,1,0,0,0,0,0,0,0,0,0,0,0,0,1,0,1
2019-20,33,Tamilnadu,3304,VELLORE,330407,TIMIRI,4,"Tribal Welfare Department",1,"PS (I-V)",5,"Post graduate",1,"Diploma or certificate in basic teachers training of a duration not less than two years",0,0,0,0,1,0,0,0,0,0,0,0,0,0,0,0,0,0,1,1,0
2019-20,33,Tamilnadu,3304,VELLORE,330412,ANAICUT,4,"Tribal Welfare Department",1,"PS (I-V)",5,"Post graduate",1,"Diploma or certificate in basic teachers training of a duration not less than two years",0,0,0,0,0,1,0,0,0,0,0,0,0,0,0,0,0,0,1,0,1
2019-20,33,Tamilnadu,3304,VELLORE,330414,K.V.KUPPAM,4,"Tribal Welfare Department",1,"PS (I-V)",5,"Post graduate",1,"Diploma or certificate in basic teachers training of a duration not less than two years",0,0,0,0,1,2,0,0,0,0,0,0,0,0,0,0,0,0,3,1,2
2019-20,33,Tamilnadu,3304,VELLORE,330415,GUDIYATHAM,4,"Tribal Welfare Department",1,"PS (I-V)",5,"Post graduate",1,"Diploma or certificate in basic teachers training of a duration not less than two years",0,0,0,0,1,1,0,0,0,0,0,0,0,0,0,0,0,0,2,1,1
2019-20,33,Tamilnadu,3304,VELLORE,330416,PERNAMBUT,4,"Tribal Welfare Department",1,"PS (I-V)",5,"Post graduate",1,"Diploma or certificate in basic teachers training of a duration not less than two years",0,0,0,0,0,1,0,0,0,0,0,0,0,0,0,0,0,0,1,0,1
2019-20,33,Tamilnadu,3304,VELLORE,330420,JOLARPET,4,"Tribal Welfare Department",1,"PS (I-V)",5,"Post graduate",1,"Diploma or certificate in basic teachers training of a duration not less than two years",0,0,0,0,0,1,0,0,0,0,0,0,0,0,0,0,0,0,1,0,1
2019-20,33,Tamilnadu,3304,VELLORE,330421,THIRUPATTUR,4,"Tribal Welfare Department",1,"PS (I-V)",5,"Post graduate",1,"Diploma or certificate in basic teachers training of a duration not less than two years",0,0,0,0,0,1,0,0,0,0,0,0,0,0,0,0,0,0,1,0,1
2019-20,33,Tamilnadu,3304,VELLORE,330422,KANDHILI,4,"Tribal Welfare Department",1,"PS (I-V)",5,"Post graduate",1,"Diploma or certificate in basic teachers training of a duration not less than two years",0,0,0,0,0,2,0,0,0,0,0,0,0,0,0,0,0,0,2,0,2
2019-20,33,Tamilnadu,3304,VELLORE,330413,KATPADI,4,"Tribal Welfare Department",2,"UPS (I-VIII)",5,"Post graduate",1,"Diploma or certificate in basic teachers training of a duration not less than two years",0,0,0,0,0,1,0,0,0,0,0,0,0,0,0,0,0,0,1,0,1
2019-20,33,Tamilnadu,3304,VELLORE,330417,MADHANUR,4,"Tribal Welfare Department",2,"UPS (I-VIII)",5,"Post graduate",1,"Diploma or certificate in basic teachers training of a duration not less than two years",0,0,0,0,0,1,0,0,0,0,0,0,0,0,0,0,0,0,1,0,1
2019-20,33,Tamilnadu,3304,VELLORE,330401,ARAKKONAM,4,"Tribal Welfare Department",1,"PS (I-V)",5,"Post graduate",3,"B.Ed. or equivalent",0,0,0,0,0,4,0,0,0,0,0,0,0,0,0,0,0,0,4,0,4
2019-20,33,Tamilnadu,3304,VELLORE,330402,NEMILI,4,"Tribal Welfare Department",1,"PS (I-V)",5,"Post graduate",3,"B.Ed. or equivalent",0,0,0,0,3,4,0,0,0,0,0,0,0,0,0,0,0,0,7,3,4
2019-20,33,Tamilnadu,3304,VELLORE,330403,KAVERIPAKKAM,4,"Tribal Welfare Department",1,"PS (I-V)",5,"Post graduate",3,"B.Ed. or equivalent",0,0,0,0,2,5,0,0,0,0,0,0,0,0,0,0,0,0,7,2,5
2019-20,33,Tamilnadu,3304,VELLORE,330404,SHOLINGAR,4,"Tribal Welfare Department",1,"PS (I-V)",5,"Post graduate",3,"B.Ed. or equivalent",0,0,0,0,0,2,0,0,0,0,0,0,0,0,0,0,0,0,2,0,2
2019-20,33,Tamilnadu,3304,VELLORE,330405,"WALAJA WEST",4,"Tribal Welfare Department",1,"PS (I-V)",5,"Post graduate",3,"B.Ed. or equivalent",0,0,0,0,2,5,0,0,0,0,0,0,0,0,0,0,0,0,7,2,5
2019-20,33,Tamilnadu,3304,VELLORE,330407,TIMIRI,4,"Tribal Welfare Department",1,"PS (I-V)",5,"Post graduate",3,"B.Ed. or equivalent",0,0,0,0,0,4,0,0,0,0,0,0,0,0,0,0,0,0,4,0,4
2019-20,33,Tamilnadu,3304,VELLORE,330408,ARCOT,4,"Tribal Welfare Department",1,"PS (I-V)",5,"Post graduate",3,"B.Ed. or equivalent",0,0,0,0,0,7,0,0,0,0,0,0,0,0,0,0,0,0,7,0,7
2019-20,33,Tamilnadu,3304,VELLORE,330409,"VELLORE RURAL",4,"Tribal Welfare Department",1,"PS (I-V)",5,"Post graduate",3,"B.Ed. or equivalent",0,0,0,0,2,6,0,0,0,0,0,0,0,0,0,0,0,0,8,2,6
2019-20,33,Tamilnadu,3304,VELLORE,330412,ANAICUT,4,"Tribal Welfare Department",1,"PS (I-V)",5,"Post graduate",3,"B.Ed. or equivalent",0,0,0,0,0,1,0,0,0,0,0,0,0,0,0,0,0,0,1,0,1
2019-20,33,Tamilnadu,3304,VELLORE,330414,K.V.KUPPAM,4,"Tribal Welfare Department",1,"PS (I-V)",5,"Post graduate",3,"B.Ed. or equivalent",0,0,0,0,3,4,0,0,0,0,0,0,0,0,0,0,0,0,7,3,4
2019-20,33,Tamilnadu,3304,VELLORE,330415,GUDIYATHAM,4,"Tribal Welfare Department",1,"PS (I-V)",5,"Post graduate",3,"B.Ed. or equivalent",0,0,0,0,1,6,0,0,0,0,0,0,0,0,0,0,0,0,7,1,6
2019-20,33,Tamilnadu,3304,VELLORE,330416,PERNAMBUT,4,"Tribal Welfare Department",1,"PS (I-V)",5,"Post graduate",3,"B.Ed. or equivalent",0,0,0,0,1,1,0,0,0,0,0,0,0,0,0,0,0,0,2,1,1
2019-20,33,Tamilnadu,3304,VELLORE,330418,ALANGAYAM,4,"Tribal Welfare Department",1,"PS (I-V)",5,"Post graduate",3,"B.Ed. or equivalent",0,0,0,0,1,0,0,0,0,0,0,0,0,0,0,0,0,0,1,1,0
2019-20,33,Tamilnadu,3304,VELLORE,330421,THIRUPATTUR,4,"Tribal Welfare Department",1,"PS (I-V)",5,"Post graduate",3,"B.Ed. or equivalent",0,0,0,0,1,2,0,0,0,0,0,0,0,0,0,0,0,0,3,1,2
2019-20,33,Tamilnadu,3304,VELLORE,330422,KANDHILI,4,"Tribal Welfare Department",1,"PS (I-V)",5,"Post graduate",3,"B.Ed. or equivalent",0,0,0,0,0,3,0,0,0,0,0,0,0,0,0,0,0,0,3,0,3
2019-20,33,Tamilnadu,3304,VELLORE,330408,ARCOT,4,"Tribal Welfare Department",2,"UPS (I-VIII)",5,"Post graduate",3,"B.Ed. or equivalent",0,0,0,0,1,3,0,0,1,2,0,0,0,0,0,0,0,0,7,2,5
2019-20,33,Tamilnadu,3304,VELLORE,330409,"VELLORE RURAL",4,"Tribal Welfare Department",2,"UPS (I-VIII)",5,"Post graduate",3,"B.Ed. or equivalent",0,0,0,0,1,3,1,0,2,0,0,0,0,0,0,0,0,0,7,4,3
2019-20,33,Tamilnadu,3304,VELLORE,330412,ANAICUT,4,"Tribal Welfare Department",2,"UPS (I-VIII)",5,"Post graduate",3,"B.Ed. or equivalent",0,0,0,0,0,2,0,0,0,0,0,0,0,0,0,0,0,0,2,0,2
2019-20,33,Tamilnadu,3304,VELLORE,330413,KATPADI,4,"Tribal Welfare Department",2,"UPS (I-VIII)",5,"Post graduate",3,"B.Ed. or equivalent",0,0,0,0,0,0,0,0,1,0,0,0,0,0,0,0,0,0,1,1,0
2019-20,33,Tamilnadu,3304,VELLORE,330416,PERNAMBUT,4,"Tribal Welfare Department",2,"UPS (I-VIII)",5,"Post graduate",3,"B.Ed. or equivalent",0,0,0,0,2,1,0,0,2,0,0,0,0,0,0,0,0,0,5,4,1
2019-20,33,Tamilnadu,3304,VELLORE,330417,MADHANUR,4,"Tribal Welfare Department",2,"UPS (I-VIII)",5,"Post graduate",3,"B.Ed. or equivalent",0,0,0,0,0,1,0,0,3,0,0,0,0,0,0,0,0,0,4,3,1
2019-20,33,Tamilnadu,3304,VELLORE,330401,ARAKKONAM,4,"Tribal Welfare Department",5,"HSS (VI-XII)",5,"Post graduate",3,"B.Ed. or equivalent",0,0,0,0,0,0,0,0,0,4,1,2,4,3,0,0,5,3,22,10,12
2019-20,33,Tamilnadu,3304,VELLORE,330406,"WALAJA EAST",4,"Tribal Welfare Department",5,"HSS (VI-XII)",5,"Post graduate",3,"B.Ed. or equivalent",0,0,0,0,0,0,0,0,0,1,0,0,1,1,0,0,1,1,5,2,3
2019-20,33,Tamilnadu,3304,VELLORE,330409,"VELLORE RURAL",4,"Tribal Welfare Department",5,"HSS (VI-XII)",5,"Post graduate",3,"B.Ed. or equivalent",0,0,0,0,0,0,0,0,0,1,1,0,3,1,0,0,2,2,10,6,4
2019-20,33,Tamilnadu,3304,VELLORE,330414,K.V.KUPPAM,4,"Tribal Welfare Department",5,"HSS (VI-XII)",5,"Post graduate",3,"B.Ed. or equivalent",0,0,0,0,0,0,0,0,1,0,1,2,0,0,1,0,2,0,7,5,2
2019-20,33,Tamilnadu,3304,VELLORE,330416,PERNAMBUT,4,"Tribal Welfare Department",5,"HSS (VI-XII)",5,"Post graduate",3,"B.Ed. or equivalent",0,0,0,0,0,0,0,0,1,1,0,1,3,2,3,0,2,2,15,9,6
2019-20,33,Tamilnadu,3304,VELLORE,330401,ARAKKONAM,4,"Tribal Welfare Department",7,"SS (VI-X)",5,"Post graduate",3,"B.Ed. or equivalent",0,0,0,0,0,0,0,0,0,1,0,0,0,0,0,0,0,0,1,0,1
2019-20,33,Tamilnadu,3304,VELLORE,330402,NEMILI,4,"Tribal Welfare Department",7,"SS (VI-X)",5,"Post graduate",3,"B.Ed. or equivalent",0,0,0,0,0,0,0,0,3,1,1,0,0,0,0,0,0,0,5,4,1
2019-20,33,Tamilnadu,3304,VELLORE,330403,KAVERIPAKKAM,4,"Tribal Welfare Department",7,"SS (VI-X)",5,"Post graduate",3,"B.Ed. or equivalent",0,0,0,0,0,0,0,0,0,1,2,1,0,0,0,0,0,0,4,2,2
2019-20,33,Tamilnadu,3304,VELLORE,330412,ANAICUT,4,"Tribal Welfare Department",7,"SS (VI-X)",5,"Post graduate",3,"B.Ed. or equivalent",0,0,0,0,0,0,0,0,0,0,1,0,1,0,0,0,0,0,2,2,0
2019-20,33,Tamilnadu,3304,VELLORE,330414,K.V.KUPPAM,4,"Tribal Welfare Department",7,"SS (VI-X)",5,"Post graduate",3,"B.Ed. or equivalent",0,0,0,0,0,0,0,0,0,0,1,0,0,0,0,0,0,0,1,1,0
2019-20,33,Tamilnadu,3304,VELLORE,330415,GUDIYATHAM,4,"Tribal Welfare Department",7,"SS (VI-X)",5,"Post graduate",3,"B.Ed. or equivalent",0,0,0,0,0,0,0,0,0,0,0,2,3,0,0,0,0,0,5,3,2
2019-20,33,Tamilnadu,3304,VELLORE,330418,ALANGAYAM,4,"Tribal Welfare Department",7,"SS (VI-X)",5,"Post graduate",3,"B.Ed. or equivalent",0,0,0,0,0,0,0,0,0,0,0,0,1,1,0,0,0,0,2,1,1
2019-20,33,Tamilnadu,3304,VELLORE,330421,THIRUPATTUR,4,"Tribal Welfare Department",7,"SS (VI-X)",5,"Post graduate",3,"B.Ed. or equivalent",0,0,0,0,0,0,0,0,0,0,4,1,0,0,0,0,0,0,5,4,1
2019-20,33,Tamilnadu,3304,VELLORE,330408,ARCOT,4,"Tribal Welfare Department",1,"PS (I-V)",5,"Post graduate",4,"M.Ed. or equivalent",0,0,0,0,0,1,0,0,0,0,0,0,0,0,0,0,0,0,1,0,1
2019-20,33,Tamilnadu,3304,VELLORE,330409,"VELLORE RURAL",4,"Tribal Welfare Department",1,"PS (I-V)",5,"Post graduate",4,"M.Ed. or equivalent",0,0,0,0,1,0,0,0,0,0,0,0,0,0,0,0,0,0,1,1,0
2019-20,33,Tamilnadu,3304,VELLORE,330421,THIRUPATTUR,4,"Tribal Welfare Department",1,"PS (I-V)",5,"Post graduate",4,"M.Ed. or equivalent",0,0,0,0,0,1,0,0,0,0,0,0,0,0,0,0,0,0,1,0,1
2019-20,33,Tamilnadu,3304,VELLORE,330413,KATPADI,4,"Tribal Welfare Department",2,"UPS (I-VIII)",5,"Post graduate",4,"M.Ed. or equivalent",0,0,0,0,0,0,0,0,0,1,0,0,0,0,0,0,0,0,1,0,1
2019-20,33,Tamilnadu,3304,VELLORE,330414,K.V.KUPPAM,4,"Tribal Welfare Department",2,"UPS (I-VIII)",5,"Post graduate",4,"M.Ed. or equivalent",0,0,0,0,0,0,0,0,0,1,0,0,0,0,0,0,0,0,1,0,1
2019-20,33,Tamilnadu,3304,VELLORE,330401,ARAKKONAM,4,"Tribal Welfare Department",5,"HSS (VI-XII)",5,"Post graduate",4,"M.Ed. or equivalent",0,0,0,0,0,0,0,0,0,0,0,0,0,0,0,1,0,0,1,0,1
2019-20,33,Tamilnadu,3304,VELLORE,330406,"WALAJA EAST",4,"Tribal Welfare Department",5,"HSS (VI-XII)",5,"Post graduate",4,"M.Ed. or equivalent",0,0,0,0,0,0,0,0,0,0,0,0,0,1,0,0,2,0,3,2,1
2019-20,33,Tamilnadu,3304,VELLORE,330409,"VELLORE RURAL",4,"Tribal Welfare Department",5,"HSS (VI-XII)",5,"Post graduate",4,"M.Ed. or equivalent",0,0,0,0,0,0,0,0,0,0,0,0,2,0,0,0,0,0,2,2,0
2019-20,33,Tamilnadu,3304,VELLORE,330414,K.V.KUPPAM,4,"Tribal Welfare Department",5,"HSS (VI-XII)",5,"Post graduate",4,"M.Ed. or equivalent",0,0,0,0,0,0,0,0,0,0,0,0,0,0,0,0,0,1,1,0,1
2019-20,33,Tamilnadu,3304,VELLORE,330416,PERNAMBUT,4,"Tribal Welfare Department",5,"HSS (VI-XII)",5,"Post graduate",4,"M.Ed. or equivalent",0,0,0,0,0,0,0,0,0,1,0,1,0,0,0,0,0,0,2,0,2
2019-20,33,Tamilnadu,3304,VELLORE,330403,KAVERIPAKKAM,4,"Tribal Welfare Department",7,"SS (VI-X)",5,"Post graduate",4,"M.Ed. or equivalent",0,0,0,0,0,0,0,0,0,0,0,0,1,0,0,0,0,0,1,1,0
2019-20,33,Tamilnadu,3304,VELLORE,330414,K.V.KUPPAM,4,"Tribal Welfare Department",7,"SS (VI-X)",5,"Post graduate",4,"M.Ed. or equivalent",0,0,0,0,0,0,0,0,0,0,0,0,0,1,0,0,0,0,1,0,1
2019-20,33,Tamilnadu,3304,VELLORE,330421,THIRUPATTUR,4,"Tribal Welfare Department",7,"SS (VI-X)",5,"Post graduate",4,"M.Ed. or equivalent",0,0,0,0,0,0,0,0,0,0,1,0,0,0,0,0,0,0,1,1,0
2019-20,33,Tamilnadu,3304,VELLORE,330409,"VELLORE RURAL",4,"Tribal Welfare Department",5,"HSS (VI-XII)",5,"Post graduate",5,Others,0,0,0,0,0,0,0,0,2,1,0,0,0,0,0,0,0,0,3,2,1
2019-20,33,Tamilnadu,3304,VELLORE,330403,KAVERIPAKKAM,4,"Tribal Welfare Department",7,"SS (VI-X)",5,"Post graduate",6,None,0,0,0,0,0,0,0,0,1,0,0,0,0,0,0,0,0,0,1,1,0
2019-20,33,Tamilnadu,3304,VELLORE,330402,NEMILI,4,"Tribal Welfare Department",1,"PS (I-V)",6,M.Phil,3,"B.Ed. or equivalent",0,0,0,0,1,0,0,0,0,0,0,0,0,0,0,0,0,0,1,1,0
2019-20,33,Tamilnadu,3304,VELLORE,330404,SHOLINGAR,4,"Tribal Welfare Department",1,"PS (I-V)",6,M.Phil,3,"B.Ed. or equivalent",0,0,0,0,0,1,0,0,0,0,0,0,0,0,0,0,0,0,1,0,1
2019-20,33,Tamilnadu,3304,VELLORE,330415,GUDIYATHAM,4,"Tribal Welfare Department",1,"PS (I-V)",6,M.Phil,3,"B.Ed. or equivalent",0,0,0,0,1,0,0,0,0,0,0,0,0,0,0,0,0,0,1,1,0
2019-20,33,Tamilnadu,3304,VELLORE,330408,ARCOT,4,"Tribal Welfare Department",2,"UPS (I-VIII)",6,M.Phil,3,"B.Ed. or equivalent",0,0,0,0,0,1,0,0,1,1,0,0,0,0,0,0,0,0,3,1,2
2019-20,33,Tamilnadu,3304,VELLORE,330412,ANAICUT,4,"Tribal Welfare Department",2,"UPS (I-VIII)",6,M.Phil,3,"B.Ed. or equivalent",0,0,0,0,0,0,0,0,1,1,0,0,0,0,0,0,0,0,2,1,1
2019-20,33,Tamilnadu,3304,VELLORE,330413,KATPADI,4,"Tribal Welfare Department",2,"UPS (I-VIII)",6,M.Phil,3,"B.Ed. or equivalent",0,0,0,0,0,0,0,0,0,1,0,0,0,0,0,0,0,0,1,0,1
2019-20,33,Tamilnadu,3304,VELLORE,330401,ARAKKONAM,4,"Tribal Welfare Department",5,"HSS (VI-XII)",6,M.Phil,3,"B.Ed. or equivalent",0,0,0,0,0,0,0,0,0,0,0,0,1,1,0,0,3,4,9,4,5
2019-20,33,Tamilnadu,3304,VELLORE,330406,"WALAJA EAST",4,"Tribal Welfare Department",5,"HSS (VI-XII)",6,M.Phil,3,"B.Ed. or equivalent",0,0,0,0,0,0,0,0,0,0,0,0,0,0,0,0,1,1,2,1,1
2019-20,33,Tamilnadu,3304,VELLORE,330409,"VELLORE RURAL",4,"Tribal Welfare Department",5,"HSS (VI-XII)",6,M.Phil,3,"B.Ed. or equivalent",0,0,0,0,0,0,0,0,0,1,0,0,1,7,0,0,2,1,12,3,9
2019-20,33,Tamilnadu,3304,VELLORE,330414,K.V.KUPPAM,4,"Tribal Welfare Department",5,"HSS (VI-XII)",6,M.Phil,3,"B.Ed. or equivalent",0,0,0,0,0,0,0,0,0,0,0,0,0,0,0,0,1,0,1,1,0
2019-20,33,Tamilnadu,3304,VELLORE,330416,PERNAMBUT,4,"Tribal Welfare Department",5,"HSS (VI-XII)",6,M.Phil,3,"B.Ed. or equivalent",0,0,0,0,0,0,0,0,0,0,0,0,0,0,0,0,5,2,7,5,2
2019-20,33,Tamilnadu,3304,VELLORE,330415,GUDIYATHAM,4,"Tribal Welfare Department",7,"SS (VI-X)",6,M.Phil,3,"B.Ed. or equivalent",0,0,0,0,0,0,0,0,0,0,0,1,0,0,0,0,0,0,1,0,1
2019-20,33,Tamilnadu,3304,VELLORE,330401,ARAKKONAM,4,"Tribal Welfare Department",5,"HSS (VI-XII)",6,M.Phil,4,"M.Ed. or equivalent",0,0,0,0,0,0,0,0,0,0,0,0,0,1,0,0,1,0,2,1,1
2019-20,33,Tamilnadu,3304,VELLORE,330409,"VELLORE RURAL",4,"Tribal Welfare Department",5,"HSS (VI-XII)",6,M.Phil,4,"M.Ed. or equivalent",0,0,0,0,0,0,0,0,0,0,0,0,1,1,0,0,2,0,4,3,1
2019-20,33,Tamilnadu,3304,VELLORE,330414,K.V.KUPPAM,4,"Tribal Welfare Department",5,"HSS (VI-XII)",6,M.Phil,4,"M.Ed. or equivalent",0,0,0,0,0,0,0,0,0,0,1,0,0,0,0,0,2,0,3,3,0
2019-20,33,Tamilnadu,3304,VELLORE,330415,GUDIYATHAM,4,"Tribal Welfare Department",7,"SS (VI-X)",6,M.Phil,4,"M.Ed. or equivalent",0,0,0,0,0,0,0,0,0,0,0,0,0,1,0,0,0,0,1,0,1
2019-20,33,Tamilnadu,3304,VELLORE,330409,"VELLORE RURAL",4,"Tribal Welfare Department",5,"HSS (VI-XII)",6,M.Phil,5,Others,0,0,0,0,0,0,0,0,0,1,0,0,0,0,0,0,0,0,1,0,1
2019-20,33,Tamilnadu,3304,VELLORE,330406,"WALAJA EAST",4,"Tribal Welfare Department",5,"HSS (VI-XII)",6,M.Phil,6,None,0,0,0,0,0,0,0,0,0,0,0,0,0,0,1,0,0,0,1,1,0
2019-20,33,Tamilnadu,3304,VELLORE,330422,KANDHILI,4,"Tribal Welfare Department",1,"PS (I-V)",7,Ph.D,3,"B.Ed. or equivalent",0,0,0,0,0,1,0,0,0,0,0,0,0,0,0,0,0,0,1,0,1
2019-20,33,Tamilnadu,3304,VELLORE,330401,ARAKKONAM,4,"Tribal Welfare Department",5,"HSS (VI-XII)",7,Ph.D,4,"M.Ed. or equivalent",0,0,0,0,0,0,0,0,0,0,0,0,0,0,0,0,0,1,1,0,1
2019-20,33,Tamilnadu,3304,VELLORE,330409,"VELLORE RURAL",4,"Tribal Welfare Department",5,"HSS (VI-XII)",7,Ph.D,4,"M.Ed. or equivalent",0,0,0,0,0,0,0,0,0,0,0,0,0,0,0,0,0,1,1,0,1
2019-20,33,Tamilnadu,3304,VELLORE,330418,ALANGAYAM,9,"Tribal Welfare Department",1,"PS (I-V)",1,"Below Secondary",1,"Diploma or certificate in basic teachers training of a duration not less than two years",0,0,0,0,1,1,0,0,0,0,0,0,0,0,0,0,0,0,2,1,1
2019-20,33,Tamilnadu,3304,VELLORE,330418,ALANGAYAM,9,"Tribal Welfare Department",5,"HSS (VI-XII)",1,"Below Secondary",3,"B.Ed. or equivalent",0,0,0,0,0,0,0,0,0,1,0,0,0,0,0,0,0,0,1,0,1
2019-20,33,Tamilnadu,3304,VELLORE,330418,ALANGAYAM,9,"Tribal Welfare Department",5,"HSS (VI-XII)",1,"Below Secondary",5,Others,0,0,0,0,0,0,0,0,0,0,0,0,1,0,0,0,0,0,1,1,0
2019-20,33,Tamilnadu,3304,VELLORE,330418,ALANGAYAM,9,"Tribal Welfare Department",5,"HSS (VI-XII)",1,"Below Secondary",6,None,0,0,0,0,0,0,0,0,1,0,0,0,0,0,0,0,0,0,1,1,0
2019-20,33,Tamilnadu,3304,VELLORE,330412,ANAICUT,9,"Tribal Welfare Department",1,"PS (I-V)",3,"Higher secondary",1,"Diploma or certificate in basic teachers training of a duration not less than two years",0,0,0,0,4,0,0,0,0,0,0,0,0,0,0,0,0,0,4,4,0
2019-20,33,Tamilnadu,3304,VELLORE,330418,ALANGAYAM,9,"Tribal Welfare Department",1,"PS (I-V)",3,"Higher secondary",1,"Diploma or certificate in basic teachers training of a duration not less than two years",0,0,0,0,4,2,0,0,0,0,0,0,0,0,0,0,0,0,6,4,2
2019-20,33,Tamilnadu,3304,VELLORE,330420,JOLARPET,9,"Tribal Welfare Department",1,"PS (I-V)",3,"Higher secondary",1,"Diploma or certificate in basic teachers training of a duration not less than two years",0,0,0,0,1,0,0,0,0,0,0,0,0,0,0,0,0,0,1,1,0
2019-20,33,Tamilnadu,3304,VELLORE,330412,ANAICUT,9,"Tribal Welfare Department",1,"PS (I-V)",4,Graduate,1,"Diploma or certificate in basic teachers training of a duration not less than two years",0,0,0,0,0,1,0,0,0,0,0,0,0,0,0,0,0,0,1,0,1
2019-20,33,Tamilnadu,3304,VELLORE,330418,ALANGAYAM,9,"Tribal Welfare Department",1,"PS (I-V)",4,Graduate,1,"Diploma or certificate in basic teachers training of a duration not less than two years",0,0,0,0,0,1,0,0,0,0,0,0,0,0,0,0,0,0,1,0,1
2019-20,33,Tamilnadu,3304,VELLORE,330420,JOLARPET,9,"Tribal Welfare Department",1,"PS (I-V)",4,Graduate,1,"Diploma or certificate in basic teachers training of a duration not less than two years",0,0,0,0,0,1,0,0,0,0,0,0,0,0,0,0,0,0,1,0,1
2019-20,33,Tamilnadu,3304,VELLORE,330418,ALANGAYAM,9,"Tribal Welfare Department",2,"UPS (I-VIII)",4,Graduate,1,"Diploma or certificate in basic teachers training of a duration not less than two years",0,0,0,0,1,0,0,0,0,0,0,0,0,0,0,0,0,0,1,1,0
2019-20,33,Tamilnadu,3304,VELLORE,330411,KANIYAMBADI,9,"Tribal Welfare Department",1,"PS (I-V)",4,Graduate,3,"B.Ed. or equivalent",0,0,0,0,0,1,0,0,0,0,0,0,0,0,0,0,0,0,1,0,1
2019-20,33,Tamilnadu,3304,VELLORE,330412,ANAICUT,9,"Tribal Welfare Department",1,"PS (I-V)",4,Graduate,3,"B.Ed. or equivalent",0,0,0,0,1,0,0,0,0,0,0,0,0,0,0,0,0,0,1,1,0
2019-20,33,Tamilnadu,3304,VELLORE,330418,ALANGAYAM,9,"Tribal Welfare Department",1,"PS (I-V)",4,Graduate,3,"B.Ed. or equivalent",0,0,0,0,1,0,0,0,0,0,0,0,0,0,0,0,0,0,1,1,0
2019-20,33,Tamilnadu,3304,VELLORE,330418,ALANGAYAM,9,"Tribal Welfare Department",2,"UPS (I-VIII)",4,Graduate,3,"B.Ed. or equivalent",0,0,0,0,3,0,0,0,0,1,0,0,0,0,0,0,0,0,4,3,1
2019-20,33,Tamilnadu,3304,VELLORE,330418,ALANGAYAM,9,"Tribal Welfare Department",5,"HSS (VI-XII)",4,Graduate,3,"B.Ed. or equivalent",0,0,0,0,0,0,0,0,1,0,1,0,0,0,0,0,0,0,2,2,0
2019-20,33,Tamilnadu,3304,VELLORE,330420,JOLARPET,9,"Tribal Welfare Department",5,"HSS (VI-XII)",4,Graduate,3,"B.Ed. or equivalent",0,0,0,0,0,0,0,0,0,0,0,1,0,0,0,1,0,0,2,0,2
2019-20,33,Tamilnadu,3304,VELLORE,330418,ALANGAYAM,9,"Tribal Welfare Department",7,"SS (VI-X)",4,Graduate,3,"B.Ed. or equivalent",0,0,0,0,0,0,0,0,0,0,0,0,1,0,0,0,0,0,1,1,0
2019-20,33,Tamilnadu,3304,VELLORE,330412,ANAICUT,9,"Tribal Welfare Department",1,"PS (I-V)",5,"Post graduate",1,"Diploma or certificate in basic teachers training of a duration not less than two years",0,0,0,0,0,1,0,0,0,0,0,0,0,0,0,0,0,0,1,0,1
2019-20,33,Tamilnadu,3304,VELLORE,330417,MADHANUR,9,"Tribal Welfare Department",1,"PS (I-V)",5,"Post graduate",1,"Diploma or certificate in basic teachers training of a duration not less than two years",0,0,0,0,1,0,0,0,0,0,0,0,0,0,0,0,0,0,1,1,0
2019-20,33,Tamilnadu,3304,VELLORE,330418,ALANGAYAM,9,"Tribal Welfare Department",1,"PS (I-V)",5,"Post graduate",1,"Diploma or certificate in basic teachers training of a duration not less than two years",0,0,0,0,0,1,0,0,0,0,0,0,0,0,0,0,0,0,1,0,1
2019-20,33,Tamilnadu,3304,VELLORE,330418,ALANGAYAM,9,"Tribal Welfare Department",1,"PS (I-V)",5,"Post graduate",3,"B.Ed. or equivalent",0,0,0,0,1,0,0,0,0,0,0,0,0,0,0,0,0,0,1,1,0
2019-20,33,Tamilnadu,3304,VELLORE,330418,ALANGAYAM,9,"Tribal Welfare Department",2,"UPS (I-VIII)",5,"Post graduate",3,"B.Ed. or equivalent",0,0,0,0,0,1,0,0,2,2,0,0,0,0,0,0,0,0,5,2,3
2019-20,33,Tamilnadu,3304,VELLORE,330418,ALANGAYAM,9,"Tribal Welfare Department",5,"HSS (VI-XII)",5,"Post graduate",3,"B.Ed. or equivalent",0,0,0,0,0,0,0,0,0,0,1,4,1,0,0,0,1,1,8,3,5
2019-20,33,Tamilnadu,3304,VELLORE,330420,JOLARPET,9,"Tribal Welfare Department",5,"HSS (VI-XII)",5,"Post graduate",3,"B.Ed. or equivalent",0,0,0,0,0,0,0,0,0,0,0,4,2,0,2,1,6,0,15,10,5
2019-20,33,Tamilnadu,3304,VELLORE,330418,ALANGAYAM,9,"Tribal Welfare Department",7,"SS (VI-X)",5,"Post graduate",3,"B.Ed. or equivalent",0,0,0,0,0,0,0,0,0,0,2,0,2,1,0,0,0,0,5,4,1
2019-20,33,Tamilnadu,3304,VELLORE,330418,ALANGAYAM,9,"Tribal Welfare Department",2,"UPS (I-VIII)",5,"Post graduate",4,"M.Ed. or equivalent",0,0,0,0,0,0,0,0,1,0,0,0,0,0,0,0,0,0,1,1,0
2019-20,33,Tamilnadu,3304,VELLORE,330418,ALANGAYAM,9,"Tribal Welfare Department",5,"HSS (VI-XII)",5,"Post graduate",4,"M.Ed. or equivalent",0,0,0,0,0,0,0,0,0,0,0,0,0,0,0,0,3,0,3,3,0
2019-20,33,Tamilnadu,3304,VELLORE,330418,ALANGAYAM,9,"Tribal Welfare Department",7,"SS (VI-X)",5,"Post graduate",4,"M.Ed. or equivalent",0,0,0,0,0,0,0,0,0,0,2,0,0,0,0,0,0,0,2,2,0
2019-20,33,Tamilnadu,3304,VELLORE,330417,MADHANUR,9,"Tribal Welfare Department",1,"PS (I-V)",5,"Post graduate",5,Others,0,0,0,0,0,1,0,0,0,0,0,0,0,0,0,0,0,0,1,0,1
2019-20,33,Tamilnadu,3304,VELLORE,330418,ALANGAYAM,9,"Tribal Welfare Department",2,"UPS (I-VIII)",5,"Post graduate",6,None,0,0,0,0,0,0,0,0,1,0,0,0,0,0,0,0,0,0,1,1,0
2019-20,33,Tamilnadu,3304,VELLORE,330418,ALANGAYAM,9,"Tribal Welfare Department",7,"SS (VI-X)",5,"Post graduate",6,None,0,0,0,0,0,0,0,0,1,0,0,0,0,0,0,0,0,0,1,1,0
2019-20,33,Tamilnadu,3304,VELLORE,330418,ALANGAYAM,9,"Tribal Welfare Department",2,"UPS (I-VIII)",6,M.Phil,3,"B.Ed. or equivalent",0,0,0,0,0,0,0,0,1,0,0,0,0,0,0,0,0,0,1,1,0
2019-20,33,Tamilnadu,3304,VELLORE,330418,ALANGAYAM,9,"Tribal Welfare Department",5,"HSS (VI-XII)",6,M.Phil,3,"B.Ed. or equivalent",0,0,0,0,0,0,0,0,0,0,0,0,0,0,0,0,1,2,3,1,2
2019-20,33,Tamilnadu,3304,VELLORE,330420,JOLARPET,9,"Tribal Welfare Department",5,"HSS (VI-XII)",6,M.Phil,3,"B.Ed. or equivalent",0,0,0,0,0,0,0,0,0,0,0,0,0,0,0,0,0,1,1,0,1
2019-20,33,Tamilnadu,3304,VELLORE,330418,ALANGAYAM,9,"Tribal Welfare Department",7,"SS (VI-X)",6,M.Phil,3,"B.Ed. or equivalent",0,0,0,0,0,0,0,0,0,0,1,0,0,0,0,0,0,0,1,1,0
2019-20,33,Tamilnadu,3304,VELLORE,330418,ALANGAYAM,9,"Tribal Welfare Department",5,"HSS (VI-XII)",6,M.Phil,4,"M.Ed. or equivalent",0,0,0,0,0,0,0,0,0,0,1,0,0,0,0,0,1,0,2,2,0
2019-20,33,Tamilnadu,3304,VELLORE,330418,ALANGAYAM,9,"Tribal Welfare Department",5,"HSS (VI-XII)",6,M.Phil,6,None,0,0,0,0,0,0,0,0,0,0,0,0,0,0,1,0,0,0,1,1,0
2019-20,33,Tamilnadu,3304,VELLORE,330404,SHOLINGAR,35,Unrecognized,1,"PS (I-V)",1,"Below Secondary",1,"Diploma or certificate in basic teachers training of a duration not less than two years",0,1,0,0,0,0,0,0,0,0,0,0,0,0,0,0,0,0,1,0,1
2019-20,33,Tamilnadu,3304,VELLORE,330418,ALANGAYAM,35,Unrecognized,2,"UPS (I-VIII)",1,"Below Secondary",1,"Diploma or certificate in basic teachers training of a duration not less than two years",0,0,0,0,0,1,0,0,0,0,0,0,0,0,0,0,0,0,1,0,1
2019-20,33,Tamilnadu,3304,VELLORE,330404,SHOLINGAR,35,Unrecognized,1,"PS (I-V)",1,"Below Secondary",3,"B.Ed. or equivalent",0,0,0,0,0,1,0,0,0,0,0,0,0,0,0,0,0,0,1,0,1
2019-20,33,Tamilnadu,3304,VELLORE,330410,"VELLORE URBAN",35,Unrecognized,1,"PS (I-V)",1,"Below Secondary",3,"B.Ed. or equivalent",0,0,0,0,0,1,0,0,0,0,0,0,0,0,0,0,0,0,1,0,1
2019-20,33,Tamilnadu,3304,VELLORE,330404,SHOLINGAR,35,Unrecognized,1,"PS (I-V)",3,"Higher secondary",1,"Diploma or certificate in basic teachers training of a duration not less than two years",0,2,0,0,0,1,0,0,0,0,0,0,0,0,0,0,0,0,3,0,3
2019-20,33,Tamilnadu,3304,VELLORE,330401,ARAKKONAM,35,Unrecognized,2,"UPS (I-VIII)",3,"Higher secondary",1,"Diploma or certificate in basic teachers training of a duration not less than two years",0,0,0,0,0,0,1,0,0,0,0,0,0,0,0,0,0,0,1,1,0
2019-20,33,Tamilnadu,3304,VELLORE,330418,ALANGAYAM,35,Unrecognized,2,"UPS (I-VIII)",3,"Higher secondary",1,"Diploma or certificate in basic teachers training of a duration not less than two years",0,0,0,0,1,0,0,0,0,0,0,0,0,0,0,0,0,0,1,1,0
2019-20,33,Tamilnadu,3304,VELLORE,330408,ARCOT,35,Unrecognized,1,"PS (I-V)",3,"Higher secondary",5,Others,0,0,0,0,0,1,0,0,0,0,0,0,0,0,0,0,0,0,1,0,1
2019-20,33,Tamilnadu,3304,VELLORE,330412,ANAICUT,35,Unrecognized,1,"PS (I-V)",3,"Higher secondary",5,Others,0,0,0,0,0,2,0,0,0,0,0,0,0,0,0,0,0,0,2,0,2
2019-20,33,Tamilnadu,3304,VELLORE,330401,ARAKKONAM,35,Unrecognized,2,"UPS (I-VIII)",3,"Higher secondary",5,Others,0,0,0,0,0,1,0,0,0,0,0,0,0,0,0,0,0,0,1,0,1
2019-20,33,Tamilnadu,3304,VELLORE,330404,SHOLINGAR,35,Unrecognized,1,"PS (I-V)",3,"Higher secondary",6,None,0,1,0,0,0,0,0,0,0,0,0,0,0,0,0,0,0,0,1,0,1
2019-20,33,Tamilnadu,3304,VELLORE,330401,ARAKKONAM,35,Unrecognized,2,"UPS (I-VIII)",3,"Higher secondary",6,None,0,0,0,0,0,0,0,1,0,0,0,0,0,0,0,0,0,0,1,0,1
2019-20,33,Tamilnadu,3304,VELLORE,330402,NEMILI,35,Unrecognized,1,"PS (I-V)",4,Graduate,1,"Diploma or certificate in basic teachers training of a duration not less than two years",0,0,0,0,0,1,0,0,0,0,0,0,0,0,0,0,0,0,1,0,1
2019-20,33,Tamilnadu,3304,VELLORE,330408,ARCOT,35,Unrecognized,1,"PS (I-V)",4,Graduate,1,"Diploma or certificate in basic teachers training of a duration not less than two years",0,0,0,0,0,1,0,0,0,0,0,0,0,0,0,0,0,0,1,0,1
2019-20,33,Tamilnadu,3304,VELLORE,330410,"VELLORE URBAN",35,Unrecognized,1,"PS (I-V)",4,Graduate,1,"Diploma or certificate in basic teachers training of a duration not less than two years",0,0,0,0,0,1,0,0,0,0,0,0,0,0,0,0,0,0,1,0,1
2019-20,33,Tamilnadu,3304,VELLORE,330412,ANAICUT,35,Unrecognized,1,"PS (I-V)",4,Graduate,1,"Diploma or certificate in basic teachers training of a duration not less than two years",0,0,0,0,0,2,0,0,0,0,0,0,0,0,0,0,0,0,2,0,2
2019-20,33,Tamilnadu,3304,VELLORE,330401,ARAKKONAM,35,Unrecognized,2,"UPS (I-VIII)",4,Graduate,1,"Diploma or certificate in basic teachers training of a duration not less than two years",0,0,0,0,0,0,0,2,0,0,0,0,0,0,0,0,0,0,2,0,2
2019-20,33,Tamilnadu,3304,VELLORE,330402,NEMILI,35,Unrecognized,1,"PS (I-V)",4,Graduate,3,"B.Ed. or equivalent",0,0,0,0,0,3,0,0,0,0,0,0,0,0,0,0,0,0,3,0,3
2019-20,33,Tamilnadu,3304,VELLORE,330408,ARCOT,35,Unrecognized,1,"PS (I-V)",4,Graduate,3,"B.Ed. or equivalent",0,0,0,0,0,6,0,0,0,0,0,0,0,0,0,0,0,0,6,0,6
2019-20,33,Tamilnadu,3304,VELLORE,330410,"VELLORE URBAN",35,Unrecognized,1,"PS (I-V)",4,Graduate,3,"B.Ed. or equivalent",0,0,0,0,0,3,0,0,0,0,0,0,0,0,0,0,0,0,3,0,3
2019-20,33,Tamilnadu,3304,VELLORE,330412,ANAICUT,35,Unrecognized,1,"PS (I-V)",4,Graduate,3,"B.Ed. or equivalent",0,0,0,0,0,1,0,0,0,0,0,0,0,0,0,0,0,0,1,0,1
2019-20,33,Tamilnadu,3304,VELLORE,330419,NATRAMPALLI,35,Unrecognized,1,"PS (I-V)",4,Graduate,3,"B.Ed. or equivalent",0,0,0,0,0,1,0,0,0,0,0,0,0,0,0,0,0,0,1,0,1
2019-20,33,Tamilnadu,3304,VELLORE,330401,ARAKKONAM,35,Unrecognized,2,"UPS (I-VIII)",4,Graduate,3,"B.Ed. or equivalent",0,0,0,0,0,0,0,2,0,0,0,0,0,0,0,0,0,0,2,0,2
2019-20,33,Tamilnadu,3304,VELLORE,330414,K.V.KUPPAM,35,Unrecognized,3,"HSS (I-XII)",4,Graduate,3,"B.Ed. or equivalent",0,0,0,0,0,1,0,1,0,1,0,0,0,0,0,0,1,1,5,1,4
2019-20,33,Tamilnadu,3304,VELLORE,330416,PERNAMBUT,35,Unrecognized,1,"PS (I-V)",4,Graduate,4,"M.Ed. or equivalent",0,0,0,0,0,1,0,0,0,0,0,0,0,0,0,0,0,0,1,0,1
2019-20,33,Tamilnadu,3304,VELLORE,330408,ARCOT,35,Unrecognized,1,"PS (I-V)",4,Graduate,5,Others,0,0,0,0,0,2,0,0,0,0,0,0,0,0,0,0,0,0,2,0,2
2019-20,33,Tamilnadu,3304,VELLORE,330412,ANAICUT,35,Unrecognized,1,"PS (I-V)",4,Graduate,5,Others,0,0,0,0,0,3,0,0,0,0,0,0,0,0,0,0,0,0,3,0,3
2019-20,33,Tamilnadu,3304,VELLORE,330401,ARAKKONAM,35,Unrecognized,2,"UPS (I-VIII)",4,Graduate,5,Others,0,0,0,0,0,0,0,0,0,2,0,0,0,0,0,0,0,0,2,0,2
2019-20,33,Tamilnadu,3304,VELLORE,330416,PERNAMBUT,35,Unrecognized,2,"UPS (I-VIII)",4,Graduate,5,Others,0,0,0,0,0,3,0,0,0,0,0,0,0,0,0,0,0,0,3,0,3
2019-20,33,Tamilnadu,3304,VELLORE,330414,K.V.KUPPAM,35,Unrecognized,3,"HSS (I-XII)",4,Graduate,5,Others,0,0,0,0,0,0,0,1,0,0,0,0,0,0,0,0,0,0,1,0,1
2019-20,33,Tamilnadu,3304,VELLORE,330416,PERNAMBUT,35,Unrecognized,1,"PS (I-V)",4,Graduate,6,None,0,0,0,0,0,1,0,0,0,0,0,0,0,0,0,0,0,0,1,0,1
2019-20,33,Tamilnadu,3304,VELLORE,330401,ARAKKONAM,35,Unrecognized,2,"UPS (I-VIII)",4,Graduate,6,None,0,0,0,0,0,0,0,1,0,0,0,0,0,0,0,0,0,0,1,0,1
2019-20,33,Tamilnadu,3304,VELLORE,330414,K.V.KUPPAM,35,Unrecognized,3,"HSS (I-XII)",4,Graduate,6,None,0,0,0,0,0,1,2,5,0,0,0,0,0,1,0,0,0,0,9,2,7
2019-20,33,Tamilnadu,3304,VELLORE,330405,"WALAJA WEST",35,Unrecognized,2,"UPS (I-VIII)",5,"Post graduate",1,"Diploma or certificate in basic teachers training of a duration not less than two years",0,0,0,0,0,1,0,0,0,0,0,0,0,0,0,0,0,0,1,0,1
2019-20,33,Tamilnadu,3304,VELLORE,330414,K.V.KUPPAM,35,Unrecognized,3,"HSS (I-XII)",5,"Post graduate",1,"Diploma or certificate in basic teachers training of a duration not less than two years",0,0,0,0,0,0,0,0,0,0,0,0,0,0,0,0,0,1,1,0,1
2019-20,33,Tamilnadu,3304,VELLORE,330404,SHOLINGAR,35,Unrecognized,1,"PS (I-V)",5,"Post graduate",3,"B.Ed. or equivalent",0,0,0,0,0,1,0,0,0,0,0,0,0,0,0,0,0,0,1,0,1
2019-20,33,Tamilnadu,3304,VELLORE,330405,"WALAJA WEST",35,Unrecognized,1,"PS (I-V)",5,"Post graduate",3,"B.Ed. or equivalent",0,0,0,0,0,1,0,0,0,0,0,0,0,0,0,0,0,0,1,0,1
2019-20,33,Tamilnadu,3304,VELLORE,330410,"VELLORE URBAN",35,Unrecognized,1,"PS (I-V)",5,"Post graduate",3,"B.Ed. or equivalent",0,0,0,0,0,5,0,0,0,0,0,0,0,0,0,0,0,0,5,0,5
2019-20,33,Tamilnadu,3304,VELLORE,330412,ANAICUT,35,Unrecognized,1,"PS (I-V)",5,"Post graduate",3,"B.Ed. or equivalent",0,0,0,0,0,4,0,0,0,0,0,0,0,0,0,0,0,0,4,0,4
2019-20,33,Tamilnadu,3304,VELLORE,330416,PERNAMBUT,35,Unrecognized,1,"PS (I-V)",5,"Post graduate",3,"B.Ed. or equivalent",0,0,0,0,0,1,0,0,0,0,0,0,0,0,0,0,0,0,1,0,1
2019-20,33,Tamilnadu,3304,VELLORE,330405,"WALAJA WEST",35,Unrecognized,2,"UPS (I-VIII)",5,"Post graduate",3,"B.Ed. or equivalent",0,0,0,0,0,1,0,0,0,2,0,0,0,0,0,0,0,0,3,0,3
2019-20,33,Tamilnadu,3304,VELLORE,330416,PERNAMBUT,35,Unrecognized,2,"UPS (I-VIII)",5,"Post graduate",3,"B.Ed. or equivalent",0,0,0,0,1,0,0,0,0,0,0,0,0,0,0,0,0,0,1,1,0
2019-20,33,Tamilnadu,3304,VELLORE,330414,K.V.KUPPAM,35,Unrecognized,3,"HSS (I-XII)",5,"Post graduate",3,"B.Ed. or equivalent",0,0,0,0,0,0,0,2,0,0,0,0,0,0,0,0,0,2,4,0,4
2019-20,33,Tamilnadu,3304,VELLORE,330412,ANAICUT,35,Unrecognized,1,"PS (I-V)",5,"Post graduate",5,Others,0,0,0,0,0,2,0,0,0,0,0,0,0,0,0,0,0,0,2,0,2
2019-20,33,Tamilnadu,3304,VELLORE,330404,SHOLINGAR,35,Unrecognized,1,"PS (I-V)",5,"Post graduate",6,None,0,0,0,0,0,1,0,0,0,0,0,0,0,0,0,0,0,0,1,0,1
2019-20,33,Tamilnadu,3304,VELLORE,330414,K.V.KUPPAM,35,Unrecognized,3,"HSS (I-XII)",5,"Post graduate",6,None,0,0,0,0,0,0,0,2,0,0,0,0,0,0,0,0,0,1,3,0,3
2019-20,33,Tamilnadu,3304,VELLORE,330411,KANIYAMBADI,35,Unrecognized,1,"PS (I-V)",6,M.Phil,3,"B.Ed. or equivalent",0,0,0,0,0,1,0,0,0,0,0,0,0,0,0,0,0,0,1,0,1
2019-20,33,Tamilnadu,3304,VELLORE,330408,ARCOT,35,Unrecognized,1,"PS (I-V)",6,M.Phil,5,Others,0,0,0,0,0,1,0,0,0,0,0,0,0,0,0,0,0,0,1,0,1
