Academic_Year,State_Code,State_Name,District_Code,District_Name,Block_Code,Block_Name,School_Management_Id,School_Management_Name,School_Category_Id,School_Category_Name,Academic_Qualification_Id,Academic_Qualification_Name,Professional_Qualification_Id,Professional_Qualification_Name,Only_Pre_Primary_Male,Only_Pre_Primary_Female,Pre_Primary_and_Primary_Male,Pre_Primary_and_Primary_Female,Only_Primary_Male,Only_Primary_Female,Primary_and_Upperprimary_Male,Primary_and_Upperprimary_Female,Only_Upperprimary_Male,Only_Upperprimary_Female,Upperprimary_and_Secondary_Male,Upperprimary_and_Secondary_Female,Only_Secondary_Male,Only_Secondary_Female,Secondary_and_Highersecondary_Male,Secondary_and_Highersecondary_Female,Only_Highersecondary_Male,Only_Highersecondary_Female,Total_Teacher,Total_Male,Total_Female
2019-20,33,Tamilnadu,3305,DHARMAPURI,330501,DHARMAPURI,1,"Department of Education",1,"PS (I-V)",1,"Below Secondary",1,"Diploma or certificate in basic teachers training of a duration not less than two years",0,0,0,0,0,4,0,0,0,0,0,0,0,0,0,0,0,0,4,0,4
2019-20,33,Tamilnadu,3305,DHARMAPURI,330502,NALLAMPALLI,1,"Department of Education",1,"PS (I-V)",1,"Below Secondary",1,"Diploma or certificate in basic teachers training of a duration not less than two years",0,0,0,0,0,1,0,0,0,0,0,0,0,0,0,0,0,0,1,0,1
2019-20,33,Tamilnadu,3305,DHARMAPURI,330503,PENNAGARAM,1,"Department of Education",1,"PS (I-V)",1,"Below Secondary",1,"Diploma or certificate in basic teachers training of a duration not less than two years",0,0,0,0,4,0,0,0,0,0,0,0,0,0,0,0,0,0,4,4,0
2019-20,33,Tamilnadu,3305,DHARMAPURI,330504,PALACODE,1,"Department of Education",1,"PS (I-V)",1,"Below Secondary",1,"Diploma or certificate in basic teachers training of a duration not less than two years",0,0,0,0,3,2,0,0,0,0,0,0,0,0,0,0,0,0,5,3,2
2019-20,33,Tamilnadu,3305,DHARMAPURI,330505,KARIMANGALAM,1,"Department of Education",1,"PS (I-V)",1,"Below Secondary",1,"Diploma or certificate in basic teachers training of a duration not less than two years",0,0,0,0,5,0,0,0,0,0,0,0,0,0,0,0,0,0,5,5,0
2019-20,33,Tamilnadu,3305,DHARMAPURI,330506,MORAPPUR,1,"Department of Education",1,"PS (I-V)",1,"Below Secondary",1,"Diploma or certificate in basic teachers training of a duration not less than two years",0,0,0,0,2,2,0,0,0,0,0,0,0,0,0,0,0,0,4,2,2
2019-20,33,Tamilnadu,3305,DHARMAPURI,330507,PAPPIREDDIPATTI,1,"Department of Education",1,"PS (I-V)",1,"Below Secondary",1,"Diploma or certificate in basic teachers training of a duration not less than two years",0,0,0,0,3,3,0,0,0,0,0,0,0,0,0,0,0,0,6,3,3
2019-20,33,Tamilnadu,3305,DHARMAPURI,330508,HARUR,1,"Department of Education",1,"PS (I-V)",1,"Below Secondary",1,"Diploma or certificate in basic teachers training of a duration not less than two years",0,0,0,0,3,5,0,0,0,0,0,0,0,0,0,0,0,0,8,3,5
2019-20,33,Tamilnadu,3305,DHARMAPURI,330503,PENNAGARAM,1,"Department of Education",2,"UPS (I-VIII)",1,"Below Secondary",1,"Diploma or certificate in basic teachers training of a duration not less than two years",0,0,0,0,0,1,0,0,0,0,0,0,0,0,0,0,0,0,1,0,1
2019-20,33,Tamilnadu,3305,DHARMAPURI,330506,MORAPPUR,1,"Department of Education",2,"UPS (I-VIII)",1,"Below Secondary",1,"Diploma or certificate in basic teachers training of a duration not less than two years",0,0,0,0,2,0,0,0,0,1,0,0,0,0,0,0,0,0,3,2,1
2019-20,33,Tamilnadu,3305,DHARMAPURI,330507,PAPPIREDDIPATTI,1,"Department of Education",2,"UPS (I-VIII)",1,"Below Secondary",1,"Diploma or certificate in basic teachers training of a duration not less than two years",0,0,0,0,0,1,0,0,0,0,0,0,0,0,0,0,0,0,1,0,1
2019-20,33,Tamilnadu,3305,DHARMAPURI,330506,MORAPPUR,1,"Department of Education",7,"SS (VI-X)",1,"Below Secondary",1,"Diploma or certificate in basic teachers training of a duration not less than two years",0,0,0,0,0,0,0,0,1,0,0,0,0,0,0,0,0,0,1,1,0
2019-20,33,Tamilnadu,3305,DHARMAPURI,330506,MORAPPUR,1,"Department of Education",1,"PS (I-V)",1,"Below Secondary",3,"B.Ed. or equivalent",0,0,0,0,0,1,0,0,0,0,0,0,0,0,0,0,0,0,1,0,1
2019-20,33,Tamilnadu,3305,DHARMAPURI,330501,DHARMAPURI,1,"Department of Education",2,"UPS (I-VIII)",1,"Below Secondary",3,"B.Ed. or equivalent",0,0,0,0,0,0,0,0,1,0,0,0,0,0,0,0,0,0,1,1,0
2019-20,33,Tamilnadu,3305,DHARMAPURI,330503,PENNAGARAM,1,"Department of Education",2,"UPS (I-VIII)",1,"Below Secondary",3,"B.Ed. or equivalent",0,0,0,0,0,0,0,0,0,1,0,0,0,0,0,0,0,0,1,0,1
2019-20,33,Tamilnadu,3305,DHARMAPURI,330504,PALACODE,1,"Department of Education",2,"UPS (I-VIII)",1,"Below Secondary",3,"B.Ed. or equivalent",0,0,0,0,1,0,0,0,0,0,0,0,0,0,0,0,0,0,1,1,0
2019-20,33,Tamilnadu,3305,DHARMAPURI,330506,MORAPPUR,1,"Department of Education",2,"UPS (I-VIII)",1,"Below Secondary",3,"B.Ed. or equivalent",0,0,0,0,0,0,0,0,1,1,0,0,0,0,0,0,0,0,2,1,1
2019-20,33,Tamilnadu,3305,DHARMAPURI,330501,DHARMAPURI,1,"Department of Education",5,"HSS (VI-XII)",1,"Below Secondary",3,"B.Ed. or equivalent",0,0,0,0,0,0,0,0,1,0,1,0,2,0,0,0,0,0,4,4,0
2019-20,33,Tamilnadu,3305,DHARMAPURI,330502,NALLAMPALLI,1,"Department of Education",5,"HSS (VI-XII)",1,"Below Secondary",3,"B.Ed. or equivalent",0,0,0,0,0,0,0,0,0,0,0,0,0,1,0,0,0,1,2,0,2
2019-20,33,Tamilnadu,3305,DHARMAPURI,330503,PENNAGARAM,1,"Department of Education",5,"HSS (VI-XII)",1,"Below Secondary",3,"B.Ed. or equivalent",0,0,0,0,0,0,0,0,0,0,1,0,0,0,0,0,0,0,1,1,0
2019-20,33,Tamilnadu,3305,DHARMAPURI,330504,PALACODE,1,"Department of Education",5,"HSS (VI-XII)",1,"Below Secondary",3,"B.Ed. or equivalent",0,0,0,0,0,0,0,0,0,0,0,0,0,1,0,0,0,0,1,0,1
2019-20,33,Tamilnadu,3305,DHARMAPURI,330505,KARIMANGALAM,1,"Department of Education",5,"HSS (VI-XII)",1,"Below Secondary",3,"B.Ed. or equivalent",0,0,0,0,0,0,0,0,0,1,0,0,0,0,0,0,0,0,1,0,1
2019-20,33,Tamilnadu,3305,DHARMAPURI,330506,MORAPPUR,1,"Department of Education",5,"HSS (VI-XII)",1,"Below Secondary",3,"B.Ed. or equivalent",0,0,0,0,0,0,0,0,1,0,0,0,1,0,0,0,0,0,2,2,0
2019-20,33,Tamilnadu,3305,DHARMAPURI,330507,PAPPIREDDIPATTI,1,"Department of Education",5,"HSS (VI-XII)",1,"Below Secondary",3,"B.Ed. or equivalent",0,0,0,0,0,0,0,0,0,1,0,0,0,1,0,0,0,0,2,0,2
2019-20,33,Tamilnadu,3305,DHARMAPURI,330508,HARUR,1,"Department of Education",5,"HSS (VI-XII)",1,"Below Secondary",3,"B.Ed. or equivalent",0,0,0,0,0,0,0,0,1,0,0,0,0,0,0,0,0,0,1,1,0
2019-20,33,Tamilnadu,3305,DHARMAPURI,330504,PALACODE,1,"Department of Education",7,"SS (VI-X)",1,"Below Secondary",3,"B.Ed. or equivalent",0,0,0,0,0,0,0,0,1,0,0,0,0,0,0,0,0,0,1,1,0
2019-20,33,Tamilnadu,3305,DHARMAPURI,330507,PAPPIREDDIPATTI,1,"Department of Education",7,"SS (VI-X)",1,"Below Secondary",3,"B.Ed. or equivalent",0,0,0,0,0,0,0,0,1,0,0,0,0,0,0,0,0,0,1,1,0
2019-20,33,Tamilnadu,3305,DHARMAPURI,330508,HARUR,1,"Department of Education",7,"SS (VI-X)",1,"Below Secondary",3,"B.Ed. or equivalent",0,0,0,0,0,0,0,0,0,0,1,0,0,0,0,0,0,0,1,1,0
2019-20,33,Tamilnadu,3305,DHARMAPURI,330502,NALLAMPALLI,1,"Department of Education",5,"HSS (VI-XII)",1,"Below Secondary",4,"M.Ed. or equivalent",0,0,0,0,0,0,0,0,0,0,1,0,0,0,0,0,0,0,1,1,0
2019-20,33,Tamilnadu,3305,DHARMAPURI,330503,PENNAGARAM,1,"Department of Education",5,"HSS (VI-XII)",1,"Below Secondary",4,"M.Ed. or equivalent",0,0,0,0,0,0,0,0,0,0,0,0,1,0,0,0,0,0,1,1,0
2019-20,33,Tamilnadu,3305,DHARMAPURI,330505,KARIMANGALAM,1,"Department of Education",5,"HSS (VI-XII)",1,"Below Secondary",4,"M.Ed. or equivalent",0,0,0,0,0,0,0,0,0,0,0,0,1,0,0,0,0,0,1,1,0
2019-20,33,Tamilnadu,3305,DHARMAPURI,330506,MORAPPUR,1,"Department of Education",5,"HSS (VI-XII)",1,"Below Secondary",4,"M.Ed. or equivalent",0,0,0,0,0,0,0,0,0,0,0,0,0,0,0,0,1,0,1,1,0
2019-20,33,Tamilnadu,3305,DHARMAPURI,330507,PAPPIREDDIPATTI,1,"Department of Education",5,"HSS (VI-XII)",1,"Below Secondary",4,"M.Ed. or equivalent",0,0,0,0,0,0,0,0,0,1,0,0,0,0,0,0,0,0,1,0,1
2019-20,33,Tamilnadu,3305,DHARMAPURI,330502,NALLAMPALLI,1,"Department of Education",7,"SS (VI-X)",1,"Below Secondary",4,"M.Ed. or equivalent",0,0,0,0,0,0,0,0,0,0,0,0,0,1,0,0,0,0,1,0,1
2019-20,33,Tamilnadu,3305,DHARMAPURI,330503,PENNAGARAM,1,"Department of Education",7,"SS (VI-X)",1,"Below Secondary",4,"M.Ed. or equivalent",0,0,0,0,0,0,0,0,0,1,0,0,0,0,0,0,0,0,1,0,1
2019-20,33,Tamilnadu,3305,DHARMAPURI,330507,PAPPIREDDIPATTI,1,"Department of Education",7,"SS (VI-X)",1,"Below Secondary",4,"M.Ed. or equivalent",0,0,0,0,0,0,0,0,0,0,1,0,0,0,0,0,0,0,1,1,0
2019-20,33,Tamilnadu,3305,DHARMAPURI,330503,PENNAGARAM,1,"Department of Education",2,"UPS (I-VIII)",1,"Below Secondary",5,Others,0,0,0,0,0,0,0,0,1,2,0,0,0,0,0,0,0,0,3,1,2
2019-20,33,Tamilnadu,3305,DHARMAPURI,330506,MORAPPUR,1,"Department of Education",2,"UPS (I-VIII)",1,"Below Secondary",5,Others,0,0,0,0,0,0,0,0,1,1,0,0,0,0,0,0,0,0,2,1,1
2019-20,33,Tamilnadu,3305,DHARMAPURI,330508,HARUR,1,"Department of Education",2,"UPS (I-VIII)",1,"Below Secondary",5,Others,0,0,0,0,0,0,0,0,0,1,0,0,0,0,0,0,0,0,1,0,1
2019-20,33,Tamilnadu,3305,DHARMAPURI,330503,PENNAGARAM,1,"Department of Education",3,"HSS (I-XII)",1,"Below Secondary",5,Others,0,0,0,0,0,0,0,0,0,1,0,1,0,0,0,0,0,1,3,0,3
2019-20,33,Tamilnadu,3305,DHARMAPURI,330501,DHARMAPURI,1,"Department of Education",5,"HSS (VI-XII)",1,"Below Secondary",5,Others,0,0,0,0,0,0,0,0,1,1,1,3,1,0,0,0,0,0,7,3,4
2019-20,33,Tamilnadu,3305,DHARMAPURI,330502,NALLAMPALLI,1,"Department of Education",5,"HSS (VI-XII)",1,"Below Secondary",5,Others,0,0,0,0,0,0,0,0,4,1,2,2,0,0,0,0,0,0,9,6,3
2019-20,33,Tamilnadu,3305,DHARMAPURI,330503,PENNAGARAM,1,"Department of Education",5,"HSS (VI-XII)",1,"Below Secondary",5,Others,0,0,0,0,0,0,0,0,0,1,1,1,1,2,0,0,0,0,6,2,4
2019-20,33,Tamilnadu,3305,DHARMAPURI,330504,PALACODE,1,"Department of Education",5,"HSS (VI-XII)",1,"Below Secondary",5,Others,0,0,0,0,0,0,0,0,2,1,3,1,0,1,0,0,0,0,8,5,3
2019-20,33,Tamilnadu,3305,DHARMAPURI,330505,KARIMANGALAM,1,"Department of Education",5,"HSS (VI-XII)",1,"Below Secondary",5,Others,0,0,0,0,0,0,0,0,0,1,1,0,0,0,0,0,0,0,2,1,1
2019-20,33,Tamilnadu,3305,DHARMAPURI,330506,MORAPPUR,1,"Department of Education",5,"HSS (VI-XII)",1,"Below Secondary",5,Others,0,0,0,0,0,0,0,0,4,1,0,0,1,0,0,0,0,0,6,5,1
2019-20,33,Tamilnadu,3305,DHARMAPURI,330507,PAPPIREDDIPATTI,1,"Department of Education",5,"HSS (VI-XII)",1,"Below Secondary",5,Others,0,0,0,0,0,0,0,0,0,1,0,0,1,0,0,0,1,0,3,2,1
2019-20,33,Tamilnadu,3305,DHARMAPURI,330508,HARUR,1,"Department of Education",5,"HSS (VI-XII)",1,"Below Secondary",5,Others,0,0,0,0,0,0,0,0,1,2,0,1,0,1,0,0,0,0,5,1,4
2019-20,33,Tamilnadu,3305,DHARMAPURI,330503,PENNAGARAM,1,"Department of Education",7,"SS (VI-X)",1,"Below Secondary",5,Others,0,0,0,0,0,0,0,0,1,0,0,0,0,0,0,0,0,0,1,1,0
2019-20,33,Tamilnadu,3305,DHARMAPURI,330504,PALACODE,1,"Department of Education",7,"SS (VI-X)",1,"Below Secondary",5,Others,0,0,0,0,0,0,0,0,1,1,0,0,0,0,0,0,0,0,2,1,1
2019-20,33,Tamilnadu,3305,DHARMAPURI,330506,MORAPPUR,1,"Department of Education",7,"SS (VI-X)",1,"Below Secondary",5,Others,0,0,0,0,0,0,0,0,1,0,0,0,0,0,0,0,0,0,1,1,0
2019-20,33,Tamilnadu,3305,DHARMAPURI,330507,PAPPIREDDIPATTI,1,"Department of Education",7,"SS (VI-X)",1,"Below Secondary",5,Others,0,0,0,0,0,0,0,0,0,1,0,1,0,0,0,0,0,0,2,0,2
2019-20,33,Tamilnadu,3305,DHARMAPURI,330508,HARUR,1,"Department of Education",7,"SS (VI-X)",1,"Below Secondary",5,Others,0,0,0,0,0,0,0,0,1,1,0,0,0,0,0,0,0,0,2,1,1
2019-20,33,Tamilnadu,3305,DHARMAPURI,330501,DHARMAPURI,1,"Department of Education",2,"UPS (I-VIII)",1,"Below Secondary",6,None,0,0,0,0,0,0,0,0,0,1,0,0,0,0,0,0,0,0,1,0,1
2019-20,33,Tamilnadu,3305,DHARMAPURI,330502,NALLAMPALLI,1,"Department of Education",5,"HSS (VI-XII)",1,"Below Secondary",6,None,0,0,0,0,0,0,0,0,0,1,0,0,0,0,0,0,0,0,1,0,1
2019-20,33,Tamilnadu,3305,DHARMAPURI,330503,PENNAGARAM,1,"Department of Education",5,"HSS (VI-XII)",1,"Below Secondary",6,None,0,0,0,0,0,0,0,0,0,2,0,0,0,0,0,0,0,0,2,0,2
2019-20,33,Tamilnadu,3305,DHARMAPURI,330504,PALACODE,1,"Department of Education",5,"HSS (VI-XII)",1,"Below Secondary",6,None,0,0,0,0,0,0,0,0,0,0,0,0,1,0,0,0,0,0,1,1,0
2019-20,33,Tamilnadu,3305,DHARMAPURI,330505,KARIMANGALAM,1,"Department of Education",5,"HSS (VI-XII)",1,"Below Secondary",6,None,0,0,0,0,0,0,0,0,1,0,0,0,0,0,0,0,0,0,1,1,0
2019-20,33,Tamilnadu,3305,DHARMAPURI,330508,HARUR,1,"Department of Education",5,"HSS (VI-XII)",1,"Below Secondary",6,None,0,0,0,0,0,0,0,0,0,0,0,0,0,1,0,0,0,0,1,0,1
2019-20,33,Tamilnadu,3305,DHARMAPURI,330502,NALLAMPALLI,1,"Department of Education",7,"SS (VI-X)",1,"Below Secondary",6,None,0,0,0,0,0,0,0,0,1,1,0,1,0,0,0,0,0,0,3,1,2
2019-20,33,Tamilnadu,3305,DHARMAPURI,330504,PALACODE,1,"Department of Education",7,"SS (VI-X)",1,"Below Secondary",6,None,0,0,0,0,0,0,0,0,1,1,0,0,0,0,0,0,0,0,2,1,1
2019-20,33,Tamilnadu,3305,DHARMAPURI,330506,MORAPPUR,1,"Department of Education",7,"SS (VI-X)",1,"Below Secondary",6,None,0,0,0,0,0,0,0,0,1,1,0,0,0,0,0,0,0,0,2,1,1
2019-20,33,Tamilnadu,3305,DHARMAPURI,330508,HARUR,1,"Department of Education",7,"SS (VI-X)",1,"Below Secondary",6,None,0,0,0,0,0,0,0,0,0,2,0,0,0,0,0,0,0,0,2,0,2
2019-20,33,Tamilnadu,3305,DHARMAPURI,330501,DHARMAPURI,1,"Department of Education",1,"PS (I-V)",3,"Higher secondary",1,"Diploma or certificate in basic teachers training of a duration not less than two years",0,0,0,0,7,12,0,0,0,0,0,0,0,0,0,0,0,0,19,7,12
2019-20,33,Tamilnadu,3305,DHARMAPURI,330502,NALLAMPALLI,1,"Department of Education",1,"PS (I-V)",3,"Higher secondary",1,"Diploma or certificate in basic teachers training of a duration not less than two years",0,0,0,0,14,14,0,0,0,0,0,0,0,0,0,0,0,0,28,14,14
2019-20,33,Tamilnadu,3305,DHARMAPURI,330503,PENNAGARAM,1,"Department of Education",1,"PS (I-V)",3,"Higher secondary",1,"Diploma or certificate in basic teachers training of a duration not less than two years",0,0,0,0,12,11,0,0,0,0,0,0,0,0,0,0,0,0,23,12,11
2019-20,33,Tamilnadu,3305,DHARMAPURI,330504,PALACODE,1,"Department of Education",1,"PS (I-V)",3,"Higher secondary",1,"Diploma or certificate in basic teachers training of a duration not less than two years",0,0,0,0,11,16,0,0,0,0,0,0,0,0,0,0,0,0,27,11,16
2019-20,33,Tamilnadu,3305,DHARMAPURI,330505,KARIMANGALAM,1,"Department of Education",1,"PS (I-V)",3,"Higher secondary",1,"Diploma or certificate in basic teachers training of a duration not less than two years",0,0,0,0,12,11,0,0,0,0,0,0,0,0,0,0,0,0,23,12,11
2019-20,33,Tamilnadu,3305,DHARMAPURI,330506,MORAPPUR,1,"Department of Education",1,"PS (I-V)",3,"Higher secondary",1,"Diploma or certificate in basic teachers training of a duration not less than two years",0,0,0,0,16,16,0,0,0,0,0,0,0,0,0,0,0,0,32,16,16
2019-20,33,Tamilnadu,3305,DHARMAPURI,330507,PAPPIREDDIPATTI,1,"Department of Education",1,"PS (I-V)",3,"Higher secondary",1,"Diploma or certificate in basic teachers training of a duration not less than two years",0,0,0,0,4,5,0,0,0,0,0,0,0,0,0,0,0,0,9,4,5
2019-20,33,Tamilnadu,3305,DHARMAPURI,330508,HARUR,1,"Department of Education",1,"PS (I-V)",3,"Higher secondary",1,"Diploma or certificate in basic teachers training of a duration not less than two years",0,0,0,0,13,13,0,0,0,0,0,0,0,0,0,0,0,0,26,13,13
2019-20,33,Tamilnadu,3305,DHARMAPURI,330501,DHARMAPURI,1,"Department of Education",2,"UPS (I-VIII)",3,"Higher secondary",1,"Diploma or certificate in basic teachers training of a duration not less than two years",0,0,0,0,1,2,0,0,0,0,0,0,0,0,0,0,0,0,3,1,2
2019-20,33,Tamilnadu,3305,DHARMAPURI,330502,NALLAMPALLI,1,"Department of Education",2,"UPS (I-VIII)",3,"Higher secondary",1,"Diploma or certificate in basic teachers training of a duration not less than two years",0,0,0,0,4,7,0,0,0,0,0,0,0,0,0,0,0,0,11,4,7
2019-20,33,Tamilnadu,3305,DHARMAPURI,330503,PENNAGARAM,1,"Department of Education",2,"UPS (I-VIII)",3,"Higher secondary",1,"Diploma or certificate in basic teachers training of a duration not less than two years",0,0,0,0,3,3,0,0,0,0,0,0,0,0,0,0,0,0,6,3,3
2019-20,33,Tamilnadu,3305,DHARMAPURI,330504,PALACODE,1,"Department of Education",2,"UPS (I-VIII)",3,"Higher secondary",1,"Diploma or certificate in basic teachers training of a duration not less than two years",0,0,0,0,1,1,0,0,0,0,0,0,0,0,0,0,0,0,2,1,1
2019-20,33,Tamilnadu,3305,DHARMAPURI,330505,KARIMANGALAM,1,"Department of Education",2,"UPS (I-VIII)",3,"Higher secondary",1,"Diploma or certificate in basic teachers training of a duration not less than two years",0,0,0,0,1,1,0,0,0,0,0,0,0,0,0,0,0,0,2,1,1
2019-20,33,Tamilnadu,3305,DHARMAPURI,330506,MORAPPUR,1,"Department of Education",2,"UPS (I-VIII)",3,"Higher secondary",1,"Diploma or certificate in basic teachers training of a duration not less than two years",0,0,0,0,4,1,0,0,0,0,0,0,0,0,0,0,0,0,5,4,1
2019-20,33,Tamilnadu,3305,DHARMAPURI,330507,PAPPIREDDIPATTI,1,"Department of Education",2,"UPS (I-VIII)",3,"Higher secondary",1,"Diploma or certificate in basic teachers training of a duration not less than two years",0,0,0,0,2,1,0,0,0,0,0,0,0,0,0,0,0,0,3,2,1
2019-20,33,Tamilnadu,3305,DHARMAPURI,330508,HARUR,1,"Department of Education",2,"UPS (I-VIII)",3,"Higher secondary",1,"Diploma or certificate in basic teachers training of a duration not less than two years",0,0,0,0,5,3,0,0,0,0,0,0,0,0,0,0,0,0,8,5,3
2019-20,33,Tamilnadu,3305,DHARMAPURI,330503,PENNAGARAM,1,"Department of Education",5,"HSS (VI-XII)",3,"Higher secondary",1,"Diploma or certificate in basic teachers training of a duration not less than two years",0,0,0,0,0,0,0,0,1,0,0,0,0,0,0,0,0,0,1,1,0
2019-20,33,Tamilnadu,3305,DHARMAPURI,330504,PALACODE,1,"Department of Education",5,"HSS (VI-XII)",3,"Higher secondary",1,"Diploma or certificate in basic teachers training of a duration not less than two years",0,0,0,0,0,0,0,0,1,0,0,0,0,0,0,0,0,0,1,1,0
2019-20,33,Tamilnadu,3305,DHARMAPURI,330507,PAPPIREDDIPATTI,1,"Department of Education",5,"HSS (VI-XII)",3,"Higher secondary",1,"Diploma or certificate in basic teachers training of a duration not less than two years",0,0,0,0,0,0,0,0,1,0,0,0,0,0,0,0,0,0,1,1,0
2019-20,33,Tamilnadu,3305,DHARMAPURI,330501,DHARMAPURI,24,"Private Unaided (Recognized)",1,"PS (I-V)",4,Graduate,3,"B.Ed. or equivalent",0,0,0,2,3,79,0,0,0,0,0,0,0,0,0,0,0,0,84,3,81
2019-20,33,Tamilnadu,3305,DHARMAPURI,330502,NALLAMPALLI,24,"Private Unaided (Recognized)",1,"PS (I-V)",4,Graduate,3,"B.Ed. or equivalent",0,1,0,0,6,43,0,0,0,0,0,0,0,0,0,0,0,0,50,6,44
2019-20,33,Tamilnadu,3305,DHARMAPURI,330503,PENNAGARAM,24,"Private Unaided (Recognized)",1,"PS (I-V)",4,Graduate,3,"B.Ed. or equivalent",0,0,0,9,7,30,0,0,0,0,0,0,0,0,0,0,0,0,46,7,39
2019-20,33,Tamilnadu,3305,DHARMAPURI,330504,PALACODE,24,"Private Unaided (Recognized)",1,"PS (I-V)",4,Graduate,3,"B.Ed. or equivalent",0,0,0,0,1,21,0,0,0,0,0,0,0,0,0,0,0,0,22,1,21
2019-20,33,Tamilnadu,3305,DHARMAPURI,330505,KARIMANGALAM,24,"Private Unaided (Recognized)",1,"PS (I-V)",4,Graduate,3,"B.Ed. or equivalent",0,0,0,0,1,30,0,0,0,0,0,0,0,0,0,0,0,0,31,1,30
2019-20,33,Tamilnadu,3305,DHARMAPURI,330506,MORAPPUR,24,"Private Unaided (Recognized)",1,"PS (I-V)",4,Graduate,3,"B.Ed. or equivalent",0,0,0,0,2,15,0,0,0,0,0,0,0,0,0,0,0,0,17,2,15
2019-20,33,Tamilnadu,3305,DHARMAPURI,330507,PAPPIREDDIPATTI,24,"Private Unaided (Recognized)",1,"PS (I-V)",4,Graduate,3,"B.Ed. or equivalent",0,0,0,0,1,3,0,0,0,0,0,0,0,0,0,0,0,0,4,1,3
2019-20,33,Tamilnadu,3305,DHARMAPURI,330508,HARUR,24,"Private Unaided (Recognized)",1,"PS (I-V)",4,Graduate,3,"B.Ed. or equivalent",0,0,0,0,3,36,0,0,0,0,0,0,0,0,0,0,0,0,39,3,36
2019-20,33,Tamilnadu,3305,DHARMAPURI,330501,DHARMAPURI,1,"Department of Education",7,"SS (VI-X)",3,"Higher secondary",1,"Diploma or certificate in basic teachers training of a duration not less than two years",0,0,0,0,0,0,0,0,0,2,0,0,0,0,0,0,0,0,2,0,2
2019-20,33,Tamilnadu,3305,DHARMAPURI,330502,NALLAMPALLI,1,"Department of Education",7,"SS (VI-X)",3,"Higher secondary",1,"Diploma or certificate in basic teachers training of a duration not less than two years",0,0,0,0,0,0,0,0,0,1,0,0,0,0,0,0,0,0,1,0,1
2019-20,33,Tamilnadu,3305,DHARMAPURI,330506,MORAPPUR,1,"Department of Education",7,"SS (VI-X)",3,"Higher secondary",1,"Diploma or certificate in basic teachers training of a duration not less than two years",0,0,0,0,0,0,0,0,0,1,0,0,0,0,0,0,0,0,1,0,1
2019-20,33,Tamilnadu,3305,DHARMAPURI,330503,PENNAGARAM,1,"Department of Education",1,"PS (I-V)",3,"Higher secondary",3,"B.Ed. or equivalent",0,0,0,0,1,0,0,0,0,0,0,0,0,0,0,0,0,0,1,1,0
2019-20,33,Tamilnadu,3305,DHARMAPURI,330506,MORAPPUR,1,"Department of Education",1,"PS (I-V)",3,"Higher secondary",3,"B.Ed. or equivalent",0,0,0,0,0,2,0,0,0,0,0,0,0,0,0,0,0,0,2,0,2
2019-20,33,Tamilnadu,3305,DHARMAPURI,330508,HARUR,1,"Department of Education",1,"PS (I-V)",3,"Higher secondary",3,"B.Ed. or equivalent",0,0,0,0,0,1,0,0,0,0,0,0,0,0,0,0,0,0,1,0,1
2019-20,33,Tamilnadu,3305,DHARMAPURI,330503,PENNAGARAM,1,"Department of Education",3,"HSS (I-XII)",3,"Higher secondary",3,"B.Ed. or equivalent",0,0,0,0,0,0,0,0,0,0,0,0,1,0,0,0,0,0,1,1,0
2019-20,33,Tamilnadu,3305,DHARMAPURI,330501,DHARMAPURI,1,"Department of Education",5,"HSS (VI-XII)",3,"Higher secondary",3,"B.Ed. or equivalent",0,0,0,0,0,0,0,0,1,0,0,0,0,0,1,0,0,1,3,2,1
2019-20,33,Tamilnadu,3305,DHARMAPURI,330502,NALLAMPALLI,1,"Department of Education",5,"HSS (VI-XII)",3,"Higher secondary",3,"B.Ed. or equivalent",0,0,0,0,0,0,0,0,0,0,0,0,0,0,0,0,1,0,1,1,0
2019-20,33,Tamilnadu,3305,DHARMAPURI,330503,PENNAGARAM,1,"Department of Education",5,"HSS (VI-XII)",3,"Higher secondary",3,"B.Ed. or equivalent",0,0,0,0,0,0,0,0,0,1,0,0,0,0,0,0,0,0,1,0,1
2019-20,33,Tamilnadu,3305,DHARMAPURI,330504,PALACODE,1,"Department of Education",5,"HSS (VI-XII)",3,"Higher secondary",3,"B.Ed. or equivalent",0,0,0,0,0,0,0,0,1,2,1,1,0,0,0,0,0,2,7,2,5
2019-20,33,Tamilnadu,3305,DHARMAPURI,330505,KARIMANGALAM,1,"Department of Education",5,"HSS (VI-XII)",3,"Higher secondary",3,"B.Ed. or equivalent",0,0,0,0,0,0,0,0,0,0,0,0,0,0,0,0,0,1,1,0,1
2019-20,33,Tamilnadu,3305,DHARMAPURI,330506,MORAPPUR,1,"Department of Education",5,"HSS (VI-XII)",3,"Higher secondary",3,"B.Ed. or equivalent",0,0,0,0,0,0,0,0,2,1,0,0,0,0,0,0,0,0,3,2,1
2019-20,33,Tamilnadu,3305,DHARMAPURI,330507,PAPPIREDDIPATTI,1,"Department of Education",5,"HSS (VI-XII)",3,"Higher secondary",3,"B.Ed. or equivalent",0,0,0,0,0,0,0,0,1,0,2,0,0,0,0,0,0,0,3,3,0
2019-20,33,Tamilnadu,3305,DHARMAPURI,330508,HARUR,1,"Department of Education",5,"HSS (VI-XII)",3,"Higher secondary",3,"B.Ed. or equivalent",0,0,0,0,0,0,0,0,0,0,0,0,1,0,0,0,1,0,2,2,0
2019-20,33,Tamilnadu,3305,DHARMAPURI,330506,MORAPPUR,1,"Department of Education",1,"PS (I-V)",3,"Higher secondary",4,"M.Ed. or equivalent",0,0,0,0,1,1,0,0,0,0,0,0,0,0,0,0,0,0,2,1,1
2019-20,33,Tamilnadu,3305,DHARMAPURI,330503,PENNAGARAM,1,"Department of Education",2,"UPS (I-VIII)",3,"Higher secondary",4,"M.Ed. or equivalent",0,0,0,0,1,0,0,0,0,0,0,0,0,0,0,0,0,0,1,1,0
2019-20,33,Tamilnadu,3305,DHARMAPURI,330502,NALLAMPALLI,1,"Department of Education",5,"HSS (VI-XII)",3,"Higher secondary",4,"M.Ed. or equivalent",0,0,0,0,0,0,0,0,0,1,0,0,0,0,0,0,0,0,1,0,1
2019-20,33,Tamilnadu,3305,DHARMAPURI,330508,HARUR,1,"Department of Education",7,"SS (VI-X)",3,"Higher secondary",4,"M.Ed. or equivalent",0,0,0,0,0,0,0,0,1,0,0,0,0,0,0,0,0,0,1,1,0
2019-20,33,Tamilnadu,3305,DHARMAPURI,330503,PENNAGARAM,1,"Department of Education",2,"UPS (I-VIII)",3,"Higher secondary",5,Others,0,0,0,0,0,0,0,0,1,0,0,0,0,0,0,0,0,0,1,1,0
2019-20,33,Tamilnadu,3305,DHARMAPURI,330505,KARIMANGALAM,1,"Department of Education",2,"UPS (I-VIII)",3,"Higher secondary",5,Others,0,0,0,0,0,0,0,0,0,1,0,0,0,0,0,0,0,0,1,0,1
2019-20,33,Tamilnadu,3305,DHARMAPURI,330506,MORAPPUR,1,"Department of Education",2,"UPS (I-VIII)",3,"Higher secondary",5,Others,0,0,0,0,0,0,0,0,0,1,0,0,0,0,0,0,0,0,1,0,1
2019-20,33,Tamilnadu,3305,DHARMAPURI,330508,HARUR,1,"Department of Education",2,"UPS (I-VIII)",3,"Higher secondary",5,Others,0,0,0,0,0,0,0,0,1,0,0,0,0,0,0,0,0,0,1,1,0
2019-20,33,Tamilnadu,3305,DHARMAPURI,330503,PENNAGARAM,1,"Department of Education",3,"HSS (I-XII)",3,"Higher secondary",5,Others,0,0,0,0,0,0,0,0,2,0,0,0,0,0,0,0,0,0,2,2,0
2019-20,33,Tamilnadu,3305,DHARMAPURI,330501,DHARMAPURI,1,"Department of Education",5,"HSS (VI-XII)",3,"Higher secondary",5,Others,0,0,0,0,0,0,0,0,1,0,1,1,1,0,0,0,1,0,5,4,1
2019-20,33,Tamilnadu,3305,DHARMAPURI,330502,NALLAMPALLI,1,"Department of Education",5,"HSS (VI-XII)",3,"Higher secondary",5,Others,0,0,0,0,0,0,0,0,2,1,0,0,1,0,0,0,0,0,4,3,1
2019-20,33,Tamilnadu,3305,DHARMAPURI,330503,PENNAGARAM,1,"Department of Education",5,"HSS (VI-XII)",3,"Higher secondary",5,Others,0,0,0,0,0,0,0,0,2,3,2,0,1,0,0,0,1,0,9,6,3
2019-20,33,Tamilnadu,3305,DHARMAPURI,330504,PALACODE,1,"Department of Education",5,"HSS (VI-XII)",3,"Higher secondary",5,Others,0,0,0,0,0,0,0,0,0,5,0,1,0,0,1,0,0,0,7,1,6
2019-20,33,Tamilnadu,3305,DHARMAPURI,330505,KARIMANGALAM,1,"Department of Education",5,"HSS (VI-XII)",3,"Higher secondary",5,Others,0,0,0,0,0,0,0,0,4,2,1,1,2,0,0,0,0,0,10,7,3
2019-20,33,Tamilnadu,3305,DHARMAPURI,330506,MORAPPUR,1,"Department of Education",5,"HSS (VI-XII)",3,"Higher secondary",5,Others,0,0,0,0,0,0,0,0,4,1,0,0,0,0,0,0,0,0,5,4,1
2019-20,33,Tamilnadu,3305,DHARMAPURI,330507,PAPPIREDDIPATTI,1,"Department of Education",5,"HSS (VI-XII)",3,"Higher secondary",5,Others,0,0,0,0,0,0,0,0,1,1,0,1,1,0,0,0,1,1,6,3,3
2019-20,33,Tamilnadu,3305,DHARMAPURI,330508,HARUR,1,"Department of Education",5,"HSS (VI-XII)",3,"Higher secondary",5,Others,0,0,0,0,0,0,0,0,1,0,1,0,0,0,0,0,0,0,2,2,0
2019-20,33,Tamilnadu,3305,DHARMAPURI,330501,DHARMAPURI,1,"Department of Education",7,"SS (VI-X)",3,"Higher secondary",5,Others,0,0,0,0,0,0,0,0,1,1,0,0,0,0,0,0,0,0,2,1,1
2019-20,33,Tamilnadu,3305,DHARMAPURI,330502,NALLAMPALLI,1,"Department of Education",7,"SS (VI-X)",3,"Higher secondary",5,Others,0,0,0,0,0,0,0,0,4,0,0,0,0,0,0,0,0,0,4,4,0
2019-20,33,Tamilnadu,3305,DHARMAPURI,330503,PENNAGARAM,1,"Department of Education",7,"SS (VI-X)",3,"Higher secondary",5,Others,0,0,0,0,0,0,0,0,1,1,0,0,0,0,0,0,0,0,2,1,1
2019-20,33,Tamilnadu,3305,DHARMAPURI,330507,PAPPIREDDIPATTI,1,"Department of Education",7,"SS (VI-X)",3,"Higher secondary",5,Others,0,0,0,0,0,0,0,0,0,1,0,0,0,0,0,0,0,0,1,0,1
2019-20,33,Tamilnadu,3305,DHARMAPURI,330508,HARUR,1,"Department of Education",7,"SS (VI-X)",3,"Higher secondary",5,Others,0,0,0,0,0,0,0,0,1,3,0,1,0,0,0,0,0,0,5,1,4
2019-20,33,Tamilnadu,3305,DHARMAPURI,330501,DHARMAPURI,1,"Department of Education",1,"PS (I-V)",3,"Higher secondary",6,None,0,0,0,0,0,1,0,0,0,0,0,0,0,0,0,0,0,0,1,0,1
2019-20,33,Tamilnadu,3305,DHARMAPURI,330503,PENNAGARAM,1,"Department of Education",5,"HSS (VI-XII)",3,"Higher secondary",6,None,0,0,0,0,0,0,0,0,1,1,0,0,0,0,0,0,0,0,2,1,1
2019-20,33,Tamilnadu,3305,DHARMAPURI,330504,PALACODE,1,"Department of Education",5,"HSS (VI-XII)",3,"Higher secondary",6,None,0,0,0,0,0,0,0,0,1,0,0,0,0,0,0,0,0,0,1,1,0
2019-20,33,Tamilnadu,3305,DHARMAPURI,330505,KARIMANGALAM,1,"Department of Education",5,"HSS (VI-XII)",3,"Higher secondary",6,None,0,0,0,0,0,0,0,0,1,1,0,0,0,0,0,0,0,0,2,1,1
2019-20,33,Tamilnadu,3305,DHARMAPURI,330506,MORAPPUR,1,"Department of Education",5,"HSS (VI-XII)",3,"Higher secondary",6,None,0,0,0,0,0,0,0,0,0,0,0,0,0,0,1,0,0,0,1,1,0
2019-20,33,Tamilnadu,3305,DHARMAPURI,330507,PAPPIREDDIPATTI,1,"Department of Education",5,"HSS (VI-XII)",3,"Higher secondary",6,None,0,0,0,0,0,0,0,0,0,1,0,0,1,0,0,0,0,0,2,1,1
2019-20,33,Tamilnadu,3305,DHARMAPURI,330508,HARUR,1,"Department of Education",5,"HSS (VI-XII)",3,"Higher secondary",6,None,0,0,0,0,0,0,0,0,0,0,0,1,0,0,0,0,0,0,1,0,1
2019-20,33,Tamilnadu,3305,DHARMAPURI,330503,PENNAGARAM,1,"Department of Education",7,"SS (VI-X)",3,"Higher secondary",6,None,0,0,0,0,0,0,0,0,1,1,0,0,0,0,0,0,0,0,2,1,1
2019-20,33,Tamilnadu,3305,DHARMAPURI,330508,HARUR,1,"Department of Education",7,"SS (VI-X)",3,"Higher secondary",6,None,0,0,0,0,0,0,0,0,0,1,0,1,0,0,0,0,0,0,2,0,2
2019-20,33,Tamilnadu,3305,DHARMAPURI,330501,DHARMAPURI,24,"Private Unaided (Recognized)",1,"PS (I-V)",3,"Higher secondary",3,"B.Ed. or equivalent",0,0,0,0,0,4,0,0,0,0,0,0,0,0,0,0,0,0,4,0,4
2019-20,33,Tamilnadu,3305,DHARMAPURI,330502,NALLAMPALLI,24,"Private Unaided (Recognized)",1,"PS (I-V)",3,"Higher secondary",3,"B.Ed. or equivalent",0,0,0,0,0,1,0,0,0,0,0,0,0,0,0,0,0,0,1,0,1
2019-20,33,Tamilnadu,3305,DHARMAPURI,330503,PENNAGARAM,24,"Private Unaided (Recognized)",1,"PS (I-V)",3,"Higher secondary",3,"B.Ed. or equivalent",0,0,0,0,0,2,0,0,0,0,0,0,0,0,0,0,0,0,2,0,2
2019-20,33,Tamilnadu,3305,DHARMAPURI,330501,DHARMAPURI,1,"Department of Education",1,"PS (I-V)",4,Graduate,1,"Diploma or certificate in basic teachers training of a duration not less than two years",0,0,0,0,3,13,0,0,0,0,0,0,0,0,0,0,0,0,16,3,13
2019-20,33,Tamilnadu,3305,DHARMAPURI,330502,NALLAMPALLI,1,"Department of Education",1,"PS (I-V)",4,Graduate,1,"Diploma or certificate in basic teachers training of a duration not less than two years",0,0,0,0,11,25,0,0,0,0,0,0,0,0,0,0,0,0,36,11,25
2019-20,33,Tamilnadu,3305,DHARMAPURI,330503,PENNAGARAM,1,"Department of Education",1,"PS (I-V)",4,Graduate,1,"Diploma or certificate in basic teachers training of a duration not less than two years",0,0,0,0,9,14,0,0,0,0,0,0,0,0,0,0,0,0,23,9,14
2019-20,33,Tamilnadu,3305,DHARMAPURI,330504,PALACODE,1,"Department of Education",1,"PS (I-V)",4,Graduate,1,"Diploma or certificate in basic teachers training of a duration not less than two years",0,0,0,0,9,16,0,0,0,0,0,0,0,0,0,0,0,0,25,9,16
2019-20,33,Tamilnadu,3305,DHARMAPURI,330505,KARIMANGALAM,1,"Department of Education",1,"PS (I-V)",4,Graduate,1,"Diploma or certificate in basic teachers training of a duration not less than two years",0,0,0,0,5,11,0,0,0,0,0,0,0,0,0,0,0,0,16,5,11
2019-20,33,Tamilnadu,3305,DHARMAPURI,330506,MORAPPUR,1,"Department of Education",1,"PS (I-V)",4,Graduate,1,"Diploma or certificate in basic teachers training of a duration not less than two years",0,0,0,0,10,19,0,0,0,0,0,0,0,0,0,0,0,0,29,10,19
2019-20,33,Tamilnadu,3305,DHARMAPURI,330507,PAPPIREDDIPATTI,1,"Department of Education",1,"PS (I-V)",4,Graduate,1,"Diploma or certificate in basic teachers training of a duration not less than two years",0,0,0,0,3,4,0,0,0,0,0,0,0,0,0,0,0,0,7,3,4
2019-20,33,Tamilnadu,3305,DHARMAPURI,330508,HARUR,1,"Department of Education",1,"PS (I-V)",4,Graduate,1,"Diploma or certificate in basic teachers training of a duration not less than two years",0,0,0,0,11,21,0,0,0,0,0,0,0,0,0,0,0,0,32,11,21
2019-20,33,Tamilnadu,3305,DHARMAPURI,330501,DHARMAPURI,1,"Department of Education",2,"UPS (I-VIII)",4,Graduate,1,"Diploma or certificate in basic teachers training of a duration not less than two years",0,0,0,0,0,8,0,0,0,0,0,0,0,0,0,0,0,0,8,0,8
2019-20,33,Tamilnadu,3305,DHARMAPURI,330502,NALLAMPALLI,1,"Department of Education",2,"UPS (I-VIII)",4,Graduate,1,"Diploma or certificate in basic teachers training of a duration not less than two years",0,0,0,0,4,5,0,0,0,0,0,0,0,0,0,0,0,0,9,4,5
2019-20,33,Tamilnadu,3305,DHARMAPURI,330503,PENNAGARAM,1,"Department of Education",2,"UPS (I-VIII)",4,Graduate,1,"Diploma or certificate in basic teachers training of a duration not less than two years",0,0,0,0,11,8,0,0,0,0,0,0,0,0,0,0,0,0,19,11,8
2019-20,33,Tamilnadu,3305,DHARMAPURI,330504,PALACODE,1,"Department of Education",2,"UPS (I-VIII)",4,Graduate,1,"Diploma or certificate in basic teachers training of a duration not less than two years",0,0,0,0,5,4,0,0,0,0,0,0,0,0,0,0,0,0,9,5,4
2019-20,33,Tamilnadu,3305,DHARMAPURI,330505,KARIMANGALAM,1,"Department of Education",2,"UPS (I-VIII)",4,Graduate,1,"Diploma or certificate in basic teachers training of a duration not less than two years",0,0,0,0,4,3,0,0,0,0,0,0,0,0,0,0,0,0,7,4,3
2019-20,33,Tamilnadu,3305,DHARMAPURI,330506,MORAPPUR,1,"Department of Education",2,"UPS (I-VIII)",4,Graduate,1,"Diploma or certificate in basic teachers training of a duration not less than two years",0,0,0,0,4,4,0,0,0,0,0,0,0,0,0,0,0,0,8,4,4
2019-20,33,Tamilnadu,3305,DHARMAPURI,330507,PAPPIREDDIPATTI,1,"Department of Education",2,"UPS (I-VIII)",4,Graduate,1,"Diploma or certificate in basic teachers training of a duration not less than two years",0,0,0,0,1,3,0,0,0,0,0,0,0,0,0,0,0,0,4,1,3
2019-20,33,Tamilnadu,3305,DHARMAPURI,330508,HARUR,1,"Department of Education",2,"UPS (I-VIII)",4,Graduate,1,"Diploma or certificate in basic teachers training of a duration not less than two years",0,0,0,0,7,14,0,0,0,0,0,0,0,0,0,0,0,0,21,7,14
2019-20,33,Tamilnadu,3305,DHARMAPURI,330501,DHARMAPURI,1,"Department of Education",5,"HSS (VI-XII)",4,Graduate,1,"Diploma or certificate in basic teachers training of a duration not less than two years",0,0,0,0,0,0,0,0,1,0,0,0,0,0,0,0,0,0,1,1,0
2019-20,33,Tamilnadu,3305,DHARMAPURI,330503,PENNAGARAM,1,"Department of Education",5,"HSS (VI-XII)",4,Graduate,1,"Diploma or certificate in basic teachers training of a duration not less than two years",0,0,0,0,0,0,0,0,0,1,0,0,0,0,0,0,0,0,1,0,1
2019-20,33,Tamilnadu,3305,DHARMAPURI,330504,PALACODE,1,"Department of Education",5,"HSS (VI-XII)",4,Graduate,1,"Diploma or certificate in basic teachers training of a duration not less than two years",0,0,0,0,0,0,0,0,1,0,0,0,0,0,0,0,0,0,1,1,0
2019-20,33,Tamilnadu,3305,DHARMAPURI,330505,KARIMANGALAM,1,"Department of Education",5,"HSS (VI-XII)",4,Graduate,1,"Diploma or certificate in basic teachers training of a duration not less than two years",0,0,0,0,0,0,0,0,0,1,0,0,0,0,0,0,0,0,1,0,1
2019-20,33,Tamilnadu,3305,DHARMAPURI,330506,MORAPPUR,1,"Department of Education",5,"HSS (VI-XII)",4,Graduate,1,"Diploma or certificate in basic teachers training of a duration not less than two years",0,0,0,0,0,0,0,0,0,1,0,0,0,0,0,0,0,0,1,0,1
2019-20,33,Tamilnadu,3305,DHARMAPURI,330503,PENNAGARAM,1,"Department of Education",7,"SS (VI-X)",4,Graduate,1,"Diploma or certificate in basic teachers training of a duration not less than two years",0,0,0,0,0,0,0,0,0,1,0,0,0,0,0,0,0,0,1,0,1
2019-20,33,Tamilnadu,3305,DHARMAPURI,330508,HARUR,1,"Department of Education",7,"SS (VI-X)",4,Graduate,1,"Diploma or certificate in basic teachers training of a duration not less than two years",0,0,0,0,0,0,0,0,0,1,0,0,0,0,0,0,0,0,1,0,1
2019-20,33,Tamilnadu,3305,DHARMAPURI,330501,DHARMAPURI,1,"Department of Education",1,"PS (I-V)",4,Graduate,3,"B.Ed. or equivalent",0,0,0,0,9,22,0,0,0,0,0,0,0,0,0,0,0,0,31,9,22
2019-20,33,Tamilnadu,3305,DHARMAPURI,330502,NALLAMPALLI,1,"Department of Education",1,"PS (I-V)",4,Graduate,3,"B.Ed. or equivalent",0,0,0,0,13,15,0,0,0,0,0,0,0,0,0,0,0,0,28,13,15
2019-20,33,Tamilnadu,3305,DHARMAPURI,330503,PENNAGARAM,1,"Department of Education",1,"PS (I-V)",4,Graduate,3,"B.Ed. or equivalent",0,0,0,0,24,15,0,0,0,0,0,0,0,0,0,0,0,0,39,24,15
2019-20,33,Tamilnadu,3305,DHARMAPURI,330504,PALACODE,1,"Department of Education",1,"PS (I-V)",4,Graduate,3,"B.Ed. or equivalent",0,0,0,0,9,22,0,0,0,0,0,0,0,0,0,0,0,0,31,9,22
2019-20,33,Tamilnadu,3305,DHARMAPURI,330505,KARIMANGALAM,1,"Department of Education",1,"PS (I-V)",4,Graduate,3,"B.Ed. or equivalent",0,0,0,0,10,25,0,0,0,0,0,0,0,0,0,0,0,0,35,10,25
2019-20,33,Tamilnadu,3305,DHARMAPURI,330506,MORAPPUR,1,"Department of Education",1,"PS (I-V)",4,Graduate,3,"B.Ed. or equivalent",0,0,0,0,9,15,0,0,0,0,0,0,0,0,0,0,0,0,24,9,15
2019-20,33,Tamilnadu,3305,DHARMAPURI,330507,PAPPIREDDIPATTI,1,"Department of Education",1,"PS (I-V)",4,Graduate,3,"B.Ed. or equivalent",0,0,0,0,2,6,0,0,0,0,0,0,0,0,0,0,0,0,8,2,6
2019-20,33,Tamilnadu,3305,DHARMAPURI,330508,HARUR,1,"Department of Education",1,"PS (I-V)",4,Graduate,3,"B.Ed. or equivalent",0,0,0,0,9,19,0,0,0,0,0,0,0,0,0,0,0,0,28,9,19
2019-20,33,Tamilnadu,3305,DHARMAPURI,330501,DHARMAPURI,1,"Department of Education",2,"UPS (I-VIII)",4,Graduate,3,"B.Ed. or equivalent",0,0,0,0,1,7,0,0,7,6,0,0,0,0,0,0,0,0,21,8,13
2019-20,33,Tamilnadu,3305,DHARMAPURI,330502,NALLAMPALLI,1,"Department of Education",2,"UPS (I-VIII)",4,Graduate,3,"B.Ed. or equivalent",0,0,0,0,7,9,1,1,4,10,0,0,0,0,0,0,0,0,32,12,20
2019-20,33,Tamilnadu,3305,DHARMAPURI,330503,PENNAGARAM,1,"Department of Education",2,"UPS (I-VIII)",4,Graduate,3,"B.Ed. or equivalent",0,0,0,0,13,5,13,14,21,22,0,0,0,0,0,0,0,0,88,47,41
2019-20,33,Tamilnadu,3305,DHARMAPURI,330504,PALACODE,1,"Department of Education",2,"UPS (I-VIII)",4,Graduate,3,"B.Ed. or equivalent",0,0,0,0,4,4,1,5,4,7,0,0,0,0,0,0,0,0,25,9,16
2019-20,33,Tamilnadu,3305,DHARMAPURI,330505,KARIMANGALAM,1,"Department of Education",2,"UPS (I-VIII)",4,Graduate,3,"B.Ed. or equivalent",0,0,0,0,4,11,2,2,4,6,0,0,0,0,0,0,0,0,29,10,19
2019-20,33,Tamilnadu,3305,DHARMAPURI,330506,MORAPPUR,1,"Department of Education",2,"UPS (I-VIII)",4,Graduate,3,"B.Ed. or equivalent",0,0,0,0,8,4,0,0,9,4,0,0,0,0,0,0,0,0,25,17,8
2019-20,33,Tamilnadu,3305,DHARMAPURI,330507,PAPPIREDDIPATTI,1,"Department of Education",2,"UPS (I-VIII)",4,Graduate,3,"B.Ed. or equivalent",0,0,0,0,1,2,0,0,4,2,0,0,0,0,0,0,0,0,9,5,4
2019-20,33,Tamilnadu,3305,DHARMAPURI,330508,HARUR,1,"Department of Education",2,"UPS (I-VIII)",4,Graduate,3,"B.Ed. or equivalent",0,0,0,0,4,7,1,0,16,10,0,0,0,0,0,0,0,0,38,21,17
2019-20,33,Tamilnadu,3305,DHARMAPURI,330503,PENNAGARAM,1,"Department of Education",3,"HSS (I-XII)",4,Graduate,3,"B.Ed. or equivalent",0,0,0,0,0,0,0,0,1,0,0,0,1,1,0,0,0,0,3,2,1
2019-20,33,Tamilnadu,3305,DHARMAPURI,330501,DHARMAPURI,1,"Department of Education",5,"HSS (VI-XII)",4,Graduate,3,"B.Ed. or equivalent",0,0,0,0,0,0,0,0,2,3,3,10,1,2,2,1,1,0,25,9,16
2019-20,33,Tamilnadu,3305,DHARMAPURI,330502,NALLAMPALLI,1,"Department of Education",5,"HSS (VI-XII)",4,Graduate,3,"B.Ed. or equivalent",0,0,0,0,0,0,0,0,5,2,1,4,2,7,0,2,1,0,24,9,15
2019-20,33,Tamilnadu,3305,DHARMAPURI,330503,PENNAGARAM,1,"Department of Education",5,"HSS (VI-XII)",4,Graduate,3,"B.Ed. or equivalent",0,0,0,0,0,0,0,0,3,5,4,7,2,5,1,2,0,0,29,10,19
2019-20,33,Tamilnadu,3305,DHARMAPURI,330504,PALACODE,1,"Department of Education",5,"HSS (VI-XII)",4,Graduate,3,"B.Ed. or equivalent",0,0,0,0,0,0,0,0,3,3,2,2,4,1,1,1,0,0,17,10,7
2019-20,33,Tamilnadu,3305,DHARMAPURI,330505,KARIMANGALAM,1,"Department of Education",5,"HSS (VI-XII)",4,Graduate,3,"B.Ed. or equivalent",0,0,0,0,0,0,0,0,3,5,1,1,2,1,0,0,0,0,13,6,7
2019-20,33,Tamilnadu,3305,DHARMAPURI,330506,MORAPPUR,1,"Department of Education",5,"HSS (VI-XII)",4,Graduate,3,"B.Ed. or equivalent",0,0,0,0,0,0,0,0,2,7,8,3,6,2,2,0,1,0,31,19,12
2019-20,33,Tamilnadu,3305,DHARMAPURI,330507,PAPPIREDDIPATTI,1,"Department of Education",5,"HSS (VI-XII)",4,Graduate,3,"B.Ed. or equivalent",0,0,0,0,0,0,0,0,2,3,3,1,1,4,2,1,1,0,18,9,9
2019-20,33,Tamilnadu,3305,DHARMAPURI,330508,HARUR,1,"Department of Education",5,"HSS (VI-XII)",4,Graduate,3,"B.Ed. or equivalent",0,0,0,0,0,0,0,0,6,3,8,4,1,3,0,0,1,1,27,16,11
2019-20,33,Tamilnadu,3305,DHARMAPURI,330501,DHARMAPURI,1,"Department of Education",7,"SS (VI-X)",4,Graduate,3,"B.Ed. or equivalent",0,0,0,0,0,0,0,0,3,3,1,0,2,1,0,0,0,0,10,6,4
2019-20,33,Tamilnadu,3305,DHARMAPURI,330502,NALLAMPALLI,1,"Department of Education",7,"SS (VI-X)",4,Graduate,3,"B.Ed. or equivalent",0,0,0,0,0,0,0,0,2,3,4,3,1,2,0,0,0,0,15,7,8
2019-20,33,Tamilnadu,3305,DHARMAPURI,330503,PENNAGARAM,1,"Department of Education",7,"SS (VI-X)",4,Graduate,3,"B.Ed. or equivalent",0,0,0,0,0,0,0,0,3,3,6,7,2,1,0,0,0,0,22,11,11
2019-20,33,Tamilnadu,3305,DHARMAPURI,330504,PALACODE,1,"Department of Education",7,"SS (VI-X)",4,Graduate,3,"B.Ed. or equivalent",0,0,0,0,0,0,0,0,1,1,6,2,2,2,0,0,0,0,14,9,5
2019-20,33,Tamilnadu,3305,DHARMAPURI,330505,KARIMANGALAM,1,"Department of Education",7,"SS (VI-X)",4,Graduate,3,"B.Ed. or equivalent",0,0,0,0,0,0,0,0,0,0,0,0,1,1,0,0,0,0,2,1,1
2019-20,33,Tamilnadu,3305,DHARMAPURI,330506,MORAPPUR,1,"Department of Education",7,"SS (VI-X)",4,Graduate,3,"B.Ed. or equivalent",0,0,0,0,0,0,0,0,3,0,8,2,3,1,0,0,0,0,17,14,3
2019-20,33,Tamilnadu,3305,DHARMAPURI,330507,PAPPIREDDIPATTI,1,"Department of Education",7,"SS (VI-X)",4,Graduate,3,"B.Ed. or equivalent",0,0,0,0,0,0,0,0,1,0,4,0,0,0,0,0,0,0,5,5,0
2019-20,33,Tamilnadu,3305,DHARMAPURI,330508,HARUR,1,"Department of Education",7,"SS (VI-X)",4,Graduate,3,"B.Ed. or equivalent",0,0,0,0,0,0,0,0,3,6,8,4,2,3,0,0,0,0,26,13,13
2019-20,33,Tamilnadu,3305,DHARMAPURI,330501,DHARMAPURI,1,"Department of Education",1,"PS (I-V)",4,Graduate,4,"M.Ed. or equivalent",0,0,0,0,1,0,0,0,0,0,0,0,0,0,0,0,0,0,1,1,0
2019-20,33,Tamilnadu,3305,DHARMAPURI,330502,NALLAMPALLI,1,"Department of Education",1,"PS (I-V)",4,Graduate,4,"M.Ed. or equivalent",0,0,0,0,0,1,0,0,0,0,0,0,0,0,0,0,0,0,1,0,1
2019-20,33,Tamilnadu,3305,DHARMAPURI,330503,PENNAGARAM,1,"Department of Education",1,"PS (I-V)",4,Graduate,4,"M.Ed. or equivalent",0,0,0,0,1,0,0,0,0,0,0,0,0,0,0,0,0,0,1,1,0
2019-20,33,Tamilnadu,3305,DHARMAPURI,330508,HARUR,1,"Department of Education",1,"PS (I-V)",4,Graduate,4,"M.Ed. or equivalent",0,0,0,0,1,0,0,0,0,0,0,0,0,0,0,0,0,0,1,1,0
2019-20,33,Tamilnadu,3305,DHARMAPURI,330502,NALLAMPALLI,1,"Department of Education",2,"UPS (I-VIII)",4,Graduate,4,"M.Ed. or equivalent",0,0,0,0,1,0,0,0,1,0,0,0,0,0,0,0,0,0,2,2,0
2019-20,33,Tamilnadu,3305,DHARMAPURI,330503,PENNAGARAM,1,"Department of Education",2,"UPS (I-VIII)",4,Graduate,4,"M.Ed. or equivalent",0,0,0,0,0,1,0,1,2,0,0,0,0,0,0,0,0,0,4,2,2
2019-20,33,Tamilnadu,3305,DHARMAPURI,330504,PALACODE,1,"Department of Education",2,"UPS (I-VIII)",4,Graduate,4,"M.Ed. or equivalent",0,0,0,0,0,0,0,0,0,1,0,0,0,0,0,0,0,0,1,0,1
2019-20,33,Tamilnadu,3305,DHARMAPURI,330505,KARIMANGALAM,1,"Department of Education",2,"UPS (I-VIII)",4,Graduate,4,"M.Ed. or equivalent",0,0,0,0,0,0,0,0,1,1,0,0,0,0,0,0,0,0,2,1,1
2019-20,33,Tamilnadu,3305,DHARMAPURI,330506,MORAPPUR,1,"Department of Education",2,"UPS (I-VIII)",4,Graduate,4,"M.Ed. or equivalent",0,0,0,0,0,0,0,0,2,0,0,0,0,0,0,0,0,0,2,2,0
2019-20,33,Tamilnadu,3305,DHARMAPURI,330507,PAPPIREDDIPATTI,1,"Department of Education",2,"UPS (I-VIII)",4,Graduate,4,"M.Ed. or equivalent",0,0,0,0,0,0,0,0,2,1,0,0,0,0,0,0,0,0,3,2,1
2019-20,33,Tamilnadu,3305,DHARMAPURI,330501,DHARMAPURI,1,"Department of Education",5,"HSS (VI-XII)",4,Graduate,4,"M.Ed. or equivalent",0,0,0,0,0,0,0,0,0,0,0,1,0,1,0,0,0,0,2,0,2
2019-20,33,Tamilnadu,3305,DHARMAPURI,330502,NALLAMPALLI,1,"Department of Education",5,"HSS (VI-XII)",4,Graduate,4,"M.Ed. or equivalent",0,0,0,0,0,0,0,0,1,0,0,2,1,4,0,0,0,0,8,2,6
2019-20,33,Tamilnadu,3305,DHARMAPURI,330504,PALACODE,1,"Department of Education",5,"HSS (VI-XII)",4,Graduate,4,"M.Ed. or equivalent",0,0,0,0,0,0,0,0,0,0,0,1,0,0,0,0,0,0,1,0,1
2019-20,33,Tamilnadu,3305,DHARMAPURI,330505,KARIMANGALAM,1,"Department of Education",5,"HSS (VI-XII)",4,Graduate,4,"M.Ed. or equivalent",0,0,0,0,0,0,0,0,0,0,0,0,0,0,1,0,0,0,1,1,0
2019-20,33,Tamilnadu,3305,DHARMAPURI,330501,DHARMAPURI,1,"Department of Education",7,"SS (VI-X)",4,Graduate,4,"M.Ed. or equivalent",0,0,0,0,0,0,0,0,0,1,0,1,0,1,0,0,0,0,3,0,3
2019-20,33,Tamilnadu,3305,DHARMAPURI,330503,PENNAGARAM,1,"Department of Education",7,"SS (VI-X)",4,Graduate,4,"M.Ed. or equivalent",0,0,0,0,0,0,0,0,1,0,0,1,1,0,0,0,0,0,3,2,1
2019-20,33,Tamilnadu,3305,DHARMAPURI,330504,PALACODE,1,"Department of Education",7,"SS (VI-X)",4,Graduate,4,"M.Ed. or equivalent",0,0,0,0,0,0,0,0,0,0,0,1,0,0,0,0,0,0,1,0,1
2019-20,33,Tamilnadu,3305,DHARMAPURI,330507,PAPPIREDDIPATTI,1,"Department of Education",7,"SS (VI-X)",4,Graduate,4,"M.Ed. or equivalent",0,0,0,0,0,0,0,0,0,0,0,2,0,0,0,0,0,0,2,0,2
2019-20,33,Tamilnadu,3305,DHARMAPURI,330506,MORAPPUR,1,"Department of Education",2,"UPS (I-VIII)",4,Graduate,5,Others,0,0,0,0,0,0,0,0,1,0,0,0,0,0,0,0,0,0,1,1,0
2019-20,33,Tamilnadu,3305,DHARMAPURI,330503,PENNAGARAM,1,"Department of Education",3,"HSS (I-XII)",4,Graduate,5,Others,0,0,0,0,0,0,0,0,0,0,0,0,0,0,1,0,0,0,1,1,0
2019-20,33,Tamilnadu,3305,DHARMAPURI,330501,DHARMAPURI,1,"Department of Education",5,"HSS (VI-XII)",4,Graduate,5,Others,0,0,0,0,0,0,0,0,2,2,0,0,0,0,1,0,0,0,5,3,2
2019-20,33,Tamilnadu,3305,DHARMAPURI,330502,NALLAMPALLI,1,"Department of Education",5,"HSS (VI-XII)",4,Graduate,5,Others,0,0,0,0,0,0,0,0,2,1,0,0,0,0,0,0,0,0,3,2,1
2019-20,33,Tamilnadu,3305,DHARMAPURI,330503,PENNAGARAM,1,"Department of Education",5,"HSS (VI-XII)",4,Graduate,5,Others,0,0,0,0,0,0,0,0,0,2,0,0,1,0,0,0,0,0,3,1,2
2019-20,33,Tamilnadu,3305,DHARMAPURI,330504,PALACODE,1,"Department of Education",5,"HSS (VI-XII)",4,Graduate,5,Others,0,0,0,0,0,0,0,0,4,1,0,0,1,1,0,0,0,0,7,5,2
2019-20,33,Tamilnadu,3305,DHARMAPURI,330505,KARIMANGALAM,1,"Department of Education",5,"HSS (VI-XII)",4,Graduate,5,Others,0,0,0,0,0,0,0,0,2,5,1,0,0,0,1,0,0,0,9,4,5
2019-20,33,Tamilnadu,3305,DHARMAPURI,330506,MORAPPUR,1,"Department of Education",5,"HSS (VI-XII)",4,Graduate,5,Others,0,0,0,0,0,0,0,0,2,5,1,1,0,0,0,0,0,0,9,3,6
2019-20,33,Tamilnadu,3305,DHARMAPURI,330507,PAPPIREDDIPATTI,1,"Department of Education",5,"HSS (VI-XII)",4,Graduate,5,Others,0,0,0,0,0,0,0,0,0,1,0,0,0,0,0,0,0,0,1,0,1
2019-20,33,Tamilnadu,3305,DHARMAPURI,330508,HARUR,1,"Department of Education",5,"HSS (VI-XII)",4,Graduate,5,Others,0,0,0,0,0,0,0,0,0,2,0,0,0,0,0,0,0,0,2,0,2
2019-20,33,Tamilnadu,3305,DHARMAPURI,330502,NALLAMPALLI,1,"Department of Education",7,"SS (VI-X)",4,Graduate,5,Others,0,0,0,0,0,0,0,0,1,7,1,0,1,0,0,0,0,0,10,3,7
2019-20,33,Tamilnadu,3305,DHARMAPURI,330503,PENNAGARAM,1,"Department of Education",7,"SS (VI-X)",4,Graduate,5,Others,0,0,0,0,0,0,0,0,2,4,0,0,0,0,0,0,0,0,6,2,4
2019-20,33,Tamilnadu,3305,DHARMAPURI,330506,MORAPPUR,1,"Department of Education",7,"SS (VI-X)",4,Graduate,5,Others,0,0,0,0,0,0,0,0,1,0,0,0,0,0,0,0,0,0,1,1,0
2019-20,33,Tamilnadu,3305,DHARMAPURI,330507,PAPPIREDDIPATTI,1,"Department of Education",7,"SS (VI-X)",4,Graduate,5,Others,0,0,0,0,0,0,0,0,0,2,1,1,0,0,0,0,0,0,4,1,3
2019-20,33,Tamilnadu,3305,DHARMAPURI,330508,HARUR,1,"Department of Education",7,"SS (VI-X)",4,Graduate,5,Others,0,0,0,0,0,0,0,0,0,1,2,0,0,0,0,0,0,0,3,2,1
2019-20,33,Tamilnadu,3305,DHARMAPURI,330505,KARIMANGALAM,1,"Department of Education",1,"PS (I-V)",4,Graduate,6,None,0,0,0,0,1,0,0,0,0,0,0,0,0,0,0,0,0,0,1,1,0
2019-20,33,Tamilnadu,3305,DHARMAPURI,330506,MORAPPUR,1,"Department of Education",5,"HSS (VI-XII)",5,"Post graduate",1,"Diploma or certificate in basic teachers training of a duration not less than two years",0,0,0,0,0,0,0,0,0,1,0,0,0,0,0,0,0,0,1,0,1
2019-20,33,Tamilnadu,3305,DHARMAPURI,330505,KARIMANGALAM,1,"Department of Education",2,"UPS (I-VIII)",4,Graduate,6,None,0,0,0,0,0,0,0,0,0,1,0,0,0,0,0,0,0,0,1,0,1
2019-20,33,Tamilnadu,3305,DHARMAPURI,330508,HARUR,1,"Department of Education",2,"UPS (I-VIII)",4,Graduate,6,None,0,0,0,0,0,0,0,0,1,0,0,0,0,0,0,0,0,0,1,1,0
2019-20,33,Tamilnadu,3305,DHARMAPURI,330502,NALLAMPALLI,1,"Department of Education",5,"HSS (VI-XII)",4,Graduate,6,None,0,0,0,0,0,0,0,0,1,1,0,0,0,0,0,0,0,0,2,1,1
2019-20,33,Tamilnadu,3305,DHARMAPURI,330503,PENNAGARAM,1,"Department of Education",5,"HSS (VI-XII)",4,Graduate,6,None,0,0,0,0,0,0,0,0,1,1,0,0,0,0,0,0,0,0,2,1,1
2019-20,33,Tamilnadu,3305,DHARMAPURI,330505,KARIMANGALAM,1,"Department of Education",5,"HSS (VI-XII)",4,Graduate,6,None,0,0,0,0,0,0,0,0,0,0,0,0,0,0,0,0,1,0,1,1,0
2019-20,33,Tamilnadu,3305,DHARMAPURI,330506,MORAPPUR,1,"Department of Education",5,"HSS (VI-XII)",4,Graduate,6,None,0,0,0,0,0,0,0,0,1,0,0,0,0,0,0,0,1,0,2,2,0
2019-20,33,Tamilnadu,3305,DHARMAPURI,330507,PAPPIREDDIPATTI,1,"Department of Education",5,"HSS (VI-XII)",4,Graduate,6,None,0,0,0,0,0,0,0,0,0,0,1,0,0,0,0,0,0,0,1,1,0
2019-20,33,Tamilnadu,3305,DHARMAPURI,330501,DHARMAPURI,1,"Department of Education",7,"SS (VI-X)",4,Graduate,6,None,0,0,0,0,0,0,0,0,2,1,0,0,0,0,0,0,0,0,3,2,1
2019-20,33,Tamilnadu,3305,DHARMAPURI,330503,PENNAGARAM,1,"Department of Education",7,"SS (VI-X)",4,Graduate,6,None,0,0,0,0,0,0,0,0,1,0,0,0,0,0,0,0,0,0,1,1,0
2019-20,33,Tamilnadu,3305,DHARMAPURI,330505,KARIMANGALAM,1,"Department of Education",7,"SS (VI-X)",4,Graduate,6,None,0,0,0,0,0,0,0,0,0,0,1,0,0,0,0,0,0,0,1,1,0
2019-20,33,Tamilnadu,3305,DHARMAPURI,330506,MORAPPUR,1,"Department of Education",7,"SS (VI-X)",4,Graduate,6,None,0,0,0,0,0,0,0,0,1,0,1,0,0,0,0,0,0,0,2,2,0
2019-20,33,Tamilnadu,3305,DHARMAPURI,330507,PAPPIREDDIPATTI,1,"Department of Education",7,"SS (VI-X)",4,Graduate,6,None,0,0,0,0,0,0,0,0,1,0,0,0,0,0,0,0,0,0,1,1,0
2019-20,33,Tamilnadu,3305,DHARMAPURI,330508,HARUR,1,"Department of Education",7,"SS (VI-X)",4,Graduate,6,None,0,0,0,0,0,0,0,0,0,2,1,1,0,0,0,0,0,0,4,1,3
2019-20,33,Tamilnadu,3305,DHARMAPURI,330501,DHARMAPURI,1,"Department of Education",1,"PS (I-V)",5,"Post graduate",1,"Diploma or certificate in basic teachers training of a duration not less than two years",0,0,0,0,2,14,0,0,0,0,0,0,0,0,0,0,0,0,16,2,14
2019-20,33,Tamilnadu,3305,DHARMAPURI,330502,NALLAMPALLI,1,"Department of Education",1,"PS (I-V)",5,"Post graduate",1,"Diploma or certificate in basic teachers training of a duration not less than two years",0,0,0,0,4,25,0,0,0,0,0,0,0,0,0,0,0,0,29,4,25
2019-20,33,Tamilnadu,3305,DHARMAPURI,330503,PENNAGARAM,1,"Department of Education",1,"PS (I-V)",5,"Post graduate",1,"Diploma or certificate in basic teachers training of a duration not less than two years",0,0,0,0,12,22,0,0,0,0,0,0,0,0,0,0,0,0,34,12,22
2019-20,33,Tamilnadu,3305,DHARMAPURI,330504,PALACODE,1,"Department of Education",1,"PS (I-V)",5,"Post graduate",1,"Diploma or certificate in basic teachers training of a duration not less than two years",0,0,0,0,10,11,0,0,0,0,0,0,0,0,0,0,0,0,21,10,11
2019-20,33,Tamilnadu,3305,DHARMAPURI,330505,KARIMANGALAM,1,"Department of Education",1,"PS (I-V)",5,"Post graduate",1,"Diploma or certificate in basic teachers training of a duration not less than two years",0,0,0,0,9,15,0,0,0,0,0,0,0,0,0,0,0,0,24,9,15
2019-20,33,Tamilnadu,3305,DHARMAPURI,330506,MORAPPUR,1,"Department of Education",1,"PS (I-V)",5,"Post graduate",1,"Diploma or certificate in basic teachers training of a duration not less than two years",0,0,0,0,13,16,0,0,0,0,0,0,0,0,0,0,0,0,29,13,16
2019-20,33,Tamilnadu,3305,DHARMAPURI,330507,PAPPIREDDIPATTI,1,"Department of Education",1,"PS (I-V)",5,"Post graduate",1,"Diploma or certificate in basic teachers training of a duration not less than two years",0,0,0,0,4,16,0,0,0,0,0,0,0,0,0,0,0,0,20,4,16
2019-20,33,Tamilnadu,3305,DHARMAPURI,330508,HARUR,1,"Department of Education",1,"PS (I-V)",5,"Post graduate",1,"Diploma or certificate in basic teachers training of a duration not less than two years",0,0,0,0,15,43,0,0,0,0,0,0,0,0,0,0,0,0,58,15,43
2019-20,33,Tamilnadu,3305,DHARMAPURI,330501,DHARMAPURI,1,"Department of Education",5,"HSS (VI-XII)",5,"Post graduate",3,"B.Ed. or equivalent",0,0,0,0,0,0,0,0,5,14,22,61,33,18,5,2,17,28,205,82,123
2019-20,33,Tamilnadu,3305,DHARMAPURI,330502,NALLAMPALLI,1,"Department of Education",5,"HSS (VI-XII)",5,"Post graduate",3,"B.Ed. or equivalent",0,0,0,0,0,0,0,0,4,11,35,11,49,30,2,3,31,25,201,121,80
2019-20,33,Tamilnadu,3305,DHARMAPURI,330503,PENNAGARAM,1,"Department of Education",5,"HSS (VI-XII)",5,"Post graduate",3,"B.Ed. or equivalent",0,0,0,0,0,0,0,0,4,5,31,24,35,28,8,1,25,23,184,103,81
2019-20,33,Tamilnadu,3305,DHARMAPURI,330504,PALACODE,1,"Department of Education",5,"HSS (VI-XII)",5,"Post graduate",3,"B.Ed. or equivalent",0,0,0,0,0,0,0,0,5,11,24,30,17,43,1,5,13,15,164,60,104
2019-20,33,Tamilnadu,3305,DHARMAPURI,330505,KARIMANGALAM,1,"Department of Education",5,"HSS (VI-XII)",5,"Post graduate",3,"B.Ed. or equivalent",0,0,0,0,0,0,0,0,6,5,35,43,39,22,5,1,25,22,203,110,93
2019-20,33,Tamilnadu,3305,DHARMAPURI,330506,MORAPPUR,1,"Department of Education",5,"HSS (VI-XII)",5,"Post graduate",3,"B.Ed. or equivalent",0,0,0,0,0,0,0,0,6,2,21,18,42,30,4,1,50,34,208,123,85
2019-20,33,Tamilnadu,3305,DHARMAPURI,330507,PAPPIREDDIPATTI,1,"Department of Education",5,"HSS (VI-XII)",5,"Post graduate",3,"B.Ed. or equivalent",0,0,0,0,0,0,0,0,7,15,8,11,25,16,4,0,25,17,128,69,59
2019-20,33,Tamilnadu,3305,DHARMAPURI,330508,HARUR,1,"Department of Education",5,"HSS (VI-XII)",5,"Post graduate",3,"B.Ed. or equivalent",0,0,0,0,0,0,0,0,2,8,12,16,11,9,2,0,27,10,97,54,43
2019-20,33,Tamilnadu,3305,DHARMAPURI,330501,DHARMAPURI,1,"Department of Education",2,"UPS (I-VIII)",5,"Post graduate",1,"Diploma or certificate in basic teachers training of a duration not less than two years",0,0,0,0,0,8,0,0,0,0,0,0,0,0,0,0,0,0,8,0,8
2019-20,33,Tamilnadu,3305,DHARMAPURI,330502,NALLAMPALLI,1,"Department of Education",2,"UPS (I-VIII)",5,"Post graduate",1,"Diploma or certificate in basic teachers training of a duration not less than two years",0,0,0,0,6,8,0,0,0,0,0,0,0,0,0,0,0,0,14,6,8
2019-20,33,Tamilnadu,3305,DHARMAPURI,330503,PENNAGARAM,1,"Department of Education",2,"UPS (I-VIII)",5,"Post graduate",1,"Diploma or certificate in basic teachers training of a duration not less than two years",0,0,0,0,4,15,0,0,0,0,0,0,0,0,0,0,0,0,19,4,15
2019-20,33,Tamilnadu,3305,DHARMAPURI,330504,PALACODE,1,"Department of Education",2,"UPS (I-VIII)",5,"Post graduate",1,"Diploma or certificate in basic teachers training of a duration not less than two years",0,0,0,0,5,3,0,0,0,0,0,0,0,0,0,0,0,0,8,5,3
2019-20,33,Tamilnadu,3305,DHARMAPURI,330505,KARIMANGALAM,1,"Department of Education",2,"UPS (I-VIII)",5,"Post graduate",1,"Diploma or certificate in basic teachers training of a duration not less than two years",0,0,0,0,2,3,0,0,0,0,0,0,0,0,0,0,0,0,5,2,3
2019-20,33,Tamilnadu,3305,DHARMAPURI,330506,MORAPPUR,1,"Department of Education",2,"UPS (I-VIII)",5,"Post graduate",1,"Diploma or certificate in basic teachers training of a duration not less than two years",0,0,0,0,6,4,0,0,0,0,0,0,0,0,0,0,0,0,10,6,4
2019-20,33,Tamilnadu,3305,DHARMAPURI,330507,PAPPIREDDIPATTI,1,"Department of Education",2,"UPS (I-VIII)",5,"Post graduate",1,"Diploma or certificate in basic teachers training of a duration not less than two years",0,0,0,0,3,3,0,0,0,0,0,0,0,0,0,0,0,0,6,3,3
2019-20,33,Tamilnadu,3305,DHARMAPURI,330508,HARUR,1,"Department of Education",2,"UPS (I-VIII)",5,"Post graduate",1,"Diploma or certificate in basic teachers training of a duration not less than two years",0,0,0,0,6,19,0,0,0,0,0,0,0,0,0,0,0,0,25,6,19
2019-20,33,Tamilnadu,3305,DHARMAPURI,330503,PENNAGARAM,1,"Department of Education",7,"SS (VI-X)",5,"Post graduate",1,"Diploma or certificate in basic teachers training of a duration not less than two years",0,0,0,0,0,0,0,0,1,0,0,0,0,0,0,0,0,0,1,1,0
2019-20,33,Tamilnadu,3305,DHARMAPURI,330501,DHARMAPURI,1,"Department of Education",1,"PS (I-V)",5,"Post graduate",3,"B.Ed. or equivalent",0,0,0,0,33,98,0,0,0,0,0,0,0,0,0,0,0,0,131,33,98
2019-20,33,Tamilnadu,3305,DHARMAPURI,330502,NALLAMPALLI,1,"Department of Education",1,"PS (I-V)",5,"Post graduate",3,"B.Ed. or equivalent",0,0,0,0,36,98,0,0,0,0,0,0,0,0,0,0,0,0,134,36,98
2019-20,33,Tamilnadu,3305,DHARMAPURI,330503,PENNAGARAM,1,"Department of Education",1,"PS (I-V)",5,"Post graduate",3,"B.Ed. or equivalent",0,0,0,0,49,42,0,0,0,0,0,0,0,0,0,0,0,0,91,49,42
2019-20,33,Tamilnadu,3305,DHARMAPURI,330504,PALACODE,1,"Department of Education",1,"PS (I-V)",5,"Post graduate",3,"B.Ed. or equivalent",0,0,0,0,28,62,0,0,0,0,0,0,0,0,0,0,0,0,90,28,62
2019-20,33,Tamilnadu,3305,DHARMAPURI,330505,KARIMANGALAM,1,"Department of Education",1,"PS (I-V)",5,"Post graduate",3,"B.Ed. or equivalent",0,0,0,0,29,58,0,0,0,0,0,0,0,0,0,0,0,0,87,29,58
2019-20,33,Tamilnadu,3305,DHARMAPURI,330506,MORAPPUR,1,"Department of Education",1,"PS (I-V)",5,"Post graduate",3,"B.Ed. or equivalent",0,0,0,0,46,58,0,0,0,0,0,0,0,0,0,0,0,0,104,46,58
2019-20,33,Tamilnadu,3305,DHARMAPURI,330507,PAPPIREDDIPATTI,1,"Department of Education",1,"PS (I-V)",5,"Post graduate",3,"B.Ed. or equivalent",0,0,0,0,15,63,0,0,0,0,0,0,0,0,0,0,0,0,78,15,63
2019-20,33,Tamilnadu,3305,DHARMAPURI,330508,HARUR,1,"Department of Education",1,"PS (I-V)",5,"Post graduate",3,"B.Ed. or equivalent",0,0,0,0,32,57,0,0,0,0,0,0,0,0,0,0,0,0,89,32,57
2019-20,33,Tamilnadu,3305,DHARMAPURI,330501,DHARMAPURI,1,"Department of Education",2,"UPS (I-VIII)",5,"Post graduate",3,"B.Ed. or equivalent",0,0,0,0,15,31,1,0,33,47,0,0,0,0,0,0,0,0,127,49,78
2019-20,33,Tamilnadu,3305,DHARMAPURI,330502,NALLAMPALLI,1,"Department of Education",2,"UPS (I-VIII)",5,"Post graduate",3,"B.Ed. or equivalent",0,0,0,0,21,29,10,9,42,62,0,0,0,0,0,0,0,0,173,73,100
2019-20,33,Tamilnadu,3305,DHARMAPURI,330503,PENNAGARAM,1,"Department of Education",2,"UPS (I-VIII)",5,"Post graduate",3,"B.Ed. or equivalent",0,0,0,0,14,20,40,27,79,60,0,0,0,0,0,0,0,0,240,133,107
2019-20,33,Tamilnadu,3305,DHARMAPURI,330504,PALACODE,1,"Department of Education",2,"UPS (I-VIII)",5,"Post graduate",3,"B.Ed. or equivalent",0,0,0,0,7,12,7,19,41,52,0,0,0,0,0,0,0,0,138,55,83
2019-20,33,Tamilnadu,3305,DHARMAPURI,330505,KARIMANGALAM,1,"Department of Education",2,"UPS (I-VIII)",5,"Post graduate",3,"B.Ed. or equivalent",0,0,0,0,12,34,11,15,45,57,0,0,0,0,0,0,0,0,174,68,106
2019-20,33,Tamilnadu,3305,DHARMAPURI,330506,MORAPPUR,1,"Department of Education",2,"UPS (I-VIII)",5,"Post graduate",3,"B.Ed. or equivalent",0,0,0,0,12,24,2,5,42,24,0,0,0,0,0,0,0,0,109,56,53
2019-20,33,Tamilnadu,3305,DHARMAPURI,330507,PAPPIREDDIPATTI,1,"Department of Education",2,"UPS (I-VIII)",5,"Post graduate",3,"B.Ed. or equivalent",0,0,0,0,4,10,0,0,19,13,0,0,0,0,0,0,0,0,46,23,23
2019-20,33,Tamilnadu,3305,DHARMAPURI,330508,HARUR,1,"Department of Education",2,"UPS (I-VIII)",5,"Post graduate",3,"B.Ed. or equivalent",0,0,0,0,15,17,4,3,52,47,0,0,0,0,0,0,0,0,138,71,67
2019-20,33,Tamilnadu,3305,DHARMAPURI,330503,PENNAGARAM,1,"Department of Education",3,"HSS (I-XII)",5,"Post graduate",3,"B.Ed. or equivalent",0,0,0,0,0,0,0,0,2,0,2,1,3,4,0,0,7,1,20,14,6
2019-20,33,Tamilnadu,3305,DHARMAPURI,330501,DHARMAPURI,1,"Department of Education",7,"SS (VI-X)",5,"Post graduate",3,"B.Ed. or equivalent",0,0,0,0,0,0,0,0,3,7,26,26,13,12,0,0,0,0,87,42,45
2019-20,33,Tamilnadu,3305,DHARMAPURI,330502,NALLAMPALLI,1,"Department of Education",7,"SS (VI-X)",5,"Post graduate",3,"B.Ed. or equivalent",0,0,0,0,0,0,0,0,5,8,23,43,31,23,0,0,0,0,133,59,74
2019-20,33,Tamilnadu,3305,DHARMAPURI,330503,PENNAGARAM,1,"Department of Education",7,"SS (VI-X)",5,"Post graduate",3,"B.Ed. or equivalent",0,0,0,0,0,0,0,0,6,11,58,38,14,14,0,0,0,0,141,78,63
2019-20,33,Tamilnadu,3305,DHARMAPURI,330504,PALACODE,1,"Department of Education",7,"SS (VI-X)",5,"Post graduate",3,"B.Ed. or equivalent",0,0,0,0,0,0,0,0,10,4,21,26,8,2,0,0,0,0,71,39,32
2019-20,33,Tamilnadu,3305,DHARMAPURI,330505,KARIMANGALAM,1,"Department of Education",7,"SS (VI-X)",5,"Post graduate",3,"B.Ed. or equivalent",0,0,0,0,0,0,0,0,3,0,9,6,5,4,0,0,0,0,27,17,10
2019-20,33,Tamilnadu,3305,DHARMAPURI,330506,MORAPPUR,1,"Department of Education",7,"SS (VI-X)",5,"Post graduate",3,"B.Ed. or equivalent",0,0,0,0,0,0,0,0,6,1,29,23,12,9,0,0,0,0,80,47,33
2019-20,33,Tamilnadu,3305,DHARMAPURI,330507,PAPPIREDDIPATTI,1,"Department of Education",7,"SS (VI-X)",5,"Post graduate",3,"B.Ed. or equivalent",0,0,0,0,0,0,0,0,5,4,20,10,6,14,0,0,0,0,59,31,28
2019-20,33,Tamilnadu,3305,DHARMAPURI,330508,HARUR,1,"Department of Education",7,"SS (VI-X)",5,"Post graduate",3,"B.Ed. or equivalent",0,0,0,0,0,0,0,0,15,6,39,25,18,10,0,0,0,0,113,72,41
2019-20,33,Tamilnadu,3305,DHARMAPURI,330501,DHARMAPURI,1,"Department of Education",1,"PS (I-V)",5,"Post graduate",4,"M.Ed. or equivalent",0,0,0,0,0,2,0,0,0,0,0,0,0,0,0,0,0,0,2,0,2
2019-20,33,Tamilnadu,3305,DHARMAPURI,330502,NALLAMPALLI,1,"Department of Education",1,"PS (I-V)",5,"Post graduate",4,"M.Ed. or equivalent",0,0,0,0,1,0,0,0,0,0,0,0,0,0,0,0,0,0,1,1,0
2019-20,33,Tamilnadu,3305,DHARMAPURI,330503,PENNAGARAM,1,"Department of Education",1,"PS (I-V)",5,"Post graduate",4,"M.Ed. or equivalent",0,0,0,0,0,4,0,0,0,0,0,0,0,0,0,0,0,0,4,0,4
2019-20,33,Tamilnadu,3305,DHARMAPURI,330504,PALACODE,1,"Department of Education",1,"PS (I-V)",5,"Post graduate",4,"M.Ed. or equivalent",0,0,0,0,0,1,0,0,0,0,0,0,0,0,0,0,0,0,1,0,1
2019-20,33,Tamilnadu,3305,DHARMAPURI,330505,KARIMANGALAM,1,"Department of Education",1,"PS (I-V)",5,"Post graduate",4,"M.Ed. or equivalent",0,0,0,0,0,1,0,0,0,0,0,0,0,0,0,0,0,0,1,0,1
2019-20,33,Tamilnadu,3305,DHARMAPURI,330506,MORAPPUR,1,"Department of Education",1,"PS (I-V)",5,"Post graduate",4,"M.Ed. or equivalent",0,0,0,0,4,4,0,0,0,0,0,0,0,0,0,0,0,0,8,4,4
2019-20,33,Tamilnadu,3305,DHARMAPURI,330508,HARUR,1,"Department of Education",1,"PS (I-V)",5,"Post graduate",4,"M.Ed. or equivalent",0,0,0,0,1,3,0,0,0,0,0,0,0,0,0,0,0,0,4,1,3
2019-20,33,Tamilnadu,3305,DHARMAPURI,330501,DHARMAPURI,1,"Department of Education",2,"UPS (I-VIII)",5,"Post graduate",4,"M.Ed. or equivalent",0,0,0,0,0,0,0,0,7,2,0,0,0,0,0,0,0,0,9,7,2
2019-20,33,Tamilnadu,3305,DHARMAPURI,330502,NALLAMPALLI,1,"Department of Education",2,"UPS (I-VIII)",5,"Post graduate",4,"M.Ed. or equivalent",0,0,0,0,0,1,0,0,4,7,0,0,0,0,0,0,0,0,12,4,8
2019-20,33,Tamilnadu,3305,DHARMAPURI,330503,PENNAGARAM,1,"Department of Education",2,"UPS (I-VIII)",5,"Post graduate",4,"M.Ed. or equivalent",0,0,0,0,1,0,2,2,6,7,0,0,0,0,0,0,0,0,18,9,9
2019-20,33,Tamilnadu,3305,DHARMAPURI,330504,PALACODE,1,"Department of Education",2,"UPS (I-VIII)",5,"Post graduate",4,"M.Ed. or equivalent",0,0,0,0,0,0,1,0,4,2,0,0,0,0,0,0,0,0,7,5,2
2019-20,33,Tamilnadu,3305,DHARMAPURI,330505,KARIMANGALAM,1,"Department of Education",2,"UPS (I-VIII)",5,"Post graduate",4,"M.Ed. or equivalent",0,0,0,0,0,1,2,0,4,0,0,0,0,0,0,0,0,0,7,6,1
2019-20,33,Tamilnadu,3305,DHARMAPURI,330506,MORAPPUR,1,"Department of Education",2,"UPS (I-VIII)",5,"Post graduate",4,"M.Ed. or equivalent",0,0,0,0,0,0,1,0,3,1,0,0,0,0,0,0,0,0,5,4,1
2019-20,33,Tamilnadu,3305,DHARMAPURI,330507,PAPPIREDDIPATTI,1,"Department of Education",2,"UPS (I-VIII)",5,"Post graduate",4,"M.Ed. or equivalent",0,0,0,0,0,0,0,0,3,2,0,0,0,0,0,0,0,0,5,3,2
2019-20,33,Tamilnadu,3305,DHARMAPURI,330508,HARUR,1,"Department of Education",2,"UPS (I-VIII)",5,"Post graduate",4,"M.Ed. or equivalent",0,0,0,0,1,0,0,0,3,2,0,0,0,0,0,0,0,0,6,4,2
2019-20,33,Tamilnadu,3305,DHARMAPURI,330503,PENNAGARAM,1,"Department of Education",3,"HSS (I-XII)",5,"Post graduate",4,"M.Ed. or equivalent",0,0,0,0,0,0,0,0,0,0,1,0,0,0,0,0,2,0,3,3,0
2019-20,33,Tamilnadu,3305,DHARMAPURI,330501,DHARMAPURI,1,"Department of Education",5,"HSS (VI-XII)",5,"Post graduate",4,"M.Ed. or equivalent",0,0,0,0,0,0,0,0,0,1,3,4,5,2,2,0,9,8,34,19,15
2019-20,33,Tamilnadu,3305,DHARMAPURI,330502,NALLAMPALLI,1,"Department of Education",5,"HSS (VI-XII)",5,"Post graduate",4,"M.Ed. or equivalent",0,0,0,0,0,0,0,0,1,1,1,0,6,1,2,0,9,13,34,19,15
2019-20,33,Tamilnadu,3305,DHARMAPURI,330503,PENNAGARAM,1,"Department of Education",5,"HSS (VI-XII)",5,"Post graduate",4,"M.Ed. or equivalent",0,0,0,0,0,0,0,0,0,0,1,1,4,1,2,0,12,2,23,19,4
2019-20,33,Tamilnadu,3305,DHARMAPURI,330504,PALACODE,1,"Department of Education",5,"HSS (VI-XII)",5,"Post graduate",4,"M.Ed. or equivalent",0,0,0,0,0,0,0,0,1,0,0,5,5,0,0,1,7,7,26,13,13
2019-20,33,Tamilnadu,3305,DHARMAPURI,330505,KARIMANGALAM,1,"Department of Education",5,"HSS (VI-XII)",5,"Post graduate",4,"M.Ed. or equivalent",0,0,0,0,0,0,0,0,0,0,4,9,2,3,0,1,6,9,34,12,22
2019-20,33,Tamilnadu,3305,DHARMAPURI,330506,MORAPPUR,1,"Department of Education",5,"HSS (VI-XII)",5,"Post graduate",4,"M.Ed. or equivalent",0,0,0,0,0,0,0,0,0,1,1,2,4,2,3,0,9,3,25,17,8
2019-20,33,Tamilnadu,3305,DHARMAPURI,330507,PAPPIREDDIPATTI,1,"Department of Education",5,"HSS (VI-XII)",5,"Post graduate",4,"M.Ed. or equivalent",0,0,0,0,0,0,0,0,0,2,0,1,4,2,0,0,8,3,20,12,8
2019-20,33,Tamilnadu,3305,DHARMAPURI,330508,HARUR,1,"Department of Education",5,"HSS (VI-XII)",5,"Post graduate",4,"M.Ed. or equivalent",0,0,0,0,0,0,0,0,0,0,3,2,3,0,1,0,4,3,16,11,5
2019-20,33,Tamilnadu,3305,DHARMAPURI,330501,DHARMAPURI,1,"Department of Education",7,"SS (VI-X)",5,"Post graduate",4,"M.Ed. or equivalent",0,0,0,0,0,0,0,0,2,0,4,2,2,2,0,0,0,0,12,8,4
2019-20,33,Tamilnadu,3305,DHARMAPURI,330502,NALLAMPALLI,1,"Department of Education",7,"SS (VI-X)",5,"Post graduate",4,"M.Ed. or equivalent",0,0,0,0,0,0,0,0,0,0,6,2,5,5,0,0,0,0,18,11,7
2019-20,33,Tamilnadu,3305,DHARMAPURI,330503,PENNAGARAM,1,"Department of Education",7,"SS (VI-X)",5,"Post graduate",4,"M.Ed. or equivalent",0,0,0,0,0,0,0,0,1,0,6,6,3,0,0,0,0,0,16,10,6
2019-20,33,Tamilnadu,3305,DHARMAPURI,330504,PALACODE,1,"Department of Education",7,"SS (VI-X)",5,"Post graduate",4,"M.Ed. or equivalent",0,0,0,0,0,0,0,0,1,0,3,2,5,0,0,0,0,0,11,9,2
2019-20,33,Tamilnadu,3305,DHARMAPURI,330505,KARIMANGALAM,1,"Department of Education",7,"SS (VI-X)",5,"Post graduate",4,"M.Ed. or equivalent",0,0,0,0,0,0,0,0,0,0,1,0,2,0,0,0,0,0,3,3,0
2019-20,33,Tamilnadu,3305,DHARMAPURI,330506,MORAPPUR,1,"Department of Education",7,"SS (VI-X)",5,"Post graduate",4,"M.Ed. or equivalent",0,0,0,0,0,0,0,0,0,2,5,2,1,0,0,0,0,0,10,6,4
2019-20,33,Tamilnadu,3305,DHARMAPURI,330507,PAPPIREDDIPATTI,1,"Department of Education",7,"SS (VI-X)",5,"Post graduate",4,"M.Ed. or equivalent",0,0,0,0,0,0,0,0,0,1,3,0,1,1,0,0,0,0,6,4,2
2019-20,33,Tamilnadu,3305,DHARMAPURI,330508,HARUR,1,"Department of Education",7,"SS (VI-X)",5,"Post graduate",4,"M.Ed. or equivalent",0,0,0,0,0,0,0,0,1,0,6,2,2,4,0,0,0,0,15,9,6
2019-20,33,Tamilnadu,3305,DHARMAPURI,330501,DHARMAPURI,1,"Department of Education",5,"HSS (VI-XII)",5,"Post graduate",5,Others,0,0,0,0,0,0,0,0,1,2,0,0,0,0,1,0,0,0,4,2,2
2019-20,33,Tamilnadu,3305,DHARMAPURI,330502,NALLAMPALLI,1,"Department of Education",5,"HSS (VI-XII)",5,"Post graduate",5,Others,0,0,0,0,0,0,0,0,0,2,0,0,0,1,0,0,0,0,3,0,3
2019-20,33,Tamilnadu,3305,DHARMAPURI,330503,PENNAGARAM,1,"Department of Education",5,"HSS (VI-XII)",5,"Post graduate",5,Others,0,0,0,0,0,0,0,0,0,2,0,0,0,0,0,0,0,0,2,0,2
2019-20,33,Tamilnadu,3305,DHARMAPURI,330504,PALACODE,1,"Department of Education",5,"HSS (VI-XII)",5,"Post graduate",5,Others,0,0,0,0,0,0,0,0,1,0,1,0,0,0,0,0,0,0,2,2,0
2019-20,33,Tamilnadu,3305,DHARMAPURI,330505,KARIMANGALAM,1,"Department of Education",5,"HSS (VI-XII)",5,"Post graduate",5,Others,0,0,0,0,0,0,0,0,0,2,0,0,1,0,0,0,0,0,3,1,2
2019-20,33,Tamilnadu,3305,DHARMAPURI,330506,MORAPPUR,1,"Department of Education",5,"HSS (VI-XII)",5,"Post graduate",5,Others,0,0,0,0,0,0,0,0,1,0,0,0,0,0,0,0,0,0,1,1,0
2019-20,33,Tamilnadu,3305,DHARMAPURI,330507,PAPPIREDDIPATTI,1,"Department of Education",5,"HSS (VI-XII)",5,"Post graduate",5,Others,0,0,0,0,0,0,0,0,0,0,1,0,0,0,0,0,0,0,1,1,0
2019-20,33,Tamilnadu,3305,DHARMAPURI,330508,HARUR,1,"Department of Education",5,"HSS (VI-XII)",5,"Post graduate",5,Others,0,0,0,0,0,0,0,0,0,0,0,0,1,0,0,0,0,0,1,1,0
2019-20,33,Tamilnadu,3305,DHARMAPURI,330501,DHARMAPURI,1,"Department of Education",7,"SS (VI-X)",5,"Post graduate",5,Others,0,0,0,0,0,0,0,0,1,1,0,0,0,0,0,0,0,0,2,1,1
2019-20,33,Tamilnadu,3305,DHARMAPURI,330502,NALLAMPALLI,1,"Department of Education",7,"SS (VI-X)",5,"Post graduate",5,Others,0,0,0,0,0,0,0,0,2,2,0,0,0,0,0,0,0,0,4,2,2
2019-20,33,Tamilnadu,3305,DHARMAPURI,330504,PALACODE,1,"Department of Education",7,"SS (VI-X)",5,"Post graduate",5,Others,0,0,0,0,0,0,0,0,0,1,0,0,0,0,0,0,0,0,1,0,1
2019-20,33,Tamilnadu,3305,DHARMAPURI,330507,PAPPIREDDIPATTI,1,"Department of Education",7,"SS (VI-X)",5,"Post graduate",5,Others,0,0,0,0,0,0,0,0,0,1,0,0,0,0,0,0,0,0,1,0,1
2019-20,33,Tamilnadu,3305,DHARMAPURI,330508,HARUR,1,"Department of Education",7,"SS (VI-X)",5,"Post graduate",5,Others,0,0,0,0,0,0,0,0,0,1,1,0,0,0,0,0,0,0,2,1,1
2019-20,33,Tamilnadu,3305,DHARMAPURI,330503,PENNAGARAM,1,"Department of Education",2,"UPS (I-VIII)",5,"Post graduate",6,None,0,0,0,0,0,0,0,0,1,1,0,0,0,0,0,0,0,0,2,1,1
2019-20,33,Tamilnadu,3305,DHARMAPURI,330501,DHARMAPURI,1,"Department of Education",5,"HSS (VI-XII)",5,"Post graduate",6,None,0,0,0,0,0,0,0,0,0,1,0,0,0,0,0,0,0,0,1,0,1
2019-20,33,Tamilnadu,3305,DHARMAPURI,330502,NALLAMPALLI,1,"Department of Education",5,"HSS (VI-XII)",5,"Post graduate",6,None,0,0,0,0,0,0,0,0,1,0,0,0,0,0,1,0,0,1,3,2,1
2019-20,33,Tamilnadu,3305,DHARMAPURI,330503,PENNAGARAM,1,"Department of Education",5,"HSS (VI-XII)",5,"Post graduate",6,None,0,0,0,0,0,0,0,0,0,0,0,0,0,0,1,1,0,0,2,1,1
2019-20,33,Tamilnadu,3305,DHARMAPURI,330504,PALACODE,1,"Department of Education",5,"HSS (VI-XII)",5,"Post graduate",6,None,0,0,0,0,0,0,0,0,2,0,0,1,0,0,0,0,1,0,4,3,1
2019-20,33,Tamilnadu,3305,DHARMAPURI,330505,KARIMANGALAM,1,"Department of Education",5,"HSS (VI-XII)",5,"Post graduate",6,None,0,0,0,0,0,0,0,0,0,0,0,0,0,0,1,0,0,0,1,1,0
2019-20,33,Tamilnadu,3305,DHARMAPURI,330507,PAPPIREDDIPATTI,1,"Department of Education",5,"HSS (VI-XII)",5,"Post graduate",6,None,0,0,0,0,0,0,0,0,1,0,0,0,0,0,0,0,0,0,1,1,0
2019-20,33,Tamilnadu,3305,DHARMAPURI,330501,DHARMAPURI,1,"Department of Education",7,"SS (VI-X)",5,"Post graduate",6,None,0,0,0,0,0,0,0,0,1,0,0,0,0,0,0,0,0,0,1,1,0
2019-20,33,Tamilnadu,3305,DHARMAPURI,330506,MORAPPUR,1,"Department of Education",7,"SS (VI-X)",5,"Post graduate",6,None,0,0,0,0,0,0,0,0,2,0,1,0,0,0,0,0,0,0,3,3,0
2019-20,33,Tamilnadu,3305,DHARMAPURI,330507,PAPPIREDDIPATTI,1,"Department of Education",7,"SS (VI-X)",5,"Post graduate",6,None,0,0,0,0,0,0,0,0,0,0,0,0,0,1,0,0,0,0,1,0,1
2019-20,33,Tamilnadu,3305,DHARMAPURI,330508,HARUR,1,"Department of Education",7,"SS (VI-X)",5,"Post graduate",6,None,0,0,0,0,0,0,0,0,1,1,1,0,0,0,0,0,0,0,3,2,1
2019-20,33,Tamilnadu,3305,DHARMAPURI,330503,PENNAGARAM,1,"Department of Education",1,"PS (I-V)",6,M.Phil,1,"Diploma or certificate in basic teachers training of a duration not less than two years",0,0,0,0,0,1,0,0,0,0,0,0,0,0,0,0,0,0,1,0,1
2019-20,33,Tamilnadu,3305,DHARMAPURI,330506,MORAPPUR,1,"Department of Education",1,"PS (I-V)",6,M.Phil,1,"Diploma or certificate in basic teachers training of a duration not less than two years",0,0,0,0,1,0,0,0,0,0,0,0,0,0,0,0,0,0,1,1,0
2019-20,33,Tamilnadu,3305,DHARMAPURI,330507,PAPPIREDDIPATTI,1,"Department of Education",1,"PS (I-V)",6,M.Phil,1,"Diploma or certificate in basic teachers training of a duration not less than two years",0,0,0,0,0,2,0,0,0,0,0,0,0,0,0,0,0,0,2,0,2
2019-20,33,Tamilnadu,3305,DHARMAPURI,330508,HARUR,1,"Department of Education",1,"PS (I-V)",6,M.Phil,1,"Diploma or certificate in basic teachers training of a duration not less than two years",0,0,0,0,0,1,0,0,0,0,0,0,0,0,0,0,0,0,1,0,1
2019-20,33,Tamilnadu,3305,DHARMAPURI,330501,DHARMAPURI,1,"Department of Education",1,"PS (I-V)",6,M.Phil,3,"B.Ed. or equivalent",0,0,0,0,1,1,0,0,0,0,0,0,0,0,0,0,0,0,2,1,1
2019-20,33,Tamilnadu,3305,DHARMAPURI,330502,NALLAMPALLI,1,"Department of Education",1,"PS (I-V)",6,M.Phil,3,"B.Ed. or equivalent",0,0,0,0,3,5,0,0,0,0,0,0,0,0,0,0,0,0,8,3,5
2019-20,33,Tamilnadu,3305,DHARMAPURI,330503,PENNAGARAM,1,"Department of Education",1,"PS (I-V)",6,M.Phil,3,"B.Ed. or equivalent",0,0,0,0,0,1,0,0,0,0,0,0,0,0,0,0,0,0,1,0,1
2019-20,33,Tamilnadu,3305,DHARMAPURI,330504,PALACODE,1,"Department of Education",1,"PS (I-V)",6,M.Phil,3,"B.Ed. or equivalent",0,0,0,0,1,1,0,0,0,0,0,0,0,0,0,0,0,0,2,1,1
2019-20,33,Tamilnadu,3305,DHARMAPURI,330505,KARIMANGALAM,1,"Department of Education",1,"PS (I-V)",6,M.Phil,3,"B.Ed. or equivalent",0,0,0,0,2,1,0,0,0,0,0,0,0,0,0,0,0,0,3,2,1
2019-20,33,Tamilnadu,3305,DHARMAPURI,330506,MORAPPUR,1,"Department of Education",1,"PS (I-V)",6,M.Phil,3,"B.Ed. or equivalent",0,0,0,0,1,0,0,0,0,0,0,0,0,0,0,0,0,0,1,1,0
2019-20,33,Tamilnadu,3305,DHARMAPURI,330507,PAPPIREDDIPATTI,1,"Department of Education",1,"PS (I-V)",6,M.Phil,3,"B.Ed. or equivalent",0,0,0,0,1,2,0,0,0,0,0,0,0,0,0,0,0,0,3,1,2
2019-20,33,Tamilnadu,3305,DHARMAPURI,330508,HARUR,1,"Department of Education",1,"PS (I-V)",6,M.Phil,3,"B.Ed. or equivalent",0,0,0,0,1,3,0,0,0,0,0,0,0,0,0,0,0,0,4,1,3
2019-20,33,Tamilnadu,3305,DHARMAPURI,330501,DHARMAPURI,1,"Department of Education",2,"UPS (I-VIII)",6,M.Phil,3,"B.Ed. or equivalent",0,0,0,0,0,0,0,0,3,4,0,0,0,0,0,0,0,0,7,3,4
2019-20,33,Tamilnadu,3305,DHARMAPURI,330502,NALLAMPALLI,1,"Department of Education",2,"UPS (I-VIII)",6,M.Phil,3,"B.Ed. or equivalent",0,0,0,0,0,1,0,1,5,8,0,0,0,0,0,0,0,0,15,5,10
2019-20,33,Tamilnadu,3305,DHARMAPURI,330503,PENNAGARAM,1,"Department of Education",2,"UPS (I-VIII)",6,M.Phil,3,"B.Ed. or equivalent",0,0,0,0,0,0,1,1,5,8,0,0,0,0,0,0,0,0,15,6,9
2019-20,33,Tamilnadu,3305,DHARMAPURI,330504,PALACODE,1,"Department of Education",2,"UPS (I-VIII)",6,M.Phil,3,"B.Ed. or equivalent",0,0,0,0,0,0,3,1,2,2,0,0,0,0,0,0,0,0,8,5,3
2019-20,33,Tamilnadu,3305,DHARMAPURI,330505,KARIMANGALAM,1,"Department of Education",2,"UPS (I-VIII)",6,M.Phil,3,"B.Ed. or equivalent",0,0,0,0,0,0,1,1,4,4,0,0,0,0,0,0,0,0,10,5,5
2019-20,33,Tamilnadu,3305,DHARMAPURI,330506,MORAPPUR,1,"Department of Education",2,"UPS (I-VIII)",6,M.Phil,3,"B.Ed. or equivalent",0,0,0,0,2,0,1,0,3,1,0,0,0,0,0,0,0,0,7,6,1
2019-20,33,Tamilnadu,3305,DHARMAPURI,330507,PAPPIREDDIPATTI,1,"Department of Education",2,"UPS (I-VIII)",6,M.Phil,3,"B.Ed. or equivalent",0,0,0,0,0,2,0,0,5,1,0,0,0,0,0,0,0,0,8,5,3
2019-20,33,Tamilnadu,3305,DHARMAPURI,330508,HARUR,1,"Department of Education",2,"UPS (I-VIII)",6,M.Phil,3,"B.Ed. or equivalent",0,0,0,0,0,0,0,0,8,5,0,0,0,0,0,0,0,0,13,8,5
2019-20,33,Tamilnadu,3305,DHARMAPURI,330503,PENNAGARAM,1,"Department of Education",3,"HSS (I-XII)",6,M.Phil,3,"B.Ed. or equivalent",0,0,0,0,0,0,0,0,0,0,0,0,2,1,1,0,3,1,8,6,2
2019-20,33,Tamilnadu,3305,DHARMAPURI,330501,DHARMAPURI,1,"Department of Education",5,"HSS (VI-XII)",6,M.Phil,3,"B.Ed. or equivalent",0,0,0,0,0,0,0,0,0,3,16,29,14,9,2,4,31,33,141,63,78
2019-20,33,Tamilnadu,3305,DHARMAPURI,330502,NALLAMPALLI,1,"Department of Education",5,"HSS (VI-XII)",6,M.Phil,3,"B.Ed. or equivalent",0,0,0,0,0,0,0,0,1,3,7,5,17,11,3,4,35,22,108,63,45
2019-20,33,Tamilnadu,3305,DHARMAPURI,330503,PENNAGARAM,1,"Department of Education",5,"HSS (VI-XII)",6,M.Phil,3,"B.Ed. or equivalent",0,0,0,0,0,0,0,0,1,0,13,5,17,7,7,1,23,14,88,61,27
2019-20,33,Tamilnadu,3305,DHARMAPURI,330504,PALACODE,1,"Department of Education",5,"HSS (VI-XII)",6,M.Phil,3,"B.Ed. or equivalent",0,0,0,0,0,0,0,0,1,0,14,9,15,13,2,5,26,23,108,58,50
2019-20,33,Tamilnadu,3305,DHARMAPURI,330505,KARIMANGALAM,1,"Department of Education",5,"HSS (VI-XII)",6,M.Phil,3,"B.Ed. or equivalent",0,0,0,0,0,0,0,0,0,0,10,14,10,7,6,0,29,27,103,55,48
2019-20,33,Tamilnadu,3305,DHARMAPURI,330506,MORAPPUR,1,"Department of Education",5,"HSS (VI-XII)",6,M.Phil,3,"B.Ed. or equivalent",0,0,0,0,0,0,0,0,0,3,11,6,14,11,7,1,26,20,99,58,41
2019-20,33,Tamilnadu,3305,DHARMAPURI,330507,PAPPIREDDIPATTI,1,"Department of Education",5,"HSS (VI-XII)",6,M.Phil,3,"B.Ed. or equivalent",0,0,0,0,0,0,0,0,1,2,6,4,13,5,3,1,22,14,71,45,26
2019-20,33,Tamilnadu,3305,DHARMAPURI,330508,HARUR,1,"Department of Education",5,"HSS (VI-XII)",6,M.Phil,3,"B.Ed. or equivalent",0,0,0,0,0,0,0,0,0,0,6,7,4,0,3,4,20,11,55,33,22
2019-20,33,Tamilnadu,3305,DHARMAPURI,330501,DHARMAPURI,1,"Department of Education",7,"SS (VI-X)",6,M.Phil,3,"B.Ed. or equivalent",0,0,0,0,0,0,0,0,0,1,7,5,2,5,0,0,0,0,20,9,11
2019-20,33,Tamilnadu,3305,DHARMAPURI,330502,NALLAMPALLI,1,"Department of Education",7,"SS (VI-X)",6,M.Phil,3,"B.Ed. or equivalent",0,0,0,0,0,0,0,0,2,1,20,8,18,2,0,0,0,0,51,40,11
2019-20,33,Tamilnadu,3305,DHARMAPURI,330503,PENNAGARAM,1,"Department of Education",7,"SS (VI-X)",6,M.Phil,3,"B.Ed. or equivalent",0,0,0,0,0,0,0,0,0,1,16,9,6,1,0,0,0,0,33,22,11
2019-20,33,Tamilnadu,3305,DHARMAPURI,330504,PALACODE,1,"Department of Education",7,"SS (VI-X)",6,M.Phil,3,"B.Ed. or equivalent",0,0,0,0,0,0,0,0,0,1,8,5,2,1,0,0,0,0,17,10,7
2019-20,33,Tamilnadu,3305,DHARMAPURI,330505,KARIMANGALAM,1,"Department of Education",7,"SS (VI-X)",6,M.Phil,3,"B.Ed. or equivalent",0,0,0,0,0,0,0,0,1,0,1,1,2,1,0,0,0,0,6,4,2
2019-20,33,Tamilnadu,3305,DHARMAPURI,330506,MORAPPUR,1,"Department of Education",7,"SS (VI-X)",6,M.Phil,3,"B.Ed. or equivalent",0,0,0,0,0,0,0,0,3,0,10,3,8,0,0,0,0,0,24,21,3
2019-20,33,Tamilnadu,3305,DHARMAPURI,330507,PAPPIREDDIPATTI,1,"Department of Education",7,"SS (VI-X)",6,M.Phil,3,"B.Ed. or equivalent",0,0,0,0,0,0,0,0,3,0,6,4,3,3,0,0,0,0,19,12,7
2019-20,33,Tamilnadu,3305,DHARMAPURI,330508,HARUR,1,"Department of Education",7,"SS (VI-X)",6,M.Phil,3,"B.Ed. or equivalent",0,0,0,0,0,0,0,0,3,1,16,2,11,5,0,0,0,0,38,30,8
2019-20,33,Tamilnadu,3305,DHARMAPURI,330503,PENNAGARAM,1,"Department of Education",1,"PS (I-V)",6,M.Phil,4,"M.Ed. or equivalent",0,0,0,0,1,0,0,0,0,0,0,0,0,0,0,0,0,0,1,1,0
2019-20,33,Tamilnadu,3305,DHARMAPURI,330506,MORAPPUR,1,"Department of Education",1,"PS (I-V)",6,M.Phil,4,"M.Ed. or equivalent",0,0,0,0,0,1,0,0,0,0,0,0,0,0,0,0,0,0,1,0,1
2019-20,33,Tamilnadu,3305,DHARMAPURI,330501,DHARMAPURI,1,"Department of Education",2,"UPS (I-VIII)",6,M.Phil,4,"M.Ed. or equivalent",0,0,0,0,0,0,0,0,0,2,0,0,0,0,0,0,0,0,2,0,2
2019-20,33,Tamilnadu,3305,DHARMAPURI,330503,PENNAGARAM,1,"Department of Education",2,"UPS (I-VIII)",6,M.Phil,4,"M.Ed. or equivalent",0,0,0,0,0,0,0,0,0,1,0,0,0,0,0,0,0,0,1,0,1
2019-20,33,Tamilnadu,3305,DHARMAPURI,330504,PALACODE,1,"Department of Education",2,"UPS (I-VIII)",6,M.Phil,4,"M.Ed. or equivalent",0,0,0,0,0,0,0,0,1,2,0,0,0,0,0,0,0,0,3,1,2
2019-20,33,Tamilnadu,3305,DHARMAPURI,330505,KARIMANGALAM,1,"Department of Education",2,"UPS (I-VIII)",6,M.Phil,4,"M.Ed. or equivalent",0,0,0,0,0,0,1,0,1,2,0,0,0,0,0,0,0,0,4,2,2
2019-20,33,Tamilnadu,3305,DHARMAPURI,330506,MORAPPUR,1,"Department of Education",2,"UPS (I-VIII)",6,M.Phil,4,"M.Ed. or equivalent",0,0,0,0,0,0,0,0,1,0,0,0,0,0,0,0,0,0,1,1,0
2019-20,33,Tamilnadu,3305,DHARMAPURI,330507,PAPPIREDDIPATTI,1,"Department of Education",2,"UPS (I-VIII)",6,M.Phil,4,"M.Ed. or equivalent",0,0,0,0,0,0,0,0,1,0,0,0,0,0,0,0,0,0,1,1,0
2019-20,33,Tamilnadu,3305,DHARMAPURI,330508,HARUR,1,"Department of Education",2,"UPS (I-VIII)",6,M.Phil,4,"M.Ed. or equivalent",0,0,0,0,0,0,0,0,1,0,0,0,0,0,0,0,0,0,1,1,0
2019-20,33,Tamilnadu,3305,DHARMAPURI,330503,PENNAGARAM,1,"Department of Education",3,"HSS (I-XII)",6,M.Phil,4,"M.Ed. or equivalent",0,0,0,0,0,0,0,0,0,0,0,0,0,0,0,0,2,0,2,2,0
2019-20,33,Tamilnadu,3305,DHARMAPURI,330501,DHARMAPURI,1,"Department of Education",5,"HSS (VI-XII)",6,M.Phil,4,"M.Ed. or equivalent",0,0,0,0,0,0,0,0,0,0,2,3,1,1,1,1,18,9,36,22,14
2019-20,33,Tamilnadu,3305,DHARMAPURI,330502,NALLAMPALLI,1,"Department of Education",5,"HSS (VI-XII)",6,M.Phil,4,"M.Ed. or equivalent",0,0,0,0,0,0,0,0,0,0,0,0,3,0,0,0,15,3,21,18,3
2019-20,33,Tamilnadu,3305,DHARMAPURI,330503,PENNAGARAM,1,"Department of Education",5,"HSS (VI-XII)",6,M.Phil,4,"M.Ed. or equivalent",0,0,0,0,0,0,0,0,0,0,0,0,1,0,4,0,10,6,21,15,6
2019-20,33,Tamilnadu,3305,DHARMAPURI,330504,PALACODE,1,"Department of Education",5,"HSS (VI-XII)",6,M.Phil,4,"M.Ed. or equivalent",0,0,0,0,0,0,0,0,0,0,1,3,1,3,3,0,12,5,28,17,11
2019-20,33,Tamilnadu,3305,DHARMAPURI,330505,KARIMANGALAM,1,"Department of Education",5,"HSS (VI-XII)",6,M.Phil,4,"M.Ed. or equivalent",0,0,0,0,0,0,0,0,0,1,2,2,1,0,0,1,12,6,25,15,10
2019-20,33,Tamilnadu,3305,DHARMAPURI,330506,MORAPPUR,1,"Department of Education",5,"HSS (VI-XII)",6,M.Phil,4,"M.Ed. or equivalent",0,0,0,0,0,0,0,0,0,0,0,1,0,0,2,0,3,2,8,5,3
2019-20,33,Tamilnadu,3305,DHARMAPURI,330507,PAPPIREDDIPATTI,1,"Department of Education",5,"HSS (VI-XII)",6,M.Phil,4,"M.Ed. or equivalent",0,0,0,0,0,0,0,0,0,0,0,0,3,0,0,0,8,7,18,11,7
2019-20,33,Tamilnadu,3305,DHARMAPURI,330508,HARUR,1,"Department of Education",5,"HSS (VI-XII)",6,M.Phil,4,"M.Ed. or equivalent",0,0,0,0,0,0,0,0,0,0,0,0,0,0,1,0,4,3,8,5,3
2019-20,33,Tamilnadu,3305,DHARMAPURI,330501,DHARMAPURI,1,"Department of Education",7,"SS (VI-X)",6,M.Phil,4,"M.Ed. or equivalent",0,0,0,0,0,0,0,0,1,0,2,0,2,2,0,0,0,0,7,5,2
2019-20,33,Tamilnadu,3305,DHARMAPURI,330502,NALLAMPALLI,1,"Department of Education",7,"SS (VI-X)",6,M.Phil,4,"M.Ed. or equivalent",0,0,0,0,0,0,0,0,0,0,1,1,3,0,0,0,0,0,5,4,1
2019-20,33,Tamilnadu,3305,DHARMAPURI,330503,PENNAGARAM,1,"Department of Education",7,"SS (VI-X)",6,M.Phil,4,"M.Ed. or equivalent",0,0,0,0,0,0,0,0,0,0,2,1,2,0,0,0,0,0,5,4,1
2019-20,33,Tamilnadu,3305,DHARMAPURI,330504,PALACODE,1,"Department of Education",7,"SS (VI-X)",6,M.Phil,4,"M.Ed. or equivalent",0,0,0,0,0,0,0,0,0,0,3,0,1,0,0,0,0,0,4,4,0
2019-20,33,Tamilnadu,3305,DHARMAPURI,330505,KARIMANGALAM,1,"Department of Education",7,"SS (VI-X)",6,M.Phil,4,"M.Ed. or equivalent",0,0,0,0,0,0,0,0,0,0,1,0,0,0,0,0,0,0,1,1,0
2019-20,33,Tamilnadu,3305,DHARMAPURI,330506,MORAPPUR,1,"Department of Education",7,"SS (VI-X)",6,M.Phil,4,"M.Ed. or equivalent",0,0,0,0,0,0,0,0,0,0,2,0,0,2,0,0,0,0,4,2,2
2019-20,33,Tamilnadu,3305,DHARMAPURI,330507,PAPPIREDDIPATTI,1,"Department of Education",7,"SS (VI-X)",6,M.Phil,4,"M.Ed. or equivalent",0,0,0,0,0,0,0,0,0,0,0,0,1,0,0,0,0,0,1,1,0
2019-20,33,Tamilnadu,3305,DHARMAPURI,330508,HARUR,1,"Department of Education",7,"SS (VI-X)",6,M.Phil,4,"M.Ed. or equivalent",0,0,0,0,0,0,0,0,0,0,3,1,1,1,0,0,0,0,6,4,2
2019-20,33,Tamilnadu,3305,DHARMAPURI,330501,DHARMAPURI,1,"Department of Education",5,"HSS (VI-XII)",6,M.Phil,5,Others,0,0,0,0,0,0,0,0,0,0,0,0,1,0,0,0,0,0,1,1,0
2019-20,33,Tamilnadu,3305,DHARMAPURI,330503,PENNAGARAM,1,"Department of Education",3,"HSS (I-XII)",6,M.Phil,6,None,0,0,0,0,0,0,0,0,0,0,0,0,0,0,0,0,0,1,1,0,1
2019-20,33,Tamilnadu,3305,DHARMAPURI,330504,PALACODE,1,"Department of Education",5,"HSS (VI-XII)",6,M.Phil,6,None,0,0,0,0,0,0,0,0,0,0,0,0,0,0,0,0,1,0,1,1,0
2019-20,33,Tamilnadu,3305,DHARMAPURI,330505,KARIMANGALAM,1,"Department of Education",5,"HSS (VI-XII)",6,M.Phil,6,None,0,0,0,0,0,0,0,0,1,0,0,0,1,0,0,0,0,0,2,2,0
2019-20,33,Tamilnadu,3305,DHARMAPURI,330506,MORAPPUR,1,"Department of Education",5,"HSS (VI-XII)",6,M.Phil,6,None,0,0,0,0,0,0,0,0,0,0,1,0,0,0,0,0,0,0,1,1,0
2019-20,33,Tamilnadu,3305,DHARMAPURI,330508,HARUR,1,"Department of Education",5,"HSS (VI-XII)",6,M.Phil,6,None,0,0,0,0,0,0,0,0,0,0,1,0,0,0,0,1,0,0,2,1,1
2019-20,33,Tamilnadu,3305,DHARMAPURI,330502,NALLAMPALLI,1,"Department of Education",7,"SS (VI-X)",6,M.Phil,6,None,0,0,0,0,0,0,0,0,1,0,0,0,0,0,0,0,0,0,1,1,0
2019-20,33,Tamilnadu,3305,DHARMAPURI,330507,PAPPIREDDIPATTI,1,"Department of Education",7,"SS (VI-X)",6,M.Phil,6,None,0,0,0,0,0,0,0,0,0,1,0,0,0,0,0,0,0,0,1,0,1
2019-20,33,Tamilnadu,3305,DHARMAPURI,330503,PENNAGARAM,1,"Department of Education",1,"PS (I-V)",7,Ph.D,1,"Diploma or certificate in basic teachers training of a duration not less than two years",0,0,0,0,1,0,0,0,0,0,0,0,0,0,0,0,0,0,1,1,0
2019-20,33,Tamilnadu,3305,DHARMAPURI,330502,NALLAMPALLI,1,"Department of Education",5,"HSS (VI-XII)",7,Ph.D,3,"B.Ed. or equivalent",0,0,0,0,0,0,0,0,0,0,0,0,0,1,0,0,1,1,3,1,2
2019-20,33,Tamilnadu,3305,DHARMAPURI,330503,PENNAGARAM,1,"Department of Education",5,"HSS (VI-XII)",7,Ph.D,3,"B.Ed. or equivalent",0,0,0,0,0,0,0,0,0,0,0,0,0,0,0,0,0,1,1,0,1
2019-20,33,Tamilnadu,3305,DHARMAPURI,330504,PALACODE,1,"Department of Education",5,"HSS (VI-XII)",7,Ph.D,3,"B.Ed. or equivalent",0,0,0,0,0,0,0,0,0,0,0,0,0,1,0,0,1,1,3,1,2
2019-20,33,Tamilnadu,3305,DHARMAPURI,330505,KARIMANGALAM,1,"Department of Education",5,"HSS (VI-XII)",7,Ph.D,3,"B.Ed. or equivalent",0,0,0,0,0,0,0,0,0,0,0,0,0,0,0,0,0,1,1,0,1
2019-20,33,Tamilnadu,3305,DHARMAPURI,330506,MORAPPUR,1,"Department of Education",5,"HSS (VI-XII)",7,Ph.D,3,"B.Ed. or equivalent",0,0,0,0,0,0,0,0,0,0,0,0,0,0,0,0,0,1,1,0,1
2019-20,33,Tamilnadu,3305,DHARMAPURI,330507,PAPPIREDDIPATTI,1,"Department of Education",5,"HSS (VI-XII)",7,Ph.D,3,"B.Ed. or equivalent",0,0,0,0,0,0,0,0,0,0,0,0,0,0,0,0,1,0,1,1,0
2019-20,33,Tamilnadu,3305,DHARMAPURI,330503,PENNAGARAM,1,"Department of Education",7,"SS (VI-X)",7,Ph.D,3,"B.Ed. or equivalent",0,0,0,0,0,0,0,0,0,0,1,0,0,0,0,0,0,0,1,1,0
2019-20,33,Tamilnadu,3305,DHARMAPURI,330501,DHARMAPURI,1,"Department of Education",5,"HSS (VI-XII)",7,Ph.D,4,"M.Ed. or equivalent",0,0,0,0,0,0,0,0,0,0,0,0,1,1,0,0,0,2,4,1,3
2019-20,33,Tamilnadu,3305,DHARMAPURI,330505,KARIMANGALAM,1,"Department of Education",5,"HSS (VI-XII)",7,Ph.D,4,"M.Ed. or equivalent",0,0,0,0,0,0,0,0,0,0,0,0,1,0,0,0,1,0,2,2,0
2019-20,33,Tamilnadu,3305,DHARMAPURI,330504,PALACODE,1,"Department of Education",7,"SS (VI-X)",7,Ph.D,4,"M.Ed. or equivalent",0,0,0,0,0,0,0,0,0,0,1,0,0,0,0,0,0,0,1,1,0
2019-20,33,Tamilnadu,3305,DHARMAPURI,330504,PALACODE,24,"Private Unaided (Recognized)",1,"PS (I-V)",3,"Higher secondary",5,Others,0,0,0,0,0,2,0,0,0,0,0,0,0,0,0,0,0,0,2,0,2
2019-20,33,Tamilnadu,3305,DHARMAPURI,330508,HARUR,24,"Private Unaided (Recognized)",1,"PS (I-V)",3,"Higher secondary",5,Others,0,0,0,0,0,1,0,0,0,0,0,0,0,0,0,0,0,0,1,0,1
2019-20,33,Tamilnadu,3305,DHARMAPURI,330501,DHARMAPURI,13,"Government Aided",1,"PS (I-V)",1,"Below Secondary",1,"Diploma or certificate in basic teachers training of a duration not less than two years",0,0,0,0,0,1,0,0,0,0,0,0,0,0,0,0,0,0,1,0,1
2019-20,33,Tamilnadu,3305,DHARMAPURI,330501,DHARMAPURI,13,"Government Aided",4,"UPS (VI-VIII)",1,"Below Secondary",5,Others,0,0,0,0,0,0,0,0,1,0,0,0,0,0,0,0,0,0,1,1,0
2019-20,33,Tamilnadu,3305,DHARMAPURI,330502,NALLAMPALLI,13,"Government Aided",1,"PS (I-V)",3,"Higher secondary",1,"Diploma or certificate in basic teachers training of a duration not less than two years",0,0,0,0,0,2,0,0,0,0,0,0,0,0,0,0,0,0,2,0,2
2019-20,33,Tamilnadu,3305,DHARMAPURI,330507,PAPPIREDDIPATTI,13,"Government Aided",1,"PS (I-V)",3,"Higher secondary",1,"Diploma or certificate in basic teachers training of a duration not less than two years",0,0,0,0,0,1,0,0,0,0,0,0,0,0,0,0,0,0,1,0,1
2019-20,33,Tamilnadu,3305,DHARMAPURI,330501,DHARMAPURI,13,"Government Aided",1,"PS (I-V)",4,Graduate,1,"Diploma or certificate in basic teachers training of a duration not less than two years",0,0,0,0,1,0,0,0,0,0,0,0,0,0,0,0,0,0,1,1,0
2019-20,33,Tamilnadu,3305,DHARMAPURI,330502,NALLAMPALLI,13,"Government Aided",1,"PS (I-V)",4,Graduate,1,"Diploma or certificate in basic teachers training of a duration not less than two years",0,0,0,0,0,3,0,0,0,0,0,0,0,0,0,0,0,0,3,0,3
2019-20,33,Tamilnadu,3305,DHARMAPURI,330504,PALACODE,13,"Government Aided",1,"PS (I-V)",4,Graduate,1,"Diploma or certificate in basic teachers training of a duration not less than two years",0,0,0,0,0,2,0,0,0,0,0,0,0,0,0,0,0,0,2,0,2
2019-20,33,Tamilnadu,3305,DHARMAPURI,330507,PAPPIREDDIPATTI,13,"Government Aided",1,"PS (I-V)",4,Graduate,1,"Diploma or certificate in basic teachers training of a duration not less than two years",0,0,0,0,0,1,0,0,0,0,0,0,0,0,0,0,0,0,1,0,1
2019-20,33,Tamilnadu,3305,DHARMAPURI,330508,HARUR,13,"Government Aided",1,"PS (I-V)",4,Graduate,1,"Diploma or certificate in basic teachers training of a duration not less than two years",0,0,0,0,0,3,0,0,0,0,0,0,0,0,0,0,0,0,3,0,3
2019-20,33,Tamilnadu,3305,DHARMAPURI,330501,DHARMAPURI,13,"Government Aided",4,"UPS (VI-VIII)",4,Graduate,3,"B.Ed. or equivalent",0,0,0,0,0,0,0,0,0,1,0,0,0,0,0,0,0,0,1,0,1
2019-20,33,Tamilnadu,3305,DHARMAPURI,330501,DHARMAPURI,13,"Government Aided",1,"PS (I-V)",5,"Post graduate",1,"Diploma or certificate in basic teachers training of a duration not less than two years",0,0,0,0,1,1,0,0,0,0,0,0,0,0,0,0,0,0,2,1,1
2019-20,33,Tamilnadu,3305,DHARMAPURI,330502,NALLAMPALLI,13,"Government Aided",1,"PS (I-V)",5,"Post graduate",1,"Diploma or certificate in basic teachers training of a duration not less than two years",0,0,0,0,1,8,0,0,0,0,0,0,0,0,0,0,0,0,9,1,8
2019-20,33,Tamilnadu,3305,DHARMAPURI,330504,PALACODE,13,"Government Aided",1,"PS (I-V)",5,"Post graduate",1,"Diploma or certificate in basic teachers training of a duration not less than two years",0,0,0,0,0,1,0,0,0,0,0,0,0,0,0,0,0,0,1,0,1
2019-20,33,Tamilnadu,3305,DHARMAPURI,330506,MORAPPUR,13,"Government Aided",1,"PS (I-V)",5,"Post graduate",1,"Diploma or certificate in basic teachers training of a duration not less than two years",0,0,0,0,0,1,0,0,0,0,0,0,0,0,0,0,0,0,1,0,1
2019-20,33,Tamilnadu,3305,DHARMAPURI,330508,HARUR,13,"Government Aided",1,"PS (I-V)",5,"Post graduate",1,"Diploma or certificate in basic teachers training of a duration not less than two years",0,0,0,0,1,2,0,0,0,0,0,0,0,0,0,0,0,0,3,1,2
2019-20,33,Tamilnadu,3305,DHARMAPURI,330501,DHARMAPURI,13,"Government Aided",1,"PS (I-V)",5,"Post graduate",3,"B.Ed. or equivalent",0,0,0,0,0,2,0,0,0,0,0,0,0,0,0,0,0,0,2,0,2
2019-20,33,Tamilnadu,3305,DHARMAPURI,330505,KARIMANGALAM,13,"Government Aided",1,"PS (I-V)",5,"Post graduate",3,"B.Ed. or equivalent",0,0,0,0,1,2,0,0,0,0,0,0,0,0,0,0,0,0,3,1,2
2019-20,33,Tamilnadu,3305,DHARMAPURI,330506,MORAPPUR,13,"Government Aided",1,"PS (I-V)",5,"Post graduate",3,"B.Ed. or equivalent",0,0,0,0,1,1,0,0,0,0,0,0,0,0,0,0,0,0,2,1,1
2019-20,33,Tamilnadu,3305,DHARMAPURI,330507,PAPPIREDDIPATTI,13,"Government Aided",1,"PS (I-V)",5,"Post graduate",3,"B.Ed. or equivalent",0,0,0,0,1,3,0,0,0,0,0,0,0,0,0,0,0,0,4,1,3
2019-20,33,Tamilnadu,3305,DHARMAPURI,330501,DHARMAPURI,13,"Government Aided",4,"UPS (VI-VIII)",5,"Post graduate",3,"B.Ed. or equivalent",0,0,0,0,0,0,0,0,1,2,0,0,0,0,0,0,0,0,3,1,2
2019-20,33,Tamilnadu,3305,DHARMAPURI,330505,KARIMANGALAM,13,"Government Aided",1,"PS (I-V)",5,"Post graduate",4,"M.Ed. or equivalent",0,0,0,0,0,1,0,0,0,0,0,0,0,0,0,0,0,0,1,0,1
2019-20,33,Tamilnadu,3305,DHARMAPURI,330502,NALLAMPALLI,13,"Government Aided",1,"PS (I-V)",6,M.Phil,1,"Diploma or certificate in basic teachers training of a duration not less than two years",0,0,0,0,0,1,0,0,0,0,0,0,0,0,0,0,0,0,1,0,1
2019-20,33,Tamilnadu,3305,DHARMAPURI,330505,KARIMANGALAM,13,"Government Aided",1,"PS (I-V)",6,M.Phil,3,"B.Ed. or equivalent",0,0,0,0,0,1,0,0,0,0,0,0,0,0,0,0,0,0,1,0,1
2019-20,33,Tamilnadu,3305,DHARMAPURI,330501,DHARMAPURI,13,"Government Aided",4,"UPS (VI-VIII)",6,M.Phil,3,"B.Ed. or equivalent",0,0,0,0,0,0,0,0,2,0,0,0,0,0,0,0,0,0,2,2,0
2019-20,33,Tamilnadu,3305,DHARMAPURI,330508,HARUR,14,"Government Aided",5,"HSS (VI-XII)",1,"Below Secondary",3,"B.Ed. or equivalent",0,0,0,0,0,0,0,0,0,0,0,0,0,1,0,0,0,0,1,0,1
2019-20,33,Tamilnadu,3305,DHARMAPURI,330507,PAPPIREDDIPATTI,14,"Government Aided",5,"HSS (VI-XII)",1,"Below Secondary",5,Others,0,0,0,0,0,0,0,0,0,1,0,0,0,0,0,0,0,0,1,0,1
2019-20,33,Tamilnadu,3305,DHARMAPURI,330502,NALLAMPALLI,14,"Government Aided",7,"SS (VI-X)",1,"Below Secondary",5,Others,0,0,0,0,0,0,0,0,1,0,0,0,0,0,0,0,0,0,1,1,0
2019-20,33,Tamilnadu,3305,DHARMAPURI,330506,MORAPPUR,14,"Government Aided",7,"SS (VI-X)",1,"Below Secondary",5,Others,0,0,0,0,0,0,0,0,0,1,0,0,0,0,0,0,0,0,1,0,1
2019-20,33,Tamilnadu,3305,DHARMAPURI,330502,NALLAMPALLI,14,"Government Aided",2,"UPS (I-VIII)",3,"Higher secondary",1,"Diploma or certificate in basic teachers training of a duration not less than two years",0,0,0,0,1,0,0,0,0,0,0,0,0,0,0,0,0,0,1,1,0
2019-20,33,Tamilnadu,3305,DHARMAPURI,330502,NALLAMPALLI,14,"Government Aided",5,"HSS (VI-XII)",3,"Higher secondary",3,"B.Ed. or equivalent",0,0,0,0,0,0,0,0,0,1,0,0,0,0,0,0,0,0,1,0,1
2019-20,33,Tamilnadu,3305,DHARMAPURI,330504,PALACODE,14,"Government Aided",5,"HSS (VI-XII)",3,"Higher secondary",3,"B.Ed. or equivalent",0,0,0,0,0,0,0,0,2,1,0,0,1,0,0,0,0,0,4,3,1
2019-20,33,Tamilnadu,3305,DHARMAPURI,330507,PAPPIREDDIPATTI,14,"Government Aided",5,"HSS (VI-XII)",3,"Higher secondary",3,"B.Ed. or equivalent",0,0,0,0,0,0,0,0,1,1,0,0,0,0,0,0,0,0,2,1,1
2019-20,33,Tamilnadu,3305,DHARMAPURI,330506,MORAPPUR,14,"Government Aided",7,"SS (VI-X)",3,"Higher secondary",3,"B.Ed. or equivalent",0,0,0,0,0,0,0,0,0,1,0,0,0,0,0,0,0,0,1,0,1
2019-20,33,Tamilnadu,3305,DHARMAPURI,330502,NALLAMPALLI,14,"Government Aided",2,"UPS (I-VIII)",4,Graduate,1,"Diploma or certificate in basic teachers training of a duration not less than two years",0,0,0,0,0,2,0,0,0,0,0,0,0,0,0,0,0,0,2,0,2
2019-20,33,Tamilnadu,3305,DHARMAPURI,330502,NALLAMPALLI,14,"Government Aided",2,"UPS (I-VIII)",4,Graduate,3,"B.Ed. or equivalent",0,0,0,0,0,1,0,0,0,0,0,0,0,0,0,0,0,0,1,0,1
2019-20,33,Tamilnadu,3305,DHARMAPURI,330502,NALLAMPALLI,14,"Government Aided",5,"HSS (VI-XII)",4,Graduate,3,"B.Ed. or equivalent",0,0,0,0,0,0,0,0,0,4,0,0,0,0,0,0,0,0,4,0,4
2019-20,33,Tamilnadu,3305,DHARMAPURI,330504,PALACODE,14,"Government Aided",5,"HSS (VI-XII)",4,Graduate,3,"B.Ed. or equivalent",0,0,0,0,0,0,0,0,0,0,1,1,0,0,0,0,0,0,2,1,1
2019-20,33,Tamilnadu,3305,DHARMAPURI,330507,PAPPIREDDIPATTI,14,"Government Aided",5,"HSS (VI-XII)",4,Graduate,3,"B.Ed. or equivalent",0,0,0,0,0,0,0,0,1,1,0,0,0,0,0,0,0,0,2,1,1
2019-20,33,Tamilnadu,3305,DHARMAPURI,330508,HARUR,14,"Government Aided",5,"HSS (VI-XII)",4,Graduate,3,"B.Ed. or equivalent",0,0,0,0,0,0,0,0,0,0,0,0,1,0,0,0,3,1,5,4,1
2019-20,33,Tamilnadu,3305,DHARMAPURI,330502,NALLAMPALLI,14,"Government Aided",7,"SS (VI-X)",4,Graduate,3,"B.Ed. or equivalent",0,0,0,0,0,0,0,0,0,3,1,0,0,0,0,0,0,0,4,1,3
2019-20,33,Tamilnadu,3305,DHARMAPURI,330506,MORAPPUR,14,"Government Aided",7,"SS (VI-X)",4,Graduate,3,"B.Ed. or equivalent",0,0,0,0,0,0,0,0,1,0,0,0,0,0,0,0,0,0,1,1,0
2019-20,33,Tamilnadu,3305,DHARMAPURI,330504,PALACODE,14,"Government Aided",5,"HSS (VI-XII)",4,Graduate,4,"M.Ed. or equivalent",0,0,0,0,0,0,0,0,0,0,0,0,0,1,0,0,0,0,1,0,1
2019-20,33,Tamilnadu,3305,DHARMAPURI,330508,HARUR,14,"Government Aided",5,"HSS (VI-XII)",4,Graduate,4,"M.Ed. or equivalent",0,0,0,0,0,0,0,0,1,0,0,0,0,0,0,0,0,0,1,1,0
2019-20,33,Tamilnadu,3305,DHARMAPURI,330502,NALLAMPALLI,14,"Government Aided",7,"SS (VI-X)",4,Graduate,4,"M.Ed. or equivalent",0,0,0,0,0,0,0,0,0,1,0,0,0,0,0,0,0,0,1,0,1
2019-20,33,Tamilnadu,3305,DHARMAPURI,330502,NALLAMPALLI,14,"Government Aided",5,"HSS (VI-XII)",4,Graduate,6,None,0,0,0,0,0,0,0,0,0,0,1,0,0,0,0,0,0,1,2,1,1
2019-20,33,Tamilnadu,3305,DHARMAPURI,330502,NALLAMPALLI,14,"Government Aided",2,"UPS (I-VIII)",5,"Post graduate",1,"Diploma or certificate in basic teachers training of a duration not less than two years",0,0,0,0,0,3,0,0,0,0,0,0,0,0,0,0,0,0,3,0,3
2019-20,33,Tamilnadu,3305,DHARMAPURI,330502,NALLAMPALLI,14,"Government Aided",5,"HSS (VI-XII)",5,"Post graduate",3,"B.Ed. or equivalent",0,0,0,0,0,0,0,0,0,1,0,0,0,1,1,1,2,0,6,3,3
2019-20,33,Tamilnadu,3305,DHARMAPURI,330504,PALACODE,14,"Government Aided",5,"HSS (VI-XII)",5,"Post graduate",3,"B.Ed. or equivalent",0,0,0,0,0,0,0,0,1,7,1,0,0,3,0,0,0,0,12,2,10
2019-20,33,Tamilnadu,3305,DHARMAPURI,330508,HARUR,14,"Government Aided",5,"HSS (VI-XII)",5,"Post graduate",3,"B.Ed. or equivalent",0,0,0,0,0,0,0,0,0,0,0,0,1,0,0,0,4,2,7,5,2
2019-20,33,Tamilnadu,3305,DHARMAPURI,330506,MORAPPUR,14,"Government Aided",7,"SS (VI-X)",5,"Post graduate",3,"B.Ed. or equivalent",0,0,0,0,0,0,0,0,0,0,0,0,1,0,0,0,0,0,1,1,0
2019-20,33,Tamilnadu,3305,DHARMAPURI,330502,NALLAMPALLI,14,"Government Aided",5,"HSS (VI-XII)",5,"Post graduate",4,"M.Ed. or equivalent",0,0,0,0,0,0,0,0,0,2,0,0,0,0,0,0,1,0,3,1,2
2019-20,33,Tamilnadu,3305,DHARMAPURI,330502,NALLAMPALLI,14,"Government Aided",5,"HSS (VI-XII)",5,"Post graduate",5,Others,0,0,0,0,0,0,0,0,0,0,0,0,1,0,0,0,0,0,1,1,0
2019-20,33,Tamilnadu,3305,DHARMAPURI,330504,PALACODE,14,"Government Aided",5,"HSS (VI-XII)",6,M.Phil,3,"B.Ed. or equivalent",0,0,0,0,0,0,0,0,0,0,1,0,0,0,0,0,0,0,1,1,0
2019-20,33,Tamilnadu,3305,DHARMAPURI,330502,NALLAMPALLI,14,"Government Aided",5,"HSS (VI-XII)",6,M.Phil,4,"M.Ed. or equivalent",0,0,0,0,0,0,0,0,0,2,1,0,0,0,0,0,1,0,4,2,2
2019-20,33,Tamilnadu,3305,DHARMAPURI,330501,DHARMAPURI,12,"Kendriya Vidyalaya / Central School",3,"HSS (I-XII)",3,"Higher secondary",1,"Diploma or certificate in basic teachers training of a duration not less than two years",0,0,0,0,0,0,1,0,0,0,0,0,0,0,0,0,0,0,1,1,0
2019-20,33,Tamilnadu,3305,DHARMAPURI,330501,DHARMAPURI,12,"Kendriya Vidyalaya / Central School",3,"HSS (I-XII)",4,Graduate,1,"Diploma or certificate in basic teachers training of a duration not less than two years",0,0,0,0,7,1,0,1,0,0,0,0,0,0,0,0,0,0,9,7,2
2019-20,33,Tamilnadu,3305,DHARMAPURI,330501,DHARMAPURI,12,"Kendriya Vidyalaya / Central School",3,"HSS (I-XII)",4,Graduate,3,"B.Ed. or equivalent",0,0,0,0,0,0,2,0,0,0,1,0,1,0,0,0,0,0,4,4,0
2019-20,33,Tamilnadu,3305,DHARMAPURI,330501,DHARMAPURI,12,"Kendriya Vidyalaya / Central School",3,"HSS (I-XII)",4,Graduate,5,Others,0,0,0,0,0,0,0,0,0,0,0,0,0,0,1,0,0,0,1,1,0
2019-20,33,Tamilnadu,3305,DHARMAPURI,330501,DHARMAPURI,12,"Kendriya Vidyalaya / Central School",3,"HSS (I-XII)",5,"Post graduate",3,"B.Ed. or equivalent",0,0,0,0,0,0,3,1,0,0,3,0,0,0,2,0,2,0,11,10,1
2019-20,33,Tamilnadu,3305,DHARMAPURI,330501,DHARMAPURI,12,"Kendriya Vidyalaya / Central School",3,"HSS (I-XII)",5,"Post graduate",4,"M.Ed. or equivalent",0,0,0,0,0,0,1,0,0,0,0,0,0,0,0,0,1,0,2,2,0
2019-20,33,Tamilnadu,3305,DHARMAPURI,330501,DHARMAPURI,12,"Kendriya Vidyalaya / Central School",3,"HSS (I-XII)",5,"Post graduate",6,None,0,0,0,0,0,0,1,0,0,0,0,0,0,0,0,0,0,0,1,1,0
2019-20,33,Tamilnadu,3305,DHARMAPURI,330501,DHARMAPURI,12,"Kendriya Vidyalaya / Central School",3,"HSS (I-XII)",6,M.Phil,3,"B.Ed. or equivalent",0,0,0,0,0,0,1,0,0,0,0,0,0,0,0,0,0,0,1,1,0
2019-20,33,Tamilnadu,3305,DHARMAPURI,330501,DHARMAPURI,3,"Local body",1,"PS (I-V)",1,"Below Secondary",1,"Diploma or certificate in basic teachers training of a duration not less than two years",0,0,0,0,0,2,0,0,0,0,0,0,0,0,0,0,0,0,2,0,2
2019-20,33,Tamilnadu,3305,DHARMAPURI,330501,DHARMAPURI,3,"Local body",1,"PS (I-V)",3,"Higher secondary",1,"Diploma or certificate in basic teachers training of a duration not less than two years",0,0,0,0,0,5,0,0,0,0,0,0,0,0,0,0,0,0,5,0,5
2019-20,33,Tamilnadu,3305,DHARMAPURI,330501,DHARMAPURI,3,"Local body",2,"UPS (I-VIII)",3,"Higher secondary",1,"Diploma or certificate in basic teachers training of a duration not less than two years",0,0,0,0,0,2,0,0,0,0,0,0,0,0,0,0,0,0,2,0,2
2019-20,33,Tamilnadu,3305,DHARMAPURI,330501,DHARMAPURI,3,"Local body",2,"UPS (I-VIII)",4,Graduate,1,"Diploma or certificate in basic teachers training of a duration not less than two years",0,0,0,0,2,0,0,0,0,0,0,0,0,0,0,0,0,0,2,2,0
2019-20,33,Tamilnadu,3305,DHARMAPURI,330501,DHARMAPURI,3,"Local body",1,"PS (I-V)",4,Graduate,3,"B.Ed. or equivalent",0,0,0,0,0,4,0,0,0,0,0,0,0,0,0,0,0,0,4,0,4
2019-20,33,Tamilnadu,3305,DHARMAPURI,330501,DHARMAPURI,3,"Local body",2,"UPS (I-VIII)",4,Graduate,3,"B.Ed. or equivalent",0,0,0,0,0,5,0,0,1,0,0,0,0,0,0,0,0,0,6,1,5
2019-20,33,Tamilnadu,3305,DHARMAPURI,330501,DHARMAPURI,3,"Local body",1,"PS (I-V)",5,"Post graduate",1,"Diploma or certificate in basic teachers training of a duration not less than two years",0,0,0,0,0,1,0,0,0,0,0,0,0,0,0,0,0,0,1,0,1
2019-20,33,Tamilnadu,3305,DHARMAPURI,330501,DHARMAPURI,3,"Local body",2,"UPS (I-VIII)",5,"Post graduate",1,"Diploma or certificate in basic teachers training of a duration not less than two years",0,0,0,0,0,2,0,0,0,0,0,0,0,0,0,0,0,0,2,0,2
2019-20,33,Tamilnadu,3305,DHARMAPURI,330501,DHARMAPURI,3,"Local body",1,"PS (I-V)",5,"Post graduate",3,"B.Ed. or equivalent",0,0,0,0,0,5,0,0,0,0,0,0,0,0,0,0,0,0,5,0,5
2019-20,33,Tamilnadu,3305,DHARMAPURI,330501,DHARMAPURI,3,"Local body",2,"UPS (I-VIII)",5,"Post graduate",3,"B.Ed. or equivalent",0,0,0,0,0,5,2,0,4,13,0,0,0,0,0,0,0,0,24,6,18
2019-20,33,Tamilnadu,3305,DHARMAPURI,330501,DHARMAPURI,3,"Local body",7,"SS (VI-X)",5,"Post graduate",3,"B.Ed. or equivalent",0,0,0,0,0,0,0,0,0,1,0,3,0,0,0,0,0,0,4,0,4
2019-20,33,Tamilnadu,3305,DHARMAPURI,330501,DHARMAPURI,3,"Local body",2,"UPS (I-VIII)",5,"Post graduate",4,"M.Ed. or equivalent",0,0,0,0,0,0,0,0,0,4,0,0,0,0,0,0,0,0,4,0,4
2019-20,33,Tamilnadu,3305,DHARMAPURI,330501,DHARMAPURI,3,"Local body",7,"SS (VI-X)",5,"Post graduate",4,"M.Ed. or equivalent",0,0,0,0,0,0,0,0,0,3,0,3,0,0,0,0,0,0,6,0,6
2019-20,33,Tamilnadu,3305,DHARMAPURI,330501,DHARMAPURI,3,"Local body",2,"UPS (I-VIII)",6,M.Phil,3,"B.Ed. or equivalent",0,0,0,0,0,0,0,0,0,2,0,0,0,0,0,0,0,0,2,0,2
2019-20,33,Tamilnadu,3305,DHARMAPURI,330501,DHARMAPURI,24,"Private Unaided (Recognized)",1,"PS (I-V)",3,"Higher secondary",5,Others,0,0,0,0,0,2,0,0,0,0,0,0,0,0,0,0,0,0,2,0,2
2019-20,33,Tamilnadu,3305,DHARMAPURI,330502,NALLAMPALLI,24,"Private Unaided (Recognized)",1,"PS (I-V)",3,"Higher secondary",5,Others,0,0,0,0,0,1,0,0,0,0,0,0,0,0,0,0,0,0,1,0,1
2019-20,33,Tamilnadu,3305,DHARMAPURI,330503,PENNAGARAM,32,"Other Govt. managed schools",4,"UPS (VI-VIII)",3,"Higher secondary",6,None,0,0,0,0,0,0,0,0,0,1,0,0,0,0,0,0,0,0,1,0,1
2019-20,33,Tamilnadu,3305,DHARMAPURI,330503,PENNAGARAM,32,"Other Govt. managed schools",4,"UPS (VI-VIII)",4,Graduate,3,"B.Ed. or equivalent",0,0,0,0,0,0,0,0,0,1,0,0,0,0,0,0,0,0,1,0,1
2019-20,33,Tamilnadu,3305,DHARMAPURI,330504,PALACODE,32,"Other Govt. managed schools",4,"UPS (VI-VIII)",4,Graduate,3,"B.Ed. or equivalent",0,0,0,0,0,0,0,0,0,2,0,0,0,0,0,0,0,0,2,0,2
2019-20,33,Tamilnadu,3305,DHARMAPURI,330505,KARIMANGALAM,32,"Other Govt. managed schools",4,"UPS (VI-VIII)",4,Graduate,3,"B.Ed. or equivalent",0,0,0,0,0,0,0,0,0,2,0,0,0,0,0,0,0,0,2,0,2
2019-20,33,Tamilnadu,3305,DHARMAPURI,330503,PENNAGARAM,32,"Other Govt. managed schools",4,"UPS (VI-VIII)",5,"Post graduate",3,"B.Ed. or equivalent",0,0,0,0,0,0,0,0,0,5,0,0,0,0,0,0,0,0,5,0,5
2019-20,33,Tamilnadu,3305,DHARMAPURI,330504,PALACODE,32,"Other Govt. managed schools",4,"UPS (VI-VIII)",5,"Post graduate",3,"B.Ed. or equivalent",0,0,0,0,0,0,0,0,0,4,0,0,0,0,0,0,0,0,4,0,4
2019-20,33,Tamilnadu,3305,DHARMAPURI,330505,KARIMANGALAM,32,"Other Govt. managed schools",4,"UPS (VI-VIII)",5,"Post graduate",3,"B.Ed. or equivalent",0,0,0,0,0,0,0,0,0,4,0,0,0,0,0,0,0,0,4,0,4
2019-20,33,Tamilnadu,3305,DHARMAPURI,330503,PENNAGARAM,32,"Other Govt. managed schools",4,"UPS (VI-VIII)",5,"Post graduate",4,"M.Ed. or equivalent",0,0,0,0,0,0,0,0,0,1,0,0,0,0,0,0,0,0,1,0,1
2019-20,33,Tamilnadu,3305,DHARMAPURI,330505,KARIMANGALAM,32,"Other Govt. managed schools",4,"UPS (VI-VIII)",5,"Post graduate",4,"M.Ed. or equivalent",0,0,0,0,0,0,0,0,0,1,0,0,0,0,0,0,0,0,1,0,1
2019-20,33,Tamilnadu,3305,DHARMAPURI,330503,PENNAGARAM,32,"Other Govt. managed schools",4,"UPS (VI-VIII)",6,M.Phil,3,"B.Ed. or equivalent",0,0,0,0,0,0,0,0,0,1,0,0,0,0,0,0,0,0,1,0,1
2019-20,33,Tamilnadu,3305,DHARMAPURI,330503,PENNAGARAM,36,"Other Govt. managed schools",2,"UPS (I-VIII)",3,"Higher secondary",5,Others,0,0,0,0,0,0,0,0,0,1,0,0,0,0,0,0,0,0,1,0,1
2019-20,33,Tamilnadu,3305,DHARMAPURI,330503,PENNAGARAM,36,"Other Govt. managed schools",2,"UPS (I-VIII)",4,Graduate,1,"Diploma or certificate in basic teachers training of a duration not less than two years",0,0,0,0,0,0,0,1,0,0,0,0,0,0,0,0,0,0,1,0,1
2019-20,33,Tamilnadu,3305,DHARMAPURI,330503,PENNAGARAM,36,"Other Govt. managed schools",2,"UPS (I-VIII)",4,Graduate,3,"B.Ed. or equivalent",0,0,0,0,0,0,0,1,0,0,0,0,0,0,0,0,0,0,1,0,1
2019-20,33,Tamilnadu,3305,DHARMAPURI,330503,PENNAGARAM,36,"Other Govt. managed schools",2,"UPS (I-VIII)",5,"Post graduate",3,"B.Ed. or equivalent",0,0,0,0,0,0,0,4,0,1,0,0,0,0,0,0,0,0,5,0,5
2019-20,33,Tamilnadu,3305,DHARMAPURI,330503,PENNAGARAM,36,"Other Govt. managed schools",2,"UPS (I-VIII)",6,M.Phil,3,"B.Ed. or equivalent",0,0,0,0,0,0,0,1,0,0,0,0,0,0,0,0,0,0,1,0,1
2019-20,33,Tamilnadu,3305,DHARMAPURI,330501,DHARMAPURI,24,"Private Unaided (Recognized)",1,"PS (I-V)",4,Graduate,5,Others,0,1,0,0,0,8,0,0,0,0,0,0,0,0,0,0,0,0,9,0,9
2019-20,33,Tamilnadu,3305,DHARMAPURI,330502,NALLAMPALLI,24,"Private Unaided (Recognized)",1,"PS (I-V)",4,Graduate,5,Others,0,1,0,0,0,2,0,0,0,0,0,0,0,0,0,0,0,0,3,0,3
2019-20,33,Tamilnadu,3305,DHARMAPURI,330503,PENNAGARAM,24,"Private Unaided (Recognized)",1,"PS (I-V)",4,Graduate,5,Others,0,0,0,0,0,3,0,0,0,0,0,0,0,0,0,0,0,0,3,0,3
2019-20,33,Tamilnadu,3305,DHARMAPURI,330504,PALACODE,24,"Private Unaided (Recognized)",1,"PS (I-V)",4,Graduate,5,Others,0,0,0,0,0,3,0,0,0,0,0,0,0,0,0,0,0,0,3,0,3
2019-20,33,Tamilnadu,3305,DHARMAPURI,330505,KARIMANGALAM,24,"Private Unaided (Recognized)",1,"PS (I-V)",4,Graduate,5,Others,0,0,0,0,0,1,0,0,0,0,0,0,0,0,0,0,0,0,1,0,1
2019-20,33,Tamilnadu,3305,DHARMAPURI,330506,MORAPPUR,24,"Private Unaided (Recognized)",1,"PS (I-V)",4,Graduate,5,Others,0,0,0,0,0,3,0,0,0,0,0,0,0,0,0,0,0,0,3,0,3
2019-20,33,Tamilnadu,3305,DHARMAPURI,330508,HARUR,24,"Private Unaided (Recognized)",1,"PS (I-V)",4,Graduate,5,Others,0,0,0,0,0,7,0,0,0,0,0,0,0,0,0,0,0,0,7,0,7
2019-20,33,Tamilnadu,3305,DHARMAPURI,330503,PENNAGARAM,24,"Private Unaided (Recognized)",1,"PS (I-V)",3,"Higher secondary",6,None,0,0,0,0,0,1,0,0,0,0,0,0,0,0,0,0,0,0,1,0,1
2019-20,33,Tamilnadu,3305,DHARMAPURI,330504,PALACODE,24,"Private Unaided (Recognized)",1,"PS (I-V)",3,"Higher secondary",6,None,0,0,0,0,0,1,0,0,0,0,0,0,0,0,0,0,0,0,1,0,1
2019-20,33,Tamilnadu,3305,DHARMAPURI,330501,DHARMAPURI,22,"Private Unaided (Recognized)",6,"SS (I-X)",1,"Below Secondary",3,"B.Ed. or equivalent",0,0,0,0,0,0,0,0,0,0,0,0,0,1,0,0,0,0,1,0,1
2019-20,33,Tamilnadu,3305,DHARMAPURI,330508,HARUR,22,"Private Unaided (Recognized)",7,"SS (VI-X)",1,"Below Secondary",3,"B.Ed. or equivalent",0,0,0,0,0,0,0,0,0,0,1,0,0,0,0,0,0,0,1,1,0
2019-20,33,Tamilnadu,3305,DHARMAPURI,330501,DHARMAPURI,22,"Private Unaided (Recognized)",6,"SS (I-X)",1,"Below Secondary",6,None,0,0,0,0,0,0,0,0,0,0,0,0,0,1,0,0,0,0,1,0,1
2019-20,33,Tamilnadu,3305,DHARMAPURI,330501,DHARMAPURI,22,"Private Unaided (Recognized)",5,"HSS (VI-XII)",4,Graduate,1,"Diploma or certificate in basic teachers training of a duration not less than two years",0,0,0,0,0,0,0,0,0,0,0,0,1,0,0,0,0,0,1,1,0
2019-20,33,Tamilnadu,3305,DHARMAPURI,330501,DHARMAPURI,22,"Private Unaided (Recognized)",6,"SS (I-X)",4,Graduate,1,"Diploma or certificate in basic teachers training of a duration not less than two years",0,0,0,0,0,0,0,0,0,0,0,0,0,2,0,0,0,0,2,0,2
2019-20,33,Tamilnadu,3305,DHARMAPURI,330502,NALLAMPALLI,22,"Private Unaided (Recognized)",7,"SS (VI-X)",4,Graduate,1,"Diploma or certificate in basic teachers training of a duration not less than two years",0,0,0,0,0,0,0,0,0,1,0,1,0,0,0,0,0,0,2,0,2
2019-20,33,Tamilnadu,3305,DHARMAPURI,330508,HARUR,22,"Private Unaided (Recognized)",7,"SS (VI-X)",4,Graduate,1,"Diploma or certificate in basic teachers training of a duration not less than two years",0,0,0,0,0,0,0,0,0,0,0,0,0,1,0,0,0,0,1,0,1
2019-20,33,Tamilnadu,3305,DHARMAPURI,330507,PAPPIREDDIPATTI,22,"Private Unaided (Recognized)",2,"UPS (I-VIII)",4,Graduate,3,"B.Ed. or equivalent",0,0,0,0,0,1,0,2,0,1,0,0,0,0,0,0,0,0,4,0,4
2019-20,33,Tamilnadu,3305,DHARMAPURI,330501,DHARMAPURI,22,"Private Unaided (Recognized)",3,"HSS (I-XII)",4,Graduate,3,"B.Ed. or equivalent",0,0,0,0,0,0,5,8,0,0,0,0,0,0,0,0,0,0,13,5,8
2019-20,33,Tamilnadu,3305,DHARMAPURI,330501,DHARMAPURI,22,"Private Unaided (Recognized)",5,"HSS (VI-XII)",4,Graduate,3,"B.Ed. or equivalent",0,0,0,0,0,0,0,0,0,0,0,0,2,1,0,0,0,0,3,2,1
2019-20,33,Tamilnadu,3305,DHARMAPURI,330505,KARIMANGALAM,22,"Private Unaided (Recognized)",5,"HSS (VI-XII)",4,Graduate,3,"B.Ed. or equivalent",0,0,0,0,0,0,0,0,0,0,1,3,0,0,0,0,0,0,4,1,3
2019-20,33,Tamilnadu,3305,DHARMAPURI,330508,HARUR,22,"Private Unaided (Recognized)",5,"HSS (VI-XII)",4,Graduate,3,"B.Ed. or equivalent",0,0,0,0,0,0,0,0,0,0,0,0,7,5,5,0,4,1,22,16,6
2019-20,33,Tamilnadu,3305,DHARMAPURI,330501,DHARMAPURI,22,"Private Unaided (Recognized)",7,"SS (VI-X)",4,Graduate,3,"B.Ed. or equivalent",0,0,0,0,0,0,0,0,0,0,0,1,0,0,0,0,0,0,1,0,1
2019-20,33,Tamilnadu,3305,DHARMAPURI,330503,PENNAGARAM,22,"Private Unaided (Recognized)",7,"SS (VI-X)",4,Graduate,3,"B.Ed. or equivalent",0,0,0,0,0,0,0,0,0,0,3,0,0,0,0,0,0,0,3,3,0
2019-20,33,Tamilnadu,3305,DHARMAPURI,330505,KARIMANGALAM,22,"Private Unaided (Recognized)",7,"SS (VI-X)",4,Graduate,3,"B.Ed. or equivalent",0,0,0,0,0,0,0,0,0,0,0,3,0,0,0,0,0,0,3,0,3
2019-20,33,Tamilnadu,3305,DHARMAPURI,330508,HARUR,22,"Private Unaided (Recognized)",7,"SS (VI-X)",4,Graduate,3,"B.Ed. or equivalent",0,0,0,0,0,0,0,0,0,3,0,0,3,1,0,0,0,0,7,3,4
2019-20,33,Tamilnadu,3305,DHARMAPURI,330501,DHARMAPURI,22,"Private Unaided (Recognized)",7,"SS (VI-X)",4,Graduate,5,Others,0,0,0,0,0,0,0,0,0,0,0,0,1,0,0,0,0,0,1,1,0
2019-20,33,Tamilnadu,3305,DHARMAPURI,330501,DHARMAPURI,22,"Private Unaided (Recognized)",3,"HSS (I-XII)",4,Graduate,6,None,0,0,0,0,0,0,1,1,0,0,0,0,0,0,0,0,0,0,2,1,1
2019-20,33,Tamilnadu,3305,DHARMAPURI,330505,KARIMANGALAM,22,"Private Unaided (Recognized)",5,"HSS (VI-XII)",4,Graduate,6,None,0,0,0,0,0,0,0,0,0,0,1,0,0,0,0,0,0,0,1,1,0
2019-20,33,Tamilnadu,3305,DHARMAPURI,330507,PAPPIREDDIPATTI,22,"Private Unaided (Recognized)",2,"UPS (I-VIII)",5,"Post graduate",1,"Diploma or certificate in basic teachers training of a duration not less than two years",0,0,0,0,0,0,0,0,0,1,0,0,0,0,0,0,0,0,1,0,1
2019-20,33,Tamilnadu,3305,DHARMAPURI,330501,DHARMAPURI,22,"Private Unaided (Recognized)",6,"SS (I-X)",5,"Post graduate",1,"Diploma or certificate in basic teachers training of a duration not less than two years",0,0,0,0,0,0,0,0,0,0,0,0,0,1,0,0,0,0,1,0,1
2019-20,33,Tamilnadu,3305,DHARMAPURI,330507,PAPPIREDDIPATTI,22,"Private Unaided (Recognized)",2,"UPS (I-VIII)",5,"Post graduate",3,"B.Ed. or equivalent",0,0,0,0,0,0,1,0,0,2,0,0,0,0,0,0,0,0,3,1,2
2019-20,33,Tamilnadu,3305,DHARMAPURI,330501,DHARMAPURI,22,"Private Unaided (Recognized)",3,"HSS (I-XII)",5,"Post graduate",3,"B.Ed. or equivalent",0,0,0,0,0,0,18,14,0,0,0,0,0,0,0,0,1,0,33,19,14
2019-20,33,Tamilnadu,3305,DHARMAPURI,330501,DHARMAPURI,22,"Private Unaided (Recognized)",5,"HSS (VI-XII)",5,"Post graduate",3,"B.Ed. or equivalent",0,0,0,0,0,0,0,0,0,0,0,0,0,0,0,0,5,1,6,5,1
2019-20,33,Tamilnadu,3305,DHARMAPURI,330505,KARIMANGALAM,22,"Private Unaided (Recognized)",5,"HSS (VI-XII)",5,"Post graduate",3,"B.Ed. or equivalent",0,0,0,0,0,0,0,0,0,0,12,7,0,0,0,0,0,0,19,12,7
2019-20,33,Tamilnadu,3305,DHARMAPURI,330508,HARUR,22,"Private Unaided (Recognized)",5,"HSS (VI-XII)",5,"Post graduate",3,"B.Ed. or equivalent",0,0,0,0,0,0,0,0,0,0,6,3,3,1,2,0,25,2,42,36,6
2019-20,33,Tamilnadu,3305,DHARMAPURI,330501,DHARMAPURI,22,"Private Unaided (Recognized)",6,"SS (I-X)",5,"Post graduate",3,"B.Ed. or equivalent",0,0,0,0,0,0,0,0,0,0,0,0,1,0,0,0,0,0,1,1,0
2019-20,33,Tamilnadu,3305,DHARMAPURI,330501,DHARMAPURI,22,"Private Unaided (Recognized)",7,"SS (VI-X)",5,"Post graduate",3,"B.Ed. or equivalent",0,0,0,0,0,0,0,0,0,0,0,0,0,2,0,0,0,0,2,0,2
2019-20,33,Tamilnadu,3305,DHARMAPURI,330502,NALLAMPALLI,22,"Private Unaided (Recognized)",7,"SS (VI-X)",5,"Post graduate",3,"B.Ed. or equivalent",0,0,0,0,0,0,0,0,0,0,0,4,3,2,0,0,0,0,9,3,6
2019-20,33,Tamilnadu,3305,DHARMAPURI,330503,PENNAGARAM,22,"Private Unaided (Recognized)",7,"SS (VI-X)",5,"Post graduate",3,"B.Ed. or equivalent",0,0,0,0,0,0,0,0,0,0,8,4,1,0,0,0,0,0,13,9,4
2019-20,33,Tamilnadu,3305,DHARMAPURI,330505,KARIMANGALAM,22,"Private Unaided (Recognized)",7,"SS (VI-X)",5,"Post graduate",3,"B.Ed. or equivalent",0,0,0,0,0,0,0,0,0,0,0,4,0,0,0,0,0,0,4,0,4
2019-20,33,Tamilnadu,3305,DHARMAPURI,330507,PAPPIREDDIPATTI,22,"Private Unaided (Recognized)",7,"SS (VI-X)",5,"Post graduate",3,"B.Ed. or equivalent",0,0,0,0,0,0,0,0,1,0,0,0,0,0,0,0,0,0,1,1,0
2019-20,33,Tamilnadu,3305,DHARMAPURI,330508,HARUR,22,"Private Unaided (Recognized)",7,"SS (VI-X)",5,"Post graduate",3,"B.Ed. or equivalent",0,0,0,0,0,0,0,0,2,0,1,0,6,3,0,0,0,0,12,9,3
2019-20,33,Tamilnadu,3305,DHARMAPURI,330505,KARIMANGALAM,22,"Private Unaided (Recognized)",5,"HSS (VI-XII)",5,"Post graduate",4,"M.Ed. or equivalent",0,0,0,0,0,0,0,0,0,0,2,1,0,0,0,0,0,0,3,2,1
2019-20,33,Tamilnadu,3305,DHARMAPURI,330508,HARUR,22,"Private Unaided (Recognized)",5,"HSS (VI-XII)",5,"Post graduate",4,"M.Ed. or equivalent",0,0,0,0,0,0,0,0,0,0,0,0,1,0,0,0,0,1,2,1,1
2019-20,33,Tamilnadu,3305,DHARMAPURI,330501,DHARMAPURI,22,"Private Unaided (Recognized)",7,"SS (VI-X)",5,"Post graduate",4,"M.Ed. or equivalent",0,0,0,0,0,0,0,0,0,0,0,0,0,2,0,0,0,0,2,0,2
2019-20,33,Tamilnadu,3305,DHARMAPURI,330501,DHARMAPURI,22,"Private Unaided (Recognized)",6,"SS (I-X)",5,"Post graduate",5,Others,0,0,0,0,0,0,0,0,0,0,0,0,0,1,0,0,0,0,1,0,1
2019-20,33,Tamilnadu,3305,DHARMAPURI,330501,DHARMAPURI,22,"Private Unaided (Recognized)",3,"HSS (I-XII)",5,"Post graduate",6,None,0,0,0,0,0,0,1,1,0,0,0,0,0,0,0,0,0,0,2,1,1
2019-20,33,Tamilnadu,3305,DHARMAPURI,330505,KARIMANGALAM,22,"Private Unaided (Recognized)",5,"HSS (VI-XII)",5,"Post graduate",6,None,0,0,0,0,0,0,0,0,0,0,0,1,0,0,0,0,0,0,1,0,1
2019-20,33,Tamilnadu,3305,DHARMAPURI,330508,HARUR,22,"Private Unaided (Recognized)",5,"HSS (VI-XII)",5,"Post graduate",6,None,0,0,0,0,0,0,0,0,0,0,0,0,0,0,0,0,0,1,1,0,1
2019-20,33,Tamilnadu,3305,DHARMAPURI,330501,DHARMAPURI,22,"Private Unaided (Recognized)",3,"HSS (I-XII)",6,M.Phil,3,"B.Ed. or equivalent",0,0,0,0,0,0,2,0,0,0,0,0,0,0,0,0,0,0,2,2,0
2019-20,33,Tamilnadu,3305,DHARMAPURI,330501,DHARMAPURI,22,"Private Unaided (Recognized)",5,"HSS (VI-XII)",6,M.Phil,3,"B.Ed. or equivalent",0,0,0,0,0,0,0,0,0,0,0,0,1,0,0,0,0,0,1,1,0
2019-20,33,Tamilnadu,3305,DHARMAPURI,330505,KARIMANGALAM,22,"Private Unaided (Recognized)",5,"HSS (VI-XII)",6,M.Phil,3,"B.Ed. or equivalent",0,0,0,0,0,0,0,0,0,0,0,1,0,0,0,0,0,0,1,0,1
2019-20,33,Tamilnadu,3305,DHARMAPURI,330508,HARUR,22,"Private Unaided (Recognized)",5,"HSS (VI-XII)",6,M.Phil,3,"B.Ed. or equivalent",0,0,0,0,0,0,0,0,0,0,1,1,0,0,0,0,0,0,2,1,1
2019-20,33,Tamilnadu,3305,DHARMAPURI,330501,DHARMAPURI,22,"Private Unaided (Recognized)",7,"SS (VI-X)",6,M.Phil,3,"B.Ed. or equivalent",0,0,0,0,0,0,0,0,0,0,0,0,0,1,0,0,0,0,1,0,1
2019-20,33,Tamilnadu,3305,DHARMAPURI,330501,DHARMAPURI,22,"Private Unaided (Recognized)",5,"HSS (VI-XII)",6,M.Phil,4,"M.Ed. or equivalent",0,0,0,0,0,0,0,0,0,0,0,0,0,0,0,0,1,0,1,1,0
2019-20,33,Tamilnadu,3305,DHARMAPURI,330505,KARIMANGALAM,22,"Private Unaided (Recognized)",5,"HSS (VI-XII)",6,M.Phil,4,"M.Ed. or equivalent",0,0,0,0,0,0,0,0,0,0,1,0,0,0,0,0,0,0,1,1,0
2019-20,33,Tamilnadu,3305,DHARMAPURI,330508,HARUR,22,"Private Unaided (Recognized)",5,"HSS (VI-XII)",6,M.Phil,4,"M.Ed. or equivalent",0,0,0,0,0,0,0,0,0,0,1,0,0,0,0,0,0,0,1,1,0
2019-20,33,Tamilnadu,3305,DHARMAPURI,330501,DHARMAPURI,22,"Private Unaided (Recognized)",7,"SS (VI-X)",6,M.Phil,4,"M.Ed. or equivalent",0,0,0,0,0,0,0,0,0,0,0,0,1,0,0,0,0,0,1,1,0
2019-20,33,Tamilnadu,3305,DHARMAPURI,330508,HARUR,22,"Private Unaided (Recognized)",7,"SS (VI-X)",7,Ph.D,3,"B.Ed. or equivalent",0,0,0,0,0,0,0,0,0,0,0,0,0,1,0,0,0,0,1,0,1
2019-20,33,Tamilnadu,3305,DHARMAPURI,330502,NALLAMPALLI,23,"Private Unaided (Recognized)",3,"HSS (I-XII)",1,"Below Secondary",1,"Diploma or certificate in basic teachers training of a duration not less than two years",0,0,0,0,1,0,0,0,0,0,0,0,0,0,0,0,0,0,1,1,0
2019-20,33,Tamilnadu,3305,DHARMAPURI,330504,PALACODE,23,"Private Unaided (Recognized)",3,"HSS (I-XII)",1,"Below Secondary",1,"Diploma or certificate in basic teachers training of a duration not less than two years",0,0,0,0,0,8,0,0,0,7,1,4,0,0,0,0,0,0,20,1,19
2019-20,33,Tamilnadu,3305,DHARMAPURI,330506,MORAPPUR,23,"Private Unaided (Recognized)",3,"HSS (I-XII)",1,"Below Secondary",1,"Diploma or certificate in basic teachers training of a duration not less than two years",0,0,0,0,0,0,0,1,0,0,0,0,0,0,0,0,0,0,1,0,1
2019-20,33,Tamilnadu,3305,DHARMAPURI,330507,PAPPIREDDIPATTI,23,"Private Unaided (Recognized)",3,"HSS (I-XII)",1,"Below Secondary",1,"Diploma or certificate in basic teachers training of a duration not less than two years",0,0,0,0,0,1,0,0,0,1,0,0,0,0,0,0,0,0,2,0,2
2019-20,33,Tamilnadu,3305,DHARMAPURI,330508,HARUR,23,"Private Unaided (Recognized)",3,"HSS (I-XII)",1,"Below Secondary",1,"Diploma or certificate in basic teachers training of a duration not less than two years",0,0,0,0,0,6,0,0,0,0,0,0,0,0,0,0,0,0,6,0,6
2019-20,33,Tamilnadu,3305,DHARMAPURI,330506,MORAPPUR,23,"Private Unaided (Recognized)",6,"SS (I-X)",1,"Below Secondary",1,"Diploma or certificate in basic teachers training of a duration not less than two years",0,0,0,0,0,1,0,0,0,0,0,0,0,0,0,0,0,0,1,0,1
2019-20,33,Tamilnadu,3305,DHARMAPURI,330506,MORAPPUR,23,"Private Unaided (Recognized)",3,"HSS (I-XII)",1,"Below Secondary",3,"B.Ed. or equivalent",0,0,0,0,0,0,1,1,0,0,0,0,0,0,0,0,0,0,2,1,1
2019-20,33,Tamilnadu,3305,DHARMAPURI,330507,PAPPIREDDIPATTI,23,"Private Unaided (Recognized)",3,"HSS (I-XII)",1,"Below Secondary",3,"B.Ed. or equivalent",0,0,0,0,0,0,0,0,0,0,0,0,1,0,0,0,1,0,2,2,0
2019-20,33,Tamilnadu,3305,DHARMAPURI,330503,PENNAGARAM,23,"Private Unaided (Recognized)",3,"HSS (I-XII)",1,"Below Secondary",4,"M.Ed. or equivalent",0,0,0,0,0,0,0,0,0,2,0,0,0,0,0,0,1,1,4,1,3
2019-20,33,Tamilnadu,3305,DHARMAPURI,330503,PENNAGARAM,23,"Private Unaided (Recognized)",2,"UPS (I-VIII)",1,"Below Secondary",5,Others,0,0,0,0,0,0,0,0,0,1,0,0,0,0,0,0,0,0,1,0,1
2019-20,33,Tamilnadu,3305,DHARMAPURI,330501,DHARMAPURI,23,"Private Unaided (Recognized)",3,"HSS (I-XII)",1,"Below Secondary",5,Others,0,1,0,0,0,0,0,2,0,0,0,0,0,0,0,0,0,0,3,0,3
2019-20,33,Tamilnadu,3305,DHARMAPURI,330504,PALACODE,23,"Private Unaided (Recognized)",3,"HSS (I-XII)",1,"Below Secondary",5,Others,0,1,0,0,0,0,0,0,0,3,0,0,0,0,0,0,0,0,4,0,4
2019-20,33,Tamilnadu,3305,DHARMAPURI,330507,PAPPIREDDIPATTI,23,"Private Unaided (Recognized)",3,"HSS (I-XII)",1,"Below Secondary",5,Others,0,0,0,0,0,0,0,1,0,0,0,0,0,0,0,0,0,0,1,0,1
2019-20,33,Tamilnadu,3305,DHARMAPURI,330508,HARUR,23,"Private Unaided (Recognized)",3,"HSS (I-XII)",1,"Below Secondary",5,Others,0,0,0,0,0,0,1,1,0,0,0,0,0,0,0,0,0,0,2,1,1
2019-20,33,Tamilnadu,3305,DHARMAPURI,330501,DHARMAPURI,23,"Private Unaided (Recognized)",3,"HSS (I-XII)",1,"Below Secondary",6,None,0,0,0,0,0,0,0,1,0,0,0,0,0,0,0,0,0,0,1,0,1
2019-20,33,Tamilnadu,3305,DHARMAPURI,330505,KARIMANGALAM,23,"Private Unaided (Recognized)",3,"HSS (I-XII)",1,"Below Secondary",6,None,0,0,0,0,0,0,0,1,0,0,0,1,0,0,0,0,0,0,2,0,2
2019-20,33,Tamilnadu,3305,DHARMAPURI,330506,MORAPPUR,23,"Private Unaided (Recognized)",3,"HSS (I-XII)",1,"Below Secondary",6,None,0,0,0,0,0,0,1,0,0,0,0,0,0,0,0,0,0,0,1,1,0
2019-20,33,Tamilnadu,3305,DHARMAPURI,330501,DHARMAPURI,23,"Private Unaided (Recognized)",2,"UPS (I-VIII)",3,"Higher secondary",1,"Diploma or certificate in basic teachers training of a duration not less than two years",0,0,0,0,1,1,0,0,0,0,0,0,0,0,0,0,0,0,2,1,1
2019-20,33,Tamilnadu,3305,DHARMAPURI,330503,PENNAGARAM,23,"Private Unaided (Recognized)",2,"UPS (I-VIII)",3,"Higher secondary",1,"Diploma or certificate in basic teachers training of a duration not less than two years",0,0,0,0,0,1,0,0,0,0,0,0,0,0,0,0,0,0,1,0,1
2019-20,33,Tamilnadu,3305,DHARMAPURI,330501,DHARMAPURI,23,"Private Unaided (Recognized)",3,"HSS (I-XII)",3,"Higher secondary",1,"Diploma or certificate in basic teachers training of a duration not less than two years",0,0,0,0,0,0,0,2,0,1,0,0,0,0,0,0,0,0,3,0,3
2019-20,33,Tamilnadu,3305,DHARMAPURI,330502,NALLAMPALLI,23,"Private Unaided (Recognized)",3,"HSS (I-XII)",3,"Higher secondary",1,"Diploma or certificate in basic teachers training of a duration not less than two years",0,0,0,0,0,1,0,0,0,0,1,0,0,0,0,0,0,0,2,1,1
2019-20,33,Tamilnadu,3305,DHARMAPURI,330503,PENNAGARAM,23,"Private Unaided (Recognized)",3,"HSS (I-XII)",3,"Higher secondary",1,"Diploma or certificate in basic teachers training of a duration not less than two years",0,0,0,0,0,1,0,1,0,0,0,0,0,0,0,0,0,0,2,0,2
2019-20,33,Tamilnadu,3305,DHARMAPURI,330504,PALACODE,23,"Private Unaided (Recognized)",3,"HSS (I-XII)",3,"Higher secondary",1,"Diploma or certificate in basic teachers training of a duration not less than two years",0,0,0,0,1,4,0,0,0,0,0,0,0,0,0,0,0,0,5,1,4
2019-20,33,Tamilnadu,3305,DHARMAPURI,330505,KARIMANGALAM,23,"Private Unaided (Recognized)",3,"HSS (I-XII)",3,"Higher secondary",1,"Diploma or certificate in basic teachers training of a duration not less than two years",0,0,0,0,0,0,0,2,0,0,0,0,0,0,0,0,0,0,2,0,2
2019-20,33,Tamilnadu,3305,DHARMAPURI,330506,MORAPPUR,23,"Private Unaided (Recognized)",3,"HSS (I-XII)",3,"Higher secondary",1,"Diploma or certificate in basic teachers training of a duration not less than two years",0,0,0,0,1,5,0,5,0,0,0,0,0,0,0,0,0,0,11,1,10
2019-20,33,Tamilnadu,3305,DHARMAPURI,330507,PAPPIREDDIPATTI,23,"Private Unaided (Recognized)",3,"HSS (I-XII)",3,"Higher secondary",1,"Diploma or certificate in basic teachers training of a duration not less than two years",0,0,0,0,0,0,0,3,0,0,0,0,0,0,0,0,0,0,3,0,3
2019-20,33,Tamilnadu,3305,DHARMAPURI,330508,HARUR,23,"Private Unaided (Recognized)",3,"HSS (I-XII)",3,"Higher secondary",1,"Diploma or certificate in basic teachers training of a duration not less than two years",0,0,0,0,1,5,0,0,0,0,0,0,0,0,0,0,0,0,6,1,5
2019-20,33,Tamilnadu,3305,DHARMAPURI,330501,DHARMAPURI,23,"Private Unaided (Recognized)",6,"SS (I-X)",3,"Higher secondary",1,"Diploma or certificate in basic teachers training of a duration not less than two years",0,0,0,0,0,7,0,0,0,0,0,0,0,0,0,0,0,0,7,0,7
2019-20,33,Tamilnadu,3305,DHARMAPURI,330503,PENNAGARAM,23,"Private Unaided (Recognized)",6,"SS (I-X)",3,"Higher secondary",1,"Diploma or certificate in basic teachers training of a duration not less than two years",0,0,0,0,0,1,0,0,0,0,0,0,0,0,0,0,0,0,1,0,1
2019-20,33,Tamilnadu,3305,DHARMAPURI,330504,PALACODE,23,"Private Unaided (Recognized)",6,"SS (I-X)",3,"Higher secondary",1,"Diploma or certificate in basic teachers training of a duration not less than two years",0,0,0,0,0,1,0,0,0,0,0,0,0,0,0,0,0,0,1,0,1
2019-20,33,Tamilnadu,3305,DHARMAPURI,330506,MORAPPUR,23,"Private Unaided (Recognized)",6,"SS (I-X)",3,"Higher secondary",1,"Diploma or certificate in basic teachers training of a duration not less than two years",0,0,0,0,0,1,0,0,0,0,0,0,0,0,0,0,0,0,1,0,1
2019-20,33,Tamilnadu,3305,DHARMAPURI,330501,DHARMAPURI,23,"Private Unaided (Recognized)",3,"HSS (I-XII)",3,"Higher secondary",3,"B.Ed. or equivalent",0,0,0,0,0,0,12,3,0,0,0,0,0,0,0,0,12,9,36,24,12
2019-20,33,Tamilnadu,3305,DHARMAPURI,330504,PALACODE,23,"Private Unaided (Recognized)",3,"HSS (I-XII)",3,"Higher secondary",3,"B.Ed. or equivalent",0,0,0,0,1,0,0,0,0,0,0,0,0,0,0,0,0,0,1,1,0
2019-20,33,Tamilnadu,3305,DHARMAPURI,330507,PAPPIREDDIPATTI,23,"Private Unaided (Recognized)",3,"HSS (I-XII)",3,"Higher secondary",3,"B.Ed. or equivalent",0,0,0,0,0,1,0,0,0,0,0,0,0,0,0,0,2,0,3,2,1
2019-20,33,Tamilnadu,3305,DHARMAPURI,330506,MORAPPUR,23,"Private Unaided (Recognized)",6,"SS (I-X)",3,"Higher secondary",3,"B.Ed. or equivalent",0,0,0,0,0,0,1,0,0,0,0,0,0,0,0,0,0,0,1,1,0
2019-20,33,Tamilnadu,3305,DHARMAPURI,330501,DHARMAPURI,23,"Private Unaided (Recognized)",3,"HSS (I-XII)",3,"Higher secondary",4,"M.Ed. or equivalent",0,0,0,0,0,0,4,0,0,0,0,0,0,0,0,0,0,2,6,4,2
2019-20,33,Tamilnadu,3305,DHARMAPURI,330503,PENNAGARAM,23,"Private Unaided (Recognized)",3,"HSS (I-XII)",3,"Higher secondary",4,"M.Ed. or equivalent",0,1,0,0,0,0,0,0,0,0,2,0,0,0,1,0,0,0,4,3,1
2019-20,33,Tamilnadu,3305,DHARMAPURI,330507,PAPPIREDDIPATTI,23,"Private Unaided (Recognized)",3,"HSS (I-XII)",3,"Higher secondary",4,"M.Ed. or equivalent",0,0,0,0,0,0,0,0,0,0,0,0,0,0,0,0,2,0,2,2,0
2019-20,33,Tamilnadu,3305,DHARMAPURI,330508,HARUR,23,"Private Unaided (Recognized)",3,"HSS (I-XII)",3,"Higher secondary",4,"M.Ed. or equivalent",0,0,0,0,0,1,0,0,0,0,0,0,0,0,1,0,0,0,2,1,1
2019-20,33,Tamilnadu,3305,DHARMAPURI,330508,HARUR,23,"Private Unaided (Recognized)",6,"SS (I-X)",3,"Higher secondary",4,"M.Ed. or equivalent",0,0,0,0,0,0,0,0,0,0,0,0,0,1,0,0,0,0,1,0,1
2019-20,33,Tamilnadu,3305,DHARMAPURI,330501,DHARMAPURI,23,"Private Unaided (Recognized)",2,"UPS (I-VIII)",3,"Higher secondary",5,Others,0,0,0,0,0,1,0,0,0,0,0,0,0,0,0,0,0,0,1,0,1
2019-20,33,Tamilnadu,3305,DHARMAPURI,330501,DHARMAPURI,23,"Private Unaided (Recognized)",3,"HSS (I-XII)",3,"Higher secondary",5,Others,0,0,0,0,0,1,0,0,0,0,0,0,0,0,0,0,0,0,1,0,1
2019-20,33,Tamilnadu,3305,DHARMAPURI,330503,PENNAGARAM,23,"Private Unaided (Recognized)",3,"HSS (I-XII)",3,"Higher secondary",5,Others,0,0,0,0,0,1,0,0,0,0,0,0,0,0,0,0,0,0,1,0,1
2019-20,33,Tamilnadu,3305,DHARMAPURI,330504,PALACODE,23,"Private Unaided (Recognized)",3,"HSS (I-XII)",3,"Higher secondary",5,Others,0,0,0,0,0,5,0,0,0,4,0,2,0,0,0,0,0,0,11,0,11
2019-20,33,Tamilnadu,3305,DHARMAPURI,330505,KARIMANGALAM,23,"Private Unaided (Recognized)",3,"HSS (I-XII)",3,"Higher secondary",5,Others,0,0,0,0,0,0,0,1,0,0,0,0,0,0,0,0,0,0,1,0,1
2019-20,33,Tamilnadu,3305,DHARMAPURI,330501,DHARMAPURI,23,"Private Unaided (Recognized)",3,"HSS (I-XII)",3,"Higher secondary",6,None,0,0,0,0,0,1,0,0,0,0,0,0,0,0,0,0,0,0,1,0,1
2019-20,33,Tamilnadu,3305,DHARMAPURI,330503,PENNAGARAM,23,"Private Unaided (Recognized)",2,"UPS (I-VIII)",4,Graduate,1,"Diploma or certificate in basic teachers training of a duration not less than two years",0,0,0,0,0,2,0,0,0,3,0,0,0,0,0,0,0,0,5,0,5
2019-20,33,Tamilnadu,3305,DHARMAPURI,330506,MORAPPUR,23,"Private Unaided (Recognized)",2,"UPS (I-VIII)",4,Graduate,1,"Diploma or certificate in basic teachers training of a duration not less than two years",0,0,0,0,0,2,0,0,0,2,0,0,0,0,0,0,0,0,4,0,4
2019-20,33,Tamilnadu,3305,DHARMAPURI,330501,DHARMAPURI,23,"Private Unaided (Recognized)",3,"HSS (I-XII)",4,Graduate,1,"Diploma or certificate in basic teachers training of a duration not less than two years",0,2,0,0,2,3,2,12,0,2,0,0,0,0,0,0,0,0,23,4,19
2019-20,33,Tamilnadu,3305,DHARMAPURI,330502,NALLAMPALLI,23,"Private Unaided (Recognized)",3,"HSS (I-XII)",4,Graduate,1,"Diploma or certificate in basic teachers training of a duration not less than two years",0,0,0,0,0,2,0,1,0,1,0,0,0,0,0,0,0,0,4,0,4
2019-20,33,Tamilnadu,3305,DHARMAPURI,330503,PENNAGARAM,23,"Private Unaided (Recognized)",3,"HSS (I-XII)",4,Graduate,1,"Diploma or certificate in basic teachers training of a duration not less than two years",0,1,0,2,0,2,0,1,0,2,0,0,0,0,0,0,0,0,8,0,8
2019-20,33,Tamilnadu,3305,DHARMAPURI,330504,PALACODE,23,"Private Unaided (Recognized)",3,"HSS (I-XII)",4,Graduate,1,"Diploma or certificate in basic teachers training of a duration not less than two years",0,1,0,0,0,5,1,10,0,0,0,0,0,0,0,0,0,0,17,1,16
2019-20,33,Tamilnadu,3305,DHARMAPURI,330505,KARIMANGALAM,23,"Private Unaided (Recognized)",3,"HSS (I-XII)",4,Graduate,1,"Diploma or certificate in basic teachers training of a duration not less than two years",0,3,0,0,0,1,0,10,0,0,0,0,0,0,0,0,0,0,14,0,14
2019-20,33,Tamilnadu,3305,DHARMAPURI,330506,MORAPPUR,23,"Private Unaided (Recognized)",3,"HSS (I-XII)",4,Graduate,1,"Diploma or certificate in basic teachers training of a duration not less than two years",0,1,0,0,0,2,0,18,0,1,0,0,0,0,0,0,0,0,22,0,22
2019-20,33,Tamilnadu,3305,DHARMAPURI,330507,PAPPIREDDIPATTI,23,"Private Unaided (Recognized)",3,"HSS (I-XII)",4,Graduate,1,"Diploma or certificate in basic teachers training of a duration not less than two years",0,0,0,1,0,2,0,1,0,0,0,0,0,0,0,0,0,0,4,0,4
2019-20,33,Tamilnadu,3305,DHARMAPURI,330508,HARUR,23,"Private Unaided (Recognized)",3,"HSS (I-XII)",4,Graduate,1,"Diploma or certificate in basic teachers training of a duration not less than two years",0,0,0,0,1,6,0,14,0,0,0,6,0,0,0,0,0,0,27,1,26
2019-20,33,Tamilnadu,3305,DHARMAPURI,330501,DHARMAPURI,23,"Private Unaided (Recognized)",6,"SS (I-X)",4,Graduate,1,"Diploma or certificate in basic teachers training of a duration not less than two years",0,0,0,0,0,0,0,1,0,0,0,0,0,2,0,0,0,0,3,0,3
2019-20,33,Tamilnadu,3305,DHARMAPURI,330502,NALLAMPALLI,23,"Private Unaided (Recognized)",6,"SS (I-X)",4,Graduate,1,"Diploma or certificate in basic teachers training of a duration not less than two years",0,0,0,0,0,0,0,0,0,0,0,0,0,2,0,0,0,0,2,0,2
2019-20,33,Tamilnadu,3305,DHARMAPURI,330503,PENNAGARAM,23,"Private Unaided (Recognized)",6,"SS (I-X)",4,Graduate,1,"Diploma or certificate in basic teachers training of a duration not less than two years",0,0,0,0,0,4,0,0,0,0,0,0,0,0,0,0,0,0,4,0,4
2019-20,33,Tamilnadu,3305,DHARMAPURI,330504,PALACODE,23,"Private Unaided (Recognized)",6,"SS (I-X)",4,Graduate,1,"Diploma or certificate in basic teachers training of a duration not less than two years",0,0,0,0,0,3,0,1,0,1,0,0,0,2,0,0,0,0,7,0,7
2019-20,33,Tamilnadu,3305,DHARMAPURI,330505,KARIMANGALAM,23,"Private Unaided (Recognized)",6,"SS (I-X)",4,Graduate,1,"Diploma or certificate in basic teachers training of a duration not less than two years",0,0,0,0,0,0,0,0,0,0,0,0,0,6,0,0,0,0,6,0,6
2019-20,33,Tamilnadu,3305,DHARMAPURI,330506,MORAPPUR,23,"Private Unaided (Recognized)",6,"SS (I-X)",4,Graduate,1,"Diploma or certificate in basic teachers training of a duration not less than two years",0,0,0,0,0,2,0,0,0,0,0,0,0,1,0,0,0,0,3,0,3
2019-20,33,Tamilnadu,3305,DHARMAPURI,330507,PAPPIREDDIPATTI,23,"Private Unaided (Recognized)",6,"SS (I-X)",4,Graduate,1,"Diploma or certificate in basic teachers training of a duration not less than two years",0,0,0,0,0,1,0,3,0,1,0,0,1,0,0,0,0,0,6,1,5
2019-20,33,Tamilnadu,3305,DHARMAPURI,330501,DHARMAPURI,23,"Private Unaided (Recognized)",2,"UPS (I-VIII)",4,Graduate,3,"B.Ed. or equivalent",0,0,0,0,0,0,0,0,1,1,0,0,0,0,0,0,0,0,2,1,1
2019-20,33,Tamilnadu,3305,DHARMAPURI,330503,PENNAGARAM,23,"Private Unaided (Recognized)",2,"UPS (I-VIII)",4,Graduate,3,"B.Ed. or equivalent",0,0,0,0,1,8,0,0,1,4,0,0,0,0,0,0,0,0,14,2,12
2019-20,33,Tamilnadu,3305,DHARMAPURI,330506,MORAPPUR,23,"Private Unaided (Recognized)",2,"UPS (I-VIII)",4,Graduate,3,"B.Ed. or equivalent",0,0,0,0,0,1,1,1,2,1,0,0,0,0,0,0,0,0,6,3,3
2019-20,33,Tamilnadu,3305,DHARMAPURI,330508,HARUR,23,"Private Unaided (Recognized)",2,"UPS (I-VIII)",4,Graduate,3,"B.Ed. or equivalent",0,0,0,0,0,0,0,0,2,3,0,0,0,0,0,0,0,0,5,2,3
2019-20,33,Tamilnadu,3305,DHARMAPURI,330501,DHARMAPURI,23,"Private Unaided (Recognized)",3,"HSS (I-XII)",4,Graduate,3,"B.Ed. or equivalent",0,3,0,0,1,18,10,52,1,5,0,2,1,5,0,1,1,0,100,14,86
2019-20,33,Tamilnadu,3305,DHARMAPURI,330502,NALLAMPALLI,23,"Private Unaided (Recognized)",3,"HSS (I-XII)",4,Graduate,3,"B.Ed. or equivalent",0,0,0,0,0,2,1,17,0,6,1,4,1,4,0,0,0,1,37,3,34
2019-20,33,Tamilnadu,3305,DHARMAPURI,330503,PENNAGARAM,23,"Private Unaided (Recognized)",3,"HSS (I-XII)",4,Graduate,3,"B.Ed. or equivalent",0,0,0,0,0,5,0,7,1,2,1,3,4,1,0,0,0,0,24,6,18
2019-20,33,Tamilnadu,3305,DHARMAPURI,330504,PALACODE,23,"Private Unaided (Recognized)",3,"HSS (I-XII)",4,Graduate,3,"B.Ed. or equivalent",0,2,0,0,1,8,2,32,0,5,1,10,0,0,1,1,0,0,63,5,58
2019-20,33,Tamilnadu,3305,DHARMAPURI,330505,KARIMANGALAM,23,"Private Unaided (Recognized)",3,"HSS (I-XII)",4,Graduate,3,"B.Ed. or equivalent",0,6,0,0,0,6,3,20,0,1,0,2,0,0,0,0,0,0,38,3,35
2019-20,33,Tamilnadu,3305,DHARMAPURI,330506,MORAPPUR,23,"Private Unaided (Recognized)",3,"HSS (I-XII)",4,Graduate,3,"B.Ed. or equivalent",0,1,0,0,1,22,12,79,4,9,0,0,5,2,1,1,5,1,143,28,115
2019-20,33,Tamilnadu,3305,DHARMAPURI,330507,PAPPIREDDIPATTI,23,"Private Unaided (Recognized)",3,"HSS (I-XII)",4,Graduate,3,"B.Ed. or equivalent",0,0,0,0,0,4,9,23,0,4,0,4,1,0,1,0,0,1,47,11,36
2019-20,33,Tamilnadu,3305,DHARMAPURI,330508,HARUR,23,"Private Unaided (Recognized)",3,"HSS (I-XII)",4,Graduate,3,"B.Ed. or equivalent",0,0,0,0,1,1,4,23,1,3,0,10,0,0,0,0,0,0,43,6,37
2019-20,33,Tamilnadu,3305,DHARMAPURI,330501,DHARMAPURI,23,"Private Unaided (Recognized)",6,"SS (I-X)",4,Graduate,3,"B.Ed. or equivalent",0,0,0,0,0,0,0,2,0,0,0,0,3,20,0,0,0,0,25,3,22
2019-20,33,Tamilnadu,3305,DHARMAPURI,330502,NALLAMPALLI,23,"Private Unaided (Recognized)",6,"SS (I-X)",4,Graduate,3,"B.Ed. or equivalent",0,0,0,0,0,1,0,0,0,0,0,0,0,4,0,0,0,0,5,0,5
2019-20,33,Tamilnadu,3305,DHARMAPURI,330503,PENNAGARAM,23,"Private Unaided (Recognized)",6,"SS (I-X)",4,Graduate,3,"B.Ed. or equivalent",0,0,0,0,0,7,0,0,0,3,0,1,1,0,0,0,0,0,12,1,11
2019-20,33,Tamilnadu,3305,DHARMAPURI,330504,PALACODE,23,"Private Unaided (Recognized)",6,"SS (I-X)",4,Graduate,3,"B.Ed. or equivalent",0,0,0,0,0,0,1,10,1,3,0,0,5,9,0,0,0,0,29,7,22
2019-20,33,Tamilnadu,3305,DHARMAPURI,330505,KARIMANGALAM,23,"Private Unaided (Recognized)",6,"SS (I-X)",4,Graduate,3,"B.Ed. or equivalent",0,0,0,0,0,0,0,0,0,0,0,0,3,17,0,0,0,0,20,3,17
2019-20,33,Tamilnadu,3305,DHARMAPURI,330506,MORAPPUR,23,"Private Unaided (Recognized)",6,"SS (I-X)",4,Graduate,3,"B.Ed. or equivalent",0,0,0,0,0,2,0,0,0,0,0,0,4,8,0,0,0,0,14,4,10
2019-20,33,Tamilnadu,3305,DHARMAPURI,330507,PAPPIREDDIPATTI,23,"Private Unaided (Recognized)",6,"SS (I-X)",4,Graduate,3,"B.Ed. or equivalent",0,0,0,0,0,1,2,8,0,1,0,0,1,5,0,0,0,0,18,3,15
2019-20,33,Tamilnadu,3305,DHARMAPURI,330508,HARUR,23,"Private Unaided (Recognized)",6,"SS (I-X)",4,Graduate,3,"B.Ed. or equivalent",0,0,0,0,0,0,0,0,0,5,0,0,2,3,0,0,0,0,10,2,8
2019-20,33,Tamilnadu,3305,DHARMAPURI,330505,KARIMANGALAM,23,"Private Unaided (Recognized)",7,"SS (VI-X)",4,Graduate,3,"B.Ed. or equivalent",0,0,0,0,0,0,0,0,0,0,0,0,1,0,0,0,0,0,1,1,0
2019-20,33,Tamilnadu,3305,DHARMAPURI,330501,DHARMAPURI,23,"Private Unaided (Recognized)",3,"HSS (I-XII)",4,Graduate,4,"M.Ed. or equivalent",0,0,0,0,0,0,0,0,0,0,0,0,0,1,0,0,0,0,1,0,1
2019-20,33,Tamilnadu,3305,DHARMAPURI,330503,PENNAGARAM,23,"Private Unaided (Recognized)",3,"HSS (I-XII)",4,Graduate,4,"M.Ed. or equivalent",0,0,0,0,0,3,0,0,0,0,0,0,0,0,0,0,0,0,3,0,3
2019-20,33,Tamilnadu,3305,DHARMAPURI,330506,MORAPPUR,23,"Private Unaided (Recognized)",3,"HSS (I-XII)",4,Graduate,4,"M.Ed. or equivalent",0,0,0,0,0,0,1,1,0,0,0,0,0,1,0,0,0,0,3,1,2
2019-20,33,Tamilnadu,3305,DHARMAPURI,330508,HARUR,23,"Private Unaided (Recognized)",3,"HSS (I-XII)",4,Graduate,4,"M.Ed. or equivalent",0,0,0,0,0,0,0,0,1,0,0,0,0,0,0,0,0,0,1,1,0
2019-20,33,Tamilnadu,3305,DHARMAPURI,330502,NALLAMPALLI,23,"Private Unaided (Recognized)",6,"SS (I-X)",4,Graduate,4,"M.Ed. or equivalent",0,0,0,0,0,0,0,0,0,0,0,0,0,1,0,0,0,0,1,0,1
2019-20,33,Tamilnadu,3305,DHARMAPURI,330501,DHARMAPURI,23,"Private Unaided (Recognized)",2,"UPS (I-VIII)",4,Graduate,5,Others,0,0,0,0,0,1,0,0,0,0,0,0,0,0,0,0,0,0,1,0,1
2019-20,33,Tamilnadu,3305,DHARMAPURI,330503,PENNAGARAM,23,"Private Unaided (Recognized)",2,"UPS (I-VIII)",4,Graduate,5,Others,0,0,0,0,0,1,0,0,0,0,0,0,0,0,0,0,0,0,1,0,1
2019-20,33,Tamilnadu,3305,DHARMAPURI,330501,DHARMAPURI,23,"Private Unaided (Recognized)",3,"HSS (I-XII)",4,Graduate,5,Others,0,0,0,0,1,2,7,22,0,2,0,0,0,0,0,0,0,0,34,8,26
2019-20,33,Tamilnadu,3305,DHARMAPURI,330502,NALLAMPALLI,23,"Private Unaided (Recognized)",3,"HSS (I-XII)",4,Graduate,5,Others,0,1,0,0,0,0,0,3,0,0,0,0,0,0,0,0,0,0,4,0,4
2019-20,33,Tamilnadu,3305,DHARMAPURI,330503,PENNAGARAM,23,"Private Unaided (Recognized)",3,"HSS (I-XII)",4,Graduate,5,Others,0,0,0,0,0,0,1,1,0,0,0,0,0,0,0,0,0,0,2,1,1
2019-20,33,Tamilnadu,3305,DHARMAPURI,330504,PALACODE,23,"Private Unaided (Recognized)",3,"HSS (I-XII)",4,Graduate,5,Others,0,1,0,0,0,1,0,5,0,0,0,2,0,0,0,0,0,0,9,0,9
2019-20,33,Tamilnadu,3305,DHARMAPURI,330505,KARIMANGALAM,23,"Private Unaided (Recognized)",3,"HSS (I-XII)",4,Graduate,5,Others,0,1,0,0,0,0,0,0,0,0,0,0,0,0,0,0,0,0,1,0,1
2019-20,33,Tamilnadu,3305,DHARMAPURI,330506,MORAPPUR,23,"Private Unaided (Recognized)",3,"HSS (I-XII)",4,Graduate,5,Others,0,0,0,0,0,0,2,12,0,1,0,0,0,1,0,0,0,0,16,2,14
2019-20,33,Tamilnadu,3305,DHARMAPURI,330507,PAPPIREDDIPATTI,23,"Private Unaided (Recognized)",3,"HSS (I-XII)",4,Graduate,5,Others,0,0,0,0,0,0,0,2,0,0,0,0,0,0,0,0,0,0,2,0,2
2019-20,33,Tamilnadu,3305,DHARMAPURI,330502,NALLAMPALLI,23,"Private Unaided (Recognized)",6,"SS (I-X)",4,Graduate,5,Others,0,0,0,0,0,0,0,0,0,0,0,0,0,1,0,0,0,0,1,0,1
2019-20,33,Tamilnadu,3305,DHARMAPURI,330503,PENNAGARAM,23,"Private Unaided (Recognized)",6,"SS (I-X)",4,Graduate,5,Others,0,0,0,0,0,1,0,0,0,0,0,0,0,0,0,0,0,0,1,0,1
2019-20,33,Tamilnadu,3305,DHARMAPURI,330503,PENNAGARAM,23,"Private Unaided (Recognized)",2,"UPS (I-VIII)",4,Graduate,6,None,0,0,0,0,0,3,0,0,0,2,0,0,0,0,0,0,0,0,5,0,5
2019-20,33,Tamilnadu,3305,DHARMAPURI,330506,MORAPPUR,23,"Private Unaided (Recognized)",2,"UPS (I-VIII)",4,Graduate,6,None,0,0,0,0,0,0,0,0,0,2,0,0,0,0,0,0,0,0,2,0,2
2019-20,33,Tamilnadu,3305,DHARMAPURI,330508,HARUR,23,"Private Unaided (Recognized)",2,"UPS (I-VIII)",4,Graduate,6,None,0,0,0,0,0,1,0,0,0,0,0,0,0,0,0,0,0,0,1,0,1
2019-20,33,Tamilnadu,3305,DHARMAPURI,330501,DHARMAPURI,23,"Private Unaided (Recognized)",3,"HSS (I-XII)",4,Graduate,6,None,0,0,0,0,0,0,2,6,0,2,0,1,0,1,0,1,0,0,13,2,11
2019-20,33,Tamilnadu,3305,DHARMAPURI,330502,NALLAMPALLI,23,"Private Unaided (Recognized)",3,"HSS (I-XII)",4,Graduate,6,None,0,0,0,0,2,2,0,0,0,0,0,0,0,0,0,0,0,0,4,2,2
2019-20,33,Tamilnadu,3305,DHARMAPURI,330503,PENNAGARAM,23,"Private Unaided (Recognized)",3,"HSS (I-XII)",4,Graduate,6,None,0,0,0,0,0,0,0,1,0,0,0,0,0,0,0,0,0,0,1,0,1
2019-20,33,Tamilnadu,3305,DHARMAPURI,330504,PALACODE,23,"Private Unaided (Recognized)",3,"HSS (I-XII)",4,Graduate,6,None,0,0,0,0,1,1,1,2,0,0,0,0,0,0,0,0,0,0,5,2,3
2019-20,33,Tamilnadu,3305,DHARMAPURI,330505,KARIMANGALAM,23,"Private Unaided (Recognized)",3,"HSS (I-XII)",4,Graduate,6,None,0,0,0,0,0,2,2,5,0,0,0,0,0,0,0,0,0,0,9,2,7
2019-20,33,Tamilnadu,3305,DHARMAPURI,330506,MORAPPUR,23,"Private Unaided (Recognized)",3,"HSS (I-XII)",4,Graduate,6,None,0,0,0,1,0,3,0,8,0,0,0,0,0,0,0,0,0,0,12,0,12
2019-20,33,Tamilnadu,3305,DHARMAPURI,330507,PAPPIREDDIPATTI,23,"Private Unaided (Recognized)",3,"HSS (I-XII)",4,Graduate,6,None,0,0,0,0,1,1,0,1,0,1,0,0,0,0,1,0,0,0,5,2,3
2019-20,33,Tamilnadu,3305,DHARMAPURI,330508,HARUR,23,"Private Unaided (Recognized)",3,"HSS (I-XII)",4,Graduate,6,None,0,0,0,0,1,5,1,0,0,0,0,1,0,0,0,0,0,0,8,2,6
2019-20,33,Tamilnadu,3305,DHARMAPURI,330501,DHARMAPURI,23,"Private Unaided (Recognized)",6,"SS (I-X)",4,Graduate,6,None,0,0,0,0,0,1,0,0,0,0,0,0,0,0,0,0,0,0,1,0,1
2019-20,33,Tamilnadu,3305,DHARMAPURI,330502,NALLAMPALLI,23,"Private Unaided (Recognized)",6,"SS (I-X)",4,Graduate,6,None,0,0,0,0,0,0,0,0,0,0,0,0,0,1,0,0,0,0,1,0,1
2019-20,33,Tamilnadu,3305,DHARMAPURI,330504,PALACODE,23,"Private Unaided (Recognized)",6,"SS (I-X)",4,Graduate,6,None,0,0,0,0,0,1,0,1,0,1,0,0,1,0,0,0,0,0,4,1,3
2019-20,33,Tamilnadu,3305,DHARMAPURI,330506,MORAPPUR,23,"Private Unaided (Recognized)",6,"SS (I-X)",4,Graduate,6,None,0,0,0,0,1,0,0,0,0,0,0,0,0,2,0,0,0,0,3,1,2
2019-20,33,Tamilnadu,3305,DHARMAPURI,330503,PENNAGARAM,23,"Private Unaided (Recognized)",2,"UPS (I-VIII)",5,"Post graduate",1,"Diploma or certificate in basic teachers training of a duration not less than two years",0,0,0,0,0,0,0,0,0,2,0,0,0,0,0,0,0,0,2,0,2
2019-20,33,Tamilnadu,3305,DHARMAPURI,330508,HARUR,23,"Private Unaided (Recognized)",2,"UPS (I-VIII)",5,"Post graduate",1,"Diploma or certificate in basic teachers training of a duration not less than two years",0,0,0,0,0,0,0,0,1,0,0,0,0,0,0,0,0,0,1,1,0
2019-20,33,Tamilnadu,3305,DHARMAPURI,330501,DHARMAPURI,23,"Private Unaided (Recognized)",3,"HSS (I-XII)",5,"Post graduate",1,"Diploma or certificate in basic teachers training of a duration not less than two years",0,0,0,0,0,1,1,10,0,0,0,1,0,0,0,0,0,0,13,1,12
2019-20,33,Tamilnadu,3305,DHARMAPURI,330502,NALLAMPALLI,23,"Private Unaided (Recognized)",3,"HSS (I-XII)",5,"Post graduate",1,"Diploma or certificate in basic teachers training of a duration not less than two years",0,0,0,0,0,0,0,1,0,0,0,0,0,0,0,1,0,0,2,0,2
2019-20,33,Tamilnadu,3305,DHARMAPURI,330503,PENNAGARAM,23,"Private Unaided (Recognized)",3,"HSS (I-XII)",5,"Post graduate",1,"Diploma or certificate in basic teachers training of a duration not less than two years",0,0,0,1,0,1,0,1,0,0,0,0,0,0,0,0,0,0,3,0,3
2019-20,33,Tamilnadu,3305,DHARMAPURI,330504,PALACODE,23,"Private Unaided (Recognized)",3,"HSS (I-XII)",5,"Post graduate",1,"Diploma or certificate in basic teachers training of a duration not less than two years",0,0,0,0,0,1,0,4,0,0,0,0,0,0,0,0,0,0,5,0,5
2019-20,33,Tamilnadu,3305,DHARMAPURI,330505,KARIMANGALAM,23,"Private Unaided (Recognized)",3,"HSS (I-XII)",5,"Post graduate",1,"Diploma or certificate in basic teachers training of a duration not less than two years",0,0,0,0,0,0,0,1,0,1,0,0,0,0,0,0,0,0,2,0,2
2019-20,33,Tamilnadu,3305,DHARMAPURI,330506,MORAPPUR,23,"Private Unaided (Recognized)",3,"HSS (I-XII)",5,"Post graduate",1,"Diploma or certificate in basic teachers training of a duration not less than two years",0,0,0,0,0,1,1,3,0,0,0,0,0,0,0,0,0,0,5,1,4
2019-20,33,Tamilnadu,3305,DHARMAPURI,330507,PAPPIREDDIPATTI,23,"Private Unaided (Recognized)",3,"HSS (I-XII)",5,"Post graduate",1,"Diploma or certificate in basic teachers training of a duration not less than two years",0,0,0,0,0,1,0,1,0,2,0,0,0,0,0,0,0,0,4,0,4
2019-20,33,Tamilnadu,3305,DHARMAPURI,330508,HARUR,23,"Private Unaided (Recognized)",3,"HSS (I-XII)",5,"Post graduate",1,"Diploma or certificate in basic teachers training of a duration not less than two years",0,0,0,0,0,3,0,1,0,0,0,2,0,0,0,0,0,0,6,0,6
2019-20,33,Tamilnadu,3305,DHARMAPURI,330501,DHARMAPURI,23,"Private Unaided (Recognized)",6,"SS (I-X)",5,"Post graduate",1,"Diploma or certificate in basic teachers training of a duration not less than two years",0,0,0,0,0,0,1,0,0,0,0,0,0,0,0,0,0,0,1,1,0
2019-20,33,Tamilnadu,3305,DHARMAPURI,330503,PENNAGARAM,23,"Private Unaided (Recognized)",6,"SS (I-X)",5,"Post graduate",1,"Diploma or certificate in basic teachers training of a duration not less than two years",0,0,0,0,0,0,0,1,0,0,0,0,0,0,0,0,0,0,1,0,1
2019-20,33,Tamilnadu,3305,DHARMAPURI,330504,PALACODE,23,"Private Unaided (Recognized)",6,"SS (I-X)",5,"Post graduate",1,"Diploma or certificate in basic teachers training of a duration not less than two years",0,0,0,0,0,0,0,0,0,0,0,0,0,1,0,0,0,0,1,0,1
2019-20,33,Tamilnadu,3305,DHARMAPURI,330505,KARIMANGALAM,23,"Private Unaided (Recognized)",6,"SS (I-X)",5,"Post graduate",1,"Diploma or certificate in basic teachers training of a duration not less than two years",0,0,0,0,0,0,0,0,0,0,0,0,0,2,0,0,0,0,2,0,2
2019-20,33,Tamilnadu,3305,DHARMAPURI,330506,MORAPPUR,23,"Private Unaided (Recognized)",6,"SS (I-X)",5,"Post graduate",1,"Diploma or certificate in basic teachers training of a duration not less than two years",0,0,0,0,0,2,0,0,0,0,0,0,0,2,0,0,0,0,4,0,4
2019-20,33,Tamilnadu,3305,DHARMAPURI,330501,DHARMAPURI,23,"Private Unaided (Recognized)",2,"UPS (I-VIII)",5,"Post graduate",3,"B.Ed. or equivalent",0,0,0,0,0,1,0,0,1,3,0,0,0,0,0,0,0,0,5,1,4
2019-20,33,Tamilnadu,3305,DHARMAPURI,330503,PENNAGARAM,23,"Private Unaided (Recognized)",2,"UPS (I-VIII)",5,"Post graduate",3,"B.Ed. or equivalent",0,0,0,0,1,3,0,3,1,2,0,0,0,0,0,0,0,0,10,2,8
2019-20,33,Tamilnadu,3305,DHARMAPURI,330506,MORAPPUR,23,"Private Unaided (Recognized)",2,"UPS (I-VIII)",5,"Post graduate",3,"B.Ed. or equivalent",0,0,0,0,0,5,0,1,7,5,0,0,0,0,0,0,0,0,18,7,11
2019-20,33,Tamilnadu,3305,DHARMAPURI,330508,HARUR,23,"Private Unaided (Recognized)",2,"UPS (I-VIII)",5,"Post graduate",3,"B.Ed. or equivalent",0,0,0,0,0,0,0,0,2,3,0,0,0,0,0,0,0,0,5,2,3
2019-20,33,Tamilnadu,3305,DHARMAPURI,330501,DHARMAPURI,23,"Private Unaided (Recognized)",3,"HSS (I-XII)",5,"Post graduate",3,"B.Ed. or equivalent",0,7,0,0,18,23,80,127,0,23,0,3,17,24,7,11,29,17,386,151,235
2019-20,33,Tamilnadu,3305,DHARMAPURI,330502,NALLAMPALLI,23,"Private Unaided (Recognized)",3,"HSS (I-XII)",5,"Post graduate",3,"B.Ed. or equivalent",0,0,0,0,4,5,13,41,1,2,1,3,5,8,5,3,4,3,98,33,65
2019-20,33,Tamilnadu,3305,DHARMAPURI,330503,PENNAGARAM,23,"Private Unaided (Recognized)",3,"HSS (I-XII)",5,"Post graduate",3,"B.Ed. or equivalent",0,0,0,0,0,4,3,15,1,11,2,1,7,5,10,4,7,2,72,30,42
2019-20,33,Tamilnadu,3305,DHARMAPURI,330504,PALACODE,23,"Private Unaided (Recognized)",3,"HSS (I-XII)",5,"Post graduate",3,"B.Ed. or equivalent",0,1,0,0,2,11,25,51,1,0,0,10,5,5,11,10,10,5,147,54,93
2019-20,33,Tamilnadu,3305,DHARMAPURI,330505,KARIMANGALAM,23,"Private Unaided (Recognized)",3,"HSS (I-XII)",5,"Post graduate",3,"B.Ed. or equivalent",0,4,0,0,0,3,27,44,2,1,4,4,0,0,7,3,9,1,109,49,60
2019-20,33,Tamilnadu,3305,DHARMAPURI,330506,MORAPPUR,23,"Private Unaided (Recognized)",3,"HSS (I-XII)",5,"Post graduate",3,"B.Ed. or equivalent",1,1,0,1,4,12,34,52,8,16,3,0,19,4,21,6,72,10,264,162,102
2019-20,33,Tamilnadu,3305,DHARMAPURI,330507,PAPPIREDDIPATTI,23,"Private Unaided (Recognized)",3,"HSS (I-XII)",5,"Post graduate",3,"B.Ed. or equivalent",0,0,1,0,6,11,26,38,1,10,4,9,1,7,4,2,12,9,141,55,86
2019-20,33,Tamilnadu,3305,DHARMAPURI,330508,HARUR,23,"Private Unaided (Recognized)",3,"HSS (I-XII)",5,"Post graduate",3,"B.Ed. or equivalent",0,0,0,0,4,10,20,31,5,1,21,38,6,3,5,0,23,5,172,84,88
2019-20,33,Tamilnadu,3305,DHARMAPURI,330501,DHARMAPURI,23,"Private Unaided (Recognized)",6,"SS (I-X)",5,"Post graduate",3,"B.Ed. or equivalent",0,0,0,0,0,0,1,2,0,0,0,1,11,22,0,0,0,0,37,12,25
2019-20,33,Tamilnadu,3305,DHARMAPURI,330502,NALLAMPALLI,23,"Private Unaided (Recognized)",6,"SS (I-X)",5,"Post graduate",3,"B.Ed. or equivalent",0,0,0,0,0,0,0,0,0,0,0,0,4,4,0,0,0,0,8,4,4
2019-20,33,Tamilnadu,3305,DHARMAPURI,330503,PENNAGARAM,23,"Private Unaided (Recognized)",6,"SS (I-X)",5,"Post graduate",3,"B.Ed. or equivalent",0,0,0,0,1,11,0,1,0,2,11,1,2,7,0,0,0,0,36,14,22
2019-20,33,Tamilnadu,3305,DHARMAPURI,330504,PALACODE,23,"Private Unaided (Recognized)",6,"SS (I-X)",5,"Post graduate",3,"B.Ed. or equivalent",0,0,0,0,0,0,1,6,1,1,1,1,7,18,0,0,0,0,36,10,26
2019-20,33,Tamilnadu,3305,DHARMAPURI,330505,KARIMANGALAM,23,"Private Unaided (Recognized)",6,"SS (I-X)",5,"Post graduate",3,"B.Ed. or equivalent",0,0,0,0,0,0,0,0,0,0,0,0,5,3,0,0,0,0,8,5,3
2019-20,33,Tamilnadu,3305,DHARMAPURI,330506,MORAPPUR,23,"Private Unaided (Recognized)",6,"SS (I-X)",5,"Post graduate",3,"B.Ed. or equivalent",0,0,0,0,2,1,0,0,1,1,0,0,16,14,0,0,0,0,35,19,16
2019-20,33,Tamilnadu,3305,DHARMAPURI,330507,PAPPIREDDIPATTI,23,"Private Unaided (Recognized)",6,"SS (I-X)",5,"Post graduate",3,"B.Ed. or equivalent",0,0,0,0,0,1,2,3,0,0,0,0,1,4,0,0,0,0,11,3,8
2019-20,33,Tamilnadu,3305,DHARMAPURI,330508,HARUR,23,"Private Unaided (Recognized)",6,"SS (I-X)",5,"Post graduate",3,"B.Ed. or equivalent",0,0,0,0,0,0,0,0,2,4,0,0,1,0,0,0,0,0,7,3,4
2019-20,33,Tamilnadu,3305,DHARMAPURI,330505,KARIMANGALAM,23,"Private Unaided (Recognized)",7,"SS (VI-X)",5,"Post graduate",3,"B.Ed. or equivalent",0,0,0,0,0,0,0,0,0,0,0,0,3,2,0,0,0,0,5,3,2
2019-20,33,Tamilnadu,3305,DHARMAPURI,330501,DHARMAPURI,23,"Private Unaided (Recognized)",2,"UPS (I-VIII)",5,"Post graduate",4,"M.Ed. or equivalent",0,0,0,0,0,0,0,0,1,0,0,0,0,0,0,0,0,0,1,1,0
2019-20,33,Tamilnadu,3305,DHARMAPURI,330508,HARUR,23,"Private Unaided (Recognized)",2,"UPS (I-VIII)",5,"Post graduate",4,"M.Ed. or equivalent",0,0,0,0,0,0,0,0,1,0,0,0,0,0,0,0,0,0,1,1,0
2019-20,33,Tamilnadu,3305,DHARMAPURI,330501,DHARMAPURI,23,"Private Unaided (Recognized)",3,"HSS (I-XII)",5,"Post graduate",4,"M.Ed. or equivalent",0,0,0,0,2,2,8,17,0,1,0,0,3,0,0,0,1,3,37,14,23
2019-20,33,Tamilnadu,3305,DHARMAPURI,330502,NALLAMPALLI,23,"Private Unaided (Recognized)",3,"HSS (I-XII)",5,"Post graduate",4,"M.Ed. or equivalent",0,0,0,0,1,0,1,0,1,0,0,0,1,0,0,0,0,0,4,4,0
2019-20,33,Tamilnadu,3305,DHARMAPURI,330503,PENNAGARAM,23,"Private Unaided (Recognized)",3,"HSS (I-XII)",5,"Post graduate",4,"M.Ed. or equivalent",0,0,0,0,0,0,0,4,0,0,5,3,0,0,1,0,0,4,17,6,11
2019-20,33,Tamilnadu,3305,DHARMAPURI,330504,PALACODE,23,"Private Unaided (Recognized)",3,"HSS (I-XII)",5,"Post graduate",4,"M.Ed. or equivalent",0,0,0,0,0,0,0,0,0,0,0,0,0,0,1,1,1,1,4,2,2
2019-20,33,Tamilnadu,3305,DHARMAPURI,330505,KARIMANGALAM,23,"Private Unaided (Recognized)",3,"HSS (I-XII)",5,"Post graduate",4,"M.Ed. or equivalent",0,0,0,0,0,0,0,1,0,0,1,0,0,0,0,0,0,0,2,1,1
2019-20,33,Tamilnadu,3305,DHARMAPURI,330506,MORAPPUR,23,"Private Unaided (Recognized)",3,"HSS (I-XII)",5,"Post graduate",4,"M.Ed. or equivalent",0,0,0,0,0,1,0,1,0,1,0,0,1,0,1,0,0,0,5,2,3
2019-20,33,Tamilnadu,3305,DHARMAPURI,330507,PAPPIREDDIPATTI,23,"Private Unaided (Recognized)",3,"HSS (I-XII)",5,"Post graduate",4,"M.Ed. or equivalent",0,0,0,0,0,1,2,5,0,1,3,5,0,0,0,1,2,0,20,7,13
2019-20,33,Tamilnadu,3305,DHARMAPURI,330508,HARUR,23,"Private Unaided (Recognized)",3,"HSS (I-XII)",5,"Post graduate",4,"M.Ed. or equivalent",0,0,0,0,0,1,2,1,0,1,2,1,1,0,2,0,0,1,12,7,5
2019-20,33,Tamilnadu,3305,DHARMAPURI,330503,PENNAGARAM,23,"Private Unaided (Recognized)",6,"SS (I-X)",5,"Post graduate",4,"M.Ed. or equivalent",0,0,0,0,0,2,0,0,0,0,0,1,0,0,0,0,0,0,3,0,3
2019-20,33,Tamilnadu,3305,DHARMAPURI,330504,PALACODE,23,"Private Unaided (Recognized)",6,"SS (I-X)",5,"Post graduate",4,"M.Ed. or equivalent",0,0,0,0,0,0,0,0,0,0,0,0,1,1,0,0,0,0,2,1,1
2019-20,33,Tamilnadu,3305,DHARMAPURI,330506,MORAPPUR,23,"Private Unaided (Recognized)",6,"SS (I-X)",5,"Post graduate",4,"M.Ed. or equivalent",0,0,0,0,0,0,0,0,1,0,0,0,2,0,0,0,0,0,3,3,0
2019-20,33,Tamilnadu,3305,DHARMAPURI,330508,HARUR,23,"Private Unaided (Recognized)",6,"SS (I-X)",5,"Post graduate",4,"M.Ed. or equivalent",0,0,0,0,0,0,0,0,1,0,0,0,0,0,0,0,0,0,1,1,0
2019-20,33,Tamilnadu,3305,DHARMAPURI,330501,DHARMAPURI,23,"Private Unaided (Recognized)",3,"HSS (I-XII)",5,"Post graduate",5,Others,0,0,0,0,2,0,2,17,0,0,0,0,0,0,0,0,0,0,21,4,17
2019-20,33,Tamilnadu,3305,DHARMAPURI,330502,NALLAMPALLI,23,"Private Unaided (Recognized)",3,"HSS (I-XII)",5,"Post graduate",5,Others,0,0,0,0,0,0,0,1,0,0,0,0,0,0,0,0,0,0,1,0,1
2019-20,33,Tamilnadu,3305,DHARMAPURI,330504,PALACODE,23,"Private Unaided (Recognized)",3,"HSS (I-XII)",5,"Post graduate",5,Others,0,0,0,0,0,0,1,0,0,0,0,0,0,0,0,0,0,0,1,1,0
2019-20,33,Tamilnadu,3305,DHARMAPURI,330505,KARIMANGALAM,23,"Private Unaided (Recognized)",3,"HSS (I-XII)",5,"Post graduate",5,Others,0,0,0,0,0,0,0,1,0,0,0,0,0,0,0,0,0,0,1,0,1
2019-20,33,Tamilnadu,3305,DHARMAPURI,330506,MORAPPUR,23,"Private Unaided (Recognized)",3,"HSS (I-XII)",5,"Post graduate",5,Others,0,0,0,0,0,2,1,5,0,0,0,0,0,0,0,0,0,0,8,1,7
2019-20,33,Tamilnadu,3305,DHARMAPURI,330507,PAPPIREDDIPATTI,23,"Private Unaided (Recognized)",3,"HSS (I-XII)",5,"Post graduate",5,Others,0,0,0,0,0,2,1,0,0,0,0,0,0,1,0,0,0,0,4,1,3
2019-20,33,Tamilnadu,3305,DHARMAPURI,330508,HARUR,23,"Private Unaided (Recognized)",3,"HSS (I-XII)",5,"Post graduate",5,Others,0,0,0,0,0,0,0,1,0,0,0,1,0,0,0,0,0,0,2,0,2
2019-20,33,Tamilnadu,3305,DHARMAPURI,330504,PALACODE,23,"Private Unaided (Recognized)",6,"SS (I-X)",5,"Post graduate",5,Others,0,0,0,0,0,0,0,0,0,1,0,0,0,0,0,0,0,0,1,0,1
2019-20,33,Tamilnadu,3305,DHARMAPURI,330505,KARIMANGALAM,23,"Private Unaided (Recognized)",6,"SS (I-X)",5,"Post graduate",5,Others,0,0,0,0,0,0,0,0,0,0,0,0,0,1,0,0,0,0,1,0,1
2019-20,33,Tamilnadu,3305,DHARMAPURI,330508,HARUR,23,"Private Unaided (Recognized)",6,"SS (I-X)",5,"Post graduate",5,Others,0,0,0,0,0,0,0,0,0,0,0,0,1,0,0,0,0,0,1,1,0
2019-20,33,Tamilnadu,3305,DHARMAPURI,330503,PENNAGARAM,23,"Private Unaided (Recognized)",2,"UPS (I-VIII)",5,"Post graduate",6,None,0,0,0,0,0,0,0,0,0,1,0,0,0,0,0,0,0,0,1,0,1
2019-20,33,Tamilnadu,3305,DHARMAPURI,330506,MORAPPUR,23,"Private Unaided (Recognized)",2,"UPS (I-VIII)",5,"Post graduate",6,None,0,0,0,0,0,0,0,1,0,1,0,0,0,0,0,0,0,0,2,0,2
2019-20,33,Tamilnadu,3305,DHARMAPURI,330501,DHARMAPURI,23,"Private Unaided (Recognized)",3,"HSS (I-XII)",5,"Post graduate",6,None,0,0,0,0,0,0,2,5,0,0,0,0,0,0,0,0,0,1,8,2,6
2019-20,33,Tamilnadu,3305,DHARMAPURI,330503,PENNAGARAM,23,"Private Unaided (Recognized)",3,"HSS (I-XII)",5,"Post graduate",6,None,0,0,0,0,0,0,0,1,0,0,0,0,0,0,0,0,0,0,1,0,1
2019-20,33,Tamilnadu,3305,DHARMAPURI,330504,PALACODE,23,"Private Unaided (Recognized)",3,"HSS (I-XII)",5,"Post graduate",6,None,0,0,0,0,0,0,0,3,0,0,1,0,0,0,0,0,0,0,4,1,3
2019-20,33,Tamilnadu,3305,DHARMAPURI,330505,KARIMANGALAM,23,"Private Unaided (Recognized)",3,"HSS (I-XII)",5,"Post graduate",6,None,0,0,0,0,0,1,0,1,0,0,0,0,0,0,0,0,0,0,2,0,2
2019-20,33,Tamilnadu,3305,DHARMAPURI,330506,MORAPPUR,23,"Private Unaided (Recognized)",3,"HSS (I-XII)",5,"Post graduate",6,None,0,0,0,0,0,0,0,4,0,0,0,0,0,0,0,0,0,0,4,0,4
2019-20,33,Tamilnadu,3305,DHARMAPURI,330507,PAPPIREDDIPATTI,23,"Private Unaided (Recognized)",3,"HSS (I-XII)",5,"Post graduate",6,None,0,0,0,0,0,2,0,1,0,2,0,0,1,1,0,1,0,1,9,1,8
2019-20,33,Tamilnadu,3305,DHARMAPURI,330508,HARUR,23,"Private Unaided (Recognized)",3,"HSS (I-XII)",5,"Post graduate",6,None,0,0,0,0,0,0,0,0,0,0,1,1,0,0,0,0,0,0,2,1,1
2019-20,33,Tamilnadu,3305,DHARMAPURI,330504,PALACODE,23,"Private Unaided (Recognized)",6,"SS (I-X)",5,"Post graduate",6,None,0,0,0,0,0,0,0,1,0,0,0,0,0,0,0,0,0,0,1,0,1
2019-20,33,Tamilnadu,3305,DHARMAPURI,330507,PAPPIREDDIPATTI,23,"Private Unaided (Recognized)",6,"SS (I-X)",5,"Post graduate",6,None,0,0,0,0,0,1,0,0,0,0,0,0,0,0,0,0,0,0,1,0,1
2019-20,33,Tamilnadu,3305,DHARMAPURI,330508,HARUR,23,"Private Unaided (Recognized)",6,"SS (I-X)",5,"Post graduate",6,None,0,0,0,0,0,0,0,0,0,0,0,0,0,1,0,0,0,0,1,0,1
2019-20,33,Tamilnadu,3305,DHARMAPURI,330501,DHARMAPURI,23,"Private Unaided (Recognized)",2,"UPS (I-VIII)",6,M.Phil,3,"B.Ed. or equivalent",0,0,0,0,0,0,0,0,1,0,0,0,0,0,0,0,0,0,1,1,0
2019-20,33,Tamilnadu,3305,DHARMAPURI,330508,HARUR,23,"Private Unaided (Recognized)",2,"UPS (I-VIII)",6,M.Phil,3,"B.Ed. or equivalent",0,0,0,0,0,0,0,0,0,1,0,0,0,0,0,0,0,0,1,0,1
2019-20,33,Tamilnadu,3305,DHARMAPURI,330501,DHARMAPURI,23,"Private Unaided (Recognized)",3,"HSS (I-XII)",6,M.Phil,3,"B.Ed. or equivalent",0,0,0,0,0,0,15,6,0,4,0,0,1,4,2,3,7,1,43,25,18
2019-20,33,Tamilnadu,3305,DHARMAPURI,330502,NALLAMPALLI,23,"Private Unaided (Recognized)",3,"HSS (I-XII)",6,M.Phil,3,"B.Ed. or equivalent",0,0,0,0,1,0,0,0,0,0,0,0,1,0,1,0,5,0,8,8,0
2019-20,33,Tamilnadu,3305,DHARMAPURI,330503,PENNAGARAM,23,"Private Unaided (Recognized)",3,"HSS (I-XII)",6,M.Phil,3,"B.Ed. or equivalent",0,0,0,0,0,0,0,0,0,0,1,0,0,0,0,0,0,0,1,1,0
2019-20,33,Tamilnadu,3305,DHARMAPURI,330504,PALACODE,23,"Private Unaided (Recognized)",3,"HSS (I-XII)",6,M.Phil,3,"B.Ed. or equivalent",0,0,0,0,0,0,4,3,0,0,1,0,0,0,1,1,4,2,16,10,6
2019-20,33,Tamilnadu,3305,DHARMAPURI,330505,KARIMANGALAM,23,"Private Unaided (Recognized)",3,"HSS (I-XII)",6,M.Phil,3,"B.Ed. or equivalent",0,0,0,0,0,1,2,3,0,0,0,1,0,0,0,0,3,0,10,5,5
2019-20,33,Tamilnadu,3305,DHARMAPURI,330506,MORAPPUR,23,"Private Unaided (Recognized)",3,"HSS (I-XII)",6,M.Phil,3,"B.Ed. or equivalent",0,0,0,0,0,0,5,1,0,1,0,0,2,1,1,1,4,1,17,12,5
2019-20,33,Tamilnadu,3305,DHARMAPURI,330507,PAPPIREDDIPATTI,23,"Private Unaided (Recognized)",3,"HSS (I-XII)",6,M.Phil,3,"B.Ed. or equivalent",0,0,0,0,1,1,0,2,0,0,0,0,0,0,0,0,4,0,8,5,3
2019-20,33,Tamilnadu,3305,DHARMAPURI,330508,HARUR,23,"Private Unaided (Recognized)",3,"HSS (I-XII)",6,M.Phil,3,"B.Ed. or equivalent",0,0,0,0,0,0,2,3,0,0,5,2,0,0,0,0,2,0,14,9,5
2019-20,33,Tamilnadu,3305,DHARMAPURI,330501,DHARMAPURI,23,"Private Unaided (Recognized)",6,"SS (I-X)",6,M.Phil,3,"B.Ed. or equivalent",0,0,0,0,0,0,0,0,0,0,0,0,2,1,0,0,0,0,3,2,1
2019-20,33,Tamilnadu,3305,DHARMAPURI,330503,PENNAGARAM,23,"Private Unaided (Recognized)",6,"SS (I-X)",6,M.Phil,3,"B.Ed. or equivalent",0,0,0,0,0,0,0,1,0,0,0,0,0,0,0,0,0,0,1,0,1
2019-20,33,Tamilnadu,3305,DHARMAPURI,330504,PALACODE,23,"Private Unaided (Recognized)",6,"SS (I-X)",6,M.Phil,3,"B.Ed. or equivalent",0,0,0,0,0,0,0,0,0,0,0,0,0,1,0,0,0,0,1,0,1
2019-20,33,Tamilnadu,3305,DHARMAPURI,330506,MORAPPUR,23,"Private Unaided (Recognized)",6,"SS (I-X)",6,M.Phil,3,"B.Ed. or equivalent",0,0,0,0,0,0,0,0,0,0,0,0,1,0,0,0,0,0,1,1,0
2019-20,33,Tamilnadu,3305,DHARMAPURI,330507,PAPPIREDDIPATTI,23,"Private Unaided (Recognized)",6,"SS (I-X)",6,M.Phil,3,"B.Ed. or equivalent",0,0,0,0,0,0,0,1,0,0,0,0,0,0,0,0,0,0,1,0,1
2019-20,33,Tamilnadu,3305,DHARMAPURI,330501,DHARMAPURI,23,"Private Unaided (Recognized)",3,"HSS (I-XII)",6,M.Phil,4,"M.Ed. or equivalent",0,0,0,0,1,0,5,2,0,0,0,0,1,1,0,0,1,0,11,8,3
2019-20,33,Tamilnadu,3305,DHARMAPURI,330502,NALLAMPALLI,23,"Private Unaided (Recognized)",3,"HSS (I-XII)",6,M.Phil,4,"M.Ed. or equivalent",0,0,0,0,2,0,0,0,0,0,0,0,0,0,1,0,0,0,3,3,0
2019-20,33,Tamilnadu,3305,DHARMAPURI,330503,PENNAGARAM,23,"Private Unaided (Recognized)",3,"HSS (I-XII)",6,M.Phil,4,"M.Ed. or equivalent",0,0,0,0,0,0,0,0,0,0,1,0,0,0,0,0,1,0,2,2,0
2019-20,33,Tamilnadu,3305,DHARMAPURI,330504,PALACODE,23,"Private Unaided (Recognized)",3,"HSS (I-XII)",6,M.Phil,4,"M.Ed. or equivalent",0,0,0,0,0,0,1,0,0,0,0,0,0,0,0,1,0,0,2,1,1
2019-20,33,Tamilnadu,3305,DHARMAPURI,330505,KARIMANGALAM,23,"Private Unaided (Recognized)",3,"HSS (I-XII)",6,M.Phil,4,"M.Ed. or equivalent",0,0,0,0,0,0,0,0,0,0,0,0,1,0,0,0,0,1,2,1,1
2019-20,33,Tamilnadu,3305,DHARMAPURI,330506,MORAPPUR,23,"Private Unaided (Recognized)",3,"HSS (I-XII)",6,M.Phil,4,"M.Ed. or equivalent",0,0,0,0,0,0,0,0,0,0,0,0,1,0,1,0,0,0,2,2,0
2019-20,33,Tamilnadu,3305,DHARMAPURI,330507,PAPPIREDDIPATTI,23,"Private Unaided (Recognized)",3,"HSS (I-XII)",6,M.Phil,4,"M.Ed. or equivalent",0,0,0,0,1,0,0,0,0,0,1,1,0,0,0,1,4,1,9,6,3
2019-20,33,Tamilnadu,3305,DHARMAPURI,330508,HARUR,23,"Private Unaided (Recognized)",3,"HSS (I-XII)",6,M.Phil,4,"M.Ed. or equivalent",0,0,0,0,1,0,1,0,0,1,2,0,0,0,0,0,0,0,5,4,1
2019-20,33,Tamilnadu,3305,DHARMAPURI,330506,MORAPPUR,23,"Private Unaided (Recognized)",6,"SS (I-X)",6,M.Phil,4,"M.Ed. or equivalent",0,0,0,0,1,0,0,0,0,0,0,0,0,0,0,0,0,0,1,1,0
2019-20,33,Tamilnadu,3305,DHARMAPURI,330501,DHARMAPURI,23,"Private Unaided (Recognized)",3,"HSS (I-XII)",6,M.Phil,5,Others,0,0,0,0,0,0,0,2,0,0,0,0,0,0,0,0,0,0,2,0,2
2019-20,33,Tamilnadu,3305,DHARMAPURI,330504,PALACODE,23,"Private Unaided (Recognized)",3,"HSS (I-XII)",6,M.Phil,5,Others,0,0,0,0,0,0,0,1,0,0,0,0,0,0,0,0,0,0,1,0,1
2019-20,33,Tamilnadu,3305,DHARMAPURI,330506,MORAPPUR,23,"Private Unaided (Recognized)",3,"HSS (I-XII)",6,M.Phil,5,Others,0,0,0,0,0,0,1,0,0,0,0,0,0,0,0,0,0,0,1,1,0
2019-20,33,Tamilnadu,3305,DHARMAPURI,330501,DHARMAPURI,23,"Private Unaided (Recognized)",3,"HSS (I-XII)",6,M.Phil,6,None,0,0,0,0,0,0,0,1,0,0,0,0,0,0,0,0,0,0,1,0,1
2019-20,33,Tamilnadu,3305,DHARMAPURI,330505,KARIMANGALAM,23,"Private Unaided (Recognized)",3,"HSS (I-XII)",6,M.Phil,6,None,0,0,0,0,0,0,0,2,0,0,0,0,0,0,0,0,0,0,2,0,2
2019-20,33,Tamilnadu,3305,DHARMAPURI,330507,PAPPIREDDIPATTI,23,"Private Unaided (Recognized)",3,"HSS (I-XII)",6,M.Phil,6,None,0,0,0,0,0,0,1,0,0,0,0,0,0,0,0,0,0,0,1,1,0
2019-20,33,Tamilnadu,3305,DHARMAPURI,330501,DHARMAPURI,23,"Private Unaided (Recognized)",3,"HSS (I-XII)",7,Ph.D,3,"B.Ed. or equivalent",0,0,0,0,0,0,0,0,0,0,0,0,0,1,0,0,0,0,1,0,1
2019-20,33,Tamilnadu,3305,DHARMAPURI,330505,KARIMANGALAM,23,"Private Unaided (Recognized)",3,"HSS (I-XII)",7,Ph.D,3,"B.Ed. or equivalent",0,0,0,0,0,0,0,1,0,0,0,0,0,0,0,0,1,0,2,1,1
2019-20,33,Tamilnadu,3305,DHARMAPURI,330501,DHARMAPURI,23,"Private Unaided (Recognized)",3,"HSS (I-XII)",7,Ph.D,4,"M.Ed. or equivalent",0,0,0,0,0,0,1,0,0,0,0,0,0,0,0,0,0,0,1,1,0
2019-20,33,Tamilnadu,3305,DHARMAPURI,330501,DHARMAPURI,23,"Private Unaided (Recognized)",3,"HSS (I-XII)",8,"Post Doctoral",3,"B.Ed. or equivalent",0,0,0,0,0,0,0,1,0,0,0,0,0,0,0,0,0,0,1,0,1
2019-20,33,Tamilnadu,3305,DHARMAPURI,330501,DHARMAPURI,24,"Private Unaided (Recognized)",1,"PS (I-V)",1,"Below Secondary",1,"Diploma or certificate in basic teachers training of a duration not less than two years",0,1,0,0,0,2,0,0,0,0,0,0,0,0,0,0,0,0,3,0,3
2019-20,33,Tamilnadu,3305,DHARMAPURI,330502,NALLAMPALLI,24,"Private Unaided (Recognized)",1,"PS (I-V)",1,"Below Secondary",1,"Diploma or certificate in basic teachers training of a duration not less than two years",0,0,0,0,0,2,0,0,0,0,0,0,0,0,0,0,0,0,2,0,2
2019-20,33,Tamilnadu,3305,DHARMAPURI,330501,DHARMAPURI,24,"Private Unaided (Recognized)",1,"PS (I-V)",1,"Below Secondary",3,"B.Ed. or equivalent",0,0,0,0,0,1,0,0,0,0,0,0,0,0,0,0,0,0,1,0,1
2019-20,33,Tamilnadu,3305,DHARMAPURI,330502,NALLAMPALLI,24,"Private Unaided (Recognized)",1,"PS (I-V)",1,"Below Secondary",3,"B.Ed. or equivalent",0,0,0,0,0,4,0,0,0,0,0,0,0,0,0,0,0,0,4,0,4
2019-20,33,Tamilnadu,3305,DHARMAPURI,330508,HARUR,24,"Private Unaided (Recognized)",1,"PS (I-V)",1,"Below Secondary",3,"B.Ed. or equivalent",0,0,0,0,0,2,0,0,0,0,0,0,0,0,0,0,0,0,2,0,2
2019-20,33,Tamilnadu,3305,DHARMAPURI,330502,NALLAMPALLI,24,"Private Unaided (Recognized)",1,"PS (I-V)",1,"Below Secondary",5,Others,0,0,0,0,0,1,0,0,0,0,0,0,0,0,0,0,0,0,1,0,1
2019-20,33,Tamilnadu,3305,DHARMAPURI,330507,PAPPIREDDIPATTI,24,"Private Unaided (Recognized)",1,"PS (I-V)",1,"Below Secondary",5,Others,0,0,0,0,0,1,0,0,0,0,0,0,0,0,0,0,0,0,1,0,1
2019-20,33,Tamilnadu,3305,DHARMAPURI,330501,DHARMAPURI,24,"Private Unaided (Recognized)",1,"PS (I-V)",3,"Higher secondary",1,"Diploma or certificate in basic teachers training of a duration not less than two years",0,1,0,0,1,9,0,0,0,0,0,0,0,0,0,0,0,0,11,1,10
2019-20,33,Tamilnadu,3305,DHARMAPURI,330502,NALLAMPALLI,24,"Private Unaided (Recognized)",1,"PS (I-V)",3,"Higher secondary",1,"Diploma or certificate in basic teachers training of a duration not less than two years",0,0,0,0,1,9,0,0,0,0,0,0,0,0,0,0,0,0,10,1,9
2019-20,33,Tamilnadu,3305,DHARMAPURI,330503,PENNAGARAM,24,"Private Unaided (Recognized)",1,"PS (I-V)",3,"Higher secondary",1,"Diploma or certificate in basic teachers training of a duration not less than two years",0,0,0,3,0,10,0,0,0,0,0,0,0,0,0,0,0,0,13,0,13
2019-20,33,Tamilnadu,3305,DHARMAPURI,330504,PALACODE,24,"Private Unaided (Recognized)",1,"PS (I-V)",3,"Higher secondary",1,"Diploma or certificate in basic teachers training of a duration not less than two years",0,1,0,0,0,2,0,0,0,0,0,0,0,0,0,0,0,0,3,0,3
2019-20,33,Tamilnadu,3305,DHARMAPURI,330505,KARIMANGALAM,24,"Private Unaided (Recognized)",1,"PS (I-V)",3,"Higher secondary",1,"Diploma or certificate in basic teachers training of a duration not less than two years",0,0,0,0,0,11,0,0,0,0,0,0,0,0,0,0,0,0,11,0,11
2019-20,33,Tamilnadu,3305,DHARMAPURI,330506,MORAPPUR,24,"Private Unaided (Recognized)",1,"PS (I-V)",3,"Higher secondary",1,"Diploma or certificate in basic teachers training of a duration not less than two years",0,0,0,0,0,1,0,0,0,0,0,0,0,0,0,0,0,0,1,0,1
2019-20,33,Tamilnadu,3305,DHARMAPURI,330508,HARUR,24,"Private Unaided (Recognized)",1,"PS (I-V)",3,"Higher secondary",1,"Diploma or certificate in basic teachers training of a duration not less than two years",0,0,0,1,0,6,0,0,0,0,0,0,0,0,0,0,0,0,7,0,7
2019-20,33,Tamilnadu,3305,DHARMAPURI,330501,DHARMAPURI,24,"Private Unaided (Recognized)",1,"PS (I-V)",4,Graduate,1,"Diploma or certificate in basic teachers training of a duration not less than two years",0,5,0,2,1,29,0,0,0,0,0,0,0,0,0,0,0,0,37,1,36
2019-20,33,Tamilnadu,3305,DHARMAPURI,330502,NALLAMPALLI,24,"Private Unaided (Recognized)",1,"PS (I-V)",4,Graduate,1,"Diploma or certificate in basic teachers training of a duration not less than two years",0,3,0,0,1,20,0,0,0,0,0,0,0,0,0,0,0,0,24,1,23
2019-20,33,Tamilnadu,3305,DHARMAPURI,330503,PENNAGARAM,24,"Private Unaided (Recognized)",1,"PS (I-V)",4,Graduate,1,"Diploma or certificate in basic teachers training of a duration not less than two years",0,0,0,0,0,13,0,0,0,0,0,0,0,0,0,0,0,0,13,0,13
2019-20,33,Tamilnadu,3305,DHARMAPURI,330504,PALACODE,24,"Private Unaided (Recognized)",1,"PS (I-V)",4,Graduate,1,"Diploma or certificate in basic teachers training of a duration not less than two years",0,0,0,0,2,15,0,0,0,0,0,0,0,0,0,0,0,0,17,2,15
2019-20,33,Tamilnadu,3305,DHARMAPURI,330505,KARIMANGALAM,24,"Private Unaided (Recognized)",1,"PS (I-V)",4,Graduate,1,"Diploma or certificate in basic teachers training of a duration not less than two years",0,1,0,0,0,5,0,0,0,0,0,0,0,0,0,0,0,0,6,0,6
2019-20,33,Tamilnadu,3305,DHARMAPURI,330506,MORAPPUR,24,"Private Unaided (Recognized)",1,"PS (I-V)",4,Graduate,1,"Diploma or certificate in basic teachers training of a duration not less than two years",0,0,0,0,0,7,0,0,0,0,0,0,0,0,0,0,0,0,7,0,7
2019-20,33,Tamilnadu,3305,DHARMAPURI,330508,HARUR,24,"Private Unaided (Recognized)",1,"PS (I-V)",4,Graduate,1,"Diploma or certificate in basic teachers training of a duration not less than two years",0,0,0,0,1,17,0,0,0,0,0,0,0,0,0,0,0,0,18,1,17
2019-20,33,Tamilnadu,3305,DHARMAPURI,330501,DHARMAPURI,24,"Private Unaided (Recognized)",1,"PS (I-V)",4,Graduate,4,"M.Ed. or equivalent",0,1,0,1,0,0,0,0,0,0,0,0,0,0,0,0,0,0,2,0,2
2019-20,33,Tamilnadu,3305,DHARMAPURI,330502,NALLAMPALLI,24,"Private Unaided (Recognized)",1,"PS (I-V)",4,Graduate,4,"M.Ed. or equivalent",0,0,0,0,0,2,0,0,0,0,0,0,0,0,0,0,0,0,2,0,2
2019-20,33,Tamilnadu,3305,DHARMAPURI,330503,PENNAGARAM,24,"Private Unaided (Recognized)",1,"PS (I-V)",4,Graduate,4,"M.Ed. or equivalent",0,0,0,0,0,1,0,0,0,0,0,0,0,0,0,0,0,0,1,0,1
2019-20,33,Tamilnadu,3305,DHARMAPURI,330501,DHARMAPURI,24,"Private Unaided (Recognized)",1,"PS (I-V)",4,Graduate,6,None,0,0,0,0,0,4,0,0,0,0,0,0,0,0,0,0,0,0,4,0,4
2019-20,33,Tamilnadu,3305,DHARMAPURI,330502,NALLAMPALLI,24,"Private Unaided (Recognized)",1,"PS (I-V)",4,Graduate,6,None,0,0,0,0,0,2,0,0,0,0,0,0,0,0,0,0,0,0,2,0,2
2019-20,33,Tamilnadu,3305,DHARMAPURI,330503,PENNAGARAM,24,"Private Unaided (Recognized)",1,"PS (I-V)",4,Graduate,6,None,0,0,0,2,1,6,0,0,0,0,0,0,0,0,0,0,0,0,9,1,8
2019-20,33,Tamilnadu,3305,DHARMAPURI,330504,PALACODE,24,"Private Unaided (Recognized)",1,"PS (I-V)",4,Graduate,6,None,0,0,0,0,0,3,0,0,0,0,0,0,0,0,0,0,0,0,3,0,3
2019-20,33,Tamilnadu,3305,DHARMAPURI,330505,KARIMANGALAM,24,"Private Unaided (Recognized)",1,"PS (I-V)",4,Graduate,6,None,0,0,0,0,0,2,0,0,0,0,0,0,0,0,0,0,0,0,2,0,2
2019-20,33,Tamilnadu,3305,DHARMAPURI,330507,PAPPIREDDIPATTI,24,"Private Unaided (Recognized)",1,"PS (I-V)",4,Graduate,6,None,0,0,0,0,0,2,0,0,0,0,0,0,0,0,0,0,0,0,2,0,2
2019-20,33,Tamilnadu,3305,DHARMAPURI,330508,HARUR,24,"Private Unaided (Recognized)",1,"PS (I-V)",4,Graduate,6,None,0,0,0,0,1,4,0,0,0,0,0,0,0,0,0,0,0,0,5,1,4
2019-20,33,Tamilnadu,3305,DHARMAPURI,330501,DHARMAPURI,24,"Private Unaided (Recognized)",1,"PS (I-V)",5,"Post graduate",1,"Diploma or certificate in basic teachers training of a duration not less than two years",0,0,0,0,1,5,0,0,0,0,0,0,0,0,0,0,0,0,6,1,5
2019-20,33,Tamilnadu,3305,DHARMAPURI,330502,NALLAMPALLI,24,"Private Unaided (Recognized)",1,"PS (I-V)",5,"Post graduate",1,"Diploma or certificate in basic teachers training of a duration not less than two years",0,0,0,0,3,7,0,0,0,0,0,0,0,0,0,0,0,0,10,3,7
2019-20,33,Tamilnadu,3305,DHARMAPURI,330503,PENNAGARAM,24,"Private Unaided (Recognized)",1,"PS (I-V)",5,"Post graduate",1,"Diploma or certificate in basic teachers training of a duration not less than two years",0,0,0,0,0,1,0,0,0,0,0,0,0,0,0,0,0,0,1,0,1
2019-20,33,Tamilnadu,3305,DHARMAPURI,330504,PALACODE,24,"Private Unaided (Recognized)",1,"PS (I-V)",5,"Post graduate",1,"Diploma or certificate in basic teachers training of a duration not less than two years",0,0,0,0,0,1,0,0,0,0,0,0,0,0,0,0,0,0,1,0,1
2019-20,33,Tamilnadu,3305,DHARMAPURI,330505,KARIMANGALAM,24,"Private Unaided (Recognized)",1,"PS (I-V)",5,"Post graduate",1,"Diploma or certificate in basic teachers training of a duration not less than two years",0,1,0,0,1,4,0,0,0,0,0,0,0,0,0,0,0,0,6,1,5
2019-20,33,Tamilnadu,3305,DHARMAPURI,330506,MORAPPUR,24,"Private Unaided (Recognized)",1,"PS (I-V)",5,"Post graduate",1,"Diploma or certificate in basic teachers training of a duration not less than two years",0,0,0,0,0,2,0,0,0,0,0,0,0,0,0,0,0,0,2,0,2
2019-20,33,Tamilnadu,3305,DHARMAPURI,330507,PAPPIREDDIPATTI,24,"Private Unaided (Recognized)",1,"PS (I-V)",5,"Post graduate",1,"Diploma or certificate in basic teachers training of a duration not less than two years",0,0,0,0,0,1,0,0,0,0,0,0,0,0,0,0,0,0,1,0,1
2019-20,33,Tamilnadu,3305,DHARMAPURI,330508,HARUR,24,"Private Unaided (Recognized)",1,"PS (I-V)",5,"Post graduate",1,"Diploma or certificate in basic teachers training of a duration not less than two years",0,0,0,0,2,2,0,0,0,0,0,0,0,0,0,0,0,0,4,2,2
2019-20,33,Tamilnadu,3305,DHARMAPURI,330501,DHARMAPURI,24,"Private Unaided (Recognized)",1,"PS (I-V)",5,"Post graduate",3,"B.Ed. or equivalent",0,0,0,2,8,74,0,0,0,0,0,0,0,0,0,0,0,0,84,8,76
2019-20,33,Tamilnadu,3305,DHARMAPURI,330502,NALLAMPALLI,24,"Private Unaided (Recognized)",1,"PS (I-V)",5,"Post graduate",3,"B.Ed. or equivalent",0,0,0,0,8,39,0,0,0,0,0,0,0,0,0,0,0,0,47,8,39
2019-20,33,Tamilnadu,3305,DHARMAPURI,330503,PENNAGARAM,24,"Private Unaided (Recognized)",1,"PS (I-V)",5,"Post graduate",3,"B.Ed. or equivalent",0,0,0,9,7,19,0,0,0,0,0,0,0,0,0,0,0,0,35,7,28
2019-20,33,Tamilnadu,3305,DHARMAPURI,330504,PALACODE,24,"Private Unaided (Recognized)",1,"PS (I-V)",5,"Post graduate",3,"B.Ed. or equivalent",0,0,0,0,3,11,0,0,0,0,0,0,0,0,0,0,0,0,14,3,11
2019-20,33,Tamilnadu,3305,DHARMAPURI,330505,KARIMANGALAM,24,"Private Unaided (Recognized)",1,"PS (I-V)",5,"Post graduate",3,"B.Ed. or equivalent",0,0,0,0,4,42,0,0,0,0,0,0,0,0,0,0,0,0,46,4,42
2019-20,33,Tamilnadu,3305,DHARMAPURI,330506,MORAPPUR,24,"Private Unaided (Recognized)",1,"PS (I-V)",5,"Post graduate",3,"B.Ed. or equivalent",0,0,0,0,3,8,0,0,0,0,0,0,0,0,0,0,0,0,11,3,8
2019-20,33,Tamilnadu,3305,DHARMAPURI,330507,PAPPIREDDIPATTI,24,"Private Unaided (Recognized)",1,"PS (I-V)",5,"Post graduate",3,"B.Ed. or equivalent",0,0,0,0,1,3,0,0,0,0,0,0,0,0,0,0,0,0,4,1,3
2019-20,33,Tamilnadu,3305,DHARMAPURI,330508,HARUR,24,"Private Unaided (Recognized)",1,"PS (I-V)",5,"Post graduate",3,"B.Ed. or equivalent",0,0,0,0,5,28,0,0,0,0,0,0,0,0,0,0,0,0,33,5,28
2019-20,33,Tamilnadu,3305,DHARMAPURI,330501,DHARMAPURI,24,"Private Unaided (Recognized)",1,"PS (I-V)",5,"Post graduate",4,"M.Ed. or equivalent",0,0,0,0,0,2,0,0,0,0,0,0,0,0,0,0,0,0,2,0,2
2019-20,33,Tamilnadu,3305,DHARMAPURI,330502,NALLAMPALLI,24,"Private Unaided (Recognized)",1,"PS (I-V)",5,"Post graduate",4,"M.Ed. or equivalent",0,0,0,0,1,2,0,0,0,0,0,0,0,0,0,0,0,0,3,1,2
2019-20,33,Tamilnadu,3305,DHARMAPURI,330505,KARIMANGALAM,24,"Private Unaided (Recognized)",1,"PS (I-V)",5,"Post graduate",4,"M.Ed. or equivalent",0,0,0,0,0,2,0,0,0,0,0,0,0,0,0,0,0,0,2,0,2
2019-20,33,Tamilnadu,3305,DHARMAPURI,330506,MORAPPUR,24,"Private Unaided (Recognized)",1,"PS (I-V)",5,"Post graduate",4,"M.Ed. or equivalent",0,0,0,0,0,1,0,0,0,0,0,0,0,0,0,0,0,0,1,0,1
2019-20,33,Tamilnadu,3305,DHARMAPURI,330501,DHARMAPURI,24,"Private Unaided (Recognized)",1,"PS (I-V)",5,"Post graduate",5,Others,0,0,0,0,1,0,0,0,0,0,0,0,0,0,0,0,0,0,1,1,0
2019-20,33,Tamilnadu,3305,DHARMAPURI,330502,NALLAMPALLI,24,"Private Unaided (Recognized)",1,"PS (I-V)",5,"Post graduate",5,Others,0,0,0,0,0,1,0,0,0,0,0,0,0,0,0,0,0,0,1,0,1
2019-20,33,Tamilnadu,3305,DHARMAPURI,330504,PALACODE,24,"Private Unaided (Recognized)",1,"PS (I-V)",5,"Post graduate",5,Others,0,0,0,0,0,3,0,0,0,0,0,0,0,0,0,0,0,0,3,0,3
2019-20,33,Tamilnadu,3305,DHARMAPURI,330505,KARIMANGALAM,24,"Private Unaided (Recognized)",1,"PS (I-V)",5,"Post graduate",5,Others,0,0,0,0,0,1,0,0,0,0,0,0,0,0,0,0,0,0,1,0,1
2019-20,33,Tamilnadu,3305,DHARMAPURI,330508,HARUR,24,"Private Unaided (Recognized)",1,"PS (I-V)",5,"Post graduate",5,Others,0,0,0,0,0,2,0,0,0,0,0,0,0,0,0,0,0,0,2,0,2
2019-20,33,Tamilnadu,3305,DHARMAPURI,330501,DHARMAPURI,24,"Private Unaided (Recognized)",1,"PS (I-V)",5,"Post graduate",6,None,0,0,0,0,0,2,0,0,0,0,0,0,0,0,0,0,0,0,2,0,2
2019-20,33,Tamilnadu,3305,DHARMAPURI,330502,NALLAMPALLI,24,"Private Unaided (Recognized)",1,"PS (I-V)",5,"Post graduate",6,None,0,0,0,0,0,3,0,0,0,0,0,0,0,0,0,0,0,0,3,0,3
2019-20,33,Tamilnadu,3305,DHARMAPURI,330503,PENNAGARAM,24,"Private Unaided (Recognized)",1,"PS (I-V)",5,"Post graduate",6,None,0,0,0,0,0,1,0,0,0,0,0,0,0,0,0,0,0,0,1,0,1
2019-20,33,Tamilnadu,3305,DHARMAPURI,330506,MORAPPUR,24,"Private Unaided (Recognized)",1,"PS (I-V)",5,"Post graduate",6,None,0,0,0,0,0,1,0,0,0,0,0,0,0,0,0,0,0,0,1,0,1
2019-20,33,Tamilnadu,3305,DHARMAPURI,330507,PAPPIREDDIPATTI,24,"Private Unaided (Recognized)",1,"PS (I-V)",5,"Post graduate",6,None,0,0,0,0,0,1,0,0,0,0,0,0,0,0,0,0,0,0,1,0,1
2019-20,33,Tamilnadu,3305,DHARMAPURI,330508,HARUR,24,"Private Unaided (Recognized)",1,"PS (I-V)",5,"Post graduate",6,None,0,0,0,0,0,2,0,0,0,0,0,0,0,0,0,0,0,0,2,0,2
2019-20,33,Tamilnadu,3305,DHARMAPURI,330504,PALACODE,24,"Private Unaided (Recognized)",1,"PS (I-V)",6,M.Phil,1,"Diploma or certificate in basic teachers training of a duration not less than two years",0,0,0,0,0,1,0,0,0,0,0,0,0,0,0,0,0,0,1,0,1
2019-20,33,Tamilnadu,3305,DHARMAPURI,330501,DHARMAPURI,24,"Private Unaided (Recognized)",1,"PS (I-V)",6,M.Phil,3,"B.Ed. or equivalent",0,0,0,0,1,1,0,0,0,0,0,0,0,0,0,0,0,0,2,1,1
2019-20,33,Tamilnadu,3305,DHARMAPURI,330502,NALLAMPALLI,24,"Private Unaided (Recognized)",1,"PS (I-V)",6,M.Phil,3,"B.Ed. or equivalent",0,0,0,0,1,2,0,0,0,0,0,0,0,0,0,0,0,0,3,1,2
2019-20,33,Tamilnadu,3305,DHARMAPURI,330503,PENNAGARAM,24,"Private Unaided (Recognized)",1,"PS (I-V)",6,M.Phil,3,"B.Ed. or equivalent",0,0,0,0,1,1,0,0,0,0,0,0,0,0,0,0,0,0,2,1,1
2019-20,33,Tamilnadu,3305,DHARMAPURI,330505,KARIMANGALAM,24,"Private Unaided (Recognized)",1,"PS (I-V)",6,M.Phil,3,"B.Ed. or equivalent",0,0,0,0,0,1,0,0,0,0,0,0,0,0,0,0,0,0,1,0,1
2019-20,33,Tamilnadu,3305,DHARMAPURI,330506,MORAPPUR,24,"Private Unaided (Recognized)",1,"PS (I-V)",6,M.Phil,3,"B.Ed. or equivalent",0,0,0,0,1,0,0,0,0,0,0,0,0,0,0,0,0,0,1,1,0
2019-20,33,Tamilnadu,3305,DHARMAPURI,330507,PAPPIREDDIPATTI,24,"Private Unaided (Recognized)",1,"PS (I-V)",6,M.Phil,3,"B.Ed. or equivalent",0,0,0,0,1,0,0,0,0,0,0,0,0,0,0,0,0,0,1,1,0
2019-20,33,Tamilnadu,3305,DHARMAPURI,330504,PALACODE,24,"Private Unaided (Recognized)",1,"PS (I-V)",6,M.Phil,5,Others,0,0,0,0,0,1,0,0,0,0,0,0,0,0,0,0,0,0,1,0,1
2019-20,33,Tamilnadu,3305,DHARMAPURI,330502,NALLAMPALLI,24,"Private Unaided (Recognized)",1,"PS (I-V)",7,Ph.D,4,"M.Ed. or equivalent",0,0,0,0,0,1,0,0,0,0,0,0,0,0,0,0,0,0,1,0,1
2019-20,33,Tamilnadu,3305,DHARMAPURI,330505,KARIMANGALAM,24,"Private Unaided (Recognized)",1,"PS (I-V)",8,"Post Doctoral",3,"B.Ed. or equivalent",0,0,0,0,0,1,0,0,0,0,0,0,0,0,0,0,0,0,1,0,1
2019-20,33,Tamilnadu,3305,DHARMAPURI,330501,DHARMAPURI,29,"Private Unaided (Recognized)",3,"HSS (I-XII)",1,"Below Secondary",1,"Diploma or certificate in basic teachers training of a duration not less than two years",0,0,0,0,0,1,0,0,0,0,0,0,0,0,0,0,0,0,1,0,1
2019-20,33,Tamilnadu,3305,DHARMAPURI,330501,DHARMAPURI,29,"Private Unaided (Recognized)",6,"SS (I-X)",1,"Below Secondary",1,"Diploma or certificate in basic teachers training of a duration not less than two years",0,0,0,0,0,1,0,0,0,0,0,0,0,0,0,0,0,0,1,0,1
2019-20,33,Tamilnadu,3305,DHARMAPURI,330501,DHARMAPURI,29,"Private Unaided (Recognized)",3,"HSS (I-XII)",1,"Below Secondary",6,None,0,0,0,0,0,0,0,1,0,0,0,0,0,0,0,0,0,0,1,0,1
2019-20,33,Tamilnadu,3305,DHARMAPURI,330506,MORAPPUR,29,"Private Unaided (Recognized)",2,"UPS (I-VIII)",3,"Higher secondary",1,"Diploma or certificate in basic teachers training of a duration not less than two years",0,0,0,0,0,0,0,0,0,1,0,0,0,0,0,0,0,0,1,0,1
2019-20,33,Tamilnadu,3305,DHARMAPURI,330501,DHARMAPURI,29,"Private Unaided (Recognized)",3,"HSS (I-XII)",3,"Higher secondary",1,"Diploma or certificate in basic teachers training of a duration not less than two years",0,0,0,0,0,2,0,0,0,0,0,0,0,0,0,0,0,0,2,0,2
2019-20,33,Tamilnadu,3305,DHARMAPURI,330501,DHARMAPURI,29,"Private Unaided (Recognized)",6,"SS (I-X)",3,"Higher secondary",1,"Diploma or certificate in basic teachers training of a duration not less than two years",0,0,0,0,0,1,0,1,0,0,0,0,0,0,0,0,0,0,2,0,2
2019-20,33,Tamilnadu,3305,DHARMAPURI,330504,PALACODE,29,"Private Unaided (Recognized)",6,"SS (I-X)",3,"Higher secondary",1,"Diploma or certificate in basic teachers training of a duration not less than two years",0,0,0,0,1,0,0,0,0,0,0,0,0,0,0,0,0,0,1,1,0
2019-20,33,Tamilnadu,3305,DHARMAPURI,330501,DHARMAPURI,29,"Private Unaided (Recognized)",6,"SS (I-X)",3,"Higher secondary",4,"M.Ed. or equivalent",0,0,0,0,1,0,0,0,0,0,0,0,0,0,0,0,0,0,1,1,0
2019-20,33,Tamilnadu,3305,DHARMAPURI,330506,MORAPPUR,29,"Private Unaided (Recognized)",1,"PS (I-V)",3,"Higher secondary",5,Others,0,0,0,0,0,1,0,0,0,0,0,0,0,0,0,0,0,0,1,0,1
2019-20,33,Tamilnadu,3305,DHARMAPURI,330501,DHARMAPURI,29,"Private Unaided (Recognized)",6,"SS (I-X)",3,"Higher secondary",5,Others,0,0,0,0,1,0,0,0,0,0,0,0,0,0,0,0,0,0,1,1,0
2019-20,33,Tamilnadu,3305,DHARMAPURI,330501,DHARMAPURI,29,"Private Unaided (Recognized)",3,"HSS (I-XII)",4,Graduate,1,"Diploma or certificate in basic teachers training of a duration not less than two years",0,0,0,0,0,1,0,1,0,0,0,0,0,0,0,0,0,0,2,0,2
2019-20,33,Tamilnadu,3305,DHARMAPURI,330502,NALLAMPALLI,29,"Private Unaided (Recognized)",3,"HSS (I-XII)",4,Graduate,1,"Diploma or certificate in basic teachers training of a duration not less than two years",0,0,0,0,0,0,0,2,0,0,0,0,0,0,0,0,0,0,2,0,2
2019-20,33,Tamilnadu,3305,DHARMAPURI,330501,DHARMAPURI,29,"Private Unaided (Recognized)",6,"SS (I-X)",4,Graduate,1,"Diploma or certificate in basic teachers training of a duration not less than two years",0,0,0,0,0,1,0,0,0,0,0,0,0,0,0,0,0,0,1,0,1
2019-20,33,Tamilnadu,3305,DHARMAPURI,330506,MORAPPUR,29,"Private Unaided (Recognized)",6,"SS (I-X)",4,Graduate,1,"Diploma or certificate in basic teachers training of a duration not less than two years",0,0,0,0,0,0,0,0,0,0,0,0,0,1,0,0,0,0,1,0,1
2019-20,33,Tamilnadu,3305,DHARMAPURI,330506,MORAPPUR,29,"Private Unaided (Recognized)",1,"PS (I-V)",4,Graduate,3,"B.Ed. or equivalent",0,0,0,2,0,2,0,0,0,0,0,0,0,0,0,0,0,0,4,0,4
2019-20,33,Tamilnadu,3305,DHARMAPURI,330506,MORAPPUR,29,"Private Unaided (Recognized)",2,"UPS (I-VIII)",4,Graduate,3,"B.Ed. or equivalent",0,0,0,0,0,0,0,0,1,6,0,0,0,0,0,0,0,0,7,1,6
2019-20,33,Tamilnadu,3305,DHARMAPURI,330501,DHARMAPURI,29,"Private Unaided (Recognized)",3,"HSS (I-XII)",4,Graduate,3,"B.Ed. or equivalent",0,0,0,0,0,0,4,8,0,0,0,0,0,0,0,0,0,0,12,4,8
2019-20,33,Tamilnadu,3305,DHARMAPURI,330502,NALLAMPALLI,29,"Private Unaided (Recognized)",3,"HSS (I-XII)",4,Graduate,3,"B.Ed. or equivalent",0,0,0,0,0,0,1,22,0,0,0,0,0,0,0,0,0,0,23,1,22
2019-20,33,Tamilnadu,3305,DHARMAPURI,330503,PENNAGARAM,29,"Private Unaided (Recognized)",3,"HSS (I-XII)",4,Graduate,3,"B.Ed. or equivalent",0,0,0,0,1,1,0,0,0,1,0,0,0,0,0,0,0,0,3,1,2
2019-20,33,Tamilnadu,3305,DHARMAPURI,330501,DHARMAPURI,29,"Private Unaided (Recognized)",6,"SS (I-X)",4,Graduate,3,"B.Ed. or equivalent",0,0,0,0,1,2,0,0,0,1,0,0,0,1,0,0,0,0,5,1,4
2019-20,33,Tamilnadu,3305,DHARMAPURI,330504,PALACODE,29,"Private Unaided (Recognized)",6,"SS (I-X)",4,Graduate,3,"B.Ed. or equivalent",0,0,0,0,0,0,0,0,1,0,0,0,0,0,0,0,0,0,1,1,0
2019-20,33,Tamilnadu,3305,DHARMAPURI,330506,MORAPPUR,29,"Private Unaided (Recognized)",6,"SS (I-X)",4,Graduate,3,"B.Ed. or equivalent",0,0,0,0,0,0,0,0,0,0,0,0,0,3,0,0,0,0,3,0,3
2019-20,33,Tamilnadu,3305,DHARMAPURI,330502,NALLAMPALLI,29,"Private Unaided (Recognized)",3,"HSS (I-XII)",4,Graduate,5,Others,0,0,0,0,0,0,1,1,0,0,0,0,0,0,0,0,0,0,2,1,1
2019-20,33,Tamilnadu,3305,DHARMAPURI,330501,DHARMAPURI,29,"Private Unaided (Recognized)",6,"SS (I-X)",4,Graduate,5,Others,0,0,0,0,0,1,0,0,0,0,0,0,1,0,0,0,0,0,2,1,1
2019-20,33,Tamilnadu,3305,DHARMAPURI,330508,HARUR,29,"Private Unaided (Recognized)",6,"SS (I-X)",6,M.Phil,3,"B.Ed. or equivalent",0,0,0,0,0,0,0,0,0,0,0,0,0,1,0,0,0,0,1,0,1
2019-20,33,Tamilnadu,3305,DHARMAPURI,330506,MORAPPUR,29,"Private Unaided (Recognized)",2,"UPS (I-VIII)",4,Graduate,6,None,0,0,0,0,0,0,0,0,0,2,0,0,0,0,0,0,0,0,2,0,2
2019-20,33,Tamilnadu,3305,DHARMAPURI,330501,DHARMAPURI,29,"Private Unaided (Recognized)",3,"HSS (I-XII)",4,Graduate,6,None,0,0,0,0,0,0,3,16,0,0,0,0,0,0,0,0,0,0,19,3,16
2019-20,33,Tamilnadu,3305,DHARMAPURI,330502,NALLAMPALLI,29,"Private Unaided (Recognized)",3,"HSS (I-XII)",4,Graduate,6,None,0,0,0,0,0,0,1,1,0,0,0,0,0,0,0,0,0,0,2,1,1
2019-20,33,Tamilnadu,3305,DHARMAPURI,330501,DHARMAPURI,29,"Private Unaided (Recognized)",6,"SS (I-X)",4,Graduate,6,None,0,0,0,0,0,1,0,0,0,0,0,0,0,0,0,0,0,0,1,0,1
2019-20,33,Tamilnadu,3305,DHARMAPURI,330506,MORAPPUR,29,"Private Unaided (Recognized)",6,"SS (I-X)",4,Graduate,6,None,0,0,0,0,0,0,0,0,0,0,0,0,0,1,0,0,0,0,1,0,1
2019-20,33,Tamilnadu,3305,DHARMAPURI,330501,DHARMAPURI,29,"Private Unaided (Recognized)",3,"HSS (I-XII)",5,"Post graduate",1,"Diploma or certificate in basic teachers training of a duration not less than two years",0,0,0,0,0,0,0,1,0,0,0,0,0,0,0,0,0,0,1,0,1
2019-20,33,Tamilnadu,3305,DHARMAPURI,330502,NALLAMPALLI,29,"Private Unaided (Recognized)",3,"HSS (I-XII)",5,"Post graduate",1,"Diploma or certificate in basic teachers training of a duration not less than two years",0,0,0,0,0,0,0,4,0,0,0,0,0,0,0,0,0,0,4,0,4
2019-20,33,Tamilnadu,3305,DHARMAPURI,330503,PENNAGARAM,29,"Private Unaided (Recognized)",3,"HSS (I-XII)",5,"Post graduate",1,"Diploma or certificate in basic teachers training of a duration not less than two years",0,0,0,0,1,0,0,0,0,0,0,0,0,0,0,0,0,0,1,1,0
2019-20,33,Tamilnadu,3305,DHARMAPURI,330501,DHARMAPURI,29,"Private Unaided (Recognized)",6,"SS (I-X)",5,"Post graduate",1,"Diploma or certificate in basic teachers training of a duration not less than two years",0,0,0,0,0,0,1,0,0,0,0,0,0,1,0,0,0,0,2,1,1
2019-20,33,Tamilnadu,3305,DHARMAPURI,330504,PALACODE,29,"Private Unaided (Recognized)",6,"SS (I-X)",5,"Post graduate",1,"Diploma or certificate in basic teachers training of a duration not less than two years",0,0,0,0,0,0,0,0,1,0,0,0,0,0,0,0,0,0,1,1,0
2019-20,33,Tamilnadu,3305,DHARMAPURI,330506,MORAPPUR,29,"Private Unaided (Recognized)",1,"PS (I-V)",5,"Post graduate",3,"B.Ed. or equivalent",0,0,0,1,0,5,0,0,0,0,0,0,0,0,0,0,0,0,6,0,6
2019-20,33,Tamilnadu,3305,DHARMAPURI,330503,PENNAGARAM,29,"Private Unaided (Recognized)",2,"UPS (I-VIII)",5,"Post graduate",3,"B.Ed. or equivalent",0,0,0,0,1,0,0,0,0,0,0,0,0,0,0,0,0,0,1,1,0
2019-20,33,Tamilnadu,3305,DHARMAPURI,330506,MORAPPUR,29,"Private Unaided (Recognized)",2,"UPS (I-VIII)",5,"Post graduate",3,"B.Ed. or equivalent",0,0,0,0,0,0,0,0,2,3,0,0,0,0,0,0,0,0,5,2,3
2019-20,33,Tamilnadu,3305,DHARMAPURI,330501,DHARMAPURI,29,"Private Unaided (Recognized)",3,"HSS (I-XII)",5,"Post graduate",3,"B.Ed. or equivalent",0,0,0,0,0,3,20,24,0,0,0,0,0,0,0,0,0,0,47,20,27
2019-20,33,Tamilnadu,3305,DHARMAPURI,330502,NALLAMPALLI,29,"Private Unaided (Recognized)",3,"HSS (I-XII)",5,"Post graduate",3,"B.Ed. or equivalent",0,0,0,0,0,0,11,56,0,0,0,0,0,0,0,0,0,0,67,11,56
2019-20,33,Tamilnadu,3305,DHARMAPURI,330503,PENNAGARAM,29,"Private Unaided (Recognized)",3,"HSS (I-XII)",5,"Post graduate",3,"B.Ed. or equivalent",0,0,0,0,0,1,0,0,1,0,0,0,0,0,0,0,0,0,2,1,1
2019-20,33,Tamilnadu,3305,DHARMAPURI,330501,DHARMAPURI,29,"Private Unaided (Recognized)",6,"SS (I-X)",5,"Post graduate",3,"B.Ed. or equivalent",0,0,0,0,2,2,0,2,0,1,3,6,1,4,0,0,0,0,21,6,15
2019-20,33,Tamilnadu,3305,DHARMAPURI,330504,PALACODE,29,"Private Unaided (Recognized)",6,"SS (I-X)",5,"Post graduate",3,"B.Ed. or equivalent",0,0,0,0,0,1,0,0,1,0,0,0,0,0,0,0,0,0,2,1,1
2019-20,33,Tamilnadu,3305,DHARMAPURI,330506,MORAPPUR,29,"Private Unaided (Recognized)",6,"SS (I-X)",5,"Post graduate",3,"B.Ed. or equivalent",0,0,0,0,0,0,0,0,0,0,0,0,1,6,0,0,0,0,7,1,6
2019-20,33,Tamilnadu,3305,DHARMAPURI,330508,HARUR,29,"Private Unaided (Recognized)",6,"SS (I-X)",5,"Post graduate",3,"B.Ed. or equivalent",0,0,0,0,0,0,0,0,0,0,0,0,2,1,0,0,0,0,3,2,1
2019-20,33,Tamilnadu,3305,DHARMAPURI,330501,DHARMAPURI,29,"Private Unaided (Recognized)",3,"HSS (I-XII)",5,"Post graduate",4,"M.Ed. or equivalent",0,0,0,0,0,0,1,2,0,0,0,0,0,0,0,0,0,0,3,1,2
2019-20,33,Tamilnadu,3305,DHARMAPURI,330502,NALLAMPALLI,29,"Private Unaided (Recognized)",3,"HSS (I-XII)",5,"Post graduate",4,"M.Ed. or equivalent",0,0,0,0,0,0,0,2,0,0,0,0,0,0,0,0,0,0,2,0,2
2019-20,33,Tamilnadu,3305,DHARMAPURI,330501,DHARMAPURI,29,"Private Unaided (Recognized)",6,"SS (I-X)",5,"Post graduate",4,"M.Ed. or equivalent",0,0,0,0,0,1,0,0,0,0,0,0,0,0,0,0,0,0,1,0,1
2019-20,33,Tamilnadu,3305,DHARMAPURI,330508,HARUR,29,"Private Unaided (Recognized)",6,"SS (I-X)",5,"Post graduate",4,"M.Ed. or equivalent",0,0,0,0,0,0,0,0,0,0,0,0,1,0,0,0,0,0,1,1,0
2019-20,33,Tamilnadu,3305,DHARMAPURI,330506,MORAPPUR,29,"Private Unaided (Recognized)",2,"UPS (I-VIII)",5,"Post graduate",5,Others,0,0,0,0,0,0,0,0,1,1,0,0,0,0,0,0,0,0,2,1,1
2019-20,33,Tamilnadu,3305,DHARMAPURI,330501,DHARMAPURI,29,"Private Unaided (Recognized)",3,"HSS (I-XII)",5,"Post graduate",5,Others,0,0,0,0,0,0,0,0,0,0,0,0,1,0,0,0,0,0,1,1,0
2019-20,33,Tamilnadu,3305,DHARMAPURI,330501,DHARMAPURI,29,"Private Unaided (Recognized)",6,"SS (I-X)",5,"Post graduate",5,Others,0,0,0,0,0,1,1,0,0,0,0,0,1,0,0,0,0,0,3,2,1
2019-20,33,Tamilnadu,3305,DHARMAPURI,330508,HARUR,29,"Private Unaided (Recognized)",6,"SS (I-X)",5,"Post graduate",5,Others,0,0,0,0,0,0,0,0,0,0,0,0,1,0,0,0,0,0,1,1,0
2019-20,33,Tamilnadu,3305,DHARMAPURI,330506,MORAPPUR,29,"Private Unaided (Recognized)",2,"UPS (I-VIII)",5,"Post graduate",6,None,0,0,0,0,0,0,0,0,1,0,0,0,0,0,0,0,0,0,1,1,0
2019-20,33,Tamilnadu,3305,DHARMAPURI,330501,DHARMAPURI,29,"Private Unaided (Recognized)",3,"HSS (I-XII)",5,"Post graduate",6,None,0,0,0,0,0,0,6,8,0,0,0,0,0,0,0,0,0,0,14,6,8
2019-20,33,Tamilnadu,3305,DHARMAPURI,330502,NALLAMPALLI,29,"Private Unaided (Recognized)",3,"HSS (I-XII)",5,"Post graduate",6,None,0,0,0,0,0,0,1,0,0,0,0,0,0,0,0,0,0,0,1,1,0
2019-20,33,Tamilnadu,3305,DHARMAPURI,330501,DHARMAPURI,29,"Private Unaided (Recognized)",6,"SS (I-X)",5,"Post graduate",6,None,0,0,0,0,0,0,0,0,0,0,0,2,0,0,0,0,0,0,2,0,2
2019-20,33,Tamilnadu,3305,DHARMAPURI,330508,HARUR,29,"Private Unaided (Recognized)",6,"SS (I-X)",5,"Post graduate",6,None,0,0,0,0,0,0,0,0,0,0,0,0,1,1,0,0,0,0,2,1,1
2019-20,33,Tamilnadu,3305,DHARMAPURI,330506,MORAPPUR,29,"Private Unaided (Recognized)",1,"PS (I-V)",6,M.Phil,3,"B.Ed. or equivalent",0,0,0,0,0,1,0,0,0,0,0,0,0,0,0,0,0,0,1,0,1
2019-20,33,Tamilnadu,3305,DHARMAPURI,330501,DHARMAPURI,29,"Private Unaided (Recognized)",3,"HSS (I-XII)",6,M.Phil,3,"B.Ed. or equivalent",0,0,0,0,1,0,0,1,0,0,0,0,0,0,0,0,0,0,2,1,1
2019-20,33,Tamilnadu,3305,DHARMAPURI,330502,NALLAMPALLI,29,"Private Unaided (Recognized)",3,"HSS (I-XII)",6,M.Phil,3,"B.Ed. or equivalent",0,0,0,0,0,0,4,9,0,0,0,0,0,0,0,0,0,0,13,4,9
2019-20,33,Tamilnadu,3305,DHARMAPURI,330506,MORAPPUR,29,"Private Unaided (Recognized)",6,"SS (I-X)",6,M.Phil,3,"B.Ed. or equivalent",0,0,0,0,0,0,0,0,0,0,0,0,0,1,0,0,0,0,1,0,1
2019-20,33,Tamilnadu,3305,DHARMAPURI,330502,NALLAMPALLI,29,"Private Unaided (Recognized)",3,"HSS (I-XII)",6,M.Phil,4,"M.Ed. or equivalent",0,0,0,0,0,0,0,2,0,0,0,0,0,0,0,0,0,0,2,0,2
2019-20,33,Tamilnadu,3305,DHARMAPURI,330501,DHARMAPURI,29,"Private Unaided (Recognized)",3,"HSS (I-XII)",7,Ph.D,6,None,0,0,0,0,0,0,2,0,0,0,0,0,0,0,0,0,0,0,2,2,0
2019-20,33,Tamilnadu,3305,DHARMAPURI,330501,DHARMAPURI,6,"Social welfare Department",3,"HSS (I-XII)",3,"Higher secondary",3,"B.Ed. or equivalent",0,0,0,0,0,0,0,0,0,2,0,0,0,0,0,0,0,0,2,0,2
2019-20,33,Tamilnadu,3305,DHARMAPURI,330501,DHARMAPURI,6,"Social welfare Department",1,"PS (I-V)",4,Graduate,1,"Diploma or certificate in basic teachers training of a duration not less than two years",0,0,0,0,0,1,0,0,0,0,0,0,0,0,0,0,0,0,1,0,1
2019-20,33,Tamilnadu,3305,DHARMAPURI,330501,DHARMAPURI,6,"Social welfare Department",3,"HSS (I-XII)",4,Graduate,1,"Diploma or certificate in basic teachers training of a duration not less than two years",0,0,0,0,0,2,0,0,0,0,0,0,0,0,0,0,0,0,2,0,2
2019-20,33,Tamilnadu,3305,DHARMAPURI,330501,DHARMAPURI,6,"Social welfare Department",3,"HSS (I-XII)",4,Graduate,3,"B.Ed. or equivalent",0,0,0,0,0,0,1,0,0,0,0,0,1,0,0,0,0,0,2,2,0
2019-20,33,Tamilnadu,3305,DHARMAPURI,330501,DHARMAPURI,6,"Social welfare Department",3,"HSS (I-XII)",5,"Post graduate",3,"B.Ed. or equivalent",0,0,0,0,0,0,0,1,0,0,1,0,1,0,1,0,0,1,5,3,2
2019-20,33,Tamilnadu,3305,DHARMAPURI,330501,DHARMAPURI,6,"Social welfare Department",3,"HSS (I-XII)",5,"Post graduate",5,Others,0,0,0,0,0,0,0,0,0,0,0,0,0,0,0,0,1,0,1,1,0
2019-20,33,Tamilnadu,3305,DHARMAPURI,330501,DHARMAPURI,6,"Social welfare Department",3,"HSS (I-XII)",6,M.Phil,3,"B.Ed. or equivalent",0,0,0,0,0,0,0,0,0,0,0,0,0,0,0,0,0,1,1,0,1
2019-20,33,Tamilnadu,3305,DHARMAPURI,330504,PALACODE,31,"Social welfare Department",4,"UPS (VI-VIII)",5,"Post graduate",3,"B.Ed. or equivalent",0,0,0,0,0,0,0,0,0,1,0,0,0,0,0,0,0,0,1,0,1
2019-20,33,Tamilnadu,3305,DHARMAPURI,330504,PALACODE,31,"Social welfare Department",4,"UPS (VI-VIII)",5,"Post graduate",4,"M.Ed. or equivalent",0,0,0,0,0,0,0,0,1,0,0,0,0,0,0,0,0,0,1,1,0
2019-20,33,Tamilnadu,3305,DHARMAPURI,330503,PENNAGARAM,4,"Tribal Welfare Department",1,"PS (I-V)",3,"Higher secondary",1,"Diploma or certificate in basic teachers training of a duration not less than two years",0,0,0,0,0,1,0,0,0,0,0,0,0,0,0,0,0,0,1,0,1
2019-20,33,Tamilnadu,3305,DHARMAPURI,330503,PENNAGARAM,4,"Tribal Welfare Department",1,"PS (I-V)",4,Graduate,1,"Diploma or certificate in basic teachers training of a duration not less than two years",0,0,0,0,1,1,0,0,0,0,0,0,0,0,0,0,0,0,2,1,1
2019-20,33,Tamilnadu,3305,DHARMAPURI,330501,DHARMAPURI,4,"Tribal Welfare Department",2,"UPS (I-VIII)",4,Graduate,1,"Diploma or certificate in basic teachers training of a duration not less than two years",0,0,0,0,0,1,0,0,0,0,0,0,0,0,0,0,0,0,1,0,1
2019-20,33,Tamilnadu,3305,DHARMAPURI,330508,HARUR,4,"Tribal Welfare Department",1,"PS (I-V)",4,Graduate,3,"B.Ed. or equivalent",0,0,0,0,1,0,0,0,0,0,0,0,0,0,0,0,0,0,1,1,0
2019-20,33,Tamilnadu,3305,DHARMAPURI,330501,DHARMAPURI,4,"Tribal Welfare Department",2,"UPS (I-VIII)",4,Graduate,3,"B.Ed. or equivalent",0,0,0,0,0,1,0,0,0,0,0,0,0,0,0,0,0,0,1,0,1
2019-20,33,Tamilnadu,3305,DHARMAPURI,330508,HARUR,4,"Tribal Welfare Department",5,"HSS (VI-XII)",4,Graduate,3,"B.Ed. or equivalent",0,0,0,0,0,0,0,0,0,2,1,0,0,0,0,0,0,0,3,1,2
2019-20,33,Tamilnadu,3305,DHARMAPURI,330508,HARUR,4,"Tribal Welfare Department",5,"HSS (VI-XII)",4,Graduate,5,Others,0,0,0,0,0,0,0,0,0,0,1,0,0,0,0,0,0,0,1,1,0
2019-20,33,Tamilnadu,3305,DHARMAPURI,330503,PENNAGARAM,4,"Tribal Welfare Department",1,"PS (I-V)",5,"Post graduate",1,"Diploma or certificate in basic teachers training of a duration not less than two years",0,0,0,0,0,1,0,0,0,0,0,0,0,0,0,0,0,0,1,0,1
2019-20,33,Tamilnadu,3305,DHARMAPURI,330502,NALLAMPALLI,4,"Tribal Welfare Department",1,"PS (I-V)",5,"Post graduate",3,"B.Ed. or equivalent",0,0,0,0,0,1,0,0,0,0,0,0,0,0,0,0,0,0,1,0,1
2019-20,33,Tamilnadu,3305,DHARMAPURI,330507,PAPPIREDDIPATTI,4,"Tribal Welfare Department",1,"PS (I-V)",5,"Post graduate",3,"B.Ed. or equivalent",0,0,0,0,1,1,0,0,0,0,0,0,0,0,0,0,0,0,2,1,1
2019-20,33,Tamilnadu,3305,DHARMAPURI,330508,HARUR,4,"Tribal Welfare Department",1,"PS (I-V)",5,"Post graduate",3,"B.Ed. or equivalent",0,0,0,0,1,3,0,0,0,0,0,0,0,0,0,0,0,0,4,1,3
2019-20,33,Tamilnadu,3305,DHARMAPURI,330501,DHARMAPURI,4,"Tribal Welfare Department",2,"UPS (I-VIII)",5,"Post graduate",3,"B.Ed. or equivalent",0,0,0,0,0,0,0,0,2,1,0,0,0,0,0,0,0,0,3,2,1
2019-20,33,Tamilnadu,3305,DHARMAPURI,330508,HARUR,4,"Tribal Welfare Department",5,"HSS (VI-XII)",5,"Post graduate",3,"B.Ed. or equivalent",0,0,0,0,0,0,0,0,1,0,2,0,1,1,0,0,2,3,10,6,4
2019-20,33,Tamilnadu,3305,DHARMAPURI,330508,HARUR,4,"Tribal Welfare Department",5,"HSS (VI-XII)",5,"Post graduate",4,"M.Ed. or equivalent",0,0,0,0,0,0,0,0,0,0,0,0,0,0,0,0,0,1,1,0,1
2019-20,33,Tamilnadu,3305,DHARMAPURI,330501,DHARMAPURI,4,"Tribal Welfare Department",2,"UPS (I-VIII)",6,M.Phil,3,"B.Ed. or equivalent",0,0,0,0,0,0,0,0,1,0,0,0,0,0,0,0,0,0,1,1,0
2019-20,33,Tamilnadu,3305,DHARMAPURI,330508,HARUR,4,"Tribal Welfare Department",5,"HSS (VI-XII)",6,M.Phil,3,"B.Ed. or equivalent",0,0,0,0,0,0,0,0,0,0,0,1,1,2,0,0,2,2,8,3,5
2019-20,33,Tamilnadu,3305,DHARMAPURI,330508,HARUR,4,"Tribal Welfare Department",5,"HSS (VI-XII)",6,M.Phil,6,None,0,0,0,0,0,0,0,0,0,0,0,0,0,0,0,0,0,1,1,0,1
2019-20,33,Tamilnadu,3305,DHARMAPURI,330507,PAPPIREDDIPATTI,9,"Tribal Welfare Department",1,"PS (I-V)",1,"Below Secondary",1,"Diploma or certificate in basic teachers training of a duration not less than two years",0,0,0,0,1,0,0,0,0,0,0,0,0,0,0,0,0,0,1,1,0
2019-20,33,Tamilnadu,3305,DHARMAPURI,330508,HARUR,9,"Tribal Welfare Department",5,"HSS (VI-XII)",1,"Below Secondary",4,"M.Ed. or equivalent",0,0,0,0,0,0,0,0,0,0,0,0,0,0,0,0,1,0,1,1,0
2019-20,33,Tamilnadu,3305,DHARMAPURI,330507,PAPPIREDDIPATTI,9,"Tribal Welfare Department",1,"PS (I-V)",3,"Higher secondary",1,"Diploma or certificate in basic teachers training of a duration not less than two years",0,0,0,0,0,2,0,0,0,0,0,0,0,0,0,0,0,0,2,0,2
2019-20,33,Tamilnadu,3305,DHARMAPURI,330508,HARUR,9,"Tribal Welfare Department",1,"PS (I-V)",3,"Higher secondary",1,"Diploma or certificate in basic teachers training of a duration not less than two years",0,0,0,0,3,0,0,0,0,0,0,0,0,0,0,0,0,0,3,3,0
2019-20,33,Tamilnadu,3305,DHARMAPURI,330507,PAPPIREDDIPATTI,9,"Tribal Welfare Department",2,"UPS (I-VIII)",3,"Higher secondary",1,"Diploma or certificate in basic teachers training of a duration not less than two years",0,0,0,0,0,1,0,0,0,0,0,0,0,0,0,0,0,0,1,0,1
2019-20,33,Tamilnadu,3305,DHARMAPURI,330507,PAPPIREDDIPATTI,9,"Tribal Welfare Department",1,"PS (I-V)",4,Graduate,1,"Diploma or certificate in basic teachers training of a duration not less than two years",0,0,0,0,1,1,0,0,0,0,0,0,0,0,0,0,0,0,2,1,1
2019-20,33,Tamilnadu,3305,DHARMAPURI,330508,HARUR,9,"Tribal Welfare Department",1,"PS (I-V)",4,Graduate,1,"Diploma or certificate in basic teachers training of a duration not less than two years",0,0,0,0,0,3,0,0,0,0,0,0,0,0,0,0,0,0,3,0,3
2019-20,33,Tamilnadu,3305,DHARMAPURI,330507,PAPPIREDDIPATTI,9,"Tribal Welfare Department",2,"UPS (I-VIII)",4,Graduate,1,"Diploma or certificate in basic teachers training of a duration not less than two years",0,0,0,0,0,3,0,0,0,0,0,0,0,0,0,0,0,0,3,0,3
2019-20,33,Tamilnadu,3305,DHARMAPURI,330507,PAPPIREDDIPATTI,9,"Tribal Welfare Department",6,"SS (I-X)",4,Graduate,1,"Diploma or certificate in basic teachers training of a duration not less than two years",0,0,0,0,1,0,0,0,0,0,0,0,0,0,0,0,0,0,1,1,0
2019-20,33,Tamilnadu,3305,DHARMAPURI,330501,DHARMAPURI,9,"Tribal Welfare Department",1,"PS (I-V)",4,Graduate,3,"B.Ed. or equivalent",0,0,0,0,1,0,0,0,0,0,0,0,0,0,0,0,0,0,1,1,0
2019-20,33,Tamilnadu,3305,DHARMAPURI,330507,PAPPIREDDIPATTI,9,"Tribal Welfare Department",1,"PS (I-V)",4,Graduate,3,"B.Ed. or equivalent",0,0,0,0,1,1,0,0,0,0,0,0,0,0,0,0,0,0,2,1,1
2019-20,33,Tamilnadu,3305,DHARMAPURI,330508,HARUR,9,"Tribal Welfare Department",1,"PS (I-V)",4,Graduate,3,"B.Ed. or equivalent",0,0,0,0,1,1,0,0,0,0,0,0,0,0,0,0,0,0,2,1,1
2019-20,33,Tamilnadu,3305,DHARMAPURI,330507,PAPPIREDDIPATTI,9,"Tribal Welfare Department",2,"UPS (I-VIII)",4,Graduate,3,"B.Ed. or equivalent",0,0,0,0,2,1,1,0,1,1,0,0,0,0,0,0,0,0,6,4,2
2019-20,33,Tamilnadu,3305,DHARMAPURI,330507,PAPPIREDDIPATTI,9,"Tribal Welfare Department",5,"HSS (VI-XII)",4,Graduate,3,"B.Ed. or equivalent",0,0,0,0,0,0,0,0,1,0,0,0,0,0,0,0,0,0,1,1,0
2019-20,33,Tamilnadu,3305,DHARMAPURI,330508,HARUR,9,"Tribal Welfare Department",5,"HSS (VI-XII)",4,Graduate,3,"B.Ed. or equivalent",0,0,0,0,0,0,0,0,0,0,0,1,0,0,0,0,0,0,1,0,1
2019-20,33,Tamilnadu,3305,DHARMAPURI,330503,PENNAGARAM,9,"Tribal Welfare Department",1,"PS (I-V)",5,"Post graduate",1,"Diploma or certificate in basic teachers training of a duration not less than two years",0,0,0,0,1,0,0,0,0,0,0,0,0,0,0,0,0,0,1,1,0
2019-20,33,Tamilnadu,3305,DHARMAPURI,330507,PAPPIREDDIPATTI,9,"Tribal Welfare Department",1,"PS (I-V)",5,"Post graduate",1,"Diploma or certificate in basic teachers training of a duration not less than two years",0,0,0,0,0,1,0,0,0,0,0,0,0,0,0,0,0,0,1,0,1
2019-20,33,Tamilnadu,3305,DHARMAPURI,330508,HARUR,9,"Tribal Welfare Department",1,"PS (I-V)",5,"Post graduate",1,"Diploma or certificate in basic teachers training of a duration not less than two years",0,0,0,0,0,1,0,0,0,0,0,0,0,0,0,0,0,0,1,0,1
2019-20,33,Tamilnadu,3305,DHARMAPURI,330507,PAPPIREDDIPATTI,9,"Tribal Welfare Department",2,"UPS (I-VIII)",5,"Post graduate",1,"Diploma or certificate in basic teachers training of a duration not less than two years",0,0,0,0,0,1,0,0,0,0,0,0,0,0,0,0,0,0,1,0,1
2019-20,33,Tamilnadu,3305,DHARMAPURI,330501,DHARMAPURI,9,"Tribal Welfare Department",1,"PS (I-V)",5,"Post graduate",3,"B.Ed. or equivalent",0,0,0,0,1,0,0,0,0,0,0,0,0,0,0,0,0,0,1,1,0
2019-20,33,Tamilnadu,3305,DHARMAPURI,330507,PAPPIREDDIPATTI,9,"Tribal Welfare Department",1,"PS (I-V)",5,"Post graduate",3,"B.Ed. or equivalent",0,0,0,0,2,2,0,0,0,0,0,0,0,0,0,0,0,0,4,2,2
2019-20,33,Tamilnadu,3305,DHARMAPURI,330508,HARUR,9,"Tribal Welfare Department",1,"PS (I-V)",5,"Post graduate",3,"B.Ed. or equivalent",0,0,0,0,3,2,0,0,0,0,0,0,0,0,0,0,0,0,5,3,2
2019-20,33,Tamilnadu,3305,DHARMAPURI,330507,PAPPIREDDIPATTI,9,"Tribal Welfare Department",2,"UPS (I-VIII)",5,"Post graduate",3,"B.Ed. or equivalent",0,0,0,0,0,0,3,1,11,5,0,0,0,0,0,0,0,0,20,14,6
2019-20,33,Tamilnadu,3305,DHARMAPURI,330507,PAPPIREDDIPATTI,9,"Tribal Welfare Department",5,"HSS (VI-XII)",5,"Post graduate",3,"B.Ed. or equivalent",0,0,0,0,0,0,0,0,1,0,0,0,3,1,1,0,0,0,6,5,1
2019-20,33,Tamilnadu,3305,DHARMAPURI,330508,HARUR,9,"Tribal Welfare Department",5,"HSS (VI-XII)",5,"Post graduate",3,"B.Ed. or equivalent",0,0,0,0,0,0,0,0,0,0,4,1,0,0,0,0,0,0,5,4,1
2019-20,33,Tamilnadu,3305,DHARMAPURI,330507,PAPPIREDDIPATTI,9,"Tribal Welfare Department",6,"SS (I-X)",5,"Post graduate",3,"B.Ed. or equivalent",0,0,0,0,0,0,0,0,0,0,1,0,0,0,0,0,0,0,1,1,0
2019-20,33,Tamilnadu,3305,DHARMAPURI,330508,HARUR,9,"Tribal Welfare Department",7,"SS (VI-X)",5,"Post graduate",3,"B.Ed. or equivalent",0,0,0,0,0,0,0,0,0,0,1,0,2,0,0,0,0,0,3,3,0
2019-20,33,Tamilnadu,3305,DHARMAPURI,330508,HARUR,9,"Tribal Welfare Department",1,"PS (I-V)",5,"Post graduate",4,"M.Ed. or equivalent",0,0,0,0,2,0,0,0,0,0,0,0,0,0,0,0,0,0,2,2,0
2019-20,33,Tamilnadu,3305,DHARMAPURI,330508,HARUR,9,"Tribal Welfare Department",5,"HSS (VI-XII)",5,"Post graduate",4,"M.Ed. or equivalent",0,0,0,0,0,0,0,0,0,0,0,0,0,0,0,0,1,0,1,1,0
2019-20,33,Tamilnadu,3305,DHARMAPURI,330508,HARUR,9,"Tribal Welfare Department",7,"SS (VI-X)",5,"Post graduate",4,"M.Ed. or equivalent",0,0,0,0,0,0,0,0,0,0,0,0,1,1,0,0,0,0,2,1,1
2019-20,33,Tamilnadu,3305,DHARMAPURI,330507,PAPPIREDDIPATTI,9,"Tribal Welfare Department",5,"HSS (VI-XII)",6,M.Phil,3,"B.Ed. or equivalent",0,0,0,0,0,0,0,0,0,0,0,0,1,0,2,0,0,0,3,3,0
2019-20,33,Tamilnadu,3305,DHARMAPURI,330508,HARUR,9,"Tribal Welfare Department",5,"HSS (VI-XII)",6,M.Phil,3,"B.Ed. or equivalent",0,0,0,0,0,0,0,0,0,0,0,0,0,0,0,0,3,0,3,3,0
2019-20,33,Tamilnadu,3305,DHARMAPURI,330508,HARUR,9,"Tribal Welfare Department",7,"SS (VI-X)",6,M.Phil,3,"B.Ed. or equivalent",0,0,0,0,0,0,0,0,0,0,1,0,0,0,0,0,0,0,1,1,0
2019-20,33,Tamilnadu,3305,DHARMAPURI,330507,PAPPIREDDIPATTI,9,"Tribal Welfare Department",5,"HSS (VI-XII)",6,M.Phil,4,"M.Ed. or equivalent",0,0,0,0,0,0,0,0,0,0,0,0,0,0,1,0,0,0,1,1,0
2019-20,33,Tamilnadu,3305,DHARMAPURI,330508,HARUR,9,"Tribal Welfare Department",5,"HSS (VI-XII)",6,M.Phil,4,"M.Ed. or equivalent",0,0,0,0,0,0,0,0,0,0,0,0,0,0,1,0,0,0,1,1,0
2019-20,33,Tamilnadu,3305,DHARMAPURI,330507,PAPPIREDDIPATTI,9,"Tribal Welfare Department",5,"HSS (VI-XII)",7,Ph.D,4,"M.Ed. or equivalent",0,0,0,0,0,0,0,0,0,0,0,0,1,0,0,0,0,0,1,1,0
2019-20,33,Tamilnadu,3305,DHARMAPURI,330501,DHARMAPURI,35,Unrecognized,1,"PS (I-V)",4,Graduate,1,"Diploma or certificate in basic teachers training of a duration not less than two years",0,0,0,0,0,1,0,0,0,0,0,0,0,0,0,0,0,0,1,0,1
2019-20,33,Tamilnadu,3305,DHARMAPURI,330501,DHARMAPURI,35,Unrecognized,1,"PS (I-V)",4,Graduate,3,"B.Ed. or equivalent",0,0,0,0,0,1,0,0,0,0,0,0,0,0,0,0,0,0,1,0,1
2019-20,33,Tamilnadu,3305,DHARMAPURI,330501,DHARMAPURI,35,Unrecognized,1,"PS (I-V)",5,"Post graduate",3,"B.Ed. or equivalent",0,0,0,0,0,2,0,0,0,0,0,0,0,0,0,0,0,0,2,0,2
2019-20,33,Tamilnadu,3305,DHARMAPURI,330503,PENNAGARAM,35,Unrecognized,1,"PS (I-V)",5,"Post graduate",3,"B.Ed. or equivalent",0,0,0,0,0,1,0,0,0,0,0,0,0,0,0,0,0,0,1,0,1
