Academic_Year,State_Code,State_Name,District_Code,District_Name,Block_Code,Block_Name,School_Management_Id,School_Management_Name,School_Category_Id,School_Category_Name,Academic_Qualification_Id,Academic_Qualification_Name,Professional_Qualification_Id,Professional_Qualification_Name,Only_Pre_Primary_Male,Only_Pre_Primary_Female,Pre_Primary_and_Primary_Male,Pre_Primary_and_Primary_Female,Only_Primary_Male,Only_Primary_Female,Primary_and_Upperprimary_Male,Primary_and_Upperprimary_Female,Only_Upperprimary_Male,Only_Upperprimary_Female,Upperprimary_and_Secondary_Male,Upperprimary_and_Secondary_Female,Only_Secondary_Male,Only_Secondary_Female,Secondary_and_Highersecondary_Male,Secondary_and_Highersecondary_Female,Only_Highersecondary_Male,Only_Highersecondary_Female,Total_Teacher,Total_Male,Total_Female
2019-20,33,Tamilnadu,3314,KARUR,331401,KARUR,1,"Department of Education",1,"PS (I-V)",1,"Below Secondary",1,"Diploma or certificate in basic teachers training of a duration not less than two years",0,0,0,0,0,3,0,0,0,0,0,0,0,0,0,0,0,0,3,0,3
2019-20,33,Tamilnadu,3314,KARUR,331402,THANTHONI,1,"Department of Education",1,"PS (I-V)",1,"Below Secondary",1,"Diploma or certificate in basic teachers training of a duration not less than two years",0,0,0,0,1,0,0,0,0,0,0,0,0,0,0,0,0,0,1,1,0
2019-20,33,Tamilnadu,3314,KARUR,331403,ARAVAKURICHI,1,"Department of Education",1,"PS (I-V)",1,"Below Secondary",1,"Diploma or certificate in basic teachers training of a duration not less than two years",0,0,0,0,0,3,0,0,0,0,0,0,0,0,0,0,0,0,3,0,3
2019-20,33,Tamilnadu,3314,KARUR,331404,K.PARAMATHI,1,"Department of Education",1,"PS (I-V)",1,"Below Secondary",1,"Diploma or certificate in basic teachers training of a duration not less than two years",0,0,0,0,1,0,0,0,0,0,0,0,0,0,0,0,0,0,1,1,0
2019-20,33,Tamilnadu,3314,KARUR,331405,KRISHNARAYAPURAM,1,"Department of Education",1,"PS (I-V)",1,"Below Secondary",1,"Diploma or certificate in basic teachers training of a duration not less than two years",0,0,0,0,0,1,0,0,0,0,0,0,0,0,0,0,0,0,1,0,1
2019-20,33,Tamilnadu,3314,KARUR,331406,KADAVOOR,1,"Department of Education",1,"PS (I-V)",1,"Below Secondary",1,"Diploma or certificate in basic teachers training of a duration not less than two years",0,0,0,0,0,2,0,0,0,0,0,0,0,0,0,0,0,0,2,0,2
2019-20,33,Tamilnadu,3314,KARUR,331408,THOGAIMALAI,1,"Department of Education",1,"PS (I-V)",1,"Below Secondary",1,"Diploma or certificate in basic teachers training of a duration not less than two years",0,0,0,0,1,0,0,0,0,0,0,0,0,0,0,0,0,0,1,1,0
2019-20,33,Tamilnadu,3314,KARUR,331404,K.PARAMATHI,1,"Department of Education",2,"UPS (I-VIII)",1,"Below Secondary",1,"Diploma or certificate in basic teachers training of a duration not less than two years",0,0,0,0,0,1,0,0,0,0,0,0,0,0,0,0,0,0,1,0,1
2019-20,33,Tamilnadu,3314,KARUR,331405,KRISHNARAYAPURAM,1,"Department of Education",2,"UPS (I-VIII)",1,"Below Secondary",1,"Diploma or certificate in basic teachers training of a duration not less than two years",0,0,0,0,0,1,0,0,0,0,0,0,0,0,0,0,0,0,1,0,1
2019-20,33,Tamilnadu,3314,KARUR,331406,KADAVOOR,1,"Department of Education",2,"UPS (I-VIII)",1,"Below Secondary",1,"Diploma or certificate in basic teachers training of a duration not less than two years",0,0,0,0,0,1,0,0,0,0,0,0,0,0,0,0,0,0,1,0,1
2019-20,33,Tamilnadu,3314,KARUR,331404,K.PARAMATHI,1,"Department of Education",1,"PS (I-V)",1,"Below Secondary",3,"B.Ed. or equivalent",0,0,0,0,0,1,0,0,0,0,0,0,0,0,0,0,0,0,1,0,1
2019-20,33,Tamilnadu,3314,KARUR,331405,KRISHNARAYAPURAM,1,"Department of Education",2,"UPS (I-VIII)",1,"Below Secondary",3,"B.Ed. or equivalent",0,0,0,0,0,0,0,0,0,1,0,0,0,0,0,0,0,0,1,0,1
2019-20,33,Tamilnadu,3314,KARUR,331402,THANTHONI,1,"Department of Education",5,"HSS (VI-XII)",1,"Below Secondary",3,"B.Ed. or equivalent",0,0,0,0,0,0,0,0,0,2,0,0,0,0,0,0,0,0,2,0,2
2019-20,33,Tamilnadu,3314,KARUR,331403,ARAVAKURICHI,1,"Department of Education",7,"SS (VI-X)",1,"Below Secondary",3,"B.Ed. or equivalent",0,0,0,0,0,0,0,0,0,0,1,0,0,0,0,0,0,0,1,1,0
2019-20,33,Tamilnadu,3314,KARUR,331405,KRISHNARAYAPURAM,1,"Department of Education",2,"UPS (I-VIII)",1,"Below Secondary",4,"M.Ed. or equivalent",0,0,0,0,0,0,0,0,1,0,0,0,0,0,0,0,0,0,1,1,0
2019-20,33,Tamilnadu,3314,KARUR,331405,KRISHNARAYAPURAM,1,"Department of Education",5,"HSS (VI-XII)",1,"Below Secondary",4,"M.Ed. or equivalent",0,0,0,0,0,0,0,0,0,1,0,0,0,1,0,0,0,0,2,0,2
2019-20,33,Tamilnadu,3314,KARUR,331406,KADAVOOR,1,"Department of Education",2,"UPS (I-VIII)",1,"Below Secondary",5,Others,0,0,0,0,0,0,0,0,1,0,0,0,0,0,0,0,0,0,1,1,0
2019-20,33,Tamilnadu,3314,KARUR,331407,KULITHALAI,1,"Department of Education",2,"UPS (I-VIII)",1,"Below Secondary",5,Others,0,0,0,0,0,0,0,0,1,1,0,0,0,0,0,0,0,0,2,1,1
2019-20,33,Tamilnadu,3314,KARUR,331401,KARUR,1,"Department of Education",5,"HSS (VI-XII)",1,"Below Secondary",5,Others,0,0,0,0,0,0,0,0,1,2,0,0,0,1,0,0,0,0,4,1,3
2019-20,33,Tamilnadu,3314,KARUR,331402,THANTHONI,1,"Department of Education",5,"HSS (VI-XII)",1,"Below Secondary",5,Others,0,0,0,0,0,0,0,0,1,0,0,1,0,0,0,0,0,0,2,1,1
2019-20,33,Tamilnadu,3314,KARUR,331404,K.PARAMATHI,1,"Department of Education",5,"HSS (VI-XII)",1,"Below Secondary",5,Others,0,0,0,0,0,0,0,0,1,0,0,0,0,0,0,0,0,0,1,1,0
2019-20,33,Tamilnadu,3314,KARUR,331405,KRISHNARAYAPURAM,1,"Department of Education",5,"HSS (VI-XII)",1,"Below Secondary",5,Others,0,0,0,0,0,0,0,0,1,0,0,0,0,0,0,0,0,0,1,1,0
2019-20,33,Tamilnadu,3314,KARUR,331408,THOGAIMALAI,1,"Department of Education",5,"HSS (VI-XII)",1,"Below Secondary",5,Others,0,0,0,0,0,0,0,0,1,0,0,0,0,0,0,0,0,0,1,1,0
2019-20,33,Tamilnadu,3314,KARUR,331402,THANTHONI,1,"Department of Education",7,"SS (VI-X)",1,"Below Secondary",5,Others,0,0,0,0,0,0,0,0,0,1,0,0,0,0,0,0,0,0,1,0,1
2019-20,33,Tamilnadu,3314,KARUR,331404,K.PARAMATHI,1,"Department of Education",7,"SS (VI-X)",1,"Below Secondary",5,Others,0,0,0,0,0,0,0,0,0,0,1,0,0,0,0,0,0,0,1,1,0
2019-20,33,Tamilnadu,3314,KARUR,331405,KRISHNARAYAPURAM,1,"Department of Education",7,"SS (VI-X)",1,"Below Secondary",5,Others,0,0,0,0,0,0,0,0,1,0,0,0,0,0,0,0,0,0,1,1,0
2019-20,33,Tamilnadu,3314,KARUR,331407,KULITHALAI,1,"Department of Education",7,"SS (VI-X)",1,"Below Secondary",5,Others,0,0,0,0,0,0,0,0,1,0,0,0,0,0,0,0,0,0,1,1,0
2019-20,33,Tamilnadu,3314,KARUR,331408,THOGAIMALAI,1,"Department of Education",7,"SS (VI-X)",1,"Below Secondary",5,Others,0,0,0,0,0,0,0,0,2,0,0,0,0,0,0,0,0,0,2,2,0
2019-20,33,Tamilnadu,3314,KARUR,331403,ARAVAKURICHI,1,"Department of Education",2,"UPS (I-VIII)",1,"Below Secondary",6,None,0,0,0,0,0,0,0,0,1,0,0,0,0,0,0,0,0,0,1,1,0
2019-20,33,Tamilnadu,3314,KARUR,331405,KRISHNARAYAPURAM,1,"Department of Education",2,"UPS (I-VIII)",1,"Below Secondary",6,None,0,0,0,0,0,0,0,0,0,1,0,0,0,0,0,0,0,0,1,0,1
2019-20,33,Tamilnadu,3314,KARUR,331403,ARAVAKURICHI,1,"Department of Education",5,"HSS (VI-XII)",1,"Below Secondary",6,None,0,0,0,0,0,0,0,0,0,0,0,0,1,0,0,0,0,0,1,1,0
2019-20,33,Tamilnadu,3314,KARUR,331404,K.PARAMATHI,1,"Department of Education",5,"HSS (VI-XII)",1,"Below Secondary",6,None,0,0,0,0,0,0,0,0,0,1,0,0,0,0,0,0,0,0,1,0,1
2019-20,33,Tamilnadu,3314,KARUR,331405,KRISHNARAYAPURAM,1,"Department of Education",5,"HSS (VI-XII)",1,"Below Secondary",6,None,0,0,0,0,0,0,0,0,0,0,0,1,0,0,0,0,0,0,1,0,1
2019-20,33,Tamilnadu,3314,KARUR,331401,KARUR,1,"Department of Education",1,"PS (I-V)",3,"Higher secondary",1,"Diploma or certificate in basic teachers training of a duration not less than two years",0,0,0,0,0,27,0,0,0,0,0,0,0,0,0,0,0,0,27,0,27
2019-20,33,Tamilnadu,3314,KARUR,331402,THANTHONI,1,"Department of Education",1,"PS (I-V)",3,"Higher secondary",1,"Diploma or certificate in basic teachers training of a duration not less than two years",0,0,0,0,6,5,0,0,0,0,0,0,0,0,0,0,0,0,11,6,5
2019-20,33,Tamilnadu,3314,KARUR,331403,ARAVAKURICHI,1,"Department of Education",1,"PS (I-V)",3,"Higher secondary",1,"Diploma or certificate in basic teachers training of a duration not less than two years",0,0,0,0,14,18,0,0,0,0,0,0,0,0,0,0,0,0,32,14,18
2019-20,33,Tamilnadu,3314,KARUR,331404,K.PARAMATHI,1,"Department of Education",1,"PS (I-V)",3,"Higher secondary",1,"Diploma or certificate in basic teachers training of a duration not less than two years",0,0,0,0,6,16,0,0,0,0,0,0,0,0,0,0,0,0,22,6,16
2019-20,33,Tamilnadu,3314,KARUR,331405,KRISHNARAYAPURAM,1,"Department of Education",1,"PS (I-V)",3,"Higher secondary",1,"Diploma or certificate in basic teachers training of a duration not less than two years",0,0,0,0,6,10,0,0,0,0,0,0,0,0,0,0,0,0,16,6,10
2019-20,33,Tamilnadu,3314,KARUR,331406,KADAVOOR,1,"Department of Education",1,"PS (I-V)",3,"Higher secondary",1,"Diploma or certificate in basic teachers training of a duration not less than two years",0,0,0,0,6,6,0,0,0,0,0,0,0,0,0,0,0,0,12,6,6
2019-20,33,Tamilnadu,3314,KARUR,331407,KULITHALAI,1,"Department of Education",1,"PS (I-V)",3,"Higher secondary",1,"Diploma or certificate in basic teachers training of a duration not less than two years",0,0,0,0,3,7,0,0,0,0,0,0,0,0,0,0,0,0,10,3,7
2019-20,33,Tamilnadu,3314,KARUR,331408,THOGAIMALAI,1,"Department of Education",1,"PS (I-V)",3,"Higher secondary",1,"Diploma or certificate in basic teachers training of a duration not less than two years",0,0,0,0,9,15,0,0,0,0,0,0,0,0,0,0,0,0,24,9,15
2019-20,33,Tamilnadu,3314,KARUR,331401,KARUR,1,"Department of Education",2,"UPS (I-VIII)",3,"Higher secondary",1,"Diploma or certificate in basic teachers training of a duration not less than two years",0,0,0,0,2,10,0,0,0,0,0,0,0,0,0,0,0,0,12,2,10
2019-20,33,Tamilnadu,3314,KARUR,331403,ARAVAKURICHI,1,"Department of Education",2,"UPS (I-VIII)",3,"Higher secondary",1,"Diploma or certificate in basic teachers training of a duration not less than two years",0,0,0,0,0,5,0,0,0,0,0,0,0,0,0,0,0,0,5,0,5
2019-20,33,Tamilnadu,3314,KARUR,331404,K.PARAMATHI,1,"Department of Education",2,"UPS (I-VIII)",3,"Higher secondary",1,"Diploma or certificate in basic teachers training of a duration not less than two years",0,0,0,0,2,3,0,0,0,0,0,0,0,0,0,0,0,0,5,2,3
2019-20,33,Tamilnadu,3314,KARUR,331405,KRISHNARAYAPURAM,1,"Department of Education",2,"UPS (I-VIII)",3,"Higher secondary",1,"Diploma or certificate in basic teachers training of a duration not less than two years",0,0,0,0,1,5,0,0,0,0,0,0,0,0,0,0,0,0,6,1,5
2019-20,33,Tamilnadu,3314,KARUR,331406,KADAVOOR,1,"Department of Education",2,"UPS (I-VIII)",3,"Higher secondary",1,"Diploma or certificate in basic teachers training of a duration not less than two years",0,0,0,0,2,4,0,0,0,0,0,0,0,0,0,0,0,0,6,2,4
2019-20,33,Tamilnadu,3314,KARUR,331407,KULITHALAI,1,"Department of Education",2,"UPS (I-VIII)",3,"Higher secondary",1,"Diploma or certificate in basic teachers training of a duration not less than two years",0,0,0,0,0,5,0,0,0,0,0,0,0,0,0,0,0,0,5,0,5
2019-20,33,Tamilnadu,3314,KARUR,331408,THOGAIMALAI,1,"Department of Education",2,"UPS (I-VIII)",3,"Higher secondary",1,"Diploma or certificate in basic teachers training of a duration not less than two years",0,0,0,0,2,8,0,0,0,0,0,0,0,0,0,0,0,0,10,2,8
2019-20,33,Tamilnadu,3314,KARUR,331401,KARUR,1,"Department of Education",1,"PS (I-V)",3,"Higher secondary",3,"B.Ed. or equivalent",0,0,0,0,0,1,0,0,0,0,0,0,0,0,0,0,0,0,1,0,1
2019-20,33,Tamilnadu,3314,KARUR,331403,ARAVAKURICHI,1,"Department of Education",1,"PS (I-V)",3,"Higher secondary",3,"B.Ed. or equivalent",0,0,0,0,0,1,0,0,0,0,0,0,0,0,0,0,0,0,1,0,1
2019-20,33,Tamilnadu,3314,KARUR,331404,K.PARAMATHI,1,"Department of Education",1,"PS (I-V)",3,"Higher secondary",3,"B.Ed. or equivalent",0,0,0,0,0,3,0,0,0,0,0,0,0,0,0,0,0,0,3,0,3
2019-20,33,Tamilnadu,3314,KARUR,331405,KRISHNARAYAPURAM,1,"Department of Education",1,"PS (I-V)",3,"Higher secondary",3,"B.Ed. or equivalent",0,0,0,0,1,0,0,0,0,0,0,0,0,0,0,0,0,0,1,1,0
2019-20,33,Tamilnadu,3314,KARUR,331406,KADAVOOR,1,"Department of Education",1,"PS (I-V)",3,"Higher secondary",3,"B.Ed. or equivalent",0,0,0,0,0,1,0,0,0,0,0,0,0,0,0,0,0,0,1,0,1
2019-20,33,Tamilnadu,3314,KARUR,331405,KRISHNARAYAPURAM,1,"Department of Education",2,"UPS (I-VIII)",3,"Higher secondary",3,"B.Ed. or equivalent",0,0,0,0,0,1,0,0,0,0,0,0,0,0,0,0,0,0,1,0,1
2019-20,33,Tamilnadu,3314,KARUR,331401,KARUR,1,"Department of Education",5,"HSS (VI-XII)",3,"Higher secondary",3,"B.Ed. or equivalent",0,0,0,0,0,0,0,0,0,5,0,0,0,0,0,0,0,0,5,0,5
2019-20,33,Tamilnadu,3314,KARUR,331402,THANTHONI,1,"Department of Education",5,"HSS (VI-XII)",3,"Higher secondary",3,"B.Ed. or equivalent",0,0,0,0,0,0,0,0,0,0,1,0,0,0,0,0,0,0,1,1,0
2019-20,33,Tamilnadu,3314,KARUR,331406,KADAVOOR,1,"Department of Education",5,"HSS (VI-XII)",3,"Higher secondary",3,"B.Ed. or equivalent",0,0,0,0,0,0,0,0,1,0,0,0,0,0,0,0,0,0,1,1,0
2019-20,33,Tamilnadu,3314,KARUR,331405,KRISHNARAYAPURAM,1,"Department of Education",7,"SS (VI-X)",3,"Higher secondary",3,"B.Ed. or equivalent",0,0,0,0,0,0,0,0,0,0,0,0,1,0,0,0,0,0,1,1,0
2019-20,33,Tamilnadu,3314,KARUR,331403,ARAVAKURICHI,1,"Department of Education",5,"HSS (VI-XII)",3,"Higher secondary",4,"M.Ed. or equivalent",0,0,0,0,0,0,0,0,1,0,0,0,0,0,0,0,0,0,1,1,0
2019-20,33,Tamilnadu,3314,KARUR,331401,KARUR,1,"Department of Education",2,"UPS (I-VIII)",3,"Higher secondary",5,Others,0,0,0,0,0,0,0,0,0,1,0,0,0,0,0,0,0,0,1,0,1
2019-20,33,Tamilnadu,3314,KARUR,331402,THANTHONI,1,"Department of Education",2,"UPS (I-VIII)",3,"Higher secondary",5,Others,0,0,0,0,0,0,0,0,0,1,0,0,0,0,0,0,0,0,1,0,1
2019-20,33,Tamilnadu,3314,KARUR,331406,KADAVOOR,1,"Department of Education",2,"UPS (I-VIII)",3,"Higher secondary",5,Others,0,0,0,0,0,0,0,0,0,1,0,0,0,0,0,0,0,0,1,0,1
2019-20,33,Tamilnadu,3314,KARUR,331407,KULITHALAI,1,"Department of Education",2,"UPS (I-VIII)",3,"Higher secondary",5,Others,0,0,0,0,0,0,0,0,0,2,0,0,0,0,0,0,0,0,2,0,2
2019-20,33,Tamilnadu,3314,KARUR,331401,KARUR,1,"Department of Education",5,"HSS (VI-XII)",3,"Higher secondary",5,Others,0,0,0,0,0,0,0,0,1,2,0,1,2,0,0,0,0,0,6,3,3
2019-20,33,Tamilnadu,3314,KARUR,331402,THANTHONI,1,"Department of Education",5,"HSS (VI-XII)",3,"Higher secondary",5,Others,0,0,0,0,0,0,0,0,0,2,0,0,0,0,0,0,0,0,2,0,2
2019-20,33,Tamilnadu,3314,KARUR,331403,ARAVAKURICHI,1,"Department of Education",5,"HSS (VI-XII)",3,"Higher secondary",5,Others,0,0,0,0,0,0,0,0,0,0,0,0,0,1,0,0,0,0,1,0,1
2019-20,33,Tamilnadu,3314,KARUR,331404,K.PARAMATHI,1,"Department of Education",5,"HSS (VI-XII)",3,"Higher secondary",5,Others,0,0,0,0,0,0,0,0,0,1,0,0,0,0,0,0,0,0,1,0,1
2019-20,33,Tamilnadu,3314,KARUR,331405,KRISHNARAYAPURAM,1,"Department of Education",5,"HSS (VI-XII)",3,"Higher secondary",5,Others,0,0,0,0,0,0,0,0,0,2,0,1,0,0,0,0,0,0,3,0,3
2019-20,33,Tamilnadu,3314,KARUR,331406,KADAVOOR,1,"Department of Education",5,"HSS (VI-XII)",3,"Higher secondary",5,Others,0,0,0,0,0,0,0,0,1,1,0,0,0,0,0,0,0,0,2,1,1
2019-20,33,Tamilnadu,3314,KARUR,331407,KULITHALAI,1,"Department of Education",5,"HSS (VI-XII)",3,"Higher secondary",5,Others,0,0,0,0,0,0,0,0,0,2,0,0,1,0,0,0,0,0,3,1,2
2019-20,33,Tamilnadu,3314,KARUR,331408,THOGAIMALAI,1,"Department of Education",5,"HSS (VI-XII)",3,"Higher secondary",5,Others,0,0,0,0,0,0,0,0,0,1,0,0,0,0,0,0,0,0,1,0,1
2019-20,33,Tamilnadu,3314,KARUR,331402,THANTHONI,1,"Department of Education",7,"SS (VI-X)",3,"Higher secondary",5,Others,0,0,0,0,0,0,0,0,0,1,0,0,1,0,0,0,0,0,2,1,1
2019-20,33,Tamilnadu,3314,KARUR,331405,KRISHNARAYAPURAM,1,"Department of Education",7,"SS (VI-X)",3,"Higher secondary",5,Others,0,0,0,0,0,0,0,0,3,1,0,0,1,0,0,0,0,0,5,4,1
2019-20,33,Tamilnadu,3314,KARUR,331408,THOGAIMALAI,1,"Department of Education",7,"SS (VI-X)",3,"Higher secondary",5,Others,0,0,0,0,0,0,0,0,0,2,0,0,0,0,0,0,0,0,2,0,2
2019-20,33,Tamilnadu,3314,KARUR,331403,ARAVAKURICHI,1,"Department of Education",2,"UPS (I-VIII)",3,"Higher secondary",6,None,0,0,0,0,0,0,0,0,0,1,0,0,0,0,0,0,0,0,1,0,1
2019-20,33,Tamilnadu,3314,KARUR,331402,THANTHONI,1,"Department of Education",5,"HSS (VI-XII)",3,"Higher secondary",6,None,0,0,0,0,0,0,0,0,1,0,0,0,0,0,0,0,0,0,1,1,0
2019-20,33,Tamilnadu,3314,KARUR,331405,KRISHNARAYAPURAM,1,"Department of Education",5,"HSS (VI-XII)",3,"Higher secondary",6,None,0,0,0,0,0,0,0,0,1,0,1,0,0,0,0,0,0,0,2,2,0
2019-20,33,Tamilnadu,3314,KARUR,331402,THANTHONI,1,"Department of Education",7,"SS (VI-X)",3,"Higher secondary",6,None,0,0,0,0,0,0,0,0,0,1,0,1,0,0,0,0,0,0,2,0,2
2019-20,33,Tamilnadu,3314,KARUR,331403,ARAVAKURICHI,1,"Department of Education",7,"SS (VI-X)",3,"Higher secondary",6,None,0,0,0,0,0,0,0,0,0,1,0,0,0,0,0,0,0,0,1,0,1
2019-20,33,Tamilnadu,3314,KARUR,331408,THOGAIMALAI,1,"Department of Education",7,"SS (VI-X)",3,"Higher secondary",6,None,0,0,0,0,0,0,0,0,0,1,0,0,0,0,0,0,0,0,1,0,1
2019-20,33,Tamilnadu,3314,KARUR,331407,KULITHALAI,24,"Private Unaided (Recognized)",1,"PS (I-V)",4,Graduate,3,"B.Ed. or equivalent",0,2,0,2,1,13,0,0,0,0,0,0,0,0,0,0,0,0,18,1,17
2019-20,33,Tamilnadu,3314,KARUR,331408,THOGAIMALAI,24,"Private Unaided (Recognized)",1,"PS (I-V)",4,Graduate,3,"B.Ed. or equivalent",0,2,0,1,0,24,0,0,0,0,0,0,0,0,0,0,0,0,27,0,27
2019-20,33,Tamilnadu,3314,KARUR,331401,KARUR,1,"Department of Education",1,"PS (I-V)",4,Graduate,1,"Diploma or certificate in basic teachers training of a duration not less than two years",0,0,0,0,1,15,0,0,0,0,0,0,0,0,0,0,0,0,16,1,15
2019-20,33,Tamilnadu,3314,KARUR,331402,THANTHONI,1,"Department of Education",1,"PS (I-V)",4,Graduate,1,"Diploma or certificate in basic teachers training of a duration not less than two years",0,0,0,0,3,13,0,0,0,0,0,0,0,0,0,0,0,0,16,3,13
2019-20,33,Tamilnadu,3314,KARUR,331403,ARAVAKURICHI,1,"Department of Education",1,"PS (I-V)",4,Graduate,1,"Diploma or certificate in basic teachers training of a duration not less than two years",0,0,0,0,4,17,0,0,0,0,0,0,0,0,0,0,0,0,21,4,17
2019-20,33,Tamilnadu,3314,KARUR,331404,K.PARAMATHI,1,"Department of Education",1,"PS (I-V)",4,Graduate,1,"Diploma or certificate in basic teachers training of a duration not less than two years",0,0,0,0,3,4,0,0,0,0,0,0,0,0,0,0,0,0,7,3,4
2019-20,33,Tamilnadu,3314,KARUR,331405,KRISHNARAYAPURAM,1,"Department of Education",1,"PS (I-V)",4,Graduate,1,"Diploma or certificate in basic teachers training of a duration not less than two years",0,0,0,0,7,16,0,0,0,0,0,0,0,0,0,0,0,0,23,7,16
2019-20,33,Tamilnadu,3314,KARUR,331406,KADAVOOR,1,"Department of Education",1,"PS (I-V)",4,Graduate,1,"Diploma or certificate in basic teachers training of a duration not less than two years",0,0,0,0,7,10,0,0,0,0,0,0,0,0,0,0,0,0,17,7,10
2019-20,33,Tamilnadu,3314,KARUR,331407,KULITHALAI,1,"Department of Education",1,"PS (I-V)",4,Graduate,1,"Diploma or certificate in basic teachers training of a duration not less than two years",0,0,0,0,3,4,0,0,0,0,0,0,0,0,0,0,0,0,7,3,4
2019-20,33,Tamilnadu,3314,KARUR,331408,THOGAIMALAI,1,"Department of Education",1,"PS (I-V)",4,Graduate,1,"Diploma or certificate in basic teachers training of a duration not less than two years",0,0,0,0,5,15,0,0,0,0,0,0,0,0,0,0,0,0,20,5,15
2019-20,33,Tamilnadu,3314,KARUR,331402,THANTHONI,24,"Private Unaided (Recognized)",1,"PS (I-V)",3,"Higher secondary",3,"B.Ed. or equivalent",0,0,0,0,0,1,0,0,0,0,0,0,0,0,0,0,0,0,1,0,1
2019-20,33,Tamilnadu,3314,KARUR,331405,KRISHNARAYAPURAM,24,"Private Unaided (Recognized)",1,"PS (I-V)",3,"Higher secondary",3,"B.Ed. or equivalent",0,0,0,0,0,1,0,0,0,0,0,0,0,0,0,0,0,0,1,0,1
2019-20,33,Tamilnadu,3314,KARUR,331401,KARUR,1,"Department of Education",2,"UPS (I-VIII)",4,Graduate,1,"Diploma or certificate in basic teachers training of a duration not less than two years",0,0,0,0,0,3,0,0,0,0,0,0,0,0,0,0,0,0,3,0,3
2019-20,33,Tamilnadu,3314,KARUR,331402,THANTHONI,1,"Department of Education",2,"UPS (I-VIII)",4,Graduate,1,"Diploma or certificate in basic teachers training of a duration not less than two years",0,0,0,0,0,1,0,0,0,0,0,0,0,0,0,0,0,0,1,0,1
2019-20,33,Tamilnadu,3314,KARUR,331404,K.PARAMATHI,1,"Department of Education",2,"UPS (I-VIII)",4,Graduate,1,"Diploma or certificate in basic teachers training of a duration not less than two years",0,0,0,0,0,1,0,0,0,0,0,0,0,0,0,0,0,0,1,0,1
2019-20,33,Tamilnadu,3314,KARUR,331405,KRISHNARAYAPURAM,1,"Department of Education",2,"UPS (I-VIII)",4,Graduate,1,"Diploma or certificate in basic teachers training of a duration not less than two years",0,0,0,0,2,11,0,0,0,0,0,0,0,0,0,0,0,0,13,2,11
2019-20,33,Tamilnadu,3314,KARUR,331406,KADAVOOR,1,"Department of Education",2,"UPS (I-VIII)",4,Graduate,1,"Diploma or certificate in basic teachers training of a duration not less than two years",0,0,0,0,6,7,0,0,0,0,0,0,0,0,0,0,0,0,13,6,7
2019-20,33,Tamilnadu,3314,KARUR,331407,KULITHALAI,1,"Department of Education",2,"UPS (I-VIII)",4,Graduate,1,"Diploma or certificate in basic teachers training of a duration not less than two years",0,0,0,0,1,8,0,0,0,0,0,0,0,0,0,0,0,0,9,1,8
2019-20,33,Tamilnadu,3314,KARUR,331408,THOGAIMALAI,1,"Department of Education",2,"UPS (I-VIII)",4,Graduate,1,"Diploma or certificate in basic teachers training of a duration not less than two years",0,0,0,0,0,4,0,0,0,0,0,0,0,0,0,0,0,0,4,0,4
2019-20,33,Tamilnadu,3314,KARUR,331407,KULITHALAI,1,"Department of Education",5,"HSS (VI-XII)",4,Graduate,1,"Diploma or certificate in basic teachers training of a duration not less than two years",0,0,0,0,0,0,0,0,0,1,0,0,0,0,0,0,0,0,1,0,1
2019-20,33,Tamilnadu,3314,KARUR,331408,THOGAIMALAI,1,"Department of Education",5,"HSS (VI-XII)",4,Graduate,1,"Diploma or certificate in basic teachers training of a duration not less than two years",0,0,0,0,0,0,0,0,1,0,0,0,0,0,0,0,0,0,1,1,0
2019-20,33,Tamilnadu,3314,KARUR,331401,KARUR,24,"Private Unaided (Recognized)",1,"PS (I-V)",3,"Higher secondary",6,None,0,0,0,0,1,0,0,0,0,0,0,0,0,0,0,0,0,0,1,1,0
2019-20,33,Tamilnadu,3314,KARUR,331401,KARUR,1,"Department of Education",1,"PS (I-V)",4,Graduate,3,"B.Ed. or equivalent",0,0,0,0,0,8,0,0,0,0,0,0,0,0,0,0,0,0,8,0,8
2019-20,33,Tamilnadu,3314,KARUR,331402,THANTHONI,1,"Department of Education",1,"PS (I-V)",4,Graduate,3,"B.Ed. or equivalent",0,0,0,0,5,21,0,0,0,0,0,0,0,0,0,0,0,0,26,5,21
2019-20,33,Tamilnadu,3314,KARUR,331403,ARAVAKURICHI,1,"Department of Education",1,"PS (I-V)",4,Graduate,3,"B.Ed. or equivalent",0,0,0,0,5,27,0,0,0,0,0,0,0,0,0,0,0,0,32,5,27
2019-20,33,Tamilnadu,3314,KARUR,331404,K.PARAMATHI,1,"Department of Education",1,"PS (I-V)",4,Graduate,3,"B.Ed. or equivalent",0,0,0,0,2,11,0,0,0,0,0,0,0,0,0,0,0,0,13,2,11
2019-20,33,Tamilnadu,3314,KARUR,331405,KRISHNARAYAPURAM,1,"Department of Education",1,"PS (I-V)",4,Graduate,3,"B.Ed. or equivalent",0,0,0,0,8,9,0,0,0,0,0,0,0,0,0,0,0,0,17,8,9
2019-20,33,Tamilnadu,3314,KARUR,331406,KADAVOOR,1,"Department of Education",1,"PS (I-V)",4,Graduate,3,"B.Ed. or equivalent",0,0,0,0,6,10,0,0,0,0,0,0,0,0,0,0,0,0,16,6,10
2019-20,33,Tamilnadu,3314,KARUR,331407,KULITHALAI,1,"Department of Education",1,"PS (I-V)",4,Graduate,3,"B.Ed. or equivalent",0,0,0,0,1,8,0,0,0,0,0,0,0,0,0,0,0,0,9,1,8
2019-20,33,Tamilnadu,3314,KARUR,331408,THOGAIMALAI,1,"Department of Education",1,"PS (I-V)",4,Graduate,3,"B.Ed. or equivalent",0,0,0,0,1,7,0,0,0,0,0,0,0,0,0,0,0,0,8,1,7
2019-20,33,Tamilnadu,3314,KARUR,331401,KARUR,1,"Department of Education",2,"UPS (I-VIII)",4,Graduate,3,"B.Ed. or equivalent",0,0,0,0,0,2,0,0,2,11,0,0,0,0,0,0,0,0,15,2,13
2019-20,33,Tamilnadu,3314,KARUR,331402,THANTHONI,1,"Department of Education",2,"UPS (I-VIII)",4,Graduate,3,"B.Ed. or equivalent",0,0,0,0,1,5,0,0,2,1,0,0,0,0,0,0,0,0,9,3,6
2019-20,33,Tamilnadu,3314,KARUR,331403,ARAVAKURICHI,1,"Department of Education",2,"UPS (I-VIII)",4,Graduate,3,"B.Ed. or equivalent",0,0,0,0,2,2,0,0,3,1,0,0,0,0,0,0,0,0,8,5,3
2019-20,33,Tamilnadu,3314,KARUR,331404,K.PARAMATHI,1,"Department of Education",2,"UPS (I-VIII)",4,Graduate,3,"B.Ed. or equivalent",0,0,0,0,0,3,0,0,3,4,0,0,0,0,0,0,0,0,10,3,7
2019-20,33,Tamilnadu,3314,KARUR,331405,KRISHNARAYAPURAM,1,"Department of Education",2,"UPS (I-VIII)",4,Graduate,3,"B.Ed. or equivalent",0,0,0,0,2,8,0,0,8,4,0,0,0,0,0,0,0,0,22,10,12
2019-20,33,Tamilnadu,3314,KARUR,331406,KADAVOOR,1,"Department of Education",2,"UPS (I-VIII)",4,Graduate,3,"B.Ed. or equivalent",0,0,0,0,9,6,0,3,6,3,0,0,0,0,0,0,0,0,27,15,12
2019-20,33,Tamilnadu,3314,KARUR,331407,KULITHALAI,1,"Department of Education",2,"UPS (I-VIII)",4,Graduate,3,"B.Ed. or equivalent",0,0,0,0,1,6,1,0,8,9,0,0,0,0,0,0,0,0,25,10,15
2019-20,33,Tamilnadu,3314,KARUR,331408,THOGAIMALAI,1,"Department of Education",2,"UPS (I-VIII)",4,Graduate,3,"B.Ed. or equivalent",0,0,0,0,2,6,0,0,6,4,0,0,0,0,0,0,0,0,18,8,10
2019-20,33,Tamilnadu,3314,KARUR,331401,KARUR,1,"Department of Education",5,"HSS (VI-XII)",4,Graduate,3,"B.Ed. or equivalent",0,0,0,0,0,0,0,0,5,2,2,8,0,3,0,0,1,1,22,8,14
2019-20,33,Tamilnadu,3314,KARUR,331402,THANTHONI,1,"Department of Education",5,"HSS (VI-XII)",4,Graduate,3,"B.Ed. or equivalent",0,0,0,0,0,0,0,0,3,2,1,1,0,0,2,0,0,1,10,6,4
2019-20,33,Tamilnadu,3314,KARUR,331403,ARAVAKURICHI,1,"Department of Education",5,"HSS (VI-XII)",4,Graduate,3,"B.Ed. or equivalent",0,0,0,0,0,0,0,0,3,1,2,3,1,1,0,0,0,0,11,6,5
2019-20,33,Tamilnadu,3314,KARUR,331404,K.PARAMATHI,1,"Department of Education",5,"HSS (VI-XII)",4,Graduate,3,"B.Ed. or equivalent",0,0,0,0,0,0,0,0,1,2,1,2,0,0,0,0,0,0,6,2,4
2019-20,33,Tamilnadu,3314,KARUR,331405,KRISHNARAYAPURAM,1,"Department of Education",5,"HSS (VI-XII)",4,Graduate,3,"B.Ed. or equivalent",0,0,0,0,0,0,0,0,3,0,10,10,0,1,0,0,0,0,24,13,11
2019-20,33,Tamilnadu,3314,KARUR,331406,KADAVOOR,1,"Department of Education",5,"HSS (VI-XII)",4,Graduate,3,"B.Ed. or equivalent",0,0,0,0,0,0,0,0,1,3,2,4,0,0,0,0,0,1,11,3,8
2019-20,33,Tamilnadu,3314,KARUR,331407,KULITHALAI,1,"Department of Education",5,"HSS (VI-XII)",4,Graduate,3,"B.Ed. or equivalent",0,0,0,0,0,0,0,0,2,5,4,1,3,0,1,0,0,0,16,10,6
2019-20,33,Tamilnadu,3314,KARUR,331408,THOGAIMALAI,1,"Department of Education",5,"HSS (VI-XII)",4,Graduate,3,"B.Ed. or equivalent",0,0,0,0,0,0,0,0,2,1,2,4,1,4,0,0,0,0,14,5,9
2019-20,33,Tamilnadu,3314,KARUR,331401,KARUR,1,"Department of Education",7,"SS (VI-X)",4,Graduate,3,"B.Ed. or equivalent",0,0,0,0,0,0,0,0,1,2,1,5,0,0,0,0,0,0,9,2,7
2019-20,33,Tamilnadu,3314,KARUR,331402,THANTHONI,1,"Department of Education",7,"SS (VI-X)",4,Graduate,3,"B.Ed. or equivalent",0,0,0,0,0,0,0,0,1,4,4,2,3,1,0,0,0,0,15,8,7
2019-20,33,Tamilnadu,3314,KARUR,331403,ARAVAKURICHI,1,"Department of Education",7,"SS (VI-X)",4,Graduate,3,"B.Ed. or equivalent",0,0,0,0,0,0,0,0,0,2,0,4,0,0,0,0,0,0,6,0,6
2019-20,33,Tamilnadu,3314,KARUR,331404,K.PARAMATHI,1,"Department of Education",7,"SS (VI-X)",4,Graduate,3,"B.Ed. or equivalent",0,0,0,0,0,0,0,0,0,0,0,1,0,0,0,0,0,0,1,0,1
2019-20,33,Tamilnadu,3314,KARUR,331405,KRISHNARAYAPURAM,1,"Department of Education",7,"SS (VI-X)",4,Graduate,3,"B.Ed. or equivalent",0,0,0,0,0,0,0,0,3,2,0,1,1,0,0,0,0,0,7,4,3
2019-20,33,Tamilnadu,3314,KARUR,331406,KADAVOOR,1,"Department of Education",7,"SS (VI-X)",4,Graduate,3,"B.Ed. or equivalent",0,0,0,0,0,0,0,0,2,1,4,1,1,1,0,0,0,0,10,7,3
2019-20,33,Tamilnadu,3314,KARUR,331407,KULITHALAI,1,"Department of Education",7,"SS (VI-X)",4,Graduate,3,"B.Ed. or equivalent",0,0,0,0,0,0,0,0,1,0,0,0,1,0,0,0,0,0,2,2,0
2019-20,33,Tamilnadu,3314,KARUR,331408,THOGAIMALAI,1,"Department of Education",7,"SS (VI-X)",4,Graduate,3,"B.Ed. or equivalent",0,0,0,0,0,0,0,0,1,1,2,3,1,1,0,0,0,0,9,4,5
2019-20,33,Tamilnadu,3314,KARUR,331401,KARUR,1,"Department of Education",2,"UPS (I-VIII)",4,Graduate,4,"M.Ed. or equivalent",0,0,0,0,0,0,0,0,0,1,0,0,0,0,0,0,0,0,1,0,1
2019-20,33,Tamilnadu,3314,KARUR,331407,KULITHALAI,1,"Department of Education",2,"UPS (I-VIII)",4,Graduate,4,"M.Ed. or equivalent",0,0,0,0,0,0,0,0,0,1,0,0,0,0,0,0,0,0,1,0,1
2019-20,33,Tamilnadu,3314,KARUR,331401,KARUR,1,"Department of Education",5,"HSS (VI-XII)",4,Graduate,4,"M.Ed. or equivalent",0,0,0,0,0,0,0,0,0,1,0,0,1,1,0,0,0,0,3,1,2
2019-20,33,Tamilnadu,3314,KARUR,331402,THANTHONI,1,"Department of Education",5,"HSS (VI-XII)",4,Graduate,4,"M.Ed. or equivalent",0,0,0,0,0,0,0,0,0,1,0,0,0,0,0,0,0,0,1,0,1
2019-20,33,Tamilnadu,3314,KARUR,331405,KRISHNARAYAPURAM,1,"Department of Education",5,"HSS (VI-XII)",4,Graduate,4,"M.Ed. or equivalent",0,0,0,0,0,0,0,0,0,1,0,0,0,0,0,0,0,0,1,0,1
2019-20,33,Tamilnadu,3314,KARUR,331408,THOGAIMALAI,1,"Department of Education",5,"HSS (VI-XII)",4,Graduate,4,"M.Ed. or equivalent",0,0,0,0,0,0,0,0,1,2,0,0,0,0,0,0,0,0,3,1,2
2019-20,33,Tamilnadu,3314,KARUR,331401,KARUR,1,"Department of Education",7,"SS (VI-X)",4,Graduate,4,"M.Ed. or equivalent",0,0,0,0,0,0,0,0,0,1,0,0,0,0,0,0,0,0,1,0,1
2019-20,33,Tamilnadu,3314,KARUR,331405,KRISHNARAYAPURAM,1,"Department of Education",7,"SS (VI-X)",4,Graduate,4,"M.Ed. or equivalent",0,0,0,0,0,0,0,0,0,1,0,0,0,1,0,0,0,0,2,0,2
2019-20,33,Tamilnadu,3314,KARUR,331408,THOGAIMALAI,1,"Department of Education",7,"SS (VI-X)",4,Graduate,4,"M.Ed. or equivalent",0,0,0,0,0,0,0,0,0,0,0,0,1,0,0,0,0,0,1,1,0
2019-20,33,Tamilnadu,3314,KARUR,331401,KARUR,1,"Department of Education",1,"PS (I-V)",4,Graduate,5,Others,0,0,0,0,0,1,0,0,0,0,0,0,0,0,0,0,0,0,1,0,1
2019-20,33,Tamilnadu,3314,KARUR,331401,KARUR,1,"Department of Education",2,"UPS (I-VIII)",4,Graduate,5,Others,0,0,0,0,0,0,0,0,0,1,0,0,0,0,0,0,0,0,1,0,1
2019-20,33,Tamilnadu,3314,KARUR,331402,THANTHONI,1,"Department of Education",2,"UPS (I-VIII)",4,Graduate,5,Others,0,0,0,0,0,0,0,0,0,3,0,0,0,0,0,0,0,0,3,0,3
2019-20,33,Tamilnadu,3314,KARUR,331403,ARAVAKURICHI,1,"Department of Education",2,"UPS (I-VIII)",4,Graduate,5,Others,0,0,0,0,0,0,0,0,0,1,0,0,0,0,0,0,0,0,1,0,1
2019-20,33,Tamilnadu,3314,KARUR,331405,KRISHNARAYAPURAM,1,"Department of Education",2,"UPS (I-VIII)",4,Graduate,5,Others,0,0,0,0,0,0,0,0,2,1,0,0,0,0,0,0,0,0,3,2,1
2019-20,33,Tamilnadu,3314,KARUR,331407,KULITHALAI,1,"Department of Education",2,"UPS (I-VIII)",4,Graduate,5,Others,0,0,0,0,0,0,0,0,2,0,0,0,0,0,0,0,0,0,2,2,0
2019-20,33,Tamilnadu,3314,KARUR,331401,KARUR,1,"Department of Education",5,"HSS (VI-XII)",4,Graduate,5,Others,0,0,0,0,0,0,0,0,2,3,0,1,0,0,0,0,0,0,6,2,4
2019-20,33,Tamilnadu,3314,KARUR,331402,THANTHONI,1,"Department of Education",5,"HSS (VI-XII)",4,Graduate,5,Others,0,0,0,0,0,0,0,0,1,0,0,0,0,0,0,0,0,0,1,1,0
2019-20,33,Tamilnadu,3314,KARUR,331403,ARAVAKURICHI,1,"Department of Education",5,"HSS (VI-XII)",4,Graduate,5,Others,0,0,0,0,0,0,0,0,0,2,0,0,0,1,0,0,0,0,3,0,3
2019-20,33,Tamilnadu,3314,KARUR,331404,K.PARAMATHI,1,"Department of Education",5,"HSS (VI-XII)",4,Graduate,5,Others,0,0,0,0,0,0,0,0,1,0,1,0,0,0,0,0,0,0,2,2,0
2019-20,33,Tamilnadu,3314,KARUR,331405,KRISHNARAYAPURAM,1,"Department of Education",5,"HSS (VI-XII)",4,Graduate,5,Others,0,0,0,0,0,0,0,0,1,0,1,1,1,0,0,0,0,0,4,3,1
2019-20,33,Tamilnadu,3314,KARUR,331406,KADAVOOR,1,"Department of Education",5,"HSS (VI-XII)",4,Graduate,5,Others,0,0,0,0,0,0,0,0,1,3,1,0,0,1,0,0,0,0,6,2,4
2019-20,33,Tamilnadu,3314,KARUR,331407,KULITHALAI,1,"Department of Education",5,"HSS (VI-XII)",4,Graduate,5,Others,0,0,0,0,0,0,0,0,0,0,0,0,1,0,0,0,0,0,1,1,0
2019-20,33,Tamilnadu,3314,KARUR,331408,THOGAIMALAI,1,"Department of Education",5,"HSS (VI-XII)",4,Graduate,5,Others,0,0,0,0,0,0,0,0,1,0,0,0,0,0,0,0,2,0,3,3,0
2019-20,33,Tamilnadu,3314,KARUR,331401,KARUR,1,"Department of Education",7,"SS (VI-X)",4,Graduate,5,Others,0,0,0,0,0,0,0,0,1,1,1,0,0,0,0,0,0,0,3,2,1
2019-20,33,Tamilnadu,3314,KARUR,331402,THANTHONI,1,"Department of Education",7,"SS (VI-X)",4,Graduate,5,Others,0,0,0,0,0,0,0,0,0,0,0,0,1,0,0,0,0,0,1,1,0
2019-20,33,Tamilnadu,3314,KARUR,331405,KRISHNARAYAPURAM,1,"Department of Education",7,"SS (VI-X)",4,Graduate,5,Others,0,0,0,0,0,0,0,0,2,1,0,0,0,0,0,0,0,0,3,2,1
2019-20,33,Tamilnadu,3314,KARUR,331407,KULITHALAI,1,"Department of Education",7,"SS (VI-X)",4,Graduate,5,Others,0,0,0,0,0,0,0,0,1,0,0,0,0,0,0,0,0,0,1,1,0
2019-20,33,Tamilnadu,3314,KARUR,331408,THOGAIMALAI,1,"Department of Education",7,"SS (VI-X)",4,Graduate,5,Others,0,0,0,0,0,0,0,0,4,0,0,0,0,0,0,0,0,0,4,4,0
2019-20,33,Tamilnadu,3314,KARUR,331402,THANTHONI,1,"Department of Education",1,"PS (I-V)",4,Graduate,6,None,0,0,0,0,0,1,0,0,0,0,0,0,0,0,0,0,0,0,1,0,1
2019-20,33,Tamilnadu,3314,KARUR,331407,KULITHALAI,1,"Department of Education",2,"UPS (I-VIII)",4,Graduate,6,None,0,0,0,0,0,0,0,0,2,0,0,0,0,0,0,0,0,0,2,2,0
2019-20,33,Tamilnadu,3314,KARUR,331402,THANTHONI,1,"Department of Education",3,"HSS (I-XII)",4,Graduate,6,None,0,0,0,0,0,0,0,0,1,0,0,0,0,0,0,0,0,0,1,1,0
2019-20,33,Tamilnadu,3314,KARUR,331401,KARUR,1,"Department of Education",5,"HSS (VI-XII)",4,Graduate,6,None,0,0,0,0,0,0,0,0,0,1,1,0,0,0,0,0,0,0,2,1,1
2019-20,33,Tamilnadu,3314,KARUR,331402,THANTHONI,1,"Department of Education",5,"HSS (VI-XII)",4,Graduate,6,None,0,0,0,0,0,0,0,0,0,1,0,0,0,0,0,0,1,0,2,1,1
2019-20,33,Tamilnadu,3314,KARUR,331403,ARAVAKURICHI,1,"Department of Education",5,"HSS (VI-XII)",4,Graduate,6,None,0,0,0,0,0,0,0,0,0,0,0,0,0,0,0,0,1,0,1,1,0
2019-20,33,Tamilnadu,3314,KARUR,331405,KRISHNARAYAPURAM,1,"Department of Education",5,"HSS (VI-XII)",4,Graduate,6,None,0,0,0,0,0,0,0,0,1,0,0,0,0,0,0,1,0,0,2,1,1
2019-20,33,Tamilnadu,3314,KARUR,331406,KADAVOOR,1,"Department of Education",5,"HSS (VI-XII)",4,Graduate,6,None,0,0,0,0,0,0,0,0,1,0,0,0,0,0,0,0,0,0,1,1,0
2019-20,33,Tamilnadu,3314,KARUR,331408,THOGAIMALAI,1,"Department of Education",5,"HSS (VI-XII)",4,Graduate,6,None,0,0,0,0,0,0,0,0,1,0,1,0,0,0,0,0,0,0,2,2,0
2019-20,33,Tamilnadu,3314,KARUR,331402,THANTHONI,1,"Department of Education",7,"SS (VI-X)",4,Graduate,6,None,0,0,0,0,0,0,0,0,1,0,0,0,0,0,0,0,0,0,1,1,0
2019-20,33,Tamilnadu,3314,KARUR,331406,KADAVOOR,1,"Department of Education",7,"SS (VI-X)",4,Graduate,6,None,0,0,0,0,0,0,0,0,1,0,0,0,0,0,0,0,0,0,1,1,0
2019-20,33,Tamilnadu,3314,KARUR,331408,THOGAIMALAI,1,"Department of Education",7,"SS (VI-X)",4,Graduate,6,None,0,0,0,0,0,0,0,0,2,0,0,0,0,0,0,0,0,0,2,2,0
2019-20,33,Tamilnadu,3314,KARUR,331401,KARUR,1,"Department of Education",1,"PS (I-V)",5,"Post graduate",1,"Diploma or certificate in basic teachers training of a duration not less than two years",0,0,0,0,2,14,0,0,0,0,0,0,0,0,0,0,0,0,16,2,14
2019-20,33,Tamilnadu,3314,KARUR,331402,THANTHONI,1,"Department of Education",1,"PS (I-V)",5,"Post graduate",1,"Diploma or certificate in basic teachers training of a duration not less than two years",0,0,0,0,6,30,0,0,0,0,0,0,0,0,0,0,0,0,36,6,30
2019-20,33,Tamilnadu,3314,KARUR,331403,ARAVAKURICHI,1,"Department of Education",1,"PS (I-V)",5,"Post graduate",1,"Diploma or certificate in basic teachers training of a duration not less than two years",0,0,0,0,5,11,0,0,0,0,0,0,0,0,0,0,0,0,16,5,11
2019-20,33,Tamilnadu,3314,KARUR,331404,K.PARAMATHI,1,"Department of Education",1,"PS (I-V)",5,"Post graduate",1,"Diploma or certificate in basic teachers training of a duration not less than two years",0,0,0,0,9,15,0,0,0,0,0,0,0,0,0,0,0,0,24,9,15
2019-20,33,Tamilnadu,3314,KARUR,331405,KRISHNARAYAPURAM,1,"Department of Education",1,"PS (I-V)",5,"Post graduate",1,"Diploma or certificate in basic teachers training of a duration not less than two years",0,0,0,0,12,43,0,0,0,0,0,0,0,0,0,0,0,0,55,12,43
2019-20,33,Tamilnadu,3314,KARUR,331406,KADAVOOR,1,"Department of Education",1,"PS (I-V)",5,"Post graduate",1,"Diploma or certificate in basic teachers training of a duration not less than two years",0,0,0,0,5,5,0,0,0,0,0,0,0,0,0,0,0,0,10,5,5
2019-20,33,Tamilnadu,3314,KARUR,331407,KULITHALAI,1,"Department of Education",1,"PS (I-V)",5,"Post graduate",1,"Diploma or certificate in basic teachers training of a duration not less than two years",0,0,0,0,1,1,0,0,0,0,0,0,0,0,0,0,0,0,2,1,1
2019-20,33,Tamilnadu,3314,KARUR,331408,THOGAIMALAI,1,"Department of Education",1,"PS (I-V)",5,"Post graduate",1,"Diploma or certificate in basic teachers training of a duration not less than two years",0,0,0,0,21,23,0,0,0,0,0,0,0,0,0,0,0,0,44,21,23
2019-20,33,Tamilnadu,3314,KARUR,331401,KARUR,1,"Department of Education",2,"UPS (I-VIII)",5,"Post graduate",1,"Diploma or certificate in basic teachers training of a duration not less than two years",0,0,0,0,0,10,0,0,0,0,0,0,0,0,0,0,0,0,10,0,10
2019-20,33,Tamilnadu,3314,KARUR,331402,THANTHONI,1,"Department of Education",2,"UPS (I-VIII)",5,"Post graduate",1,"Diploma or certificate in basic teachers training of a duration not less than two years",0,0,0,0,0,6,0,0,0,0,0,0,0,0,0,0,0,0,6,0,6
2019-20,33,Tamilnadu,3314,KARUR,331403,ARAVAKURICHI,1,"Department of Education",2,"UPS (I-VIII)",5,"Post graduate",1,"Diploma or certificate in basic teachers training of a duration not less than two years",0,0,0,0,0,3,0,0,0,0,0,0,0,0,0,0,0,0,3,0,3
2019-20,33,Tamilnadu,3314,KARUR,331404,K.PARAMATHI,1,"Department of Education",2,"UPS (I-VIII)",5,"Post graduate",1,"Diploma or certificate in basic teachers training of a duration not less than two years",0,0,0,0,0,3,0,0,0,0,0,0,0,0,0,0,0,0,3,0,3
2019-20,33,Tamilnadu,3314,KARUR,331405,KRISHNARAYAPURAM,1,"Department of Education",2,"UPS (I-VIII)",5,"Post graduate",1,"Diploma or certificate in basic teachers training of a duration not less than two years",0,0,0,0,7,17,0,0,0,1,0,0,0,0,0,0,0,0,25,7,18
2019-20,33,Tamilnadu,3314,KARUR,331406,KADAVOOR,1,"Department of Education",2,"UPS (I-VIII)",5,"Post graduate",1,"Diploma or certificate in basic teachers training of a duration not less than two years",0,0,0,0,1,9,0,0,0,0,0,0,0,0,0,0,0,0,10,1,9
2019-20,33,Tamilnadu,3314,KARUR,331407,KULITHALAI,1,"Department of Education",2,"UPS (I-VIII)",5,"Post graduate",1,"Diploma or certificate in basic teachers training of a duration not less than two years",0,0,0,0,0,7,0,0,0,0,0,0,0,0,0,0,0,0,7,0,7
2019-20,33,Tamilnadu,3314,KARUR,331408,THOGAIMALAI,1,"Department of Education",2,"UPS (I-VIII)",5,"Post graduate",1,"Diploma or certificate in basic teachers training of a duration not less than two years",0,0,0,0,3,7,0,0,0,0,0,0,0,0,0,0,0,0,10,3,7
2019-20,33,Tamilnadu,3314,KARUR,331407,KULITHALAI,1,"Department of Education",5,"HSS (VI-XII)",5,"Post graduate",1,"Diploma or certificate in basic teachers training of a duration not less than two years",0,0,0,0,0,0,0,0,0,1,0,0,0,0,0,0,0,0,1,0,1
2019-20,33,Tamilnadu,3314,KARUR,331401,KARUR,1,"Department of Education",1,"PS (I-V)",5,"Post graduate",3,"B.Ed. or equivalent",0,0,0,0,10,56,0,0,0,0,0,0,0,0,0,0,0,0,66,10,56
2019-20,33,Tamilnadu,3314,KARUR,331402,THANTHONI,1,"Department of Education",1,"PS (I-V)",5,"Post graduate",3,"B.Ed. or equivalent",0,0,0,0,17,94,0,0,0,0,0,0,0,0,0,0,0,0,111,17,94
2019-20,33,Tamilnadu,3314,KARUR,331403,ARAVAKURICHI,1,"Department of Education",1,"PS (I-V)",5,"Post graduate",3,"B.Ed. or equivalent",0,0,0,0,21,41,0,0,0,0,0,0,0,0,0,0,0,0,62,21,41
2019-20,33,Tamilnadu,3314,KARUR,331404,K.PARAMATHI,1,"Department of Education",1,"PS (I-V)",5,"Post graduate",3,"B.Ed. or equivalent",0,0,0,0,28,65,0,0,0,0,0,0,0,0,0,0,0,0,93,28,65
2019-20,33,Tamilnadu,3314,KARUR,331405,KRISHNARAYAPURAM,1,"Department of Education",1,"PS (I-V)",5,"Post graduate",3,"B.Ed. or equivalent",0,0,0,0,23,58,0,0,0,0,0,0,0,0,0,0,0,0,81,23,58
2019-20,33,Tamilnadu,3314,KARUR,331406,KADAVOOR,1,"Department of Education",1,"PS (I-V)",5,"Post graduate",3,"B.Ed. or equivalent",0,0,0,0,32,27,0,0,0,0,0,0,0,0,0,0,0,0,59,32,27
2019-20,33,Tamilnadu,3314,KARUR,331407,KULITHALAI,1,"Department of Education",1,"PS (I-V)",5,"Post graduate",3,"B.Ed. or equivalent",0,0,0,0,14,25,0,0,0,0,0,0,0,0,0,0,0,0,39,14,25
2019-20,33,Tamilnadu,3314,KARUR,331408,THOGAIMALAI,1,"Department of Education",1,"PS (I-V)",5,"Post graduate",3,"B.Ed. or equivalent",0,0,0,0,11,28,0,0,0,0,0,0,0,0,0,0,0,0,39,11,28
2019-20,33,Tamilnadu,3314,KARUR,331401,KARUR,1,"Department of Education",2,"UPS (I-VIII)",5,"Post graduate",3,"B.Ed. or equivalent",0,0,0,0,2,18,0,0,10,27,0,0,0,0,0,0,0,0,57,12,45
2019-20,33,Tamilnadu,3314,KARUR,331402,THANTHONI,1,"Department of Education",2,"UPS (I-VIII)",5,"Post graduate",3,"B.Ed. or equivalent",0,0,0,0,5,32,0,0,18,32,0,0,0,0,0,0,0,0,87,23,64
2019-20,33,Tamilnadu,3314,KARUR,331403,ARAVAKURICHI,1,"Department of Education",2,"UPS (I-VIII)",5,"Post graduate",3,"B.Ed. or equivalent",0,0,0,0,5,12,0,0,10,18,0,0,0,0,0,0,0,0,45,15,30
2019-20,33,Tamilnadu,3314,KARUR,331404,K.PARAMATHI,1,"Department of Education",2,"UPS (I-VIII)",5,"Post graduate",3,"B.Ed. or equivalent",0,0,0,0,5,20,0,0,18,17,0,0,0,0,0,0,0,0,60,23,37
2019-20,33,Tamilnadu,3314,KARUR,331405,KRISHNARAYAPURAM,1,"Department of Education",2,"UPS (I-VIII)",5,"Post graduate",3,"B.Ed. or equivalent",0,0,0,0,5,25,0,0,31,39,0,0,0,0,0,0,0,0,100,36,64
2019-20,33,Tamilnadu,3314,KARUR,331406,KADAVOOR,1,"Department of Education",2,"UPS (I-VIII)",5,"Post graduate",3,"B.Ed. or equivalent",0,0,0,0,19,26,2,5,43,46,0,0,0,0,0,0,0,0,141,64,77
2019-20,33,Tamilnadu,3314,KARUR,331407,KULITHALAI,1,"Department of Education",2,"UPS (I-VIII)",5,"Post graduate",3,"B.Ed. or equivalent",0,0,0,0,4,40,0,0,14,40,0,0,0,0,0,0,0,0,98,18,80
2019-20,33,Tamilnadu,3314,KARUR,331408,THOGAIMALAI,1,"Department of Education",2,"UPS (I-VIII)",5,"Post graduate",3,"B.Ed. or equivalent",0,0,0,0,6,12,0,0,17,25,0,0,0,0,0,0,0,0,60,23,37
2019-20,33,Tamilnadu,3314,KARUR,331402,THANTHONI,1,"Department of Education",3,"HSS (I-XII)",5,"Post graduate",3,"B.Ed. or equivalent",0,0,0,0,0,0,0,0,0,0,5,5,0,1,0,0,2,4,17,7,10
2019-20,33,Tamilnadu,3314,KARUR,331401,KARUR,1,"Department of Education",5,"HSS (VI-XII)",5,"Post graduate",3,"B.Ed. or equivalent",0,0,0,0,0,0,0,0,5,26,6,25,6,12,4,1,17,29,131,38,93
2019-20,33,Tamilnadu,3314,KARUR,331402,THANTHONI,1,"Department of Education",5,"HSS (VI-XII)",5,"Post graduate",3,"B.Ed. or equivalent",0,0,0,0,0,0,0,0,3,11,9,19,1,11,1,0,9,21,85,23,62
2019-20,33,Tamilnadu,3314,KARUR,331403,ARAVAKURICHI,1,"Department of Education",5,"HSS (VI-XII)",5,"Post graduate",3,"B.Ed. or equivalent",0,0,0,0,0,0,0,0,1,1,5,11,2,3,1,0,5,7,36,14,22
2019-20,33,Tamilnadu,3314,KARUR,331404,K.PARAMATHI,1,"Department of Education",5,"HSS (VI-XII)",5,"Post graduate",3,"B.Ed. or equivalent",0,0,0,0,0,0,0,0,1,3,13,18,2,1,0,0,11,11,60,27,33
2019-20,33,Tamilnadu,3314,KARUR,331405,KRISHNARAYAPURAM,1,"Department of Education",5,"HSS (VI-XII)",5,"Post graduate",3,"B.Ed. or equivalent",0,0,0,0,0,0,0,0,2,5,15,28,1,4,1,0,8,15,79,27,52
2019-20,33,Tamilnadu,3314,KARUR,331406,KADAVOOR,1,"Department of Education",5,"HSS (VI-XII)",5,"Post graduate",3,"B.Ed. or equivalent",0,0,0,0,0,0,0,0,3,6,5,23,5,4,0,0,10,13,69,23,46
2019-20,33,Tamilnadu,3314,KARUR,331407,KULITHALAI,1,"Department of Education",5,"HSS (VI-XII)",5,"Post graduate",3,"B.Ed. or equivalent",0,0,0,0,0,0,0,0,0,4,1,15,11,12,0,0,6,8,57,18,39
2019-20,33,Tamilnadu,3314,KARUR,331408,THOGAIMALAI,1,"Department of Education",5,"HSS (VI-XII)",5,"Post graduate",3,"B.Ed. or equivalent",0,0,0,0,0,0,0,0,3,7,15,18,2,14,0,0,10,14,83,30,53
2019-20,33,Tamilnadu,3314,KARUR,331401,KARUR,1,"Department of Education",7,"SS (VI-X)",5,"Post graduate",3,"B.Ed. or equivalent",0,0,0,0,0,0,0,0,1,2,5,15,0,0,0,0,0,0,23,6,17
2019-20,33,Tamilnadu,3314,KARUR,331402,THANTHONI,1,"Department of Education",7,"SS (VI-X)",5,"Post graduate",3,"B.Ed. or equivalent",0,0,0,0,0,0,0,0,1,7,12,10,1,6,0,0,0,0,37,14,23
2019-20,33,Tamilnadu,3314,KARUR,331403,ARAVAKURICHI,1,"Department of Education",7,"SS (VI-X)",5,"Post graduate",3,"B.Ed. or equivalent",0,0,0,0,0,0,0,0,1,5,9,21,3,0,0,0,0,0,39,13,26
2019-20,33,Tamilnadu,3314,KARUR,331404,K.PARAMATHI,1,"Department of Education",7,"SS (VI-X)",5,"Post graduate",3,"B.Ed. or equivalent",0,0,0,0,0,0,0,0,0,0,7,1,1,0,0,0,0,0,9,8,1
2019-20,33,Tamilnadu,3314,KARUR,331405,KRISHNARAYAPURAM,1,"Department of Education",7,"SS (VI-X)",5,"Post graduate",3,"B.Ed. or equivalent",0,0,0,0,0,0,0,0,5,7,24,24,4,1,0,0,0,0,65,33,32
2019-20,33,Tamilnadu,3314,KARUR,331406,KADAVOOR,1,"Department of Education",7,"SS (VI-X)",5,"Post graduate",3,"B.Ed. or equivalent",0,0,0,0,0,0,0,0,0,0,15,19,2,1,0,0,0,0,37,17,20
2019-20,33,Tamilnadu,3314,KARUR,331407,KULITHALAI,1,"Department of Education",7,"SS (VI-X)",5,"Post graduate",3,"B.Ed. or equivalent",0,0,0,0,0,0,0,0,6,1,7,11,2,4,0,0,0,0,31,15,16
2019-20,33,Tamilnadu,3314,KARUR,331408,THOGAIMALAI,1,"Department of Education",7,"SS (VI-X)",5,"Post graduate",3,"B.Ed. or equivalent",0,0,0,0,0,0,0,0,2,2,14,27,0,5,0,0,0,0,50,16,34
2019-20,33,Tamilnadu,3314,KARUR,331401,KARUR,1,"Department of Education",1,"PS (I-V)",5,"Post graduate",4,"M.Ed. or equivalent",0,0,0,0,0,1,0,0,0,0,0,0,0,0,0,0,0,0,1,0,1
2019-20,33,Tamilnadu,3314,KARUR,331404,K.PARAMATHI,1,"Department of Education",1,"PS (I-V)",5,"Post graduate",4,"M.Ed. or equivalent",0,0,0,0,1,0,0,0,0,0,0,0,0,0,0,0,0,0,1,1,0
2019-20,33,Tamilnadu,3314,KARUR,331405,KRISHNARAYAPURAM,1,"Department of Education",1,"PS (I-V)",5,"Post graduate",4,"M.Ed. or equivalent",0,0,0,0,0,2,0,0,0,0,0,0,0,0,0,0,0,0,2,0,2
2019-20,33,Tamilnadu,3314,KARUR,331406,KADAVOOR,1,"Department of Education",1,"PS (I-V)",5,"Post graduate",4,"M.Ed. or equivalent",0,0,0,0,1,0,0,0,0,0,0,0,0,0,0,0,0,0,1,1,0
2019-20,33,Tamilnadu,3314,KARUR,331407,KULITHALAI,1,"Department of Education",1,"PS (I-V)",5,"Post graduate",4,"M.Ed. or equivalent",0,0,0,0,0,1,0,0,0,0,0,0,0,0,0,0,0,0,1,0,1
2019-20,33,Tamilnadu,3314,KARUR,331401,KARUR,1,"Department of Education",2,"UPS (I-VIII)",5,"Post graduate",4,"M.Ed. or equivalent",0,0,0,0,0,0,0,0,2,3,0,0,0,0,0,0,0,0,5,2,3
2019-20,33,Tamilnadu,3314,KARUR,331402,THANTHONI,1,"Department of Education",2,"UPS (I-VIII)",5,"Post graduate",4,"M.Ed. or equivalent",0,0,0,0,0,0,0,0,0,2,0,0,0,0,0,0,0,0,2,0,2
2019-20,33,Tamilnadu,3314,KARUR,331403,ARAVAKURICHI,1,"Department of Education",2,"UPS (I-VIII)",5,"Post graduate",4,"M.Ed. or equivalent",0,0,0,0,0,0,0,0,1,1,0,0,0,0,0,0,0,0,2,1,1
2019-20,33,Tamilnadu,3314,KARUR,331404,K.PARAMATHI,1,"Department of Education",2,"UPS (I-VIII)",5,"Post graduate",4,"M.Ed. or equivalent",0,0,0,0,0,0,0,0,2,1,0,0,0,0,0,0,0,0,3,2,1
2019-20,33,Tamilnadu,3314,KARUR,331405,KRISHNARAYAPURAM,1,"Department of Education",2,"UPS (I-VIII)",5,"Post graduate",4,"M.Ed. or equivalent",0,0,0,0,1,1,0,0,2,3,0,0,0,0,0,0,0,0,7,3,4
2019-20,33,Tamilnadu,3314,KARUR,331406,KADAVOOR,1,"Department of Education",2,"UPS (I-VIII)",5,"Post graduate",4,"M.Ed. or equivalent",0,0,0,0,0,0,0,0,1,4,0,0,0,0,0,0,0,0,5,1,4
2019-20,33,Tamilnadu,3314,KARUR,331407,KULITHALAI,1,"Department of Education",2,"UPS (I-VIII)",5,"Post graduate",4,"M.Ed. or equivalent",0,0,0,0,0,0,0,0,1,0,0,0,0,0,0,0,0,0,1,1,0
2019-20,33,Tamilnadu,3314,KARUR,331408,THOGAIMALAI,1,"Department of Education",2,"UPS (I-VIII)",5,"Post graduate",4,"M.Ed. or equivalent",0,0,0,0,1,0,0,0,2,0,0,0,0,0,0,0,0,0,3,3,0
2019-20,33,Tamilnadu,3314,KARUR,331402,THANTHONI,1,"Department of Education",3,"HSS (I-XII)",5,"Post graduate",4,"M.Ed. or equivalent",0,0,0,0,0,0,0,0,0,0,0,0,0,0,1,0,0,1,2,1,1
2019-20,33,Tamilnadu,3314,KARUR,331401,KARUR,1,"Department of Education",5,"HSS (VI-XII)",5,"Post graduate",4,"M.Ed. or equivalent",0,0,0,0,0,0,0,0,0,0,0,1,0,0,1,1,5,3,11,6,5
2019-20,33,Tamilnadu,3314,KARUR,331402,THANTHONI,1,"Department of Education",5,"HSS (VI-XII)",5,"Post graduate",4,"M.Ed. or equivalent",0,0,0,0,0,0,0,0,0,2,1,0,1,0,1,0,5,4,14,8,6
2019-20,33,Tamilnadu,3314,KARUR,331403,ARAVAKURICHI,1,"Department of Education",5,"HSS (VI-XII)",5,"Post graduate",4,"M.Ed. or equivalent",0,0,0,0,0,0,0,0,0,0,1,2,0,0,0,0,3,0,6,4,2
2019-20,33,Tamilnadu,3314,KARUR,331404,K.PARAMATHI,1,"Department of Education",5,"HSS (VI-XII)",5,"Post graduate",4,"M.Ed. or equivalent",0,0,0,0,0,0,0,0,0,0,2,3,1,0,0,0,2,1,9,5,4
2019-20,33,Tamilnadu,3314,KARUR,331405,KRISHNARAYAPURAM,1,"Department of Education",5,"HSS (VI-XII)",5,"Post graduate",4,"M.Ed. or equivalent",0,0,0,0,0,0,0,0,1,1,3,2,0,0,1,0,4,3,15,9,6
2019-20,33,Tamilnadu,3314,KARUR,331406,KADAVOOR,1,"Department of Education",5,"HSS (VI-XII)",5,"Post graduate",4,"M.Ed. or equivalent",0,0,0,0,0,0,0,0,0,1,0,0,0,0,1,1,3,0,6,4,2
2019-20,33,Tamilnadu,3314,KARUR,331407,KULITHALAI,1,"Department of Education",5,"HSS (VI-XII)",5,"Post graduate",4,"M.Ed. or equivalent",0,0,0,0,0,0,0,0,0,0,2,2,0,1,0,0,1,0,6,3,3
2019-20,33,Tamilnadu,3314,KARUR,331408,THOGAIMALAI,1,"Department of Education",5,"HSS (VI-XII)",5,"Post graduate",4,"M.Ed. or equivalent",0,0,0,0,0,0,0,0,0,1,0,1,0,0,0,0,1,4,7,1,6
2019-20,33,Tamilnadu,3314,KARUR,331401,KARUR,1,"Department of Education",7,"SS (VI-X)",5,"Post graduate",4,"M.Ed. or equivalent",0,0,0,0,0,0,0,0,0,0,3,0,0,0,0,0,0,0,3,3,0
2019-20,33,Tamilnadu,3314,KARUR,331402,THANTHONI,1,"Department of Education",7,"SS (VI-X)",5,"Post graduate",4,"M.Ed. or equivalent",0,0,0,0,0,0,0,0,0,0,1,2,0,0,0,0,0,0,3,1,2
2019-20,33,Tamilnadu,3314,KARUR,331403,ARAVAKURICHI,1,"Department of Education",7,"SS (VI-X)",5,"Post graduate",4,"M.Ed. or equivalent",0,0,0,0,0,0,0,0,0,0,0,1,0,0,0,0,0,0,1,0,1
2019-20,33,Tamilnadu,3314,KARUR,331405,KRISHNARAYAPURAM,1,"Department of Education",7,"SS (VI-X)",5,"Post graduate",4,"M.Ed. or equivalent",0,0,0,0,0,0,0,0,0,0,8,4,3,0,0,0,0,0,15,11,4
2019-20,33,Tamilnadu,3314,KARUR,331406,KADAVOOR,1,"Department of Education",7,"SS (VI-X)",5,"Post graduate",4,"M.Ed. or equivalent",0,0,0,0,0,0,0,0,0,0,3,1,0,0,0,0,0,0,4,3,1
2019-20,33,Tamilnadu,3314,KARUR,331407,KULITHALAI,1,"Department of Education",7,"SS (VI-X)",5,"Post graduate",4,"M.Ed. or equivalent",0,0,0,0,0,0,0,0,0,0,1,0,0,0,0,0,0,0,1,1,0
2019-20,33,Tamilnadu,3314,KARUR,331408,THOGAIMALAI,1,"Department of Education",7,"SS (VI-X)",5,"Post graduate",4,"M.Ed. or equivalent",0,0,0,0,0,0,0,0,0,2,2,2,1,1,0,0,0,0,8,3,5
2019-20,33,Tamilnadu,3314,KARUR,331402,THANTHONI,1,"Department of Education",2,"UPS (I-VIII)",5,"Post graduate",5,Others,0,0,0,0,0,0,0,0,0,2,0,0,0,0,0,0,0,0,2,0,2
2019-20,33,Tamilnadu,3314,KARUR,331405,KRISHNARAYAPURAM,1,"Department of Education",2,"UPS (I-VIII)",5,"Post graduate",5,Others,0,0,0,0,0,0,0,0,1,1,0,0,0,0,0,0,0,0,2,1,1
2019-20,33,Tamilnadu,3314,KARUR,331402,THANTHONI,1,"Department of Education",3,"HSS (I-XII)",5,"Post graduate",5,Others,0,0,0,0,0,0,0,0,0,1,0,0,0,0,0,0,0,0,1,0,1
2019-20,33,Tamilnadu,3314,KARUR,331401,KARUR,1,"Department of Education",5,"HSS (VI-XII)",5,"Post graduate",5,Others,0,0,0,0,0,0,0,0,1,3,0,1,0,0,0,0,0,0,5,1,4
2019-20,33,Tamilnadu,3314,KARUR,331402,THANTHONI,1,"Department of Education",5,"HSS (VI-XII)",5,"Post graduate",5,Others,0,0,0,0,0,0,0,0,0,1,0,0,0,0,0,0,0,0,1,0,1
2019-20,33,Tamilnadu,3314,KARUR,331403,ARAVAKURICHI,1,"Department of Education",5,"HSS (VI-XII)",5,"Post graduate",5,Others,0,0,0,0,0,0,0,0,0,1,0,0,0,0,0,0,0,0,1,0,1
2019-20,33,Tamilnadu,3314,KARUR,331408,THOGAIMALAI,1,"Department of Education",5,"HSS (VI-XII)",5,"Post graduate",5,Others,0,0,0,0,0,0,0,0,0,1,0,0,0,0,0,0,0,0,1,0,1
2019-20,33,Tamilnadu,3314,KARUR,331401,KARUR,1,"Department of Education",7,"SS (VI-X)",5,"Post graduate",5,Others,0,0,0,0,0,0,0,0,1,1,0,0,0,0,0,0,0,0,2,1,1
2019-20,33,Tamilnadu,3314,KARUR,331405,KRISHNARAYAPURAM,1,"Department of Education",7,"SS (VI-X)",5,"Post graduate",5,Others,0,0,0,0,0,0,0,0,0,0,1,0,0,0,0,0,0,0,1,1,0
2019-20,33,Tamilnadu,3314,KARUR,331407,KULITHALAI,1,"Department of Education",7,"SS (VI-X)",5,"Post graduate",5,Others,0,0,0,0,0,0,0,0,0,1,0,0,0,0,0,0,0,0,1,0,1
2019-20,33,Tamilnadu,3314,KARUR,331408,THOGAIMALAI,1,"Department of Education",7,"SS (VI-X)",5,"Post graduate",5,Others,0,0,0,0,0,0,0,0,0,1,0,0,0,0,0,0,0,0,1,0,1
2019-20,33,Tamilnadu,3314,KARUR,331402,THANTHONI,1,"Department of Education",1,"PS (I-V)",5,"Post graduate",6,None,0,0,0,0,0,1,0,0,0,0,0,0,0,0,0,0,0,0,1,0,1
2019-20,33,Tamilnadu,3314,KARUR,331403,ARAVAKURICHI,1,"Department of Education",2,"UPS (I-VIII)",5,"Post graduate",6,None,0,0,0,0,0,0,0,0,1,0,0,0,0,0,0,0,0,0,1,1,0
2019-20,33,Tamilnadu,3314,KARUR,331405,KRISHNARAYAPURAM,1,"Department of Education",2,"UPS (I-VIII)",5,"Post graduate",6,None,0,0,0,0,0,0,0,0,1,0,0,0,0,0,0,0,0,0,1,1,0
2019-20,33,Tamilnadu,3314,KARUR,331401,KARUR,1,"Department of Education",5,"HSS (VI-XII)",5,"Post graduate",6,None,0,0,0,0,0,0,0,0,0,0,1,0,1,0,1,0,1,1,5,4,1
2019-20,33,Tamilnadu,3314,KARUR,331403,ARAVAKURICHI,1,"Department of Education",5,"HSS (VI-XII)",5,"Post graduate",6,None,0,0,0,0,0,0,0,0,0,0,0,0,0,0,0,0,1,0,1,1,0
2019-20,33,Tamilnadu,3314,KARUR,331404,K.PARAMATHI,1,"Department of Education",5,"HSS (VI-XII)",5,"Post graduate",6,None,0,0,0,0,0,0,0,0,0,0,0,0,0,0,2,0,0,0,2,2,0
2019-20,33,Tamilnadu,3314,KARUR,331405,KRISHNARAYAPURAM,1,"Department of Education",5,"HSS (VI-XII)",5,"Post graduate",6,None,0,0,0,0,0,0,0,0,0,0,0,0,0,0,0,0,0,1,1,0,1
2019-20,33,Tamilnadu,3314,KARUR,331406,KADAVOOR,1,"Department of Education",5,"HSS (VI-XII)",5,"Post graduate",6,None,0,0,0,0,0,0,0,0,0,1,0,0,0,0,0,0,0,1,2,0,2
2019-20,33,Tamilnadu,3314,KARUR,331407,KULITHALAI,1,"Department of Education",5,"HSS (VI-XII)",5,"Post graduate",6,None,0,0,0,0,0,0,0,0,0,0,0,0,0,0,0,0,1,0,1,1,0
2019-20,33,Tamilnadu,3314,KARUR,331408,THOGAIMALAI,1,"Department of Education",5,"HSS (VI-XII)",5,"Post graduate",6,None,0,0,0,0,0,0,0,0,0,0,0,0,0,0,1,1,0,0,2,1,1
2019-20,33,Tamilnadu,3314,KARUR,331401,KARUR,1,"Department of Education",7,"SS (VI-X)",5,"Post graduate",6,None,0,0,0,0,0,0,0,0,0,0,0,1,0,0,0,0,0,0,1,0,1
2019-20,33,Tamilnadu,3314,KARUR,331402,THANTHONI,1,"Department of Education",7,"SS (VI-X)",5,"Post graduate",6,None,0,0,0,0,0,0,0,0,0,1,0,0,0,0,0,0,0,0,1,0,1
2019-20,33,Tamilnadu,3314,KARUR,331405,KRISHNARAYAPURAM,1,"Department of Education",7,"SS (VI-X)",5,"Post graduate",6,None,0,0,0,0,0,0,0,0,1,0,0,0,0,0,0,0,0,0,1,1,0
2019-20,33,Tamilnadu,3314,KARUR,331401,KARUR,1,"Department of Education",1,"PS (I-V)",6,M.Phil,1,"Diploma or certificate in basic teachers training of a duration not less than two years",0,0,0,0,0,2,0,0,0,0,0,0,0,0,0,0,0,0,2,0,2
2019-20,33,Tamilnadu,3314,KARUR,331408,THOGAIMALAI,1,"Department of Education",1,"PS (I-V)",6,M.Phil,1,"Diploma or certificate in basic teachers training of a duration not less than two years",0,0,0,0,0,1,0,0,0,0,0,0,0,0,0,0,0,0,1,0,1
2019-20,33,Tamilnadu,3314,KARUR,331402,THANTHONI,1,"Department of Education",2,"UPS (I-VIII)",6,M.Phil,1,"Diploma or certificate in basic teachers training of a duration not less than two years",0,0,0,0,0,2,0,0,0,0,0,0,0,0,0,0,0,0,2,0,2
2019-20,33,Tamilnadu,3314,KARUR,331401,KARUR,1,"Department of Education",1,"PS (I-V)",6,M.Phil,3,"B.Ed. or equivalent",0,0,0,0,0,2,0,0,0,0,0,0,0,0,0,0,0,0,2,0,2
2019-20,33,Tamilnadu,3314,KARUR,331402,THANTHONI,1,"Department of Education",1,"PS (I-V)",6,M.Phil,3,"B.Ed. or equivalent",0,0,0,0,1,2,0,0,0,0,0,0,0,0,0,0,0,0,3,1,2
2019-20,33,Tamilnadu,3314,KARUR,331403,ARAVAKURICHI,1,"Department of Education",1,"PS (I-V)",6,M.Phil,3,"B.Ed. or equivalent",0,0,0,0,0,2,0,0,0,0,0,0,0,0,0,0,0,0,2,0,2
2019-20,33,Tamilnadu,3314,KARUR,331404,K.PARAMATHI,1,"Department of Education",1,"PS (I-V)",6,M.Phil,3,"B.Ed. or equivalent",0,0,0,0,1,2,0,0,0,0,0,0,0,0,0,0,0,0,3,1,2
2019-20,33,Tamilnadu,3314,KARUR,331405,KRISHNARAYAPURAM,1,"Department of Education",1,"PS (I-V)",6,M.Phil,3,"B.Ed. or equivalent",0,0,0,0,0,1,0,0,0,0,0,0,0,0,0,0,0,0,1,0,1
2019-20,33,Tamilnadu,3314,KARUR,331401,KARUR,1,"Department of Education",2,"UPS (I-VIII)",6,M.Phil,3,"B.Ed. or equivalent",0,0,0,0,0,1,0,0,6,9,0,0,0,0,0,0,0,0,16,6,10
2019-20,33,Tamilnadu,3314,KARUR,331402,THANTHONI,1,"Department of Education",2,"UPS (I-VIII)",6,M.Phil,3,"B.Ed. or equivalent",0,0,0,0,0,1,0,0,1,10,0,0,0,0,0,0,0,0,12,1,11
2019-20,33,Tamilnadu,3314,KARUR,331403,ARAVAKURICHI,1,"Department of Education",2,"UPS (I-VIII)",6,M.Phil,3,"B.Ed. or equivalent",0,0,0,0,0,0,1,0,4,1,0,0,0,0,0,0,0,0,6,5,1
2019-20,33,Tamilnadu,3314,KARUR,331404,K.PARAMATHI,1,"Department of Education",2,"UPS (I-VIII)",6,M.Phil,3,"B.Ed. or equivalent",0,0,0,0,0,0,0,0,2,10,0,0,0,0,0,0,0,0,12,2,10
2019-20,33,Tamilnadu,3314,KARUR,331405,KRISHNARAYAPURAM,1,"Department of Education",2,"UPS (I-VIII)",6,M.Phil,3,"B.Ed. or equivalent",0,0,0,0,0,0,0,0,14,15,0,0,0,0,0,0,0,0,29,14,15
2019-20,33,Tamilnadu,3314,KARUR,331406,KADAVOOR,1,"Department of Education",2,"UPS (I-VIII)",6,M.Phil,3,"B.Ed. or equivalent",0,0,0,0,1,0,2,0,7,10,0,0,0,0,0,0,0,0,20,10,10
2019-20,33,Tamilnadu,3314,KARUR,331407,KULITHALAI,1,"Department of Education",2,"UPS (I-VIII)",6,M.Phil,3,"B.Ed. or equivalent",0,0,0,0,0,0,0,0,8,5,0,0,0,0,0,0,0,0,13,8,5
2019-20,33,Tamilnadu,3314,KARUR,331408,THOGAIMALAI,1,"Department of Education",2,"UPS (I-VIII)",6,M.Phil,3,"B.Ed. or equivalent",0,0,0,0,0,1,0,0,8,3,0,0,0,0,0,0,0,0,12,8,4
2019-20,33,Tamilnadu,3314,KARUR,331402,THANTHONI,1,"Department of Education",3,"HSS (I-XII)",6,M.Phil,3,"B.Ed. or equivalent",0,0,0,0,0,0,0,0,0,1,0,0,0,0,0,0,0,2,3,0,3
2019-20,33,Tamilnadu,3314,KARUR,331401,KARUR,1,"Department of Education",5,"HSS (VI-XII)",6,M.Phil,3,"B.Ed. or equivalent",0,0,0,0,0,0,0,0,0,1,1,7,4,4,1,3,7,22,50,13,37
2019-20,33,Tamilnadu,3314,KARUR,331402,THANTHONI,1,"Department of Education",5,"HSS (VI-XII)",6,M.Phil,3,"B.Ed. or equivalent",0,0,0,0,0,0,0,0,0,2,7,9,4,3,2,1,12,20,60,25,35
2019-20,33,Tamilnadu,3314,KARUR,331403,ARAVAKURICHI,1,"Department of Education",5,"HSS (VI-XII)",6,M.Phil,3,"B.Ed. or equivalent",0,0,0,0,0,0,0,0,0,1,1,9,2,1,1,0,8,6,29,12,17
2019-20,33,Tamilnadu,3314,KARUR,331404,K.PARAMATHI,1,"Department of Education",5,"HSS (VI-XII)",6,M.Phil,3,"B.Ed. or equivalent",0,0,0,0,0,0,0,0,0,0,6,10,0,0,0,3,11,11,41,17,24
2019-20,33,Tamilnadu,3314,KARUR,331405,KRISHNARAYAPURAM,1,"Department of Education",5,"HSS (VI-XII)",6,M.Phil,3,"B.Ed. or equivalent",0,0,0,0,0,0,0,0,0,2,12,18,0,2,1,2,9,13,59,22,37
2019-20,33,Tamilnadu,3314,KARUR,331406,KADAVOOR,1,"Department of Education",5,"HSS (VI-XII)",6,M.Phil,3,"B.Ed. or equivalent",0,0,0,0,0,0,0,0,1,1,3,6,2,1,2,1,5,6,28,13,15
2019-20,33,Tamilnadu,3314,KARUR,331407,KULITHALAI,1,"Department of Education",5,"HSS (VI-XII)",6,M.Phil,3,"B.Ed. or equivalent",0,0,0,0,0,0,0,0,0,1,4,7,2,3,1,0,10,16,44,17,27
2019-20,33,Tamilnadu,3314,KARUR,331408,THOGAIMALAI,1,"Department of Education",5,"HSS (VI-XII)",6,M.Phil,3,"B.Ed. or equivalent",0,0,0,0,0,0,0,0,1,1,9,9,0,3,1,3,10,6,43,21,22
2019-20,33,Tamilnadu,3314,KARUR,331401,KARUR,1,"Department of Education",7,"SS (VI-X)",6,M.Phil,3,"B.Ed. or equivalent",0,0,0,0,0,0,0,0,0,0,3,12,1,0,0,0,0,0,16,4,12
2019-20,33,Tamilnadu,3314,KARUR,331402,THANTHONI,1,"Department of Education",7,"SS (VI-X)",6,M.Phil,3,"B.Ed. or equivalent",0,0,0,0,0,0,0,0,0,0,4,8,3,2,0,0,0,0,17,7,10
2019-20,33,Tamilnadu,3314,KARUR,331403,ARAVAKURICHI,1,"Department of Education",7,"SS (VI-X)",6,M.Phil,3,"B.Ed. or equivalent",0,0,0,0,0,0,0,0,1,1,5,3,1,0,0,0,0,0,11,7,4
2019-20,33,Tamilnadu,3314,KARUR,331404,K.PARAMATHI,1,"Department of Education",7,"SS (VI-X)",6,M.Phil,3,"B.Ed. or equivalent",0,0,0,0,0,0,0,0,0,0,5,7,0,1,0,0,0,0,13,5,8
2019-20,33,Tamilnadu,3314,KARUR,331405,KRISHNARAYAPURAM,1,"Department of Education",7,"SS (VI-X)",6,M.Phil,3,"B.Ed. or equivalent",0,0,0,0,0,0,0,0,0,1,5,5,0,0,0,0,0,0,11,5,6
2019-20,33,Tamilnadu,3314,KARUR,331406,KADAVOOR,1,"Department of Education",7,"SS (VI-X)",6,M.Phil,3,"B.Ed. or equivalent",0,0,0,0,0,0,0,0,0,0,4,2,2,0,0,0,0,0,8,6,2
2019-20,33,Tamilnadu,3314,KARUR,331407,KULITHALAI,1,"Department of Education",7,"SS (VI-X)",6,M.Phil,3,"B.Ed. or equivalent",0,0,0,0,0,0,0,0,0,0,3,1,0,0,0,0,0,0,4,3,1
2019-20,33,Tamilnadu,3314,KARUR,331408,THOGAIMALAI,1,"Department of Education",7,"SS (VI-X)",6,M.Phil,3,"B.Ed. or equivalent",0,0,0,0,0,0,0,0,1,4,8,7,4,0,0,0,0,0,24,13,11
2019-20,33,Tamilnadu,3314,KARUR,331402,THANTHONI,1,"Department of Education",1,"PS (I-V)",6,M.Phil,4,"M.Ed. or equivalent",0,0,0,0,1,0,0,0,0,0,0,0,0,0,0,0,0,0,1,1,0
2019-20,33,Tamilnadu,3314,KARUR,331402,THANTHONI,1,"Department of Education",2,"UPS (I-VIII)",6,M.Phil,4,"M.Ed. or equivalent",0,0,0,0,0,0,0,0,0,1,0,0,0,0,0,0,0,0,1,0,1
2019-20,33,Tamilnadu,3314,KARUR,331405,KRISHNARAYAPURAM,1,"Department of Education",2,"UPS (I-VIII)",6,M.Phil,4,"M.Ed. or equivalent",0,0,0,0,0,0,0,0,1,0,0,0,0,0,0,0,0,0,1,1,0
2019-20,33,Tamilnadu,3314,KARUR,331406,KADAVOOR,1,"Department of Education",2,"UPS (I-VIII)",6,M.Phil,4,"M.Ed. or equivalent",0,0,0,0,0,0,0,0,2,0,0,0,0,0,0,0,0,0,2,2,0
2019-20,33,Tamilnadu,3314,KARUR,331407,KULITHALAI,1,"Department of Education",2,"UPS (I-VIII)",6,M.Phil,4,"M.Ed. or equivalent",0,0,0,0,0,0,0,0,1,0,0,0,0,0,0,0,0,0,1,1,0
2019-20,33,Tamilnadu,3314,KARUR,331401,KARUR,1,"Department of Education",5,"HSS (VI-XII)",6,M.Phil,4,"M.Ed. or equivalent",0,0,0,0,0,0,0,0,0,1,0,0,1,1,0,1,8,3,15,9,6
2019-20,33,Tamilnadu,3314,KARUR,331402,THANTHONI,1,"Department of Education",5,"HSS (VI-XII)",6,M.Phil,4,"M.Ed. or equivalent",0,0,0,0,0,0,0,0,0,0,1,0,0,0,1,0,4,3,9,6,3
2019-20,33,Tamilnadu,3314,KARUR,331403,ARAVAKURICHI,1,"Department of Education",5,"HSS (VI-XII)",6,M.Phil,4,"M.Ed. or equivalent",0,0,0,0,0,0,0,0,0,0,0,0,0,0,0,0,3,0,3,3,0
2019-20,33,Tamilnadu,3314,KARUR,331404,K.PARAMATHI,1,"Department of Education",5,"HSS (VI-XII)",6,M.Phil,4,"M.Ed. or equivalent",0,0,0,0,0,0,0,0,0,0,0,1,0,0,2,0,4,3,10,6,4
2019-20,33,Tamilnadu,3314,KARUR,331405,KRISHNARAYAPURAM,1,"Department of Education",5,"HSS (VI-XII)",6,M.Phil,4,"M.Ed. or equivalent",0,0,0,0,0,0,0,0,0,0,1,1,0,0,0,0,5,2,9,6,3
2019-20,33,Tamilnadu,3314,KARUR,331406,KADAVOOR,1,"Department of Education",5,"HSS (VI-XII)",6,M.Phil,4,"M.Ed. or equivalent",0,0,0,0,0,0,0,0,0,0,1,2,0,0,2,0,2,0,7,5,2
2019-20,33,Tamilnadu,3314,KARUR,331407,KULITHALAI,1,"Department of Education",5,"HSS (VI-XII)",6,M.Phil,4,"M.Ed. or equivalent",0,0,0,0,0,0,0,0,0,0,1,0,0,2,1,0,2,4,10,4,6
2019-20,33,Tamilnadu,3314,KARUR,331408,THOGAIMALAI,1,"Department of Education",5,"HSS (VI-XII)",6,M.Phil,4,"M.Ed. or equivalent",0,0,0,0,0,0,0,0,0,0,0,0,0,0,1,1,5,2,9,6,3
2019-20,33,Tamilnadu,3314,KARUR,331401,KARUR,1,"Department of Education",7,"SS (VI-X)",6,M.Phil,4,"M.Ed. or equivalent",0,0,0,0,0,0,0,0,0,0,0,2,0,1,0,0,0,0,3,0,3
2019-20,33,Tamilnadu,3314,KARUR,331402,THANTHONI,1,"Department of Education",7,"SS (VI-X)",6,M.Phil,4,"M.Ed. or equivalent",0,0,0,0,0,0,0,0,0,0,0,1,0,0,0,0,0,0,1,0,1
2019-20,33,Tamilnadu,3314,KARUR,331403,ARAVAKURICHI,1,"Department of Education",7,"SS (VI-X)",6,M.Phil,4,"M.Ed. or equivalent",0,0,0,0,0,0,0,0,0,0,0,0,0,1,0,0,0,0,1,0,1
2019-20,33,Tamilnadu,3314,KARUR,331404,K.PARAMATHI,1,"Department of Education",7,"SS (VI-X)",6,M.Phil,4,"M.Ed. or equivalent",0,0,0,0,0,0,0,0,0,0,2,0,0,0,0,0,0,0,2,2,0
2019-20,33,Tamilnadu,3314,KARUR,331405,KRISHNARAYAPURAM,1,"Department of Education",7,"SS (VI-X)",6,M.Phil,4,"M.Ed. or equivalent",0,0,0,0,0,0,0,0,0,0,3,0,0,0,0,0,0,0,3,3,0
2019-20,33,Tamilnadu,3314,KARUR,331406,KADAVOOR,1,"Department of Education",7,"SS (VI-X)",6,M.Phil,4,"M.Ed. or equivalent",0,0,0,0,0,0,0,0,0,0,0,1,0,0,0,0,0,0,1,0,1
2019-20,33,Tamilnadu,3314,KARUR,331407,KULITHALAI,1,"Department of Education",7,"SS (VI-X)",6,M.Phil,4,"M.Ed. or equivalent",0,0,0,0,0,0,0,0,0,0,0,0,0,1,0,0,0,0,1,0,1
2019-20,33,Tamilnadu,3314,KARUR,331408,THOGAIMALAI,1,"Department of Education",7,"SS (VI-X)",6,M.Phil,4,"M.Ed. or equivalent",0,0,0,0,0,0,0,0,1,1,3,1,0,0,0,0,0,0,6,4,2
2019-20,33,Tamilnadu,3314,KARUR,331407,KULITHALAI,1,"Department of Education",5,"HSS (VI-XII)",6,M.Phil,5,Others,0,0,0,0,0,0,0,0,0,0,0,0,0,1,0,0,0,0,1,0,1
2019-20,33,Tamilnadu,3314,KARUR,331408,THOGAIMALAI,1,"Department of Education",5,"HSS (VI-XII)",6,M.Phil,5,Others,0,0,0,0,0,0,0,0,0,0,0,0,0,1,0,0,0,0,1,0,1
2019-20,33,Tamilnadu,3314,KARUR,331402,THANTHONI,1,"Department of Education",7,"SS (VI-X)",6,M.Phil,5,Others,0,0,0,0,0,0,0,0,1,0,0,0,0,0,0,0,0,0,1,1,0
2019-20,33,Tamilnadu,3314,KARUR,331405,KRISHNARAYAPURAM,1,"Department of Education",2,"UPS (I-VIII)",6,M.Phil,6,None,0,0,0,0,0,0,0,0,1,1,0,0,0,0,0,0,0,0,2,1,1
2019-20,33,Tamilnadu,3314,KARUR,331405,KRISHNARAYAPURAM,1,"Department of Education",5,"HSS (VI-XII)",6,M.Phil,6,None,0,0,0,0,0,0,0,0,0,0,0,0,0,0,1,1,0,0,2,1,1
2019-20,33,Tamilnadu,3314,KARUR,331407,KULITHALAI,1,"Department of Education",5,"HSS (VI-XII)",6,M.Phil,6,None,0,0,0,0,0,0,0,0,1,0,0,1,0,0,0,0,0,1,3,1,2
2019-20,33,Tamilnadu,3314,KARUR,331408,THOGAIMALAI,1,"Department of Education",5,"HSS (VI-XII)",6,M.Phil,6,None,0,0,0,0,0,0,0,0,0,0,0,0,1,0,0,0,0,0,1,1,0
2019-20,33,Tamilnadu,3314,KARUR,331401,KARUR,1,"Department of Education",7,"SS (VI-X)",6,M.Phil,6,None,0,0,0,0,0,0,0,0,1,0,0,0,0,0,0,0,0,0,1,1,0
2019-20,33,Tamilnadu,3314,KARUR,331405,KRISHNARAYAPURAM,1,"Department of Education",2,"UPS (I-VIII)",7,Ph.D,3,"B.Ed. or equivalent",0,0,0,0,0,0,0,0,2,0,0,0,0,0,0,0,0,0,2,2,0
2019-20,33,Tamilnadu,3314,KARUR,331401,KARUR,1,"Department of Education",5,"HSS (VI-XII)",7,Ph.D,3,"B.Ed. or equivalent",0,0,0,0,0,0,0,0,0,1,0,0,0,0,0,0,0,0,1,0,1
2019-20,33,Tamilnadu,3314,KARUR,331402,THANTHONI,1,"Department of Education",5,"HSS (VI-XII)",7,Ph.D,3,"B.Ed. or equivalent",0,0,0,0,0,0,0,0,0,0,0,0,0,1,0,0,0,0,1,0,1
2019-20,33,Tamilnadu,3314,KARUR,331403,ARAVAKURICHI,1,"Department of Education",5,"HSS (VI-XII)",7,Ph.D,3,"B.Ed. or equivalent",0,0,0,0,0,0,0,0,0,0,0,0,0,0,0,0,0,1,1,0,1
2019-20,33,Tamilnadu,3314,KARUR,331404,K.PARAMATHI,1,"Department of Education",5,"HSS (VI-XII)",7,Ph.D,3,"B.Ed. or equivalent",0,0,0,0,0,0,0,0,0,0,0,0,0,0,0,0,2,0,2,2,0
2019-20,33,Tamilnadu,3314,KARUR,331405,KRISHNARAYAPURAM,1,"Department of Education",5,"HSS (VI-XII)",7,Ph.D,3,"B.Ed. or equivalent",0,0,0,0,0,0,0,0,0,0,1,0,0,0,0,0,1,0,2,2,0
2019-20,33,Tamilnadu,3314,KARUR,331406,KADAVOOR,1,"Department of Education",5,"HSS (VI-XII)",7,Ph.D,3,"B.Ed. or equivalent",0,0,0,0,0,0,0,0,0,0,0,0,0,0,0,0,1,0,1,1,0
2019-20,33,Tamilnadu,3314,KARUR,331407,KULITHALAI,1,"Department of Education",5,"HSS (VI-XII)",7,Ph.D,3,"B.Ed. or equivalent",0,0,0,0,0,0,0,0,0,0,0,0,0,0,0,0,2,0,2,2,0
2019-20,33,Tamilnadu,3314,KARUR,331408,THOGAIMALAI,1,"Department of Education",5,"HSS (VI-XII)",7,Ph.D,3,"B.Ed. or equivalent",0,0,0,0,0,0,0,0,0,0,0,0,0,0,0,0,1,0,1,1,0
2019-20,33,Tamilnadu,3314,KARUR,331407,KULITHALAI,1,"Department of Education",7,"SS (VI-X)",7,Ph.D,3,"B.Ed. or equivalent",0,0,0,0,0,0,0,0,0,0,0,1,0,0,0,0,0,0,1,0,1
2019-20,33,Tamilnadu,3314,KARUR,331405,KRISHNARAYAPURAM,1,"Department of Education",5,"HSS (VI-XII)",7,Ph.D,4,"M.Ed. or equivalent",0,0,0,0,0,0,0,0,0,0,0,1,0,1,0,0,0,0,2,0,2
2019-20,33,Tamilnadu,3314,KARUR,331401,KARUR,13,"Government Aided",1,"PS (I-V)",1,"Below Secondary",1,"Diploma or certificate in basic teachers training of a duration not less than two years",0,0,0,0,0,1,0,0,0,0,0,0,0,0,0,0,0,0,1,0,1
2019-20,33,Tamilnadu,3314,KARUR,331404,K.PARAMATHI,13,"Government Aided",1,"PS (I-V)",1,"Below Secondary",1,"Diploma or certificate in basic teachers training of a duration not less than two years",0,0,0,0,0,1,0,0,0,0,0,0,0,0,0,0,0,0,1,0,1
2019-20,33,Tamilnadu,3314,KARUR,331405,KRISHNARAYAPURAM,13,"Government Aided",1,"PS (I-V)",1,"Below Secondary",1,"Diploma or certificate in basic teachers training of a duration not less than two years",0,0,0,0,0,2,0,0,0,0,0,0,0,0,0,0,0,0,2,0,2
2019-20,33,Tamilnadu,3314,KARUR,331408,THOGAIMALAI,13,"Government Aided",1,"PS (I-V)",1,"Below Secondary",1,"Diploma or certificate in basic teachers training of a duration not less than two years",0,0,0,0,1,0,0,0,0,0,0,0,0,0,0,0,0,0,1,1,0
2019-20,33,Tamilnadu,3314,KARUR,331407,KULITHALAI,13,"Government Aided",2,"UPS (I-VIII)",1,"Below Secondary",1,"Diploma or certificate in basic teachers training of a duration not less than two years",0,0,0,0,0,1,0,0,0,0,0,0,0,0,0,0,0,0,1,0,1
2019-20,33,Tamilnadu,3314,KARUR,331406,KADAVOOR,13,"Government Aided",1,"PS (I-V)",3,"Higher secondary",1,"Diploma or certificate in basic teachers training of a duration not less than two years",0,0,0,0,1,4,0,0,0,0,0,0,0,0,0,0,0,0,5,1,4
2019-20,33,Tamilnadu,3314,KARUR,331407,KULITHALAI,13,"Government Aided",1,"PS (I-V)",3,"Higher secondary",1,"Diploma or certificate in basic teachers training of a duration not less than two years",0,0,0,0,0,1,0,0,0,0,0,0,0,0,0,0,0,0,1,0,1
2019-20,33,Tamilnadu,3314,KARUR,331408,THOGAIMALAI,13,"Government Aided",1,"PS (I-V)",3,"Higher secondary",1,"Diploma or certificate in basic teachers training of a duration not less than two years",0,0,0,0,0,1,0,0,0,0,0,0,0,0,0,0,0,0,1,0,1
2019-20,33,Tamilnadu,3314,KARUR,331401,KARUR,13,"Government Aided",1,"PS (I-V)",3,"Higher secondary",1,"Diploma or certificate in basic teachers training of a duration not less than two years",0,0,0,0,3,29,0,0,0,0,0,0,0,0,0,0,0,0,32,3,29
2019-20,33,Tamilnadu,3314,KARUR,331403,ARAVAKURICHI,13,"Government Aided",1,"PS (I-V)",3,"Higher secondary",1,"Diploma or certificate in basic teachers training of a duration not less than two years",0,0,0,0,0,5,0,0,0,0,0,0,0,0,0,0,0,0,5,0,5
2019-20,33,Tamilnadu,3314,KARUR,331404,K.PARAMATHI,13,"Government Aided",1,"PS (I-V)",3,"Higher secondary",1,"Diploma or certificate in basic teachers training of a duration not less than two years",0,0,0,0,0,2,0,0,0,0,0,0,0,0,0,0,0,0,2,0,2
2019-20,33,Tamilnadu,3314,KARUR,331405,KRISHNARAYAPURAM,13,"Government Aided",1,"PS (I-V)",3,"Higher secondary",1,"Diploma or certificate in basic teachers training of a duration not less than two years",0,0,0,0,0,6,0,0,0,0,0,0,0,0,0,0,0,0,6,0,6
2019-20,33,Tamilnadu,3314,KARUR,331401,KARUR,13,"Government Aided",2,"UPS (I-VIII)",3,"Higher secondary",1,"Diploma or certificate in basic teachers training of a duration not less than two years",0,0,0,0,0,4,0,0,0,0,0,0,0,0,0,0,0,0,4,0,4
2019-20,33,Tamilnadu,3314,KARUR,331407,KULITHALAI,13,"Government Aided",1,"PS (I-V)",3,"Higher secondary",3,"B.Ed. or equivalent",0,0,0,0,0,3,0,0,0,0,0,0,0,0,0,0,0,0,3,0,3
2019-20,33,Tamilnadu,3314,KARUR,331401,KARUR,13,"Government Aided",5,"HSS (VI-XII)",3,"Higher secondary",3,"B.Ed. or equivalent",0,0,0,0,0,0,0,0,1,0,1,0,0,0,0,0,0,0,2,2,0
2019-20,33,Tamilnadu,3314,KARUR,331402,THANTHONI,13,"Government Aided",5,"HSS (VI-XII)",3,"Higher secondary",3,"B.Ed. or equivalent",0,0,0,0,0,0,0,0,0,1,0,1,0,0,0,0,0,0,2,0,2
2019-20,33,Tamilnadu,3314,KARUR,331407,KULITHALAI,13,"Government Aided",2,"UPS (I-VIII)",3,"Higher secondary",5,Others,0,0,0,0,0,0,1,0,0,0,0,0,0,0,0,0,0,0,1,1,0
2019-20,33,Tamilnadu,3314,KARUR,331401,KARUR,13,"Government Aided",5,"HSS (VI-XII)",3,"Higher secondary",5,Others,0,0,0,0,0,0,0,0,0,0,0,0,1,0,0,0,0,0,1,1,0
2019-20,33,Tamilnadu,3314,KARUR,331402,THANTHONI,13,"Government Aided",5,"HSS (VI-XII)",3,"Higher secondary",6,None,0,0,0,0,0,0,0,0,0,0,0,3,0,0,0,0,0,0,3,0,3
2019-20,33,Tamilnadu,3314,KARUR,331401,KARUR,13,"Government Aided",1,"PS (I-V)",4,Graduate,1,"Diploma or certificate in basic teachers training of a duration not less than two years",0,0,0,0,4,5,0,0,0,0,0,0,0,0,0,0,0,0,9,4,5
2019-20,33,Tamilnadu,3314,KARUR,331403,ARAVAKURICHI,13,"Government Aided",1,"PS (I-V)",4,Graduate,1,"Diploma or certificate in basic teachers training of a duration not less than two years",0,0,0,0,2,6,0,0,0,0,0,0,0,0,0,0,0,0,8,2,6
2019-20,33,Tamilnadu,3314,KARUR,331405,KRISHNARAYAPURAM,13,"Government Aided",1,"PS (I-V)",4,Graduate,1,"Diploma or certificate in basic teachers training of a duration not less than two years",0,0,0,0,0,1,0,0,0,0,0,0,0,0,0,0,0,0,1,0,1
2019-20,33,Tamilnadu,3314,KARUR,331406,KADAVOOR,13,"Government Aided",1,"PS (I-V)",4,Graduate,1,"Diploma or certificate in basic teachers training of a duration not less than two years",0,0,0,0,0,4,0,0,0,0,0,0,0,0,0,0,0,0,4,0,4
2019-20,33,Tamilnadu,3314,KARUR,331407,KULITHALAI,13,"Government Aided",1,"PS (I-V)",4,Graduate,1,"Diploma or certificate in basic teachers training of a duration not less than two years",0,0,0,0,0,3,0,0,0,0,0,0,0,0,0,0,0,0,3,0,3
2019-20,33,Tamilnadu,3314,KARUR,331408,THOGAIMALAI,13,"Government Aided",1,"PS (I-V)",4,Graduate,1,"Diploma or certificate in basic teachers training of a duration not less than two years",0,0,0,0,0,2,0,0,0,0,0,0,0,0,0,0,0,0,2,0,2
2019-20,33,Tamilnadu,3314,KARUR,331406,KADAVOOR,13,"Government Aided",2,"UPS (I-VIII)",4,Graduate,1,"Diploma or certificate in basic teachers training of a duration not less than two years",0,0,0,0,0,1,0,0,0,0,0,0,0,0,0,0,0,0,1,0,1
2019-20,33,Tamilnadu,3314,KARUR,331407,KULITHALAI,13,"Government Aided",2,"UPS (I-VIII)",4,Graduate,1,"Diploma or certificate in basic teachers training of a duration not less than two years",0,0,0,0,1,1,0,0,0,0,0,0,0,0,0,0,0,0,2,1,1
2019-20,33,Tamilnadu,3314,KARUR,331401,KARUR,13,"Government Aided",1,"PS (I-V)",4,Graduate,3,"B.Ed. or equivalent",0,0,0,0,0,2,0,0,0,0,0,0,0,0,0,0,0,0,2,0,2
2019-20,33,Tamilnadu,3314,KARUR,331403,ARAVAKURICHI,13,"Government Aided",1,"PS (I-V)",4,Graduate,3,"B.Ed. or equivalent",0,0,0,0,0,3,0,0,0,0,0,0,0,0,0,0,0,0,3,0,3
2019-20,33,Tamilnadu,3314,KARUR,331404,K.PARAMATHI,13,"Government Aided",1,"PS (I-V)",4,Graduate,3,"B.Ed. or equivalent",0,0,0,0,0,1,0,0,0,0,0,0,0,0,0,0,0,0,1,0,1
2019-20,33,Tamilnadu,3314,KARUR,331407,KULITHALAI,13,"Government Aided",1,"PS (I-V)",4,Graduate,3,"B.Ed. or equivalent",0,0,0,0,0,2,0,0,0,0,0,0,0,0,0,0,0,0,2,0,2
2019-20,33,Tamilnadu,3314,KARUR,331408,THOGAIMALAI,13,"Government Aided",1,"PS (I-V)",4,Graduate,3,"B.Ed. or equivalent",0,0,0,0,0,2,0,0,0,0,0,0,0,0,0,0,0,0,2,0,2
2019-20,33,Tamilnadu,3314,KARUR,331406,KADAVOOR,13,"Government Aided",2,"UPS (I-VIII)",4,Graduate,3,"B.Ed. or equivalent",0,0,0,0,0,1,1,0,0,0,0,0,0,0,0,0,0,0,2,1,1
2019-20,33,Tamilnadu,3314,KARUR,331407,KULITHALAI,13,"Government Aided",2,"UPS (I-VIII)",4,Graduate,3,"B.Ed. or equivalent",0,0,0,0,0,2,0,0,1,3,0,0,0,0,0,0,0,0,6,1,5
2019-20,33,Tamilnadu,3314,KARUR,331401,KARUR,13,"Government Aided",5,"HSS (VI-XII)",4,Graduate,3,"B.Ed. or equivalent",0,0,0,0,0,0,0,0,0,3,2,4,0,0,0,0,0,0,9,2,7
2019-20,33,Tamilnadu,3314,KARUR,331402,THANTHONI,13,"Government Aided",5,"HSS (VI-XII)",4,Graduate,3,"B.Ed. or equivalent",0,0,0,0,0,0,0,0,0,6,0,3,0,5,0,0,0,1,15,0,15
2019-20,33,Tamilnadu,3314,KARUR,331403,ARAVAKURICHI,13,"Government Aided",5,"HSS (VI-XII)",4,Graduate,3,"B.Ed. or equivalent",0,0,0,0,0,0,0,0,0,0,1,1,1,1,0,0,0,0,4,2,2
2019-20,33,Tamilnadu,3314,KARUR,331407,KULITHALAI,13,"Government Aided",7,"SS (VI-X)",4,Graduate,3,"B.Ed. or equivalent",0,0,0,0,0,0,0,0,0,1,0,1,0,0,0,0,0,0,2,0,2
2019-20,33,Tamilnadu,3314,KARUR,331407,KULITHALAI,13,"Government Aided",1,"PS (I-V)",4,Graduate,4,"M.Ed. or equivalent",0,0,0,0,1,0,0,0,0,0,0,0,0,0,0,0,0,0,1,1,0
2019-20,33,Tamilnadu,3314,KARUR,331407,KULITHALAI,13,"Government Aided",7,"SS (VI-X)",4,Graduate,5,Others,0,0,0,0,0,0,0,0,0,0,1,0,0,0,0,0,0,0,1,1,0
2019-20,33,Tamilnadu,3314,KARUR,331401,KARUR,13,"Government Aided",5,"HSS (VI-XII)",4,Graduate,6,None,0,0,0,0,0,0,0,0,0,0,0,0,0,0,0,0,1,0,1,1,0
2019-20,33,Tamilnadu,3314,KARUR,331401,KARUR,24,"Private Unaided (Recognized)",1,"PS (I-V)",3,"Higher secondary",5,Others,0,1,0,0,0,0,0,0,0,0,0,0,0,0,0,0,0,0,1,0,1
2019-20,33,Tamilnadu,3314,KARUR,331401,KARUR,13,"Government Aided",1,"PS (I-V)",5,"Post graduate",1,"Diploma or certificate in basic teachers training of a duration not less than two years",0,0,0,0,0,9,0,0,0,0,0,0,0,0,0,0,0,0,9,0,9
2019-20,33,Tamilnadu,3314,KARUR,331403,ARAVAKURICHI,13,"Government Aided",1,"PS (I-V)",5,"Post graduate",1,"Diploma or certificate in basic teachers training of a duration not less than two years",0,0,0,0,0,1,0,0,0,0,0,0,0,0,0,0,0,0,1,0,1
2019-20,33,Tamilnadu,3314,KARUR,331405,KRISHNARAYAPURAM,13,"Government Aided",1,"PS (I-V)",5,"Post graduate",1,"Diploma or certificate in basic teachers training of a duration not less than two years",0,0,0,0,1,2,0,0,0,0,0,0,0,0,0,0,0,0,3,1,2
2019-20,33,Tamilnadu,3314,KARUR,331406,KADAVOOR,13,"Government Aided",1,"PS (I-V)",5,"Post graduate",1,"Diploma or certificate in basic teachers training of a duration not less than two years",0,0,0,0,0,1,0,0,0,0,0,0,0,0,0,0,0,0,1,0,1
2019-20,33,Tamilnadu,3314,KARUR,331407,KULITHALAI,13,"Government Aided",1,"PS (I-V)",5,"Post graduate",1,"Diploma or certificate in basic teachers training of a duration not less than two years",0,0,0,0,0,1,0,0,0,0,0,0,0,0,0,0,0,0,1,0,1
2019-20,33,Tamilnadu,3314,KARUR,331408,THOGAIMALAI,13,"Government Aided",1,"PS (I-V)",5,"Post graduate",1,"Diploma or certificate in basic teachers training of a duration not less than two years",0,0,0,0,1,2,0,0,0,0,0,0,0,0,0,0,0,0,3,1,2
2019-20,33,Tamilnadu,3314,KARUR,331403,ARAVAKURICHI,24,"Private Unaided (Recognized)",1,"PS (I-V)",3,"Higher secondary",5,Others,0,0,0,0,1,5,0,0,0,0,0,0,0,0,0,0,0,0,6,1,5
2019-20,33,Tamilnadu,3314,KARUR,331407,KULITHALAI,13,"Government Aided",2,"UPS (I-VIII)",5,"Post graduate",1,"Diploma or certificate in basic teachers training of a duration not less than two years",0,0,0,0,1,2,0,0,0,0,0,0,0,0,0,0,0,0,3,1,2
2019-20,33,Tamilnadu,3314,KARUR,331401,KARUR,13,"Government Aided",1,"PS (I-V)",5,"Post graduate",3,"B.Ed. or equivalent",0,0,0,0,1,8,0,0,0,0,0,0,0,0,0,0,0,0,9,1,8
2019-20,33,Tamilnadu,3314,KARUR,331402,THANTHONI,13,"Government Aided",1,"PS (I-V)",5,"Post graduate",3,"B.Ed. or equivalent",0,0,0,0,0,1,0,0,0,0,0,0,0,0,0,0,0,0,1,0,1
2019-20,33,Tamilnadu,3314,KARUR,331403,ARAVAKURICHI,13,"Government Aided",1,"PS (I-V)",5,"Post graduate",3,"B.Ed. or equivalent",0,0,0,0,1,4,0,0,0,0,0,0,0,0,0,0,0,0,5,1,4
2019-20,33,Tamilnadu,3314,KARUR,331404,K.PARAMATHI,13,"Government Aided",1,"PS (I-V)",5,"Post graduate",3,"B.Ed. or equivalent",0,0,0,0,1,2,0,0,0,0,0,0,0,0,0,0,0,0,3,1,2
2019-20,33,Tamilnadu,3314,KARUR,331405,KRISHNARAYAPURAM,13,"Government Aided",1,"PS (I-V)",5,"Post graduate",3,"B.Ed. or equivalent",0,0,0,0,1,5,0,0,0,0,0,0,0,0,0,0,0,0,6,1,5
2019-20,33,Tamilnadu,3314,KARUR,331406,KADAVOOR,13,"Government Aided",1,"PS (I-V)",5,"Post graduate",3,"B.Ed. or equivalent",0,0,0,0,1,2,0,0,0,0,0,0,0,0,0,0,0,0,3,1,2
2019-20,33,Tamilnadu,3314,KARUR,331407,KULITHALAI,13,"Government Aided",1,"PS (I-V)",5,"Post graduate",3,"B.Ed. or equivalent",0,0,0,0,2,13,0,0,0,0,0,0,0,0,0,0,0,0,15,2,13
2019-20,33,Tamilnadu,3314,KARUR,331408,THOGAIMALAI,13,"Government Aided",1,"PS (I-V)",5,"Post graduate",3,"B.Ed. or equivalent",0,0,0,0,2,4,0,0,0,0,0,0,0,0,0,0,0,0,6,2,4
2019-20,33,Tamilnadu,3314,KARUR,331401,KARUR,13,"Government Aided",2,"UPS (I-VIII)",5,"Post graduate",3,"B.Ed. or equivalent",0,0,0,0,0,0,0,0,1,2,0,0,0,0,0,0,0,0,3,1,2
2019-20,33,Tamilnadu,3314,KARUR,331406,KADAVOOR,13,"Government Aided",2,"UPS (I-VIII)",5,"Post graduate",3,"B.Ed. or equivalent",0,0,0,0,0,2,0,1,2,0,0,0,0,0,0,0,0,0,5,2,3
2019-20,33,Tamilnadu,3314,KARUR,331407,KULITHALAI,13,"Government Aided",2,"UPS (I-VIII)",5,"Post graduate",3,"B.Ed. or equivalent",0,0,0,0,2,4,0,0,1,5,0,0,0,0,0,0,0,0,12,3,9
2019-20,33,Tamilnadu,3314,KARUR,331401,KARUR,13,"Government Aided",5,"HSS (VI-XII)",5,"Post graduate",3,"B.Ed. or equivalent",0,0,0,0,0,0,0,0,1,1,3,6,1,8,5,4,6,3,38,16,22
2019-20,33,Tamilnadu,3314,KARUR,331402,THANTHONI,13,"Government Aided",5,"HSS (VI-XII)",5,"Post graduate",3,"B.Ed. or equivalent",0,0,0,0,0,0,0,0,0,1,0,8,0,1,0,3,0,7,20,0,20
2019-20,33,Tamilnadu,3314,KARUR,331403,ARAVAKURICHI,13,"Government Aided",5,"HSS (VI-XII)",5,"Post graduate",3,"B.Ed. or equivalent",0,0,0,0,0,0,0,0,0,0,6,2,2,1,0,0,0,0,11,8,3
2019-20,33,Tamilnadu,3314,KARUR,331407,KULITHALAI,13,"Government Aided",7,"SS (VI-X)",5,"Post graduate",3,"B.Ed. or equivalent",0,0,0,0,0,0,0,0,0,0,5,0,1,1,0,0,0,0,7,6,1
2019-20,33,Tamilnadu,3314,KARUR,331401,KARUR,13,"Government Aided",1,"PS (I-V)",5,"Post graduate",4,"M.Ed. or equivalent",0,0,0,0,0,1,0,0,0,0,0,0,0,0,0,0,0,0,1,0,1
2019-20,33,Tamilnadu,3314,KARUR,331406,KADAVOOR,13,"Government Aided",1,"PS (I-V)",5,"Post graduate",4,"M.Ed. or equivalent",0,0,0,0,0,1,0,0,0,0,0,0,0,0,0,0,0,0,1,0,1
2019-20,33,Tamilnadu,3314,KARUR,331407,KULITHALAI,13,"Government Aided",2,"UPS (I-VIII)",5,"Post graduate",4,"M.Ed. or equivalent",0,0,0,0,0,0,0,0,1,0,0,0,0,0,0,0,0,0,1,1,0
2019-20,33,Tamilnadu,3314,KARUR,331401,KARUR,13,"Government Aided",5,"HSS (VI-XII)",5,"Post graduate",4,"M.Ed. or equivalent",0,0,0,0,0,0,0,0,1,0,0,2,0,1,0,1,0,0,5,1,4
2019-20,33,Tamilnadu,3314,KARUR,331402,THANTHONI,13,"Government Aided",5,"HSS (VI-XII)",5,"Post graduate",4,"M.Ed. or equivalent",0,0,0,0,0,0,0,0,0,0,0,0,0,1,0,0,0,0,1,0,1
2019-20,33,Tamilnadu,3314,KARUR,331403,ARAVAKURICHI,13,"Government Aided",5,"HSS (VI-XII)",5,"Post graduate",4,"M.Ed. or equivalent",0,0,0,0,0,0,0,0,0,0,1,0,0,0,1,0,0,0,2,2,0
2019-20,33,Tamilnadu,3314,KARUR,331407,KULITHALAI,13,"Government Aided",7,"SS (VI-X)",5,"Post graduate",4,"M.Ed. or equivalent",0,0,0,0,0,0,0,0,0,0,0,0,1,0,0,0,0,0,1,1,0
2019-20,33,Tamilnadu,3314,KARUR,331407,KULITHALAI,13,"Government Aided",2,"UPS (I-VIII)",6,M.Phil,3,"B.Ed. or equivalent",0,0,0,0,0,0,0,0,1,0,0,0,0,0,0,0,0,0,1,1,0
2019-20,33,Tamilnadu,3314,KARUR,331401,KARUR,13,"Government Aided",5,"HSS (VI-XII)",6,M.Phil,3,"B.Ed. or equivalent",0,0,0,0,0,0,0,0,0,0,1,0,1,2,0,1,3,5,13,5,8
2019-20,33,Tamilnadu,3314,KARUR,331402,THANTHONI,13,"Government Aided",5,"HSS (VI-XII)",6,M.Phil,3,"B.Ed. or equivalent",0,0,0,0,0,0,0,0,0,1,0,0,0,1,0,1,0,6,9,0,9
2019-20,33,Tamilnadu,3314,KARUR,331403,ARAVAKURICHI,13,"Government Aided",5,"HSS (VI-XII)",6,M.Phil,3,"B.Ed. or equivalent",0,0,0,0,0,0,0,0,0,0,7,1,0,0,0,0,10,0,18,17,1
2019-20,33,Tamilnadu,3314,KARUR,331401,KARUR,13,"Government Aided",5,"HSS (VI-XII)",6,M.Phil,4,"M.Ed. or equivalent",0,0,0,0,0,0,0,0,0,0,0,0,0,0,1,0,1,2,4,2,2
2019-20,33,Tamilnadu,3314,KARUR,331402,THANTHONI,13,"Government Aided",5,"HSS (VI-XII)",6,M.Phil,4,"M.Ed. or equivalent",0,0,0,0,0,0,0,0,0,0,0,0,0,0,0,0,0,1,1,0,1
2019-20,33,Tamilnadu,3314,KARUR,331403,ARAVAKURICHI,13,"Government Aided",5,"HSS (VI-XII)",6,M.Phil,4,"M.Ed. or equivalent",0,0,0,0,0,0,0,0,0,0,0,0,0,0,0,0,1,0,1,1,0
2019-20,33,Tamilnadu,3314,KARUR,331401,KARUR,13,"Government Aided",5,"HSS (VI-XII)",6,M.Phil,6,None,0,0,0,0,0,0,0,0,0,0,0,0,0,1,0,0,0,0,1,0,1
2019-20,33,Tamilnadu,3314,KARUR,331402,THANTHONI,13,"Government Aided",5,"HSS (VI-XII)",6,M.Phil,6,None,0,0,0,0,0,0,0,0,0,0,0,0,0,0,0,0,0,1,1,0,1
2019-20,33,Tamilnadu,3314,KARUR,331403,ARAVAKURICHI,13,"Government Aided",5,"HSS (VI-XII)",6,M.Phil,6,None,0,0,0,0,0,0,0,0,0,0,0,0,1,0,0,0,0,0,1,1,0
2019-20,33,Tamilnadu,3314,KARUR,331401,KARUR,14,"Government Aided",5,"HSS (VI-XII)",1,"Below Secondary",3,"B.Ed. or equivalent",0,0,0,0,0,0,0,0,0,0,0,1,0,0,0,0,0,0,1,0,1
2019-20,33,Tamilnadu,3314,KARUR,331406,KADAVOOR,14,"Government Aided",5,"HSS (VI-XII)",1,"Below Secondary",5,Others,0,0,0,0,0,0,0,0,0,0,0,0,1,0,0,0,0,0,1,1,0
2019-20,33,Tamilnadu,3314,KARUR,331402,THANTHONI,14,"Government Aided",5,"HSS (VI-XII)",3,"Higher secondary",3,"B.Ed. or equivalent",0,0,0,0,0,0,0,0,1,1,0,0,0,0,0,0,0,0,2,1,1
2019-20,33,Tamilnadu,3314,KARUR,331402,THANTHONI,14,"Government Aided",7,"SS (VI-X)",3,"Higher secondary",3,"B.Ed. or equivalent",0,0,0,0,0,0,0,0,1,0,0,0,0,0,0,0,0,0,1,1,0
2019-20,33,Tamilnadu,3314,KARUR,331408,THOGAIMALAI,14,"Government Aided",2,"UPS (I-VIII)",4,Graduate,1,"Diploma or certificate in basic teachers training of a duration not less than two years",0,0,0,0,1,1,0,0,0,1,0,0,0,0,0,0,0,0,3,1,2
2019-20,33,Tamilnadu,3314,KARUR,331408,THOGAIMALAI,14,"Government Aided",2,"UPS (I-VIII)",4,Graduate,3,"B.Ed. or equivalent",0,0,0,0,0,0,0,0,1,2,0,0,0,0,0,0,0,0,3,1,2
2019-20,33,Tamilnadu,3314,KARUR,331401,KARUR,14,"Government Aided",5,"HSS (VI-XII)",4,Graduate,3,"B.Ed. or equivalent",0,0,0,0,0,0,0,0,0,3,0,1,0,0,0,0,0,0,4,0,4
2019-20,33,Tamilnadu,3314,KARUR,331402,THANTHONI,14,"Government Aided",5,"HSS (VI-XII)",4,Graduate,3,"B.Ed. or equivalent",0,0,0,0,0,0,0,0,0,0,1,0,0,0,0,0,0,0,1,1,0
2019-20,33,Tamilnadu,3314,KARUR,331406,KADAVOOR,14,"Government Aided",5,"HSS (VI-XII)",4,Graduate,3,"B.Ed. or equivalent",0,0,0,0,0,0,0,0,0,0,3,0,2,0,0,0,0,0,5,5,0
2019-20,33,Tamilnadu,3314,KARUR,331401,KARUR,14,"Government Aided",7,"SS (VI-X)",4,Graduate,3,"B.Ed. or equivalent",0,0,0,0,0,0,0,0,1,0,0,0,0,0,0,0,0,0,1,1,0
2019-20,33,Tamilnadu,3314,KARUR,331407,KULITHALAI,14,"Government Aided",7,"SS (VI-X)",4,Graduate,3,"B.Ed. or equivalent",0,0,0,0,0,0,0,0,0,1,0,0,0,0,0,0,0,0,1,0,1
2019-20,33,Tamilnadu,3314,KARUR,331408,THOGAIMALAI,14,"Government Aided",7,"SS (VI-X)",4,Graduate,3,"B.Ed. or equivalent",0,0,0,0,0,0,0,0,1,0,0,0,0,0,0,0,0,0,1,1,0
2019-20,33,Tamilnadu,3314,KARUR,331402,THANTHONI,14,"Government Aided",7,"SS (VI-X)",4,Graduate,5,Others,0,0,0,0,0,0,0,0,1,0,0,0,0,0,0,0,0,0,1,1,0
2019-20,33,Tamilnadu,3314,KARUR,331408,THOGAIMALAI,14,"Government Aided",2,"UPS (I-VIII)",5,"Post graduate",1,"Diploma or certificate in basic teachers training of a duration not less than two years",0,0,0,0,0,2,0,0,0,0,0,0,0,0,0,0,0,0,2,0,2
2019-20,33,Tamilnadu,3314,KARUR,331408,THOGAIMALAI,14,"Government Aided",2,"UPS (I-VIII)",5,"Post graduate",3,"B.Ed. or equivalent",0,0,0,0,0,0,0,0,0,1,0,0,0,0,0,0,0,0,1,0,1
2019-20,33,Tamilnadu,3314,KARUR,331401,KARUR,14,"Government Aided",5,"HSS (VI-XII)",5,"Post graduate",3,"B.Ed. or equivalent",0,0,0,0,0,0,0,0,0,0,0,1,1,1,0,0,3,8,14,4,10
2019-20,33,Tamilnadu,3314,KARUR,331402,THANTHONI,14,"Government Aided",5,"HSS (VI-XII)",5,"Post graduate",3,"B.Ed. or equivalent",0,0,0,0,0,0,0,0,0,1,0,3,0,0,0,0,0,0,4,0,4
2019-20,33,Tamilnadu,3314,KARUR,331406,KADAVOOR,14,"Government Aided",5,"HSS (VI-XII)",5,"Post graduate",3,"B.Ed. or equivalent",0,0,0,0,0,0,0,0,0,0,0,0,4,4,1,0,7,3,19,12,7
2019-20,33,Tamilnadu,3314,KARUR,331401,KARUR,14,"Government Aided",7,"SS (VI-X)",5,"Post graduate",3,"B.Ed. or equivalent",0,0,0,0,0,0,0,0,5,6,0,0,0,0,0,0,0,0,11,5,6
2019-20,33,Tamilnadu,3314,KARUR,331402,THANTHONI,14,"Government Aided",7,"SS (VI-X)",5,"Post graduate",3,"B.Ed. or equivalent",0,0,0,0,0,0,0,0,2,2,0,0,0,0,0,0,0,0,4,2,2
2019-20,33,Tamilnadu,3314,KARUR,331407,KULITHALAI,14,"Government Aided",7,"SS (VI-X)",5,"Post graduate",3,"B.Ed. or equivalent",0,0,0,0,0,0,0,0,4,1,1,0,0,0,0,0,0,0,6,5,1
2019-20,33,Tamilnadu,3314,KARUR,331401,KARUR,14,"Government Aided",5,"HSS (VI-XII)",5,"Post graduate",4,"M.Ed. or equivalent",0,0,0,0,0,0,0,0,0,0,0,0,0,2,0,0,0,1,3,0,3
2019-20,33,Tamilnadu,3314,KARUR,331402,THANTHONI,14,"Government Aided",5,"HSS (VI-XII)",5,"Post graduate",4,"M.Ed. or equivalent",0,0,0,0,0,0,0,0,0,0,0,0,1,0,0,0,0,0,1,1,0
2019-20,33,Tamilnadu,3314,KARUR,331406,KADAVOOR,14,"Government Aided",5,"HSS (VI-XII)",5,"Post graduate",4,"M.Ed. or equivalent",0,0,0,0,0,0,0,0,1,0,0,0,4,0,0,0,1,0,6,6,0
2019-20,33,Tamilnadu,3314,KARUR,331408,THOGAIMALAI,14,"Government Aided",7,"SS (VI-X)",5,"Post graduate",4,"M.Ed. or equivalent",0,0,0,0,0,0,0,0,1,0,0,0,0,0,0,0,0,0,1,1,0
2019-20,33,Tamilnadu,3314,KARUR,331401,KARUR,14,"Government Aided",5,"HSS (VI-XII)",6,M.Phil,3,"B.Ed. or equivalent",0,0,0,0,0,0,0,0,1,5,0,2,1,2,0,0,0,0,11,2,9
2019-20,33,Tamilnadu,3314,KARUR,331402,THANTHONI,14,"Government Aided",5,"HSS (VI-XII)",6,M.Phil,3,"B.Ed. or equivalent",0,0,0,0,0,0,0,0,0,0,2,1,0,0,0,0,0,0,3,2,1
2019-20,33,Tamilnadu,3314,KARUR,331402,THANTHONI,14,"Government Aided",7,"SS (VI-X)",6,M.Phil,3,"B.Ed. or equivalent",0,0,0,0,0,0,0,0,1,0,0,0,0,0,0,0,0,0,1,1,0
2019-20,33,Tamilnadu,3314,KARUR,331401,KARUR,14,"Government Aided",5,"HSS (VI-XII)",6,M.Phil,4,"M.Ed. or equivalent",0,0,0,0,0,0,0,0,0,2,0,0,0,0,0,0,0,0,2,0,2
2019-20,33,Tamilnadu,3314,KARUR,331408,THOGAIMALAI,14,"Government Aided",7,"SS (VI-X)",6,M.Phil,4,"M.Ed. or equivalent",0,0,0,0,0,0,0,0,2,0,0,0,0,0,0,0,0,0,2,2,0
2019-20,33,Tamilnadu,3314,KARUR,331401,KARUR,14,"Government Aided",5,"HSS (VI-XII)",6,M.Phil,5,Others,0,0,0,0,0,0,0,0,0,0,0,0,1,1,0,0,0,0,2,1,1
2019-20,33,Tamilnadu,3314,KARUR,331403,ARAVAKURICHI,19,"Government Aided",5,"HSS (VI-XII)",3,"Higher secondary",6,None,0,0,0,0,0,0,0,0,0,0,0,0,0,1,0,0,0,0,1,0,1
2019-20,33,Tamilnadu,3314,KARUR,331403,ARAVAKURICHI,19,"Government Aided",5,"HSS (VI-XII)",4,Graduate,3,"B.Ed. or equivalent",0,0,0,0,0,0,0,0,0,0,0,0,0,2,0,0,0,1,3,0,3
2019-20,33,Tamilnadu,3314,KARUR,331403,ARAVAKURICHI,19,"Government Aided",5,"HSS (VI-XII)",5,"Post graduate",3,"B.Ed. or equivalent",0,0,0,0,0,0,0,0,0,3,0,4,0,1,0,0,0,2,10,0,10
2019-20,33,Tamilnadu,3314,KARUR,331403,ARAVAKURICHI,19,"Government Aided",5,"HSS (VI-XII)",5,"Post graduate",4,"M.Ed. or equivalent",0,0,0,0,0,0,0,0,0,0,0,1,0,1,0,0,0,0,2,0,2
2019-20,33,Tamilnadu,3314,KARUR,331403,ARAVAKURICHI,19,"Government Aided",5,"HSS (VI-XII)",6,M.Phil,3,"B.Ed. or equivalent",0,0,0,0,0,0,0,0,0,2,0,4,0,0,0,0,0,4,10,0,10
2019-20,33,Tamilnadu,3314,KARUR,331403,ARAVAKURICHI,19,"Government Aided",5,"HSS (VI-XII)",6,M.Phil,4,"M.Ed. or equivalent",0,0,0,0,0,0,0,0,0,0,0,0,0,1,0,0,0,3,4,0,4
2019-20,33,Tamilnadu,3314,KARUR,331403,ARAVAKURICHI,19,"Government Aided",5,"HSS (VI-XII)",6,M.Phil,5,Others,0,0,0,0,0,0,0,0,0,0,0,1,2,0,0,0,0,0,3,2,1
2019-20,33,Tamilnadu,3314,KARUR,331401,KARUR,3,"Local body",1,"PS (I-V)",1,"Below Secondary",1,"Diploma or certificate in basic teachers training of a duration not less than two years",0,0,0,0,1,0,0,0,0,0,0,0,0,0,0,0,0,0,1,1,0
2019-20,33,Tamilnadu,3314,KARUR,331401,KARUR,3,"Local body",5,"HSS (VI-XII)",1,"Below Secondary",3,"B.Ed. or equivalent",0,0,0,0,0,0,0,0,0,0,0,0,1,0,0,0,0,0,1,1,0
2019-20,33,Tamilnadu,3314,KARUR,331401,KARUR,3,"Local body",1,"PS (I-V)",3,"Higher secondary",1,"Diploma or certificate in basic teachers training of a duration not less than two years",0,0,0,0,2,1,0,0,0,0,0,0,0,0,0,0,0,0,3,2,1
2019-20,33,Tamilnadu,3314,KARUR,331401,KARUR,3,"Local body",2,"UPS (I-VIII)",3,"Higher secondary",1,"Diploma or certificate in basic teachers training of a duration not less than two years",0,0,0,0,0,1,0,0,0,0,0,0,0,0,0,0,0,0,1,0,1
2019-20,33,Tamilnadu,3314,KARUR,331401,KARUR,3,"Local body",1,"PS (I-V)",4,Graduate,1,"Diploma or certificate in basic teachers training of a duration not less than two years",0,0,0,0,0,1,0,0,0,0,0,0,0,0,0,0,0,0,1,0,1
2019-20,33,Tamilnadu,3314,KARUR,331401,KARUR,3,"Local body",2,"UPS (I-VIII)",4,Graduate,1,"Diploma or certificate in basic teachers training of a duration not less than two years",0,0,0,0,0,2,0,0,0,0,0,0,0,0,0,0,0,0,2,0,2
2019-20,33,Tamilnadu,3314,KARUR,331401,KARUR,3,"Local body",2,"UPS (I-VIII)",4,Graduate,3,"B.Ed. or equivalent",0,0,0,0,0,0,1,0,1,1,0,0,0,0,0,0,0,0,3,2,1
2019-20,33,Tamilnadu,3314,KARUR,331401,KARUR,3,"Local body",5,"HSS (VI-XII)",4,Graduate,3,"B.Ed. or equivalent",0,0,0,0,0,0,0,0,1,0,0,1,1,0,0,0,0,1,4,2,2
2019-20,33,Tamilnadu,3314,KARUR,331401,KARUR,3,"Local body",7,"SS (VI-X)",4,Graduate,3,"B.Ed. or equivalent",0,0,0,0,0,0,0,0,0,0,0,1,0,0,0,0,0,0,1,0,1
2019-20,33,Tamilnadu,3314,KARUR,331401,KARUR,3,"Local body",7,"SS (VI-X)",4,Graduate,5,Others,0,0,0,0,0,0,0,0,0,0,0,1,0,0,0,0,0,0,1,0,1
2019-20,33,Tamilnadu,3314,KARUR,331401,KARUR,3,"Local body",1,"PS (I-V)",5,"Post graduate",1,"Diploma or certificate in basic teachers training of a duration not less than two years",0,0,0,0,1,5,0,0,0,0,0,0,0,0,0,0,0,0,6,1,5
2019-20,33,Tamilnadu,3314,KARUR,331401,KARUR,3,"Local body",2,"UPS (I-VIII)",5,"Post graduate",1,"Diploma or certificate in basic teachers training of a duration not less than two years",0,0,0,0,1,3,0,0,0,0,0,0,0,0,0,0,0,0,4,1,3
2019-20,33,Tamilnadu,3314,KARUR,331401,KARUR,3,"Local body",2,"UPS (I-VIII)",5,"Post graduate",3,"B.Ed. or equivalent",0,0,0,0,0,3,1,1,2,2,0,0,0,0,0,0,0,0,9,3,6
2019-20,33,Tamilnadu,3314,KARUR,331401,KARUR,3,"Local body",5,"HSS (VI-XII)",5,"Post graduate",3,"B.Ed. or equivalent",0,0,0,0,0,0,0,0,0,4,5,10,1,1,0,0,3,11,35,9,26
2019-20,33,Tamilnadu,3314,KARUR,331401,KARUR,3,"Local body",7,"SS (VI-X)",5,"Post graduate",3,"B.Ed. or equivalent",0,0,0,0,0,0,0,0,2,1,3,12,0,0,0,0,0,0,18,5,13
2019-20,33,Tamilnadu,3314,KARUR,331401,KARUR,3,"Local body",2,"UPS (I-VIII)",5,"Post graduate",4,"M.Ed. or equivalent",0,0,0,0,0,0,0,0,0,1,0,0,0,0,0,0,0,0,1,0,1
2019-20,33,Tamilnadu,3314,KARUR,331401,KARUR,3,"Local body",5,"HSS (VI-XII)",5,"Post graduate",4,"M.Ed. or equivalent",0,0,0,0,0,0,0,0,0,0,2,1,0,0,0,0,3,3,9,5,4
2019-20,33,Tamilnadu,3314,KARUR,331401,KARUR,3,"Local body",7,"SS (VI-X)",5,"Post graduate",4,"M.Ed. or equivalent",0,0,0,0,0,0,0,0,0,0,0,0,0,1,0,0,0,0,1,0,1
2019-20,33,Tamilnadu,3314,KARUR,331401,KARUR,3,"Local body",5,"HSS (VI-XII)",5,"Post graduate",5,Others,0,0,0,0,0,0,0,0,0,1,0,0,0,1,0,0,0,0,2,0,2
2019-20,33,Tamilnadu,3314,KARUR,331401,KARUR,3,"Local body",5,"HSS (VI-XII)",5,"Post graduate",6,None,0,0,0,0,0,0,0,0,0,0,0,0,0,0,0,0,1,0,1,1,0
2019-20,33,Tamilnadu,3314,KARUR,331401,KARUR,3,"Local body",7,"SS (VI-X)",5,"Post graduate",6,None,0,0,0,0,0,0,0,0,0,0,1,0,0,0,0,0,0,0,1,1,0
2019-20,33,Tamilnadu,3314,KARUR,331401,KARUR,3,"Local body",2,"UPS (I-VIII)",6,M.Phil,3,"B.Ed. or equivalent",0,0,0,0,0,1,0,0,2,1,0,0,0,0,0,0,0,0,4,2,2
2019-20,33,Tamilnadu,3314,KARUR,331401,KARUR,3,"Local body",5,"HSS (VI-XII)",6,M.Phil,3,"B.Ed. or equivalent",0,0,0,0,0,0,0,0,0,0,0,2,0,0,0,0,2,4,8,2,6
2019-20,33,Tamilnadu,3314,KARUR,331401,KARUR,3,"Local body",7,"SS (VI-X)",6,M.Phil,3,"B.Ed. or equivalent",0,0,0,0,0,0,0,0,0,0,1,3,0,0,0,0,0,0,4,1,3
2019-20,33,Tamilnadu,3314,KARUR,331401,KARUR,3,"Local body",5,"HSS (VI-XII)",6,M.Phil,4,"M.Ed. or equivalent",0,0,0,0,0,0,0,0,0,0,0,0,0,0,0,0,0,1,1,0,1
2019-20,33,Tamilnadu,3314,KARUR,331401,KARUR,3,"Local body",2,"UPS (I-VIII)",6,M.Phil,6,None,0,0,0,0,0,0,0,0,1,0,0,0,0,0,0,0,0,0,1,1,0
2019-20,33,Tamilnadu,3314,KARUR,331401,KARUR,3,"Local body",5,"HSS (VI-XII)",7,Ph.D,3,"B.Ed. or equivalent",0,0,0,0,0,0,0,0,0,0,0,0,0,0,0,0,0,1,1,0,1
2019-20,33,Tamilnadu,3314,KARUR,331401,KARUR,24,"Private Unaided (Recognized)",1,"PS (I-V)",4,Graduate,5,Others,2,3,0,1,1,9,0,0,0,0,0,0,0,0,0,0,0,0,16,3,13
2019-20,33,Tamilnadu,3314,KARUR,331402,THANTHONI,24,"Private Unaided (Recognized)",1,"PS (I-V)",4,Graduate,5,Others,0,2,0,0,0,7,0,0,0,0,0,0,0,0,0,0,0,0,9,0,9
2019-20,33,Tamilnadu,3314,KARUR,331403,ARAVAKURICHI,24,"Private Unaided (Recognized)",1,"PS (I-V)",4,Graduate,5,Others,0,0,0,0,0,5,0,0,0,0,0,0,0,0,0,0,0,0,5,0,5
2019-20,33,Tamilnadu,3314,KARUR,331405,KRISHNARAYAPURAM,24,"Private Unaided (Recognized)",1,"PS (I-V)",4,Graduate,5,Others,0,0,0,0,0,4,0,0,0,0,0,0,0,0,0,0,0,0,4,0,4
2019-20,33,Tamilnadu,3314,KARUR,331407,KULITHALAI,24,"Private Unaided (Recognized)",1,"PS (I-V)",4,Graduate,5,Others,0,0,0,0,1,5,0,0,0,0,0,0,0,0,0,0,0,0,6,1,5
2019-20,33,Tamilnadu,3314,KARUR,331408,THOGAIMALAI,24,"Private Unaided (Recognized)",1,"PS (I-V)",4,Graduate,5,Others,0,1,0,0,0,2,0,0,0,0,0,0,0,0,0,0,0,0,3,0,3
2019-20,33,Tamilnadu,3314,KARUR,331406,KADAVOOR,32,"Other Govt. managed schools",4,"UPS (VI-VIII)",3,"Higher secondary",5,Others,0,0,0,0,0,0,0,0,0,1,0,0,0,0,0,0,0,0,1,0,1
2019-20,33,Tamilnadu,3314,KARUR,331406,KADAVOOR,32,"Other Govt. managed schools",4,"UPS (VI-VIII)",4,Graduate,3,"B.Ed. or equivalent",0,0,0,0,0,0,0,0,0,3,0,0,0,0,0,0,0,0,3,0,3
2019-20,33,Tamilnadu,3314,KARUR,331406,KADAVOOR,32,"Other Govt. managed schools",4,"UPS (VI-VIII)",4,Graduate,5,Others,0,0,0,0,0,0,0,0,0,1,0,0,0,0,0,0,0,0,1,0,1
2019-20,33,Tamilnadu,3314,KARUR,331406,KADAVOOR,32,"Other Govt. managed schools",4,"UPS (VI-VIII)",5,"Post graduate",1,"Diploma or certificate in basic teachers training of a duration not less than two years",0,0,0,0,0,0,0,0,0,1,0,0,0,0,0,0,0,0,1,0,1
2019-20,33,Tamilnadu,3314,KARUR,331406,KADAVOOR,32,"Other Govt. managed schools",4,"UPS (VI-VIII)",5,"Post graduate",3,"B.Ed. or equivalent",0,0,0,0,0,0,0,0,0,2,0,0,0,0,0,0,0,0,2,0,2
2019-20,33,Tamilnadu,3314,KARUR,331406,KADAVOOR,32,"Other Govt. managed schools",4,"UPS (VI-VIII)",5,"Post graduate",5,Others,0,0,0,0,0,0,0,0,0,1,0,0,0,0,0,0,0,0,1,0,1
2019-20,33,Tamilnadu,3314,KARUR,331402,THANTHONI,22,"Private Unaided (Recognized)",5,"HSS (VI-XII)",1,"Below Secondary",3,"B.Ed. or equivalent",0,0,0,0,0,0,0,0,0,0,0,0,0,0,0,0,1,0,1,1,0
2019-20,33,Tamilnadu,3314,KARUR,331404,K.PARAMATHI,22,"Private Unaided (Recognized)",5,"HSS (VI-XII)",1,"Below Secondary",3,"B.Ed. or equivalent",0,0,0,0,0,0,0,0,0,0,0,1,0,0,0,0,0,0,1,0,1
2019-20,33,Tamilnadu,3314,KARUR,331408,THOGAIMALAI,22,"Private Unaided (Recognized)",7,"SS (VI-X)",1,"Below Secondary",3,"B.Ed. or equivalent",0,0,0,0,0,0,0,0,0,0,0,1,0,0,0,0,0,0,1,0,1
2019-20,33,Tamilnadu,3314,KARUR,331401,KARUR,22,"Private Unaided (Recognized)",5,"HSS (VI-XII)",1,"Below Secondary",5,Others,0,0,0,0,0,0,0,0,0,0,0,1,0,0,0,0,0,0,1,0,1
2019-20,33,Tamilnadu,3314,KARUR,331402,THANTHONI,22,"Private Unaided (Recognized)",5,"HSS (VI-XII)",3,"Higher secondary",3,"B.Ed. or equivalent",0,0,0,0,0,0,0,0,0,0,10,5,0,0,1,0,0,0,16,11,5
2019-20,33,Tamilnadu,3314,KARUR,331401,KARUR,22,"Private Unaided (Recognized)",1,"PS (I-V)",3,"Higher secondary",5,Others,0,0,0,0,0,3,0,0,0,0,0,0,0,0,0,0,0,0,3,0,3
2019-20,33,Tamilnadu,3314,KARUR,331406,KADAVOOR,22,"Private Unaided (Recognized)",5,"HSS (VI-XII)",3,"Higher secondary",5,Others,0,0,0,0,0,0,0,0,0,0,0,0,0,0,0,0,1,0,1,1,0
2019-20,33,Tamilnadu,3314,KARUR,331402,THANTHONI,22,"Private Unaided (Recognized)",5,"HSS (VI-XII)",3,"Higher secondary",6,None,0,0,0,0,0,0,0,0,0,0,1,0,0,0,0,0,0,0,1,1,0
2019-20,33,Tamilnadu,3314,KARUR,331406,KADAVOOR,22,"Private Unaided (Recognized)",5,"HSS (VI-XII)",4,Graduate,1,"Diploma or certificate in basic teachers training of a duration not less than two years",0,0,0,0,0,0,0,0,0,0,1,0,0,0,0,0,0,0,1,1,0
2019-20,33,Tamilnadu,3314,KARUR,331401,KARUR,22,"Private Unaided (Recognized)",1,"PS (I-V)",4,Graduate,3,"B.Ed. or equivalent",0,0,0,0,0,1,0,0,0,0,0,0,0,0,0,0,0,0,1,0,1
2019-20,33,Tamilnadu,3314,KARUR,331401,KARUR,22,"Private Unaided (Recognized)",5,"HSS (VI-XII)",4,Graduate,3,"B.Ed. or equivalent",0,0,0,0,0,0,0,0,0,0,0,1,0,0,1,4,0,1,7,1,6
2019-20,33,Tamilnadu,3314,KARUR,331402,THANTHONI,22,"Private Unaided (Recognized)",5,"HSS (VI-XII)",4,Graduate,3,"B.Ed. or equivalent",0,0,0,0,0,0,0,0,1,8,9,6,2,1,4,1,0,0,32,16,16
2019-20,33,Tamilnadu,3314,KARUR,331404,K.PARAMATHI,22,"Private Unaided (Recognized)",5,"HSS (VI-XII)",4,Graduate,3,"B.Ed. or equivalent",0,0,0,0,0,0,0,0,0,0,0,1,0,0,0,0,0,0,1,0,1
2019-20,33,Tamilnadu,3314,KARUR,331405,KRISHNARAYAPURAM,22,"Private Unaided (Recognized)",5,"HSS (VI-XII)",4,Graduate,3,"B.Ed. or equivalent",0,0,0,0,0,0,0,0,0,0,0,0,0,2,0,0,0,0,2,0,2
2019-20,33,Tamilnadu,3314,KARUR,331406,KADAVOOR,22,"Private Unaided (Recognized)",5,"HSS (VI-XII)",4,Graduate,3,"B.Ed. or equivalent",0,0,0,0,0,0,0,0,0,0,2,0,0,2,0,0,0,0,4,2,2
2019-20,33,Tamilnadu,3314,KARUR,331404,K.PARAMATHI,22,"Private Unaided (Recognized)",7,"SS (VI-X)",4,Graduate,3,"B.Ed. or equivalent",0,0,0,0,0,0,0,0,0,0,0,3,0,0,0,0,0,0,3,0,3
2019-20,33,Tamilnadu,3314,KARUR,331407,KULITHALAI,22,"Private Unaided (Recognized)",7,"SS (VI-X)",4,Graduate,3,"B.Ed. or equivalent",0,0,0,0,0,0,0,0,0,0,1,2,1,1,0,0,0,0,5,2,3
2019-20,33,Tamilnadu,3314,KARUR,331408,THOGAIMALAI,22,"Private Unaided (Recognized)",7,"SS (VI-X)",4,Graduate,3,"B.Ed. or equivalent",0,0,0,0,0,0,0,0,0,0,0,5,0,0,0,0,0,0,5,0,5
2019-20,33,Tamilnadu,3314,KARUR,331401,KARUR,22,"Private Unaided (Recognized)",1,"PS (I-V)",4,Graduate,5,Others,0,0,0,0,0,1,0,0,0,0,0,0,0,0,0,0,0,0,1,0,1
2019-20,33,Tamilnadu,3314,KARUR,331404,K.PARAMATHI,22,"Private Unaided (Recognized)",5,"HSS (VI-XII)",4,Graduate,5,Others,0,0,0,0,0,0,0,0,0,0,0,0,0,0,0,0,1,0,1,1,0
2019-20,33,Tamilnadu,3314,KARUR,331406,KADAVOOR,22,"Private Unaided (Recognized)",5,"HSS (VI-XII)",4,Graduate,5,Others,0,0,0,0,0,0,0,0,0,1,0,0,0,1,0,0,0,0,2,0,2
2019-20,33,Tamilnadu,3314,KARUR,331402,THANTHONI,22,"Private Unaided (Recognized)",5,"HSS (VI-XII)",4,Graduate,6,None,0,0,0,0,0,0,0,0,0,0,1,0,0,0,0,0,0,0,1,1,0
2019-20,33,Tamilnadu,3314,KARUR,331406,KADAVOOR,22,"Private Unaided (Recognized)",5,"HSS (VI-XII)",5,"Post graduate",1,"Diploma or certificate in basic teachers training of a duration not less than two years",0,0,0,0,0,0,0,0,0,0,0,0,0,0,0,1,0,0,1,0,1
2019-20,33,Tamilnadu,3314,KARUR,331407,KULITHALAI,22,"Private Unaided (Recognized)",7,"SS (VI-X)",5,"Post graduate",1,"Diploma or certificate in basic teachers training of a duration not less than two years",0,0,0,0,0,0,0,0,0,0,0,0,1,0,0,0,0,0,1,1,0
2019-20,33,Tamilnadu,3314,KARUR,331401,KARUR,22,"Private Unaided (Recognized)",1,"PS (I-V)",5,"Post graduate",3,"B.Ed. or equivalent",0,0,0,0,0,1,0,0,0,0,0,0,0,0,0,0,0,0,1,0,1
2019-20,33,Tamilnadu,3314,KARUR,331401,KARUR,22,"Private Unaided (Recognized)",5,"HSS (VI-XII)",5,"Post graduate",3,"B.Ed. or equivalent",0,0,0,0,0,0,0,0,0,0,0,0,0,2,13,9,4,4,32,17,15
2019-20,33,Tamilnadu,3314,KARUR,331402,THANTHONI,22,"Private Unaided (Recognized)",5,"HSS (VI-XII)",5,"Post graduate",3,"B.Ed. or equivalent",0,0,0,0,0,0,0,0,3,7,19,12,7,14,9,3,17,11,102,55,47
2019-20,33,Tamilnadu,3314,KARUR,331404,K.PARAMATHI,22,"Private Unaided (Recognized)",5,"HSS (VI-XII)",5,"Post graduate",3,"B.Ed. or equivalent",0,0,0,0,0,0,0,0,0,0,0,2,1,1,0,0,6,1,11,7,4
2019-20,33,Tamilnadu,3314,KARUR,331405,KRISHNARAYAPURAM,22,"Private Unaided (Recognized)",5,"HSS (VI-XII)",5,"Post graduate",3,"B.Ed. or equivalent",0,0,0,0,0,0,0,0,0,0,0,1,0,2,8,3,1,1,16,9,7
2019-20,33,Tamilnadu,3314,KARUR,331406,KADAVOOR,22,"Private Unaided (Recognized)",5,"HSS (VI-XII)",5,"Post graduate",3,"B.Ed. or equivalent",0,0,0,0,0,0,0,0,0,0,6,2,2,2,2,1,0,1,16,10,6
2019-20,33,Tamilnadu,3314,KARUR,331404,K.PARAMATHI,22,"Private Unaided (Recognized)",7,"SS (VI-X)",5,"Post graduate",3,"B.Ed. or equivalent",0,0,0,0,0,0,0,0,0,2,1,3,0,1,0,0,0,0,7,1,6
2019-20,33,Tamilnadu,3314,KARUR,331407,KULITHALAI,22,"Private Unaided (Recognized)",7,"SS (VI-X)",5,"Post graduate",3,"B.Ed. or equivalent",0,0,0,0,0,0,0,0,0,0,2,1,1,1,0,0,0,0,5,3,2
2019-20,33,Tamilnadu,3314,KARUR,331408,THOGAIMALAI,22,"Private Unaided (Recognized)",7,"SS (VI-X)",5,"Post graduate",3,"B.Ed. or equivalent",0,0,0,0,0,0,0,0,0,0,2,1,0,0,0,0,0,0,3,2,1
2019-20,33,Tamilnadu,3314,KARUR,331401,KARUR,22,"Private Unaided (Recognized)",5,"HSS (VI-XII)",5,"Post graduate",4,"M.Ed. or equivalent",0,0,0,0,0,0,0,0,0,0,0,0,0,0,0,1,0,0,1,0,1
2019-20,33,Tamilnadu,3314,KARUR,331402,THANTHONI,22,"Private Unaided (Recognized)",5,"HSS (VI-XII)",5,"Post graduate",4,"M.Ed. or equivalent",0,0,0,0,0,0,0,0,0,0,4,2,0,1,0,0,5,0,12,9,3
2019-20,33,Tamilnadu,3314,KARUR,331404,K.PARAMATHI,22,"Private Unaided (Recognized)",5,"HSS (VI-XII)",5,"Post graduate",4,"M.Ed. or equivalent",0,0,0,0,0,0,0,0,0,0,0,1,1,0,0,0,2,0,4,3,1
2019-20,33,Tamilnadu,3314,KARUR,331406,KADAVOOR,22,"Private Unaided (Recognized)",5,"HSS (VI-XII)",5,"Post graduate",4,"M.Ed. or equivalent",0,0,0,0,0,0,0,0,0,0,3,0,0,0,0,0,0,0,3,3,0
2019-20,33,Tamilnadu,3314,KARUR,331407,KULITHALAI,22,"Private Unaided (Recognized)",7,"SS (VI-X)",5,"Post graduate",4,"M.Ed. or equivalent",0,0,0,0,0,0,0,0,2,0,1,1,1,0,0,0,0,0,5,4,1
2019-20,33,Tamilnadu,3314,KARUR,331405,KRISHNARAYAPURAM,22,"Private Unaided (Recognized)",5,"HSS (VI-XII)",5,"Post graduate",5,Others,0,0,0,0,0,0,0,0,0,0,0,0,0,0,0,1,0,0,1,0,1
2019-20,33,Tamilnadu,3314,KARUR,331406,KADAVOOR,22,"Private Unaided (Recognized)",5,"HSS (VI-XII)",5,"Post graduate",5,Others,0,0,0,0,0,0,0,0,0,0,0,1,0,0,0,0,0,0,1,0,1
2019-20,33,Tamilnadu,3314,KARUR,331408,THOGAIMALAI,22,"Private Unaided (Recognized)",7,"SS (VI-X)",5,"Post graduate",6,None,0,0,0,0,0,0,0,0,0,0,0,1,0,0,0,0,0,0,1,0,1
2019-20,33,Tamilnadu,3314,KARUR,331401,KARUR,22,"Private Unaided (Recognized)",5,"HSS (VI-XII)",6,M.Phil,3,"B.Ed. or equivalent",0,0,0,0,0,0,0,0,0,0,0,0,0,0,2,1,1,0,4,3,1
2019-20,33,Tamilnadu,3314,KARUR,331402,THANTHONI,22,"Private Unaided (Recognized)",5,"HSS (VI-XII)",6,M.Phil,3,"B.Ed. or equivalent",0,0,0,0,0,0,0,0,0,0,5,1,1,1,2,0,5,4,19,13,6
2019-20,33,Tamilnadu,3314,KARUR,331405,KRISHNARAYAPURAM,22,"Private Unaided (Recognized)",5,"HSS (VI-XII)",6,M.Phil,3,"B.Ed. or equivalent",0,0,0,0,0,0,0,0,0,0,0,0,1,0,2,1,0,0,4,3,1
2019-20,33,Tamilnadu,3314,KARUR,331406,KADAVOOR,22,"Private Unaided (Recognized)",5,"HSS (VI-XII)",6,M.Phil,3,"B.Ed. or equivalent",0,0,0,0,0,0,0,0,0,0,0,0,0,0,1,0,2,0,3,3,0
2019-20,33,Tamilnadu,3314,KARUR,331407,KULITHALAI,22,"Private Unaided (Recognized)",7,"SS (VI-X)",6,M.Phil,3,"B.Ed. or equivalent",0,0,0,0,0,0,0,0,0,0,1,0,0,0,0,0,0,0,1,1,0
2019-20,33,Tamilnadu,3314,KARUR,331401,KARUR,22,"Private Unaided (Recognized)",5,"HSS (VI-XII)",6,M.Phil,4,"M.Ed. or equivalent",0,0,0,0,0,0,0,0,0,0,0,0,0,0,1,0,0,0,1,1,0
2019-20,33,Tamilnadu,3314,KARUR,331407,KULITHALAI,22,"Private Unaided (Recognized)",7,"SS (VI-X)",6,M.Phil,4,"M.Ed. or equivalent",0,0,0,0,0,0,0,0,0,0,1,0,0,0,0,0,0,0,1,1,0
2019-20,33,Tamilnadu,3314,KARUR,331401,KARUR,22,"Private Unaided (Recognized)",5,"HSS (VI-XII)",7,Ph.D,3,"B.Ed. or equivalent",0,0,0,0,0,0,0,0,0,0,0,0,0,0,2,1,1,0,4,3,1
2019-20,33,Tamilnadu,3314,KARUR,331406,KADAVOOR,23,"Private Unaided (Recognized)",6,"SS (I-X)",4,Graduate,1,"Diploma or certificate in basic teachers training of a duration not less than two years",0,0,0,0,0,3,0,0,0,3,0,0,0,1,0,0,0,0,7,0,7
2019-20,33,Tamilnadu,3314,KARUR,331401,KARUR,22,"Private Unaided (Recognized)",5,"HSS (VI-XII)",8,"Post Doctoral",3,"B.Ed. or equivalent",0,0,0,0,0,0,0,0,0,0,0,0,0,0,0,0,0,1,1,0,1
2019-20,33,Tamilnadu,3314,KARUR,331401,KARUR,23,"Private Unaided (Recognized)",3,"HSS (I-XII)",1,"Below Secondary",1,"Diploma or certificate in basic teachers training of a duration not less than two years",0,0,0,0,0,0,0,1,0,0,0,0,0,0,0,0,0,0,1,0,1
2019-20,33,Tamilnadu,3314,KARUR,331402,THANTHONI,23,"Private Unaided (Recognized)",3,"HSS (I-XII)",1,"Below Secondary",1,"Diploma or certificate in basic teachers training of a duration not less than two years",0,0,0,0,0,0,0,0,0,1,0,0,0,0,0,0,0,0,1,0,1
2019-20,33,Tamilnadu,3314,KARUR,331405,KRISHNARAYAPURAM,23,"Private Unaided (Recognized)",3,"HSS (I-XII)",1,"Below Secondary",1,"Diploma or certificate in basic teachers training of a duration not less than two years",0,0,0,0,0,1,0,0,0,0,0,0,0,0,0,0,0,0,1,0,1
2019-20,33,Tamilnadu,3314,KARUR,331406,KADAVOOR,23,"Private Unaided (Recognized)",6,"SS (I-X)",1,"Below Secondary",1,"Diploma or certificate in basic teachers training of a duration not less than two years",0,0,0,0,0,1,0,0,0,0,0,0,0,0,0,0,0,0,1,0,1
2019-20,33,Tamilnadu,3314,KARUR,331402,THANTHONI,23,"Private Unaided (Recognized)",3,"HSS (I-XII)",1,"Below Secondary",3,"B.Ed. or equivalent",0,0,0,0,0,0,0,0,0,0,1,0,0,0,0,0,0,0,1,1,0
2019-20,33,Tamilnadu,3314,KARUR,331401,KARUR,23,"Private Unaided (Recognized)",3,"HSS (I-XII)",1,"Below Secondary",5,Others,0,1,0,0,1,0,0,0,0,0,0,0,0,0,0,0,0,0,2,1,1
2019-20,33,Tamilnadu,3314,KARUR,331402,THANTHONI,23,"Private Unaided (Recognized)",3,"HSS (I-XII)",1,"Below Secondary",5,Others,0,0,0,0,0,0,0,1,0,0,0,0,0,0,0,0,0,0,1,0,1
2019-20,33,Tamilnadu,3314,KARUR,331404,K.PARAMATHI,23,"Private Unaided (Recognized)",3,"HSS (I-XII)",1,"Below Secondary",5,Others,0,0,0,0,0,0,0,1,0,0,1,0,0,0,0,0,0,0,2,1,1
2019-20,33,Tamilnadu,3314,KARUR,331404,K.PARAMATHI,23,"Private Unaided (Recognized)",3,"HSS (I-XII)",1,"Below Secondary",6,None,0,1,0,0,0,0,0,0,0,0,0,0,0,0,0,0,0,0,1,0,1
2019-20,33,Tamilnadu,3314,KARUR,331406,KADAVOOR,23,"Private Unaided (Recognized)",6,"SS (I-X)",1,"Below Secondary",6,None,0,0,0,0,0,0,0,0,0,0,0,0,0,1,0,0,0,0,1,0,1
2019-20,33,Tamilnadu,3314,KARUR,331402,THANTHONI,23,"Private Unaided (Recognized)",2,"UPS (I-VIII)",3,"Higher secondary",1,"Diploma or certificate in basic teachers training of a duration not less than two years",0,0,0,0,1,0,0,0,0,0,0,0,0,0,0,0,0,0,1,1,0
2019-20,33,Tamilnadu,3314,KARUR,331406,KADAVOOR,23,"Private Unaided (Recognized)",2,"UPS (I-VIII)",3,"Higher secondary",1,"Diploma or certificate in basic teachers training of a duration not less than two years",0,0,0,0,0,1,0,0,0,0,0,0,0,0,0,0,0,0,1,0,1
2019-20,33,Tamilnadu,3314,KARUR,331401,KARUR,23,"Private Unaided (Recognized)",3,"HSS (I-XII)",3,"Higher secondary",1,"Diploma or certificate in basic teachers training of a duration not less than two years",0,1,0,0,0,1,0,0,0,2,0,0,0,0,0,0,0,0,4,0,4
2019-20,33,Tamilnadu,3314,KARUR,331403,ARAVAKURICHI,23,"Private Unaided (Recognized)",3,"HSS (I-XII)",3,"Higher secondary",1,"Diploma or certificate in basic teachers training of a duration not less than two years",0,2,0,0,0,1,0,0,0,0,0,0,0,3,0,0,0,0,6,0,6
2019-20,33,Tamilnadu,3314,KARUR,331404,K.PARAMATHI,23,"Private Unaided (Recognized)",3,"HSS (I-XII)",3,"Higher secondary",1,"Diploma or certificate in basic teachers training of a duration not less than two years",0,0,0,0,0,3,0,1,0,0,0,0,0,0,0,0,0,0,4,0,4
2019-20,33,Tamilnadu,3314,KARUR,331405,KRISHNARAYAPURAM,23,"Private Unaided (Recognized)",3,"HSS (I-XII)",3,"Higher secondary",1,"Diploma or certificate in basic teachers training of a duration not less than two years",0,0,0,0,0,4,0,0,0,0,0,0,0,0,0,0,0,0,4,0,4
2019-20,33,Tamilnadu,3314,KARUR,331407,KULITHALAI,23,"Private Unaided (Recognized)",3,"HSS (I-XII)",3,"Higher secondary",1,"Diploma or certificate in basic teachers training of a duration not less than two years",0,1,0,1,0,1,0,0,0,0,0,0,0,0,0,0,0,0,3,0,3
2019-20,33,Tamilnadu,3314,KARUR,331401,KARUR,23,"Private Unaided (Recognized)",6,"SS (I-X)",3,"Higher secondary",1,"Diploma or certificate in basic teachers training of a duration not less than two years",0,0,0,0,0,0,0,1,0,0,0,0,0,0,0,0,0,0,1,0,1
2019-20,33,Tamilnadu,3314,KARUR,331403,ARAVAKURICHI,23,"Private Unaided (Recognized)",6,"SS (I-X)",3,"Higher secondary",1,"Diploma or certificate in basic teachers training of a duration not less than two years",0,0,0,0,0,3,0,0,0,0,0,0,0,0,0,0,0,0,3,0,3
2019-20,33,Tamilnadu,3314,KARUR,331406,KADAVOOR,23,"Private Unaided (Recognized)",6,"SS (I-X)",3,"Higher secondary",1,"Diploma or certificate in basic teachers training of a duration not less than two years",0,0,0,0,0,1,0,1,0,0,0,0,0,0,0,0,0,0,2,0,2
2019-20,33,Tamilnadu,3314,KARUR,331407,KULITHALAI,23,"Private Unaided (Recognized)",6,"SS (I-X)",3,"Higher secondary",1,"Diploma or certificate in basic teachers training of a duration not less than two years",0,0,0,0,0,1,0,0,0,0,0,0,1,1,0,0,0,0,3,1,2
2019-20,33,Tamilnadu,3314,KARUR,331401,KARUR,23,"Private Unaided (Recognized)",3,"HSS (I-XII)",3,"Higher secondary",3,"B.Ed. or equivalent",0,0,0,0,0,1,0,1,0,2,0,0,0,3,0,0,0,0,7,0,7
2019-20,33,Tamilnadu,3314,KARUR,331408,THOGAIMALAI,23,"Private Unaided (Recognized)",3,"HSS (I-XII)",3,"Higher secondary",3,"B.Ed. or equivalent",0,0,0,0,0,0,1,0,0,0,0,0,0,0,0,0,0,0,1,1,0
2019-20,33,Tamilnadu,3314,KARUR,331403,ARAVAKURICHI,23,"Private Unaided (Recognized)",6,"SS (I-X)",3,"Higher secondary",3,"B.Ed. or equivalent",0,0,0,0,0,1,0,0,0,0,0,0,0,0,0,0,0,0,1,0,1
2019-20,33,Tamilnadu,3314,KARUR,331401,KARUR,23,"Private Unaided (Recognized)",3,"HSS (I-XII)",3,"Higher secondary",4,"M.Ed. or equivalent",0,0,0,0,0,0,0,0,0,0,0,0,0,0,0,1,0,0,1,0,1
2019-20,33,Tamilnadu,3314,KARUR,331401,KARUR,23,"Private Unaided (Recognized)",3,"HSS (I-XII)",3,"Higher secondary",5,Others,0,1,0,0,0,0,0,0,0,0,0,1,0,0,0,0,0,0,2,0,2
2019-20,33,Tamilnadu,3314,KARUR,331403,ARAVAKURICHI,23,"Private Unaided (Recognized)",3,"HSS (I-XII)",3,"Higher secondary",5,Others,0,1,0,0,0,0,0,0,0,0,0,0,0,0,0,0,0,0,1,0,1
2019-20,33,Tamilnadu,3314,KARUR,331404,K.PARAMATHI,23,"Private Unaided (Recognized)",3,"HSS (I-XII)",3,"Higher secondary",5,Others,0,1,0,0,0,0,0,0,0,0,0,0,0,0,0,0,0,0,1,0,1
2019-20,33,Tamilnadu,3314,KARUR,331402,THANTHONI,23,"Private Unaided (Recognized)",6,"SS (I-X)",3,"Higher secondary",5,Others,0,0,0,0,0,0,1,0,0,0,0,0,0,0,0,0,0,0,1,1,0
2019-20,33,Tamilnadu,3314,KARUR,331403,ARAVAKURICHI,23,"Private Unaided (Recognized)",6,"SS (I-X)",3,"Higher secondary",5,Others,0,0,0,0,0,0,0,0,0,0,0,0,0,1,0,0,0,0,1,0,1
2019-20,33,Tamilnadu,3314,KARUR,331406,KADAVOOR,23,"Private Unaided (Recognized)",2,"UPS (I-VIII)",4,Graduate,1,"Diploma or certificate in basic teachers training of a duration not less than two years",0,0,0,0,0,1,0,0,0,0,0,0,0,0,0,0,0,0,1,0,1
2019-20,33,Tamilnadu,3314,KARUR,331406,KADAVOOR,23,"Private Unaided (Recognized)",6,"SS (I-X)",6,M.Phil,3,"B.Ed. or equivalent",0,0,0,0,0,0,0,0,0,0,2,1,0,0,0,0,0,0,3,2,1
2019-20,33,Tamilnadu,3314,KARUR,331401,KARUR,23,"Private Unaided (Recognized)",3,"HSS (I-XII)",4,Graduate,1,"Diploma or certificate in basic teachers training of a duration not less than two years",0,2,0,0,0,5,0,9,0,1,0,1,0,0,0,0,0,0,18,0,18
2019-20,33,Tamilnadu,3314,KARUR,331402,THANTHONI,23,"Private Unaided (Recognized)",3,"HSS (I-XII)",4,Graduate,1,"Diploma or certificate in basic teachers training of a duration not less than two years",0,0,0,0,0,6,0,2,0,0,0,0,0,1,0,0,0,0,9,0,9
2019-20,33,Tamilnadu,3314,KARUR,331403,ARAVAKURICHI,23,"Private Unaided (Recognized)",3,"HSS (I-XII)",4,Graduate,1,"Diploma or certificate in basic teachers training of a duration not less than two years",0,2,0,0,0,1,0,3,0,0,0,0,0,0,0,0,0,0,6,0,6
2019-20,33,Tamilnadu,3314,KARUR,331404,K.PARAMATHI,23,"Private Unaided (Recognized)",3,"HSS (I-XII)",4,Graduate,1,"Diploma or certificate in basic teachers training of a duration not less than two years",0,1,0,0,0,0,0,0,0,1,0,0,0,0,0,0,0,0,2,0,2
2019-20,33,Tamilnadu,3314,KARUR,331405,KRISHNARAYAPURAM,23,"Private Unaided (Recognized)",3,"HSS (I-XII)",4,Graduate,1,"Diploma or certificate in basic teachers training of a duration not less than two years",0,0,0,0,0,1,0,0,0,0,0,0,0,0,0,0,0,0,1,0,1
2019-20,33,Tamilnadu,3314,KARUR,331407,KULITHALAI,23,"Private Unaided (Recognized)",3,"HSS (I-XII)",4,Graduate,1,"Diploma or certificate in basic teachers training of a duration not less than two years",0,1,0,4,0,4,0,2,0,0,0,0,0,0,0,0,0,0,11,0,11
2019-20,33,Tamilnadu,3314,KARUR,331408,THOGAIMALAI,23,"Private Unaided (Recognized)",3,"HSS (I-XII)",4,Graduate,1,"Diploma or certificate in basic teachers training of a duration not less than two years",0,0,0,0,0,0,0,4,0,0,0,0,0,0,0,0,0,0,4,0,4
2019-20,33,Tamilnadu,3314,KARUR,331401,KARUR,23,"Private Unaided (Recognized)",6,"SS (I-X)",4,Graduate,1,"Diploma or certificate in basic teachers training of a duration not less than two years",0,0,0,0,0,2,1,0,0,0,0,0,0,0,0,0,0,0,3,1,2
2019-20,33,Tamilnadu,3314,KARUR,331402,THANTHONI,23,"Private Unaided (Recognized)",6,"SS (I-X)",4,Graduate,1,"Diploma or certificate in basic teachers training of a duration not less than two years",0,0,0,0,0,1,0,0,0,0,0,1,0,2,0,0,0,0,4,0,4
2019-20,33,Tamilnadu,3314,KARUR,331403,ARAVAKURICHI,23,"Private Unaided (Recognized)",6,"SS (I-X)",4,Graduate,1,"Diploma or certificate in basic teachers training of a duration not less than two years",0,0,0,0,0,2,0,0,1,0,0,0,0,0,0,0,0,0,3,1,2
2019-20,33,Tamilnadu,3314,KARUR,331405,KRISHNARAYAPURAM,23,"Private Unaided (Recognized)",6,"SS (I-X)",4,Graduate,1,"Diploma or certificate in basic teachers training of a duration not less than two years",0,0,0,0,0,2,0,1,0,0,0,0,0,1,0,0,0,0,4,0,4
2019-20,33,Tamilnadu,3314,KARUR,331407,KULITHALAI,23,"Private Unaided (Recognized)",6,"SS (I-X)",4,Graduate,1,"Diploma or certificate in basic teachers training of a duration not less than two years",0,0,0,0,0,2,0,0,0,0,0,0,0,2,0,0,0,0,4,0,4
2019-20,33,Tamilnadu,3314,KARUR,331408,THOGAIMALAI,23,"Private Unaided (Recognized)",6,"SS (I-X)",4,Graduate,1,"Diploma or certificate in basic teachers training of a duration not less than two years",0,0,0,0,0,0,0,0,0,0,0,0,0,1,0,0,0,0,1,0,1
2019-20,33,Tamilnadu,3314,KARUR,331401,KARUR,23,"Private Unaided (Recognized)",2,"UPS (I-VIII)",4,Graduate,3,"B.Ed. or equivalent",0,0,0,0,0,0,0,2,0,1,0,0,0,0,0,0,0,0,3,0,3
2019-20,33,Tamilnadu,3314,KARUR,331402,THANTHONI,23,"Private Unaided (Recognized)",2,"UPS (I-VIII)",4,Graduate,3,"B.Ed. or equivalent",0,0,0,0,1,4,0,0,0,1,0,0,0,0,0,0,0,0,6,1,5
2019-20,33,Tamilnadu,3314,KARUR,331406,KADAVOOR,23,"Private Unaided (Recognized)",2,"UPS (I-VIII)",4,Graduate,3,"B.Ed. or equivalent",0,0,0,0,0,2,0,1,1,2,0,0,0,0,0,0,0,0,6,1,5
2019-20,33,Tamilnadu,3314,KARUR,331401,KARUR,23,"Private Unaided (Recognized)",3,"HSS (I-XII)",4,Graduate,3,"B.Ed. or equivalent",0,3,0,0,8,39,4,25,1,13,1,5,6,16,3,5,2,2,133,25,108
2019-20,33,Tamilnadu,3314,KARUR,331402,THANTHONI,23,"Private Unaided (Recognized)",3,"HSS (I-XII)",4,Graduate,3,"B.Ed. or equivalent",0,4,0,2,0,19,0,15,1,1,1,1,0,4,1,1,1,0,51,4,47
2019-20,33,Tamilnadu,3314,KARUR,331403,ARAVAKURICHI,23,"Private Unaided (Recognized)",3,"HSS (I-XII)",4,Graduate,3,"B.Ed. or equivalent",0,0,0,0,0,5,0,3,0,2,0,2,0,4,0,0,0,0,16,0,16
2019-20,33,Tamilnadu,3314,KARUR,331404,K.PARAMATHI,23,"Private Unaided (Recognized)",3,"HSS (I-XII)",4,Graduate,3,"B.Ed. or equivalent",0,0,0,0,1,15,2,3,1,0,0,6,3,0,0,0,0,0,31,7,24
2019-20,33,Tamilnadu,3314,KARUR,331405,KRISHNARAYAPURAM,23,"Private Unaided (Recognized)",3,"HSS (I-XII)",4,Graduate,3,"B.Ed. or equivalent",0,0,0,0,0,3,0,0,0,0,0,0,0,1,0,0,0,1,5,0,5
2019-20,33,Tamilnadu,3314,KARUR,331407,KULITHALAI,23,"Private Unaided (Recognized)",3,"HSS (I-XII)",4,Graduate,3,"B.Ed. or equivalent",0,0,0,0,0,8,1,4,0,3,0,0,1,2,1,1,0,0,21,3,18
2019-20,33,Tamilnadu,3314,KARUR,331408,THOGAIMALAI,23,"Private Unaided (Recognized)",3,"HSS (I-XII)",4,Graduate,3,"B.Ed. or equivalent",0,0,0,0,0,0,0,7,0,0,0,0,0,0,0,0,0,0,7,0,7
2019-20,33,Tamilnadu,3314,KARUR,331401,KARUR,23,"Private Unaided (Recognized)",5,"HSS (VI-XII)",4,Graduate,3,"B.Ed. or equivalent",0,0,0,0,0,0,0,0,0,0,1,3,0,0,0,0,0,0,4,1,3
2019-20,33,Tamilnadu,3314,KARUR,331401,KARUR,23,"Private Unaided (Recognized)",6,"SS (I-X)",4,Graduate,3,"B.Ed. or equivalent",0,0,0,0,0,17,0,7,0,11,2,3,7,9,0,0,0,0,56,9,47
2019-20,33,Tamilnadu,3314,KARUR,331402,THANTHONI,23,"Private Unaided (Recognized)",6,"SS (I-X)",4,Graduate,3,"B.Ed. or equivalent",0,0,0,0,0,7,0,2,0,0,2,5,3,8,0,0,0,0,27,5,22
2019-20,33,Tamilnadu,3314,KARUR,331403,ARAVAKURICHI,23,"Private Unaided (Recognized)",6,"SS (I-X)",4,Graduate,3,"B.Ed. or equivalent",0,0,0,0,1,13,0,2,0,6,0,1,2,2,0,0,0,0,27,3,24
2019-20,33,Tamilnadu,3314,KARUR,331405,KRISHNARAYAPURAM,23,"Private Unaided (Recognized)",6,"SS (I-X)",4,Graduate,3,"B.Ed. or equivalent",0,0,0,0,0,0,2,7,0,0,0,0,1,1,0,0,0,0,11,3,8
2019-20,33,Tamilnadu,3314,KARUR,331406,KADAVOOR,23,"Private Unaided (Recognized)",6,"SS (I-X)",4,Graduate,3,"B.Ed. or equivalent",0,0,0,0,0,15,0,4,2,5,1,0,3,1,0,0,0,0,31,6,25
2019-20,33,Tamilnadu,3314,KARUR,331407,KULITHALAI,23,"Private Unaided (Recognized)",6,"SS (I-X)",4,Graduate,3,"B.Ed. or equivalent",0,0,0,0,0,0,0,0,0,1,0,1,0,5,0,0,0,0,7,0,7
2019-20,33,Tamilnadu,3314,KARUR,331408,THOGAIMALAI,23,"Private Unaided (Recognized)",6,"SS (I-X)",4,Graduate,3,"B.Ed. or equivalent",0,0,0,0,0,0,0,0,0,0,0,0,1,4,0,0,0,0,5,1,4
2019-20,33,Tamilnadu,3314,KARUR,331401,KARUR,23,"Private Unaided (Recognized)",3,"HSS (I-XII)",4,Graduate,4,"M.Ed. or equivalent",0,0,0,0,0,2,0,0,0,0,0,0,0,0,0,0,0,0,2,0,2
2019-20,33,Tamilnadu,3314,KARUR,331402,THANTHONI,23,"Private Unaided (Recognized)",3,"HSS (I-XII)",4,Graduate,4,"M.Ed. or equivalent",0,0,0,0,0,1,0,0,0,0,0,0,0,0,0,0,0,0,1,0,1
2019-20,33,Tamilnadu,3314,KARUR,331407,KULITHALAI,23,"Private Unaided (Recognized)",3,"HSS (I-XII)",4,Graduate,4,"M.Ed. or equivalent",0,0,0,0,0,1,0,0,0,0,0,0,0,0,0,0,0,0,1,0,1
2019-20,33,Tamilnadu,3314,KARUR,331401,KARUR,23,"Private Unaided (Recognized)",3,"HSS (I-XII)",4,Graduate,5,Others,0,0,0,0,0,11,0,4,0,1,0,1,0,1,1,0,0,0,19,1,18
2019-20,33,Tamilnadu,3314,KARUR,331402,THANTHONI,23,"Private Unaided (Recognized)",3,"HSS (I-XII)",4,Graduate,5,Others,0,0,0,0,0,1,1,2,0,0,0,0,0,0,0,0,0,0,4,1,3
2019-20,33,Tamilnadu,3314,KARUR,331403,ARAVAKURICHI,23,"Private Unaided (Recognized)",3,"HSS (I-XII)",4,Graduate,5,Others,0,0,0,0,0,2,0,0,0,0,0,0,0,0,0,0,0,0,2,0,2
2019-20,33,Tamilnadu,3314,KARUR,331404,K.PARAMATHI,23,"Private Unaided (Recognized)",3,"HSS (I-XII)",4,Graduate,5,Others,0,0,0,1,0,4,1,2,0,1,0,0,0,0,0,0,0,0,9,1,8
2019-20,33,Tamilnadu,3314,KARUR,331407,KULITHALAI,23,"Private Unaided (Recognized)",3,"HSS (I-XII)",4,Graduate,5,Others,0,0,0,0,0,0,0,0,0,1,0,0,0,0,0,0,0,0,1,0,1
2019-20,33,Tamilnadu,3314,KARUR,331401,KARUR,23,"Private Unaided (Recognized)",6,"SS (I-X)",4,Graduate,5,Others,0,0,0,0,0,4,0,0,0,1,0,0,0,2,0,0,0,0,7,0,7
2019-20,33,Tamilnadu,3314,KARUR,331402,THANTHONI,23,"Private Unaided (Recognized)",6,"SS (I-X)",4,Graduate,5,Others,0,0,0,0,0,0,0,1,0,1,0,0,0,1,0,0,0,0,3,0,3
2019-20,33,Tamilnadu,3314,KARUR,331407,KULITHALAI,23,"Private Unaided (Recognized)",6,"SS (I-X)",4,Graduate,5,Others,0,0,0,0,0,0,0,0,0,0,0,0,0,1,0,0,0,0,1,0,1
2019-20,33,Tamilnadu,3314,KARUR,331408,THOGAIMALAI,23,"Private Unaided (Recognized)",6,"SS (I-X)",4,Graduate,5,Others,0,0,0,0,0,0,0,0,0,0,0,0,0,1,0,0,0,0,1,0,1
2019-20,33,Tamilnadu,3314,KARUR,331401,KARUR,23,"Private Unaided (Recognized)",2,"UPS (I-VIII)",4,Graduate,6,None,0,0,0,0,0,0,0,0,0,2,0,0,0,0,0,0,0,0,2,0,2
2019-20,33,Tamilnadu,3314,KARUR,331401,KARUR,23,"Private Unaided (Recognized)",3,"HSS (I-XII)",4,Graduate,6,None,0,1,0,0,1,0,1,2,0,0,0,0,0,1,3,0,0,0,9,5,4
2019-20,33,Tamilnadu,3314,KARUR,331402,THANTHONI,23,"Private Unaided (Recognized)",3,"HSS (I-XII)",4,Graduate,6,None,0,0,0,0,0,0,0,1,0,0,0,0,0,0,0,0,0,0,1,0,1
2019-20,33,Tamilnadu,3314,KARUR,331403,ARAVAKURICHI,23,"Private Unaided (Recognized)",3,"HSS (I-XII)",4,Graduate,6,None,0,0,0,0,0,1,0,0,0,0,0,0,0,0,0,0,0,0,1,0,1
2019-20,33,Tamilnadu,3314,KARUR,331404,K.PARAMATHI,23,"Private Unaided (Recognized)",3,"HSS (I-XII)",4,Graduate,6,None,0,0,0,0,0,0,0,0,0,0,0,0,0,0,1,0,0,0,1,1,0
2019-20,33,Tamilnadu,3314,KARUR,331407,KULITHALAI,23,"Private Unaided (Recognized)",3,"HSS (I-XII)",4,Graduate,6,None,0,0,0,0,0,0,0,0,0,0,0,0,0,0,0,0,1,0,1,1,0
2019-20,33,Tamilnadu,3314,KARUR,331408,THOGAIMALAI,23,"Private Unaided (Recognized)",3,"HSS (I-XII)",4,Graduate,6,None,0,0,0,0,0,0,0,1,0,0,0,0,0,0,0,0,0,0,1,0,1
2019-20,33,Tamilnadu,3314,KARUR,331403,ARAVAKURICHI,23,"Private Unaided (Recognized)",6,"SS (I-X)",4,Graduate,6,None,0,0,0,0,0,1,0,0,0,0,0,0,0,0,0,0,0,0,1,0,1
2019-20,33,Tamilnadu,3314,KARUR,331408,THOGAIMALAI,23,"Private Unaided (Recognized)",6,"SS (I-X)",4,Graduate,6,None,0,0,0,0,0,0,0,0,0,0,0,0,0,2,0,0,0,0,2,0,2
2019-20,33,Tamilnadu,3314,KARUR,331406,KADAVOOR,23,"Private Unaided (Recognized)",2,"UPS (I-VIII)",5,"Post graduate",1,"Diploma or certificate in basic teachers training of a duration not less than two years",0,0,0,0,0,1,0,0,0,0,0,0,0,0,0,0,0,0,1,0,1
2019-20,33,Tamilnadu,3314,KARUR,331401,KARUR,23,"Private Unaided (Recognized)",3,"HSS (I-XII)",5,"Post graduate",1,"Diploma or certificate in basic teachers training of a duration not less than two years",0,0,0,0,0,2,0,1,0,2,1,0,0,1,0,0,0,0,7,1,6
2019-20,33,Tamilnadu,3314,KARUR,331402,THANTHONI,23,"Private Unaided (Recognized)",3,"HSS (I-XII)",5,"Post graduate",1,"Diploma or certificate in basic teachers training of a duration not less than two years",0,1,0,0,0,0,0,0,0,0,0,0,0,0,1,0,0,0,2,1,1
2019-20,33,Tamilnadu,3314,KARUR,331402,THANTHONI,23,"Private Unaided (Recognized)",6,"SS (I-X)",5,"Post graduate",1,"Diploma or certificate in basic teachers training of a duration not less than two years",0,0,0,0,0,3,0,0,0,0,0,0,0,0,0,0,0,0,3,0,3
2019-20,33,Tamilnadu,3314,KARUR,331405,KRISHNARAYAPURAM,23,"Private Unaided (Recognized)",6,"SS (I-X)",5,"Post graduate",1,"Diploma or certificate in basic teachers training of a duration not less than two years",0,0,0,0,0,0,0,0,0,0,0,0,0,1,0,0,0,0,1,0,1
2019-20,33,Tamilnadu,3314,KARUR,331406,KADAVOOR,23,"Private Unaided (Recognized)",6,"SS (I-X)",5,"Post graduate",1,"Diploma or certificate in basic teachers training of a duration not less than two years",0,0,0,0,0,0,0,0,1,0,0,0,0,1,0,0,0,0,2,1,1
2019-20,33,Tamilnadu,3314,KARUR,331407,KULITHALAI,23,"Private Unaided (Recognized)",6,"SS (I-X)",5,"Post graduate",1,"Diploma or certificate in basic teachers training of a duration not less than two years",0,0,0,0,0,1,0,0,0,0,0,0,0,0,0,0,0,0,1,0,1
2019-20,33,Tamilnadu,3314,KARUR,331401,KARUR,23,"Private Unaided (Recognized)",2,"UPS (I-VIII)",5,"Post graduate",3,"B.Ed. or equivalent",0,0,0,0,0,0,0,0,0,3,0,0,0,0,0,0,0,0,3,0,3
2019-20,33,Tamilnadu,3314,KARUR,331402,THANTHONI,23,"Private Unaided (Recognized)",2,"UPS (I-VIII)",5,"Post graduate",3,"B.Ed. or equivalent",0,0,0,0,0,0,0,0,0,2,0,0,0,0,0,0,0,0,2,0,2
2019-20,33,Tamilnadu,3314,KARUR,331406,KADAVOOR,23,"Private Unaided (Recognized)",2,"UPS (I-VIII)",5,"Post graduate",3,"B.Ed. or equivalent",0,0,0,0,0,2,0,0,0,2,0,0,0,0,0,0,0,0,4,0,4
2019-20,33,Tamilnadu,3314,KARUR,331401,KARUR,23,"Private Unaided (Recognized)",3,"HSS (I-XII)",5,"Post graduate",3,"B.Ed. or equivalent",0,6,0,0,10,78,8,44,2,32,7,19,18,29,34,42,33,23,385,112,273
2019-20,33,Tamilnadu,3314,KARUR,331402,THANTHONI,23,"Private Unaided (Recognized)",3,"HSS (I-XII)",5,"Post graduate",3,"B.Ed. or equivalent",1,2,0,0,1,9,1,9,1,5,5,13,2,3,10,14,11,12,99,32,67
2019-20,33,Tamilnadu,3314,KARUR,331403,ARAVAKURICHI,23,"Private Unaided (Recognized)",3,"HSS (I-XII)",5,"Post graduate",3,"B.Ed. or equivalent",0,0,0,0,0,2,0,4,0,0,3,1,3,2,3,3,13,12,46,22,24
2019-20,33,Tamilnadu,3314,KARUR,331404,K.PARAMATHI,23,"Private Unaided (Recognized)",3,"HSS (I-XII)",5,"Post graduate",3,"B.Ed. or equivalent",0,1,0,0,1,11,0,4,0,0,1,16,0,0,8,2,7,7,58,17,41
2019-20,33,Tamilnadu,3314,KARUR,331405,KRISHNARAYAPURAM,23,"Private Unaided (Recognized)",3,"HSS (I-XII)",5,"Post graduate",3,"B.Ed. or equivalent",0,0,0,0,0,0,0,0,0,1,0,0,0,0,0,0,4,4,9,4,5
2019-20,33,Tamilnadu,3314,KARUR,331407,KULITHALAI,23,"Private Unaided (Recognized)",3,"HSS (I-XII)",5,"Post graduate",3,"B.Ed. or equivalent",0,0,0,2,0,3,0,6,1,8,1,1,1,4,3,3,9,4,46,15,31
2019-20,33,Tamilnadu,3314,KARUR,331408,THOGAIMALAI,23,"Private Unaided (Recognized)",3,"HSS (I-XII)",5,"Post graduate",3,"B.Ed. or equivalent",0,0,0,0,0,0,1,5,0,0,0,0,0,0,0,0,0,0,6,1,5
2019-20,33,Tamilnadu,3314,KARUR,331401,KARUR,23,"Private Unaided (Recognized)",5,"HSS (VI-XII)",5,"Post graduate",3,"B.Ed. or equivalent",0,0,0,0,0,0,0,0,0,0,17,10,0,0,0,0,1,0,28,18,10
2019-20,33,Tamilnadu,3314,KARUR,331401,KARUR,23,"Private Unaided (Recognized)",6,"SS (I-X)",5,"Post graduate",3,"B.Ed. or equivalent",0,0,0,0,0,7,0,8,0,7,0,6,0,4,0,0,0,0,32,0,32
2019-20,33,Tamilnadu,3314,KARUR,331402,THANTHONI,23,"Private Unaided (Recognized)",6,"SS (I-X)",5,"Post graduate",3,"B.Ed. or equivalent",0,0,0,0,0,9,2,4,1,0,0,4,3,7,0,0,0,0,30,6,24
2019-20,33,Tamilnadu,3314,KARUR,331403,ARAVAKURICHI,23,"Private Unaided (Recognized)",6,"SS (I-X)",5,"Post graduate",3,"B.Ed. or equivalent",0,0,0,0,0,5,1,0,0,1,1,2,4,5,0,0,0,0,19,6,13
2019-20,33,Tamilnadu,3314,KARUR,331405,KRISHNARAYAPURAM,23,"Private Unaided (Recognized)",6,"SS (I-X)",5,"Post graduate",3,"B.Ed. or equivalent",0,0,0,0,0,1,0,10,0,1,0,0,4,2,0,0,0,0,18,4,14
2019-20,33,Tamilnadu,3314,KARUR,331406,KADAVOOR,23,"Private Unaided (Recognized)",6,"SS (I-X)",5,"Post graduate",3,"B.Ed. or equivalent",0,0,0,0,0,16,0,2,1,5,4,1,3,4,0,0,0,0,36,8,28
2019-20,33,Tamilnadu,3314,KARUR,331407,KULITHALAI,23,"Private Unaided (Recognized)",6,"SS (I-X)",5,"Post graduate",3,"B.Ed. or equivalent",0,0,0,0,0,0,0,1,0,0,1,2,3,6,0,0,0,0,13,4,9
2019-20,33,Tamilnadu,3314,KARUR,331408,THOGAIMALAI,23,"Private Unaided (Recognized)",6,"SS (I-X)",5,"Post graduate",3,"B.Ed. or equivalent",0,0,0,0,0,1,0,0,0,0,0,0,0,1,0,0,0,0,2,0,2
2019-20,33,Tamilnadu,3314,KARUR,331401,KARUR,23,"Private Unaided (Recognized)",3,"HSS (I-XII)",5,"Post graduate",4,"M.Ed. or equivalent",0,0,0,0,1,6,1,2,0,1,0,0,1,2,8,6,4,3,35,15,20
2019-20,33,Tamilnadu,3314,KARUR,331402,THANTHONI,23,"Private Unaided (Recognized)",3,"HSS (I-XII)",5,"Post graduate",4,"M.Ed. or equivalent",0,0,0,0,0,1,1,1,0,0,0,3,0,0,1,0,0,0,7,2,5
2019-20,33,Tamilnadu,3314,KARUR,331403,ARAVAKURICHI,23,"Private Unaided (Recognized)",3,"HSS (I-XII)",5,"Post graduate",4,"M.Ed. or equivalent",0,0,0,0,0,0,0,0,0,0,0,0,0,1,0,1,1,0,3,1,2
2019-20,33,Tamilnadu,3314,KARUR,331404,K.PARAMATHI,23,"Private Unaided (Recognized)",3,"HSS (I-XII)",5,"Post graduate",4,"M.Ed. or equivalent",0,0,0,0,0,0,0,0,0,0,0,1,0,0,1,2,0,1,5,1,4
2019-20,33,Tamilnadu,3314,KARUR,331405,KRISHNARAYAPURAM,23,"Private Unaided (Recognized)",3,"HSS (I-XII)",5,"Post graduate",4,"M.Ed. or equivalent",0,0,0,0,0,0,0,0,0,1,0,0,0,0,0,0,1,3,5,1,4
2019-20,33,Tamilnadu,3314,KARUR,331407,KULITHALAI,23,"Private Unaided (Recognized)",3,"HSS (I-XII)",5,"Post graduate",4,"M.Ed. or equivalent",0,0,0,0,0,0,0,1,0,0,0,0,0,0,0,0,1,0,2,1,1
2019-20,33,Tamilnadu,3314,KARUR,331408,THOGAIMALAI,23,"Private Unaided (Recognized)",3,"HSS (I-XII)",5,"Post graduate",4,"M.Ed. or equivalent",0,0,0,0,0,0,0,1,0,0,0,0,0,0,0,0,1,0,2,1,1
2019-20,33,Tamilnadu,3314,KARUR,331401,KARUR,23,"Private Unaided (Recognized)",5,"HSS (VI-XII)",5,"Post graduate",4,"M.Ed. or equivalent",0,0,0,0,0,0,0,0,0,0,1,2,0,0,0,0,0,0,3,1,2
2019-20,33,Tamilnadu,3314,KARUR,331401,KARUR,23,"Private Unaided (Recognized)",6,"SS (I-X)",5,"Post graduate",4,"M.Ed. or equivalent",0,0,0,0,0,0,0,1,0,0,0,0,0,0,0,0,0,0,1,0,1
2019-20,33,Tamilnadu,3314,KARUR,331402,THANTHONI,23,"Private Unaided (Recognized)",6,"SS (I-X)",5,"Post graduate",4,"M.Ed. or equivalent",0,0,0,0,0,0,0,0,0,1,0,1,0,0,0,0,0,0,2,0,2
2019-20,33,Tamilnadu,3314,KARUR,331403,ARAVAKURICHI,23,"Private Unaided (Recognized)",6,"SS (I-X)",5,"Post graduate",4,"M.Ed. or equivalent",0,0,0,0,0,0,0,0,0,0,0,0,1,0,0,0,0,0,1,1,0
2019-20,33,Tamilnadu,3314,KARUR,331405,KRISHNARAYAPURAM,23,"Private Unaided (Recognized)",6,"SS (I-X)",5,"Post graduate",4,"M.Ed. or equivalent",0,0,0,0,0,0,0,0,0,0,0,0,0,2,0,0,0,0,2,0,2
2019-20,33,Tamilnadu,3314,KARUR,331407,KULITHALAI,23,"Private Unaided (Recognized)",6,"SS (I-X)",5,"Post graduate",4,"M.Ed. or equivalent",0,0,0,0,0,0,0,0,0,0,0,0,0,1,0,0,0,0,1,0,1
2019-20,33,Tamilnadu,3314,KARUR,331401,KARUR,23,"Private Unaided (Recognized)",3,"HSS (I-XII)",5,"Post graduate",5,Others,0,0,0,1,0,2,0,1,0,1,0,0,0,0,0,0,0,0,5,0,5
2019-20,33,Tamilnadu,3314,KARUR,331403,ARAVAKURICHI,23,"Private Unaided (Recognized)",3,"HSS (I-XII)",5,"Post graduate",5,Others,0,0,0,0,0,1,0,0,0,0,0,0,1,0,0,0,0,0,2,1,1
2019-20,33,Tamilnadu,3314,KARUR,331404,K.PARAMATHI,23,"Private Unaided (Recognized)",3,"HSS (I-XII)",5,"Post graduate",5,Others,0,0,0,0,0,0,0,2,0,0,0,0,0,0,1,0,0,0,3,1,2
2019-20,33,Tamilnadu,3314,KARUR,331406,KADAVOOR,23,"Private Unaided (Recognized)",6,"SS (I-X)",5,"Post graduate",5,Others,0,0,0,0,0,0,0,1,0,0,0,0,0,0,0,0,0,0,1,0,1
2019-20,33,Tamilnadu,3314,KARUR,331407,KULITHALAI,23,"Private Unaided (Recognized)",6,"SS (I-X)",5,"Post graduate",5,Others,0,0,0,0,0,0,0,0,0,0,0,0,0,1,0,0,0,0,1,0,1
2019-20,33,Tamilnadu,3314,KARUR,331401,KARUR,23,"Private Unaided (Recognized)",2,"UPS (I-VIII)",5,"Post graduate",6,None,0,0,0,0,0,0,0,0,0,1,0,0,0,0,0,0,0,0,1,0,1
2019-20,33,Tamilnadu,3314,KARUR,331401,KARUR,23,"Private Unaided (Recognized)",3,"HSS (I-XII)",5,"Post graduate",6,None,0,0,0,0,1,0,0,3,0,0,1,0,0,1,1,0,0,1,8,3,5
2019-20,33,Tamilnadu,3314,KARUR,331402,THANTHONI,23,"Private Unaided (Recognized)",3,"HSS (I-XII)",5,"Post graduate",6,None,0,0,0,0,0,1,0,1,0,0,0,0,0,0,1,0,0,0,3,1,2
2019-20,33,Tamilnadu,3314,KARUR,331403,ARAVAKURICHI,23,"Private Unaided (Recognized)",3,"HSS (I-XII)",5,"Post graduate",6,None,0,0,0,0,0,0,1,0,0,0,0,0,0,0,0,0,0,0,1,1,0
2019-20,33,Tamilnadu,3314,KARUR,331404,K.PARAMATHI,23,"Private Unaided (Recognized)",3,"HSS (I-XII)",5,"Post graduate",6,None,0,0,0,0,0,0,0,0,0,0,0,1,0,0,0,0,0,0,1,0,1
2019-20,33,Tamilnadu,3314,KARUR,331407,KULITHALAI,23,"Private Unaided (Recognized)",3,"HSS (I-XII)",5,"Post graduate",6,None,0,0,0,0,0,0,0,0,0,0,0,0,0,0,1,0,0,0,1,1,0
2019-20,33,Tamilnadu,3314,KARUR,331403,ARAVAKURICHI,23,"Private Unaided (Recognized)",6,"SS (I-X)",5,"Post graduate",6,None,0,0,0,0,0,1,1,0,0,0,0,0,0,0,0,0,0,0,2,1,1
2019-20,33,Tamilnadu,3314,KARUR,331401,KARUR,23,"Private Unaided (Recognized)",2,"UPS (I-VIII)",6,M.Phil,3,"B.Ed. or equivalent",0,0,0,0,0,0,0,0,0,1,0,0,0,0,0,0,0,0,1,0,1
2019-20,33,Tamilnadu,3314,KARUR,331401,KARUR,23,"Private Unaided (Recognized)",3,"HSS (I-XII)",6,M.Phil,3,"B.Ed. or equivalent",0,0,0,0,0,7,0,0,0,3,2,1,6,1,9,6,11,5,51,28,23
2019-20,33,Tamilnadu,3314,KARUR,331402,THANTHONI,23,"Private Unaided (Recognized)",3,"HSS (I-XII)",6,M.Phil,3,"B.Ed. or equivalent",1,0,0,0,0,0,1,4,0,0,0,0,0,0,2,2,3,1,14,7,7
2019-20,33,Tamilnadu,3314,KARUR,331403,ARAVAKURICHI,23,"Private Unaided (Recognized)",3,"HSS (I-XII)",6,M.Phil,3,"B.Ed. or equivalent",1,0,0,0,0,0,1,0,0,0,1,1,0,0,2,3,1,1,11,6,5
2019-20,33,Tamilnadu,3314,KARUR,331404,K.PARAMATHI,23,"Private Unaided (Recognized)",3,"HSS (I-XII)",6,M.Phil,3,"B.Ed. or equivalent",0,0,0,0,1,0,2,0,0,0,1,0,0,0,0,0,4,0,8,8,0
2019-20,33,Tamilnadu,3314,KARUR,331407,KULITHALAI,23,"Private Unaided (Recognized)",3,"HSS (I-XII)",6,M.Phil,3,"B.Ed. or equivalent",0,0,0,0,0,1,0,0,0,0,0,0,1,0,1,2,2,1,8,4,4
2019-20,33,Tamilnadu,3314,KARUR,331401,KARUR,23,"Private Unaided (Recognized)",6,"SS (I-X)",6,M.Phil,3,"B.Ed. or equivalent",0,0,0,0,0,0,0,0,0,0,0,1,0,0,0,0,0,0,1,0,1
2019-20,33,Tamilnadu,3314,KARUR,331402,THANTHONI,23,"Private Unaided (Recognized)",6,"SS (I-X)",6,M.Phil,3,"B.Ed. or equivalent",0,0,0,0,1,0,0,2,0,0,1,0,0,0,0,0,0,0,4,2,2
2019-20,33,Tamilnadu,3314,KARUR,331408,THOGAIMALAI,23,"Private Unaided (Recognized)",6,"SS (I-X)",6,M.Phil,3,"B.Ed. or equivalent",0,0,0,0,0,0,0,0,0,0,0,0,0,1,0,0,0,0,1,0,1
2019-20,33,Tamilnadu,3314,KARUR,331401,KARUR,23,"Private Unaided (Recognized)",3,"HSS (I-XII)",6,M.Phil,4,"M.Ed. or equivalent",0,0,0,0,0,1,0,0,0,0,0,0,0,0,0,0,1,2,4,1,3
2019-20,33,Tamilnadu,3314,KARUR,331402,THANTHONI,23,"Private Unaided (Recognized)",3,"HSS (I-XII)",6,M.Phil,4,"M.Ed. or equivalent",0,0,0,0,0,0,0,0,0,0,0,0,0,0,2,0,0,0,2,2,0
2019-20,33,Tamilnadu,3314,KARUR,331403,ARAVAKURICHI,23,"Private Unaided (Recognized)",3,"HSS (I-XII)",6,M.Phil,4,"M.Ed. or equivalent",0,0,0,0,0,0,0,0,0,0,0,0,0,0,1,0,0,0,1,1,0
2019-20,33,Tamilnadu,3314,KARUR,331404,K.PARAMATHI,23,"Private Unaided (Recognized)",3,"HSS (I-XII)",6,M.Phil,4,"M.Ed. or equivalent",0,0,0,0,0,0,0,0,0,0,0,0,0,0,1,0,0,0,1,1,0
2019-20,33,Tamilnadu,3314,KARUR,331407,KULITHALAI,23,"Private Unaided (Recognized)",3,"HSS (I-XII)",6,M.Phil,4,"M.Ed. or equivalent",0,0,0,0,0,0,0,0,0,0,0,0,0,1,0,0,1,0,2,1,1
2019-20,33,Tamilnadu,3314,KARUR,331401,KARUR,23,"Private Unaided (Recognized)",3,"HSS (I-XII)",6,M.Phil,5,Others,0,0,0,0,0,0,0,1,0,0,0,0,0,0,0,1,0,0,2,0,2
2019-20,33,Tamilnadu,3314,KARUR,331404,K.PARAMATHI,23,"Private Unaided (Recognized)",3,"HSS (I-XII)",6,M.Phil,5,Others,0,0,0,0,0,0,0,1,0,0,0,0,0,0,0,0,0,0,1,0,1
2019-20,33,Tamilnadu,3314,KARUR,331401,KARUR,23,"Private Unaided (Recognized)",2,"UPS (I-VIII)",6,M.Phil,6,None,0,0,0,0,0,0,0,0,0,1,0,0,0,0,0,0,0,0,1,0,1
2019-20,33,Tamilnadu,3314,KARUR,331404,K.PARAMATHI,23,"Private Unaided (Recognized)",3,"HSS (I-XII)",6,M.Phil,6,None,0,0,0,0,0,0,0,0,0,0,1,0,0,0,0,0,0,0,1,1,0
2019-20,33,Tamilnadu,3314,KARUR,331408,THOGAIMALAI,23,"Private Unaided (Recognized)",6,"SS (I-X)",6,M.Phil,6,None,0,0,0,0,0,0,0,0,0,0,0,0,0,1,0,0,0,0,1,0,1
2019-20,33,Tamilnadu,3314,KARUR,331401,KARUR,23,"Private Unaided (Recognized)",3,"HSS (I-XII)",7,Ph.D,3,"B.Ed. or equivalent",0,0,0,0,0,0,0,0,0,0,0,0,0,1,1,0,1,0,3,2,1
2019-20,33,Tamilnadu,3314,KARUR,331401,KARUR,23,"Private Unaided (Recognized)",3,"HSS (I-XII)",7,Ph.D,4,"M.Ed. or equivalent",0,0,0,0,0,0,0,0,0,0,0,0,0,0,1,0,0,1,2,1,1
2019-20,33,Tamilnadu,3314,KARUR,331401,KARUR,23,"Private Unaided (Recognized)",6,"SS (I-X)",8,"Post Doctoral",3,"B.Ed. or equivalent",0,0,0,0,0,0,0,1,0,0,0,0,0,0,0,0,0,0,1,0,1
2019-20,33,Tamilnadu,3314,KARUR,331401,KARUR,24,"Private Unaided (Recognized)",1,"PS (I-V)",1,"Below Secondary",1,"Diploma or certificate in basic teachers training of a duration not less than two years",0,0,0,0,0,1,0,0,0,0,0,0,0,0,0,0,0,0,1,0,1
2019-20,33,Tamilnadu,3314,KARUR,331401,KARUR,24,"Private Unaided (Recognized)",1,"PS (I-V)",1,"Below Secondary",6,None,0,0,0,0,0,1,0,0,0,0,0,0,0,0,0,0,0,0,1,0,1
2019-20,33,Tamilnadu,3314,KARUR,331401,KARUR,24,"Private Unaided (Recognized)",1,"PS (I-V)",3,"Higher secondary",1,"Diploma or certificate in basic teachers training of a duration not less than two years",0,0,0,2,0,5,0,0,0,0,0,0,0,0,0,0,0,0,7,0,7
2019-20,33,Tamilnadu,3314,KARUR,331402,THANTHONI,24,"Private Unaided (Recognized)",1,"PS (I-V)",3,"Higher secondary",1,"Diploma or certificate in basic teachers training of a duration not less than two years",0,0,0,0,0,3,0,0,0,0,0,0,0,0,0,0,0,0,3,0,3
2019-20,33,Tamilnadu,3314,KARUR,331403,ARAVAKURICHI,24,"Private Unaided (Recognized)",1,"PS (I-V)",3,"Higher secondary",1,"Diploma or certificate in basic teachers training of a duration not less than two years",0,0,0,0,0,4,0,0,0,0,0,0,0,0,0,0,0,0,4,0,4
2019-20,33,Tamilnadu,3314,KARUR,331404,K.PARAMATHI,24,"Private Unaided (Recognized)",1,"PS (I-V)",3,"Higher secondary",1,"Diploma or certificate in basic teachers training of a duration not less than two years",0,0,0,0,0,1,0,0,0,0,0,0,0,0,0,0,0,0,1,0,1
2019-20,33,Tamilnadu,3314,KARUR,331405,KRISHNARAYAPURAM,24,"Private Unaided (Recognized)",1,"PS (I-V)",3,"Higher secondary",1,"Diploma or certificate in basic teachers training of a duration not less than two years",0,0,0,0,1,5,0,0,0,0,0,0,0,0,0,0,0,0,6,1,5
2019-20,33,Tamilnadu,3314,KARUR,331406,KADAVOOR,24,"Private Unaided (Recognized)",1,"PS (I-V)",3,"Higher secondary",1,"Diploma or certificate in basic teachers training of a duration not less than two years",0,0,0,0,0,3,0,0,0,0,0,0,0,0,0,0,0,0,3,0,3
2019-20,33,Tamilnadu,3314,KARUR,331407,KULITHALAI,24,"Private Unaided (Recognized)",1,"PS (I-V)",3,"Higher secondary",1,"Diploma or certificate in basic teachers training of a duration not less than two years",0,0,0,0,0,9,0,0,0,0,0,0,0,0,0,0,0,0,9,0,9
2019-20,33,Tamilnadu,3314,KARUR,331408,THOGAIMALAI,24,"Private Unaided (Recognized)",1,"PS (I-V)",3,"Higher secondary",1,"Diploma or certificate in basic teachers training of a duration not less than two years",0,0,0,0,0,2,0,0,0,0,0,0,0,0,0,0,0,0,2,0,2
2019-20,33,Tamilnadu,3314,KARUR,331401,KARUR,24,"Private Unaided (Recognized)",1,"PS (I-V)",4,Graduate,1,"Diploma or certificate in basic teachers training of a duration not less than two years",0,2,0,1,0,13,0,0,0,0,0,0,0,0,0,0,0,0,16,0,16
2019-20,33,Tamilnadu,3314,KARUR,331402,THANTHONI,24,"Private Unaided (Recognized)",1,"PS (I-V)",4,Graduate,1,"Diploma or certificate in basic teachers training of a duration not less than two years",0,0,0,0,0,22,0,0,0,0,0,0,0,0,0,0,0,0,22,0,22
2019-20,33,Tamilnadu,3314,KARUR,331403,ARAVAKURICHI,24,"Private Unaided (Recognized)",1,"PS (I-V)",4,Graduate,1,"Diploma or certificate in basic teachers training of a duration not less than two years",0,0,0,0,0,10,0,0,0,0,0,0,0,0,0,0,0,0,10,0,10
2019-20,33,Tamilnadu,3314,KARUR,331404,K.PARAMATHI,24,"Private Unaided (Recognized)",1,"PS (I-V)",4,Graduate,1,"Diploma or certificate in basic teachers training of a duration not less than two years",0,0,0,0,0,3,0,0,0,0,0,0,0,0,0,0,0,0,3,0,3
2019-20,33,Tamilnadu,3314,KARUR,331405,KRISHNARAYAPURAM,24,"Private Unaided (Recognized)",1,"PS (I-V)",4,Graduate,1,"Diploma or certificate in basic teachers training of a duration not less than two years",0,0,0,0,0,15,0,0,0,0,0,0,0,0,0,0,0,0,15,0,15
2019-20,33,Tamilnadu,3314,KARUR,331406,KADAVOOR,24,"Private Unaided (Recognized)",1,"PS (I-V)",4,Graduate,1,"Diploma or certificate in basic teachers training of a duration not less than two years",0,0,0,0,0,6,0,0,0,0,0,0,0,0,0,0,0,0,6,0,6
2019-20,33,Tamilnadu,3314,KARUR,331407,KULITHALAI,24,"Private Unaided (Recognized)",1,"PS (I-V)",4,Graduate,1,"Diploma or certificate in basic teachers training of a duration not less than two years",0,0,0,5,0,15,0,0,0,0,0,0,0,0,0,0,0,0,20,0,20
2019-20,33,Tamilnadu,3314,KARUR,331408,THOGAIMALAI,24,"Private Unaided (Recognized)",1,"PS (I-V)",4,Graduate,1,"Diploma or certificate in basic teachers training of a duration not less than two years",0,3,0,0,0,12,0,0,0,0,0,0,0,0,0,0,0,0,15,0,15
2019-20,33,Tamilnadu,3314,KARUR,331401,KARUR,24,"Private Unaided (Recognized)",1,"PS (I-V)",4,Graduate,3,"B.Ed. or equivalent",0,9,0,4,2,59,0,0,0,0,0,0,0,0,0,0,0,0,74,2,72
2019-20,33,Tamilnadu,3314,KARUR,331402,THANTHONI,24,"Private Unaided (Recognized)",1,"PS (I-V)",4,Graduate,3,"B.Ed. or equivalent",0,3,0,0,1,57,0,0,0,0,0,0,0,0,0,0,0,0,61,1,60
2019-20,33,Tamilnadu,3314,KARUR,331403,ARAVAKURICHI,24,"Private Unaided (Recognized)",1,"PS (I-V)",4,Graduate,3,"B.Ed. or equivalent",0,0,0,0,0,21,0,0,0,0,0,0,0,0,0,0,0,0,21,0,21
2019-20,33,Tamilnadu,3314,KARUR,331404,K.PARAMATHI,24,"Private Unaided (Recognized)",1,"PS (I-V)",4,Graduate,3,"B.Ed. or equivalent",0,0,0,0,1,5,0,0,0,0,0,0,0,0,0,0,0,0,6,1,5
2019-20,33,Tamilnadu,3314,KARUR,331405,KRISHNARAYAPURAM,24,"Private Unaided (Recognized)",1,"PS (I-V)",4,Graduate,3,"B.Ed. or equivalent",0,0,0,0,0,11,0,0,0,0,0,0,0,0,0,0,0,0,11,0,11
2019-20,33,Tamilnadu,3314,KARUR,331406,KADAVOOR,24,"Private Unaided (Recognized)",1,"PS (I-V)",4,Graduate,3,"B.Ed. or equivalent",0,0,0,0,0,11,0,0,0,0,0,0,0,0,0,0,0,0,11,0,11
2019-20,33,Tamilnadu,3314,KARUR,331402,THANTHONI,24,"Private Unaided (Recognized)",1,"PS (I-V)",4,Graduate,4,"M.Ed. or equivalent",0,0,0,0,0,1,0,0,0,0,0,0,0,0,0,0,0,0,1,0,1
2019-20,33,Tamilnadu,3314,KARUR,331401,KARUR,24,"Private Unaided (Recognized)",1,"PS (I-V)",4,Graduate,6,None,0,4,0,0,0,6,0,0,0,0,0,0,0,0,0,0,0,0,10,0,10
2019-20,33,Tamilnadu,3314,KARUR,331402,THANTHONI,24,"Private Unaided (Recognized)",1,"PS (I-V)",4,Graduate,6,None,0,0,0,0,0,12,0,0,0,0,0,0,0,0,0,0,0,0,12,0,12
2019-20,33,Tamilnadu,3314,KARUR,331403,ARAVAKURICHI,24,"Private Unaided (Recognized)",1,"PS (I-V)",4,Graduate,6,None,0,0,0,0,0,7,0,0,0,0,0,0,0,0,0,0,0,0,7,0,7
2019-20,33,Tamilnadu,3314,KARUR,331405,KRISHNARAYAPURAM,24,"Private Unaided (Recognized)",1,"PS (I-V)",4,Graduate,6,None,0,0,0,0,0,2,0,0,0,0,0,0,0,0,0,0,0,0,2,0,2
2019-20,33,Tamilnadu,3314,KARUR,331407,KULITHALAI,24,"Private Unaided (Recognized)",1,"PS (I-V)",4,Graduate,6,None,0,0,0,0,1,1,0,0,0,0,0,0,0,0,0,0,0,0,2,1,1
2019-20,33,Tamilnadu,3314,KARUR,331401,KARUR,24,"Private Unaided (Recognized)",1,"PS (I-V)",5,"Post graduate",1,"Diploma or certificate in basic teachers training of a duration not less than two years",0,0,0,0,0,4,0,0,0,0,0,0,0,0,0,0,0,0,4,0,4
2019-20,33,Tamilnadu,3314,KARUR,331402,THANTHONI,24,"Private Unaided (Recognized)",1,"PS (I-V)",5,"Post graduate",1,"Diploma or certificate in basic teachers training of a duration not less than two years",0,0,0,0,0,7,0,0,0,0,0,0,0,0,0,0,0,0,7,0,7
2019-20,33,Tamilnadu,3314,KARUR,331403,ARAVAKURICHI,24,"Private Unaided (Recognized)",1,"PS (I-V)",5,"Post graduate",1,"Diploma or certificate in basic teachers training of a duration not less than two years",0,0,0,0,0,2,0,0,0,0,0,0,0,0,0,0,0,0,2,0,2
2019-20,33,Tamilnadu,3314,KARUR,331404,K.PARAMATHI,24,"Private Unaided (Recognized)",1,"PS (I-V)",5,"Post graduate",1,"Diploma or certificate in basic teachers training of a duration not less than two years",0,0,0,0,0,2,0,0,0,0,0,0,0,0,0,0,0,0,2,0,2
2019-20,33,Tamilnadu,3314,KARUR,331405,KRISHNARAYAPURAM,24,"Private Unaided (Recognized)",1,"PS (I-V)",5,"Post graduate",1,"Diploma or certificate in basic teachers training of a duration not less than two years",0,0,0,0,0,2,0,0,0,0,0,0,0,0,0,0,0,0,2,0,2
2019-20,33,Tamilnadu,3314,KARUR,331406,KADAVOOR,24,"Private Unaided (Recognized)",1,"PS (I-V)",5,"Post graduate",1,"Diploma or certificate in basic teachers training of a duration not less than two years",0,0,0,0,0,5,0,0,0,0,0,0,0,0,0,0,0,0,5,0,5
2019-20,33,Tamilnadu,3314,KARUR,331407,KULITHALAI,24,"Private Unaided (Recognized)",1,"PS (I-V)",5,"Post graduate",1,"Diploma or certificate in basic teachers training of a duration not less than two years",0,0,0,1,0,4,0,0,0,0,0,0,0,0,0,0,0,0,5,0,5
2019-20,33,Tamilnadu,3314,KARUR,331408,THOGAIMALAI,24,"Private Unaided (Recognized)",1,"PS (I-V)",5,"Post graduate",1,"Diploma or certificate in basic teachers training of a duration not less than two years",0,0,0,0,0,3,0,0,0,0,0,0,0,0,0,0,0,0,3,0,3
2019-20,33,Tamilnadu,3314,KARUR,331401,KARUR,24,"Private Unaided (Recognized)",1,"PS (I-V)",5,"Post graduate",3,"B.Ed. or equivalent",0,5,0,4,0,34,0,0,0,0,0,0,0,0,0,0,0,0,43,0,43
2019-20,33,Tamilnadu,3314,KARUR,331402,THANTHONI,24,"Private Unaided (Recognized)",1,"PS (I-V)",5,"Post graduate",3,"B.Ed. or equivalent",0,3,0,0,0,49,0,0,0,0,0,0,0,0,0,0,0,0,52,0,52
2019-20,33,Tamilnadu,3314,KARUR,331403,ARAVAKURICHI,24,"Private Unaided (Recognized)",1,"PS (I-V)",5,"Post graduate",3,"B.Ed. or equivalent",0,0,0,0,3,17,0,0,0,0,0,0,0,0,0,0,0,0,20,3,17
2019-20,33,Tamilnadu,3314,KARUR,331404,K.PARAMATHI,24,"Private Unaided (Recognized)",1,"PS (I-V)",5,"Post graduate",3,"B.Ed. or equivalent",0,0,0,0,0,4,0,0,0,0,0,0,0,0,0,0,0,0,4,0,4
2019-20,33,Tamilnadu,3314,KARUR,331405,KRISHNARAYAPURAM,24,"Private Unaided (Recognized)",1,"PS (I-V)",5,"Post graduate",3,"B.Ed. or equivalent",0,0,0,0,0,11,0,0,0,0,0,0,0,0,0,0,0,0,11,0,11
2019-20,33,Tamilnadu,3314,KARUR,331406,KADAVOOR,24,"Private Unaided (Recognized)",1,"PS (I-V)",5,"Post graduate",3,"B.Ed. or equivalent",0,0,0,0,0,4,0,0,0,0,0,0,0,0,0,0,0,0,4,0,4
2019-20,33,Tamilnadu,3314,KARUR,331407,KULITHALAI,24,"Private Unaided (Recognized)",1,"PS (I-V)",5,"Post graduate",3,"B.Ed. or equivalent",0,1,0,4,0,16,0,0,0,0,0,0,0,0,0,0,0,0,21,0,21
2019-20,33,Tamilnadu,3314,KARUR,331408,THOGAIMALAI,24,"Private Unaided (Recognized)",1,"PS (I-V)",5,"Post graduate",3,"B.Ed. or equivalent",0,0,0,0,0,11,0,0,0,0,0,0,0,0,0,0,0,0,11,0,11
2019-20,33,Tamilnadu,3314,KARUR,331401,KARUR,24,"Private Unaided (Recognized)",1,"PS (I-V)",5,"Post graduate",4,"M.Ed. or equivalent",0,0,0,0,0,1,0,0,0,0,0,0,0,0,0,0,0,0,1,0,1
2019-20,33,Tamilnadu,3314,KARUR,331402,THANTHONI,24,"Private Unaided (Recognized)",1,"PS (I-V)",5,"Post graduate",4,"M.Ed. or equivalent",0,0,0,0,2,1,0,0,0,0,0,0,0,0,0,0,0,0,3,2,1
2019-20,33,Tamilnadu,3314,KARUR,331403,ARAVAKURICHI,24,"Private Unaided (Recognized)",1,"PS (I-V)",5,"Post graduate",4,"M.Ed. or equivalent",0,0,0,0,0,1,0,0,0,0,0,0,0,0,0,0,0,0,1,0,1
2019-20,33,Tamilnadu,3314,KARUR,331404,K.PARAMATHI,24,"Private Unaided (Recognized)",1,"PS (I-V)",5,"Post graduate",4,"M.Ed. or equivalent",0,0,0,0,0,1,0,0,0,0,0,0,0,0,0,0,0,0,1,0,1
2019-20,33,Tamilnadu,3314,KARUR,331405,KRISHNARAYAPURAM,24,"Private Unaided (Recognized)",1,"PS (I-V)",5,"Post graduate",4,"M.Ed. or equivalent",0,0,0,0,0,1,0,0,0,0,0,0,0,0,0,0,0,0,1,0,1
2019-20,33,Tamilnadu,3314,KARUR,331407,KULITHALAI,24,"Private Unaided (Recognized)",1,"PS (I-V)",5,"Post graduate",4,"M.Ed. or equivalent",0,0,0,1,0,2,0,0,0,0,0,0,0,0,0,0,0,0,3,0,3
2019-20,33,Tamilnadu,3314,KARUR,331401,KARUR,24,"Private Unaided (Recognized)",1,"PS (I-V)",5,"Post graduate",5,Others,0,2,0,0,0,5,0,0,0,0,0,0,0,0,0,0,0,0,7,0,7
2019-20,33,Tamilnadu,3314,KARUR,331402,THANTHONI,24,"Private Unaided (Recognized)",1,"PS (I-V)",5,"Post graduate",5,Others,0,1,0,1,0,3,0,0,0,0,0,0,0,0,0,0,0,0,5,0,5
2019-20,33,Tamilnadu,3314,KARUR,331403,ARAVAKURICHI,24,"Private Unaided (Recognized)",1,"PS (I-V)",5,"Post graduate",5,Others,0,0,0,0,0,1,0,0,0,0,0,0,0,0,0,0,0,0,1,0,1
2019-20,33,Tamilnadu,3314,KARUR,331407,KULITHALAI,24,"Private Unaided (Recognized)",1,"PS (I-V)",5,"Post graduate",5,Others,0,0,0,0,0,2,0,0,0,0,0,0,0,0,0,0,0,0,2,0,2
2019-20,33,Tamilnadu,3314,KARUR,331408,THOGAIMALAI,24,"Private Unaided (Recognized)",1,"PS (I-V)",5,"Post graduate",5,Others,0,0,0,0,0,2,0,0,0,0,0,0,0,0,0,0,0,0,2,0,2
2019-20,33,Tamilnadu,3314,KARUR,331401,KARUR,24,"Private Unaided (Recognized)",1,"PS (I-V)",5,"Post graduate",6,None,0,2,0,3,0,2,0,0,0,0,0,0,0,0,0,0,0,0,7,0,7
2019-20,33,Tamilnadu,3314,KARUR,331402,THANTHONI,24,"Private Unaided (Recognized)",1,"PS (I-V)",5,"Post graduate",6,None,0,0,0,0,0,2,0,0,0,0,0,0,0,0,0,0,0,0,2,0,2
2019-20,33,Tamilnadu,3314,KARUR,331407,KULITHALAI,24,"Private Unaided (Recognized)",1,"PS (I-V)",5,"Post graduate",6,None,0,0,0,0,0,1,0,0,0,0,0,0,0,0,0,0,0,0,1,0,1
2019-20,33,Tamilnadu,3314,KARUR,331408,THOGAIMALAI,24,"Private Unaided (Recognized)",1,"PS (I-V)",5,"Post graduate",6,None,0,0,0,1,0,0,0,0,0,0,0,0,0,0,0,0,0,0,1,0,1
2019-20,33,Tamilnadu,3314,KARUR,331402,THANTHONI,24,"Private Unaided (Recognized)",1,"PS (I-V)",6,M.Phil,1,"Diploma or certificate in basic teachers training of a duration not less than two years",0,0,0,0,0,1,0,0,0,0,0,0,0,0,0,0,0,0,1,0,1
2019-20,33,Tamilnadu,3314,KARUR,331401,KARUR,24,"Private Unaided (Recognized)",1,"PS (I-V)",6,M.Phil,3,"B.Ed. or equivalent",0,3,0,0,0,2,0,0,0,0,0,0,0,0,0,0,0,0,5,0,5
2019-20,33,Tamilnadu,3314,KARUR,331402,THANTHONI,24,"Private Unaided (Recognized)",1,"PS (I-V)",6,M.Phil,3,"B.Ed. or equivalent",0,0,0,1,0,5,0,0,0,0,0,0,0,0,0,0,0,0,6,0,6
2019-20,33,Tamilnadu,3314,KARUR,331403,ARAVAKURICHI,24,"Private Unaided (Recognized)",1,"PS (I-V)",6,M.Phil,3,"B.Ed. or equivalent",0,0,0,0,0,2,0,0,0,0,0,0,0,0,0,0,0,0,2,0,2
2019-20,33,Tamilnadu,3314,KARUR,331404,K.PARAMATHI,24,"Private Unaided (Recognized)",1,"PS (I-V)",6,M.Phil,3,"B.Ed. or equivalent",0,0,0,0,0,1,0,0,0,0,0,0,0,0,0,0,0,0,1,0,1
2019-20,33,Tamilnadu,3314,KARUR,331407,KULITHALAI,24,"Private Unaided (Recognized)",1,"PS (I-V)",6,M.Phil,3,"B.Ed. or equivalent",0,0,0,0,0,1,0,0,0,0,0,0,0,0,0,0,0,0,1,0,1
2019-20,33,Tamilnadu,3314,KARUR,331402,THANTHONI,24,"Private Unaided (Recognized)",1,"PS (I-V)",6,M.Phil,4,"M.Ed. or equivalent",0,0,0,0,0,1,0,0,0,0,0,0,0,0,0,0,0,0,1,0,1
2019-20,33,Tamilnadu,3314,KARUR,331401,KARUR,24,"Private Unaided (Recognized)",1,"PS (I-V)",6,M.Phil,5,Others,0,0,0,0,0,1,0,0,0,0,0,0,0,0,0,0,0,0,1,0,1
2019-20,33,Tamilnadu,3314,KARUR,331407,KULITHALAI,24,"Private Unaided (Recognized)",1,"PS (I-V)",6,M.Phil,5,Others,0,0,0,0,0,1,0,0,0,0,0,0,0,0,0,0,0,0,1,0,1
2019-20,33,Tamilnadu,3314,KARUR,331408,THOGAIMALAI,24,"Private Unaided (Recognized)",1,"PS (I-V)",6,M.Phil,5,Others,0,0,0,0,0,1,0,0,0,0,0,0,0,0,0,0,0,0,1,0,1
2019-20,33,Tamilnadu,3314,KARUR,331402,THANTHONI,29,"Private Unaided (Recognized)",3,"HSS (I-XII)",1,"Below Secondary",1,"Diploma or certificate in basic teachers training of a duration not less than two years",0,1,0,0,0,0,0,0,0,0,0,0,0,0,0,0,0,0,1,0,1
2019-20,33,Tamilnadu,3314,KARUR,331402,THANTHONI,29,"Private Unaided (Recognized)",3,"HSS (I-XII)",1,"Below Secondary",5,Others,0,0,0,0,0,0,0,1,0,0,0,0,0,0,0,0,0,0,1,0,1
2019-20,33,Tamilnadu,3314,KARUR,331401,KARUR,29,"Private Unaided (Recognized)",6,"SS (I-X)",3,"Higher secondary",1,"Diploma or certificate in basic teachers training of a duration not less than two years",0,0,0,0,0,0,0,1,0,0,0,0,0,0,0,0,0,0,1,0,1
2019-20,33,Tamilnadu,3314,KARUR,331407,KULITHALAI,29,"Private Unaided (Recognized)",6,"SS (I-X)",3,"Higher secondary",1,"Diploma or certificate in basic teachers training of a duration not less than two years",0,0,0,0,0,1,0,1,0,0,0,0,0,0,0,0,0,0,2,0,2
2019-20,33,Tamilnadu,3314,KARUR,331404,K.PARAMATHI,29,"Private Unaided (Recognized)",2,"UPS (I-VIII)",3,"Higher secondary",6,None,0,0,0,0,0,0,0,1,0,0,0,0,0,0,0,0,0,0,1,0,1
2019-20,33,Tamilnadu,3314,KARUR,331407,KULITHALAI,29,"Private Unaided (Recognized)",2,"UPS (I-VIII)",4,Graduate,1,"Diploma or certificate in basic teachers training of a duration not less than two years",0,0,0,0,0,0,0,0,0,3,0,0,0,0,0,0,0,0,3,0,3
2019-20,33,Tamilnadu,3314,KARUR,331401,KARUR,29,"Private Unaided (Recognized)",3,"HSS (I-XII)",4,Graduate,1,"Diploma or certificate in basic teachers training of a duration not less than two years",0,1,0,0,0,1,0,0,0,4,0,0,0,0,0,1,0,0,7,0,7
2019-20,33,Tamilnadu,3314,KARUR,331402,THANTHONI,29,"Private Unaided (Recognized)",3,"HSS (I-XII)",4,Graduate,1,"Diploma or certificate in basic teachers training of a duration not less than two years",0,1,0,0,0,4,1,0,0,0,0,0,0,0,0,0,0,0,6,1,5
2019-20,33,Tamilnadu,3314,KARUR,331402,THANTHONI,29,"Private Unaided (Recognized)",6,"SS (I-X)",4,Graduate,1,"Diploma or certificate in basic teachers training of a duration not less than two years",0,0,0,0,0,0,0,0,0,1,0,0,0,1,0,0,0,0,2,0,2
2019-20,33,Tamilnadu,3314,KARUR,331402,THANTHONI,29,"Private Unaided (Recognized)",2,"UPS (I-VIII)",4,Graduate,3,"B.Ed. or equivalent",0,0,0,0,0,0,0,1,1,3,0,0,0,0,0,0,0,0,5,1,4
2019-20,33,Tamilnadu,3314,KARUR,331404,K.PARAMATHI,29,"Private Unaided (Recognized)",2,"UPS (I-VIII)",4,Graduate,3,"B.Ed. or equivalent",0,0,0,0,0,1,0,0,0,0,0,0,0,0,0,0,0,0,1,0,1
2019-20,33,Tamilnadu,3314,KARUR,331407,KULITHALAI,29,"Private Unaided (Recognized)",2,"UPS (I-VIII)",4,Graduate,3,"B.Ed. or equivalent",0,0,0,0,0,1,0,1,0,3,0,0,0,0,0,0,0,0,5,0,5
2019-20,33,Tamilnadu,3314,KARUR,331401,KARUR,29,"Private Unaided (Recognized)",3,"HSS (I-XII)",4,Graduate,3,"B.Ed. or equivalent",0,2,0,2,1,9,1,8,0,22,0,0,1,3,1,1,2,0,53,6,47
2019-20,33,Tamilnadu,3314,KARUR,331402,THANTHONI,29,"Private Unaided (Recognized)",3,"HSS (I-XII)",4,Graduate,3,"B.Ed. or equivalent",0,3,0,0,0,6,4,11,0,5,0,0,1,1,0,1,0,1,33,5,28
2019-20,33,Tamilnadu,3314,KARUR,331404,K.PARAMATHI,29,"Private Unaided (Recognized)",3,"HSS (I-XII)",4,Graduate,3,"B.Ed. or equivalent",0,0,0,0,0,0,4,8,0,0,0,0,1,0,0,0,0,0,13,5,8
2019-20,33,Tamilnadu,3314,KARUR,331401,KARUR,29,"Private Unaided (Recognized)",6,"SS (I-X)",4,Graduate,3,"B.Ed. or equivalent",0,0,0,0,0,3,0,1,0,1,0,0,0,0,0,0,0,0,5,0,5
2019-20,33,Tamilnadu,3314,KARUR,331402,THANTHONI,29,"Private Unaided (Recognized)",6,"SS (I-X)",4,Graduate,3,"B.Ed. or equivalent",0,0,0,0,0,4,0,0,0,0,0,0,1,7,0,0,0,0,12,1,11
2019-20,33,Tamilnadu,3314,KARUR,331407,KULITHALAI,29,"Private Unaided (Recognized)",6,"SS (I-X)",4,Graduate,3,"B.Ed. or equivalent",0,0,0,0,0,1,0,1,0,0,0,1,0,0,0,0,0,0,3,0,3
2019-20,33,Tamilnadu,3314,KARUR,331401,KARUR,29,"Private Unaided (Recognized)",6,"SS (I-X)",4,Graduate,4,"M.Ed. or equivalent",0,0,0,0,0,1,0,0,0,0,0,0,0,0,0,0,0,0,1,0,1
2019-20,33,Tamilnadu,3314,KARUR,331402,THANTHONI,29,"Private Unaided (Recognized)",6,"SS (I-X)",4,Graduate,4,"M.Ed. or equivalent",0,0,0,0,0,0,0,1,0,0,0,0,0,0,0,0,0,0,1,0,1
2019-20,33,Tamilnadu,3314,KARUR,331402,THANTHONI,29,"Private Unaided (Recognized)",2,"UPS (I-VIII)",4,Graduate,5,Others,0,0,0,0,0,2,0,0,0,1,0,0,0,0,0,0,0,0,3,0,3
2019-20,33,Tamilnadu,3314,KARUR,331403,ARAVAKURICHI,29,"Private Unaided (Recognized)",2,"UPS (I-VIII)",4,Graduate,5,Others,0,0,0,0,0,3,0,0,0,0,0,0,0,0,0,0,0,0,3,0,3
2019-20,33,Tamilnadu,3314,KARUR,331401,KARUR,29,"Private Unaided (Recognized)",3,"HSS (I-XII)",4,Graduate,5,Others,0,1,0,0,0,1,0,0,1,0,0,1,0,0,0,0,2,0,6,3,3
2019-20,33,Tamilnadu,3314,KARUR,331402,THANTHONI,29,"Private Unaided (Recognized)",3,"HSS (I-XII)",4,Graduate,5,Others,0,1,0,0,1,5,1,7,0,2,0,0,0,0,1,0,0,0,18,3,15
2019-20,33,Tamilnadu,3314,KARUR,331404,K.PARAMATHI,29,"Private Unaided (Recognized)",3,"HSS (I-XII)",4,Graduate,5,Others,0,0,0,0,0,0,1,0,0,0,0,0,0,0,0,0,0,0,1,1,0
2019-20,33,Tamilnadu,3314,KARUR,331401,KARUR,29,"Private Unaided (Recognized)",6,"SS (I-X)",4,Graduate,5,Others,0,0,0,0,0,0,0,0,0,0,0,0,0,2,0,0,0,0,2,0,2
2019-20,33,Tamilnadu,3314,KARUR,331402,THANTHONI,29,"Private Unaided (Recognized)",6,"SS (I-X)",4,Graduate,5,Others,0,0,0,0,0,1,0,0,0,0,0,0,0,2,0,0,0,0,3,0,3
2019-20,33,Tamilnadu,3314,KARUR,331402,THANTHONI,29,"Private Unaided (Recognized)",2,"UPS (I-VIII)",4,Graduate,6,None,0,0,0,0,0,0,0,0,0,2,0,0,0,0,0,0,0,0,2,0,2
2019-20,33,Tamilnadu,3314,KARUR,331404,K.PARAMATHI,29,"Private Unaided (Recognized)",2,"UPS (I-VIII)",4,Graduate,6,None,0,0,0,0,0,1,0,0,0,0,0,0,0,0,0,0,0,0,1,0,1
2019-20,33,Tamilnadu,3314,KARUR,331401,KARUR,29,"Private Unaided (Recognized)",3,"HSS (I-XII)",4,Graduate,6,None,0,1,0,1,0,2,2,0,0,4,1,0,0,0,1,0,1,0,13,5,8
2019-20,33,Tamilnadu,3314,KARUR,331402,THANTHONI,29,"Private Unaided (Recognized)",3,"HSS (I-XII)",4,Graduate,6,None,0,0,0,0,1,1,4,4,0,0,0,0,0,0,0,0,0,0,10,5,5
2019-20,33,Tamilnadu,3314,KARUR,331404,K.PARAMATHI,29,"Private Unaided (Recognized)",3,"HSS (I-XII)",4,Graduate,6,None,0,0,0,0,0,0,1,0,0,0,0,0,0,0,0,0,0,0,1,1,0
2019-20,33,Tamilnadu,3314,KARUR,331401,KARUR,29,"Private Unaided (Recognized)",6,"SS (I-X)",4,Graduate,6,None,0,0,0,0,0,0,0,0,0,1,0,1,1,1,0,0,0,0,4,1,3
2019-20,33,Tamilnadu,3314,KARUR,331402,THANTHONI,29,"Private Unaided (Recognized)",6,"SS (I-X)",4,Graduate,6,None,0,0,0,0,0,0,0,0,0,0,0,0,1,1,0,0,0,0,2,1,1
2019-20,33,Tamilnadu,3314,KARUR,331402,THANTHONI,29,"Private Unaided (Recognized)",2,"UPS (I-VIII)",5,"Post graduate",1,"Diploma or certificate in basic teachers training of a duration not less than two years",0,0,0,0,0,1,0,0,0,0,0,0,0,0,0,0,0,0,1,0,1
2019-20,33,Tamilnadu,3314,KARUR,331403,ARAVAKURICHI,29,"Private Unaided (Recognized)",2,"UPS (I-VIII)",5,"Post graduate",1,"Diploma or certificate in basic teachers training of a duration not less than two years",0,0,0,0,0,1,0,0,0,0,0,0,0,0,0,0,0,0,1,0,1
2019-20,33,Tamilnadu,3314,KARUR,331407,KULITHALAI,29,"Private Unaided (Recognized)",2,"UPS (I-VIII)",5,"Post graduate",1,"Diploma or certificate in basic teachers training of a duration not less than two years",0,0,0,0,0,0,0,0,0,1,0,0,0,0,0,0,0,0,1,0,1
2019-20,33,Tamilnadu,3314,KARUR,331401,KARUR,29,"Private Unaided (Recognized)",3,"HSS (I-XII)",5,"Post graduate",1,"Diploma or certificate in basic teachers training of a duration not less than two years",0,2,0,0,0,0,0,0,0,2,0,0,0,1,0,0,0,0,5,0,5
2019-20,33,Tamilnadu,3314,KARUR,331402,THANTHONI,29,"Private Unaided (Recognized)",3,"HSS (I-XII)",5,"Post graduate",1,"Diploma or certificate in basic teachers training of a duration not less than two years",0,3,0,0,0,1,0,1,0,0,0,0,0,1,0,0,0,0,6,0,6
2019-20,33,Tamilnadu,3314,KARUR,331402,THANTHONI,29,"Private Unaided (Recognized)",2,"UPS (I-VIII)",5,"Post graduate",3,"B.Ed. or equivalent",0,0,0,0,0,2,1,2,0,5,0,0,0,0,0,0,0,0,10,1,9
2019-20,33,Tamilnadu,3314,KARUR,331403,ARAVAKURICHI,29,"Private Unaided (Recognized)",2,"UPS (I-VIII)",5,"Post graduate",3,"B.Ed. or equivalent",0,0,0,0,0,0,0,0,2,2,0,0,0,0,0,0,0,0,4,2,2
2019-20,33,Tamilnadu,3314,KARUR,331404,K.PARAMATHI,29,"Private Unaided (Recognized)",2,"UPS (I-VIII)",5,"Post graduate",3,"B.Ed. or equivalent",0,0,0,0,0,0,0,1,0,0,0,0,0,0,0,0,0,0,1,0,1
2019-20,33,Tamilnadu,3314,KARUR,331407,KULITHALAI,29,"Private Unaided (Recognized)",2,"UPS (I-VIII)",5,"Post graduate",3,"B.Ed. or equivalent",0,0,0,0,0,1,0,5,1,4,0,0,0,0,0,0,0,0,11,1,10
2019-20,33,Tamilnadu,3314,KARUR,331401,KARUR,29,"Private Unaided (Recognized)",3,"HSS (I-XII)",5,"Post graduate",3,"B.Ed. or equivalent",0,0,0,0,2,14,0,14,4,32,1,1,4,21,0,5,7,4,109,18,91
2019-20,33,Tamilnadu,3314,KARUR,331402,THANTHONI,29,"Private Unaided (Recognized)",3,"HSS (I-XII)",5,"Post graduate",3,"B.Ed. or equivalent",0,4,0,0,2,17,17,32,0,12,0,1,1,2,0,3,2,8,101,22,79
2019-20,33,Tamilnadu,3314,KARUR,331404,K.PARAMATHI,29,"Private Unaided (Recognized)",3,"HSS (I-XII)",5,"Post graduate",3,"B.Ed. or equivalent",0,0,0,0,0,0,6,11,0,0,0,1,1,1,0,0,1,1,22,8,14
2019-20,33,Tamilnadu,3314,KARUR,331401,KARUR,29,"Private Unaided (Recognized)",6,"SS (I-X)",5,"Post graduate",3,"B.Ed. or equivalent",0,0,0,0,0,0,0,1,0,1,0,0,1,3,0,0,0,0,6,1,5
2019-20,33,Tamilnadu,3314,KARUR,331402,THANTHONI,29,"Private Unaided (Recognized)",6,"SS (I-X)",5,"Post graduate",3,"B.Ed. or equivalent",0,0,0,0,0,1,0,0,0,1,0,0,2,7,0,0,0,0,11,2,9
2019-20,33,Tamilnadu,3314,KARUR,331407,KULITHALAI,29,"Private Unaided (Recognized)",6,"SS (I-X)",5,"Post graduate",3,"B.Ed. or equivalent",0,0,0,0,0,1,0,0,0,1,0,1,1,0,0,0,0,0,4,1,3
2019-20,33,Tamilnadu,3314,KARUR,331407,KULITHALAI,29,"Private Unaided (Recognized)",2,"UPS (I-VIII)",5,"Post graduate",4,"M.Ed. or equivalent",0,0,0,0,0,0,0,1,0,1,0,0,0,0,0,0,0,0,2,0,2
2019-20,33,Tamilnadu,3314,KARUR,331401,KARUR,29,"Private Unaided (Recognized)",3,"HSS (I-XII)",5,"Post graduate",4,"M.Ed. or equivalent",0,0,0,0,0,1,0,1,0,1,1,0,0,0,1,1,0,0,6,2,4
2019-20,33,Tamilnadu,3314,KARUR,331402,THANTHONI,29,"Private Unaided (Recognized)",3,"HSS (I-XII)",5,"Post graduate",4,"M.Ed. or equivalent",0,0,0,0,0,0,1,1,0,2,0,0,0,0,0,0,1,0,5,2,3
2019-20,33,Tamilnadu,3314,KARUR,331404,K.PARAMATHI,29,"Private Unaided (Recognized)",3,"HSS (I-XII)",5,"Post graduate",4,"M.Ed. or equivalent",0,0,0,0,0,0,0,1,0,0,0,0,0,0,0,0,0,0,1,0,1
2019-20,33,Tamilnadu,3314,KARUR,331403,ARAVAKURICHI,29,"Private Unaided (Recognized)",6,"SS (I-X)",5,"Post graduate",4,"M.Ed. or equivalent",0,0,0,0,0,0,0,0,0,0,1,1,0,0,0,0,0,0,2,1,1
2019-20,33,Tamilnadu,3314,KARUR,331403,ARAVAKURICHI,29,"Private Unaided (Recognized)",2,"UPS (I-VIII)",5,"Post graduate",5,Others,0,0,0,0,0,0,0,2,0,0,0,0,0,0,0,0,0,0,2,0,2
2019-20,33,Tamilnadu,3314,KARUR,331407,KULITHALAI,29,"Private Unaided (Recognized)",2,"UPS (I-VIII)",5,"Post graduate",5,Others,0,0,0,0,0,0,0,0,0,1,0,0,0,0,0,0,0,0,1,0,1
2019-20,33,Tamilnadu,3314,KARUR,331401,KARUR,29,"Private Unaided (Recognized)",3,"HSS (I-XII)",5,"Post graduate",5,Others,0,0,0,0,0,2,0,0,0,2,0,0,0,1,0,2,0,1,8,0,8
2019-20,33,Tamilnadu,3314,KARUR,331402,THANTHONI,29,"Private Unaided (Recognized)",3,"HSS (I-XII)",5,"Post graduate",5,Others,0,0,0,0,0,2,1,13,0,0,0,1,0,0,0,0,0,1,18,1,17
2019-20,33,Tamilnadu,3314,KARUR,331404,K.PARAMATHI,29,"Private Unaided (Recognized)",3,"HSS (I-XII)",5,"Post graduate",5,Others,0,0,0,0,0,0,1,1,0,0,0,0,0,0,0,0,0,0,2,1,1
2019-20,33,Tamilnadu,3314,KARUR,331402,THANTHONI,29,"Private Unaided (Recognized)",6,"SS (I-X)",5,"Post graduate",5,Others,0,0,0,0,0,0,0,0,0,0,0,0,0,1,0,0,0,0,1,0,1
2019-20,33,Tamilnadu,3314,KARUR,331402,THANTHONI,29,"Private Unaided (Recognized)",2,"UPS (I-VIII)",5,"Post graduate",6,None,0,0,0,0,0,0,0,0,0,1,0,0,0,0,0,0,0,0,1,0,1
2019-20,33,Tamilnadu,3314,KARUR,331404,K.PARAMATHI,29,"Private Unaided (Recognized)",2,"UPS (I-VIII)",5,"Post graduate",6,None,0,0,0,0,0,0,0,0,0,1,0,0,0,0,0,0,0,0,1,0,1
2019-20,33,Tamilnadu,3314,KARUR,331401,KARUR,29,"Private Unaided (Recognized)",3,"HSS (I-XII)",5,"Post graduate",6,None,0,0,0,0,0,2,0,0,0,0,0,1,1,1,4,0,0,0,9,5,4
2019-20,33,Tamilnadu,3314,KARUR,331402,THANTHONI,29,"Private Unaided (Recognized)",3,"HSS (I-XII)",5,"Post graduate",6,None,0,0,0,0,0,0,1,6,0,0,0,0,0,0,0,1,0,0,8,1,7
2019-20,33,Tamilnadu,3314,KARUR,331404,K.PARAMATHI,29,"Private Unaided (Recognized)",3,"HSS (I-XII)",5,"Post graduate",6,None,0,0,0,0,0,0,1,1,0,0,0,0,1,0,0,0,0,0,3,2,1
2019-20,33,Tamilnadu,3314,KARUR,331401,KARUR,29,"Private Unaided (Recognized)",6,"SS (I-X)",5,"Post graduate",6,None,0,0,0,0,0,0,0,0,0,2,1,0,0,0,0,0,0,0,3,1,2
2019-20,33,Tamilnadu,3314,KARUR,331401,KARUR,29,"Private Unaided (Recognized)",3,"HSS (I-XII)",6,M.Phil,1,"Diploma or certificate in basic teachers training of a duration not less than two years",0,0,0,0,0,0,0,0,0,1,0,0,0,0,0,0,0,0,1,0,1
2019-20,33,Tamilnadu,3314,KARUR,331402,THANTHONI,29,"Private Unaided (Recognized)",2,"UPS (I-VIII)",6,M.Phil,3,"B.Ed. or equivalent",0,0,0,0,0,1,0,0,0,0,0,0,0,0,0,0,0,0,1,0,1
2019-20,33,Tamilnadu,3314,KARUR,331407,KULITHALAI,29,"Private Unaided (Recognized)",2,"UPS (I-VIII)",6,M.Phil,3,"B.Ed. or equivalent",0,0,0,0,0,0,1,1,0,0,0,0,0,0,0,0,0,0,2,1,1
2019-20,33,Tamilnadu,3314,KARUR,331401,KARUR,29,"Private Unaided (Recognized)",3,"HSS (I-XII)",6,M.Phil,3,"B.Ed. or equivalent",0,0,0,1,0,4,0,3,0,6,0,1,1,7,2,3,1,0,29,4,25
2019-20,33,Tamilnadu,3314,KARUR,331402,THANTHONI,29,"Private Unaided (Recognized)",3,"HSS (I-XII)",6,M.Phil,3,"B.Ed. or equivalent",0,0,0,0,0,1,0,4,0,0,0,0,0,0,0,1,0,0,6,0,6
2019-20,33,Tamilnadu,3314,KARUR,331404,K.PARAMATHI,29,"Private Unaided (Recognized)",3,"HSS (I-XII)",6,M.Phil,3,"B.Ed. or equivalent",0,0,0,0,0,0,2,2,0,0,0,0,0,0,0,0,0,0,4,2,2
2019-20,33,Tamilnadu,3314,KARUR,331401,KARUR,29,"Private Unaided (Recognized)",6,"SS (I-X)",6,M.Phil,3,"B.Ed. or equivalent",0,0,0,0,0,0,0,0,0,0,0,0,0,3,0,0,0,0,3,0,3
2019-20,33,Tamilnadu,3314,KARUR,331402,THANTHONI,29,"Private Unaided (Recognized)",6,"SS (I-X)",6,M.Phil,3,"B.Ed. or equivalent",0,0,0,0,0,0,0,0,0,0,0,0,0,1,0,0,0,0,1,0,1
2019-20,33,Tamilnadu,3314,KARUR,331403,ARAVAKURICHI,29,"Private Unaided (Recognized)",6,"SS (I-X)",6,M.Phil,3,"B.Ed. or equivalent",0,0,0,0,0,0,0,0,0,0,0,0,1,0,0,0,0,0,1,1,0
2019-20,33,Tamilnadu,3314,KARUR,331407,KULITHALAI,29,"Private Unaided (Recognized)",6,"SS (I-X)",6,M.Phil,3,"B.Ed. or equivalent",0,0,0,0,0,0,0,0,0,0,0,0,0,2,0,0,0,0,2,0,2
2019-20,33,Tamilnadu,3314,KARUR,331401,KARUR,29,"Private Unaided (Recognized)",3,"HSS (I-XII)",6,M.Phil,4,"M.Ed. or equivalent",0,0,0,0,0,1,0,0,0,0,0,0,0,0,0,0,0,1,2,0,2
2019-20,33,Tamilnadu,3314,KARUR,331402,THANTHONI,29,"Private Unaided (Recognized)",6,"SS (I-X)",6,M.Phil,4,"M.Ed. or equivalent",0,0,0,0,0,0,0,0,0,0,0,0,0,1,0,0,0,0,1,0,1
2019-20,33,Tamilnadu,3314,KARUR,331401,KARUR,29,"Private Unaided (Recognized)",3,"HSS (I-XII)",6,M.Phil,5,Others,0,0,0,0,0,0,0,1,0,0,0,0,0,0,0,0,0,0,1,0,1
2019-20,33,Tamilnadu,3314,KARUR,331402,THANTHONI,29,"Private Unaided (Recognized)",3,"HSS (I-XII)",6,M.Phil,5,Others,0,0,0,0,0,0,1,0,0,0,0,0,0,0,0,0,0,0,1,1,0
2019-20,33,Tamilnadu,3314,KARUR,331407,KULITHALAI,29,"Private Unaided (Recognized)",2,"UPS (I-VIII)",6,M.Phil,6,None,0,0,0,0,0,0,0,0,0,1,0,0,0,0,0,0,0,0,1,0,1
2019-20,33,Tamilnadu,3314,KARUR,331401,KARUR,29,"Private Unaided (Recognized)",3,"HSS (I-XII)",6,M.Phil,6,None,0,0,0,0,0,0,0,0,0,0,0,0,0,0,1,0,0,0,1,1,0
2019-20,33,Tamilnadu,3314,KARUR,331402,THANTHONI,29,"Private Unaided (Recognized)",3,"HSS (I-XII)",6,M.Phil,6,None,0,0,0,0,0,0,1,1,0,0,0,0,0,0,0,0,0,0,2,1,1
2019-20,33,Tamilnadu,3314,KARUR,331407,KULITHALAI,29,"Private Unaided (Recognized)",6,"SS (I-X)",6,M.Phil,6,None,0,0,0,0,0,0,0,0,0,0,0,1,0,0,0,0,0,0,1,0,1
2019-20,33,Tamilnadu,3314,KARUR,331401,KARUR,29,"Private Unaided (Recognized)",3,"HSS (I-XII)",7,Ph.D,3,"B.Ed. or equivalent",0,0,0,0,0,0,0,0,0,0,0,0,0,0,0,0,1,0,1,1,0
2019-20,33,Tamilnadu,3314,KARUR,331402,THANTHONI,29,"Private Unaided (Recognized)",3,"HSS (I-XII)",7,Ph.D,3,"B.Ed. or equivalent",0,0,0,0,0,0,0,1,0,0,0,0,0,0,0,0,0,0,1,0,1
2019-20,33,Tamilnadu,3314,KARUR,331401,KARUR,29,"Private Unaided (Recognized)",3,"HSS (I-XII)",8,"Post Doctoral",3,"B.Ed. or equivalent",0,0,0,0,0,0,0,0,0,1,0,0,1,1,0,2,0,0,5,1,4
2019-20,33,Tamilnadu,3314,KARUR,331402,THANTHONI,4,"Tribal Welfare Department",1,"PS (I-V)",1,"Below Secondary",1,"Diploma or certificate in basic teachers training of a duration not less than two years",0,0,0,0,0,1,0,0,0,0,0,0,0,0,0,0,0,0,1,0,1
2019-20,33,Tamilnadu,3314,KARUR,331402,THANTHONI,4,"Tribal Welfare Department",1,"PS (I-V)",3,"Higher secondary",1,"Diploma or certificate in basic teachers training of a duration not less than two years",0,0,0,0,0,1,0,0,0,0,0,0,0,0,0,0,0,0,1,0,1
2019-20,33,Tamilnadu,3314,KARUR,331404,K.PARAMATHI,4,"Tribal Welfare Department",1,"PS (I-V)",3,"Higher secondary",1,"Diploma or certificate in basic teachers training of a duration not less than two years",0,0,0,0,0,1,0,0,0,0,0,0,0,0,0,0,0,0,1,0,1
2019-20,33,Tamilnadu,3314,KARUR,331405,KRISHNARAYAPURAM,4,"Tribal Welfare Department",1,"PS (I-V)",3,"Higher secondary",1,"Diploma or certificate in basic teachers training of a duration not less than two years",0,0,0,0,0,2,0,0,0,0,0,0,0,0,0,0,0,0,2,0,2
2019-20,33,Tamilnadu,3314,KARUR,331406,KADAVOOR,4,"Tribal Welfare Department",1,"PS (I-V)",3,"Higher secondary",1,"Diploma or certificate in basic teachers training of a duration not less than two years",0,0,0,0,2,2,0,0,0,0,0,0,0,0,0,0,0,0,4,2,2
2019-20,33,Tamilnadu,3314,KARUR,331408,THOGAIMALAI,4,"Tribal Welfare Department",1,"PS (I-V)",3,"Higher secondary",1,"Diploma or certificate in basic teachers training of a duration not less than two years",0,0,0,0,1,0,0,0,0,0,0,0,0,0,0,0,0,0,1,1,0
2019-20,33,Tamilnadu,3314,KARUR,331407,KULITHALAI,4,"Tribal Welfare Department",7,"SS (VI-X)",3,"Higher secondary",5,Others,0,0,0,0,0,0,0,0,1,0,0,0,0,0,0,0,0,0,1,1,0
2019-20,33,Tamilnadu,3314,KARUR,331404,K.PARAMATHI,4,"Tribal Welfare Department",1,"PS (I-V)",4,Graduate,1,"Diploma or certificate in basic teachers training of a duration not less than two years",0,0,0,0,0,1,0,0,0,0,0,0,0,0,0,0,0,0,1,0,1
2019-20,33,Tamilnadu,3314,KARUR,331405,KRISHNARAYAPURAM,4,"Tribal Welfare Department",1,"PS (I-V)",4,Graduate,1,"Diploma or certificate in basic teachers training of a duration not less than two years",0,0,0,0,0,1,0,0,0,0,0,0,0,0,0,0,0,0,1,0,1
2019-20,33,Tamilnadu,3314,KARUR,331408,THOGAIMALAI,4,"Tribal Welfare Department",1,"PS (I-V)",4,Graduate,1,"Diploma or certificate in basic teachers training of a duration not less than two years",0,0,0,0,0,3,0,0,0,0,0,0,0,0,0,0,0,0,3,0,3
2019-20,33,Tamilnadu,3314,KARUR,331401,KARUR,4,"Tribal Welfare Department",2,"UPS (I-VIII)",4,Graduate,1,"Diploma or certificate in basic teachers training of a duration not less than two years",0,0,0,0,0,1,0,0,0,0,0,0,0,0,0,0,0,0,1,0,1
2019-20,33,Tamilnadu,3314,KARUR,331402,THANTHONI,4,"Tribal Welfare Department",1,"PS (I-V)",4,Graduate,3,"B.Ed. or equivalent",0,0,0,0,0,1,0,0,0,0,0,0,0,0,0,0,0,0,1,0,1
2019-20,33,Tamilnadu,3314,KARUR,331405,KRISHNARAYAPURAM,4,"Tribal Welfare Department",1,"PS (I-V)",4,Graduate,3,"B.Ed. or equivalent",0,0,0,0,1,1,0,0,0,0,0,0,0,0,0,0,0,0,2,1,1
2019-20,33,Tamilnadu,3314,KARUR,331407,KULITHALAI,4,"Tribal Welfare Department",1,"PS (I-V)",4,Graduate,3,"B.Ed. or equivalent",0,0,0,0,1,1,0,0,0,0,0,0,0,0,0,0,0,0,2,1,1
2019-20,33,Tamilnadu,3314,KARUR,331408,THOGAIMALAI,4,"Tribal Welfare Department",1,"PS (I-V)",4,Graduate,3,"B.Ed. or equivalent",0,0,0,0,0,1,0,0,0,0,0,0,0,0,0,0,0,0,1,0,1
2019-20,33,Tamilnadu,3314,KARUR,331405,KRISHNARAYAPURAM,4,"Tribal Welfare Department",5,"HSS (VI-XII)",4,Graduate,3,"B.Ed. or equivalent",0,0,0,0,0,0,0,0,0,0,0,0,0,0,1,0,0,0,1,1,0
2019-20,33,Tamilnadu,3314,KARUR,331407,KULITHALAI,4,"Tribal Welfare Department",7,"SS (VI-X)",4,Graduate,3,"B.Ed. or equivalent",0,0,0,0,0,0,0,0,1,0,0,0,0,0,0,0,0,0,1,1,0
2019-20,33,Tamilnadu,3314,KARUR,331408,THOGAIMALAI,4,"Tribal Welfare Department",7,"SS (VI-X)",4,Graduate,3,"B.Ed. or equivalent",0,0,0,0,0,0,0,0,0,0,1,1,0,0,0,0,0,0,2,1,1
2019-20,33,Tamilnadu,3314,KARUR,331404,K.PARAMATHI,4,"Tribal Welfare Department",5,"HSS (VI-XII)",4,Graduate,6,None,0,0,0,0,0,0,0,0,1,0,0,0,0,0,0,0,0,0,1,1,0
2019-20,33,Tamilnadu,3314,KARUR,331405,KRISHNARAYAPURAM,4,"Tribal Welfare Department",1,"PS (I-V)",5,"Post graduate",1,"Diploma or certificate in basic teachers training of a duration not less than two years",0,0,0,0,0,1,0,0,0,0,0,0,0,0,0,0,0,0,1,0,1
2019-20,33,Tamilnadu,3314,KARUR,331406,KADAVOOR,4,"Tribal Welfare Department",1,"PS (I-V)",5,"Post graduate",1,"Diploma or certificate in basic teachers training of a duration not less than two years",0,0,0,0,1,1,0,0,0,0,0,0,0,0,0,0,0,0,2,1,1
2019-20,33,Tamilnadu,3314,KARUR,331407,KULITHALAI,4,"Tribal Welfare Department",1,"PS (I-V)",5,"Post graduate",1,"Diploma or certificate in basic teachers training of a duration not less than two years",0,0,0,0,0,2,0,0,0,0,0,0,0,0,0,0,0,0,2,0,2
2019-20,33,Tamilnadu,3314,KARUR,331408,THOGAIMALAI,4,"Tribal Welfare Department",1,"PS (I-V)",5,"Post graduate",1,"Diploma or certificate in basic teachers training of a duration not less than two years",0,0,0,0,1,0,0,0,0,0,0,0,0,0,0,0,0,0,1,1,0
2019-20,33,Tamilnadu,3314,KARUR,331404,K.PARAMATHI,4,"Tribal Welfare Department",1,"PS (I-V)",5,"Post graduate",3,"B.Ed. or equivalent",0,0,0,0,0,2,0,0,0,0,0,0,0,0,0,0,0,0,2,0,2
2019-20,33,Tamilnadu,3314,KARUR,331405,KRISHNARAYAPURAM,4,"Tribal Welfare Department",1,"PS (I-V)",5,"Post graduate",3,"B.Ed. or equivalent",0,0,0,0,0,3,0,0,0,0,0,0,0,0,0,0,0,0,3,0,3
2019-20,33,Tamilnadu,3314,KARUR,331407,KULITHALAI,4,"Tribal Welfare Department",1,"PS (I-V)",5,"Post graduate",3,"B.Ed. or equivalent",0,0,0,0,1,2,0,0,0,0,0,0,0,0,0,0,0,0,3,1,2
2019-20,33,Tamilnadu,3314,KARUR,331408,THOGAIMALAI,4,"Tribal Welfare Department",1,"PS (I-V)",5,"Post graduate",3,"B.Ed. or equivalent",0,0,0,0,1,3,0,0,0,0,0,0,0,0,0,0,0,0,4,1,3
2019-20,33,Tamilnadu,3314,KARUR,331401,KARUR,4,"Tribal Welfare Department",2,"UPS (I-VIII)",5,"Post graduate",3,"B.Ed. or equivalent",0,0,0,0,0,0,0,0,0,1,0,0,0,0,0,0,0,0,1,0,1
2019-20,33,Tamilnadu,3314,KARUR,331405,KRISHNARAYAPURAM,4,"Tribal Welfare Department",2,"UPS (I-VIII)",5,"Post graduate",3,"B.Ed. or equivalent",0,0,0,0,0,0,0,0,0,3,0,0,0,0,0,0,0,0,3,0,3
2019-20,33,Tamilnadu,3314,KARUR,331404,K.PARAMATHI,4,"Tribal Welfare Department",5,"HSS (VI-XII)",5,"Post graduate",3,"B.Ed. or equivalent",0,0,0,0,0,0,0,0,0,0,0,2,0,0,0,0,1,2,5,1,4
2019-20,33,Tamilnadu,3314,KARUR,331405,KRISHNARAYAPURAM,4,"Tribal Welfare Department",5,"HSS (VI-XII)",5,"Post graduate",3,"B.Ed. or equivalent",0,0,0,0,0,0,0,0,0,0,0,1,0,0,0,0,1,0,2,1,1
2019-20,33,Tamilnadu,3314,KARUR,331402,THANTHONI,4,"Tribal Welfare Department",7,"SS (VI-X)",5,"Post graduate",3,"B.Ed. or equivalent",0,0,0,0,0,0,0,0,0,0,0,2,0,0,0,0,0,0,2,0,2
2019-20,33,Tamilnadu,3314,KARUR,331405,KRISHNARAYAPURAM,4,"Tribal Welfare Department",7,"SS (VI-X)",5,"Post graduate",3,"B.Ed. or equivalent",0,0,0,0,0,0,0,0,0,0,2,2,0,0,0,0,0,0,4,2,2
2019-20,33,Tamilnadu,3314,KARUR,331406,KADAVOOR,4,"Tribal Welfare Department",7,"SS (VI-X)",5,"Post graduate",3,"B.Ed. or equivalent",0,0,0,0,0,0,0,0,0,0,1,0,0,0,0,0,0,0,1,1,0
2019-20,33,Tamilnadu,3314,KARUR,331407,KULITHALAI,4,"Tribal Welfare Department",7,"SS (VI-X)",5,"Post graduate",3,"B.Ed. or equivalent",0,0,0,0,0,0,0,0,0,1,3,2,1,0,0,0,0,0,7,4,3
2019-20,33,Tamilnadu,3314,KARUR,331408,THOGAIMALAI,4,"Tribal Welfare Department",7,"SS (VI-X)",5,"Post graduate",3,"B.Ed. or equivalent",0,0,0,0,0,0,0,0,0,0,1,2,0,0,0,0,0,0,3,1,2
2019-20,33,Tamilnadu,3314,KARUR,331404,K.PARAMATHI,4,"Tribal Welfare Department",5,"HSS (VI-XII)",5,"Post graduate",4,"M.Ed. or equivalent",0,0,0,0,0,0,0,0,0,0,0,2,0,0,0,0,1,0,3,1,2
2019-20,33,Tamilnadu,3314,KARUR,331405,KRISHNARAYAPURAM,4,"Tribal Welfare Department",5,"HSS (VI-XII)",5,"Post graduate",4,"M.Ed. or equivalent",0,0,0,0,0,0,0,0,0,0,0,0,0,0,0,0,1,0,1,1,0
2019-20,33,Tamilnadu,3314,KARUR,331405,KRISHNARAYAPURAM,4,"Tribal Welfare Department",7,"SS (VI-X)",5,"Post graduate",4,"M.Ed. or equivalent",0,0,0,0,0,0,0,0,0,0,0,0,1,0,0,0,0,0,1,1,0
2019-20,33,Tamilnadu,3314,KARUR,331407,KULITHALAI,4,"Tribal Welfare Department",7,"SS (VI-X)",5,"Post graduate",4,"M.Ed. or equivalent",0,0,0,0,0,0,0,0,1,0,0,0,0,0,0,0,0,0,1,1,0
2019-20,33,Tamilnadu,3314,KARUR,331408,THOGAIMALAI,4,"Tribal Welfare Department",7,"SS (VI-X)",5,"Post graduate",4,"M.Ed. or equivalent",0,0,0,0,0,0,0,0,0,0,1,0,0,0,0,0,0,0,1,1,0
2019-20,33,Tamilnadu,3314,KARUR,331404,K.PARAMATHI,4,"Tribal Welfare Department",5,"HSS (VI-XII)",6,M.Phil,3,"B.Ed. or equivalent",0,0,0,0,0,0,0,0,0,0,2,0,3,0,0,1,3,0,9,8,1
2019-20,33,Tamilnadu,3314,KARUR,331405,KRISHNARAYAPURAM,4,"Tribal Welfare Department",5,"HSS (VI-XII)",6,M.Phil,3,"B.Ed. or equivalent",0,0,0,0,0,0,0,0,0,0,1,4,0,0,0,0,2,0,7,3,4
2019-20,33,Tamilnadu,3314,KARUR,331402,THANTHONI,4,"Tribal Welfare Department",7,"SS (VI-X)",6,M.Phil,3,"B.Ed. or equivalent",0,0,0,0,0,0,0,0,0,0,0,2,0,0,0,0,0,0,2,0,2
2019-20,33,Tamilnadu,3314,KARUR,331406,KADAVOOR,4,"Tribal Welfare Department",7,"SS (VI-X)",6,M.Phil,3,"B.Ed. or equivalent",0,0,0,0,0,0,0,0,0,0,1,1,0,0,0,0,0,0,2,1,1
2019-20,33,Tamilnadu,3314,KARUR,331408,THOGAIMALAI,4,"Tribal Welfare Department",7,"SS (VI-X)",6,M.Phil,3,"B.Ed. or equivalent",0,0,0,0,0,0,0,0,0,0,0,0,1,1,0,0,0,0,2,1,1
2019-20,33,Tamilnadu,3314,KARUR,331404,K.PARAMATHI,4,"Tribal Welfare Department",5,"HSS (VI-XII)",6,M.Phil,4,"M.Ed. or equivalent",0,0,0,0,0,0,0,0,0,0,0,0,0,0,0,1,1,0,2,1,1
2019-20,33,Tamilnadu,3314,KARUR,331405,KRISHNARAYAPURAM,4,"Tribal Welfare Department",5,"HSS (VI-XII)",6,M.Phil,4,"M.Ed. or equivalent",0,0,0,0,0,0,0,0,0,0,0,0,0,0,0,0,1,0,1,1,0
