Academic_Year,State_Code,State_Name,District_Code,District_Name,Block_Code,Block_Name,School_Management_Id,School_Management_Name,School_Category_Id,School_Category_Name,Academic_Qualification_Id,Academic_Qualification_Name,Professional_Qualification_Id,Professional_Qualification_Name,Only_Pre_Primary_Male,Only_Pre_Primary_Female,Pre_Primary_and_Primary_Male,Pre_Primary_and_Primary_Female,Only_Primary_Male,Only_Primary_Female,Primary_and_Upperprimary_Male,Primary_and_Upperprimary_Female,Only_Upperprimary_Male,Only_Upperprimary_Female,Upperprimary_and_Secondary_Male,Upperprimary_and_Secondary_Female,Only_Secondary_Male,Only_Secondary_Female,Secondary_and_Highersecondary_Male,Secondary_and_Highersecondary_Female,Only_Highersecondary_Male,Only_Highersecondary_Female,Total_Teacher,Total_Male,Total_Female
2019-20,33,Tamilnadu,3325,THENI,332501,AUNDIPATTY,1,"Department of Education",1,"PS (I-V)",1,"Below Secondary",1,"Diploma or certificate in basic teachers training of a duration not less than two years",0,0,0,0,0,4,0,0,0,0,0,0,0,0,0,0,0,0,4,0,4
2019-20,33,Tamilnadu,3325,THENI,332502,BODINAYAKANUR,1,"Department of Education",1,"PS (I-V)",1,"Below Secondary",1,"Diploma or certificate in basic teachers training of a duration not less than two years",0,0,0,0,0,5,0,0,0,0,0,0,0,0,0,0,0,0,5,0,5
2019-20,33,Tamilnadu,3325,THENI,332503,CHINNAMANUR,1,"Department of Education",1,"PS (I-V)",1,"Below Secondary",1,"Diploma or certificate in basic teachers training of a duration not less than two years",0,0,0,0,0,3,0,0,0,0,0,0,0,0,0,0,0,0,3,0,3
2019-20,33,Tamilnadu,3325,THENI,332504,CUMBUM,1,"Department of Education",1,"PS (I-V)",1,"Below Secondary",1,"Diploma or certificate in basic teachers training of a duration not less than two years",0,0,0,0,0,3,0,0,0,0,0,0,0,0,0,0,0,0,3,0,3
2019-20,33,Tamilnadu,3325,THENI,332505,MYLADUMPARAI,1,"Department of Education",1,"PS (I-V)",1,"Below Secondary",1,"Diploma or certificate in basic teachers training of a duration not less than two years",0,0,0,0,1,0,0,0,0,0,0,0,0,0,0,0,0,0,1,1,0
2019-20,33,Tamilnadu,3325,THENI,332506,PERIYAKULAM,1,"Department of Education",1,"PS (I-V)",1,"Below Secondary",1,"Diploma or certificate in basic teachers training of a duration not less than two years",0,0,0,0,2,6,0,0,0,0,0,0,0,0,0,0,0,0,8,2,6
2019-20,33,Tamilnadu,3325,THENI,332507,THENI,1,"Department of Education",1,"PS (I-V)",1,"Below Secondary",1,"Diploma or certificate in basic teachers training of a duration not less than two years",0,0,0,0,0,4,0,0,0,0,0,0,0,0,0,0,0,0,4,0,4
2019-20,33,Tamilnadu,3325,THENI,332508,UTHAMAPALAYAM,1,"Department of Education",1,"PS (I-V)",1,"Below Secondary",1,"Diploma or certificate in basic teachers training of a duration not less than two years",0,0,0,0,1,0,0,0,0,0,0,0,0,0,0,0,0,0,1,1,0
2019-20,33,Tamilnadu,3325,THENI,332501,AUNDIPATTY,1,"Department of Education",2,"UPS (I-VIII)",1,"Below Secondary",1,"Diploma or certificate in basic teachers training of a duration not less than two years",0,0,0,0,2,1,0,0,0,0,0,0,0,0,0,0,0,0,3,2,1
2019-20,33,Tamilnadu,3325,THENI,332504,CUMBUM,1,"Department of Education",2,"UPS (I-VIII)",1,"Below Secondary",1,"Diploma or certificate in basic teachers training of a duration not less than two years",0,0,0,0,0,2,0,0,0,0,0,0,0,0,0,0,0,0,2,0,2
2019-20,33,Tamilnadu,3325,THENI,332505,MYLADUMPARAI,1,"Department of Education",2,"UPS (I-VIII)",1,"Below Secondary",1,"Diploma or certificate in basic teachers training of a duration not less than two years",0,0,0,0,0,1,0,0,0,0,0,0,0,0,0,0,0,0,1,0,1
2019-20,33,Tamilnadu,3325,THENI,332506,PERIYAKULAM,1,"Department of Education",2,"UPS (I-VIII)",1,"Below Secondary",1,"Diploma or certificate in basic teachers training of a duration not less than two years",0,0,0,0,0,1,0,0,0,0,0,0,0,0,0,0,0,0,1,0,1
2019-20,33,Tamilnadu,3325,THENI,332508,UTHAMAPALAYAM,1,"Department of Education",2,"UPS (I-VIII)",1,"Below Secondary",1,"Diploma or certificate in basic teachers training of a duration not less than two years",0,0,0,0,0,2,0,0,0,0,0,0,0,0,0,0,0,0,2,0,2
2019-20,33,Tamilnadu,3325,THENI,332501,AUNDIPATTY,1,"Department of Education",1,"PS (I-V)",1,"Below Secondary",3,"B.Ed. or equivalent",0,0,0,0,0,1,0,0,0,0,0,0,0,0,0,0,0,0,1,0,1
2019-20,33,Tamilnadu,3325,THENI,332503,CHINNAMANUR,1,"Department of Education",1,"PS (I-V)",1,"Below Secondary",3,"B.Ed. or equivalent",0,0,0,0,1,0,0,0,0,0,0,0,0,0,0,0,0,0,1,1,0
2019-20,33,Tamilnadu,3325,THENI,332506,PERIYAKULAM,1,"Department of Education",1,"PS (I-V)",1,"Below Secondary",3,"B.Ed. or equivalent",0,0,0,0,0,3,0,0,0,0,0,0,0,0,0,0,0,0,3,0,3
2019-20,33,Tamilnadu,3325,THENI,332502,BODINAYAKANUR,1,"Department of Education",2,"UPS (I-VIII)",1,"Below Secondary",3,"B.Ed. or equivalent",0,0,0,0,0,0,0,0,0,1,0,0,0,0,0,0,0,0,1,0,1
2019-20,33,Tamilnadu,3325,THENI,332502,BODINAYAKANUR,1,"Department of Education",5,"HSS (VI-XII)",1,"Below Secondary",3,"B.Ed. or equivalent",0,0,0,0,0,0,0,0,1,0,0,0,0,0,0,0,0,0,1,1,0
2019-20,33,Tamilnadu,3325,THENI,332503,CHINNAMANUR,1,"Department of Education",5,"HSS (VI-XII)",1,"Below Secondary",3,"B.Ed. or equivalent",0,0,0,0,0,0,0,0,0,3,0,1,0,0,0,0,1,0,5,1,4
2019-20,33,Tamilnadu,3325,THENI,332504,CUMBUM,1,"Department of Education",5,"HSS (VI-XII)",1,"Below Secondary",3,"B.Ed. or equivalent",0,0,0,0,0,0,0,0,0,1,0,1,0,0,0,0,0,0,2,0,2
2019-20,33,Tamilnadu,3325,THENI,332506,PERIYAKULAM,1,"Department of Education",5,"HSS (VI-XII)",1,"Below Secondary",3,"B.Ed. or equivalent",0,0,0,0,0,0,0,0,0,0,1,0,1,0,0,0,0,0,2,2,0
2019-20,33,Tamilnadu,3325,THENI,332508,UTHAMAPALAYAM,1,"Department of Education",5,"HSS (VI-XII)",1,"Below Secondary",3,"B.Ed. or equivalent",0,0,0,0,0,0,0,0,0,0,0,0,2,0,0,0,0,0,2,2,0
2019-20,33,Tamilnadu,3325,THENI,332503,CHINNAMANUR,1,"Department of Education",7,"SS (VI-X)",1,"Below Secondary",3,"B.Ed. or equivalent",0,0,0,0,0,0,0,0,0,1,0,0,0,0,0,0,0,0,1,0,1
2019-20,33,Tamilnadu,3325,THENI,332507,THENI,1,"Department of Education",1,"PS (I-V)",1,"Below Secondary",4,"M.Ed. or equivalent",0,0,0,0,0,1,0,0,0,0,0,0,0,0,0,0,0,0,1,0,1
2019-20,33,Tamilnadu,3325,THENI,332501,AUNDIPATTY,1,"Department of Education",5,"HSS (VI-XII)",1,"Below Secondary",4,"M.Ed. or equivalent",0,0,0,0,0,0,0,0,0,0,0,1,0,0,0,0,0,0,1,0,1
2019-20,33,Tamilnadu,3325,THENI,332504,CUMBUM,1,"Department of Education",5,"HSS (VI-XII)",1,"Below Secondary",4,"M.Ed. or equivalent",0,0,0,0,0,0,0,0,0,0,0,1,0,0,0,0,0,0,1,0,1
2019-20,33,Tamilnadu,3325,THENI,332506,PERIYAKULAM,1,"Department of Education",5,"HSS (VI-XII)",1,"Below Secondary",4,"M.Ed. or equivalent",0,0,0,0,0,0,0,0,0,1,0,0,0,1,0,0,0,0,2,0,2
2019-20,33,Tamilnadu,3325,THENI,332506,PERIYAKULAM,1,"Department of Education",7,"SS (VI-X)",1,"Below Secondary",4,"M.Ed. or equivalent",0,0,0,0,0,0,0,0,2,1,0,0,0,0,0,0,0,0,3,2,1
2019-20,33,Tamilnadu,3325,THENI,332501,AUNDIPATTY,1,"Department of Education",2,"UPS (I-VIII)",1,"Below Secondary",5,Others,0,0,0,0,0,0,0,0,1,0,0,0,0,0,0,0,0,0,1,1,0
2019-20,33,Tamilnadu,3325,THENI,332502,BODINAYAKANUR,1,"Department of Education",2,"UPS (I-VIII)",1,"Below Secondary",5,Others,0,0,0,0,0,0,0,0,1,0,0,0,0,0,0,0,0,0,1,1,0
2019-20,33,Tamilnadu,3325,THENI,332507,THENI,1,"Department of Education",2,"UPS (I-VIII)",1,"Below Secondary",5,Others,0,0,0,0,0,0,0,0,1,0,0,0,0,0,0,0,0,0,1,1,0
2019-20,33,Tamilnadu,3325,THENI,332501,AUNDIPATTY,1,"Department of Education",5,"HSS (VI-XII)",1,"Below Secondary",5,Others,0,0,0,0,0,0,0,0,2,0,0,0,0,0,0,0,0,0,2,2,0
2019-20,33,Tamilnadu,3325,THENI,332502,BODINAYAKANUR,1,"Department of Education",5,"HSS (VI-XII)",1,"Below Secondary",5,Others,0,0,0,0,0,0,0,0,1,0,0,0,0,0,1,0,0,0,2,2,0
2019-20,33,Tamilnadu,3325,THENI,332504,CUMBUM,1,"Department of Education",5,"HSS (VI-XII)",1,"Below Secondary",5,Others,0,0,0,0,0,0,0,0,0,1,0,0,0,0,0,0,0,0,1,0,1
2019-20,33,Tamilnadu,3325,THENI,332505,MYLADUMPARAI,1,"Department of Education",5,"HSS (VI-XII)",1,"Below Secondary",5,Others,0,0,0,0,0,0,0,0,3,0,0,0,0,0,0,0,0,0,3,3,0
2019-20,33,Tamilnadu,3325,THENI,332506,PERIYAKULAM,1,"Department of Education",5,"HSS (VI-XII)",1,"Below Secondary",5,Others,0,0,0,0,0,0,0,0,0,2,1,0,0,0,0,0,0,0,3,1,2
2019-20,33,Tamilnadu,3325,THENI,332507,THENI,1,"Department of Education",5,"HSS (VI-XII)",1,"Below Secondary",5,Others,0,0,0,0,0,0,0,0,0,1,0,0,0,0,0,0,0,0,1,0,1
2019-20,33,Tamilnadu,3325,THENI,332501,AUNDIPATTY,1,"Department of Education",7,"SS (VI-X)",1,"Below Secondary",5,Others,0,0,0,0,0,0,0,0,2,1,0,0,0,0,0,0,0,0,3,2,1
2019-20,33,Tamilnadu,3325,THENI,332501,AUNDIPATTY,1,"Department of Education",5,"HSS (VI-XII)",1,"Below Secondary",6,None,0,0,0,0,0,0,0,0,0,1,0,0,0,0,0,0,0,0,1,0,1
2019-20,33,Tamilnadu,3325,THENI,332502,BODINAYAKANUR,1,"Department of Education",5,"HSS (VI-XII)",1,"Below Secondary",6,None,0,0,0,0,0,0,0,0,1,0,0,0,0,0,0,0,0,0,1,1,0
2019-20,33,Tamilnadu,3325,THENI,332506,PERIYAKULAM,1,"Department of Education",5,"HSS (VI-XII)",1,"Below Secondary",6,None,0,0,0,0,0,0,0,0,1,1,0,0,0,0,0,0,0,0,2,1,1
2019-20,33,Tamilnadu,3325,THENI,332503,CHINNAMANUR,1,"Department of Education",7,"SS (VI-X)",1,"Below Secondary",6,None,0,0,0,0,0,0,0,0,1,2,0,0,0,0,0,0,0,0,3,1,2
2019-20,33,Tamilnadu,3325,THENI,332506,PERIYAKULAM,1,"Department of Education",7,"SS (VI-X)",1,"Below Secondary",6,None,0,0,0,0,0,0,0,0,1,1,0,0,0,0,0,0,0,0,2,1,1
2019-20,33,Tamilnadu,3325,THENI,332501,AUNDIPATTY,1,"Department of Education",1,"PS (I-V)",3,"Higher secondary",1,"Diploma or certificate in basic teachers training of a duration not less than two years",0,0,0,0,8,18,0,0,0,0,0,0,0,0,0,0,0,0,26,8,18
2019-20,33,Tamilnadu,3325,THENI,332502,BODINAYAKANUR,1,"Department of Education",1,"PS (I-V)",3,"Higher secondary",1,"Diploma or certificate in basic teachers training of a duration not less than two years",0,0,0,0,3,12,0,0,0,0,0,0,0,0,0,0,0,0,15,3,12
2019-20,33,Tamilnadu,3325,THENI,332503,CHINNAMANUR,1,"Department of Education",1,"PS (I-V)",3,"Higher secondary",1,"Diploma or certificate in basic teachers training of a duration not less than two years",0,0,0,0,0,4,0,0,0,0,0,0,0,0,0,0,0,0,4,0,4
2019-20,33,Tamilnadu,3325,THENI,332504,CUMBUM,1,"Department of Education",1,"PS (I-V)",3,"Higher secondary",1,"Diploma or certificate in basic teachers training of a duration not less than two years",0,0,0,0,2,4,0,0,0,0,0,0,0,0,0,0,0,0,6,2,4
2019-20,33,Tamilnadu,3325,THENI,332505,MYLADUMPARAI,1,"Department of Education",1,"PS (I-V)",3,"Higher secondary",1,"Diploma or certificate in basic teachers training of a duration not less than two years",0,0,0,0,3,12,0,0,0,0,0,0,0,0,0,0,0,0,15,3,12
2019-20,33,Tamilnadu,3325,THENI,332506,PERIYAKULAM,1,"Department of Education",1,"PS (I-V)",3,"Higher secondary",1,"Diploma or certificate in basic teachers training of a duration not less than two years",0,0,0,0,4,27,0,0,0,0,0,0,0,0,0,0,0,0,31,4,27
2019-20,33,Tamilnadu,3325,THENI,332507,THENI,1,"Department of Education",1,"PS (I-V)",3,"Higher secondary",1,"Diploma or certificate in basic teachers training of a duration not less than two years",0,0,0,0,1,2,0,0,0,0,0,0,0,0,0,0,0,0,3,1,2
2019-20,33,Tamilnadu,3325,THENI,332508,UTHAMAPALAYAM,1,"Department of Education",1,"PS (I-V)",3,"Higher secondary",1,"Diploma or certificate in basic teachers training of a duration not less than two years",0,0,0,0,2,8,0,0,0,0,0,0,0,0,0,0,0,0,10,2,8
2019-20,33,Tamilnadu,3325,THENI,332504,CUMBUM,24,"Private Unaided (Recognized)",2,"UPS (I-VIII)",3,"Higher secondary",6,None,0,0,0,0,0,1,0,0,0,0,0,0,0,0,0,0,0,0,1,0,1
2019-20,33,Tamilnadu,3325,THENI,332501,AUNDIPATTY,1,"Department of Education",2,"UPS (I-VIII)",3,"Higher secondary",1,"Diploma or certificate in basic teachers training of a duration not less than two years",0,0,0,0,2,4,0,0,0,0,0,0,0,0,0,0,0,0,6,2,4
2019-20,33,Tamilnadu,3325,THENI,332502,BODINAYAKANUR,1,"Department of Education",2,"UPS (I-VIII)",3,"Higher secondary",1,"Diploma or certificate in basic teachers training of a duration not less than two years",0,0,0,0,1,4,0,0,0,0,0,0,0,0,0,0,0,0,5,1,4
2019-20,33,Tamilnadu,3325,THENI,332503,CHINNAMANUR,1,"Department of Education",2,"UPS (I-VIII)",3,"Higher secondary",1,"Diploma or certificate in basic teachers training of a duration not less than two years",0,0,0,0,2,3,0,0,0,0,0,0,0,0,0,0,0,0,5,2,3
2019-20,33,Tamilnadu,3325,THENI,332504,CUMBUM,1,"Department of Education",2,"UPS (I-VIII)",3,"Higher secondary",1,"Diploma or certificate in basic teachers training of a duration not less than two years",0,0,0,0,2,3,0,0,0,0,0,0,0,0,0,0,0,0,5,2,3
2019-20,33,Tamilnadu,3325,THENI,332505,MYLADUMPARAI,1,"Department of Education",2,"UPS (I-VIII)",3,"Higher secondary",1,"Diploma or certificate in basic teachers training of a duration not less than two years",0,0,0,0,1,4,0,0,0,0,0,0,0,0,0,0,0,0,5,1,4
2019-20,33,Tamilnadu,3325,THENI,332506,PERIYAKULAM,1,"Department of Education",2,"UPS (I-VIII)",3,"Higher secondary",1,"Diploma or certificate in basic teachers training of a duration not less than two years",0,0,0,0,2,0,0,0,0,0,0,0,0,0,0,0,0,0,2,2,0
2019-20,33,Tamilnadu,3325,THENI,332507,THENI,1,"Department of Education",2,"UPS (I-VIII)",3,"Higher secondary",1,"Diploma or certificate in basic teachers training of a duration not less than two years",0,0,0,0,1,3,0,0,0,0,0,0,0,0,0,0,0,0,4,1,3
2019-20,33,Tamilnadu,3325,THENI,332508,UTHAMAPALAYAM,1,"Department of Education",2,"UPS (I-VIII)",3,"Higher secondary",1,"Diploma or certificate in basic teachers training of a duration not less than two years",0,0,0,0,0,7,0,0,0,0,0,0,0,0,0,0,0,0,7,0,7
2019-20,33,Tamilnadu,3325,THENI,332501,AUNDIPATTY,1,"Department of Education",1,"PS (I-V)",3,"Higher secondary",3,"B.Ed. or equivalent",0,0,0,0,4,3,0,0,0,0,0,0,0,0,0,0,0,0,7,4,3
2019-20,33,Tamilnadu,3325,THENI,332502,BODINAYAKANUR,1,"Department of Education",1,"PS (I-V)",3,"Higher secondary",3,"B.Ed. or equivalent",0,0,0,0,0,1,0,0,0,0,0,0,0,0,0,0,0,0,1,0,1
2019-20,33,Tamilnadu,3325,THENI,332504,CUMBUM,1,"Department of Education",1,"PS (I-V)",3,"Higher secondary",3,"B.Ed. or equivalent",0,0,0,0,0,1,0,0,0,0,0,0,0,0,0,0,0,0,1,0,1
2019-20,33,Tamilnadu,3325,THENI,332506,PERIYAKULAM,1,"Department of Education",1,"PS (I-V)",3,"Higher secondary",3,"B.Ed. or equivalent",0,0,0,0,2,6,0,0,0,0,0,0,0,0,0,0,0,0,8,2,6
2019-20,33,Tamilnadu,3325,THENI,332501,AUNDIPATTY,1,"Department of Education",2,"UPS (I-VIII)",3,"Higher secondary",3,"B.Ed. or equivalent",0,0,0,0,0,1,0,0,0,0,0,0,0,0,0,0,0,0,1,0,1
2019-20,33,Tamilnadu,3325,THENI,332503,CHINNAMANUR,1,"Department of Education",2,"UPS (I-VIII)",3,"Higher secondary",3,"B.Ed. or equivalent",0,0,0,0,0,0,0,0,1,0,0,0,0,0,0,0,0,0,1,1,0
2019-20,33,Tamilnadu,3325,THENI,332506,PERIYAKULAM,1,"Department of Education",2,"UPS (I-VIII)",3,"Higher secondary",3,"B.Ed. or equivalent",0,0,0,0,0,1,0,0,0,0,0,0,0,0,0,0,0,0,1,0,1
2019-20,33,Tamilnadu,3325,THENI,332508,UTHAMAPALAYAM,1,"Department of Education",2,"UPS (I-VIII)",3,"Higher secondary",3,"B.Ed. or equivalent",0,0,0,0,0,0,0,0,0,1,0,0,0,0,0,0,0,0,1,0,1
2019-20,33,Tamilnadu,3325,THENI,332501,AUNDIPATTY,1,"Department of Education",5,"HSS (VI-XII)",3,"Higher secondary",3,"B.Ed. or equivalent",0,0,0,0,0,0,0,0,0,0,0,0,0,0,0,1,1,0,2,1,1
2019-20,33,Tamilnadu,3325,THENI,332502,BODINAYAKANUR,1,"Department of Education",5,"HSS (VI-XII)",3,"Higher secondary",3,"B.Ed. or equivalent",0,0,0,0,0,0,0,0,0,0,0,0,0,1,0,0,0,0,1,0,1
2019-20,33,Tamilnadu,3325,THENI,332503,CHINNAMANUR,1,"Department of Education",5,"HSS (VI-XII)",3,"Higher secondary",3,"B.Ed. or equivalent",0,0,0,0,0,0,0,0,1,2,0,1,0,0,0,0,0,0,4,1,3
2019-20,33,Tamilnadu,3325,THENI,332505,MYLADUMPARAI,1,"Department of Education",5,"HSS (VI-XII)",3,"Higher secondary",3,"B.Ed. or equivalent",0,0,0,0,0,0,0,0,1,0,0,0,0,0,0,0,0,0,1,1,0
2019-20,33,Tamilnadu,3325,THENI,332506,PERIYAKULAM,1,"Department of Education",5,"HSS (VI-XII)",3,"Higher secondary",3,"B.Ed. or equivalent",0,0,0,0,0,0,0,0,0,1,0,0,0,0,0,0,1,0,2,1,1
2019-20,33,Tamilnadu,3325,THENI,332507,THENI,1,"Department of Education",5,"HSS (VI-XII)",3,"Higher secondary",3,"B.Ed. or equivalent",0,0,0,0,0,0,0,0,0,1,0,0,0,0,0,0,0,0,1,0,1
2019-20,33,Tamilnadu,3325,THENI,332501,AUNDIPATTY,1,"Department of Education",7,"SS (VI-X)",3,"Higher secondary",3,"B.Ed. or equivalent",0,0,0,0,0,0,0,0,0,1,0,0,0,0,0,0,0,0,1,0,1
2019-20,33,Tamilnadu,3325,THENI,332506,PERIYAKULAM,1,"Department of Education",7,"SS (VI-X)",3,"Higher secondary",3,"B.Ed. or equivalent",0,0,0,0,0,0,0,0,0,0,0,0,1,0,0,0,0,0,1,1,0
2019-20,33,Tamilnadu,3325,THENI,332504,CUMBUM,1,"Department of Education",2,"UPS (I-VIII)",3,"Higher secondary",4,"M.Ed. or equivalent",0,0,0,0,0,1,0,0,0,0,0,0,0,0,0,0,0,0,1,0,1
2019-20,33,Tamilnadu,3325,THENI,332503,CHINNAMANUR,1,"Department of Education",5,"HSS (VI-XII)",3,"Higher secondary",4,"M.Ed. or equivalent",0,0,0,0,0,0,0,0,0,0,0,2,0,0,0,0,0,0,2,0,2
2019-20,33,Tamilnadu,3325,THENI,332508,UTHAMAPALAYAM,1,"Department of Education",5,"HSS (VI-XII)",3,"Higher secondary",4,"M.Ed. or equivalent",0,0,0,0,0,0,0,0,0,0,0,1,0,0,0,0,0,0,1,0,1
2019-20,33,Tamilnadu,3325,THENI,332501,AUNDIPATTY,1,"Department of Education",2,"UPS (I-VIII)",3,"Higher secondary",5,Others,0,0,0,0,0,0,0,0,0,1,0,0,0,0,0,0,0,0,1,0,1
2019-20,33,Tamilnadu,3325,THENI,332502,BODINAYAKANUR,1,"Department of Education",2,"UPS (I-VIII)",3,"Higher secondary",5,Others,0,0,0,0,0,0,0,0,1,0,0,0,0,0,0,0,0,0,1,1,0
2019-20,33,Tamilnadu,3325,THENI,332503,CHINNAMANUR,1,"Department of Education",2,"UPS (I-VIII)",3,"Higher secondary",5,Others,0,0,0,0,0,0,0,0,1,0,0,0,0,0,0,0,0,0,1,1,0
2019-20,33,Tamilnadu,3325,THENI,332508,UTHAMAPALAYAM,1,"Department of Education",2,"UPS (I-VIII)",3,"Higher secondary",5,Others,0,0,0,0,0,0,0,0,1,0,0,0,0,0,0,0,0,0,1,1,0
2019-20,33,Tamilnadu,3325,THENI,332506,PERIYAKULAM,1,"Department of Education",3,"HSS (I-XII)",3,"Higher secondary",5,Others,0,0,0,0,0,0,0,0,0,0,1,0,0,0,0,0,0,0,1,1,0
2019-20,33,Tamilnadu,3325,THENI,332501,AUNDIPATTY,1,"Department of Education",5,"HSS (VI-XII)",3,"Higher secondary",5,Others,0,0,0,0,0,0,0,0,1,2,0,3,0,0,0,0,0,0,6,1,5
2019-20,33,Tamilnadu,3325,THENI,332502,BODINAYAKANUR,1,"Department of Education",5,"HSS (VI-XII)",3,"Higher secondary",5,Others,0,0,0,0,0,0,0,0,0,0,0,0,1,0,0,0,0,0,1,1,0
2019-20,33,Tamilnadu,3325,THENI,332504,CUMBUM,1,"Department of Education",5,"HSS (VI-XII)",3,"Higher secondary",5,Others,0,0,0,0,0,0,0,0,1,0,0,0,0,0,0,0,0,0,1,1,0
2019-20,33,Tamilnadu,3325,THENI,332505,MYLADUMPARAI,1,"Department of Education",5,"HSS (VI-XII)",3,"Higher secondary",5,Others,0,0,0,0,0,0,0,0,2,1,0,1,0,0,0,0,1,0,5,3,2
2019-20,33,Tamilnadu,3325,THENI,332506,PERIYAKULAM,1,"Department of Education",5,"HSS (VI-XII)",3,"Higher secondary",5,Others,0,0,0,0,0,0,0,0,3,2,3,1,1,1,1,0,0,0,12,8,4
2019-20,33,Tamilnadu,3325,THENI,332507,THENI,1,"Department of Education",5,"HSS (VI-XII)",3,"Higher secondary",5,Others,0,0,0,0,0,0,0,0,1,2,1,1,0,0,0,0,0,0,5,2,3
2019-20,33,Tamilnadu,3325,THENI,332508,UTHAMAPALAYAM,1,"Department of Education",5,"HSS (VI-XII)",3,"Higher secondary",5,Others,0,0,0,0,0,0,0,0,0,0,0,0,0,1,0,0,1,0,2,1,1
2019-20,33,Tamilnadu,3325,THENI,332501,AUNDIPATTY,1,"Department of Education",7,"SS (VI-X)",3,"Higher secondary",5,Others,0,0,0,0,0,0,0,0,1,3,0,0,0,0,0,0,0,0,4,1,3
2019-20,33,Tamilnadu,3325,THENI,332506,PERIYAKULAM,1,"Department of Education",7,"SS (VI-X)",3,"Higher secondary",5,Others,0,0,0,0,0,0,0,0,2,1,0,0,0,0,0,0,0,0,3,2,1
2019-20,33,Tamilnadu,3325,THENI,332507,THENI,1,"Department of Education",7,"SS (VI-X)",3,"Higher secondary",5,Others,0,0,0,0,0,0,0,0,0,0,0,0,1,0,0,0,0,0,1,1,0
2019-20,33,Tamilnadu,3325,THENI,332508,UTHAMAPALAYAM,1,"Department of Education",7,"SS (VI-X)",3,"Higher secondary",5,Others,0,0,0,0,0,0,0,0,1,0,0,0,0,0,0,0,0,0,1,1,0
2019-20,33,Tamilnadu,3325,THENI,332504,CUMBUM,1,"Department of Education",2,"UPS (I-VIII)",3,"Higher secondary",6,None,0,0,0,0,0,0,0,0,1,1,0,0,0,0,0,0,0,0,2,1,1
2019-20,33,Tamilnadu,3325,THENI,332503,CHINNAMANUR,1,"Department of Education",5,"HSS (VI-XII)",3,"Higher secondary",6,None,0,0,0,0,0,0,0,0,1,0,0,0,1,0,0,0,0,0,2,2,0
2019-20,33,Tamilnadu,3325,THENI,332508,UTHAMAPALAYAM,1,"Department of Education",5,"HSS (VI-XII)",3,"Higher secondary",6,None,0,0,0,0,0,0,0,0,0,1,0,0,0,0,0,0,0,0,1,0,1
2019-20,33,Tamilnadu,3325,THENI,332501,AUNDIPATTY,1,"Department of Education",1,"PS (I-V)",4,Graduate,1,"Diploma or certificate in basic teachers training of a duration not less than two years",0,0,0,0,5,16,0,0,0,0,0,0,0,0,0,0,0,0,21,5,16
2019-20,33,Tamilnadu,3325,THENI,332502,BODINAYAKANUR,1,"Department of Education",1,"PS (I-V)",4,Graduate,1,"Diploma or certificate in basic teachers training of a duration not less than two years",0,0,0,0,0,4,0,0,0,0,0,0,0,0,0,0,0,0,4,0,4
2019-20,33,Tamilnadu,3325,THENI,332503,CHINNAMANUR,1,"Department of Education",1,"PS (I-V)",4,Graduate,1,"Diploma or certificate in basic teachers training of a duration not less than two years",0,0,0,0,1,4,0,0,0,0,0,0,0,0,0,0,0,0,5,1,4
2019-20,33,Tamilnadu,3325,THENI,332504,CUMBUM,1,"Department of Education",1,"PS (I-V)",4,Graduate,1,"Diploma or certificate in basic teachers training of a duration not less than two years",0,0,0,0,3,2,0,0,0,0,0,0,0,0,0,0,0,0,5,3,2
2019-20,33,Tamilnadu,3325,THENI,332505,MYLADUMPARAI,1,"Department of Education",1,"PS (I-V)",4,Graduate,1,"Diploma or certificate in basic teachers training of a duration not less than two years",0,0,0,0,2,8,0,0,0,0,0,0,0,0,0,0,0,0,10,2,8
2019-20,33,Tamilnadu,3325,THENI,332506,PERIYAKULAM,1,"Department of Education",1,"PS (I-V)",4,Graduate,1,"Diploma or certificate in basic teachers training of a duration not less than two years",0,0,0,0,4,8,0,0,0,0,0,0,0,0,0,0,0,0,12,4,8
2019-20,33,Tamilnadu,3325,THENI,332507,THENI,1,"Department of Education",1,"PS (I-V)",4,Graduate,1,"Diploma or certificate in basic teachers training of a duration not less than two years",0,0,0,0,0,5,0,0,0,0,0,0,0,0,0,0,0,0,5,0,5
2019-20,33,Tamilnadu,3325,THENI,332508,UTHAMAPALAYAM,1,"Department of Education",1,"PS (I-V)",4,Graduate,1,"Diploma or certificate in basic teachers training of a duration not less than two years",0,0,0,0,0,1,0,0,0,0,0,0,0,0,0,0,0,0,1,0,1
2019-20,33,Tamilnadu,3325,THENI,332501,AUNDIPATTY,1,"Department of Education",2,"UPS (I-VIII)",4,Graduate,1,"Diploma or certificate in basic teachers training of a duration not less than two years",0,0,0,0,1,9,0,0,0,0,0,0,0,0,0,0,0,0,10,1,9
2019-20,33,Tamilnadu,3325,THENI,332502,BODINAYAKANUR,1,"Department of Education",2,"UPS (I-VIII)",4,Graduate,1,"Diploma or certificate in basic teachers training of a duration not less than two years",0,0,0,0,0,5,0,0,0,0,0,0,0,0,0,0,0,0,5,0,5
2019-20,33,Tamilnadu,3325,THENI,332503,CHINNAMANUR,1,"Department of Education",2,"UPS (I-VIII)",4,Graduate,1,"Diploma or certificate in basic teachers training of a duration not less than two years",0,0,0,0,1,1,0,0,0,0,0,0,0,0,0,0,0,0,2,1,1
2019-20,33,Tamilnadu,3325,THENI,332504,CUMBUM,1,"Department of Education",2,"UPS (I-VIII)",4,Graduate,1,"Diploma or certificate in basic teachers training of a duration not less than two years",0,0,0,0,1,1,0,0,0,0,0,0,0,0,0,0,0,0,2,1,1
2019-20,33,Tamilnadu,3325,THENI,332505,MYLADUMPARAI,1,"Department of Education",2,"UPS (I-VIII)",4,Graduate,1,"Diploma or certificate in basic teachers training of a duration not less than two years",0,0,0,0,3,5,0,0,0,0,0,0,0,0,0,0,0,0,8,3,5
2019-20,33,Tamilnadu,3325,THENI,332506,PERIYAKULAM,1,"Department of Education",2,"UPS (I-VIII)",4,Graduate,1,"Diploma or certificate in basic teachers training of a duration not less than two years",0,0,0,0,0,2,0,0,0,0,0,0,0,0,0,0,0,0,2,0,2
2019-20,33,Tamilnadu,3325,THENI,332507,THENI,1,"Department of Education",2,"UPS (I-VIII)",4,Graduate,1,"Diploma or certificate in basic teachers training of a duration not less than two years",0,0,0,0,0,5,0,0,0,0,0,0,0,0,0,0,0,0,5,0,5
2019-20,33,Tamilnadu,3325,THENI,332508,UTHAMAPALAYAM,1,"Department of Education",2,"UPS (I-VIII)",4,Graduate,1,"Diploma or certificate in basic teachers training of a duration not less than two years",0,0,0,0,0,2,0,0,0,0,0,0,0,0,0,0,0,0,2,0,2
2019-20,33,Tamilnadu,3325,THENI,332504,CUMBUM,24,"Private Unaided (Recognized)",1,"PS (I-V)",3,"Higher secondary",3,"B.Ed. or equivalent",0,0,0,0,1,0,0,0,0,0,0,0,0,0,0,0,0,0,1,1,0
2019-20,33,Tamilnadu,3325,THENI,332501,AUNDIPATTY,24,"Private Unaided (Recognized)",1,"PS (I-V)",4,Graduate,3,"B.Ed. or equivalent",0,0,0,1,0,10,0,0,0,0,0,0,0,0,0,0,0,0,11,0,11
2019-20,33,Tamilnadu,3325,THENI,332502,BODINAYAKANUR,24,"Private Unaided (Recognized)",1,"PS (I-V)",4,Graduate,3,"B.Ed. or equivalent",0,0,0,0,0,21,0,0,0,0,0,0,0,0,0,0,0,0,21,0,21
2019-20,33,Tamilnadu,3325,THENI,332503,CHINNAMANUR,24,"Private Unaided (Recognized)",1,"PS (I-V)",4,Graduate,3,"B.Ed. or equivalent",0,0,0,0,0,8,0,0,0,0,0,0,0,0,0,0,0,0,8,0,8
2019-20,33,Tamilnadu,3325,THENI,332504,CUMBUM,24,"Private Unaided (Recognized)",1,"PS (I-V)",4,Graduate,3,"B.Ed. or equivalent",0,0,0,0,1,19,0,0,0,0,0,0,0,0,0,0,0,0,20,1,19
2019-20,33,Tamilnadu,3325,THENI,332505,MYLADUMPARAI,24,"Private Unaided (Recognized)",1,"PS (I-V)",4,Graduate,3,"B.Ed. or equivalent",0,0,0,0,1,8,0,0,0,0,0,0,0,0,0,0,0,0,9,1,8
2019-20,33,Tamilnadu,3325,THENI,332506,PERIYAKULAM,24,"Private Unaided (Recognized)",1,"PS (I-V)",4,Graduate,3,"B.Ed. or equivalent",0,0,0,7,2,39,0,0,0,0,0,0,0,0,0,0,0,0,48,2,46
2019-20,33,Tamilnadu,3325,THENI,332507,THENI,24,"Private Unaided (Recognized)",1,"PS (I-V)",4,Graduate,3,"B.Ed. or equivalent",0,0,0,0,0,25,0,0,0,0,0,0,0,0,0,0,0,0,25,0,25
2019-20,33,Tamilnadu,3325,THENI,332508,UTHAMAPALAYAM,24,"Private Unaided (Recognized)",1,"PS (I-V)",4,Graduate,3,"B.Ed. or equivalent",0,0,0,1,1,10,0,0,0,0,0,0,0,0,0,0,0,0,12,1,11
2019-20,33,Tamilnadu,3325,THENI,332501,AUNDIPATTY,1,"Department of Education",1,"PS (I-V)",4,Graduate,3,"B.Ed. or equivalent",0,0,0,0,1,8,0,0,0,0,0,0,0,0,0,0,0,0,9,1,8
2019-20,33,Tamilnadu,3325,THENI,332502,BODINAYAKANUR,1,"Department of Education",1,"PS (I-V)",4,Graduate,3,"B.Ed. or equivalent",0,0,0,0,1,1,0,0,0,0,0,0,0,0,0,0,0,0,2,1,1
2019-20,33,Tamilnadu,3325,THENI,332503,CHINNAMANUR,1,"Department of Education",1,"PS (I-V)",4,Graduate,3,"B.Ed. or equivalent",0,0,0,0,0,3,0,0,0,0,0,0,0,0,0,0,0,0,3,0,3
2019-20,33,Tamilnadu,3325,THENI,332504,CUMBUM,1,"Department of Education",1,"PS (I-V)",4,Graduate,3,"B.Ed. or equivalent",0,0,0,0,0,3,0,0,0,0,0,0,0,0,0,0,0,0,3,0,3
2019-20,33,Tamilnadu,3325,THENI,332505,MYLADUMPARAI,1,"Department of Education",1,"PS (I-V)",4,Graduate,3,"B.Ed. or equivalent",0,0,0,0,7,13,0,0,0,0,0,0,0,0,0,0,0,0,20,7,13
2019-20,33,Tamilnadu,3325,THENI,332506,PERIYAKULAM,1,"Department of Education",1,"PS (I-V)",4,Graduate,3,"B.Ed. or equivalent",0,0,0,0,0,6,0,0,0,0,0,0,0,0,0,0,0,0,6,0,6
2019-20,33,Tamilnadu,3325,THENI,332507,THENI,1,"Department of Education",1,"PS (I-V)",4,Graduate,3,"B.Ed. or equivalent",0,0,0,0,0,3,0,0,0,0,0,0,0,0,0,0,0,0,3,0,3
2019-20,33,Tamilnadu,3325,THENI,332508,UTHAMAPALAYAM,1,"Department of Education",1,"PS (I-V)",4,Graduate,3,"B.Ed. or equivalent",0,0,0,0,2,6,0,0,0,0,0,0,0,0,0,0,0,0,8,2,6
2019-20,33,Tamilnadu,3325,THENI,332501,AUNDIPATTY,1,"Department of Education",2,"UPS (I-VIII)",4,Graduate,3,"B.Ed. or equivalent",0,0,0,0,1,2,0,2,2,0,0,0,0,0,0,0,0,0,7,3,4
2019-20,33,Tamilnadu,3325,THENI,332502,BODINAYAKANUR,1,"Department of Education",2,"UPS (I-VIII)",4,Graduate,3,"B.Ed. or equivalent",0,0,0,0,1,4,0,0,2,3,0,0,0,0,0,0,0,0,10,3,7
2019-20,33,Tamilnadu,3325,THENI,332503,CHINNAMANUR,1,"Department of Education",2,"UPS (I-VIII)",4,Graduate,3,"B.Ed. or equivalent",0,0,0,0,0,2,0,0,2,2,0,0,0,0,0,0,0,0,6,2,4
2019-20,33,Tamilnadu,3325,THENI,332504,CUMBUM,1,"Department of Education",2,"UPS (I-VIII)",4,Graduate,3,"B.Ed. or equivalent",0,0,0,0,0,1,0,0,0,0,0,0,0,0,0,0,0,0,1,0,1
2019-20,33,Tamilnadu,3325,THENI,332505,MYLADUMPARAI,1,"Department of Education",2,"UPS (I-VIII)",4,Graduate,3,"B.Ed. or equivalent",0,0,0,0,1,2,1,0,1,2,0,0,0,0,0,0,0,0,7,3,4
2019-20,33,Tamilnadu,3325,THENI,332506,PERIYAKULAM,1,"Department of Education",2,"UPS (I-VIII)",4,Graduate,3,"B.Ed. or equivalent",0,0,0,0,1,1,0,0,1,2,0,0,0,0,0,0,0,0,5,2,3
2019-20,33,Tamilnadu,3325,THENI,332507,THENI,1,"Department of Education",2,"UPS (I-VIII)",4,Graduate,3,"B.Ed. or equivalent",0,0,0,0,0,3,0,0,2,4,0,0,0,0,0,0,0,0,9,2,7
2019-20,33,Tamilnadu,3325,THENI,332508,UTHAMAPALAYAM,1,"Department of Education",2,"UPS (I-VIII)",4,Graduate,3,"B.Ed. or equivalent",0,0,0,0,0,9,1,0,3,4,0,0,0,0,0,0,0,0,17,4,13
2019-20,33,Tamilnadu,3325,THENI,332506,PERIYAKULAM,1,"Department of Education",3,"HSS (I-XII)",4,Graduate,3,"B.Ed. or equivalent",0,0,0,0,0,0,0,0,1,1,0,0,0,1,1,0,0,0,4,2,2
2019-20,33,Tamilnadu,3325,THENI,332501,AUNDIPATTY,1,"Department of Education",5,"HSS (VI-XII)",4,Graduate,3,"B.Ed. or equivalent",0,0,0,0,0,0,0,0,2,1,0,3,1,1,0,0,1,0,9,4,5
2019-20,33,Tamilnadu,3325,THENI,332502,BODINAYAKANUR,1,"Department of Education",5,"HSS (VI-XII)",4,Graduate,3,"B.Ed. or equivalent",0,0,0,0,0,0,0,0,3,2,1,2,0,1,2,0,0,1,12,6,6
2019-20,33,Tamilnadu,3325,THENI,332503,CHINNAMANUR,1,"Department of Education",5,"HSS (VI-XII)",4,Graduate,3,"B.Ed. or equivalent",0,0,0,0,0,0,0,0,1,1,2,0,1,4,0,2,0,1,12,4,8
2019-20,33,Tamilnadu,3325,THENI,332504,CUMBUM,1,"Department of Education",5,"HSS (VI-XII)",4,Graduate,3,"B.Ed. or equivalent",0,0,0,0,0,0,0,0,1,1,4,6,0,0,0,0,0,0,12,5,7
2019-20,33,Tamilnadu,3325,THENI,332505,MYLADUMPARAI,1,"Department of Education",5,"HSS (VI-XII)",4,Graduate,3,"B.Ed. or equivalent",0,0,0,0,0,0,0,0,3,2,3,3,0,0,2,0,0,0,13,8,5
2019-20,33,Tamilnadu,3325,THENI,332506,PERIYAKULAM,1,"Department of Education",5,"HSS (VI-XII)",4,Graduate,3,"B.Ed. or equivalent",0,0,0,0,0,0,0,0,1,1,1,11,1,2,1,0,0,1,19,4,15
2019-20,33,Tamilnadu,3325,THENI,332507,THENI,1,"Department of Education",5,"HSS (VI-XII)",4,Graduate,3,"B.Ed. or equivalent",0,0,0,0,0,0,0,0,2,0,0,1,0,2,0,0,0,0,5,2,3
2019-20,33,Tamilnadu,3325,THENI,332508,UTHAMAPALAYAM,1,"Department of Education",5,"HSS (VI-XII)",4,Graduate,3,"B.Ed. or equivalent",0,0,0,0,0,0,0,0,4,1,0,0,0,0,0,1,0,1,7,4,3
2019-20,33,Tamilnadu,3325,THENI,332501,AUNDIPATTY,1,"Department of Education",7,"SS (VI-X)",4,Graduate,3,"B.Ed. or equivalent",0,0,0,0,0,0,0,0,2,5,1,3,1,0,0,0,0,0,12,4,8
2019-20,33,Tamilnadu,3325,THENI,332503,CHINNAMANUR,1,"Department of Education",7,"SS (VI-X)",4,Graduate,3,"B.Ed. or equivalent",0,0,0,0,0,0,0,0,0,0,1,1,1,1,0,0,0,0,4,2,2
2019-20,33,Tamilnadu,3325,THENI,332505,MYLADUMPARAI,1,"Department of Education",7,"SS (VI-X)",4,Graduate,3,"B.Ed. or equivalent",0,0,0,0,0,0,0,0,2,0,0,0,0,0,0,0,0,0,2,2,0
2019-20,33,Tamilnadu,3325,THENI,332506,PERIYAKULAM,1,"Department of Education",7,"SS (VI-X)",4,Graduate,3,"B.Ed. or equivalent",0,0,0,0,0,0,0,0,3,1,2,6,0,1,0,0,0,0,13,5,8
2019-20,33,Tamilnadu,3325,THENI,332507,THENI,1,"Department of Education",7,"SS (VI-X)",4,Graduate,3,"B.Ed. or equivalent",0,0,0,0,0,0,0,0,0,1,0,2,0,0,0,0,0,0,3,0,3
2019-20,33,Tamilnadu,3325,THENI,332508,UTHAMAPALAYAM,1,"Department of Education",7,"SS (VI-X)",4,Graduate,3,"B.Ed. or equivalent",0,0,0,0,0,0,0,0,1,0,0,0,0,0,0,0,0,0,1,1,0
2019-20,33,Tamilnadu,3325,THENI,332504,CUMBUM,1,"Department of Education",1,"PS (I-V)",4,Graduate,4,"M.Ed. or equivalent",0,0,0,0,0,1,0,0,0,0,0,0,0,0,0,0,0,0,1,0,1
2019-20,33,Tamilnadu,3325,THENI,332505,MYLADUMPARAI,1,"Department of Education",1,"PS (I-V)",4,Graduate,4,"M.Ed. or equivalent",0,0,0,0,0,1,0,0,0,0,0,0,0,0,0,0,0,0,1,0,1
2019-20,33,Tamilnadu,3325,THENI,332507,THENI,1,"Department of Education",1,"PS (I-V)",4,Graduate,4,"M.Ed. or equivalent",0,0,0,0,1,1,0,0,0,0,0,0,0,0,0,0,0,0,2,1,1
2019-20,33,Tamilnadu,3325,THENI,332504,CUMBUM,1,"Department of Education",2,"UPS (I-VIII)",4,Graduate,4,"M.Ed. or equivalent",0,0,0,0,0,0,0,0,0,1,0,0,0,0,0,0,0,0,1,0,1
2019-20,33,Tamilnadu,3325,THENI,332505,MYLADUMPARAI,1,"Department of Education",2,"UPS (I-VIII)",4,Graduate,4,"M.Ed. or equivalent",0,0,0,0,0,0,0,1,1,0,0,0,0,0,0,0,0,0,2,1,1
2019-20,33,Tamilnadu,3325,THENI,332506,PERIYAKULAM,1,"Department of Education",2,"UPS (I-VIII)",4,Graduate,4,"M.Ed. or equivalent",0,0,0,0,0,0,0,0,1,0,0,0,0,0,0,0,0,0,1,1,0
2019-20,33,Tamilnadu,3325,THENI,332507,THENI,1,"Department of Education",2,"UPS (I-VIII)",4,Graduate,4,"M.Ed. or equivalent",0,0,0,0,0,1,0,0,0,1,0,0,0,0,0,0,0,0,2,0,2
2019-20,33,Tamilnadu,3325,THENI,332508,UTHAMAPALAYAM,1,"Department of Education",2,"UPS (I-VIII)",4,Graduate,4,"M.Ed. or equivalent",0,0,0,0,0,0,0,0,0,1,0,0,0,0,0,0,0,0,1,0,1
2019-20,33,Tamilnadu,3325,THENI,332503,CHINNAMANUR,1,"Department of Education",5,"HSS (VI-XII)",4,Graduate,4,"M.Ed. or equivalent",0,0,0,0,0,0,0,0,1,0,0,0,0,0,0,0,0,0,1,1,0
2019-20,33,Tamilnadu,3325,THENI,332505,MYLADUMPARAI,1,"Department of Education",5,"HSS (VI-XII)",4,Graduate,4,"M.Ed. or equivalent",0,0,0,0,0,0,0,0,1,0,0,0,0,0,1,0,0,0,2,2,0
2019-20,33,Tamilnadu,3325,THENI,332506,PERIYAKULAM,1,"Department of Education",5,"HSS (VI-XII)",4,Graduate,4,"M.Ed. or equivalent",0,0,0,0,0,0,0,0,0,0,0,0,1,0,0,0,0,0,1,1,0
2019-20,33,Tamilnadu,3325,THENI,332506,PERIYAKULAM,1,"Department of Education",7,"SS (VI-X)",4,Graduate,4,"M.Ed. or equivalent",0,0,0,0,0,0,0,0,0,0,0,0,0,1,0,0,0,0,1,0,1
2019-20,33,Tamilnadu,3325,THENI,332501,AUNDIPATTY,1,"Department of Education",2,"UPS (I-VIII)",4,Graduate,5,Others,0,0,0,0,0,0,0,0,1,0,0,0,0,0,0,0,0,0,1,1,0
2019-20,33,Tamilnadu,3325,THENI,332503,CHINNAMANUR,1,"Department of Education",2,"UPS (I-VIII)",4,Graduate,5,Others,0,0,0,0,0,0,0,0,1,1,0,0,0,0,0,0,0,0,2,1,1
2019-20,33,Tamilnadu,3325,THENI,332501,AUNDIPATTY,1,"Department of Education",5,"HSS (VI-XII)",4,Graduate,5,Others,0,0,0,0,0,0,0,0,3,3,0,0,0,0,0,0,0,0,6,3,3
2019-20,33,Tamilnadu,3325,THENI,332502,BODINAYAKANUR,1,"Department of Education",5,"HSS (VI-XII)",4,Graduate,5,Others,0,0,0,0,0,0,0,0,0,0,0,1,0,0,1,0,0,0,2,1,1
2019-20,33,Tamilnadu,3325,THENI,332504,CUMBUM,1,"Department of Education",5,"HSS (VI-XII)",4,Graduate,5,Others,0,0,0,0,0,0,0,0,1,1,0,0,0,0,0,0,0,0,2,1,1
2019-20,33,Tamilnadu,3325,THENI,332505,MYLADUMPARAI,1,"Department of Education",5,"HSS (VI-XII)",4,Graduate,5,Others,0,0,0,0,0,0,0,0,1,0,2,0,0,0,0,0,0,0,3,3,0
2019-20,33,Tamilnadu,3325,THENI,332506,PERIYAKULAM,1,"Department of Education",5,"HSS (VI-XII)",4,Graduate,5,Others,0,0,0,0,0,0,0,0,3,2,0,0,1,0,0,0,0,1,7,4,3
2019-20,33,Tamilnadu,3325,THENI,332507,THENI,1,"Department of Education",5,"HSS (VI-XII)",4,Graduate,5,Others,0,0,0,0,0,0,0,0,1,1,0,0,0,0,0,0,0,0,2,1,1
2019-20,33,Tamilnadu,3325,THENI,332508,UTHAMAPALAYAM,1,"Department of Education",5,"HSS (VI-XII)",4,Graduate,5,Others,0,0,0,0,0,0,0,0,1,0,0,0,1,0,0,0,0,0,2,2,0
2019-20,33,Tamilnadu,3325,THENI,332501,AUNDIPATTY,1,"Department of Education",7,"SS (VI-X)",4,Graduate,5,Others,0,0,0,0,0,0,0,0,0,2,1,0,0,0,0,0,0,0,3,1,2
2019-20,33,Tamilnadu,3325,THENI,332506,PERIYAKULAM,1,"Department of Education",7,"SS (VI-X)",4,Graduate,5,Others,0,0,0,0,0,0,0,0,1,2,0,0,1,0,0,0,0,0,4,2,2
2019-20,33,Tamilnadu,3325,THENI,332507,THENI,1,"Department of Education",1,"PS (I-V)",4,Graduate,6,None,0,0,0,0,0,1,0,0,0,0,0,0,0,0,0,0,0,0,1,0,1
2019-20,33,Tamilnadu,3325,THENI,332501,AUNDIPATTY,1,"Department of Education",5,"HSS (VI-XII)",4,Graduate,6,None,0,0,0,0,0,0,0,0,1,0,0,0,0,0,0,0,1,0,2,2,0
2019-20,33,Tamilnadu,3325,THENI,332502,BODINAYAKANUR,1,"Department of Education",5,"HSS (VI-XII)",4,Graduate,6,None,0,0,0,0,0,0,0,0,0,2,0,1,0,0,0,0,1,0,4,1,3
2019-20,33,Tamilnadu,3325,THENI,332503,CHINNAMANUR,1,"Department of Education",5,"HSS (VI-XII)",4,Graduate,6,None,0,0,0,0,0,0,0,0,0,0,0,0,0,0,1,0,0,0,1,1,0
2019-20,33,Tamilnadu,3325,THENI,332504,CUMBUM,1,"Department of Education",5,"HSS (VI-XII)",4,Graduate,6,None,0,0,0,0,0,0,0,0,0,0,1,0,0,0,0,0,0,0,1,1,0
2019-20,33,Tamilnadu,3325,THENI,332505,MYLADUMPARAI,1,"Department of Education",5,"HSS (VI-XII)",4,Graduate,6,None,0,0,0,0,0,0,0,0,0,1,0,1,0,0,0,0,0,0,2,0,2
2019-20,33,Tamilnadu,3325,THENI,332506,PERIYAKULAM,1,"Department of Education",5,"HSS (VI-XII)",4,Graduate,6,None,0,0,0,0,0,0,0,0,0,0,0,0,0,0,0,0,1,0,1,1,0
2019-20,33,Tamilnadu,3325,THENI,332507,THENI,1,"Department of Education",5,"HSS (VI-XII)",4,Graduate,6,None,0,0,0,0,0,0,0,0,0,1,0,0,0,0,0,0,0,0,1,0,1
2019-20,33,Tamilnadu,3325,THENI,332501,AUNDIPATTY,1,"Department of Education",7,"SS (VI-X)",4,Graduate,6,None,0,0,0,0,0,0,0,0,1,0,0,0,0,0,0,0,0,0,1,1,0
2019-20,33,Tamilnadu,3325,THENI,332503,CHINNAMANUR,1,"Department of Education",7,"SS (VI-X)",4,Graduate,6,None,0,0,0,0,0,0,0,0,0,0,0,0,0,1,0,0,0,0,1,0,1
2019-20,33,Tamilnadu,3325,THENI,332505,MYLADUMPARAI,1,"Department of Education",7,"SS (VI-X)",4,Graduate,6,None,0,0,0,0,0,0,0,0,0,0,1,0,0,0,0,0,0,0,1,1,0
2019-20,33,Tamilnadu,3325,THENI,332506,PERIYAKULAM,1,"Department of Education",7,"SS (VI-X)",4,Graduate,6,None,0,0,0,0,0,0,0,0,0,0,0,0,1,0,0,0,0,0,1,1,0
2019-20,33,Tamilnadu,3325,THENI,332501,AUNDIPATTY,1,"Department of Education",1,"PS (I-V)",5,"Post graduate",1,"Diploma or certificate in basic teachers training of a duration not less than two years",0,0,0,0,3,9,0,0,0,0,0,0,0,0,0,0,0,0,12,3,9
2019-20,33,Tamilnadu,3325,THENI,332502,BODINAYAKANUR,1,"Department of Education",1,"PS (I-V)",5,"Post graduate",1,"Diploma or certificate in basic teachers training of a duration not less than two years",0,0,0,0,1,4,0,0,0,0,0,0,0,0,0,0,0,0,5,1,4
2019-20,33,Tamilnadu,3325,THENI,332503,CHINNAMANUR,1,"Department of Education",1,"PS (I-V)",5,"Post graduate",1,"Diploma or certificate in basic teachers training of a duration not less than two years",0,0,0,0,1,12,0,0,0,0,0,0,0,0,0,0,0,0,13,1,12
2019-20,33,Tamilnadu,3325,THENI,332504,CUMBUM,1,"Department of Education",1,"PS (I-V)",5,"Post graduate",1,"Diploma or certificate in basic teachers training of a duration not less than two years",0,0,0,0,2,0,0,0,0,0,0,0,0,0,0,0,0,0,2,2,0
2019-20,33,Tamilnadu,3325,THENI,332505,MYLADUMPARAI,1,"Department of Education",1,"PS (I-V)",5,"Post graduate",1,"Diploma or certificate in basic teachers training of a duration not less than two years",0,0,0,0,1,7,0,0,0,0,0,0,0,0,0,0,0,0,8,1,7
2019-20,33,Tamilnadu,3325,THENI,332506,PERIYAKULAM,1,"Department of Education",1,"PS (I-V)",5,"Post graduate",1,"Diploma or certificate in basic teachers training of a duration not less than two years",0,0,0,0,11,19,0,0,0,0,0,0,0,0,0,0,0,0,30,11,19
2019-20,33,Tamilnadu,3325,THENI,332507,THENI,1,"Department of Education",1,"PS (I-V)",5,"Post graduate",1,"Diploma or certificate in basic teachers training of a duration not less than two years",0,0,0,0,0,3,0,0,0,0,0,0,0,0,0,0,0,0,3,0,3
2019-20,33,Tamilnadu,3325,THENI,332508,UTHAMAPALAYAM,1,"Department of Education",1,"PS (I-V)",5,"Post graduate",1,"Diploma or certificate in basic teachers training of a duration not less than two years",0,0,0,0,0,4,0,0,0,0,0,0,0,0,0,0,0,0,4,0,4
2019-20,33,Tamilnadu,3325,THENI,332501,AUNDIPATTY,1,"Department of Education",2,"UPS (I-VIII)",5,"Post graduate",1,"Diploma or certificate in basic teachers training of a duration not less than two years",0,0,0,0,1,9,0,0,0,0,0,0,0,0,0,0,0,0,10,1,9
2019-20,33,Tamilnadu,3325,THENI,332502,BODINAYAKANUR,1,"Department of Education",2,"UPS (I-VIII)",5,"Post graduate",1,"Diploma or certificate in basic teachers training of a duration not less than two years",0,0,0,0,1,7,0,0,0,0,0,0,0,0,0,0,0,0,8,1,7
2019-20,33,Tamilnadu,3325,THENI,332504,CUMBUM,1,"Department of Education",2,"UPS (I-VIII)",5,"Post graduate",1,"Diploma or certificate in basic teachers training of a duration not less than two years",0,0,0,0,1,0,0,0,0,0,0,0,0,0,0,0,0,0,1,1,0
2019-20,33,Tamilnadu,3325,THENI,332505,MYLADUMPARAI,1,"Department of Education",2,"UPS (I-VIII)",5,"Post graduate",1,"Diploma or certificate in basic teachers training of a duration not less than two years",0,0,0,0,2,2,0,0,0,0,0,0,0,0,0,0,0,0,4,2,2
2019-20,33,Tamilnadu,3325,THENI,332506,PERIYAKULAM,1,"Department of Education",2,"UPS (I-VIII)",5,"Post graduate",1,"Diploma or certificate in basic teachers training of a duration not less than two years",0,0,0,0,2,3,0,0,0,0,0,0,0,0,0,0,0,0,5,2,3
2019-20,33,Tamilnadu,3325,THENI,332507,THENI,1,"Department of Education",2,"UPS (I-VIII)",5,"Post graduate",1,"Diploma or certificate in basic teachers training of a duration not less than two years",0,0,0,0,2,11,0,0,0,0,0,0,0,0,0,0,0,0,13,2,11
2019-20,33,Tamilnadu,3325,THENI,332501,AUNDIPATTY,1,"Department of Education",1,"PS (I-V)",5,"Post graduate",3,"B.Ed. or equivalent",0,0,0,0,17,52,0,0,0,0,0,0,0,0,0,0,0,0,69,17,52
2019-20,33,Tamilnadu,3325,THENI,332502,BODINAYAKANUR,1,"Department of Education",1,"PS (I-V)",5,"Post graduate",3,"B.Ed. or equivalent",0,0,0,0,8,31,0,0,0,0,0,0,0,0,0,0,0,0,39,8,31
2019-20,33,Tamilnadu,3325,THENI,332503,CHINNAMANUR,1,"Department of Education",1,"PS (I-V)",5,"Post graduate",3,"B.Ed. or equivalent",0,0,0,0,8,21,0,0,0,0,0,0,0,0,0,0,0,0,29,8,21
2019-20,33,Tamilnadu,3325,THENI,332504,CUMBUM,1,"Department of Education",1,"PS (I-V)",5,"Post graduate",3,"B.Ed. or equivalent",0,0,0,0,4,12,0,0,0,0,0,0,0,0,0,0,0,0,16,4,12
2019-20,33,Tamilnadu,3325,THENI,332505,MYLADUMPARAI,1,"Department of Education",1,"PS (I-V)",5,"Post graduate",3,"B.Ed. or equivalent",0,0,0,0,24,51,0,0,0,0,0,0,0,0,0,0,0,0,75,24,51
2019-20,33,Tamilnadu,3325,THENI,332506,PERIYAKULAM,1,"Department of Education",1,"PS (I-V)",5,"Post graduate",3,"B.Ed. or equivalent",0,0,0,0,8,53,0,0,0,0,0,0,0,0,0,0,0,0,61,8,53
2019-20,33,Tamilnadu,3325,THENI,332507,THENI,1,"Department of Education",1,"PS (I-V)",5,"Post graduate",3,"B.Ed. or equivalent",0,0,0,0,1,17,0,0,0,0,0,0,0,0,0,0,0,0,18,1,17
2019-20,33,Tamilnadu,3325,THENI,332508,UTHAMAPALAYAM,1,"Department of Education",1,"PS (I-V)",5,"Post graduate",3,"B.Ed. or equivalent",0,0,0,0,8,17,0,0,0,0,0,0,0,0,0,0,0,0,25,8,17
2019-20,33,Tamilnadu,3325,THENI,332501,AUNDIPATTY,1,"Department of Education",2,"UPS (I-VIII)",5,"Post graduate",3,"B.Ed. or equivalent",0,0,0,0,3,20,2,3,12,23,0,0,0,0,0,0,0,0,63,17,46
2019-20,33,Tamilnadu,3325,THENI,332502,BODINAYAKANUR,1,"Department of Education",2,"UPS (I-VIII)",5,"Post graduate",3,"B.Ed. or equivalent",0,0,0,0,1,20,0,1,6,16,0,0,0,0,0,0,0,0,44,7,37
2019-20,33,Tamilnadu,3325,THENI,332503,CHINNAMANUR,1,"Department of Education",2,"UPS (I-VIII)",5,"Post graduate",3,"B.Ed. or equivalent",0,0,0,0,5,10,0,0,3,10,0,0,0,0,0,0,0,0,28,8,20
2019-20,33,Tamilnadu,3325,THENI,332504,CUMBUM,1,"Department of Education",2,"UPS (I-VIII)",5,"Post graduate",3,"B.Ed. or equivalent",0,0,0,0,2,2,0,0,4,4,0,0,0,0,0,0,0,0,12,6,6
2019-20,33,Tamilnadu,3325,THENI,332505,MYLADUMPARAI,1,"Department of Education",2,"UPS (I-VIII)",5,"Post graduate",3,"B.Ed. or equivalent",0,0,0,0,4,9,5,1,14,6,0,0,0,0,0,0,0,0,39,23,16
2019-20,33,Tamilnadu,3325,THENI,332506,PERIYAKULAM,1,"Department of Education",2,"UPS (I-VIII)",5,"Post graduate",3,"B.Ed. or equivalent",0,0,0,0,2,4,0,0,1,9,0,0,0,0,0,0,0,0,16,3,13
2019-20,33,Tamilnadu,3325,THENI,332507,THENI,1,"Department of Education",2,"UPS (I-VIII)",5,"Post graduate",3,"B.Ed. or equivalent",0,0,0,0,0,15,0,2,4,19,0,0,0,0,0,0,0,0,40,4,36
2019-20,33,Tamilnadu,3325,THENI,332508,UTHAMAPALAYAM,1,"Department of Education",2,"UPS (I-VIII)",5,"Post graduate",3,"B.Ed. or equivalent",0,0,0,0,4,10,1,3,3,15,0,0,0,0,0,0,0,0,36,8,28
2019-20,33,Tamilnadu,3325,THENI,332506,PERIYAKULAM,1,"Department of Education",3,"HSS (I-XII)",5,"Post graduate",3,"B.Ed. or equivalent",0,0,0,0,0,0,0,0,3,0,0,0,0,3,0,0,3,0,9,6,3
2019-20,33,Tamilnadu,3325,THENI,332501,AUNDIPATTY,1,"Department of Education",5,"HSS (VI-XII)",5,"Post graduate",3,"B.Ed. or equivalent",0,0,0,0,0,0,0,0,3,14,6,21,8,13,1,1,7,17,91,25,66
2019-20,33,Tamilnadu,3325,THENI,332502,BODINAYAKANUR,1,"Department of Education",5,"HSS (VI-XII)",5,"Post graduate",3,"B.Ed. or equivalent",0,0,0,0,0,0,0,0,0,12,2,11,4,11,2,2,6,10,60,14,46
2019-20,33,Tamilnadu,3325,THENI,332503,CHINNAMANUR,1,"Department of Education",5,"HSS (VI-XII)",5,"Post graduate",3,"B.Ed. or equivalent",0,0,0,0,0,0,0,0,1,4,3,1,2,1,1,3,3,2,21,10,11
2019-20,33,Tamilnadu,3325,THENI,332504,CUMBUM,1,"Department of Education",5,"HSS (VI-XII)",5,"Post graduate",3,"B.Ed. or equivalent",0,0,0,0,0,0,0,0,0,6,3,14,2,10,4,1,9,7,56,18,38
2019-20,33,Tamilnadu,3325,THENI,332505,MYLADUMPARAI,1,"Department of Education",5,"HSS (VI-XII)",5,"Post graduate",3,"B.Ed. or equivalent",0,0,0,0,0,0,0,0,4,6,9,26,4,5,3,2,16,8,83,36,47
2019-20,33,Tamilnadu,3325,THENI,332506,PERIYAKULAM,1,"Department of Education",5,"HSS (VI-XII)",5,"Post graduate",3,"B.Ed. or equivalent",0,0,0,0,0,0,0,0,4,26,7,24,8,15,2,2,11,19,118,32,86
2019-20,33,Tamilnadu,3325,THENI,332507,THENI,1,"Department of Education",5,"HSS (VI-XII)",5,"Post graduate",3,"B.Ed. or equivalent",0,0,0,0,0,0,0,0,2,10,8,14,6,6,0,1,6,12,65,22,43
2019-20,33,Tamilnadu,3325,THENI,332508,UTHAMAPALAYAM,1,"Department of Education",5,"HSS (VI-XII)",5,"Post graduate",3,"B.Ed. or equivalent",0,0,0,0,0,0,0,0,1,3,3,4,4,9,0,0,5,9,38,13,25
2019-20,33,Tamilnadu,3325,THENI,332501,AUNDIPATTY,1,"Department of Education",7,"SS (VI-X)",5,"Post graduate",3,"B.Ed. or equivalent",0,0,0,0,0,0,0,0,3,6,5,13,2,4,0,0,0,0,33,10,23
2019-20,33,Tamilnadu,3325,THENI,332502,BODINAYAKANUR,1,"Department of Education",7,"SS (VI-X)",5,"Post graduate",3,"B.Ed. or equivalent",0,0,0,0,0,0,0,0,0,3,2,3,0,1,0,0,0,0,9,2,7
2019-20,33,Tamilnadu,3325,THENI,332503,CHINNAMANUR,1,"Department of Education",7,"SS (VI-X)",5,"Post graduate",3,"B.Ed. or equivalent",0,0,0,0,0,0,0,0,0,5,3,11,0,1,0,0,0,0,20,3,17
2019-20,33,Tamilnadu,3325,THENI,332505,MYLADUMPARAI,1,"Department of Education",7,"SS (VI-X)",5,"Post graduate",3,"B.Ed. or equivalent",0,0,0,0,0,0,0,0,0,1,7,2,1,1,0,0,0,0,12,8,4
2019-20,33,Tamilnadu,3325,THENI,332506,PERIYAKULAM,1,"Department of Education",7,"SS (VI-X)",5,"Post graduate",3,"B.Ed. or equivalent",0,0,0,0,0,0,0,0,2,5,4,16,2,7,0,0,0,0,36,8,28
2019-20,33,Tamilnadu,3325,THENI,332507,THENI,1,"Department of Education",7,"SS (VI-X)",5,"Post graduate",3,"B.Ed. or equivalent",0,0,0,0,0,0,0,0,0,0,1,2,0,0,0,0,0,0,3,1,2
2019-20,33,Tamilnadu,3325,THENI,332508,UTHAMAPALAYAM,1,"Department of Education",7,"SS (VI-X)",5,"Post graduate",3,"B.Ed. or equivalent",0,0,0,0,0,0,0,0,0,2,1,4,0,0,0,0,0,0,7,1,6
2019-20,33,Tamilnadu,3325,THENI,332501,AUNDIPATTY,1,"Department of Education",1,"PS (I-V)",5,"Post graduate",4,"M.Ed. or equivalent",0,0,0,0,0,3,0,0,0,0,0,0,0,0,0,0,0,0,3,0,3
2019-20,33,Tamilnadu,3325,THENI,332503,CHINNAMANUR,1,"Department of Education",1,"PS (I-V)",5,"Post graduate",4,"M.Ed. or equivalent",0,0,0,0,1,3,0,0,0,0,0,0,0,0,0,0,0,0,4,1,3
2019-20,33,Tamilnadu,3325,THENI,332504,CUMBUM,1,"Department of Education",1,"PS (I-V)",5,"Post graduate",4,"M.Ed. or equivalent",0,0,0,0,1,0,0,0,0,0,0,0,0,0,0,0,0,0,1,1,0
2019-20,33,Tamilnadu,3325,THENI,332505,MYLADUMPARAI,1,"Department of Education",1,"PS (I-V)",5,"Post graduate",4,"M.Ed. or equivalent",0,0,0,0,1,2,0,0,0,0,0,0,0,0,0,0,0,0,3,1,2
2019-20,33,Tamilnadu,3325,THENI,332506,PERIYAKULAM,1,"Department of Education",1,"PS (I-V)",5,"Post graduate",4,"M.Ed. or equivalent",0,0,0,0,2,0,0,0,0,0,0,0,0,0,0,0,0,0,2,2,0
2019-20,33,Tamilnadu,3325,THENI,332507,THENI,1,"Department of Education",1,"PS (I-V)",5,"Post graduate",4,"M.Ed. or equivalent",0,0,0,0,1,6,0,0,0,0,0,0,0,0,0,0,0,0,7,1,6
2019-20,33,Tamilnadu,3325,THENI,332501,AUNDIPATTY,1,"Department of Education",2,"UPS (I-VIII)",6,M.Phil,3,"B.Ed. or equivalent",0,0,0,0,0,0,0,3,8,13,0,0,0,0,0,0,0,0,24,8,16
2019-20,33,Tamilnadu,3325,THENI,332501,AUNDIPATTY,1,"Department of Education",2,"UPS (I-VIII)",5,"Post graduate",4,"M.Ed. or equivalent",0,0,0,0,0,0,0,0,0,1,0,0,0,0,0,0,0,0,1,0,1
2019-20,33,Tamilnadu,3325,THENI,332502,BODINAYAKANUR,1,"Department of Education",2,"UPS (I-VIII)",5,"Post graduate",4,"M.Ed. or equivalent",0,0,0,0,1,0,0,0,3,1,0,0,0,0,0,0,0,0,5,4,1
2019-20,33,Tamilnadu,3325,THENI,332503,CHINNAMANUR,1,"Department of Education",2,"UPS (I-VIII)",5,"Post graduate",4,"M.Ed. or equivalent",0,0,0,0,0,1,0,0,1,1,0,0,0,0,0,0,0,0,3,1,2
2019-20,33,Tamilnadu,3325,THENI,332504,CUMBUM,1,"Department of Education",2,"UPS (I-VIII)",5,"Post graduate",4,"M.Ed. or equivalent",0,0,0,0,0,1,0,0,1,2,0,0,0,0,0,0,0,0,4,1,3
2019-20,33,Tamilnadu,3325,THENI,332505,MYLADUMPARAI,1,"Department of Education",2,"UPS (I-VIII)",5,"Post graduate",4,"M.Ed. or equivalent",0,0,0,0,0,0,0,0,0,2,0,0,0,0,0,0,0,0,2,0,2
2019-20,33,Tamilnadu,3325,THENI,332506,PERIYAKULAM,1,"Department of Education",2,"UPS (I-VIII)",5,"Post graduate",4,"M.Ed. or equivalent",0,0,0,0,0,0,0,0,1,1,0,0,0,0,0,0,0,0,2,1,1
2019-20,33,Tamilnadu,3325,THENI,332507,THENI,1,"Department of Education",2,"UPS (I-VIII)",5,"Post graduate",4,"M.Ed. or equivalent",0,0,0,0,1,0,0,0,0,4,0,0,0,0,0,0,0,0,5,1,4
2019-20,33,Tamilnadu,3325,THENI,332508,UTHAMAPALAYAM,1,"Department of Education",2,"UPS (I-VIII)",5,"Post graduate",4,"M.Ed. or equivalent",0,0,0,0,0,0,0,0,2,2,0,0,0,0,0,0,0,0,4,2,2
2019-20,33,Tamilnadu,3325,THENI,332506,PERIYAKULAM,1,"Department of Education",3,"HSS (I-XII)",5,"Post graduate",4,"M.Ed. or equivalent",0,0,0,0,0,0,0,0,0,0,0,0,0,1,0,0,0,0,1,0,1
2019-20,33,Tamilnadu,3325,THENI,332501,AUNDIPATTY,1,"Department of Education",5,"HSS (VI-XII)",5,"Post graduate",4,"M.Ed. or equivalent",0,0,0,0,0,0,0,0,0,0,2,3,1,2,0,1,5,4,18,8,10
2019-20,33,Tamilnadu,3325,THENI,332502,BODINAYAKANUR,1,"Department of Education",5,"HSS (VI-XII)",5,"Post graduate",4,"M.Ed. or equivalent",0,0,0,0,0,0,0,0,0,0,0,1,2,0,0,1,0,3,7,2,5
2019-20,33,Tamilnadu,3325,THENI,332503,CHINNAMANUR,1,"Department of Education",5,"HSS (VI-XII)",5,"Post graduate",4,"M.Ed. or equivalent",0,0,0,0,0,0,0,0,0,0,0,0,2,0,0,1,1,2,6,3,3
2019-20,33,Tamilnadu,3325,THENI,332504,CUMBUM,1,"Department of Education",5,"HSS (VI-XII)",5,"Post graduate",4,"M.Ed. or equivalent",0,0,0,0,0,0,0,0,1,1,6,0,0,1,1,0,2,2,14,10,4
2019-20,33,Tamilnadu,3325,THENI,332505,MYLADUMPARAI,1,"Department of Education",5,"HSS (VI-XII)",5,"Post graduate",4,"M.Ed. or equivalent",0,0,0,0,0,0,0,0,0,1,2,3,0,1,2,0,3,2,14,7,7
2019-20,33,Tamilnadu,3325,THENI,332506,PERIYAKULAM,1,"Department of Education",5,"HSS (VI-XII)",5,"Post graduate",4,"M.Ed. or equivalent",0,0,0,0,0,0,0,0,2,0,1,4,2,1,0,0,3,5,18,8,10
2019-20,33,Tamilnadu,3325,THENI,332507,THENI,1,"Department of Education",5,"HSS (VI-XII)",5,"Post graduate",4,"M.Ed. or equivalent",0,0,0,0,0,0,0,0,0,1,1,2,1,4,0,0,0,2,11,2,9
2019-20,33,Tamilnadu,3325,THENI,332508,UTHAMAPALAYAM,1,"Department of Education",5,"HSS (VI-XII)",5,"Post graduate",4,"M.Ed. or equivalent",0,0,0,0,0,0,0,0,1,0,0,1,2,4,0,0,1,0,9,4,5
2019-20,33,Tamilnadu,3325,THENI,332501,AUNDIPATTY,1,"Department of Education",7,"SS (VI-X)",5,"Post graduate",4,"M.Ed. or equivalent",0,0,0,0,0,0,0,0,0,1,1,2,1,0,0,0,0,0,5,2,3
2019-20,33,Tamilnadu,3325,THENI,332503,CHINNAMANUR,1,"Department of Education",7,"SS (VI-X)",5,"Post graduate",4,"M.Ed. or equivalent",0,0,0,0,0,0,0,0,0,0,2,2,2,0,0,0,0,0,6,4,2
2019-20,33,Tamilnadu,3325,THENI,332505,MYLADUMPARAI,1,"Department of Education",7,"SS (VI-X)",5,"Post graduate",4,"M.Ed. or equivalent",0,0,0,0,0,0,0,0,1,0,2,0,1,0,0,0,0,0,4,4,0
2019-20,33,Tamilnadu,3325,THENI,332506,PERIYAKULAM,1,"Department of Education",7,"SS (VI-X)",5,"Post graduate",4,"M.Ed. or equivalent",0,0,0,0,0,0,0,0,0,0,2,2,2,1,0,0,0,0,7,4,3
2019-20,33,Tamilnadu,3325,THENI,332501,AUNDIPATTY,1,"Department of Education",2,"UPS (I-VIII)",5,"Post graduate",5,Others,0,0,0,0,0,0,0,0,0,1,0,0,0,0,0,0,0,0,1,0,1
2019-20,33,Tamilnadu,3325,THENI,332502,BODINAYAKANUR,1,"Department of Education",2,"UPS (I-VIII)",5,"Post graduate",5,Others,0,0,0,0,0,0,0,0,0,1,0,0,0,0,0,0,0,0,1,0,1
2019-20,33,Tamilnadu,3325,THENI,332506,PERIYAKULAM,1,"Department of Education",3,"HSS (I-XII)",5,"Post graduate",5,Others,0,0,0,0,0,0,0,0,1,1,0,0,0,0,0,0,0,0,2,1,1
2019-20,33,Tamilnadu,3325,THENI,332501,AUNDIPATTY,1,"Department of Education",5,"HSS (VI-XII)",5,"Post graduate",5,Others,0,0,0,0,0,0,0,0,1,0,0,0,2,1,0,0,0,1,5,3,2
2019-20,33,Tamilnadu,3325,THENI,332502,BODINAYAKANUR,1,"Department of Education",5,"HSS (VI-XII)",5,"Post graduate",5,Others,0,0,0,0,0,0,0,0,0,0,0,1,0,1,0,0,0,0,2,0,2
2019-20,33,Tamilnadu,3325,THENI,332504,CUMBUM,1,"Department of Education",5,"HSS (VI-XII)",5,"Post graduate",5,Others,0,0,0,0,0,0,0,0,0,1,0,1,0,0,0,0,0,0,2,0,2
2019-20,33,Tamilnadu,3325,THENI,332506,PERIYAKULAM,1,"Department of Education",5,"HSS (VI-XII)",5,"Post graduate",5,Others,0,0,0,0,0,0,0,0,1,2,0,1,1,1,0,0,0,0,6,2,4
2019-20,33,Tamilnadu,3325,THENI,332507,THENI,1,"Department of Education",5,"HSS (VI-XII)",5,"Post graduate",5,Others,0,0,0,0,0,0,0,0,1,0,2,1,0,0,0,0,0,0,4,3,1
2019-20,33,Tamilnadu,3325,THENI,332508,UTHAMAPALAYAM,1,"Department of Education",5,"HSS (VI-XII)",5,"Post graduate",5,Others,0,0,0,0,0,0,0,0,1,0,0,0,0,0,0,0,0,0,1,1,0
2019-20,33,Tamilnadu,3325,THENI,332501,AUNDIPATTY,1,"Department of Education",7,"SS (VI-X)",5,"Post graduate",5,Others,0,0,0,0,0,0,0,0,0,1,0,2,0,0,0,0,0,0,3,0,3
2019-20,33,Tamilnadu,3325,THENI,332501,AUNDIPATTY,1,"Department of Education",5,"HSS (VI-XII)",5,"Post graduate",6,None,0,0,0,0,0,0,0,0,2,0,0,0,0,0,0,0,0,0,2,2,0
2019-20,33,Tamilnadu,3325,THENI,332504,CUMBUM,1,"Department of Education",5,"HSS (VI-XII)",5,"Post graduate",6,None,0,0,0,0,0,0,0,0,0,0,0,0,1,0,0,0,0,1,2,1,1
2019-20,33,Tamilnadu,3325,THENI,332507,THENI,1,"Department of Education",5,"HSS (VI-XII)",5,"Post graduate",6,None,0,0,0,0,0,0,0,0,1,0,0,0,0,0,1,0,0,0,2,2,0
2019-20,33,Tamilnadu,3325,THENI,332508,UTHAMAPALAYAM,1,"Department of Education",5,"HSS (VI-XII)",5,"Post graduate",6,None,0,0,0,0,0,0,0,0,0,0,0,0,0,0,0,0,1,0,1,1,0
2019-20,33,Tamilnadu,3325,THENI,332503,CHINNAMANUR,1,"Department of Education",1,"PS (I-V)",6,M.Phil,1,"Diploma or certificate in basic teachers training of a duration not less than two years",0,0,0,0,0,1,0,0,0,0,0,0,0,0,0,0,0,0,1,0,1
2019-20,33,Tamilnadu,3325,THENI,332501,AUNDIPATTY,1,"Department of Education",1,"PS (I-V)",6,M.Phil,3,"B.Ed. or equivalent",0,0,0,0,3,2,0,0,0,0,0,0,0,0,0,0,0,0,5,3,2
2019-20,33,Tamilnadu,3325,THENI,332502,BODINAYAKANUR,1,"Department of Education",1,"PS (I-V)",6,M.Phil,3,"B.Ed. or equivalent",0,0,0,0,1,0,0,0,0,0,0,0,0,0,0,0,0,0,1,1,0
2019-20,33,Tamilnadu,3325,THENI,332505,MYLADUMPARAI,1,"Department of Education",1,"PS (I-V)",6,M.Phil,3,"B.Ed. or equivalent",0,0,0,0,2,1,0,0,0,0,0,0,0,0,0,0,0,0,3,2,1
2019-20,33,Tamilnadu,3325,THENI,332506,PERIYAKULAM,1,"Department of Education",1,"PS (I-V)",6,M.Phil,3,"B.Ed. or equivalent",0,0,0,0,1,1,0,0,0,0,0,0,0,0,0,0,0,0,2,1,1
2019-20,33,Tamilnadu,3325,THENI,332507,THENI,1,"Department of Education",1,"PS (I-V)",6,M.Phil,3,"B.Ed. or equivalent",0,0,0,0,0,1,0,0,0,0,0,0,0,0,0,0,0,0,1,0,1
2019-20,33,Tamilnadu,3325,THENI,332508,UTHAMAPALAYAM,1,"Department of Education",1,"PS (I-V)",6,M.Phil,3,"B.Ed. or equivalent",0,0,0,0,2,0,0,0,0,0,0,0,0,0,0,0,0,0,2,2,0
2019-20,33,Tamilnadu,3325,THENI,332502,BODINAYAKANUR,1,"Department of Education",2,"UPS (I-VIII)",6,M.Phil,3,"B.Ed. or equivalent",0,0,0,0,0,2,0,0,8,8,0,0,0,0,0,0,0,0,18,8,10
2019-20,33,Tamilnadu,3325,THENI,332503,CHINNAMANUR,1,"Department of Education",2,"UPS (I-VIII)",6,M.Phil,3,"B.Ed. or equivalent",0,0,0,0,0,1,0,1,5,5,0,0,0,0,0,0,0,0,12,5,7
2019-20,33,Tamilnadu,3325,THENI,332504,CUMBUM,1,"Department of Education",2,"UPS (I-VIII)",6,M.Phil,3,"B.Ed. or equivalent",0,0,0,0,0,0,0,0,1,0,0,0,0,0,0,0,0,0,1,1,0
2019-20,33,Tamilnadu,3325,THENI,332505,MYLADUMPARAI,1,"Department of Education",2,"UPS (I-VIII)",6,M.Phil,3,"B.Ed. or equivalent",0,0,0,0,1,0,1,0,9,7,0,0,0,0,0,0,0,0,18,11,7
2019-20,33,Tamilnadu,3325,THENI,332506,PERIYAKULAM,1,"Department of Education",2,"UPS (I-VIII)",6,M.Phil,3,"B.Ed. or equivalent",0,0,0,0,0,0,0,0,0,4,0,0,0,0,0,0,0,0,4,0,4
2019-20,33,Tamilnadu,3325,THENI,332507,THENI,1,"Department of Education",2,"UPS (I-VIII)",6,M.Phil,3,"B.Ed. or equivalent",0,0,0,0,0,1,0,0,3,2,0,0,0,0,0,0,0,0,6,3,3
2019-20,33,Tamilnadu,3325,THENI,332508,UTHAMAPALAYAM,1,"Department of Education",2,"UPS (I-VIII)",6,M.Phil,3,"B.Ed. or equivalent",0,0,0,0,0,0,0,0,3,2,0,0,0,0,0,0,0,0,5,3,2
2019-20,33,Tamilnadu,3325,THENI,332506,PERIYAKULAM,1,"Department of Education",3,"HSS (I-XII)",6,M.Phil,3,"B.Ed. or equivalent",0,0,0,0,0,0,0,0,0,1,0,0,0,6,0,0,1,3,11,1,10
2019-20,33,Tamilnadu,3325,THENI,332501,AUNDIPATTY,1,"Department of Education",5,"HSS (VI-XII)",6,M.Phil,3,"B.Ed. or equivalent",0,0,0,0,0,0,0,0,1,0,4,17,9,14,5,1,19,25,95,38,57
2019-20,33,Tamilnadu,3325,THENI,332502,BODINAYAKANUR,1,"Department of Education",5,"HSS (VI-XII)",6,M.Phil,3,"B.Ed. or equivalent",0,0,0,0,0,0,0,0,0,0,4,8,4,2,0,0,4,2,24,12,12
2019-20,33,Tamilnadu,3325,THENI,332503,CHINNAMANUR,1,"Department of Education",5,"HSS (VI-XII)",6,M.Phil,3,"B.Ed. or equivalent",0,0,0,0,0,0,0,0,0,0,4,7,0,3,1,5,5,6,31,10,21
2019-20,33,Tamilnadu,3325,THENI,332504,CUMBUM,1,"Department of Education",5,"HSS (VI-XII)",6,M.Phil,3,"B.Ed. or equivalent",0,0,0,0,0,0,0,0,0,1,2,12,2,3,0,1,11,14,46,15,31
2019-20,33,Tamilnadu,3325,THENI,332505,MYLADUMPARAI,1,"Department of Education",5,"HSS (VI-XII)",6,M.Phil,3,"B.Ed. or equivalent",0,0,0,0,0,0,0,0,1,3,17,22,5,0,3,3,15,16,85,41,44
2019-20,33,Tamilnadu,3325,THENI,332506,PERIYAKULAM,1,"Department of Education",5,"HSS (VI-XII)",6,M.Phil,3,"B.Ed. or equivalent",0,0,0,0,0,0,0,0,2,8,9,31,13,29,4,7,21,43,167,49,118
2019-20,33,Tamilnadu,3325,THENI,332507,THENI,1,"Department of Education",5,"HSS (VI-XII)",6,M.Phil,3,"B.Ed. or equivalent",0,0,0,0,0,0,0,0,0,0,10,13,0,4,1,1,10,11,50,21,29
2019-20,33,Tamilnadu,3325,THENI,332508,UTHAMAPALAYAM,1,"Department of Education",5,"HSS (VI-XII)",6,M.Phil,3,"B.Ed. or equivalent",0,0,0,0,0,0,0,0,1,2,3,3,4,8,1,1,7,12,42,16,26
2019-20,33,Tamilnadu,3325,THENI,332501,AUNDIPATTY,1,"Department of Education",7,"SS (VI-X)",6,M.Phil,3,"B.Ed. or equivalent",0,0,0,0,0,0,0,0,1,9,8,11,1,2,0,0,0,0,32,10,22
2019-20,33,Tamilnadu,3325,THENI,332503,CHINNAMANUR,1,"Department of Education",7,"SS (VI-X)",6,M.Phil,3,"B.Ed. or equivalent",0,0,0,0,0,0,0,0,2,1,1,7,1,3,0,0,0,0,15,4,11
2019-20,33,Tamilnadu,3325,THENI,332505,MYLADUMPARAI,1,"Department of Education",7,"SS (VI-X)",6,M.Phil,3,"B.Ed. or equivalent",0,0,0,0,0,0,0,0,0,0,4,4,0,0,0,0,0,0,8,4,4
2019-20,33,Tamilnadu,3325,THENI,332506,PERIYAKULAM,1,"Department of Education",7,"SS (VI-X)",6,M.Phil,3,"B.Ed. or equivalent",0,0,0,0,0,0,0,0,1,2,2,7,0,7,0,0,0,0,19,3,16
2019-20,33,Tamilnadu,3325,THENI,332507,THENI,1,"Department of Education",7,"SS (VI-X)",6,M.Phil,3,"B.Ed. or equivalent",0,0,0,0,0,0,0,0,0,0,0,4,1,0,0,0,0,0,5,1,4
2019-20,33,Tamilnadu,3325,THENI,332508,UTHAMAPALAYAM,1,"Department of Education",7,"SS (VI-X)",6,M.Phil,3,"B.Ed. or equivalent",0,0,0,0,0,0,0,0,0,0,1,3,0,0,0,0,0,0,4,1,3
2019-20,33,Tamilnadu,3325,THENI,332507,THENI,1,"Department of Education",1,"PS (I-V)",6,M.Phil,4,"M.Ed. or equivalent",0,0,0,0,0,1,0,0,0,0,0,0,0,0,0,0,0,0,1,0,1
2019-20,33,Tamilnadu,3325,THENI,332501,AUNDIPATTY,1,"Department of Education",2,"UPS (I-VIII)",6,M.Phil,4,"M.Ed. or equivalent",0,0,0,0,0,0,0,0,1,2,0,0,0,0,0,0,0,0,3,1,2
2019-20,33,Tamilnadu,3325,THENI,332502,BODINAYAKANUR,1,"Department of Education",2,"UPS (I-VIII)",6,M.Phil,4,"M.Ed. or equivalent",0,0,0,0,0,0,0,0,2,2,0,0,0,0,0,0,0,0,4,2,2
2019-20,33,Tamilnadu,3325,THENI,332503,CHINNAMANUR,1,"Department of Education",2,"UPS (I-VIII)",6,M.Phil,4,"M.Ed. or equivalent",0,0,0,0,0,0,0,0,1,1,0,0,0,0,0,0,0,0,2,1,1
2019-20,33,Tamilnadu,3325,THENI,332505,MYLADUMPARAI,1,"Department of Education",2,"UPS (I-VIII)",6,M.Phil,4,"M.Ed. or equivalent",0,0,0,0,0,0,0,1,0,1,0,0,0,0,0,0,0,0,2,0,2
2019-20,33,Tamilnadu,3325,THENI,332507,THENI,1,"Department of Education",2,"UPS (I-VIII)",6,M.Phil,4,"M.Ed. or equivalent",0,0,0,0,0,0,0,0,1,0,0,0,0,0,0,0,0,0,1,1,0
2019-20,33,Tamilnadu,3325,THENI,332506,PERIYAKULAM,1,"Department of Education",3,"HSS (I-XII)",6,M.Phil,4,"M.Ed. or equivalent",0,0,0,0,0,0,0,0,0,0,0,0,0,0,0,0,1,0,1,1,0
2019-20,33,Tamilnadu,3325,THENI,332501,AUNDIPATTY,1,"Department of Education",5,"HSS (VI-XII)",6,M.Phil,4,"M.Ed. or equivalent",0,0,0,0,0,0,0,0,0,0,0,1,2,0,2,1,9,5,20,13,7
2019-20,33,Tamilnadu,3325,THENI,332502,BODINAYAKANUR,1,"Department of Education",5,"HSS (VI-XII)",6,M.Phil,4,"M.Ed. or equivalent",0,0,0,0,0,0,0,0,0,0,0,1,1,0,1,0,1,4,8,3,5
2019-20,33,Tamilnadu,3325,THENI,332503,CHINNAMANUR,1,"Department of Education",5,"HSS (VI-XII)",6,M.Phil,4,"M.Ed. or equivalent",0,0,0,0,0,0,0,0,0,0,2,1,0,0,0,0,3,0,6,5,1
2019-20,33,Tamilnadu,3325,THENI,332504,CUMBUM,1,"Department of Education",5,"HSS (VI-XII)",6,M.Phil,4,"M.Ed. or equivalent",0,0,0,0,0,0,0,0,0,0,1,2,0,1,1,2,3,2,12,5,7
2019-20,33,Tamilnadu,3325,THENI,332505,MYLADUMPARAI,1,"Department of Education",5,"HSS (VI-XII)",6,M.Phil,4,"M.Ed. or equivalent",0,0,0,0,0,0,0,0,0,1,0,2,0,0,2,0,2,4,11,4,7
2019-20,33,Tamilnadu,3325,THENI,332506,PERIYAKULAM,1,"Department of Education",5,"HSS (VI-XII)",6,M.Phil,4,"M.Ed. or equivalent",0,0,0,0,0,0,0,0,0,0,0,2,3,2,2,1,13,14,37,18,19
2019-20,33,Tamilnadu,3325,THENI,332507,THENI,1,"Department of Education",5,"HSS (VI-XII)",6,M.Phil,4,"M.Ed. or equivalent",0,0,0,0,0,0,0,0,0,0,0,0,0,0,1,2,2,5,10,3,7
2019-20,33,Tamilnadu,3325,THENI,332508,UTHAMAPALAYAM,1,"Department of Education",5,"HSS (VI-XII)",6,M.Phil,4,"M.Ed. or equivalent",0,0,0,0,0,0,0,0,1,0,0,0,0,0,0,0,3,0,4,4,0
2019-20,33,Tamilnadu,3325,THENI,332501,AUNDIPATTY,1,"Department of Education",7,"SS (VI-X)",6,M.Phil,4,"M.Ed. or equivalent",0,0,0,0,0,0,0,0,1,1,2,1,0,0,0,0,0,0,5,3,2
2019-20,33,Tamilnadu,3325,THENI,332503,CHINNAMANUR,1,"Department of Education",7,"SS (VI-X)",6,M.Phil,4,"M.Ed. or equivalent",0,0,0,0,0,0,0,0,0,0,0,1,1,0,0,0,0,0,2,1,1
2019-20,33,Tamilnadu,3325,THENI,332505,MYLADUMPARAI,1,"Department of Education",7,"SS (VI-X)",6,M.Phil,4,"M.Ed. or equivalent",0,0,0,0,0,0,0,0,0,0,0,1,0,0,0,0,0,0,1,0,1
2019-20,33,Tamilnadu,3325,THENI,332506,PERIYAKULAM,1,"Department of Education",7,"SS (VI-X)",6,M.Phil,4,"M.Ed. or equivalent",0,0,0,0,0,0,0,0,0,0,1,1,1,0,0,0,0,0,3,2,1
2019-20,33,Tamilnadu,3325,THENI,332508,UTHAMAPALAYAM,1,"Department of Education",7,"SS (VI-X)",6,M.Phil,4,"M.Ed. or equivalent",0,0,0,0,0,0,0,0,0,0,0,0,0,1,0,0,0,0,1,0,1
2019-20,33,Tamilnadu,3325,THENI,332502,BODINAYAKANUR,1,"Department of Education",5,"HSS (VI-XII)",6,M.Phil,5,Others,0,0,0,0,0,0,0,0,0,0,1,0,0,0,0,0,0,0,1,1,0
2019-20,33,Tamilnadu,3325,THENI,332503,CHINNAMANUR,1,"Department of Education",5,"HSS (VI-XII)",6,M.Phil,5,Others,0,0,0,0,0,0,0,0,2,0,0,0,0,0,0,0,0,0,2,2,0
2019-20,33,Tamilnadu,3325,THENI,332507,THENI,1,"Department of Education",5,"HSS (VI-XII)",6,M.Phil,5,Others,0,0,0,0,0,0,0,0,0,0,0,1,0,0,0,0,0,0,1,0,1
2019-20,33,Tamilnadu,3325,THENI,332508,UTHAMAPALAYAM,1,"Department of Education",5,"HSS (VI-XII)",6,M.Phil,5,Others,0,0,0,0,0,0,0,0,0,0,0,0,0,0,0,0,0,1,1,0,1
2019-20,33,Tamilnadu,3325,THENI,332507,THENI,1,"Department of Education",2,"UPS (I-VIII)",6,M.Phil,6,None,0,0,0,0,0,0,0,0,1,0,0,0,0,0,0,0,0,0,1,1,0
2019-20,33,Tamilnadu,3325,THENI,332501,AUNDIPATTY,1,"Department of Education",5,"HSS (VI-XII)",6,M.Phil,6,None,0,0,0,0,0,0,0,0,0,1,0,0,1,0,0,0,1,0,3,2,1
2019-20,33,Tamilnadu,3325,THENI,332506,PERIYAKULAM,1,"Department of Education",5,"HSS (VI-XII)",6,M.Phil,6,None,0,0,0,0,0,0,0,0,2,1,0,0,0,0,0,0,0,0,3,2,1
2019-20,33,Tamilnadu,3325,THENI,332501,AUNDIPATTY,1,"Department of Education",2,"UPS (I-VIII)",7,Ph.D,3,"B.Ed. or equivalent",0,0,0,0,0,0,0,0,0,1,0,0,0,0,0,0,0,0,1,0,1
2019-20,33,Tamilnadu,3325,THENI,332503,CHINNAMANUR,1,"Department of Education",2,"UPS (I-VIII)",7,Ph.D,3,"B.Ed. or equivalent",0,0,0,0,0,0,0,0,1,0,0,0,0,0,0,0,0,0,1,1,0
2019-20,33,Tamilnadu,3325,THENI,332505,MYLADUMPARAI,1,"Department of Education",2,"UPS (I-VIII)",7,Ph.D,3,"B.Ed. or equivalent",0,0,0,0,1,0,0,0,0,0,0,0,0,0,0,0,0,0,1,1,0
2019-20,33,Tamilnadu,3325,THENI,332501,AUNDIPATTY,1,"Department of Education",5,"HSS (VI-XII)",7,Ph.D,3,"B.Ed. or equivalent",0,0,0,0,0,0,0,0,0,0,0,0,0,0,0,0,1,1,2,1,1
2019-20,33,Tamilnadu,3325,THENI,332502,BODINAYAKANUR,1,"Department of Education",5,"HSS (VI-XII)",7,Ph.D,3,"B.Ed. or equivalent",0,0,0,0,0,0,0,0,0,0,0,0,0,0,0,0,0,1,1,0,1
2019-20,33,Tamilnadu,3325,THENI,332504,CUMBUM,1,"Department of Education",5,"HSS (VI-XII)",7,Ph.D,3,"B.Ed. or equivalent",0,0,0,0,0,0,0,0,0,0,0,0,0,1,0,0,0,0,1,0,1
2019-20,33,Tamilnadu,3325,THENI,332506,PERIYAKULAM,1,"Department of Education",5,"HSS (VI-XII)",7,Ph.D,3,"B.Ed. or equivalent",0,0,0,0,0,0,0,0,0,0,0,0,0,0,0,0,1,0,1,1,0
2019-20,33,Tamilnadu,3325,THENI,332506,PERIYAKULAM,1,"Department of Education",5,"HSS (VI-XII)",7,Ph.D,4,"M.Ed. or equivalent",0,0,0,0,0,0,0,0,0,0,0,0,1,0,1,0,0,0,2,2,0
2019-20,33,Tamilnadu,3325,THENI,332501,AUNDIPATTY,1,"Department of Education",7,"SS (VI-X)",7,Ph.D,4,"M.Ed. or equivalent",0,0,0,0,0,0,0,0,1,0,0,0,0,0,0,0,0,0,1,1,0
2019-20,33,Tamilnadu,3325,THENI,332505,MYLADUMPARAI,1,"Department of Education",1,"PS (I-V)",8,"Post Doctoral",3,"B.Ed. or equivalent",0,0,0,0,0,1,0,0,0,0,0,0,0,0,0,0,0,0,1,0,1
2019-20,33,Tamilnadu,3325,THENI,332505,MYLADUMPARAI,1,"Department of Education",2,"UPS (I-VIII)",8,"Post Doctoral",3,"B.Ed. or equivalent",0,0,0,0,0,0,0,0,0,1,0,0,0,0,0,0,0,0,1,0,1
2019-20,33,Tamilnadu,3325,THENI,332501,AUNDIPATTY,13,"Government Aided",1,"PS (I-V)",4,Graduate,3,"B.Ed. or equivalent",0,0,0,0,1,1,0,0,0,0,0,0,0,0,0,0,0,0,2,1,1
2019-20,33,Tamilnadu,3325,THENI,332501,AUNDIPATTY,13,"Government Aided",1,"PS (I-V)",1,"Below Secondary",1,"Diploma or certificate in basic teachers training of a duration not less than two years",0,0,0,0,0,6,0,0,0,0,0,0,0,0,0,0,0,0,6,0,6
2019-20,33,Tamilnadu,3325,THENI,332502,BODINAYAKANUR,13,"Government Aided",1,"PS (I-V)",1,"Below Secondary",1,"Diploma or certificate in basic teachers training of a duration not less than two years",0,0,0,0,2,15,0,0,0,0,0,0,0,0,0,0,0,0,17,2,15
2019-20,33,Tamilnadu,3325,THENI,332503,CHINNAMANUR,13,"Government Aided",1,"PS (I-V)",1,"Below Secondary",1,"Diploma or certificate in basic teachers training of a duration not less than two years",0,0,0,0,1,3,0,0,0,0,0,0,0,0,0,0,0,0,4,1,3
2019-20,33,Tamilnadu,3325,THENI,332504,CUMBUM,13,"Government Aided",1,"PS (I-V)",1,"Below Secondary",1,"Diploma or certificate in basic teachers training of a duration not less than two years",0,0,0,0,0,5,0,0,0,0,0,0,0,0,0,0,0,0,5,0,5
2019-20,33,Tamilnadu,3325,THENI,332506,PERIYAKULAM,13,"Government Aided",1,"PS (I-V)",1,"Below Secondary",1,"Diploma or certificate in basic teachers training of a duration not less than two years",0,0,0,0,0,2,0,0,0,0,0,0,0,0,0,0,0,0,2,0,2
2019-20,33,Tamilnadu,3325,THENI,332507,THENI,13,"Government Aided",1,"PS (I-V)",1,"Below Secondary",1,"Diploma or certificate in basic teachers training of a duration not less than two years",0,0,0,0,1,8,0,0,0,0,0,0,0,0,0,0,0,0,9,1,8
2019-20,33,Tamilnadu,3325,THENI,332508,UTHAMAPALAYAM,13,"Government Aided",1,"PS (I-V)",1,"Below Secondary",1,"Diploma or certificate in basic teachers training of a duration not less than two years",0,0,0,0,1,9,0,0,0,0,0,0,0,0,0,0,0,0,10,1,9
2019-20,33,Tamilnadu,3325,THENI,332501,AUNDIPATTY,13,"Government Aided",2,"UPS (I-VIII)",1,"Below Secondary",1,"Diploma or certificate in basic teachers training of a duration not less than two years",0,0,0,0,0,1,0,0,0,0,0,0,0,0,0,0,0,0,1,0,1
2019-20,33,Tamilnadu,3325,THENI,332502,BODINAYAKANUR,13,"Government Aided",2,"UPS (I-VIII)",1,"Below Secondary",1,"Diploma or certificate in basic teachers training of a duration not less than two years",0,0,0,0,0,8,0,0,0,0,0,0,0,0,0,0,0,0,8,0,8
2019-20,33,Tamilnadu,3325,THENI,332503,CHINNAMANUR,13,"Government Aided",2,"UPS (I-VIII)",1,"Below Secondary",1,"Diploma or certificate in basic teachers training of a duration not less than two years",0,0,0,0,0,5,0,0,0,0,0,0,0,0,0,0,0,0,5,0,5
2019-20,33,Tamilnadu,3325,THENI,332504,CUMBUM,13,"Government Aided",2,"UPS (I-VIII)",1,"Below Secondary",1,"Diploma or certificate in basic teachers training of a duration not less than two years",0,0,0,0,0,3,0,0,0,0,0,0,0,0,0,0,0,0,3,0,3
2019-20,33,Tamilnadu,3325,THENI,332506,PERIYAKULAM,13,"Government Aided",2,"UPS (I-VIII)",1,"Below Secondary",1,"Diploma or certificate in basic teachers training of a duration not less than two years",0,0,0,0,0,8,0,0,0,0,0,0,0,0,0,0,0,0,8,0,8
2019-20,33,Tamilnadu,3325,THENI,332507,THENI,13,"Government Aided",2,"UPS (I-VIII)",1,"Below Secondary",1,"Diploma or certificate in basic teachers training of a duration not less than two years",0,0,0,0,0,3,0,0,0,0,0,0,0,0,0,0,0,0,3,0,3
2019-20,33,Tamilnadu,3325,THENI,332508,UTHAMAPALAYAM,13,"Government Aided",2,"UPS (I-VIII)",1,"Below Secondary",1,"Diploma or certificate in basic teachers training of a duration not less than two years",0,0,0,0,0,3,0,0,0,0,0,0,0,0,0,0,0,0,3,0,3
2019-20,33,Tamilnadu,3325,THENI,332507,THENI,13,"Government Aided",1,"PS (I-V)",1,"Below Secondary",3,"B.Ed. or equivalent",0,0,0,0,0,1,0,0,0,0,0,0,0,0,0,0,0,0,1,0,1
2019-20,33,Tamilnadu,3325,THENI,332502,BODINAYAKANUR,13,"Government Aided",2,"UPS (I-VIII)",1,"Below Secondary",3,"B.Ed. or equivalent",0,0,0,0,0,0,0,2,0,1,0,0,0,0,0,0,0,0,3,0,3
2019-20,33,Tamilnadu,3325,THENI,332503,CHINNAMANUR,13,"Government Aided",2,"UPS (I-VIII)",1,"Below Secondary",3,"B.Ed. or equivalent",0,0,0,0,0,0,0,0,0,1,0,0,0,0,0,0,0,0,1,0,1
2019-20,33,Tamilnadu,3325,THENI,332504,CUMBUM,13,"Government Aided",2,"UPS (I-VIII)",1,"Below Secondary",3,"B.Ed. or equivalent",0,0,0,0,0,1,0,8,1,2,0,0,0,0,0,0,0,0,12,1,11
2019-20,33,Tamilnadu,3325,THENI,332506,PERIYAKULAM,13,"Government Aided",2,"UPS (I-VIII)",1,"Below Secondary",3,"B.Ed. or equivalent",0,0,0,0,0,0,0,0,0,1,0,0,0,0,0,0,0,0,1,0,1
2019-20,33,Tamilnadu,3325,THENI,332507,THENI,13,"Government Aided",2,"UPS (I-VIII)",1,"Below Secondary",3,"B.Ed. or equivalent",0,0,0,0,0,0,0,0,0,1,0,0,0,0,0,0,0,0,1,0,1
2019-20,33,Tamilnadu,3325,THENI,332502,BODINAYAKANUR,13,"Government Aided",5,"HSS (VI-XII)",1,"Below Secondary",3,"B.Ed. or equivalent",0,0,0,0,0,0,0,0,0,0,0,1,0,0,0,0,0,0,1,0,1
2019-20,33,Tamilnadu,3325,THENI,332508,UTHAMAPALAYAM,13,"Government Aided",5,"HSS (VI-XII)",1,"Below Secondary",3,"B.Ed. or equivalent",0,0,0,0,0,0,0,0,0,2,0,0,0,0,0,0,0,0,2,0,2
2019-20,33,Tamilnadu,3325,THENI,332502,BODINAYAKANUR,13,"Government Aided",7,"SS (VI-X)",1,"Below Secondary",3,"B.Ed. or equivalent",0,0,0,0,0,0,0,0,0,0,0,0,1,0,0,0,0,0,1,1,0
2019-20,33,Tamilnadu,3325,THENI,332504,CUMBUM,13,"Government Aided",2,"UPS (I-VIII)",1,"Below Secondary",4,"M.Ed. or equivalent",0,0,0,0,0,0,1,0,0,0,0,0,0,0,0,0,0,0,1,1,0
2019-20,33,Tamilnadu,3325,THENI,332506,PERIYAKULAM,13,"Government Aided",2,"UPS (I-VIII)",1,"Below Secondary",4,"M.Ed. or equivalent",0,0,0,0,0,0,0,1,0,1,0,0,0,0,0,0,0,0,2,0,2
2019-20,33,Tamilnadu,3325,THENI,332502,BODINAYAKANUR,13,"Government Aided",5,"HSS (VI-XII)",1,"Below Secondary",4,"M.Ed. or equivalent",0,0,0,0,0,0,0,0,0,0,0,1,0,0,0,0,0,0,1,0,1
2019-20,33,Tamilnadu,3325,THENI,332502,BODINAYAKANUR,13,"Government Aided",2,"UPS (I-VIII)",1,"Below Secondary",5,Others,0,0,0,0,0,0,0,1,0,1,0,0,0,0,0,0,0,0,2,0,2
2019-20,33,Tamilnadu,3325,THENI,332503,CHINNAMANUR,13,"Government Aided",2,"UPS (I-VIII)",1,"Below Secondary",5,Others,0,0,0,0,0,0,0,0,0,1,0,0,0,0,0,0,0,0,1,0,1
2019-20,33,Tamilnadu,3325,THENI,332504,CUMBUM,13,"Government Aided",2,"UPS (I-VIII)",1,"Below Secondary",5,Others,0,0,0,0,0,0,0,1,0,0,0,0,0,0,0,0,0,0,1,0,1
2019-20,33,Tamilnadu,3325,THENI,332506,PERIYAKULAM,13,"Government Aided",2,"UPS (I-VIII)",1,"Below Secondary",5,Others,0,0,0,0,0,0,0,0,0,3,0,0,0,0,0,0,0,0,3,0,3
2019-20,33,Tamilnadu,3325,THENI,332507,THENI,13,"Government Aided",2,"UPS (I-VIII)",1,"Below Secondary",5,Others,0,0,0,0,1,0,0,1,0,0,0,0,0,0,0,0,0,0,2,1,1
2019-20,33,Tamilnadu,3325,THENI,332508,UTHAMAPALAYAM,13,"Government Aided",2,"UPS (I-VIII)",1,"Below Secondary",5,Others,0,0,0,0,0,0,0,0,0,1,0,0,0,0,0,0,0,0,1,0,1
2019-20,33,Tamilnadu,3325,THENI,332504,CUMBUM,13,"Government Aided",5,"HSS (VI-XII)",1,"Below Secondary",5,Others,0,0,0,0,0,0,0,0,0,0,0,0,1,1,0,0,0,0,2,1,1
2019-20,33,Tamilnadu,3325,THENI,332507,THENI,13,"Government Aided",5,"HSS (VI-XII)",1,"Below Secondary",5,Others,0,0,0,0,0,0,0,0,0,0,0,2,0,0,0,0,0,0,2,0,2
2019-20,33,Tamilnadu,3325,THENI,332508,UTHAMAPALAYAM,13,"Government Aided",5,"HSS (VI-XII)",1,"Below Secondary",5,Others,0,0,0,0,0,0,0,0,0,0,1,0,0,0,0,0,0,0,1,1,0
2019-20,33,Tamilnadu,3325,THENI,332507,THENI,13,"Government Aided",7,"SS (VI-X)",1,"Below Secondary",5,Others,0,0,0,0,0,0,0,0,0,0,0,0,0,1,0,0,0,0,1,0,1
2019-20,33,Tamilnadu,3325,THENI,332508,UTHAMAPALAYAM,13,"Government Aided",7,"SS (VI-X)",1,"Below Secondary",5,Others,0,0,0,0,0,0,0,0,0,0,0,1,0,0,0,0,0,0,1,0,1
2019-20,33,Tamilnadu,3325,THENI,332506,PERIYAKULAM,13,"Government Aided",1,"PS (I-V)",1,"Below Secondary",6,None,0,0,0,0,0,3,0,0,0,0,0,0,0,0,0,0,0,0,3,0,3
2019-20,33,Tamilnadu,3325,THENI,332504,CUMBUM,13,"Government Aided",7,"SS (VI-X)",1,"Below Secondary",6,None,0,0,0,0,0,0,0,0,0,0,0,0,0,1,0,0,0,0,1,0,1
2019-20,33,Tamilnadu,3325,THENI,332501,AUNDIPATTY,13,"Government Aided",1,"PS (I-V)",3,"Higher secondary",1,"Diploma or certificate in basic teachers training of a duration not less than two years",0,0,0,0,3,12,0,0,0,0,0,0,0,0,0,0,0,0,15,3,12
2019-20,33,Tamilnadu,3325,THENI,332502,BODINAYAKANUR,13,"Government Aided",1,"PS (I-V)",3,"Higher secondary",1,"Diploma or certificate in basic teachers training of a duration not less than two years",0,0,0,0,9,39,0,0,0,0,0,0,0,0,0,0,0,0,48,9,39
2019-20,33,Tamilnadu,3325,THENI,332503,CHINNAMANUR,13,"Government Aided",1,"PS (I-V)",3,"Higher secondary",1,"Diploma or certificate in basic teachers training of a duration not less than two years",0,0,0,0,4,17,0,0,0,0,0,0,0,0,0,0,0,0,21,4,17
2019-20,33,Tamilnadu,3325,THENI,332504,CUMBUM,13,"Government Aided",1,"PS (I-V)",3,"Higher secondary",1,"Diploma or certificate in basic teachers training of a duration not less than two years",0,0,0,0,7,45,0,0,0,0,0,0,0,0,0,0,0,0,52,7,45
2019-20,33,Tamilnadu,3325,THENI,332505,MYLADUMPARAI,13,"Government Aided",1,"PS (I-V)",3,"Higher secondary",1,"Diploma or certificate in basic teachers training of a duration not less than two years",0,0,0,0,1,2,0,0,0,0,0,0,0,0,0,0,0,0,3,1,2
2019-20,33,Tamilnadu,3325,THENI,332506,PERIYAKULAM,13,"Government Aided",1,"PS (I-V)",3,"Higher secondary",1,"Diploma or certificate in basic teachers training of a duration not less than two years",0,0,0,0,9,18,0,0,0,0,0,0,0,0,0,0,0,0,27,9,18
2019-20,33,Tamilnadu,3325,THENI,332507,THENI,13,"Government Aided",1,"PS (I-V)",3,"Higher secondary",1,"Diploma or certificate in basic teachers training of a duration not less than two years",0,0,0,0,7,53,0,0,0,0,0,0,0,0,0,0,0,0,60,7,53
2019-20,33,Tamilnadu,3325,THENI,332508,UTHAMAPALAYAM,13,"Government Aided",1,"PS (I-V)",3,"Higher secondary",1,"Diploma or certificate in basic teachers training of a duration not less than two years",0,0,0,0,8,43,0,0,0,0,0,0,0,0,0,0,0,0,51,8,43
2019-20,33,Tamilnadu,3325,THENI,332502,BODINAYAKANUR,13,"Government Aided",2,"UPS (I-VIII)",3,"Higher secondary",1,"Diploma or certificate in basic teachers training of a duration not less than two years",0,0,0,0,5,42,0,0,0,0,0,0,0,0,0,0,0,0,47,5,42
2019-20,33,Tamilnadu,3325,THENI,332503,CHINNAMANUR,13,"Government Aided",2,"UPS (I-VIII)",3,"Higher secondary",1,"Diploma or certificate in basic teachers training of a duration not less than two years",0,0,0,0,0,8,0,0,0,0,0,0,0,0,0,0,0,0,8,0,8
2019-20,33,Tamilnadu,3325,THENI,332504,CUMBUM,13,"Government Aided",2,"UPS (I-VIII)",3,"Higher secondary",1,"Diploma or certificate in basic teachers training of a duration not less than two years",0,0,0,0,3,5,0,0,0,0,0,0,0,0,0,0,0,0,8,3,5
2019-20,33,Tamilnadu,3325,THENI,332506,PERIYAKULAM,13,"Government Aided",2,"UPS (I-VIII)",3,"Higher secondary",1,"Diploma or certificate in basic teachers training of a duration not less than two years",0,0,0,0,8,52,0,0,0,0,0,0,0,0,0,0,0,0,60,8,52
2019-20,33,Tamilnadu,3325,THENI,332507,THENI,13,"Government Aided",2,"UPS (I-VIII)",3,"Higher secondary",1,"Diploma or certificate in basic teachers training of a duration not less than two years",0,0,0,0,2,5,0,0,0,0,0,0,0,0,0,0,0,0,7,2,5
2019-20,33,Tamilnadu,3325,THENI,332508,UTHAMAPALAYAM,13,"Government Aided",2,"UPS (I-VIII)",3,"Higher secondary",1,"Diploma or certificate in basic teachers training of a duration not less than two years",0,0,0,0,5,17,0,0,0,0,0,0,0,0,0,0,0,0,22,5,17
2019-20,33,Tamilnadu,3325,THENI,332502,BODINAYAKANUR,13,"Government Aided",1,"PS (I-V)",3,"Higher secondary",3,"B.Ed. or equivalent",0,0,0,0,1,0,0,0,0,0,0,0,0,0,0,0,0,0,1,1,0
2019-20,33,Tamilnadu,3325,THENI,332507,THENI,13,"Government Aided",1,"PS (I-V)",3,"Higher secondary",3,"B.Ed. or equivalent",0,0,0,0,1,2,0,0,0,0,0,0,0,0,0,0,0,0,3,1,2
2019-20,33,Tamilnadu,3325,THENI,332502,BODINAYAKANUR,13,"Government Aided",2,"UPS (I-VIII)",3,"Higher secondary",3,"B.Ed. or equivalent",0,0,0,0,0,0,1,7,8,8,0,0,0,0,0,0,0,0,24,9,15
2019-20,33,Tamilnadu,3325,THENI,332503,CHINNAMANUR,13,"Government Aided",2,"UPS (I-VIII)",3,"Higher secondary",3,"B.Ed. or equivalent",0,0,0,0,0,0,0,0,1,1,0,0,0,0,0,0,0,0,2,1,1
2019-20,33,Tamilnadu,3325,THENI,332504,CUMBUM,13,"Government Aided",2,"UPS (I-VIII)",3,"Higher secondary",3,"B.Ed. or equivalent",0,0,0,0,0,0,12,17,1,1,0,0,0,0,0,0,0,0,31,13,18
2019-20,33,Tamilnadu,3325,THENI,332506,PERIYAKULAM,13,"Government Aided",2,"UPS (I-VIII)",3,"Higher secondary",3,"B.Ed. or equivalent",0,0,0,0,0,0,1,1,9,6,0,0,0,0,0,0,0,0,17,10,7
2019-20,33,Tamilnadu,3325,THENI,332507,THENI,13,"Government Aided",2,"UPS (I-VIII)",3,"Higher secondary",3,"B.Ed. or equivalent",0,0,0,0,0,0,0,1,2,2,0,0,0,0,0,0,0,0,5,2,3
2019-20,33,Tamilnadu,3325,THENI,332508,UTHAMAPALAYAM,13,"Government Aided",2,"UPS (I-VIII)",3,"Higher secondary",3,"B.Ed. or equivalent",0,0,0,0,0,2,1,0,2,0,0,0,0,0,0,0,0,0,5,3,2
2019-20,33,Tamilnadu,3325,THENI,332502,BODINAYAKANUR,13,"Government Aided",5,"HSS (VI-XII)",3,"Higher secondary",3,"B.Ed. or equivalent",0,0,0,0,0,0,0,0,1,2,1,0,0,0,0,0,0,0,4,2,2
2019-20,33,Tamilnadu,3325,THENI,332503,CHINNAMANUR,13,"Government Aided",5,"HSS (VI-XII)",3,"Higher secondary",3,"B.Ed. or equivalent",0,0,0,0,0,0,0,0,0,0,1,0,0,1,0,0,1,0,3,2,1
2019-20,33,Tamilnadu,3325,THENI,332504,CUMBUM,13,"Government Aided",5,"HSS (VI-XII)",3,"Higher secondary",3,"B.Ed. or equivalent",0,0,0,0,0,0,0,0,1,3,0,0,0,0,0,0,0,0,4,1,3
2019-20,33,Tamilnadu,3325,THENI,332507,THENI,13,"Government Aided",5,"HSS (VI-XII)",3,"Higher secondary",3,"B.Ed. or equivalent",0,0,0,0,0,0,0,0,1,1,0,1,0,0,0,0,0,0,3,1,2
2019-20,33,Tamilnadu,3325,THENI,332502,BODINAYAKANUR,13,"Government Aided",7,"SS (VI-X)",3,"Higher secondary",3,"B.Ed. or equivalent",0,0,0,0,0,0,0,0,1,0,0,0,0,0,0,0,0,0,1,1,0
2019-20,33,Tamilnadu,3325,THENI,332508,UTHAMAPALAYAM,13,"Government Aided",7,"SS (VI-X)",3,"Higher secondary",3,"B.Ed. or equivalent",0,0,0,0,0,0,0,0,0,1,0,0,0,0,0,0,0,0,1,0,1
2019-20,33,Tamilnadu,3325,THENI,332502,BODINAYAKANUR,13,"Government Aided",2,"UPS (I-VIII)",3,"Higher secondary",4,"M.Ed. or equivalent",0,0,0,0,0,1,0,0,0,0,0,0,0,0,0,0,0,0,1,0,1
2019-20,33,Tamilnadu,3325,THENI,332506,PERIYAKULAM,13,"Government Aided",2,"UPS (I-VIII)",3,"Higher secondary",4,"M.Ed. or equivalent",0,0,0,0,0,0,0,0,0,1,0,0,0,0,0,0,0,0,1,0,1
2019-20,33,Tamilnadu,3325,THENI,332502,BODINAYAKANUR,13,"Government Aided",2,"UPS (I-VIII)",3,"Higher secondary",5,Others,0,0,0,0,0,0,1,0,0,2,0,0,0,0,0,0,0,0,3,1,2
2019-20,33,Tamilnadu,3325,THENI,332504,CUMBUM,13,"Government Aided",2,"UPS (I-VIII)",3,"Higher secondary",5,Others,0,0,0,0,0,0,0,1,0,0,0,0,0,0,0,0,0,0,1,0,1
2019-20,33,Tamilnadu,3325,THENI,332506,PERIYAKULAM,13,"Government Aided",2,"UPS (I-VIII)",3,"Higher secondary",5,Others,0,0,0,0,0,0,0,1,0,0,0,0,0,0,0,0,0,0,1,0,1
2019-20,33,Tamilnadu,3325,THENI,332507,THENI,13,"Government Aided",2,"UPS (I-VIII)",3,"Higher secondary",5,Others,0,0,0,0,0,0,1,0,0,0,0,0,0,0,0,0,0,0,1,1,0
2019-20,33,Tamilnadu,3325,THENI,332508,UTHAMAPALAYAM,13,"Government Aided",2,"UPS (I-VIII)",3,"Higher secondary",5,Others,0,0,0,0,0,0,0,2,0,1,0,0,0,0,0,0,0,0,3,0,3
2019-20,33,Tamilnadu,3325,THENI,332502,BODINAYAKANUR,13,"Government Aided",5,"HSS (VI-XII)",3,"Higher secondary",5,Others,0,0,0,0,0,0,0,0,0,0,0,0,0,0,0,1,0,0,1,0,1
2019-20,33,Tamilnadu,3325,THENI,332503,CHINNAMANUR,13,"Government Aided",5,"HSS (VI-XII)",3,"Higher secondary",5,Others,0,0,0,0,0,0,0,0,0,0,0,1,0,0,0,0,0,0,1,0,1
2019-20,33,Tamilnadu,3325,THENI,332508,UTHAMAPALAYAM,13,"Government Aided",5,"HSS (VI-XII)",3,"Higher secondary",5,Others,0,0,0,0,0,0,0,0,0,0,0,0,0,0,0,1,0,1,2,0,2
2019-20,33,Tamilnadu,3325,THENI,332508,UTHAMAPALAYAM,13,"Government Aided",7,"SS (VI-X)",3,"Higher secondary",5,Others,0,0,0,0,0,0,0,0,0,0,0,0,0,2,0,0,0,0,2,0,2
2019-20,33,Tamilnadu,3325,THENI,332508,UTHAMAPALAYAM,13,"Government Aided",1,"PS (I-V)",3,"Higher secondary",6,None,0,0,0,0,0,1,0,0,0,0,0,0,0,0,0,0,0,0,1,0,1
2019-20,33,Tamilnadu,3325,THENI,332503,CHINNAMANUR,13,"Government Aided",5,"HSS (VI-XII)",3,"Higher secondary",6,None,0,0,0,0,0,0,0,0,0,0,0,0,0,0,0,1,0,0,1,0,1
2019-20,33,Tamilnadu,3325,THENI,332501,AUNDIPATTY,13,"Government Aided",1,"PS (I-V)",4,Graduate,1,"Diploma or certificate in basic teachers training of a duration not less than two years",0,0,0,0,0,4,0,0,0,0,0,0,0,0,0,0,0,0,4,0,4
2019-20,33,Tamilnadu,3325,THENI,332502,BODINAYAKANUR,13,"Government Aided",1,"PS (I-V)",4,Graduate,1,"Diploma or certificate in basic teachers training of a duration not less than two years",0,0,0,0,0,6,0,0,0,0,0,0,0,0,0,0,0,0,6,0,6
2019-20,33,Tamilnadu,3325,THENI,332503,CHINNAMANUR,13,"Government Aided",1,"PS (I-V)",4,Graduate,1,"Diploma or certificate in basic teachers training of a duration not less than two years",0,0,0,0,2,10,0,0,0,0,0,0,0,0,0,0,0,0,12,2,10
2019-20,33,Tamilnadu,3325,THENI,332504,CUMBUM,13,"Government Aided",1,"PS (I-V)",4,Graduate,1,"Diploma or certificate in basic teachers training of a duration not less than two years",0,0,0,0,2,7,0,0,0,0,0,0,0,0,0,0,0,0,9,2,7
2019-20,33,Tamilnadu,3325,THENI,332505,MYLADUMPARAI,13,"Government Aided",1,"PS (I-V)",4,Graduate,1,"Diploma or certificate in basic teachers training of a duration not less than two years",0,0,0,0,1,7,0,0,0,0,0,0,0,0,0,0,0,0,8,1,7
2019-20,33,Tamilnadu,3325,THENI,332506,PERIYAKULAM,13,"Government Aided",1,"PS (I-V)",4,Graduate,1,"Diploma or certificate in basic teachers training of a duration not less than two years",0,0,0,0,1,9,0,0,0,0,0,0,0,0,0,0,0,0,10,1,9
2019-20,33,Tamilnadu,3325,THENI,332507,THENI,13,"Government Aided",1,"PS (I-V)",4,Graduate,1,"Diploma or certificate in basic teachers training of a duration not less than two years",0,0,0,0,1,16,0,0,0,0,0,0,0,0,0,0,0,0,17,1,16
2019-20,33,Tamilnadu,3325,THENI,332508,UTHAMAPALAYAM,13,"Government Aided",1,"PS (I-V)",4,Graduate,1,"Diploma or certificate in basic teachers training of a duration not less than two years",0,0,0,0,1,8,0,0,0,0,0,0,0,0,0,0,0,0,9,1,8
2019-20,33,Tamilnadu,3325,THENI,332501,AUNDIPATTY,13,"Government Aided",2,"UPS (I-VIII)",4,Graduate,1,"Diploma or certificate in basic teachers training of a duration not less than two years",0,0,0,0,0,2,0,0,0,0,0,0,0,0,0,0,0,0,2,0,2
2019-20,33,Tamilnadu,3325,THENI,332502,BODINAYAKANUR,13,"Government Aided",2,"UPS (I-VIII)",4,Graduate,1,"Diploma or certificate in basic teachers training of a duration not less than two years",0,0,0,0,0,2,0,0,0,0,0,0,0,0,0,0,0,0,2,0,2
2019-20,33,Tamilnadu,3325,THENI,332503,CHINNAMANUR,13,"Government Aided",2,"UPS (I-VIII)",4,Graduate,1,"Diploma or certificate in basic teachers training of a duration not less than two years",0,0,0,0,1,0,0,0,0,0,0,0,0,0,0,0,0,0,1,1,0
2019-20,33,Tamilnadu,3325,THENI,332506,PERIYAKULAM,13,"Government Aided",2,"UPS (I-VIII)",4,Graduate,1,"Diploma or certificate in basic teachers training of a duration not less than two years",0,0,0,0,1,10,0,0,0,0,0,0,0,0,0,0,0,0,11,1,10
2019-20,33,Tamilnadu,3325,THENI,332507,THENI,13,"Government Aided",2,"UPS (I-VIII)",4,Graduate,1,"Diploma or certificate in basic teachers training of a duration not less than two years",0,0,0,0,0,1,0,0,0,0,0,0,0,0,0,0,0,0,1,0,1
2019-20,33,Tamilnadu,3325,THENI,332508,UTHAMAPALAYAM,13,"Government Aided",2,"UPS (I-VIII)",4,Graduate,1,"Diploma or certificate in basic teachers training of a duration not less than two years",0,0,0,0,0,2,0,0,0,0,0,0,0,0,0,0,0,0,2,0,2
2019-20,33,Tamilnadu,3325,THENI,332502,BODINAYAKANUR,13,"Government Aided",1,"PS (I-V)",4,Graduate,3,"B.Ed. or equivalent",0,0,0,0,1,14,0,0,0,0,0,0,0,0,0,0,0,0,15,1,14
2019-20,33,Tamilnadu,3325,THENI,332503,CHINNAMANUR,13,"Government Aided",1,"PS (I-V)",4,Graduate,3,"B.Ed. or equivalent",0,0,0,0,0,1,0,0,0,0,0,0,0,0,0,0,0,0,1,0,1
2019-20,33,Tamilnadu,3325,THENI,332504,CUMBUM,13,"Government Aided",1,"PS (I-V)",4,Graduate,3,"B.Ed. or equivalent",0,0,0,0,0,8,0,0,0,0,0,0,0,0,0,0,0,0,8,0,8
2019-20,33,Tamilnadu,3325,THENI,332505,MYLADUMPARAI,13,"Government Aided",1,"PS (I-V)",4,Graduate,3,"B.Ed. or equivalent",0,0,0,0,0,2,0,0,0,0,0,0,0,0,0,0,0,0,2,0,2
2019-20,33,Tamilnadu,3325,THENI,332506,PERIYAKULAM,13,"Government Aided",1,"PS (I-V)",4,Graduate,3,"B.Ed. or equivalent",0,0,0,0,2,5,0,0,0,0,0,0,0,0,0,0,0,0,7,2,5
2019-20,33,Tamilnadu,3325,THENI,332507,THENI,13,"Government Aided",1,"PS (I-V)",4,Graduate,3,"B.Ed. or equivalent",0,0,0,0,1,13,0,0,0,0,0,0,0,0,0,0,0,0,14,1,13
2019-20,33,Tamilnadu,3325,THENI,332508,UTHAMAPALAYAM,13,"Government Aided",1,"PS (I-V)",4,Graduate,3,"B.Ed. or equivalent",0,0,0,0,2,5,0,0,0,0,0,0,0,0,0,0,0,0,7,2,5
2019-20,33,Tamilnadu,3325,THENI,332501,AUNDIPATTY,13,"Government Aided",2,"UPS (I-VIII)",4,Graduate,3,"B.Ed. or equivalent",0,0,0,0,0,1,0,0,2,1,0,0,0,0,0,0,0,0,4,2,2
2019-20,33,Tamilnadu,3325,THENI,332502,BODINAYAKANUR,13,"Government Aided",2,"UPS (I-VIII)",4,Graduate,3,"B.Ed. or equivalent",0,0,0,0,0,2,0,0,10,7,0,0,0,0,0,0,0,0,19,10,9
2019-20,33,Tamilnadu,3325,THENI,332503,CHINNAMANUR,13,"Government Aided",2,"UPS (I-VIII)",4,Graduate,3,"B.Ed. or equivalent",0,0,0,0,2,4,0,0,2,2,0,0,0,0,0,0,0,0,10,4,6
2019-20,33,Tamilnadu,3325,THENI,332504,CUMBUM,13,"Government Aided",2,"UPS (I-VIII)",4,Graduate,3,"B.Ed. or equivalent",0,0,0,0,0,1,0,1,5,6,0,0,0,0,0,0,0,0,13,5,8
2019-20,33,Tamilnadu,3325,THENI,332506,PERIYAKULAM,13,"Government Aided",2,"UPS (I-VIII)",4,Graduate,3,"B.Ed. or equivalent",0,0,0,0,1,15,1,0,7,13,0,0,0,0,0,0,0,0,37,9,28
2019-20,33,Tamilnadu,3325,THENI,332507,THENI,13,"Government Aided",2,"UPS (I-VIII)",4,Graduate,3,"B.Ed. or equivalent",0,0,0,0,0,7,0,1,2,3,0,0,0,0,0,0,0,0,13,2,11
2019-20,33,Tamilnadu,3325,THENI,332508,UTHAMAPALAYAM,13,"Government Aided",2,"UPS (I-VIII)",4,Graduate,3,"B.Ed. or equivalent",0,0,0,0,1,2,0,0,1,5,0,0,0,0,0,0,0,0,9,2,7
2019-20,33,Tamilnadu,3325,THENI,332502,BODINAYAKANUR,13,"Government Aided",5,"HSS (VI-XII)",4,Graduate,3,"B.Ed. or equivalent",0,0,0,0,0,0,0,0,0,2,4,4,1,1,0,2,0,0,14,5,9
2019-20,33,Tamilnadu,3325,THENI,332503,CHINNAMANUR,13,"Government Aided",5,"HSS (VI-XII)",4,Graduate,3,"B.Ed. or equivalent",0,0,0,0,0,0,0,0,0,0,2,3,1,3,0,1,0,1,11,3,8
2019-20,33,Tamilnadu,3325,THENI,332504,CUMBUM,13,"Government Aided",5,"HSS (VI-XII)",4,Graduate,3,"B.Ed. or equivalent",0,0,0,0,0,0,0,0,0,0,0,0,5,6,0,0,0,0,11,5,6
2019-20,33,Tamilnadu,3325,THENI,332507,THENI,13,"Government Aided",5,"HSS (VI-XII)",4,Graduate,3,"B.Ed. or equivalent",0,0,0,0,0,0,0,0,7,3,3,8,3,3,1,0,0,1,29,14,15
2019-20,33,Tamilnadu,3325,THENI,332508,UTHAMAPALAYAM,13,"Government Aided",5,"HSS (VI-XII)",4,Graduate,3,"B.Ed. or equivalent",0,0,0,0,0,0,0,0,5,11,6,3,2,9,0,4,0,0,40,13,27
2019-20,33,Tamilnadu,3325,THENI,332502,BODINAYAKANUR,13,"Government Aided",7,"SS (VI-X)",4,Graduate,3,"B.Ed. or equivalent",0,0,0,0,0,0,0,0,0,0,1,0,1,0,0,0,0,0,2,2,0
2019-20,33,Tamilnadu,3325,THENI,332504,CUMBUM,13,"Government Aided",7,"SS (VI-X)",4,Graduate,3,"B.Ed. or equivalent",0,0,0,0,0,0,0,0,3,0,0,0,3,1,0,0,0,0,7,6,1
2019-20,33,Tamilnadu,3325,THENI,332507,THENI,13,"Government Aided",7,"SS (VI-X)",4,Graduate,3,"B.Ed. or equivalent",0,0,0,0,0,0,0,0,0,0,0,0,1,0,0,0,0,0,1,1,0
2019-20,33,Tamilnadu,3325,THENI,332504,CUMBUM,13,"Government Aided",1,"PS (I-V)",4,Graduate,4,"M.Ed. or equivalent",0,0,0,0,1,0,0,0,0,0,0,0,0,0,0,0,0,0,1,1,0
2019-20,33,Tamilnadu,3325,THENI,332505,MYLADUMPARAI,13,"Government Aided",1,"PS (I-V)",4,Graduate,4,"M.Ed. or equivalent",0,0,0,0,0,1,0,0,0,0,0,0,0,0,0,0,0,0,1,0,1
2019-20,33,Tamilnadu,3325,THENI,332506,PERIYAKULAM,13,"Government Aided",1,"PS (I-V)",4,Graduate,4,"M.Ed. or equivalent",0,0,0,0,1,1,0,0,0,0,0,0,0,0,0,0,0,0,2,1,1
2019-20,33,Tamilnadu,3325,THENI,332502,BODINAYAKANUR,13,"Government Aided",2,"UPS (I-VIII)",4,Graduate,4,"M.Ed. or equivalent",0,0,0,0,0,0,0,0,1,2,0,0,0,0,0,0,0,0,3,1,2
2019-20,33,Tamilnadu,3325,THENI,332506,PERIYAKULAM,13,"Government Aided",2,"UPS (I-VIII)",4,Graduate,4,"M.Ed. or equivalent",0,0,0,0,0,0,0,0,1,0,0,0,0,0,0,0,0,0,1,1,0
2019-20,33,Tamilnadu,3325,THENI,332502,BODINAYAKANUR,13,"Government Aided",5,"HSS (VI-XII)",4,Graduate,4,"M.Ed. or equivalent",0,0,0,0,0,0,0,0,0,0,0,0,0,0,2,0,0,0,2,2,0
2019-20,33,Tamilnadu,3325,THENI,332504,CUMBUM,13,"Government Aided",5,"HSS (VI-XII)",4,Graduate,4,"M.Ed. or equivalent",0,0,0,0,0,0,0,0,0,0,0,0,1,0,0,0,0,0,1,1,0
2019-20,33,Tamilnadu,3325,THENI,332507,THENI,13,"Government Aided",5,"HSS (VI-XII)",4,Graduate,4,"M.Ed. or equivalent",0,0,0,0,0,0,0,0,0,0,1,0,0,0,0,0,0,0,1,1,0
2019-20,33,Tamilnadu,3325,THENI,332502,BODINAYAKANUR,13,"Government Aided",7,"SS (VI-X)",4,Graduate,4,"M.Ed. or equivalent",0,0,0,0,0,0,0,0,1,0,0,0,0,0,0,0,0,0,1,1,0
2019-20,33,Tamilnadu,3325,THENI,332501,AUNDIPATTY,13,"Government Aided",2,"UPS (I-VIII)",4,Graduate,5,Others,0,0,0,0,0,0,0,1,0,0,0,0,0,0,0,0,0,0,1,0,1
2019-20,33,Tamilnadu,3325,THENI,332506,PERIYAKULAM,13,"Government Aided",2,"UPS (I-VIII)",4,Graduate,5,Others,0,0,0,0,0,0,0,0,1,0,0,0,0,0,0,0,0,0,1,1,0
2019-20,33,Tamilnadu,3325,THENI,332502,BODINAYAKANUR,13,"Government Aided",5,"HSS (VI-XII)",4,Graduate,5,Others,0,0,0,0,0,0,0,0,0,0,0,0,1,0,0,0,0,0,1,1,0
2019-20,33,Tamilnadu,3325,THENI,332503,CHINNAMANUR,13,"Government Aided",5,"HSS (VI-XII)",4,Graduate,5,Others,0,0,0,0,0,0,0,0,0,0,0,0,0,0,0,0,1,0,1,1,0
2019-20,33,Tamilnadu,3325,THENI,332504,CUMBUM,13,"Government Aided",5,"HSS (VI-XII)",4,Graduate,5,Others,0,0,0,0,0,0,0,0,0,0,0,0,1,0,0,0,0,0,1,1,0
2019-20,33,Tamilnadu,3325,THENI,332507,THENI,13,"Government Aided",5,"HSS (VI-XII)",4,Graduate,5,Others,0,0,0,0,0,0,0,0,0,0,0,1,1,0,0,0,1,0,3,2,1
2019-20,33,Tamilnadu,3325,THENI,332508,UTHAMAPALAYAM,13,"Government Aided",5,"HSS (VI-XII)",4,Graduate,5,Others,0,0,0,0,0,0,0,0,0,0,1,0,1,0,0,1,0,0,3,2,1
2019-20,33,Tamilnadu,3325,THENI,332501,AUNDIPATTY,13,"Government Aided",1,"PS (I-V)",4,Graduate,6,None,0,0,0,0,0,1,0,0,0,0,0,0,0,0,0,0,0,0,1,0,1
2019-20,33,Tamilnadu,3325,THENI,332506,PERIYAKULAM,13,"Government Aided",2,"UPS (I-VIII)",4,Graduate,6,None,0,0,0,0,0,0,0,0,0,1,0,0,0,0,0,0,0,0,1,0,1
2019-20,33,Tamilnadu,3325,THENI,332502,BODINAYAKANUR,13,"Government Aided",5,"HSS (VI-XII)",4,Graduate,6,None,0,0,0,0,0,0,0,0,0,0,0,0,0,0,1,0,0,0,1,1,0
2019-20,33,Tamilnadu,3325,THENI,332504,CUMBUM,13,"Government Aided",5,"HSS (VI-XII)",4,Graduate,6,None,0,0,0,0,0,0,0,0,0,0,0,0,1,0,0,0,0,0,1,1,0
2019-20,33,Tamilnadu,3325,THENI,332507,THENI,13,"Government Aided",5,"HSS (VI-XII)",4,Graduate,6,None,0,0,0,0,0,0,0,0,0,0,0,1,1,0,1,0,0,0,3,2,1
2019-20,33,Tamilnadu,3325,THENI,332501,AUNDIPATTY,13,"Government Aided",1,"PS (I-V)",5,"Post graduate",1,"Diploma or certificate in basic teachers training of a duration not less than two years",0,0,0,0,1,4,0,0,0,0,0,0,0,0,0,0,0,0,5,1,4
2019-20,33,Tamilnadu,3325,THENI,332502,BODINAYAKANUR,13,"Government Aided",1,"PS (I-V)",5,"Post graduate",1,"Diploma or certificate in basic teachers training of a duration not less than two years",0,0,0,0,1,5,0,0,0,0,0,0,0,0,0,0,0,0,6,1,5
2019-20,33,Tamilnadu,3325,THENI,332503,CHINNAMANUR,13,"Government Aided",1,"PS (I-V)",5,"Post graduate",1,"Diploma or certificate in basic teachers training of a duration not less than two years",0,0,0,0,1,0,0,0,0,0,0,0,0,0,0,0,0,0,1,1,0
2019-20,33,Tamilnadu,3325,THENI,332504,CUMBUM,13,"Government Aided",1,"PS (I-V)",5,"Post graduate",1,"Diploma or certificate in basic teachers training of a duration not less than two years",0,0,0,0,3,15,0,0,0,0,0,0,0,0,0,0,0,0,18,3,15
2019-20,33,Tamilnadu,3325,THENI,332506,PERIYAKULAM,13,"Government Aided",1,"PS (I-V)",5,"Post graduate",1,"Diploma or certificate in basic teachers training of a duration not less than two years",0,0,0,0,4,10,0,0,0,0,0,0,0,0,0,0,0,0,14,4,10
2019-20,33,Tamilnadu,3325,THENI,332507,THENI,13,"Government Aided",1,"PS (I-V)",5,"Post graduate",1,"Diploma or certificate in basic teachers training of a duration not less than two years",0,0,0,0,1,25,0,0,0,0,0,0,0,0,0,0,0,0,26,1,25
2019-20,33,Tamilnadu,3325,THENI,332508,UTHAMAPALAYAM,13,"Government Aided",1,"PS (I-V)",5,"Post graduate",1,"Diploma or certificate in basic teachers training of a duration not less than two years",0,0,0,0,3,17,0,0,0,0,0,0,0,0,0,0,0,0,20,3,17
2019-20,33,Tamilnadu,3325,THENI,332501,AUNDIPATTY,13,"Government Aided",2,"UPS (I-VIII)",5,"Post graduate",1,"Diploma or certificate in basic teachers training of a duration not less than two years",0,0,0,0,0,4,0,0,0,0,0,0,0,0,0,0,0,0,4,0,4
2019-20,33,Tamilnadu,3325,THENI,332502,BODINAYAKANUR,13,"Government Aided",2,"UPS (I-VIII)",5,"Post graduate",1,"Diploma or certificate in basic teachers training of a duration not less than two years",0,0,0,0,0,2,0,0,0,0,0,0,0,0,0,0,0,0,2,0,2
2019-20,33,Tamilnadu,3325,THENI,332504,CUMBUM,13,"Government Aided",2,"UPS (I-VIII)",5,"Post graduate",1,"Diploma or certificate in basic teachers training of a duration not less than two years",0,0,0,0,0,5,0,0,0,0,0,0,0,0,0,0,0,0,5,0,5
2019-20,33,Tamilnadu,3325,THENI,332506,PERIYAKULAM,13,"Government Aided",2,"UPS (I-VIII)",5,"Post graduate",1,"Diploma or certificate in basic teachers training of a duration not less than two years",0,0,0,0,2,4,0,0,0,0,0,0,0,0,0,0,0,0,6,2,4
2019-20,33,Tamilnadu,3325,THENI,332507,THENI,13,"Government Aided",2,"UPS (I-VIII)",5,"Post graduate",1,"Diploma or certificate in basic teachers training of a duration not less than two years",0,0,0,0,0,5,0,0,0,0,0,0,0,0,0,0,0,0,5,0,5
2019-20,33,Tamilnadu,3325,THENI,332508,UTHAMAPALAYAM,13,"Government Aided",2,"UPS (I-VIII)",5,"Post graduate",1,"Diploma or certificate in basic teachers training of a duration not less than two years",0,0,0,0,1,0,0,0,0,0,0,0,0,0,0,0,0,0,1,1,0
2019-20,33,Tamilnadu,3325,THENI,332501,AUNDIPATTY,13,"Government Aided",1,"PS (I-V)",5,"Post graduate",3,"B.Ed. or equivalent",0,0,0,0,4,14,0,0,0,0,0,0,0,0,0,0,0,0,18,4,14
2019-20,33,Tamilnadu,3325,THENI,332502,BODINAYAKANUR,13,"Government Aided",1,"PS (I-V)",5,"Post graduate",3,"B.Ed. or equivalent",0,0,0,0,5,36,0,0,0,0,0,0,0,0,0,0,0,0,41,5,36
2019-20,33,Tamilnadu,3325,THENI,332503,CHINNAMANUR,13,"Government Aided",1,"PS (I-V)",5,"Post graduate",3,"B.Ed. or equivalent",0,0,0,0,3,12,0,0,0,0,0,0,0,0,0,0,0,0,15,3,12
2019-20,33,Tamilnadu,3325,THENI,332504,CUMBUM,13,"Government Aided",1,"PS (I-V)",5,"Post graduate",3,"B.Ed. or equivalent",0,0,0,0,5,9,0,0,0,0,0,0,0,0,0,0,0,0,14,5,9
2019-20,33,Tamilnadu,3325,THENI,332505,MYLADUMPARAI,13,"Government Aided",1,"PS (I-V)",5,"Post graduate",3,"B.Ed. or equivalent",0,0,0,0,1,9,0,0,0,0,0,0,0,0,0,0,0,0,10,1,9
2019-20,33,Tamilnadu,3325,THENI,332506,PERIYAKULAM,13,"Government Aided",1,"PS (I-V)",5,"Post graduate",3,"B.Ed. or equivalent",0,0,0,0,3,15,0,0,0,0,0,0,0,0,0,0,0,0,18,3,15
2019-20,33,Tamilnadu,3325,THENI,332507,THENI,13,"Government Aided",1,"PS (I-V)",5,"Post graduate",3,"B.Ed. or equivalent",0,0,0,0,5,56,0,0,0,0,0,0,0,0,0,0,0,0,61,5,56
2019-20,33,Tamilnadu,3325,THENI,332508,UTHAMAPALAYAM,13,"Government Aided",1,"PS (I-V)",5,"Post graduate",3,"B.Ed. or equivalent",0,0,0,0,6,29,0,0,0,0,0,0,0,0,0,0,0,0,35,6,29
2019-20,33,Tamilnadu,3325,THENI,332501,AUNDIPATTY,13,"Government Aided",2,"UPS (I-VIII)",5,"Post graduate",3,"B.Ed. or equivalent",0,0,0,0,1,1,0,0,0,2,0,0,0,0,0,0,0,0,4,1,3
2019-20,33,Tamilnadu,3325,THENI,332502,BODINAYAKANUR,13,"Government Aided",2,"UPS (I-VIII)",5,"Post graduate",3,"B.Ed. or equivalent",0,0,0,0,0,1,2,1,7,6,0,0,0,0,0,0,0,0,17,9,8
2019-20,33,Tamilnadu,3325,THENI,332503,CHINNAMANUR,13,"Government Aided",2,"UPS (I-VIII)",5,"Post graduate",3,"B.Ed. or equivalent",0,0,0,0,2,4,0,0,3,10,0,0,0,0,0,0,0,0,19,5,14
2019-20,33,Tamilnadu,3325,THENI,332504,CUMBUM,13,"Government Aided",2,"UPS (I-VIII)",5,"Post graduate",3,"B.Ed. or equivalent",0,0,0,0,1,10,0,0,4,13,0,0,0,0,0,0,0,0,28,5,23
2019-20,33,Tamilnadu,3325,THENI,332506,PERIYAKULAM,13,"Government Aided",2,"UPS (I-VIII)",5,"Post graduate",3,"B.Ed. or equivalent",0,0,0,0,6,29,3,2,21,18,0,0,0,0,0,0,0,0,79,30,49
2019-20,33,Tamilnadu,3325,THENI,332507,THENI,13,"Government Aided",2,"UPS (I-VIII)",5,"Post graduate",3,"B.Ed. or equivalent",0,0,0,0,1,3,1,0,1,6,0,0,0,0,0,0,0,0,12,3,9
2019-20,33,Tamilnadu,3325,THENI,332508,UTHAMAPALAYAM,13,"Government Aided",2,"UPS (I-VIII)",5,"Post graduate",3,"B.Ed. or equivalent",0,0,0,0,2,3,2,3,5,15,0,0,0,0,0,0,0,0,30,9,21
2019-20,33,Tamilnadu,3325,THENI,332502,BODINAYAKANUR,13,"Government Aided",5,"HSS (VI-XII)",5,"Post graduate",3,"B.Ed. or equivalent",0,0,0,0,0,0,0,0,1,5,7,20,1,17,0,4,5,6,66,14,52
2019-20,33,Tamilnadu,3325,THENI,332503,CHINNAMANUR,13,"Government Aided",5,"HSS (VI-XII)",5,"Post graduate",3,"B.Ed. or equivalent",0,0,0,0,0,0,0,0,0,0,0,0,1,11,1,1,9,4,27,11,16
2019-20,33,Tamilnadu,3325,THENI,332504,CUMBUM,13,"Government Aided",5,"HSS (VI-XII)",5,"Post graduate",3,"B.Ed. or equivalent",0,0,0,0,0,0,0,0,1,1,0,0,6,5,3,1,4,2,23,14,9
2019-20,33,Tamilnadu,3325,THENI,332507,THENI,13,"Government Aided",5,"HSS (VI-XII)",5,"Post graduate",3,"B.Ed. or equivalent",0,0,0,0,0,0,0,0,14,4,11,27,12,0,4,1,12,11,96,53,43
2019-20,33,Tamilnadu,3325,THENI,332508,UTHAMAPALAYAM,13,"Government Aided",5,"HSS (VI-XII)",5,"Post graduate",3,"B.Ed. or equivalent",0,0,0,0,0,0,0,0,2,2,7,3,1,2,1,2,0,11,31,11,20
2019-20,33,Tamilnadu,3325,THENI,332502,BODINAYAKANUR,13,"Government Aided",7,"SS (VI-X)",5,"Post graduate",3,"B.Ed. or equivalent",0,0,0,0,0,0,0,0,1,0,0,1,1,0,0,0,0,0,3,2,1
2019-20,33,Tamilnadu,3325,THENI,332504,CUMBUM,13,"Government Aided",7,"SS (VI-X)",5,"Post graduate",3,"B.Ed. or equivalent",0,0,0,0,0,0,0,0,0,0,3,1,1,0,0,0,0,0,5,4,1
2019-20,33,Tamilnadu,3325,THENI,332507,THENI,13,"Government Aided",7,"SS (VI-X)",5,"Post graduate",3,"B.Ed. or equivalent",0,0,0,0,0,0,0,0,2,2,0,0,0,2,0,0,0,0,6,2,4
2019-20,33,Tamilnadu,3325,THENI,332508,UTHAMAPALAYAM,13,"Government Aided",7,"SS (VI-X)",5,"Post graduate",3,"B.Ed. or equivalent",0,0,0,0,0,0,0,0,0,1,0,0,0,2,0,0,0,0,3,0,3
2019-20,33,Tamilnadu,3325,THENI,332501,AUNDIPATTY,13,"Government Aided",1,"PS (I-V)",5,"Post graduate",4,"M.Ed. or equivalent",0,0,0,0,0,4,0,0,0,0,0,0,0,0,0,0,0,0,4,0,4
2019-20,33,Tamilnadu,3325,THENI,332502,BODINAYAKANUR,13,"Government Aided",1,"PS (I-V)",5,"Post graduate",4,"M.Ed. or equivalent",0,0,0,0,0,2,0,0,0,0,0,0,0,0,0,0,0,0,2,0,2
2019-20,33,Tamilnadu,3325,THENI,332503,CHINNAMANUR,13,"Government Aided",1,"PS (I-V)",5,"Post graduate",4,"M.Ed. or equivalent",0,0,0,0,0,7,0,0,0,0,0,0,0,0,0,0,0,0,7,0,7
2019-20,33,Tamilnadu,3325,THENI,332504,CUMBUM,13,"Government Aided",1,"PS (I-V)",5,"Post graduate",4,"M.Ed. or equivalent",0,0,0,0,1,0,0,0,0,0,0,0,0,0,0,0,0,0,1,1,0
2019-20,33,Tamilnadu,3325,THENI,332506,PERIYAKULAM,13,"Government Aided",1,"PS (I-V)",5,"Post graduate",4,"M.Ed. or equivalent",0,0,0,0,0,3,0,0,0,0,0,0,0,0,0,0,0,0,3,0,3
2019-20,33,Tamilnadu,3325,THENI,332507,THENI,13,"Government Aided",1,"PS (I-V)",5,"Post graduate",4,"M.Ed. or equivalent",0,0,0,0,0,3,0,0,0,0,0,0,0,0,0,0,0,0,3,0,3
2019-20,33,Tamilnadu,3325,THENI,332501,AUNDIPATTY,13,"Government Aided",2,"UPS (I-VIII)",5,"Post graduate",4,"M.Ed. or equivalent",0,0,0,0,0,0,0,0,0,1,0,0,0,0,0,0,0,0,1,0,1
2019-20,33,Tamilnadu,3325,THENI,332503,CHINNAMANUR,13,"Government Aided",2,"UPS (I-VIII)",5,"Post graduate",4,"M.Ed. or equivalent",0,0,0,0,0,0,1,0,0,0,0,0,0,0,0,0,0,0,1,1,0
2019-20,33,Tamilnadu,3325,THENI,332506,PERIYAKULAM,13,"Government Aided",2,"UPS (I-VIII)",5,"Post graduate",4,"M.Ed. or equivalent",0,0,0,0,0,0,0,0,4,3,0,0,0,0,0,0,0,0,7,4,3
2019-20,33,Tamilnadu,3325,THENI,332508,UTHAMAPALAYAM,13,"Government Aided",2,"UPS (I-VIII)",5,"Post graduate",4,"M.Ed. or equivalent",0,0,0,0,0,0,1,0,2,1,0,0,0,0,0,0,0,0,4,3,1
2019-20,33,Tamilnadu,3325,THENI,332502,BODINAYAKANUR,13,"Government Aided",5,"HSS (VI-XII)",5,"Post graduate",4,"M.Ed. or equivalent",0,0,0,0,0,0,0,0,0,0,0,4,4,1,0,1,5,0,15,9,6
2019-20,33,Tamilnadu,3325,THENI,332503,CHINNAMANUR,13,"Government Aided",5,"HSS (VI-XII)",5,"Post graduate",4,"M.Ed. or equivalent",0,0,0,0,0,0,0,0,0,0,0,0,0,2,0,2,0,1,5,0,5
2019-20,33,Tamilnadu,3325,THENI,332504,CUMBUM,13,"Government Aided",5,"HSS (VI-XII)",5,"Post graduate",4,"M.Ed. or equivalent",0,0,0,0,0,0,0,0,0,0,0,0,3,0,2,2,1,0,8,6,2
2019-20,33,Tamilnadu,3325,THENI,332507,THENI,13,"Government Aided",5,"HSS (VI-XII)",5,"Post graduate",4,"M.Ed. or equivalent",0,0,0,0,0,0,0,0,0,0,0,2,0,0,1,1,4,1,9,5,4
2019-20,33,Tamilnadu,3325,THENI,332508,UTHAMAPALAYAM,13,"Government Aided",5,"HSS (VI-XII)",5,"Post graduate",4,"M.Ed. or equivalent",0,0,0,0,0,0,0,0,0,0,2,0,0,1,0,0,5,2,10,7,3
2019-20,33,Tamilnadu,3325,THENI,332502,BODINAYAKANUR,13,"Government Aided",7,"SS (VI-X)",5,"Post graduate",4,"M.Ed. or equivalent",0,0,0,0,0,0,0,0,0,0,0,0,1,0,0,0,0,0,1,1,0
2019-20,33,Tamilnadu,3325,THENI,332507,THENI,13,"Government Aided",7,"SS (VI-X)",5,"Post graduate",4,"M.Ed. or equivalent",0,0,0,0,0,0,0,0,0,0,0,0,2,0,0,0,0,0,2,2,0
2019-20,33,Tamilnadu,3325,THENI,332508,UTHAMAPALAYAM,13,"Government Aided",7,"SS (VI-X)",5,"Post graduate",4,"M.Ed. or equivalent",0,0,0,0,0,0,0,0,0,0,0,0,0,2,0,0,0,0,2,0,2
2019-20,33,Tamilnadu,3325,THENI,332508,UTHAMAPALAYAM,13,"Government Aided",2,"UPS (I-VIII)",5,"Post graduate",5,Others,0,0,0,0,0,0,0,1,0,0,0,0,0,0,0,0,0,0,1,0,1
2019-20,33,Tamilnadu,3325,THENI,332503,CHINNAMANUR,13,"Government Aided",5,"HSS (VI-XII)",5,"Post graduate",5,Others,0,0,0,0,0,0,0,0,0,0,0,0,0,0,1,0,0,0,1,1,0
2019-20,33,Tamilnadu,3325,THENI,332504,CUMBUM,13,"Government Aided",5,"HSS (VI-XII)",5,"Post graduate",5,Others,0,0,0,0,0,0,0,0,0,0,0,0,1,0,0,0,0,0,1,1,0
2019-20,33,Tamilnadu,3325,THENI,332503,CHINNAMANUR,13,"Government Aided",5,"HSS (VI-XII)",5,"Post graduate",6,None,0,0,0,0,0,0,0,0,0,0,0,0,0,0,0,0,1,0,1,1,0
2019-20,33,Tamilnadu,3325,THENI,332507,THENI,13,"Government Aided",5,"HSS (VI-XII)",5,"Post graduate",6,None,0,0,0,0,0,0,0,0,1,0,0,0,0,0,0,0,0,1,2,1,1
2019-20,33,Tamilnadu,3325,THENI,332506,PERIYAKULAM,13,"Government Aided",1,"PS (I-V)",6,M.Phil,1,"Diploma or certificate in basic teachers training of a duration not less than two years",0,0,0,0,1,0,0,0,0,0,0,0,0,0,0,0,0,0,1,1,0
2019-20,33,Tamilnadu,3325,THENI,332501,AUNDIPATTY,13,"Government Aided",1,"PS (I-V)",6,M.Phil,3,"B.Ed. or equivalent",0,0,0,0,0,2,0,0,0,0,0,0,0,0,0,0,0,0,2,0,2
2019-20,33,Tamilnadu,3325,THENI,332502,BODINAYAKANUR,13,"Government Aided",1,"PS (I-V)",6,M.Phil,3,"B.Ed. or equivalent",0,0,0,0,3,2,0,0,0,0,0,0,0,0,0,0,0,0,5,3,2
2019-20,33,Tamilnadu,3325,THENI,332503,CHINNAMANUR,13,"Government Aided",1,"PS (I-V)",6,M.Phil,3,"B.Ed. or equivalent",0,0,0,0,1,2,0,0,0,0,0,0,0,0,0,0,0,0,3,1,2
2019-20,33,Tamilnadu,3325,THENI,332506,PERIYAKULAM,13,"Government Aided",1,"PS (I-V)",6,M.Phil,3,"B.Ed. or equivalent",0,0,0,0,0,1,0,0,0,0,0,0,0,0,0,0,0,0,1,0,1
2019-20,33,Tamilnadu,3325,THENI,332507,THENI,13,"Government Aided",1,"PS (I-V)",6,M.Phil,3,"B.Ed. or equivalent",0,0,0,0,0,4,0,0,0,0,0,0,0,0,0,0,0,0,4,0,4
2019-20,33,Tamilnadu,3325,THENI,332508,UTHAMAPALAYAM,13,"Government Aided",1,"PS (I-V)",6,M.Phil,3,"B.Ed. or equivalent",0,0,0,0,0,2,0,0,0,0,0,0,0,0,0,0,0,0,2,0,2
2019-20,33,Tamilnadu,3325,THENI,332501,AUNDIPATTY,13,"Government Aided",2,"UPS (I-VIII)",6,M.Phil,3,"B.Ed. or equivalent",0,0,0,0,0,0,0,0,2,1,0,0,0,0,0,0,0,0,3,2,1
2019-20,33,Tamilnadu,3325,THENI,332502,BODINAYAKANUR,13,"Government Aided",2,"UPS (I-VIII)",6,M.Phil,3,"B.Ed. or equivalent",0,0,0,0,0,0,0,0,2,0,0,0,0,0,0,0,0,0,2,2,0
2019-20,33,Tamilnadu,3325,THENI,332503,CHINNAMANUR,13,"Government Aided",2,"UPS (I-VIII)",6,M.Phil,3,"B.Ed. or equivalent",0,0,0,0,0,0,0,0,0,1,0,0,0,0,0,0,0,0,1,0,1
2019-20,33,Tamilnadu,3325,THENI,332504,CUMBUM,13,"Government Aided",2,"UPS (I-VIII)",6,M.Phil,3,"B.Ed. or equivalent",0,0,0,0,0,0,0,0,2,1,0,0,0,0,0,0,0,0,3,2,1
2019-20,33,Tamilnadu,3325,THENI,332506,PERIYAKULAM,13,"Government Aided",2,"UPS (I-VIII)",6,M.Phil,3,"B.Ed. or equivalent",0,0,0,0,1,0,0,0,9,7,0,0,0,0,0,0,0,0,17,10,7
2019-20,33,Tamilnadu,3325,THENI,332507,THENI,13,"Government Aided",2,"UPS (I-VIII)",6,M.Phil,3,"B.Ed. or equivalent",0,0,0,0,0,0,0,0,5,3,0,0,0,0,0,0,0,0,8,5,3
2019-20,33,Tamilnadu,3325,THENI,332508,UTHAMAPALAYAM,13,"Government Aided",2,"UPS (I-VIII)",6,M.Phil,3,"B.Ed. or equivalent",0,0,0,0,0,0,0,0,3,3,0,0,0,0,0,0,0,0,6,3,3
2019-20,33,Tamilnadu,3325,THENI,332502,BODINAYAKANUR,13,"Government Aided",5,"HSS (VI-XII)",6,M.Phil,3,"B.Ed. or equivalent",0,0,0,0,0,0,0,0,0,1,4,8,4,4,0,3,7,6,37,15,22
2019-20,33,Tamilnadu,3325,THENI,332503,CHINNAMANUR,13,"Government Aided",5,"HSS (VI-XII)",6,M.Phil,3,"B.Ed. or equivalent",0,0,0,0,0,0,0,0,0,0,0,0,1,11,1,1,2,7,23,4,19
2019-20,33,Tamilnadu,3325,THENI,332504,CUMBUM,13,"Government Aided",5,"HSS (VI-XII)",6,M.Phil,3,"B.Ed. or equivalent",0,0,0,0,0,0,0,0,0,0,0,0,7,4,0,1,1,2,15,8,7
2019-20,33,Tamilnadu,3325,THENI,332507,THENI,13,"Government Aided",5,"HSS (VI-XII)",6,M.Phil,3,"B.Ed. or equivalent",0,0,0,0,0,0,0,0,2,2,1,11,13,2,2,0,9,6,48,27,21
2019-20,33,Tamilnadu,3325,THENI,332508,UTHAMAPALAYAM,13,"Government Aided",5,"HSS (VI-XII)",6,M.Phil,3,"B.Ed. or equivalent",0,0,0,0,0,0,0,0,2,1,10,5,3,4,3,0,11,0,39,29,10
2019-20,33,Tamilnadu,3325,THENI,332502,BODINAYAKANUR,13,"Government Aided",7,"SS (VI-X)",6,M.Phil,3,"B.Ed. or equivalent",0,0,0,0,0,0,0,0,0,0,0,1,1,2,0,0,0,0,4,1,3
2019-20,33,Tamilnadu,3325,THENI,332504,CUMBUM,13,"Government Aided",7,"SS (VI-X)",6,M.Phil,3,"B.Ed. or equivalent",0,0,0,0,0,0,0,0,0,0,0,0,5,0,0,0,0,0,5,5,0
2019-20,33,Tamilnadu,3325,THENI,332507,THENI,13,"Government Aided",7,"SS (VI-X)",6,M.Phil,3,"B.Ed. or equivalent",0,0,0,0,0,0,0,0,0,0,0,0,1,0,0,0,0,0,1,1,0
2019-20,33,Tamilnadu,3325,THENI,332508,UTHAMAPALAYAM,13,"Government Aided",7,"SS (VI-X)",6,M.Phil,3,"B.Ed. or equivalent",0,0,0,0,0,0,0,0,0,0,0,0,1,3,0,0,0,0,4,1,3
2019-20,33,Tamilnadu,3325,THENI,332502,BODINAYAKANUR,13,"Government Aided",1,"PS (I-V)",6,M.Phil,4,"M.Ed. or equivalent",0,0,0,0,0,1,0,0,0,0,0,0,0,0,0,0,0,0,1,0,1
2019-20,33,Tamilnadu,3325,THENI,332502,BODINAYAKANUR,13,"Government Aided",2,"UPS (I-VIII)",6,M.Phil,4,"M.Ed. or equivalent",0,0,0,0,0,0,0,0,0,1,0,0,0,0,0,0,0,0,1,0,1
2019-20,33,Tamilnadu,3325,THENI,332506,PERIYAKULAM,13,"Government Aided",2,"UPS (I-VIII)",6,M.Phil,4,"M.Ed. or equivalent",0,0,0,0,0,0,0,0,0,2,0,0,0,0,0,0,0,0,2,0,2
2019-20,33,Tamilnadu,3325,THENI,332502,BODINAYAKANUR,13,"Government Aided",5,"HSS (VI-XII)",6,M.Phil,4,"M.Ed. or equivalent",0,0,0,0,0,0,0,0,0,0,0,0,0,0,0,0,4,2,6,4,2
2019-20,33,Tamilnadu,3325,THENI,332503,CHINNAMANUR,13,"Government Aided",5,"HSS (VI-XII)",6,M.Phil,4,"M.Ed. or equivalent",0,0,0,0,0,0,0,0,0,0,0,0,0,0,0,0,2,3,5,2,3
2019-20,33,Tamilnadu,3325,THENI,332504,CUMBUM,13,"Government Aided",5,"HSS (VI-XII)",6,M.Phil,4,"M.Ed. or equivalent",0,0,0,0,0,0,0,0,0,0,0,0,2,0,0,0,4,0,6,6,0
2019-20,33,Tamilnadu,3325,THENI,332507,THENI,13,"Government Aided",5,"HSS (VI-XII)",6,M.Phil,4,"M.Ed. or equivalent",0,0,0,0,0,0,0,0,1,0,0,0,0,0,1,0,4,2,8,6,2
2019-20,33,Tamilnadu,3325,THENI,332508,UTHAMAPALAYAM,13,"Government Aided",5,"HSS (VI-XII)",6,M.Phil,4,"M.Ed. or equivalent",0,0,0,0,0,0,0,0,0,0,1,0,0,0,2,0,4,3,10,7,3
2019-20,33,Tamilnadu,3325,THENI,332508,UTHAMAPALAYAM,13,"Government Aided",5,"HSS (VI-XII)",6,M.Phil,6,None,0,0,0,0,0,0,0,0,0,0,0,0,0,0,0,0,2,0,2,2,0
2019-20,33,Tamilnadu,3325,THENI,332504,CUMBUM,13,"Government Aided",5,"HSS (VI-XII)",6,M.Phil,6,None,0,0,0,0,0,0,0,0,0,0,0,0,0,0,0,0,1,0,1,1,0
2019-20,33,Tamilnadu,3325,THENI,332502,BODINAYAKANUR,13,"Government Aided",5,"HSS (VI-XII)",7,Ph.D,3,"B.Ed. or equivalent",0,0,0,0,0,0,0,0,0,0,0,0,0,0,0,0,0,1,1,0,1
2019-20,33,Tamilnadu,3325,THENI,332507,THENI,13,"Government Aided",5,"HSS (VI-XII)",7,Ph.D,3,"B.Ed. or equivalent",0,0,0,0,0,0,0,0,1,0,0,0,0,0,0,0,0,0,1,1,0
2019-20,33,Tamilnadu,3325,THENI,332508,UTHAMAPALAYAM,13,"Government Aided",5,"HSS (VI-XII)",7,Ph.D,3,"B.Ed. or equivalent",0,0,0,0,0,0,0,0,0,0,0,0,0,0,0,0,1,0,1,1,0
2019-20,33,Tamilnadu,3325,THENI,332508,UTHAMAPALAYAM,13,"Government Aided",5,"HSS (VI-XII)",7,Ph.D,4,"M.Ed. or equivalent",0,0,0,0,0,0,0,0,0,0,0,0,0,0,0,0,1,0,1,1,0
2019-20,33,Tamilnadu,3325,THENI,332504,CUMBUM,14,"Government Aided",5,"HSS (VI-XII)",1,"Below Secondary",3,"B.Ed. or equivalent",0,0,0,0,0,0,0,0,0,0,2,0,0,0,0,0,0,0,2,2,0
2019-20,33,Tamilnadu,3325,THENI,332508,UTHAMAPALAYAM,14,"Government Aided",5,"HSS (VI-XII)",1,"Below Secondary",3,"B.Ed. or equivalent",0,0,0,0,0,0,0,0,0,0,0,0,0,0,0,0,1,0,1,1,0
2019-20,33,Tamilnadu,3325,THENI,332504,CUMBUM,14,"Government Aided",5,"HSS (VI-XII)",1,"Below Secondary",5,Others,0,0,0,0,0,0,0,0,0,0,0,1,0,0,0,0,0,0,1,0,1
2019-20,33,Tamilnadu,3325,THENI,332505,MYLADUMPARAI,14,"Government Aided",5,"HSS (VI-XII)",1,"Below Secondary",5,Others,0,0,0,0,0,0,0,0,0,0,0,0,0,1,0,0,0,0,1,0,1
2019-20,33,Tamilnadu,3325,THENI,332508,UTHAMAPALAYAM,14,"Government Aided",5,"HSS (VI-XII)",1,"Below Secondary",6,None,0,0,0,0,0,0,0,0,0,0,0,0,0,0,0,0,1,0,1,1,0
2019-20,33,Tamilnadu,3325,THENI,332502,BODINAYAKANUR,14,"Government Aided",2,"UPS (I-VIII)",3,"Higher secondary",1,"Diploma or certificate in basic teachers training of a duration not less than two years",0,0,0,0,1,1,0,0,0,0,0,0,0,0,0,0,0,0,2,1,1
2019-20,33,Tamilnadu,3325,THENI,332503,CHINNAMANUR,14,"Government Aided",2,"UPS (I-VIII)",3,"Higher secondary",1,"Diploma or certificate in basic teachers training of a duration not less than two years",0,0,0,0,0,4,0,0,0,0,0,0,0,0,0,0,0,0,4,0,4
2019-20,33,Tamilnadu,3325,THENI,332506,PERIYAKULAM,14,"Government Aided",2,"UPS (I-VIII)",3,"Higher secondary",1,"Diploma or certificate in basic teachers training of a duration not less than two years",0,0,0,0,0,2,0,0,0,0,0,0,0,0,0,0,0,0,2,0,2
2019-20,33,Tamilnadu,3325,THENI,332507,THENI,14,"Government Aided",3,"HSS (I-XII)",3,"Higher secondary",1,"Diploma or certificate in basic teachers training of a duration not less than two years",0,0,0,0,0,1,0,0,0,0,0,0,0,0,0,0,0,0,1,0,1
2019-20,33,Tamilnadu,3325,THENI,332501,AUNDIPATTY,14,"Government Aided",5,"HSS (VI-XII)",3,"Higher secondary",3,"B.Ed. or equivalent",0,0,0,0,0,0,0,0,1,0,0,1,0,0,0,0,0,0,2,1,1
2019-20,33,Tamilnadu,3325,THENI,332504,CUMBUM,14,"Government Aided",5,"HSS (VI-XII)",3,"Higher secondary",3,"B.Ed. or equivalent",0,0,0,0,0,0,0,0,1,0,0,0,0,0,0,0,0,0,1,1,0
2019-20,33,Tamilnadu,3325,THENI,332506,PERIYAKULAM,14,"Government Aided",5,"HSS (VI-XII)",3,"Higher secondary",3,"B.Ed. or equivalent",0,0,0,0,0,0,0,0,0,1,0,0,0,0,0,0,0,0,1,0,1
2019-20,33,Tamilnadu,3325,THENI,332508,UTHAMAPALAYAM,14,"Government Aided",5,"HSS (VI-XII)",3,"Higher secondary",3,"B.Ed. or equivalent",0,0,0,0,0,0,0,0,0,0,0,0,0,1,0,0,0,0,1,0,1
2019-20,33,Tamilnadu,3325,THENI,332508,UTHAMAPALAYAM,14,"Government Aided",7,"SS (VI-X)",3,"Higher secondary",3,"B.Ed. or equivalent",0,0,0,0,0,0,0,0,1,0,0,0,0,0,0,0,0,0,1,1,0
2019-20,33,Tamilnadu,3325,THENI,332504,CUMBUM,14,"Government Aided",5,"HSS (VI-XII)",3,"Higher secondary",6,None,0,0,0,0,0,0,0,0,0,0,0,0,0,0,0,0,0,1,1,0,1
2019-20,33,Tamilnadu,3325,THENI,332507,THENI,14,"Government Aided",3,"HSS (I-XII)",3,"Higher secondary",5,Others,0,0,0,0,0,0,0,0,0,0,0,1,0,0,0,0,0,0,1,0,1
2019-20,33,Tamilnadu,3325,THENI,332508,UTHAMAPALAYAM,14,"Government Aided",5,"HSS (VI-XII)",3,"Higher secondary",5,Others,0,0,0,0,0,0,0,0,0,0,0,0,1,0,0,0,0,0,1,1,0
2019-20,33,Tamilnadu,3325,THENI,332507,THENI,14,"Government Aided",7,"SS (VI-X)",3,"Higher secondary",5,Others,0,0,0,0,0,0,0,0,0,2,0,0,0,0,0,0,0,0,2,0,2
2019-20,33,Tamilnadu,3325,THENI,332503,CHINNAMANUR,14,"Government Aided",2,"UPS (I-VIII)",4,Graduate,1,"Diploma or certificate in basic teachers training of a duration not less than two years",0,0,0,0,0,3,0,0,0,0,0,0,0,0,0,0,0,0,3,0,3
2019-20,33,Tamilnadu,3325,THENI,332507,THENI,14,"Government Aided",3,"HSS (I-XII)",4,Graduate,1,"Diploma or certificate in basic teachers training of a duration not less than two years",0,0,0,0,0,3,0,0,0,0,0,0,0,0,0,0,0,0,3,0,3
2019-20,33,Tamilnadu,3325,THENI,332503,CHINNAMANUR,14,"Government Aided",2,"UPS (I-VIII)",4,Graduate,3,"B.Ed. or equivalent",0,0,0,0,1,1,0,0,0,0,0,0,0,0,0,0,0,0,2,1,1
2019-20,33,Tamilnadu,3325,THENI,332506,PERIYAKULAM,14,"Government Aided",2,"UPS (I-VIII)",4,Graduate,3,"B.Ed. or equivalent",0,0,0,0,0,2,0,0,0,0,0,0,0,0,0,0,0,0,2,0,2
2019-20,33,Tamilnadu,3325,THENI,332507,THENI,14,"Government Aided",3,"HSS (I-XII)",4,Graduate,3,"B.Ed. or equivalent",0,0,0,0,0,0,0,0,0,0,0,1,0,3,0,0,0,0,4,0,4
2019-20,33,Tamilnadu,3325,THENI,332501,AUNDIPATTY,14,"Government Aided",5,"HSS (VI-XII)",4,Graduate,3,"B.Ed. or equivalent",0,0,0,0,0,0,0,0,0,0,1,0,0,1,0,0,0,0,2,1,1
2019-20,33,Tamilnadu,3325,THENI,332503,CHINNAMANUR,14,"Government Aided",5,"HSS (VI-XII)",4,Graduate,3,"B.Ed. or equivalent",0,0,0,0,0,0,0,0,0,1,0,0,0,0,0,0,0,0,1,0,1
2019-20,33,Tamilnadu,3325,THENI,332504,CUMBUM,14,"Government Aided",5,"HSS (VI-XII)",4,Graduate,3,"B.Ed. or equivalent",0,0,0,0,0,0,0,0,0,2,1,1,2,2,0,0,0,0,8,3,5
2019-20,33,Tamilnadu,3325,THENI,332505,MYLADUMPARAI,14,"Government Aided",5,"HSS (VI-XII)",4,Graduate,3,"B.Ed. or equivalent",0,0,0,0,0,0,0,0,0,0,0,0,8,3,0,0,0,0,11,8,3
2019-20,33,Tamilnadu,3325,THENI,332506,PERIYAKULAM,14,"Government Aided",5,"HSS (VI-XII)",4,Graduate,3,"B.Ed. or equivalent",0,0,0,0,0,0,0,0,0,1,0,3,0,0,0,0,0,0,4,0,4
2019-20,33,Tamilnadu,3325,THENI,332508,UTHAMAPALAYAM,14,"Government Aided",5,"HSS (VI-XII)",4,Graduate,3,"B.Ed. or equivalent",0,0,0,0,0,0,0,0,0,2,0,1,1,0,1,0,0,0,5,2,3
2019-20,33,Tamilnadu,3325,THENI,332502,BODINAYAKANUR,14,"Government Aided",7,"SS (VI-X)",4,Graduate,3,"B.Ed. or equivalent",0,0,0,0,0,0,0,0,0,1,1,0,1,1,0,0,0,0,4,2,2
2019-20,33,Tamilnadu,3325,THENI,332507,THENI,14,"Government Aided",7,"SS (VI-X)",4,Graduate,3,"B.Ed. or equivalent",0,0,0,0,0,0,0,0,1,2,0,0,0,1,0,0,0,0,4,1,3
2019-20,33,Tamilnadu,3325,THENI,332508,UTHAMAPALAYAM,14,"Government Aided",7,"SS (VI-X)",4,Graduate,3,"B.Ed. or equivalent",0,0,0,0,0,0,0,0,0,0,1,0,0,0,0,0,0,0,1,1,0
2019-20,33,Tamilnadu,3325,THENI,332501,AUNDIPATTY,14,"Government Aided",5,"HSS (VI-XII)",4,Graduate,4,"M.Ed. or equivalent",0,0,0,0,0,0,0,0,0,0,1,0,0,0,0,0,0,0,1,1,0
2019-20,33,Tamilnadu,3325,THENI,332508,UTHAMAPALAYAM,14,"Government Aided",5,"HSS (VI-XII)",4,Graduate,4,"M.Ed. or equivalent",0,0,0,0,0,0,0,0,0,0,0,0,1,0,0,0,0,0,1,1,0
2019-20,33,Tamilnadu,3325,THENI,332502,BODINAYAKANUR,14,"Government Aided",7,"SS (VI-X)",4,Graduate,4,"M.Ed. or equivalent",0,0,0,0,0,0,0,0,0,0,0,0,0,2,0,0,0,0,2,0,2
2019-20,33,Tamilnadu,3325,THENI,332507,THENI,14,"Government Aided",7,"SS (VI-X)",4,Graduate,4,"M.Ed. or equivalent",0,0,0,0,0,0,0,0,0,0,1,0,0,0,0,0,0,0,1,1,0
2019-20,33,Tamilnadu,3325,THENI,332508,UTHAMAPALAYAM,14,"Government Aided",7,"SS (VI-X)",4,Graduate,4,"M.Ed. or equivalent",0,0,0,0,0,0,0,0,0,1,0,0,0,0,0,0,0,0,1,0,1
2019-20,33,Tamilnadu,3325,THENI,332504,CUMBUM,14,"Government Aided",5,"HSS (VI-XII)",4,Graduate,5,Others,0,0,0,0,0,0,0,0,0,1,0,0,0,0,0,0,0,0,1,0,1
2019-20,33,Tamilnadu,3325,THENI,332506,PERIYAKULAM,14,"Government Aided",5,"HSS (VI-XII)",4,Graduate,5,Others,0,0,0,0,0,0,0,0,0,0,0,0,0,0,0,0,0,1,1,0,1
2019-20,33,Tamilnadu,3325,THENI,332504,CUMBUM,14,"Government Aided",5,"HSS (VI-XII)",4,Graduate,6,None,0,0,0,0,0,0,0,0,0,0,1,0,0,0,0,0,0,0,1,1,0
2019-20,33,Tamilnadu,3325,THENI,332503,CHINNAMANUR,14,"Government Aided",2,"UPS (I-VIII)",5,"Post graduate",1,"Diploma or certificate in basic teachers training of a duration not less than two years",0,0,0,0,1,5,0,0,0,0,0,0,0,0,0,0,0,0,6,1,5
2019-20,33,Tamilnadu,3325,THENI,332507,THENI,14,"Government Aided",3,"HSS (I-XII)",5,"Post graduate",1,"Diploma or certificate in basic teachers training of a duration not less than two years",0,0,0,0,0,2,0,0,0,0,0,0,0,0,0,0,0,0,2,0,2
2019-20,33,Tamilnadu,3325,THENI,332503,CHINNAMANUR,14,"Government Aided",2,"UPS (I-VIII)",5,"Post graduate",3,"B.Ed. or equivalent",0,0,0,0,0,1,0,0,1,1,0,0,0,0,0,0,0,0,3,1,2
2019-20,33,Tamilnadu,3325,THENI,332507,THENI,14,"Government Aided",3,"HSS (I-XII)",5,"Post graduate",3,"B.Ed. or equivalent",0,0,0,0,0,7,0,0,0,0,0,6,0,2,0,0,0,0,15,0,15
2019-20,33,Tamilnadu,3325,THENI,332501,AUNDIPATTY,14,"Government Aided",5,"HSS (VI-XII)",5,"Post graduate",3,"B.Ed. or equivalent",0,0,0,0,0,0,0,0,2,3,3,5,2,5,0,0,3,6,29,10,19
2019-20,33,Tamilnadu,3325,THENI,332503,CHINNAMANUR,14,"Government Aided",5,"HSS (VI-XII)",5,"Post graduate",3,"B.Ed. or equivalent",0,0,0,0,0,0,0,0,3,4,0,0,0,0,0,0,0,0,7,3,4
2019-20,33,Tamilnadu,3325,THENI,332504,CUMBUM,14,"Government Aided",5,"HSS (VI-XII)",5,"Post graduate",3,"B.Ed. or equivalent",0,0,0,0,0,0,0,0,4,3,2,0,7,2,0,0,1,3,22,14,8
2019-20,33,Tamilnadu,3325,THENI,332505,MYLADUMPARAI,14,"Government Aided",5,"HSS (VI-XII)",5,"Post graduate",3,"B.Ed. or equivalent",0,0,0,0,0,0,0,0,0,0,0,0,5,2,5,2,3,2,19,13,6
2019-20,33,Tamilnadu,3325,THENI,332506,PERIYAKULAM,14,"Government Aided",5,"HSS (VI-XII)",5,"Post graduate",3,"B.Ed. or equivalent",0,0,0,0,0,0,0,0,2,7,2,6,0,0,0,0,0,5,22,4,18
2019-20,33,Tamilnadu,3325,THENI,332508,UTHAMAPALAYAM,14,"Government Aided",5,"HSS (VI-XII)",5,"Post graduate",3,"B.Ed. or equivalent",0,0,0,0,0,0,0,0,5,1,1,1,6,5,0,0,1,0,20,13,7
2019-20,33,Tamilnadu,3325,THENI,332502,BODINAYAKANUR,14,"Government Aided",7,"SS (VI-X)",5,"Post graduate",3,"B.Ed. or equivalent",0,0,0,0,0,0,0,0,0,0,0,0,1,1,0,0,0,0,2,1,1
2019-20,33,Tamilnadu,3325,THENI,332507,THENI,14,"Government Aided",7,"SS (VI-X)",5,"Post graduate",3,"B.Ed. or equivalent",0,0,0,0,0,0,0,0,2,6,0,0,2,1,0,0,0,0,11,4,7
2019-20,33,Tamilnadu,3325,THENI,332508,UTHAMAPALAYAM,14,"Government Aided",7,"SS (VI-X)",5,"Post graduate",3,"B.Ed. or equivalent",0,0,0,0,0,0,0,0,2,2,0,0,0,1,0,0,0,0,5,2,3
2019-20,33,Tamilnadu,3325,THENI,332507,THENI,14,"Government Aided",3,"HSS (I-XII)",5,"Post graduate",4,"M.Ed. or equivalent",0,0,0,0,0,0,0,0,0,1,0,0,0,0,0,0,0,0,1,0,1
2019-20,33,Tamilnadu,3325,THENI,332501,AUNDIPATTY,14,"Government Aided",5,"HSS (VI-XII)",5,"Post graduate",4,"M.Ed. or equivalent",0,0,0,0,0,0,0,0,0,0,0,0,0,1,0,0,1,0,2,1,1
2019-20,33,Tamilnadu,3325,THENI,332503,CHINNAMANUR,14,"Government Aided",5,"HSS (VI-XII)",5,"Post graduate",4,"M.Ed. or equivalent",0,0,0,0,0,0,0,0,1,0,0,0,0,0,0,0,0,0,1,1,0
2019-20,33,Tamilnadu,3325,THENI,332504,CUMBUM,14,"Government Aided",5,"HSS (VI-XII)",5,"Post graduate",4,"M.Ed. or equivalent",0,0,0,0,0,0,0,0,0,1,0,0,4,1,0,0,0,0,6,4,2
2019-20,33,Tamilnadu,3325,THENI,332505,MYLADUMPARAI,14,"Government Aided",5,"HSS (VI-XII)",5,"Post graduate",4,"M.Ed. or equivalent",0,0,0,0,0,0,0,0,0,0,0,0,1,0,0,0,0,1,2,1,1
2019-20,33,Tamilnadu,3325,THENI,332506,PERIYAKULAM,14,"Government Aided",5,"HSS (VI-XII)",5,"Post graduate",4,"M.Ed. or equivalent",0,0,0,0,0,0,0,0,2,0,0,0,0,0,0,0,1,0,3,3,0
2019-20,33,Tamilnadu,3325,THENI,332508,UTHAMAPALAYAM,14,"Government Aided",5,"HSS (VI-XII)",5,"Post graduate",4,"M.Ed. or equivalent",0,0,0,0,0,0,0,0,0,0,1,1,5,4,0,0,1,0,12,7,5
2019-20,33,Tamilnadu,3325,THENI,332502,BODINAYAKANUR,14,"Government Aided",7,"SS (VI-X)",5,"Post graduate",4,"M.Ed. or equivalent",0,0,0,0,0,0,0,0,0,0,0,0,2,1,0,0,0,0,3,2,1
2019-20,33,Tamilnadu,3325,THENI,332507,THENI,14,"Government Aided",7,"SS (VI-X)",5,"Post graduate",4,"M.Ed. or equivalent",0,0,0,0,0,0,0,0,1,4,0,0,0,0,0,0,0,0,5,1,4
2019-20,33,Tamilnadu,3325,THENI,332504,CUMBUM,14,"Government Aided",5,"HSS (VI-XII)",5,"Post graduate",5,Others,0,0,0,0,0,0,0,0,0,0,0,1,0,0,0,0,0,0,1,0,1
2019-20,33,Tamilnadu,3325,THENI,332504,CUMBUM,14,"Government Aided",5,"HSS (VI-XII)",5,"Post graduate",6,None,0,0,0,0,0,0,0,0,0,0,1,0,0,0,0,0,0,0,1,1,0
2019-20,33,Tamilnadu,3325,THENI,332505,MYLADUMPARAI,14,"Government Aided",5,"HSS (VI-XII)",5,"Post graduate",6,None,0,0,0,0,0,0,0,0,0,0,0,0,1,0,0,0,0,0,1,1,0
2019-20,33,Tamilnadu,3325,THENI,332507,THENI,14,"Government Aided",3,"HSS (I-XII)",6,M.Phil,3,"B.Ed. or equivalent",0,0,0,0,0,0,0,0,0,0,0,1,0,1,0,1,0,0,3,0,3
2019-20,33,Tamilnadu,3325,THENI,332501,AUNDIPATTY,14,"Government Aided",5,"HSS (VI-XII)",6,M.Phil,3,"B.Ed. or equivalent",0,0,0,0,0,0,0,0,0,0,0,0,0,0,0,0,1,0,1,1,0
2019-20,33,Tamilnadu,3325,THENI,332504,CUMBUM,14,"Government Aided",5,"HSS (VI-XII)",6,M.Phil,3,"B.Ed. or equivalent",0,0,0,0,0,0,0,0,1,1,0,0,0,3,0,0,1,0,6,2,4
2019-20,33,Tamilnadu,3325,THENI,332505,MYLADUMPARAI,14,"Government Aided",5,"HSS (VI-XII)",6,M.Phil,3,"B.Ed. or equivalent",0,0,0,0,0,0,0,0,0,0,0,0,2,0,1,0,1,0,4,4,0
2019-20,33,Tamilnadu,3325,THENI,332506,PERIYAKULAM,14,"Government Aided",5,"HSS (VI-XII)",6,M.Phil,3,"B.Ed. or equivalent",0,0,0,0,0,0,0,0,1,1,0,0,0,0,0,0,0,2,4,1,3
2019-20,33,Tamilnadu,3325,THENI,332508,UTHAMAPALAYAM,14,"Government Aided",7,"SS (VI-X)",6,M.Phil,3,"B.Ed. or equivalent",0,0,0,0,0,0,0,0,0,0,1,0,0,0,0,0,0,0,1,1,0
2019-20,33,Tamilnadu,3325,THENI,332507,THENI,14,"Government Aided",3,"HSS (I-XII)",6,M.Phil,4,"M.Ed. or equivalent",0,0,0,0,0,0,0,0,0,0,0,0,0,1,0,0,0,0,1,0,1
2019-20,33,Tamilnadu,3325,THENI,332501,AUNDIPATTY,14,"Government Aided",5,"HSS (VI-XII)",6,M.Phil,4,"M.Ed. or equivalent",0,0,0,0,0,0,0,0,0,0,0,0,0,0,0,0,1,0,1,1,0
2019-20,33,Tamilnadu,3325,THENI,332502,BODINAYAKANUR,24,"Private Unaided (Recognized)",1,"PS (I-V)",3,"Higher secondary",5,Others,0,0,0,3,0,0,0,0,0,0,0,0,0,0,0,0,0,0,3,0,3
2019-20,33,Tamilnadu,3325,THENI,332504,CUMBUM,24,"Private Unaided (Recognized)",1,"PS (I-V)",3,"Higher secondary",5,Others,0,0,0,0,0,3,0,0,0,0,0,0,0,0,0,0,0,0,3,0,3
2019-20,33,Tamilnadu,3325,THENI,332505,MYLADUMPARAI,24,"Private Unaided (Recognized)",1,"PS (I-V)",3,"Higher secondary",5,Others,0,0,0,0,0,2,0,0,0,0,0,0,0,0,0,0,0,0,2,0,2
2019-20,33,Tamilnadu,3325,THENI,332506,PERIYAKULAM,24,"Private Unaided (Recognized)",1,"PS (I-V)",3,"Higher secondary",5,Others,0,1,0,0,0,0,0,0,0,0,0,0,0,0,0,0,0,0,1,0,1
2019-20,33,Tamilnadu,3325,THENI,332507,THENI,24,"Private Unaided (Recognized)",1,"PS (I-V)",3,"Higher secondary",5,Others,0,0,0,0,0,2,0,0,0,0,0,0,0,0,0,0,0,0,2,0,2
2019-20,33,Tamilnadu,3325,THENI,332508,UTHAMAPALAYAM,24,"Private Unaided (Recognized)",1,"PS (I-V)",3,"Higher secondary",5,Others,0,1,0,0,0,2,0,0,0,0,0,0,0,0,0,0,0,0,3,0,3
2019-20,33,Tamilnadu,3325,THENI,332503,CHINNAMANUR,3,"Local body",1,"PS (I-V)",1,"Below Secondary",1,"Diploma or certificate in basic teachers training of a duration not less than two years",0,0,0,0,0,3,0,0,0,0,0,0,0,0,0,0,0,0,3,0,3
2019-20,33,Tamilnadu,3325,THENI,332504,CUMBUM,3,"Local body",1,"PS (I-V)",1,"Below Secondary",1,"Diploma or certificate in basic teachers training of a duration not less than two years",0,0,0,0,0,1,0,0,0,0,0,0,0,0,0,0,0,0,1,0,1
2019-20,33,Tamilnadu,3325,THENI,332504,CUMBUM,3,"Local body",2,"UPS (I-VIII)",1,"Below Secondary",1,"Diploma or certificate in basic teachers training of a duration not less than two years",0,0,0,0,0,1,0,0,0,0,0,0,0,0,0,0,0,0,1,0,1
2019-20,33,Tamilnadu,3325,THENI,332503,CHINNAMANUR,3,"Local body",1,"PS (I-V)",1,"Below Secondary",3,"B.Ed. or equivalent",0,0,0,0,0,1,0,0,0,0,0,0,0,0,0,0,0,0,1,0,1
2019-20,33,Tamilnadu,3325,THENI,332502,BODINAYAKANUR,3,"Local body",1,"PS (I-V)",3,"Higher secondary",1,"Diploma or certificate in basic teachers training of a duration not less than two years",0,0,0,0,0,2,0,0,0,0,0,0,0,0,0,0,0,0,2,0,2
2019-20,33,Tamilnadu,3325,THENI,332504,CUMBUM,3,"Local body",1,"PS (I-V)",3,"Higher secondary",1,"Diploma or certificate in basic teachers training of a duration not less than two years",0,0,0,0,1,5,0,0,0,0,0,0,0,0,0,0,0,0,6,1,5
2019-20,33,Tamilnadu,3325,THENI,332503,CHINNAMANUR,3,"Local body",2,"UPS (I-VIII)",3,"Higher secondary",1,"Diploma or certificate in basic teachers training of a duration not less than two years",0,0,0,0,1,1,0,0,0,0,0,0,0,0,0,0,0,0,2,1,1
2019-20,33,Tamilnadu,3325,THENI,332504,CUMBUM,3,"Local body",2,"UPS (I-VIII)",3,"Higher secondary",1,"Diploma or certificate in basic teachers training of a duration not less than two years",0,0,0,0,0,2,0,0,0,0,0,0,0,0,0,0,0,0,2,0,2
2019-20,33,Tamilnadu,3325,THENI,332506,PERIYAKULAM,3,"Local body",2,"UPS (I-VIII)",3,"Higher secondary",1,"Diploma or certificate in basic teachers training of a duration not less than two years",0,0,0,0,0,1,0,0,0,0,0,0,0,0,0,0,0,0,1,0,1
2019-20,33,Tamilnadu,3325,THENI,332503,CHINNAMANUR,3,"Local body",1,"PS (I-V)",3,"Higher secondary",3,"B.Ed. or equivalent",0,0,0,0,0,3,0,0,0,0,0,0,0,0,0,0,0,0,3,0,3
2019-20,33,Tamilnadu,3325,THENI,332503,CHINNAMANUR,3,"Local body",2,"UPS (I-VIII)",3,"Higher secondary",3,"B.Ed. or equivalent",0,0,0,0,0,0,0,0,1,0,0,0,0,0,0,0,0,0,1,1,0
2019-20,33,Tamilnadu,3325,THENI,332504,CUMBUM,3,"Local body",2,"UPS (I-VIII)",3,"Higher secondary",5,Others,0,0,0,0,0,0,0,0,0,1,0,0,0,0,0,0,0,0,1,0,1
2019-20,33,Tamilnadu,3325,THENI,332503,CHINNAMANUR,3,"Local body",1,"PS (I-V)",4,Graduate,1,"Diploma or certificate in basic teachers training of a duration not less than two years",0,0,0,0,0,2,0,0,0,0,0,0,0,0,0,0,0,0,2,0,2
2019-20,33,Tamilnadu,3325,THENI,332504,CUMBUM,3,"Local body",1,"PS (I-V)",4,Graduate,1,"Diploma or certificate in basic teachers training of a duration not less than two years",0,0,0,0,0,3,0,0,0,0,0,0,0,0,0,0,0,0,3,0,3
2019-20,33,Tamilnadu,3325,THENI,332506,PERIYAKULAM,3,"Local body",2,"UPS (I-VIII)",4,Graduate,1,"Diploma or certificate in basic teachers training of a duration not less than two years",0,0,0,0,2,4,0,0,0,0,0,0,0,0,0,0,0,0,6,2,4
2019-20,33,Tamilnadu,3325,THENI,332503,CHINNAMANUR,3,"Local body",1,"PS (I-V)",4,Graduate,3,"B.Ed. or equivalent",0,0,0,0,1,0,0,0,0,0,0,0,0,0,0,0,0,0,1,1,0
2019-20,33,Tamilnadu,3325,THENI,332503,CHINNAMANUR,3,"Local body",2,"UPS (I-VIII)",4,Graduate,3,"B.Ed. or equivalent",0,0,0,0,0,3,0,0,0,5,0,0,0,0,0,0,0,0,8,0,8
2019-20,33,Tamilnadu,3325,THENI,332504,CUMBUM,3,"Local body",2,"UPS (I-VIII)",4,Graduate,3,"B.Ed. or equivalent",0,0,0,0,0,0,0,0,1,2,0,0,0,0,0,0,0,0,3,1,2
2019-20,33,Tamilnadu,3325,THENI,332506,PERIYAKULAM,3,"Local body",2,"UPS (I-VIII)",4,Graduate,3,"B.Ed. or equivalent",0,0,0,0,0,0,0,0,2,1,0,0,0,0,0,0,0,0,3,2,1
2019-20,33,Tamilnadu,3325,THENI,332502,BODINAYAKANUR,3,"Local body",5,"HSS (VI-XII)",4,Graduate,3,"B.Ed. or equivalent",0,0,0,0,0,0,0,0,0,0,0,0,0,1,1,0,0,0,2,1,1
2019-20,33,Tamilnadu,3325,THENI,332502,BODINAYAKANUR,3,"Local body",7,"SS (VI-X)",4,Graduate,3,"B.Ed. or equivalent",0,0,0,0,0,0,0,0,0,0,0,0,2,0,0,0,0,0,2,2,0
2019-20,33,Tamilnadu,3325,THENI,332503,CHINNAMANUR,3,"Local body",7,"SS (VI-X)",4,Graduate,3,"B.Ed. or equivalent",0,0,0,0,0,0,0,0,0,0,1,0,0,0,0,0,0,0,1,1,0
2019-20,33,Tamilnadu,3325,THENI,332503,CHINNAMANUR,3,"Local body",2,"UPS (I-VIII)",4,Graduate,4,"M.Ed. or equivalent",0,0,0,0,0,0,0,0,0,1,0,0,0,0,0,0,0,0,1,0,1
2019-20,33,Tamilnadu,3325,THENI,332502,BODINAYAKANUR,3,"Local body",7,"SS (VI-X)",4,Graduate,4,"M.Ed. or equivalent",0,0,0,0,0,0,0,0,0,0,0,0,0,1,0,0,0,0,1,0,1
2019-20,33,Tamilnadu,3325,THENI,332503,CHINNAMANUR,3,"Local body",7,"SS (VI-X)",4,Graduate,5,Others,0,0,0,0,0,0,0,0,0,1,0,0,0,0,0,0,0,0,1,0,1
2019-20,33,Tamilnadu,3325,THENI,332504,CUMBUM,3,"Local body",1,"PS (I-V)",5,"Post graduate",1,"Diploma or certificate in basic teachers training of a duration not less than two years",0,0,0,0,1,2,0,0,0,0,0,0,0,0,0,0,0,0,3,1,2
2019-20,33,Tamilnadu,3325,THENI,332502,BODINAYAKANUR,3,"Local body",1,"PS (I-V)",5,"Post graduate",3,"B.Ed. or equivalent",0,0,0,0,0,2,0,0,0,0,0,0,0,0,0,0,0,0,2,0,2
2019-20,33,Tamilnadu,3325,THENI,332503,CHINNAMANUR,3,"Local body",1,"PS (I-V)",5,"Post graduate",3,"B.Ed. or equivalent",0,0,0,0,0,2,0,0,0,0,0,0,0,0,0,0,0,0,2,0,2
2019-20,33,Tamilnadu,3325,THENI,332504,CUMBUM,3,"Local body",1,"PS (I-V)",5,"Post graduate",3,"B.Ed. or equivalent",0,0,0,0,0,7,0,0,0,0,0,0,0,0,0,0,0,0,7,0,7
2019-20,33,Tamilnadu,3325,THENI,332507,THENI,3,"Local body",1,"PS (I-V)",5,"Post graduate",3,"B.Ed. or equivalent",0,0,0,0,0,4,0,0,0,0,0,0,0,0,0,0,0,0,4,0,4
2019-20,33,Tamilnadu,3325,THENI,332502,BODINAYAKANUR,3,"Local body",2,"UPS (I-VIII)",5,"Post graduate",3,"B.Ed. or equivalent",0,0,0,0,0,1,0,0,0,0,0,0,0,0,0,0,0,0,1,0,1
2019-20,33,Tamilnadu,3325,THENI,332503,CHINNAMANUR,3,"Local body",2,"UPS (I-VIII)",5,"Post graduate",3,"B.Ed. or equivalent",0,0,0,0,0,2,0,0,0,4,0,0,0,0,0,0,0,0,6,0,6
2019-20,33,Tamilnadu,3325,THENI,332504,CUMBUM,3,"Local body",2,"UPS (I-VIII)",5,"Post graduate",3,"B.Ed. or equivalent",0,0,0,0,1,4,0,1,0,6,0,0,0,0,0,0,0,0,12,1,11
2019-20,33,Tamilnadu,3325,THENI,332506,PERIYAKULAM,3,"Local body",2,"UPS (I-VIII)",5,"Post graduate",3,"B.Ed. or equivalent",0,0,0,0,0,0,0,0,3,1,0,0,0,0,0,0,0,0,4,3,1
2019-20,33,Tamilnadu,3325,THENI,332502,BODINAYAKANUR,3,"Local body",5,"HSS (VI-XII)",5,"Post graduate",3,"B.Ed. or equivalent",0,0,0,0,0,0,0,0,0,1,1,0,0,1,0,0,3,2,8,4,4
2019-20,33,Tamilnadu,3325,THENI,332504,CUMBUM,3,"Local body",5,"HSS (VI-XII)",5,"Post graduate",3,"B.Ed. or equivalent",0,0,0,0,0,0,0,0,0,5,0,3,0,1,0,0,0,1,10,0,10
2019-20,33,Tamilnadu,3325,THENI,332502,BODINAYAKANUR,3,"Local body",7,"SS (VI-X)",5,"Post graduate",3,"B.Ed. or equivalent",0,0,0,0,0,0,0,0,0,5,0,0,0,0,0,0,0,0,5,0,5
2019-20,33,Tamilnadu,3325,THENI,332503,CHINNAMANUR,3,"Local body",7,"SS (VI-X)",5,"Post graduate",3,"B.Ed. or equivalent",0,0,0,0,0,0,0,0,0,1,1,3,1,0,0,0,0,0,6,2,4
2019-20,33,Tamilnadu,3325,THENI,332502,BODINAYAKANUR,3,"Local body",2,"UPS (I-VIII)",5,"Post graduate",4,"M.Ed. or equivalent",0,0,0,0,0,0,0,0,0,1,0,0,0,0,0,0,0,0,1,0,1
2019-20,33,Tamilnadu,3325,THENI,332504,CUMBUM,3,"Local body",5,"HSS (VI-XII)",5,"Post graduate",5,Others,0,0,0,0,0,0,0,0,0,0,0,0,0,0,0,1,0,0,1,0,1
2019-20,33,Tamilnadu,3325,THENI,332507,THENI,3,"Local body",1,"PS (I-V)",6,M.Phil,3,"B.Ed. or equivalent",0,0,0,0,0,1,0,0,0,0,0,0,0,0,0,0,0,0,1,0,1
2019-20,33,Tamilnadu,3325,THENI,332504,CUMBUM,3,"Local body",2,"UPS (I-VIII)",6,M.Phil,3,"B.Ed. or equivalent",0,0,0,0,0,0,0,0,0,1,0,0,0,0,0,0,0,0,1,0,1
2019-20,33,Tamilnadu,3325,THENI,332506,PERIYAKULAM,3,"Local body",2,"UPS (I-VIII)",6,M.Phil,3,"B.Ed. or equivalent",0,0,0,0,0,0,0,0,1,2,0,0,0,0,0,0,0,0,3,1,2
2019-20,33,Tamilnadu,3325,THENI,332502,BODINAYAKANUR,3,"Local body",5,"HSS (VI-XII)",6,M.Phil,3,"B.Ed. or equivalent",0,0,0,0,0,0,0,0,0,0,0,1,0,4,0,0,1,0,6,1,5
2019-20,33,Tamilnadu,3325,THENI,332504,CUMBUM,3,"Local body",5,"HSS (VI-XII)",6,M.Phil,3,"B.Ed. or equivalent",0,0,0,0,0,0,0,0,0,0,0,1,0,1,0,3,0,2,7,0,7
2019-20,33,Tamilnadu,3325,THENI,332502,BODINAYAKANUR,3,"Local body",7,"SS (VI-X)",6,M.Phil,3,"B.Ed. or equivalent",0,0,0,0,0,0,0,0,0,0,0,0,1,0,0,0,0,0,1,1,0
2019-20,33,Tamilnadu,3325,THENI,332503,CHINNAMANUR,3,"Local body",7,"SS (VI-X)",6,M.Phil,3,"B.Ed. or equivalent",0,0,0,0,0,0,0,0,0,0,0,2,0,1,0,0,0,0,3,0,3
2019-20,33,Tamilnadu,3325,THENI,332502,BODINAYAKANUR,3,"Local body",5,"HSS (VI-XII)",6,M.Phil,4,"M.Ed. or equivalent",0,0,0,0,0,0,0,0,0,0,1,0,0,0,0,0,0,0,1,1,0
2019-20,33,Tamilnadu,3325,THENI,332504,CUMBUM,3,"Local body",5,"HSS (VI-XII)",6,M.Phil,4,"M.Ed. or equivalent",0,0,0,0,0,0,0,0,0,0,0,0,0,0,0,0,0,1,1,0,1
2019-20,33,Tamilnadu,3325,THENI,332501,AUNDIPATTY,24,"Private Unaided (Recognized)",1,"PS (I-V)",4,Graduate,5,Others,0,0,0,0,0,2,0,0,0,0,0,0,0,0,0,0,0,0,2,0,2
2019-20,33,Tamilnadu,3325,THENI,332502,BODINAYAKANUR,24,"Private Unaided (Recognized)",1,"PS (I-V)",4,Graduate,5,Others,0,0,0,2,0,3,0,0,0,0,0,0,0,0,0,0,0,0,5,0,5
2019-20,33,Tamilnadu,3325,THENI,332503,CHINNAMANUR,24,"Private Unaided (Recognized)",1,"PS (I-V)",4,Graduate,5,Others,0,0,0,0,0,1,0,0,0,0,0,0,0,0,0,0,0,0,1,0,1
2019-20,33,Tamilnadu,3325,THENI,332504,CUMBUM,24,"Private Unaided (Recognized)",1,"PS (I-V)",4,Graduate,5,Others,0,0,0,0,1,8,0,0,0,0,0,0,0,0,0,0,0,0,9,1,8
2019-20,33,Tamilnadu,3325,THENI,332505,MYLADUMPARAI,24,"Private Unaided (Recognized)",1,"PS (I-V)",4,Graduate,5,Others,0,0,0,0,0,1,0,0,0,0,0,0,0,0,0,0,0,0,1,0,1
2019-20,33,Tamilnadu,3325,THENI,332506,PERIYAKULAM,24,"Private Unaided (Recognized)",1,"PS (I-V)",4,Graduate,5,Others,0,0,0,0,2,20,0,0,0,0,0,0,0,0,0,0,0,0,22,2,20
2019-20,33,Tamilnadu,3325,THENI,332507,THENI,24,"Private Unaided (Recognized)",1,"PS (I-V)",4,Graduate,5,Others,0,0,0,0,0,15,0,0,0,0,0,0,0,0,0,0,0,0,15,0,15
2019-20,33,Tamilnadu,3325,THENI,332508,UTHAMAPALAYAM,24,"Private Unaided (Recognized)",1,"PS (I-V)",4,Graduate,5,Others,0,0,0,0,1,2,0,0,0,0,0,0,0,0,0,0,0,0,3,1,2
2019-20,33,Tamilnadu,3325,THENI,332502,BODINAYAKANUR,22,"Private Unaided (Recognized)",2,"UPS (I-VIII)",1,"Below Secondary",1,"Diploma or certificate in basic teachers training of a duration not less than two years",0,0,0,0,0,1,0,1,0,0,0,0,0,0,0,0,0,0,2,0,2
2019-20,33,Tamilnadu,3325,THENI,332506,PERIYAKULAM,22,"Private Unaided (Recognized)",1,"PS (I-V)",1,"Below Secondary",3,"B.Ed. or equivalent",0,0,0,0,0,1,0,0,0,0,0,0,0,0,0,0,0,0,1,0,1
2019-20,33,Tamilnadu,3325,THENI,332506,PERIYAKULAM,22,"Private Unaided (Recognized)",1,"PS (I-V)",1,"Below Secondary",5,Others,0,0,0,0,0,1,0,0,0,0,0,0,0,0,0,0,0,0,1,0,1
2019-20,33,Tamilnadu,3325,THENI,332501,AUNDIPATTY,22,"Private Unaided (Recognized)",5,"HSS (VI-XII)",1,"Below Secondary",6,None,0,0,0,0,0,0,0,0,0,0,0,1,0,0,0,0,0,0,1,0,1
2019-20,33,Tamilnadu,3325,THENI,332506,PERIYAKULAM,22,"Private Unaided (Recognized)",1,"PS (I-V)",3,"Higher secondary",1,"Diploma or certificate in basic teachers training of a duration not less than two years",0,0,0,0,0,3,0,0,0,0,0,0,0,0,0,0,0,0,3,0,3
2019-20,33,Tamilnadu,3325,THENI,332502,BODINAYAKANUR,22,"Private Unaided (Recognized)",2,"UPS (I-VIII)",3,"Higher secondary",1,"Diploma or certificate in basic teachers training of a duration not less than two years",0,0,0,0,0,3,0,1,0,0,0,0,0,0,0,0,0,0,4,0,4
2019-20,33,Tamilnadu,3325,THENI,332506,PERIYAKULAM,22,"Private Unaided (Recognized)",1,"PS (I-V)",3,"Higher secondary",3,"B.Ed. or equivalent",0,0,0,0,0,2,0,0,0,0,0,0,0,0,0,0,0,0,2,0,2
2019-20,33,Tamilnadu,3325,THENI,332501,AUNDIPATTY,22,"Private Unaided (Recognized)",5,"HSS (VI-XII)",3,"Higher secondary",3,"B.Ed. or equivalent",0,0,0,0,0,0,0,0,0,0,0,1,0,0,0,0,0,0,1,0,1
2019-20,33,Tamilnadu,3325,THENI,332506,PERIYAKULAM,22,"Private Unaided (Recognized)",5,"HSS (VI-XII)",3,"Higher secondary",3,"B.Ed. or equivalent",0,0,0,0,0,0,0,0,0,0,0,1,0,0,0,0,0,0,1,0,1
2019-20,33,Tamilnadu,3325,THENI,332506,PERIYAKULAM,22,"Private Unaided (Recognized)",1,"PS (I-V)",3,"Higher secondary",4,"M.Ed. or equivalent",0,0,0,0,0,1,0,0,0,0,0,0,0,0,0,0,0,0,1,0,1
2019-20,33,Tamilnadu,3325,THENI,332506,PERIYAKULAM,22,"Private Unaided (Recognized)",5,"HSS (VI-XII)",3,"Higher secondary",4,"M.Ed. or equivalent",0,0,0,0,0,0,0,0,0,0,0,0,0,0,0,0,1,0,1,1,0
2019-20,33,Tamilnadu,3325,THENI,332506,PERIYAKULAM,22,"Private Unaided (Recognized)",1,"PS (I-V)",4,Graduate,1,"Diploma or certificate in basic teachers training of a duration not less than two years",0,0,0,0,0,4,0,0,0,0,0,0,0,0,0,0,0,0,4,0,4
2019-20,33,Tamilnadu,3325,THENI,332506,PERIYAKULAM,22,"Private Unaided (Recognized)",5,"HSS (VI-XII)",4,Graduate,1,"Diploma or certificate in basic teachers training of a duration not less than two years",0,0,0,0,0,0,0,0,0,0,0,1,0,0,0,0,0,0,1,0,1
2019-20,33,Tamilnadu,3325,THENI,332506,PERIYAKULAM,22,"Private Unaided (Recognized)",1,"PS (I-V)",4,Graduate,3,"B.Ed. or equivalent",0,0,0,0,0,5,0,0,0,0,0,0,0,0,0,0,0,0,5,0,5
2019-20,33,Tamilnadu,3325,THENI,332502,BODINAYAKANUR,22,"Private Unaided (Recognized)",2,"UPS (I-VIII)",4,Graduate,3,"B.Ed. or equivalent",0,0,0,0,0,0,0,0,1,4,0,0,0,0,0,0,0,0,5,1,4
2019-20,33,Tamilnadu,3325,THENI,332501,AUNDIPATTY,22,"Private Unaided (Recognized)",5,"HSS (VI-XII)",4,Graduate,3,"B.Ed. or equivalent",0,0,0,0,0,0,0,0,0,0,1,3,0,0,0,0,0,0,4,1,3
2019-20,33,Tamilnadu,3325,THENI,332506,PERIYAKULAM,22,"Private Unaided (Recognized)",5,"HSS (VI-XII)",4,Graduate,3,"B.Ed. or equivalent",0,0,0,0,0,0,0,0,0,1,1,4,0,0,1,0,0,0,7,2,5
2019-20,33,Tamilnadu,3325,THENI,332502,BODINAYAKANUR,22,"Private Unaided (Recognized)",7,"SS (VI-X)",4,Graduate,3,"B.Ed. or equivalent",0,0,0,0,0,0,0,0,0,0,0,1,0,0,0,0,0,0,1,0,1
2019-20,33,Tamilnadu,3325,THENI,332506,PERIYAKULAM,22,"Private Unaided (Recognized)",1,"PS (I-V)",4,Graduate,4,"M.Ed. or equivalent",0,0,0,0,0,1,0,0,0,0,0,0,0,0,0,0,0,0,1,0,1
2019-20,33,Tamilnadu,3325,THENI,332506,PERIYAKULAM,22,"Private Unaided (Recognized)",1,"PS (I-V)",5,"Post graduate",1,"Diploma or certificate in basic teachers training of a duration not less than two years",0,0,0,0,0,1,0,0,0,0,0,0,0,0,0,0,0,0,1,0,1
2019-20,33,Tamilnadu,3325,THENI,332506,PERIYAKULAM,22,"Private Unaided (Recognized)",1,"PS (I-V)",5,"Post graduate",3,"B.Ed. or equivalent",0,0,0,0,0,2,0,0,0,0,0,0,0,0,0,0,0,0,2,0,2
2019-20,33,Tamilnadu,3325,THENI,332502,BODINAYAKANUR,22,"Private Unaided (Recognized)",2,"UPS (I-VIII)",5,"Post graduate",3,"B.Ed. or equivalent",0,0,0,0,0,0,0,0,0,1,0,0,0,0,0,0,0,0,1,0,1
2019-20,33,Tamilnadu,3325,THENI,332501,AUNDIPATTY,22,"Private Unaided (Recognized)",5,"HSS (VI-XII)",5,"Post graduate",3,"B.Ed. or equivalent",0,0,0,0,0,0,0,0,0,0,12,10,0,0,4,0,0,1,27,16,11
2019-20,33,Tamilnadu,3325,THENI,332506,PERIYAKULAM,22,"Private Unaided (Recognized)",5,"HSS (VI-XII)",5,"Post graduate",3,"B.Ed. or equivalent",0,0,0,0,0,0,0,0,0,1,1,4,0,0,2,4,1,0,13,4,9
2019-20,33,Tamilnadu,3325,THENI,332502,BODINAYAKANUR,22,"Private Unaided (Recognized)",7,"SS (VI-X)",5,"Post graduate",3,"B.Ed. or equivalent",0,0,0,0,0,0,0,0,0,0,1,3,0,0,0,0,0,0,4,1,3
2019-20,33,Tamilnadu,3325,THENI,332506,PERIYAKULAM,22,"Private Unaided (Recognized)",1,"PS (I-V)",5,"Post graduate",4,"M.Ed. or equivalent",0,0,0,0,0,1,0,0,0,0,0,0,0,0,0,0,0,0,1,0,1
2019-20,33,Tamilnadu,3325,THENI,332501,AUNDIPATTY,22,"Private Unaided (Recognized)",5,"HSS (VI-XII)",5,"Post graduate",4,"M.Ed. or equivalent",0,0,0,0,0,0,0,0,0,0,0,1,0,0,0,0,0,0,1,0,1
2019-20,33,Tamilnadu,3325,THENI,332506,PERIYAKULAM,22,"Private Unaided (Recognized)",5,"HSS (VI-XII)",5,"Post graduate",4,"M.Ed. or equivalent",0,0,0,0,0,0,0,0,0,0,0,0,0,1,0,1,0,2,4,0,4
2019-20,33,Tamilnadu,3325,THENI,332501,AUNDIPATTY,22,"Private Unaided (Recognized)",5,"HSS (VI-XII)",5,"Post graduate",6,None,0,0,0,0,0,0,0,0,0,0,1,0,0,0,0,0,0,0,1,1,0
2019-20,33,Tamilnadu,3325,THENI,332506,PERIYAKULAM,22,"Private Unaided (Recognized)",5,"HSS (VI-XII)",6,M.Phil,4,"M.Ed. or equivalent",0,0,0,0,0,0,0,0,0,0,0,0,0,0,1,1,0,0,2,1,1
2019-20,33,Tamilnadu,3325,THENI,332503,CHINNAMANUR,23,"Private Unaided (Recognized)",3,"HSS (I-XII)",1,"Below Secondary",1,"Diploma or certificate in basic teachers training of a duration not less than two years",0,0,0,0,0,1,0,0,0,0,0,0,0,0,0,0,0,0,1,0,1
2019-20,33,Tamilnadu,3325,THENI,332504,CUMBUM,23,"Private Unaided (Recognized)",3,"HSS (I-XII)",1,"Below Secondary",1,"Diploma or certificate in basic teachers training of a duration not less than two years",0,0,0,0,0,0,0,1,0,0,0,0,0,0,0,0,0,0,1,0,1
2019-20,33,Tamilnadu,3325,THENI,332506,PERIYAKULAM,23,"Private Unaided (Recognized)",3,"HSS (I-XII)",1,"Below Secondary",1,"Diploma or certificate in basic teachers training of a duration not less than two years",0,0,0,0,0,1,0,0,1,0,0,0,0,0,0,0,0,0,2,1,1
2019-20,33,Tamilnadu,3325,THENI,332503,CHINNAMANUR,23,"Private Unaided (Recognized)",6,"SS (I-X)",1,"Below Secondary",1,"Diploma or certificate in basic teachers training of a duration not less than two years",0,0,0,0,0,2,0,1,0,0,0,0,0,0,0,0,0,0,3,0,3
2019-20,33,Tamilnadu,3325,THENI,332506,PERIYAKULAM,23,"Private Unaided (Recognized)",3,"HSS (I-XII)",1,"Below Secondary",3,"B.Ed. or equivalent",0,0,0,0,0,0,0,0,0,2,0,0,0,0,1,0,0,0,3,1,2
2019-20,33,Tamilnadu,3325,THENI,332507,THENI,23,"Private Unaided (Recognized)",3,"HSS (I-XII)",1,"Below Secondary",3,"B.Ed. or equivalent",0,0,0,0,0,0,0,0,0,0,0,0,0,1,0,0,0,0,1,0,1
2019-20,33,Tamilnadu,3325,THENI,332508,UTHAMAPALAYAM,23,"Private Unaided (Recognized)",3,"HSS (I-XII)",1,"Below Secondary",3,"B.Ed. or equivalent",0,0,0,0,0,0,0,0,0,0,0,0,0,0,0,0,0,1,1,0,1
2019-20,33,Tamilnadu,3325,THENI,332503,CHINNAMANUR,23,"Private Unaided (Recognized)",6,"SS (I-X)",1,"Below Secondary",3,"B.Ed. or equivalent",0,0,0,0,0,1,0,1,0,1,1,1,0,1,0,0,0,0,6,1,5
2019-20,33,Tamilnadu,3325,THENI,332506,PERIYAKULAM,23,"Private Unaided (Recognized)",3,"HSS (I-XII)",1,"Below Secondary",4,"M.Ed. or equivalent",0,0,0,0,1,0,0,0,0,0,0,0,0,0,0,0,0,0,1,1,0
2019-20,33,Tamilnadu,3325,THENI,332508,UTHAMAPALAYAM,23,"Private Unaided (Recognized)",3,"HSS (I-XII)",1,"Below Secondary",4,"M.Ed. or equivalent",0,0,0,0,0,0,0,0,0,0,0,0,0,0,0,0,0,1,1,0,1
2019-20,33,Tamilnadu,3325,THENI,332503,CHINNAMANUR,23,"Private Unaided (Recognized)",3,"HSS (I-XII)",1,"Below Secondary",5,Others,0,0,0,0,2,1,0,0,0,0,0,0,0,0,0,0,0,0,3,2,1
2019-20,33,Tamilnadu,3325,THENI,332507,THENI,23,"Private Unaided (Recognized)",3,"HSS (I-XII)",1,"Below Secondary",5,Others,0,0,0,0,1,0,0,0,0,0,0,0,0,0,0,0,0,0,1,1,0
2019-20,33,Tamilnadu,3325,THENI,332508,UTHAMAPALAYAM,23,"Private Unaided (Recognized)",3,"HSS (I-XII)",1,"Below Secondary",5,Others,0,0,0,0,0,1,0,0,0,0,0,0,0,0,0,0,0,0,1,0,1
2019-20,33,Tamilnadu,3325,THENI,332502,BODINAYAKANUR,23,"Private Unaided (Recognized)",6,"SS (I-X)",1,"Below Secondary",5,Others,0,0,0,0,0,0,0,1,0,0,0,0,0,0,0,0,0,0,1,0,1
2019-20,33,Tamilnadu,3325,THENI,332506,PERIYAKULAM,23,"Private Unaided (Recognized)",3,"HSS (I-XII)",1,"Below Secondary",6,None,0,0,0,0,0,0,0,1,0,0,0,0,0,0,0,0,0,0,1,0,1
2019-20,33,Tamilnadu,3325,THENI,332503,CHINNAMANUR,23,"Private Unaided (Recognized)",6,"SS (I-X)",1,"Below Secondary",6,None,0,0,0,0,0,1,0,0,0,0,0,0,0,0,0,0,0,0,1,0,1
2019-20,33,Tamilnadu,3325,THENI,332507,THENI,23,"Private Unaided (Recognized)",6,"SS (I-X)",4,Graduate,3,"B.Ed. or equivalent",0,0,0,0,0,0,0,0,0,0,0,0,1,3,0,0,0,0,4,1,3
2019-20,33,Tamilnadu,3325,THENI,332508,UTHAMAPALAYAM,23,"Private Unaided (Recognized)",2,"UPS (I-VIII)",3,"Higher secondary",1,"Diploma or certificate in basic teachers training of a duration not less than two years",0,0,0,0,0,0,0,0,0,1,0,0,0,0,0,0,0,0,1,0,1
2019-20,33,Tamilnadu,3325,THENI,332501,AUNDIPATTY,23,"Private Unaided (Recognized)",3,"HSS (I-XII)",3,"Higher secondary",1,"Diploma or certificate in basic teachers training of a duration not less than two years",0,0,0,0,0,1,0,6,0,0,0,0,0,0,0,0,0,0,7,0,7
2019-20,33,Tamilnadu,3325,THENI,332502,BODINAYAKANUR,23,"Private Unaided (Recognized)",3,"HSS (I-XII)",3,"Higher secondary",1,"Diploma or certificate in basic teachers training of a duration not less than two years",0,2,0,0,0,3,0,0,0,0,0,0,0,0,0,0,0,0,5,0,5
2019-20,33,Tamilnadu,3325,THENI,332503,CHINNAMANUR,23,"Private Unaided (Recognized)",3,"HSS (I-XII)",3,"Higher secondary",1,"Diploma or certificate in basic teachers training of a duration not less than two years",0,0,0,0,0,3,0,0,0,1,0,0,0,0,0,0,0,0,4,0,4
2019-20,33,Tamilnadu,3325,THENI,332504,CUMBUM,23,"Private Unaided (Recognized)",3,"HSS (I-XII)",3,"Higher secondary",1,"Diploma or certificate in basic teachers training of a duration not less than two years",0,1,0,0,0,1,0,2,0,0,0,0,0,0,0,0,0,0,4,0,4
2019-20,33,Tamilnadu,3325,THENI,332505,MYLADUMPARAI,23,"Private Unaided (Recognized)",3,"HSS (I-XII)",3,"Higher secondary",1,"Diploma or certificate in basic teachers training of a duration not less than two years",0,0,0,0,0,0,0,1,0,0,0,0,0,0,0,0,0,0,1,0,1
2019-20,33,Tamilnadu,3325,THENI,332506,PERIYAKULAM,23,"Private Unaided (Recognized)",3,"HSS (I-XII)",3,"Higher secondary",1,"Diploma or certificate in basic teachers training of a duration not less than two years",0,0,0,0,0,2,0,0,0,0,0,0,0,0,0,0,0,0,2,0,2
2019-20,33,Tamilnadu,3325,THENI,332507,THENI,23,"Private Unaided (Recognized)",3,"HSS (I-XII)",3,"Higher secondary",1,"Diploma or certificate in basic teachers training of a duration not less than two years",0,0,0,1,0,0,0,0,0,0,0,0,0,0,0,0,0,0,1,0,1
2019-20,33,Tamilnadu,3325,THENI,332508,UTHAMAPALAYAM,23,"Private Unaided (Recognized)",3,"HSS (I-XII)",3,"Higher secondary",1,"Diploma or certificate in basic teachers training of a duration not less than two years",0,0,0,0,0,3,0,0,0,0,0,0,0,0,0,0,0,2,5,0,5
2019-20,33,Tamilnadu,3325,THENI,332502,BODINAYAKANUR,23,"Private Unaided (Recognized)",6,"SS (I-X)",3,"Higher secondary",1,"Diploma or certificate in basic teachers training of a duration not less than two years",0,0,0,0,0,2,0,2,0,0,0,0,0,0,0,0,0,0,4,0,4
2019-20,33,Tamilnadu,3325,THENI,332503,CHINNAMANUR,23,"Private Unaided (Recognized)",6,"SS (I-X)",3,"Higher secondary",1,"Diploma or certificate in basic teachers training of a duration not less than two years",0,0,0,0,0,3,0,1,0,0,0,0,0,0,0,0,0,0,4,0,4
2019-20,33,Tamilnadu,3325,THENI,332504,CUMBUM,23,"Private Unaided (Recognized)",6,"SS (I-X)",3,"Higher secondary",1,"Diploma or certificate in basic teachers training of a duration not less than two years",0,0,0,0,0,4,0,1,0,0,0,0,0,1,0,0,0,0,6,0,6
2019-20,33,Tamilnadu,3325,THENI,332506,PERIYAKULAM,23,"Private Unaided (Recognized)",6,"SS (I-X)",3,"Higher secondary",1,"Diploma or certificate in basic teachers training of a duration not less than two years",0,0,0,0,0,0,0,0,0,0,0,0,0,1,0,0,0,0,1,0,1
2019-20,33,Tamilnadu,3325,THENI,332504,CUMBUM,23,"Private Unaided (Recognized)",3,"HSS (I-XII)",6,M.Phil,3,"B.Ed. or equivalent",0,0,0,0,0,1,0,3,1,0,0,0,0,0,0,2,0,2,9,1,8
2019-20,33,Tamilnadu,3325,THENI,332501,AUNDIPATTY,23,"Private Unaided (Recognized)",3,"HSS (I-XII)",3,"Higher secondary",3,"B.Ed. or equivalent",0,0,0,0,0,0,1,0,0,0,0,0,0,0,0,0,0,0,1,1,0
2019-20,33,Tamilnadu,3325,THENI,332502,BODINAYAKANUR,23,"Private Unaided (Recognized)",3,"HSS (I-XII)",3,"Higher secondary",3,"B.Ed. or equivalent",0,0,0,0,0,0,0,0,0,0,0,0,0,0,0,2,1,0,3,1,2
2019-20,33,Tamilnadu,3325,THENI,332503,CHINNAMANUR,23,"Private Unaided (Recognized)",3,"HSS (I-XII)",3,"Higher secondary",3,"B.Ed. or equivalent",0,0,0,0,0,0,0,0,0,0,0,0,1,1,0,0,0,0,2,1,1
2019-20,33,Tamilnadu,3325,THENI,332504,CUMBUM,23,"Private Unaided (Recognized)",3,"HSS (I-XII)",3,"Higher secondary",3,"B.Ed. or equivalent",0,0,0,0,0,0,3,3,0,0,0,0,0,0,0,0,0,0,6,3,3
2019-20,33,Tamilnadu,3325,THENI,332506,PERIYAKULAM,23,"Private Unaided (Recognized)",3,"HSS (I-XII)",3,"Higher secondary",3,"B.Ed. or equivalent",0,0,0,0,0,0,1,0,0,0,0,0,0,0,0,0,0,0,1,1,0
2019-20,33,Tamilnadu,3325,THENI,332507,THENI,23,"Private Unaided (Recognized)",3,"HSS (I-XII)",3,"Higher secondary",3,"B.Ed. or equivalent",0,0,0,0,0,0,0,0,0,0,0,0,0,0,0,0,1,0,1,1,0
2019-20,33,Tamilnadu,3325,THENI,332508,UTHAMAPALAYAM,23,"Private Unaided (Recognized)",3,"HSS (I-XII)",3,"Higher secondary",3,"B.Ed. or equivalent",0,0,0,0,0,0,0,0,0,0,0,0,0,1,0,0,0,0,1,0,1
2019-20,33,Tamilnadu,3325,THENI,332502,BODINAYAKANUR,23,"Private Unaided (Recognized)",3,"HSS (I-XII)",3,"Higher secondary",4,"M.Ed. or equivalent",0,0,0,0,0,0,0,0,0,0,0,0,0,0,1,0,0,0,1,1,0
2019-20,33,Tamilnadu,3325,THENI,332502,BODINAYAKANUR,23,"Private Unaided (Recognized)",3,"HSS (I-XII)",3,"Higher secondary",5,Others,0,0,0,0,0,1,1,1,0,0,0,0,0,0,0,0,0,0,3,1,2
2019-20,33,Tamilnadu,3325,THENI,332503,CHINNAMANUR,23,"Private Unaided (Recognized)",3,"HSS (I-XII)",3,"Higher secondary",5,Others,0,0,0,0,0,3,0,0,0,0,0,0,1,0,0,0,0,0,4,1,3
2019-20,33,Tamilnadu,3325,THENI,332507,THENI,23,"Private Unaided (Recognized)",3,"HSS (I-XII)",3,"Higher secondary",5,Others,0,0,0,0,0,0,1,0,0,0,0,0,0,0,0,0,0,1,2,1,1
2019-20,33,Tamilnadu,3325,THENI,332508,UTHAMAPALAYAM,23,"Private Unaided (Recognized)",3,"HSS (I-XII)",3,"Higher secondary",5,Others,0,1,0,0,0,0,0,1,0,0,0,0,0,0,0,0,0,0,2,0,2
2019-20,33,Tamilnadu,3325,THENI,332503,CHINNAMANUR,23,"Private Unaided (Recognized)",6,"SS (I-X)",3,"Higher secondary",5,Others,0,0,0,0,0,0,0,1,0,0,1,0,0,0,0,0,0,0,2,1,1
2019-20,33,Tamilnadu,3325,THENI,332504,CUMBUM,23,"Private Unaided (Recognized)",6,"SS (I-X)",3,"Higher secondary",5,Others,0,0,0,0,0,0,1,0,0,0,0,0,0,0,0,0,0,0,1,1,0
2019-20,33,Tamilnadu,3325,THENI,332501,AUNDIPATTY,23,"Private Unaided (Recognized)",3,"HSS (I-XII)",3,"Higher secondary",6,None,0,0,0,0,0,0,0,1,0,0,0,0,0,0,0,0,0,0,1,0,1
2019-20,33,Tamilnadu,3325,THENI,332504,CUMBUM,23,"Private Unaided (Recognized)",3,"HSS (I-XII)",3,"Higher secondary",6,None,0,0,0,0,0,0,0,2,0,0,0,0,0,0,0,0,0,0,2,0,2
2019-20,33,Tamilnadu,3325,THENI,332508,UTHAMAPALAYAM,23,"Private Unaided (Recognized)",3,"HSS (I-XII)",3,"Higher secondary",6,None,0,0,0,0,0,1,0,0,0,0,0,0,0,0,0,0,0,0,1,0,1
2019-20,33,Tamilnadu,3325,THENI,332508,UTHAMAPALAYAM,23,"Private Unaided (Recognized)",2,"UPS (I-VIII)",4,Graduate,1,"Diploma or certificate in basic teachers training of a duration not less than two years",0,0,0,0,0,0,0,0,0,2,0,0,0,0,0,0,0,0,2,0,2
2019-20,33,Tamilnadu,3325,THENI,332501,AUNDIPATTY,23,"Private Unaided (Recognized)",3,"HSS (I-XII)",4,Graduate,1,"Diploma or certificate in basic teachers training of a duration not less than two years",0,0,0,0,0,1,1,10,0,0,0,0,0,0,0,0,0,1,13,1,12
2019-20,33,Tamilnadu,3325,THENI,332502,BODINAYAKANUR,23,"Private Unaided (Recognized)",3,"HSS (I-XII)",4,Graduate,1,"Diploma or certificate in basic teachers training of a duration not less than two years",0,3,0,0,0,6,0,2,0,3,0,1,0,0,0,0,0,0,15,0,15
2019-20,33,Tamilnadu,3325,THENI,332503,CHINNAMANUR,23,"Private Unaided (Recognized)",3,"HSS (I-XII)",4,Graduate,1,"Diploma or certificate in basic teachers training of a duration not less than two years",0,0,0,0,0,8,0,0,0,3,0,0,0,0,0,0,0,0,11,0,11
2019-20,33,Tamilnadu,3325,THENI,332504,CUMBUM,23,"Private Unaided (Recognized)",3,"HSS (I-XII)",4,Graduate,1,"Diploma or certificate in basic teachers training of a duration not less than two years",0,2,0,0,0,3,0,4,0,0,0,1,0,0,0,0,0,0,10,0,10
2019-20,33,Tamilnadu,3325,THENI,332505,MYLADUMPARAI,23,"Private Unaided (Recognized)",3,"HSS (I-XII)",4,Graduate,1,"Diploma or certificate in basic teachers training of a duration not less than two years",0,0,0,0,0,1,0,3,0,0,0,0,0,0,0,0,0,0,4,0,4
2019-20,33,Tamilnadu,3325,THENI,332506,PERIYAKULAM,23,"Private Unaided (Recognized)",3,"HSS (I-XII)",4,Graduate,1,"Diploma or certificate in basic teachers training of a duration not less than two years",0,0,0,1,0,3,0,0,1,0,0,0,0,0,0,0,0,0,5,1,4
2019-20,33,Tamilnadu,3325,THENI,332507,THENI,23,"Private Unaided (Recognized)",3,"HSS (I-XII)",4,Graduate,1,"Diploma or certificate in basic teachers training of a duration not less than two years",0,1,0,3,0,0,0,4,0,0,0,0,0,0,0,1,0,0,9,0,9
2019-20,33,Tamilnadu,3325,THENI,332508,UTHAMAPALAYAM,23,"Private Unaided (Recognized)",3,"HSS (I-XII)",4,Graduate,1,"Diploma or certificate in basic teachers training of a duration not less than two years",0,0,0,0,0,10,0,4,0,1,0,1,0,0,0,0,0,0,16,0,16
2019-20,33,Tamilnadu,3325,THENI,332502,BODINAYAKANUR,23,"Private Unaided (Recognized)",6,"SS (I-X)",4,Graduate,1,"Diploma or certificate in basic teachers training of a duration not less than two years",0,0,0,0,0,5,0,0,0,0,0,0,0,0,0,0,0,0,5,0,5
2019-20,33,Tamilnadu,3325,THENI,332503,CHINNAMANUR,23,"Private Unaided (Recognized)",6,"SS (I-X)",4,Graduate,1,"Diploma or certificate in basic teachers training of a duration not less than two years",0,0,0,0,0,8,0,5,0,0,0,0,0,1,0,0,0,0,14,0,14
2019-20,33,Tamilnadu,3325,THENI,332504,CUMBUM,23,"Private Unaided (Recognized)",6,"SS (I-X)",4,Graduate,1,"Diploma or certificate in basic teachers training of a duration not less than two years",0,0,0,0,0,4,0,2,0,0,0,0,0,1,0,0,0,0,7,0,7
2019-20,33,Tamilnadu,3325,THENI,332506,PERIYAKULAM,23,"Private Unaided (Recognized)",6,"SS (I-X)",4,Graduate,1,"Diploma or certificate in basic teachers training of a duration not less than two years",0,0,0,0,0,0,0,0,0,0,0,0,0,2,0,0,0,0,2,0,2
2019-20,33,Tamilnadu,3325,THENI,332507,THENI,23,"Private Unaided (Recognized)",6,"SS (I-X)",4,Graduate,1,"Diploma or certificate in basic teachers training of a duration not less than two years",0,0,0,0,0,1,0,0,0,0,0,1,0,7,0,0,0,0,9,0,9
2019-20,33,Tamilnadu,3325,THENI,332504,CUMBUM,23,"Private Unaided (Recognized)",2,"UPS (I-VIII)",4,Graduate,3,"B.Ed. or equivalent",0,0,0,0,0,0,0,0,0,2,0,0,0,0,0,0,0,0,2,0,2
2019-20,33,Tamilnadu,3325,THENI,332506,PERIYAKULAM,23,"Private Unaided (Recognized)",2,"UPS (I-VIII)",4,Graduate,3,"B.Ed. or equivalent",0,0,0,0,0,0,1,2,0,0,0,0,0,0,0,0,0,0,3,1,2
2019-20,33,Tamilnadu,3325,THENI,332507,THENI,23,"Private Unaided (Recognized)",2,"UPS (I-VIII)",4,Graduate,3,"B.Ed. or equivalent",0,0,0,0,0,3,0,0,0,0,0,0,0,0,0,0,0,0,3,0,3
2019-20,33,Tamilnadu,3325,THENI,332508,UTHAMAPALAYAM,23,"Private Unaided (Recognized)",2,"UPS (I-VIII)",4,Graduate,3,"B.Ed. or equivalent",0,0,0,0,0,0,0,0,0,1,0,0,0,0,0,0,0,0,1,0,1
2019-20,33,Tamilnadu,3325,THENI,332501,AUNDIPATTY,23,"Private Unaided (Recognized)",3,"HSS (I-XII)",4,Graduate,3,"B.Ed. or equivalent",0,1,0,0,0,0,6,42,0,2,0,3,1,2,1,0,0,0,58,8,50
2019-20,33,Tamilnadu,3325,THENI,332502,BODINAYAKANUR,23,"Private Unaided (Recognized)",3,"HSS (I-XII)",4,Graduate,3,"B.Ed. or equivalent",0,4,0,0,0,20,2,11,1,7,0,2,0,0,3,0,0,1,51,6,45
2019-20,33,Tamilnadu,3325,THENI,332503,CHINNAMANUR,23,"Private Unaided (Recognized)",3,"HSS (I-XII)",4,Graduate,3,"B.Ed. or equivalent",0,0,0,0,0,7,3,9,1,7,2,0,3,2,0,0,0,1,35,9,26
2019-20,33,Tamilnadu,3325,THENI,332504,CUMBUM,23,"Private Unaided (Recognized)",3,"HSS (I-XII)",4,Graduate,3,"B.Ed. or equivalent",0,0,0,1,0,9,2,35,0,0,0,7,2,11,0,0,1,5,73,5,68
2019-20,33,Tamilnadu,3325,THENI,332505,MYLADUMPARAI,23,"Private Unaided (Recognized)",3,"HSS (I-XII)",4,Graduate,3,"B.Ed. or equivalent",0,0,0,0,1,2,0,4,0,6,0,0,0,0,0,0,0,0,13,1,12
2019-20,33,Tamilnadu,3325,THENI,332506,PERIYAKULAM,23,"Private Unaided (Recognized)",3,"HSS (I-XII)",4,Graduate,3,"B.Ed. or equivalent",0,1,0,1,0,10,1,19,0,10,1,3,2,4,1,2,0,0,55,5,50
2019-20,33,Tamilnadu,3325,THENI,332507,THENI,23,"Private Unaided (Recognized)",3,"HSS (I-XII)",4,Graduate,3,"B.Ed. or equivalent",0,5,0,1,2,20,5,54,0,7,1,1,7,28,2,9,4,3,149,21,128
2019-20,33,Tamilnadu,3325,THENI,332508,UTHAMAPALAYAM,23,"Private Unaided (Recognized)",3,"HSS (I-XII)",4,Graduate,3,"B.Ed. or equivalent",0,3,0,0,0,8,3,18,0,7,0,3,0,4,1,1,1,5,54,5,49
2019-20,33,Tamilnadu,3325,THENI,332502,BODINAYAKANUR,23,"Private Unaided (Recognized)",6,"SS (I-X)",4,Graduate,3,"B.Ed. or equivalent",0,0,0,0,0,7,0,7,0,1,0,2,0,1,0,0,0,0,18,0,18
2019-20,33,Tamilnadu,3325,THENI,332503,CHINNAMANUR,23,"Private Unaided (Recognized)",6,"SS (I-X)",4,Graduate,3,"B.Ed. or equivalent",0,0,0,0,0,4,0,3,0,0,3,10,3,1,0,0,0,0,24,6,18
2019-20,33,Tamilnadu,3325,THENI,332504,CUMBUM,23,"Private Unaided (Recognized)",6,"SS (I-X)",4,Graduate,3,"B.Ed. or equivalent",0,0,0,0,0,1,0,7,0,0,1,5,1,2,0,0,0,0,17,2,15
2019-20,33,Tamilnadu,3325,THENI,332506,PERIYAKULAM,23,"Private Unaided (Recognized)",6,"SS (I-X)",4,Graduate,3,"B.Ed. or equivalent",0,0,0,0,0,0,0,0,0,0,0,0,0,5,0,0,0,0,5,0,5
2019-20,33,Tamilnadu,3325,THENI,332503,CHINNAMANUR,23,"Private Unaided (Recognized)",3,"HSS (I-XII)",4,Graduate,4,"M.Ed. or equivalent",0,0,0,0,0,2,0,0,0,1,0,0,0,0,0,0,0,0,3,0,3
2019-20,33,Tamilnadu,3325,THENI,332507,THENI,23,"Private Unaided (Recognized)",3,"HSS (I-XII)",4,Graduate,4,"M.Ed. or equivalent",0,0,0,0,0,0,0,1,0,0,0,0,0,1,0,0,1,0,3,1,2
2019-20,33,Tamilnadu,3325,THENI,332508,UTHAMAPALAYAM,23,"Private Unaided (Recognized)",3,"HSS (I-XII)",4,Graduate,4,"M.Ed. or equivalent",0,0,0,0,0,1,0,0,0,0,0,1,0,0,0,0,0,1,3,0,3
2019-20,33,Tamilnadu,3325,THENI,332503,CHINNAMANUR,23,"Private Unaided (Recognized)",6,"SS (I-X)",4,Graduate,4,"M.Ed. or equivalent",0,0,0,0,0,0,0,0,0,0,0,0,0,1,0,0,0,0,1,0,1
2019-20,33,Tamilnadu,3325,THENI,332502,BODINAYAKANUR,23,"Private Unaided (Recognized)",3,"HSS (I-XII)",4,Graduate,5,Others,0,5,0,0,0,3,1,0,0,0,0,1,0,0,0,0,0,0,10,1,9
2019-20,33,Tamilnadu,3325,THENI,332503,CHINNAMANUR,23,"Private Unaided (Recognized)",3,"HSS (I-XII)",4,Graduate,5,Others,0,0,0,0,0,2,0,3,0,0,0,0,0,1,0,1,0,0,7,0,7
2019-20,33,Tamilnadu,3325,THENI,332504,CUMBUM,23,"Private Unaided (Recognized)",3,"HSS (I-XII)",4,Graduate,5,Others,0,0,0,0,1,1,1,1,0,0,0,0,0,4,0,0,1,0,9,3,6
2019-20,33,Tamilnadu,3325,THENI,332505,MYLADUMPARAI,23,"Private Unaided (Recognized)",3,"HSS (I-XII)",4,Graduate,5,Others,0,0,0,0,1,0,0,1,0,0,0,0,0,0,0,0,0,0,2,1,1
2019-20,33,Tamilnadu,3325,THENI,332506,PERIYAKULAM,23,"Private Unaided (Recognized)",3,"HSS (I-XII)",4,Graduate,5,Others,0,0,0,0,0,1,0,0,0,1,0,1,0,0,0,0,0,0,3,0,3
2019-20,33,Tamilnadu,3325,THENI,332507,THENI,23,"Private Unaided (Recognized)",3,"HSS (I-XII)",4,Graduate,5,Others,0,0,0,0,0,1,1,5,1,0,0,0,0,3,0,0,0,0,11,2,9
2019-20,33,Tamilnadu,3325,THENI,332508,UTHAMAPALAYAM,23,"Private Unaided (Recognized)",3,"HSS (I-XII)",4,Graduate,5,Others,0,0,0,0,0,1,1,3,0,0,0,0,0,0,0,1,0,0,6,1,5
2019-20,33,Tamilnadu,3325,THENI,332503,CHINNAMANUR,23,"Private Unaided (Recognized)",6,"SS (I-X)",4,Graduate,5,Others,0,0,0,0,0,3,0,2,0,0,0,1,0,1,0,0,0,0,7,0,7
2019-20,33,Tamilnadu,3325,THENI,332504,CUMBUM,23,"Private Unaided (Recognized)",6,"SS (I-X)",4,Graduate,5,Others,0,0,0,0,0,3,0,0,0,0,0,2,0,0,0,0,0,0,5,0,5
2019-20,33,Tamilnadu,3325,THENI,332501,AUNDIPATTY,23,"Private Unaided (Recognized)",3,"HSS (I-XII)",4,Graduate,6,None,0,0,0,0,0,0,0,5,0,0,0,0,0,0,0,0,0,0,5,0,5
2019-20,33,Tamilnadu,3325,THENI,332502,BODINAYAKANUR,23,"Private Unaided (Recognized)",3,"HSS (I-XII)",4,Graduate,6,None,0,0,0,0,0,3,1,5,0,0,1,2,0,0,0,0,0,0,12,2,10
2019-20,33,Tamilnadu,3325,THENI,332504,CUMBUM,23,"Private Unaided (Recognized)",3,"HSS (I-XII)",4,Graduate,6,None,0,0,0,0,0,0,1,1,0,0,0,1,0,1,0,0,0,0,4,1,3
2019-20,33,Tamilnadu,3325,THENI,332505,MYLADUMPARAI,23,"Private Unaided (Recognized)",3,"HSS (I-XII)",4,Graduate,6,None,0,0,0,0,0,0,0,2,0,0,0,0,0,0,0,0,0,0,2,0,2
2019-20,33,Tamilnadu,3325,THENI,332506,PERIYAKULAM,23,"Private Unaided (Recognized)",3,"HSS (I-XII)",4,Graduate,6,None,0,1,0,0,0,0,0,2,0,1,0,0,0,0,0,0,0,0,4,0,4
2019-20,33,Tamilnadu,3325,THENI,332507,THENI,23,"Private Unaided (Recognized)",3,"HSS (I-XII)",4,Graduate,6,None,0,0,0,0,0,0,1,1,0,0,0,1,0,0,0,0,0,0,3,1,2
2019-20,33,Tamilnadu,3325,THENI,332508,UTHAMAPALAYAM,23,"Private Unaided (Recognized)",3,"HSS (I-XII)",4,Graduate,6,None,0,0,0,0,0,0,1,1,0,1,0,0,0,0,0,0,0,0,3,1,2
2019-20,33,Tamilnadu,3325,THENI,332503,CHINNAMANUR,23,"Private Unaided (Recognized)",6,"SS (I-X)",4,Graduate,6,None,0,0,0,0,0,1,0,1,0,0,0,0,0,0,0,0,0,0,2,0,2
2019-20,33,Tamilnadu,3325,THENI,332506,PERIYAKULAM,23,"Private Unaided (Recognized)",2,"UPS (I-VIII)",5,"Post graduate",1,"Diploma or certificate in basic teachers training of a duration not less than two years",0,0,0,0,0,0,0,1,0,0,0,0,0,0,0,0,0,0,1,0,1
2019-20,33,Tamilnadu,3325,THENI,332502,BODINAYAKANUR,23,"Private Unaided (Recognized)",3,"HSS (I-XII)",5,"Post graduate",1,"Diploma or certificate in basic teachers training of a duration not less than two years",0,0,0,1,0,6,0,0,0,1,0,1,0,0,0,0,0,0,9,0,9
2019-20,33,Tamilnadu,3325,THENI,332503,CHINNAMANUR,23,"Private Unaided (Recognized)",3,"HSS (I-XII)",5,"Post graduate",1,"Diploma or certificate in basic teachers training of a duration not less than two years",0,0,0,0,0,2,0,0,0,1,0,1,0,0,0,0,0,0,4,0,4
2019-20,33,Tamilnadu,3325,THENI,332504,CUMBUM,23,"Private Unaided (Recognized)",3,"HSS (I-XII)",5,"Post graduate",1,"Diploma or certificate in basic teachers training of a duration not less than two years",0,0,0,0,0,1,0,3,0,1,0,0,0,0,0,0,0,0,5,0,5
2019-20,33,Tamilnadu,3325,THENI,332506,PERIYAKULAM,23,"Private Unaided (Recognized)",3,"HSS (I-XII)",5,"Post graduate",1,"Diploma or certificate in basic teachers training of a duration not less than two years",0,0,0,0,0,1,0,1,0,0,0,0,0,1,0,0,0,0,3,0,3
2019-20,33,Tamilnadu,3325,THENI,332507,THENI,23,"Private Unaided (Recognized)",3,"HSS (I-XII)",5,"Post graduate",1,"Diploma or certificate in basic teachers training of a duration not less than two years",0,0,0,0,0,3,0,5,0,0,0,0,0,0,0,0,0,0,8,0,8
2019-20,33,Tamilnadu,3325,THENI,332508,UTHAMAPALAYAM,23,"Private Unaided (Recognized)",3,"HSS (I-XII)",5,"Post graduate",1,"Diploma or certificate in basic teachers training of a duration not less than two years",0,1,0,0,0,0,0,2,0,0,0,0,1,0,0,1,0,0,5,1,4
2019-20,33,Tamilnadu,3325,THENI,332502,BODINAYAKANUR,23,"Private Unaided (Recognized)",6,"SS (I-X)",5,"Post graduate",1,"Diploma or certificate in basic teachers training of a duration not less than two years",0,0,0,0,0,2,0,3,0,1,0,0,0,0,0,0,0,0,6,0,6
2019-20,33,Tamilnadu,3325,THENI,332503,CHINNAMANUR,23,"Private Unaided (Recognized)",6,"SS (I-X)",5,"Post graduate",1,"Diploma or certificate in basic teachers training of a duration not less than two years",0,0,0,0,0,2,0,1,1,0,0,2,0,1,0,0,0,0,7,1,6
2019-20,33,Tamilnadu,3325,THENI,332504,CUMBUM,23,"Private Unaided (Recognized)",6,"SS (I-X)",5,"Post graduate",1,"Diploma or certificate in basic teachers training of a duration not less than two years",0,0,0,0,0,1,0,1,0,0,0,0,0,0,0,0,0,0,2,0,2
2019-20,33,Tamilnadu,3325,THENI,332506,PERIYAKULAM,23,"Private Unaided (Recognized)",6,"SS (I-X)",5,"Post graduate",1,"Diploma or certificate in basic teachers training of a duration not less than two years",0,0,0,0,0,0,0,0,0,0,0,0,0,5,0,0,0,0,5,0,5
2019-20,33,Tamilnadu,3325,THENI,332504,CUMBUM,23,"Private Unaided (Recognized)",2,"UPS (I-VIII)",5,"Post graduate",3,"B.Ed. or equivalent",0,0,0,0,0,0,0,0,0,3,0,0,0,0,0,0,0,0,3,0,3
2019-20,33,Tamilnadu,3325,THENI,332506,PERIYAKULAM,23,"Private Unaided (Recognized)",2,"UPS (I-VIII)",5,"Post graduate",3,"B.Ed. or equivalent",0,0,0,0,0,0,0,2,0,0,0,0,0,0,0,0,0,0,2,0,2
2019-20,33,Tamilnadu,3325,THENI,332507,THENI,23,"Private Unaided (Recognized)",2,"UPS (I-VIII)",5,"Post graduate",3,"B.Ed. or equivalent",0,0,0,0,0,3,0,0,0,0,0,0,0,0,0,0,0,0,3,0,3
2019-20,33,Tamilnadu,3325,THENI,332501,AUNDIPATTY,23,"Private Unaided (Recognized)",3,"HSS (I-XII)",5,"Post graduate",3,"B.Ed. or equivalent",0,0,0,0,0,1,6,24,0,2,0,3,0,2,11,4,5,4,62,22,40
2019-20,33,Tamilnadu,3325,THENI,332502,BODINAYAKANUR,23,"Private Unaided (Recognized)",3,"HSS (I-XII)",5,"Post graduate",3,"B.Ed. or equivalent",0,2,0,0,0,4,2,12,0,3,4,12,4,1,11,6,8,10,79,29,50
2019-20,33,Tamilnadu,3325,THENI,332503,CHINNAMANUR,23,"Private Unaided (Recognized)",3,"HSS (I-XII)",5,"Post graduate",3,"B.Ed. or equivalent",0,0,0,0,0,0,1,4,0,7,0,2,2,3,4,6,11,12,52,18,34
2019-20,33,Tamilnadu,3325,THENI,332504,CUMBUM,23,"Private Unaided (Recognized)",3,"HSS (I-XII)",5,"Post graduate",3,"B.Ed. or equivalent",1,3,0,0,1,14,6,30,1,6,0,0,3,8,2,3,17,8,103,31,72
2019-20,33,Tamilnadu,3325,THENI,332505,MYLADUMPARAI,23,"Private Unaided (Recognized)",3,"HSS (I-XII)",5,"Post graduate",3,"B.Ed. or equivalent",0,0,0,0,2,1,0,2,0,0,2,0,2,0,1,0,1,1,12,8,4
2019-20,33,Tamilnadu,3325,THENI,332506,PERIYAKULAM,23,"Private Unaided (Recognized)",3,"HSS (I-XII)",5,"Post graduate",3,"B.Ed. or equivalent",0,2,0,1,0,6,4,27,0,2,5,7,0,5,17,19,3,2,100,29,71
2019-20,33,Tamilnadu,3325,THENI,332507,THENI,23,"Private Unaided (Recognized)",3,"HSS (I-XII)",5,"Post graduate",3,"B.Ed. or equivalent",0,3,0,1,2,20,16,76,3,7,1,5,17,61,11,10,24,33,290,74,216
2019-20,33,Tamilnadu,3325,THENI,332508,UTHAMAPALAYAM,23,"Private Unaided (Recognized)",3,"HSS (I-XII)",5,"Post graduate",3,"B.Ed. or equivalent",0,0,0,0,1,8,1,12,0,6,2,5,2,10,9,10,11,9,86,26,60
2019-20,33,Tamilnadu,3325,THENI,332502,BODINAYAKANUR,23,"Private Unaided (Recognized)",6,"SS (I-X)",5,"Post graduate",3,"B.Ed. or equivalent",0,0,0,0,0,1,0,1,0,0,0,1,0,1,0,0,0,0,4,0,4
2019-20,33,Tamilnadu,3325,THENI,332503,CHINNAMANUR,23,"Private Unaided (Recognized)",6,"SS (I-X)",5,"Post graduate",3,"B.Ed. or equivalent",0,0,0,0,0,2,1,4,0,1,3,6,2,2,0,0,0,0,21,6,15
2019-20,33,Tamilnadu,3325,THENI,332504,CUMBUM,23,"Private Unaided (Recognized)",6,"SS (I-X)",5,"Post graduate",3,"B.Ed. or equivalent",0,0,0,0,0,0,0,3,0,0,1,0,2,5,0,0,0,0,11,3,8
2019-20,33,Tamilnadu,3325,THENI,332506,PERIYAKULAM,23,"Private Unaided (Recognized)",6,"SS (I-X)",5,"Post graduate",3,"B.Ed. or equivalent",0,0,0,0,0,0,0,0,0,0,0,0,0,7,0,0,0,0,7,0,7
2019-20,33,Tamilnadu,3325,THENI,332507,THENI,23,"Private Unaided (Recognized)",6,"SS (I-X)",5,"Post graduate",3,"B.Ed. or equivalent",0,0,0,0,0,0,0,1,0,0,0,0,1,3,0,0,0,0,5,1,4
2019-20,33,Tamilnadu,3325,THENI,332501,AUNDIPATTY,23,"Private Unaided (Recognized)",3,"HSS (I-XII)",5,"Post graduate",4,"M.Ed. or equivalent",0,0,0,0,0,0,1,0,0,0,0,1,0,0,1,0,0,0,3,2,1
2019-20,33,Tamilnadu,3325,THENI,332502,BODINAYAKANUR,23,"Private Unaided (Recognized)",3,"HSS (I-XII)",5,"Post graduate",4,"M.Ed. or equivalent",0,0,0,0,0,0,0,0,0,0,0,0,0,1,2,0,0,1,4,2,2
2019-20,33,Tamilnadu,3325,THENI,332503,CHINNAMANUR,23,"Private Unaided (Recognized)",3,"HSS (I-XII)",5,"Post graduate",4,"M.Ed. or equivalent",0,0,0,0,0,0,0,1,0,0,0,0,0,0,1,1,2,1,6,3,3
2019-20,33,Tamilnadu,3325,THENI,332504,CUMBUM,23,"Private Unaided (Recognized)",3,"HSS (I-XII)",5,"Post graduate",4,"M.Ed. or equivalent",0,0,0,0,0,0,2,1,1,0,0,0,0,0,0,0,0,0,4,3,1
2019-20,33,Tamilnadu,3325,THENI,332506,PERIYAKULAM,23,"Private Unaided (Recognized)",3,"HSS (I-XII)",5,"Post graduate",4,"M.Ed. or equivalent",0,0,0,0,0,1,1,2,0,0,0,0,0,0,1,3,1,0,9,3,6
2019-20,33,Tamilnadu,3325,THENI,332507,THENI,23,"Private Unaided (Recognized)",3,"HSS (I-XII)",5,"Post graduate",4,"M.Ed. or equivalent",0,0,0,0,0,4,1,2,1,0,0,1,1,7,2,2,6,3,30,11,19
2019-20,33,Tamilnadu,3325,THENI,332508,UTHAMAPALAYAM,23,"Private Unaided (Recognized)",3,"HSS (I-XII)",5,"Post graduate",4,"M.Ed. or equivalent",0,0,0,0,0,0,0,2,0,0,0,1,1,0,5,1,0,1,11,6,5
2019-20,33,Tamilnadu,3325,THENI,332503,CHINNAMANUR,23,"Private Unaided (Recognized)",6,"SS (I-X)",5,"Post graduate",4,"M.Ed. or equivalent",0,0,0,0,0,0,0,1,0,0,0,0,0,0,0,0,0,0,1,0,1
2019-20,33,Tamilnadu,3325,THENI,332504,CUMBUM,23,"Private Unaided (Recognized)",6,"SS (I-X)",5,"Post graduate",4,"M.Ed. or equivalent",0,0,0,0,0,0,0,0,0,0,1,0,0,0,0,0,0,0,1,1,0
2019-20,33,Tamilnadu,3325,THENI,332504,CUMBUM,23,"Private Unaided (Recognized)",2,"UPS (I-VIII)",5,"Post graduate",5,Others,0,0,0,0,0,0,0,0,0,1,0,0,0,0,0,0,0,0,1,0,1
2019-20,33,Tamilnadu,3325,THENI,332502,BODINAYAKANUR,23,"Private Unaided (Recognized)",3,"HSS (I-XII)",5,"Post graduate",5,Others,0,0,0,0,0,5,1,4,0,2,0,3,0,0,0,2,0,0,17,1,16
2019-20,33,Tamilnadu,3325,THENI,332503,CHINNAMANUR,23,"Private Unaided (Recognized)",3,"HSS (I-XII)",5,"Post graduate",5,Others,0,0,0,0,0,1,0,0,0,0,0,0,0,2,0,0,0,1,4,0,4
2019-20,33,Tamilnadu,3325,THENI,332504,CUMBUM,23,"Private Unaided (Recognized)",3,"HSS (I-XII)",5,"Post graduate",5,Others,0,0,0,0,0,0,0,3,0,0,0,0,0,0,0,0,1,1,5,1,4
2019-20,33,Tamilnadu,3325,THENI,332505,MYLADUMPARAI,23,"Private Unaided (Recognized)",3,"HSS (I-XII)",5,"Post graduate",5,Others,0,0,0,0,0,0,0,2,0,1,0,0,0,0,0,0,0,0,3,0,3
2019-20,33,Tamilnadu,3325,THENI,332506,PERIYAKULAM,23,"Private Unaided (Recognized)",3,"HSS (I-XII)",5,"Post graduate",5,Others,0,1,0,0,0,0,0,0,0,1,0,0,0,0,0,0,0,0,2,0,2
2019-20,33,Tamilnadu,3325,THENI,332507,THENI,23,"Private Unaided (Recognized)",3,"HSS (I-XII)",5,"Post graduate",5,Others,0,0,0,0,0,0,0,4,0,0,0,0,0,2,0,0,0,0,6,0,6
2019-20,33,Tamilnadu,3325,THENI,332508,UTHAMAPALAYAM,23,"Private Unaided (Recognized)",3,"HSS (I-XII)",5,"Post graduate",5,Others,0,0,0,0,0,0,0,2,0,0,0,0,0,0,0,1,0,0,3,0,3
2019-20,33,Tamilnadu,3325,THENI,332503,CHINNAMANUR,23,"Private Unaided (Recognized)",6,"SS (I-X)",5,"Post graduate",5,Others,0,0,0,0,0,2,0,0,0,0,0,0,0,0,0,0,0,0,2,0,2
2019-20,33,Tamilnadu,3325,THENI,332504,CUMBUM,23,"Private Unaided (Recognized)",6,"SS (I-X)",5,"Post graduate",5,Others,0,0,0,0,0,0,0,1,0,0,0,0,0,0,0,0,0,0,1,0,1
2019-20,33,Tamilnadu,3325,THENI,332501,AUNDIPATTY,23,"Private Unaided (Recognized)",3,"HSS (I-XII)",5,"Post graduate",6,None,0,0,0,0,0,0,0,0,0,0,0,0,0,0,1,0,0,0,1,1,0
2019-20,33,Tamilnadu,3325,THENI,332502,BODINAYAKANUR,23,"Private Unaided (Recognized)",3,"HSS (I-XII)",5,"Post graduate",6,None,0,1,0,0,0,5,0,2,1,3,0,2,0,0,0,0,0,0,14,1,13
2019-20,33,Tamilnadu,3325,THENI,332504,CUMBUM,23,"Private Unaided (Recognized)",3,"HSS (I-XII)",5,"Post graduate",6,None,0,0,0,0,0,1,2,2,0,1,0,0,0,0,0,0,0,0,6,2,4
2019-20,33,Tamilnadu,3325,THENI,332505,MYLADUMPARAI,23,"Private Unaided (Recognized)",3,"HSS (I-XII)",5,"Post graduate",6,None,0,0,0,0,0,0,0,0,0,0,0,0,0,0,0,0,1,0,1,1,0
2019-20,33,Tamilnadu,3325,THENI,332506,PERIYAKULAM,23,"Private Unaided (Recognized)",3,"HSS (I-XII)",5,"Post graduate",6,None,0,0,0,0,0,0,0,0,0,1,0,0,0,0,1,0,0,0,2,1,1
2019-20,33,Tamilnadu,3325,THENI,332507,THENI,23,"Private Unaided (Recognized)",3,"HSS (I-XII)",5,"Post graduate",6,None,0,1,0,0,0,0,0,1,0,0,0,0,0,0,1,0,0,0,3,1,2
2019-20,33,Tamilnadu,3325,THENI,332508,UTHAMAPALAYAM,23,"Private Unaided (Recognized)",3,"HSS (I-XII)",5,"Post graduate",6,None,0,0,0,0,0,0,0,0,0,0,0,1,0,0,0,0,0,0,1,0,1
2019-20,33,Tamilnadu,3325,THENI,332506,PERIYAKULAM,23,"Private Unaided (Recognized)",6,"SS (I-X)",5,"Post graduate",6,None,0,0,0,0,0,0,0,0,0,0,0,0,0,1,0,0,0,0,1,0,1
2019-20,33,Tamilnadu,3325,THENI,332507,THENI,23,"Private Unaided (Recognized)",3,"HSS (I-XII)",6,M.Phil,1,"Diploma or certificate in basic teachers training of a duration not less than two years",0,0,0,0,0,0,0,1,0,0,0,0,0,0,0,0,0,0,1,0,1
2019-20,33,Tamilnadu,3325,THENI,332502,BODINAYAKANUR,23,"Private Unaided (Recognized)",6,"SS (I-X)",6,M.Phil,1,"Diploma or certificate in basic teachers training of a duration not less than two years",0,0,0,0,0,0,0,1,0,0,0,0,0,0,0,0,0,0,1,0,1
2019-20,33,Tamilnadu,3325,THENI,332501,AUNDIPATTY,23,"Private Unaided (Recognized)",3,"HSS (I-XII)",6,M.Phil,3,"B.Ed. or equivalent",0,0,0,0,0,0,0,4,0,0,0,0,0,0,0,0,0,1,5,0,5
2019-20,33,Tamilnadu,3325,THENI,332502,BODINAYAKANUR,23,"Private Unaided (Recognized)",3,"HSS (I-XII)",6,M.Phil,3,"B.Ed. or equivalent",0,0,0,0,0,0,1,1,0,0,2,0,0,0,0,2,0,1,7,3,4
2019-20,33,Tamilnadu,3325,THENI,332503,CHINNAMANUR,23,"Private Unaided (Recognized)",3,"HSS (I-XII)",6,M.Phil,3,"B.Ed. or equivalent",0,0,0,0,0,0,0,0,0,0,0,0,0,0,0,1,1,0,2,1,1
2019-20,33,Tamilnadu,3325,THENI,332505,MYLADUMPARAI,23,"Private Unaided (Recognized)",3,"HSS (I-XII)",6,M.Phil,3,"B.Ed. or equivalent",0,0,0,0,0,0,0,0,0,0,0,0,0,0,0,1,0,0,1,0,1
2019-20,33,Tamilnadu,3325,THENI,332506,PERIYAKULAM,23,"Private Unaided (Recognized)",3,"HSS (I-XII)",6,M.Phil,3,"B.Ed. or equivalent",0,0,0,0,0,0,0,1,0,0,0,0,0,0,2,4,0,1,8,2,6
2019-20,33,Tamilnadu,3325,THENI,332507,THENI,23,"Private Unaided (Recognized)",3,"HSS (I-XII)",6,M.Phil,3,"B.Ed. or equivalent",0,0,0,0,0,0,2,10,0,1,0,2,1,2,7,1,0,3,29,10,19
2019-20,33,Tamilnadu,3325,THENI,332508,UTHAMAPALAYAM,23,"Private Unaided (Recognized)",3,"HSS (I-XII)",6,M.Phil,3,"B.Ed. or equivalent",0,0,0,0,0,0,0,0,0,0,1,0,0,1,2,1,0,1,6,3,3
2019-20,33,Tamilnadu,3325,THENI,332502,BODINAYAKANUR,23,"Private Unaided (Recognized)",6,"SS (I-X)",6,M.Phil,3,"B.Ed. or equivalent",0,0,0,0,0,0,0,0,0,0,0,0,0,1,0,0,0,0,1,0,1
2019-20,33,Tamilnadu,3325,THENI,332503,CHINNAMANUR,23,"Private Unaided (Recognized)",6,"SS (I-X)",6,M.Phil,3,"B.Ed. or equivalent",0,0,0,0,0,0,1,0,0,0,1,0,1,1,0,0,0,0,4,3,1
2019-20,33,Tamilnadu,3325,THENI,332504,CUMBUM,23,"Private Unaided (Recognized)",6,"SS (I-X)",6,M.Phil,3,"B.Ed. or equivalent",0,0,0,0,0,0,0,0,0,0,1,0,0,0,0,0,0,0,1,1,0
2019-20,33,Tamilnadu,3325,THENI,332506,PERIYAKULAM,23,"Private Unaided (Recognized)",6,"SS (I-X)",6,M.Phil,3,"B.Ed. or equivalent",0,0,0,0,0,0,0,0,0,0,0,0,0,1,0,0,0,0,1,0,1
2019-20,33,Tamilnadu,3325,THENI,332507,THENI,23,"Private Unaided (Recognized)",6,"SS (I-X)",6,M.Phil,3,"B.Ed. or equivalent",0,0,0,0,0,0,0,0,0,0,0,0,1,0,0,0,0,0,1,1,0
2019-20,33,Tamilnadu,3325,THENI,332502,BODINAYAKANUR,23,"Private Unaided (Recognized)",3,"HSS (I-XII)",6,M.Phil,4,"M.Ed. or equivalent",0,0,0,0,0,0,0,0,0,0,0,0,0,0,1,0,0,0,1,1,0
2019-20,33,Tamilnadu,3325,THENI,332504,CUMBUM,23,"Private Unaided (Recognized)",3,"HSS (I-XII)",6,M.Phil,4,"M.Ed. or equivalent",0,0,0,0,0,0,0,2,0,0,0,0,0,0,0,0,1,0,3,1,2
2019-20,33,Tamilnadu,3325,THENI,332506,PERIYAKULAM,23,"Private Unaided (Recognized)",3,"HSS (I-XII)",6,M.Phil,4,"M.Ed. or equivalent",0,0,0,0,0,0,0,0,0,0,0,0,0,1,0,0,0,0,1,0,1
2019-20,33,Tamilnadu,3325,THENI,332507,THENI,23,"Private Unaided (Recognized)",3,"HSS (I-XII)",6,M.Phil,4,"M.Ed. or equivalent",0,0,0,0,0,0,1,0,0,0,1,0,0,0,0,0,1,0,3,3,0
2019-20,33,Tamilnadu,3325,THENI,332508,UTHAMAPALAYAM,23,"Private Unaided (Recognized)",3,"HSS (I-XII)",6,M.Phil,4,"M.Ed. or equivalent",0,0,0,0,0,0,0,0,0,0,0,0,0,1,0,0,0,0,1,0,1
2019-20,33,Tamilnadu,3325,THENI,332503,CHINNAMANUR,23,"Private Unaided (Recognized)",3,"HSS (I-XII)",6,M.Phil,5,Others,0,0,0,0,0,0,0,1,0,1,0,0,0,1,0,0,0,0,3,0,3
2019-20,33,Tamilnadu,3325,THENI,332504,CUMBUM,23,"Private Unaided (Recognized)",3,"HSS (I-XII)",6,M.Phil,5,Others,0,0,0,0,0,0,0,0,0,0,0,0,0,0,0,0,1,0,1,1,0
2019-20,33,Tamilnadu,3325,THENI,332503,CHINNAMANUR,23,"Private Unaided (Recognized)",6,"SS (I-X)",6,M.Phil,5,Others,0,0,0,0,0,0,0,0,0,0,1,0,0,0,0,0,0,0,1,1,0
2019-20,33,Tamilnadu,3325,THENI,332508,UTHAMAPALAYAM,23,"Private Unaided (Recognized)",2,"UPS (I-VIII)",6,M.Phil,6,None,0,0,0,0,0,0,0,0,1,0,0,0,0,0,0,0,0,0,1,1,0
2019-20,33,Tamilnadu,3325,THENI,332506,PERIYAKULAM,23,"Private Unaided (Recognized)",3,"HSS (I-XII)",6,M.Phil,6,None,0,0,0,0,0,0,0,0,0,0,0,0,1,1,0,0,0,0,2,1,1
2019-20,33,Tamilnadu,3325,THENI,332507,THENI,23,"Private Unaided (Recognized)",3,"HSS (I-XII)",6,M.Phil,6,None,0,0,0,0,0,0,0,0,0,0,0,1,0,0,1,0,0,0,2,1,1
2019-20,33,Tamilnadu,3325,THENI,332502,BODINAYAKANUR,23,"Private Unaided (Recognized)",3,"HSS (I-XII)",7,Ph.D,3,"B.Ed. or equivalent",0,0,0,0,0,0,0,0,0,0,0,0,0,0,0,0,1,0,1,1,0
2019-20,33,Tamilnadu,3325,THENI,332503,CHINNAMANUR,23,"Private Unaided (Recognized)",3,"HSS (I-XII)",7,Ph.D,3,"B.Ed. or equivalent",0,0,0,0,0,0,0,0,0,0,0,0,0,0,1,0,0,0,1,1,0
2019-20,33,Tamilnadu,3325,THENI,332507,THENI,23,"Private Unaided (Recognized)",3,"HSS (I-XII)",7,Ph.D,3,"B.Ed. or equivalent",0,0,0,0,0,0,1,0,0,0,0,0,0,0,0,0,0,0,1,1,0
2019-20,33,Tamilnadu,3325,THENI,332507,THENI,23,"Private Unaided (Recognized)",3,"HSS (I-XII)",8,"Post Doctoral",3,"B.Ed. or equivalent",0,0,0,0,0,1,0,0,0,0,0,0,0,0,0,0,0,0,1,0,1
2019-20,33,Tamilnadu,3325,THENI,332503,CHINNAMANUR,23,"Private Unaided (Recognized)",6,"SS (I-X)",8,"Post Doctoral",3,"B.Ed. or equivalent",0,0,0,0,0,0,0,0,0,0,0,1,0,0,0,0,0,0,1,0,1
2019-20,33,Tamilnadu,3325,THENI,332501,AUNDIPATTY,24,"Private Unaided (Recognized)",1,"PS (I-V)",1,"Below Secondary",1,"Diploma or certificate in basic teachers training of a duration not less than two years",0,0,0,0,0,1,0,0,0,0,0,0,0,0,0,0,0,0,1,0,1
2019-20,33,Tamilnadu,3325,THENI,332502,BODINAYAKANUR,24,"Private Unaided (Recognized)",1,"PS (I-V)",1,"Below Secondary",1,"Diploma or certificate in basic teachers training of a duration not less than two years",0,0,0,0,0,1,0,0,0,0,0,0,0,0,0,0,0,0,1,0,1
2019-20,33,Tamilnadu,3325,THENI,332505,MYLADUMPARAI,24,"Private Unaided (Recognized)",1,"PS (I-V)",1,"Below Secondary",1,"Diploma or certificate in basic teachers training of a duration not less than two years",0,0,0,0,1,0,0,0,0,0,0,0,0,0,0,0,0,0,1,1,0
2019-20,33,Tamilnadu,3325,THENI,332506,PERIYAKULAM,24,"Private Unaided (Recognized)",1,"PS (I-V)",1,"Below Secondary",1,"Diploma or certificate in basic teachers training of a duration not less than two years",0,0,0,0,0,1,0,0,0,0,0,0,0,0,0,0,0,0,1,0,1
2019-20,33,Tamilnadu,3325,THENI,332505,MYLADUMPARAI,24,"Private Unaided (Recognized)",1,"PS (I-V)",1,"Below Secondary",3,"B.Ed. or equivalent",0,0,0,0,0,1,0,0,0,0,0,0,0,0,0,0,0,0,1,0,1
2019-20,33,Tamilnadu,3325,THENI,332507,THENI,24,"Private Unaided (Recognized)",1,"PS (I-V)",1,"Below Secondary",3,"B.Ed. or equivalent",0,0,0,0,0,1,0,0,0,0,0,0,0,0,0,0,0,0,1,0,1
2019-20,33,Tamilnadu,3325,THENI,332507,THENI,24,"Private Unaided (Recognized)",1,"PS (I-V)",1,"Below Secondary",4,"M.Ed. or equivalent",0,0,0,0,1,0,0,0,0,0,0,0,0,0,0,0,0,0,1,1,0
2019-20,33,Tamilnadu,3325,THENI,332501,AUNDIPATTY,24,"Private Unaided (Recognized)",1,"PS (I-V)",1,"Below Secondary",5,Others,0,0,0,0,0,1,0,0,0,0,0,0,0,0,0,0,0,0,1,0,1
2019-20,33,Tamilnadu,3325,THENI,332504,CUMBUM,24,"Private Unaided (Recognized)",1,"PS (I-V)",1,"Below Secondary",5,Others,0,0,0,1,0,0,0,0,0,0,0,0,0,0,0,0,0,0,1,0,1
2019-20,33,Tamilnadu,3325,THENI,332506,PERIYAKULAM,24,"Private Unaided (Recognized)",1,"PS (I-V)",1,"Below Secondary",5,Others,0,0,0,0,0,1,0,0,0,0,0,0,0,0,0,0,0,0,1,0,1
2019-20,33,Tamilnadu,3325,THENI,332507,THENI,24,"Private Unaided (Recognized)",1,"PS (I-V)",1,"Below Secondary",5,Others,0,0,0,0,0,1,0,0,0,0,0,0,0,0,0,0,0,0,1,0,1
2019-20,33,Tamilnadu,3325,THENI,332506,PERIYAKULAM,24,"Private Unaided (Recognized)",1,"PS (I-V)",1,"Below Secondary",6,None,0,0,0,0,0,1,0,0,0,0,0,0,0,0,0,0,0,0,1,0,1
2019-20,33,Tamilnadu,3325,THENI,332507,THENI,24,"Private Unaided (Recognized)",1,"PS (I-V)",1,"Below Secondary",6,None,0,0,0,0,0,1,0,0,0,0,0,0,0,0,0,0,0,0,1,0,1
2019-20,33,Tamilnadu,3325,THENI,332501,AUNDIPATTY,24,"Private Unaided (Recognized)",1,"PS (I-V)",3,"Higher secondary",1,"Diploma or certificate in basic teachers training of a duration not less than two years",0,0,0,1,0,6,0,0,0,0,0,0,0,0,0,0,0,0,7,0,7
2019-20,33,Tamilnadu,3325,THENI,332502,BODINAYAKANUR,24,"Private Unaided (Recognized)",1,"PS (I-V)",3,"Higher secondary",1,"Diploma or certificate in basic teachers training of a duration not less than two years",0,0,0,0,0,7,0,0,0,0,0,0,0,0,0,0,0,0,7,0,7
2019-20,33,Tamilnadu,3325,THENI,332503,CHINNAMANUR,24,"Private Unaided (Recognized)",1,"PS (I-V)",3,"Higher secondary",1,"Diploma or certificate in basic teachers training of a duration not less than two years",0,0,0,0,0,5,0,0,0,0,0,0,0,0,0,0,0,0,5,0,5
2019-20,33,Tamilnadu,3325,THENI,332504,CUMBUM,24,"Private Unaided (Recognized)",1,"PS (I-V)",3,"Higher secondary",1,"Diploma or certificate in basic teachers training of a duration not less than two years",0,0,0,2,0,7,0,0,0,0,0,0,0,0,0,0,0,0,9,0,9
2019-20,33,Tamilnadu,3325,THENI,332505,MYLADUMPARAI,24,"Private Unaided (Recognized)",1,"PS (I-V)",3,"Higher secondary",1,"Diploma or certificate in basic teachers training of a duration not less than two years",0,0,0,0,1,7,0,0,0,0,0,0,0,0,0,0,0,0,8,1,7
2019-20,33,Tamilnadu,3325,THENI,332506,PERIYAKULAM,24,"Private Unaided (Recognized)",1,"PS (I-V)",3,"Higher secondary",1,"Diploma or certificate in basic teachers training of a duration not less than two years",0,0,0,2,0,4,0,0,0,0,0,0,0,0,0,0,0,0,6,0,6
2019-20,33,Tamilnadu,3325,THENI,332507,THENI,24,"Private Unaided (Recognized)",1,"PS (I-V)",3,"Higher secondary",1,"Diploma or certificate in basic teachers training of a duration not less than two years",0,0,0,1,0,8,0,0,0,0,0,0,0,0,0,0,0,0,9,0,9
2019-20,33,Tamilnadu,3325,THENI,332508,UTHAMAPALAYAM,24,"Private Unaided (Recognized)",1,"PS (I-V)",3,"Higher secondary",1,"Diploma or certificate in basic teachers training of a duration not less than two years",0,1,0,0,0,7,0,0,0,0,0,0,0,0,0,0,0,0,8,0,8
2019-20,33,Tamilnadu,3325,THENI,332501,AUNDIPATTY,24,"Private Unaided (Recognized)",1,"PS (I-V)",4,Graduate,1,"Diploma or certificate in basic teachers training of a duration not less than two years",0,0,0,2,0,7,0,0,0,0,0,0,0,0,0,0,0,0,9,0,9
2019-20,33,Tamilnadu,3325,THENI,332502,BODINAYAKANUR,24,"Private Unaided (Recognized)",1,"PS (I-V)",4,Graduate,1,"Diploma or certificate in basic teachers training of a duration not less than two years",0,0,0,1,0,22,0,0,0,0,0,0,0,0,0,0,0,0,23,0,23
2019-20,33,Tamilnadu,3325,THENI,332503,CHINNAMANUR,24,"Private Unaided (Recognized)",1,"PS (I-V)",4,Graduate,1,"Diploma or certificate in basic teachers training of a duration not less than two years",0,0,0,0,1,9,0,0,0,0,0,0,0,0,0,0,0,0,10,1,9
2019-20,33,Tamilnadu,3325,THENI,332504,CUMBUM,24,"Private Unaided (Recognized)",1,"PS (I-V)",4,Graduate,1,"Diploma or certificate in basic teachers training of a duration not less than two years",0,1,0,1,0,7,0,0,0,0,0,0,0,0,0,0,0,0,9,0,9
2019-20,33,Tamilnadu,3325,THENI,332505,MYLADUMPARAI,24,"Private Unaided (Recognized)",1,"PS (I-V)",4,Graduate,1,"Diploma or certificate in basic teachers training of a duration not less than two years",0,0,0,0,0,11,0,0,0,0,0,0,0,0,0,0,0,0,11,0,11
2019-20,33,Tamilnadu,3325,THENI,332506,PERIYAKULAM,24,"Private Unaided (Recognized)",1,"PS (I-V)",4,Graduate,1,"Diploma or certificate in basic teachers training of a duration not less than two years",0,0,0,6,1,13,0,0,0,0,0,0,0,0,0,0,0,0,20,1,19
2019-20,33,Tamilnadu,3325,THENI,332507,THENI,24,"Private Unaided (Recognized)",1,"PS (I-V)",4,Graduate,1,"Diploma or certificate in basic teachers training of a duration not less than two years",0,0,0,0,0,29,0,0,0,0,0,0,0,0,0,0,0,0,29,0,29
2019-20,33,Tamilnadu,3325,THENI,332508,UTHAMAPALAYAM,24,"Private Unaided (Recognized)",1,"PS (I-V)",4,Graduate,1,"Diploma or certificate in basic teachers training of a duration not less than two years",0,2,0,1,0,4,0,0,0,0,0,0,0,0,0,0,0,0,7,0,7
2019-20,33,Tamilnadu,3325,THENI,332504,CUMBUM,24,"Private Unaided (Recognized)",2,"UPS (I-VIII)",4,Graduate,1,"Diploma or certificate in basic teachers training of a duration not less than two years",0,0,0,0,0,2,0,0,0,0,0,0,0,0,0,0,0,0,2,0,2
2019-20,33,Tamilnadu,3325,THENI,332504,CUMBUM,24,"Private Unaided (Recognized)",2,"UPS (I-VIII)",4,Graduate,3,"B.Ed. or equivalent",0,0,0,0,0,5,0,2,0,0,0,0,0,0,0,0,0,0,7,0,7
2019-20,33,Tamilnadu,3325,THENI,332504,CUMBUM,24,"Private Unaided (Recognized)",1,"PS (I-V)",4,Graduate,4,"M.Ed. or equivalent",0,0,0,0,0,1,0,0,0,0,0,0,0,0,0,0,0,0,1,0,1
2019-20,33,Tamilnadu,3325,THENI,332504,CUMBUM,24,"Private Unaided (Recognized)",2,"UPS (I-VIII)",4,Graduate,5,Others,0,0,0,1,0,3,0,0,0,0,0,0,0,0,0,0,0,0,4,0,4
2019-20,33,Tamilnadu,3325,THENI,332501,AUNDIPATTY,24,"Private Unaided (Recognized)",1,"PS (I-V)",4,Graduate,6,None,0,0,0,0,0,4,0,0,0,0,0,0,0,0,0,0,0,0,4,0,4
2019-20,33,Tamilnadu,3325,THENI,332502,BODINAYAKANUR,24,"Private Unaided (Recognized)",1,"PS (I-V)",4,Graduate,6,None,0,1,0,0,3,4,0,0,0,0,0,0,0,0,0,0,0,0,8,3,5
2019-20,33,Tamilnadu,3325,THENI,332503,CHINNAMANUR,24,"Private Unaided (Recognized)",1,"PS (I-V)",4,Graduate,6,None,0,0,0,0,0,1,0,0,0,0,0,0,0,0,0,0,0,0,1,0,1
2019-20,33,Tamilnadu,3325,THENI,332504,CUMBUM,24,"Private Unaided (Recognized)",1,"PS (I-V)",4,Graduate,6,None,0,0,0,0,0,5,0,0,0,0,0,0,0,0,0,0,0,0,5,0,5
2019-20,33,Tamilnadu,3325,THENI,332505,MYLADUMPARAI,24,"Private Unaided (Recognized)",1,"PS (I-V)",4,Graduate,6,None,0,0,0,0,0,1,0,0,0,0,0,0,0,0,0,0,0,0,1,0,1
2019-20,33,Tamilnadu,3325,THENI,332506,PERIYAKULAM,24,"Private Unaided (Recognized)",1,"PS (I-V)",4,Graduate,6,None,0,0,0,1,0,6,0,0,0,0,0,0,0,0,0,0,0,0,7,0,7
2019-20,33,Tamilnadu,3325,THENI,332507,THENI,24,"Private Unaided (Recognized)",1,"PS (I-V)",4,Graduate,6,None,0,0,0,0,0,4,0,0,0,0,0,0,0,0,0,0,0,0,4,0,4
2019-20,33,Tamilnadu,3325,THENI,332504,CUMBUM,24,"Private Unaided (Recognized)",2,"UPS (I-VIII)",4,Graduate,6,None,0,0,0,0,0,1,0,0,0,0,0,0,0,0,0,0,0,0,1,0,1
2019-20,33,Tamilnadu,3325,THENI,332501,AUNDIPATTY,24,"Private Unaided (Recognized)",1,"PS (I-V)",5,"Post graduate",1,"Diploma or certificate in basic teachers training of a duration not less than two years",0,0,0,0,0,5,0,0,0,0,0,0,0,0,0,0,0,0,5,0,5
2019-20,33,Tamilnadu,3325,THENI,332502,BODINAYAKANUR,24,"Private Unaided (Recognized)",1,"PS (I-V)",5,"Post graduate",1,"Diploma or certificate in basic teachers training of a duration not less than two years",0,0,0,0,1,6,0,0,0,0,0,0,0,0,0,0,0,0,7,1,6
2019-20,33,Tamilnadu,3325,THENI,332503,CHINNAMANUR,24,"Private Unaided (Recognized)",1,"PS (I-V)",5,"Post graduate",1,"Diploma or certificate in basic teachers training of a duration not less than two years",0,0,0,0,0,3,0,0,0,0,0,0,0,0,0,0,0,0,3,0,3
2019-20,33,Tamilnadu,3325,THENI,332504,CUMBUM,24,"Private Unaided (Recognized)",1,"PS (I-V)",5,"Post graduate",1,"Diploma or certificate in basic teachers training of a duration not less than two years",0,1,0,0,0,1,0,0,0,0,0,0,0,0,0,0,0,0,2,0,2
2019-20,33,Tamilnadu,3325,THENI,332505,MYLADUMPARAI,24,"Private Unaided (Recognized)",1,"PS (I-V)",5,"Post graduate",1,"Diploma or certificate in basic teachers training of a duration not less than two years",0,0,0,0,1,2,0,0,0,0,0,0,0,0,0,0,0,0,3,1,2
2019-20,33,Tamilnadu,3325,THENI,332506,PERIYAKULAM,24,"Private Unaided (Recognized)",1,"PS (I-V)",5,"Post graduate",1,"Diploma or certificate in basic teachers training of a duration not less than two years",0,0,0,4,1,3,0,0,0,0,0,0,0,0,0,0,0,0,8,1,7
2019-20,33,Tamilnadu,3325,THENI,332507,THENI,24,"Private Unaided (Recognized)",1,"PS (I-V)",5,"Post graduate",1,"Diploma or certificate in basic teachers training of a duration not less than two years",0,0,0,0,0,7,0,0,0,0,0,0,0,0,0,0,0,0,7,0,7
2019-20,33,Tamilnadu,3325,THENI,332501,AUNDIPATTY,24,"Private Unaided (Recognized)",1,"PS (I-V)",5,"Post graduate",3,"B.Ed. or equivalent",0,0,0,0,0,11,0,0,0,0,0,0,0,0,0,0,0,0,11,0,11
2019-20,33,Tamilnadu,3325,THENI,332502,BODINAYAKANUR,24,"Private Unaided (Recognized)",1,"PS (I-V)",5,"Post graduate",3,"B.Ed. or equivalent",0,0,0,1,2,10,0,0,0,0,0,0,0,0,0,0,0,0,13,2,11
2019-20,33,Tamilnadu,3325,THENI,332503,CHINNAMANUR,24,"Private Unaided (Recognized)",1,"PS (I-V)",5,"Post graduate",3,"B.Ed. or equivalent",0,0,0,0,1,3,0,0,0,0,0,0,0,0,0,0,0,0,4,1,3
2019-20,33,Tamilnadu,3325,THENI,332504,CUMBUM,24,"Private Unaided (Recognized)",1,"PS (I-V)",5,"Post graduate",3,"B.Ed. or equivalent",0,0,0,0,0,10,0,0,0,0,0,0,0,0,0,0,0,0,10,0,10
2019-20,33,Tamilnadu,3325,THENI,332505,MYLADUMPARAI,24,"Private Unaided (Recognized)",1,"PS (I-V)",5,"Post graduate",3,"B.Ed. or equivalent",0,0,0,0,1,14,0,0,0,0,0,0,0,0,0,0,0,0,15,1,14
2019-20,33,Tamilnadu,3325,THENI,332506,PERIYAKULAM,24,"Private Unaided (Recognized)",1,"PS (I-V)",5,"Post graduate",3,"B.Ed. or equivalent",0,0,0,2,1,13,0,0,0,0,0,0,0,0,0,0,0,0,16,1,15
2019-20,33,Tamilnadu,3325,THENI,332507,THENI,24,"Private Unaided (Recognized)",1,"PS (I-V)",5,"Post graduate",3,"B.Ed. or equivalent",0,0,0,1,1,16,0,0,0,0,0,0,0,0,0,0,0,0,18,1,17
2019-20,33,Tamilnadu,3325,THENI,332508,UTHAMAPALAYAM,24,"Private Unaided (Recognized)",1,"PS (I-V)",5,"Post graduate",3,"B.Ed. or equivalent",0,1,0,0,0,12,0,0,0,0,0,0,0,0,0,0,0,0,13,0,13
2019-20,33,Tamilnadu,3325,THENI,332504,CUMBUM,24,"Private Unaided (Recognized)",2,"UPS (I-VIII)",5,"Post graduate",3,"B.Ed. or equivalent",0,0,0,0,0,2,0,3,0,0,0,0,0,0,0,0,0,0,5,0,5
2019-20,33,Tamilnadu,3325,THENI,332505,MYLADUMPARAI,24,"Private Unaided (Recognized)",1,"PS (I-V)",5,"Post graduate",4,"M.Ed. or equivalent",0,0,0,0,0,1,0,0,0,0,0,0,0,0,0,0,0,0,1,0,1
2019-20,33,Tamilnadu,3325,THENI,332506,PERIYAKULAM,24,"Private Unaided (Recognized)",1,"PS (I-V)",5,"Post graduate",4,"M.Ed. or equivalent",0,0,0,0,0,1,0,0,0,0,0,0,0,0,0,0,0,0,1,0,1
2019-20,33,Tamilnadu,3325,THENI,332502,BODINAYAKANUR,24,"Private Unaided (Recognized)",1,"PS (I-V)",5,"Post graduate",5,Others,0,0,0,0,1,0,0,0,0,0,0,0,0,0,0,0,0,0,1,1,0
2019-20,33,Tamilnadu,3325,THENI,332506,PERIYAKULAM,24,"Private Unaided (Recognized)",1,"PS (I-V)",5,"Post graduate",5,Others,0,0,0,0,0,5,0,0,0,0,0,0,0,0,0,0,0,0,5,0,5
2019-20,33,Tamilnadu,3325,THENI,332507,THENI,24,"Private Unaided (Recognized)",1,"PS (I-V)",5,"Post graduate",5,Others,0,0,0,0,0,1,0,0,0,0,0,0,0,0,0,0,0,0,1,0,1
2019-20,33,Tamilnadu,3325,THENI,332508,UTHAMAPALAYAM,24,"Private Unaided (Recognized)",1,"PS (I-V)",5,"Post graduate",5,Others,0,0,0,0,0,3,0,0,0,0,0,0,0,0,0,0,0,0,3,0,3
2019-20,33,Tamilnadu,3325,THENI,332501,AUNDIPATTY,24,"Private Unaided (Recognized)",1,"PS (I-V)",5,"Post graduate",6,None,0,0,0,0,0,1,0,0,0,0,0,0,0,0,0,0,0,0,1,0,1
2019-20,33,Tamilnadu,3325,THENI,332502,BODINAYAKANUR,24,"Private Unaided (Recognized)",1,"PS (I-V)",5,"Post graduate",6,None,0,0,0,0,0,4,0,0,0,0,0,0,0,0,0,0,0,0,4,0,4
2019-20,33,Tamilnadu,3325,THENI,332504,CUMBUM,24,"Private Unaided (Recognized)",1,"PS (I-V)",5,"Post graduate",6,None,0,0,0,0,0,3,0,0,0,0,0,0,0,0,0,0,0,0,3,0,3
2019-20,33,Tamilnadu,3325,THENI,332506,PERIYAKULAM,24,"Private Unaided (Recognized)",1,"PS (I-V)",5,"Post graduate",6,None,0,0,0,1,0,2,0,0,0,0,0,0,0,0,0,0,0,0,3,0,3
2019-20,33,Tamilnadu,3325,THENI,332508,UTHAMAPALAYAM,24,"Private Unaided (Recognized)",1,"PS (I-V)",5,"Post graduate",6,None,0,0,0,0,0,1,0,0,0,0,0,0,0,0,0,0,0,0,1,0,1
2019-20,33,Tamilnadu,3325,THENI,332504,CUMBUM,24,"Private Unaided (Recognized)",2,"UPS (I-VIII)",5,"Post graduate",6,None,0,1,0,0,0,0,0,0,0,0,0,0,0,0,0,0,0,0,1,0,1
2019-20,33,Tamilnadu,3325,THENI,332507,THENI,24,"Private Unaided (Recognized)",1,"PS (I-V)",6,M.Phil,1,"Diploma or certificate in basic teachers training of a duration not less than two years",0,0,0,0,0,1,0,0,0,0,0,0,0,0,0,0,0,0,1,0,1
2019-20,33,Tamilnadu,3325,THENI,332502,BODINAYAKANUR,24,"Private Unaided (Recognized)",1,"PS (I-V)",6,M.Phil,3,"B.Ed. or equivalent",0,0,0,0,0,2,0,0,0,0,0,0,0,0,0,0,0,0,2,0,2
2019-20,33,Tamilnadu,3325,THENI,332506,PERIYAKULAM,24,"Private Unaided (Recognized)",1,"PS (I-V)",6,M.Phil,3,"B.Ed. or equivalent",0,0,0,0,0,1,0,0,0,0,0,0,0,0,0,0,0,0,1,0,1
2019-20,33,Tamilnadu,3325,THENI,332507,THENI,24,"Private Unaided (Recognized)",1,"PS (I-V)",6,M.Phil,3,"B.Ed. or equivalent",0,0,0,0,0,1,0,0,0,0,0,0,0,0,0,0,0,0,1,0,1
2019-20,33,Tamilnadu,3325,THENI,332504,CUMBUM,24,"Private Unaided (Recognized)",1,"PS (I-V)",6,M.Phil,4,"M.Ed. or equivalent",0,0,0,0,0,1,0,0,0,0,0,0,0,0,0,0,0,0,1,0,1
2019-20,33,Tamilnadu,3325,THENI,332502,BODINAYAKANUR,24,"Private Unaided (Recognized)",1,"PS (I-V)",6,M.Phil,5,Others,0,0,0,0,0,1,0,0,0,0,0,0,0,0,0,0,0,0,1,0,1
2019-20,33,Tamilnadu,3325,THENI,332506,PERIYAKULAM,24,"Private Unaided (Recognized)",1,"PS (I-V)",6,M.Phil,5,Others,0,0,0,0,0,1,0,0,0,0,0,0,0,0,0,0,0,0,1,0,1
2019-20,33,Tamilnadu,3325,THENI,332504,CUMBUM,24,"Private Unaided (Recognized)",2,"UPS (I-VIII)",6,M.Phil,5,Others,0,0,0,0,0,1,0,0,0,0,0,0,0,0,0,0,0,0,1,0,1
2019-20,33,Tamilnadu,3325,THENI,332502,BODINAYAKANUR,24,"Private Unaided (Recognized)",1,"PS (I-V)",6,M.Phil,6,None,0,0,0,0,0,1,0,0,0,0,0,0,0,0,0,0,0,0,1,0,1
2019-20,33,Tamilnadu,3325,THENI,332504,CUMBUM,29,"Private Unaided (Recognized)",6,"SS (I-X)",1,"Below Secondary",5,Others,0,0,0,0,0,0,0,0,0,0,0,0,0,1,0,0,0,0,1,0,1
2019-20,33,Tamilnadu,3325,THENI,332507,THENI,29,"Private Unaided (Recognized)",1,"PS (I-V)",3,"Higher secondary",1,"Diploma or certificate in basic teachers training of a duration not less than two years",0,0,0,0,0,2,0,0,0,0,0,0,0,0,0,0,0,0,2,0,2
2019-20,33,Tamilnadu,3325,THENI,332502,BODINAYAKANUR,29,"Private Unaided (Recognized)",2,"UPS (I-VIII)",3,"Higher secondary",1,"Diploma or certificate in basic teachers training of a duration not less than two years",0,0,0,0,0,1,0,0,0,0,0,0,0,0,0,0,0,0,1,0,1
2019-20,33,Tamilnadu,3325,THENI,332504,CUMBUM,29,"Private Unaided (Recognized)",3,"HSS (I-XII)",3,"Higher secondary",1,"Diploma or certificate in basic teachers training of a duration not less than two years",0,0,0,0,0,0,0,1,0,0,0,0,0,0,0,0,0,0,1,0,1
2019-20,33,Tamilnadu,3325,THENI,332507,THENI,29,"Private Unaided (Recognized)",3,"HSS (I-XII)",3,"Higher secondary",1,"Diploma or certificate in basic teachers training of a duration not less than two years",0,1,0,0,0,0,0,0,0,0,0,0,0,0,0,0,0,0,1,0,1
2019-20,33,Tamilnadu,3325,THENI,332504,CUMBUM,29,"Private Unaided (Recognized)",6,"SS (I-X)",3,"Higher secondary",1,"Diploma or certificate in basic teachers training of a duration not less than two years",0,0,0,0,0,1,0,0,0,0,0,0,0,0,0,0,0,0,1,0,1
2019-20,33,Tamilnadu,3325,THENI,332507,THENI,29,"Private Unaided (Recognized)",6,"SS (I-X)",3,"Higher secondary",1,"Diploma or certificate in basic teachers training of a duration not less than two years",0,0,0,0,0,0,0,0,0,0,0,0,0,2,0,0,0,0,2,0,2
2019-20,33,Tamilnadu,3325,THENI,332507,THENI,29,"Private Unaided (Recognized)",1,"PS (I-V)",3,"Higher secondary",3,"B.Ed. or equivalent",0,0,0,0,0,1,0,0,0,0,0,0,0,0,0,0,0,0,1,0,1
2019-20,33,Tamilnadu,3325,THENI,332504,CUMBUM,29,"Private Unaided (Recognized)",6,"SS (I-X)",3,"Higher secondary",3,"B.Ed. or equivalent",0,0,0,0,0,0,0,0,0,0,0,0,0,1,0,0,0,0,1,0,1
2019-20,33,Tamilnadu,3325,THENI,332507,THENI,29,"Private Unaided (Recognized)",6,"SS (I-X)",3,"Higher secondary",5,Others,0,0,0,0,0,0,1,0,0,0,0,0,0,0,0,0,0,0,1,1,0
2019-20,33,Tamilnadu,3325,THENI,332507,THENI,29,"Private Unaided (Recognized)",1,"PS (I-V)",4,Graduate,1,"Diploma or certificate in basic teachers training of a duration not less than two years",0,0,0,0,0,7,0,0,0,0,0,0,0,0,0,0,0,0,7,0,7
2019-20,33,Tamilnadu,3325,THENI,332504,CUMBUM,29,"Private Unaided (Recognized)",3,"HSS (I-XII)",4,Graduate,1,"Diploma or certificate in basic teachers training of a duration not less than two years",0,0,0,0,0,2,0,0,0,0,0,0,0,0,0,0,0,0,2,0,2
2019-20,33,Tamilnadu,3325,THENI,332507,THENI,29,"Private Unaided (Recognized)",3,"HSS (I-XII)",4,Graduate,1,"Diploma or certificate in basic teachers training of a duration not less than two years",0,1,0,0,0,2,0,0,0,0,0,0,0,0,0,0,0,0,3,0,3
2019-20,33,Tamilnadu,3325,THENI,332502,BODINAYAKANUR,29,"Private Unaided (Recognized)",6,"SS (I-X)",4,Graduate,1,"Diploma or certificate in basic teachers training of a duration not less than two years",0,0,0,0,0,0,0,0,0,1,0,0,0,3,0,0,0,0,4,0,4
2019-20,33,Tamilnadu,3325,THENI,332504,CUMBUM,29,"Private Unaided (Recognized)",6,"SS (I-X)",4,Graduate,1,"Diploma or certificate in basic teachers training of a duration not less than two years",0,0,0,0,0,0,0,0,0,0,0,0,0,3,0,0,0,0,3,0,3
2019-20,33,Tamilnadu,3325,THENI,332506,PERIYAKULAM,29,"Private Unaided (Recognized)",6,"SS (I-X)",4,Graduate,1,"Diploma or certificate in basic teachers training of a duration not less than two years",0,0,0,0,0,0,0,1,0,0,0,0,0,0,0,0,0,0,1,0,1
2019-20,33,Tamilnadu,3325,THENI,332507,THENI,29,"Private Unaided (Recognized)",6,"SS (I-X)",4,Graduate,1,"Diploma or certificate in basic teachers training of a duration not less than two years",0,0,0,0,0,0,0,0,0,0,0,0,1,2,0,0,0,0,3,1,2
2019-20,33,Tamilnadu,3325,THENI,332507,THENI,29,"Private Unaided (Recognized)",1,"PS (I-V)",4,Graduate,3,"B.Ed. or equivalent",0,0,0,0,0,5,0,0,0,0,0,0,0,0,0,0,0,0,5,0,5
2019-20,33,Tamilnadu,3325,THENI,332501,AUNDIPATTY,29,"Private Unaided (Recognized)",2,"UPS (I-VIII)",4,Graduate,3,"B.Ed. or equivalent",0,0,0,0,1,1,0,0,0,0,0,0,0,0,0,0,0,0,2,1,1
2019-20,33,Tamilnadu,3325,THENI,332502,BODINAYAKANUR,29,"Private Unaided (Recognized)",2,"UPS (I-VIII)",4,Graduate,3,"B.Ed. or equivalent",0,0,0,0,0,0,0,0,0,2,0,0,0,0,0,0,0,0,2,0,2
2019-20,33,Tamilnadu,3325,THENI,332508,UTHAMAPALAYAM,29,"Private Unaided (Recognized)",2,"UPS (I-VIII)",4,Graduate,3,"B.Ed. or equivalent",0,0,0,0,0,1,0,0,0,2,0,0,0,0,0,0,0,0,3,0,3
2019-20,33,Tamilnadu,3325,THENI,332504,CUMBUM,29,"Private Unaided (Recognized)",3,"HSS (I-XII)",4,Graduate,3,"B.Ed. or equivalent",0,1,0,0,0,6,0,6,0,2,0,1,0,1,0,1,0,0,18,0,18
2019-20,33,Tamilnadu,3325,THENI,332507,THENI,29,"Private Unaided (Recognized)",3,"HSS (I-XII)",4,Graduate,3,"B.Ed. or equivalent",0,2,0,0,2,7,2,4,3,3,0,1,0,2,1,1,2,0,30,10,20
2019-20,33,Tamilnadu,3325,THENI,332502,BODINAYAKANUR,29,"Private Unaided (Recognized)",6,"SS (I-X)",4,Graduate,3,"B.Ed. or equivalent",0,0,0,0,0,4,0,2,0,1,2,2,0,2,0,0,0,0,13,2,11
2019-20,33,Tamilnadu,3325,THENI,332504,CUMBUM,29,"Private Unaided (Recognized)",6,"SS (I-X)",4,Graduate,3,"B.Ed. or equivalent",0,0,0,0,0,1,0,1,0,1,0,0,2,23,0,0,0,0,28,2,26
2019-20,33,Tamilnadu,3325,THENI,332506,PERIYAKULAM,29,"Private Unaided (Recognized)",6,"SS (I-X)",4,Graduate,3,"B.Ed. or equivalent",0,0,0,0,0,2,1,3,0,2,0,3,0,23,0,0,0,0,34,1,33
2019-20,33,Tamilnadu,3325,THENI,332507,THENI,29,"Private Unaided (Recognized)",6,"SS (I-X)",4,Graduate,3,"B.Ed. or equivalent",0,0,0,0,0,2,2,3,1,0,0,2,5,8,0,0,0,0,23,8,15
2019-20,33,Tamilnadu,3325,THENI,332506,PERIYAKULAM,29,"Private Unaided (Recognized)",6,"SS (I-X)",4,Graduate,4,"M.Ed. or equivalent",0,0,0,0,0,0,0,0,0,0,0,0,0,1,0,0,0,0,1,0,1
2019-20,33,Tamilnadu,3325,THENI,332501,AUNDIPATTY,29,"Private Unaided (Recognized)",2,"UPS (I-VIII)",4,Graduate,5,Others,0,0,0,0,0,2,0,0,0,0,0,0,0,0,0,0,0,0,2,0,2
2019-20,33,Tamilnadu,3325,THENI,332508,UTHAMAPALAYAM,29,"Private Unaided (Recognized)",2,"UPS (I-VIII)",4,Graduate,5,Others,0,0,0,0,0,2,0,0,0,1,0,0,0,0,0,0,0,0,3,0,3
2019-20,33,Tamilnadu,3325,THENI,332504,CUMBUM,29,"Private Unaided (Recognized)",3,"HSS (I-XII)",4,Graduate,5,Others,0,0,0,0,0,1,0,1,0,0,0,0,0,0,0,0,0,0,2,0,2
2019-20,33,Tamilnadu,3325,THENI,332507,THENI,29,"Private Unaided (Recognized)",3,"HSS (I-XII)",4,Graduate,5,Others,0,0,0,0,0,2,2,1,0,0,1,1,1,0,0,1,0,0,9,4,5
2019-20,33,Tamilnadu,3325,THENI,332502,BODINAYAKANUR,29,"Private Unaided (Recognized)",6,"SS (I-X)",4,Graduate,5,Others,0,0,0,0,0,3,0,0,0,0,0,1,0,1,0,0,0,0,5,0,5
2019-20,33,Tamilnadu,3325,THENI,332504,CUMBUM,29,"Private Unaided (Recognized)",6,"SS (I-X)",4,Graduate,5,Others,0,0,0,0,0,0,1,1,1,0,0,0,1,16,0,0,0,0,20,3,17
2019-20,33,Tamilnadu,3325,THENI,332506,PERIYAKULAM,29,"Private Unaided (Recognized)",6,"SS (I-X)",4,Graduate,5,Others,0,0,0,0,0,1,0,0,0,1,0,0,1,1,0,0,0,0,4,1,3
2019-20,33,Tamilnadu,3325,THENI,332507,THENI,29,"Private Unaided (Recognized)",6,"SS (I-X)",4,Graduate,5,Others,0,0,0,0,0,0,0,0,0,0,0,0,1,4,0,0,0,0,5,1,4
2019-20,33,Tamilnadu,3325,THENI,332507,THENI,29,"Private Unaided (Recognized)",1,"PS (I-V)",4,Graduate,6,None,0,0,0,0,0,2,0,0,0,0,0,0,0,0,0,0,0,0,2,0,2
2019-20,33,Tamilnadu,3325,THENI,332504,CUMBUM,29,"Private Unaided (Recognized)",3,"HSS (I-XII)",4,Graduate,6,None,0,0,0,1,0,1,0,1,0,0,0,0,0,1,0,0,0,0,4,0,4
2019-20,33,Tamilnadu,3325,THENI,332507,THENI,29,"Private Unaided (Recognized)",3,"HSS (I-XII)",4,Graduate,6,None,0,0,0,0,1,0,0,0,0,0,0,0,0,0,0,0,0,0,1,1,0
2019-20,33,Tamilnadu,3325,THENI,332502,BODINAYAKANUR,29,"Private Unaided (Recognized)",6,"SS (I-X)",4,Graduate,6,None,0,0,0,0,0,0,0,0,0,0,0,1,0,0,0,0,0,0,1,0,1
2019-20,33,Tamilnadu,3325,THENI,332504,CUMBUM,29,"Private Unaided (Recognized)",6,"SS (I-X)",4,Graduate,6,None,0,0,0,0,0,0,0,2,0,1,0,0,0,10,0,0,0,0,13,0,13
2019-20,33,Tamilnadu,3325,THENI,332506,PERIYAKULAM,29,"Private Unaided (Recognized)",6,"SS (I-X)",4,Graduate,6,None,0,0,0,0,0,1,0,0,0,0,0,0,1,2,0,0,0,0,4,1,3
2019-20,33,Tamilnadu,3325,THENI,332507,THENI,29,"Private Unaided (Recognized)",6,"SS (I-X)",4,Graduate,6,None,0,0,0,0,0,1,0,0,0,0,0,0,0,0,0,0,0,0,1,0,1
2019-20,33,Tamilnadu,3325,THENI,332502,BODINAYAKANUR,29,"Private Unaided (Recognized)",2,"UPS (I-VIII)",5,"Post graduate",1,"Diploma or certificate in basic teachers training of a duration not less than two years",0,0,0,0,0,0,0,0,0,1,0,0,0,0,0,0,0,0,1,0,1
2019-20,33,Tamilnadu,3325,THENI,332504,CUMBUM,29,"Private Unaided (Recognized)",3,"HSS (I-XII)",5,"Post graduate",1,"Diploma or certificate in basic teachers training of a duration not less than two years",0,0,0,0,0,0,0,1,0,0,0,0,0,0,0,0,0,0,1,0,1
2019-20,33,Tamilnadu,3325,THENI,332507,THENI,29,"Private Unaided (Recognized)",3,"HSS (I-XII)",5,"Post graduate",1,"Diploma or certificate in basic teachers training of a duration not less than two years",0,0,0,0,0,0,0,0,0,0,0,1,0,0,0,0,0,0,1,0,1
2019-20,33,Tamilnadu,3325,THENI,332502,BODINAYAKANUR,29,"Private Unaided (Recognized)",6,"SS (I-X)",5,"Post graduate",1,"Diploma or certificate in basic teachers training of a duration not less than two years",0,0,0,0,0,1,0,0,0,1,0,0,0,0,0,0,0,0,2,0,2
2019-20,33,Tamilnadu,3325,THENI,332507,THENI,29,"Private Unaided (Recognized)",6,"SS (I-X)",5,"Post graduate",1,"Diploma or certificate in basic teachers training of a duration not less than two years",0,0,0,0,0,1,0,0,0,0,0,0,0,2,0,0,0,0,3,0,3
2019-20,33,Tamilnadu,3325,THENI,332507,THENI,29,"Private Unaided (Recognized)",1,"PS (I-V)",5,"Post graduate",3,"B.Ed. or equivalent",0,1,0,0,0,2,0,0,0,0,0,0,0,0,0,0,0,0,3,0,3
2019-20,33,Tamilnadu,3325,THENI,332501,AUNDIPATTY,29,"Private Unaided (Recognized)",2,"UPS (I-VIII)",5,"Post graduate",3,"B.Ed. or equivalent",0,0,0,0,0,1,0,0,0,0,0,0,0,0,0,0,0,0,1,0,1
2019-20,33,Tamilnadu,3325,THENI,332502,BODINAYAKANUR,29,"Private Unaided (Recognized)",2,"UPS (I-VIII)",5,"Post graduate",3,"B.Ed. or equivalent",0,0,0,0,0,0,1,3,0,1,0,0,0,0,0,0,0,0,5,1,4
2019-20,33,Tamilnadu,3325,THENI,332508,UTHAMAPALAYAM,29,"Private Unaided (Recognized)",2,"UPS (I-VIII)",5,"Post graduate",3,"B.Ed. or equivalent",0,0,0,0,0,0,0,0,0,2,0,0,0,0,0,0,0,0,2,0,2
2019-20,33,Tamilnadu,3325,THENI,332504,CUMBUM,29,"Private Unaided (Recognized)",3,"HSS (I-XII)",5,"Post graduate",3,"B.Ed. or equivalent",0,0,0,0,0,2,0,3,0,5,0,2,0,4,0,5,0,1,22,0,22
2019-20,33,Tamilnadu,3325,THENI,332507,THENI,29,"Private Unaided (Recognized)",3,"HSS (I-XII)",5,"Post graduate",3,"B.Ed. or equivalent",0,2,0,0,1,4,2,3,4,6,4,7,3,1,0,5,3,3,48,17,31
2019-20,33,Tamilnadu,3325,THENI,332502,BODINAYAKANUR,29,"Private Unaided (Recognized)",6,"SS (I-X)",5,"Post graduate",3,"B.Ed. or equivalent",0,0,0,0,0,3,0,4,0,1,0,3,4,6,0,0,0,0,21,4,17
2019-20,33,Tamilnadu,3325,THENI,332504,CUMBUM,29,"Private Unaided (Recognized)",6,"SS (I-X)",5,"Post graduate",3,"B.Ed. or equivalent",0,0,0,0,0,0,0,0,0,0,0,0,4,5,0,0,0,0,9,4,5
2019-20,33,Tamilnadu,3325,THENI,332506,PERIYAKULAM,29,"Private Unaided (Recognized)",6,"SS (I-X)",5,"Post graduate",3,"B.Ed. or equivalent",0,0,0,0,0,1,0,6,0,1,0,0,1,16,0,0,0,0,25,1,24
2019-20,33,Tamilnadu,3325,THENI,332507,THENI,29,"Private Unaided (Recognized)",6,"SS (I-X)",5,"Post graduate",3,"B.Ed. or equivalent",0,0,0,0,0,0,0,1,0,0,1,0,6,14,0,0,0,0,22,7,15
2019-20,33,Tamilnadu,3325,THENI,332504,CUMBUM,29,"Private Unaided (Recognized)",3,"HSS (I-XII)",5,"Post graduate",4,"M.Ed. or equivalent",0,0,0,0,0,0,0,1,0,0,0,0,0,0,0,0,0,0,1,0,1
2019-20,33,Tamilnadu,3325,THENI,332507,THENI,29,"Private Unaided (Recognized)",3,"HSS (I-XII)",5,"Post graduate",4,"M.Ed. or equivalent",0,0,0,0,0,0,1,2,0,0,0,2,0,0,0,1,0,0,6,1,5
2019-20,33,Tamilnadu,3325,THENI,332502,BODINAYAKANUR,29,"Private Unaided (Recognized)",6,"SS (I-X)",5,"Post graduate",4,"M.Ed. or equivalent",0,0,0,0,0,0,0,0,0,0,0,0,0,1,0,0,0,0,1,0,1
2019-20,33,Tamilnadu,3325,THENI,332504,CUMBUM,29,"Private Unaided (Recognized)",6,"SS (I-X)",5,"Post graduate",4,"M.Ed. or equivalent",0,0,0,0,0,0,0,0,0,0,0,0,1,0,0,0,0,0,1,1,0
2019-20,33,Tamilnadu,3325,THENI,332506,PERIYAKULAM,29,"Private Unaided (Recognized)",6,"SS (I-X)",5,"Post graduate",4,"M.Ed. or equivalent",0,0,0,0,0,0,1,0,0,0,0,0,0,3,0,0,0,0,4,1,3
2019-20,33,Tamilnadu,3325,THENI,332507,THENI,29,"Private Unaided (Recognized)",6,"SS (I-X)",5,"Post graduate",4,"M.Ed. or equivalent",0,0,0,0,0,0,0,1,0,0,0,1,0,0,0,0,0,0,2,0,2
2019-20,33,Tamilnadu,3325,THENI,332501,AUNDIPATTY,29,"Private Unaided (Recognized)",2,"UPS (I-VIII)",5,"Post graduate",5,Others,0,0,0,0,0,1,0,0,0,0,0,0,0,0,0,0,0,0,1,0,1
2019-20,33,Tamilnadu,3325,THENI,332507,THENI,29,"Private Unaided (Recognized)",3,"HSS (I-XII)",5,"Post graduate",5,Others,0,0,0,0,0,5,0,1,0,1,0,1,0,0,0,1,0,0,9,0,9
2019-20,33,Tamilnadu,3325,THENI,332502,BODINAYAKANUR,29,"Private Unaided (Recognized)",6,"SS (I-X)",5,"Post graduate",5,Others,0,0,0,0,0,0,2,0,0,0,0,0,0,1,0,0,0,0,3,2,1
2019-20,33,Tamilnadu,3325,THENI,332504,CUMBUM,29,"Private Unaided (Recognized)",6,"SS (I-X)",5,"Post graduate",5,Others,0,0,0,0,0,0,0,0,0,0,0,0,0,4,0,0,0,0,4,0,4
2019-20,33,Tamilnadu,3325,THENI,332506,PERIYAKULAM,29,"Private Unaided (Recognized)",6,"SS (I-X)",5,"Post graduate",5,Others,0,0,0,0,0,0,0,0,0,0,0,0,0,2,0,0,0,0,2,0,2
2019-20,33,Tamilnadu,3325,THENI,332507,THENI,29,"Private Unaided (Recognized)",6,"SS (I-X)",5,"Post graduate",5,Others,0,0,0,0,0,1,0,0,0,0,0,0,1,2,0,0,0,0,4,1,3
2019-20,33,Tamilnadu,3325,THENI,332507,THENI,29,"Private Unaided (Recognized)",1,"PS (I-V)",5,"Post graduate",6,None,0,0,0,0,0,1,0,0,0,0,0,0,0,0,0,0,0,0,1,0,1
2019-20,33,Tamilnadu,3325,THENI,332508,UTHAMAPALAYAM,29,"Private Unaided (Recognized)",2,"UPS (I-VIII)",5,"Post graduate",6,None,0,0,0,0,0,0,1,0,0,0,0,0,0,0,0,0,0,0,1,1,0
2019-20,33,Tamilnadu,3325,THENI,332504,CUMBUM,29,"Private Unaided (Recognized)",3,"HSS (I-XII)",5,"Post graduate",6,None,0,1,0,0,0,1,0,3,0,0,0,0,0,0,0,0,0,0,5,0,5
2019-20,33,Tamilnadu,3325,THENI,332507,THENI,29,"Private Unaided (Recognized)",3,"HSS (I-XII)",5,"Post graduate",6,None,0,0,0,0,0,0,0,0,0,0,0,0,0,0,0,1,0,0,1,0,1
2019-20,33,Tamilnadu,3325,THENI,332502,BODINAYAKANUR,29,"Private Unaided (Recognized)",6,"SS (I-X)",5,"Post graduate",6,None,0,0,0,0,0,0,0,0,0,0,1,0,1,0,0,0,0,0,2,2,0
2019-20,33,Tamilnadu,3325,THENI,332504,CUMBUM,29,"Private Unaided (Recognized)",6,"SS (I-X)",5,"Post graduate",6,None,0,0,0,0,0,0,0,0,0,0,0,0,1,0,0,0,0,0,1,1,0
2019-20,33,Tamilnadu,3325,THENI,332506,PERIYAKULAM,29,"Private Unaided (Recognized)",6,"SS (I-X)",5,"Post graduate",6,None,0,0,0,0,0,0,0,0,0,0,0,0,1,2,0,0,0,0,3,1,2
2019-20,33,Tamilnadu,3325,THENI,332507,THENI,29,"Private Unaided (Recognized)",1,"PS (I-V)",6,M.Phil,1,"Diploma or certificate in basic teachers training of a duration not less than two years",0,0,0,0,0,1,0,0,0,0,0,0,0,0,0,0,0,0,1,0,1
2019-20,33,Tamilnadu,3325,THENI,332507,THENI,29,"Private Unaided (Recognized)",3,"HSS (I-XII)",6,M.Phil,1,"Diploma or certificate in basic teachers training of a duration not less than two years",0,0,0,0,0,0,0,0,0,0,0,1,0,0,0,0,0,0,1,0,1
2019-20,33,Tamilnadu,3325,THENI,332504,CUMBUM,29,"Private Unaided (Recognized)",3,"HSS (I-XII)",6,M.Phil,3,"B.Ed. or equivalent",0,0,0,0,0,0,0,0,0,0,0,0,0,1,0,1,0,0,2,0,2
2019-20,33,Tamilnadu,3325,THENI,332507,THENI,29,"Private Unaided (Recognized)",3,"HSS (I-XII)",6,M.Phil,3,"B.Ed. or equivalent",0,0,0,0,0,3,1,0,0,0,1,2,0,1,1,2,0,0,11,3,8
2019-20,33,Tamilnadu,3325,THENI,332506,PERIYAKULAM,29,"Private Unaided (Recognized)",6,"SS (I-X)",6,M.Phil,3,"B.Ed. or equivalent",0,0,0,0,0,0,0,2,0,0,0,0,0,1,0,0,0,0,3,0,3
2019-20,33,Tamilnadu,3325,THENI,332507,THENI,29,"Private Unaided (Recognized)",6,"SS (I-X)",6,M.Phil,3,"B.Ed. or equivalent",0,0,0,0,0,0,0,0,0,0,0,4,1,2,0,0,0,0,7,1,6
2019-20,33,Tamilnadu,3325,THENI,332508,UTHAMAPALAYAM,29,"Private Unaided (Recognized)",2,"UPS (I-VIII)",6,M.Phil,4,"M.Ed. or equivalent",0,0,0,0,0,0,0,0,1,0,0,0,0,0,0,0,0,0,1,1,0
2019-20,33,Tamilnadu,3325,THENI,332507,THENI,29,"Private Unaided (Recognized)",3,"HSS (I-XII)",6,M.Phil,4,"M.Ed. or equivalent",0,0,0,0,0,0,0,0,0,0,0,1,0,0,0,0,0,0,1,0,1
2019-20,33,Tamilnadu,3325,THENI,332506,PERIYAKULAM,29,"Private Unaided (Recognized)",6,"SS (I-X)",6,M.Phil,4,"M.Ed. or equivalent",0,0,0,0,0,0,0,0,0,0,0,0,0,1,0,0,0,0,1,0,1
2019-20,33,Tamilnadu,3325,THENI,332507,THENI,29,"Private Unaided (Recognized)",3,"HSS (I-XII)",6,M.Phil,5,Others,0,0,0,0,0,1,0,0,0,0,0,0,0,0,1,0,1,1,4,2,2
2019-20,33,Tamilnadu,3325,THENI,332502,BODINAYAKANUR,29,"Private Unaided (Recognized)",6,"SS (I-X)",6,M.Phil,5,Others,0,0,0,0,0,1,0,0,0,0,0,0,0,0,0,0,0,0,1,0,1
2019-20,33,Tamilnadu,3325,THENI,332507,THENI,29,"Private Unaided (Recognized)",6,"SS (I-X)",6,M.Phil,5,Others,0,0,0,0,0,0,0,0,0,0,0,0,0,1,0,0,0,0,1,0,1
2019-20,33,Tamilnadu,3325,THENI,332507,THENI,29,"Private Unaided (Recognized)",3,"HSS (I-XII)",6,M.Phil,6,None,0,0,0,0,0,0,0,0,0,0,0,1,0,0,0,0,0,0,1,0,1
2019-20,33,Tamilnadu,3325,THENI,332506,PERIYAKULAM,29,"Private Unaided (Recognized)",6,"SS (I-X)",6,M.Phil,6,None,0,0,0,0,0,0,0,0,0,0,0,0,0,1,0,0,0,0,1,0,1
2019-20,33,Tamilnadu,3325,THENI,332507,THENI,29,"Private Unaided (Recognized)",3,"HSS (I-XII)",7,Ph.D,3,"B.Ed. or equivalent",0,0,0,0,0,1,0,0,0,0,0,0,0,0,0,0,0,0,1,0,1
2019-20,33,Tamilnadu,3325,THENI,332507,THENI,29,"Private Unaided (Recognized)",3,"HSS (I-XII)",7,Ph.D,5,Others,0,0,0,0,0,0,0,0,0,0,0,1,0,0,0,0,0,0,1,0,1
2019-20,33,Tamilnadu,3325,THENI,332506,PERIYAKULAM,29,"Private Unaided (Recognized)",6,"SS (I-X)",8,"Post Doctoral",3,"B.Ed. or equivalent",0,0,0,0,0,0,0,0,0,0,0,0,0,1,0,0,0,0,1,0,1
2019-20,33,Tamilnadu,3325,THENI,332501,AUNDIPATTY,7,"Social welfare Department",1,"PS (I-V)",1,"Below Secondary",1,"Diploma or certificate in basic teachers training of a duration not less than two years",0,0,0,0,2,2,0,0,0,0,0,0,0,0,0,0,0,0,4,2,2
2019-20,33,Tamilnadu,3325,THENI,332502,BODINAYAKANUR,7,"Social welfare Department",1,"PS (I-V)",1,"Below Secondary",1,"Diploma or certificate in basic teachers training of a duration not less than two years",0,0,0,0,0,1,0,0,0,0,0,0,0,0,0,0,0,0,1,0,1
2019-20,33,Tamilnadu,3325,THENI,332503,CHINNAMANUR,7,"Social welfare Department",1,"PS (I-V)",1,"Below Secondary",1,"Diploma or certificate in basic teachers training of a duration not less than two years",0,0,0,0,1,1,0,0,0,0,0,0,0,0,0,0,0,0,2,1,1
2019-20,33,Tamilnadu,3325,THENI,332504,CUMBUM,7,"Social welfare Department",1,"PS (I-V)",1,"Below Secondary",1,"Diploma or certificate in basic teachers training of a duration not less than two years",0,0,0,0,0,2,0,0,0,0,0,0,0,0,0,0,0,0,2,0,2
2019-20,33,Tamilnadu,3325,THENI,332508,UTHAMAPALAYAM,7,"Social welfare Department",1,"PS (I-V)",1,"Below Secondary",1,"Diploma or certificate in basic teachers training of a duration not less than two years",0,0,0,0,0,1,0,0,0,0,0,0,0,0,0,0,0,0,1,0,1
2019-20,33,Tamilnadu,3325,THENI,332501,AUNDIPATTY,7,"Social welfare Department",5,"HSS (VI-XII)",1,"Below Secondary",5,Others,0,0,0,0,0,0,0,0,1,0,0,0,0,0,0,0,0,0,1,1,0
2019-20,33,Tamilnadu,3325,THENI,332501,AUNDIPATTY,7,"Social welfare Department",5,"HSS (VI-XII)",1,"Below Secondary",6,None,0,0,0,0,0,0,0,0,0,1,0,0,0,0,0,0,0,0,1,0,1
2019-20,33,Tamilnadu,3325,THENI,332501,AUNDIPATTY,7,"Social welfare Department",1,"PS (I-V)",3,"Higher secondary",1,"Diploma or certificate in basic teachers training of a duration not less than two years",0,0,0,0,0,4,0,0,0,0,0,0,0,0,0,0,0,0,4,0,4
2019-20,33,Tamilnadu,3325,THENI,332502,BODINAYAKANUR,7,"Social welfare Department",1,"PS (I-V)",3,"Higher secondary",1,"Diploma or certificate in basic teachers training of a duration not less than two years",0,0,0,0,1,2,0,0,0,0,0,0,0,0,0,0,0,0,3,1,2
2019-20,33,Tamilnadu,3325,THENI,332503,CHINNAMANUR,7,"Social welfare Department",1,"PS (I-V)",3,"Higher secondary",1,"Diploma or certificate in basic teachers training of a duration not less than two years",0,0,0,0,2,5,0,0,0,0,0,0,0,0,0,0,0,0,7,2,5
2019-20,33,Tamilnadu,3325,THENI,332504,CUMBUM,7,"Social welfare Department",1,"PS (I-V)",3,"Higher secondary",1,"Diploma or certificate in basic teachers training of a duration not less than two years",0,0,0,0,2,5,0,0,0,0,0,0,0,0,0,0,0,0,7,2,5
2019-20,33,Tamilnadu,3325,THENI,332506,PERIYAKULAM,7,"Social welfare Department",1,"PS (I-V)",3,"Higher secondary",1,"Diploma or certificate in basic teachers training of a duration not less than two years",0,0,0,0,0,3,0,0,0,0,0,0,0,0,0,0,0,0,3,0,3
2019-20,33,Tamilnadu,3325,THENI,332502,BODINAYAKANUR,7,"Social welfare Department",2,"UPS (I-VIII)",3,"Higher secondary",1,"Diploma or certificate in basic teachers training of a duration not less than two years",0,0,0,0,1,0,0,0,0,0,0,0,0,0,0,0,0,0,1,1,0
2019-20,33,Tamilnadu,3325,THENI,332507,THENI,7,"Social welfare Department",2,"UPS (I-VIII)",3,"Higher secondary",1,"Diploma or certificate in basic teachers training of a duration not less than two years",0,0,0,0,0,1,0,0,0,0,0,0,0,0,0,0,0,0,1,0,1
2019-20,33,Tamilnadu,3325,THENI,332501,AUNDIPATTY,7,"Social welfare Department",1,"PS (I-V)",3,"Higher secondary",3,"B.Ed. or equivalent",0,0,0,0,0,1,0,0,0,0,0,0,0,0,0,0,0,0,1,0,1
2019-20,33,Tamilnadu,3325,THENI,332501,AUNDIPATTY,7,"Social welfare Department",1,"PS (I-V)",3,"Higher secondary",4,"M.Ed. or equivalent",0,0,0,0,0,1,0,0,0,0,0,0,0,0,0,0,0,0,1,0,1
2019-20,33,Tamilnadu,3325,THENI,332501,AUNDIPATTY,7,"Social welfare Department",5,"HSS (VI-XII)",3,"Higher secondary",5,Others,0,0,0,0,0,0,0,0,0,1,0,0,0,0,0,0,0,0,1,0,1
2019-20,33,Tamilnadu,3325,THENI,332503,CHINNAMANUR,7,"Social welfare Department",5,"HSS (VI-XII)",3,"Higher secondary",5,Others,0,0,0,0,0,0,0,0,1,0,0,0,0,0,0,0,0,0,1,1,0
2019-20,33,Tamilnadu,3325,THENI,332504,CUMBUM,7,"Social welfare Department",5,"HSS (VI-XII)",3,"Higher secondary",5,Others,0,0,0,0,0,0,0,0,0,1,0,0,0,0,0,0,0,0,1,0,1
2019-20,33,Tamilnadu,3325,THENI,332501,AUNDIPATTY,7,"Social welfare Department",1,"PS (I-V)",4,Graduate,1,"Diploma or certificate in basic teachers training of a duration not less than two years",0,0,0,0,0,4,0,0,0,0,0,0,0,0,0,0,0,0,4,0,4
2019-20,33,Tamilnadu,3325,THENI,332502,BODINAYAKANUR,7,"Social welfare Department",1,"PS (I-V)",4,Graduate,1,"Diploma or certificate in basic teachers training of a duration not less than two years",0,0,0,0,0,1,0,0,0,0,0,0,0,0,0,0,0,0,1,0,1
2019-20,33,Tamilnadu,3325,THENI,332503,CHINNAMANUR,7,"Social welfare Department",1,"PS (I-V)",4,Graduate,1,"Diploma or certificate in basic teachers training of a duration not less than two years",0,0,0,0,0,2,0,0,0,0,0,0,0,0,0,0,0,0,2,0,2
2019-20,33,Tamilnadu,3325,THENI,332504,CUMBUM,7,"Social welfare Department",1,"PS (I-V)",4,Graduate,1,"Diploma or certificate in basic teachers training of a duration not less than two years",0,0,0,0,1,5,0,0,0,0,0,0,0,0,0,0,0,0,6,1,5
2019-20,33,Tamilnadu,3325,THENI,332507,THENI,7,"Social welfare Department",1,"PS (I-V)",4,Graduate,1,"Diploma or certificate in basic teachers training of a duration not less than two years",0,0,0,0,1,0,0,0,0,0,0,0,0,0,0,0,0,0,1,1,0
2019-20,33,Tamilnadu,3325,THENI,332508,UTHAMAPALAYAM,7,"Social welfare Department",1,"PS (I-V)",4,Graduate,1,"Diploma or certificate in basic teachers training of a duration not less than two years",0,0,0,0,0,5,0,0,0,0,0,0,0,0,0,0,0,0,5,0,5
2019-20,33,Tamilnadu,3325,THENI,332504,CUMBUM,7,"Social welfare Department",6,"SS (I-X)",4,Graduate,1,"Diploma or certificate in basic teachers training of a duration not less than two years",0,0,0,0,1,0,0,0,0,0,0,0,0,0,0,0,0,0,1,1,0
2019-20,33,Tamilnadu,3325,THENI,332501,AUNDIPATTY,7,"Social welfare Department",1,"PS (I-V)",4,Graduate,3,"B.Ed. or equivalent",0,0,0,0,1,1,0,0,0,0,0,0,0,0,0,0,0,0,2,1,1
2019-20,33,Tamilnadu,3325,THENI,332503,CHINNAMANUR,7,"Social welfare Department",1,"PS (I-V)",4,Graduate,3,"B.Ed. or equivalent",0,0,0,0,0,2,0,0,0,0,0,0,0,0,0,0,0,0,2,0,2
2019-20,33,Tamilnadu,3325,THENI,332504,CUMBUM,7,"Social welfare Department",1,"PS (I-V)",4,Graduate,3,"B.Ed. or equivalent",0,0,0,0,0,3,0,0,0,0,0,0,0,0,0,0,0,0,3,0,3
2019-20,33,Tamilnadu,3325,THENI,332507,THENI,7,"Social welfare Department",1,"PS (I-V)",4,Graduate,3,"B.Ed. or equivalent",0,0,0,0,1,1,0,0,0,0,0,0,0,0,0,0,0,0,2,1,1
2019-20,33,Tamilnadu,3325,THENI,332508,UTHAMAPALAYAM,7,"Social welfare Department",1,"PS (I-V)",4,Graduate,3,"B.Ed. or equivalent",0,0,0,0,1,0,0,0,0,0,0,0,0,0,0,0,0,0,1,1,0
2019-20,33,Tamilnadu,3325,THENI,332502,BODINAYAKANUR,7,"Social welfare Department",2,"UPS (I-VIII)",4,Graduate,3,"B.Ed. or equivalent",0,0,0,0,0,1,0,0,0,1,0,0,0,0,0,0,0,0,2,0,2
2019-20,33,Tamilnadu,3325,THENI,332507,THENI,7,"Social welfare Department",2,"UPS (I-VIII)",4,Graduate,3,"B.Ed. or equivalent",0,0,0,0,0,1,0,0,0,1,0,0,0,0,0,0,0,0,2,0,2
2019-20,33,Tamilnadu,3325,THENI,332501,AUNDIPATTY,7,"Social welfare Department",5,"HSS (VI-XII)",4,Graduate,3,"B.Ed. or equivalent",0,0,0,0,0,0,0,0,2,0,0,1,0,0,0,0,0,0,3,2,1
2019-20,33,Tamilnadu,3325,THENI,332503,CHINNAMANUR,7,"Social welfare Department",5,"HSS (VI-XII)",4,Graduate,3,"B.Ed. or equivalent",0,0,0,0,0,0,0,0,0,3,1,2,0,0,2,0,0,0,8,3,5
2019-20,33,Tamilnadu,3325,THENI,332504,CUMBUM,7,"Social welfare Department",5,"HSS (VI-XII)",4,Graduate,3,"B.Ed. or equivalent",0,0,0,0,0,0,0,0,1,1,1,2,0,1,0,0,0,0,6,2,4
2019-20,33,Tamilnadu,3325,THENI,332507,THENI,7,"Social welfare Department",5,"HSS (VI-XII)",4,Graduate,3,"B.Ed. or equivalent",0,0,0,0,0,0,0,0,0,0,1,0,0,0,0,0,0,0,1,1,0
2019-20,33,Tamilnadu,3325,THENI,332502,BODINAYAKANUR,7,"Social welfare Department",7,"SS (VI-X)",4,Graduate,3,"B.Ed. or equivalent",0,0,0,0,0,0,0,0,0,0,0,0,1,0,0,0,0,0,1,1,0
2019-20,33,Tamilnadu,3325,THENI,332504,CUMBUM,7,"Social welfare Department",7,"SS (VI-X)",4,Graduate,3,"B.Ed. or equivalent",0,0,0,0,0,0,0,0,1,0,1,0,0,0,0,0,0,0,2,2,0
2019-20,33,Tamilnadu,3325,THENI,332502,BODINAYAKANUR,7,"Social welfare Department",2,"UPS (I-VIII)",4,Graduate,4,"M.Ed. or equivalent",0,0,0,0,1,0,0,0,0,0,0,0,0,0,0,0,0,0,1,1,0
2019-20,33,Tamilnadu,3325,THENI,332501,AUNDIPATTY,7,"Social welfare Department",5,"HSS (VI-XII)",4,Graduate,4,"M.Ed. or equivalent",0,0,0,0,0,0,0,0,0,0,0,0,0,0,0,1,0,0,1,0,1
2019-20,33,Tamilnadu,3325,THENI,332501,AUNDIPATTY,7,"Social welfare Department",5,"HSS (VI-XII)",4,Graduate,5,Others,0,0,0,0,0,0,0,0,1,0,0,0,0,0,0,0,0,0,1,1,0
2019-20,33,Tamilnadu,3325,THENI,332504,CUMBUM,7,"Social welfare Department",5,"HSS (VI-XII)",4,Graduate,5,Others,0,0,0,0,0,0,0,0,1,1,0,0,0,0,0,0,0,0,2,1,1
2019-20,33,Tamilnadu,3325,THENI,332504,CUMBUM,7,"Social welfare Department",7,"SS (VI-X)",4,Graduate,5,Others,0,0,0,0,0,0,0,0,0,1,0,0,0,0,0,0,0,0,1,0,1
2019-20,33,Tamilnadu,3325,THENI,332501,AUNDIPATTY,7,"Social welfare Department",5,"HSS (VI-XII)",4,Graduate,6,None,0,0,0,0,0,0,0,0,1,0,0,0,0,0,0,0,0,0,1,1,0
2019-20,33,Tamilnadu,3325,THENI,332501,AUNDIPATTY,7,"Social welfare Department",1,"PS (I-V)",5,"Post graduate",1,"Diploma or certificate in basic teachers training of a duration not less than two years",0,0,0,0,2,3,0,0,0,0,0,0,0,0,0,0,0,0,5,2,3
2019-20,33,Tamilnadu,3325,THENI,332502,BODINAYAKANUR,7,"Social welfare Department",1,"PS (I-V)",5,"Post graduate",1,"Diploma or certificate in basic teachers training of a duration not less than two years",0,0,0,0,1,0,0,0,0,0,0,0,0,0,0,0,0,0,1,1,0
2019-20,33,Tamilnadu,3325,THENI,332503,CHINNAMANUR,7,"Social welfare Department",1,"PS (I-V)",5,"Post graduate",1,"Diploma or certificate in basic teachers training of a duration not less than two years",0,0,0,0,2,2,0,0,0,0,0,0,0,0,0,0,0,0,4,2,2
2019-20,33,Tamilnadu,3325,THENI,332504,CUMBUM,7,"Social welfare Department",1,"PS (I-V)",5,"Post graduate",1,"Diploma or certificate in basic teachers training of a duration not less than two years",0,0,0,0,0,7,0,0,0,0,0,0,0,0,0,0,0,0,7,0,7
2019-20,33,Tamilnadu,3325,THENI,332506,PERIYAKULAM,7,"Social welfare Department",1,"PS (I-V)",5,"Post graduate",1,"Diploma or certificate in basic teachers training of a duration not less than two years",0,0,0,0,4,2,0,0,0,0,0,0,0,0,0,0,0,0,6,4,2
2019-20,33,Tamilnadu,3325,THENI,332508,UTHAMAPALAYAM,7,"Social welfare Department",1,"PS (I-V)",5,"Post graduate",1,"Diploma or certificate in basic teachers training of a duration not less than two years",0,0,0,0,0,2,0,0,0,0,0,0,0,0,0,0,0,0,2,0,2
2019-20,33,Tamilnadu,3325,THENI,332502,BODINAYAKANUR,7,"Social welfare Department",2,"UPS (I-VIII)",5,"Post graduate",1,"Diploma or certificate in basic teachers training of a duration not less than two years",0,0,0,0,0,1,0,0,0,0,0,0,0,0,0,0,0,0,1,0,1
2019-20,33,Tamilnadu,3325,THENI,332506,PERIYAKULAM,7,"Social welfare Department",6,"SS (I-X)",5,"Post graduate",1,"Diploma or certificate in basic teachers training of a duration not less than two years",0,0,0,0,1,2,0,0,0,0,0,0,0,0,0,0,0,0,3,1,2
2019-20,33,Tamilnadu,3325,THENI,332501,AUNDIPATTY,7,"Social welfare Department",1,"PS (I-V)",5,"Post graduate",3,"B.Ed. or equivalent",0,0,0,0,5,7,0,0,0,0,0,0,0,0,0,0,0,0,12,5,7
2019-20,33,Tamilnadu,3325,THENI,332502,BODINAYAKANUR,7,"Social welfare Department",1,"PS (I-V)",5,"Post graduate",3,"B.Ed. or equivalent",0,0,0,0,1,3,0,0,0,0,0,0,0,0,0,0,0,0,4,1,3
2019-20,33,Tamilnadu,3325,THENI,332503,CHINNAMANUR,7,"Social welfare Department",1,"PS (I-V)",5,"Post graduate",3,"B.Ed. or equivalent",0,0,0,0,4,5,0,0,0,0,0,0,0,0,0,0,0,0,9,4,5
2019-20,33,Tamilnadu,3325,THENI,332504,CUMBUM,7,"Social welfare Department",1,"PS (I-V)",5,"Post graduate",3,"B.Ed. or equivalent",0,0,0,0,2,6,0,0,0,0,0,0,0,0,0,0,0,0,8,2,6
2019-20,33,Tamilnadu,3325,THENI,332506,PERIYAKULAM,7,"Social welfare Department",1,"PS (I-V)",5,"Post graduate",3,"B.Ed. or equivalent",0,0,0,0,0,5,0,0,0,0,0,0,0,0,0,0,0,0,5,0,5
2019-20,33,Tamilnadu,3325,THENI,332507,THENI,7,"Social welfare Department",1,"PS (I-V)",5,"Post graduate",3,"B.Ed. or equivalent",0,0,0,0,1,0,0,0,0,0,0,0,0,0,0,0,0,0,1,1,0
2019-20,33,Tamilnadu,3325,THENI,332508,UTHAMAPALAYAM,7,"Social welfare Department",1,"PS (I-V)",5,"Post graduate",3,"B.Ed. or equivalent",0,0,0,0,1,3,0,0,0,0,0,0,0,0,0,0,0,0,4,1,3
2019-20,33,Tamilnadu,3325,THENI,332501,AUNDIPATTY,7,"Social welfare Department",2,"UPS (I-VIII)",5,"Post graduate",3,"B.Ed. or equivalent",0,0,0,0,0,2,1,0,0,3,0,0,0,0,0,0,0,0,6,1,5
2019-20,33,Tamilnadu,3325,THENI,332502,BODINAYAKANUR,7,"Social welfare Department",2,"UPS (I-VIII)",5,"Post graduate",3,"B.Ed. or equivalent",0,0,0,0,1,0,0,1,0,3,0,0,0,0,0,0,0,0,5,1,4
2019-20,33,Tamilnadu,3325,THENI,332507,THENI,7,"Social welfare Department",2,"UPS (I-VIII)",5,"Post graduate",3,"B.Ed. or equivalent",0,0,0,0,2,2,0,0,2,2,0,0,0,0,0,0,0,0,8,4,4
2019-20,33,Tamilnadu,3325,THENI,332501,AUNDIPATTY,7,"Social welfare Department",5,"HSS (VI-XII)",5,"Post graduate",3,"B.Ed. or equivalent",0,0,0,0,0,0,0,0,0,1,1,5,1,1,2,2,2,4,19,6,13
2019-20,33,Tamilnadu,3325,THENI,332503,CHINNAMANUR,7,"Social welfare Department",5,"HSS (VI-XII)",5,"Post graduate",3,"B.Ed. or equivalent",0,0,0,0,0,0,0,0,0,1,5,2,1,0,1,5,3,6,24,10,14
2019-20,33,Tamilnadu,3325,THENI,332504,CUMBUM,7,"Social welfare Department",5,"HSS (VI-XII)",5,"Post graduate",3,"B.Ed. or equivalent",0,0,0,0,0,0,0,0,0,5,3,2,0,3,1,2,4,2,22,8,14
2019-20,33,Tamilnadu,3325,THENI,332506,PERIYAKULAM,7,"Social welfare Department",5,"HSS (VI-XII)",5,"Post graduate",3,"B.Ed. or equivalent",0,0,0,0,0,0,0,0,0,1,2,2,0,0,0,0,0,0,5,2,3
2019-20,33,Tamilnadu,3325,THENI,332507,THENI,7,"Social welfare Department",5,"HSS (VI-XII)",5,"Post graduate",3,"B.Ed. or equivalent",0,0,0,0,0,0,0,0,0,1,0,1,0,3,0,0,2,0,7,2,5
2019-20,33,Tamilnadu,3325,THENI,332504,CUMBUM,7,"Social welfare Department",6,"SS (I-X)",5,"Post graduate",3,"B.Ed. or equivalent",0,0,0,0,0,1,0,0,0,0,0,0,1,5,0,0,0,0,7,1,6
2019-20,33,Tamilnadu,3325,THENI,332506,PERIYAKULAM,7,"Social welfare Department",6,"SS (I-X)",5,"Post graduate",3,"B.Ed. or equivalent",0,0,0,0,0,0,0,0,0,0,0,4,0,1,0,0,0,0,5,0,5
2019-20,33,Tamilnadu,3325,THENI,332502,BODINAYAKANUR,7,"Social welfare Department",7,"SS (VI-X)",5,"Post graduate",3,"B.Ed. or equivalent",0,0,0,0,0,0,0,0,0,2,0,0,0,3,0,0,0,0,5,0,5
2019-20,33,Tamilnadu,3325,THENI,332504,CUMBUM,7,"Social welfare Department",7,"SS (VI-X)",5,"Post graduate",3,"B.Ed. or equivalent",0,0,0,0,0,0,0,0,2,0,1,4,0,0,0,0,0,0,7,3,4
2019-20,33,Tamilnadu,3325,THENI,332501,AUNDIPATTY,7,"Social welfare Department",1,"PS (I-V)",5,"Post graduate",4,"M.Ed. or equivalent",0,0,0,0,1,0,0,0,0,0,0,0,0,0,0,0,0,0,1,1,0
2019-20,33,Tamilnadu,3325,THENI,332502,BODINAYAKANUR,7,"Social welfare Department",1,"PS (I-V)",5,"Post graduate",4,"M.Ed. or equivalent",0,0,0,0,0,3,0,0,0,0,0,0,0,0,0,0,0,0,3,0,3
2019-20,33,Tamilnadu,3325,THENI,332508,UTHAMAPALAYAM,7,"Social welfare Department",1,"PS (I-V)",5,"Post graduate",4,"M.Ed. or equivalent",0,0,0,0,0,1,0,0,0,0,0,0,0,0,0,0,0,0,1,0,1
2019-20,33,Tamilnadu,3325,THENI,332501,AUNDIPATTY,7,"Social welfare Department",5,"HSS (VI-XII)",5,"Post graduate",4,"M.Ed. or equivalent",0,0,0,0,0,0,0,0,0,0,0,0,0,0,0,2,2,2,6,2,4
2019-20,33,Tamilnadu,3325,THENI,332503,CHINNAMANUR,7,"Social welfare Department",5,"HSS (VI-XII)",5,"Post graduate",4,"M.Ed. or equivalent",0,0,0,0,0,0,0,0,0,0,1,0,0,0,0,1,2,0,4,3,1
2019-20,33,Tamilnadu,3325,THENI,332504,CUMBUM,7,"Social welfare Department",5,"HSS (VI-XII)",5,"Post graduate",4,"M.Ed. or equivalent",0,0,0,0,0,0,0,0,0,1,0,0,0,0,0,0,1,0,2,1,1
2019-20,33,Tamilnadu,3325,THENI,332507,THENI,7,"Social welfare Department",5,"HSS (VI-XII)",5,"Post graduate",4,"M.Ed. or equivalent",0,0,0,0,0,0,0,0,0,0,0,0,0,0,0,0,1,0,1,1,0
2019-20,33,Tamilnadu,3325,THENI,332504,CUMBUM,7,"Social welfare Department",7,"SS (VI-X)",5,"Post graduate",4,"M.Ed. or equivalent",0,0,0,0,0,0,0,0,0,0,1,0,0,0,0,0,0,0,1,1,0
2019-20,33,Tamilnadu,3325,THENI,332504,CUMBUM,7,"Social welfare Department",5,"HSS (VI-XII)",5,"Post graduate",5,Others,0,0,0,0,0,0,0,0,1,0,0,0,0,0,0,0,0,0,1,1,0
2019-20,33,Tamilnadu,3325,THENI,332506,PERIYAKULAM,7,"Social welfare Department",5,"HSS (VI-XII)",5,"Post graduate",5,Others,0,0,0,0,0,0,0,0,0,1,0,0,0,0,0,0,0,0,1,0,1
2019-20,33,Tamilnadu,3325,THENI,332501,AUNDIPATTY,7,"Social welfare Department",5,"HSS (VI-XII)",5,"Post graduate",6,None,0,0,0,0,0,0,0,0,0,0,0,0,0,0,1,0,0,0,1,1,0
2019-20,33,Tamilnadu,3325,THENI,332504,CUMBUM,7,"Social welfare Department",5,"HSS (VI-XII)",5,"Post graduate",6,None,0,0,0,0,0,0,0,0,0,1,0,0,0,0,0,0,0,0,1,0,1
2019-20,33,Tamilnadu,3325,THENI,332501,AUNDIPATTY,7,"Social welfare Department",1,"PS (I-V)",6,M.Phil,1,"Diploma or certificate in basic teachers training of a duration not less than two years",0,0,0,0,0,2,0,0,0,0,0,0,0,0,0,0,0,0,2,0,2
2019-20,33,Tamilnadu,3325,THENI,332502,BODINAYAKANUR,7,"Social welfare Department",2,"UPS (I-VIII)",6,M.Phil,3,"B.Ed. or equivalent",0,0,0,0,0,0,0,0,0,3,0,0,0,0,0,0,0,0,3,0,3
2019-20,33,Tamilnadu,3325,THENI,332507,THENI,7,"Social welfare Department",2,"UPS (I-VIII)",6,M.Phil,3,"B.Ed. or equivalent",0,0,0,0,0,0,0,0,2,1,0,0,0,0,0,0,0,0,3,2,1
2019-20,33,Tamilnadu,3325,THENI,332501,AUNDIPATTY,7,"Social welfare Department",5,"HSS (VI-XII)",6,M.Phil,3,"B.Ed. or equivalent",0,0,0,0,0,0,0,0,0,0,2,4,1,0,0,1,1,2,11,4,7
2019-20,33,Tamilnadu,3325,THENI,332503,CHINNAMANUR,7,"Social welfare Department",5,"HSS (VI-XII)",6,M.Phil,3,"B.Ed. or equivalent",0,0,0,0,0,0,0,0,0,0,0,0,0,0,1,1,0,1,3,1,2
2019-20,33,Tamilnadu,3325,THENI,332504,CUMBUM,7,"Social welfare Department",5,"HSS (VI-XII)",6,M.Phil,3,"B.Ed. or equivalent",0,0,0,0,0,0,0,0,0,0,0,0,0,0,0,0,3,2,5,3,2
2019-20,33,Tamilnadu,3325,THENI,332506,PERIYAKULAM,7,"Social welfare Department",5,"HSS (VI-XII)",6,M.Phil,3,"B.Ed. or equivalent",0,0,0,0,0,0,0,0,0,0,0,1,0,0,0,4,1,1,7,1,6
2019-20,33,Tamilnadu,3325,THENI,332507,THENI,7,"Social welfare Department",5,"HSS (VI-XII)",6,M.Phil,3,"B.Ed. or equivalent",0,0,0,0,0,0,0,0,0,1,0,0,0,0,0,0,1,1,3,1,2
2019-20,33,Tamilnadu,3325,THENI,332506,PERIYAKULAM,7,"Social welfare Department",6,"SS (I-X)",6,M.Phil,3,"B.Ed. or equivalent",0,0,0,0,0,0,0,0,0,0,0,1,0,0,0,0,0,0,1,0,1
2019-20,33,Tamilnadu,3325,THENI,332502,BODINAYAKANUR,7,"Social welfare Department",7,"SS (VI-X)",6,M.Phil,3,"B.Ed. or equivalent",0,0,0,0,0,0,0,0,0,0,0,0,1,0,0,0,0,0,1,1,0
2019-20,33,Tamilnadu,3325,THENI,332506,PERIYAKULAM,7,"Social welfare Department",1,"PS (I-V)",6,M.Phil,4,"M.Ed. or equivalent",0,0,0,0,0,1,0,0,0,0,0,0,0,0,0,0,0,0,1,0,1
2019-20,33,Tamilnadu,3325,THENI,332507,THENI,7,"Social welfare Department",2,"UPS (I-VIII)",6,M.Phil,4,"M.Ed. or equivalent",0,0,0,0,0,0,0,0,0,1,0,0,0,0,0,0,0,0,1,0,1
2019-20,33,Tamilnadu,3325,THENI,332501,AUNDIPATTY,7,"Social welfare Department",5,"HSS (VI-XII)",6,M.Phil,4,"M.Ed. or equivalent",0,0,0,0,0,0,0,0,0,0,0,0,0,0,0,0,0,1,1,0,1
2019-20,33,Tamilnadu,3325,THENI,332503,CHINNAMANUR,7,"Social welfare Department",5,"HSS (VI-XII)",6,M.Phil,4,"M.Ed. or equivalent",0,0,0,0,0,0,0,0,0,0,0,1,0,0,0,0,0,0,1,0,1
2019-20,33,Tamilnadu,3325,THENI,332504,CUMBUM,7,"Social welfare Department",5,"HSS (VI-XII)",6,M.Phil,4,"M.Ed. or equivalent",0,0,0,0,0,0,0,0,0,0,0,0,0,0,1,0,0,0,1,1,0
2019-20,33,Tamilnadu,3325,THENI,332503,CHINNAMANUR,7,"Social welfare Department",5,"HSS (VI-XII)",6,M.Phil,5,Others,0,0,0,0,0,0,0,0,0,1,0,0,0,0,0,0,0,0,1,0,1
2019-20,33,Tamilnadu,3325,THENI,332503,CHINNAMANUR,7,"Social welfare Department",5,"HSS (VI-XII)",7,Ph.D,3,"B.Ed. or equivalent",0,0,0,0,0,0,0,0,0,0,0,1,0,0,0,0,0,0,1,0,1
2019-20,33,Tamilnadu,3325,THENI,332502,BODINAYAKANUR,4,"Tribal Welfare Department",2,"UPS (I-VIII)",1,"Below Secondary",1,"Diploma or certificate in basic teachers training of a duration not less than two years",0,0,0,0,1,1,0,0,0,0,0,0,0,0,0,0,0,0,2,1,1
2019-20,33,Tamilnadu,3325,THENI,332501,AUNDIPATTY,4,"Tribal Welfare Department",7,"SS (VI-X)",1,"Below Secondary",5,Others,0,0,0,0,0,0,0,0,1,0,0,0,0,0,0,0,0,0,1,1,0
2019-20,33,Tamilnadu,3325,THENI,332501,AUNDIPATTY,4,"Tribal Welfare Department",1,"PS (I-V)",3,"Higher secondary",1,"Diploma or certificate in basic teachers training of a duration not less than two years",0,0,0,0,2,2,0,0,0,0,0,0,0,0,0,0,0,0,4,2,2
2019-20,33,Tamilnadu,3325,THENI,332507,THENI,4,"Tribal Welfare Department",1,"PS (I-V)",3,"Higher secondary",1,"Diploma or certificate in basic teachers training of a duration not less than two years",0,0,0,0,0,1,0,0,0,0,0,0,0,0,0,0,0,0,1,0,1
2019-20,33,Tamilnadu,3325,THENI,332502,BODINAYAKANUR,4,"Tribal Welfare Department",2,"UPS (I-VIII)",3,"Higher secondary",1,"Diploma or certificate in basic teachers training of a duration not less than two years",0,0,0,0,1,0,0,0,0,0,0,0,0,0,0,0,0,0,1,1,0
2019-20,33,Tamilnadu,3325,THENI,332501,AUNDIPATTY,4,"Tribal Welfare Department",1,"PS (I-V)",4,Graduate,1,"Diploma or certificate in basic teachers training of a duration not less than two years",0,0,0,0,0,1,0,0,0,0,0,0,0,0,0,0,0,0,1,0,1
2019-20,33,Tamilnadu,3325,THENI,332507,THENI,4,"Tribal Welfare Department",1,"PS (I-V)",4,Graduate,1,"Diploma or certificate in basic teachers training of a duration not less than two years",0,0,0,0,1,0,0,0,0,0,0,0,0,0,0,0,0,0,1,1,0
2019-20,33,Tamilnadu,3325,THENI,332501,AUNDIPATTY,4,"Tribal Welfare Department",1,"PS (I-V)",4,Graduate,3,"B.Ed. or equivalent",0,0,0,0,1,1,0,0,0,0,0,0,0,0,0,0,0,0,2,1,1
2019-20,33,Tamilnadu,3325,THENI,332507,THENI,4,"Tribal Welfare Department",1,"PS (I-V)",4,Graduate,3,"B.Ed. or equivalent",0,0,0,0,2,0,0,0,0,0,0,0,0,0,0,0,0,0,2,2,0
2019-20,33,Tamilnadu,3325,THENI,332501,AUNDIPATTY,4,"Tribal Welfare Department",5,"HSS (VI-XII)",4,Graduate,3,"B.Ed. or equivalent",0,0,0,0,0,0,0,0,1,2,0,1,0,1,0,0,0,0,5,1,4
2019-20,33,Tamilnadu,3325,THENI,332501,AUNDIPATTY,4,"Tribal Welfare Department",7,"SS (VI-X)",4,Graduate,5,Others,0,0,0,0,0,0,0,0,2,0,1,0,0,0,0,0,0,0,3,3,0
2019-20,33,Tamilnadu,3325,THENI,332501,AUNDIPATTY,4,"Tribal Welfare Department",1,"PS (I-V)",5,"Post graduate",1,"Diploma or certificate in basic teachers training of a duration not less than two years",0,0,0,0,0,2,0,0,0,0,0,0,0,0,0,0,0,0,2,0,2
2019-20,33,Tamilnadu,3325,THENI,332501,AUNDIPATTY,4,"Tribal Welfare Department",1,"PS (I-V)",5,"Post graduate",3,"B.Ed. or equivalent",0,0,0,0,4,1,0,0,0,0,0,0,0,0,0,0,0,0,5,4,1
2019-20,33,Tamilnadu,3325,THENI,332502,BODINAYAKANUR,4,"Tribal Welfare Department",2,"UPS (I-VIII)",5,"Post graduate",3,"B.Ed. or equivalent",0,0,0,0,0,0,1,0,0,0,0,0,0,0,0,0,0,0,1,1,0
2019-20,33,Tamilnadu,3325,THENI,332501,AUNDIPATTY,4,"Tribal Welfare Department",5,"HSS (VI-XII)",5,"Post graduate",3,"B.Ed. or equivalent",0,0,0,0,0,0,0,0,2,1,2,1,2,2,0,0,1,5,16,7,9
2019-20,33,Tamilnadu,3325,THENI,332501,AUNDIPATTY,4,"Tribal Welfare Department",7,"SS (VI-X)",5,"Post graduate",3,"B.Ed. or equivalent",0,0,0,0,0,0,0,0,1,0,1,0,1,0,0,0,0,0,3,3,0
2019-20,33,Tamilnadu,3325,THENI,332501,AUNDIPATTY,4,"Tribal Welfare Department",1,"PS (I-V)",5,"Post graduate",4,"M.Ed. or equivalent",0,0,0,0,0,1,0,0,0,0,0,0,0,0,0,0,0,0,1,0,1
2019-20,33,Tamilnadu,3325,THENI,332502,BODINAYAKANUR,4,"Tribal Welfare Department",2,"UPS (I-VIII)",5,"Post graduate",4,"M.Ed. or equivalent",0,0,0,0,0,0,0,1,0,0,0,0,0,0,0,0,0,0,1,0,1
2019-20,33,Tamilnadu,3325,THENI,332501,AUNDIPATTY,4,"Tribal Welfare Department",5,"HSS (VI-XII)",5,"Post graduate",4,"M.Ed. or equivalent",0,0,0,0,0,0,0,0,0,0,0,0,0,0,0,0,2,2,4,2,2
2019-20,33,Tamilnadu,3325,THENI,332501,AUNDIPATTY,4,"Tribal Welfare Department",7,"SS (VI-X)",5,"Post graduate",4,"M.Ed. or equivalent",0,0,0,0,0,0,0,0,0,0,0,0,1,0,0,0,0,0,1,1,0
2019-20,33,Tamilnadu,3325,THENI,332501,AUNDIPATTY,4,"Tribal Welfare Department",1,"PS (I-V)",6,M.Phil,3,"B.Ed. or equivalent",0,0,0,0,1,0,0,0,0,0,0,0,0,0,0,0,0,0,1,1,0
2019-20,33,Tamilnadu,3325,THENI,332501,AUNDIPATTY,4,"Tribal Welfare Department",5,"HSS (VI-XII)",6,M.Phil,3,"B.Ed. or equivalent",0,0,0,0,0,0,0,0,0,0,0,0,1,0,0,0,1,1,3,2,1
2019-20,33,Tamilnadu,3325,THENI,332501,AUNDIPATTY,4,"Tribal Welfare Department",7,"SS (VI-X)",6,M.Phil,3,"B.Ed. or equivalent",0,0,0,0,0,0,0,0,0,0,0,2,0,0,0,0,0,0,2,0,2
2019-20,33,Tamilnadu,3325,THENI,332501,AUNDIPATTY,4,"Tribal Welfare Department",5,"HSS (VI-XII)",6,M.Phil,4,"M.Ed. or equivalent",0,0,0,0,0,0,0,0,0,0,0,0,0,0,0,0,3,0,3,3,0
2019-20,33,Tamilnadu,3325,THENI,332502,BODINAYAKANUR,9,"Tribal Welfare Department",1,"PS (I-V)",4,Graduate,3,"B.Ed. or equivalent",0,0,0,0,1,0,0,0,0,0,0,0,0,0,0,0,0,0,1,1,0
2019-20,33,Tamilnadu,3325,THENI,332502,BODINAYAKANUR,9,"Tribal Welfare Department",1,"PS (I-V)",5,"Post graduate",3,"B.Ed. or equivalent",0,0,0,0,2,0,0,0,0,0,0,0,0,0,0,0,0,0,2,2,0
2019-20,33,Tamilnadu,3325,THENI,332502,BODINAYAKANUR,9,"Tribal Welfare Department",1,"PS (I-V)",5,"Post graduate",4,"M.Ed. or equivalent",0,0,0,0,0,1,0,0,0,0,0,0,0,0,0,0,0,0,1,0,1
2019-20,33,Tamilnadu,3325,THENI,332507,THENI,35,Unrecognized,1,"PS (I-V)",1,"Below Secondary",6,None,0,1,0,0,0,0,0,0,0,0,0,0,0,0,0,0,0,0,1,0,1
2019-20,33,Tamilnadu,3325,THENI,332504,CUMBUM,35,Unrecognized,1,"PS (I-V)",3,"Higher secondary",1,"Diploma or certificate in basic teachers training of a duration not less than two years",0,0,0,0,0,1,0,0,0,0,0,0,0,0,0,0,0,0,1,0,1
2019-20,33,Tamilnadu,3325,THENI,332506,PERIYAKULAM,35,Unrecognized,1,"PS (I-V)",3,"Higher secondary",1,"Diploma or certificate in basic teachers training of a duration not less than two years",0,0,0,0,0,1,0,0,0,0,0,0,0,0,0,0,0,0,1,0,1
2019-20,33,Tamilnadu,3325,THENI,332503,CHINNAMANUR,35,Unrecognized,2,"UPS (I-VIII)",3,"Higher secondary",1,"Diploma or certificate in basic teachers training of a duration not less than two years",0,0,0,0,0,1,0,0,0,0,0,0,0,0,0,0,0,0,1,0,1
2019-20,33,Tamilnadu,3325,THENI,332504,CUMBUM,35,Unrecognized,2,"UPS (I-VIII)",3,"Higher secondary",1,"Diploma or certificate in basic teachers training of a duration not less than two years",0,0,0,0,0,0,0,0,0,1,0,0,0,0,0,0,0,0,1,0,1
2019-20,33,Tamilnadu,3325,THENI,332504,CUMBUM,35,Unrecognized,1,"PS (I-V)",3,"Higher secondary",5,Others,0,0,0,0,0,1,0,0,0,0,0,0,0,0,0,0,0,0,1,0,1
2019-20,33,Tamilnadu,3325,THENI,332504,CUMBUM,35,Unrecognized,2,"UPS (I-VIII)",3,"Higher secondary",6,None,0,0,0,0,0,0,0,0,0,1,0,0,0,0,0,0,0,0,1,0,1
2019-20,33,Tamilnadu,3325,THENI,332507,THENI,35,Unrecognized,1,"PS (I-V)",4,Graduate,1,"Diploma or certificate in basic teachers training of a duration not less than two years",0,0,0,0,0,3,0,0,0,0,0,0,0,0,0,0,0,0,3,0,3
2019-20,33,Tamilnadu,3325,THENI,332508,UTHAMAPALAYAM,35,Unrecognized,1,"PS (I-V)",4,Graduate,1,"Diploma or certificate in basic teachers training of a duration not less than two years",0,0,0,0,0,1,0,0,0,0,0,0,0,0,0,0,0,0,1,0,1
2019-20,33,Tamilnadu,3325,THENI,332503,CHINNAMANUR,35,Unrecognized,2,"UPS (I-VIII)",4,Graduate,1,"Diploma or certificate in basic teachers training of a duration not less than two years",0,0,0,0,0,1,0,0,0,0,0,0,0,0,0,0,0,0,1,0,1
2019-20,33,Tamilnadu,3325,THENI,332504,CUMBUM,35,Unrecognized,2,"UPS (I-VIII)",4,Graduate,1,"Diploma or certificate in basic teachers training of a duration not less than two years",0,0,0,0,0,0,0,0,0,1,0,0,0,0,0,0,0,0,1,0,1
2019-20,33,Tamilnadu,3325,THENI,332504,CUMBUM,35,Unrecognized,1,"PS (I-V)",4,Graduate,3,"B.Ed. or equivalent",0,0,0,0,1,2,0,0,0,0,0,0,0,0,0,0,0,0,3,1,2
2019-20,33,Tamilnadu,3325,THENI,332506,PERIYAKULAM,35,Unrecognized,1,"PS (I-V)",4,Graduate,3,"B.Ed. or equivalent",0,0,0,0,0,1,0,0,0,0,0,0,0,0,0,0,0,0,1,0,1
2019-20,33,Tamilnadu,3325,THENI,332507,THENI,35,Unrecognized,1,"PS (I-V)",4,Graduate,3,"B.Ed. or equivalent",0,2,0,0,0,0,0,0,0,0,0,0,0,0,0,0,0,0,2,0,2
2019-20,33,Tamilnadu,3325,THENI,332504,CUMBUM,35,Unrecognized,2,"UPS (I-VIII)",4,Graduate,3,"B.Ed. or equivalent",0,0,0,0,0,0,0,0,1,8,0,0,0,0,0,0,0,0,9,1,8
2019-20,33,Tamilnadu,3325,THENI,332504,CUMBUM,35,Unrecognized,1,"PS (I-V)",4,Graduate,5,Others,0,0,0,0,1,2,0,0,0,0,0,0,0,0,0,0,0,0,3,1,2
2019-20,33,Tamilnadu,3325,THENI,332508,UTHAMAPALAYAM,35,Unrecognized,1,"PS (I-V)",4,Graduate,5,Others,0,0,0,0,0,1,0,0,0,0,0,0,0,0,0,0,0,0,1,0,1
2019-20,33,Tamilnadu,3325,THENI,332503,CHINNAMANUR,35,Unrecognized,2,"UPS (I-VIII)",4,Graduate,5,Others,0,0,0,0,0,0,1,1,0,0,0,0,0,0,0,0,0,0,2,1,1
2019-20,33,Tamilnadu,3325,THENI,332504,CUMBUM,35,Unrecognized,2,"UPS (I-VIII)",4,Graduate,5,Others,0,0,0,0,0,0,0,0,0,1,0,0,0,0,0,0,0,0,1,0,1
2019-20,33,Tamilnadu,3325,THENI,332504,CUMBUM,35,Unrecognized,1,"PS (I-V)",4,Graduate,6,None,0,0,0,1,0,4,0,0,0,0,0,0,0,0,0,0,0,0,5,0,5
2019-20,33,Tamilnadu,3325,THENI,332506,PERIYAKULAM,35,Unrecognized,1,"PS (I-V)",4,Graduate,6,None,0,0,0,0,0,2,0,0,0,0,0,0,0,0,0,0,0,0,2,0,2
2019-20,33,Tamilnadu,3325,THENI,332507,THENI,35,Unrecognized,1,"PS (I-V)",4,Graduate,6,None,0,0,0,0,0,2,0,0,0,0,0,0,0,0,0,0,0,0,2,0,2
2019-20,33,Tamilnadu,3325,THENI,332507,THENI,35,Unrecognized,1,"PS (I-V)",5,"Post graduate",1,"Diploma or certificate in basic teachers training of a duration not less than two years",0,0,0,0,0,1,0,0,0,0,0,0,0,0,0,0,0,0,1,0,1
2019-20,33,Tamilnadu,3325,THENI,332503,CHINNAMANUR,35,Unrecognized,2,"UPS (I-VIII)",5,"Post graduate",1,"Diploma or certificate in basic teachers training of a duration not less than two years",0,0,0,0,0,0,0,1,0,0,0,0,0,0,0,0,0,0,1,0,1
2019-20,33,Tamilnadu,3325,THENI,332504,CUMBUM,35,Unrecognized,1,"PS (I-V)",5,"Post graduate",3,"B.Ed. or equivalent",0,0,0,0,0,3,0,0,0,0,0,0,0,0,0,0,0,0,3,0,3
2019-20,33,Tamilnadu,3325,THENI,332506,PERIYAKULAM,35,Unrecognized,1,"PS (I-V)",5,"Post graduate",3,"B.Ed. or equivalent",0,0,0,0,0,1,0,0,0,0,0,0,0,0,0,0,0,0,1,0,1
2019-20,33,Tamilnadu,3325,THENI,332503,CHINNAMANUR,35,Unrecognized,2,"UPS (I-VIII)",5,"Post graduate",3,"B.Ed. or equivalent",0,0,0,0,0,0,0,7,0,1,0,0,0,0,0,0,0,0,8,0,8
2019-20,33,Tamilnadu,3325,THENI,332504,CUMBUM,35,Unrecognized,2,"UPS (I-VIII)",5,"Post graduate",3,"B.Ed. or equivalent",0,0,0,0,0,0,0,0,2,1,0,0,0,0,0,0,0,0,3,2,1
2019-20,33,Tamilnadu,3325,THENI,332504,CUMBUM,35,Unrecognized,1,"PS (I-V)",5,"Post graduate",5,Others,0,2,0,0,0,0,0,0,0,0,0,0,0,0,0,0,0,0,2,0,2
2019-20,33,Tamilnadu,3325,THENI,332507,THENI,35,Unrecognized,1,"PS (I-V)",5,"Post graduate",5,Others,0,1,0,0,0,0,0,0,0,0,0,0,0,0,0,0,0,0,1,0,1
2019-20,33,Tamilnadu,3325,THENI,332504,CUMBUM,35,Unrecognized,1,"PS (I-V)",5,"Post graduate",6,None,0,0,0,1,0,2,0,0,0,0,0,0,0,0,0,0,0,0,3,0,3
2019-20,33,Tamilnadu,3325,THENI,332507,THENI,35,Unrecognized,1,"PS (I-V)",5,"Post graduate",6,None,0,1,0,0,0,0,0,0,0,0,0,0,0,0,0,0,0,0,1,0,1
2019-20,33,Tamilnadu,3325,THENI,332503,CHINNAMANUR,35,Unrecognized,2,"UPS (I-VIII)",6,M.Phil,5,Others,0,0,0,0,0,0,0,1,0,0,0,0,0,0,0,0,0,0,1,0,1
