Academic_Year,State_Code,State_Name,District_Code,District_Name,Block_Code,Block_Name,School_Management_Id,School_Management_Name,School_Category_Id,School_Category_Name,Academic_Qualification_Id,Academic_Qualification_Name,Professional_Qualification_Id,Professional_Qualification_Name,Only_Pre_Primary_Male,Only_Pre_Primary_Female,Pre_Primary_and_Primary_Male,Pre_Primary_and_Primary_Female,Only_Primary_Male,Only_Primary_Female,Primary_and_Upperprimary_Male,Primary_and_Upperprimary_Female,Only_Upperprimary_Male,Only_Upperprimary_Female,Upperprimary_and_Secondary_Male,Upperprimary_and_Secondary_Female,Only_Secondary_Male,Only_Secondary_Female,Secondary_and_Highersecondary_Male,Secondary_and_Highersecondary_Female,Only_Highersecondary_Male,Only_Highersecondary_Female,Total_Teacher,Total_Male,Total_Female
2019-20,33,Tamilnadu,3316,PERAMBALUR,331602,VEPPUR,1,"Department of Education",1,"PS (I-V)",1,"Below Secondary",1,"Diploma or certificate in basic teachers training of a duration not less than two years",0,0,0,0,2,1,0,0,0,0,0,0,0,0,0,0,0,0,3,2,1
2019-20,33,Tamilnadu,3316,PERAMBALUR,331603,VEPPANTHATTAI,1,"Department of Education",1,"PS (I-V)",1,"Below Secondary",1,"Diploma or certificate in basic teachers training of a duration not less than two years",0,0,0,0,0,2,0,0,0,0,0,0,0,0,0,0,0,0,2,0,2
2019-20,33,Tamilnadu,3316,PERAMBALUR,331604,PERAMBALUR,1,"Department of Education",1,"PS (I-V)",1,"Below Secondary",1,"Diploma or certificate in basic teachers training of a duration not less than two years",0,0,0,0,0,2,0,0,0,0,0,0,0,0,0,0,0,0,2,0,2
2019-20,33,Tamilnadu,3316,PERAMBALUR,331606,ALATHUR,1,"Department of Education",1,"PS (I-V)",1,"Below Secondary",1,"Diploma or certificate in basic teachers training of a duration not less than two years",0,0,0,0,2,0,0,0,0,0,0,0,0,0,0,0,0,0,2,2,0
2019-20,33,Tamilnadu,3316,PERAMBALUR,331602,VEPPUR,1,"Department of Education",2,"UPS (I-VIII)",1,"Below Secondary",1,"Diploma or certificate in basic teachers training of a duration not less than two years",0,0,0,0,0,2,0,0,0,0,0,0,0,0,0,0,0,0,2,0,2
2019-20,33,Tamilnadu,3316,PERAMBALUR,331606,ALATHUR,1,"Department of Education",2,"UPS (I-VIII)",1,"Below Secondary",1,"Diploma or certificate in basic teachers training of a duration not less than two years",0,0,0,0,1,0,0,0,0,0,0,0,0,0,0,0,0,0,1,1,0
2019-20,33,Tamilnadu,3316,PERAMBALUR,331603,VEPPANTHATTAI,1,"Department of Education",1,"PS (I-V)",1,"Below Secondary",3,"B.Ed. or equivalent",0,0,0,0,0,2,0,0,0,0,0,0,0,0,0,0,0,0,2,0,2
2019-20,33,Tamilnadu,3316,PERAMBALUR,331606,ALATHUR,1,"Department of Education",1,"PS (I-V)",1,"Below Secondary",3,"B.Ed. or equivalent",0,0,0,0,0,2,0,0,0,0,0,0,0,0,0,0,0,0,2,0,2
2019-20,33,Tamilnadu,3316,PERAMBALUR,331604,PERAMBALUR,1,"Department of Education",2,"UPS (I-VIII)",1,"Below Secondary",3,"B.Ed. or equivalent",0,0,0,0,0,0,0,0,0,1,0,0,0,0,0,0,0,0,1,0,1
2019-20,33,Tamilnadu,3316,PERAMBALUR,331602,VEPPUR,1,"Department of Education",5,"HSS (VI-XII)",1,"Below Secondary",3,"B.Ed. or equivalent",0,0,0,0,0,0,0,0,1,0,0,0,0,0,0,0,0,1,2,1,1
2019-20,33,Tamilnadu,3316,PERAMBALUR,331603,VEPPANTHATTAI,1,"Department of Education",5,"HSS (VI-XII)",1,"Below Secondary",3,"B.Ed. or equivalent",0,0,0,0,0,0,0,0,0,0,0,0,0,0,0,1,0,0,1,0,1
2019-20,33,Tamilnadu,3316,PERAMBALUR,331604,PERAMBALUR,1,"Department of Education",5,"HSS (VI-XII)",1,"Below Secondary",3,"B.Ed. or equivalent",0,0,0,0,0,0,0,0,0,1,0,0,0,0,0,0,0,0,1,0,1
2019-20,33,Tamilnadu,3316,PERAMBALUR,331603,VEPPANTHATTAI,1,"Department of Education",1,"PS (I-V)",1,"Below Secondary",4,"M.Ed. or equivalent",0,0,0,0,1,0,0,0,0,0,0,0,0,0,0,0,0,0,1,1,0
2019-20,33,Tamilnadu,3316,PERAMBALUR,331602,VEPPUR,1,"Department of Education",2,"UPS (I-VIII)",1,"Below Secondary",4,"M.Ed. or equivalent",0,0,0,0,0,0,0,0,1,0,0,0,0,0,0,0,0,0,1,1,0
2019-20,33,Tamilnadu,3316,PERAMBALUR,331602,VEPPUR,1,"Department of Education",5,"HSS (VI-XII)",1,"Below Secondary",4,"M.Ed. or equivalent",0,0,0,0,0,0,0,0,0,2,0,0,0,0,0,0,0,0,2,0,2
2019-20,33,Tamilnadu,3316,PERAMBALUR,331603,VEPPANTHATTAI,1,"Department of Education",5,"HSS (VI-XII)",1,"Below Secondary",4,"M.Ed. or equivalent",0,0,0,0,0,0,0,0,1,0,0,0,0,0,0,0,0,0,1,1,0
2019-20,33,Tamilnadu,3316,PERAMBALUR,331604,PERAMBALUR,1,"Department of Education",5,"HSS (VI-XII)",1,"Below Secondary",4,"M.Ed. or equivalent",0,0,0,0,0,0,0,0,0,1,0,0,0,0,0,0,0,0,1,0,1
2019-20,33,Tamilnadu,3316,PERAMBALUR,331606,ALATHUR,1,"Department of Education",5,"HSS (VI-XII)",1,"Below Secondary",4,"M.Ed. or equivalent",0,0,0,0,0,0,0,0,0,1,1,1,0,0,0,0,0,0,3,1,2
2019-20,33,Tamilnadu,3316,PERAMBALUR,331606,ALATHUR,1,"Department of Education",7,"SS (VI-X)",1,"Below Secondary",4,"M.Ed. or equivalent",0,0,0,0,0,0,0,0,1,0,0,0,0,1,0,0,0,0,2,1,1
2019-20,33,Tamilnadu,3316,PERAMBALUR,331602,VEPPUR,1,"Department of Education",5,"HSS (VI-XII)",1,"Below Secondary",5,Others,0,0,0,0,0,0,0,0,1,0,1,0,0,0,0,0,0,0,2,2,0
2019-20,33,Tamilnadu,3316,PERAMBALUR,331603,VEPPANTHATTAI,1,"Department of Education",5,"HSS (VI-XII)",1,"Below Secondary",5,Others,0,0,0,0,0,0,0,0,1,0,1,0,0,0,0,0,0,0,2,2,0
2019-20,33,Tamilnadu,3316,PERAMBALUR,331604,PERAMBALUR,1,"Department of Education",5,"HSS (VI-XII)",1,"Below Secondary",5,Others,0,0,0,0,0,0,0,0,1,0,0,0,0,0,0,0,0,0,1,1,0
2019-20,33,Tamilnadu,3316,PERAMBALUR,331606,ALATHUR,1,"Department of Education",5,"HSS (VI-XII)",1,"Below Secondary",5,Others,0,0,0,0,0,0,0,0,2,1,0,0,0,0,0,0,0,0,3,2,1
2019-20,33,Tamilnadu,3316,PERAMBALUR,331602,VEPPUR,1,"Department of Education",7,"SS (VI-X)",1,"Below Secondary",5,Others,0,0,0,0,0,0,0,0,1,1,0,0,0,0,0,0,0,0,2,1,1
2019-20,33,Tamilnadu,3316,PERAMBALUR,331603,VEPPANTHATTAI,1,"Department of Education",7,"SS (VI-X)",1,"Below Secondary",5,Others,0,0,0,0,0,0,0,0,1,1,0,0,0,0,0,0,0,0,2,1,1
2019-20,33,Tamilnadu,3316,PERAMBALUR,331604,PERAMBALUR,1,"Department of Education",7,"SS (VI-X)",1,"Below Secondary",5,Others,0,0,0,0,0,0,0,0,0,1,0,0,0,0,0,0,0,0,1,0,1
2019-20,33,Tamilnadu,3316,PERAMBALUR,331603,VEPPANTHATTAI,1,"Department of Education",5,"HSS (VI-XII)",1,"Below Secondary",6,None,0,0,0,0,0,0,0,0,0,1,0,0,0,0,0,0,0,0,1,0,1
2019-20,33,Tamilnadu,3316,PERAMBALUR,331604,PERAMBALUR,1,"Department of Education",5,"HSS (VI-XII)",1,"Below Secondary",6,None,0,0,0,0,0,0,0,0,0,2,0,0,0,0,0,0,0,0,2,0,2
2019-20,33,Tamilnadu,3316,PERAMBALUR,331606,ALATHUR,1,"Department of Education",5,"HSS (VI-XII)",1,"Below Secondary",6,None,0,0,0,0,0,0,0,0,0,0,0,0,0,0,1,0,0,0,1,1,0
2019-20,33,Tamilnadu,3316,PERAMBALUR,331602,VEPPUR,1,"Department of Education",1,"PS (I-V)",3,"Higher secondary",1,"Diploma or certificate in basic teachers training of a duration not less than two years",0,0,0,0,8,11,0,0,0,0,0,0,0,0,0,0,0,0,19,8,11
2019-20,33,Tamilnadu,3316,PERAMBALUR,331603,VEPPANTHATTAI,1,"Department of Education",1,"PS (I-V)",3,"Higher secondary",1,"Diploma or certificate in basic teachers training of a duration not less than two years",0,0,0,0,7,11,0,0,0,0,0,0,0,0,0,0,0,0,18,7,11
2019-20,33,Tamilnadu,3316,PERAMBALUR,331604,PERAMBALUR,1,"Department of Education",1,"PS (I-V)",3,"Higher secondary",1,"Diploma or certificate in basic teachers training of a duration not less than two years",0,0,0,0,3,12,0,0,0,0,0,0,0,0,0,0,0,0,15,3,12
2019-20,33,Tamilnadu,3316,PERAMBALUR,331606,ALATHUR,1,"Department of Education",1,"PS (I-V)",3,"Higher secondary",1,"Diploma or certificate in basic teachers training of a duration not less than two years",0,0,0,0,10,6,0,0,0,0,0,0,0,0,0,0,0,0,16,10,6
2019-20,33,Tamilnadu,3316,PERAMBALUR,331602,VEPPUR,1,"Department of Education",2,"UPS (I-VIII)",3,"Higher secondary",1,"Diploma or certificate in basic teachers training of a duration not less than two years",0,0,0,0,2,1,0,0,0,0,0,0,0,0,0,0,0,0,3,2,1
2019-20,33,Tamilnadu,3316,PERAMBALUR,331603,VEPPANTHATTAI,1,"Department of Education",2,"UPS (I-VIII)",3,"Higher secondary",1,"Diploma or certificate in basic teachers training of a duration not less than two years",0,0,0,0,1,1,0,0,0,0,0,0,0,0,0,0,0,0,2,1,1
2019-20,33,Tamilnadu,3316,PERAMBALUR,331604,PERAMBALUR,1,"Department of Education",2,"UPS (I-VIII)",3,"Higher secondary",1,"Diploma or certificate in basic teachers training of a duration not less than two years",0,0,0,0,1,4,0,0,0,0,0,0,0,0,0,0,0,0,5,1,4
2019-20,33,Tamilnadu,3316,PERAMBALUR,331606,ALATHUR,1,"Department of Education",2,"UPS (I-VIII)",3,"Higher secondary",1,"Diploma or certificate in basic teachers training of a duration not less than two years",0,0,0,0,4,3,0,0,0,0,0,0,0,0,0,0,0,0,7,4,3
2019-20,33,Tamilnadu,3316,PERAMBALUR,331604,PERAMBALUR,1,"Department of Education",5,"HSS (VI-XII)",3,"Higher secondary",1,"Diploma or certificate in basic teachers training of a duration not less than two years",0,0,0,0,0,0,0,0,1,1,0,0,0,0,0,0,0,0,2,1,1
2019-20,33,Tamilnadu,3316,PERAMBALUR,331603,VEPPANTHATTAI,1,"Department of Education",1,"PS (I-V)",3,"Higher secondary",3,"B.Ed. or equivalent",0,0,0,0,3,3,0,0,0,0,0,0,0,0,0,0,0,0,6,3,3
2019-20,33,Tamilnadu,3316,PERAMBALUR,331604,PERAMBALUR,1,"Department of Education",1,"PS (I-V)",3,"Higher secondary",3,"B.Ed. or equivalent",0,0,0,0,0,2,0,0,0,0,0,0,0,0,0,0,0,0,2,0,2
2019-20,33,Tamilnadu,3316,PERAMBALUR,331602,VEPPUR,1,"Department of Education",2,"UPS (I-VIII)",3,"Higher secondary",3,"B.Ed. or equivalent",0,0,0,0,0,0,0,0,1,0,0,0,0,0,0,0,0,0,1,1,0
2019-20,33,Tamilnadu,3316,PERAMBALUR,331603,VEPPANTHATTAI,1,"Department of Education",2,"UPS (I-VIII)",3,"Higher secondary",3,"B.Ed. or equivalent",0,0,0,0,2,0,0,0,0,1,0,0,0,0,0,0,0,0,3,2,1
2019-20,33,Tamilnadu,3316,PERAMBALUR,331606,ALATHUR,1,"Department of Education",3,"HSS (I-XII)",3,"Higher secondary",3,"B.Ed. or equivalent",0,0,0,0,0,0,0,0,1,0,0,0,0,0,1,0,0,0,2,2,0
2019-20,33,Tamilnadu,3316,PERAMBALUR,331602,VEPPUR,1,"Department of Education",5,"HSS (VI-XII)",3,"Higher secondary",3,"B.Ed. or equivalent",0,0,0,0,0,0,0,0,0,0,1,0,0,0,0,0,0,1,2,1,1
2019-20,33,Tamilnadu,3316,PERAMBALUR,331603,VEPPANTHATTAI,1,"Department of Education",5,"HSS (VI-XII)",3,"Higher secondary",3,"B.Ed. or equivalent",0,0,0,0,0,0,0,0,2,2,0,0,0,0,0,0,0,0,4,2,2
2019-20,33,Tamilnadu,3316,PERAMBALUR,331604,PERAMBALUR,1,"Department of Education",5,"HSS (VI-XII)",3,"Higher secondary",3,"B.Ed. or equivalent",0,0,0,0,0,0,0,0,1,1,0,0,2,1,0,0,0,0,5,3,2
2019-20,33,Tamilnadu,3316,PERAMBALUR,331606,ALATHUR,1,"Department of Education",5,"HSS (VI-XII)",3,"Higher secondary",3,"B.Ed. or equivalent",0,0,0,0,0,0,0,0,0,1,1,0,0,0,0,0,0,0,2,1,1
2019-20,33,Tamilnadu,3316,PERAMBALUR,331603,VEPPANTHATTAI,1,"Department of Education",7,"SS (VI-X)",3,"Higher secondary",3,"B.Ed. or equivalent",0,0,0,0,0,0,0,0,0,1,0,0,3,1,0,0,0,0,5,3,2
2019-20,33,Tamilnadu,3316,PERAMBALUR,331606,ALATHUR,1,"Department of Education",7,"SS (VI-X)",3,"Higher secondary",3,"B.Ed. or equivalent",0,0,0,0,0,0,0,0,2,1,0,0,0,0,0,0,0,0,3,2,1
2019-20,33,Tamilnadu,3316,PERAMBALUR,331603,VEPPANTHATTAI,1,"Department of Education",1,"PS (I-V)",3,"Higher secondary",4,"M.Ed. or equivalent",0,0,0,0,1,2,0,0,0,0,0,0,0,0,0,0,0,0,3,1,2
2019-20,33,Tamilnadu,3316,PERAMBALUR,331604,PERAMBALUR,1,"Department of Education",5,"HSS (VI-XII)",3,"Higher secondary",4,"M.Ed. or equivalent",0,0,0,0,0,0,0,0,0,1,0,0,0,0,0,0,0,0,1,0,1
2019-20,33,Tamilnadu,3316,PERAMBALUR,331606,ALATHUR,1,"Department of Education",5,"HSS (VI-XII)",3,"Higher secondary",4,"M.Ed. or equivalent",0,0,0,0,0,0,0,0,1,0,0,0,0,0,0,0,0,0,1,1,0
2019-20,33,Tamilnadu,3316,PERAMBALUR,331604,PERAMBALUR,1,"Department of Education",2,"UPS (I-VIII)",3,"Higher secondary",5,Others,0,0,0,0,0,0,0,1,0,0,0,0,0,0,0,0,0,0,1,0,1
2019-20,33,Tamilnadu,3316,PERAMBALUR,331606,ALATHUR,1,"Department of Education",3,"HSS (I-XII)",3,"Higher secondary",5,Others,0,0,0,0,0,0,0,0,0,1,0,0,0,0,0,0,0,0,1,0,1
2019-20,33,Tamilnadu,3316,PERAMBALUR,331602,VEPPUR,1,"Department of Education",5,"HSS (VI-XII)",3,"Higher secondary",5,Others,0,0,0,0,0,0,0,0,1,0,0,0,1,0,0,0,0,0,2,2,0
2019-20,33,Tamilnadu,3316,PERAMBALUR,331603,VEPPANTHATTAI,1,"Department of Education",5,"HSS (VI-XII)",3,"Higher secondary",5,Others,0,0,0,0,0,0,0,0,0,1,1,0,0,0,0,0,0,0,2,1,1
2019-20,33,Tamilnadu,3316,PERAMBALUR,331604,PERAMBALUR,1,"Department of Education",5,"HSS (VI-XII)",3,"Higher secondary",5,Others,0,0,0,0,0,0,0,0,2,0,0,0,2,0,0,0,1,1,6,5,1
2019-20,33,Tamilnadu,3316,PERAMBALUR,331606,ALATHUR,1,"Department of Education",5,"HSS (VI-XII)",3,"Higher secondary",5,Others,0,0,0,0,0,0,0,0,0,1,0,0,0,0,0,0,0,0,1,0,1
2019-20,33,Tamilnadu,3316,PERAMBALUR,331602,VEPPUR,1,"Department of Education",7,"SS (VI-X)",3,"Higher secondary",5,Others,0,0,0,0,0,0,0,0,0,0,1,0,0,0,0,0,0,0,1,1,0
2019-20,33,Tamilnadu,3316,PERAMBALUR,331603,VEPPANTHATTAI,1,"Department of Education",7,"SS (VI-X)",3,"Higher secondary",5,Others,0,0,0,0,0,0,0,0,1,2,0,1,0,0,0,0,0,0,4,1,3
2019-20,33,Tamilnadu,3316,PERAMBALUR,331604,PERAMBALUR,1,"Department of Education",7,"SS (VI-X)",3,"Higher secondary",5,Others,0,0,0,0,0,0,0,0,0,1,0,0,0,0,0,0,0,0,1,0,1
2019-20,33,Tamilnadu,3316,PERAMBALUR,331606,ALATHUR,1,"Department of Education",7,"SS (VI-X)",3,"Higher secondary",5,Others,0,0,0,0,0,0,0,0,2,0,0,0,0,0,0,0,0,0,2,2,0
2019-20,33,Tamilnadu,3316,PERAMBALUR,331604,PERAMBALUR,1,"Department of Education",2,"UPS (I-VIII)",3,"Higher secondary",6,None,0,0,0,0,0,0,0,0,0,1,0,0,0,0,0,0,0,0,1,0,1
2019-20,33,Tamilnadu,3316,PERAMBALUR,331602,VEPPUR,1,"Department of Education",5,"HSS (VI-XII)",3,"Higher secondary",6,None,0,0,0,0,0,0,0,0,2,0,0,0,0,0,0,0,0,0,2,2,0
2019-20,33,Tamilnadu,3316,PERAMBALUR,331603,VEPPANTHATTAI,1,"Department of Education",5,"HSS (VI-XII)",3,"Higher secondary",6,None,0,0,0,0,0,0,0,0,0,0,0,3,0,0,0,0,0,0,3,0,3
2019-20,33,Tamilnadu,3316,PERAMBALUR,331604,PERAMBALUR,1,"Department of Education",5,"HSS (VI-XII)",3,"Higher secondary",6,None,0,0,0,0,0,0,0,0,1,2,0,0,0,0,0,0,1,0,4,2,2
2019-20,33,Tamilnadu,3316,PERAMBALUR,331602,VEPPUR,1,"Department of Education",1,"PS (I-V)",4,Graduate,1,"Diploma or certificate in basic teachers training of a duration not less than two years",0,0,0,0,10,6,0,0,0,0,0,0,0,0,0,0,0,0,16,10,6
2019-20,33,Tamilnadu,3316,PERAMBALUR,331603,VEPPANTHATTAI,1,"Department of Education",1,"PS (I-V)",4,Graduate,1,"Diploma or certificate in basic teachers training of a duration not less than two years",0,0,0,0,0,7,0,0,0,0,0,0,0,0,0,0,0,0,7,0,7
2019-20,33,Tamilnadu,3316,PERAMBALUR,331604,PERAMBALUR,1,"Department of Education",1,"PS (I-V)",4,Graduate,1,"Diploma or certificate in basic teachers training of a duration not less than two years",0,0,0,0,2,9,0,0,0,0,0,0,0,0,0,0,0,0,11,2,9
2019-20,33,Tamilnadu,3316,PERAMBALUR,331606,ALATHUR,1,"Department of Education",1,"PS (I-V)",4,Graduate,1,"Diploma or certificate in basic teachers training of a duration not less than two years",0,0,0,0,8,17,0,0,0,0,0,0,0,0,0,0,0,0,25,8,17
2019-20,33,Tamilnadu,3316,PERAMBALUR,331602,VEPPUR,1,"Department of Education",2,"UPS (I-VIII)",4,Graduate,1,"Diploma or certificate in basic teachers training of a duration not less than two years",0,0,0,0,0,2,0,0,0,0,0,0,0,0,0,0,0,0,2,0,2
2019-20,33,Tamilnadu,3316,PERAMBALUR,331603,VEPPANTHATTAI,1,"Department of Education",2,"UPS (I-VIII)",4,Graduate,1,"Diploma or certificate in basic teachers training of a duration not less than two years",0,0,0,0,1,2,0,0,0,0,0,0,0,0,0,0,0,0,3,1,2
2019-20,33,Tamilnadu,3316,PERAMBALUR,331604,PERAMBALUR,1,"Department of Education",2,"UPS (I-VIII)",4,Graduate,1,"Diploma or certificate in basic teachers training of a duration not less than two years",0,0,0,0,0,3,0,0,0,0,0,0,0,0,0,0,0,0,3,0,3
2019-20,33,Tamilnadu,3316,PERAMBALUR,331606,ALATHUR,1,"Department of Education",2,"UPS (I-VIII)",4,Graduate,1,"Diploma or certificate in basic teachers training of a duration not less than two years",0,0,0,0,5,7,0,0,0,0,0,0,0,0,0,0,0,0,12,5,7
2019-20,33,Tamilnadu,3316,PERAMBALUR,331602,VEPPUR,1,"Department of Education",5,"HSS (VI-XII)",4,Graduate,1,"Diploma or certificate in basic teachers training of a duration not less than two years",0,0,0,0,0,0,0,0,1,0,0,0,0,0,0,0,0,0,1,1,0
2019-20,33,Tamilnadu,3316,PERAMBALUR,331603,VEPPANTHATTAI,1,"Department of Education",5,"HSS (VI-XII)",4,Graduate,1,"Diploma or certificate in basic teachers training of a duration not less than two years",0,0,0,0,0,0,0,0,1,1,0,0,0,0,0,0,0,0,2,1,1
2019-20,33,Tamilnadu,3316,PERAMBALUR,331606,ALATHUR,1,"Department of Education",5,"HSS (VI-XII)",4,Graduate,1,"Diploma or certificate in basic teachers training of a duration not less than two years",0,0,0,0,0,0,0,0,0,1,0,0,0,0,0,0,0,0,1,0,1
2019-20,33,Tamilnadu,3316,PERAMBALUR,331606,ALATHUR,1,"Department of Education",7,"SS (VI-X)",4,Graduate,1,"Diploma or certificate in basic teachers training of a duration not less than two years",0,0,0,0,0,0,0,0,1,0,0,0,0,0,0,0,0,0,1,1,0
2019-20,33,Tamilnadu,3316,PERAMBALUR,331602,VEPPUR,24,"Private Unaided (Recognized)",1,"PS (I-V)",3,"Higher secondary",6,None,0,0,0,0,0,2,0,0,0,0,0,0,0,0,0,0,0,0,2,0,2
2019-20,33,Tamilnadu,3316,PERAMBALUR,331603,VEPPANTHATTAI,24,"Private Unaided (Recognized)",1,"PS (I-V)",3,"Higher secondary",6,None,0,0,0,0,0,1,0,0,0,0,0,0,0,0,0,0,0,0,1,0,1
2019-20,33,Tamilnadu,3316,PERAMBALUR,331604,PERAMBALUR,24,"Private Unaided (Recognized)",1,"PS (I-V)",3,"Higher secondary",6,None,0,0,0,0,0,1,0,0,0,0,0,0,0,0,0,0,0,0,1,0,1
2019-20,33,Tamilnadu,3316,PERAMBALUR,331602,VEPPUR,1,"Department of Education",1,"PS (I-V)",4,Graduate,3,"B.Ed. or equivalent",0,0,0,0,8,17,0,0,0,0,0,0,0,0,0,0,0,0,25,8,17
2019-20,33,Tamilnadu,3316,PERAMBALUR,331603,VEPPANTHATTAI,1,"Department of Education",1,"PS (I-V)",4,Graduate,3,"B.Ed. or equivalent",0,0,0,0,5,8,0,0,0,0,0,0,0,0,0,0,0,0,13,5,8
2019-20,33,Tamilnadu,3316,PERAMBALUR,331604,PERAMBALUR,1,"Department of Education",1,"PS (I-V)",4,Graduate,3,"B.Ed. or equivalent",0,0,0,0,1,4,0,0,0,0,0,0,0,0,0,0,0,0,5,1,4
2019-20,33,Tamilnadu,3316,PERAMBALUR,331606,ALATHUR,1,"Department of Education",1,"PS (I-V)",4,Graduate,3,"B.Ed. or equivalent",0,0,0,0,3,5,0,0,0,0,0,0,0,0,0,0,0,0,8,3,5
2019-20,33,Tamilnadu,3316,PERAMBALUR,331602,VEPPUR,1,"Department of Education",2,"UPS (I-VIII)",4,Graduate,3,"B.Ed. or equivalent",0,0,0,0,4,3,0,0,1,3,0,0,0,0,0,0,0,0,11,5,6
2019-20,33,Tamilnadu,3316,PERAMBALUR,331603,VEPPANTHATTAI,1,"Department of Education",2,"UPS (I-VIII)",4,Graduate,3,"B.Ed. or equivalent",0,0,0,0,1,4,0,1,3,1,0,0,0,0,0,0,0,0,10,4,6
2019-20,33,Tamilnadu,3316,PERAMBALUR,331604,PERAMBALUR,1,"Department of Education",2,"UPS (I-VIII)",4,Graduate,3,"B.Ed. or equivalent",0,0,0,0,0,0,0,0,2,4,0,0,0,0,0,0,0,0,6,2,4
2019-20,33,Tamilnadu,3316,PERAMBALUR,331606,ALATHUR,1,"Department of Education",2,"UPS (I-VIII)",4,Graduate,3,"B.Ed. or equivalent",0,0,0,0,0,5,0,1,6,2,0,0,0,0,0,0,0,0,14,6,8
2019-20,33,Tamilnadu,3316,PERAMBALUR,331606,ALATHUR,1,"Department of Education",3,"HSS (I-XII)",4,Graduate,3,"B.Ed. or equivalent",0,0,0,0,0,0,0,0,0,1,0,0,0,0,1,0,0,0,2,1,1
2019-20,33,Tamilnadu,3316,PERAMBALUR,331602,VEPPUR,1,"Department of Education",5,"HSS (VI-XII)",4,Graduate,3,"B.Ed. or equivalent",0,0,0,0,0,0,0,0,5,3,1,4,4,10,0,0,1,1,29,11,18
2019-20,33,Tamilnadu,3316,PERAMBALUR,331603,VEPPANTHATTAI,1,"Department of Education",5,"HSS (VI-XII)",4,Graduate,3,"B.Ed. or equivalent",0,0,0,0,0,0,0,0,7,0,3,1,0,1,0,0,0,0,12,10,2
2019-20,33,Tamilnadu,3316,PERAMBALUR,331604,PERAMBALUR,1,"Department of Education",5,"HSS (VI-XII)",4,Graduate,3,"B.Ed. or equivalent",0,0,0,0,0,0,0,0,2,8,2,1,4,1,4,0,1,0,23,13,10
2019-20,33,Tamilnadu,3316,PERAMBALUR,331606,ALATHUR,1,"Department of Education",5,"HSS (VI-XII)",4,Graduate,3,"B.Ed. or equivalent",0,0,0,0,0,0,0,0,3,2,6,9,2,0,0,1,0,0,23,11,12
2019-20,33,Tamilnadu,3316,PERAMBALUR,331602,VEPPUR,1,"Department of Education",7,"SS (VI-X)",4,Graduate,3,"B.Ed. or equivalent",0,0,0,0,0,0,0,0,2,3,13,9,1,0,0,0,0,0,28,16,12
2019-20,33,Tamilnadu,3316,PERAMBALUR,331603,VEPPANTHATTAI,1,"Department of Education",7,"SS (VI-X)",4,Graduate,3,"B.Ed. or equivalent",0,0,0,0,0,0,0,0,2,1,0,2,1,0,0,0,0,0,6,3,3
2019-20,33,Tamilnadu,3316,PERAMBALUR,331604,PERAMBALUR,1,"Department of Education",7,"SS (VI-X)",4,Graduate,3,"B.Ed. or equivalent",0,0,0,0,0,0,0,0,1,3,1,0,1,2,0,0,0,0,8,3,5
2019-20,33,Tamilnadu,3316,PERAMBALUR,331606,ALATHUR,1,"Department of Education",7,"SS (VI-X)",4,Graduate,3,"B.Ed. or equivalent",0,0,0,0,0,0,0,0,2,2,4,4,0,0,0,0,0,0,12,6,6
2019-20,33,Tamilnadu,3316,PERAMBALUR,331604,PERAMBALUR,1,"Department of Education",1,"PS (I-V)",4,Graduate,4,"M.Ed. or equivalent",0,0,0,0,0,2,0,0,0,0,0,0,0,0,0,0,0,0,2,0,2
2019-20,33,Tamilnadu,3316,PERAMBALUR,331602,VEPPUR,1,"Department of Education",2,"UPS (I-VIII)",4,Graduate,4,"M.Ed. or equivalent",0,0,0,0,0,1,0,0,1,1,0,0,0,0,0,0,0,0,3,1,2
2019-20,33,Tamilnadu,3316,PERAMBALUR,331606,ALATHUR,1,"Department of Education",2,"UPS (I-VIII)",4,Graduate,4,"M.Ed. or equivalent",0,0,0,0,0,0,0,0,1,0,0,0,0,0,0,0,0,0,1,1,0
2019-20,33,Tamilnadu,3316,PERAMBALUR,331602,VEPPUR,1,"Department of Education",5,"HSS (VI-XII)",4,Graduate,4,"M.Ed. or equivalent",0,0,0,0,0,0,0,0,1,0,0,0,0,0,0,0,2,0,3,3,0
2019-20,33,Tamilnadu,3316,PERAMBALUR,331603,VEPPANTHATTAI,1,"Department of Education",5,"HSS (VI-XII)",4,Graduate,4,"M.Ed. or equivalent",0,0,0,0,0,0,0,0,0,0,0,0,0,0,0,1,0,0,1,0,1
2019-20,33,Tamilnadu,3316,PERAMBALUR,331604,PERAMBALUR,1,"Department of Education",5,"HSS (VI-XII)",4,Graduate,4,"M.Ed. or equivalent",0,0,0,0,0,0,0,0,0,1,1,0,0,0,1,0,0,0,3,2,1
2019-20,33,Tamilnadu,3316,PERAMBALUR,331606,ALATHUR,1,"Department of Education",5,"HSS (VI-XII)",4,Graduate,4,"M.Ed. or equivalent",0,0,0,0,0,0,0,0,0,0,1,0,0,0,0,0,0,0,1,1,0
2019-20,33,Tamilnadu,3316,PERAMBALUR,331602,VEPPUR,1,"Department of Education",7,"SS (VI-X)",4,Graduate,4,"M.Ed. or equivalent",0,0,0,0,0,0,0,0,0,0,1,0,0,0,0,0,0,0,1,1,0
2019-20,33,Tamilnadu,3316,PERAMBALUR,331603,VEPPANTHATTAI,1,"Department of Education",7,"SS (VI-X)",4,Graduate,4,"M.Ed. or equivalent",0,0,0,0,0,0,0,0,0,0,0,0,0,1,0,0,0,0,1,0,1
2019-20,33,Tamilnadu,3316,PERAMBALUR,331604,PERAMBALUR,1,"Department of Education",7,"SS (VI-X)",4,Graduate,4,"M.Ed. or equivalent",0,0,0,0,0,0,0,0,1,0,0,0,0,0,0,0,0,0,1,1,0
2019-20,33,Tamilnadu,3316,PERAMBALUR,331606,ALATHUR,1,"Department of Education",7,"SS (VI-X)",4,Graduate,4,"M.Ed. or equivalent",0,0,0,0,0,0,0,0,1,1,0,0,0,0,0,0,0,0,2,1,1
2019-20,33,Tamilnadu,3316,PERAMBALUR,331603,VEPPANTHATTAI,1,"Department of Education",1,"PS (I-V)",4,Graduate,5,Others,0,0,0,0,0,1,0,0,0,0,0,0,0,0,0,0,0,0,1,0,1
2019-20,33,Tamilnadu,3316,PERAMBALUR,331606,ALATHUR,1,"Department of Education",3,"HSS (I-XII)",4,Graduate,5,Others,0,0,0,0,0,0,0,0,0,0,1,0,0,0,0,0,0,0,1,1,0
2019-20,33,Tamilnadu,3316,PERAMBALUR,331602,VEPPUR,1,"Department of Education",5,"HSS (VI-XII)",4,Graduate,5,Others,0,0,0,0,0,0,0,0,0,1,0,0,0,0,0,0,0,0,1,0,1
2019-20,33,Tamilnadu,3316,PERAMBALUR,331604,PERAMBALUR,1,"Department of Education",5,"HSS (VI-XII)",4,Graduate,5,Others,0,0,0,0,0,0,0,0,0,0,0,0,0,1,0,0,0,0,1,0,1
2019-20,33,Tamilnadu,3316,PERAMBALUR,331606,ALATHUR,1,"Department of Education",5,"HSS (VI-XII)",4,Graduate,5,Others,0,0,0,0,0,0,0,0,0,0,0,0,0,0,0,0,1,0,1,1,0
2019-20,33,Tamilnadu,3316,PERAMBALUR,331602,VEPPUR,1,"Department of Education",7,"SS (VI-X)",4,Graduate,5,Others,0,0,0,0,0,0,0,0,2,0,0,0,0,0,0,0,0,0,2,2,0
2019-20,33,Tamilnadu,3316,PERAMBALUR,331604,PERAMBALUR,1,"Department of Education",7,"SS (VI-X)",4,Graduate,5,Others,0,0,0,0,0,0,0,0,0,0,0,0,1,0,0,0,0,0,1,1,0
2019-20,33,Tamilnadu,3316,PERAMBALUR,331606,ALATHUR,1,"Department of Education",7,"SS (VI-X)",4,Graduate,5,Others,0,0,0,0,0,0,0,0,0,1,0,0,0,0,0,0,0,0,1,0,1
2019-20,33,Tamilnadu,3316,PERAMBALUR,331606,ALATHUR,1,"Department of Education",2,"UPS (I-VIII)",4,Graduate,6,None,0,0,0,0,0,0,0,0,0,1,0,0,0,0,0,0,0,0,1,0,1
2019-20,33,Tamilnadu,3316,PERAMBALUR,331606,ALATHUR,1,"Department of Education",3,"HSS (I-XII)",4,Graduate,6,None,0,0,0,0,0,0,0,0,1,0,0,0,0,0,0,0,0,0,1,1,0
2019-20,33,Tamilnadu,3316,PERAMBALUR,331602,VEPPUR,1,"Department of Education",5,"HSS (VI-XII)",4,Graduate,6,None,0,0,0,0,0,0,0,0,2,2,0,0,0,0,0,0,0,0,4,2,2
2019-20,33,Tamilnadu,3316,PERAMBALUR,331603,VEPPANTHATTAI,1,"Department of Education",5,"HSS (VI-XII)",4,Graduate,6,None,0,0,0,0,0,0,0,0,2,0,0,0,0,0,0,0,0,0,2,2,0
2019-20,33,Tamilnadu,3316,PERAMBALUR,331602,VEPPUR,1,"Department of Education",7,"SS (VI-X)",4,Graduate,6,None,0,0,0,0,0,0,0,0,1,0,0,0,0,0,0,0,0,0,1,1,0
2019-20,33,Tamilnadu,3316,PERAMBALUR,331602,VEPPUR,1,"Department of Education",1,"PS (I-V)",5,"Post graduate",1,"Diploma or certificate in basic teachers training of a duration not less than two years",0,0,0,0,2,6,0,0,0,0,0,0,0,0,0,0,0,0,8,2,6
2019-20,33,Tamilnadu,3316,PERAMBALUR,331603,VEPPANTHATTAI,1,"Department of Education",1,"PS (I-V)",5,"Post graduate",1,"Diploma or certificate in basic teachers training of a duration not less than two years",0,0,0,0,7,13,0,0,0,0,0,0,0,0,0,0,0,0,20,7,13
2019-20,33,Tamilnadu,3316,PERAMBALUR,331604,PERAMBALUR,1,"Department of Education",1,"PS (I-V)",5,"Post graduate",1,"Diploma or certificate in basic teachers training of a duration not less than two years",0,0,0,0,1,6,0,0,0,0,0,0,0,0,0,0,0,0,7,1,6
2019-20,33,Tamilnadu,3316,PERAMBALUR,331606,ALATHUR,1,"Department of Education",1,"PS (I-V)",5,"Post graduate",1,"Diploma or certificate in basic teachers training of a duration not less than two years",0,0,0,0,12,30,0,0,0,0,0,0,0,0,0,0,0,0,42,12,30
2019-20,33,Tamilnadu,3316,PERAMBALUR,331602,VEPPUR,1,"Department of Education",2,"UPS (I-VIII)",5,"Post graduate",1,"Diploma or certificate in basic teachers training of a duration not less than two years",0,0,0,0,1,2,0,0,0,0,0,0,0,0,0,0,0,0,3,1,2
2019-20,33,Tamilnadu,3316,PERAMBALUR,331603,VEPPANTHATTAI,1,"Department of Education",2,"UPS (I-VIII)",5,"Post graduate",1,"Diploma or certificate in basic teachers training of a duration not less than two years",0,0,0,0,4,5,0,0,0,0,0,0,0,0,0,0,0,0,9,4,5
2019-20,33,Tamilnadu,3316,PERAMBALUR,331604,PERAMBALUR,1,"Department of Education",2,"UPS (I-VIII)",5,"Post graduate",1,"Diploma or certificate in basic teachers training of a duration not less than two years",0,0,0,0,1,1,0,0,0,0,0,0,0,0,0,0,0,0,2,1,1
2019-20,33,Tamilnadu,3316,PERAMBALUR,331606,ALATHUR,1,"Department of Education",2,"UPS (I-VIII)",5,"Post graduate",1,"Diploma or certificate in basic teachers training of a duration not less than two years",0,0,0,0,3,8,0,0,0,0,0,0,0,0,0,0,0,0,11,3,8
2019-20,33,Tamilnadu,3316,PERAMBALUR,331602,VEPPUR,1,"Department of Education",1,"PS (I-V)",5,"Post graduate",3,"B.Ed. or equivalent",0,0,0,0,39,46,0,0,0,0,0,0,0,0,0,0,0,0,85,39,46
2019-20,33,Tamilnadu,3316,PERAMBALUR,331603,VEPPANTHATTAI,1,"Department of Education",1,"PS (I-V)",5,"Post graduate",3,"B.Ed. or equivalent",0,0,0,0,22,44,0,0,0,0,0,0,0,0,0,0,0,0,66,22,44
2019-20,33,Tamilnadu,3316,PERAMBALUR,331604,PERAMBALUR,1,"Department of Education",1,"PS (I-V)",5,"Post graduate",3,"B.Ed. or equivalent",0,0,0,0,8,60,0,0,0,0,0,0,0,0,0,0,0,0,68,8,60
2019-20,33,Tamilnadu,3316,PERAMBALUR,331606,ALATHUR,1,"Department of Education",1,"PS (I-V)",5,"Post graduate",3,"B.Ed. or equivalent",0,0,0,0,10,27,0,0,0,0,0,0,0,0,0,0,0,0,37,10,27
2019-20,33,Tamilnadu,3316,PERAMBALUR,331602,VEPPUR,1,"Department of Education",2,"UPS (I-VIII)",5,"Post graduate",3,"B.Ed. or equivalent",0,0,0,0,8,23,0,0,22,18,0,0,0,0,0,0,0,0,71,30,41
2019-20,33,Tamilnadu,3316,PERAMBALUR,331603,VEPPANTHATTAI,1,"Department of Education",2,"UPS (I-VIII)",5,"Post graduate",3,"B.Ed. or equivalent",0,0,0,0,7,11,1,0,11,13,0,0,0,0,0,0,0,0,43,19,24
2019-20,33,Tamilnadu,3316,PERAMBALUR,331604,PERAMBALUR,1,"Department of Education",2,"UPS (I-VIII)",5,"Post graduate",3,"B.Ed. or equivalent",0,0,0,0,7,17,0,0,7,13,0,0,0,0,0,0,0,0,44,14,30
2019-20,33,Tamilnadu,3316,PERAMBALUR,331606,ALATHUR,1,"Department of Education",2,"UPS (I-VIII)",5,"Post graduate",3,"B.Ed. or equivalent",0,0,0,0,7,15,5,3,17,24,0,0,0,0,0,0,0,0,71,29,42
2019-20,33,Tamilnadu,3316,PERAMBALUR,331606,ALATHUR,1,"Department of Education",3,"HSS (I-XII)",5,"Post graduate",3,"B.Ed. or equivalent",0,0,0,0,0,0,0,1,5,4,0,1,0,0,0,0,3,1,15,8,7
2019-20,33,Tamilnadu,3316,PERAMBALUR,331602,VEPPUR,1,"Department of Education",5,"HSS (VI-XII)",5,"Post graduate",3,"B.Ed. or equivalent",0,0,0,0,0,0,0,0,0,9,9,23,13,23,4,2,20,19,122,46,76
2019-20,33,Tamilnadu,3316,PERAMBALUR,331603,VEPPANTHATTAI,1,"Department of Education",5,"HSS (VI-XII)",5,"Post graduate",3,"B.Ed. or equivalent",0,0,0,0,0,0,0,0,5,8,20,28,9,12,11,6,21,17,137,66,71
2019-20,33,Tamilnadu,3316,PERAMBALUR,331604,PERAMBALUR,1,"Department of Education",5,"HSS (VI-XII)",5,"Post graduate",3,"B.Ed. or equivalent",0,0,0,0,0,0,0,0,4,11,8,12,14,17,0,1,13,13,93,39,54
2019-20,33,Tamilnadu,3316,PERAMBALUR,331606,ALATHUR,1,"Department of Education",5,"HSS (VI-XII)",5,"Post graduate",3,"B.Ed. or equivalent",0,0,0,0,0,0,0,0,2,10,11,22,7,6,1,1,22,12,94,43,51
2019-20,33,Tamilnadu,3316,PERAMBALUR,331602,VEPPUR,1,"Department of Education",7,"SS (VI-X)",5,"Post graduate",3,"B.Ed. or equivalent",0,0,0,0,0,0,0,0,7,8,29,22,6,3,0,0,0,0,75,42,33
2019-20,33,Tamilnadu,3316,PERAMBALUR,331603,VEPPANTHATTAI,1,"Department of Education",7,"SS (VI-X)",5,"Post graduate",3,"B.Ed. or equivalent",0,0,0,0,0,0,0,0,2,6,8,10,4,5,0,0,0,0,35,14,21
2019-20,33,Tamilnadu,3316,PERAMBALUR,331604,PERAMBALUR,1,"Department of Education",7,"SS (VI-X)",5,"Post graduate",3,"B.Ed. or equivalent",0,0,0,0,0,0,0,0,1,5,9,7,8,6,0,0,0,0,36,18,18
2019-20,33,Tamilnadu,3316,PERAMBALUR,331606,ALATHUR,1,"Department of Education",7,"SS (VI-X)",5,"Post graduate",3,"B.Ed. or equivalent",0,0,0,0,0,0,0,0,6,16,22,15,2,5,0,0,0,0,66,30,36
2019-20,33,Tamilnadu,3316,PERAMBALUR,331602,VEPPUR,1,"Department of Education",1,"PS (I-V)",5,"Post graduate",4,"M.Ed. or equivalent",0,0,0,0,2,0,0,0,0,0,0,0,0,0,0,0,0,0,2,2,0
2019-20,33,Tamilnadu,3316,PERAMBALUR,331603,VEPPANTHATTAI,1,"Department of Education",1,"PS (I-V)",5,"Post graduate",4,"M.Ed. or equivalent",0,0,0,0,3,3,0,0,0,0,0,0,0,0,0,0,0,0,6,3,3
2019-20,33,Tamilnadu,3316,PERAMBALUR,331604,PERAMBALUR,1,"Department of Education",1,"PS (I-V)",5,"Post graduate",4,"M.Ed. or equivalent",0,0,0,0,1,4,0,0,0,0,0,0,0,0,0,0,0,0,5,1,4
2019-20,33,Tamilnadu,3316,PERAMBALUR,331606,ALATHUR,1,"Department of Education",1,"PS (I-V)",5,"Post graduate",4,"M.Ed. or equivalent",0,0,0,0,0,1,0,0,0,0,0,0,0,0,0,0,0,0,1,0,1
2019-20,33,Tamilnadu,3316,PERAMBALUR,331603,VEPPANTHATTAI,1,"Department of Education",2,"UPS (I-VIII)",5,"Post graduate",4,"M.Ed. or equivalent",0,0,0,0,0,0,0,0,2,1,0,0,0,0,0,0,0,0,3,2,1
2019-20,33,Tamilnadu,3316,PERAMBALUR,331604,PERAMBALUR,1,"Department of Education",2,"UPS (I-VIII)",5,"Post graduate",4,"M.Ed. or equivalent",0,0,0,0,0,0,0,0,3,1,0,0,0,0,0,0,0,0,4,3,1
2019-20,33,Tamilnadu,3316,PERAMBALUR,331606,ALATHUR,1,"Department of Education",2,"UPS (I-VIII)",5,"Post graduate",4,"M.Ed. or equivalent",0,0,0,0,0,1,1,0,0,2,0,0,0,0,0,0,0,0,4,1,3
2019-20,33,Tamilnadu,3316,PERAMBALUR,331606,ALATHUR,1,"Department of Education",3,"HSS (I-XII)",5,"Post graduate",4,"M.Ed. or equivalent",0,0,0,0,0,0,0,0,0,2,0,0,0,0,0,0,0,1,3,0,3
2019-20,33,Tamilnadu,3316,PERAMBALUR,331602,VEPPUR,1,"Department of Education",5,"HSS (VI-XII)",5,"Post graduate",4,"M.Ed. or equivalent",0,0,0,0,0,0,0,0,0,0,3,0,5,1,1,1,5,2,18,14,4
2019-20,33,Tamilnadu,3316,PERAMBALUR,331603,VEPPANTHATTAI,1,"Department of Education",5,"HSS (VI-XII)",5,"Post graduate",4,"M.Ed. or equivalent",0,0,0,0,0,0,0,0,0,1,2,1,0,1,1,1,5,2,14,8,6
2019-20,33,Tamilnadu,3316,PERAMBALUR,331604,PERAMBALUR,1,"Department of Education",5,"HSS (VI-XII)",5,"Post graduate",4,"M.Ed. or equivalent",0,0,0,0,0,0,0,0,0,0,3,1,3,2,1,1,4,3,18,11,7
2019-20,33,Tamilnadu,3316,PERAMBALUR,331606,ALATHUR,1,"Department of Education",5,"HSS (VI-XII)",5,"Post graduate",4,"M.Ed. or equivalent",0,0,0,0,0,0,0,0,0,0,2,1,0,0,0,0,5,1,9,7,2
2019-20,33,Tamilnadu,3316,PERAMBALUR,331602,VEPPUR,1,"Department of Education",7,"SS (VI-X)",5,"Post graduate",4,"M.Ed. or equivalent",0,0,0,0,0,0,0,0,0,0,2,2,1,2,0,0,0,0,7,3,4
2019-20,33,Tamilnadu,3316,PERAMBALUR,331603,VEPPANTHATTAI,1,"Department of Education",7,"SS (VI-X)",5,"Post graduate",4,"M.Ed. or equivalent",0,0,0,0,0,0,0,0,0,0,2,2,0,0,0,0,0,0,4,2,2
2019-20,33,Tamilnadu,3316,PERAMBALUR,331604,PERAMBALUR,1,"Department of Education",7,"SS (VI-X)",5,"Post graduate",4,"M.Ed. or equivalent",0,0,0,0,0,0,0,0,1,1,1,3,0,0,0,0,0,0,6,2,4
2019-20,33,Tamilnadu,3316,PERAMBALUR,331606,ALATHUR,1,"Department of Education",7,"SS (VI-X)",5,"Post graduate",4,"M.Ed. or equivalent",0,0,0,0,0,0,0,0,0,2,3,3,2,0,0,0,0,0,10,5,5
2019-20,33,Tamilnadu,3316,PERAMBALUR,331603,VEPPANTHATTAI,1,"Department of Education",1,"PS (I-V)",5,"Post graduate",5,Others,0,0,0,0,1,0,0,0,0,0,0,0,0,0,0,0,0,0,1,1,0
2019-20,33,Tamilnadu,3316,PERAMBALUR,331602,VEPPUR,1,"Department of Education",5,"HSS (VI-XII)",5,"Post graduate",5,Others,0,0,0,0,0,0,0,0,0,1,0,1,0,1,0,0,1,0,4,1,3
2019-20,33,Tamilnadu,3316,PERAMBALUR,331603,VEPPANTHATTAI,1,"Department of Education",5,"HSS (VI-XII)",5,"Post graduate",5,Others,0,0,0,0,0,0,0,0,1,1,1,1,0,0,0,0,0,0,4,2,2
2019-20,33,Tamilnadu,3316,PERAMBALUR,331606,ALATHUR,1,"Department of Education",5,"HSS (VI-XII)",5,"Post graduate",5,Others,0,0,0,0,0,0,0,0,0,1,0,0,0,0,0,0,0,0,1,0,1
2019-20,33,Tamilnadu,3316,PERAMBALUR,331602,VEPPUR,1,"Department of Education",2,"UPS (I-VIII)",5,"Post graduate",6,None,0,0,0,0,0,0,0,0,1,0,0,0,0,0,0,0,0,0,1,1,0
2019-20,33,Tamilnadu,3316,PERAMBALUR,331602,VEPPUR,1,"Department of Education",5,"HSS (VI-XII)",5,"Post graduate",6,None,0,0,0,0,0,0,0,0,0,2,0,0,0,0,0,0,1,0,3,1,2
2019-20,33,Tamilnadu,3316,PERAMBALUR,331603,VEPPANTHATTAI,1,"Department of Education",5,"HSS (VI-XII)",5,"Post graduate",6,None,0,0,0,0,0,0,0,0,0,3,0,0,0,0,0,0,1,0,4,1,3
2019-20,33,Tamilnadu,3316,PERAMBALUR,331604,PERAMBALUR,1,"Department of Education",5,"HSS (VI-XII)",5,"Post graduate",6,None,0,0,0,0,0,0,0,0,0,0,0,0,0,0,0,0,1,0,1,1,0
2019-20,33,Tamilnadu,3316,PERAMBALUR,331606,ALATHUR,1,"Department of Education",5,"HSS (VI-XII)",5,"Post graduate",6,None,0,0,0,0,0,0,0,0,0,0,1,0,0,0,0,0,0,0,1,1,0
2019-20,33,Tamilnadu,3316,PERAMBALUR,331604,PERAMBALUR,1,"Department of Education",7,"SS (VI-X)",5,"Post graduate",6,None,0,0,0,0,0,0,0,0,1,0,0,0,0,0,0,0,0,0,1,1,0
2019-20,33,Tamilnadu,3316,PERAMBALUR,331606,ALATHUR,1,"Department of Education",7,"SS (VI-X)",5,"Post graduate",6,None,0,0,0,0,0,0,0,0,1,1,0,0,0,0,0,0,0,0,2,1,1
2019-20,33,Tamilnadu,3316,PERAMBALUR,331604,PERAMBALUR,1,"Department of Education",1,"PS (I-V)",6,M.Phil,1,"Diploma or certificate in basic teachers training of a duration not less than two years",0,0,0,0,0,1,0,0,0,0,0,0,0,0,0,0,0,0,1,0,1
2019-20,33,Tamilnadu,3316,PERAMBALUR,331606,ALATHUR,1,"Department of Education",1,"PS (I-V)",6,M.Phil,1,"Diploma or certificate in basic teachers training of a duration not less than two years",0,0,0,0,1,1,0,0,0,0,0,0,0,0,0,0,0,0,2,1,1
2019-20,33,Tamilnadu,3316,PERAMBALUR,331602,VEPPUR,1,"Department of Education",1,"PS (I-V)",6,M.Phil,3,"B.Ed. or equivalent",0,0,0,0,2,2,0,0,0,0,0,0,0,0,0,0,0,0,4,2,2
2019-20,33,Tamilnadu,3316,PERAMBALUR,331603,VEPPANTHATTAI,1,"Department of Education",1,"PS (I-V)",6,M.Phil,3,"B.Ed. or equivalent",0,0,0,0,4,4,0,0,0,0,0,0,0,0,0,0,0,0,8,4,4
2019-20,33,Tamilnadu,3316,PERAMBALUR,331604,PERAMBALUR,1,"Department of Education",1,"PS (I-V)",6,M.Phil,3,"B.Ed. or equivalent",0,0,0,0,0,3,0,0,0,0,0,0,0,0,0,0,0,0,3,0,3
2019-20,33,Tamilnadu,3316,PERAMBALUR,331606,ALATHUR,1,"Department of Education",1,"PS (I-V)",6,M.Phil,3,"B.Ed. or equivalent",0,0,0,0,0,2,0,0,0,0,0,0,0,0,0,0,0,0,2,0,2
2019-20,33,Tamilnadu,3316,PERAMBALUR,331602,VEPPUR,1,"Department of Education",2,"UPS (I-VIII)",6,M.Phil,3,"B.Ed. or equivalent",0,0,0,0,0,1,0,0,1,11,0,0,0,0,0,0,0,0,13,1,12
2019-20,33,Tamilnadu,3316,PERAMBALUR,331603,VEPPANTHATTAI,1,"Department of Education",2,"UPS (I-VIII)",6,M.Phil,3,"B.Ed. or equivalent",0,0,0,0,0,0,0,0,7,4,0,0,0,0,0,0,0,0,11,7,4
2019-20,33,Tamilnadu,3316,PERAMBALUR,331604,PERAMBALUR,1,"Department of Education",2,"UPS (I-VIII)",6,M.Phil,3,"B.Ed. or equivalent",0,0,0,0,0,0,0,0,2,5,0,0,0,0,0,0,0,0,7,2,5
2019-20,33,Tamilnadu,3316,PERAMBALUR,331606,ALATHUR,1,"Department of Education",2,"UPS (I-VIII)",6,M.Phil,3,"B.Ed. or equivalent",0,0,0,0,1,1,2,1,3,3,0,0,0,0,0,0,0,0,11,6,5
2019-20,33,Tamilnadu,3316,PERAMBALUR,331606,ALATHUR,1,"Department of Education",3,"HSS (I-XII)",6,M.Phil,3,"B.Ed. or equivalent",0,0,0,0,0,0,0,0,1,1,0,0,0,0,0,0,0,3,5,1,4
2019-20,33,Tamilnadu,3316,PERAMBALUR,331602,VEPPUR,1,"Department of Education",5,"HSS (VI-XII)",6,M.Phil,3,"B.Ed. or equivalent",0,0,0,0,0,0,0,0,0,0,14,8,5,6,1,5,22,14,75,42,33
2019-20,33,Tamilnadu,3316,PERAMBALUR,331603,VEPPANTHATTAI,1,"Department of Education",5,"HSS (VI-XII)",6,M.Phil,3,"B.Ed. or equivalent",0,0,0,0,0,0,0,0,2,1,5,7,8,6,3,10,16,7,65,34,31
2019-20,33,Tamilnadu,3316,PERAMBALUR,331604,PERAMBALUR,1,"Department of Education",5,"HSS (VI-XII)",6,M.Phil,3,"B.Ed. or equivalent",0,0,0,0,0,0,0,0,3,3,11,8,5,7,1,0,20,13,71,40,31
2019-20,33,Tamilnadu,3316,PERAMBALUR,331606,ALATHUR,1,"Department of Education",5,"HSS (VI-XII)",6,M.Phil,3,"B.Ed. or equivalent",0,0,0,0,0,0,0,0,0,0,3,4,0,0,0,0,7,5,19,10,9
2019-20,33,Tamilnadu,3316,PERAMBALUR,331602,VEPPUR,1,"Department of Education",7,"SS (VI-X)",6,M.Phil,3,"B.Ed. or equivalent",0,0,0,0,0,0,0,0,0,1,12,6,2,1,0,0,0,0,22,14,8
2019-20,33,Tamilnadu,3316,PERAMBALUR,331603,VEPPANTHATTAI,1,"Department of Education",7,"SS (VI-X)",6,M.Phil,3,"B.Ed. or equivalent",0,0,0,0,0,0,0,0,1,4,8,5,4,2,0,0,0,0,24,13,11
2019-20,33,Tamilnadu,3316,PERAMBALUR,331604,PERAMBALUR,1,"Department of Education",7,"SS (VI-X)",6,M.Phil,3,"B.Ed. or equivalent",0,0,0,0,0,0,0,0,1,1,2,4,1,1,0,0,0,0,10,4,6
2019-20,33,Tamilnadu,3316,PERAMBALUR,331606,ALATHUR,1,"Department of Education",7,"SS (VI-X)",6,M.Phil,3,"B.Ed. or equivalent",0,0,0,0,0,0,0,0,2,1,3,9,3,2,0,0,0,0,20,8,12
2019-20,33,Tamilnadu,3316,PERAMBALUR,331606,ALATHUR,1,"Department of Education",1,"PS (I-V)",6,M.Phil,4,"M.Ed. or equivalent",0,0,0,0,1,2,0,0,0,0,0,0,0,0,0,0,0,0,3,1,2
2019-20,33,Tamilnadu,3316,PERAMBALUR,331603,VEPPANTHATTAI,1,"Department of Education",2,"UPS (I-VIII)",6,M.Phil,4,"M.Ed. or equivalent",0,0,0,0,0,0,0,0,0,1,0,0,0,0,0,0,0,0,1,0,1
2019-20,33,Tamilnadu,3316,PERAMBALUR,331604,PERAMBALUR,1,"Department of Education",2,"UPS (I-VIII)",6,M.Phil,4,"M.Ed. or equivalent",0,0,0,0,0,0,0,0,2,0,0,0,0,0,0,0,0,0,2,2,0
2019-20,33,Tamilnadu,3316,PERAMBALUR,331606,ALATHUR,1,"Department of Education",2,"UPS (I-VIII)",6,M.Phil,4,"M.Ed. or equivalent",0,0,0,0,0,0,1,0,1,0,0,0,0,0,0,0,0,0,2,2,0
2019-20,33,Tamilnadu,3316,PERAMBALUR,331606,ALATHUR,1,"Department of Education",3,"HSS (I-XII)",6,M.Phil,4,"M.Ed. or equivalent",0,0,0,0,0,0,0,0,0,0,0,0,0,0,0,0,0,1,1,0,1
2019-20,33,Tamilnadu,3316,PERAMBALUR,331602,VEPPUR,1,"Department of Education",5,"HSS (VI-XII)",6,M.Phil,4,"M.Ed. or equivalent",0,0,0,0,0,0,0,0,0,0,2,2,1,0,4,0,7,3,19,14,5
2019-20,33,Tamilnadu,3316,PERAMBALUR,331603,VEPPANTHATTAI,1,"Department of Education",5,"HSS (VI-XII)",6,M.Phil,4,"M.Ed. or equivalent",0,0,0,0,0,0,0,0,1,1,2,0,0,1,1,0,8,2,16,12,4
2019-20,33,Tamilnadu,3316,PERAMBALUR,331604,PERAMBALUR,1,"Department of Education",5,"HSS (VI-XII)",6,M.Phil,4,"M.Ed. or equivalent",0,0,0,0,0,0,0,0,1,0,1,0,0,1,2,2,9,6,22,13,9
2019-20,33,Tamilnadu,3316,PERAMBALUR,331606,ALATHUR,1,"Department of Education",5,"HSS (VI-XII)",6,M.Phil,4,"M.Ed. or equivalent",0,0,0,0,0,0,0,0,0,0,0,1,0,0,0,0,4,0,5,4,1
2019-20,33,Tamilnadu,3316,PERAMBALUR,331603,VEPPANTHATTAI,1,"Department of Education",7,"SS (VI-X)",6,M.Phil,4,"M.Ed. or equivalent",0,0,0,0,0,0,0,0,0,0,1,0,0,1,0,0,0,0,2,1,1
2019-20,33,Tamilnadu,3316,PERAMBALUR,331604,PERAMBALUR,1,"Department of Education",7,"SS (VI-X)",6,M.Phil,4,"M.Ed. or equivalent",0,0,0,0,0,0,0,0,0,0,1,1,0,1,0,0,0,0,3,1,2
2019-20,33,Tamilnadu,3316,PERAMBALUR,331606,ALATHUR,1,"Department of Education",7,"SS (VI-X)",6,M.Phil,4,"M.Ed. or equivalent",0,0,0,0,0,0,0,0,1,0,0,0,1,0,0,0,0,0,2,2,0
2019-20,33,Tamilnadu,3316,PERAMBALUR,331602,VEPPUR,1,"Department of Education",2,"UPS (I-VIII)",6,M.Phil,6,None,0,0,0,0,0,0,0,0,1,0,0,0,0,0,0,0,0,0,1,1,0
2019-20,33,Tamilnadu,3316,PERAMBALUR,331602,VEPPUR,1,"Department of Education",5,"HSS (VI-XII)",6,M.Phil,6,None,0,0,0,0,0,0,0,0,0,0,0,0,0,0,1,0,0,0,1,1,0
2019-20,33,Tamilnadu,3316,PERAMBALUR,331606,ALATHUR,1,"Department of Education",5,"HSS (VI-XII)",6,M.Phil,6,None,0,0,0,0,0,0,0,0,0,0,0,0,0,0,1,0,0,0,1,1,0
2019-20,33,Tamilnadu,3316,PERAMBALUR,331606,ALATHUR,1,"Department of Education",1,"PS (I-V)",7,Ph.D,3,"B.Ed. or equivalent",0,0,0,0,1,0,0,0,0,0,0,0,0,0,0,0,0,0,1,1,0
2019-20,33,Tamilnadu,3316,PERAMBALUR,331602,VEPPUR,1,"Department of Education",5,"HSS (VI-XII)",7,Ph.D,3,"B.Ed. or equivalent",0,0,0,0,0,0,0,0,0,0,0,0,0,0,0,0,2,0,2,2,0
2019-20,33,Tamilnadu,3316,PERAMBALUR,331603,VEPPANTHATTAI,1,"Department of Education",5,"HSS (VI-XII)",7,Ph.D,3,"B.Ed. or equivalent",0,0,0,0,0,0,0,0,0,0,0,0,0,0,0,0,1,1,2,1,1
2019-20,33,Tamilnadu,3316,PERAMBALUR,331603,VEPPANTHATTAI,1,"Department of Education",7,"SS (VI-X)",7,Ph.D,3,"B.Ed. or equivalent",0,0,0,0,0,0,0,0,0,0,1,0,0,0,0,0,0,0,1,1,0
2019-20,33,Tamilnadu,3316,PERAMBALUR,331602,VEPPUR,1,"Department of Education",5,"HSS (VI-XII)",7,Ph.D,4,"M.Ed. or equivalent",0,0,0,0,0,0,0,0,0,0,0,0,0,0,0,0,1,0,1,1,0
2019-20,33,Tamilnadu,3316,PERAMBALUR,331606,ALATHUR,1,"Department of Education",5,"HSS (VI-XII)",7,Ph.D,4,"M.Ed. or equivalent",0,0,0,0,0,0,0,0,0,0,0,0,0,0,0,0,1,0,1,1,0
2019-20,33,Tamilnadu,3316,PERAMBALUR,331603,VEPPANTHATTAI,13,"Government Aided",1,"PS (I-V)",1,"Below Secondary",1,"Diploma or certificate in basic teachers training of a duration not less than two years",0,0,0,0,1,2,0,0,0,0,0,0,0,0,0,0,0,0,3,1,2
2019-20,33,Tamilnadu,3316,PERAMBALUR,331604,PERAMBALUR,13,"Government Aided",1,"PS (I-V)",1,"Below Secondary",1,"Diploma or certificate in basic teachers training of a duration not less than two years",0,0,0,0,0,1,0,0,0,0,0,0,0,0,0,0,0,0,1,0,1
2019-20,33,Tamilnadu,3316,PERAMBALUR,331603,VEPPANTHATTAI,13,"Government Aided",2,"UPS (I-VIII)",1,"Below Secondary",1,"Diploma or certificate in basic teachers training of a duration not less than two years",0,0,0,0,0,1,0,0,0,0,0,0,0,0,0,0,0,0,1,0,1
2019-20,33,Tamilnadu,3316,PERAMBALUR,331604,PERAMBALUR,13,"Government Aided",2,"UPS (I-VIII)",1,"Below Secondary",1,"Diploma or certificate in basic teachers training of a duration not less than two years",0,0,0,0,0,1,0,0,0,0,0,0,0,0,0,0,0,0,1,0,1
2019-20,33,Tamilnadu,3316,PERAMBALUR,331603,VEPPANTHATTAI,13,"Government Aided",2,"UPS (I-VIII)",1,"Below Secondary",3,"B.Ed. or equivalent",0,0,0,0,0,0,0,1,0,1,0,0,0,0,0,0,0,0,2,0,2
2019-20,33,Tamilnadu,3316,PERAMBALUR,331604,PERAMBALUR,13,"Government Aided",2,"UPS (I-VIII)",1,"Below Secondary",3,"B.Ed. or equivalent",0,0,0,0,0,0,0,0,1,0,0,0,0,0,0,0,0,0,1,1,0
2019-20,33,Tamilnadu,3316,PERAMBALUR,331604,PERAMBALUR,13,"Government Aided",2,"UPS (I-VIII)",1,"Below Secondary",5,Others,0,0,0,0,0,0,1,0,0,0,0,0,0,0,0,0,0,0,1,1,0
2019-20,33,Tamilnadu,3316,PERAMBALUR,331602,VEPPUR,13,"Government Aided",1,"PS (I-V)",3,"Higher secondary",1,"Diploma or certificate in basic teachers training of a duration not less than two years",0,0,0,0,8,6,0,0,0,0,0,0,0,0,0,0,0,0,14,8,6
2019-20,33,Tamilnadu,3316,PERAMBALUR,331603,VEPPANTHATTAI,13,"Government Aided",1,"PS (I-V)",3,"Higher secondary",1,"Diploma or certificate in basic teachers training of a duration not less than two years",0,0,0,0,7,7,0,0,0,0,0,0,0,0,0,0,0,0,14,7,7
2019-20,33,Tamilnadu,3316,PERAMBALUR,331604,PERAMBALUR,13,"Government Aided",1,"PS (I-V)",3,"Higher secondary",1,"Diploma or certificate in basic teachers training of a duration not less than two years",0,0,0,0,2,20,0,0,0,0,0,0,0,0,0,0,0,0,22,2,20
2019-20,33,Tamilnadu,3316,PERAMBALUR,331606,ALATHUR,13,"Government Aided",1,"PS (I-V)",3,"Higher secondary",1,"Diploma or certificate in basic teachers training of a duration not less than two years",0,0,0,0,0,1,0,0,0,0,0,0,0,0,0,0,0,0,1,0,1
2019-20,33,Tamilnadu,3316,PERAMBALUR,331603,VEPPANTHATTAI,13,"Government Aided",2,"UPS (I-VIII)",3,"Higher secondary",1,"Diploma or certificate in basic teachers training of a duration not less than two years",0,0,0,0,2,7,0,0,0,0,0,0,0,0,0,0,0,0,9,2,7
2019-20,33,Tamilnadu,3316,PERAMBALUR,331604,PERAMBALUR,13,"Government Aided",2,"UPS (I-VIII)",3,"Higher secondary",1,"Diploma or certificate in basic teachers training of a duration not less than two years",0,0,0,0,2,4,0,0,0,0,0,0,0,0,0,0,0,0,6,2,4
2019-20,33,Tamilnadu,3316,PERAMBALUR,331606,ALATHUR,13,"Government Aided",2,"UPS (I-VIII)",3,"Higher secondary",1,"Diploma or certificate in basic teachers training of a duration not less than two years",0,0,0,0,0,1,0,0,0,0,0,0,0,0,0,0,0,0,1,0,1
2019-20,33,Tamilnadu,3316,PERAMBALUR,331604,PERAMBALUR,13,"Government Aided",1,"PS (I-V)",3,"Higher secondary",3,"B.Ed. or equivalent",0,0,0,0,0,1,0,0,0,0,0,0,0,0,0,0,0,0,1,0,1
2019-20,33,Tamilnadu,3316,PERAMBALUR,331603,VEPPANTHATTAI,13,"Government Aided",2,"UPS (I-VIII)",3,"Higher secondary",3,"B.Ed. or equivalent",0,0,0,0,0,1,1,1,1,0,0,0,0,0,0,0,0,0,4,2,2
2019-20,33,Tamilnadu,3316,PERAMBALUR,331603,VEPPANTHATTAI,13,"Government Aided",5,"HSS (VI-XII)",3,"Higher secondary",3,"B.Ed. or equivalent",0,0,0,0,0,0,0,0,1,1,0,0,0,0,0,0,0,0,2,1,1
2019-20,33,Tamilnadu,3316,PERAMBALUR,331604,PERAMBALUR,13,"Government Aided",5,"HSS (VI-XII)",3,"Higher secondary",3,"B.Ed. or equivalent",0,0,0,0,0,0,0,0,0,0,0,0,0,1,0,0,0,0,1,0,1
2019-20,33,Tamilnadu,3316,PERAMBALUR,331604,PERAMBALUR,13,"Government Aided",1,"PS (I-V)",3,"Higher secondary",4,"M.Ed. or equivalent",0,0,0,0,0,1,0,0,0,0,0,0,0,0,0,0,0,0,1,0,1
2019-20,33,Tamilnadu,3316,PERAMBALUR,331604,PERAMBALUR,13,"Government Aided",5,"HSS (VI-XII)",3,"Higher secondary",4,"M.Ed. or equivalent",0,0,0,0,0,0,0,0,1,0,0,0,0,0,0,0,0,0,1,1,0
2019-20,33,Tamilnadu,3316,PERAMBALUR,331606,ALATHUR,13,"Government Aided",2,"UPS (I-VIII)",3,"Higher secondary",6,None,0,0,0,0,0,0,1,0,0,0,0,0,0,0,0,0,0,0,1,1,0
2019-20,33,Tamilnadu,3316,PERAMBALUR,331602,VEPPUR,13,"Government Aided",1,"PS (I-V)",4,Graduate,1,"Diploma or certificate in basic teachers training of a duration not less than two years",0,0,0,0,1,3,0,0,0,0,0,0,0,0,0,0,0,0,4,1,3
2019-20,33,Tamilnadu,3316,PERAMBALUR,331603,VEPPANTHATTAI,13,"Government Aided",1,"PS (I-V)",4,Graduate,1,"Diploma or certificate in basic teachers training of a duration not less than two years",0,0,0,0,1,3,0,0,0,0,0,0,0,0,0,0,0,0,4,1,3
2019-20,33,Tamilnadu,3316,PERAMBALUR,331604,PERAMBALUR,13,"Government Aided",1,"PS (I-V)",4,Graduate,1,"Diploma or certificate in basic teachers training of a duration not less than two years",0,0,0,0,1,3,0,0,0,0,0,0,0,0,0,0,0,0,4,1,3
2019-20,33,Tamilnadu,3316,PERAMBALUR,331602,VEPPUR,13,"Government Aided",2,"UPS (I-VIII)",4,Graduate,1,"Diploma or certificate in basic teachers training of a duration not less than two years",0,0,0,0,1,2,0,0,0,0,0,0,0,0,0,0,0,0,3,1,2
2019-20,33,Tamilnadu,3316,PERAMBALUR,331603,VEPPANTHATTAI,13,"Government Aided",2,"UPS (I-VIII)",4,Graduate,1,"Diploma or certificate in basic teachers training of a duration not less than two years",0,0,0,0,1,0,0,0,0,0,0,0,0,0,0,0,0,0,1,1,0
2019-20,33,Tamilnadu,3316,PERAMBALUR,331606,ALATHUR,13,"Government Aided",2,"UPS (I-VIII)",4,Graduate,1,"Diploma or certificate in basic teachers training of a duration not less than two years",0,0,0,0,0,3,0,0,0,0,0,0,0,0,0,0,0,0,3,0,3
2019-20,33,Tamilnadu,3316,PERAMBALUR,331602,VEPPUR,13,"Government Aided",1,"PS (I-V)",4,Graduate,3,"B.Ed. or equivalent",0,0,0,0,0,3,0,0,0,0,0,0,0,0,0,0,0,0,3,0,3
2019-20,33,Tamilnadu,3316,PERAMBALUR,331603,VEPPANTHATTAI,13,"Government Aided",1,"PS (I-V)",4,Graduate,3,"B.Ed. or equivalent",0,0,0,0,2,1,0,0,0,0,0,0,0,0,0,0,0,0,3,2,1
2019-20,33,Tamilnadu,3316,PERAMBALUR,331606,ALATHUR,13,"Government Aided",1,"PS (I-V)",4,Graduate,3,"B.Ed. or equivalent",0,0,0,0,0,1,0,0,0,0,0,0,0,0,0,0,0,0,1,0,1
2019-20,33,Tamilnadu,3316,PERAMBALUR,331602,VEPPUR,13,"Government Aided",2,"UPS (I-VIII)",4,Graduate,3,"B.Ed. or equivalent",0,0,0,0,0,2,0,0,0,2,0,0,0,0,0,0,0,0,4,0,4
2019-20,33,Tamilnadu,3316,PERAMBALUR,331603,VEPPANTHATTAI,13,"Government Aided",2,"UPS (I-VIII)",4,Graduate,3,"B.Ed. or equivalent",0,0,0,0,0,1,0,0,1,4,0,0,0,0,0,0,0,0,6,1,5
2019-20,33,Tamilnadu,3316,PERAMBALUR,331604,PERAMBALUR,13,"Government Aided",2,"UPS (I-VIII)",4,Graduate,3,"B.Ed. or equivalent",0,0,0,0,0,2,1,0,0,3,0,0,0,0,0,0,0,0,6,1,5
2019-20,33,Tamilnadu,3316,PERAMBALUR,331606,ALATHUR,13,"Government Aided",2,"UPS (I-VIII)",4,Graduate,3,"B.Ed. or equivalent",0,0,0,0,0,0,0,0,1,1,0,0,0,0,0,0,0,0,2,1,1
2019-20,33,Tamilnadu,3316,PERAMBALUR,331606,ALATHUR,13,"Government Aided",4,"UPS (VI-VIII)",4,Graduate,3,"B.Ed. or equivalent",0,0,0,0,0,0,0,0,1,1,0,0,0,0,0,0,0,0,2,1,1
2019-20,33,Tamilnadu,3316,PERAMBALUR,331603,VEPPANTHATTAI,13,"Government Aided",5,"HSS (VI-XII)",4,Graduate,3,"B.Ed. or equivalent",0,0,0,0,0,0,0,0,3,0,1,4,1,3,0,0,1,0,13,6,7
2019-20,33,Tamilnadu,3316,PERAMBALUR,331604,PERAMBALUR,13,"Government Aided",5,"HSS (VI-XII)",4,Graduate,3,"B.Ed. or equivalent",0,0,0,0,0,0,0,0,0,5,0,10,6,9,0,3,1,0,34,7,27
2019-20,33,Tamilnadu,3316,PERAMBALUR,331602,VEPPUR,13,"Government Aided",2,"UPS (I-VIII)",4,Graduate,4,"M.Ed. or equivalent",0,0,0,0,1,0,0,0,0,0,0,0,0,0,0,0,0,0,1,1,0
2019-20,33,Tamilnadu,3316,PERAMBALUR,331606,ALATHUR,13,"Government Aided",2,"UPS (I-VIII)",4,Graduate,4,"M.Ed. or equivalent",0,0,0,0,0,0,0,0,1,0,0,0,0,0,0,0,0,0,1,1,0
2019-20,33,Tamilnadu,3316,PERAMBALUR,331604,PERAMBALUR,13,"Government Aided",5,"HSS (VI-XII)",4,Graduate,4,"M.Ed. or equivalent",0,0,0,0,0,0,0,0,0,0,0,0,0,1,0,0,0,1,2,0,2
2019-20,33,Tamilnadu,3316,PERAMBALUR,331603,VEPPANTHATTAI,13,"Government Aided",5,"HSS (VI-XII)",4,Graduate,5,Others,0,0,0,0,0,0,0,0,0,0,1,0,0,0,0,1,0,0,2,1,1
2019-20,33,Tamilnadu,3316,PERAMBALUR,331604,PERAMBALUR,13,"Government Aided",5,"HSS (VI-XII)",4,Graduate,5,Others,0,0,0,0,0,0,0,0,0,0,0,0,0,0,0,0,1,0,1,1,0
2019-20,33,Tamilnadu,3316,PERAMBALUR,331604,PERAMBALUR,13,"Government Aided",5,"HSS (VI-XII)",4,Graduate,6,None,0,0,0,0,0,0,0,0,0,0,0,0,0,0,0,1,0,0,1,0,1
2019-20,33,Tamilnadu,3316,PERAMBALUR,331602,VEPPUR,13,"Government Aided",1,"PS (I-V)",5,"Post graduate",1,"Diploma or certificate in basic teachers training of a duration not less than two years",0,0,0,0,1,4,0,0,0,0,0,0,0,0,0,0,0,0,5,1,4
2019-20,33,Tamilnadu,3316,PERAMBALUR,331603,VEPPANTHATTAI,13,"Government Aided",1,"PS (I-V)",5,"Post graduate",1,"Diploma or certificate in basic teachers training of a duration not less than two years",0,0,0,0,2,6,0,0,0,0,0,0,0,0,0,0,0,0,8,2,6
2019-20,33,Tamilnadu,3316,PERAMBALUR,331604,PERAMBALUR,13,"Government Aided",1,"PS (I-V)",5,"Post graduate",1,"Diploma or certificate in basic teachers training of a duration not less than two years",0,0,0,0,0,2,0,0,0,0,0,0,0,0,0,0,0,0,2,0,2
2019-20,33,Tamilnadu,3316,PERAMBALUR,331606,ALATHUR,13,"Government Aided",1,"PS (I-V)",5,"Post graduate",1,"Diploma or certificate in basic teachers training of a duration not less than two years",0,0,0,0,1,3,0,0,0,0,0,0,0,0,0,0,0,0,4,1,3
2019-20,33,Tamilnadu,3316,PERAMBALUR,331602,VEPPUR,13,"Government Aided",2,"UPS (I-VIII)",5,"Post graduate",1,"Diploma or certificate in basic teachers training of a duration not less than two years",0,0,0,0,1,1,0,0,0,0,0,0,0,0,0,0,0,0,2,1,1
2019-20,33,Tamilnadu,3316,PERAMBALUR,331603,VEPPANTHATTAI,13,"Government Aided",2,"UPS (I-VIII)",5,"Post graduate",1,"Diploma or certificate in basic teachers training of a duration not less than two years",0,0,0,0,0,1,0,0,0,0,0,0,0,0,0,0,0,0,1,0,1
2019-20,33,Tamilnadu,3316,PERAMBALUR,331606,ALATHUR,13,"Government Aided",2,"UPS (I-VIII)",5,"Post graduate",1,"Diploma or certificate in basic teachers training of a duration not less than two years",0,0,0,0,1,2,0,0,0,0,0,0,0,0,0,0,0,0,3,1,2
2019-20,33,Tamilnadu,3316,PERAMBALUR,331602,VEPPUR,13,"Government Aided",1,"PS (I-V)",5,"Post graduate",3,"B.Ed. or equivalent",0,0,0,0,3,11,0,0,0,0,0,0,0,0,0,0,0,0,14,3,11
2019-20,33,Tamilnadu,3316,PERAMBALUR,331603,VEPPANTHATTAI,13,"Government Aided",1,"PS (I-V)",5,"Post graduate",3,"B.Ed. or equivalent",0,0,0,0,2,15,0,0,0,0,0,0,0,0,0,0,0,0,17,2,15
2019-20,33,Tamilnadu,3316,PERAMBALUR,331604,PERAMBALUR,13,"Government Aided",1,"PS (I-V)",5,"Post graduate",3,"B.Ed. or equivalent",0,0,0,0,1,18,0,0,0,0,0,0,0,0,0,0,0,0,19,1,18
2019-20,33,Tamilnadu,3316,PERAMBALUR,331606,ALATHUR,13,"Government Aided",1,"PS (I-V)",5,"Post graduate",3,"B.Ed. or equivalent",0,0,0,0,1,3,0,0,0,0,0,0,0,0,0,0,0,0,4,1,3
2019-20,33,Tamilnadu,3316,PERAMBALUR,331602,VEPPUR,13,"Government Aided",2,"UPS (I-VIII)",5,"Post graduate",3,"B.Ed. or equivalent",0,0,0,0,3,6,0,0,5,3,0,0,0,0,0,0,0,0,17,8,9
2019-20,33,Tamilnadu,3316,PERAMBALUR,331603,VEPPANTHATTAI,13,"Government Aided",2,"UPS (I-VIII)",5,"Post graduate",3,"B.Ed. or equivalent",0,0,0,0,1,1,0,0,3,7,0,0,0,0,0,0,0,0,12,4,8
2019-20,33,Tamilnadu,3316,PERAMBALUR,331604,PERAMBALUR,13,"Government Aided",2,"UPS (I-VIII)",5,"Post graduate",3,"B.Ed. or equivalent",0,0,0,0,0,1,0,0,1,6,0,0,0,0,0,0,0,0,8,1,7
2019-20,33,Tamilnadu,3316,PERAMBALUR,331606,ALATHUR,13,"Government Aided",2,"UPS (I-VIII)",5,"Post graduate",3,"B.Ed. or equivalent",0,0,0,0,0,0,0,0,1,1,0,0,0,0,0,0,0,0,2,1,1
2019-20,33,Tamilnadu,3316,PERAMBALUR,331606,ALATHUR,13,"Government Aided",4,"UPS (VI-VIII)",5,"Post graduate",3,"B.Ed. or equivalent",0,0,0,0,0,0,0,0,0,1,0,0,0,0,0,0,0,0,1,0,1
2019-20,33,Tamilnadu,3316,PERAMBALUR,331603,VEPPANTHATTAI,13,"Government Aided",5,"HSS (VI-XII)",5,"Post graduate",3,"B.Ed. or equivalent",0,0,0,0,0,0,0,0,1,2,3,2,2,2,0,3,8,4,27,14,13
2019-20,33,Tamilnadu,3316,PERAMBALUR,331604,PERAMBALUR,13,"Government Aided",5,"HSS (VI-XII)",5,"Post graduate",3,"B.Ed. or equivalent",0,0,0,0,0,0,0,0,3,0,1,0,9,6,0,1,4,8,32,17,15
2019-20,33,Tamilnadu,3316,PERAMBALUR,331603,VEPPANTHATTAI,13,"Government Aided",1,"PS (I-V)",5,"Post graduate",4,"M.Ed. or equivalent",0,0,0,0,1,1,0,0,0,0,0,0,0,0,0,0,0,0,2,1,1
2019-20,33,Tamilnadu,3316,PERAMBALUR,331604,PERAMBALUR,13,"Government Aided",1,"PS (I-V)",5,"Post graduate",4,"M.Ed. or equivalent",0,0,0,0,0,1,0,0,0,0,0,0,0,0,0,0,0,0,1,0,1
2019-20,33,Tamilnadu,3316,PERAMBALUR,331602,VEPPUR,13,"Government Aided",2,"UPS (I-VIII)",5,"Post graduate",4,"M.Ed. or equivalent",0,0,0,0,0,0,0,0,1,0,0,0,0,0,0,0,0,0,1,1,0
2019-20,33,Tamilnadu,3316,PERAMBALUR,331603,VEPPANTHATTAI,13,"Government Aided",2,"UPS (I-VIII)",5,"Post graduate",4,"M.Ed. or equivalent",0,0,0,0,0,0,0,0,2,0,0,0,0,0,0,0,0,0,2,2,0
2019-20,33,Tamilnadu,3316,PERAMBALUR,331603,VEPPANTHATTAI,13,"Government Aided",5,"HSS (VI-XII)",5,"Post graduate",4,"M.Ed. or equivalent",0,0,0,0,0,0,0,0,0,0,0,1,0,0,2,0,3,3,9,5,4
2019-20,33,Tamilnadu,3316,PERAMBALUR,331604,PERAMBALUR,13,"Government Aided",5,"HSS (VI-XII)",5,"Post graduate",4,"M.Ed. or equivalent",0,0,0,0,0,0,0,0,0,0,0,0,2,0,0,0,4,5,11,6,5
2019-20,33,Tamilnadu,3316,PERAMBALUR,331602,VEPPUR,13,"Government Aided",2,"UPS (I-VIII)",5,"Post graduate",5,Others,0,0,0,0,0,0,0,0,1,0,0,0,0,0,0,0,0,0,1,1,0
2019-20,33,Tamilnadu,3316,PERAMBALUR,331606,ALATHUR,13,"Government Aided",2,"UPS (I-VIII)",5,"Post graduate",5,Others,0,0,0,0,0,0,0,0,0,1,0,0,0,0,0,0,0,0,1,0,1
2019-20,33,Tamilnadu,3316,PERAMBALUR,331603,VEPPANTHATTAI,13,"Government Aided",5,"HSS (VI-XII)",5,"Post graduate",5,Others,0,0,0,0,0,0,0,0,0,0,1,0,0,0,0,0,0,0,1,1,0
2019-20,33,Tamilnadu,3316,PERAMBALUR,331602,VEPPUR,13,"Government Aided",1,"PS (I-V)",6,M.Phil,1,"Diploma or certificate in basic teachers training of a duration not less than two years",0,0,0,0,0,1,0,0,0,0,0,0,0,0,0,0,0,0,1,0,1
2019-20,33,Tamilnadu,3316,PERAMBALUR,331603,VEPPANTHATTAI,13,"Government Aided",1,"PS (I-V)",6,M.Phil,1,"Diploma or certificate in basic teachers training of a duration not less than two years",0,0,0,0,0,1,0,0,0,0,0,0,0,0,0,0,0,0,1,0,1
2019-20,33,Tamilnadu,3316,PERAMBALUR,331604,PERAMBALUR,13,"Government Aided",1,"PS (I-V)",6,M.Phil,3,"B.Ed. or equivalent",0,0,0,0,0,1,0,0,0,0,0,0,0,0,0,0,0,0,1,0,1
2019-20,33,Tamilnadu,3316,PERAMBALUR,331602,VEPPUR,13,"Government Aided",2,"UPS (I-VIII)",6,M.Phil,3,"B.Ed. or equivalent",0,0,0,0,0,0,0,0,0,3,0,0,0,0,0,0,0,0,3,0,3
2019-20,33,Tamilnadu,3316,PERAMBALUR,331604,PERAMBALUR,13,"Government Aided",2,"UPS (I-VIII)",6,M.Phil,3,"B.Ed. or equivalent",0,0,0,0,0,0,0,0,0,1,0,0,0,0,0,0,0,0,1,0,1
2019-20,33,Tamilnadu,3316,PERAMBALUR,331604,PERAMBALUR,13,"Government Aided",5,"HSS (VI-XII)",6,M.Phil,3,"B.Ed. or equivalent",0,0,0,0,0,0,0,0,0,0,0,0,0,0,0,0,0,2,2,0,2
2019-20,33,Tamilnadu,3316,PERAMBALUR,331604,PERAMBALUR,13,"Government Aided",5,"HSS (VI-XII)",6,M.Phil,4,"M.Ed. or equivalent",0,0,0,0,0,0,0,0,0,0,0,0,0,0,0,0,0,1,1,0,1
2019-20,33,Tamilnadu,3316,PERAMBALUR,331603,VEPPANTHATTAI,24,"Private Unaided (Recognized)",1,"PS (I-V)",3,"Higher secondary",5,Others,0,0,0,0,0,1,0,0,0,0,0,0,0,0,0,0,0,0,1,0,1
2019-20,33,Tamilnadu,3316,PERAMBALUR,331604,PERAMBALUR,14,"Government Aided",5,"HSS (VI-XII)",4,Graduate,3,"B.Ed. or equivalent",0,0,0,0,0,0,0,0,0,0,0,0,1,0,0,0,0,0,1,1,0
2019-20,33,Tamilnadu,3316,PERAMBALUR,331602,VEPPUR,14,"Government Aided",7,"SS (VI-X)",4,Graduate,3,"B.Ed. or equivalent",0,0,0,0,0,0,0,0,0,0,0,0,1,0,0,0,0,0,1,1,0
2019-20,33,Tamilnadu,3316,PERAMBALUR,331604,PERAMBALUR,14,"Government Aided",7,"SS (VI-X)",4,Graduate,3,"B.Ed. or equivalent",0,0,0,0,0,0,0,0,2,2,0,0,0,0,0,0,0,0,4,2,2
2019-20,33,Tamilnadu,3316,PERAMBALUR,331604,PERAMBALUR,14,"Government Aided",5,"HSS (VI-XII)",5,"Post graduate",3,"B.Ed. or equivalent",0,0,0,0,0,0,0,0,0,0,0,0,1,2,0,0,1,0,4,2,2
2019-20,33,Tamilnadu,3316,PERAMBALUR,331602,VEPPUR,14,"Government Aided",7,"SS (VI-X)",5,"Post graduate",3,"B.Ed. or equivalent",0,0,0,0,0,0,0,0,0,0,0,0,2,1,0,0,0,0,3,2,1
2019-20,33,Tamilnadu,3316,PERAMBALUR,331604,PERAMBALUR,14,"Government Aided",5,"HSS (VI-XII)",5,"Post graduate",4,"M.Ed. or equivalent",0,0,0,0,0,0,0,0,0,0,1,0,0,0,0,0,0,0,1,1,0
2019-20,33,Tamilnadu,3316,PERAMBALUR,331604,PERAMBALUR,14,"Government Aided",5,"HSS (VI-XII)",6,M.Phil,3,"B.Ed. or equivalent",0,0,0,0,0,0,0,0,0,0,0,0,2,0,0,0,0,0,2,2,0
2019-20,33,Tamilnadu,3316,PERAMBALUR,331604,PERAMBALUR,14,"Government Aided",7,"SS (VI-X)",6,M.Phil,3,"B.Ed. or equivalent",0,0,0,0,0,0,0,0,0,2,0,0,0,0,0,0,0,0,2,0,2
2019-20,33,Tamilnadu,3316,PERAMBALUR,331604,PERAMBALUR,14,"Government Aided",5,"HSS (VI-XII)",6,M.Phil,4,"M.Ed. or equivalent",0,0,0,0,0,0,0,0,0,0,0,0,1,0,0,0,0,0,1,1,0
2019-20,33,Tamilnadu,3316,PERAMBALUR,331604,PERAMBALUR,12,"Kendriya Vidyalaya / Central School",3,"HSS (I-XII)",4,Graduate,1,"Diploma or certificate in basic teachers training of a duration not less than two years",0,0,0,0,0,0,3,1,0,0,0,0,0,0,0,0,0,0,4,3,1
2019-20,33,Tamilnadu,3316,PERAMBALUR,331604,PERAMBALUR,12,"Kendriya Vidyalaya / Central School",3,"HSS (I-XII)",4,Graduate,3,"B.Ed. or equivalent",0,0,0,0,0,0,0,1,0,0,0,0,0,0,0,0,0,0,1,0,1
2019-20,33,Tamilnadu,3316,PERAMBALUR,331604,PERAMBALUR,12,"Kendriya Vidyalaya / Central School",3,"HSS (I-XII)",4,Graduate,5,Others,0,0,0,0,0,0,1,0,0,0,0,0,0,0,0,0,0,0,1,1,0
2019-20,33,Tamilnadu,3316,PERAMBALUR,331604,PERAMBALUR,12,"Kendriya Vidyalaya / Central School",3,"HSS (I-XII)",5,"Post graduate",3,"B.Ed. or equivalent",0,0,0,0,0,0,0,1,0,0,0,0,0,0,0,0,1,0,2,1,1
2019-20,33,Tamilnadu,3316,PERAMBALUR,331604,PERAMBALUR,12,"Kendriya Vidyalaya / Central School",3,"HSS (I-XII)",5,"Post graduate",5,Others,0,0,0,0,0,0,2,0,0,0,0,0,0,0,0,0,0,0,2,2,0
2019-20,33,Tamilnadu,3316,PERAMBALUR,331604,PERAMBALUR,12,"Kendriya Vidyalaya / Central School",3,"HSS (I-XII)",5,"Post graduate",6,None,0,0,0,0,0,0,1,0,0,0,0,0,0,0,0,0,0,0,1,1,0
2019-20,33,Tamilnadu,3316,PERAMBALUR,331604,PERAMBALUR,12,"Kendriya Vidyalaya / Central School",3,"HSS (I-XII)",6,M.Phil,3,"B.Ed. or equivalent",0,0,0,0,0,0,1,1,0,0,0,0,0,0,0,0,0,0,2,1,1
2019-20,33,Tamilnadu,3316,PERAMBALUR,331604,PERAMBALUR,12,"Kendriya Vidyalaya / Central School",3,"HSS (I-XII)",6,M.Phil,6,None,0,0,0,0,0,0,1,0,0,0,0,0,0,0,0,0,0,0,1,1,0
2019-20,33,Tamilnadu,3316,PERAMBALUR,331604,PERAMBALUR,12,"Kendriya Vidyalaya / Central School",3,"HSS (I-XII)",7,Ph.D,4,"M.Ed. or equivalent",0,0,0,0,0,0,0,0,0,0,0,0,0,0,0,0,1,0,1,1,0
2019-20,33,Tamilnadu,3316,PERAMBALUR,331604,PERAMBALUR,12,"Kendriya Vidyalaya / Central School",3,"HSS (I-XII)",7,Ph.D,6,None,0,0,0,0,0,0,0,1,0,0,0,0,0,0,0,0,0,0,1,0,1
2019-20,33,Tamilnadu,3316,PERAMBALUR,331602,VEPPUR,24,"Private Unaided (Recognized)",1,"PS (I-V)",4,Graduate,5,Others,0,0,0,0,0,4,0,0,0,0,0,0,0,0,0,0,0,0,4,0,4
2019-20,33,Tamilnadu,3316,PERAMBALUR,331603,VEPPANTHATTAI,24,"Private Unaided (Recognized)",1,"PS (I-V)",4,Graduate,5,Others,0,0,0,0,0,2,0,0,0,0,0,0,0,0,0,0,0,0,2,0,2
2019-20,33,Tamilnadu,3316,PERAMBALUR,331604,PERAMBALUR,24,"Private Unaided (Recognized)",1,"PS (I-V)",4,Graduate,5,Others,0,0,0,0,0,6,0,0,0,0,0,0,0,0,0,0,0,0,6,0,6
2019-20,33,Tamilnadu,3316,PERAMBALUR,331606,ALATHUR,24,"Private Unaided (Recognized)",1,"PS (I-V)",4,Graduate,5,Others,0,0,0,0,0,5,0,0,0,0,0,0,0,0,0,0,0,0,5,0,5
2019-20,33,Tamilnadu,3316,PERAMBALUR,331602,VEPPUR,32,"Other Govt. managed schools",2,"UPS (I-VIII)",4,Graduate,3,"B.Ed. or equivalent",0,0,0,0,0,0,0,0,0,2,0,0,0,0,0,0,0,0,2,0,2
2019-20,33,Tamilnadu,3316,PERAMBALUR,331602,VEPPUR,32,"Other Govt. managed schools",2,"UPS (I-VIII)",5,"Post graduate",3,"B.Ed. or equivalent",0,0,0,0,0,0,0,0,0,2,0,0,0,0,0,0,0,0,2,0,2
2019-20,33,Tamilnadu,3316,PERAMBALUR,331602,VEPPUR,32,"Other Govt. managed schools",2,"UPS (I-VIII)",6,M.Phil,3,"B.Ed. or equivalent",0,0,0,0,0,0,0,0,0,2,0,0,0,0,0,0,0,0,2,0,2
2019-20,33,Tamilnadu,3316,PERAMBALUR,331606,ALATHUR,36,"Other Govt. managed schools",2,"UPS (I-VIII)",1,"Below Secondary",1,"Diploma or certificate in basic teachers training of a duration not less than two years",0,0,0,0,0,1,0,0,0,0,0,0,0,0,0,0,0,0,1,0,1
2019-20,33,Tamilnadu,3316,PERAMBALUR,331606,ALATHUR,36,"Other Govt. managed schools",2,"UPS (I-VIII)",1,"Below Secondary",3,"B.Ed. or equivalent",0,0,0,0,0,0,0,1,0,0,0,0,0,0,0,0,0,0,1,0,1
2019-20,33,Tamilnadu,3316,PERAMBALUR,331602,VEPPUR,22,"Private Unaided (Recognized)",3,"HSS (I-XII)",1,"Below Secondary",1,"Diploma or certificate in basic teachers training of a duration not less than two years",0,1,0,0,0,0,0,0,0,0,0,0,0,0,0,0,0,0,1,0,1
2019-20,33,Tamilnadu,3316,PERAMBALUR,331602,VEPPUR,22,"Private Unaided (Recognized)",2,"UPS (I-VIII)",1,"Below Secondary",5,Others,0,0,0,0,0,1,0,0,0,0,0,0,0,0,0,0,0,0,1,0,1
2019-20,33,Tamilnadu,3316,PERAMBALUR,331602,VEPPUR,22,"Private Unaided (Recognized)",3,"HSS (I-XII)",1,"Below Secondary",5,Others,0,0,0,0,0,1,0,0,0,0,0,0,0,0,0,0,0,0,1,0,1
2019-20,33,Tamilnadu,3316,PERAMBALUR,331602,VEPPUR,22,"Private Unaided (Recognized)",2,"UPS (I-VIII)",3,"Higher secondary",1,"Diploma or certificate in basic teachers training of a duration not less than two years",0,0,0,0,0,0,0,1,0,0,0,0,0,0,0,0,0,0,1,0,1
2019-20,33,Tamilnadu,3316,PERAMBALUR,331602,VEPPUR,22,"Private Unaided (Recognized)",3,"HSS (I-XII)",3,"Higher secondary",1,"Diploma or certificate in basic teachers training of a duration not less than two years",0,1,0,0,0,7,0,1,0,2,0,0,0,0,0,0,0,0,11,0,11
2019-20,33,Tamilnadu,3316,PERAMBALUR,331602,VEPPUR,22,"Private Unaided (Recognized)",5,"HSS (VI-XII)",3,"Higher secondary",3,"B.Ed. or equivalent",0,0,0,0,0,0,0,0,0,0,0,0,1,1,0,0,4,0,6,5,1
2019-20,33,Tamilnadu,3316,PERAMBALUR,331604,PERAMBALUR,22,"Private Unaided (Recognized)",5,"HSS (VI-XII)",3,"Higher secondary",3,"B.Ed. or equivalent",0,0,0,0,0,0,0,0,0,0,0,0,0,0,0,0,2,3,5,2,3
2019-20,33,Tamilnadu,3316,PERAMBALUR,331602,VEPPUR,22,"Private Unaided (Recognized)",5,"HSS (VI-XII)",3,"Higher secondary",4,"M.Ed. or equivalent",0,0,0,0,0,0,0,0,0,0,0,0,0,0,0,0,2,0,2,2,0
2019-20,33,Tamilnadu,3316,PERAMBALUR,331602,VEPPUR,22,"Private Unaided (Recognized)",5,"HSS (VI-XII)",3,"Higher secondary",5,Others,0,0,0,0,0,0,0,0,0,0,0,0,0,0,0,0,1,1,2,1,1
2019-20,33,Tamilnadu,3316,PERAMBALUR,331602,VEPPUR,22,"Private Unaided (Recognized)",7,"SS (VI-X)",4,Graduate,1,"Diploma or certificate in basic teachers training of a duration not less than two years",0,0,0,0,0,0,0,0,0,0,0,1,0,0,0,0,0,0,1,0,1
2019-20,33,Tamilnadu,3316,PERAMBALUR,331602,VEPPUR,22,"Private Unaided (Recognized)",1,"PS (I-V)",4,Graduate,3,"B.Ed. or equivalent",0,0,0,0,0,7,0,0,0,0,0,0,0,0,0,0,0,0,7,0,7
2019-20,33,Tamilnadu,3316,PERAMBALUR,331602,VEPPUR,22,"Private Unaided (Recognized)",2,"UPS (I-VIII)",4,Graduate,3,"B.Ed. or equivalent",0,0,0,0,0,2,0,1,0,0,0,0,0,0,0,0,0,0,3,0,3
2019-20,33,Tamilnadu,3316,PERAMBALUR,331602,VEPPUR,22,"Private Unaided (Recognized)",3,"HSS (I-XII)",4,Graduate,3,"B.Ed. or equivalent",0,2,0,0,0,24,0,1,2,6,2,0,0,0,0,0,0,0,37,4,33
2019-20,33,Tamilnadu,3316,PERAMBALUR,331606,ALATHUR,22,"Private Unaided (Recognized)",4,"UPS (VI-VIII)",4,Graduate,3,"B.Ed. or equivalent",0,0,0,0,0,0,0,0,0,1,0,0,0,0,0,0,0,0,1,0,1
2019-20,33,Tamilnadu,3316,PERAMBALUR,331602,VEPPUR,22,"Private Unaided (Recognized)",5,"HSS (VI-XII)",4,Graduate,3,"B.Ed. or equivalent",0,0,0,0,0,0,0,0,0,1,4,1,1,0,1,0,1,0,9,7,2
2019-20,33,Tamilnadu,3316,PERAMBALUR,331603,VEPPANTHATTAI,22,"Private Unaided (Recognized)",5,"HSS (VI-XII)",4,Graduate,3,"B.Ed. or equivalent",0,0,0,0,0,0,0,0,0,2,1,1,3,0,0,0,1,0,8,5,3
2019-20,33,Tamilnadu,3316,PERAMBALUR,331604,PERAMBALUR,22,"Private Unaided (Recognized)",5,"HSS (VI-XII)",4,Graduate,3,"B.Ed. or equivalent",0,0,0,0,0,0,0,0,0,0,3,0,1,10,0,0,3,0,17,7,10
2019-20,33,Tamilnadu,3316,PERAMBALUR,331606,ALATHUR,22,"Private Unaided (Recognized)",5,"HSS (VI-XII)",4,Graduate,3,"B.Ed. or equivalent",0,0,0,0,0,0,0,0,0,0,0,1,7,6,1,0,0,0,15,8,7
2019-20,33,Tamilnadu,3316,PERAMBALUR,331602,VEPPUR,22,"Private Unaided (Recognized)",7,"SS (VI-X)",4,Graduate,3,"B.Ed. or equivalent",0,0,0,0,0,0,0,0,1,4,0,0,0,2,0,0,0,0,7,1,6
2019-20,33,Tamilnadu,3316,PERAMBALUR,331606,ALATHUR,22,"Private Unaided (Recognized)",7,"SS (VI-X)",4,Graduate,3,"B.Ed. or equivalent",0,0,0,0,0,0,0,0,0,0,0,4,0,0,0,0,0,0,4,0,4
2019-20,33,Tamilnadu,3316,PERAMBALUR,331604,PERAMBALUR,22,"Private Unaided (Recognized)",5,"HSS (VI-XII)",4,Graduate,4,"M.Ed. or equivalent",0,0,0,0,0,0,0,0,0,0,0,0,0,1,0,0,0,0,1,0,1
2019-20,33,Tamilnadu,3316,PERAMBALUR,331602,VEPPUR,22,"Private Unaided (Recognized)",3,"HSS (I-XII)",4,Graduate,5,Others,0,1,0,0,0,1,0,0,0,0,0,0,0,0,0,0,0,0,2,0,2
2019-20,33,Tamilnadu,3316,PERAMBALUR,331606,ALATHUR,22,"Private Unaided (Recognized)",7,"SS (VI-X)",4,Graduate,5,Others,0,0,0,0,0,0,0,0,0,0,0,1,0,0,0,0,0,0,1,0,1
2019-20,33,Tamilnadu,3316,PERAMBALUR,331602,VEPPUR,22,"Private Unaided (Recognized)",1,"PS (I-V)",4,Graduate,6,None,0,0,0,0,0,1,0,0,0,0,0,0,0,0,0,0,0,0,1,0,1
2019-20,33,Tamilnadu,3316,PERAMBALUR,331602,VEPPUR,22,"Private Unaided (Recognized)",3,"HSS (I-XII)",4,Graduate,6,None,0,0,0,0,0,1,0,0,0,0,0,0,1,0,1,0,0,0,3,2,1
2019-20,33,Tamilnadu,3316,PERAMBALUR,331604,PERAMBALUR,22,"Private Unaided (Recognized)",5,"HSS (VI-XII)",4,Graduate,6,None,0,0,0,0,0,0,0,0,0,0,0,0,0,0,0,0,1,0,1,1,0
2019-20,33,Tamilnadu,3316,PERAMBALUR,331602,VEPPUR,22,"Private Unaided (Recognized)",7,"SS (VI-X)",4,Graduate,6,None,0,0,0,0,0,0,0,0,1,0,0,0,0,0,0,0,0,0,1,1,0
2019-20,33,Tamilnadu,3316,PERAMBALUR,331602,VEPPUR,22,"Private Unaided (Recognized)",1,"PS (I-V)",5,"Post graduate",1,"Diploma or certificate in basic teachers training of a duration not less than two years",0,0,0,0,0,3,0,0,0,0,0,0,0,0,0,0,0,0,3,0,3
2019-20,33,Tamilnadu,3316,PERAMBALUR,331604,PERAMBALUR,22,"Private Unaided (Recognized)",5,"HSS (VI-XII)",5,"Post graduate",1,"Diploma or certificate in basic teachers training of a duration not less than two years",0,0,0,0,0,0,0,0,0,0,0,0,0,1,0,0,0,0,1,0,1
2019-20,33,Tamilnadu,3316,PERAMBALUR,331602,VEPPUR,22,"Private Unaided (Recognized)",1,"PS (I-V)",5,"Post graduate",3,"B.Ed. or equivalent",0,0,0,0,0,11,0,0,0,0,0,0,0,0,0,0,0,0,11,0,11
2019-20,33,Tamilnadu,3316,PERAMBALUR,331602,VEPPUR,22,"Private Unaided (Recognized)",2,"UPS (I-VIII)",5,"Post graduate",3,"B.Ed. or equivalent",0,0,0,0,0,2,0,4,0,1,0,0,0,0,0,0,0,0,7,0,7
2019-20,33,Tamilnadu,3316,PERAMBALUR,331602,VEPPUR,22,"Private Unaided (Recognized)",3,"HSS (I-XII)",5,"Post graduate",3,"B.Ed. or equivalent",0,1,0,0,2,20,0,0,10,8,3,5,5,2,3,1,2,1,63,25,38
2019-20,33,Tamilnadu,3316,PERAMBALUR,331606,ALATHUR,22,"Private Unaided (Recognized)",4,"UPS (VI-VIII)",5,"Post graduate",3,"B.Ed. or equivalent",0,0,0,0,0,0,0,0,1,0,0,0,0,0,0,0,0,0,1,1,0
2019-20,33,Tamilnadu,3316,PERAMBALUR,331602,VEPPUR,22,"Private Unaided (Recognized)",5,"HSS (VI-XII)",5,"Post graduate",3,"B.Ed. or equivalent",0,0,0,0,0,0,0,0,0,0,1,0,1,1,0,0,9,3,15,11,4
2019-20,33,Tamilnadu,3316,PERAMBALUR,331603,VEPPANTHATTAI,22,"Private Unaided (Recognized)",5,"HSS (VI-XII)",5,"Post graduate",3,"B.Ed. or equivalent",0,0,0,0,0,0,0,0,0,1,0,2,3,5,3,1,21,3,39,27,12
2019-20,33,Tamilnadu,3316,PERAMBALUR,331604,PERAMBALUR,22,"Private Unaided (Recognized)",5,"HSS (VI-XII)",5,"Post graduate",3,"B.Ed. or equivalent",0,0,0,0,0,0,0,0,0,4,0,0,10,19,1,0,18,14,66,29,37
2019-20,33,Tamilnadu,3316,PERAMBALUR,331606,ALATHUR,22,"Private Unaided (Recognized)",5,"HSS (VI-XII)",5,"Post graduate",3,"B.Ed. or equivalent",0,0,0,0,0,0,0,0,1,0,0,0,7,12,3,1,17,2,43,28,15
2019-20,33,Tamilnadu,3316,PERAMBALUR,331602,VEPPUR,22,"Private Unaided (Recognized)",7,"SS (VI-X)",5,"Post graduate",3,"B.Ed. or equivalent",0,0,0,0,0,0,0,0,1,4,0,0,0,2,0,0,0,0,7,1,6
2019-20,33,Tamilnadu,3316,PERAMBALUR,331606,ALATHUR,22,"Private Unaided (Recognized)",7,"SS (VI-X)",5,"Post graduate",3,"B.Ed. or equivalent",0,0,0,0,0,0,0,0,0,0,3,5,0,0,0,0,0,0,8,3,5
2019-20,33,Tamilnadu,3316,PERAMBALUR,331602,VEPPUR,22,"Private Unaided (Recognized)",3,"HSS (I-XII)",5,"Post graduate",4,"M.Ed. or equivalent",0,0,0,0,0,0,0,0,0,0,1,0,2,0,0,0,1,0,4,4,0
2019-20,33,Tamilnadu,3316,PERAMBALUR,331603,VEPPANTHATTAI,22,"Private Unaided (Recognized)",5,"HSS (VI-XII)",5,"Post graduate",4,"M.Ed. or equivalent",0,0,0,0,0,0,0,0,0,0,0,0,0,0,0,0,2,1,3,2,1
2019-20,33,Tamilnadu,3316,PERAMBALUR,331604,PERAMBALUR,22,"Private Unaided (Recognized)",5,"HSS (VI-XII)",5,"Post graduate",4,"M.Ed. or equivalent",0,0,0,0,0,0,0,0,0,0,0,0,2,0,0,0,2,1,5,4,1
2019-20,33,Tamilnadu,3316,PERAMBALUR,331606,ALATHUR,22,"Private Unaided (Recognized)",5,"HSS (VI-XII)",5,"Post graduate",4,"M.Ed. or equivalent",0,0,0,0,0,0,0,0,0,0,0,0,0,0,0,0,0,1,1,0,1
2019-20,33,Tamilnadu,3316,PERAMBALUR,331602,VEPPUR,22,"Private Unaided (Recognized)",7,"SS (VI-X)",5,"Post graduate",4,"M.Ed. or equivalent",0,0,0,0,0,0,0,0,0,1,0,0,0,0,0,0,0,0,1,0,1
2019-20,33,Tamilnadu,3316,PERAMBALUR,331606,ALATHUR,22,"Private Unaided (Recognized)",5,"HSS (VI-XII)",5,"Post graduate",5,Others,0,0,0,0,0,0,0,0,0,0,0,0,0,0,0,0,0,1,1,0,1
2019-20,33,Tamilnadu,3316,PERAMBALUR,331602,VEPPUR,22,"Private Unaided (Recognized)",1,"PS (I-V)",5,"Post graduate",6,None,0,0,0,0,0,1,0,0,0,0,0,0,0,0,0,0,0,0,1,0,1
2019-20,33,Tamilnadu,3316,PERAMBALUR,331602,VEPPUR,22,"Private Unaided (Recognized)",3,"HSS (I-XII)",5,"Post graduate",6,None,0,0,0,0,0,1,0,0,0,0,0,0,0,0,0,0,0,0,1,0,1
2019-20,33,Tamilnadu,3316,PERAMBALUR,331603,VEPPANTHATTAI,22,"Private Unaided (Recognized)",5,"HSS (VI-XII)",5,"Post graduate",6,None,0,0,0,0,0,0,0,0,0,0,0,0,0,0,1,0,0,0,1,1,0
2019-20,33,Tamilnadu,3316,PERAMBALUR,331604,PERAMBALUR,22,"Private Unaided (Recognized)",5,"HSS (VI-XII)",5,"Post graduate",6,None,0,0,0,0,0,0,0,0,0,2,0,0,0,2,0,0,1,0,5,1,4
2019-20,33,Tamilnadu,3316,PERAMBALUR,331602,VEPPUR,22,"Private Unaided (Recognized)",7,"SS (VI-X)",5,"Post graduate",6,None,0,0,0,0,0,0,0,0,0,0,1,0,0,0,0,0,0,0,1,1,0
2019-20,33,Tamilnadu,3316,PERAMBALUR,331603,VEPPANTHATTAI,22,"Private Unaided (Recognized)",5,"HSS (VI-XII)",6,M.Phil,3,"B.Ed. or equivalent",0,0,0,0,0,0,0,0,0,0,0,0,0,0,0,0,3,0,3,3,0
2019-20,33,Tamilnadu,3316,PERAMBALUR,331604,PERAMBALUR,22,"Private Unaided (Recognized)",5,"HSS (VI-XII)",6,M.Phil,3,"B.Ed. or equivalent",0,0,0,0,0,0,0,0,1,0,0,1,5,0,0,0,8,7,22,14,8
2019-20,33,Tamilnadu,3316,PERAMBALUR,331606,ALATHUR,22,"Private Unaided (Recognized)",5,"HSS (VI-XII)",6,M.Phil,3,"B.Ed. or equivalent",0,0,0,0,0,0,0,0,0,0,0,0,2,1,1,0,7,1,12,10,2
2019-20,33,Tamilnadu,3316,PERAMBALUR,331606,ALATHUR,22,"Private Unaided (Recognized)",7,"SS (VI-X)",6,M.Phil,3,"B.Ed. or equivalent",0,0,0,0,0,0,0,0,1,0,0,0,0,0,0,0,0,0,1,1,0
2019-20,33,Tamilnadu,3316,PERAMBALUR,331603,VEPPANTHATTAI,22,"Private Unaided (Recognized)",5,"HSS (VI-XII)",6,M.Phil,4,"M.Ed. or equivalent",0,0,0,0,0,0,0,0,0,0,0,0,0,0,0,0,0,1,1,0,1
2019-20,33,Tamilnadu,3316,PERAMBALUR,331604,PERAMBALUR,22,"Private Unaided (Recognized)",5,"HSS (VI-XII)",6,M.Phil,4,"M.Ed. or equivalent",0,0,0,0,0,0,0,0,0,0,0,0,0,0,1,0,2,0,3,3,0
2019-20,33,Tamilnadu,3316,PERAMBALUR,331606,ALATHUR,22,"Private Unaided (Recognized)",5,"HSS (VI-XII)",6,M.Phil,4,"M.Ed. or equivalent",0,0,0,0,0,0,0,0,0,1,0,0,0,0,0,0,0,0,1,0,1
2019-20,33,Tamilnadu,3316,PERAMBALUR,331602,VEPPUR,22,"Private Unaided (Recognized)",3,"HSS (I-XII)",6,M.Phil,5,Others,0,0,0,0,0,0,0,0,0,0,0,0,1,0,0,0,0,0,1,1,0
2019-20,33,Tamilnadu,3316,PERAMBALUR,331603,VEPPANTHATTAI,22,"Private Unaided (Recognized)",5,"HSS (VI-XII)",6,M.Phil,6,None,0,0,0,0,0,0,0,0,0,0,0,0,0,0,0,0,1,0,1,1,0
2019-20,33,Tamilnadu,3316,PERAMBALUR,331604,PERAMBALUR,22,"Private Unaided (Recognized)",5,"HSS (VI-XII)",6,M.Phil,6,None,0,0,0,0,0,0,0,0,0,0,0,0,0,1,0,0,0,0,1,0,1
2019-20,33,Tamilnadu,3316,PERAMBALUR,331606,ALATHUR,22,"Private Unaided (Recognized)",5,"HSS (VI-XII)",6,M.Phil,6,None,0,0,0,0,0,0,0,0,0,0,0,0,0,0,0,0,0,1,1,0,1
2019-20,33,Tamilnadu,3316,PERAMBALUR,331602,VEPPUR,22,"Private Unaided (Recognized)",3,"HSS (I-XII)",8,"Post Doctoral",3,"B.Ed. or equivalent",0,0,0,0,0,1,0,0,0,0,0,0,0,0,0,0,0,0,1,0,1
2019-20,33,Tamilnadu,3316,PERAMBALUR,331606,ALATHUR,23,"Private Unaided (Recognized)",6,"SS (I-X)",1,"Below Secondary",3,"B.Ed. or equivalent",0,0,0,0,0,0,0,0,0,0,0,0,0,1,0,0,0,0,1,0,1
2019-20,33,Tamilnadu,3316,PERAMBALUR,331603,VEPPANTHATTAI,23,"Private Unaided (Recognized)",3,"HSS (I-XII)",1,"Below Secondary",6,None,0,0,0,0,0,0,0,0,0,0,0,0,0,0,0,0,0,1,1,0,1
2019-20,33,Tamilnadu,3316,PERAMBALUR,331602,VEPPUR,23,"Private Unaided (Recognized)",3,"HSS (I-XII)",3,"Higher secondary",1,"Diploma or certificate in basic teachers training of a duration not less than two years",0,1,0,0,0,0,0,0,0,0,0,0,0,0,0,0,0,0,1,0,1
2019-20,33,Tamilnadu,3316,PERAMBALUR,331603,VEPPANTHATTAI,23,"Private Unaided (Recognized)",3,"HSS (I-XII)",3,"Higher secondary",1,"Diploma or certificate in basic teachers training of a duration not less than two years",0,0,0,0,0,1,0,0,0,0,0,0,0,0,0,0,0,0,1,0,1
2019-20,33,Tamilnadu,3316,PERAMBALUR,331603,VEPPANTHATTAI,23,"Private Unaided (Recognized)",6,"SS (I-X)",3,"Higher secondary",1,"Diploma or certificate in basic teachers training of a duration not less than two years",0,0,0,0,0,1,0,0,0,0,0,0,0,0,0,0,0,0,1,0,1
2019-20,33,Tamilnadu,3316,PERAMBALUR,331604,PERAMBALUR,23,"Private Unaided (Recognized)",6,"SS (I-X)",3,"Higher secondary",1,"Diploma or certificate in basic teachers training of a duration not less than two years",0,0,0,0,0,0,1,0,0,0,0,0,0,0,0,0,0,0,1,1,0
2019-20,33,Tamilnadu,3316,PERAMBALUR,331606,ALATHUR,23,"Private Unaided (Recognized)",3,"HSS (I-XII)",3,"Higher secondary",4,"M.Ed. or equivalent",0,0,0,0,0,0,0,0,0,0,0,0,0,0,0,0,0,1,1,0,1
2019-20,33,Tamilnadu,3316,PERAMBALUR,331602,VEPPUR,23,"Private Unaided (Recognized)",3,"HSS (I-XII)",4,Graduate,1,"Diploma or certificate in basic teachers training of a duration not less than two years",0,1,0,0,0,4,0,0,0,0,0,0,0,0,0,0,0,0,5,0,5
2019-20,33,Tamilnadu,3316,PERAMBALUR,331603,VEPPANTHATTAI,23,"Private Unaided (Recognized)",3,"HSS (I-XII)",4,Graduate,1,"Diploma or certificate in basic teachers training of a duration not less than two years",0,0,0,0,0,2,0,2,0,0,0,0,0,0,0,0,0,0,4,0,4
2019-20,33,Tamilnadu,3316,PERAMBALUR,331604,PERAMBALUR,23,"Private Unaided (Recognized)",3,"HSS (I-XII)",4,Graduate,1,"Diploma or certificate in basic teachers training of a duration not less than two years",0,0,0,2,0,6,0,2,0,0,0,0,0,1,0,1,0,0,12,0,12
2019-20,33,Tamilnadu,3316,PERAMBALUR,331606,ALATHUR,23,"Private Unaided (Recognized)",3,"HSS (I-XII)",4,Graduate,1,"Diploma or certificate in basic teachers training of a duration not less than two years",0,1,0,1,0,2,0,0,0,0,0,0,0,0,0,0,0,0,4,0,4
2019-20,33,Tamilnadu,3316,PERAMBALUR,331603,VEPPANTHATTAI,23,"Private Unaided (Recognized)",6,"SS (I-X)",4,Graduate,1,"Diploma or certificate in basic teachers training of a duration not less than two years",0,0,0,0,0,2,0,0,0,0,0,0,0,1,0,0,0,0,3,0,3
2019-20,33,Tamilnadu,3316,PERAMBALUR,331604,PERAMBALUR,23,"Private Unaided (Recognized)",6,"SS (I-X)",4,Graduate,1,"Diploma or certificate in basic teachers training of a duration not less than two years",0,0,0,0,0,0,0,2,0,1,0,0,0,0,0,0,0,0,3,0,3
2019-20,33,Tamilnadu,3316,PERAMBALUR,331606,ALATHUR,23,"Private Unaided (Recognized)",6,"SS (I-X)",4,Graduate,1,"Diploma or certificate in basic teachers training of a duration not less than two years",0,0,0,0,2,5,0,0,0,0,0,0,0,0,0,0,0,0,7,2,5
2019-20,33,Tamilnadu,3316,PERAMBALUR,331602,VEPPUR,23,"Private Unaided (Recognized)",3,"HSS (I-XII)",4,Graduate,3,"B.Ed. or equivalent",0,2,0,0,1,10,0,1,0,0,0,0,0,0,0,0,0,0,14,1,13
2019-20,33,Tamilnadu,3316,PERAMBALUR,331603,VEPPANTHATTAI,23,"Private Unaided (Recognized)",3,"HSS (I-XII)",4,Graduate,3,"B.Ed. or equivalent",0,0,0,0,0,7,0,4,0,1,0,3,2,1,0,0,1,1,20,3,17
2019-20,33,Tamilnadu,3316,PERAMBALUR,331604,PERAMBALUR,23,"Private Unaided (Recognized)",3,"HSS (I-XII)",4,Graduate,3,"B.Ed. or equivalent",0,1,0,1,1,20,1,15,0,6,1,1,2,6,1,3,0,1,60,6,54
2019-20,33,Tamilnadu,3316,PERAMBALUR,331606,ALATHUR,23,"Private Unaided (Recognized)",3,"HSS (I-XII)",4,Graduate,3,"B.Ed. or equivalent",0,5,0,0,1,16,0,4,1,1,0,0,0,0,0,0,0,0,28,2,26
2019-20,33,Tamilnadu,3316,PERAMBALUR,331602,VEPPUR,23,"Private Unaided (Recognized)",6,"SS (I-X)",4,Graduate,3,"B.Ed. or equivalent",0,0,0,0,0,2,0,1,0,0,0,0,0,0,0,0,0,0,3,0,3
2019-20,33,Tamilnadu,3316,PERAMBALUR,331603,VEPPANTHATTAI,23,"Private Unaided (Recognized)",6,"SS (I-X)",4,Graduate,3,"B.Ed. or equivalent",0,0,0,0,1,9,0,3,0,3,0,2,1,1,0,0,0,0,20,2,18
2019-20,33,Tamilnadu,3316,PERAMBALUR,331604,PERAMBALUR,23,"Private Unaided (Recognized)",6,"SS (I-X)",4,Graduate,3,"B.Ed. or equivalent",0,0,0,0,0,5,1,3,0,0,1,3,0,2,0,0,0,0,15,2,13
2019-20,33,Tamilnadu,3316,PERAMBALUR,331606,ALATHUR,23,"Private Unaided (Recognized)",6,"SS (I-X)",4,Graduate,3,"B.Ed. or equivalent",0,0,0,0,0,3,0,3,0,0,0,1,0,3,0,0,0,0,10,0,10
2019-20,33,Tamilnadu,3316,PERAMBALUR,331604,PERAMBALUR,23,"Private Unaided (Recognized)",3,"HSS (I-XII)",4,Graduate,4,"M.Ed. or equivalent",0,0,0,0,0,0,0,0,0,0,0,0,0,1,0,0,0,0,1,0,1
2019-20,33,Tamilnadu,3316,PERAMBALUR,331602,VEPPUR,23,"Private Unaided (Recognized)",3,"HSS (I-XII)",4,Graduate,5,Others,0,1,0,0,0,0,0,1,0,0,0,0,0,0,0,0,0,0,2,0,2
2019-20,33,Tamilnadu,3316,PERAMBALUR,331603,VEPPANTHATTAI,23,"Private Unaided (Recognized)",3,"HSS (I-XII)",4,Graduate,5,Others,0,0,0,0,0,1,0,0,0,0,0,0,0,0,0,0,0,0,1,0,1
2019-20,33,Tamilnadu,3316,PERAMBALUR,331604,PERAMBALUR,23,"Private Unaided (Recognized)",3,"HSS (I-XII)",4,Graduate,5,Others,1,0,0,0,1,1,0,0,0,1,0,1,0,0,0,0,0,0,5,2,3
2019-20,33,Tamilnadu,3316,PERAMBALUR,331604,PERAMBALUR,23,"Private Unaided (Recognized)",6,"SS (I-X)",4,Graduate,5,Others,0,0,0,0,0,1,1,1,0,0,0,0,0,1,0,0,0,0,4,1,3
2019-20,33,Tamilnadu,3316,PERAMBALUR,331602,VEPPUR,23,"Private Unaided (Recognized)",3,"HSS (I-XII)",4,Graduate,6,None,0,0,0,0,0,0,1,0,0,0,0,0,0,0,0,0,0,0,1,1,0
2019-20,33,Tamilnadu,3316,PERAMBALUR,331603,VEPPANTHATTAI,23,"Private Unaided (Recognized)",3,"HSS (I-XII)",4,Graduate,6,None,0,0,0,0,0,3,1,0,0,0,0,0,0,0,0,0,0,0,4,1,3
2019-20,33,Tamilnadu,3316,PERAMBALUR,331604,PERAMBALUR,23,"Private Unaided (Recognized)",3,"HSS (I-XII)",4,Graduate,6,None,0,0,0,0,0,1,0,2,0,0,0,1,0,1,1,0,0,0,6,1,5
2019-20,33,Tamilnadu,3316,PERAMBALUR,331606,ALATHUR,23,"Private Unaided (Recognized)",3,"HSS (I-XII)",4,Graduate,6,None,0,0,0,0,0,1,0,0,0,0,0,0,0,0,0,0,0,0,1,0,1
2019-20,33,Tamilnadu,3316,PERAMBALUR,331603,VEPPANTHATTAI,23,"Private Unaided (Recognized)",6,"SS (I-X)",4,Graduate,6,None,0,0,0,0,0,0,0,1,0,0,0,0,0,0,0,0,0,0,1,0,1
2019-20,33,Tamilnadu,3316,PERAMBALUR,331604,PERAMBALUR,23,"Private Unaided (Recognized)",6,"SS (I-X)",4,Graduate,6,None,0,0,0,0,0,0,0,1,1,0,0,0,1,1,0,0,0,0,4,2,2
2019-20,33,Tamilnadu,3316,PERAMBALUR,331603,VEPPANTHATTAI,23,"Private Unaided (Recognized)",3,"HSS (I-XII)",5,"Post graduate",1,"Diploma or certificate in basic teachers training of a duration not less than two years",0,0,0,0,0,1,0,1,0,0,0,0,0,1,0,0,0,0,3,0,3
2019-20,33,Tamilnadu,3316,PERAMBALUR,331604,PERAMBALUR,23,"Private Unaided (Recognized)",3,"HSS (I-XII)",5,"Post graduate",1,"Diploma or certificate in basic teachers training of a duration not less than two years",0,0,0,0,0,2,0,1,0,0,0,0,0,0,0,1,0,0,4,0,4
2019-20,33,Tamilnadu,3316,PERAMBALUR,331603,VEPPANTHATTAI,23,"Private Unaided (Recognized)",6,"SS (I-X)",5,"Post graduate",1,"Diploma or certificate in basic teachers training of a duration not less than two years",0,0,0,0,0,0,0,1,0,0,0,0,0,1,0,0,0,0,2,0,2
2019-20,33,Tamilnadu,3316,PERAMBALUR,331604,PERAMBALUR,23,"Private Unaided (Recognized)",6,"SS (I-X)",5,"Post graduate",1,"Diploma or certificate in basic teachers training of a duration not less than two years",0,0,0,0,0,1,0,0,0,0,0,0,0,0,0,0,0,0,1,0,1
2019-20,33,Tamilnadu,3316,PERAMBALUR,331602,VEPPUR,23,"Private Unaided (Recognized)",3,"HSS (I-XII)",5,"Post graduate",3,"B.Ed. or equivalent",0,2,0,0,1,12,2,5,2,1,1,0,1,2,3,1,0,1,34,10,24
2019-20,33,Tamilnadu,3316,PERAMBALUR,331603,VEPPANTHATTAI,23,"Private Unaided (Recognized)",3,"HSS (I-XII)",5,"Post graduate",3,"B.Ed. or equivalent",0,0,0,0,0,3,0,8,1,6,1,3,4,6,1,3,13,2,51,20,31
2019-20,33,Tamilnadu,3316,PERAMBALUR,331604,PERAMBALUR,23,"Private Unaided (Recognized)",3,"HSS (I-XII)",5,"Post graduate",3,"B.Ed. or equivalent",1,3,0,0,0,30,1,26,1,18,0,1,10,16,6,10,33,24,180,52,128
2019-20,33,Tamilnadu,3316,PERAMBALUR,331606,ALATHUR,23,"Private Unaided (Recognized)",3,"HSS (I-XII)",5,"Post graduate",3,"B.Ed. or equivalent",0,1,0,0,2,9,0,2,1,3,0,1,0,4,5,5,3,0,36,11,25
2019-20,33,Tamilnadu,3316,PERAMBALUR,331602,VEPPUR,23,"Private Unaided (Recognized)",6,"SS (I-X)",5,"Post graduate",3,"B.Ed. or equivalent",0,0,0,0,0,0,0,0,0,2,0,0,1,0,0,0,0,0,3,1,2
2019-20,33,Tamilnadu,3316,PERAMBALUR,331603,VEPPANTHATTAI,23,"Private Unaided (Recognized)",6,"SS (I-X)",5,"Post graduate",3,"B.Ed. or equivalent",0,0,0,0,0,1,0,4,0,2,0,2,4,4,0,0,0,0,17,4,13
2019-20,33,Tamilnadu,3316,PERAMBALUR,331604,PERAMBALUR,23,"Private Unaided (Recognized)",6,"SS (I-X)",5,"Post graduate",3,"B.Ed. or equivalent",0,0,0,0,0,4,1,8,0,2,0,5,8,18,0,0,0,0,46,9,37
2019-20,33,Tamilnadu,3316,PERAMBALUR,331606,ALATHUR,23,"Private Unaided (Recognized)",6,"SS (I-X)",5,"Post graduate",3,"B.Ed. or equivalent",0,0,0,0,0,2,0,2,0,1,0,0,0,1,0,0,0,0,6,0,6
2019-20,33,Tamilnadu,3316,PERAMBALUR,331602,VEPPUR,23,"Private Unaided (Recognized)",3,"HSS (I-XII)",5,"Post graduate",4,"M.Ed. or equivalent",0,0,0,0,0,0,0,1,0,0,2,0,0,0,0,0,0,0,3,2,1
2019-20,33,Tamilnadu,3316,PERAMBALUR,331603,VEPPANTHATTAI,23,"Private Unaided (Recognized)",3,"HSS (I-XII)",5,"Post graduate",4,"M.Ed. or equivalent",0,0,0,0,0,0,0,0,0,0,0,0,2,0,1,0,2,2,7,5,2
2019-20,33,Tamilnadu,3316,PERAMBALUR,331604,PERAMBALUR,23,"Private Unaided (Recognized)",3,"HSS (I-XII)",5,"Post graduate",4,"M.Ed. or equivalent",0,0,0,0,0,1,0,0,0,1,0,0,0,1,0,0,5,1,9,5,4
2019-20,33,Tamilnadu,3316,PERAMBALUR,331606,ALATHUR,23,"Private Unaided (Recognized)",3,"HSS (I-XII)",5,"Post graduate",4,"M.Ed. or equivalent",0,0,0,0,0,0,0,0,0,0,0,0,0,0,1,0,1,0,2,2,0
2019-20,33,Tamilnadu,3316,PERAMBALUR,331602,VEPPUR,23,"Private Unaided (Recognized)",6,"SS (I-X)",5,"Post graduate",4,"M.Ed. or equivalent",0,0,0,0,0,0,0,0,0,1,1,0,0,0,0,0,0,0,2,1,1
2019-20,33,Tamilnadu,3316,PERAMBALUR,331603,VEPPANTHATTAI,23,"Private Unaided (Recognized)",6,"SS (I-X)",5,"Post graduate",4,"M.Ed. or equivalent",0,0,0,0,0,0,0,0,0,0,1,2,1,0,0,0,0,0,4,2,2
2019-20,33,Tamilnadu,3316,PERAMBALUR,331604,PERAMBALUR,23,"Private Unaided (Recognized)",6,"SS (I-X)",5,"Post graduate",4,"M.Ed. or equivalent",0,0,0,0,0,0,0,2,0,0,0,1,1,0,0,0,0,0,4,1,3
2019-20,33,Tamilnadu,3316,PERAMBALUR,331602,VEPPUR,23,"Private Unaided (Recognized)",3,"HSS (I-XII)",5,"Post graduate",5,Others,0,0,0,0,0,1,0,1,0,0,0,0,0,0,0,0,0,0,2,0,2
2019-20,33,Tamilnadu,3316,PERAMBALUR,331603,VEPPANTHATTAI,23,"Private Unaided (Recognized)",3,"HSS (I-XII)",5,"Post graduate",5,Others,0,0,0,0,0,0,0,0,0,0,0,0,0,1,0,0,0,0,1,0,1
2019-20,33,Tamilnadu,3316,PERAMBALUR,331604,PERAMBALUR,23,"Private Unaided (Recognized)",3,"HSS (I-XII)",5,"Post graduate",5,Others,0,0,0,0,0,2,0,2,0,0,0,0,0,0,0,1,0,2,7,0,7
2019-20,33,Tamilnadu,3316,PERAMBALUR,331603,VEPPANTHATTAI,23,"Private Unaided (Recognized)",3,"HSS (I-XII)",5,"Post graduate",6,None,0,0,0,0,0,0,0,1,0,1,0,0,0,0,0,1,0,0,3,0,3
2019-20,33,Tamilnadu,3316,PERAMBALUR,331604,PERAMBALUR,23,"Private Unaided (Recognized)",3,"HSS (I-XII)",5,"Post graduate",6,None,0,0,0,0,0,0,1,0,0,0,0,0,0,1,0,2,0,1,5,1,4
2019-20,33,Tamilnadu,3316,PERAMBALUR,331606,ALATHUR,23,"Private Unaided (Recognized)",3,"HSS (I-XII)",5,"Post graduate",6,None,0,0,0,0,0,0,0,0,1,0,0,0,0,0,0,0,0,0,1,1,0
2019-20,33,Tamilnadu,3316,PERAMBALUR,331602,VEPPUR,23,"Private Unaided (Recognized)",6,"SS (I-X)",5,"Post graduate",6,None,0,0,0,0,0,2,0,0,0,0,0,0,0,0,0,0,0,0,2,0,2
2019-20,33,Tamilnadu,3316,PERAMBALUR,331603,VEPPANTHATTAI,23,"Private Unaided (Recognized)",6,"SS (I-X)",5,"Post graduate",6,None,0,0,0,0,0,0,0,1,0,0,0,0,0,0,0,0,0,0,1,0,1
2019-20,33,Tamilnadu,3316,PERAMBALUR,331602,VEPPUR,23,"Private Unaided (Recognized)",3,"HSS (I-XII)",6,M.Phil,3,"B.Ed. or equivalent",0,0,0,0,0,0,0,1,0,1,0,0,0,0,1,2,0,0,5,1,4
2019-20,33,Tamilnadu,3316,PERAMBALUR,331603,VEPPANTHATTAI,23,"Private Unaided (Recognized)",3,"HSS (I-XII)",6,M.Phil,3,"B.Ed. or equivalent",0,0,0,0,1,0,0,0,0,1,0,0,1,0,0,1,2,1,7,4,3
2019-20,33,Tamilnadu,3316,PERAMBALUR,331604,PERAMBALUR,23,"Private Unaided (Recognized)",3,"HSS (I-XII)",6,M.Phil,3,"B.Ed. or equivalent",0,0,0,0,0,1,1,11,0,0,0,1,4,4,5,7,13,3,50,23,27
2019-20,33,Tamilnadu,3316,PERAMBALUR,331606,ALATHUR,23,"Private Unaided (Recognized)",3,"HSS (I-XII)",6,M.Phil,3,"B.Ed. or equivalent",0,0,0,0,0,1,0,2,0,0,0,0,0,1,2,1,0,0,7,2,5
2019-20,33,Tamilnadu,3316,PERAMBALUR,331603,VEPPANTHATTAI,23,"Private Unaided (Recognized)",6,"SS (I-X)",6,M.Phil,3,"B.Ed. or equivalent",0,0,0,0,0,0,0,0,0,0,0,0,1,0,0,0,0,0,1,1,0
2019-20,33,Tamilnadu,3316,PERAMBALUR,331604,PERAMBALUR,23,"Private Unaided (Recognized)",6,"SS (I-X)",6,M.Phil,3,"B.Ed. or equivalent",0,0,0,0,0,0,0,0,0,0,0,3,1,5,0,0,0,0,9,1,8
2019-20,33,Tamilnadu,3316,PERAMBALUR,331606,ALATHUR,23,"Private Unaided (Recognized)",6,"SS (I-X)",6,M.Phil,3,"B.Ed. or equivalent",0,0,0,0,0,1,0,0,0,0,0,0,0,0,0,0,0,0,1,0,1
2019-20,33,Tamilnadu,3316,PERAMBALUR,331603,VEPPANTHATTAI,23,"Private Unaided (Recognized)",3,"HSS (I-XII)",6,M.Phil,4,"M.Ed. or equivalent",0,0,0,0,0,0,0,0,0,0,0,0,0,0,0,0,0,1,1,0,1
2019-20,33,Tamilnadu,3316,PERAMBALUR,331604,PERAMBALUR,23,"Private Unaided (Recognized)",3,"HSS (I-XII)",6,M.Phil,4,"M.Ed. or equivalent",0,0,0,0,0,0,0,0,0,0,0,0,2,0,1,0,5,1,9,8,1
2019-20,33,Tamilnadu,3316,PERAMBALUR,331604,PERAMBALUR,23,"Private Unaided (Recognized)",6,"SS (I-X)",6,M.Phil,5,Others,0,0,0,0,0,1,0,0,0,0,0,0,0,0,0,0,0,0,1,0,1
2019-20,33,Tamilnadu,3316,PERAMBALUR,331603,VEPPANTHATTAI,23,"Private Unaided (Recognized)",3,"HSS (I-XII)",6,M.Phil,6,None,0,0,0,0,0,0,0,0,0,0,0,0,0,0,0,1,0,0,1,0,1
2019-20,33,Tamilnadu,3316,PERAMBALUR,331604,PERAMBALUR,23,"Private Unaided (Recognized)",3,"HSS (I-XII)",6,M.Phil,6,None,0,0,0,0,0,2,0,1,0,0,0,0,0,0,0,1,0,0,4,0,4
2019-20,33,Tamilnadu,3316,PERAMBALUR,331603,VEPPANTHATTAI,24,"Private Unaided (Recognized)",1,"PS (I-V)",1,"Below Secondary",1,"Diploma or certificate in basic teachers training of a duration not less than two years",0,0,0,0,0,1,0,0,0,0,0,0,0,0,0,0,0,0,1,0,1
2019-20,33,Tamilnadu,3316,PERAMBALUR,331604,PERAMBALUR,24,"Private Unaided (Recognized)",1,"PS (I-V)",1,"Below Secondary",5,Others,0,0,0,0,0,1,0,0,0,0,0,0,0,0,0,0,0,0,1,0,1
2019-20,33,Tamilnadu,3316,PERAMBALUR,331602,VEPPUR,24,"Private Unaided (Recognized)",1,"PS (I-V)",1,"Below Secondary",6,None,0,0,0,0,1,1,0,0,0,0,0,0,0,0,0,0,0,0,2,1,1
2019-20,33,Tamilnadu,3316,PERAMBALUR,331604,PERAMBALUR,24,"Private Unaided (Recognized)",1,"PS (I-V)",1,"Below Secondary",6,None,0,0,0,0,1,0,0,0,0,0,0,0,0,0,0,0,0,0,1,1,0
2019-20,33,Tamilnadu,3316,PERAMBALUR,331602,VEPPUR,24,"Private Unaided (Recognized)",1,"PS (I-V)",3,"Higher secondary",1,"Diploma or certificate in basic teachers training of a duration not less than two years",0,0,0,0,0,3,0,0,0,0,0,0,0,0,0,0,0,0,3,0,3
2019-20,33,Tamilnadu,3316,PERAMBALUR,331603,VEPPANTHATTAI,24,"Private Unaided (Recognized)",1,"PS (I-V)",3,"Higher secondary",1,"Diploma or certificate in basic teachers training of a duration not less than two years",0,0,0,0,0,1,0,0,0,0,0,0,0,0,0,0,0,0,1,0,1
2019-20,33,Tamilnadu,3316,PERAMBALUR,331604,PERAMBALUR,24,"Private Unaided (Recognized)",1,"PS (I-V)",3,"Higher secondary",1,"Diploma or certificate in basic teachers training of a duration not less than two years",0,0,0,0,0,6,0,0,0,0,0,0,0,0,0,0,0,0,6,0,6
2019-20,33,Tamilnadu,3316,PERAMBALUR,331602,VEPPUR,24,"Private Unaided (Recognized)",1,"PS (I-V)",4,Graduate,1,"Diploma or certificate in basic teachers training of a duration not less than two years",0,0,0,0,1,7,0,0,0,0,0,0,0,0,0,0,0,0,8,1,7
2019-20,33,Tamilnadu,3316,PERAMBALUR,331603,VEPPANTHATTAI,24,"Private Unaided (Recognized)",1,"PS (I-V)",4,Graduate,1,"Diploma or certificate in basic teachers training of a duration not less than two years",0,0,0,0,1,17,0,0,0,0,0,0,0,0,0,0,0,0,18,1,17
2019-20,33,Tamilnadu,3316,PERAMBALUR,331604,PERAMBALUR,24,"Private Unaided (Recognized)",1,"PS (I-V)",4,Graduate,1,"Diploma or certificate in basic teachers training of a duration not less than two years",0,0,0,0,0,19,0,0,0,0,0,0,0,0,0,0,0,0,19,0,19
2019-20,33,Tamilnadu,3316,PERAMBALUR,331606,ALATHUR,24,"Private Unaided (Recognized)",1,"PS (I-V)",4,Graduate,1,"Diploma or certificate in basic teachers training of a duration not less than two years",0,0,0,0,0,5,0,0,0,0,0,0,0,0,0,0,0,0,5,0,5
2019-20,33,Tamilnadu,3316,PERAMBALUR,331602,VEPPUR,24,"Private Unaided (Recognized)",1,"PS (I-V)",4,Graduate,3,"B.Ed. or equivalent",0,0,0,0,4,39,0,0,0,0,0,0,0,0,0,0,0,0,43,4,39
2019-20,33,Tamilnadu,3316,PERAMBALUR,331603,VEPPANTHATTAI,24,"Private Unaided (Recognized)",1,"PS (I-V)",4,Graduate,3,"B.Ed. or equivalent",0,0,0,0,1,40,0,0,0,0,0,0,0,0,0,0,0,0,41,1,40
2019-20,33,Tamilnadu,3316,PERAMBALUR,331604,PERAMBALUR,24,"Private Unaided (Recognized)",1,"PS (I-V)",4,Graduate,3,"B.Ed. or equivalent",0,0,0,2,3,52,0,0,0,0,0,0,0,0,0,0,0,0,57,3,54
2019-20,33,Tamilnadu,3316,PERAMBALUR,331606,ALATHUR,24,"Private Unaided (Recognized)",1,"PS (I-V)",4,Graduate,3,"B.Ed. or equivalent",0,0,0,0,3,23,0,0,0,0,0,0,0,0,0,0,0,0,26,3,23
2019-20,33,Tamilnadu,3316,PERAMBALUR,331602,VEPPUR,24,"Private Unaided (Recognized)",1,"PS (I-V)",4,Graduate,4,"M.Ed. or equivalent",0,0,0,0,0,1,0,0,0,0,0,0,0,0,0,0,0,0,1,0,1
2019-20,33,Tamilnadu,3316,PERAMBALUR,331604,PERAMBALUR,24,"Private Unaided (Recognized)",1,"PS (I-V)",4,Graduate,4,"M.Ed. or equivalent",0,0,0,0,0,1,0,0,0,0,0,0,0,0,0,0,0,0,1,0,1
2019-20,33,Tamilnadu,3316,PERAMBALUR,331602,VEPPUR,24,"Private Unaided (Recognized)",1,"PS (I-V)",4,Graduate,6,None,0,0,0,0,1,7,0,0,0,0,0,0,0,0,0,0,0,0,8,1,7
2019-20,33,Tamilnadu,3316,PERAMBALUR,331603,VEPPANTHATTAI,24,"Private Unaided (Recognized)",1,"PS (I-V)",4,Graduate,6,None,0,0,0,0,0,2,0,0,0,0,0,0,0,0,0,0,0,0,2,0,2
2019-20,33,Tamilnadu,3316,PERAMBALUR,331604,PERAMBALUR,24,"Private Unaided (Recognized)",1,"PS (I-V)",4,Graduate,6,None,0,0,0,0,1,11,0,0,0,0,0,0,0,0,0,0,0,0,12,1,11
2019-20,33,Tamilnadu,3316,PERAMBALUR,331606,ALATHUR,24,"Private Unaided (Recognized)",1,"PS (I-V)",4,Graduate,6,None,0,0,0,0,0,1,0,0,0,0,0,0,0,0,0,0,0,0,1,0,1
2019-20,33,Tamilnadu,3316,PERAMBALUR,331602,VEPPUR,24,"Private Unaided (Recognized)",1,"PS (I-V)",5,"Post graduate",1,"Diploma or certificate in basic teachers training of a duration not less than two years",0,0,0,0,0,3,0,0,0,0,0,0,0,0,0,0,0,0,3,0,3
2019-20,33,Tamilnadu,3316,PERAMBALUR,331603,VEPPANTHATTAI,24,"Private Unaided (Recognized)",1,"PS (I-V)",5,"Post graduate",1,"Diploma or certificate in basic teachers training of a duration not less than two years",0,0,0,0,0,1,0,0,0,0,0,0,0,0,0,0,0,0,1,0,1
2019-20,33,Tamilnadu,3316,PERAMBALUR,331604,PERAMBALUR,24,"Private Unaided (Recognized)",1,"PS (I-V)",5,"Post graduate",1,"Diploma or certificate in basic teachers training of a duration not less than two years",0,0,0,0,1,11,0,0,0,0,0,0,0,0,0,0,0,0,12,1,11
2019-20,33,Tamilnadu,3316,PERAMBALUR,331606,ALATHUR,24,"Private Unaided (Recognized)",1,"PS (I-V)",5,"Post graduate",1,"Diploma or certificate in basic teachers training of a duration not less than two years",0,0,0,0,0,1,0,0,0,0,0,0,0,0,0,0,0,0,1,0,1
2019-20,33,Tamilnadu,3316,PERAMBALUR,331602,VEPPUR,24,"Private Unaided (Recognized)",1,"PS (I-V)",5,"Post graduate",3,"B.Ed. or equivalent",0,0,0,0,2,29,0,0,0,0,0,0,0,0,0,0,0,0,31,2,29
2019-20,33,Tamilnadu,3316,PERAMBALUR,331603,VEPPANTHATTAI,24,"Private Unaided (Recognized)",1,"PS (I-V)",5,"Post graduate",3,"B.Ed. or equivalent",0,0,0,0,1,29,0,0,0,0,0,0,0,0,0,0,0,0,30,1,29
2019-20,33,Tamilnadu,3316,PERAMBALUR,331604,PERAMBALUR,24,"Private Unaided (Recognized)",1,"PS (I-V)",5,"Post graduate",3,"B.Ed. or equivalent",0,0,0,1,4,74,0,0,0,0,0,0,0,0,0,0,0,0,79,4,75
2019-20,33,Tamilnadu,3316,PERAMBALUR,331606,ALATHUR,24,"Private Unaided (Recognized)",1,"PS (I-V)",5,"Post graduate",3,"B.Ed. or equivalent",0,0,0,0,0,11,0,0,0,0,0,0,0,0,0,0,0,0,11,0,11
2019-20,33,Tamilnadu,3316,PERAMBALUR,331602,VEPPUR,24,"Private Unaided (Recognized)",1,"PS (I-V)",5,"Post graduate",4,"M.Ed. or equivalent",0,0,0,0,0,1,0,0,0,0,0,0,0,0,0,0,0,0,1,0,1
2019-20,33,Tamilnadu,3316,PERAMBALUR,331604,PERAMBALUR,24,"Private Unaided (Recognized)",1,"PS (I-V)",5,"Post graduate",4,"M.Ed. or equivalent",0,0,0,0,0,3,0,0,0,0,0,0,0,0,0,0,0,0,3,0,3
2019-20,33,Tamilnadu,3316,PERAMBALUR,331603,VEPPANTHATTAI,24,"Private Unaided (Recognized)",1,"PS (I-V)",5,"Post graduate",5,Others,0,0,0,0,0,1,0,0,0,0,0,0,0,0,0,0,0,0,1,0,1
2019-20,33,Tamilnadu,3316,PERAMBALUR,331604,PERAMBALUR,24,"Private Unaided (Recognized)",1,"PS (I-V)",5,"Post graduate",5,Others,0,0,0,2,0,3,0,0,0,0,0,0,0,0,0,0,0,0,5,0,5
2019-20,33,Tamilnadu,3316,PERAMBALUR,331606,ALATHUR,24,"Private Unaided (Recognized)",1,"PS (I-V)",5,"Post graduate",5,Others,0,0,0,0,0,1,0,0,0,0,0,0,0,0,0,0,0,0,1,0,1
2019-20,33,Tamilnadu,3316,PERAMBALUR,331602,VEPPUR,24,"Private Unaided (Recognized)",1,"PS (I-V)",5,"Post graduate",6,None,0,0,0,0,0,2,0,0,0,0,0,0,0,0,0,0,0,0,2,0,2
2019-20,33,Tamilnadu,3316,PERAMBALUR,331603,VEPPANTHATTAI,24,"Private Unaided (Recognized)",1,"PS (I-V)",5,"Post graduate",6,None,0,0,0,0,0,2,0,0,0,0,0,0,0,0,0,0,0,0,2,0,2
2019-20,33,Tamilnadu,3316,PERAMBALUR,331604,PERAMBALUR,24,"Private Unaided (Recognized)",1,"PS (I-V)",5,"Post graduate",6,None,0,0,0,0,0,4,0,0,0,0,0,0,0,0,0,0,0,0,4,0,4
2019-20,33,Tamilnadu,3316,PERAMBALUR,331602,VEPPUR,24,"Private Unaided (Recognized)",1,"PS (I-V)",6,M.Phil,3,"B.Ed. or equivalent",0,0,0,0,0,1,0,0,0,0,0,0,0,0,0,0,0,0,1,0,1
2019-20,33,Tamilnadu,3316,PERAMBALUR,331603,VEPPANTHATTAI,24,"Private Unaided (Recognized)",1,"PS (I-V)",6,M.Phil,3,"B.Ed. or equivalent",0,0,0,0,0,1,0,0,0,0,0,0,0,0,0,0,0,0,1,0,1
2019-20,33,Tamilnadu,3316,PERAMBALUR,331604,PERAMBALUR,24,"Private Unaided (Recognized)",1,"PS (I-V)",6,M.Phil,3,"B.Ed. or equivalent",0,0,0,0,0,4,0,0,0,0,0,0,0,0,0,0,0,0,4,0,4
2019-20,33,Tamilnadu,3316,PERAMBALUR,331606,ALATHUR,24,"Private Unaided (Recognized)",1,"PS (I-V)",6,M.Phil,3,"B.Ed. or equivalent",0,0,0,0,1,3,0,0,0,0,0,0,0,0,0,0,0,0,4,1,3
2019-20,33,Tamilnadu,3316,PERAMBALUR,331604,PERAMBALUR,24,"Private Unaided (Recognized)",1,"PS (I-V)",6,M.Phil,5,Others,0,0,0,0,0,1,0,0,0,0,0,0,0,0,0,0,0,0,1,0,1
2019-20,33,Tamilnadu,3316,PERAMBALUR,331602,VEPPUR,24,"Private Unaided (Recognized)",1,"PS (I-V)",6,M.Phil,6,None,0,0,0,0,0,1,0,0,0,0,0,0,0,0,0,0,0,0,1,0,1
2019-20,33,Tamilnadu,3316,PERAMBALUR,331604,PERAMBALUR,24,"Private Unaided (Recognized)",1,"PS (I-V)",6,M.Phil,6,None,0,0,0,0,0,1,0,0,0,0,0,0,0,0,0,0,0,0,1,0,1
2019-20,33,Tamilnadu,3316,PERAMBALUR,331602,VEPPUR,24,"Private Unaided (Recognized)",1,"PS (I-V)",8,"Post Doctoral",3,"B.Ed. or equivalent",0,0,0,0,0,1,0,0,0,0,0,0,0,0,0,0,0,0,1,0,1
2019-20,33,Tamilnadu,3316,PERAMBALUR,331604,PERAMBALUR,25,"Private Unaided (Recognized)",6,"SS (I-X)",4,Graduate,1,"Diploma or certificate in basic teachers training of a duration not less than two years",0,0,0,0,0,0,0,0,0,0,0,1,0,0,0,0,0,0,1,0,1
2019-20,33,Tamilnadu,3316,PERAMBALUR,331604,PERAMBALUR,25,"Private Unaided (Recognized)",6,"SS (I-X)",4,Graduate,3,"B.Ed. or equivalent",0,0,0,0,0,1,0,0,0,0,1,0,0,0,0,0,0,0,2,1,1
2019-20,33,Tamilnadu,3316,PERAMBALUR,331604,PERAMBALUR,25,"Private Unaided (Recognized)",6,"SS (I-X)",5,"Post graduate",3,"B.Ed. or equivalent",0,0,0,0,0,1,0,0,0,0,2,0,0,0,0,0,0,0,3,2,1
2019-20,33,Tamilnadu,3316,PERAMBALUR,331604,PERAMBALUR,29,"Private Unaided (Recognized)",3,"HSS (I-XII)",1,"Below Secondary",3,"B.Ed. or equivalent",0,0,0,0,0,0,0,0,0,0,0,0,0,1,0,0,0,0,1,0,1
2019-20,33,Tamilnadu,3316,PERAMBALUR,331604,PERAMBALUR,29,"Private Unaided (Recognized)",3,"HSS (I-XII)",1,"Below Secondary",5,Others,0,0,0,0,0,1,0,0,0,0,0,0,0,0,0,0,0,0,1,0,1
2019-20,33,Tamilnadu,3316,PERAMBALUR,331604,PERAMBALUR,29,"Private Unaided (Recognized)",6,"SS (I-X)",1,"Below Secondary",6,None,0,0,0,0,1,0,0,0,0,0,0,0,0,0,0,0,0,0,1,1,0
2019-20,33,Tamilnadu,3316,PERAMBALUR,331604,PERAMBALUR,29,"Private Unaided (Recognized)",3,"HSS (I-XII)",4,Graduate,1,"Diploma or certificate in basic teachers training of a duration not less than two years",0,0,0,0,0,6,0,1,0,2,0,0,0,0,0,0,0,0,9,0,9
2019-20,33,Tamilnadu,3316,PERAMBALUR,331604,PERAMBALUR,29,"Private Unaided (Recognized)",6,"SS (I-X)",4,Graduate,1,"Diploma or certificate in basic teachers training of a duration not less than two years",0,0,0,0,0,0,0,0,0,1,0,0,0,1,0,0,0,0,2,0,2
2019-20,33,Tamilnadu,3316,PERAMBALUR,331604,PERAMBALUR,29,"Private Unaided (Recognized)",2,"UPS (I-VIII)",4,Graduate,3,"B.Ed. or equivalent",0,0,0,0,0,0,0,0,0,2,0,0,0,0,0,0,0,0,2,0,2
2019-20,33,Tamilnadu,3316,PERAMBALUR,331604,PERAMBALUR,29,"Private Unaided (Recognized)",3,"HSS (I-XII)",4,Graduate,3,"B.Ed. or equivalent",0,0,0,0,0,2,0,1,0,5,0,1,3,2,0,0,0,1,15,3,12
2019-20,33,Tamilnadu,3316,PERAMBALUR,331604,PERAMBALUR,29,"Private Unaided (Recognized)",6,"SS (I-X)",4,Graduate,3,"B.Ed. or equivalent",0,0,0,0,0,0,0,1,0,0,0,0,1,4,0,0,0,0,6,1,5
2019-20,33,Tamilnadu,3316,PERAMBALUR,331606,ALATHUR,29,"Private Unaided (Recognized)",6,"SS (I-X)",4,Graduate,3,"B.Ed. or equivalent",0,0,0,0,0,0,0,0,0,0,0,0,1,0,0,0,0,0,1,1,0
2019-20,33,Tamilnadu,3316,PERAMBALUR,331604,PERAMBALUR,29,"Private Unaided (Recognized)",3,"HSS (I-XII)",4,Graduate,5,Others,0,0,0,0,0,1,0,0,0,0,0,0,0,0,0,0,0,0,1,0,1
2019-20,33,Tamilnadu,3316,PERAMBALUR,331604,PERAMBALUR,29,"Private Unaided (Recognized)",6,"SS (I-X)",4,Graduate,5,Others,0,0,0,0,0,0,0,0,0,0,0,0,0,2,0,0,0,0,2,0,2
2019-20,33,Tamilnadu,3316,PERAMBALUR,331604,PERAMBALUR,29,"Private Unaided (Recognized)",2,"UPS (I-VIII)",4,Graduate,6,None,0,0,0,0,0,0,0,0,1,1,0,0,0,0,0,0,0,0,2,1,1
2019-20,33,Tamilnadu,3316,PERAMBALUR,331604,PERAMBALUR,29,"Private Unaided (Recognized)",3,"HSS (I-XII)",5,"Post graduate",1,"Diploma or certificate in basic teachers training of a duration not less than two years",0,0,0,0,0,2,0,1,0,0,0,0,0,0,0,0,0,0,3,0,3
2019-20,33,Tamilnadu,3316,PERAMBALUR,331606,ALATHUR,29,"Private Unaided (Recognized)",6,"SS (I-X)",5,"Post graduate",1,"Diploma or certificate in basic teachers training of a duration not less than two years",0,0,0,0,0,1,0,0,0,0,0,0,0,0,0,0,0,0,1,0,1
2019-20,33,Tamilnadu,3316,PERAMBALUR,331604,PERAMBALUR,29,"Private Unaided (Recognized)",2,"UPS (I-VIII)",5,"Post graduate",3,"B.Ed. or equivalent",0,0,0,0,0,0,0,0,0,4,0,0,0,0,0,0,0,0,4,0,4
2019-20,33,Tamilnadu,3316,PERAMBALUR,331604,PERAMBALUR,29,"Private Unaided (Recognized)",3,"HSS (I-XII)",5,"Post graduate",3,"B.Ed. or equivalent",0,0,0,0,0,6,0,5,0,3,0,0,1,11,0,0,0,1,27,1,26
2019-20,33,Tamilnadu,3316,PERAMBALUR,331604,PERAMBALUR,29,"Private Unaided (Recognized)",6,"SS (I-X)",5,"Post graduate",3,"B.Ed. or equivalent",0,0,0,0,0,1,0,1,0,0,0,1,3,15,0,0,0,0,21,3,18
2019-20,33,Tamilnadu,3316,PERAMBALUR,331606,ALATHUR,29,"Private Unaided (Recognized)",6,"SS (I-X)",5,"Post graduate",3,"B.Ed. or equivalent",0,0,0,0,1,1,0,0,0,0,0,0,1,1,0,0,0,0,4,2,2
2019-20,33,Tamilnadu,3316,PERAMBALUR,331604,PERAMBALUR,29,"Private Unaided (Recognized)",2,"UPS (I-VIII)",5,"Post graduate",4,"M.Ed. or equivalent",0,0,0,0,0,0,0,0,0,2,0,0,0,0,0,0,0,0,2,0,2
2019-20,33,Tamilnadu,3316,PERAMBALUR,331604,PERAMBALUR,29,"Private Unaided (Recognized)",3,"HSS (I-XII)",5,"Post graduate",4,"M.Ed. or equivalent",0,0,0,0,0,0,0,0,0,0,0,0,0,1,0,0,0,1,2,0,2
2019-20,33,Tamilnadu,3316,PERAMBALUR,331604,PERAMBALUR,29,"Private Unaided (Recognized)",6,"SS (I-X)",5,"Post graduate",4,"M.Ed. or equivalent",0,0,0,0,0,0,0,1,0,0,0,0,1,2,0,0,0,0,4,1,3
2019-20,33,Tamilnadu,3316,PERAMBALUR,331604,PERAMBALUR,29,"Private Unaided (Recognized)",3,"HSS (I-XII)",5,"Post graduate",5,Others,0,0,0,0,0,0,0,0,0,0,0,0,1,0,0,0,0,0,1,1,0
2019-20,33,Tamilnadu,3316,PERAMBALUR,331604,PERAMBALUR,29,"Private Unaided (Recognized)",6,"SS (I-X)",5,"Post graduate",5,Others,0,0,0,0,0,0,1,0,0,0,0,0,1,0,0,0,0,0,2,2,0
2019-20,33,Tamilnadu,3316,PERAMBALUR,331604,PERAMBALUR,29,"Private Unaided (Recognized)",2,"UPS (I-VIII)",5,"Post graduate",6,None,0,0,0,0,0,0,0,0,0,4,0,0,0,0,0,0,0,0,4,0,4
2019-20,33,Tamilnadu,3316,PERAMBALUR,331604,PERAMBALUR,29,"Private Unaided (Recognized)",3,"HSS (I-XII)",5,"Post graduate",6,None,0,0,0,0,0,0,0,0,0,0,0,0,1,1,0,0,0,0,2,1,1
2019-20,33,Tamilnadu,3316,PERAMBALUR,331604,PERAMBALUR,29,"Private Unaided (Recognized)",6,"SS (I-X)",5,"Post graduate",6,None,0,0,0,0,0,0,0,0,0,0,0,0,2,0,0,0,0,0,2,2,0
2019-20,33,Tamilnadu,3316,PERAMBALUR,331606,ALATHUR,29,"Private Unaided (Recognized)",6,"SS (I-X)",5,"Post graduate",6,None,0,0,0,0,0,2,0,0,0,0,0,0,0,0,0,0,0,0,2,0,2
2019-20,33,Tamilnadu,3316,PERAMBALUR,331604,PERAMBALUR,29,"Private Unaided (Recognized)",2,"UPS (I-VIII)",6,M.Phil,3,"B.Ed. or equivalent",0,0,0,0,0,0,0,0,0,2,0,0,0,0,0,0,0,0,2,0,2
2019-20,33,Tamilnadu,3316,PERAMBALUR,331604,PERAMBALUR,29,"Private Unaided (Recognized)",3,"HSS (I-XII)",6,M.Phil,3,"B.Ed. or equivalent",0,0,0,0,0,0,0,0,0,0,0,1,0,1,1,1,0,2,6,1,5
2019-20,33,Tamilnadu,3316,PERAMBALUR,331604,PERAMBALUR,29,"Private Unaided (Recognized)",6,"SS (I-X)",6,M.Phil,3,"B.Ed. or equivalent",0,0,0,0,0,0,0,0,0,0,0,0,1,2,0,0,0,0,3,1,2
2019-20,33,Tamilnadu,3316,PERAMBALUR,331606,ALATHUR,29,"Private Unaided (Recognized)",6,"SS (I-X)",6,M.Phil,3,"B.Ed. or equivalent",0,0,0,0,1,1,0,0,0,0,0,0,2,0,0,0,0,0,4,3,1
2019-20,33,Tamilnadu,3316,PERAMBALUR,331604,PERAMBALUR,29,"Private Unaided (Recognized)",6,"SS (I-X)",6,M.Phil,4,"M.Ed. or equivalent",0,0,0,0,0,0,0,0,0,0,0,0,0,1,0,0,0,0,1,0,1
2019-20,33,Tamilnadu,3316,PERAMBALUR,331604,PERAMBALUR,29,"Private Unaided (Recognized)",6,"SS (I-X)",6,M.Phil,5,Others,0,0,0,0,0,0,0,0,0,0,0,0,1,1,0,0,0,0,2,1,1
2019-20,33,Tamilnadu,3316,PERAMBALUR,331604,PERAMBALUR,29,"Private Unaided (Recognized)",2,"UPS (I-VIII)",6,M.Phil,6,None,0,0,0,0,0,0,0,0,0,2,0,0,0,0,0,0,0,0,2,0,2
2019-20,33,Tamilnadu,3316,PERAMBALUR,331604,PERAMBALUR,29,"Private Unaided (Recognized)",3,"HSS (I-XII)",7,Ph.D,3,"B.Ed. or equivalent",0,0,0,0,0,0,0,0,0,0,0,0,0,0,0,1,0,0,1,0,1
2019-20,33,Tamilnadu,3316,PERAMBALUR,331604,PERAMBALUR,29,"Private Unaided (Recognized)",3,"HSS (I-XII)",7,Ph.D,6,None,0,0,0,0,0,0,0,0,0,0,0,0,2,0,0,0,0,0,2,2,0
2019-20,33,Tamilnadu,3316,PERAMBALUR,331603,VEPPANTHATTAI,4,"Tribal Welfare Department",1,"PS (I-V)",1,"Below Secondary",3,"B.Ed. or equivalent",0,0,0,0,1,1,0,0,0,0,0,0,0,0,0,0,0,0,2,1,1
2019-20,33,Tamilnadu,3316,PERAMBALUR,331603,VEPPANTHATTAI,4,"Tribal Welfare Department",1,"PS (I-V)",3,"Higher secondary",1,"Diploma or certificate in basic teachers training of a duration not less than two years",0,0,0,0,1,1,0,0,0,0,0,0,0,0,0,0,0,0,2,1,1
2019-20,33,Tamilnadu,3316,PERAMBALUR,331604,PERAMBALUR,4,"Tribal Welfare Department",1,"PS (I-V)",3,"Higher secondary",1,"Diploma or certificate in basic teachers training of a duration not less than two years",0,0,0,0,2,2,0,0,0,0,0,0,0,0,0,0,0,0,4,2,2
2019-20,33,Tamilnadu,3316,PERAMBALUR,331606,ALATHUR,4,"Tribal Welfare Department",1,"PS (I-V)",3,"Higher secondary",1,"Diploma or certificate in basic teachers training of a duration not less than two years",0,0,0,0,0,1,0,0,0,0,0,0,0,0,0,0,0,0,1,0,1
2019-20,33,Tamilnadu,3316,PERAMBALUR,331604,PERAMBALUR,4,"Tribal Welfare Department",7,"SS (VI-X)",3,"Higher secondary",3,"B.Ed. or equivalent",0,0,0,0,0,0,0,0,0,1,0,0,0,0,0,0,0,0,1,0,1
2019-20,33,Tamilnadu,3316,PERAMBALUR,331606,ALATHUR,4,"Tribal Welfare Department",7,"SS (VI-X)",3,"Higher secondary",5,Others,0,0,0,0,0,0,0,0,0,0,0,1,0,0,0,0,0,0,1,0,1
2019-20,33,Tamilnadu,3316,PERAMBALUR,331606,ALATHUR,4,"Tribal Welfare Department",1,"PS (I-V)",4,Graduate,1,"Diploma or certificate in basic teachers training of a duration not less than two years",0,0,0,0,0,2,0,0,0,0,0,0,0,0,0,0,0,0,2,0,2
2019-20,33,Tamilnadu,3316,PERAMBALUR,331602,VEPPUR,4,"Tribal Welfare Department",1,"PS (I-V)",4,Graduate,1,"Diploma or certificate in basic teachers training of a duration not less than two years",0,0,0,0,0,1,0,0,0,0,0,0,0,0,0,0,0,0,1,0,1
2019-20,33,Tamilnadu,3316,PERAMBALUR,331603,VEPPANTHATTAI,4,"Tribal Welfare Department",1,"PS (I-V)",4,Graduate,1,"Diploma or certificate in basic teachers training of a duration not less than two years",0,0,0,0,1,1,0,0,0,0,0,0,0,0,0,0,0,0,2,1,1
2019-20,33,Tamilnadu,3316,PERAMBALUR,331604,PERAMBALUR,4,"Tribal Welfare Department",1,"PS (I-V)",4,Graduate,1,"Diploma or certificate in basic teachers training of a duration not less than two years",0,0,0,0,0,3,0,0,0,0,0,0,0,0,0,0,0,0,3,0,3
2019-20,33,Tamilnadu,3316,PERAMBALUR,331603,VEPPANTHATTAI,4,"Tribal Welfare Department",1,"PS (I-V)",4,Graduate,3,"B.Ed. or equivalent",0,0,0,0,0,2,0,0,0,0,0,0,0,0,0,0,0,0,2,0,2
2019-20,33,Tamilnadu,3316,PERAMBALUR,331604,PERAMBALUR,4,"Tribal Welfare Department",1,"PS (I-V)",4,Graduate,3,"B.Ed. or equivalent",0,0,0,0,1,2,0,0,0,0,0,0,0,0,0,0,0,0,3,1,2
2019-20,33,Tamilnadu,3316,PERAMBALUR,331606,ALATHUR,4,"Tribal Welfare Department",1,"PS (I-V)",4,Graduate,3,"B.Ed. or equivalent",0,0,0,0,0,2,0,0,0,0,0,0,0,0,0,0,0,0,2,0,2
2019-20,33,Tamilnadu,3316,PERAMBALUR,331604,PERAMBALUR,4,"Tribal Welfare Department",5,"HSS (VI-XII)",4,Graduate,3,"B.Ed. or equivalent",0,0,0,0,0,0,0,0,0,0,0,1,0,0,0,0,0,0,1,0,1
2019-20,33,Tamilnadu,3316,PERAMBALUR,331603,VEPPANTHATTAI,4,"Tribal Welfare Department",7,"SS (VI-X)",4,Graduate,3,"B.Ed. or equivalent",0,0,0,0,0,0,0,0,0,1,1,0,0,0,0,0,0,0,2,1,1
2019-20,33,Tamilnadu,3316,PERAMBALUR,331604,PERAMBALUR,4,"Tribal Welfare Department",7,"SS (VI-X)",4,Graduate,3,"B.Ed. or equivalent",0,0,0,0,0,0,0,0,0,0,1,0,0,1,0,0,0,0,2,1,1
2019-20,33,Tamilnadu,3316,PERAMBALUR,331606,ALATHUR,4,"Tribal Welfare Department",7,"SS (VI-X)",4,Graduate,3,"B.Ed. or equivalent",0,0,0,0,0,0,0,0,0,0,0,2,0,0,0,0,0,0,2,0,2
2019-20,33,Tamilnadu,3316,PERAMBALUR,331604,PERAMBALUR,4,"Tribal Welfare Department",7,"SS (VI-X)",4,Graduate,4,"M.Ed. or equivalent",0,0,0,0,0,0,0,0,0,0,1,0,0,0,0,0,0,0,1,1,0
2019-20,33,Tamilnadu,3316,PERAMBALUR,331603,VEPPANTHATTAI,4,"Tribal Welfare Department",1,"PS (I-V)",5,"Post graduate",1,"Diploma or certificate in basic teachers training of a duration not less than two years",0,0,0,0,0,2,0,0,0,0,0,0,0,0,0,0,0,0,2,0,2
2019-20,33,Tamilnadu,3316,PERAMBALUR,331604,PERAMBALUR,4,"Tribal Welfare Department",1,"PS (I-V)",5,"Post graduate",1,"Diploma or certificate in basic teachers training of a duration not less than two years",0,0,0,0,1,3,0,0,0,0,0,0,0,0,0,0,0,0,4,1,3
2019-20,33,Tamilnadu,3316,PERAMBALUR,331606,ALATHUR,4,"Tribal Welfare Department",1,"PS (I-V)",5,"Post graduate",1,"Diploma or certificate in basic teachers training of a duration not less than two years",0,0,0,0,0,4,0,0,0,0,0,0,0,0,0,0,0,0,4,0,4
2019-20,33,Tamilnadu,3316,PERAMBALUR,331604,PERAMBALUR,4,"Tribal Welfare Department",5,"HSS (VI-XII)",5,"Post graduate",1,"Diploma or certificate in basic teachers training of a duration not less than two years",0,0,0,0,0,0,0,0,0,1,0,0,0,0,0,0,0,0,1,0,1
2019-20,33,Tamilnadu,3316,PERAMBALUR,331603,VEPPANTHATTAI,4,"Tribal Welfare Department",1,"PS (I-V)",5,"Post graduate",3,"B.Ed. or equivalent",0,0,0,0,0,2,0,0,0,0,0,0,0,0,0,0,0,0,2,0,2
2019-20,33,Tamilnadu,3316,PERAMBALUR,331604,PERAMBALUR,4,"Tribal Welfare Department",1,"PS (I-V)",5,"Post graduate",3,"B.Ed. or equivalent",0,0,0,0,0,12,0,0,0,0,0,0,0,0,0,0,0,0,12,0,12
2019-20,33,Tamilnadu,3316,PERAMBALUR,331606,ALATHUR,4,"Tribal Welfare Department",1,"PS (I-V)",5,"Post graduate",3,"B.Ed. or equivalent",0,0,0,0,1,3,0,0,0,0,0,0,0,0,0,0,0,0,4,1,3
2019-20,33,Tamilnadu,3316,PERAMBALUR,331604,PERAMBALUR,4,"Tribal Welfare Department",5,"HSS (VI-XII)",5,"Post graduate",3,"B.Ed. or equivalent",0,0,0,0,0,0,0,0,0,0,0,0,2,2,0,0,0,0,4,2,2
2019-20,33,Tamilnadu,3316,PERAMBALUR,331602,VEPPUR,4,"Tribal Welfare Department",7,"SS (VI-X)",5,"Post graduate",3,"B.Ed. or equivalent",0,0,0,0,0,0,0,0,0,0,2,1,0,0,0,0,0,0,3,2,1
2019-20,33,Tamilnadu,3316,PERAMBALUR,331603,VEPPANTHATTAI,4,"Tribal Welfare Department",7,"SS (VI-X)",5,"Post graduate",3,"B.Ed. or equivalent",0,0,0,0,0,0,0,0,0,0,0,0,0,2,0,0,0,0,2,0,2
2019-20,33,Tamilnadu,3316,PERAMBALUR,331604,PERAMBALUR,4,"Tribal Welfare Department",7,"SS (VI-X)",5,"Post graduate",3,"B.Ed. or equivalent",0,0,0,0,0,0,0,0,0,0,5,3,2,3,0,0,0,0,13,7,6
2019-20,33,Tamilnadu,3316,PERAMBALUR,331606,ALATHUR,4,"Tribal Welfare Department",7,"SS (VI-X)",5,"Post graduate",3,"B.Ed. or equivalent",0,0,0,0,0,0,0,0,0,0,4,2,1,0,0,0,0,0,7,5,2
2019-20,33,Tamilnadu,3316,PERAMBALUR,331602,VEPPUR,4,"Tribal Welfare Department",1,"PS (I-V)",5,"Post graduate",4,"M.Ed. or equivalent",0,0,0,0,1,1,0,0,0,0,0,0,0,0,0,0,0,0,2,1,1
2019-20,33,Tamilnadu,3316,PERAMBALUR,331604,PERAMBALUR,4,"Tribal Welfare Department",1,"PS (I-V)",5,"Post graduate",4,"M.Ed. or equivalent",0,0,0,0,0,1,0,0,0,0,0,0,0,0,0,0,0,0,1,0,1
2019-20,33,Tamilnadu,3316,PERAMBALUR,331604,PERAMBALUR,4,"Tribal Welfare Department",5,"HSS (VI-XII)",5,"Post graduate",4,"M.Ed. or equivalent",0,0,0,0,0,0,0,0,0,0,0,0,0,1,0,0,0,0,1,0,1
2019-20,33,Tamilnadu,3316,PERAMBALUR,331602,VEPPUR,4,"Tribal Welfare Department",7,"SS (VI-X)",5,"Post graduate",4,"M.Ed. or equivalent",0,0,0,0,0,0,0,0,0,0,0,0,0,1,0,0,0,0,1,0,1
2019-20,33,Tamilnadu,3316,PERAMBALUR,331603,VEPPANTHATTAI,4,"Tribal Welfare Department",7,"SS (VI-X)",5,"Post graduate",4,"M.Ed. or equivalent",0,0,0,0,0,0,0,0,0,0,0,0,1,0,0,0,0,0,1,1,0
2019-20,33,Tamilnadu,3316,PERAMBALUR,331604,PERAMBALUR,4,"Tribal Welfare Department",7,"SS (VI-X)",5,"Post graduate",4,"M.Ed. or equivalent",0,0,0,0,0,0,0,0,0,0,1,0,1,1,0,0,0,0,3,2,1
2019-20,33,Tamilnadu,3316,PERAMBALUR,331606,ALATHUR,4,"Tribal Welfare Department",7,"SS (VI-X)",5,"Post graduate",4,"M.Ed. or equivalent",0,0,0,0,0,0,0,0,0,0,2,0,0,0,0,0,0,0,2,2,0
2019-20,33,Tamilnadu,3316,PERAMBALUR,331604,PERAMBALUR,4,"Tribal Welfare Department",7,"SS (VI-X)",5,"Post graduate",6,None,0,0,0,0,0,0,0,0,0,0,0,0,1,0,0,0,0,0,1,1,0
2019-20,33,Tamilnadu,3316,PERAMBALUR,331604,PERAMBALUR,4,"Tribal Welfare Department",5,"HSS (VI-XII)",6,M.Phil,3,"B.Ed. or equivalent",0,0,0,0,0,0,0,0,0,1,0,0,0,0,0,0,1,0,2,1,1
2019-20,33,Tamilnadu,3316,PERAMBALUR,331604,PERAMBALUR,4,"Tribal Welfare Department",7,"SS (VI-X)",6,M.Phil,3,"B.Ed. or equivalent",0,0,0,0,0,0,0,0,0,1,2,1,0,0,0,0,0,0,4,2,2
2019-20,33,Tamilnadu,3316,PERAMBALUR,331606,ALATHUR,4,"Tribal Welfare Department",7,"SS (VI-X)",6,M.Phil,3,"B.Ed. or equivalent",0,0,0,0,0,0,0,0,0,0,2,0,0,0,0,0,0,0,2,2,0
2019-20,33,Tamilnadu,3316,PERAMBALUR,331604,PERAMBALUR,4,"Tribal Welfare Department",5,"HSS (VI-XII)",6,M.Phil,4,"M.Ed. or equivalent",0,0,0,0,0,0,0,0,0,0,0,0,1,0,0,0,2,1,4,3,1
2019-20,33,Tamilnadu,3316,PERAMBALUR,331604,PERAMBALUR,4,"Tribal Welfare Department",7,"SS (VI-X)",6,M.Phil,4,"M.Ed. or equivalent",0,0,0,0,0,0,0,0,0,0,0,0,0,1,0,0,0,0,1,0,1
2019-20,33,Tamilnadu,3316,PERAMBALUR,331606,ALATHUR,4,"Tribal Welfare Department",1,"PS (I-V)",7,Ph.D,3,"B.Ed. or equivalent",0,0,0,0,1,0,0,0,0,0,0,0,0,0,0,0,0,0,1,1,0
2019-20,33,Tamilnadu,3316,PERAMBALUR,331604,PERAMBALUR,4,"Tribal Welfare Department",5,"HSS (VI-XII)",7,Ph.D,4,"M.Ed. or equivalent",0,0,0,0,0,0,0,0,0,0,0,0,0,0,1,0,0,0,1,1,0
2019-20,33,Tamilnadu,3316,PERAMBALUR,331603,VEPPANTHATTAI,9,"Tribal Welfare Department",7,"SS (VI-X)",4,Graduate,3,"B.Ed. or equivalent",0,0,0,0,0,0,0,0,1,1,0,0,0,0,0,0,0,0,2,1,1
2019-20,33,Tamilnadu,3316,PERAMBALUR,331602,VEPPUR,35,Unrecognized,1,"PS (I-V)",4,Graduate,3,"B.Ed. or equivalent",0,0,0,0,0,1,0,0,0,0,0,0,0,0,0,0,0,0,1,0,1
2019-20,33,Tamilnadu,3316,PERAMBALUR,331602,VEPPUR,35,Unrecognized,1,"PS (I-V)",4,Graduate,6,None,0,0,0,0,0,3,0,0,0,0,0,0,0,0,0,0,0,0,3,0,3
